flightid,callsign,receivetime,packettime,altitude,vert_rate_ftmin,elapsed_secs,flight_phase,info,raw,bearing,speed_mph,latitude,longitude,temperature_k,pressure_pa,airdensity_slugs,airdensity_kgm3,velocity_x,velocity_y,velocity_z,airflow,acceleration,velocity_mean,acceleration_mean,velocity_std,acceleration_std,velocity_norm,acceleration_norm,velocity_curvefit
EOSS-361,KC0D-2,2024-08-03 08:23:47.340,2024-08-03 08:23:45,28567.0,1472.0,0.0,ascending,/142345h3908.75N/10341.34WO166/050/A=028567 338T3489P EOSS Balloon,"KC0D-2>APZEOS,EOSS,WIDE2-1,qAO,AE0SS-9:/142345h3908.75N/10341.34WO166/050/A=028567 338T3489P EOSS Balloon",166.0,58.0,39.1458333333,-103.689,306.95,34890.0,0.00076833,0.39598231,5.556e-05,-0.0002,24.53333333,high Re,,24.533333,,,,,,24.164557
EOSS-361,AE0SS-4,2024-08-03 08:24:03.756,2024-08-03 08:24:01,28866.0,1474.0,16.0,ascending,/142401h3908.57N/10341.26WO160/052/A=028866 -193T3434P EOSS BALLOON,"AE0SS-4>APZEOS,EOSS,WIDE2-1,qAO,AE0SS-9:/142401h3908.57N/10341.26WO160/052/A=028866 -193T3434P EOSS BALLOON",160.0,60.0,39.1428333333,-103.6876666667,253.85,34340.0,0.00091441,0.47126542,7.222e-05,-0.00019444,24.56666667,high Re,0.001111,24.55,0.001111,0.02357,,0.707114,,24.711677
EOSS-361,AE0SS-2,2024-08-03 08:24:10.796,2024-08-03 08:24:08,29046.0,1478.0,23.0,ascending,/142408h3908.48N/10341.20WO168/051/A=029046 -201T3396P EOSS BALLOON,"AE0SS-2>APZEOS,EOSS,WIDE2-1,qAO,K0SCC-8:/142408h3908.48N/10341.20WO168/051/A=029046 -201T3396P EOSS BALLOON",168.0,59.0,39.1413333333,-103.6866666667,253.05,33960.0,0.00090715,0.46752387,8.333e-05,-0.00019444,24.63333333,high Re,0.002222,24.577778,0.001666,0.050918,0.000786,1.091074,0.707379,24.975223
EOSS-361,KC0D-2,2024-08-03 08:24:17.256,2024-08-03 08:24:15,29331.0,1528.0,30.0,ascending,/142415h3908.41N/10341.17WO147/042/A=029331 334T3379P EOSS Balloon,"KC0D-2>APZEOS,EOSS,WIDE2-1,qAO,K0SCC-8:/142415h3908.41N/10341.17WO147/042/A=029331 334T3379P EOSS Balloon",147.0,48.0,39.1401666667,-103.6861666667,306.55,33790.0,0.00074508,0.38399832,9.444e-05,-0.00018889,25.46666667,high Re,0.027778,24.8,0.01037,0.446385,0.015086,1.493479,1.153918,25.311444
EOSS-361,AE0SS-4,2024-08-03 08:24:36.311,2024-08-03 08:24:31,29651.0,1570.0,46.0,ascending,/142431h3908.24N/10341.05WO147/038/A=029651 -208T3330P EOSS BALLOON,"AE0SS-4>APZEOS,EOSS,WIDE2-1,qAO,AE0SS-10:/142431h3908.24N/10341.05WO147/038/A=029651 -208T3330P EOSS BALLOON",147.0,44.0,39.1373333333,-103.6841666667,252.35,33300.0,0.00089198,0.45970939,0.00011667,-0.00018333,26.16666667,high Re,0.023333,25.073333,0.013611,0.723187,0.013919,1.511827,0.69847,25.595674
EOSS-361,AE0SS-2,2024-08-03 08:24:43.262,2024-08-03 08:24:38,29824.0,1556.0,53.0,ascending,/142438h3908.16N/10340.99WO146/038/A=029824 -214T3285P EOSS BALLOON,"AE0SS-2>APZEOS,EOSS,WIDE2-1,qAO,K0SCC-8:/142438h3908.16N/10340.99WO146/038/A=029824 -214T3285P EOSS BALLOON",146.0,44.0,39.136,-103.6831666667,251.75,32850.0,0.00088203,0.45457793,0.00011667,-0.00017778,25.93333333,high Re,-0.007778,25.216667,0.009333,0.73598,0.015388,0.973758,-1.11197,25.717493
EOSS-361,KC0D-2,2024-08-03 08:24:47.186,2024-08-03 08:24:45,30116.0,1570.0,60.0,ascending,/142445h3908.10N/10340.93WO149/043/A=030116 328T3269P EOSS Balloon,"KC0D-2>APZEOS,EOSS,WIDE2-1,qAO,K0SCC-8:/142445h3908.10N/10340.93WO149/043/A=030116 328T3269P EOSS Balloon",149.0,49.0,39.135,-103.6821666667,305.95,32690.0,0.00072224,0.37222618,0.00013333,-0.00017222,26.16666667,high Re,0.007778,25.352381,0.009074,0.761786,0.013778,1.068917,-0.094063,25.884568
EOSS-361,AE0SS-4,2024-08-03 08:25:03.773,2024-08-03 08:25:01,30442.0,1582.0,76.0,ascending,/142501h3907.93N/10340.78WO155/039/A=030442 -228T3220P EOSS BALLOON,"AE0SS-4>APZEOS,EOSS*,WIDE2-1,qAO,W9CN-9:/142501h3907.93N/10340.78WO155/039/A=030442 -228T3220P EOSS BALLOON",155.0,45.0,39.1321666667,-103.6796666667,250.35,32200.0,0.00086941,0.44807501,0.00015,-0.00017222,26.36666667,high Re,0.006667,25.479167,0.00873,0.791209,0.012611,1.121701,-0.163587,26.028465
EOSS-361,AE0SS-2,2024-08-03 08:25:12.833,2024-08-03 08:25:08,30588.0,1528.0,83.0,ascending,/142508h3907.86N/10340.73WO116/032/A=030588 -236T3181P EOSS BALLOON,"AE0SS-2>APZEOS,EOSS,WIDE2-1,qAO,AE0SS-10:/142508h3907.86N/10340.73WO116/032/A=030588 -236T3181P EOSS BALLOON",116.0,37.0,39.131,-103.6788333333,249.55,31810.0,0.00086163,0.44406704,0.00014444,-0.00016667,25.46666667,high Re,-0.03,25.477778,0.003889,0.74012,0.017995,-0.015013,-1.883245,26.082262
EOSS-361,KC0D-2,2024-08-03 08:25:17.229,2024-08-03 08:25:15,30881.0,1530.0,90.0,ascending,/142515h3907.80N/10340.68WO155/043/A=030881 324T3165P EOSS Balloon,"KC0D-2>APZEOS,EOSS,WIDE2-1,qAO,AE0SS-9:/142515h3907.80N/10340.68WO155/043/A=030881 324T3165P EOSS Balloon",155.0,49.0,39.13,-103.678,305.55,31650.0,0.00070018,0.36085595,0.00013889,-0.00016667,25.5,high Re,0.001111,25.48,0.00358,0.697827,0.016858,0.02866,-0.146459,26.176106
EOSS-361,AE0SS-4,2024-08-03 08:25:36.290,2024-08-03 08:25:31,31216.0,1548.0,106.0,ascending,/142531h3907.62N/10340.55WO159/044/A=031216 -247T3115P EOSS BALLOON,"AE0SS-4>APZEOS,EOSS,WIDE2-1,qAO,AE0SS-10:/142531h3907.62N/10340.55WO159/044/A=031216 -247T3115P EOSS BALLOON",159.0,51.0,39.127,-103.6758333333,248.45,31150.0,0.00084749,0.43677875,0.00012778,-0.00017222,25.8,high Re,0.01,25.509091,0.004222,0.669011,0.016023,0.434834,0.360607,26.267525
EOSS-361,AE0SS-2,2024-08-03 08:25:43.319,2024-08-03 08:25:38,31353.0,1530.0,113.0,ascending,/142538h3907.53N/10340.49WO137/042/A=031353 -250T3085P EOSS BALLOON,"AE0SS-2>APZEOS,EOSS,WIDE2-1,qAO,AE0SS-10:/142538h3907.53N/10340.49WO137/042/A=031353 -250T3085P EOSS BALLOON",137.0,48.0,39.1255,-103.6748333333,248.15,30850.0,0.00084034,0.43309517,0.00013333,-0.00018333,25.5,high Re,-0.01,25.508333,0.002929,0.637882,0.015794,-0.013064,-0.818602,26.301728
EOSS-361,KC0D-2,2024-08-03 08:25:47.275,2024-08-03 08:25:45,31629.0,1496.0,120.0,ascending,/142545h3907.47N/10340.44WO151/045/A=031629 318T3066P EOSS Balloon,"KC0D-2>APZEOS,EOSS,WIDE2-1,qAO,AE0SS-9:/142545h3907.47N/10340.44WO151/045/A=031629 318T3066P EOSS Balloon",151.0,52.0,39.1245,-103.674,304.95,30660.0,0.00067961,0.3502563,0.00013333,-0.00018333,24.93333333,high Re,-0.018889,25.464103,0.001111,0.631204,0.016323,-0.840885,-1.225265,26.367119
EOSS-361,AE0SS-4,2024-08-03 08:26:03.917,2024-08-03 08:26:01,31985.0,1538.0,136.0,ascending,/142601h3907.31N/10340.32WO165/033/A=031985 -264T3013P EOSS BALLOON,"AE0SS-4>APZEOS,EOSS,WIDE2-1,qAO,K0BRA-6:/142601h3907.31N/10340.32WO165/033/A=031985 -264T3013P EOSS BALLOON",165.0,38.0,39.1218333333,-103.672,246.75,30130.0,0.00082539,0.4253872,0.00012778,-0.00017222,25.63333333,high Re,0.023333,25.47619,0.00282,0.608126,0.0168,0.258406,1.221012,26.447328
EOSS-361,AE0SS-2,2024-08-03 08:26:10.781,2024-08-03 08:26:08,32145.0,1584.0,143.0,ascending,/142608h3907.23N/10340.26WO148/038/A=032145 -270T2977P EOSS BALLOON,"AE0SS-2>APZEOS,EOSS,WIDE2-1,qAO,K0SCC-8:/142608h3907.23N/10340.26WO148/038/A=032145 -270T2977P EOSS BALLOON",148.0,44.0,39.1205,-103.671,246.15,29770.0,0.00081751,0.42132909,0.00012778,-0.00016667,26.4,high Re,0.025556,25.537778,0.004444,0.63269,0.017246,1.362787,1.224168,26.48254
EOSS-361,KC0D-2,2024-08-03 08:26:17.303,2024-08-03 08:26:15,32440.0,1622.0,150.0,ascending,/142615h3907.16N/10340.22WO149/050/A=032440 314T2960P EOSS Balloon,"KC0D-2>APZEOS,EOSS,WIDE2-1,qAO,AE0SS-9:/142615h3907.16N/10340.22WO149/050/A=032440 314T2960P EOSS Balloon",149.0,58.0,39.1193333333,-103.6703333333,304.55,29600.0,0.00065698,0.33859111,0.00012222,-0.00017222,27.03333333,high Re,0.021111,25.63125,0.005556,0.716521,0.017167,1.956793,0.906099,26.546641
EOSS-361,AE0SS-4,2024-08-03 08:26:36.309,2024-08-03 08:26:31,32765.0,1560.0,166.0,ascending,/142631h3906.98N/10340.12WO154/038/A=032765 -278T2913P EOSS BALLOON,"AE0SS-4>APZEOS,EOSS,WIDE2-1,qAO,AE0SS-10:/142631h3906.98N/10340.12WO154/038/A=032765 -278T2913P EOSS BALLOON",154.0,44.0,39.1163333333,-103.6686666667,245.35,29130.0,0.00080255,0.41361556,0.00011111,-0.00018333,26.0,high Re,-0.034444,25.652941,0.003056,0.69951,0.019366,0.496146,-1.936383,26.616114
EOSS-361,AE0SS-2,2024-08-03 08:26:43.361,2024-08-03 08:26:38,32982.0,1674.0,173.0,ascending,/142638h3906.88N/10340.05WO151/050/A=032982 -288T2869P EOSS BALLOON,"AE0SS-2>APZEOS,EOSS,WIDE2-1,qAO,K0SCC-8:/142638h3906.88N/10340.05WO151/050/A=032982 -288T2869P EOSS BALLOON",151.0,58.0,39.1146666667,-103.6675,244.35,28690.0,0.00079366,0.40903517,0.00011667,-0.00019444,27.9,high Re,0.063333,25.777778,0.006601,0.86084,0.023777,2.465292,2.386003,26.661603
EOSS-361,KC0D-2,2024-08-03 08:26:47.277,2024-08-03 08:26:45,33263.0,1646.0,180.0,ascending,/142645h3906.80N/10340.01WO153/048/A=033263 307T2857P EOSS Balloon,"KC0D-2>APZEOS,EOSS,WIDE2-1,qAO,K0SCC-8:/142645h3906.80N/10340.01WO153/048/A=033263 307T2857P EOSS Balloon",153.0,55.0,39.1133333333,-103.6668333333,303.85,28570.0,0.00063558,0.32756195,0.00011667,-0.0002,27.43333333,high Re,-0.015556,25.864912,0.00537,0.918767,0.023651,1.707094,-0.884783,26.71891
EOSS-361,AE0SS-4,2024-08-03 08:27:03.751,2024-08-03 08:27:01,33605.0,1680.0,196.0,ascending,/142701h3906.63N/10339.87WO156/056/A=033605 -300T2809P EOSS BALLOON,"AE0SS-4>APZEOS,EOSS,WIDE2-1,qAO,AE0SS-10:/142701h3906.63N/10339.87WO156/056/A=033605 -300T2809P EOSS BALLOON",156.0,64.0,39.1105,-103.6645,243.15,28090.0,0.0007809,0.4024574,0.00013889,-0.00019444,28.0,high Re,0.018889,25.971667,0.006082,1.013723,0.023193,2.000875,0.552192,26.78512
EOSS-361,AE0SS-2,2024-08-03 08:27:13.328,2024-08-03 08:27:08,33818.0,1672.0,203.0,ascending,/142708h3906.55N/10339.79WO136/044/A=033818 -310T2763P EOSS BALLOON,"AE0SS-2>APZEOS,EOSS,WIDE2-1,qAO,AE0SS-10:/142708h3906.55N/10339.79WO136/044/A=033818 -310T2763P EOSS BALLOON",136.0,51.0,39.1091666667,-103.6631666667,242.15,27630.0,0.00077128,0.39750158,0.00014444,-0.00018333,27.86666667,high Re,-0.004444,26.061905,0.005556,1.071099,0.022697,1.684963,-0.440587,26.823713
EOSS-361,KC0D-2,2024-08-03 08:27:17.321,2024-08-03 08:27:15,34119.0,1712.0,210.0,ascending,/142715h3906.48N/10339.75WO153/047/A=034119 303T2752P EOSS Balloon,"KC0D-2>APZEOS,EOSS,WIDE2-1,qAO,AE0SS-10:/142715h3906.48N/10339.75WO153/047/A=034119 303T2752P EOSS Balloon",153.0,54.0,39.108,-103.6625,303.45,27520.0,0.00061302,0.31593936,0.00014444,-0.00017778,28.53333333,high Re,0.022222,26.174242,0.006349,1.17058,0.022419,2.015318,0.708016,26.873847
EOSS-361,AE0SS-4,2024-08-03 08:27:36.298,2024-08-03 08:27:31,34449.0,1688.0,226.0,ascending,/142731h3906.30N/10339.60WO159/053/A=034449 -322T2709P EOSS BALLOON,"AE0SS-4>APZEOS,EOSS,WIDE2-1,qAO,AE0SS-10:/142731h3906.30N/10339.60WO159/053/A=034449 -322T2709P EOSS BALLOON",159.0,61.0,39.105,-103.66,240.95,27090.0,0.00075997,0.3916738,0.00015,-0.00018333,28.13333333,high Re,-0.013333,26.25942,0.005455,1.214432,0.022277,1.543037,-0.843381,26.921679
EOSS-361,AE0SS-2,2024-08-03 08:27:43.365,2024-08-03 08:27:38,34620.0,1604.0,233.0,ascending,/142738h3906.22N/10339.53WO132/036/A=034620 -332T2667P EOSS BALLOON,"AE0SS-2>APZEOS,EOSS,WIDE2-1,qAO,K0BRA-6:/142738h3906.22N/10339.53WO132/036/A=034620 -332T2667P EOSS BALLOON",132.0,41.0,39.1036666667,-103.6588333333,239.95,26670.0,0.00075131,0.38720835,0.00014444,-0.00018333,26.73333333,high Re,-0.046667,26.279167,0.003188,1.19167,0.024328,0.381118,-2.049285,26.943096
EOSS-361,KC0D-2,2024-08-03 08:27:47.279,2024-08-03 08:27:45,34909.0,1580.0,240.0,ascending,/142745h3906.16N/10339.48WO142/042/A=034909 297T2657P EOSS Balloon,"KC0D-2>APZEOS,EOSS,WIDE2-1,qAO,AE0SS-9:/142745h3906.16N/10339.48WO142/042/A=034909 297T2657P EOSS Balloon",142.0,48.0,39.1026666667,-103.658,302.85,26570.0,0.00059303,0.30563735,0.00015,-0.00017778,26.33333333,high Re,-0.013333,26.281333,0.0025,1.16663,0.024031,0.044573,-0.658857,26.973489
EOSS-361,AE0SS-4,2024-08-03 08:28:03.765,2024-08-03 08:28:01,35270.0,1642.0,256.0,ascending,/142801h3906.01N/10339.30WO142/045/A=035270 -341T2612P EOSS BALLOON,"AE0SS-4>APZEOS,EOSS,WIDE2-1,qAO,AE0SS-10:/142801h3906.01N/10339.30WO142/045/A=035270 -341T2612P EOSS BALLOON",142.0,52.0,39.1001666667,-103.655,239.05,26120.0,0.00073858,0.38065091,0.00016667,-0.00016111,27.36666667,high Re,0.034444,26.323077,0.003778,1.162708,0.024377,0.897551,1.257989,27.000371
EOSS-361,AE0SS-2,2024-08-03 08:28:12.813,2024-08-03 08:28:08,35443.0,1646.0,263.0,ascending,/142808h3905.95N/10339.23WO127/054/A=035443 -351T2574P EOSS BALLOON,"AE0SS-2>APZEOS,EOSS,WIDE2-1,qAO,K0BRA-6:/142808h3905.95N/10339.23WO127/054/A=035443 -351T2574P EOSS BALLOON",127.0,62.0,39.0991666667,-103.6538333333,238.05,25740.0,0.0007309,0.37668888,0.00016667,-0.00015,27.43333333,high Re,0.002222,26.364198,0.003718,1.159978,0.023886,0.921686,-0.062631,27.008639
EOSS-361,KC0D-2,2024-08-03 08:28:17.295,2024-08-03 08:28:15,35719.0,1620.0,270.0,ascending,/142815h3905.89N/10339.15WO136/048/A=035719 293T2563P EOSS Balloon,"KC0D-2>APZEOS,EOSS,WIDE2-1,qAO,AE0SS-9:/142815h3905.89N/10339.15WO136/048/A=035719 293T2563P EOSS Balloon",136.0,55.0,39.0981666667,-103.6525,302.45,25630.0,0.00057281,0.29521435,0.00018333,-0.00015,27.0,high Re,-0.014444,26.386905,0.003045,1.144618,0.023682,0.535633,-0.738493,27.015437
EOSS-361,AE0SS-4,2024-08-03 08:28:36.300,2024-08-03 08:28:31,36070.0,1600.0,286.0,ascending,/142831h3905.75N/10338.98WO147/046/A=036070 -358T2521P EOSS BALLOON,"AE0SS-4>APZEOS,EOSS,WIDE2-1,qAO,K0SCC-8:/142831h3905.75N/10338.98WO147/046/A=036070 -358T2521P EOSS BALLOON",147.0,53.0,39.0958333333,-103.6496666667,237.35,25210.0,0.00071796,0.37002073,0.00017778,-0.00014444,26.66666667,high Re,-0.011111,26.396552,0.00254,1.125193,0.023393,0.240061,-0.583551,27.012614
EOSS-361,AE0SS-2,2024-08-03 08:28:43.350,2024-08-03 08:28:38,36241.0,1596.0,293.0,ascending,/142838h3905.67N/10338.89WO124/049/A=036241 -370T2480P EOSS BALLOON,"AE0SS-2>APZEOS,EOSS,WIDE2-1,qAO,AE0SS-9:/142838h3905.67N/10338.89WO124/049/A=036241 -370T2480P EOSS BALLOON",124.0,56.0,39.0945,-103.6481666667,236.15,24800.0,0.00070987,0.36585263,0.00018889,-0.00015556,26.6,high Re,-0.002222,26.403333,0.002375,1.106247,0.022988,0.177779,-0.199974,27.006625
EOSS-361,KC0D-2,2024-08-03 08:28:47.312,2024-08-03 08:28:45,36540.0,1642.0,300.0,ascending,/142845h3905.62N/10338.82WO137/050/A=036540 286T2471P EOSS Balloon,"KC0D-2>APZEOS,EOSS,WIDE2-1,qAO,AE0SS-10:/142845h3905.62N/10338.82WO137/050/A=036540 286T2471P EOSS Balloon",137.0,58.0,39.0936666667,-103.647,301.75,24710.0,0.00055353,0.28527776,0.00018333,-0.00015,27.36666667,high Re,0.025556,26.434409,0.003148,1.101329,0.022981,0.846484,0.975066,26.989093
EOSS-361,AE0SS-4,2024-08-03 08:29:03.856,2024-08-03 08:29:01,36923.0,1706.0,316.0,ascending,/142901h3905.46N/10338.63WO126/039/A=036923 -381T2425P EOSS BALLOON,"AE0SS-4>APZEOS,EOSS,WIDE2-1,qAO,K0SCC-8:/142901h3905.46N/10338.63WO126/039/A=036923 -381T2425P EOSS BALLOON",126.0,45.0,39.091,-103.6438333333,235.05,24250.0,0.00069738,0.35941313,0.00019444,-0.00016111,28.43333333,high Re,0.035556,26.496875,0.004194,1.139589,0.023333,1.69926,1.344105,26.954209
EOSS-361,AE0SS-2,2024-08-03 08:29:13.360,2024-08-03 08:29:08,37074.0,1666.0,323.0,ascending,/142908h3905.40N/10338.54WO133/066/A=037074 -392T2387P EOSS BALLOON,"AE0SS-2>APZEOS,EOSS,WIDE2-1,qAO,K0SCC-8:/142908h3905.40N/10338.54WO133/066/A=037074 -392T2387P EOSS BALLOON",133.0,76.0,39.09,-103.6423333333,233.95,23870.0,0.00068968,0.35544452,0.00019444,-0.00015,27.76666667,high Re,-0.022222,26.535354,0.003368,1.143215,0.023424,1.077061,-1.092469,26.936898
EOSS-361,KC0D-2,2024-08-03 08:29:17.327,2024-08-03 08:29:15,37360.0,1640.0,330.0,ascending,/142915h3905.34N/10338.46WO138/046/A=037360 282T2380P EOSS Balloon,"KC0D-2>APZEOS,EOSS,WIDE2-1,qAO,K0SCC-8:/142915h3905.34N/10338.46WO138/046/A=037360 282T2380P EOSS Balloon",138.0,53.0,39.089,-103.641,301.35,23800.0,0.00053385,0.2751365,0.0002,-0.00015556,27.33333333,high Re,-0.014444,26.558824,0.002828,1.134048,0.023262,0.68296,-0.742498,26.899131
EOSS-361,AE0SS-4,2024-08-03 08:29:36.492,2024-08-03 08:29:31,37681.0,1516.0,346.0,ascending,/142931h3905.19N/10338.25WO129/058/A=037681 -399T2346P EOSS BALLOON,"AE0SS-4>APZEOS,EOSS,WIDE2-1,qAO,K0SCC-8:/142931h3905.19N/10338.25WO129/058/A=037681 -399T2346P EOSS BALLOON",129.0,67.0,39.0865,-103.6375,233.25,23460.0,0.00067986,0.35038766,0.00021111,-0.00015,25.26666667,high Re,-0.068889,26.521905,0.000719,1.138395,0.026,-1.102639,-2.677231,26.849883
EOSS-361,AE0SS-2,2024-08-03 08:29:43.404,2024-08-03 08:29:38,37842.0,1536.0,353.0,ascending,/142938h3905.14N/10338.16WO127/050/A=037842 -409T2310P EOSS BALLOON,"AE0SS-2>APZEOS,EOSS,WIDE2-1,qAO,AE0SS-10:/142938h3905.14N/10338.16WO127/050/A=037842 -409T2310P EOSS BALLOON",127.0,58.0,39.0856666667,-103.636,232.25,23100.0,0.00067231,0.34649638,0.00021111,-0.00014444,25.6,high Re,0.011111,26.496296,0.001016,1.132486,0.025675,-0.791441,0.393184,26.822857
EOSS-361,KC0D-2,2024-08-03 08:29:47.270,2024-08-03 08:29:45,38128.0,1536.0,360.0,ascending,/142945h3905.07N/10338.07WO134/050/A=038128 275T2298P EOSS Balloon,"KC0D-2>APZEOS,EOSS,WIDE2-1,qAO,K0BRA-6:/142945h3905.07N/10338.07WO134/050/A=038128 275T2298P EOSS Balloon",134.0,58.0,39.0845,-103.6345,300.65,22980.0,0.00051666,0.26627553,0.00021667,-0.00015,25.6,high Re,0.0,26.472072,0.000988,1.126327,0.025306,-0.774262,-0.039042,26.77175
EOSS-361,AE0SS-4,2024-08-03 08:30:03.973,2024-08-03 08:30:01,38432.0,1502.0,376.0,ascending,/143001h3904.90N/10337.87WO148/044/A=038432 -409T2262P EOSS BALLOON,"AE0SS-4>APZEOS,EOSS,WIDE2-1,qAO,AE0SS-10:/143001h3904.90N/10337.87WO148/044/A=038432 -409T2262P EOSS BALLOON",148.0,51.0,39.0816666667,-103.6311666667,232.25,22620.0,0.00065834,0.33929646,0.00021111,-0.00016111,25.03333333,high Re,-0.018889,26.434211,0.00045,1.135252,0.025165,-1.233979,-0.768488,26.714156
EOSS-361,AE0SS-2,2024-08-03 08:30:12.902,2024-08-03 08:30:08,38606.0,1528.0,383.0,ascending,/143008h3904.82N/10337.79WO154/059/A=038606 -416T2228P EOSS BALLOON,"AE0SS-2>APZEOS,EOSS,WIDE2-1,qAO,AE0SS-9:/143008h3904.82N/10337.79WO154/059/A=038606 -416T2228P EOSS BALLOON",154.0,68.0,39.0803333333,-103.6298333333,231.55,22280.0,0.00065041,0.33520682,0.00020556,-0.00017778,25.46666667,high Re,0.014444,26.409402,0.000819,1.130878,0.024927,-0.833631,0.546596,26.680205
EOSS-361,KC0D-2,2024-08-03 08:30:17.305,2024-08-03 08:30:15,38860.0,1464.0,390.0,ascending,/143015h3904.74N/10337.72WO142/057/A=038860 270T2222P EOSS Balloon,"KC0D-2>APZEOS,EOSS,WIDE2-1,qAO,AE0SS-9:/143015h3904.74N/10337.72WO142/057/A=038860 270T2222P EOSS Balloon",142.0,66.0,39.079,-103.6286666667,300.15,22220.0,0.0005004,0.25789811,0.00019444,-0.00018333,24.4,high Re,-0.035556,26.359167,-0.000114,1.160619,0.025277,-1.688036,-1.402144,26.630041
EOSS-361,AE0SS-4,2024-08-03 08:30:36.496,2024-08-03 08:30:31,39159.0,1454.0,406.0,ascending,/143031h3904.57N/10337.55WO143/050/A=039159 -415T2192P EOSS BALLOON,"AE0SS-4>APZEOS,EOSS,WIDE2-1,qAO,AE0SS-9:/143031h3904.57N/10337.55WO143/050/A=039159 -415T2192P EOSS BALLOON",143.0,58.0,39.0761666667,-103.6258333333,231.65,21920.0,0.00063962,0.32964819,0.00017778,-0.00018333,24.23333333,high Re,-0.005556,26.307317,-0.00025,1.19314,0.024965,-1.738257,-0.212538,26.571129
EOSS-361,AE0SS-2,2024-08-03 08:30:43.400,2024-08-03 08:30:38,39317.0,1422.0,413.0,ascending,/143038h3904.48N/10337.49WO157/036/A=039317 -422T2154P EOSS BALLOON,"AE0SS-2>APZEOS,EOSS,WIDE2-1,qAO,AE0SS-9:/143038h3904.48N/10337.49WO157/036/A=039317 -422T2154P EOSS BALLOON",157.0,41.0,39.0746666667,-103.6248333333,230.95,21540.0,0.00063044,0.32491531,0.00016667,-0.00018889,23.7,high Re,-0.017778,26.245238,-0.000678,1.24528,0.024803,-2.043908,-0.689433,26.540513
EOSS-361,KC0D-2,2024-08-03 08:30:47.290,2024-08-03 08:30:45,39605.0,1490.0,420.0,ascending,/143045h3904.42N/10337.43WO142/049/A=039605 263T2146P EOSS Balloon,"KC0D-2>APZEOS,EOSS,WIDE2-1,qAO,AE0SS-9:/143045h3904.42N/10337.43WO142/049/A=039605 263T2146P EOSS Balloon",142.0,56.0,39.0736666667,-103.6238333333,299.45,21460.0,0.00048442,0.24965936,0.00016111,-0.00017778,24.83333333,high Re,0.037778,26.212403,0.000238,1.249064,0.025207,-1.104082,1.489269,26.486461
EOSS-361,AE0SS-4,2024-08-03 08:31:04.021,2024-08-03 08:31:01,39974.0,1630.0,436.0,ascending,/143101h3904.24N/10337.29WO147/042/A=039974 -425T2112P EOSS BALLOON,"AE0SS-4>APZEOS,EOSS,WIDE2-1,qAO,AE0SS-10:/143101h3904.24N/10337.29WO147/042/A=039974 -425T2112P EOSS BALLOON",147.0,48.0,39.0706666667,-103.6215,230.65,21120.0,0.00061895,0.31899429,0.00014444,-0.00018333,27.16666667,high Re,0.077778,26.234091,0.002041,1.242809,0.02757,0.750377,2.74708,26.422224
EOSS-361,AE0SS-2,2024-08-03 08:31:10.839,2024-08-03 08:31:08,40183.0,1732.0,443.0,ascending,/143108h3904.17N/10337.23WO148/043/A=040183 -435T2069P EOSS BALLOON,"AE0SS-2>APZEOS,EOSS,WIDE2-1,qAO,AE0SS-9:/143108h3904.17N/10337.23WO148/043/A=040183 -435T2069P EOSS BALLOON",148.0,49.0,39.0695,-103.6205,229.65,20690.0,0.00060899,0.31386038,0.00014444,-0.00017222,28.86666667,high Re,0.056667,26.292593,0.003283,1.289759,0.028464,1.995779,1.875492,26.389215
EOSS-361,KC0D-2,2024-08-03 08:31:17.256,2024-08-03 08:31:15,40453.0,1696.0,450.0,ascending,/143115h3904.10N/10337.20WO150/033/A=040453 259T2063P EOSS Balloon,"KC0D-2>APZEOS,EOSS,WIDE2-1,qAO,AE0SS-9:/143115h3904.10N/10337.20WO150/033/A=040453 259T2063P EOSS Balloon",150.0,38.0,39.0683333333,-103.62,299.05,20630.0,0.00046631,0.2403244,0.00012778,-0.00017778,28.26666667,high Re,-0.02,26.335507,0.002765,1.30814,0.028352,1.476264,-0.802942,26.351058
EOSS-361,AE0SS-4,2024-08-03 08:31:36.472,2024-08-03 08:31:31,40791.0,1634.0,466.0,ascending,/143131h3903.97N/10337.08WO164/035/A=040791 -437T2031P EOSS BALLOON,"AE0SS-4>APZEOS,EOSS,WIDE2-1,qAO,K0BRA-6:/143131h3903.97N/10337.08WO164/035/A=040791 -437T2031P EOSS BALLOON",164.0,40.0,39.0661666667,-103.618,229.45,20310.0,0.00059833,0.30836445,0.00011667,-0.00015,27.23333333,high Re,-0.034444,26.35461,0.001957,1.300454,0.028567,0.675705,-1.274233,26.311671
EOSS-361,AE0SS-2,2024-08-03 08:31:43.299,2024-08-03 08:31:38,40960.0,1554.0,473.0,ascending,/143138h3903.93N/10337.03WO135/034/A=040960 -446T1990P EOSS BALLOON,"AE0SS-2>APZEOS,EOSS,WIDE2-1,qAO,AE0SS-10:/143138h3903.93N/10337.03WO135/034/A=040960 -446T1990P EOSS BALLOON",135.0,39.0,39.0655,-103.6171666667,228.55,19900.0,0.00058856,0.30332926,0.00011111,-0.00013333,25.9,high Re,-0.044444,26.345139,0.000969,1.288217,0.029054,-0.345547,-1.563055,26.295935
EOSS-361,KC0D-2,2024-08-03 08:31:47.284,2024-08-03 08:31:45,41221.0,1536.0,480.0,ascending,/143145h3903.89N/10337.00WO130/026/A=041221 252T1991P EOSS Balloon,"KC0D-2>APZEOS,EOSS,WIDE2-1,qAO,AE0SS-10:/143145h3903.89N/10337.00WO130/026/A=041221 252T1991P EOSS Balloon",130.0,30.0,39.0648333333,-103.6166666667,298.35,19910.0,0.00045109,0.23248111,0.00011111,-0.00011667,25.6,high Re,-0.01,26.329932,0.000741,1.279164,0.028787,-0.570632,-0.37312,26.277362
EOSS-361,AE0SS-4,2024-08-03 08:32:03.946,2024-08-03 08:32:01,41589.0,1596.0,496.0,ascending,/143201h3903.81N/10336.88WO128/029/A=041589 -452T1961P EOSS BALLOON,"AE0SS-4>APZEOS,EOSS,WIDE2-1,qAO,AE0SS-10:/143201h3903.81N/10336.88WO128/029/A=041589 -452T1961P EOSS BALLOON",128.0,33.0,39.0635,-103.6146666667,227.95,19610.0,0.00058151,0.29969565,0.00011111,-8.889e-05,26.6,high Re,0.033333,26.335333,0.001406,1.26662,0.028864,0.208955,1.106118,26.264034
EOSS-361,AE0SS-2,2024-08-03 08:32:10.914,2024-08-03 08:32:08,41757.0,1594.0,503.0,ascending,/143208h3903.77N/10336.82WO154/036/A=041757 -458T1919P EOSS BALLOON,"AE0SS-2>APZEOS,EOSS,WIDE2-1,qAO,AE0SS-10:/143208h3903.77N/10336.82WO154/036/A=041757 -458T1919P EOSS BALLOON",154.0,41.0,39.0628333333,-103.6136666667,227.35,19190.0,0.00057055,0.29405087,0.00011667,-8.889e-05,26.56666667,high Re,-0.001111,26.339869,0.001356,1.254308,0.02857,0.180815,-0.086349,26.263308
EOSS-361,KC0D-2,2024-08-03 08:32:17.274,2024-08-03 08:32:15,42040.0,1638.0,510.0,ascending,/143215h3903.73N/10336.80WO143/019/A=042040 247T1916P EOSS Balloon,"KC0D-2>APZEOS,EOSS,WIDE2-1,qAO,K0BRA-6:/143215h3903.73N/10336.80WO143/019/A=042040 247T1916P EOSS Balloon",143.0,22.0,39.0621666667,-103.6133333333,297.85,19160.0,0.00043482,0.22409922,0.00011111,-8.889e-05,27.3,high Re,0.024444,26.358333,0.001808,1.249067,0.028467,0.753896,0.795166,26.270119
EOSS-361,AE0SS-4,2024-08-03 08:32:36.475,2024-08-03 08:32:31,42365.0,1552.0,526.0,ascending,/143231h3903.62N/10336.71WO147/026/A=042365 -459T1884P EOSS BALLOON,"AE0SS-4>APZEOS,EOSS,WIDE2-1,qAO,K0SCC-8:/143231h3903.62N/10336.71WO147/026/A=042365 -459T1884P EOSS BALLOON",147.0,30.0,39.0603333333,-103.6118333333,227.25,18840.0,0.00056039,0.28881481,9.444e-05,-0.00010556,25.86666667,high Re,-0.047778,26.349057,0.000855,1.238841,0.029013,-0.389388,-1.676249,26.290885
EOSS-361,AE0SS-2,2024-08-03 08:32:43.334,2024-08-03 08:32:38,42552.0,1590.0,533.0,ascending,/143238h3903.58N/10336.67WO150/028/A=042552 -466T1847P EOSS BALLOON,"AE0SS-2>APZEOS,EOSS,WIDE2-1,qAO,K0SCC-8:/143238h3903.58N/10336.67WO150/028/A=042552 -466T1847P EOSS BALLOON",150.0,32.0,39.0596666667,-103.6111666667,226.55,18470.0,0.00055109,0.28401762,8.333e-05,-0.00010556,26.5,high Re,0.021111,26.351852,0.001237,1.22727,0.028867,0.120713,0.688468,26.309302
EOSS-361,KC0D-2,2024-08-03 08:32:47.292,2024-08-03 08:32:45,42831.0,1582.0,540.0,ascending,/143245h3903.54N/10336.63WO156/023/A=042831 240T1846P EOSS Balloon,"KC0D-2>APZEOS,EOSS,WIDE2-1,qAO,AE0SS-9:/143245h3903.54N/10336.63WO156/023/A=042831 240T1846P EOSS Balloon",156.0,26.0,39.059,-103.6105,297.15,18460.0,0.00041993,0.21642051,9.444e-05,-0.00010556,26.36666667,high Re,-0.004444,26.352121,0.001132,1.215855,0.028604,0.011963,-0.194938,26.345739
EOSS-361,AE0SS-4,2024-08-03 08:33:04.061,2024-08-03 08:33:01,43221.0,1712.0,556.0,ascending,/143301h3903.46N/10336.55WO145/023/A=043221 -474T1812P EOSS BALLOON,"AE0SS-4>APZEOS,EOSS,WIDE2-1,qAO,K0SCC-8:/143301h3903.46N/10336.55WO145/023/A=043221 -474T1812P EOSS BALLOON",145.0,26.0,39.0576666667,-103.6091666667,225.75,18120.0,0.00054256,0.279623,8.889e-05,-8.889e-05,28.53333333,high Re,0.072222,26.391071,0.002424,1.239509,0.029915,1.728315,2.333211,26.414824
EOSS-361,AE0SS-2,2024-08-03 08:33:13.427,2024-08-03 08:33:08,43391.0,1678.0,563.0,ascending,/143308h3903.42N/10336.53WO022/010/A=043391 -483T1776P EOSS BALLOON,"AE0SS-2>APZEOS,EOSS,WIDE2-1,qAO,K0SCC-8:/143308h3903.42N/10336.53WO022/010/A=043391 -483T1776P EOSS BALLOON",22.0,12.0,39.057,-103.6088333333,224.85,17760.0,0.00053391,0.27516457,7.778e-05,-8.889e-05,27.96666667,high Re,-0.018889,26.418713,0.002044,1.245994,0.029779,1.242344,-0.702945,26.451557
EOSS-361,KC0D-2,2024-08-03 08:33:17.252,2024-08-03 08:33:15,43710.0,1758.0,570.0,ascending,/143315h3903.41N/10336.49WO128/022/A=043710 235T1769P EOSS Balloon,"KC0D-2>APZEOS,EOSS,WIDE2-1,qAO,AE0SS-9:/143315h3903.41N/10336.49WO128/022/A=043710 235T1769P EOSS Balloon",128.0,25.0,39.0568333333,-103.6081666667,296.65,17690.0,0.00040309,0.20774278,7.778e-05,-7.222e-05,29.3,high Re,0.044444,26.468391,0.002788,1.291665,0.030041,2.192216,1.386638,26.531198
EOSS-361,AE0SS-4,2024-08-03 08:33:36.509,2024-08-03 08:33:31,44075.0,1708.0,586.0,ascending,/143331h3903.35N/10336.41WO090/019/A=044075 -482T1737P EOSS BALLOON,"AE0SS-4>APZEOS,EOSS,WIDE2-1,qAO,AE0SS-10:/143331h3903.35N/10336.41WO090/019/A=044075 -482T1737P EOSS BALLOON",90.0,22.0,39.0558333333,-103.6068333333,224.95,17370.0,0.00052195,0.26900247,7.778e-05,-6.111e-05,28.46666667,high Re,-0.027778,26.50226,0.002261,1.306642,0.030046,1.503401,-0.999767,26.639055
EOSS-361,AE0SS-2,2024-08-03 08:33:43.344,2024-08-03 08:33:38,44261.0,1740.0,593.0,ascending,/143338h3903.32N/10336.35WO139/017/A=044261 -488T1704P EOSS BALLOON,"AE0SS-2>APZEOS,EOSS,WIDE2-1,qAO,AE0SS-10:/143338h3903.32N/10336.35WO139/017/A=044261 -488T1704P EOSS BALLOON",139.0,20.0,39.0553333333,-103.6058333333,224.35,17040.0,0.0005134,0.26459764,0.0001,-5.556e-05,29.0,high Re,0.017778,26.543889,0.002524,1.335048,0.029854,1.839717,0.510953,26.700644
EOSS-361,KC0D-2,2024-08-03 08:33:47.268,2024-08-03 08:33:45,44551.0,1682.0,600.0,ascending,/143345h3903.29N/10336.32WO146/023/A=044551 228T1700P EOSS Balloon,"KC0D-2>APZEOS,EOSS,WIDE2-1,qAO,AE0SS-9:/143345h3903.29N/10336.32WO146/023/A=044551 228T1700P EOSS Balloon",146.0,26.0,39.0548333333,-103.6053333333,295.95,17000.0,0.00038828,0.20011195,9.444e-05,-6.667e-05,28.03333333,high Re,-0.032222,26.568306,0.001944,1.337541,0.029938,1.095314,-1.141225,26.805184
EOSS-361,AE0SS-4,2024-08-03 08:34:09.271,2024-08-03 08:34:01,44841.0,1532.0,616.0,ascending,/143401h3903.24N/10336.26WO133/021/A=044841 -491T1683P EOSS BALLOON,"AE0SS-4>APZEOS,EOSS,WIDE2-1,qAO,AE0SS-10:/143401h3903.24N/10336.26WO133/021/A=044841 -491T1683P EOSS BALLOON",133.0,24.0,39.054,-103.6043333333,224.05,16830.0,0.00050776,0.26168668,8.333e-05,-6.111e-05,25.53333333,high Re,-0.083333,26.551613,0.000546,1.333028,0.031632,-0.763885,-2.651713,26.91954
EOSS-361,AE0SS-2,2024-08-03 08:34:10.873,2024-08-03 08:34:08,45029.0,1536.0,623.0,ascending,/143408h3903.22N/10336.25WO118/005/A=045029 -494T1642P EOSS BALLOON,"AE0SS-2>APZEOS,EOSS,WIDE2-1,qAO,AE0SS-10:/143408h3903.22N/10336.25WO118/005/A=045029 -494T1642P EOSS BALLOON",118.0,6.0,39.0536666667,-103.6041666667,223.75,16420.0,0.00049605,0.25565398,5.556e-05,-5.556e-05,25.6,high Re,0.002222,26.536508,0.000573,1.327659,0.031372,-0.705383,0.052563,26.998577
EOSS-361,KC0D-2,2024-08-03 08:34:17.244,2024-08-03 08:34:15,45337.0,1572.0,630.0,ascending,/143415h3903.20N/10336.23WO173/008/A=045337 224T1637P EOSS Balloon,"KC0D-2>APZEOS,EOSS,WIDE2-1,qAO,AE0SS-10:/143415h3903.20N/10336.23WO173/008/A=045337 224T1637P EOSS Balloon",173.0,9.0,39.0533333333,-103.6038333333,295.55,16370.0,0.0003744,0.19295683,5e-05,-5e-05,26.2,high Re,0.02,26.53125,0.000882,1.317751,0.031214,-0.251375,0.612482,27.135729
EOSS-361,AE0SS-4,2024-08-03 08:34:36.570,2024-08-03 08:34:31,45665.0,1648.0,646.0,ascending,/143431h3903.18N/10336.18WO150/020/A=045665 -502T1612P EOSS BALLOON,"AE0SS-4>APZEOS,EOSS,WIDE2-1,qAO,AE0SS-10:/143431h3903.18N/10336.18WO150/020/A=045665 -502T1612P EOSS BALLOON",150.0,23.0,39.053,-103.603,222.95,16120.0,0.00048874,0.25188367,4.444e-05,-3.333e-05,27.46666667,high Re,0.042222,26.545641,0.001528,1.312554,0.031394,0.701705,1.296235,27.291185
EOSS-361,AE0SS-2,2024-08-03 08:34:43.345,2024-08-03 08:34:38,45860.0,1662.0,653.0,ascending,/143438h3903.15N/10336.17WO146/007/A=045860 -514T1577P EOSS BALLOON,"AE0SS-2>APZEOS,EOSS,WIDE2-1,qAO,AE0SS-9:/143438h3903.15N/10336.17WO146/007/A=045860 -514T1577P EOSS BALLOON",146.0,8.0,39.0525,-103.6028333333,221.75,15770.0,0.00048071,0.2477482,4.444e-05,-3.889e-05,27.7,high Re,0.007778,26.563131,0.001624,1.310146,0.031157,0.867742,0.197516,27.387631
EOSS-361,KC0D-2,2024-08-03 08:34:47.271,2024-08-03 08:34:45,46136.0,1598.0,660.0,ascending,/143445h3903.15N/10336.17WO103/012/A=046136 217T1575P EOSS Balloon,"KC0D-2>APZEOS,EOSS,WIDE2-1,qAO,AE0SS-9:/143445h3903.15N/10336.17WO103/012/A=046136 217T1575P EOSS Balloon",103.0,14.0,39.0525,-103.6028333333,294.85,15750.0,0.00036107,0.1860895,3.333e-05,-2.778e-05,26.63333333,high Re,-0.035556,26.564179,0.001061,1.300211,0.031253,0.053187,-1.171632,27.528518
EOSS-361,AE0SS-4,2024-08-03 08:35:04.086,2024-08-03 08:35:01,46501.0,1672.0,676.0,ascending,/143501h3903.13N/10336.08WO122/020/A=046501 -519T1549P EOSS BALLOON,"AE0SS-4>APZEOS,EOSS,WIDE2-1,qAO,AE0SS-10:/143501h3903.13N/10336.08WO122/020/A=046501 -519T1549P EOSS BALLOON",122.0,23.0,39.0521666667,-103.6013333333,221.25,15490.0,0.00047324,0.24389932,5.556e-05,-2.778e-05,27.86666667,high Re,0.041111,26.583333,0.001658,1.300102,0.031399,0.987102,1.256505,27.721216
EOSS-361,AE0SS-2,2024-08-03 08:35:12.953,2024-08-03 08:35:08,46696.0,1672.0,683.0,ascending,/143508h3903.14N/10336.05WO087/010/A=046696 -528T1513P EOSS BALLOON,"AE0SS-2>APZEOS,EOSS,WIDE2-1,qAO,AE0SS-10:/143508h3903.14N/10336.05WO087/010/A=046696 -528T1513P EOSS BALLOON",87.0,12.0,39.0523333333,-103.6008333333,220.35,15130.0,0.00046413,0.23920394,6.667e-05,-5.56e-06,27.86666667,high Re,0.0,26.601932,0.001634,1.299722,0.031165,0.973081,-0.052431,27.826408
EOSS-361,KC0D-2,2024-08-03 08:35:17.232,2024-08-03 08:35:15,46991.0,1710.0,690.0,ascending,/143515h3903.12N/10336.01WO125/012/A=046991 212T1510P EOSS Balloon,"KC0D-2>APZEOS,EOSS,WIDE2-1,qAO,K0SCC-8:/143515h3903.12N/10336.01WO125/012/A=046991 212T1510P EOSS Balloon",125.0,14.0,39.052,-103.6001666667,294.35,15100.0,0.00034676,0.17871268,8.889e-05,-1.667e-05,28.5,high Re,0.021111,26.629048,0.001916,1.310062,0.031023,1.42814,0.618734,27.987483
EOSS-361,AE0SS-4,2024-08-03 08:35:36.556,2024-08-03 08:35:31,47418.0,1834.0,706.0,ascending,/143531h3903.08N/10335.95WO105/024/A=047418 -524T1483P EOSS BALLOON,"AE0SS-4>APZEOS,EOSS,WIDE2-1,qAO,K0SCC-8:/143531h3903.08N/10335.95WO105/024/A=047418 -524T1483P EOSS BALLOON",105.0,28.0,39.0513333333,-103.5991666667,220.75,14830.0,0.00045411,0.23403612,7.222e-05,-2.778e-05,30.56666667,high Re,0.068889,26.684507,0.002873,1.382071,0.031821,2.808944,2.074605,28.222331
EOSS-361,AE0SS-2,2024-08-03 08:35:44.148,2024-08-03 08:35:38,47602.0,1812.0,713.0,ascending,/143538h3903.05N/10335.92WO276/011/A=047602 -533T1444P EOSS BALLOON,"AE0SS-2>APZEOS,EOSS,WIDE2-1,qAO,W9CN-9:/143538h3903.05N/10335.92WO276/011/A=047602 -533T1444P EOSS BALLOON",276.0,13.0,39.0508333333,-103.5986666667,219.85,14440.0,0.00044397,0.2288143,7.222e-05,-5e-05,30.2,high Re,-0.012222,26.733333,0.00266,1.433481,0.031644,2.418356,-0.470295,28.323255
EOSS-361,KC0D-2,2024-08-03 08:35:47.252,2024-08-03 08:35:45,47900.0,1818.0,720.0,ascending,/143545h3903.03N/10335.90WO172/015/A=047900 205T1445P EOSS Balloon,"KC0D-2>APZEOS,EOSS,WIDE2-1,qAO,AE0SS-9:/143545h3903.03N/10335.90WO172/015/A=047900 205T1445P EOSS Balloon",172.0,17.0,39.0505,-103.5983333333,293.65,14450.0,0.00033262,0.17142742,6.111e-05,-5e-05,30.3,high Re,0.003333,26.782192,0.00267,1.483438,0.03142,2.371389,0.021101,28.485197
EOSS-361,AE0SS-4,2024-08-03 08:36:03.990,2024-08-03 08:36:01,48286.0,1736.0,736.0,ascending,/143601h3902.98N/10335.87WO121/027/A=048286 -535T1418P EOSS BALLOON,"AE0SS-4>APZEOS,EOSS,WIDE2-1,qAO,AE0SS-10:/143601h3902.98N/10335.87WO121/027/A=048286 -535T1418P EOSS BALLOON",121.0,31.0,39.0496666667,-103.5978333333,219.65,14180.0,0.00043638,0.22489897,4.444e-05,-5.556e-05,28.93333333,high Re,-0.045556,26.811261,0.002009,1.494315,0.031708,1.420097,-1.500095,28.690144
EOSS-361,AE0SS-2,2024-08-03 08:36:12.914,2024-08-03 08:36:08,48440.0,1676.0,743.0,ascending,/143608h3902.94N/10335.86WO270/015/A=048440 -543T1377P EOSS BALLOON,"AE0SS-2>APZEOS,EOSS,WIDE2-1,qAO,K0SCC-8:/143608h3902.94N/10335.86WO270/015/A=048440 -543T1377P EOSS BALLOON",270.0,17.0,39.049,-103.5976666667,218.85,13770.0,0.00042531,0.21919459,3.333e-05,-6.111e-05,27.93333333,high Re,-0.033333,26.826222,0.001532,1.489828,0.031757,0.743114,-1.097868,28.769776
EOSS-361,KC0D-2,2024-08-03 08:36:17.299,2024-08-03 08:36:15,48732.0,1664.0,750.0,ascending,/143615h3902.94N/10335.87WO148/007/A=048732 201T1387P EOSS Balloon,"KC0D-2>APZEOS,EOSS,WIDE2-1,qAO,AE0SS-9:/143615h3902.94N/10335.87WO148/007/A=048732 201T1387P EOSS Balloon",148.0,8.0,39.049,-103.5978333333,293.25,13870.0,0.00031971,0.16477104,1.667e-05,-5e-05,27.73333333,high Re,-0.006667,26.838158,0.001422,1.483516,0.031555,0.603415,-0.256346,28.916476
EOSS-361,AE0SS-4,2024-08-03 08:36:36.592,2024-08-03 08:36:31,49095.0,1618.0,766.0,ascending,/143631h3902.88N/10335.85WO256/007/A=049095 -546T1368P EOSS BALLOON,"AE0SS-4>APZEOS,EOSS,WIDE2-1,qAO,AE0SS-10:/143631h3902.88N/10335.85WO256/007/A=049095 -546T1368P EOSS BALLOON",256.0,8.0,39.048,-103.5975,218.55,13680.0,0.00042311,0.21806087,1.111e-05,-5.556e-05,26.96666667,high Re,-0.025556,26.839827,0.001067,1.473797,0.031497,0.086063,-0.845255,29.089368
EOSS-361,AE0SS-2,2024-08-03 08:36:43.426,2024-08-03 08:36:38,49264.0,1648.0,773.0,ascending,/143638h3902.89N/10335.85WO066/011/A=049264 -556T1331P EOSS BALLOON,"AE0SS-2>APZEOS,EOSS,WIDE2-1,qAO,AE0SS-10:/143638h3902.89N/10335.85WO066/011/A=049264 -556T1331P EOSS BALLOON",66.0,13.0,39.0481666667,-103.5975,217.55,13310.0,0.00041356,0.21313826,5.56e-06,-2.778e-05,27.46666667,high Re,0.016667,26.847863,0.00127,1.465915,0.031339,0.422128,0.491305,29.165657
EOSS-361,KC0D-2,2024-08-03 08:36:47.134,2024-08-03 08:36:45,49541.0,1618.0,780.0,ascending,/143645h3902.88N/10335.83WO147/013/A=049541 194T1332P EOSS Balloon,"KC0D-2>APZEOS,EOSS*,WIDE2-1,qAO,W9CN-9:/143645h3902.88N/10335.83WO147/013/A=049541 194T1332P EOSS Balloon",147.0,15.0,39.048,-103.5971666667,292.55,13320.0,0.00030777,0.15861585,2.222e-05,-3.333e-05,26.96666667,high Re,-0.016667,26.849367,0.00104,1.456549,0.031201,0.080533,-0.567514,29.284118
EOSS-361,AE0SS-2,2024-08-03 08:37:10.944,2024-08-03 08:37:08,50047.0,1566.0,803.0,ascending,/143708h3902.81N/10335.79WO142/004/A=050047 -566T1277P EOSS BALLOON,"AE0SS-2>APZEOS,EOSS,WIDE2-1,qAO,AE0SS-10:/143708h3902.81N/10335.79WO142/004/A=050047 -566T1277P EOSS BALLOON",142.0,5.0,39.0468333333,-103.5965,216.55,12770.0,0.00039861,0.20543534,3.333e-05,-4.444e-05,26.1,high Re,-0.028889,26.84,0.000661,1.449724,0.031183,-0.510442,-0.947632,29.476511
EOSS-361,KC0D-2,2024-08-03 08:37:17.230,2024-08-03 08:37:15,50333.0,1584.0,810.0,ascending,/143715h3902.80N/10335.76WO134/016/A=050333 190T1281P EOSS Balloon,"KC0D-2>APZEOS,EOSS,WIDE2-1,qAO,AE0SS-9:/143715h3902.80N/10335.76WO134/016/A=050333 190T1281P EOSS Balloon",134.0,18.0,39.0466666667,-103.596,292.15,12810.0,0.00029639,0.15275157,3.889e-05,-4.444e-05,26.4,high Re,0.01,26.834568,0.000778,1.441464,0.031003,-0.301477,0.297455,29.569784
EOSS-361,AE0SS-4,2024-08-03 08:37:36.610,2024-08-03 08:37:31,50674.0,1579.0,826.0,ascending,/143731h3902.76N/10335.74WO291/000/A=050674 -567T1265P EOSS BALLOON,"AE0SS-4>APZEOS,EOSS,WIDE2-1,qAO,K0SCC-8:/143731h3902.76N/10335.74WO291/000/A=050674 -567T1265P EOSS BALLOON",291.0,0.0,39.046,-103.5956666667,216.45,12650.0,0.00039505,0.20359888,3.056e-05,-3.333e-05,26.31666667,high Re,-0.001389,26.828252,0.000751,1.433679,0.030809,-0.356834,-0.06946,29.66478
EOSS-361,AE0SS-2,2024-08-03 08:37:43.348,2024-08-03 08:37:38,50864.0,1634.0,833.0,ascending,/143738h3902.75N/10335.76WO297/005/A=050864 -571T1226P EOSS BALLOON,"AE0SS-2>APZEOS,EOSS,WIDE2-1,qAO,K0SCC-8:/143738h3902.75N/10335.76WO297/005/A=050864 -571T1226P EOSS BALLOON",297.0,6.0,39.0458333333,-103.596,216.05,12260.0,0.00038358,0.19768724,1.667e-05,-3.333e-05,27.23333333,high Re,0.030556,26.833133,0.001114,1.425604,0.030795,0.280723,0.956064,29.709559
EOSS-361,KC0D-2,2024-08-03 08:37:47.360,2024-08-03 08:37:45,51153.0,1640.0,840.0,ascending,/143745h3902.77N/10335.77WO016/003/A=051153 183T1229P EOSS Balloon,"KC0D-2>APZEOS,EOSS,WIDE2-1,qAO,AE0SS-9:/143745h3902.77N/10335.77WO016/003/A=051153 183T1229P EOSS Balloon",16.0,3.0,39.0461666667,-103.5961666667,291.45,12290.0,0.00028504,0.14690287,-5.56e-06,-1.667e-05,27.33333333,high Re,0.003333,26.839087,0.001141,1.418041,0.030607,0.348542,0.071618,29.765857
EOSS-361,AE0SS-4,2024-08-03 08:38:04.053,2024-08-03 08:38:01,51538.0,1728.0,856.0,ascending,/143801h3902.75N/10335.74WO030/014/A=051538 -580T1208P EOSS BALLOON,"AE0SS-4>APZEOS,EOSS,WIDE2-1,qAO,K0SCC-8:/143801h3902.75N/10335.74WO030/014/A=051538 -580T1208P EOSS BALLOON",30.0,16.0,39.0458333333,-103.5956666667,215.15,12080.0,0.00037953,0.19559963,0.0,-5.56e-06,28.8,high Re,0.048889,26.862157,0.00171,1.425531,0.030865,1.359383,1.52856,29.817609
EOSS-361,AE0SS-2,2024-08-03 08:38:10.922,2024-08-03 08:38:08,51778.0,1828.0,863.0,ascending,/143808h3902.75N/10335.75WO244/016/A=051778 -591T1164P EOSS BALLOON,"AE0SS-2>APZEOS,EOSS,WIDE2-1,qAO,K0SCC-8:/143808h3902.75N/10335.75WO244/016/A=051778 -591T1164P EOSS BALLOON",244.0,18.0,39.0458333333,-103.5958333333,214.05,11640.0,0.00036758,0.18944371,5.56e-06,0.0,30.46666667,high Re,0.055556,26.90407,0.002343,1.469458,0.031232,2.424429,1.703797,29.835837
EOSS-361,KC0D-2,2024-08-03 08:38:16.945,2024-08-03 08:38:15,52034.0,1762.0,870.0,ascending,/143815h3902.77N/10335.77WO061/001/A=052034 179T1175P EOSS Balloon,"KC0D-2>APZEOS,EOSS*,WIDE2-1,qAO,N0JPS-9:/143815h3902.77N/10335.77WO061/001/A=052034 179T1175P EOSS Balloon",61.0,1.0,39.0461666667,-103.5961666667,291.05,11750.0,0.00027289,0.14064125,0.0,0.0,29.36666667,high Re,-0.036667,26.932375,0.00189,1.484555,0.031331,1.639745,-1.230634,29.84299
EOSS-361,AE0SS-4,2024-08-03 08:38:36.564,2024-08-03 08:38:31,52438.0,1800.0,886.0,ascending,/143831h3902.72N/10335.76WO326/004/A=052438 -593T1154P EOSS BALLOON,"AE0SS-4>APZEOS,EOSS,WIDE2-1,qAO,AE0SS-10:/143831h3902.72N/10335.76WO326/004/A=052438 -593T1154P EOSS BALLOON",326.0,5.0,39.0453333333,-103.596,213.85,11540.0,0.00036476,0.18799184,-1.111e-05,-1.667e-05,30.0,high Re,0.021111,26.967235,0.00211,1.511789,0.031217,2.006077,0.608675,29.827755
EOSS-361,AE0SS-2,2024-08-03 08:38:43.297,2024-08-03 08:38:38,52647.0,1738.0,893.0,ascending,/143838h3902.71N/10335.78WO274/018/A=052647 -600T1121P EOSS BALLOON,"AE0SS-2>APZEOS,EOSS*,WIDE2-1,qAO,N0JPS-9:/143838h3902.71N/10335.78WO274/018/A=052647 -600T1121P EOSS BALLOON",274.0,21.0,39.0451666667,-103.5963333333,213.15,11210.0,0.0003555,0.18321572,-1.667e-05,-2.222e-05,28.96666667,high Re,-0.034444,26.9897,0.001695,1.518043,0.031281,1.302313,-1.155302,29.806873
EOSS-361,KC0D-2,2024-08-03 08:38:47.304,2024-08-03 08:38:45,52955.0,1842.0,900.0,ascending,/143845h3902.72N/10335.80WO223/002/A=052955 172T1121P EOSS Balloon,"KC0D-2>APZEOS,EOSS,WIDE2-1,qAO,AE0SS-9:/143845h3902.72N/10335.80WO223/002/A=052955 172T1121P EOSS Balloon",223.0,2.0,39.0453333333,-103.5966666667,290.35,11210.0,0.00026098,0.13450122,-1.667e-05,-2.778e-05,30.7,high Re,0.057778,27.030926,0.002325,1.559333,0.031665,2.352977,1.75124,29.759702
EOSS-361,AE0SS-4,2024-08-03 08:39:04.081,2024-08-03 08:39:01,53362.0,1848.0,916.0,ascending,/143901h3902.70N/10335.80WO067/013/A=053362 -604T1101P EOSS BALLOON,"AE0SS-4>APZEOS,EOSS,WIDE2-1,qAO,K0SCC-8:/143901h3902.70N/10335.80WO067/013/A=053362 -604T1101P EOSS BALLOON",67.0,15.0,39.045,-103.5966666667,212.75,11010.0,0.00034981,0.18028525,-2.222e-05,-1.111e-05,30.8,high Re,0.003333,27.072344,0.002336,1.600191,0.031487,2.329507,0.031664,29.667174
EOSS-361,AE0SS-2,2024-08-03 08:39:10.607,2024-08-03 08:39:08,53554.0,1814.0,923.0,ascending,/143908h3902.71N/10335.78WO262/013/A=053554 -612T1072P EOSS BALLOON,"AE0SS-2>APZEOS,EOSS,WIDE2-1,qAO,AE0SS-10:/143908h3902.71N/10335.78WO262/013/A=053554 -612T1072P EOSS BALLOON",262.0,15.0,39.0451666667,-103.5963333333,211.95,10720.0,0.00034188,0.17619915,0.0,0.0,30.23333333,high Re,-0.018889,27.106703,0.002103,1.62514,0.031391,1.923914,-0.668727,29.611572
EOSS-361,KC0D-2,2024-08-03 08:39:17.241,2024-08-03 08:39:15,53869.0,1828.0,930.0,ascending,/143915h3902.70N/10335.78WO203/008/A=053869 168T1070P EOSS Balloon,"KC0D-2>APZEOS,EOSS,WIDE2-1,qAO,AE0SS-9:/143915h3902.70N/10335.78WO203/008/A=053869 168T1070P EOSS Balloon",203.0,9.0,39.045,-103.5963333333,289.95,10700.0,0.00024945,0.12855919,1.111e-05,-1.111e-05,30.46666667,high Re,0.007778,27.142832,0.002165,1.65341,0.031223,2.010291,0.179771,29.503825
EOSS-361,AE0SS-4,2024-08-03 08:39:36.622,2024-08-03 08:39:31,54305.0,1886.0,946.0,ascending,/143931h3902.68N/10335.84WO321/020/A=054305 -612T1049P EOSS BALLOON,"AE0SS-4>APZEOS,EOSS,WIDE2-1,qAO,K0SCC-8:/143931h3902.68N/10335.84WO321/020/A=054305 -612T1049P EOSS BALLOON",321.0,23.0,39.0446666667,-103.5973333333,211.95,10490.0,0.00033455,0.17241876,-2.222e-05,-1.111e-05,31.43333333,high Re,0.032222,27.188475,0.002488,1.702998,0.031209,2.49258,0.952738,29.321212
EOSS-361,AE0SS-2,2024-08-03 08:39:44.360,2024-08-03 08:39:38,54502.0,1896.0,953.0,ascending,/143938h3902.71N/10335.85WO354/022/A=054502 -616T1019P EOSS BALLOON,"AE0SS-2>APZEOS,EOSS*,WIDE2-1,qAO,W9CN-9:/143938h3902.71N/10335.85WO354/022/A=054502 -616T1019P EOSS BALLOON",354.0,25.0,39.0451666667,-103.5975,211.55,10190.0,0.00032559,0.1678045,-3.889e-05,0.0,31.6,high Re,0.005556,27.234912,0.002521,1.753342,0.031043,2.489582,0.097768,29.226177
EOSS-361,KC0D-2,2024-08-03 08:39:47.313,2024-08-03 08:39:45,54794.0,1850.0,960.0,ascending,/143945h3902.73N/10335.84WO053/009/A=054794 162T1021P EOSS Balloon,"KC0D-2>APZEOS,EOSS,WIDE2-1,qAO,AE0SS-9:/143945h3902.73N/10335.84WO053/009/A=054794 162T1021P EOSS Balloon",53.0,10.0,39.0455,-103.5973333333,289.35,10210.0,0.00023852,0.12292627,-3.333e-05,1.667e-05,30.83333333,high Re,-0.025556,27.272396,0.002225,1.782338,0.031011,1.997902,-0.895843,29.071316
EOSS-361,AE0SS-4,2024-08-03 08:40:04.067,2024-08-03 08:40:01,55192.0,1774.0,976.0,ascending,/144001h3902.78N/10335.79WO002/005/A=055192 -609T1005P EOSS BALLOON,"AE0SS-4>APZEOS,EOSS,WIDE2-1,qAO,AE0SS-10:/144001h3902.78N/10335.79WO002/005/A=055192 -609T1005P EOSS BALLOON",2.0,6.0,39.0463333333,-103.5965,212.25,10050.0,0.00032006,0.16495323,2.778e-05,5.556e-05,29.56666667,high Re,-0.042222,27.296048,0.001762,1.788268,0.031179,1.269731,-1.410693,28.834111
EOSS-361,AE0SS-2,2024-08-03 08:40:11.187,2024-08-03 08:40:08,55409.0,1814.0,983.0,ascending,/144008h3902.78N/10335.77WO127/017/A=055409 -616T971P EOSS BALLOON,"AE0SS-2>APZEOS,EOSS,WIDE2-1,qAO,K0SCC-8:/144008h3902.78N/10335.77WO127/017/A=055409 -616T971P EOSS BALLOON",127.0,20.0,39.0463333333,-103.5961666667,211.55,9710.0,0.00031026,0.15990007,4.444e-05,3.889e-05,30.23333333,high Re,0.022222,27.32602,0.001973,1.8036,0.031086,1.61195,0.651386,28.692545
EOSS-361,KC0D-2,2024-08-03 08:40:17.263,2024-08-03 08:40:15,55678.0,1768.0,990.0,ascending,/144015h3902.78N/10335.73WO093/019/A=055678 158T976P EOSS Balloon,"KC0D-2>APZEOS,EOSS,WIDE2-1,qAO,AE0SS-9:/144015h3902.78N/10335.73WO093/019/A=055678 158T976P EOSS Balloon",93.0,22.0,39.0463333333,-103.5955,288.95,9760.0,0.00022832,0.11767103,6.111e-05,2.778e-05,29.46666667,high Re,-0.025556,27.347643,0.001692,1.807226,0.03105,1.172528,-0.877552,28.505573
EOSS-361,AE0SS-4,2024-08-03 08:40:36.625,2024-08-03 08:40:31,56129.0,1874.0,1006.0,ascending,/144031h3902.75N/10335.60WO117/015/A=056129 -617T959P EOSS BALLOON,"AE0SS-4>APZEOS,EOSS,WIDE2-1,qAO,K0SCC-8:/144031h3902.75N/10335.60WO117/015/A=056129 -617T959P EOSS BALLOON",117.0,17.0,39.0458333333,-103.5933333333,211.45,9590.0,0.00030657,0.15799865,0.00010556,-1.667e-05,31.23333333,high Re,0.058889,27.3865,0.00227,1.839582,0.031421,2.091145,1.801948,28.165077
EOSS-361,KC0D-2,2024-08-03 08:40:47.278,2024-08-03 08:40:45,56697.0,2038.0,1020.0,ascending,/144045h3902.73N/10335.57WO174/018/A=056697 151T926P EOSS Balloon,"KC0D-2>APZEOS,EOSS,WIDE2-1,qAO,AE0SS-9:/144045h3902.73N/10335.57WO174/018/A=056697 151T926P EOSS Balloon",174.0,21.0,39.0455,-103.5928333333,288.25,9260.0,0.00021715,0.11191392,8.889e-05,-2.778e-05,33.96666667,high Re,0.091111,27.45165,0.003158,1.943944,0.0325,3.351443,2.706246,27.692201
EOSS-361,AE0SS-4,2024-08-03 08:41:04.159,2024-08-03 08:41:01,56954.0,1650.0,1036.0,ascending,/144101h3902.65N/10335.57WO166/007/A=056954 -588T921P EOSS BALLOON,"AE0SS-4>APZEOS,EOSS,WIDE2-1,qAO,K0SCC-8:/144101h3902.65N/10335.57WO166/007/A=056954 -588T921P EOSS BALLOON",166.0,8.0,39.0441666667,-103.5928333333,214.35,9210.0,0.00029044,0.14968511,1.667e-05,-5.556e-05,27.5,high Re,-0.215556,27.452124,0.000993,1.934303,0.038979,0.024751,-5.55553,27.463745
EOSS-361,AE0SS-2,2024-08-03 08:41:10.931,2024-08-03 08:41:08,57078.0,1669.0,1043.0,ascending,/144108h3902.62N/10335.60WO141/021/A=057078 -587T889P EOSS BALLOON,"AE0SS-2>APZEOS,EOSS,WIDE2-1,qAO,AE0SS-10:/144108h3902.62N/10335.60WO141/021/A=057078 -587T889P EOSS BALLOON",141.0,24.0,39.0436666667,-103.5933333333,214.45,8890.0,0.00028022,0.14441695,4.722e-05,-4.444e-05,27.81666667,high Re,0.005278,27.455663,0.001035,1.925133,0.038787,0.187521,0.109392,27.350579
EOSS-361,KC0D-2,2024-08-03 08:41:17.330,2024-08-03 08:41:15,57350.0,1306.0,1050.0,ascending,/144115h3902.59N/10335.61WO186/019/A=057350 147T895P EOSS Balloon,"KC0D-2>APZEOS,EOSS,WIDE2-1,qAO,AE0SS-9:/144115h3902.59N/10335.61WO186/019/A=057350 147T895P EOSS Balloon",186.0,22.0,39.0431666667,-103.5935,287.85,8950.0,0.00021017,0.10831766,-2.222e-05,-7.778e-05,21.76666667,high Re,-0.201667,27.400962,-0.000933,1.995333,0.043458,-2.823737,-4.619034,27.096121
EOSS-361,AE0SS-4,2024-08-03 08:41:36.453,2024-08-03 08:41:31,57746.0,1584.0,1066.0,ascending,/144131h3902.50N/10335.60WO192/034/A=057746 -572T880P EOSS BALLOON,"AE0SS-4>APZEOS,EOSS,WIDE2-1,qAO,K0SCC-8:/144131h3902.50N/10335.60WO192/034/A=057746 -572T880P EOSS BALLOON",192.0,39.0,39.0416666667,-103.5933333333,215.95,8800.0,0.00027545,0.14196194,-1.667e-05,-8.333e-05,26.4,high Re,0.154444,27.391429,0.000561,1.988118,0.045852,-0.498677,3.35608,26.711859
EOSS-361,AE0SS-2,2024-08-03 08:41:43.365,2024-08-03 08:41:38,57919.0,1682.0,1073.0,ascending,/144138h3902.42N/10335.62WO204/023/A=057919 -579T856P EOSS BALLOON,"AE0SS-2>APZEOS,EOSS*,WIDE2-1,qAO,W9CN-9:/144138h3902.42N/10335.62WO204/023/A=057919 -579T856P EOSS BALLOON",204.0,26.0,39.0403333333,-103.5936666667,215.25,8560.0,0.00026881,0.13853932,-1.111e-05,-0.00011111,28.03333333,high Re,0.054444,27.397484,0.001074,1.97961,0.045933,0.321199,1.16191,26.53945
EOSS-361,KC0D-2,2024-08-03 08:41:47.287,2024-08-03 08:41:45,58219.0,1738.0,1080.0,ascending,/144145h3902.35N/10335.63WO180/039/A=058219 141T857P EOSS Balloon,"KC0D-2>APZEOS,EOSS,WIDE2-1,qAO,AE0SS-9:/144145h3902.35N/10335.63WO180/039/A=058219 141T857P EOSS Balloon",180.0,45.0,39.0391666667,-103.5938333333,287.25,8570.0,0.00020167,0.10393534,-1.111e-05,-0.00013333,28.96666667,high Re,0.031111,27.41215,0.001357,1.976082,0.045807,0.786666,0.649551,26.234851
EOSS-361,AE0SS-4,2024-08-03 08:42:04.052,2024-08-03 08:42:01,58570.0,1648.0,1096.0,ascending,/144201h3902.22N/10335.68WO217/024/A=058570 -573T853P EOSS BALLOON,"AE0SS-4>APZEOS,EOSS,WIDE2-1,qAO,AE0SS-10:/144201h3902.22N/10335.68WO217/024/A=058570 -573T853P EOSS BALLOON",217.0,28.0,39.037,-103.5946666667,215.85,8530.0,0.00026712,0.13767004,-4.444e-05,-0.00015556,27.46666667,high Re,-0.05,27.412654,0.000877,1.966833,0.04586,0.027462,-1.109398,25.870835
EOSS-361,AE0SS-2,2024-08-03 08:42:11.063,2024-08-03 08:42:08,58725.0,1612.0,1103.0,ascending,/144208h3902.18N/10335.70WO205/041/A=058725 -579T816P EOSS BALLOON,"AE0SS-2>APZEOS,EOSS,WIDE2-1,qAO,AE0SS-10:/144208h3902.18N/10335.70WO205/041/A=058725 -579T816P EOSS BALLOON",205.0,47.0,39.0363333333,-103.595,215.25,8160.0,0.00025625,0.13206552,-4.444e-05,-0.00013333,26.86666667,high Re,-0.02,27.407645,0.000684,1.958404,0.045689,-0.276234,-0.452713,25.707949
EOSS-361,KC0D-2,2024-08-03 08:42:17.346,2024-08-03 08:42:15,59051.0,1664.0,1110.0,ascending,/144215h3902.14N/10335.74WO205/025/A=059051 138T822P EOSS Balloon,"KC0D-2>APZEOS,EOSS,WIDE2-1,qAO,K0SCC-8:/144215h3902.14N/10335.74WO205/025/A=059051 138T822P EOSS Balloon",205.0,29.0,39.0356666667,-103.5956666667,286.95,8220.0,0.00019363,0.09979483,-6.111e-05,-0.00011667,27.73333333,high Re,0.028889,27.410606,0.000943,1.949647,0.045557,0.165531,0.613429,25.362093
EOSS-361,AE0SS-4,2024-08-03 08:42:36.496,2024-08-03 08:42:31,59393.0,1646.0,1126.0,ascending,/144231h3902.03N/10335.88WO238/035/A=059393 -574T814P EOSS BALLOON,"AE0SS-4>APZEOS,EOSS*,WIDE2-1,qAO,W9CN-9:/144231h3902.03N/10335.88WO238/035/A=059393 -574T814P EOSS BALLOON",238.0,40.0,39.0338333333,-103.598,215.75,8140.0,0.00025503,0.13143652,-0.00011111,-0.00010556,27.43333333,high Re,-0.01,27.410811,0.000843,1.940766,0.04536,0.011605,-0.239043,24.995942
EOSS-361,AE0SS-2,2024-08-03 08:42:43.480,2024-08-03 08:42:38,59541.0,1632.0,1133.0,ascending,/144238h3902.00N/10335.94WO211/038/A=059541 -580T787P EOSS BALLOON,"AE0SS-2>APZEOS,EOSS,WIDE2-1,qAO,K0SCC-8:/144238h3902.00N/10335.94WO211/038/A=059541 -580T787P EOSS BALLOON",211.0,44.0,39.0333333333,-103.599,215.15,7870.0,0.00024726,0.12743122,-0.00013333,-0.0001,27.2,high Re,-0.007778,27.408929,0.000766,1.932107,0.045161,-0.108135,-0.18919,24.836891
EOSS-361,KC0D-2,2024-08-03 08:42:47.290,2024-08-03 08:42:45,59869.0,1636.0,1140.0,ascending,/144245h3901.98N/10336.00WO240/021/A=059869 132T788P EOSS Balloon,"KC0D-2>APZEOS,EOSS,WIDE2-1,qAO,K0SCC-8:/144245h3901.98N/10336.00WO240/021/A=059869 132T788P EOSS Balloon",240.0,24.0,39.033,-103.6,286.35,7880.0,0.00018601,0.09586752,-0.00014444,-8.889e-05,27.26666667,high Re,0.002222,27.40767,0.000779,1.923509,0.044957,-0.073305,0.032097,24.484075
EOSS-361,AE0SS-4,2024-08-03 08:43:04.086,2024-08-03 08:43:01,60199.0,1612.0,1156.0,ascending,/144301h3901.93N/10336.13WO263/026/A=060199 -568T781P EOSS BALLOON,"AE0SS-4>APZEOS,EOSS,WIDE2-1,qAO,AE0SS-10:/144301h3901.93N/10336.13WO263/026/A=060199 -568T781P EOSS BALLOON",263.0,30.0,39.0321666667,-103.6021666667,216.35,7810.0,0.00024401,0.12575828,-0.00013889,-5.556e-05,26.86666667,high Re,-0.013333,27.402924,0.000654,1.915649,0.044776,-0.279935,-0.312377,24.129968
EOSS-361,AE0SS-2,2024-08-03 08:43:10.909,2024-08-03 08:43:08,60321.0,1560.0,1163.0,ascending,/144308h3901.93N/10336.19WO234/019/A=060321 -571T752P EOSS BALLOON,"AE0SS-2>APZEOS,EOSS,WIDE2-1,qAO,K0SCC-8:/144308h3901.93N/10336.19WO234/019/A=060321 -571T752P EOSS BALLOON",234.0,22.0,39.0321666667,-103.6031666667,216.05,7520.0,0.00023528,0.12125678,-0.00013889,-3.889e-05,26.0,high Re,-0.028889,27.390725,0.000395,1.91171,0.044663,-0.727477,-0.655666,23.999591
EOSS-361,KC0D-2,2024-08-03 08:43:17.321,2024-08-03 08:43:15,60541.0,1344.0,1170.0,ascending,/144315h3901.93N/10336.26WO255/028/A=060541 129T762P EOSS Balloon,"KC0D-2>APZEOS,EOSS,WIDE2-1,qAO,K0SCC-8:/144315h3901.93N/10336.26WO255/028/A=060541 129T762P EOSS Balloon",255.0,32.0,39.0321666667,-103.6043333333,286.05,7620.0,0.00018006,0.0928016,-0.00014444,-2.778e-05,22.4,low Re,-0.12,27.347701,-0.000652,1.958973,0.045862,-2.525661,-2.602329,23.765578
EOSS-361,AE0SS-4,2024-08-03 08:43:36.531,2024-08-03 08:43:31,60750.0,1102.0,1186.0,ascending,/144331h3901.89N/10336.37WO263/020/A=060750 -556T757P EOSS BALLOON,"AE0SS-4>APZEOS,EOSS,WIDE2-1,qAO,K0SCC-8:/144331h3901.89N/10336.37WO263/020/A=060750 -556T757P EOSS BALLOON",263.0,23.0,39.0315,-103.6061666667,217.55,7570.0,0.00023521,0.12122138,-0.00013333,-2.222e-05,18.36666667,low Re,-0.134444,27.27094,-0.001806,2.119878,0.047322,-4.200371,-2.802882,23.544917
EOSS-361,AE0SS-2,2024-08-03 08:43:43.407,2024-08-03 08:43:38,60890.0,1138.0,1193.0,ascending,/144338h3901.90N/10336.42WO222/022/A=060890 -564T733P EOSS BALLOON,"AE0SS-2>APZEOS,EOSS,WIDE2-1,qAO,K0SCC-8:/144338h3901.90N/10336.42WO222/022/A=060890 -564T733P EOSS BALLOON",222.0,25.0,39.0316666667,-103.607,216.75,7330.0,0.00022859,0.1178114,-0.00012778,-1.667e-05,18.96666667,low Re,0.02,27.200565,-0.001619,2.24497,0.04716,-3.66771,0.458418,23.398197
EOSS-361,KC0D-2,2024-08-03 08:43:47.291,2024-08-03 08:43:45,61102.0,1122.0,1200.0,ascending,/144345h3901.89N/10336.48WO259/016/A=061102 123T741P EOSS Balloon,"KC0D-2>APZEOS,EOSS,WIDE2-1,qAO,K0SCC-8:/144345h3901.89N/10336.48WO259/016/A=061102 123T741P EOSS Balloon",259.0,18.0,39.0315,-103.608,285.45,7410.0,0.00017547,0.09043376,-0.00012222,-2.222e-05,18.7,low Re,-0.008889,27.129132,-0.001681,2.367362,0.046963,-3.560559,-0.153483,23.17797
EOSS-361,AE0SS-4,2024-08-03 08:44:04.048,2024-08-03 08:44:01,61339.0,1178.0,1216.0,ascending,/144401h3901.88N/10336.56WO260/027/A=061339 -563T741P EOSS BALLOON,"AE0SS-4>APZEOS,EOSS,WIDE2-1,qAO,K0SCC-8:/144401h3901.88N/10336.56WO260/027/A=061339 -563T741P EOSS BALLOON",260.0,31.0,39.0313333333,-103.6093333333,216.85,7410.0,0.00023098,0.11904228,-0.00010556,-5.56e-06,19.63333333,low Re,0.031111,27.066667,-0.001405,2.454696,0.04686,-3.028209,0.693897,22.934961
EOSS-361,AE0SS-2,2024-08-03 08:44:10.861,2024-08-03 08:44:08,61470.0,1160.0,1223.0,ascending,/144408h3901.89N/10336.60WO095/005/A=061470 -571T708P EOSS BALLOON,"AE0SS-2>APZEOS,EOSS,WIDE2-1,qAO,AE0SS-9:/144408h3901.89N/10336.60WO095/005/A=061470 -571T708P EOSS BALLOON",95.0,6.0,39.0315,-103.61,216.05,7080.0,0.00022151,0.11416197,-0.0001,-5.56e-06,19.33333333,low Re,-0.01,27.002755,-0.001477,2.543535,0.04667,-3.015261,-0.182623,22.802261
EOSS-361,KC0D-2,2024-08-03 08:44:17.228,2024-08-03 08:44:15,61698.0,1192.0,1230.0,ascending,/144415h3901.89N/10336.66WO274/016/A=061698 120T719P EOSS Balloon,"KC0D-2>APZEOS,EOSS,WIDE2-1,qAO,AE0SS-9:/144415h3901.89N/10336.66WO274/016/A=061698 120T719P EOSS Balloon",274.0,18.0,39.0315,-103.611,285.15,7190.0,0.00017044,0.08784114,-0.0001,0.0,19.86666667,low Re,0.017778,26.944262,-0.001318,2.614099,0.046508,-2.70747,0.410596,22.574353
EOSS-361,AE0SS-4,2024-08-03 08:44:36.546,2024-08-03 08:44:31,61936.0,1194.0,1246.0,ascending,/144431h3901.87N/10336.74WO254/024/A=061936 -566T716P EOSS BALLOON,"AE0SS-4>APZEOS,EOSS,WIDE2-1,qAO,K0SCC-8:/144431h3901.87N/10336.74WO254/024/A=061936 -566T716P EOSS BALLOON",254.0,28.0,39.0311666667,-103.6123333333,216.55,7160.0,0.0002235,0.11518536,-0.0001,-5.56e-06,19.9,low Re,0.001111,26.886992,-0.001298,2.679725,0.046316,-2.607354,0.052012,22.340972
EOSS-361,AE0SS-2,2024-08-03 08:44:43.472,2024-08-03 08:44:38,62048.0,1156.0,1253.0,ascending,/144438h3901.86N/10336.79WO228/019/A=062048 -574T688P EOSS BALLOON,"AE0SS-2>APZEOS,EOSS,WIDE2-1,qAO,K0SCC-8:/144438h3901.86N/10336.79WO228/019/A=062048 -574T688P EOSS BALLOON",228.0,22.0,39.031,-103.6131666667,215.75,6880.0,0.00021555,0.11109131,-0.00010556,-1.667e-05,19.26666667,low Re,-0.021111,26.825538,-0.001459,2.755149,0.04616,-2.743544,-0.425737,22.232872
EOSS-361,KC0D-2,2024-08-03 08:44:47.338,2024-08-03 08:44:45,62288.0,1180.0,1260.0,ascending,/144445h3901.86N/10336.84WO260/018/A=062288 115T698P EOSS Balloon,"KC0D-2>APZEOS,EOSS,WIDE2-1,qAO,K0SCC-8:/144445h3901.86N/10336.84WO260/018/A=062288 115T698P EOSS Balloon",260.0,21.0,39.031,-103.614,284.65,6980.0,0.00016575,0.08542533,-0.0001,-1.667e-05,19.66666667,low Re,0.013333,26.768267,-0.00134,2.817734,0.045991,-2.520323,0.319041,22.005219
EOSS-361,AE0SS-4,2024-08-03 08:45:04.058,2024-08-03 08:45:01,62535.0,1198.0,1276.0,ascending,/144501h3901.85N/10336.95WO288/029/A=062535 -556T695P EOSS BALLOON,"AE0SS-4>APZEOS,EOSS,WIDE2-1,qAO,K0SCC-8:/144501h3901.85N/10336.95WO288/029/A=062535 -556T695P EOSS BALLOON",288.0,33.0,39.0308333333,-103.6158333333,217.55,6950.0,0.00021594,0.11129308,-0.00011667,-1.111e-05,19.96666667,low Re,0.01,26.714286,-0.001249,2.871109,0.045816,-2.350179,0.245526,21.776972
EOSS-361,AE0SS-2,2024-08-03 08:45:10.919,2024-08-03 08:45:08,62645.0,1194.0,1283.0,ascending,/144508h3901.84N/10337.01WO249/024/A=062645 -559T663P EOSS BALLOON,"AE0SS-2>APZEOS,EOSS,WIDE2-1,qAO,K0SCC-8:/144508h3901.84N/10337.01WO249/024/A=062645 -559T663P EOSS BALLOON",249.0,28.0,39.0306666667,-103.6168333333,217.25,6630.0,0.00020629,0.1063154,-0.00012222,-1.111e-05,19.9,low Re,-0.002222,26.66063,-0.001257,2.922921,0.045633,-2.31297,-0.021147,21.677412
EOSS-361,KC0D-2,2024-08-03 08:45:17.271,2024-08-03 08:45:15,62863.0,1150.0,1290.0,ascending,/144515h3901.86N/10337.06WO277/017/A=062863 113T678P EOSS Balloon,"KC0D-2>APZEOS,EOSS,WIDE2-1,qAO,AE0SS-9:/144515h3901.86N/10337.06WO277/017/A=062863 113T678P EOSS Balloon",277.0,20.0,39.031,-103.6176666667,284.45,6780.0,0.00016112,0.08303596,-0.00012222,0.0,19.16666667,low Re,-0.024444,26.602083,-0.001439,2.98579,0.045498,-2.490268,-0.505627,21.484089
EOSS-361,AE0SS-4,2024-08-03 08:45:36.539,2024-08-03 08:45:31,63090.0,1110.0,1306.0,ascending,/144531h3901.87N/10337.20WO296/029/A=063090 -538T675P EOSS BALLOON,"AE0SS-4>APZEOS,EOSS,WIDE2-1,qAO,K0SCC-8:/144531h3901.87N/10337.20WO296/029/A=063090 -538T675P EOSS BALLOON",296.0,33.0,39.0311666667,-103.62,219.35,6750.0,0.00020801,0.10720341,-0.00013889,1.111e-05,18.5,low Re,-0.022222,26.539276,-0.001602,3.058457,0.045356,-2.62854,-0.454626,21.288658
EOSS-361,AE0SS-2,2024-08-03 08:45:43.439,2024-08-03 08:45:38,63176.0,1062.0,1313.0,ascending,/144538h3901.87N/10337.23WO248/020/A=063176 -548T646P EOSS BALLOON,"AE0SS-2>APZEOS,EOSS,WIDE2-1,qAO,AE0SS-10:/144538h3901.87N/10337.23WO248/020/A=063176 -548T646P EOSS BALLOON",248.0,23.0,39.0311666667,-103.6205,218.35,6460.0,0.00019998,0.10306751,-0.00012222,1.667e-05,17.7,low Re,-0.026667,26.471282,-0.001796,3.143671,0.045232,-2.79014,-0.549854,21.216241
EOSS-361,KC0D-2,2024-08-03 08:45:47.297,2024-08-03 08:45:45,63448.0,1170.0,1320.0,ascending,/144545h3901.90N/10337.28WO321/017/A=063448 108T658P EOSS Balloon,"KC0D-2>APZEOS,EOSS,WIDE2-1,qAO,AE0SS-10:/144545h3901.90N/10337.28WO321/017/A=063448 108T658P EOSS Balloon",321.0,20.0,39.0316666667,-103.6213333333,283.95,6580.0,0.00015664,0.08072842,-0.00012222,2.222e-05,19.5,low Re,0.06,26.418066,-0.001321,3.19024,0.045381,-2.16851,1.351248,20.993278
EOSS-361,AE0SS-4,2024-08-03 08:46:04.127,2024-08-03 08:46:01,63731.0,1282.0,1336.0,ascending,/144601h3901.95N/10337.36WO307/031/A=063731 -532T657P EOSS BALLOON,"AE0SS-4>APZEOS,EOSS,WIDE2-1,qAO,K0SCC-8:/144601h3901.95N/10337.36WO307/031/A=063731 -532T657P EOSS BALLOON",307.0,36.0,39.0325,-103.6226666667,219.95,6570.0,0.00020191,0.10406001,-8.889e-05,4.444e-05,21.36666667,low Re,0.062222,26.379798,-0.000835,3.208309,0.045546,-1.562546,1.384468,20.771441
EOSS-361,AE0SS-2,2024-08-03 08:46:10.872,2024-08-03 08:46:08,63872.0,1392.0,1343.0,ascending,/144608h3901.95N/10337.39WO242/004/A=063872 -538T623P EOSS BALLOON,"AE0SS-2>APZEOS,EOSS,WIDE2-1,qAO,AE0SS-10:/144608h3901.95N/10337.39WO242/004/A=063872 -538T623P EOSS BALLOON",242.0,5.0,39.0325,-103.6231666667,219.35,6230.0,0.00019198,0.09894477,-8.889e-05,4.444e-05,23.2,low Re,0.061111,26.35589,-0.000366,3.208005,0.045691,-0.983755,1.345495,20.664902
EOSS-361,KC0D-2,2024-08-03 08:46:17.309,2024-08-03 08:46:15,64092.0,1288.0,1350.0,ascending,/144615h3901.97N/10337.43WO272/008/A=064092 106T637P EOSS Balloon,"KC0D-2>APZEOS,EOSS,WIDE2-1,qAO,AE0SS-9:/144615h3901.97N/10337.43WO272/008/A=064092 106T637P EOSS Balloon",272.0,9.0,39.0328333333,-103.6238333333,283.75,6370.0,0.00015175,0.07820707,-8.333e-05,3.889e-05,21.46666667,low Re,-0.057778,26.319403,-0.000798,3.22371,0.045789,-1.505327,-1.244404,20.504102
EOSS-361,AE0SS-4,2024-08-03 08:46:36.549,2024-08-03 08:46:31,64334.0,1206.0,1366.0,ascending,/144631h3901.96N/10337.45WO290/009/A=064334 -518T640P EOSS BALLOON,"AE0SS-4>APZEOS,EOSS,WIDE2-1,qAO,AE0SS-10:/144631h3901.96N/10337.45WO290/009/A=064334 -518T640P EOSS BALLOON",290.0,10.0,39.0326666667,-103.6241666667,221.35,6400.0,0.00019544,0.1007263,-5e-05,5.56e-06,20.1,low Re,-0.045556,26.273333,-0.001132,3.25596,0.04578,-1.89601,-0.97038,20.335027
EOSS-361,AE0SS-2,2024-08-03 08:46:43.407,2024-08-03 08:46:38,64543.0,1342.0,1373.0,ascending,/144638h3901.94N/10337.48WO133/010/A=064543 -524T604P EOSS BALLOON,"AE0SS-2>APZEOS,EOSS,WIDE2-1,qAO,K0SCC-8:/144638h3901.94N/10337.48WO133/010/A=064543 -524T604P EOSS BALLOON",133.0,12.0,39.0323333333,-103.6246666667,220.75,6040.0,0.00018495,0.09531882,-5e-05,-5.56e-06,22.36666667,low Re,0.075556,26.244608,-0.000564,3.26113,0.046084,-1.18914,1.651766,20.19571
EOSS-361,KC0D-2,2024-08-03 08:46:47.345,2024-08-03 08:46:45,64840.0,1496.0,1380.0,ascending,/144645h3901.94N/10337.50WO233/011/A=064840 102T614P EOSS Balloon,"KC0D-2>APZEOS,EOSS,WIDE2-1,qAO,K0SCC-8:/144645h3901.94N/10337.50WO233/011/A=064840 102T614P EOSS Balloon",233.0,13.0,39.0323333333,-103.625,283.35,6140.0,0.00014647,0.07548968,-3.889e-05,-1.667e-05,24.93333333,low Re,0.085556,26.235036,6.9e-05,3.25105,0.046503,-0.400395,1.838312,20.008596
EOSS-361,AE0SS-4,2024-08-03 08:47:04.322,2024-08-03 08:47:01,65075.0,1482.0,1396.0,ascending,/144701h3901.92N/10337.55WO259/029/A=065075 -518T612P EOSS BALLOON,"AE0SS-4>APZEOS,EOSS,WIDE2-1,qAO,AE0SS-10:/144701h3901.92N/10337.55WO259/029/A=065075 -518T612P EOSS BALLOON",259.0,33.0,39.032,-103.6258333333,221.35,6120.0,0.00018689,0.09631953,-5.556e-05,-2.222e-05,24.7,low Re,-0.007778,26.223913,1.2e-05,3.241797,0.046337,-0.470083,-0.168116,19.869689
EOSS-361,AE0SS-2,2024-08-03 08:47:24.658,2024-08-03 08:47:08,65217.0,1348.0,1403.0,ascending,/144708h3901.90N/10337.58WO210/019/A=065217 -524T587P EOSS BALLOON,"AE0SS-2>APZEOS,EOSS,WIDE2-1,qAO,K0SCC-8:/144708h3901.90N/10337.58WO210/019/A=065217 -524T587P EOSS BALLOON",210.0,22.0,39.0316666667,-103.6263333333,220.75,5870.0,0.00017974,0.09263601,-5.556e-05,-2.222e-05,22.46666667,low Re,-0.074444,26.196882,-0.000527,3.245713,0.0466,-1.149275,-1.586202,19.789698
EOSS-361,KC0D-2,2024-08-03 08:47:17.269,2024-08-03 08:47:15,65439.0,1198.0,1410.0,ascending,/144715h3901.90N/10337.62WO241/013/A=065439 101T597P EOSS Balloon,"KC0D-2>APZEOS,EOSS,WIDE2-1,qAO,AE0SS-9:/144715h3901.90N/10337.62WO241/013/A=065439 101T597P EOSS Balloon",241.0,15.0,39.0316666667,-103.627,283.25,5970.0,0.00014247,0.07342549,-6.667e-05,-2.222e-05,19.96666667,low Re,-0.083333,26.152381,-0.001123,3.276602,0.04696,-1.887844,-1.750639,19.670619
EOSS-361,AE0SS-4,2024-08-03 08:47:36.554,2024-08-03 08:47:31,65638.0,1126.0,1426.0,ascending,/144731h3901.86N/10337.71WO273/029/A=065638 -521T596P EOSS BALLOON,"AE0SS-4>APZEOS,EOSS,WIDE2-1,qAO,K0SCC-8:/144731h3901.86N/10337.71WO273/029/A=065638 -521T596P EOSS BALLOON",273.0,33.0,39.031,-103.6285,221.05,5960.0,0.00018225,0.09392867,-8.889e-05,-3.333e-05,18.76666667,low Re,-0.04,26.1,-0.001401,3.323598,0.046906,-2.206444,-0.822901,19.570078
EOSS-361,AE0SS-2,2024-08-03 08:47:43.475,2024-08-03 08:47:38,65770.0,1106.0,1433.0,ascending,/144738h3901.85N/10337.76WO244/036/A=065770 -524T567P EOSS BALLOON,"AE0SS-2>APZEOS,EOSS,WIDE2-1,qAO,K0SCC-8:/144738h3901.85N/10337.76WO244/036/A=065770 -524T567P EOSS BALLOON",244.0,41.0,39.0308333333,-103.6293333333,220.75,5670.0,0.00017362,0.08947976,-0.0001,-2.778e-05,18.43333333,low Re,-0.011111,26.046009,-0.00147,3.373706,0.046745,-2.256473,-0.206247,19.506617
EOSS-361,KC0D-2,2024-08-03 08:47:47.237,2024-08-03 08:47:45,66007.0,1136.0,1440.0,ascending,/144745h3901.85N/10337.82WO255/023/A=066007 97T580P EOSS Balloon,"KC0D-2>APZEOS,EOSS,WIDE2-1,qAO,AE0SS-9:/144745h3901.85N/10337.82WO255/023/A=066007 97T580P EOSS Balloon",255.0,26.0,39.0308333333,-103.6303333333,282.85,5800.0,0.00013861,0.07143553,-0.00011111,-2.778e-05,18.93333333,low Re,0.016667,25.99627,-0.001342,3.414017,0.046604,-2.068805,0.386426,19.399121
EOSS-361,AE0SS-4,2024-08-03 08:48:04.126,2024-08-03 08:48:01,66227.0,1178.0,1456.0,ascending,/144801h3901.83N/10337.91WO321/019/A=066227 -512T577P EOSS BALLOON,"AE0SS-4>APZEOS,EOSS,WIDE2-1,qAO,K0SCC-8:/144801h3901.83N/10337.91WO321/019/A=066227 -512T577P EOSS BALLOON",321.0,22.0,39.0305,-103.6318333333,221.95,5770.0,0.00017573,0.09056557,-0.00011111,-1.667e-05,19.63333333,low Re,0.023333,25.952083,-0.001169,3.443133,0.046485,-1.835174,0.527095,19.306697
EOSS-361,AE0SS-2,2024-08-03 08:48:10.932,2024-08-03 08:48:08,66370.0,1200.0,1463.0,ascending,/144808h3901.83N/10337.95WO295/025/A=066370 -519T551P EOSS BALLOON,"AE0SS-2>APZEOS,EOSS,WIDE2-1,qAO,AE0SS-10:/144808h3901.83N/10337.95WO295/025/A=066370 -519T551P EOSS BALLOON",295.0,29.0,39.0305,-103.6325,221.25,5510.0,0.00016834,0.08675825,-0.00010556,-1.111e-05,20.0,low Re,0.012222,25.911034,-0.001076,3.466578,0.046336,-1.70515,0.286991,19.250391
EOSS-361,KC0D-2,2024-08-03 08:48:17.272,2024-08-03 08:48:15,66586.0,1158.0,1470.0,ascending,/144815h3901.84N/10337.98WO265/012/A=066586 96T563P EOSS Balloon,"KC0D-2>APZEOS,EOSS,WIDE2-1,qAO,K0SCC-8:/144815h3901.84N/10337.98WO265/012/A=066586 96T563P EOSS Balloon",265.0,14.0,39.0306666667,-103.633,282.75,5630.0,0.00013459,0.06936625,-8.889e-05,-5.56e-06,19.3,low Re,-0.023333,25.865753,-0.00123,3.497662,0.046211,-1.877183,-0.478306,19.170912
EOSS-361,AE0SS-4,2024-08-03 08:48:36.574,2024-08-03 08:48:31,66809.0,1164.0,1486.0,ascending,/144831h3901.81N/10338.02WO149/016/A=066809 -516T565P EOSS BALLOON,"AE0SS-4>APZEOS,EOSS,WIDE2-1,qAO,K0SCC-8:/144831h3901.81N/10338.02WO149/016/A=066809 -516T565P EOSS BALLOON",149.0,18.0,39.0301666667,-103.6336666667,221.55,5650.0,0.00017238,0.08884217,-6.111e-05,-1.111e-05,19.4,low Re,0.003333,25.821769,-0.001199,3.526222,0.046053,-1.821147,0.098408,19.095799
EOSS-361,AE0SS-2,2024-08-03 08:48:43.390,2024-08-03 08:48:38,66944.0,1148.0,1493.0,ascending,/144838h3901.81N/10338.04WO025/010/A=066944 -522T532P EOSS BALLOON,"AE0SS-2>APZEOS,EOSS,WIDE2-1,qAO,K0SCC-8:/144838h3901.81N/10338.04WO025/010/A=066944 -522T532P EOSS BALLOON",25.0,12.0,39.0301666667,-103.634,220.95,5320.0,0.00016275,0.08388032,-5e-05,-1.111e-05,19.13333333,low Re,-0.008889,25.776577,-0.001251,3.556954,0.0459,-1.867678,-0.166405,19.053702
EOSS-361,KC0D-2,2024-08-03 08:48:47.337,2024-08-03 08:48:45,67170.0,1168.0,1500.0,ascending,/144845h3901.80N/10338.05WO260/007/A=067170 92T548P EOSS Balloon,"KC0D-2>APZEOS,EOSS,WIDE2-1,qAO,AE0SS-10:/144845h3901.80N/10338.05WO260/007/A=067170 92T548P EOSS Balloon",260.0,8.0,39.03,-103.6341666667,282.35,5480.0,0.00013119,0.06761378,-3.889e-05,-2.222e-05,19.46666667,low Re,0.011111,25.734228,-0.001167,3.582409,0.045755,-1.749538,0.268342,18.988825
EOSS-361,AE0SS-4,2024-08-03 08:49:04.124,2024-08-03 08:49:01,67397.0,1176.0,1516.0,ascending,/144901h3901.79N/10338.07WO188/022/A=067397 -523T550P EOSS BALLOON,"AE0SS-4>APZEOS,EOSS,WIDE2-1,qAO,K0SCC-8:/144901h3901.79N/10338.07WO188/022/A=067397 -523T550P EOSS BALLOON",188.0,25.0,39.0298333333,-103.6345,220.85,5500.0,0.00016834,0.08675764,-2.778e-05,-1.111e-05,19.6,low Re,0.004444,25.693333,-0.00113,3.605326,0.045602,-1.690092,0.122231,18.930572
EOSS-361,AE0SS-2,2024-08-03 08:49:11.010,2024-08-03 08:49:08,67540.0,1192.0,1523.0,ascending,/144908h3901.78N/10338.09WO310/003/A=067540 -526T517P EOSS BALLOON,"AE0SS-2>APZEOS,EOSS,WIDE2-1,qAO,K0SCC-8:/144908h3901.78N/10338.09WO310/003/A=067540 -526T517P EOSS BALLOON",310.0,3.0,39.0296666667,-103.6348333333,220.55,5170.0,0.00015845,0.08166311,-2.778e-05,-1.667e-05,19.86666667,low Re,0.008889,25.654746,-0.001063,3.624439,0.045456,-1.596959,0.218937,18.897349
EOSS-361,KC0D-2,2024-08-03 08:49:17.254,2024-08-03 08:49:15,67769.0,1198.0,1530.0,ascending,/144915h3901.77N/10338.11WO250/006/A=067769 92T531P EOSS Balloon,"KC0D-2>APZEOS,EOSS,WIDE2-1,qAO,AE0SS-9:/144915h3901.77N/10338.11WO250/006/A=067769 92T531P EOSS Balloon",250.0,7.0,39.0295,-103.6351666667,282.35,5310.0,0.00012712,0.06551627,-3.333e-05,-1.667e-05,19.96666667,low Re,0.003333,25.617325,-0.001034,3.64176,0.045306,-1.551628,0.096389,18.849594
EOSS-361,AE0SS-4,2024-08-03 08:49:36.592,2024-08-03 08:49:31,67997.0,1200.0,1546.0,ascending,/144931h3901.77N/10338.16WO233/025/A=067997 -513T532P EOSS BALLOON,"AE0SS-4>APZEOS,EOSS,WIDE2-1,qAO,K0SCC-8:/144931h3901.77N/10338.16WO233/025/A=067997 -513T532P EOSS BALLOON",233.0,29.0,39.0295,-103.636,221.85,5320.0,0.00016209,0.08354003,-5e-05,-1.111e-05,20.0,low Re,0.001111,25.58061,-0.00102,3.65806,0.045156,-1.525565,0.047192,18.808519
EOSS-361,AE0SS-2,2024-08-03 08:49:43.505,2024-08-03 08:49:38,68134.0,1188.0,1553.0,ascending,/144938h3901.77N/10338.18WO309/005/A=068134 -524T501P EOSS BALLOON,"AE0SS-2>APZEOS,EOSS,WIDE2-1,qAO,K0SCC-8:/144938h3901.77N/10338.18WO309/005/A=068134 -524T501P EOSS BALLOON",309.0,6.0,39.0295,-103.6363333333,220.75,5010.0,0.00015341,0.07906412,-5e-05,-5.56e-06,19.8,low Re,-0.006667,25.543074,-0.001057,3.675721,0.04501,-1.562435,-0.124639,18.786848
EOSS-361,KC0D-2,2024-08-03 08:49:47.286,2024-08-03 08:49:45,68360.0,1182.0,1560.0,ascending,/144945h3901.76N/10338.22WO233/014/A=068360 88T516P EOSS Balloon,"KC0D-2>APZEOS,EOSS,WIDE2-1,qAO,AE0SS-10:/144945h3901.76N/10338.22WO233/014/A=068360 88T516P EOSS Balloon",233.0,16.0,39.0293333333,-103.637,281.95,5160.0,0.00012371,0.06375585,-6.111e-05,-5.56e-06,19.7,low Re,-0.003333,25.505376,-0.001071,3.693705,0.044863,-1.571695,-0.05042,18.755868
EOSS-361,AE0SS-4,2024-08-03 08:50:04.212,2024-08-03 08:50:01,68594.0,1194.0,1576.0,ascending,/145001h3901.71N/10338.29WO252/033/A=068594 -512T519P EOSS BALLOON,"AE0SS-4>APZEOS,EOSS,WIDE2-1,qAO,K0SCC-8:/145001h3901.71N/10338.29WO252/033/A=068594 -512T519P EOSS BALLOON",252.0,38.0,39.0285,-103.6381666667,221.95,5190.0,0.00015806,0.08146192,-7.222e-05,-3.333e-05,19.9,low Re,0.006667,25.469444,-0.001022,3.709023,0.044721,-1.501593,0.171933,18.729815
EOSS-361,AE0SS-2,2024-08-03 08:50:12.240,2024-08-03 08:50:08,68691.0,1114.0,1583.0,ascending,/145008h3901.71N/10338.33WO173/007/A=068691 -524T489P EOSS BALLOON,"AE0SS-2>APZEOS,EOSS,WIDE2-1,qAO,K0SCC-8:/145008h3901.71N/10338.33WO173/007/A=068691 -524T489P EOSS BALLOON",173.0,8.0,39.0285,-103.6388333333,220.75,4890.0,0.00014974,0.07717037,-8.333e-05,-3.333e-05,18.56666667,low Re,-0.044444,25.425478,-0.0013,3.737935,0.044712,-1.83492,-0.964931,18.720745
EOSS-361,KC0D-2,2024-08-03 08:50:17.343,2024-08-03 08:50:15,68933.0,1146.0,1590.0,ascending,/145015h3901.69N/10338.40WO238/025/A=068933 88T502P EOSS Balloon,"KC0D-2>APZEOS,EOSS,WIDE2-1,qAO,AE0SS-10:/145015h3901.69N/10338.40WO238/025/A=068933 88T502P EOSS Balloon",238.0,29.0,39.0281666667,-103.64,281.95,5020.0,0.00012035,0.06202604,-0.0001,-3.889e-05,19.1,low Re,0.017778,25.385443,-0.001178,3.75984,0.044594,-1.671732,0.42508,18.702349
EOSS-361,AE0SS-4,2024-08-03 08:50:36.712,2024-08-03 08:50:31,69158.0,1128.0,1606.0,ascending,/145031h3901.64N/10338.50WO275/027/A=069158 -512T504P EOSS BALLOON,"AE0SS-4>APZEOS,EOSS,WIDE2-1,qAO,K0SCC-8:/145031h3901.64N/10338.50WO275/027/A=069158 -512T504P EOSS BALLOON",275.0,31.0,39.0273333333,-103.6416666667,221.95,5040.0,0.00015349,0.07910753,-0.00011667,-3.889e-05,18.8,low Re,-0.01,25.344025,-0.001234,3.784136,0.044458,-1.729331,-0.197175,18.690425
EOSS-361,KC0D-2,2024-08-03 08:50:47.258,2024-08-03 08:50:45,69491.0,1116.0,1620.0,ascending,/145045h3901.63N/10338.61WO254/023/A=069491 85T488P EOSS Balloon,"KC0D-2>APZEOS,EOSS,WIDE2-1,qAO,AE0SS-10:/145045h3901.63N/10338.61WO254/023/A=069491 85T488P EOSS Balloon",254.0,26.0,39.0271666667,-103.6435,281.65,4880.0,0.00011712,0.06036046,-0.00011667,-3.333e-05,18.6,low Re,-0.006667,25.301875,-0.001268,3.809709,0.044319,-1.759157,-0.121821,18.68131
EOSS-361,AE0SS-4,2024-08-03 08:51:04.039,2024-08-03 08:51:01,69720.0,1124.0,1636.0,ascending,/145101h3901.58N/10338.71WO255/018/A=069720 -511T491P EOSS BALLOON,"AE0SS-4>APZEOS,EOSS,WIDE2-1,qAO,K0SCC-8:/145101h3901.58N/10338.71WO255/018/A=069720 -511T491P EOSS BALLOON",255.0,21.0,39.0263333333,-103.6451666667,222.05,4910.0,0.00014947,0.07703235,-0.00011667,-3.333e-05,18.73333333,low Re,0.004444,25.261077,-0.001233,3.832905,0.044182,-1.70308,0.128491,18.680511
EOSS-361,AE0SS-2,2024-08-03 08:51:10.941,2024-08-03 08:51:08,69837.0,1146.0,1643.0,ascending,/145108h3901.57N/10338.77WO192/021/A=069837 -519T458P EOSS BALLOON,"AE0SS-2>APZEOS,EOSS,WIDE2-1,qAO,K0SCC-8:/145108h3901.57N/10338.77WO192/021/A=069837 -519T458P EOSS BALLOON",192.0,24.0,39.0261666667,-103.6461666667,221.25,4580.0,0.00013993,0.07211484,-0.00012222,-3.889e-05,19.1,low Re,0.006111,25.223045,-0.001187,3.851522,0.044047,-1.589773,0.165687,18.681701
EOSS-361,KC0D-2,2024-08-03 08:51:17.259,2024-08-03 08:51:15,70062.0,1142.0,1650.0,ascending,/145115h3901.57N/10338.83WO259/026/A=070062 85T474P EOSS Balloon,"KC0D-2>APZEOS,EOSS,WIDE2-1,qAO,AE0SS-10:/145115h3901.57N/10338.83WO259/026/A=070062 85T474P EOSS Balloon",259.0,30.0,39.0261666667,-103.6471666667,281.65,4740.0,0.00011376,0.0586288,-0.00012222,-3.333e-05,19.03333333,low Re,-0.002222,25.185072,-0.001193,3.870103,0.04391,-1.589554,-0.023434,18.686825
EOSS-361,AE0SS-4,2024-08-03 08:51:36.592,2024-08-03 08:51:31,70278.0,1116.0,1666.0,ascending,/145131h3901.55N/10338.96WO300/020/A=070278 -501T478P EOSS BALLOON,"AE0SS-4>APZEOS,EOSS,WIDE2-1,qAO,K0SCC-8:/145131h3901.55N/10338.96WO300/020/A=070278 -501T478P EOSS BALLOON",300.0,23.0,39.0258333333,-103.6493333333,223.05,4780.0,0.00014486,0.07465658,-0.00013889,-1.667e-05,18.6,low Re,-0.014444,25.144919,-0.001275,3.892329,0.043787,-1.681492,-0.300751,18.695013
EOSS-361,AE0SS-2,2024-08-03 08:51:43.391,2024-08-03 08:51:38,70371.0,1068.0,1673.0,ascending,/145138h3901.55N/10339.03WO245/014/A=070371 -508T452P EOSS BALLOON,"AE0SS-2>APZEOS,EOSS,WIDE2-1,qAO,K0SCC-8:/145138h3901.55N/10339.03WO245/014/A=070371 -508T452P EOSS BALLOON",245.0,16.0,39.0258333333,-103.6505,222.35,4520.0,0.00013741,0.07081802,-0.00014444,-1.111e-05,17.8,low Re,-0.026667,25.100404,-0.00143,3.922346,0.043697,-1.861234,-0.577545,18.699453
EOSS-361,KC0D-2,2024-08-03 08:51:47.250,2024-08-03 08:51:45,70582.0,1040.0,1680.0,ascending,/145145h3901.57N/10339.10WO283/026/A=070582 82T462P EOSS Balloon,"KC0D-2>APZEOS,EOSS,WIDE2-1,qAO,AE0SS-10:/145145h3901.57N/10339.10WO283/026/A=070582 82T462P EOSS Balloon",283.0,30.0,39.0261666667,-103.6516666667,281.35,4620.0,0.000111,0.05720546,-0.00015,0.0,17.33333333,low Re,-0.015556,25.053614,-0.001515,3.956637,0.043578,-1.951223,-0.322204,18.711414
EOSS-361,AE0SS-2,2024-08-03 08:52:10.892,2024-08-03 08:52:08,70916.0,1090.0,1703.0,ascending,/145208h3901.57N/10339.25WO270/001/A=070916 -508T436P EOSS BALLOON,"AE0SS-2>APZEOS,EOSS*,WIDE2-1,qAO,N0JPS-9:/145208h3901.57N/10339.25WO270/001/A=070916 -508T436P EOSS BALLOON",270.0,1.0,39.0261666667,-103.6541666667,222.35,4360.0,0.00013255,0.06831118,-0.00012222,1.111e-05,18.16666667,low Re,0.027778,25.012375,-0.001339,3.980538,0.043505,-1.719795,0.669279,18.735158
EOSS-361,KC0D-2,2024-08-03 08:52:17.359,2024-08-03 08:52:15,71137.0,1110.0,1710.0,ascending,/145215h3901.57N/10339.28WO264/016/A=071137 82T450P EOSS Balloon,"KC0D-2>APZEOS,EOSS,WIDE2-1,qAO,AE0SS-10:/145215h3901.57N/10339.28WO264/016/A=071137 82T450P EOSS Balloon",264.0,18.0,39.0261666667,-103.6546666667,281.35,4500.0,0.00010811,0.05571961,-0.0001,0.0,18.5,low Re,0.011111,24.973611,-0.001264,4.000281,0.043384,-1.618289,0.285243,18.753672
EOSS-361,AE0SS-4,2024-08-03 08:52:37.257,2024-08-03 08:52:31,71330.0,1052.0,1726.0,ascending,/145231h3901.55N/10339.38WO243/029/A=071330 -486T455P EOSS BALLOON,"AE0SS-4>APZEOS,EOSS,WIDE2-1,qAO,AE0SS-10:/145231h3901.55N/10339.38WO243/029/A=071330 -486T455P EOSS BALLOON",243.0,33.0,39.0258333333,-103.6563333333,224.55,4550.0,0.00013697,0.07058961,-0.00011667,0.0,17.53333333,low Re,-0.016111,24.929586,-0.001353,4.029213,0.043269,-1.835657,-0.341076,18.77139
EOSS-361,AE0SS-2,2024-08-03 08:52:45.514,2024-08-03 08:52:38,71440.0,1048.0,1733.0,ascending,/145238h3901.55N/10339.45WO258/021/A=071440 -499T424P EOSS BALLOON,"AE0SS-2>APZEOS,EOSS,WIDE2-1,qAO,AE0SS-10:/145238h3901.55N/10339.45WO258/021/A=071440 -499T424P EOSS BALLOON",258.0,24.0,39.0258333333,-103.6575,223.25,4240.0,0.00012838,0.06616325,-0.00011111,-1.111e-05,17.46666667,low Re,-0.002222,24.885686,-0.001358,4.057846,0.04314,-1.828315,-0.020028,18.782053
EOSS-361,KC0D-2,2024-08-03 08:52:47.241,2024-08-03 08:52:45,71652.0,1030.0,1740.0,ascending,/145245h3901.54N/10339.52WO260/023/A=071652 80T439P EOSS Balloon,"KC0D-2>APZEOS,EOSS,WIDE2-1,qAO,K0SCC-8:/145245h3901.54N/10339.52WO260/023/A=071652 80T439P EOSS Balloon",260.0,26.0,39.0256666667,-103.6586666667,281.15,4390.0,0.00010555,0.05439624,-0.00013333,-1.667e-05,17.16666667,low Re,-0.01,24.840546,-0.001409,4.088728,0.043018,-1.876838,-0.199707,18.803601
EOSS-361,AE0SS-4,2024-08-03 08:53:04.090,2024-08-03 08:53:01,71876.0,1092.0,1756.0,ascending,/145301h3901.50N/10339.65WO253/035/A=071876 -484T444P EOSS BALLOON,"AE0SS-4>APZEOS,EOSS,WIDE2-1,qAO,K0SCC-8:/145301h3901.50N/10339.65WO253/035/A=071876 -484T444P EOSS BALLOON",253.0,40.0,39.025,-103.6608333333,224.75,4440.0,0.00013354,0.06882175,-0.00015,-2.778e-05,18.2,low Re,0.034444,24.801938,-0.001199,4.108078,0.042979,-1.607062,0.829312,18.827556
EOSS-361,AE0SS-2,2024-08-03 08:53:10.983,2024-08-03 08:53:08,71991.0,1102.0,1763.0,ascending,/145308h3901.49N/10339.70WO213/023/A=071991 -493T415P EOSS BALLOON,"AE0SS-2>APZEOS,EOSS,WIDE2-1,qAO,K0SCC-8:/145308h3901.49N/10339.70WO213/023/A=071991 -493T415P EOSS BALLOON",213.0,26.0,39.0248333333,-103.6616666667,223.85,4150.0,0.00012532,0.06458527,-0.00013889,-3.333e-05,18.36666667,low Re,0.005556,24.76474,-0.00116,4.125236,0.042856,-1.550959,0.156711,18.840232
EOSS-361,KC0D-2,2024-08-03 08:53:17.283,2024-08-03 08:53:15,72205.0,1106.0,1770.0,ascending,/145315h3901.48N/10339.76WO247/021/A=072205 81T427P EOSS Balloon,"KC0D-2>APZEOS,EOSS,WIDE2-1,qAO,K0SCC-8:/145315h3901.48N/10339.76WO247/021/A=072205 81T427P EOSS Balloon",247.0,24.0,39.0246666667,-103.6626666667,281.25,4270.0,0.00010262,0.05289051,-0.00013333,-3.333e-05,18.43333333,low Re,0.002222,24.728352,-0.00114,4.141206,0.042732,-1.520093,0.078676,18.864334
EOSS-361,AE0SS-4,2024-08-03 08:53:36.523,2024-08-03 08:53:31,72445.0,1138.0,1786.0,ascending,/145331h3901.43N/10339.86WO266/030/A=072445 -485T432P EOSS BALLOON,"AE0SS-4>APZEOS,EOSS,WIDE2-1,qAO,K0SCC-8:/145331h3901.43N/10339.86WO266/030/A=072445 -485T432P EOSS BALLOON",266.0,35.0,39.0238333333,-103.6643333333,224.65,4320.0,0.00012998,0.06699151,-0.00011667,-3.889e-05,18.96666667,low Re,0.017778,24.695429,-0.001031,4.152195,0.042632,-1.379695,0.441194,18.891893
EOSS-361,AE0SS-2,2024-08-03 08:53:43.421,2024-08-03 08:53:38,72599.0,1216.0,1793.0,ascending,/145338h3901.41N/10339.90WO217/041/A=072599 -497T399P EOSS BALLOON,"AE0SS-2>APZEOS,EOSS,WIDE2-1,qAO,AE0SS-10:/145338h3901.41N/10339.90WO217/041/A=072599 -497T399P EOSS BALLOON",217.0,47.0,39.0235,-103.665,223.45,3990.0,0.0001207,0.06220639,-0.00011111,-4.444e-05,20.26666667,low Re,0.043333,24.670265,-0.000778,4.153751,0.042642,-1.06015,1.03445,18.909717
EOSS-361,KC0D-2,2024-08-03 08:53:47.364,2024-08-03 08:53:45,72838.0,1266.0,1800.0,ascending,/145345h3901.40N/10339.96WO243/026/A=072838 79T414P EOSS Balloon,"KC0D-2>APZEOS,EOSS,WIDE2-1,qAO,K0SCC-8:/145345h3901.40N/10339.96WO243/026/A=072838 79T414P EOSS Balloon",243.0,30.0,39.0233333333,-103.666,281.05,4140.0,9.957e-05,0.05131676,-0.00011111,-4.444e-05,21.1,low Re,0.027778,24.650094,-0.000616,4.150618,0.042574,-0.855317,0.666933,18.937358
EOSS-361,AE0SS-4,2024-08-03 08:54:04.105,2024-08-03 08:54:01,73086.0,1282.0,1816.0,ascending,/145401h3901.34N/10340.11WO264/030/A=073086 -490T418P EOSS BALLOON,"AE0SS-4>APZEOS,EOSS,WIDE2-1,qAO,K0SCC-8:/145401h3901.34N/10340.11WO264/030/A=073086 -490T418P EOSS BALLOON",264.0,35.0,39.0223333333,-103.6685,224.15,4180.0,0.00012605,0.06496508,-0.00013889,-5e-05,21.36666667,low Re,0.008889,24.631648,-0.000562,4.146187,0.042459,-0.787466,0.222591,18.965709
EOSS-361,AE0SS-2,2024-08-03 08:54:10.886,2024-08-03 08:54:08,73204.0,1210.0,1823.0,ascending,/145408h3901.31N/10340.17WO249/037/A=073204 -499T387P EOSS BALLOON,"AE0SS-2>APZEOS,EOSS,WIDE2-1,qAO,AE0SS-10:/145408h3901.31N/10340.17WO249/037/A=073204 -499T387P EOSS BALLOON",249.0,43.0,39.0218333333,-103.6695,223.25,3870.0,0.00011718,0.06038957,-0.00015,-5.556e-05,20.16666667,low Re,-0.04,24.606704,-0.000783,4.147971,0.042442,-1.070412,-0.924014,18.978982
EOSS-361,KC0D-2,2024-08-03 08:54:17.259,2024-08-03 08:54:15,73421.0,1166.0,1830.0,ascending,/145415h3901.30N/10340.23WO254/024/A=073421 79T402P EOSS Balloon,"KC0D-2>APZEOS,EOSS,WIDE2-1,qAO,AE0SS-10:/145415h3901.30N/10340.23WO254/024/A=073421 79T402P EOSS Balloon",254.0,28.0,39.0216666667,-103.6705,281.05,4020.0,9.668e-05,0.04982931,-0.00015,-5.556e-05,19.43333333,low Re,-0.024444,24.577963,-0.000916,4.154303,0.042359,-1.238386,-0.555443,19.002876
EOSS-361,AE0SS-4,2024-08-03 08:54:36.868,2024-08-03 08:54:31,73658.0,1144.0,1846.0,ascending,/145431h3901.27N/10340.40WO247/039/A=073658 -488T406P EOSS BALLOON,"AE0SS-4>APZEOS,EOSS*,WIDE2-1,qAO,N0JPS-9:/145431h3901.27N/10340.40WO247/039/A=073658 -488T406P EOSS BALLOON",247.0,45.0,39.0211666667,-103.6733333333,224.35,4060.0,0.00012233,0.0630438,-0.00016111,-3.889e-05,19.06666667,low Re,-0.012222,24.547514,-0.000978,4.162951,0.042249,-1.316577,-0.266136,19.027996
EOSS-361,AE0SS-2,2024-08-03 08:54:43.407,2024-08-03 08:54:38,73780.0,1152.0,1853.0,ascending,/145438h3901.26N/10340.47WO256/047/A=073780 -494T379P EOSS BALLOON,"AE0SS-2>APZEOS,EOSS,WIDE2-1,qAO,AE0SS-10:/145438h3901.26N/10340.47WO256/047/A=073780 -494T379P EOSS BALLOON",256.0,54.0,39.021,-103.6745,223.75,3790.0,0.0001145,0.05900905,-0.00016667,-2.778e-05,19.2,low Re,0.004444,24.518132,-0.000948,4.170316,0.042134,-1.275235,0.127973,19.040449
EOSS-361,KC0D-2,2024-08-03 08:54:48.029,2024-08-03 08:54:45,74001.0,1160.0,1860.0,ascending,/145445h3901.25N/10340.56WO260/035/A=074001 78T391P EOSS Balloon,"KC0D-2>APZEOS,EOSS*,WIDE2-1,qAO,N0JPS-9:/145445h3901.25N/10340.56WO260/035/A=074001 78T391P EOSS Balloon",260.0,40.0,39.0208333333,-103.676,280.95,3910.0,9.407e-05,0.04848308,-0.00018333,-2.778e-05,19.33333333,low Re,0.004444,24.4898,-0.000919,4.176467,0.042019,-1.234648,0.127633,19.06204
EOSS-361,AE0SS-4,2024-08-03 08:55:04.124,2024-08-03 08:55:01,74228.0,1140.0,1876.0,ascending,/145501h3901.23N/10340.75WO247/023/A=074228 -495T396P EOSS BALLOON,"AE0SS-4>APZEOS,EOSS*,WIDE2-1,qAO,W9CN-9:/145501h3901.23N/10340.75WO247/023/A=074228 -495T396P EOSS BALLOON",247.0,26.0,39.0205,-103.6791666667,223.65,3960.0,0.00011969,0.06168346,-0.00019444,-2.222e-05,19.0,low Re,-0.011111,24.459964,-0.000975,4.184657,0.04191,-1.304758,-0.241852,19.082754
EOSS-361,AE0SS-2,2024-08-03 08:55:11.911,2024-08-03 08:55:08,74358.0,1156.0,1883.0,ascending,/145508h3901.23N/10340.83WO255/051/A=074358 -496T366P EOSS BALLOON,"AE0SS-2>APZEOS,EOSS*,WIDE2-1,qAO,N0JPS-9:/145508h3901.23N/10340.83WO255/051/A=074358 -496T366P EOSS BALLOON",255.0,59.0,39.0205,-103.6805,223.55,3660.0,0.00011067,0.05703597,-0.0002,-1.667e-05,19.26666667,low Re,0.008889,24.431892,-0.000921,4.1907,0.041802,-1.232545,0.234678,19.093875
EOSS-361,KC0D-2,2024-08-03 08:55:18.128,2024-08-03 08:55:15,74589.0,1176.0,1890.0,ascending,/145515h3901.23N/10340.92WO271/034/A=074589 79T380P EOSS Balloon,"KC0D-2>APZEOS,EOSS*,WIDE2-1,qAO,N0JPS-9:/145515h3901.23N/10340.92WO271/034/A=074589 79T380P EOSS Balloon",271.0,39.0,39.0205,-103.682,281.05,3800.0,9.139e-05,0.04710234,-0.0002,-1.111e-05,19.6,low Re,0.011111,24.405914,-0.000856,4.194349,0.041698,-1.145807,0.286992,19.112183
EOSS-361,AE0SS-4,2024-08-03 08:55:37.249,2024-08-03 08:55:31,74819.0,1182.0,1906.0,ascending,/145531h3901.22N/10341.11WO259/021/A=074819 -484T384P EOSS BALLOON,"AE0SS-4>APZEOS,EOSS*,WIDE2-1,qAO,N0JPS-9:/145531h3901.22N/10341.11WO259/021/A=074819 -484T384P EOSS BALLOON",259.0,24.0,39.0203333333,-103.6851666667,224.75,3840.0,0.00011549,0.05952151,-0.0002,-5.56e-06,19.7,low Re,0.003333,24.380749,-0.000833,4.19719,0.041586,-1.11521,0.100178,19.128417
EOSS-361,AE0SS-2,2024-08-03 08:55:44.470,2024-08-03 08:55:38,74952.0,1188.0,1913.0,ascending,/145538h3901.24N/10341.20WO267/043/A=074952 -496T354P EOSS BALLOON,"AE0SS-2>APZEOS,EOSS*,WIDE2-1,qAO,N0JPS-9:/145538h3901.24N/10341.20WO267/043/A=074952 -496T354P EOSS BALLOON",267.0,49.0,39.0206666667,-103.6866666667,223.55,3540.0,0.00010704,0.05516594,-0.00020556,5.56e-06,19.8,low Re,0.003333,24.356383,-0.000811,4.199263,0.041475,-1.085043,0.099916,19.136836
EOSS-361,KC0D-2,2024-08-03 08:55:48.299,2024-08-03 08:55:45,75164.0,1150.0,1920.0,ascending,/145545h3901.25N/10341.28WO272/033/A=075164 77T370P EOSS Balloon,"KC0D-2>APZEOS,EOSS*,WIDE2-1,qAO,N0JPS-9:/145545h3901.25N/10341.28WO272/033/A=075164 77T370P EOSS Balloon",272.0,38.0,39.0208333333,-103.688,280.85,3700.0,8.905e-05,0.04589546,-0.0002,1.111e-05,19.16666667,low Re,-0.021111,24.328924,-0.000919,4.205059,0.041391,-1.22763,-0.487836,19.148708
EOSS-361,AE0SS-2,2024-08-03 08:56:13.477,2024-08-03 08:56:08,75496.0,1088.0,1943.0,ascending,/145608h3901.25N/10341.52WO251/020/A=075496 -491T345P EOSS BALLOON,"AE0SS-2>APZEOS,EOSS,WIDE2-1,qAO,W9CN-9:/145608h3901.25N/10341.52WO251/020/A=075496 -491T345P EOSS BALLOON",251.0,23.0,39.0208333333,-103.692,224.05,3450.0,0.00010409,0.05364344,-0.00017778,5.56e-06,18.13333333,low Re,-0.034444,24.296316,-0.001096,4.217937,0.041352,-1.461137,-0.806442,19.163282
EOSS-361,KC0D-2,2024-08-03 08:57:16.159,2024-08-03 08:56:15,75716.0,1104.0,1950.0,ascending,/145615h3901.26N/10341.59WO257/030/A=075716 78T360P EOSS Balloon,"KC0D-2>APZEOS,EOSS*,WIDE2-1,qAO,W9CN-9:/145615h3901.26N/10341.59WO257/030/A=075716 78T360P EOSS Balloon",257.0,35.0,39.021,-103.6931666667,280.95,3600.0,8.661e-05,0.04463915,-0.00017222,5.56e-06,18.4,low Re,0.008889,24.265445,-0.001044,4.228401,0.041249,-1.387154,0.240806,19.170109
EOSS-361,AE0SS-2,2024-08-03 09:02:54.227,2024-08-03 08:56:38,76010.0,1028.0,1973.0,ascending,/145638h3901.25N/10341.84WO248/019/A=076010 -492T336P EOSS BALLOON,"AE0SS-2>APZEOS,EOSS,WIDE2-1,qAO,W9CN-9:/145638h3901.25N/10341.84WO248/019/A=076010 -492T336P EOSS BALLOON",248.0,22.0,39.0208333333,-103.6973333333,223.95,3360.0,0.00010142,0.05226737,-0.00017778,0.0,17.13333333,low Re,-0.042222,24.228299,-0.001259,4.248611,0.041248,-1.669949,-0.993091,19.175571
EOSS-361,AE0SS-4,2024-08-03 09:02:54.577,2024-08-03 08:57:01,76406.0,1058.0,1996.0,ascending,/145701h3901.26N/10342.08WO282/030/A=076406 -464T358P EOSS BALLOON,"AE0SS-4>APZEOS,EOSS*,WIDE2-1,qAO,W9CN-9:/145701h3901.26N/10342.08WO282/030/A=076406 -464T358P EOSS BALLOON",282.0,35.0,39.021,-103.7013333333,226.75,3580.0,0.00010672,0.05500196,-0.00017963,7.41e-06,17.63333333,low Re,0.005556,24.194128,-0.001224,4.26404,0.041143,-1.538633,0.164791,19.176132
EOSS-361,AE0SS-2,2024-08-03 09:02:54.879,2024-08-03 08:57:08,76507.0,994.0,2003.0,ascending,/145708h3901.27N/10342.17WO293/038/A=076507 -479T331P EOSS BALLOON,"AE0SS-2>APZEOS,EOSS*,WIDE2-1,qAO,W9CN-9:/145708h3901.27N/10342.17WO293/038/A=076507 -479T331P EOSS BALLOON",293.0,44.0,39.0211666667,-103.7028333333,225.25,3310.0,9.933e-05,0.05119242,-0.00018333,1.111e-05,16.56666667,low Re,-0.035556,24.154811,-0.001402,4.28809,0.04111,-1.769586,-0.830795,19.175009
EOSS-361,KC0D-2,2024-08-03 09:04:29.543,2024-08-03 08:57:45,77260.0,1029.3,2040.0,ascending,/145745h3901.36N/10342.56WO273/019/A=077260 77T333P EOSS Balloon,"KC0D-2>APZEOS,EOSS*,WIDE2-1,qAO,N0JPS-9:/145745h3901.36N/10342.56WO273/019/A=077260 77T333P EOSS Balloon",273.0,22.0,39.0226666667,-103.7093333333,280.85,3330.0,8.015e-05,0.04130592,-0.00017963,1.852e-05,17.15555556,low Re,0.006543,24.118917,-0.001361,4.306294,0.041007,-1.61702,0.192748,19.150435
EOSS-361,AE0SS-4,2024-08-03 09:04:29.847,2024-08-03 08:58:01,77558.0,1152.0,2056.0,ascending,/145801h3901.34N/10342.67WO252/028/A=077558 -479T339P EOSS BALLOON,"AE0SS-4>APZEOS,EOSS*,WIDE2-1,qAO,N0JPS-9:/145801h3901.34N/10342.67WO252/028/A=077558 -479T339P EOSS BALLOON",252.0,32.0,39.0223333333,-103.7111666667,225.25,3390.0,0.00010173,0.0524297,-0.00016389,2.222e-05,19.2,low Re,0.034074,24.093821,-0.001179,4.309584,0.04098,-1.135567,0.860249,19.132979
EOSS-361,KC0D-2,2024-08-03 08:58:17.272,2024-08-03 08:58:15,77882.0,1244.0,2070.0,ascending,/145815h3901.32N/10342.81WO250/024/A=077882 79T324P EOSS Balloon,"KC0D-2>APZEOS,EOSS,WIDE2-1,qAO,AE0SS-9:/145815h3901.32N/10342.81WO250/024/A=077882 79T324P EOSS Balloon",250.0,28.0,39.022,-103.7135,281.05,3240.0,7.793e-05,0.04016094,-0.00013889,-2.222e-05,20.73333333,low Re,0.051111,24.076763,-0.000912,4.305239,0.041045,-0.776596,1.267463,19.109259
EOSS-361,AE0SS-4,2024-08-03 09:04:30.479,2024-08-03 08:58:31,78096.0,1076.0,2086.0,ascending,/145831h3901.30N/10342.94WO270/034/A=078096 -469T330P EOSS BALLOON,"AE0SS-4>APZEOS,EOSS*,WIDE2-1,qAO,N0JPS-9:/145831h3901.30N/10342.94WO270/034/A=078096 -469T330P EOSS BALLOON",270.0,39.0,39.0216666667,-103.7156666667,226.25,3300.0,9.859e-05,0.05081218,-0.00015,-2.222e-05,17.93333333,low Re,-0.093333,24.045735,-0.001382,4.316435,0.041467,-1.416076,-2.21745,19.091004
EOSS-361,AE0SS-2,2024-08-03 09:04:30.851,2024-08-03 08:58:38,78208.0,1134.0,2093.0,ascending,/145838h3901.27N/10343.00WO269/021/A=078208 -477T299P EOSS BALLOON,"AE0SS-2>APZEOS,EOSS*,WIDE2-1,qAO,N0JPS-9:/145838h3901.27N/10343.00WO269/021/A=078208 -477T299P EOSS BALLOON",269.0,24.0,39.0211666667,-103.7166666667,225.45,2990.0,8.965e-05,0.04620228,-0.0001537,0.0,18.9,low Re,0.010741,24.019877,-0.00132,4.320945,0.04137,-1.184898,0.29154,19.080664
EOSS-361,KC0D-2,2024-08-03 09:04:31.120,2024-08-03 08:58:45,78417.0,1070.0,2100.0,ascending,/145845h3901.29N/10343.08WO277/026/A=078417 78T315P EOSS Balloon,"KC0D-2>APZEOS,EOSS*,WIDE2-1,qAO,N0JPS-9:/145845h3901.29N/10343.08WO277/026/A=078417 78T315P EOSS Balloon",277.0,30.0,39.0215,-103.718,280.95,3150.0,7.579e-05,0.03905926,-0.00015,-1.667e-05,17.83333333,low Re,-0.035556,23.988944,-0.001492,4.332218,0.041337,-1.420891,-0.824056,19.059988
EOSS-361,AE0SS-4,2024-08-03 08:59:36.646,2024-08-03 08:59:31,79187.0,1091.0,2146.0,ascending,/145931h3901.31N/10343.50WO290/038/A=079187 -455T313P EOSS BALLOON,"AE0SS-4>APZEOS,EOSS,WIDE2-1,qAO,AE0SS-10:/145931h3901.31N/10343.50WO290/038/A=079187 -455T313P EOSS BALLOON",290.0,44.0,39.0218333333,-103.725,227.65,3130.0,9.294e-05,0.04789819,-0.00015556,2.78e-06,18.18333333,low Re,0.005833,23.960061,-0.001456,4.340733,0.041236,-1.330818,0.176763,18.969894
EOSS-361,AE0SS-2,2024-08-03 08:59:43.536,2024-08-03 08:59:38,79310.0,1102.0,2153.0,ascending,/145938h3901.32N/10343.55WO310/018/A=079310 -459T285P EOSS BALLOON,"AE0SS-2>APZEOS,EOSS,WIDE2-1,qAO,AE0SS-10:/145938h3901.32N/10343.55WO310/018/A=079310 -459T285P EOSS BALLOON",310.0,21.0,39.022,-103.7258333333,227.25,2850.0,8.477e-05,0.04369014,-0.00015278,1.389e-05,18.36666667,low Re,0.003056,23.932371,-0.001433,4.34777,0.041134,-1.280129,0.109131,18.953743
EOSS-361,KC0D-2,2024-08-03 08:59:47.286,2024-08-03 08:59:45,79534.0,1117.0,2160.0,ascending,/145945h3901.33N/10343.62WO272/020/A=079534 79T298P EOSS Balloon,"KC0D-2>APZEOS,EOSS,WIDE2-1,qAO,AE0SS-10:/145945h3901.33N/10343.62WO272/020/A=079534 79T298P EOSS Balloon",272.0,23.0,39.0221666667,-103.727,281.05,2980.0,7.167e-05,0.03693815,-0.00015,1.111e-05,18.61666667,low Re,0.004167,23.906185,-0.001406,4.353012,0.041034,-1.21514,0.135814,18.923297
EOSS-361,AE0SS-2,2024-08-03 09:00:10.959,2024-08-03 09:00:08,79877.0,1134.0,2183.0,ascending,/150008h3901.32N/10343.76WO290/026/A=079877 -466T276P EOSS BALLOON,"AE0SS-2>APZEOS,EOSS,WIDE2-1,qAO,AE0SS-10:/150008h3901.32N/10343.76WO290/026/A=079877 -466T276P EOSS BALLOON",290.0,30.0,39.022,-103.7293333333,226.55,2760.0,8.235e-05,0.04244118,-0.00011667,0.0,18.9,low Re,0.009444,23.881645,-0.001352,4.356401,0.040939,-1.143523,0.263709,18.874452
EOSS-361,KC0D-2,2024-08-03 09:00:17.264,2024-08-03 09:00:15,80109.0,1150.0,2190.0,ascending,/150015h3901.32N/10343.82WO265/021/A=080109 80T290P EOSS Balloon,"KC0D-2>APZEOS,EOSS,WIDE2-1,qAO,K0BRA-6:/150015h3901.32N/10343.82WO265/021/A=080109 80T290P EOSS Balloon",265.0,24.0,39.022,-103.7303333333,281.15,2900.0,6.972e-05,0.03593373,-0.00011111,-5.56e-06,19.16666667,low Re,0.008889,23.858645,-0.001302,4.358169,0.040844,-1.076594,0.24951,18.840189
EOSS-361,AE0SS-4,2024-08-03 09:04:32.012,2024-08-03 09:00:31,80332.0,1145.0,2206.0,ascending,/150031h3901.29N/10343.95WO237/030/A=080332 -456T296P EOSS BALLOON,"AE0SS-4>APZEOS,EOSS*,WIDE2-1,qAO,N0JPS-9:/150031h3901.29N/10343.95WO237/030/A=080332 -456T296P EOSS BALLOON",237.0,35.0,39.0215,-103.7325,227.55,2960.0,8.793e-05,0.0453166,-0.000125,-5.56e-06,19.08333333,low Re,-0.001389,23.835464,-0.001302,4.360239,0.040744,-1.089878,-0.002135,18.806559
EOSS-361,AE0SS-2,2024-08-03 09:00:43.590,2024-08-03 09:00:38,80453.0,1152.0,2213.0,ascending,/150038h3901.28N/10344.02WO251/039/A=080453 -463T266P EOSS BALLOON,"AE0SS-2>APZEOS,EOSS,WIDE2-1,qAO,AE0SS-10:/150038h3901.28N/10344.02WO251/039/A=080453 -463T266P EOSS BALLOON",251.0,45.0,39.0213333333,-103.7336666667,226.85,2660.0,7.926e-05,0.04084936,-0.00014444,-2.222e-05,19.2,low Re,0.003889,23.81307,-0.001277,4.361559,0.040646,-1.057665,0.127097,18.788098
EOSS-361,KC0D-2,2024-08-03 09:00:47.318,2024-08-03 09:00:45,80672.0,1126.0,2220.0,ascending,/150045h3901.27N/10344.09WO260/029/A=080672 80T283P EOSS Balloon,"KC0D-2>APZEOS,EOSS,WIDE2-1,qAO,AE0SS-10:/150045h3901.27N/10344.09WO260/029/A=080672 80T283P EOSS Balloon",260.0,33.0,39.0211666667,-103.7348333333,281.15,2830.0,6.804e-05,0.03506637,-0.00015,-2.778e-05,18.76666667,low Re,-0.014444,23.788809,-0.001341,4.365058,0.040558,-1.150533,-0.323068,18.754434
EOSS-361,AE0SS-4,2024-08-03 09:01:04.196,2024-08-03 09:01:01,80898.0,1132.0,2236.0,ascending,/150101h3901.24N/10344.25WO239/018/A=080898 -448T289P EOSS BALLOON,"AE0SS-4>APZEOS,EOSS,WIDE2-1,qAO,AE0SS-10:/150101h3901.24N/10344.25WO239/018/A=080898 -448T289P EOSS BALLOON",239.0,21.0,39.0206666667,-103.7375,228.35,2890.0,8.555e-05,0.04408992,-0.00016667,-2.778e-05,18.86666667,low Re,0.003333,23.765258,-0.001318,4.367843,0.040461,-1.121513,0.11495,18.719531
EOSS-361,AE0SS-2,2024-08-03 09:01:10.986,2024-08-03 09:01:08,81023.0,1140.0,2243.0,ascending,/150108h3901.25N/10344.31WO250/043/A=081023 -462T254P EOSS BALLOON,"AE0SS-2>APZEOS,EOSS,WIDE2-1,qAO,AE0SS-10:/150108h3901.25N/10344.31WO250/043/A=081023 -462T254P EOSS BALLOON",250.0,49.0,39.0208333333,-103.7385,226.95,2540.0,7.565e-05,0.03898935,-0.00016111,-1.667e-05,19.0,low Re,0.004444,23.742566,-0.001291,4.369771,0.040365,-1.085312,0.142079,18.700233
EOSS-361,KC0D-2,2024-08-03 09:01:17.337,2024-08-03 09:01:15,81253.0,1162.0,2250.0,ascending,/150115h3901.25N/10344.38WO271/027/A=081253 82T275P EOSS Balloon,"KC0D-2>APZEOS,EOSS,WIDE2-1,qAO,AE0SS-10:/150115h3901.25N/10344.38WO271/027/A=081253 82T275P EOSS Balloon",271.0,31.0,39.0208333333,-103.7396666667,281.35,2750.0,6.607e-05,0.03405087,-0.00016111,-1.111e-05,19.36666667,low Re,0.012222,23.721827,-0.001226,4.369751,0.04028,-0.996661,0.333863,18.664892
EOSS-361,AE0SS-4,2024-08-03 09:01:36.668,2024-08-03 09:01:31,81486.0,1176.0,2266.0,ascending,/150131h3901.24N/10344.53WO238/019/A=081486 -451T281P EOSS BALLOON,"AE0SS-4>APZEOS,EOSS,WIDE2-1,qAO,K0BRA-6:/150131h3901.24N/10344.53WO238/019/A=081486 -451T281P EOSS BALLOON",238.0,22.0,39.0206666667,-103.7421666667,228.05,2810.0,8.329e-05,0.04292583,-0.00015556,0.0,19.6,low Re,0.007778,23.702385,-0.001184,4.368566,0.040188,-0.939069,0.223002,18.62951
EOSS-361,AE0SS-2,2024-08-03 09:01:43.483,2024-08-03 09:01:38,81606.0,1166.0,2273.0,ascending,/150138h3901.23N/10344.57WO265/032/A=081606 -461T253P EOSS BALLOON,"AE0SS-2>APZEOS,EOSS,WIDE2-1,qAO,AE0SS-10:/150138h3901.23N/10344.57WO265/032/A=081606 -461T253P EOSS BALLOON",265.0,37.0,39.0205,-103.7428333333,227.05,2530.0,7.532e-05,0.03881874,-0.00014444,-1.111e-05,19.43333333,low Re,-0.005556,23.682342,-0.001204,4.368055,0.040094,-0.972746,-0.108545,18.611531
EOSS-361,KC0D-2,2024-08-03 09:01:47.282,2024-08-03 09:01:45,81798.0,1090.0,2280.0,ascending,/150145h3901.23N/10344.64WO266/026/A=081798 81T267P EOSS Balloon,"KC0D-2>APZEOS,EOSS,WIDE2-1,qAO,AE0SS-10:/150145h3901.23N/10344.64WO266/026/A=081798 81T267P EOSS Balloon",266.0,30.0,39.0205,-103.744,281.25,2670.0,6.417e-05,0.03307205,-0.00014444,-1.111e-05,18.16666667,low Re,-0.042222,23.656568,-0.001397,4.37407,0.040098,-1.255101,-1.018131,18.583212
EOSS-361,AE0SS-4,2024-08-03 09:02:04.142,2024-08-03 09:02:01,82028.0,1084.0,2296.0,ascending,/150201h3901.20N/10344.81WO275/027/A=082028 -452T271P EOSS BALLOON,"AE0SS-4>APZEOS,EOSS,WIDE2-1,qAO,AE0SS-10:/150201h3901.20N/10344.81WO275/027/A=082028 -452T271P EOSS BALLOON",275.0,31.0,39.02,-103.7468333333,227.95,2710.0,8.036e-05,0.04141638,-0.00015556,-2.222e-05,18.06666667,low Re,-0.003333,23.630568,-0.001406,4.380459,0.040004,-1.270164,-0.04817,18.550178
EOSS-361,AE0SS-2,2024-08-03 09:02:11.043,2024-08-03 09:02:08,82151.0,1090.0,2303.0,ascending,/150208h3901.19N/10344.89WO255/037/A=082151 -457T243P EOSS BALLOON,"AE0SS-2>APZEOS,EOSS,WIDE2-1,qAO,AE0SS-10:/150208h3901.19N/10344.89WO255/037/A=082151 -457T243P EOSS BALLOON",255.0,43.0,39.0198333333,-103.7481666667,227.45,2430.0,7.222e-05,0.03721884,-0.00017778,-2.222e-05,18.16666667,low Re,0.003333,23.605273,-0.001384,4.386045,0.039912,-1.23998,0.118185,18.532983
EOSS-361,KC0D-2,2024-08-03 09:02:17.343,2024-08-03 09:02:15,82382.0,1168.0,2310.0,ascending,/150215h3901.19N/10344.96WO267/030/A=082382 83T260P EOSS Balloon,"KC0D-2>APZEOS,EOSS,WIDE2-1,qAO,AE0SS-10:/150215h3901.19N/10344.96WO267/030/A=082382 83T260P EOSS Balloon",267.0,35.0,39.0198333333,-103.7493333333,281.45,2600.0,6.244e-05,0.03218211,-0.00017778,-2.222e-05,19.46666667,low Re,0.043333,23.586201,-0.001177,4.38489,0.039935,-0.939484,1.114561,18.501723
EOSS-361,AE0SS-4,2024-08-03 09:02:36.640,2024-08-03 09:02:31,82606.0,1156.0,2326.0,ascending,/150231h3901.16N/10345.11WO264/021/A=082606 -447T270P EOSS BALLOON,"AE0SS-4>APZEOS,EOSS,WIDE2-1,qAO,AE0SS-10:/150231h3901.16N/10345.11WO264/021/A=082606 -447T270P EOSS BALLOON",264.0,24.0,39.0193333333,-103.7518333333,228.45,2700.0,7.989e-05,0.04117324,-0.00016667,-2.222e-05,19.26666667,low Re,-0.006667,23.566386,-0.001202,4.384546,0.039844,-0.980653,-0.13716,18.47287
EOSS-361,AE0SS-2,2024-08-03 09:02:43.515,2024-08-03 09:02:38,82732.0,1162.0,2333.0,ascending,/150238h3901.17N/10345.18WO270/026/A=082732 -453T233P EOSS BALLOON,"AE0SS-2>APZEOS,EOSS,WIDE2-1,qAO,AE0SS-10:/150238h3901.17N/10345.18WO270/026/A=082732 -453T233P EOSS BALLOON",270.0,30.0,39.0195,-103.753,227.85,2330.0,6.912e-05,0.03562455,-0.00016111,-1.111e-05,19.36666667,low Re,0.003333,23.54721,-0.001181,4.383674,0.039753,-0.953662,0.113551,18.457345
EOSS-361,KC0D-2,2024-08-03 09:02:47.277,2024-08-03 09:02:45,82956.0,1148.0,2340.0,ascending,/150245h3901.16N/10345.23WO260/025/A=082956 83T253P EOSS Balloon,"KC0D-2>APZEOS,EOSS,WIDE2-1,qAO,AE0SS-10:/150245h3901.16N/10345.23WO260/025/A=082956 83T253P EOSS Balloon",260.0,29.0,39.0193333333,-103.7538333333,281.45,2530.0,6.076e-05,0.03131567,-0.00015,-1.667e-05,19.13333333,low Re,-0.007778,23.527146,-0.001211,4.383766,0.039665,-1.002292,-0.165562,18.431126
EOSS-361,AE0SS-4,2024-08-03 09:03:04.221,2024-08-03 09:03:01,83177.0,1142.0,2356.0,ascending,/150301h3901.16N/10345.40WO268/036/A=083177 -444T259P EOSS BALLOON,"AE0SS-4>APZEOS,EOSS,WIDE2-1,qAO,AE0SS-10:/150301h3901.16N/10345.40WO268/036/A=083177 -444T259P EOSS BALLOON",268.0,41.0,39.0193333333,-103.7566666667,228.75,2590.0,7.653e-05,0.03944401,-0.00016111,0.0,19.03333333,low Re,-0.003333,23.506812,-0.001221,4.384225,0.039574,-1.020358,-0.053368,18.407136
EOSS-361,AE0SS-2,2024-08-03 09:03:10.930,2024-08-03 09:03:08,83296.0,1128.0,2363.0,ascending,/150308h3901.15N/10345.49WO249/036/A=083296 -454T230P EOSS BALLOON,"AE0SS-2>APZEOS,EOSS,WIDE2-1,qAO,AE0SS-10:/150308h3901.15N/10345.49WO249/036/A=083296 -454T230P EOSS BALLOON",249.0,41.0,39.0191666667,-103.7581666667,227.75,2300.0,6.826e-05,0.0351813,-0.00017222,-1.111e-05,18.8,low Re,-0.007778,23.485611,-0.001251,4.385687,0.039487,-1.068387,-0.165295,18.39505
EOSS-361,KC0D-2,2024-08-03 09:03:17.293,2024-08-03 09:03:15,83521.0,1130.0,2370.0,ascending,/150315h3901.15N/10345.58WO276/038/A=083521 85T246P EOSS Balloon,"KC0D-2>APZEOS,EOSS,WIDE2-1,qAO,AE0SS-10:/150315h3901.15N/10345.58WO276/038/A=083521 85T246P EOSS Balloon",276.0,44.0,39.0191666667,-103.7596666667,281.65,2460.0,5.904e-05,0.03042761,-0.00019444,-5.56e-06,18.83333333,low Re,0.001111,23.464748,-0.00124,4.386874,0.039398,-1.055744,0.059673,18.373893
EOSS-361,AE0SS-4,2024-08-03 09:03:36.655,2024-08-03 09:03:31,83755.0,1156.0,2386.0,ascending,/150331h3901.15N/10345.80WO270/035/A=083755 -448T252P EOSS BALLOON,"AE0SS-4>APZEOS,EOSS,WIDE2-1,qAO,AE0SS-10:/150331h3901.15N/10345.80WO270/035/A=083755 -448T252P EOSS BALLOON",270.0,40.0,39.0191666667,-103.7633333333,228.35,2520.0,7.46e-05,0.03844519,-0.00022222,-5.56e-06,19.26666667,low Re,0.014444,23.446007,-0.00117,4.386005,0.039323,-0.952881,0.39707,18.354381
EOSS-361,AE0SS-2,2024-08-03 09:03:43.507,2024-08-03 09:03:38,83892.0,1192.0,2393.0,ascending,/150338h3901.16N/10345.91WO289/047/A=083892 -456T224P EOSS BALLOON,"AE0SS-2>APZEOS,EOSS,WIDE2-1,qAO,AE0SS-10:/150338h3901.16N/10345.91WO289/047/A=083892 -456T224P EOSS BALLOON",289.0,54.0,39.0193333333,-103.7651666667,227.55,2240.0,6.654e-05,0.03429364,-0.00023333,5.56e-06,19.86666667,low Re,0.02,23.430099,-0.001075,4.382705,0.03926,-0.813067,0.536806,18.3442
EOSS-361,KC0D-2,2024-08-03 09:03:47.324,2024-08-03 09:03:45,84119.0,1196.0,2400.0,ascending,/150345h3901.17N/10346.01WO272/041/A=084119 85T239P EOSS Balloon,"KC0D-2>APZEOS,EOSS,WIDE2-1,qAO,K0BRA-6:/150345h3901.17N/10346.01WO272/041/A=084119 85T239P EOSS Balloon",272.0,47.0,39.0195,-103.7668333333,281.65,2390.0,5.736e-05,0.02956178,-0.00023889,1.111e-05,19.93333333,low Re,0.002222,23.414626,-0.001061,4.379137,0.039173,-0.794972,0.083808,18.329444
EOSS-361,AE0SS-4,2024-08-03 09:04:04.209,2024-08-03 09:04:01,84334.0,1158.0,2416.0,ascending,/150401h3901.20N/10346.21WO267/024/A=084334 -447T245P EOSS BALLOON,"AE0SS-4>APZEOS,EOSS,WIDE2-1,qAO,AE0SS-10:/150401h3901.20N/10346.21WO267/024/A=084334 -447T245P EOSS BALLOON",267.0,28.0,39.02,-103.7701666667,228.45,2450.0,7.249e-05,0.0373609,-0.00022778,2.778e-05,19.3,low Re,-0.021111,23.3965,-0.001149,4.377964,0.039108,-0.935709,-0.510433,18.317995
EOSS-361,AE0SS-2,2024-08-03 09:04:11.046,2024-08-03 09:04:08,84474.0,1164.0,2423.0,ascending,/150408h3901.21N/10346.30WO283/045/A=084474 -454T216P EOSS BALLOON,"AE0SS-2>APZEOS,EOSS,WIDE2-1,qAO,AE0SS-10:/150408h3901.21N/10346.30WO283/045/A=084474 -454T216P EOSS BALLOON",283.0,52.0,39.0201666667,-103.7716666667,227.75,2160.0,6.411e-05,0.03303983,-0.00021667,2.778e-05,19.4,low Re,0.003333,23.378972,-0.00113,4.376321,0.039023,-0.909205,0.114368,18.311904
EOSS-361,KC0D-2,2024-08-03 09:04:17.267,2024-08-03 09:04:15,84693.0,1148.0,2430.0,ascending,/150415h3901.22N/10346.38WO273/027/A=084693 87T233P EOSS Balloon,"KC0D-2>APZEOS,EOSS,WIDE2-1,qAO,AE0SS-9:/150415h3901.22N/10346.38WO273/027/A=084693 87T233P EOSS Balloon",273.0,31.0,39.0203333333,-103.773,281.85,2330.0,5.588e-05,0.02879919,-0.00020556,2.778e-05,19.13333333,low Re,-0.008889,23.360432,-0.001164,4.375717,0.03894,-0.966036,-0.198382,18.304594
EOSS-361,AE0SS-4,2024-08-03 09:04:36.639,2024-08-03 09:04:31,84910.0,1152.0,2446.0,ascending,/150431h3901.22N/10346.54WO269/024/A=084910 -448T238P EOSS BALLOON,"AE0SS-4>APZEOS,EOSS,WIDE2-1,qAO,AE0SS-10:/150431h3901.22N/10346.54WO269/024/A=084910 -448T238P EOSS BALLOON",269.0,28.0,39.0203333333,-103.7756666667,228.35,2380.0,7.045e-05,0.03630934,-0.00018333,1.111e-05,19.2,low Re,0.002222,23.342343,-0.001149,4.374762,0.038855,-0.946873,0.086758,18.30008
EOSS-361,AE0SS-2,2024-08-03 09:04:43.550,2024-08-03 09:04:38,85012.0,1076.0,2453.0,ascending,/150438h3901.22N/10346.58WO277/015/A=085012 -454T210P EOSS BALLOON,"AE0SS-2>APZEOS,EOSS,WIDE2-1,qAO,K0BRA-6:/150438h3901.22N/10346.58WO277/015/A=085012 -454T210P EOSS BALLOON",277.0,17.0,39.0203333333,-103.7763333333,227.75,2100.0,6.233e-05,0.03212206,-0.00015556,5.56e-06,17.93333333,low Re,-0.042222,23.318927,-0.001327,4.379725,0.038865,-1.229665,-1.052232,18.298911
EOSS-361,KC0D-2,2024-08-03 09:04:47.368,2024-08-03 09:04:45,85245.0,1104.0,2460.0,ascending,/150445h3901.22N/10346.66WO264/032/A=085245 87T227P EOSS Balloon,"KC0D-2>APZEOS,EOSS,WIDE2-1,qAO,AE0SS-10:/150445h3901.22N/10346.66WO264/032/A=085245 87T227P EOSS Balloon",264.0,37.0,39.0203333333,-103.7776666667,281.85,2270.0,5.444e-05,0.02805758,-0.00015556,0.0,18.4,low Re,0.015556,23.297725,-0.001254,4.38215,0.038796,-1.117653,0.433292,18.298558
EOSS-361,AE0SS-4,2024-08-03 09:05:04.158,2024-08-03 09:05:01,85451.0,1082.0,2476.0,ascending,/150501h3901.18N/10346.82WO230/033/A=085451 -445T234P EOSS BALLOON,"AE0SS-4>APZEOS,EOSS,WIDE2-1,qAO,AE0SS-10:/150501h3901.18N/10346.82WO230/033/A=085451 -445T234P EOSS BALLOON",230.0,38.0,39.0196666667,-103.7803333333,228.65,2340.0,6.918e-05,0.03565226,-0.00015556,-2.222e-05,18.03333333,low Re,-0.012222,23.275131,-0.001302,4.386275,0.038719,-1.195045,-0.282032,18.300947
EOSS-361,AE0SS-2,2024-08-03 09:05:11.042,2024-08-03 09:05:08,85570.0,1116.0,2483.0,ascending,/150508h3901.15N/10346.91WO259/040/A=085570 -451T205P EOSS BALLOON,"AE0SS-2>APZEOS,EOSS,WIDE2-1,qAO,AE0SS-10:/150508h3901.15N/10346.91WO259/040/A=085570 -451T205P EOSS BALLOON",259.0,46.0,39.0191666667,-103.7818333333,228.05,2050.0,6.076e-05,0.031316,-0.00018333,-3.889e-05,18.6,low Re,0.018889,23.255152,-0.001215,4.38751,0.038658,-1.061001,0.520048,18.303487
EOSS-361,KC0D-2,2024-08-03 09:05:17.270,2024-08-03 09:05:15,85771.0,1052.0,2490.0,ascending,/150515h3901.14N/10346.98WO257/033/A=085771 89T221P EOSS Balloon,"KC0D-2>APZEOS,EOSS,WIDE2-1,qAO,AE0SS-10:/150515h3901.14N/10346.98WO257/033/A=085771 89T221P EOSS Balloon",257.0,38.0,39.019,-103.783,282.05,2210.0,5.296e-05,0.0272966,-0.00017778,-4.444e-05,17.53333333,low Re,-0.035556,23.230804,-0.001362,4.394007,0.03864,-1.296646,-0.884938,18.309702
EOSS-361,AE0SS-4,2024-08-03 09:05:36.628,2024-08-03 09:05:31,85959.0,1016.0,2506.0,ascending,/150531h3901.09N/10347.18WO262/025/A=085959 -436T229P EOSS BALLOON,"AE0SS-4>APZEOS,EOSS,WIDE2-1,qAO,AE0SS-10:/150531h3901.09N/10347.18WO262/025/A=085959 -436T229P EOSS BALLOON",262.0,29.0,39.0181666667,-103.7863333333,229.55,2290.0,6.743e-05,0.03475367,-0.0002,-5e-05,16.93333333,low Re,-0.02,23.20412,-0.001441,4.403769,0.038577,-1.423959,-0.48109,18.317694
EOSS-361,AE0SS-2,2024-08-03 09:05:43.641,2024-08-03 09:05:38,86067.0,994.0,2513.0,ascending,/150538h3901.07N/10347.27WO265/039/A=086067 -441T196P EOSS BALLOON,"AE0SS-2>APZEOS,EOSS,WIDE2-1,qAO,AE0SS-10:/150538h3901.07N/10347.27WO265/039/A=086067 -441T196P EOSS BALLOON",265.0,45.0,39.0178333333,-103.7878333333,229.05,1960.0,5.784e-05,0.02981043,-0.0002,-4.444e-05,16.56666667,low Re,-0.012222,23.176113,-0.001487,4.415529,0.038501,-1.496864,-0.278824,18.323228
EOSS-361,KC0D-2,2024-08-03 09:05:47.287,2024-08-03 09:05:45,86268.0,994.0,2520.0,ascending,/150545h3901.06N/10347.37WO260/035/A=086268 89T216P EOSS Balloon,"KC0D-2>APZEOS,EOSS,WIDE2-1,qAO,K0BRA-6:/150545h3901.06N/10347.37WO260/035/A=086268 89T216P EOSS Balloon",260.0,40.0,39.0176666667,-103.7895,282.05,2160.0,5.177e-05,0.02667903,-0.00021667,-4.444e-05,16.56666667,low Re,0.0,23.148343,-0.00148,4.426983,0.038419,-1.486718,0.038523,18.335336
EOSS-361,AE0SS-4,2024-08-03 09:06:04.151,2024-08-03 09:06:01,86454.0,990.0,2536.0,ascending,/150601h3901.02N/10347.57WO238/028/A=086454 -435T221P EOSS BALLOON,"AE0SS-4>APZEOS,EOSS,WIDE2-1,qAO,AE0SS-10:/150601h3901.02N/10347.57WO238/028/A=086454 -435T221P EOSS BALLOON",238.0,32.0,39.017,-103.7928333333,229.65,2210.0,6.505e-05,0.03352496,-0.00021667,-3.889e-05,16.5,low Re,-0.002222,23.120525,-0.001484,4.438555,0.038338,-1.491595,-0.01925,18.3486
EOSS-361,AE0SS-2,2024-08-03 09:06:11.055,2024-08-03 09:06:08,86554.0,974.0,2543.0,ascending,/150608h3900.99N/10347.65WO254/041/A=086554 -438T194P EOSS BALLOON,"AE0SS-2>APZEOS,EOSS,WIDE2-1,qAO,AE0SS-10:/150608h3900.99N/10347.65WO254/041/A=086554 -438T194P EOSS BALLOON",254.0,47.0,39.0165,-103.7941666667,229.35,1940.0,5.718e-05,0.02946765,-0.00021111,-4.444e-05,16.23333333,low Re,-0.008889,23.091829,-0.001515,4.451515,0.038261,-1.54071,-0.192729,18.356532
EOSS-361,KC0D-2,2024-08-03 09:06:17.370,2024-08-03 09:06:15,86747.0,958.0,2550.0,ascending,/150615h3900.97N/10347.75WO252/037/A=086747 92T210P EOSS Balloon,"KC0D-2>APZEOS,EOSS,WIDE2-1,qAO,AE0SS-10:/150615h3900.97N/10347.75WO252/037/A=086747 92T210P EOSS Balloon",252.0,43.0,39.0161666667,-103.7958333333,282.35,2100.0,5.027e-05,0.02591039,-0.00021111,-5e-05,15.96666667,low Re,-0.008889,23.062264,-0.001545,4.465878,0.038184,-1.588847,-0.192332,18.373383
EOSS-361,AE0SS-4,2024-08-03 09:06:36.630,2024-08-03 09:06:31,86951.0,994.0,2566.0,ascending,/150631h3900.91N/10347.95WO262/041/A=086951 -429T217P EOSS BALLOON,"AE0SS-4>APZEOS,EOSS,WIDE2-1,qAO,AE0SS-10:/150631h3900.91N/10347.95WO262/041/A=086951 -429T217P EOSS BALLOON",262.0,47.0,39.0151666667,-103.7991666667,230.25,2170.0,6.371e-05,0.03283239,-0.00021111,-6.111e-05,16.56666667,low Re,0.02,23.035422,-0.001456,4.476122,0.038129,-1.44517,0.562721,18.393333
EOSS-361,AE0SS-2,2024-08-03 09:06:43.569,2024-08-03 09:06:38,87063.0,1018.0,2573.0,ascending,/150638h3900.89N/10348.05WO251/029/A=087063 -438T184P EOSS BALLOON,"AE0SS-2>APZEOS,EOSS,WIDE2-1,qAO,AE0SS-10:/150638h3900.89N/10348.05WO251/029/A=087063 -438T184P EOSS BALLOON",251.0,33.0,39.0148333333,-103.8008333333,229.35,1840.0,5.423e-05,0.02794869,-0.00022222,-5.556e-05,16.96666667,low Re,0.013333,23.010448,-0.001395,4.483797,0.038062,-1.347916,0.386948,18.405184
EOSS-361,KC0D-2,2024-08-03 09:06:47.301,2024-08-03 09:06:45,87264.0,1034.0,2580.0,ascending,/150645h3900.87N/10348.13WO265/038/A=087264 92T206P EOSS Balloon,"KC0D-2>APZEOS,EOSS,WIDE2-1,qAO,AE0SS-9:/150645h3900.87N/10348.13WO265/038/A=087264 92T206P EOSS Balloon",265.0,44.0,39.0145,-103.8021666667,282.35,2060.0,4.932e-05,0.02541686,-0.00021111,-5.556e-05,17.23333333,low Re,0.008889,22.986771,-0.001352,4.48982,0.037989,-1.281441,0.269578,18.427978
EOSS-361,AE0SS-4,2024-08-03 09:07:04.149,2024-08-03 09:07:01,87488.0,1074.0,2596.0,ascending,/150701h3900.85N/10348.35WO265/030/A=087488 -422T214P EOSS BALLOON,"AE0SS-4>APZEOS,EOSS,WIDE2-1,qAO,AE0SS-10:/150701h3900.85N/10348.35WO265/030/A=087488 -422T214P EOSS BALLOON",265.0,35.0,39.0141666667,-103.8058333333,230.95,2140.0,6.263e-05,0.03228035,-0.00022222,-3.333e-05,17.9,low Re,0.022222,22.966009,-0.001256,4.49238,0.037941,-1.127689,0.618803,18.455557
EOSS-361,AE0SS-2,2024-08-03 09:07:11.034,2024-08-03 09:07:08,87588.0,1050.0,2603.0,ascending,/150708h3900.85N/10348.45WO264/037/A=087588 -433T181P EOSS BALLOON,"AE0SS-2>APZEOS,EOSS,WIDE2-1,qAO,AE0SS-10:/150708h3900.85N/10348.45WO264/037/A=087588 -433T181P EOSS BALLOON",264.0,43.0,39.0141666667,-103.8075,229.85,1810.0,5.323e-05,0.0274332,-0.00022222,-2.222e-05,17.5,low Re,-0.013333,22.94379,-0.001305,4.496728,0.037871,-1.210611,-0.317604,18.468563
EOSS-361,KC0D-2,2024-08-03 09:07:17.275,2024-08-03 09:07:15,87807.0,1086.0,2610.0,ascending,/150715h3900.85N/10348.56WO264/041/A=087807 94T200P EOSS Balloon,"KC0D-2>APZEOS,EOSS,WIDE2-1,qAO,AE0SS-9:/150715h3900.85N/10348.56WO264/041/A=087807 94T200P EOSS Balloon",264.0,47.0,39.0141666667,-103.8093333333,282.55,2000.0,4.785e-05,0.02465909,-0.00023889,-1.111e-05,18.1,low Re,0.02,22.924179,-0.001219,4.49815,0.037818,-1.072481,0.561082,18.498429
EOSS-361,AE0SS-2,2024-08-03 09:07:43.493,2024-08-03 09:07:38,88171.0,1166.0,2633.0,ascending,/150738h3900.81N/10348.87WO283/040/A=088171 -426T182P EOSS BALLOON,"AE0SS-2>APZEOS,EOSS,WIDE2-1,qAO,AE0SS-10:/150738h3900.81N/10348.87WO283/040/A=088171 -426T182P EOSS BALLOON",283.0,46.0,39.0135,-103.8145,230.55,1820.0,5.336e-05,0.02750101,-0.00023333,-2.222e-05,19.43333333,low Re,0.044444,22.910103,-0.001034,4.494505,0.037852,-0.77356,1.201469,18.55178
EOSS-361,KC0D-2,2024-08-03 09:07:47.246,2024-08-03 09:07:45,88393.0,1172.0,2640.0,ascending,/150745h3900.80N/10348.95WO257/034/A=088393 95T195P EOSS Balloon,"KC0D-2>APZEOS,EOSS,WIDE2-1,qAO,AE0SS-10:/150745h3900.80N/10348.95WO257/034/A=088393 95T195P EOSS Balloon",257.0,39.0,39.0133333333,-103.8158333333,282.65,1950.0,4.663e-05,0.02403411,-0.00021667,-2.778e-05,19.53333333,low Re,0.003333,22.896542,-0.001016,4.490536,0.037777,-0.748955,0.115123,18.586209
EOSS-361,AE0SS-4,2024-08-03 09:08:04.178,2024-08-03 09:08:01,88623.0,1135.0,2656.0,ascending,/150801h3900.77N/10349.14WO275/037/A=088623 -414T201P EOSS BALLOON,"AE0SS-4>APZEOS,EOSS,WIDE2-1,qAO,AE0SS-10:/150801h3900.77N/10349.14WO275/037/A=088623 -414T201P EOSS BALLOON",275.0,43.0,39.0128333333,-103.819,231.75,2010.0,5.863e-05,0.03021473,-0.00021944,-2.222e-05,18.91666667,low Re,-0.010278,22.880622,-0.001053,4.488573,0.037705,-0.883122,-0.244663,18.623048
EOSS-361,AE0SS-2,2024-08-03 09:08:11.057,2024-08-03 09:08:08,88757.0,1172.0,2663.0,ascending,/150808h3900.77N/10349.27WO270/045/A=088757 -419T174P EOSS BALLOON,"AE0SS-2>APZEOS,EOSS,WIDE2-1,qAO,AE0SS-10:/150808h3900.77N/10349.27WO270/045/A=088757 -419T174P EOSS BALLOON",270.0,52.0,39.0128333333,-103.8211666667,231.25,1740.0,5.086e-05,0.02621259,-0.00022222,-2.222e-05,19.53333333,low Re,0.020556,22.867286,-0.000967,4.484566,0.037654,-0.743428,0.571599,18.644936
EOSS-361,KC0D-2,2024-08-03 09:08:17.266,2024-08-03 09:08:15,88994.0,1202.0,2670.0,ascending,/150815h3900.76N/10349.37WO259/038/A=088994 98T189P EOSS Balloon,"KC0D-2>APZEOS,EOSS,WIDE2-1,qAO,AE0SS-9:/150815h3900.76N/10349.37WO259/038/A=088994 98T189P EOSS Balloon",259.0,44.0,39.0126666667,-103.8228333333,282.95,1890.0,4.515e-05,0.0232699,-0.00023333,-2.222e-05,20.03333333,low Re,0.016667,22.856041,-0.000897,4.479183,0.037595,-0.630184,0.46719,18.684174
EOSS-361,AE0SS-4,2024-08-03 09:08:36.681,2024-08-03 09:08:31,89254.0,1262.0,2686.0,ascending,/150831h3900.73N/10349.57WO255/047/A=089254 -409T196P EOSS BALLOON,"AE0SS-4>APZEOS,EOSS,WIDE2-1,qAO,AE0SS-10:/150831h3900.73N/10349.57WO255/047/A=089254 -409T196P EOSS BALLOON",255.0,54.0,39.0121666667,-103.8261666667,232.25,1960.0,5.704e-05,0.02939969,-0.00023889,-2.222e-05,21.03333333,low Re,0.033333,22.848836,-0.000761,4.471755,0.037582,-0.405993,0.90719,18.727598
EOSS-361,AE0SS-2,2024-08-03 09:08:43.565,2024-08-03 09:08:38,89391.0,1268.0,2693.0,ascending,/150838h3900.71N/10349.66WO268/036/A=089391 -406T167P EOSS BALLOON,"AE0SS-2>APZEOS,EOSS,WIDE2-1,qAO,AE0SS-10:/150838h3900.71N/10349.66WO268/036/A=089391 -406T167P EOSS BALLOON",268.0,41.0,39.0118333333,-103.8276666667,232.55,1670.0,4.854e-05,0.02501742,-0.00021667,-3.333e-05,21.13333333,low Re,0.003333,22.842082,-0.000745,4.464207,0.037508,-0.382766,0.108723,18.750466
EOSS-361,KC0D-2,2024-08-03 09:08:47.353,2024-08-03 09:08:45,89623.0,1258.0,2700.0,ascending,/150845h3900.70N/10349.76WO255/040/A=089623 98T184P EOSS Balloon,"KC0D-2>APZEOS,EOSS,WIDE2-1,qAO,AE0SS-10:/150845h3900.70N/10349.76WO255/040/A=089623 98T184P EOSS Balloon",255.0,46.0,39.0116666667,-103.8293333333,282.95,1840.0,4.396e-05,0.0226543,-0.00021667,-3.333e-05,20.96666667,low Re,-0.005556,22.834728,-0.000763,4.456958,0.037435,-0.419134,-0.128035,18.788889
EOSS-361,AE0SS-4,2024-08-03 09:09:04.207,2024-08-03 09:09:01,89872.0,1236.0,2716.0,ascending,/150901h3900.67N/10349.97WO264/040/A=089872 -407T192P EOSS BALLOON,"AE0SS-4>APZEOS,EOSS,WIDE2-1,qAO,AE0SS-10:/150901h3900.67N/10349.97WO264/040/A=089872 -407T192P EOSS BALLOON",264.0,46.0,39.0111666667,-103.8328333333,232.45,1920.0,5.583e-05,0.02877492,-0.00022222,-3.333e-05,20.6,low Re,-0.012222,22.825998,-0.000808,4.450403,0.037369,-0.500179,-0.30544,18.829304
EOSS-361,AE0SS-2,2024-08-03 09:09:11.057,2024-08-03 09:09:08,90001.0,1220.0,2723.0,ascending,/150908h3900.65N/10350.07WO263/041/A=090001 -406T164P EOSS BALLOON,"AE0SS-2>APZEOS,EOSS,WIDE2-1,qAO,AE0SS-10:/150908h3900.65N/10350.07WO263/041/A=090001 -406T164P EOSS BALLOON",263.0,47.0,39.0108333333,-103.8345,232.55,1640.0,4.767e-05,0.02456801,-0.00022778,-3.333e-05,20.33333333,low Re,-0.008889,22.816299,-0.00084,4.444423,0.037299,-0.55867,-0.215797,18.849742
EOSS-361,KC0D-2,2024-08-03 09:09:17.715,2024-08-03 09:09:15,90222.0,1198.0,2730.0,ascending,/150915h3900.66N/10350.17WO270/040/A=090222 101T179P EOSS Balloon,"KC0D-2>APZEOS,EOSS,WIDE2-1,qAO,AE0SS-10:/150915h3900.66N/10350.17WO270/040/A=090222 101T179P EOSS Balloon",270.0,46.0,39.011,-103.8361666667,283.25,1790.0,4.272e-05,0.02201535,-0.00022778,-2.222e-05,19.96666667,low Re,-0.012222,22.805254,-0.000884,4.439314,0.037233,-0.63942,-0.304515,18.883702
EOSS-361,AE0SS-2,2024-08-03 09:09:43.488,2024-08-03 09:09:38,90571.0,1140.0,2753.0,ascending,/150938h3900.63N/10350.51WO259/048/A=090571 -401T158P EOSS BALLOON,"AE0SS-2>APZEOS,EOSS,WIDE2-1,qAO,AE0SS-10:/150938h3900.63N/10350.51WO259/048/A=090571 -401T158P EOSS BALLOON",259.0,55.0,39.0105,-103.8418333333,233.05,1580.0,4.583e-05,0.0236184,-0.00024444,-1.111e-05,19.0,low Re,-0.032222,22.790562,-0.001006,4.437007,0.037211,-0.854306,-0.838892,18.933819
EOSS-361,KC0D-2,2024-08-03 09:09:47.314,2024-08-03 09:09:45,90785.0,1126.0,2760.0,ascending,/150945h3900.62N/10350.62WO261/040/A=090785 101T174P EOSS Balloon,"KC0D-2>APZEOS,EOSS,WIDE2-1,qAO,AE0SS-10:/150945h3900.62N/10350.62WO261/040/A=090785 101T174P EOSS Balloon",261.0,46.0,39.0103333333,-103.8436666667,283.25,1740.0,4.152e-05,0.02140039,-0.00025,-2.222e-05,18.76666667,low Re,-0.007778,22.775085,-0.001032,4.435459,0.037141,-0.903721,-0.181632,18.961876
EOSS-361,AE0SS-4,2024-08-03 09:10:05.382,2024-08-03 09:10:01,91014.0,1142.0,2776.0,ascending,/151001h3900.57N/10350.85WO258/043/A=091014 -403T178P EOSS BALLOON,"AE0SS-4>APZEOS,EOSS,WIDE2-1,qAO,K0BRA-6:/151001h3900.57N/10350.85WO258/043/A=091014 -403T178P EOSS BALLOON",258.0,49.0,39.0095,-103.8475,232.85,1780.0,5.167e-05,0.02663092,-0.00024444,-2.778e-05,19.03333333,low Re,0.004444,22.760749,-0.001011,4.432975,0.037071,-0.840838,0.14715,18.989182
EOSS-361,AE0SS-2,2024-08-03 09:10:11.019,2024-08-03 09:10:08,91125.0,1108.0,2783.0,ascending,/151008h3900.56N/10350.94WO263/039/A=091125 -396T150P EOSS BALLOON,"AE0SS-2>APZEOS,EOSS,WIDE2-1,qAO,AE0SS-10:/151008h3900.56N/10350.94WO263/039/A=091125 -396T150P EOSS BALLOON",263.0,45.0,39.0093333333,-103.849,233.55,1500.0,4.341e-05,0.02237453,-0.00023889,-3.889e-05,18.46666667,low Re,-0.018889,22.74436,-0.001079,4.432421,0.037016,-0.965092,-0.481143,19.001286
EOSS-361,KC0D-2,2024-08-03 09:10:17.291,2024-08-03 09:10:15,91348.0,1126.0,2790.0,ascending,/151015h3900.54N/10351.06WO255/050/A=091348 104T170P EOSS Balloon,"KC0D-2>APZEOS,EOSS,WIDE2-1,qAO,AE0SS-9:/151015h3900.54N/10351.06WO255/050/A=091348 104T170P EOSS Balloon",255.0,58.0,39.009,-103.851,283.55,1700.0,4.053e-05,0.02088631,-0.00024444,-4.444e-05,18.76666667,low Re,0.01,22.729235,-0.001037,4.430748,0.036952,-0.894334,0.298685,19.023136
EOSS-361,AE0SS-2,2024-08-03 09:10:43.521,2024-08-03 09:10:38,91658.0,1066.0,2813.0,ascending,/151038h3900.48N/10351.44WO261/057/A=091658 -396T148P EOSS BALLOON,"AE0SS-2>APZEOS,EOSS,WIDE2-1,qAO,AE0SS-10:/151038h3900.48N/10351.44WO261/057/A=091658 -396T148P EOSS BALLOON",261.0,66.0,39.008,-103.8573333333,233.55,1480.0,4.283e-05,0.0220762,-0.00027778,-4.444e-05,17.76666667,low Re,-0.033333,22.710438,-0.00116,4.432851,0.036935,-1.115258,-0.871071,19.04745
EOSS-361,KC0D-2,2024-08-03 09:10:47.315,2024-08-03 09:10:45,91870.0,1044.0,2820.0,ascending,/151045h3900.48N/10351.56WO269/042/A=091870 105T165P EOSS Balloon,"KC0D-2>APZEOS,EOSS,WIDE2-1,qAO,AE0SS-9:/151045h3900.48N/10351.56WO269/042/A=091870 105T165P EOSS Balloon",269.0,48.0,39.008,-103.8593333333,283.65,1650.0,3.932e-05,0.02026486,-0.00027778,-3.333e-05,17.4,low Re,-0.012222,22.690398,-0.001202,4.436458,0.036871,-1.192482,-0.29888,19.059584
EOSS-361,AE0SS-4,2024-08-03 09:11:04.176,2024-08-03 09:11:01,92081.0,1067.0,2836.0,ascending,/151101h3900.47N/10351.80WO267/052/A=092081 -394T169P EOSS BALLOON,"AE0SS-4>APZEOS,EOSS,WIDE2-1,qAO,AE0SS-10:/151101h3900.47N/10351.80WO267/052/A=092081 -394T169P EOSS BALLOON",267.0,60.0,39.0078333333,-103.8633333333,233.75,1690.0,4.887e-05,0.02518706,-0.00026389,-2.778e-05,17.78333333,low Re,0.006389,22.671951,-0.001173,4.438289,0.036804,-1.101464,0.205467,19.067715
EOSS-361,AE0SS-2,2024-08-03 09:11:11.343,2024-08-03 09:11:08,92199.0,1082.0,2843.0,ascending,/151108h3900.48N/10351.93WO286/044/A=092199 -402T139P EOSS BALLOON,"AE0SS-2>APZEOS,EOSS,WIDE2-1,qAO,K0BRA-6:/151108h3900.48N/10351.93WO286/044/A=092199 -402T139P EOSS BALLOON",286.0,51.0,39.008,-103.8655,232.95,1390.0,4.033e-05,0.02078713,-0.00027222,0.0,18.03333333,low Re,0.008333,22.654578,-0.001137,4.439025,0.036739,-1.041049,0.257764,19.070448
EOSS-361,KC0D-2,2024-08-03 09:11:17.216,2024-08-03 09:11:15,92413.0,1086.0,2850.0,ascending,/151115h3900.50N/10352.02WO281/042/A=092413 108T162P EOSS Balloon,"KC0D-2>APZEOS,EOSS,WIDE2-1,qAO,AE0SS-9:/151115h3900.50N/10352.02WO281/042/A=092413 108T162P EOSS Balloon",281.0,48.0,39.0083333333,-103.867,283.95,1620.0,3.856e-05,0.01987539,-0.00025556,1.111e-05,18.1,low Re,0.002222,22.637583,-0.001125,4.43943,0.03667,-1.022109,0.091274,19.071926
EOSS-361,AE0SS-4,2024-08-03 09:11:36.659,2024-08-03 09:11:31,92622.0,1082.0,2866.0,ascending,/151131h3900.53N/10352.26WO277/034/A=092622 -399T168P EOSS BALLOON,"AE0SS-4>APZEOS,EOSS,WIDE2-1,qAO,AE0SS-10:/151131h3900.53N/10352.26WO277/034/A=092622 -399T168P EOSS BALLOON",277.0,39.0,39.0088333333,-103.871,233.25,1680.0,4.869e-05,0.0250917,-0.00025556,3.333e-05,18.03333333,low Re,-0.002222,22.620467,-0.001129,4.440024,0.036602,-1.033133,-0.029862,19.06886
EOSS-361,AE0SS-2,2024-08-03 09:11:43.482,2024-08-03 09:11:38,92725.0,1052.0,2873.0,ascending,/151138h3900.55N/10352.36WO290/046/A=092725 -399T141P EOSS BALLOON,"AE0SS-2>APZEOS,EOSS,WIDE2-1,qAO,AE0SS-10:/151138h3900.55N/10352.36WO290/046/A=092725 -399T141P EOSS BALLOON",290.0,53.0,39.0091666667,-103.8726666667,233.25,1410.0,4.086e-05,0.0210591,-0.00023889,3.889e-05,17.53333333,low Re,-0.016667,22.601626,-0.001187,4.442564,0.036546,-1.140849,-0.423576,19.065654
EOSS-361,KC0D-2,2024-08-03 09:11:47.294,2024-08-03 09:11:45,92937.0,1048.0,2880.0,ascending,/151145h3900.57N/10352.46WO280/037/A=092937 109T157P EOSS Balloon,"KC0D-2>APZEOS,EOSS,WIDE2-1,qAO,AE0SS-9:/151145h3900.57N/10352.46WO280/037/A=092937 109T157P EOSS Balloon",280.0,43.0,39.0095,-103.8743333333,284.05,1570.0,3.736e-05,0.01925517,-0.00024444,3.889e-05,17.46666667,low Re,-0.002222,22.582677,-0.00119,4.445287,0.036478,-1.150884,-0.028291,19.055437
EOSS-361,AE0SS-2,2024-08-03 09:12:11.004,2024-08-03 09:12:08,93292.0,1134.0,2903.0,ascending,/151208h3900.58N/10352.76WO258/025/A=093292 -389T132P EOSS BALLOON,"AE0SS-2>APZEOS,EOSS,WIDE2-1,qAO,K0BRA-6:/151208h3900.58N/10352.76WO258/025/A=093292 -389T132P EOSS BALLOON",258.0,29.0,39.0096666667,-103.8793333333,234.25,1320.0,3.809e-05,0.01963074,-0.00022222,1.667e-05,18.9,low Re,0.047778,22.569138,-0.00101,4.442693,0.036531,-0.825882,1.335523,19.027161
EOSS-361,KC0D-2,2024-08-03 09:12:17.229,2024-08-03 09:12:15,93528.0,1182.0,2910.0,ascending,/151215h3900.58N/10352.86WO268/038/A=093528 112T153P EOSS Balloon,"KC0D-2>APZEOS,EOSS,WIDE2-1,qAO,AE0SS-9:/151215h3900.58N/10352.86WO268/038/A=093528 112T153P EOSS Balloon",268.0,44.0,39.0096666667,-103.881,284.35,1530.0,3.637e-05,0.01874479,-0.00022222,5.56e-06,19.7,low Re,0.026667,22.558628,-0.000908,4.437917,0.036503,-0.644137,0.755417,19.000512
EOSS-361,AE0SS-4,2024-08-03 09:12:36.612,2024-08-03 09:12:31,93749.0,1127.0,2926.0,ascending,/151231h3900.57N/10353.05WO256/031/A=093749 -388T161P EOSS BALLOON,"AE0SS-4>APZEOS,EOSS,WIDE2-1,qAO,AE0SS-10:/151231h3900.57N/10353.05WO256/031/A=093749 -388T161P EOSS BALLOON",256.0,36.0,39.0095,-103.8841666667,234.35,1610.0,4.644e-05,0.02393334,-0.00021944,1.111e-05,18.78333333,low Re,-0.015278,22.54485,-0.000961,4.435649,0.036446,-0.848019,-0.392828,18.969888
EOSS-361,KC0D-2,2024-08-03 09:12:47.257,2024-08-03 09:12:45,94106.0,1156.0,2940.0,ascending,/151245h3900.57N/10353.22WO256/036/A=094106 112T149P EOSS Balloon,"KC0D-2>APZEOS,EOSS,WIDE2-1,qAO,AE0SS-9:/151245h3900.57N/10353.22WO256/036/A=094106 112T149P EOSS Balloon",256.0,41.0,39.0095,-103.887,284.35,1490.0,3.542e-05,0.01825473,-0.0002,-5.56e-06,19.26666667,low Re,0.016111,22.532929,-0.000898,4.431958,0.036394,-0.73698,0.467357,18.909145
EOSS-361,AE0SS-2,2024-08-03 09:13:11.023,2024-08-03 09:13:08,94476.0,1184.0,2963.0,ascending,/151308h3900.52N/10353.50WO258/042/A=094476 -382T126P EOSS BALLOON,"AE0SS-2>APZEOS,EOSS,WIDE2-1,qAO,AE0SS-10:/151308h3900.52N/10353.50WO258/042/A=094476 -382T126P EOSS BALLOON",258.0,48.0,39.0086666667,-103.8916666667,234.95,1260.0,3.625e-05,0.01868261,-0.00020556,-1.667e-05,19.73333333,low Re,0.007778,22.522786,-0.000867,4.427101,0.036331,-0.630086,0.237951,18.832451
EOSS-361,KC0D-2,2024-08-03 09:13:17.286,2024-08-03 09:13:15,94712.0,1212.0,2970.0,ascending,/151315h3900.51N/10353.60WO261/038/A=094712 116T145P EOSS Balloon,"KC0D-2>APZEOS,EOSS,WIDE2-1,qAO,AE0SS-9:/151315h3900.51N/10353.60WO261/038/A=094712 116T145P EOSS Balloon",261.0,44.0,39.0085,-103.8933333333,284.75,1450.0,3.442e-05,0.01773972,-0.00021111,-3.333e-05,20.2,low Re,0.015556,22.5144,-0.000807,4.421277,0.036278,-0.523469,0.451045,18.777054
EOSS-361,AE0SS-2,2024-08-03 09:13:43.530,2024-08-03 09:13:38,95068.0,1184.0,2993.0,ascending,/151338h3900.44N/10353.90WO255/044/A=095068 -374T120P EOSS BALLOON,"AE0SS-2>APZEOS,EOSS,WIDE2-1,qAO,AE0SS-10:/151338h3900.44N/10353.90WO255/044/A=095068 -374T120P EOSS BALLOON",255.0,51.0,39.0073333333,-103.8983333333,235.75,1200.0,3.441e-05,0.01773258,-0.00022222,-4.444e-05,19.73333333,low Re,-0.015556,22.504396,-0.000861,4.41644,0.036223,-0.627443,-0.405681,18.685743
EOSS-361,KC0D-2,2024-08-03 09:13:47.325,2024-08-03 09:13:45,95320.0,1216.0,3000.0,ascending,/151345h3900.42N/10354.01WO249/040/A=095320 116T141P EOSS Balloon,"KC0D-2>APZEOS,EOSS,WIDE2-1,qAO,AE0SS-9:/151345h3900.42N/10354.01WO249/040/A=095320 116T141P EOSS Balloon",249.0,46.0,39.007,-103.9001666667,284.75,1410.0,3.347e-05,0.01725035,-0.00022778,-5e-05,20.26666667,low Re,0.017778,22.496376,-0.000793,4.410525,0.036175,-0.505543,0.513366,18.617024
EOSS-361,AE0SS-2,2024-08-03 09:14:11.065,2024-08-03 09:14:08,95678.0,1220.0,3023.0,ascending,/151408h3900.34N/10354.34WO250/052/A=095678 -375T120P EOSS BALLOON,"AE0SS-2>APZEOS,EOSS,WIDE2-1,qAO,AE0SS-10:/151408h3900.34N/10354.34WO250/052/A=095678 -375T120P EOSS BALLOON",250.0,60.0,39.0056666667,-103.9056666667,235.65,1200.0,3.442e-05,0.01774011,-0.00024444,-5.556e-05,20.33333333,low Re,0.002222,22.488651,-0.000783,4.404511,0.036111,-0.489343,0.083216,18.516845
EOSS-361,KC0D-2,2024-08-03 09:14:17.238,2024-08-03 09:14:15,95899.0,1158.0,3030.0,ascending,/151415h3900.32N/10354.47WO251/050/A=095899 120T137P EOSS Balloon,"KC0D-2>APZEOS,EOSS,WIDE2-1,qAO,AE0SS-9:/151415h3900.32N/10354.47WO251/050/A=095899 120T137P EOSS Balloon",251.0,58.0,39.0053333333,-103.9078333333,285.15,1370.0,3.248e-05,0.01673746,-0.00025556,-5.556e-05,19.3,low Re,-0.034444,22.477303,-0.000903,4.400751,0.036102,-0.721991,-0.929062,18.455572
EOSS-361,AE0SS-2,2024-08-03 09:14:43.552,2024-08-03 09:14:38,96215.0,1074.0,3053.0,ascending,/151438h3900.23N/10354.83WO254/054/A=096215 -372T114P EOSS BALLOON,"AE0SS-2>APZEOS,EOSS,WIDE2-1,qAO,K0BRA-6:/151438h3900.23N/10354.83WO254/054/A=096215 -372T114P EOSS BALLOON",254.0,62.0,39.0038333333,-103.9138333333,235.95,1140.0,3.266e-05,0.01683167,-0.00027222,-6.111e-05,17.9,low Re,-0.046667,22.461072,-0.001066,4.401362,0.036141,-1.036286,-1.261753,18.372319
EOSS-361,KC0D-2,2024-08-03 09:14:47.392,2024-08-03 09:14:45,96438.0,1078.0,3060.0,ascending,/151445h3900.22N/10354.94WO263/039/A=096438 120T133P EOSS Balloon,"KC0D-2>APZEOS,EOSS,WIDE2-1,qAO,AE0SS-9:/151445h3900.22N/10354.94WO263/039/A=096438 120T133P EOSS Balloon",263.0,45.0,39.0036666667,-103.9156666667,285.15,1330.0,3.153e-05,0.01624878,-0.00026111,-5.556e-05,17.96666667,low Re,0.002222,22.44519,-0.001054,4.401667,0.036077,-1.017461,0.090806,18.319256
EOSS-361,KC0D-2,2024-08-03 09:15:17.285,2024-08-03 09:15:15,96936.0,996.0,3090.0,ascending,/151515h3900.17N/10355.39WO256/043/A=096936 124T131P EOSS Balloon,"KC0D-2>APZEOS,EOSS,WIDE2-1,qAO,AE0SS-9:/151515h3900.17N/10355.39WO256/043/A=096936 124T131P EOSS Balloon",256.0,49.0,39.0028333333,-103.9231666667,285.55,1310.0,3.101e-05,0.01598202,-0.00025,-2.778e-05,16.6,low Re,-0.045556,22.424609,-0.001211,4.407552,0.03611,-1.321507,-1.228053,18.2306
EOSS-361,KC0D-2,2024-08-03 09:15:47.315,2024-08-03 09:15:45,97456.0,1040.0,3120.0,ascending,/151545h3900.08N/10355.86WO263/048/A=097456 125T127P EOSS Balloon,"KC0D-2>APZEOS,EOSS,WIDE2-1,qAO,AE0SS-9:/151545h3900.08N/10355.86WO263/048/A=097456 125T127P EOSS Balloon",263.0,55.0,39.0013333333,-103.931,285.65,1270.0,3.005e-05,0.01548859,-0.00026111,-5e-05,17.33333333,low Re,0.024444,22.406745,-0.001121,4.410109,0.036078,-1.150405,0.708604,18.210385
EOSS-361,AE0SS-2,2024-08-03 09:16:11.135,2024-08-03 09:16:08,97764.0,1032.7,3143.0,ascending,/151608h3900.02N/10356.26WO261/049/A=097764 -369T106P EOSS BALLOON,"AE0SS-2>APZEOS,EOSS,WIDE2-1,qAO,AE0SS-10:/151608h3900.02N/10356.26WO261/049/A=097764 -369T106P EOSS BALLOON",261.0,56.0,39.0003333333,-103.9376666667,236.25,1060.0,3.033e-05,0.01563063,-0.00026481,-3.889e-05,17.21111111,low Re,-0.001358,22.388578,-0.001122,4.413072,0.036014,-1.173212,-0.006553,18.251236
EOSS-361,KC0D-2,2024-08-03 09:16:17.263,2024-08-03 09:16:15,97984.0,1056.0,3150.0,ascending,/151615h3900.02N/10356.39WO263/052/A=097984 128T125P EOSS Balloon,"KC0D-2>APZEOS,EOSS,WIDE2-1,qAO,AE0SS-9:/151615h3900.02N/10356.39WO263/052/A=097984 128T125P EOSS Balloon",263.0,60.0,39.0003333333,-103.9398333333,285.95,1250.0,2.955e-05,0.01522868,-0.00029444,-3.333e-05,17.6,low Re,0.012963,22.371893,-0.001073,4.414409,0.035961,-1.080981,0.390312,18.312326
EOSS-361,AE0SS-4,2024-08-03 09:16:36.635,2024-08-03 09:16:31,98210.0,1115.2,3166.0,ascending,/151631h3859.97N/10356.68WO266/048/A=098210 -364T130P EOSS BALLOON,"AE0SS-4>APZEOS,EOSS,WIDE2-1,qAO,AE0SS-10:/151631h3859.97N/10356.68WO266/048/A=098210 -364T130P EOSS BALLOON",266.0,55.0,38.9995,-103.9446666667,236.75,1300.0,3.712e-05,0.01912916,-0.00025208,-4.167e-05,18.5875,low Re,0.004115,22.358753,-0.001055,4.41235,0.035899,-0.854704,0.144015,18.408487
EOSS-361,AE0SS-2,2024-08-03 09:16:43.543,2024-08-03 09:16:38,98325.0,1122.0,3173.0,ascending,/151638h3859.98N/10356.80WO272/049/A=098325 -374T100P EOSS BALLOON,"AE0SS-2>APZEOS,EOSS,WIDE2-1,qAO,AE0SS-10:/151638h3859.98N/10356.80WO272/049/A=098325 -374T100P EOSS BALLOON",272.0,56.0,38.9996666667,-103.9466666667,235.75,1000.0,2.867e-05,0.01477715,-0.0003,-2.222e-05,18.7,low Re,0.00375,22.346093,-0.001038,4.409938,0.035838,-0.82679,0.133601,18.472246
EOSS-361,KC0D-2,2024-08-03 09:16:47.261,2024-08-03 09:16:45,98551.0,1134.0,3180.0,ascending,/151645h3859.97N/10356.93WO262/049/A=098551 129T121P EOSS Balloon,"KC0D-2>APZEOS,EOSS,WIDE2-1,qAO,AE0SS-10:/151645h3859.97N/10356.93WO262/049/A=098551 129T121P EOSS Balloon",262.0,56.0,38.9995,-103.9488333333,286.05,1210.0,2.859e-05,0.01473621,-0.0003,-2.778e-05,18.9,low Re,0.006667,22.33421,-0.001011,4.406951,0.035778,-0.779271,0.214601,18.630669
EOSS-361,AE0SS-2,2024-08-03 09:17:11.076,2024-08-03 09:17:08,98912.0,1174.0,3203.0,ascending,/151708h3859.94N/10357.29WO256/047/A=098912 -372T98P EOSS BALLOON,"AE0SS-2>APZEOS,EOSS,WIDE2-1,qAO,AE0SS-10:/151708h3859.94N/10357.29WO256/047/A=098912 -372T98P EOSS BALLOON",256.0,54.0,38.999,-103.9548333333,235.95,980.0,2.808e-05,0.01446933,-0.00027222,-2.222e-05,19.56666667,low Re,0.022222,22.324699,-0.000931,4.402336,0.035742,-0.626493,0.647781,18.989874
EOSS-361,KC0D-2,2024-08-03 09:17:17.267,2024-08-03 09:17:15,99136.0,1170.0,3210.0,ascending,/151715h3859.94N/10357.42WO268/050/A=099136 132T118P EOSS Balloon,"KC0D-2>APZEOS,EOSS,WIDE2-1,qAO,AE0SS-9:/151715h3859.94N/10357.42WO268/050/A=099136 132T118P EOSS Balloon",268.0,58.0,38.999,-103.957,286.35,1180.0,2.785e-05,0.0143558,-0.00027222,-1.667e-05,19.5,low Re,-0.002222,22.315026,-0.000936,4.397873,0.035681,-0.640088,-0.036042,19.290336
EOSS-361,KC0D-2,2024-08-03 09:18:00.516,2024-08-03 09:17:45,95968.0,-6336.0,0.0,descending,/151745h3859.85N/10357.92WO262/041/A=095968 133T136P EOSS Balloon,"KC0D-2>APZEOS,EOSS,WIDE2-1,qAO,AE0SS-9:/151745h3859.85N/10357.92WO262/041/A=095968 133T136P EOSS Balloon",262.0,47.0,38.9975,-103.9653333333,286.45,1360.0,3.209e-05,0.01653989,-0.00027778,-5e-05,-105.6,n/a,,-105.6,,,,,,-105.385293
EOSS-361,AE0SS-4,2024-08-03 09:18:36.677,2024-08-03 09:18:31,89855.0,-4177.5,46.0,descending,/151831h3859.82N/10358.56WO286/054/A=089855 -432T190P EOSS BALLOON,"AE0SS-4>APZEOS,EOSS,WIDE2-1,qAO,K0BRA-6:/151831h3859.82N/10358.56WO286/054/A=089855 -432T190P EOSS BALLOON",286.0,62.0,38.997,-103.976,229.95,1900.0,5.585e-05,0.02878476,-0.00026111,-2.083e-05,-69.625,n/a,0.299792,-87.6125,0.299792,25.438166,,0.707107,,-82.573046
EOSS-361,AE0SS-2,2024-08-03 09:18:44.130,2024-08-03 09:18:38,88998.0,-6609.3,53.0,descending,/151838h3859.82N/10358.63WO236/035/A=088998 -447T173P EOSS BALLOON,"AE0SS-2>APZEOS,EOSS,WIDE2-1,qAO,K0BRA-6:/151838h3859.82N/10358.63WO236/035/A=088998 -447T173P EOSS BALLOON",236.0,40.0,38.997,-103.9771666667,228.45,1730.0,5.119e-05,0.02638137,-0.00024815,-2.222e-05,-110.15555556,n/a,-0.45034,-95.126852,-0.075274,22.202401,0.530423,-0.676895,-0.707107,-102.623032
EOSS-361,KC0D-2,2024-08-03 09:18:47.294,2024-08-03 09:18:45,88256.0,-7712.0,60.0,descending,/151845h3859.80N/10358.76WO267/044/A=088256 139T197P EOSS Balloon,"KC0D-2>APZEOS,EOSS,WIDE2-1,qAO,AE0SS-10:/151845h3859.80N/10358.76WO267/044/A=088256 139T197P EOSS Balloon",267.0,51.0,38.9966666667,-103.9793333333,287.05,1970.0,4.639e-05,0.02390843,-0.00023333,-1.389e-05,-128.53333333,n/a,-0.306296,-103.478472,-0.152281,24.650138,0.398076,-1.016419,-0.386898,-115.133313
EOSS-361,KC0D-2,2024-08-03 09:19:17.282,2024-08-03 09:19:15,84789.0,-6934.0,90.0,descending,/151915h3859.78N/10359.10WO276/027/A=084789 142T234P EOSS Balloon,"KC0D-2>APZEOS,EOSS,WIDE2-1,qAO,AE0SS-9:/151915h3859.78N/10359.10WO276/027/A=084789 142T234P EOSS Balloon",276.0,31.0,38.9963333333,-103.985,287.35,2340.0,5.505e-05,0.0283692,-0.00018889,-1.111e-05,-115.56666667,n/a,0.432222,-105.896111,-0.006156,22.02151,0.437098,-0.439141,1.002928,-126.788813
EOSS-361,AE0SS-2,2024-08-03 09:19:43.667,2024-08-03 09:19:38,82230.0,-6768.0,113.0,descending,/151938h3859.82N/10359.37WO281/019/A=082230 -482T242P EOSS BALLOON,"AE0SS-2>APZEOS,EOSS,WIDE2-1,qAO,K0BRA-6:/151938h3859.82N/10359.37WO281/019/A=082230 -482T242P EOSS BALLOON",281.0,22.0,38.997,-103.9895,224.95,2420.0,7.272e-05,0.0374776,-0.00020556,0.0,-112.8,n/a,0.046111,-107.046759,0.004298,19.897272,0.379259,-0.289147,0.110249,-112.849498
EOSS-361,KC0D-2,2024-08-03 09:19:47.448,2024-08-03 09:19:45,81590.0,-6398.0,120.0,descending,/151945h3859.81N/10359.44WO273/032/A=081590 141T272P EOSS Balloon,"KC0D-2>APZEOS,EOSS,WIDE2-1,qAO,AE0SS-10:/151945h3859.81N/10359.44WO273/032/A=081590 141T272P EOSS Balloon",273.0,37.0,38.9968333333,-103.9906666667,287.25,2720.0,6.401e-05,0.03298765,-0.00018889,1.667e-05,-106.63333333,n/a,0.205556,-106.987698,0.037841,18.164314,0.349028,0.019509,0.48052,-109.17744
EOSS-361,AE0SS-2,2024-08-03 09:20:11.144,2024-08-03 09:20:08,79226.0,-6008.0,143.0,descending,/152008h3859.84N/10359.62WO217/014/A=079226 -489T283P EOSS BALLOON,"AE0SS-2>APZEOS,EOSS,WIDE2-1,qAO,K0BRA-6:/152008h3859.84N/10359.62WO217/014/A=079226 -489T283P EOSS BALLOON",217.0,16.0,38.9973333333,-103.9936666667,224.25,2830.0,8.53e-05,0.04396392,-0.00013889,1.111e-05,-100.13333333,n/a,0.216667,-106.130903,0.063387,16.990599,0.325708,0.352993,0.470606,-98.501131
EOSS-361,KC0D-2,2024-08-03 09:20:17.323,2024-08-03 09:20:15,78620.0,-5940.0,150.0,descending,/152015h3859.86N/10359.68WO280/024/A=078620 142T314P EOSS Balloon,"KC0D-2>APZEOS,EOSS,WIDE2-1,qAO,K0BRA-6:/152015h3859.86N/10359.68WO280/024/A=078620 142T314P EOSS Balloon",280.0,28.0,38.9976666667,-103.9946666667,287.35,3140.0,7.386e-05,0.03806807,-0.00013333,2.778e-05,-99.0,n/a,0.037778,-105.33858,0.060186,16.070015,0.301683,0.394435,-0.074277,-96.63814
EOSS-361,KC0D-2,2024-08-03 09:20:47.241,2024-08-03 09:20:45,75869.0,-5502.0,180.0,descending,/152045h3859.85N/10359.99WO250/046/A=075869 140T358P EOSS Balloon,"KC0D-2>APZEOS,EOSS,WIDE2-1,qAO,AE0SS-9:/152045h3859.85N/10359.99WO250/046/A=075869 140T358P EOSS Balloon",250.0,53.0,38.9975,-103.9998333333,287.15,3580.0,8.427e-05,0.04343268,-0.00017222,-5.56e-06,-91.7,n/a,0.243333,-103.974722,0.080536,15.752858,0.288726,0.779206,0.563846,-91.670325
EOSS-361,AE0SS-4,2024-08-03 09:21:04.188,2024-08-03 09:21:01,74443.0,-6164.8,196.0,descending,/152101h3859.86N/10400.20WO284/056/A=074443 -508T394P EOSS BALLOON,"AE0SS-4>APZEOS,EOSS,WIDE2-1,qAO,AE0SS-10:/152101h3859.86N/10400.20WO284/056/A=074443 -508T394P EOSS BALLOON",284.0,64.0,38.9976666667,-104.0033333333,222.35,3940.0,0.00011978,0.06173075,-0.00018222,4.44e-06,-102.74666667,n/a,-0.073644,-103.863081,0.065118,14.94906,0.276545,0.074681,-0.50177,-90.254644
EOSS-361,AE0SS-2,2024-08-03 09:21:11.089,2024-08-03 09:21:08,73813.0,-5413.0,203.0,descending,/152108h3859.87N/10400.27WO237/051/A=073813 -515T380P EOSS BALLOON,"AE0SS-2>APZEOS,EOSS,WIDE2-1,qAO,K0BRA-6:/152108h3859.87N/10400.27WO237/051/A=073813 -515T380P EOSS BALLOON",237.0,59.0,38.9978333333,-104.0045,221.65,3800.0,0.00011589,0.0597253,-0.00018056,8.33e-06,-90.21666667,n/a,0.208833,-102.72588,0.078183,14.78774,0.265908,0.845918,0.491335,-89.645215
EOSS-361,KC0D-2,2024-08-03 09:21:17.320,2024-08-03 09:21:15,73282.0,-5174.0,210.0,descending,/152115h3859.88N/10400.37WO260/027/A=073282 140T407P EOSS Balloon,"KC0D-2>APZEOS,EOSS,WIDE2-1,qAO,K0BRA-6:/152115h3859.88N/10400.37WO260/027/A=073282 140T407P EOSS Balloon",260.0,31.0,38.998,-104.0061666667,287.15,4070.0,9.581e-05,0.04937738,-0.00021111,1.667e-05,-86.23333333,n/a,0.132778,-101.457222,0.082732,14.878761,0.254023,1.023196,0.197014,-89.090938
EOSS-361,AE0SS-2,2024-08-03 09:21:43.607,2024-08-03 09:21:38,71276.0,-5074.0,233.0,descending,/152138h3859.80N/10400.59WO303/031/A=071276 -515T429P EOSS BALLOON,"AE0SS-2>APZEOS,EOSS,WIDE2-1,qAO,K0BRA-6:/152138h3859.80N/10400.59WO303/031/A=071276 -515T429P EOSS BALLOON",303.0,36.0,38.9966666667,-104.0098333333,221.65,4290.0,0.00013083,0.06742672,-0.00017778,-3.889e-05,-84.56666667,n/a,0.055556,-100.250754,0.080642,14.990878,0.243325,1.046242,-0.103097,-86.342551
EOSS-361,KC0D-2,2024-08-03 09:21:47.305,2024-08-03 09:21:45,70795.0,-4974.0,240.0,descending,/152145h3859.79N/10400.63WO252/028/A=070795 136T460P EOSS Balloon,"KC0D-2>APZEOS,EOSS,WIDE2-1,qAO,AE0SS-10:/152145h3859.79N/10400.63WO252/028/A=070795 136T460P EOSS Balloon",252.0,32.0,38.9965,-104.0105,286.75,4600.0,0.00010844,0.05588521,-0.00014444,-5e-05,-82.9,n/a,0.055556,-99.094037,0.07885,15.1243,0.233876,1.07073,-0.0996,-85.489404
EOSS-361,AE0SS-4,2024-08-03 09:22:04.285,2024-08-03 09:22:01,69503.0,-4940.0,256.0,descending,/152201h3859.78N/10400.74WO273/043/A=069503 -524T498P EOSS BALLOON,"AE0SS-4>APZEOS,EOSS,WIDE2-1,qAO,K0BRA-6:/152201h3859.78N/10400.74WO273/043/A=069503 -524T498P EOSS BALLOON",273.0,49.0,38.9963333333,-104.0123333333,220.75,4980.0,0.00015249,0.07859069,-0.00015,-2.222e-05,-82.33333333,n/a,0.009444,-98.046493,0.074223,15.200407,0.22608,1.033733,-0.286531,-82.810821
EOSS-361,KC0D-2,2024-08-03 09:22:17.231,2024-08-03 09:22:15,68581.0,-4428.0,270.0,descending,/152215h3859.74N/10400.89WO226/029/A=068581 135T513P EOSS Balloon,"KC0D-2>APZEOS,EOSS,WIDE2-1,qAO,K0BRA-6:/152215h3859.74N/10400.89WO226/029/A=068581 135T513P EOSS Balloon",226.0,33.0,38.9956666667,-104.0148333333,286.65,5130.0,0.00012097,0.0623459,-0.00014444,-2.778e-05,-73.8,n/a,0.284444,-96.620229,0.087362,15.849086,0.224648,1.439845,0.877292,-80.591413
EOSS-361,AE0SS-4,2024-08-03 09:22:36.764,2024-08-03 09:22:31,67333.0,-4340.0,286.0,descending,/152231h3859.69N/10400.97WO080/013/A=067333 -533T549P EOSS BALLOON,"AE0SS-4>APZEOS,EOSS,WIDE2-1,qAO,AE0SS-10:/152231h3859.69N/10400.97WO080/013/A=067333 -533T549P EOSS BALLOON",80.0,15.0,38.9948333333,-104.0161666667,219.85,5490.0,0.0001688,0.0869938,-0.00012778,-5e-05,-72.33333333,n/a,0.048889,-95.270957,0.085099,16.406921,0.217714,1.398046,-0.166319,-77.28737
EOSS-361,KC0D-2,2024-08-03 09:22:47.319,2024-08-03 09:22:45,66407.0,-4348.0,300.0,descending,/152245h3859.66N/10401.01WO263/012/A=066407 131T569P EOSS Balloon,"KC0D-2>APZEOS,EOSS,WIDE2-1,qAO,AE0SS-9:/152245h3859.66N/10401.01WO263/012/A=066407 131T569P EOSS Balloon",263.0,14.0,38.9943333333,-104.0168333333,286.25,5690.0,0.00013436,0.06924832,-6.667e-05,-4.444e-05,-72.46666667,n/a,-0.004444,-94.070731,0.080124,16.781017,0.212266,1.287411,-0.398406,-74.705129
EOSS-361,AE0SS-4,2024-08-03 09:23:04.227,2024-08-03 09:23:01,65168.0,-4330.0,316.0,descending,/152301h3859.62N/10401.10WO156/009/A=065168 -537T609P EOSS BALLOON,"AE0SS-4>APZEOS,EOSS,WIDE2-1,qAO,AE0SS-10:/152301h3859.62N/10401.10WO156/009/A=065168 -537T609P EOSS BALLOON",156.0,10.0,38.9936666667,-104.0183333333,219.45,6090.0,0.00018758,0.09667722,-7.222e-05,-3.889e-05,-72.16666667,n/a,0.01,-92.975528,0.076433,17.052001,0.206911,1.220318,-0.32107,-71.218693
EOSS-361,AE0SS-2,2024-08-03 09:23:11.058,2024-08-03 09:23:08,64779.0,-4331.3,323.0,descending,/152308h3859.59N/10401.10WO209/033/A=064779 -544T593P EOSS BALLOON,"AE0SS-2>APZEOS,EOSS,WIDE2-1,qAO,K0BRA-6:/152308h3859.59N/10401.10WO209/033/A=064779 -544T593P EOSS BALLOON",209.0,38.0,38.9931666667,-104.0183333333,218.75,5930.0,0.00018324,0.0944385,-9.444e-05,-3.889e-05,-72.18888889,n/a,-0.000247,-91.985688,0.072599,17.228106,0.202121,1.149099,-0.360408,-70.14055
EOSS-361,KC0D-2,2024-08-03 09:23:17.288,2024-08-03 09:23:15,64310.0,-4194.0,330.0,descending,/152315h3859.59N/10401.13WO219/010/A=064310 129T631P EOSS Balloon,"KC0D-2>APZEOS,EOSS,WIDE2-1,qAO,AE0SS-9:/152315h3859.59N/10401.13WO219/010/A=064310 129T631P EOSS Balloon",219.0,12.0,38.9931666667,-104.0188333333,286.05,6310.0,0.00014911,0.07684752,-6.667e-05,-3.889e-05,-69.9,n/a,0.076296,-90.981793,0.072775,17.45983,0.197005,1.207445,0.017873,-68.86228
EOSS-361,AE0SS-4,2024-08-03 09:23:36.771,2024-08-03 09:23:31,63142.0,-4052.0,346.0,descending,/152331h3859.60N/10401.18WO336/031/A=063142 -546T674P EOSS BALLOON,"AE0SS-4>APZEOS,EOSS,WIDE2-1,qAO,K0BRA-6:/152331h3859.60N/10401.18WO336/031/A=063142 -546T674P EOSS BALLOON",336.0,36.0,38.9933333333,-104.0196666667,218.55,6740.0,0.00020846,0.10743642,-4.444e-05,-1.111e-05,-67.53333333,n/a,0.078889,-89.962295,0.073053,17.745273,0.192262,1.26394,0.030354,-65.823343
EOSS-361,KC0D-2,2024-08-03 09:23:47.274,2024-08-03 09:23:45,62336.0,-3948.0,360.0,descending,/152345h3859.64N/10401.25WO316/017/A=062336 125T694P EOSS Balloon,"KC0D-2>APZEOS,EOSS,WIDE2-1,qAO,AE0SS-9:/152345h3859.64N/10401.25WO316/017/A=062336 125T694P EOSS Balloon",316.0,20.0,38.994,-104.0208333333,285.65,6940.0,0.00016423,0.08463845,-6.667e-05,2.778e-05,-65.8,n/a,0.057778,-88.955532,0.072389,18.042431,0.187868,1.283393,-0.077773,-63.878927
EOSS-361,AE0SS-4,2024-08-03 09:24:04.190,2024-08-03 09:24:01,61328.0,-3628.0,376.0,descending,/152401h3859.63N/10401.30WO268/032/A=061328 -581T737P EOSS BALLOON,"AE0SS-4>APZEOS,EOSS,WIDE2-1,qAO,K0BRA-6:/152401h3859.63N/10401.30WO268/032/A=061328 -581T737P EOSS BALLOON",268.0,37.0,38.9938333333,-104.0216666667,215.05,7370.0,0.00023166,0.1193907,-6.667e-05,1.667e-05,-60.46666667,n/a,0.177778,-87.815978,0.07678,18.558831,0.184994,1.473655,0.545953,-61.650712
EOSS-361,AE0SS-2,2024-08-03 09:24:11.053,2024-08-03 09:24:08,60894.0,-3885.0,383.0,descending,/152408h3859.66N/10401.34WO119/010/A=060894 -591T724P EOSS BALLOON,"AE0SS-2>APZEOS,EOSS,WIDE2-1,qAO,AE0SS-10:/152408h3859.66N/10401.34WO119/010/A=060894 -591T724P EOSS BALLOON",119.0,12.0,38.9943333333,-104.0223333333,214.05,7240.0,0.00022863,0.11783269,-6.667e-05,1.944e-05,-64.75,n/a,-0.071389,-86.928825,0.070854,18.738091,0.183508,1.183622,-0.775132,-60.763764
EOSS-361,KC0D-2,2024-08-03 09:24:17.307,2024-08-03 09:24:15,60549.0,-3574.0,390.0,descending,/152415h3859.66N/10401.39WO300/023/A=060549 123T760P EOSS Balloon,"KC0D-2>APZEOS,EOSS,WIDE2-1,qAO,AE0SS-9:/152415h3859.66N/10401.39WO300/023/A=060549 123T760P EOSS Balloon",300.0,26.0,38.9943333333,-104.0231666667,285.45,7600.0,0.00017997,0.09275258,-7.778e-05,1.111e-05,-59.56666667,n/a,0.172778,-85.915412,0.074774,19.113889,0.180908,1.378513,0.541734,-60.089642
EOSS-361,AE0SS-4,2024-08-03 09:24:36.666,2024-08-03 09:24:31,59527.0,-3602.0,406.0,descending,/152431h3859.66N/10401.50WO202/029/A=059527 -589T808P EOSS BALLOON,"AE0SS-4>APZEOS,EOSS,WIDE2-1,qAO,AE0SS-9:/152431h3859.66N/10401.50WO202/029/A=059527 -589T808P EOSS BALLOON",202.0,33.0,38.9943333333,-104.025,214.25,8080.0,0.00025492,0.13138113,-0.00011111,1.667e-05,-60.03333333,n/a,-0.015556,-84.991052,0.071428,19.383859,0.178244,1.287552,-0.488005,-58.247003
EOSS-361,KC0D-2,2024-08-03 09:24:47.323,2024-08-03 09:24:45,58797.0,-3504.0,420.0,descending,/152445h3859.60N/10401.63WO215/036/A=058797 118T831P EOSS Balloon,"KC0D-2>APZEOS,EOSS,WIDE2-1,qAO,AE0SS-10:/152445h3859.60N/10401.63WO215/036/A=058797 118T831P EOSS Balloon",215.0,41.0,38.9933333333,-104.0271666667,284.95,8310.0,0.00019713,0.10159558,-0.00013333,-3.333e-05,-58.4,n/a,0.054444,-84.074119,0.070822,19.664616,0.174942,1.3056,-0.09362,-57.060501
EOSS-361,AE0SS-4,2024-08-03 09:25:04.182,2024-08-03 09:25:01,57821.0,-3412.0,436.0,descending,/152501h3859.47N/10401.71WO246/014/A=057821 -609T879P EOSS BALLOON,"AE0SS-4>APZEOS,EOSS,WIDE2-1,qAO,K0BRA-6:/152501h3859.47N/10401.71WO246/014/A=057821 -609T879P EOSS BALLOON",246.0,16.0,38.9911666667,-104.0285,212.25,8790.0,0.00027993,0.14427252,-0.00011667,-0.00010556,-56.86666667,n/a,0.051111,-83.167204,0.070142,19.950879,0.171828,1.318265,-0.110756,-55.61564
EOSS-361,AE0SS-2,2024-08-03 09:25:11.195,2024-08-03 09:25:08,57395.0,-3499.0,443.0,descending,/152508h3859.42N/10401.70WO198/045/A=057395 -612T870P EOSS BALLOON,"AE0SS-2>APZEOS,EOSS,WIDE2-1,qAO,K0BRA-6:/152508h3859.42N/10401.70WO198/045/A=057395 -612T870P EOSS BALLOON",198.0,52.0,38.9903333333,-104.0283333333,211.95,8700.0,0.00027746,0.14299745,-0.0001,-6.667e-05,-58.31666667,n/a,-0.024167,-82.365573,0.066998,20.116923,0.169716,1.195456,-0.537162,-55.026472
EOSS-361,KC0D-2,2024-08-03 09:25:17.287,2024-08-03 09:25:15,57129.0,-3336.0,450.0,descending,/152515h3859.38N/10401.74WO218/011/A=057129 116T903P EOSS Balloon,"KC0D-2>APZEOS,EOSS,WIDE2-1,qAO,AE0SS-9:/152515h3859.38N/10401.74WO218/011/A=057129 116T903P EOSS Balloon",218.0,13.0,38.9896666667,-104.029,284.75,9030.0,0.00021436,0.11047562,-6.111e-05,-0.00012222,-55.6,n/a,0.090556,-81.529149,0.067758,20.347566,0.166917,1.274312,0.136583,-54.668955
EOSS-361,AE0SS-2,2024-08-03 09:25:43.669,2024-08-03 09:25:38,55859.0,-3072.0,473.0,descending,/152538h3859.30N/10401.70WO063/018/A=055859 -642T943P EOSS BALLOON,"AE0SS-2>APZEOS,EOSS,WIDE2-1,qAO,AE0SS-10:/152538h3859.30N/10401.70WO063/018/A=055859 -642T943P EOSS BALLOON",63.0,21.0,38.9883333333,-104.0283333333,208.95,9430.0,0.00030506,0.15722144,0.0,-6.667e-05,-51.2,n/a,0.146667,-80.610084,0.070224,20.711342,0.164794,1.419999,0.46387,-53.040837
EOSS-361,KC0D-2,2024-08-03 09:25:47.276,2024-08-03 09:25:45,55585.0,-3088.0,480.0,descending,/152545h3859.29N/10401.65WO132/009/A=055585 111T977P EOSS Balloon,"KC0D-2>APZEOS,EOSS,WIDE2-1,qAO,AE0SS-9:/152545h3859.29N/10401.65WO132/009/A=055585 111T977P EOSS Balloon",132.0,10.0,38.9881666667,-104.0275,284.25,9770.0,0.00023233,0.11973925,5e-05,-5e-05,-51.46666667,n/a,-0.008889,-79.752925,0.067827,20.998606,0.162782,1.347054,-0.471281,-52.700556
EOSS-361,AE0SS-4,2024-08-03 09:26:04.444,2024-08-03 09:26:01,54688.0,-3133.0,496.0,descending,/152601h3859.30N/10401.61WO008/034/A=054688 -634T1029P EOSS BALLOON,"AE0SS-4>APZEOS,EOSS,WIDE2-1,qAO,K0BRA-6:/152601h3859.30N/10401.61WO008/034/A=054688 -634T1029P EOSS BALLOON",8.0,39.0,38.9883333333,-104.0268333333,209.75,10290.0,0.00033161,0.17090543,2.778e-05,-4.722e-05,-52.21666667,n/a,-0.0125,-78.966175,0.065464,21.20464,0.160888,1.261493,-0.484586,-51.594631
EOSS-361,KC0D-2,2024-08-03 09:26:17.314,2024-08-03 09:26:15,54049.0,-3072.0,510.0,descending,/152615h3859.35N/10401.61WO003/021/A=054049 108T1058P EOSS Balloon,"KC0D-2>APZEOS,EOSS,WIDE2-1,qAO,AE0SS-10:/152615h3859.35N/10401.61WO003/021/A=054049 108T1058P EOSS Balloon",3.0,24.0,38.9891666667,-104.0268333333,283.95,10580.0,0.00025186,0.12980345,2.222e-05,3.333e-05,-51.2,n/a,0.033889,-78.194892,0.064562,21.405736,0.158594,1.261106,-0.193406,-50.802659
EOSS-361,AE0SS-4,2024-08-03 09:26:36.827,2024-08-03 09:26:31,53228.0,-2920.0,526.0,descending,/152631h3859.38N/10401.63WO002/017/A=053228 -618T1108P EOSS BALLOON,"AE0SS-4>APZEOS,EOSS,WIDE2-1,qAO,K0BRA-6:/152631h3859.38N/10401.63WO002/017/A=053228 -618T1108P EOSS BALLOON",2.0,20.0,38.9896666667,-104.0271666667,211.35,11080.0,0.00035437,0.1826333,-1.111e-05,4.444e-05,-48.66666667,n/a,0.084444,-77.396832,0.065114,21.657398,0.156347,1.326575,0.123635,-49.764576
EOSS-361,AE0SS-2,2024-08-03 09:26:43.656,2024-08-03 09:26:38,52882.0,-2977.0,533.0,descending,/152638h3859.38N/10401.61WO190/024/A=052882 -629T1110P EOSS BALLOON,"AE0SS-2>APZEOS,EOSS,WIDE2-1,qAO,K0BRA-6:/152638h3859.38N/10401.61WO190/024/A=052882 -629T1110P EOSS BALLOON",190.0,28.0,38.9896666667,-104.0268333333,210.25,11100.0,0.00035686,0.1839202,2.5e-05,2.222e-05,-49.61666667,n/a,-0.015833,-76.665775,0.062927,21.832887,0.154733,1.238916,-0.509006,-49.317119
EOSS-361,KC0D-2,2024-08-03 09:26:47.292,2024-08-03 09:26:45,52655.0,-2788.0,540.0,descending,/152645h3859.37N/10401.65WO309/007/A=052655 103T1134P EOSS Balloon,"KC0D-2>APZEOS,EOSS,WIDE2-1,qAO,AE0SS-10:/152645h3859.37N/10401.65WO309/007/A=052655 103T1134P EOSS Balloon",309.0,8.0,38.9895,-104.0275,283.45,11340.0,0.00027043,0.13937313,-2.222e-05,1.111e-05,-46.46666667,n/a,0.105,-75.891439,0.064034,22.079745,0.152781,1.332659,0.268135,-49.019781
EOSS-361,AE0SS-4,2024-08-03 09:27:04.204,2024-08-03 09:27:01,51836.0,-2784.0,556.0,descending,/152701h3859.36N/10401.65WO052/018/A=051836 -615T1189P EOSS BALLOON,"AE0SS-4>APZEOS,EOSS,WIDE2-1,qAO,K0BRA-6:/152701h3859.36N/10401.65WO052/018/A=051836 -615T1189P EOSS BALLOON",52.0,21.0,38.9893333333,-104.0275,211.65,11890.0,0.00037973,0.19570685,-1.111e-05,-1.111e-05,-46.4,n/a,0.002222,-75.154153,0.062449,22.288077,0.151081,1.290114,-0.39864,-47.919901
EOSS-361,AE0SS-2,2024-08-03 09:27:11.139,2024-08-03 09:27:08,51492.0,-2780.0,563.0,descending,/152708h3859.34N/10401.64WO239/027/A=051492 -620T1190P EOSS BALLOON,"AE0SS-2>APZEOS,EOSS,WIDE2-1,qAO,K0BRA-6:/152708h3859.34N/10401.64WO239/027/A=051492 -620T1190P EOSS BALLOON",239.0,31.0,38.989,-104.0273333333,211.15,11900.0,0.00038095,0.19633527,-1.667e-05,-2.222e-05,-46.33333333,n/a,0.002222,-74.451206,0.060943,22.463279,0.149436,1.251726,-0.392951,-47.444769
EOSS-361,KC0D-2,2024-08-03 09:27:17.401,2024-08-03 09:27:15,51251.0,-2808.0,570.0,descending,/152715h3859.35N/10401.64WO135/015/A=051251 99T1218P EOSS Balloon,"KC0D-2>APZEOS,EOSS,WIDE2-1,qAO,AE0SS-10:/152715h3859.35N/10401.64WO135/015/A=051251 99T1218P EOSS Balloon",135.0,17.0,38.9891666667,-104.0273333333,283.05,12180.0,0.00029087,0.14990861,5.56e-06,-1.111e-05,-46.8,n/a,-0.015556,-73.792844,0.059077,22.594161,0.148039,1.194682,-0.504144,-47.10727
EOSS-361,AE0SS-4,2024-08-03 09:27:36.706,2024-08-03 09:27:31,50438.0,-2796.0,586.0,descending,/152731h3859.29N/10401.59WO176/029/A=050438 -601T1277P EOSS BALLOON,"AE0SS-4>APZEOS,EOSS,WIDE2-1,qAO,K0BRA-6:/152731h3859.29N/10401.59WO176/029/A=050438 -601T1277P EOSS BALLOON",176.0,33.0,38.9881666667,-104.0265,213.05,12770.0,0.00040516,0.20881025,3.333e-05,-3.889e-05,-46.6,n/a,0.006667,-73.160452,0.05783,22.705462,0.146446,1.169782,-0.349364,-45.942074
EOSS-361,AE0SS-2,2024-08-03 09:27:43.597,2024-08-03 09:27:38,50124.0,-2736.0,593.0,descending,/152738h3859.27N/10401.61WO020/010/A=050124 -605T1274P EOSS BALLOON,"AE0SS-2>APZEOS,EOSS,WIDE2-1,qAO,K0BRA-6:/152738h3859.27N/10401.61WO020/010/A=050124 -605T1274P EOSS BALLOON",20.0,12.0,38.9878333333,-104.0268333333,212.65,12740.0,0.00040497,0.20871155,1.667e-05,-3.889e-05,-45.6,n/a,0.033333,-72.534078,0.05726,22.821303,0.14474,1.180216,-0.16531,-45.482069
EOSS-361,KC0D-2,2024-08-03 09:27:47.339,2024-08-03 09:27:45,49900.0,-2702.0,600.0,descending,/152745h3859.26N/10401.58WO163/016/A=049900 93T1304P EOSS Balloon,"KC0D-2>APZEOS,EOSS,WIDE2-1,qAO,AE0SS-10:/152745h3859.26N/10401.58WO163/016/A=049900 93T1304P EOSS Balloon",163.0,18.0,38.9876666667,-104.0263333333,282.45,13040.0,0.00031207,0.16083422,3.333e-05,-5e-05,-45.03333333,n/a,0.018889,-71.922951,0.056388,22.929931,0.143164,1.172686,-0.26193,-45.15099
EOSS-361,AE0SS-4,2024-08-03 09:28:04.203,2024-08-03 09:28:01,49155.0,-2566.0,616.0,descending,/152801h3859.24N/10401.54WO150/026/A=049155 -578T1362P EOSS BALLOON,"AE0SS-4>APZEOS,EOSS,WIDE2-1,qAO,AE0SS-10:/152801h3859.24N/10401.54WO150/026/A=049155 -578T1362P EOSS BALLOON",150.0,30.0,38.9873333333,-104.0256666667,215.35,13620.0,0.00042751,0.22033053,2.778e-05,-2.778e-05,-42.76666667,n/a,0.075556,-71.289118,0.056814,23.077649,0.141557,1.235934,0.132399,-44.035905
EOSS-361,AE0SS-2,2024-08-03 09:28:11.108,2024-08-03 09:28:08,48857.0,-2534.0,623.0,descending,/152808h3859.21N/10401.55WO308/012/A=048857 -582T1359P EOSS BALLOON,"AE0SS-2>APZEOS,EOSS,WIDE2-1,qAO,AE0SS-10:/152808h3859.21N/10401.55WO308/012/A=048857 -582T1359P EOSS BALLOON",308.0,14.0,38.9868333333,-104.0258333333,214.95,13590.0,0.00042736,0.22025433,3.333e-05,-3.333e-05,-42.23333333,n/a,0.017778,-70.67091,0.055965,23.215568,0.140093,1.224936,-0.272583,-43.585625
EOSS-361,KC0D-2,2024-08-03 09:28:17.340,2024-08-03 09:28:15,48659.0,-2482.0,630.0,descending,/152815h3859.21N/10401.53WO146/015/A=048659 90T1387P EOSS Balloon,"KC0D-2>APZEOS,EOSS,WIDE2-1,qAO,AE0SS-10:/152815h3859.21N/10401.53WO146/015/A=048659 90T1387P EOSS Balloon",146.0,17.0,38.9868333333,-104.0255,282.15,13870.0,0.00033229,0.17125326,2.778e-05,-2.778e-05,-41.36666667,n/a,0.028889,-70.060405,0.055389,23.353495,0.138618,1.22867,-0.191173,-43.285711
EOSS-361,AE0SS-4,2024-08-03 09:28:36.799,2024-08-03 09:28:31,47899.0,-2512.0,646.0,descending,/152831h3859.16N/10401.50WO194/022/A=047899 -559T1446P EOSS BALLOON,"AE0SS-4>APZEOS,EOSS,WIDE2-1,qAO,AE0SS-10:/152831h3859.16N/10401.50WO194/022/A=047899 -559T1446P EOSS BALLOON",194.0,25.0,38.986,-104.025,217.25,14460.0,0.00044991,0.23187341,2.222e-05,-4.444e-05,-41.86666667,n/a,-0.016667,-69.485023,0.053888,23.457316,0.13753,1.177388,-0.513015,-42.134147
EOSS-361,AE0SS-2,2024-08-03 09:28:54.640,2024-08-03 09:28:38,47602.0,-2510.0,653.0,descending,/152838h3859.16N/10401.51WO065/010/A=047602 -562T1440P EOSS BALLOON,"AE0SS-2>APZEOS,EOSS,WIDE2-1,qAO,K0BRA-6:/152838h3859.16N/10401.51WO065/010/A=047602 -562T1440P EOSS BALLOON",65.0,12.0,38.986,-104.0251666667,216.95,14400.0,0.00044866,0.23123059,2.222e-05,-2.778e-05,-41.83333333,n/a,0.001111,-68.931989,0.052811,23.543757,0.136298,1.150991,-0.379316,-41.686281
EOSS-361,KC0D-2,2024-08-03 09:28:47.274,2024-08-03 09:28:45,47434.0,-2450.0,660.0,descending,/152845h3859.15N/10401.47WO120/023/A=047434 84T1474P EOSS Balloon,"KC0D-2>APZEOS,EOSS,WIDE2-1,qAO,AE0SS-10:/152845h3859.15N/10401.47WO120/023/A=047434 84T1474P EOSS Balloon",120.0,26.0,38.9858333333,-104.0245,281.55,14740.0,0.00035388,0.18238302,3.333e-05,-3.333e-05,-40.83333333,n/a,0.033333,-68.381035,0.052421,23.636908,0.134928,1.165453,-0.141468,-41.434064
EOSS-361,AE0SS-4,2024-08-03 09:29:05.633,2024-08-03 09:29:01,46713.0,-2372.0,676.0,descending,/152901h3859.13N/10401.40WO092/028/A=046713 -546T1531P EOSS BALLOON,"AE0SS-4>APZEOS,EOSS,WIDE2-1,qAO,K0BRA-6:/152901h3859.13N/10401.40WO092/028/A=046713 -546T1531P EOSS BALLOON",92.0,32.0,38.9855,-104.0233333333,218.55,15310.0,0.00047352,0.24404327,5.556e-05,-1.667e-05,-39.53333333,n/a,0.043333,-67.826271,0.052243,23.743464,0.133578,1.19161,-0.066703,-40.365609
EOSS-361,AE0SS-2,2024-08-03 09:29:12.265,2024-08-03 09:29:08,46433.0,-2338.0,683.0,descending,/152908h3859.09N/10401.35WO167/021/A=046433 -550T1531P EOSS BALLOON,"AE0SS-2>APZEOS,EOSS,WIDE2-1,qAO,K0BRA-6:/152908h3859.09N/10401.35WO167/021/A=046433 -550T1531P EOSS BALLOON",167.0,24.0,38.9848333333,-104.0225,218.15,15310.0,0.00047439,0.24449074,8.889e-05,-3.889e-05,-38.96666667,n/a,0.018889,-67.281751,0.051602,23.845867,0.132343,1.187421,-0.247183,-39.958858
EOSS-361,KC0D-2,2024-08-03 09:29:17.308,2024-08-03 09:29:15,46251.0,-2366.0,690.0,descending,/152915h3859.09N/10401.36WO047/010/A=046251 81T1561P EOSS Balloon,"KC0D-2>APZEOS,EOSS,WIDE2-1,qAO,AE0SS-10:/152915h3859.09N/10401.36WO047/010/A=046251 81T1561P EOSS Balloon",47.0,12.0,38.9848333333,-104.0226666667,281.25,15610.0,0.00037517,0.19335385,6.111e-05,-3.333e-05,-39.43333333,n/a,-0.015556,-66.766039,0.050334,23.921921,0.131389,1.14258,-0.501488,-39.697548
EOSS-361,AE0SS-4,2024-08-03 09:29:36.727,2024-08-03 09:29:31,45578.0,-2270.0,706.0,descending,/152931h3859.06N/10401.30WO242/013/A=045578 -528T1618P EOSS BALLOON,"AE0SS-4>APZEOS,EOSS,WIDE2-1,qAO,AE0SS-10:/152931h3859.06N/10401.30WO242/013/A=045578 -528T1618P EOSS BALLOON",242.0,15.0,38.9843333333,-104.0216666667,220.35,16180.0,0.00049634,0.25580434,5.556e-05,-3.889e-05,-37.83333333,n/a,0.053333,-66.23999,0.05039,24.018347,0.130144,1.182707,0.022613,-38.756319
EOSS-361,AE0SS-2,2024-08-03 09:29:43.811,2024-08-03 09:29:38,45299.0,-2268.0,713.0,descending,/152938h3859.07N/10401.29WO081/018/A=045299 -525T1626P EOSS BALLOON,"AE0SS-2>APZEOS,EOSS,WIDE2-1,qAO,K0BRA-6:/152938h3859.07N/10401.29WO081/018/A=045299 -525T1626P EOSS BALLOON",81.0,21.0,38.9845,-104.0215,220.65,16260.0,0.00049812,0.25671962,3.333e-05,-1.111e-05,-37.8,n/a,0.001111,-65.732133,0.049494,24.100533,0.129104,1.158984,-0.37476,-38.379443
EOSS-361,KC0D-2,2024-08-03 09:29:47.398,2024-08-03 09:29:45,45129.0,-2244.0,720.0,descending,/152945h3859.05N/10401.26WO162/020/A=045129 75T1647P EOSS Balloon,"KC0D-2>APZEOS,EOSS,WIDE2-1,qAO,AE0SS-9:/152945h3859.05N/10401.26WO162/020/A=045129 75T1647P EOSS Balloon",162.0,23.0,38.9841666667,-104.021,280.65,16470.0,0.00039668,0.20444241,5.556e-05,-2.222e-05,-37.4,n/a,0.013333,-65.235078,0.048848,24.177391,0.128016,1.151285,-0.277426,-38.154111
EOSS-361,AE0SS-4,2024-08-03 09:30:04.209,2024-08-03 09:30:01,44435.0,-2286.0,736.0,descending,/153001h3859.00N/10401.22WO154/035/A=044435 -508T1711P EOSS BALLOON,"AE0SS-4>APZEOS,EOSS,WIDE2-1,qAO,AE0SS-10:/153001h3859.00N/10401.22WO154/035/A=044435 -508T1711P EOSS BALLOON",154.0,40.0,38.9833333333,-104.0203333333,222.35,17110.0,0.00052015,0.26807439,4.444e-05,-3.333e-05,-38.1,n/a,-0.023333,-64.767232,0.047582,24.227796,0.127228,1.100687,-0.557385,-37.271517
EOSS-361,AE0SS-2,2024-08-03 09:30:11.150,2024-08-03 09:30:08,44163.0,-2272.0,743.0,descending,/153008h3858.95N/10401.22WO198/010/A=044163 -509T1712P EOSS BALLOON,"AE0SS-2>APZEOS,EOSS,WIDE2-1,qAO,AE0SS-10:/153008h3858.95N/10401.22WO198/010/A=044163 -509T1712P EOSS BALLOON",198.0,12.0,38.9825,-104.0203333333,222.25,17120.0,0.00052069,0.26835175,3.889e-05,-6.667e-05,-37.86666667,n/a,0.007778,-64.31129,0.046896,24.272015,0.126215,1.089511,-0.309931,-36.943319
EOSS-361,KC0D-2,2024-08-03 09:30:17.280,2024-08-03 09:30:15,44003.0,-2252.0,750.0,descending,/153015h3858.95N/10401.20WO106/021/A=044003 71T1739P EOSS Balloon,"KC0D-2>APZEOS,EOSS,WIDE2-1,qAO,AE0SS-9:/153015h3858.95N/10401.20WO106/021/A=044003 71T1739P EOSS Balloon",106.0,24.0,38.9825,-104.02,280.25,17390.0,0.00041944,0.21617049,3.333e-05,-5.556e-05,-37.53333333,n/a,0.011111,-63.864991,0.046289,24.312475,0.125209,1.083051,-0.280954,-36.755244
EOSS-361,AE0SS-4,2024-08-03 09:30:36.733,2024-08-03 09:30:31,43339.0,-2192.0,766.0,descending,/153031h3858.88N/10401.13WO070/011/A=043339 -502T1800P EOSS BALLOON,"AE0SS-4>APZEOS,EOSS,WIDE2-1,qAO,AE0SS-10:/153031h3858.88N/10401.13WO070/011/A=043339 -502T1800P EOSS BALLOON",70.0,13.0,38.9813333333,-104.0188333333,222.95,18000.0,0.00054573,0.28125968,5e-05,-6.667e-05,-36.53333333,n/a,0.033333,-63.416931,0.046073,24.361672,0.124155,1.10352,-0.102614,-36.016203
EOSS-361,KC0D-2,2024-08-03 09:30:47.348,2024-08-03 09:30:45,42898.0,-2210.0,780.0,descending,/153045h3858.81N/10401.08WO161/017/A=042898 66T1833P EOSS Balloon,"KC0D-2>APZEOS,EOSS,WIDE2-1,qAO,AE0SS-10:/153045h3858.81N/10401.08WO161/017/A=042898 66T1833P EOSS Balloon",161.0,20.0,38.9801666667,-104.018,279.75,18330.0,0.0004429,0.22826263,6.667e-05,-7.778e-05,-36.83333333,n/a,-0.01,-62.988163,0.045154,24.395899,0.123325,1.072099,-0.447225,-35.563968
EOSS-361,AE0SS-4,2024-08-03 09:31:04.240,2024-08-03 09:31:01,42252.0,-2174.0,796.0,descending,/153101h3858.68N/10400.97WO169/040/A=042252 -494T1898P EOSS BALLOON,"AE0SS-4>APZEOS,EOSS,WIDE2-1,qAO,AE0SS-10:/153101h3858.68N/10400.97WO169/040/A=042252 -494T1898P EOSS BALLOON",169.0,46.0,38.978,-104.0161666667,223.75,18980.0,0.00057339,0.29551233,8.889e-05,-0.00011111,-36.23333333,n/a,0.02,-62.563483,0.044748,24.432003,0.122352,1.077691,-0.202269,-34.959318
EOSS-361,KC0D-2,2024-08-03 09:31:17.314,2024-08-03 09:31:15,41850.0,-2096.0,810.0,descending,/153115h3858.59N/10400.92WO129/031/A=041850 63T1926P EOSS Balloon,"KC0D-2>APZEOS,EOSS,WIDE2-1,qAO,AE0SS-10:/153115h3858.59N/10400.92WO129/031/A=041850 63T1926P EOSS Balloon",129.0,36.0,38.9765,-104.0153333333,279.45,19260.0,0.00046587,0.24010136,8.889e-05,-0.00012222,-34.93333333,n/a,0.043333,-62.131762,0.044726,24.482163,0.121361,1.110949,-0.011478,-34.618157
EOSS-361,AE0SS-4,2024-08-03 09:31:36.732,2024-08-03 09:31:31,41217.0,-2070.0,826.0,descending,/153131h3858.43N/10400.78WO165/044/A=041217 -482T1992P EOSS BALLOON,"AE0SS-4>APZEOS,EOSS,WIDE2-1,qAO,AE0SS-10:/153131h3858.43N/10400.78WO165/044/A=041217 -482T1992P EOSS BALLOON",165.0,51.0,38.9738333333,-104.013,224.95,19920.0,0.00059858,0.30849333,0.00010556,-0.00013889,-34.5,n/a,0.014444,-61.706658,0.044253,24.530745,0.120454,1.109084,-0.247472,-34.135069
EOSS-361,AE0SS-2,2024-08-03 09:31:43.566,2024-08-03 09:31:38,40969.0,-2129.3,833.0,descending,/153138h3858.36N/10400.76WO158/032/A=040969 -482T1996P EOSS BALLOON,"AE0SS-2>APZEOS,EOSS,WIDE2-1,qAO,AE0SS-10:/153138h3858.36N/10400.76WO158/032/A=040969 -482T1996P EOSS BALLOON",158.0,37.0,38.9726666667,-104.0126666667,224.95,19960.0,0.00059978,0.3091128,8.519e-05,-0.00010926,-35.48888889,n/a,-0.010988,-61.309419,0.043403,24.554314,0.119705,1.051568,-0.454375,-33.963438
EOSS-361,KC0D-2,2024-08-03 09:31:47.256,2024-08-03 09:31:45,40820.0,-2060.0,840.0,descending,/153145h3858.31N/10400.71WO138/040/A=040820 58T2022P EOSS Balloon,"KC0D-2>APZEOS,EOSS,WIDE2-1,qAO,AE0SS-10:/153145h3858.31N/10400.71WO138/040/A=040820 58T2022P EOSS Balloon",138.0,46.0,38.9718333333,-104.0118333333,278.95,20220.0,0.00048997,0.25252085,0.00011667,-0.00015556,-34.33333333,n/a,0.038519,-60.906791,0.043329,24.589441,0.118782,1.080686,-0.040494,-33.864961
EOSS-361,AE0SS-4,2024-08-03 09:32:03.750,2024-08-03 09:32:01,40196.0,-2042.0,856.0,descending,/153201h3858.11N/10400.57WO169/050/A=040196 -459T2089P EOSS BALLOON,"AE0SS-4>APZEOS,EOSS,WIDE2-1,qAO,AE0SS-10:/153201h3858.11N/10400.57WO169/050/A=040196 -459T2089P EOSS BALLOON",169.0,58.0,38.9685,-104.0095,227.25,20890.0,0.00062137,0.32024105,0.00011667,-0.00017778,-34.03333333,n/a,0.01,-60.511593,0.042831,24.62187,0.117949,1.075396,-0.278349,-33.488885
EOSS-361,AE0SS-2,2024-08-03 09:32:11.140,2024-08-03 09:32:08,39947.0,-2044.0,863.0,descending,/153208h3858.05N/10400.53WO132/038/A=039947 -462T2092P EOSS BALLOON,"AE0SS-2>APZEOS,EOSS,WIDE2-1,qAO,AE0SS-10:/153208h3858.05N/10400.53WO132/038/A=039947 -462T2092P EOSS BALLOON",132.0,44.0,38.9675,-104.0088333333,226.95,20920.0,0.00062309,0.32112487,0.00012778,-0.00017222,-34.06666667,n/a,-0.001111,-60.128333,0.042185,24.646633,0.117187,1.057413,-0.369461,-33.354378
EOSS-361,KC0D-2,2024-08-03 09:32:17.381,2024-08-03 09:32:15,39784.0,-2072.0,870.0,descending,/153215h3857.98N/10400.45WO150/059/A=039784 56T2122P EOSS Balloon,"KC0D-2>APZEOS,EOSS,WIDE2-1,qAO,AE0SS-10:/153215h3857.98N/10400.45WO150/059/A=039784 56T2122P EOSS Balloon",150.0,68.0,38.9663333333,-104.0075,278.75,21220.0,0.00051457,0.26519965,0.00014444,-0.00018333,-34.53333333,n/a,-0.015556,-59.76269,0.041348,24.657887,0.11653,1.023176,-0.488321,-33.270841
EOSS-361,AE0SS-4,2024-08-03 09:32:36.259,2024-08-03 09:32:31,39157.0,-2078.0,886.0,descending,/153231h3857.79N/10400.29WO132/053/A=039157 -452T2193P EOSS BALLOON,"AE0SS-4>APZEOS,EOSS,WIDE2-1,qAO,K0BRA-6:/153231h3857.79N/10400.29WO132/053/A=039157 -452T2193P EOSS BALLOON",132.0,61.0,38.9631666667,-104.0048333333,227.95,21930.0,0.0006503,0.33515174,0.00015556,-0.00017778,-34.63333333,n/a,-0.003333,-59.408756,0.04071,24.66211,0.115805,1.004595,-0.38032,-32.980266
EOSS-361,KC0D-2,2024-08-03 09:32:47.263,2024-08-03 09:32:45,38759.0,-2050.0,900.0,descending,/153245h3857.60N/10400.10WO152/053/A=038759 51T2226P EOSS Balloon,"KC0D-2>APZEOS,EOSS,WIDE2-1,qAO,AE0SS-9:/153245h3857.60N/10400.10WO152/053/A=038759 51T2226P EOSS Balloon",152.0,61.0,38.96,-104.0016666667,278.25,22260.0,0.00054076,0.27869709,0.00019444,-0.00021111,-34.16666667,n/a,0.015556,-59.058171,0.040356,24.667847,0.115014,1.009067,-0.215626,-32.818492
EOSS-361,AE0SS-4,2024-08-03 09:33:03.761,2024-08-03 09:33:01,38145.0,-2024.0,916.0,descending,/153301h3857.43N/10359.91WO131/061/A=038145 -429T2294P EOSS BALLOON,"AE0SS-4>APZEOS,EOSS,WIDE2-1,qAO,K0BRA-6:/153301h3857.43N/10359.91WO131/061/A=038145 -429T2294P EOSS BALLOON",131.0,70.0,38.9571666667,-103.9985,230.25,22940.0,0.00067346,0.3470853,0.00021111,-0.0002,-33.73333333,n/a,0.014444,-58.711256,0.039996,24.67462,0.114242,1.012292,-0.223666,-32.59725
EOSS-361,KC0D-2,2024-08-03 09:33:17.333,2024-08-03 09:33:15,37746.0,-2026.0,930.0,descending,/153315h3857.27N/10359.73WO126/047/A=037746 49T2332P EOSS Balloon,"KC0D-2>APZEOS,EOSS,WIDE2-1,qAO,AE0SS-10:/153315h3857.27N/10359.73WO126/047/A=037746 49T2332P EOSS Balloon",126.0,54.0,38.9545,-103.9955,278.05,23320.0,0.00056692,0.29217839,0.00020556,-0.00018333,-33.76666667,n/a,-0.001111,-58.374167,0.039433,24.676004,0.113548,0.997224,-0.357065,-32.468113
EOSS-361,AE0SS-4,2024-08-03 09:33:37.735,2024-08-03 09:33:31,37133.0,-2024.0,946.0,descending,/153331h3857.10N/10359.51WO141/039/A=037133 -411T2410P EOSS BALLOON,"AE0SS-4>APZEOS,EOSS,WIDE2-1,qAO,K0BRA-6:/153331h3857.10N/10359.51WO141/039/A=037133 -411T2410P EOSS BALLOON",141.0,45.0,38.9516666667,-103.9918333333,232.05,24100.0,0.00070202,0.36180779,0.00022222,-0.00018333,-33.73333333,n/a,0.001111,-58.045622,0.038915,24.673312,0.112855,0.985368,-0.334979,-32.28507
EOSS-361,AE0SS-2,2024-08-03 09:33:49.124,2024-08-03 09:33:38,36893.0,-2036.0,953.0,descending,/153338h3857.06N/10359.43WO119/050/A=036893 -412T2413P EOSS BALLOON,"AE0SS-2>APZEOS,EOSS,WIDE2-1,qAO,K0BRA-6:/153338h3857.06N/10359.43WO119/050/A=036893 -412T2413P EOSS BALLOON",119.0,58.0,38.951,-103.9905,231.95,24130.0,0.0007032,0.36241436,0.0002037,-0.00018333,-33.93333333,n/a,-0.002222,-57.728355,0.038366,24.663848,0.112191,0.964773,-0.361776,-32.216612
EOSS-361,KC0D-2,2024-08-03 09:33:47.284,2024-08-03 09:33:45,36765.0,-1962.0,960.0,descending,/153345h3856.99N/10359.33WO142/053/A=036765 44T2440P EOSS Balloon,"KC0D-2>APZEOS,EOSS,WIDE2-1,qAO,AE0SS-10:/153345h3856.99N/10359.33WO142/053/A=036765 44T2440P EOSS Balloon",142.0,61.0,38.9498333333,-103.9888333333,277.55,24400.0,0.00059424,0.30626054,0.00022222,-0.00015556,-32.7,n/a,0.041111,-57.403312,0.038402,24.666509,0.111441,1.001492,0.024309,-32.180501
EOSS-361,AE0SS-4,2024-08-03 09:34:03.847,2024-08-03 09:34:01,36170.0,-1926.0,976.0,descending,/153401h3856.85N/10359.16WO129/055/A=036170 -392T2513P EOSS BALLOON,"AE0SS-4>APZEOS,EOSS,WIDE2-1,qAO,K0BRA-6:/153401h3856.85N/10359.16WO129/055/A=036170 -392T2513P EOSS BALLOON",129.0,63.0,38.9475,-103.986,233.95,25130.0,0.00072608,0.37420698,0.00019444,-0.00013889,-32.1,n/a,0.02,-57.07891,0.038164,24.672725,0.110725,1.01241,-0.164046,-32.013268
EOSS-361,AE0SS-2,2024-08-03 09:34:11.266,2024-08-03 09:34:08,35938.0,-1910.0,983.0,descending,/153408h3856.77N/10359.07WO152/047/A=035938 -393T2523P EOSS BALLOON,"AE0SS-2>APZEOS,EOSS,WIDE2-1,qAO,K0BRA-6:/153408h3856.77N/10359.07WO152/047/A=035938 -393T2523P EOSS BALLOON",152.0,54.0,38.9461666667,-103.9845,233.85,25230.0,0.00072928,0.37585672,0.0002,-0.00016111,-31.83333333,n/a,0.008889,-56.759346,0.037788,24.678058,0.110054,1.010048,-0.262589,-31.947027
EOSS-361,KC0D-2,2024-08-03 09:34:17.374,2024-08-03 09:34:15,35803.0,-1924.0,990.0,descending,/153415h3856.72N/10359.02WO129/042/A=035803 42T2547P EOSS Balloon,"KC0D-2>APZEOS,EOSS,WIDE2-1,qAO,AE0SS-10:/153415h3856.72N/10359.02WO129/042/A=035803 42T2547P EOSS Balloon",129.0,48.0,38.9453333333,-103.9836666667,277.35,25470.0,0.00062075,0.31992135,0.00017222,-0.00015,-32.06666667,n/a,-0.007778,-56.450687,0.037211,24.676288,0.109466,0.988156,-0.410986,-31.907879
EOSS-361,AE0SS-4,2024-08-03 09:34:36.445,2024-08-03 09:34:31,35223.0,-1894.0,1006.0,descending,/153431h3856.56N/10358.86WO136/028/A=035223 -369T2622P EOSS BALLOON,"AE0SS-4>APZEOS,EOSS,WIDE2-1,qAO,AE0SS-10:/153431h3856.56N/10358.86WO136/028/A=035223 -369T2622P EOSS BALLOON",136.0,32.0,38.9426666667,-103.981,236.25,26220.0,0.0007502,0.38663692,0.00016667,-0.00016111,-31.56666667,n/a,0.016667,-56.143477,0.036955,24.676959,0.108795,0.995942,-0.186479,-31.732012
EOSS-361,AE0SS-2,2024-08-03 09:34:43.717,2024-08-03 09:34:38,34996.0,-1884.0,1013.0,descending,/153438h3856.52N/10358.79WO122/043/A=034996 -369T2628P EOSS BALLOON,"AE0SS-2>APZEOS,EOSS,WIDE2-1,qAO,K0BRA-6:/153438h3856.52N/10358.79WO122/043/A=034996 -369T2628P EOSS BALLOON",122.0,49.0,38.942,-103.9798333333,236.25,26280.0,0.00075192,0.38752167,0.00015556,-0.00013889,-31.4,n/a,0.005556,-55.841728,0.036567,24.675914,0.108169,0.99051,-0.28669,-31.658686
EOSS-361,KC0D-2,2024-08-03 09:34:47.347,2024-08-03 09:34:45,34875.0,-1856.0,1020.0,descending,/153445h3856.46N/10358.71WO144/046/A=034875 38T2654P EOSS Balloon,"KC0D-2>APZEOS,EOSS,WIDE2-1,qAO,AE0SS-10:/153445h3856.46N/10358.71WO144/046/A=034875 38T2654P EOSS Balloon",144.0,53.0,38.941,-103.9785,276.95,26540.0,0.00064776,0.33384279,0.00017222,-0.00014444,-30.93333333,n/a,0.015556,-55.541627,0.036311,24.676915,0.107525,0.997219,-0.193025,-31.618329
EOSS-361,AE0SS-4,2024-08-03 09:35:03.874,2024-08-03 09:35:01,34308.0,-1830.0,1036.0,descending,/153501h3856.33N/10358.60WO130/039/A=034308 -349T2731P EOSS BALLOON,"AE0SS-4>APZEOS,EOSS,WIDE2-1,qAO,AE0SS-10:/153501h3856.33N/10358.60WO130/039/A=034308 -349T2731P EOSS BALLOON",130.0,45.0,38.9388333333,-103.9766666667,238.25,27310.0,0.00077483,0.39932936,0.00014444,-0.00012778,-30.5,n/a,0.014444,-55.243512,0.036047,24.679519,0.106894,1.002593,-0.202097,-31.41547
EOSS-361,AE0SS-2,2024-08-03 09:35:11.184,2024-08-03 09:35:08,34089.0,-1814.0,1043.0,descending,/153508h3856.25N/10358.52WO155/053/A=034089 -349T2746P EOSS BALLOON,"AE0SS-2>APZEOS,EOSS,WIDE2-1,qAO,K0BRA-6:/153508h3856.25N/10358.52WO155/053/A=034089 -349T2746P EOSS BALLOON",155.0,61.0,38.9375,-103.9753333333,238.25,27460.0,0.00077908,0.40152267,0.00015,-0.00015,-30.23333333,n/a,0.008889,-54.949275,0.035724,24.681707,0.106289,1.001387,-0.252472,-31.33026
EOSS-361,KC0D-2,2024-08-03 09:35:17.303,2024-08-03 09:35:15,33974.0,-1802.0,1050.0,descending,/153515h3856.18N/10358.50WO161/034/A=033974 37T2763P EOSS Balloon,"KC0D-2>APZEOS,EOSS,WIDE2-1,qAO,AE0SS-10:/153515h3856.18N/10358.50WO161/034/A=033974 37T2763P EOSS Balloon",161.0,39.0,38.9363333333,-103.975,276.85,27630.0,0.00067461,0.34767928,0.00011667,-0.00015556,-30.03333333,n/a,0.006667,-54.659554,0.035382,24.682755,0.105702,0.99771,-0.27166,-31.283827
EOSS-361,AE0SS-4,2024-08-03 09:35:36.247,2024-08-03 09:35:31,33428.0,-1760.0,1066.0,descending,/153531h3856.05N/10358.37WO141/050/A=033428 -325T2837P EOSS BALLOON,"AE0SS-4>APZEOS,EOSS,WIDE2-1,qAO,K0BRA-6:/153531h3856.05N/10358.37WO141/050/A=033428 -325T2837P EOSS BALLOON",141.0,58.0,38.9341666667,-103.9728333333,240.65,28370.0,0.00079687,0.41069169,0.00012778,-0.00015556,-29.33333333,n/a,0.023333,-54.368448,0.035242,24.688598,0.105086,1.014035,-0.113326,-31.046273
EOSS-361,AE0SS-2,2024-08-03 09:35:43.661,2024-08-03 09:35:38,33242.0,-1694.0,1073.0,descending,/153538h3855.98N/10358.32WO161/046/A=033242 -327T2848P EOSS BALLOON,"AE0SS-2>APZEOS,EOSS,WIDE2-1,qAO,K0BRA-6:/153538h3855.98N/10358.32WO161/046/A=033242 -327T2848P EOSS BALLOON",161.0,53.0,38.933,-103.972,240.45,28480.0,0.00080063,0.41262701,0.00011111,-0.00015,-28.23333333,n/a,0.036667,-54.071458,0.035258,24.7039,0.104474,1.045913,0.013487,-30.958518
EOSS-361,KC0D-2,2024-08-03 09:35:47.310,2024-08-03 09:35:45,33101.0,-1746.0,1080.0,descending,/153545h3855.91N/10358.29WO150/029/A=033101 33T2871P EOSS Balloon,"KC0D-2>APZEOS,EOSS,WIDE2-1,qAO,AE0SS-10:/153545h3855.91N/10358.29WO150/029/A=033101 33T2871P EOSS Balloon",150.0,33.0,38.9318333333,-103.9715,276.45,28710.0,0.00070199,0.36179207,0.00011667,-0.00015,-29.1,n/a,-0.028889,-53.79088,0.034529,24.705345,0.104096,0.999414,-0.609226,-30.889571
EOSS-361,AE0SS-4,2024-08-03 09:36:03.778,2024-08-03 09:36:01,32539.0,-1778.0,1096.0,descending,/153601h3855.74N/10358.15WO162/047/A=032539 -304T2952P EOSS BALLOON,"AE0SS-4>APZEOS,EOSS,WIDE2-1,qAO,AE0SS-10:/153601h3855.74N/10358.15WO162/047/A=032539 -304T2952P EOSS BALLOON",162.0,54.0,38.929,-103.9691666667,242.75,29520.0,0.000822,0.42364254,0.00012222,-0.00017222,-29.63333333,n/a,-0.017778,-53.522463,0.033942,24.697783,0.103651,0.967258,-0.498982,-30.593337
EOSS-361,AE0SS-2,2024-08-03 09:36:11.215,2024-08-03 09:36:08,32362.0,-1760.0,1103.0,descending,/153608h3855.67N/10358.13WO168/040/A=032362 -302T2962P EOSS BALLOON,"AE0SS-2>APZEOS,EOSS,WIDE2-1,qAO,AE0SS-10:/153608h3855.67N/10358.13WO168/040/A=032362 -302T2962P EOSS BALLOON",168.0,46.0,38.9278333333,-103.9688333333,242.95,29620.0,0.00082411,0.42472771,0.00010556,-0.00017222,-29.33333333,n/a,0.01,-53.256648,0.033676,24.690742,0.103098,0.968918,-0.229646,-30.492805
EOSS-361,KC0D-2,2024-08-03 09:36:17.513,2024-08-03 09:36:15,32223.0,-1756.0,1110.0,descending,/153615h3855.61N/10358.08WO141/044/A=032223 32T2983P EOSS Balloon,"KC0D-2>APZEOS,EOSS,WIDE2-1,qAO,AE0SS-10:/153615h3855.61N/10358.08WO141/044/A=032223 32T2983P EOSS Balloon",141.0,51.0,38.9268333333,-103.968,276.35,29830.0,0.00072964,0.3760419,0.00011667,-0.00016667,-29.26666667,n/a,0.002222,-52.995888,0.03333,24.681757,0.102577,0.961407,-0.303265,-30.411406
EOSS-361,AE0SS-4,2024-08-03 09:36:36.310,2024-08-03 09:36:31,31701.0,-1676.0,1126.0,descending,/153631h3855.40N/10357.97WO174/034/A=031701 -281T3057P EOSS BALLOON,"AE0SS-4>APZEOS,EOSS,WIDE2-1,qAO,AE0SS-10:/153631h3855.40N/10357.97WO174/034/A=031701 -281T3057P EOSS BALLOON",174.0,39.0,38.9233333333,-103.9661666667,245.05,30570.0,0.00084325,0.43459345,0.0001,-0.00018889,-27.93333333,n/a,0.044444,-52.726398,0.033451,24.684441,0.102018,1.0044,0.107755,-30.086561
EOSS-361,KC0D-2,2024-08-03 09:36:47.389,2024-08-03 09:36:45,31374.0,-1698.0,1140.0,descending,/153645h3855.26N/10357.89WO168/044/A=031374 29T3094P EOSS Balloon,"KC0D-2>APZEOS,EOSS,WIDE2-1,qAO,AE0SS-10:/153645h3855.26N/10357.89WO168/044/A=031374 29T3094P EOSS Balloon",168.0,51.0,38.921,-103.9648333333,276.05,30940.0,0.00075761,0.39045861,0.00010556,-0.00019444,-28.3,n/a,-0.012222,-52.466543,0.03296,24.680298,0.101573,0.979184,-0.444823,-29.867953
EOSS-361,AE0SS-4,2024-08-03 09:37:03.820,2024-08-03 09:37:01,30832.0,-1738.0,1156.0,descending,/153701h3855.11N/10357.79WO140/045/A=030832 -261T3174P EOSS BALLOON,"AE0SS-4>APZEOS,EOSS,WIDE2-1,qAO,K0BRA-6:/153701h3855.11N/10357.79WO140/045/A=030832 -261T3174P EOSS BALLOON",140.0,52.0,38.9185,-103.9631666667,247.05,31740.0,0.00086844,0.44757365,0.0001,-0.00016111,-28.96666667,n/a,-0.022222,-52.219175,0.032373,24.666784,0.101186,0.942665,-0.539551,-29.481342
EOSS-361,AE0SS-2,2024-08-03 09:37:11.205,2024-08-03 09:37:08,30618.0,-1744.0,1163.0,descending,/153708h3855.04N/10357.73WO166/047/A=030618 -258T3186P EOSS BALLOON,"AE0SS-2>APZEOS,EOSS,WIDE2-1,qAO,K0BRA-6:/153708h3855.04N/10357.73WO166/047/A=030618 -258T3186P EOSS BALLOON",166.0,54.0,38.9173333333,-103.9621666667,247.35,31860.0,0.00087066,0.44872091,0.00011111,-0.000175,-29.06666667,n/a,-0.001667,-51.978003,0.032014,24.650136,0.100707,0.929461,-0.334445,-29.320907
EOSS-361,KC0D-2,2024-08-03 09:37:17.371,2024-08-03 09:37:15,30506.0,-1736.0,1170.0,descending,/153715h3854.98N/10357.71WO155/029/A=030506 29T3209P EOSS Balloon,"KC0D-2>APZEOS,EOSS,WIDE2-1,qAO,AE0SS-10:/153715h3854.98N/10357.71WO155/029/A=030506 29T3209P EOSS Balloon",155.0,33.0,38.9163333333,-103.9618333333,276.05,32090.0,0.00078577,0.40497146,0.0001,-0.00015556,-28.93333333,n/a,0.004444,-51.74043,0.031727,24.632794,0.100215,0.925883,-0.272245,-29.235305
EOSS-361,AE0SS-4,2024-08-03 09:37:36.473,2024-08-03 09:37:31,29980.0,-1704.0,1186.0,descending,/153731h3854.82N/10357.59WO169/046/A=029980 -242T3291P EOSS BALLOON,"AE0SS-4>APZEOS,EOSS,WIDE2-1,qAO,AE0SS-10:/153731h3854.82N/10357.59WO169/046/A=029980 -242T3291P EOSS BALLOON",169.0,53.0,38.9136666667,-103.9598333333,248.95,32910.0,0.00089358,0.46053029,0.00011111,-0.00016111,-28.4,n/a,0.017778,-51.502262,0.031583,24.618653,0.099701,0.938405,-0.138464,-28.8196
EOSS-361,AE0SS-2,2024-08-03 09:37:43.628,2024-08-03 09:37:38,29761.0,-1714.0,1193.0,descending,/153738h3854.75N/10357.57WO141/030/A=029761 -242T3306P EOSS BALLOON,"AE0SS-2>APZEOS,EOSS,WIDE2-1,qAO,AE0SS-10:/153738h3854.75N/10357.57WO141/030/A=029761 -242T3306P EOSS BALLOON",141.0,35.0,38.9125,-103.9595,248.95,33060.0,0.00089765,0.46262933,8.889e-05,-0.00016111,-28.56666667,n/a,-0.005556,-51.270589,0.031204,24.600959,0.099257,0.922888,-0.370352,-28.640608
EOSS-361,KC0D-2,2024-08-03 09:37:47.360,2024-08-03 09:37:45,29656.0,-1700.0,1200.0,descending,/153745h3854.70N/10357.51WO144/046/A=029656 26T3327P EOSS Balloon,"KC0D-2>APZEOS,EOSS,WIDE2-1,qAO,AE0SS-10:/153745h3854.70N/10357.51WO144/046/A=029656 26T3327P EOSS Balloon",144.0,53.0,38.9116666667,-103.9585,275.75,33270.0,0.00081555,0.42031968,0.00011111,-0.00015556,-28.33333333,n/a,0.007778,-51.041217,0.030968,24.583636,0.098777,0.923699,-0.234771,-28.553726
EOSS-361,AE0SS-4,2024-08-03 09:38:04.031,2024-08-03 09:38:01,29110.0,-1740.0,1216.0,descending,/153801h3854.52N/10357.43WO155/031/A=029110 -226T3415P EOSS BALLOON,"AE0SS-4>APZEOS,EOSS,WIDE2-1,qAO,K0BRA-6:/153801h3854.52N/10357.43WO155/031/A=029110 -226T3415P EOSS BALLOON",155.0,36.0,38.9086666667,-103.9571666667,250.55,34150.0,0.00092132,0.47483066,8.889e-05,-0.00016667,-29.0,n/a,-0.022222,-50.822987,0.030436,24.558535,0.098421,0.888611,-0.535028,-28.092817
EOSS-361,AE0SS-2,2024-08-03 09:38:11.219,2024-08-03 09:38:08,28902.0,-1718.0,1223.0,descending,/153808h3854.45N/10357.40WO160/028/A=028902 -226T3429P EOSS BALLOON,"AE0SS-2>APZEOS,EOSS,WIDE2-1,qAO,K0BRA-6:/153808h3854.45N/10357.40WO160/028/A=028902 -226T3429P EOSS BALLOON",160.0,32.0,38.9075,-103.9566666667,250.55,34290.0,0.0009251,0.47677725,9.444e-05,-0.00016667,-28.63333333,n/a,0.012222,-50.605441,0.030256,24.535228,0.097944,0.895533,-0.184126,-27.914144
EOSS-361,KC0D-2,2024-08-03 09:38:17.331,2024-08-03 09:38:15,28792.0,-1728.0,1230.0,descending,/153815h3854.38N/10357.41WO182/040/A=028792 26T3450P EOSS Balloon,"KC0D-2>APZEOS,EOSS,WIDE2-1,qAO,AE0SS-10:/153815h3854.38N/10357.41WO182/040/A=028792 26T3450P EOSS Balloon",182.0,46.0,38.9063333333,-103.9568333333,275.75,34500.0,0.00084571,0.435859,5.556e-05,-0.00017778,-28.8,n/a,-0.005556,-50.393738,0.029904,24.509018,0.097523,0.881053,-0.363607,-27.819186
EOSS-361,AE0SS-4,2024-08-03 09:38:36.522,2024-08-03 09:38:31,28275.0,-1670.0,1246.0,descending,/153831h3854.22N/10357.37WO165/048/A=028275 -209T3533P EOSS BALLOON,"AE0SS-4>APZEOS,EOSS,WIDE2-1,qAO,K0BRA-6:/153831h3854.22N/10357.37WO165/048/A=028275 -209T3533P EOSS BALLOON",165.0,55.0,38.9036666667,-103.9561666667,252.25,35330.0,0.00094673,0.48792707,3.333e-05,-0.00016667,-27.83333333,n/a,0.032222,-50.176811,0.029927,24.489874,0.097044,0.912356,0.023649,-27.370651
EOSS-361,AE0SS-2,2024-08-03 09:38:43.712,2024-08-03 09:38:38,28073.0,-1658.0,1253.0,descending,/153838h3854.13N/10357.37WO199/040/A=028073 -208T3551P EOSS BALLOON,"AE0SS-2>APZEOS,EOSS,WIDE2-1,qAO,AE0SS-10:/153838h3854.13N/10357.37WO199/040/A=028073 -208T3551P EOSS BALLOON",199.0,46.0,38.9021666667,-103.9561666667,252.35,35510.0,0.00095118,0.49021863,1.667e-05,-0.00017778,-27.63333333,n/a,0.006667,-49.962111,0.029703,24.470945,0.096599,0.912461,-0.23847,-27.195366
EOSS-361,KC0D-2,2024-08-03 09:38:47.371,2024-08-03 09:38:45,27981.0,-1622.0,1260.0,descending,/153845h3854.07N/10357.38WO174/035/A=027981 24T3569P EOSS Balloon,"KC0D-2>APZEOS,EOSS,WIDE2-1,qAO,K0BRA-6:/153845h3854.07N/10357.38WO174/035/A=027981 24T3569P EOSS Balloon",174.0,40.0,38.9011666667,-103.9563333333,275.55,35690.0,0.00087551,0.45122025,1.667e-05,-0.00017222,-27.03333333,n/a,0.02,-49.745802,0.029611,24.455751,0.096138,0.928717,-0.099971,-27.115706
EOSS-361,AE0SS-4,2024-08-03 09:39:04.006,2024-08-03 09:39:01,27483.0,-1584.0,1276.0,descending,/153901h3853.86N/10357.37WO200/046/A=027483 -191T3653P EOSS BALLOON,"AE0SS-4>APZEOS,EOSS,WIDE2-1,qAO,K0BRA-6:/153901h3853.86N/10357.37WO200/046/A=027483 -191T3653P EOSS BALLOON",200.0,53.0,38.8976666667,-103.9561666667,254.05,36530.0,0.00097196,0.50092525,0.0,-0.0002,-26.4,n/a,0.021111,-49.527617,0.029531,24.444532,0.095682,0.946126,-0.088,-26.688325
EOSS-361,KC0D-2,2024-08-03 09:39:17.436,2024-08-03 09:39:15,27198.0,-1566.0,1290.0,descending,/153915h3853.71N/10357.39WO181/048/A=027198 25T3686P EOSS Balloon,"KC0D-2>APZEOS,EOSS,WIDE2-1,qAO,AE0SS-10:/153915h3853.71N/10357.39WO181/048/A=027198 25T3686P EOSS Balloon",181.0,55.0,38.8951666667,-103.9565,275.65,36860.0,0.00090389,0.46584322,-5.56e-06,-0.0002,-26.1,n/a,0.01,-49.310694,0.029348,24.434252,0.095249,0.949924,-0.203131,-26.448278
EOSS-361,AE0SS-4,2024-08-03 09:39:36.460,2024-08-03 09:39:31,26700.0,-1566.0,1306.0,descending,/153931h3853.52N/10357.44WO181/030/A=026700 -182T3773P EOSS BALLOON,"AE0SS-4>APZEOS,EOSS,WIDE2-1,qAO,K0BRA-6:/153931h3853.52N/10357.44WO181/030/A=026700 -182T3773P EOSS BALLOON",181.0,35.0,38.892,-103.9573333333,254.95,37730.0,0.00100034,0.51555409,-3.889e-05,-0.00018889,-26.1,n/a,0.0,-49.097752,0.029076,24.422267,0.094845,0.941671,-0.306563,-26.040897
EOSS-361,AE0SS-2,2024-08-03 09:39:43.766,2024-08-03 09:39:38,26513.0,-1560.0,1313.0,descending,/153938h3853.46N/10357.43WO175/042/A=026513 -183T3786P EOSS BALLOON,"AE0SS-2>APZEOS,EOSS,WIDE2-1,qAO,K0BRA-6:/153938h3853.46N/10357.43WO175/042/A=026513 -183T3786P EOSS BALLOON",175.0,48.0,38.891,-103.9571666667,254.85,37860.0,0.00100418,0.51753344,-1.667e-05,-0.00018611,-26.0,n/a,0.001667,-48.887773,0.028825,24.409531,0.094441,0.937657,-0.287566,-25.892892
EOSS-361,KC0D-2,2024-08-03 09:39:47.383,2024-08-03 09:39:45,26424.0,-1548.0,1320.0,descending,/153945h3853.37N/10357.45WO195/046/A=026424 24T3806P EOSS Balloon,"KC0D-2>APZEOS,EOSS,WIDE2-1,qAO,AE0SS-10:/153945h3853.37N/10357.45WO195/046/A=026424 24T3806P EOSS Balloon",195.0,53.0,38.8895,-103.9575,275.55,38060.0,0.00093365,0.4811836,-3.333e-05,-0.00018889,-25.8,n/a,0.006667,-48.679775,0.028624,24.396943,0.094031,0.937813,-0.233508,-25.823552
EOSS-361,AE0SS-4,2024-08-03 09:40:04.002,2024-08-03 09:40:01,25925.0,-1550.0,1336.0,descending,/154001h3853.19N/10357.47WO182/044/A=025925 -171T3896P EOSS BALLOON,"AE0SS-4>APZEOS,EOSS,WIDE2-1,qAO,K0BRA-6:/154001h3853.19N/10357.47WO182/044/A=025925 -171T3896P EOSS BALLOON",182.0,51.0,38.8865,-103.9578333333,256.05,38960.0,0.00102851,0.53007414,-1.667e-05,-0.00018333,-25.83333333,n/a,-0.001111,-48.475789,0.028356,24.382554,0.093645,0.928633,-0.314667,-25.449603
EOSS-361,AE0SS-2,2024-08-03 09:40:11.149,2024-08-03 09:40:08,25738.0,-1550.0,1343.0,descending,/154008h3853.10N/10357.49WO195/049/A=025738 -174T3915P EOSS BALLOON,"AE0SS-2>APZEOS,EOSS,WIDE2-1,qAO,K0BRA-6:/154008h3853.10N/10357.49WO195/049/A=025738 -174T3915P EOSS BALLOON",195.0,56.0,38.885,-103.9581666667,255.75,39150.0,0.00103474,0.53328402,-3.333e-05,-0.0002,-25.83333333,n/a,0.0,-48.275413,0.028102,24.366736,0.09326,0.921013,-0.30133,-25.316636
EOSS-361,KC0D-2,2024-08-03 09:40:17.339,2024-08-03 09:40:15,25646.0,-1556.0,1350.0,descending,/154015h3853.04N/10357.53WO195/032/A=025646 26T3929P EOSS Balloon,"KC0D-2>APZEOS,EOSS,WIDE2-1,qAO,AE0SS-10:/154015h3853.04N/10357.53WO195/032/A=025646 26T3929P EOSS Balloon",195.0,37.0,38.884,-103.9588333333,275.75,39290.0,0.00096312,0.49637392,-4.444e-05,-0.00018333,-25.93333333,n/a,-0.003333,-48.07943,0.027824,24.348761,0.09289,0.909537,-0.335418,-25.252784
EOSS-361,AE0SS-4,2024-08-03 09:40:36.529,2024-08-03 09:40:31,25167.0,-1516.0,1366.0,descending,/154031h3852.85N/10357.54WO189/044/A=025167 -164T4016P EOSS BALLOON,"AE0SS-4>APZEOS,EOSS,WIDE2-1,qAO,AE0SS-10:/154031h3852.85N/10357.54WO189/044/A=025167 -164T4016P EOSS BALLOON",189.0,51.0,38.8808333333,-103.959,256.75,40160.0,0.0010573,0.54491116,-3.889e-05,-0.00018889,-25.26666667,n/a,0.022222,-47.881058,0.027775,24.334893,0.09248,0.929299,-0.060045,-24.93821
EOSS-361,AE0SS-2,2024-08-03 09:40:43.836,2024-08-03 09:40:38,24981.0,-1514.0,1373.0,descending,/154038h3852.78N/10357.58WO219/034/A=024981 -168T4032P EOSS BALLOON,"AE0SS-2>APZEOS,EOSS,WIDE2-1,qAO,AE0SS-10:/154038h3852.78N/10357.58WO219/034/A=024981 -168T4032P EOSS BALLOON",219.0,39.0,38.8796666667,-103.9596666667,256.35,40320.0,0.00106317,0.54793577,-5e-05,-0.00017778,-25.23333333,n/a,0.001111,-47.685819,0.027543,24.319936,0.092107,0.923213,-0.286971,-24.824623
EOSS-361,KC0D-2,2024-08-03 09:40:47.277,2024-08-03 09:40:45,24891.0,-1510.0,1380.0,descending,/154045h3852.74N/10357.61WO186/031/A=024891 25T4052P EOSS Balloon,"KC0D-2>APZEOS,EOSS,WIDE2-1,qAO,AE0SS-10:/154045h3852.74N/10357.61WO186/031/A=024891 25T4052P EOSS Balloon",186.0,36.0,38.879,-103.9601666667,275.65,40520.0,0.00099364,0.51209895,-4.444e-05,-0.00016667,-25.16666667,n/a,0.002222,-47.493348,0.027325,24.304213,0.091736,0.918634,-0.273644,-24.771466
EOSS-361,AE0SS-4,2024-08-03 09:41:03.971,2024-08-03 09:41:01,24407.0,-1520.0,1396.0,descending,/154101h3852.59N/10357.69WO212/024/A=024407 -149T4146P EOSS BALLOON,"AE0SS-4>APZEOS,EOSS,WIDE2-1,qAO,AE0SS-10:/154101h3852.59N/10357.69WO212/024/A=024407 -149T4146P EOSS BALLOON",212.0,28.0,38.8765,-103.9615,258.25,41460.0,0.00108519,0.55928274,-8.333e-05,-0.00014444,-25.33333333,n/a,-0.005556,-47.305551,0.027044,24.285957,0.09139,0.904729,-0.356713,-24.506542
EOSS-361,AE0SS-2,2024-08-03 09:41:11.158,2024-08-03 09:41:08,24220.0,-1522.0,1403.0,descending,/154108h3852.53N/10357.70WO187/038/A=024220 -148T4161P EOSS BALLOON,"AE0SS-2>APZEOS,EOSS,WIDE2-1,qAO,AE0SS-10:/154108h3852.53N/10357.70WO187/038/A=024220 -148T4161P EOSS BALLOON",187.0,44.0,38.8755,-103.9616666667,258.35,41610.0,0.00108869,0.56108893,-6.667e-05,-0.00013889,-25.36666667,n/a,-0.001111,-47.12119,0.026805,24.266314,0.091035,0.896491,-0.306651,-24.413904
EOSS-361,KC0D-2,2024-08-03 09:41:17.294,2024-08-03 09:41:15,24141.0,-1500.0,1410.0,descending,/154115h3852.46N/10357.73WO201/043/A=024141 27T4178P EOSS Balloon,"KC0D-2>APZEOS,EOSS,WIDE2-1,qAO,K0BRA-6:/154115h3852.46N/10357.73WO201/043/A=024141 27T4178P EOSS Balloon",201.0,49.0,38.8743333333,-103.9621666667,275.85,41780.0,0.00102379,0.52764022,-6.667e-05,-0.00015556,-25.0,n/a,0.012222,-46.936847,0.026683,24.248372,0.090659,0.904673,-0.15951,-24.376427
EOSS-361,AE0SS-4,2024-08-03 09:41:36.505,2024-08-03 09:41:31,23663.0,-1488.0,1426.0,descending,/154131h3852.32N/10357.82WO179/028/A=023663 -130T4268P EOSS BALLOON,"AE0SS-4>APZEOS,EOSS,WIDE2-1,qAO,K0BRA-6:/154131h3852.32N/10357.82WO179/028/A=023663 -130T4268P EOSS BALLOON",179.0,32.0,38.872,-103.9636666667,260.15,42680.0,0.00110896,0.57153526,-7.222e-05,-0.00015,-24.8,n/a,0.006667,-46.753898,0.026516,24.230839,0.090296,0.906031,-0.219821,-24.170835
EOSS-361,AE0SS-2,2024-08-03 09:41:44.002,2024-08-03 09:41:38,23473.0,-1494.0,1433.0,descending,/154138h3852.24N/10357.85WO207/041/A=023473 -132T4287P EOSS BALLOON,"AE0SS-2>APZEOS,EOSS,WIDE2-1,qAO,K0BRA-6:/154138h3852.24N/10357.85WO207/041/A=023473 -132T4287P EOSS BALLOON",207.0,47.0,38.8706666667,-103.9641666667,259.95,42870.0,0.00111476,0.57452127,-8.333e-05,-0.00016111,-24.9,n/a,-0.003333,-46.574768,0.026269,24.211484,0.089959,0.895227,-0.329061,-24.099191
EOSS-361,KC0D-2,2024-08-03 09:41:47.393,2024-08-03 09:41:45,23395.0,-1492.0,1440.0,descending,/154145h3852.19N/10357.90WO209/035/A=023395 27T4305P EOSS Balloon,"KC0D-2>APZEOS,EOSS,WIDE2-1,qAO,AE0SS-10:/154145h3852.19N/10357.90WO209/035/A=023395 27T4305P EOSS Balloon",209.0,40.0,38.8698333333,-103.965,275.85,43050.0,0.00105491,0.54367907,-9.444e-05,-0.00015,-24.86666667,n/a,0.001111,-46.398279,0.026063,24.191368,0.089616,0.890054,-0.278432,-24.071422
EOSS-361,AE0SS-4,2024-08-03 09:42:04.023,2024-08-03 09:42:01,22921.0,-1484.0,1456.0,descending,/154201h3852.07N/10357.98WO179/022/A=022921 -111T4397P EOSS BALLOON,"AE0SS-4>APZEOS,EOSS,WIDE2-1,qAO,AE0SS-10:/154201h3852.07N/10357.98WO179/022/A=022921 -111T4397P EOSS BALLOON",179.0,25.0,38.8678333333,-103.9663333333,262.05,43970.0,0.0011342,0.58454069,-8.889e-05,-0.00013889,-24.73333333,n/a,0.004444,-46.223562,0.025887,24.171256,0.089269,0.889082,-0.240207,-23.922786
EOSS-361,AE0SS-2,2024-08-03 09:42:11.294,2024-08-03 09:42:08,22737.0,-1472.0,1463.0,descending,/154208h3852.02N/10357.97WO181/033/A=022737 -112T4418P EOSS BALLOON,"AE0SS-2>APZEOS,EOSS,WIDE2-1,qAO,K0BRA-6:/154208h3852.02N/10357.97WO181/033/A=022737 -112T4418P EOSS BALLOON",181.0,38.0,38.867,-103.9661666667,261.95,44180.0,0.00114005,0.58755667,-6.667e-05,-0.00012222,-24.53333333,n/a,0.006667,-46.05004,0.025732,24.151639,0.088922,0.8909,-0.214401,-23.874093
EOSS-361,KC0D-2,2024-08-03 09:42:17.322,2024-08-03 09:42:15,22659.0,-1472.0,1470.0,descending,/154215h3851.96N/10357.99WO198/033/A=022659 29T4435P EOSS Balloon,"KC0D-2>APZEOS,EOSS,WIDE2-1,qAO,AE0SS-10:/154215h3851.96N/10357.99WO198/033/A=022659 29T4435P EOSS Balloon",198.0,38.0,38.866,-103.9665,276.05,44350.0,0.00108598,0.559691,-5e-05,-0.00012778,-24.53333333,n/a,0.0,-45.879272,0.025526,24.131092,0.088593,0.884582,-0.288127,-23.854907
EOSS-361,AE0SS-4,2024-08-03 09:42:36.486,2024-08-03 09:42:31,22181.0,-1480.0,1486.0,descending,/154231h3851.84N/10358.02WO177/028/A=022181 -92T4526P EOSS BALLOON,"AE0SS-4>APZEOS,EOSS,WIDE2-1,qAO,AE0SS-10:/154231h3851.84N/10358.02WO177/028/A=022181 -92T4526P EOSS BALLOON",177.0,32.0,38.864,-103.967,263.95,45260.0,0.00115907,0.59735889,-2.222e-05,-0.00012778,-24.66666667,n/a,-0.004444,-45.712244,0.025289,24.108737,0.088278,0.872944,-0.336811,-23.755153
EOSS-361,AE0SS-2,2024-08-03 09:42:43.616,2024-08-03 09:42:38,22003.0,-1468.0,1493.0,descending,/154238h3851.78N/10358.02WO186/033/A=022003 -93T4551P EOSS BALLOON,"AE0SS-2>APZEOS,EOSS,WIDE2-1,qAO,K0BRA-6:/154238h3851.78N/10358.02WO186/033/A=022003 -93T4551P EOSS BALLOON",186.0,38.0,38.863,-103.967,263.85,45510.0,0.00116591,0.60088614,-2.778e-05,-0.00013333,-24.46666667,n/a,0.006667,-45.546263,0.025142,24.086945,0.087943,0.875146,-0.210079,-23.725265
EOSS-361,KC0D-2,2024-08-03 09:42:47.272,2024-08-03 09:42:45,21928.0,-1462.0,1500.0,descending,/154245h3851.73N/10358.06WO212/025/A=021928 29T4565P EOSS Balloon,"KC0D-2>APZEOS,EOSS,WIDE2-1,qAO,K0BRA-6:/154245h3851.73N/10358.06WO212/025/A=021928 29T4565P EOSS Balloon",212.0,29.0,38.8621666667,-103.9676666667,276.05,45650.0,0.00111781,0.57609682,-3.889e-05,-0.00012778,-24.36666667,n/a,0.003333,-45.38208,0.024972,24.065029,0.087617,0.873276,-0.246973,-23.713747
EOSS-361,AE0SS-4,2024-08-03 09:43:03.978,2024-08-03 09:43:01,21470.0,-1422.0,1516.0,descending,/154301h3851.65N/10358.07WO175/017/A=021470 -81T4653P EOSS BALLOON,"AE0SS-4>APZEOS,EOSS,WIDE2-1,qAO,K0BRA-6:/154301h3851.65N/10358.07WO175/017/A=021470 -81T4653P EOSS BALLOON",175.0,20.0,38.8608333333,-103.9678333333,265.05,46530.0,0.00118665,0.61157214,-2.778e-05,-0.00010556,-23.7,n/a,0.022222,-45.215295,0.02495,24.046882,0.087274,0.894723,-0.031258,-23.655716
EOSS-361,AE0SS-2,2024-08-03 09:43:11.235,2024-08-03 09:43:08,21298.0,-1410.0,1523.0,descending,/154308h3851.60N/10358.07WO184/028/A=021298 -82T4675P EOSS BALLOON,"AE0SS-2>APZEOS,EOSS,WIDE2-1,qAO,K0BRA-6:/154308h3851.60N/10358.07WO184/028/A=021298 -82T4675P EOSS BALLOON",184.0,32.0,38.86,-103.9678333333,264.95,46750.0,0.00119271,0.61469565,-2.778e-05,-0.0001,-23.5,n/a,0.006667,-45.049529,0.02481,24.029234,0.08695,0.896805,-0.20866,-23.638645
EOSS-361,KC0D-2,2024-08-03 09:43:17.331,2024-08-03 09:43:15,21217.0,-1422.0,1530.0,descending,/154315h3851.56N/10358.11WO223/024/A=021217 32T4696P EOSS Balloon,"KC0D-2>APZEOS,EOSS,WIDE2-1,qAO,K0BRA-6:/154315h3851.56N/10358.11WO223/024/A=021217 32T4696P EOSS Balloon",223.0,28.0,38.8593333333,-103.9685,276.35,46960.0,0.00114864,0.5919855,-2.778e-05,-9.444e-05,-23.7,n/a,-0.006667,-44.88779,0.024569,24.009362,0.086659,0.88248,-0.360447,-23.631347
EOSS-361,AE0SS-4,2024-08-03 09:43:36.505,2024-08-03 09:43:31,20753.0,-1434.0,1546.0,descending,/154331h3851.49N/10358.15WO185/025/A=020753 -73T4789P EOSS BALLOON,"AE0SS-4>APZEOS,EOSS,WIDE2-1,qAO,K0BRA-6:/154331h3851.49N/10358.15WO185/025/A=020753 -73T4789P EOSS BALLOON",185.0,29.0,38.8581666667,-103.9691666667,265.85,47890.0,0.00121765,0.62755331,-4.444e-05,-8.889e-05,-23.9,n/a,-0.006667,-44.729987,0.024333,23.987379,0.08637,0.868373,-0.358921,-23.596599
EOSS-361,AE0SS-2,2024-08-03 09:43:43.288,2024-08-03 09:43:38,20574.0,-1448.0,1553.0,descending,/154338h3851.44N/10358.18WO231/021/A=020574 -76T4805P EOSS BALLOON,"AE0SS-2>APZEOS,EOSS,WIDE2-1,qAO,K0BRA-6:/154338h3851.44N/10358.18WO231/021/A=020574 -76T4805P EOSS BALLOON",231.0,24.0,38.8573333333,-103.9696666667,265.55,48050.0,0.0012231,0.63036129,-6.111e-05,-8.889e-05,-24.13333333,n/a,-0.007778,-44.576281,0.024091,23.963178,0.086087,0.853098,-0.370195,-23.58539
EOSS-361,KC0D-2,2024-08-03 09:43:47.300,2024-08-03 09:43:45,20493.0,-1448.0,1560.0,descending,/154345h3851.43N/10358.19WO169/016/A=020493 32T4832P EOSS Balloon,"KC0D-2>APZEOS,EOSS,WIDE2-1,qAO,K0BRA-6:/154345h3851.43N/10358.19WO169/016/A=020493 32T4832P EOSS Balloon",169.0,18.0,38.8571666667,-103.9698333333,276.35,48320.0,0.00118191,0.60912988,-4.444e-05,-7.222e-05,-24.13333333,n/a,0.0,-44.424852,0.023912,23.938342,0.085788,0.847658,-0.278734,-23.580524
EOSS-361,AE0SS-4,2024-08-03 09:44:04.178,2024-08-03 09:44:01,20042.0,-1422.0,1576.0,descending,/154401h3851.35N/10358.23WO230/010/A=020042 -60T4922P EOSS BALLOON,"AE0SS-4>APZEOS,EOSS,WIDE2-1,qAO,AE0SS-10:/154401h3851.35N/10358.23WO230/010/A=020042 -60T4922P EOSS BALLOON",230.0,12.0,38.8558333333,-103.9705,267.15,49220.0,0.00124538,0.6418431,-4.444e-05,-7.778e-05,-23.7,n/a,0.014444,-44.272463,0.023841,23.915637,0.085472,0.86021,-0.109942,-23.553482
EOSS-361,AE0SS-2,2024-08-03 09:44:11.250,2024-08-03 09:44:08,19866.0,-1416.0,1583.0,descending,/154408h3851.34N/10358.23WO146/014/A=019866 -59T4947P EOSS BALLOON,"AE0SS-2>APZEOS,EOSS,WIDE2-1,qAO,K0BRA-6:/154408h3851.34N/10358.23WO146/014/A=019866 -59T4947P EOSS BALLOON",146.0,16.0,38.8556666667,-103.9705,267.25,49470.0,0.00125124,0.64486179,-2.778e-05,-5.556e-05,-23.6,n/a,0.003333,-44.121569,0.023691,23.892917,0.085173,0.858898,-0.239019,-23.541862
EOSS-361,KC0D-2,2024-08-03 09:44:17.305,2024-08-03 09:44:15,19803.0,-1380.0,1590.0,descending,/154415h3851.30N/10358.23WO194/023/A=019803 35T4964P EOSS Balloon,"KC0D-2>APZEOS,EOSS,WIDE2-1,qAO,AE0SS-10:/154415h3851.30N/10358.23WO194/023/A=019803 35T4964P EOSS Balloon",194.0,26.0,38.855,-103.9705,276.65,49640.0,0.00121288,0.62509143,-2.222e-05,-7.222e-05,-23.0,n/a,0.02,-43.968514,0.023664,23.873359,0.08486,0.878323,-0.043177,-23.53741
EOSS-361,AE0SS-4,2024-08-03 09:44:36.514,2024-08-03 09:44:31,19362.0,-1360.0,1606.0,descending,/154431h3851.25N/10358.27WO167/006/A=019362 -46T5055P EOSS BALLOON,"AE0SS-4>APZEOS,EOSS,WIDE2-1,qAO,K0BRA-6:/154431h3851.25N/10358.27WO167/006/A=019362 -46T5055P EOSS BALLOON",167.0,7.0,38.8541666667,-103.9711666667,268.55,50550.0,0.00127237,0.65575023,-2.222e-05,-5.556e-05,-22.66666667,n/a,0.011111,-43.815264,0.023573,23.855226,0.084556,0.886539,-0.147382,-23.499725
EOSS-361,AE0SS-2,2024-08-03 09:44:43.643,2024-08-03 09:44:38,19193.0,-1346.0,1613.0,descending,/154438h3851.22N/10358.25WO167/019/A=019193 -48T5081P EOSS BALLOON,"AE0SS-2>APZEOS,EOSS,WIDE2-1,qAO,K0BRA-6:/154438h3851.22N/10358.25WO167/019/A=019193 -48T5081P EOSS BALLOON",167.0,22.0,38.8536666667,-103.9708333333,268.35,50810.0,0.00127986,0.65961427,-1.111e-05,-6.667e-05,-22.43333333,n/a,0.007778,-43.662536,0.023459,23.837857,0.08426,0.890567,-0.186103,-23.481254
EOSS-361,KC0D-2,2024-08-03 09:44:47.347,2024-08-03 09:44:45,19123.0,-1360.0,1620.0,descending,/154445h3851.19N/10358.26WO204/017/A=019123 36T5096P EOSS Balloon,"KC0D-2>APZEOS,EOSS,WIDE2-1,qAO,AE0SS-10:/154445h3851.19N/10358.26WO204/017/A=019123 36T5096P EOSS Balloon",204.0,20.0,38.8531666667,-103.971,276.75,50960.0,0.00124468,0.64148165,-1.667e-05,-6.111e-05,-22.66666667,n/a,-0.007778,-43.513629,0.023236,23.81829,0.083998,0.87525,-0.369223,-23.472784
EOSS-361,AE0SS-4,2024-08-03 09:45:04.205,2024-08-03 09:45:01,18685.0,-1354.0,1636.0,descending,/154501h3851.16N/10358.27WO132/014/A=018685 -41T5191P EOSS BALLOON,"AE0SS-4>APZEOS,EOSS,WIDE2-1,qAO,AE0SS-10:/154501h3851.16N/10358.27WO132/014/A=018685 -41T5191P EOSS BALLOON",132.0,16.0,38.8526666667,-103.9711666667,269.05,51910.0,0.00130417,0.67214114,0.0,-5e-05,-22.56666667,n/a,0.003333,-43.366115,0.023095,23.798686,0.083714,0.873975,-0.236066,-23.406774
EOSS-361,AE0SS-2,2024-08-03 09:45:11.171,2024-08-03 09:45:08,18512.0,-1362.0,1643.0,descending,/154508h3851.13N/10358.26WO202/017/A=018512 -41T5218P EOSS BALLOON,"AE0SS-2>APZEOS,EOSS,WIDE2-1,qAO,K0BRA-6:/154508h3851.13N/10358.26WO202/017/A=018512 -41T5218P EOSS BALLOON",202.0,20.0,38.8521666667,-103.971,269.05,52180.0,0.00131095,0.67563716,-5.56e-06,-5e-05,-22.7,n/a,-0.004444,-43.221597,0.022901,23.777626,0.083448,0.863063,-0.327689,-23.373526
EOSS-361,KC0D-2,2024-08-03 09:45:17.239,2024-08-03 09:45:15,18432.0,-1382.0,1650.0,descending,/154515h3851.12N/10358.28WO163/004/A=018432 40T5234P EOSS Balloon,"KC0D-2>APZEOS,EOSS,WIDE2-1,qAO,AE0SS-10:/154515h3851.12N/10358.28WO163/004/A=018432 40T5234P EOSS Balloon",163.0,5.0,38.852,-103.9713333333,277.15,52340.0,0.00127654,0.65790212,-1.111e-05,-3.889e-05,-23.03333333,n/a,-0.011111,-43.0814,0.022663,23.753992,0.083203,0.843987,-0.405923,-23.356592
EOSS-361,AE0SS-4,2024-08-03 09:45:36.497,2024-08-03 09:45:31,17992.0,-1386.0,1666.0,descending,/154531h3851.06N/10358.25WO205/012/A=017992 -28T5327P EOSS BALLOON,"AE0SS-4>APZEOS,EOSS,WIDE2-1,qAO,AE0SS-10:/154531h3851.06N/10358.25WO205/012/A=017992 -28T5327P EOSS BALLOON",205.0,14.0,38.851,-103.9708333333,270.35,53270.0,0.0013319,0.68643398,1.111e-05,-5.556e-05,-23.1,n/a,-0.002222,-42.943598,0.02249,23.729459,0.082937,0.836243,-0.297961,-23.243873
EOSS-361,AE0SS-2,2024-08-03 09:45:43.735,2024-08-03 09:45:38,17823.0,-1378.0,1673.0,descending,/154538h3851.05N/10358.25WO098/011/A=017823 -26T5357P EOSS BALLOON,"AE0SS-2>APZEOS,EOSS,WIDE2-1,qAO,K0BRA-6:/154538h3851.05N/10358.25WO098/011/A=017823 -26T5357P EOSS BALLOON",98.0,13.0,38.8508333333,-103.9708333333,270.55,53570.0,0.00133841,0.68978946,5.56e-06,-4.444e-05,-22.96666667,n/a,0.004444,-42.806769,0.022366,23.705216,0.082662,0.836951,-0.216811,-23.190961
EOSS-361,KC0D-2,2024-08-03 09:45:47.259,2024-08-03 09:45:45,17749.0,-1366.0,1680.0,descending,/154545h3851.03N/10358.22WO157/019/A=017749 41T5375P EOSS Balloon,"KC0D-2>APZEOS,EOSS,WIDE2-1,qAO,K0BRA-6:/154545h3851.03N/10358.22WO157/019/A=017749 41T5375P EOSS Balloon",157.0,22.0,38.8505,-103.9703333333,277.25,53750.0,0.00131046,0.67538181,3.333e-05,-5e-05,-22.76666667,n/a,0.006667,-42.670442,0.022258,23.681647,0.082387,0.840473,-0.189241,-23.165984
EOSS-361,AE0SS-4,2024-08-03 09:46:03.994,2024-08-03 09:46:01,17305.0,-1374.0,1696.0,descending,/154601h3850.97N/10358.22WO141/007/A=017305 -10T5473P EOSS BALLOON,"AE0SS-4>APZEOS,EOSS,WIDE2-1,qAO,K0BRA-6:/154601h3850.97N/10358.22WO141/007/A=017305 -10T5473P EOSS BALLOON",141.0,8.0,38.8495,-103.9703333333,272.15,54730.0,0.00135936,0.70058294,1.667e-05,-5e-05,-22.9,n/a,-0.004444,-42.536858,0.022077,23.656845,0.082134,0.830071,-0.322899,-22.991614
EOSS-361,AE0SS-2,2024-08-03 09:46:11.175,2024-08-03 09:46:08,17137.0,-1372.0,1703.0,descending,/154608h3850.95N/10358.20WO144/023/A=017137 -8T5495P EOSS BALLOON,"AE0SS-2>APZEOS,EOSS,WIDE2-1,qAO,K0BRA-6:/154608h3850.95N/10358.20WO144/023/A=017137 -8T5495P EOSS BALLOON",144.0,26.0,38.8491666667,-103.97,272.35,54950.0,0.00136382,0.70288256,2.778e-05,-5.556e-05,-22.86666667,n/a,0.001111,-42.404843,0.021935,23.631794,0.081872,0.826775,-0.254348,-22.914167
EOSS-361,KC0D-2,2024-08-03 09:46:17.292,2024-08-03 09:46:15,17079.0,-1340.0,1710.0,descending,/154615h3850.91N/10358.20WO194/016/A=017079 46T5515P EOSS Balloon,"KC0D-2>APZEOS,EOSS,WIDE2-1,qAO,K0BRA-6:/154615h3850.91N/10358.20WO194/016/A=017079 46T5515P EOSS Balloon",194.0,18.0,38.8485,-103.97,277.75,55150.0,0.00134217,0.69172568,1.111e-05,-6.667e-05,-22.33333333,n/a,0.017778,-42.271033,0.021907,23.609307,0.081596,0.844485,-0.050603,-22.885916
EOSS-361,AE0SS-4,2024-08-03 09:46:36.468,2024-08-03 09:46:31,16659.0,-1292.0,1726.0,descending,/154631h3850.86N/10358.18WO140/017/A=016659 4T5610P EOSS BALLOON,"AE0SS-4>APZEOS,EOSS,WIDE2-1,qAO,AE0SS-10:/154631h3850.86N/10358.18WO140/017/A=016659 4T5610P EOSS BALLOON",140.0,20.0,38.8476666667,-103.9696666667,273.55,56100.0,0.00138625,0.71444465,2.222e-05,-6.111e-05,-21.53333333,n/a,0.026667,-42.133698,0.021939,23.590918,0.081323,0.873233,0.058139,-22.657716
EOSS-361,AE0SS-2,2024-08-03 09:46:43.741,2024-08-03 09:46:38,16502.0,-1270.0,1733.0,descending,/154638h3850.82N/10358.15WO157/023/A=016502 4T5634P EOSS BALLOON,"AE0SS-2>APZEOS,EOSS,WIDE2-1,qAO,K0BRA-6:/154638h3850.82N/10358.15WO157/023/A=016502 4T5634P EOSS BALLOON",157.0,26.0,38.847,-103.9691666667,273.55,56340.0,0.00139218,0.7175011,2.778e-05,-7.222e-05,-21.16666667,n/a,0.012222,-41.995757,0.021874,23.574095,0.081055,0.883558,-0.11908,-22.561663
EOSS-361,KC0D-2,2024-08-03 09:46:47.347,2024-08-03 09:46:45,16444.0,-1270.0,1740.0,descending,/154645h3850.78N/10358.15WO182/021/A=016444 47T5650P EOSS Balloon,"KC0D-2>APZEOS,EOSS,WIDE2-1,qAO,AE0SS-10:/154645h3850.78N/10358.15WO182/021/A=016444 47T5650P EOSS Balloon",182.0,24.0,38.8463333333,-103.9691666667,277.85,56500.0,0.00137453,0.70840317,2.778e-05,-7.222e-05,-21.16666667,n/a,0.0,-41.859619,0.02173,23.556686,0.080806,0.878432,-0.268916,-22.5247
EOSS-361,AE0SS-4,2024-08-03 09:47:03.975,2024-08-03 09:47:01,16033.0,-1252.0,1756.0,descending,/154701h3850.71N/10358.11WO145/025/A=016033 14T5740P EOSS BALLOON,"AE0SS-4>APZEOS,EOSS,WIDE2-1,qAO,AE0SS-10:/154701h3850.71N/10358.11WO145/025/A=016033 14T5740P EOSS BALLOON",145.0,29.0,38.8451666667,-103.9685,274.55,57400.0,0.00141321,0.72833787,3.889e-05,-8.333e-05,-20.86666667,n/a,0.01,-41.723301,0.021654,23.540438,0.080545,0.885992,-0.144689,-22.240306
EOSS-361,AE0SS-2,2024-08-03 09:47:11.238,2024-08-03 09:47:08,15876.0,-1252.0,1763.0,descending,/154708h3850.66N/10358.09WO169/028/A=015876 14T5766P EOSS BALLOON,"AE0SS-2>APZEOS,EOSS,WIDE2-1,qAO,K0BRA-6:/154708h3850.66N/10358.09WO169/028/A=015876 14T5766P EOSS BALLOON",169.0,32.0,38.8443333333,-103.9681666667,274.55,57660.0,0.00141961,0.73163696,3.333e-05,-8.889e-05,-20.86666667,n/a,0.0,-41.588742,0.021513,23.523611,0.0803,0.880905,-0.267908,-22.121576
EOSS-361,AE0SS-4,2024-08-03 09:47:36.417,2024-08-03 09:47:31,15414.0,-1238.0,1786.0,descending,/154731h3850.53N/10358.04WO162/030/A=015414 29T5876P EOSS BALLOON,"AE0SS-4>APZEOS,EOSS,WIDE2-1,qAO,K0BRA-6:/154731h3850.53N/10358.04WO162/030/A=015414 29T5876P EOSS BALLOON",162.0,35.0,38.8421666667,-103.9673333333,276.05,58760.0,0.00143883,0.74154325,3.889e-05,-0.0001,-20.63333333,n/a,0.007778,-41.454412,0.021425,23.507555,0.080047,0.885719,-0.170487,-21.74243
EOSS-361,AE0SS-2,2024-08-03 09:47:43.659,2024-08-03 09:47:38,15260.0,-1232.0,1793.0,descending,/154738h3850.48N/10358.03WO178/024/A=015260 28T5905P EOSS BALLOON,"AE0SS-2>APZEOS,EOSS,WIDE2-1,qAO,K0BRA-6:/154738h3850.48N/10358.03WO178/024/A=015260 28T5905P EOSS BALLOON",178.0,28.0,38.8413333333,-103.9671666667,275.95,59050.0,0.00144646,0.74547306,3.333e-05,-0.0001,-20.53333333,n/a,0.003333,-41.321157,0.021309,23.491502,0.079801,0.884908,-0.22526,-21.607111
EOSS-361,AE0SS-4,2024-08-03 09:48:03.955,2024-08-03 09:48:01,14783.0,-1262.0,1816.0,descending,/154801h3850.35N/10358.02WO199/016/A=014783 45T6017P EOSS BALLOON,"AE0SS-4>APZEOS,EOSS,WIDE2-1,qAO,AE0SS-10:/154801h3850.35N/10358.02WO199/016/A=014783 45T6017P EOSS BALLOON",199.0,18.0,38.8391666667,-103.967,277.65,60170.0,0.00146487,0.75496146,1.111e-05,-0.0001,-21.03333333,n/a,-0.016667,-41.192753,0.021067,23.472127,0.079603,0.858866,-0.474027,-21.16525
EOSS-361,AE0SS-2,2024-08-03 09:48:11.217,2024-08-03 09:48:08,14630.0,-1260.0,1823.0,descending,/154808h3850.33N/10358.02WO156/010/A=014630 46T6039P EOSS BALLOON,"AE0SS-2>APZEOS,EOSS,WIDE2-1,qAO,K0BRA-6:/154808h3850.33N/10358.02WO156/010/A=014630 46T6039P EOSS BALLOON",156.0,12.0,38.8388333333,-103.967,277.75,60390.0,0.00146969,0.75744902,5.56e-06,-8.333e-05,-21.0,n/a,0.001111,-41.065755,0.02094,23.452467,0.079365,0.855593,-0.249846,-21.017872
EOSS-361,KC0D-2,2024-08-03 09:48:17.250,2024-08-03 09:48:15,14579.0,-1243.3,1830.0,descending,/154815h3850.31N/10358.00WO155/023/A=014579 58T6063P EOSS Balloon,"KC0D-2>APZEOS,EOSS,WIDE2-1,qAO,K0BRA-6:/154815h3850.31N/10358.00WO155/023/A=014579 58T6063P EOSS Balloon",155.0,26.0,38.8385,-103.9666666667,278.95,60630.0,0.00146919,0.75718788,2.778e-05,-8.704e-05,-20.72222222,n/a,0.003086,-40.938608,0.020828,23.433856,0.079126,0.8627,-0.224225,-20.968311
EOSS-361,AE0SS-4,2024-08-03 09:48:36.476,2024-08-03 09:48:31,14170.0,-1226.0,1846.0,descending,/154831h3850.22N/10358.00WO197/010/A=014170 61T6160P EOSS BALLOON,"AE0SS-4>APZEOS,EOSS,WIDE2-1,qAO,K0BRA-6:/154831h3850.22N/10358.00WO197/010/A=014170 61T6160P EOSS BALLOON",197.0,12.0,38.837,-103.9666666667,279.25,61600.0,0.00149109,0.76847542,1.111e-05,-7.222e-05,-20.43333333,n/a,0.00963,-40.811246,0.020758,23.416341,0.078882,0.870243,-0.141071,-20.566251
EOSS-361,AE0SS-2,2024-08-03 09:48:43.195,2024-08-03 09:48:38,14021.0,-1218.0,1853.0,descending,/154838h3850.21N/10357.99WO137/011/A=014021 61T6179P EOSS BALLOON,"AE0SS-2>APZEOS,EOSS,WIDE2-1,qAO,K0BRA-6:/154838h3850.21N/10357.99WO137/011/A=014021 61T6179P EOSS BALLOON",137.0,13.0,38.8368333333,-103.9665,279.25,61790.0,0.00149569,0.77084571,1.667e-05,-6.667e-05,-20.3,n/a,0.004444,-40.684633,0.020657,23.399065,0.078645,0.871173,-0.206154,-20.419323
EOSS-361,KC0D-2,2024-08-03 09:48:47.288,2024-08-03 09:48:45,13967.0,-1224.0,1860.0,descending,/154845h3850.18N/10357.99WO197/019/A=013967 60T6203P EOSS Balloon,"KC0D-2>APZEOS,EOSS,WIDE2-1,qAO,AE0SS-10:/154845h3850.18N/10357.99WO197/019/A=013967 60T6203P EOSS Balloon",197.0,22.0,38.8363333333,-103.9665,279.15,62030.0,0.00150203,0.77411699,5.56e-06,-7.222e-05,-20.4,n/a,-0.003333,-40.560187,0.020509,23.38078,0.078423,0.862255,-0.304018,-20.366238
EOSS-361,AE0SS-4,2024-08-03 09:49:04.022,2024-08-03 09:49:01,13557.0,-1226.0,1876.0,descending,/154901h3850.12N/10357.99WO167/019/A=013557 74T6296P EOSS BALLOON,"AE0SS-4>APZEOS,EOSS,WIDE2-1,qAO,K0BRA-6:/154901h3850.12N/10357.99WO167/019/A=013557 74T6296P EOSS BALLOON",167.0,22.0,38.8353333333,-103.9665,280.55,62960.0,0.00151695,0.78180221,5.56e-06,-5.556e-05,-20.43333333,n/a,-0.001111,-40.437463,0.020376,23.361874,0.078199,0.856272,-0.274773,-19.970297
EOSS-361,AE0SS-2,2024-08-03 09:49:10.684,2024-08-03 09:49:08,13411.0,-1220.0,1883.0,descending,/154908h3850.08N/10357.99WO182/021/A=013411 73T6325P EOSS BALLOON,"AE0SS-2>APZEOS,EOSS,WIDE2-1,qAO,K0BRA-6:/154908h3850.08N/10357.99WO182/021/A=013411 73T6325P EOSS BALLOON",182.0,24.0,38.8346666667,-103.9665,280.45,63250.0,0.00152448,0.78568332,0.0,-7.222e-05,-20.33333333,n/a,0.003333,-40.31562,0.020272,23.343068,0.07797,0.856027,-0.21725,-19.834261
EOSS-361,KC0D-2,2024-08-03 09:49:17.711,2024-08-03 09:49:15,13357.0,-1220.0,1890.0,descending,/154915h3850.05N/10358.02WO226/011/A=013357 65T6346P EOSS Balloon,"KC0D-2>APZEOS,EOSS,WIDE2-1,qAO,K0BRA-6:/154915h3850.05N/10358.02WO226/011/A=013357 65T6346P EOSS Balloon",226.0,13.0,38.8341666667,-103.967,279.65,63460.0,0.00153391,0.790547,-1.667e-05,-7.222e-05,-20.33333333,n/a,0.0,-40.195244,0.020149,23.323846,0.077748,0.851571,-0.259158,-19.784873
EOSS-361,AE0SS-4,2024-08-03 09:49:36.568,2024-08-03 09:49:31,12946.0,-1222.0,1906.0,descending,/154931h3850.00N/10358.00WO179/018/A=012946 91T6441P EOSS BALLOON,"AE0SS-4>APZEOS,EOSS,WIDE2-1,qAO,K0BRA-6:/154931h3850.00N/10358.00WO179/018/A=012946 91T6441P EOSS BALLOON",179.0,21.0,38.8333333333,-103.9666666667,282.25,64410.0,0.00154254,0.79499024,-5.56e-06,-6.667e-05,-20.36666667,n/a,-0.001111,-40.07651,0.020021,23.304055,0.07753,0.845769,-0.272565,-19.430399
EOSS-361,AE0SS-2,2024-08-03 09:49:43.194,2024-08-03 09:49:38,12799.0,-1224.0,1913.0,descending,/154938h3849.96N/10358.01WO205/019/A=012799 87T6468P EOSS BALLOON,"AE0SS-2>APZEOS,EOSS,WIDE2-1,qAO,K0BRA-6:/154938h3849.96N/10358.01WO205/019/A=012799 87T6468P EOSS BALLOON",205.0,22.0,38.8326666667,-103.9668333333,281.85,64680.0,0.0015512,0.79945573,-1.111e-05,-6.667e-05,-20.4,n/a,-0.001111,-39.959388,0.019895,23.283719,0.077313,0.840046,-0.271701,-19.31503
EOSS-361,KC0D-2,2024-08-03 09:49:47.278,2024-08-03 09:49:45,12755.0,-1204.0,1920.0,descending,/154945h3849.94N/10358.04WO223/009/A=012755 68T6487P EOSS Balloon,"KC0D-2>APZEOS,EOSS,WIDE2-1,qAO,AE0SS-10:/154945h3849.94N/10358.04WO223/009/A=012755 68T6487P EOSS Balloon",223.0,10.0,38.8323333333,-103.9673333333,279.95,64870.0,0.00156632,0.80724595,-1.111e-05,-6.111e-05,-20.06666667,n/a,0.011111,-39.84168,0.019842,23.264697,0.077084,0.850001,-0.113266,-19.281896
EOSS-361,AE0SS-4,2024-08-03 09:50:04.130,2024-08-03 09:50:01,12347.0,-1198.0,1936.0,descending,/155001h3849.88N/10358.04WO220/014/A=012347 105T6584P EOSS BALLOON,"AE0SS-4>APZEOS,EOSS,WIDE2-1,qAO,K0BRA-6:/155001h3849.88N/10358.04WO220/014/A=012347 105T6584P EOSS BALLOON",220.0,16.0,38.8313333333,-103.9673333333,283.65,65840.0,0.001569,0.80862932,-2.222e-05,-6.667e-05,-19.96666667,n/a,0.003333,-39.724768,0.019745,23.245798,0.076865,0.849964,-0.213517,-19.010364
EOSS-361,AE0SS-2,2024-08-03 09:50:10.846,2024-08-03 09:50:08,12196.0,-1206.0,1943.0,descending,/155008h3849.87N/10358.06WO168/003/A=012196 105T6611P EOSS BALLOON,"AE0SS-2>APZEOS,EOSS,WIDE2-1,qAO,K0BRA-6:/155008h3849.87N/10358.06WO168/003/A=012196 105T6611P EOSS BALLOON",168.0,3.0,38.8311666667,-103.9676666667,283.65,66110.0,0.00157543,0.81194539,-2.778e-05,-5e-05,-20.1,n/a,-0.004444,-39.610003,0.019602,23.225863,0.07666,0.840012,-0.313671,-18.928538
EOSS-361,AE0SS-4,2024-08-03 09:50:36.442,2024-08-03 09:50:31,11749.0,-1196.0,1966.0,descending,/155031h3849.80N/10358.07WO138/004/A=011749 119T6727P EOSS BALLOON,"AE0SS-4>APZEOS,EOSS,WIDE2-1,qAO,K0BRA-6:/155031h3849.80N/10358.07WO138/004/A=011749 119T6727P EOSS BALLOON",138.0,5.0,38.83,-103.9678333333,285.05,67270.0,0.0015952,0.82213442,-1.667e-05,-4.444e-05,-19.93333333,n/a,0.005556,-39.495604,0.01952,23.206402,0.076442,0.842969,-0.182674,-18.7573
EOSS-361,AE0SS-2,2024-08-03 09:50:43.146,2024-08-03 09:50:38,11594.0,-1204.0,1973.0,descending,/155038h3849.78N/10358.06WO193/019/A=011594 118T6754P EOSS BALLOON,"AE0SS-2>APZEOS,EOSS,WIDE2-1,qAO,K0BRA-6:/155038h3849.78N/10358.06WO193/019/A=011594 118T6754P EOSS BALLOON",193.0,22.0,38.8296666667,-103.9676666667,284.95,67540.0,0.00160217,0.82572388,0.0,-5e-05,-20.06666667,n/a,-0.004444,-39.383298,0.019381,23.185945,0.07624,0.833118,-0.3125,-18.725601
EOSS-361,KC0D-2,2024-08-03 09:50:47.273,2024-08-03 09:50:45,11548.0,-1207.0,1980.0,descending,/155045h3849.76N/10358.08WO240/008/A=011548 77T6780P EOSS Balloon,"KC0D-2>APZEOS,EOSS,WIDE2-1,qAO,K0BRA-6:/155045h3849.76N/10358.08WO240/008/A=011548 77T6780P EOSS Balloon",240.0,9.0,38.8293333333,-103.968,280.85,67800.0,0.00163182,0.84100333,-1.111e-05,-5e-05,-20.11666667,n/a,-0.000833,-39.27257,0.019264,23.164929,0.076033,0.826936,-0.264319,-18.719164
EOSS-361,AE0SS-4,2024-08-03 09:51:04.189,2024-08-03 09:51:01,11155.0,-1188.0,1996.0,descending,/155101h3849.74N/10358.07WO158/014/A=011155 134T6873P EOSS BALLOON,"AE0SS-4>APZEOS,EOSS,WIDE2-1,qAO,K0BRA-6:/155101h3849.74N/10358.07WO158/014/A=011155 134T6873P EOSS BALLOON",158.0,16.0,38.829,-103.9678333333,286.55,68730.0,0.00162129,0.83558066,0.0,-3.333e-05,-19.8,n/a,0.010556,-39.161298,0.019214,23.145123,0.075816,0.836517,-0.114198,-18.722907
EOSS-361,AE0SS-2,2024-08-03 09:51:10.879,2024-08-03 09:51:08,11009.0,-1170.0,2003.0,descending,/155108h3849.71N/10358.07WO200/015/A=011009 132T6901P EOSS BALLOON,"AE0SS-2>APZEOS,EOSS,WIDE2-1,qAO,K0BRA-6:/155108h3849.71N/10358.07WO200/015/A=011009 132T6901P EOSS BALLOON",200.0,17.0,38.8285,-103.9678333333,286.35,69010.0,0.00162904,0.83957073,-5.56e-06,-3.889e-05,-19.5,n/a,0.01,-39.049586,0.019161,23.126435,0.075601,0.845335,-0.121176,-18.752322
EOSS-361,KC0D-2,2024-08-03 09:51:17.370,2024-08-03 09:51:15,10966.0,-1164.0,2010.0,descending,/155115h3849.71N/10358.10WO255/005/A=010966 83T6924P EOSS Balloon,"KC0D-2>APZEOS,EOSS,WIDE2-1,qAO,AE0SS-10:/155115h3849.71N/10358.10WO255/005/A=010966 83T6924P EOSS Balloon",255.0,6.0,38.8285,-103.9683333333,281.45,69240.0,0.00166292,0.8570344,-1.111e-05,-2.778e-05,-19.4,n/a,0.003333,-38.938572,0.019071,23.10789,0.075394,0.845537,-0.208743,-18.763981
EOSS-361,AE0SS-4,2024-08-03 09:51:36.471,2024-08-03 09:51:31,10570.0,-1170.0,2026.0,descending,/155131h3849.68N/10358.08WO186/014/A=010570 151T7017P EOSS BALLOON,"AE0SS-4>APZEOS,EOSS,WIDE2-1,qAO,K0BRA-6:/155131h3849.68N/10358.08WO186/014/A=010570 151T7017P EOSS BALLOON",186.0,16.0,38.828,-103.968,288.25,70170.0,0.0016455,0.84805615,-5.56e-06,-3.333e-05,-19.5,n/a,-0.003333,-38.829366,0.018945,23.088537,0.075199,0.837185,-0.296254,-18.936508
EOSS-361,AE0SS-2,2024-08-03 09:51:43.258,2024-08-03 09:51:38,10424.0,-1170.0,2033.0,descending,/155138h3849.66N/10358.10WO270/008/A=010424 151T7045P EOSS BALLOON,"AE0SS-2>APZEOS,EOSS,WIDE2-1,qAO,K0BRA-6:/155138h3849.66N/10358.10WO270/008/A=010424 151T7045P EOSS BALLOON",270.0,9.0,38.8276666667,-103.9683333333,288.25,70450.0,0.00165207,0.85144016,-1.667e-05,-2.778e-05,-19.5,n/a,0.0,-38.721381,0.018838,23.068875,0.074999,0.833217,-0.251177,-19.029837
EOSS-361,KC0D-2,2024-08-03 09:51:47.320,2024-08-03 09:51:45,10368.0,-1196.0,2040.0,descending,/155145h3849.66N/10358.11WO144/007/A=010368 90T7074P EOSS Balloon,"KC0D-2>APZEOS,EOSS,WIDE2-1,qAO,K0BRA-6:/155145h3849.66N/10358.11WO144/007/A=010368 90T7074P EOSS Balloon",144.0,8.0,38.8276666667,-103.9685,282.15,70740.0,0.00169473,0.87342868,-5.56e-06,-2.778e-05,-19.93333333,n/a,-0.014444,-38.617003,0.018653,23.046931,0.07483,0.810679,-0.442296,-19.069828
EOSS-361,AE0SS-4,2024-08-03 09:52:03.944,2024-08-03 09:52:01,9971.0,-1198.0,2056.0,descending,/155201h3849.61N/10358.11WO218/011/A=009971 166T7167P EOSS BALLOON,"AE0SS-4>APZEOS,EOSS,WIDE2-1,qAO,AE0SS-10:/155201h3849.61N/10358.11WO218/011/A=009971 166T7167P EOSS BALLOON",218.0,13.0,38.8268333333,-103.9685,289.75,71670.0,0.00167198,0.86170063,-1.667e-05,-3.889e-05,-19.96666667,n/a,-0.001111,-38.513963,0.018543,23.024593,0.074635,0.805543,-0.263335,-19.417231
EOSS-361,AE0SS-2,2024-08-03 09:52:10.744,2024-08-03 09:52:08,9830.0,-1188.0,2063.0,descending,/155208h3849.60N/10358.12WO310/001/A=009830 166T7197P EOSS BALLOON,"AE0SS-2>APZEOS,EOSS,WIDE2-1,qAO,K0BRA-6:/155208h3849.60N/10358.12WO310/001/A=009830 166T7197P EOSS BALLOON",310.0,1.0,38.8266666667,-103.9686666667,289.75,71970.0,0.00167897,0.86530758,-1.111e-05,-3.333e-05,-19.8,n/a,0.005556,-38.411139,0.018471,23.002766,0.074433,0.809083,-0.173512,-19.565727
EOSS-361,KC0D-2,2024-08-03 09:52:17.349,2024-08-03 09:52:15,9785.0,-1166.0,2070.0,descending,/155215h3849.60N/10358.11WO164/013/A=009785 94T7224P EOSS Balloon,"KC0D-2>APZEOS,EOSS,WIDE2-1,qAO,AE0SS-10:/155215h3849.60N/10358.11WO164/013/A=009785 94T7224P EOSS Balloon",164.0,15.0,38.8266666667,-103.9685,282.55,72240.0,0.00172822,0.89068651,0.0,-3.333e-05,-19.43333333,n/a,0.012222,-38.307435,0.018437,22.982341,0.074229,0.821244,-0.083727,-19.615619
EOSS-361,AE0SS-4,2024-08-03 09:52:36.479,2024-08-03 09:52:31,9392.0,-1158.0,2086.0,descending,/155231h3849.54N/10358.14WO225/005/A=009392 178T7317P EOSS BALLOON,"AE0SS-4>APZEOS,EOSS,WIDE2-1,qAO,K0BRA-6:/155231h3849.54N/10358.14WO225/005/A=009392 178T7317P EOSS BALLOON",225.0,6.0,38.8256666667,-103.969,290.95,73170.0,0.00169993,0.87610698,-1.667e-05,-3.889e-05,-19.3,n/a,0.004444,-38.204133,0.01836,22.962256,0.074032,0.82327,-0.187973,-20.094647
EOSS-361,AE0SS-2,2024-08-03 09:52:43.276,2024-08-03 09:52:38,9243.0,-1174.0,2093.0,descending,/155238h3849.53N/10358.13WO157/011/A=009243 179T7352P EOSS BALLOON,"AE0SS-2>APZEOS,EOSS,WIDE2-1,qAO,K0BRA-6:/155238h3849.53N/10358.13WO157/011/A=009243 179T7352P EOSS BALLOON",157.0,13.0,38.8255,-103.9688333333,291.05,73520.0,0.00170747,0.87999528,-5.56e-06,-3.889e-05,-19.56666667,n/a,-0.008889,-38.10339,0.018212,22.940733,0.073857,0.808027,-0.366939,-20.29168
EOSS-361,KC0D-2,2024-08-03 09:52:47.402,2024-08-03 09:52:45,9194.0,-1182.0,2100.0,descending,/155245h3849.50N/10358.13WO198/018/A=009194 100T7377P EOSS Balloon,"KC0D-2>APZEOS,EOSS,WIDE2-1,qAO,K0BRA-6:/155245h3849.50N/10358.13WO198/018/A=009194 100T7377P EOSS Balloon",198.0,21.0,38.825,-103.9688333333,283.15,73770.0,0.00176108,0.90762336,-1.111e-05,-5.556e-05,-19.7,n/a,-0.004444,-38.004447,0.01809,22.918407,0.073675,0.798679,-0.305857,-20.357614
EOSS-361,AE0SS-4,2024-08-03 09:53:04.080,2024-08-03 09:53:01,8800.0,-1184.0,2116.0,descending,/155301h3849.46N/10358.15WO146/013/A=008800 192T7473P EOSS BALLOON,"AE0SS-4>APZEOS,EOSS,WIDE2-1,qAO,K0BRA-6:/155301h3849.46N/10358.15WO146/013/A=008800 192T7473P EOSS BALLOON",146.0,15.0,38.8243333333,-103.9691666667,292.35,74730.0,0.00172786,0.89050084,-5.56e-06,-4.444e-05,-19.73333333,n/a,-0.001111,-37.906741,0.017986,22.895734,0.073489,0.793746,-0.259862,-20.891537
EOSS-361,AE0SS-2,2024-08-03 09:53:10.708,2024-08-03 09:53:08,8649.0,-1188.0,2123.0,descending,/155308h3849.42N/10358.15WO193/016/A=008649 189T7503P EOSS BALLOON,"AE0SS-2>APZEOS,EOSS,WIDE2-1,qAO,K0BRA-6:/155308h3849.42N/10358.15WO193/016/A=008649 189T7503P EOSS BALLOON",193.0,18.0,38.8236666667,-103.9691666667,292.05,75030.0,0.00173658,0.89499413,-1.111e-05,-6.111e-05,-19.8,n/a,-0.002222,-37.810428,0.017878,22.872588,0.073306,0.787424,-0.274193,-21.088478
EOSS-361,KC0D-2,2024-08-03 09:53:17.353,2024-08-03 09:53:15,8600.0,-1188.0,2130.0,descending,/155315h3849.41N/10358.17WO213/012/A=008600 104T7534P EOSS Balloon,"KC0D-2>APZEOS,EOSS,WIDE2-1,qAO,K0BRA-6:/155315h3849.41N/10358.17WO213/012/A=008600 104T7534P EOSS Balloon",213.0,14.0,38.8235,-103.9695,283.55,75340.0,0.00179602,0.92563211,-2.222e-05,-5e-05,-19.8,n/a,0.0,-37.715135,0.017783,22.849263,0.073121,0.784057,-0.2432,-21.15017
EOSS-361,AE0SS-4,2024-08-03 09:53:36.490,2024-08-03 09:53:31,8199.0,-1202.0,2146.0,descending,/155331h3849.36N/10358.18WO171/021/A=008199 198T7634P EOSS BALLOON,"AE0SS-4>APZEOS,EOSS,WIDE2-1,qAO,K0BRA-6:/155331h3849.36N/10358.18WO171/021/A=008199 198T7634P EOSS BALLOON",171.0,24.0,38.8226666667,-103.9696666667,292.95,76340.0,0.00176147,0.90782283,-1.667e-05,-5.556e-05,-20.03333333,n/a,-0.007778,-37.622073,0.017648,22.82481,0.07295,0.770597,-0.34854,-21.584372
EOSS-361,AE0SS-2,2024-08-03 09:53:43.365,2024-08-03 09:53:38,8043.0,-1212.0,2153.0,descending,/155338h3849.32N/10358.19WO207/019/A=008043 195T7668P EOSS BALLOON,"AE0SS-2>APZEOS,EOSS,WIDE2-1,qAO,K0BRA-6:/155338h3849.32N/10358.19WO207/019/A=008043 195T7668P EOSS BALLOON",207.0,22.0,38.822,-103.9698333333,292.65,76680.0,0.00177113,0.91280083,-2.222e-05,-5.556e-05,-20.2,n/a,-0.005556,-37.530858,0.017526,22.799542,0.072776,0.760141,-0.317165,-21.702423
EOSS-361,KC0D-2,2024-08-03 09:53:47.359,2024-08-03 09:53:45,7993.0,-1214.0,2160.0,descending,/155345h3849.30N/10358.21WO173/011/A=007993 110T7698P EOSS Balloon,"KC0D-2>APZEOS,EOSS,WIDE2-1,qAO,K0BRA-6:/155345h3849.30N/10358.21WO173/011/A=007993 110T7698P EOSS Balloon",173.0,13.0,38.8216666667,-103.9701666667,284.15,76980.0,0.00183124,0.94378418,-2.222e-05,-6.111e-05,-20.23333333,n/a,-0.001111,-37.440767,0.017428,22.774019,0.072597,0.755573,-0.255369,-21.731971
EOSS-361,AE0SS-2,2024-08-03 09:54:10.786,2024-08-03 09:54:08,7456.0,-1174.0,2183.0,descending,/155408h3849.19N/10358.19WO203/006/A=007456 201T7829P EOSS BALLOON,"AE0SS-2>APZEOS,EOSS,WIDE2-1,qAO,K0BRA-6:/155408h3849.19N/10358.19WO203/006/A=007456 201T7829P EOSS BALLOON",203.0,7.0,38.8198333333,-103.9698333333,293.25,78290.0,0.00180461,0.93005947,0.0,-7.222e-05,-19.56666667,n/a,0.022222,-37.348155,0.017453,22.751043,0.072408,0.781568,0.065863,-21.691801
EOSS-361,AE0SS-4,2024-08-03 09:54:37.170,2024-08-03 09:54:31,7010.0,-1189.0,2206.0,descending,/155431h3849.14N/10358.13WO137/017/A=007010 208T7955P EOSS BALLOON,"AE0SS-4>APZEOS,EOSS,WIDE2-1,qAO,K0BRA-6:/155431h3849.14N/10358.13WO137/017/A=007010 208T7955P EOSS BALLOON",137.0,20.0,38.819,-103.9688333333,293.95,79550.0,0.00182929,0.94277741,1.389e-05,-6.111e-05,-19.81666667,n/a,-0.004167,-37.257786,0.017341,22.726907,0.072236,0.767422,-0.297746,-20.915718
EOSS-361,AE0SS-2,2024-08-03 09:54:43.418,2024-08-03 09:54:38,6867.0,-1178.0,2213.0,descending,/155438h3849.13N/10358.12WO205/003/A=006867 206T7987P EOSS BALLOON,"AE0SS-2>APZEOS,EOSS,WIDE2-1,qAO,K0BRA-6:/155438h3849.13N/10358.12WO205/003/A=006867 206T7987P EOSS BALLOON",205.0,3.0,38.8188333333,-103.9686666667,293.75,79870.0,0.0018379,0.94721433,3.889e-05,-3.333e-05,-19.63333333,n/a,0.006111,-37.167405,0.017283,22.703366,0.072053,0.772312,-0.155053,-20.462325
EOSS-361,AE0SS-4,2024-08-03 09:55:04.063,2024-08-03 09:55:01,6402.0,-1216.0,2236.0,descending,/155501h3849.13N/10358.07WO176/005/A=006402 218T8123P EOSS BALLOON,"AE0SS-4>APZEOS,EOSS,WIDE2-1,qAO,K0BRA-6:/155501h3849.13N/10358.07WO176/005/A=006402 218T8123P EOSS BALLOON",176.0,6.0,38.8188333333,-103.9678333333,294.95,81230.0,0.00186159,0.95942383,3.333e-05,-5.56e-06,-20.26666667,n/a,-0.021111,-37.081176,0.017086,22.677232,0.071919,0.741471,-0.531111,-18.055567
EOSS-361,AE0SS-2,2024-08-03 09:55:10.809,2024-08-03 09:55:08,6268.0,-1198.0,2243.0,descending,/155508h3849.13N/10358.05WO206/003/A=006268 219T8156P EOSS BALLOON,"AE0SS-2>APZEOS,EOSS,WIDE2-1,qAO,K0BRA-6:/155508h3849.13N/10358.05WO206/003/A=006268 219T8156P EOSS BALLOON",206.0,3.0,38.8188333333,-103.9675,295.05,81560.0,0.00186852,0.96299503,3.889e-05,0.0,-19.96666667,n/a,0.01,-36.994301,0.01705,22.65215,0.071737,0.751701,-0.098276,-17.039282
EOSS-361,KC0D-2,2024-08-03 09:55:17.338,2024-08-03 09:55:15,6249.0,-1162.7,2250.0,descending,/155515h3849.13N/10358.06WO160/000/A=006249 125T8182P EOSS Balloon,"KC0D-2>APZEOS,EOSS,WIDE2-1,qAO,K0BRA-6:/155515h3849.13N/10358.06WO160/000/A=006249 125T8182P EOSS Balloon",160.0,0.0,38.8188333333,-103.9676666667,285.65,81820.0,0.00193616,0.99785559,2.778e-05,-3.148e-05,-19.37777778,n/a,0.006543,-36.905328,0.016997,22.629243,0.071557,0.774553,-0.146093,-16.881555
EOSS-361,AE0SS-4,2024-08-03 09:55:36.477,2024-08-03 09:55:31,5900.0,-1004.0,2266.0,descending,/155531h3849.14N/10358.03WO065/010/A=005900 233T8270P EOSS BALLOON,"AE0SS-4>APZEOS,EOSS,WIDE2-1,qAO,K0BRA-6:/155531h3849.14N/10358.03WO065/010/A=005900 233T8270P EOSS BALLOON",65.0,12.0,38.819,-103.9671666667,296.45,82700.0,0.00188569,0.97184388,2.222e-05,5.56e-06,-16.73333333,n/a,0.088148,-36.803961,0.017356,22.617275,0.071554,0.887403,0.989351,-13.303298
EOSS-361,AE0SS-2,2024-08-03 09:55:43.344,2024-08-03 09:55:38,5746.0,-1044.0,2273.0,descending,/155538h3849.14N/10358.00WO100/016/A=005746 234T8306P EOSS BALLOON,"AE0SS-2>APZEOS,EOSS,WIDE2-1,qAO,K0BRA-6:/155538h3849.14N/10358.00WO100/016/A=005746 234T8306P EOSS BALLOON",100.0,18.0,38.819,-103.9666666667,296.55,83060.0,0.00189326,0.97574525,2.778e-05,5.56e-06,-17.4,n/a,-0.022222,-36.706942,0.017157,22.60206,0.071428,0.854212,-0.55131,-11.259639
EOSS-361,KC0D-2,2024-08-03 09:55:47.319,2024-08-03 09:55:45,5710.0,-1078.0,2280.0,descending,/155545h3849.13N/10357.98WO135/010/A=005710 131T8337P EOSS Balloon,"KC0D-2>APZEOS,EOSS,WIDE2-1,qAO,K0BRA-6:/155545h3849.13N/10357.98WO135/010/A=005710 131T8337P EOSS Balloon",135.0,12.0,38.8188333333,-103.9663333333,286.25,83370.0,0.0019687,1.01462779,4.444e-05,0.0,-17.96666667,n/a,-0.018889,-36.613706,0.016977,22.584201,0.071294,0.825667,-0.503072,-10.735588
EOSS-361,AE0SS-2,2024-08-03 09:58:43.293,2024-08-03 09:58:38,5610.0,-45.3,2453.0,descending,/155838h3849.13N/10357.97WO117/000/A=005610 359T8337P EOSS BALLOON,"AE0SS-2>APZEOS,EOSS*,WIDE2-1,qAO,W9CN-9:/155838h3849.13N/10357.97WO117/000/A=005610 359T8337P EOSS BALLOON",117.0,0.0,38.8188333333,-103.9661666667,309.05,83370.0,0.00182346,0.93977417,2.78e-06,-9.3e-07,-0.75555556,n/a,0.095617,-36.436191,0.017368,22.668788,0.071332,1.573998,1.096969,-9.181698
EOSS-361,KC0D-2,2024-08-03 09:59:17.291,2024-08-03 09:59:15,5621.0,-25.4,2490.0,descending,/155915h3849.12N/10357.97WO083/000/A=005621 180T8368P EOSS Balloon,"KC0D-2>APZEOS,EOSS*,WIDE2-1,qAO,W9CN-9:/155915h3849.12N/10357.97WO083/000/A=005621 180T8368P EOSS Balloon",83.0,0.0,38.8186666667,-103.9661666667,291.15,83680.0,0.00194277,1.00126106,7.9e-07,-7.9e-07,-0.42380952,n/a,0.00158,-36.25879,0.01729,22.753432,0.071163,1.574926,-0.220761,-9.359891
