flightid,callsign,receivetime,packettime,altitude,vert_rate_ftmin,elapsed_secs,flight_phase,info,raw,bearing,speed_mph,latitude,longitude,temperature_k,pressure_pa,airdensity_slugs,airdensity_kgm3,velocity_x,velocity_y,velocity_z,airflow,acceleration,velocity_mean,acceleration_mean,velocity_std,acceleration_std,velocity_norm,acceleration_norm,velocity_curvefit
EOSS-291,KC0D-1,2019-07-13 06:43:46.815,2019-07-13 06:43:45,5905.0,624.0,0.0,ascending,/124345h3916.76N/10329.67WO016/018!W67!/A=005905 EOSS BALLOON,"KC0D-1>APZEOS,EOSS,qAO,KC0L-15:/124345h3916.76N/10329.67WO016/018!W67!/A=005905 EOSS BALLOON",16.0,20.7,39.2794333333,-103.4946166667,,,,,2.111e-05,4.167e-05,10.4,high Re,,10.4,,,,,,12.920988
EOSS-291,AE0SS-12,2019-07-13 06:44:01.453,2019-07-13 06:44:00,6038.0,788.0,15.0,ascending,/124400h3916.83N/10329.66WO007/015EOSS Balloon www.eoss.org/A=006038!W95!,"AE0SS-12>APTT4,EOSS,qAO,KC0L-15:/124400h3916.83N/10329.66WO007/015EOSS Balloon www.eoss.org/A=006038!W95!",7.0,17.3,39.28065,-103.4944166667,,,,,2.222e-05,7.667e-05,13.13333333,high Re,0.091111,11.766667,0.091111,1.932759,,0.707106,,13.503003
EOSS-291,KC0D-1,2019-07-13 06:44:16.746,2019-07-13 06:44:15,6417.0,1024.0,30.0,ascending,/124415h3916.91N/10329.65WO011/016!W34!/A=006417 EOSS BALLOON,"KC0D-1>APZEOS,EOSS,qAO,KC0L-15:/124415h3916.91N/10329.65WO011/016!W34!/A=006417 EOSS BALLOON",11.0,18.4,39.2818833333,-103.4942333333,,,,,1.278e-05,8.167e-05,17.06666667,high Re,0.131111,13.533333,0.111111,3.351285,0.028284,1.054322,0.707114,14.904665
EOSS-291,AE0SS-12,2019-07-13 06:44:31.436,2019-07-13 06:44:30,6546.0,1016.0,45.0,ascending,/124430h3916.98N/10329.64WO015/016EOSS Balloon www.eoss.org/A=006546!W04!,"AE0SS-12>APTT4,EOSS,qAO,KC0L-15:/124430h3916.98N/10329.64WO015/016EOSS Balloon www.eoss.org/A=006546!W04!",15.0,18.4,39.283,-103.4940666667,,,,,1.167e-05,7.833e-05,16.93333333,high Re,-0.004444,14.383333,0.072593,3.221398,0.069649,0.791582,-1.106075,15.304446
EOSS-291,KC0D-1,2019-07-13 06:44:46.744,2019-07-13 06:44:45,6926.0,1018.0,60.0,ascending,/124445h3917.04N/10329.61WO027/016!W64!/A=006926 EOSS BALLOON,"KC0D-1>APZEOS,EOSS,qAO,KC0L-15:/124445h3917.04N/10329.61WO027/016!W64!/A=006926 EOSS BALLOON",27.0,18.4,39.2841,-103.4935666667,,,,,2.222e-05,7.389e-05,16.96666667,high Re,0.001111,14.9,0.054722,3.019566,0.067167,0.684425,-0.798175,16.288597
EOSS-291,AE0SS-12,2019-07-13 06:45:01.478,2019-07-13 06:45:00,7065.0,1038.0,75.0,ascending,/124500h3917.10N/10329.57WO026/012EOSS Balloon www.eoss.org/A=007065!W32!,"AE0SS-12>APTT4,EOSS,qAO,KC0L-15:/124500h3917.10N/10329.57WO026/012EOSS Balloon www.eoss.org/A=007065!W32!",26.0,13.8,39.28505,-103.4928666667,,,,,4e-05,6.833e-05,17.3,high Re,0.011111,15.3,0.046,2.873016,0.061351,0.696133,-0.568679,16.584851
EOSS-291,KC0D-1,2019-07-13 06:45:16.921,2019-07-13 06:45:15,7441.0,1030.0,90.0,ascending,/124515h3917.15N/10329.54WO016/013!W65!/A=007441 EOSS BALLOON,"KC0D-1>APZEOS,EOSS,qAO,N2XGL-12:/124515h3917.15N/10329.54WO016/013!W65!/A=007441 EOSS BALLOON",16.0,15.0,39.2859333333,-103.4924166667,,,,,3.833e-05,6.111e-05,17.16666667,high Re,-0.004444,15.566667,0.037593,2.715934,0.058611,0.589116,-0.71722,17.243044
EOSS-291,AE0SS-12,2019-07-13 06:45:31.432,2019-07-13 06:45:30,7576.0,1022.0,105.0,ascending,/124530h3917.20N/10329.53WO352/012EOSS Balloon www.eoss.org/A=007576!W76!,"AE0SS-12>APTT4,EOSS,qAO,KC0L-15:/124530h3917.20N/10329.53WO352/012EOSS Balloon www.eoss.org/A=007576!W76!",352.0,13.8,39.2867833333,-103.4922666667,,,,,2e-05,5.778e-05,17.03333333,high Re,-0.004444,15.75,0.031587,2.567378,0.055814,0.499861,-0.645555,17.434767
EOSS-291,KC0D-1,2019-07-13 06:45:46.776,2019-07-13 06:45:45,7960.0,1038.0,120.0,ascending,/124545h3917.26N/10329.53WO000/014!W24!/A=007960 EOSS BALLOON,"KC0D-1>APZEOS,EOSS,qAO,KC0L-15:/124545h3917.26N/10329.53WO000/014!W24!/A=007960 EOSS BALLOON",0.0,16.1,39.2877,-103.4922333333,,,,,6.11e-06,5.889e-05,17.3,high Re,0.008889,15.922222,0.02875,2.456511,0.052293,0.560868,-0.379802,17.873875
EOSS-291,AE0SS-12,2019-07-13 06:46:01.475,2019-07-13 06:46:00,8111.0,1070.0,135.0,ascending,/124600h3917.32N/10329.53WO341/012EOSS Balloon www.eoss.org/A=008111!W24!,"AE0SS-12>APTT4,EOSS,qAO,KC0L-15:/124600h3917.32N/10329.53WO341/012EOSS Balloon www.eoss.org/A=008111!W24!",341.0,13.8,39.2887,-103.4922333333,,,,,1.11e-06,6.389e-05,17.83333333,high Re,0.017778,16.113333,0.027531,2.393572,0.049052,0.718591,-0.19883,18.009521
EOSS-291,KC0D-1,2019-07-13 06:46:17.347,2019-07-13 06:46:15,8502.0,1084.0,150.0,ascending,/124615h3917.38N/10329.53WO004/016!W42!/A=008502 EOSS BALLOON,"KC0D-1>APZEOS,EOSS,qAO,KC0L-15:/124615h3917.38N/10329.53WO004/016!W42!/A=008502 EOSS BALLOON",4.0,18.4,39.2897333333,-103.4922,,,,,1.11e-06,6.778e-05,18.06666667,high Re,0.007778,16.290909,0.025556,2.345875,0.046667,0.75697,-0.380954,18.28283
EOSS-291,AE0SS-12,2019-07-13 06:46:31.509,2019-07-13 06:46:30,8646.0,1070.0,165.0,ascending,/124630h3917.44N/10329.52WO012/016EOSS Balloon www.eoss.org/A=008646!W77!,"AE0SS-12>APTT4,EOSS,qAO,N6BA-10:/124630h3917.44N/10329.52WO012/016EOSS Balloon www.eoss.org/A=008646!W77!",12.0,18.4,39.2907833333,-103.4921166667,,,,,3.89e-06,6.944e-05,17.83333333,high Re,-0.007778,16.419444,0.022525,2.280593,0.045398,0.619966,-0.667496,18.359652
EOSS-291,KC0D-1,2019-07-13 06:46:46.797,2019-07-13 06:46:45,9050.0,1096.0,180.0,ascending,/124645h3917.50N/10329.51WO012/013!W98!/A=009050 EOSS BALLOON,"KC0D-1>APZEOS,EOSS,qAO,KC0L-15:/124645h3917.50N/10329.51WO012/013!W98!/A=009050 EOSS BALLOON",12.0,15.0,39.2918166667,-103.4919666667,,,,,7.78e-06,6.944e-05,18.26666667,high Re,0.014444,16.561538,0.021852,2.242801,0.043348,0.760267,-0.170896,18.521988
EOSS-291,KC0D-1,2019-07-13 06:47:16.776,2019-07-13 06:47:15,9601.0,1102.0,210.0,ascending,/124715h3917.62N/10329.49WO008/014!W04!/A=009601 EOSS BALLOON,"KC0D-1>APZEOS,EOSS,qAO,KC0L-15:/124715h3917.62N/10329.49WO008/014!W04!/A=009601 EOSS BALLOON",8.0,16.1,39.2936666667,-103.4915666667,,,,,1.333e-05,6.167e-05,18.36666667,high Re,0.003333,16.690476,0.020427,2.20816,0.041819,0.759089,-0.408762,18.65153
EOSS-291,AE0SS-12,2019-07-13 06:47:31.400,2019-07-13 06:47:30,9758.0,1112.0,225.0,ascending,/124730h3917.67N/10329.48WO018/013EOSS Balloon www.eoss.org/A=009758!W23!,"AE0SS-12>APTT4,EOSS,qAO,KC0L-15:/124730h3917.67N/10329.48WO018/013EOSS Balloon www.eoss.org/A=009758!W23!",18.0,15.0,39.2945333333,-103.4913833333,,,,,1.222e-05,6.25e-05,18.53333333,high Re,0.002778,16.813333,0.019167,2.180389,0.040455,0.78885,-0.405117,18.67517
EOSS-291,KC0D-1,2019-07-13 06:47:46.766,2019-07-13 06:47:45,10158.0,1114.0,240.0,ascending,/124745h3917.72N/10329.46WO006/012!W16!/A=010158 EOSS BALLOON,"KC0D-1>APZEOS,EOSS,qAO,KC0L-15:/124745h3917.72N/10329.46WO006/012!W16!/A=010158 EOSS BALLOON",6.0,13.8,39.29535,-103.4911,,,,,1.556e-05,5.611e-05,18.56666667,high Re,0.001111,16.922917,0.017963,2.151579,0.039261,0.763974,-0.42923,18.718433
EOSS-291,AE0SS-12,2019-07-13 06:48:01.446,2019-07-13 06:48:00,10313.0,1110.0,255.0,ascending,/124800h3917.76N/10329.44WO017/011EOSS Balloon www.eoss.org/A=010313!W87!,"AE0SS-12>APTT4,EOSS,qAO,KC0L-15:/124800h3917.76N/10329.44WO017/011EOSS Balloon www.eoss.org/A=010313!W87!",17.0,12.7,39.2961333333,-103.4907833333,,,,,2e-05,5.333e-05,18.5,high Re,-0.002222,17.015686,0.016701,2.118081,0.038264,0.700782,-0.494538,18.73057
EOSS-291,KC0D-1,2019-07-13 06:48:16.787,2019-07-13 06:48:15,10721.0,1126.0,270.0,ascending,/124815h3917.81N/10329.42WO031/011!W02!/A=010721 EOSS BALLOON,"KC0D-1>APZEOS,EOSS,qAO,KC0L-15:/124815h3917.81N/10329.42WO031/011!W02!/A=010721 EOSS BALLOON",31.0,12.7,39.2968333333,-103.4903666667,,,,,2.444e-05,4.944e-05,18.76666667,high Re,0.008889,17.112963,0.016242,2.095876,0.037097,0.789027,-0.19821,18.755828
EOSS-291,AE0SS-12,2019-07-13 06:48:31.618,2019-07-13 06:48:30,10871.0,1116.0,285.0,ascending,/124830h3917.84N/10329.39WO028/009EOSS Balloon www.eoss.org/A=010871!W47!,"AE0SS-12>APTT4,EOSS,qAO,KC0L-15:/124830h3917.84N/10329.39WO028/009EOSS Balloon www.eoss.org/A=010871!W47!",28.0,10.4,39.2974,-103.48995,,,,,2.778e-05,4.222e-05,18.6,high Re,-0.005556,17.191228,0.015031,2.065198,0.036355,0.682149,-0.566277,18.763904
EOSS-291,KC0D-1,2019-07-13 06:48:46.769,2019-07-13 06:48:45,11275.0,1108.0,300.0,ascending,/124845h3917.88N/10329.38WO018/009!W01!/A=011275 EOSS BALLOON,"KC0D-1>APZEOS,EOSS,qAO,KC0L-15:/124845h3917.88N/10329.38WO018/009!W01!/A=011275 EOSS BALLOON",18.0,10.4,39.298,-103.4896833333,,,,,2.278e-05,3.889e-05,18.46666667,high Re,-0.004444,17.255,0.014006,2.030247,0.035612,0.596808,-0.518084,18.785898
EOSS-291,AE0SS-12,2019-07-13 06:49:01.455,2019-07-13 06:49:00,11435.0,1128.0,315.0,ascending,/124900h3917.90N/10329.36WO040/008EOSS Balloon www.eoss.org/A=011435!W89!,"AE0SS-12>APTT4,EOSS,qAO,KC0L-15:/124900h3917.90N/10329.36WO040/008EOSS Balloon www.eoss.org/A=011435!W89!",40.0,9.2,39.2984666667,-103.4894833333,,,,,1.556e-05,3.556e-05,18.8,high Re,0.011111,17.328571,0.013861,2.007356,0.034668,0.733018,-0.079324,18.795502
EOSS-291,KC0D-1,2019-07-13 06:49:16.784,2019-07-13 06:49:15,11845.0,1140.0,330.0,ascending,/124915h3917.93N/10329.36WO357/005!W01!/A=011845 EOSS BALLOON,"KC0D-1>APZEOS,EOSS,qAO,N6BA-10:/124915h3917.93N/10329.36WO357/005!W01!/A=011845 EOSS BALLOON",357.0,5.8,39.2988333333,-103.48935,,,,,1.111e-05,2.778e-05,19.0,high Re,0.006667,17.404545,0.013519,1.991126,0.033827,0.801283,-0.20256,18.824493
EOSS-291,KC0D-1,2019-07-13 06:49:46.848,2019-07-13 06:49:45,12407.0,1124.0,360.0,ascending,/124945h3917.96N/10329.36WO332/003!W23!/A=012407 EOSS BALLOON,"KC0D-1>APZEOS,EOSS,qAO,KC0L-15:/124945h3917.96N/10329.36WO332/003!W23!/A=012407 EOSS BALLOON",332.0,3.5,39.2993666667,-103.4893833333,,,,,-1.11e-06,1.778e-05,18.73333333,high Re,-0.008889,17.462319,0.0125,1.964979,0.033355,0.646834,-0.641253,18.87784
EOSS-291,KC0D-1,2019-07-13 06:50:16.779,2019-07-13 06:50:15,12962.0,1110.0,390.0,ascending,/125015h3917.97N/10329.35WO039/004!W81!/A=012962 EOSS BALLOON,"KC0D-1>APZEOS,EOSS,qAO,N6BA-10:/125015h3917.97N/10329.35WO039/004!W81!/A=012962 EOSS BALLOON",39.0,4.6,39.2996333333,-103.4891833333,,,,,6.67e-06,8.89e-06,18.5,high Re,-0.007778,17.505556,0.011618,1.933425,0.032861,0.514343,-0.590244,18.948206
EOSS-291,AE0SS-12,2019-07-13 06:50:31.536,2019-07-13 06:50:30,13128.0,1128.7,405.0,ascending,/125030h3917.99N/10329.34WO007/002EOSS Balloon www.eoss.org/A=013128!W00!,"AE0SS-12>APTT4,EOSS,qAO,KC0L-15:/125030h3917.99N/10329.34WO007/002EOSS Balloon www.eoss.org/A=013128!W00!",7.0,2.3,39.2998333333,-103.489,,,,,5.37e-06,1.519e-05,18.81111111,high Re,0.003457,17.557778,0.011278,1.910643,0.032182,0.655975,-0.243024,18.972664
EOSS-291,KC0D-1,2019-07-13 06:50:46.832,2019-07-13 06:50:45,13538.0,1152.0,420.0,ascending,/125045h3917.99N/10329.33WO049/003!W91!/A=013538 EOSS BALLOON,"KC0D-1>APZEOS,EOSS,qAO,KC0L-15:/125045h3917.99N/10329.33WO049/003!W91!/A=013538 EOSS BALLOON",49.0,3.5,39.2999833333,-103.48885,,,,,1.111e-05,1.167e-05,19.2,high Re,0.012963,17.62094,0.011346,1.899542,0.031507,0.831285,0.051322,19.039348
EOSS-291,AE0SS-12,2019-07-13 06:51:01.501,2019-07-13 06:51:00,13706.0,1156.0,435.0,ascending,/125100h3918.00N/10329.31WO188/003EOSS Balloon www.eoss.org/A=013706!W48!,"AE0SS-12>APTT4,EOSS,qAO,N6BA-10:/125100h3918.00N/10329.31WO188/003EOSS Balloon www.eoss.org/A=013706!W48!",188.0,3.5,39.3000666667,-103.4886333333,,,,,1.222e-05,7.78e-06,19.26666667,high Re,0.002222,17.681893,0.010995,1.889389,0.030922,0.838776,-0.283714,19.069061
EOSS-291,KC0D-1,2019-07-13 06:51:16.817,2019-07-13 06:51:15,14121.0,1166.0,450.0,ascending,/125115h3918.01N/10329.30WO111/002!W26!/A=014121 EOSS BALLOON,"KC0D-1>APZEOS,EOSS,qAO,N6BA-10:/125115h3918.01N/10329.30WO111/002!W26!/A=014121 EOSS BALLOON",111.0,2.3,39.3002,-103.4884333333,,,,,1.389e-05,7.22e-06,19.43333333,high Re,0.005556,17.744444,0.010793,1.883383,0.030339,0.896732,-0.172616,19.147653
EOSS-291,AE0SS-12,2019-07-13 06:51:31.487,2019-07-13 06:51:30,14296.0,1180.0,465.0,ascending,/125130h3918.01N/10329.29WO333/004EOSS Balloon www.eoss.org/A=014296!W99!,"AE0SS-12>APTT4,EOSS,qAO,KC0L-15:/125130h3918.01N/10329.29WO333/004EOSS Balloon www.eoss.org/A=014296!W99!",333.0,4.6,39.3003166667,-103.4883166667,,,,,1.056e-05,8.33e-06,19.66666667,high Re,0.007778,17.810728,0.010686,1.883577,0.029778,0.985327,-0.097656,19.182731
EOSS-291,KC0D-1,2019-07-13 06:51:46.828,2019-07-13 06:51:45,14712.0,1182.0,480.0,ascending,/125145h3918.02N/10329.28WO075/003!W73!/A=014712 EOSS BALLOON,"KC0D-1>APZEOS,EOSS,qAO,KC0L-15:/125145h3918.02N/10329.28WO075/003!W73!/A=014712 EOSS BALLOON",75.0,3.5,39.30045,-103.48805,,,,,1.278e-05,8.33e-06,19.7,high Re,0.001111,17.873704,0.010356,1.882684,0.029295,0.970049,-0.315583,19.269799
EOSS-291,AE0SS-12,2019-07-13 06:52:01.500,2019-07-13 06:52:00,14871.0,1150.0,495.0,ascending,/125200h3918.03N/10329.26WO115/003EOSS Balloon www.eoss.org/A=014871!W63!,"AE0SS-12>APTT4,EOSS,qAO,KC0L-15:/125200h3918.03N/10329.26WO115/003EOSS Balloon www.eoss.org/A=014871!W63!",115.0,3.5,39.3006,-103.4877166667,,,,,2e-05,9.44e-06,19.16666667,high Re,-0.017778,17.915412,0.009418,1.86555,0.02924,0.670716,-0.930096,19.304183
EOSS-291,KC0D-1,2019-07-13 06:52:16.719,2019-07-13 06:52:15,15289.0,1154.0,510.0,ascending,/125215h3918.03N/10329.22WO099/008!W95!/A=015289 EOSS BALLOON,"KC0D-1>APZEOS,EOSS,qAO,KC0D-4:/125215h3918.03N/10329.22WO099/008!W95!/A=015289 EOSS BALLOON",99.0,9.2,39.30065,-103.4870833333,,,,,3.222e-05,6.67e-06,19.23333333,high Re,0.002222,17.956597,0.009186,1.849943,0.028778,0.690149,-0.24199,19.396591
EOSS-291,AE0SS-12,2019-07-13 06:52:31.456,2019-07-13 06:52:30,15465.0,1188.0,525.0,ascending,/125230h3918.03N/10329.18WO091/007EOSS Balloon www.eoss.org/A=015465!W06!,"AE0SS-12>APTT4,EOSS,qAO,KC0L-15:/125230h3918.03N/10329.18WO091/007EOSS Balloon www.eoss.org/A=015465!W06!",91.0,8.1,39.3005,-103.4864333333,,,,,4.278e-05,-3.33e-06,19.8,high Re,0.018889,18.012458,0.009489,1.848869,0.028362,0.96683,0.331429,19.436085
EOSS-291,KC0D-1,2019-07-13 06:52:46.717,2019-07-13 06:52:45,15891.0,1204.0,540.0,ascending,/125245h3918.01N/10329.14WO092/006!W84!/A=015891 EOSS BALLOON,"KC0D-1>APZEOS,EOSS,qAO,KC0D-4:/125245h3918.01N/10329.14WO092/006!W84!/A=015891 EOSS BALLOON",92.0,6.9,39.3003,-103.4857333333,,,,,4.5e-05,-1.167e-05,20.06666667,high Re,0.008889,18.072876,0.009471,1.854411,0.027915,1.075161,-0.020849,19.53222
EOSS-291,AE0SS-12,2019-07-13 06:53:01.517,2019-07-13 06:53:00,16062.0,1194.0,555.0,ascending,/125300h3918.01N/10329.10WO113/016EOSS Balloon www.eoss.org/A=016062!W21!,"AE0SS-12>APTT4,EOSS,qAO,KC0L-15:/125300h3918.01N/10329.10WO113/016EOSS Balloon www.eoss.org/A=016062!W21!",113.0,18.4,39.3002,-103.4850166667,,,,,4.722e-05,-1e-05,19.9,high Re,-0.005556,18.125079,0.009029,1.852858,0.02761,0.957937,-0.528251,19.570777
EOSS-291,KC0D-1,2019-07-13 06:53:16.690,2019-07-13 06:53:15,16481.0,1180.0,570.0,ascending,/125315h3918.00N/10329.06WO095/005!W45!/A=016481 EOSS BALLOON,"KC0D-1>APZEOS,EOSS,qAO,KC0D-4:/125315h3918.00N/10329.06WO095/005!W45!/A=016481 EOSS BALLOON",95.0,5.8,39.3000666667,-103.4844166667,,,,,4.389e-05,-7.78e-06,19.66666667,high Re,-0.007778,18.167901,0.008549,1.844182,0.027349,0.812699,-0.596987,19.66447
EOSS-291,KC0D-1,2019-07-13 06:53:46.800,2019-07-13 06:53:45,17088.0,1214.0,600.0,ascending,/125345h3918.00N/10328.99WO084/005!W15!/A=017088 EOSS BALLOON,"KC0D-1>APZEOS,EOSS,qAO,KC0D-4:/125345h3918.00N/10328.99WO084/005!W15!/A=017088 EOSS BALLOON",84.0,5.8,39.3000166667,-103.48325,,,,,3.889e-05,-1.67e-06,20.23333333,high Re,0.018889,18.223724,0.008836,1.84982,0.02701,1.086381,0.372195,19.796507
EOSS-291,AE0SS-12,2019-07-13 06:54:01.425,2019-07-13 06:54:00,17266.0,1204.0,615.0,ascending,/125400h3918.00N/10328.96WO128/003EOSS Balloon www.eoss.org/A=017266!W01!,"AE0SS-12>APTT4,EOSS,qAO,KC0L-15:/125400h3918.00N/10328.96WO128/003EOSS Balloon www.eoss.org/A=017266!W01!",128.0,3.5,39.3,-103.4826833333,,,,,3.889e-05,-3.33e-06,20.06666667,high Re,-0.002778,18.272222,0.008522,1.848981,0.026701,0.970505,-0.423205,19.834083
EOSS-291,KC0D-1,2019-07-13 06:54:16.765,2019-07-13 06:54:15,17706.0,1236.0,630.0,ascending,/125415h3917.99N/10328.92WO089/008!W94!/A=017706 EOSS BALLOON,"KC0D-1>APZEOS,EOSS,qAO,KC0D-4:/125415h3917.99N/10328.92WO089/008!W94!/A=017706 EOSS BALLOON",89.0,9.2,39.2999833333,-103.4820666667,,,,,3.944e-05,-1.11e-06,20.6,high Re,0.017778,18.331909,0.008765,1.862176,0.02638,1.217979,0.34166,19.924302
EOSS-291,AE0SS-12,2019-07-13 06:54:31.461,2019-07-13 06:54:30,17886.0,1240.0,645.0,ascending,/125430h3917.99N/10328.88WO148/002EOSS Balloon www.eoss.org/A=017886!W39!,"AE0SS-12>APTT4,EOSS,qAO,KC0L-15:/125430h3917.99N/10328.88WO148/002EOSS Balloon www.eoss.org/A=017886!W39!",148.0,2.3,39.2998833333,-103.4814833333,,,,,4e-05,-3.89e-06,20.66666667,high Re,0.002222,18.390278,0.008598,1.87485,0.026052,1.214171,-0.244741,19.960038
EOSS-291,KC0D-1,2019-07-13 06:54:46.688,2019-07-13 06:54:45,18309.0,1206.0,660.0,ascending,/125445h3917.98N/10328.84WO125/011!W89!/A=018309 EOSS BALLOON,"KC0D-1>APZEOS,EOSS,qAO,KC0D-4:/125445h3917.98N/10328.84WO125/011!W89!/A=018309 EOSS BALLOON",125.0,12.7,39.2998,-103.4808166667,,,,,4.167e-05,-6.11e-06,20.1,high Re,-0.018889,18.431978,0.00791,1.870423,0.02608,0.891789,-1.027569,20.041209
EOSS-291,AE0SS-12,2019-07-13 06:55:01.395,2019-07-13 06:55:00,18490.0,1208.0,675.0,ascending,/125500h3917.96N/10328.81WO116/006EOSS Balloon www.eoss.org/A=018490!W63!,"AE0SS-12>APTT4,EOSS,qAO,KB0TVJ-1:/125500h3917.96N/10328.81WO116/006EOSS Balloon www.eoss.org/A=018490!W63!",116.0,6.9,39.2994333333,-103.4802166667,,,,,4.222e-05,-1.5e-05,20.13333333,high Re,0.001111,18.472487,0.007745,1.866031,0.025774,0.890042,-0.257391,20.074728
EOSS-291,KC0D-1,2019-07-13 06:55:17.068,2019-07-13 06:55:15,18918.0,1218.0,690.0,ascending,/125515h3917.94N/10328.78WO141/007!W32!/A=018918 EOSS BALLOON,"KC0D-1>APZEOS,EOSS,qAO,KC0D-4:/125515h3917.94N/10328.78WO141/007!W32!/A=018918 EOSS BALLOON",141.0,8.1,39.29905,-103.4797,,,,,3.722e-05,-2.5e-05,20.3,high Re,0.005556,18.514987,0.007693,1.864628,0.02546,0.957302,-0.083936,20.151144
EOSS-291,AE0SS-12,2019-07-13 06:55:31.382,2019-07-13 06:55:30,19100.0,1220.0,705.0,ascending,/125530h3917.91N/10328.76WO133/007EOSS Balloon www.eoss.org/A=019100!W02!,"AE0SS-12>APTT4,EOSS,qAO,KC0L-15:/125530h3917.91N/10328.76WO133/007EOSS Balloon www.eoss.org/A=019100!W02!",133.0,8.1,39.2985,-103.4793666667,,,,,2.833e-05,-3.111e-05,20.33333333,high Re,0.001111,18.556313,0.007539,1.863096,0.025175,0.9538,-0.255333,20.182472
EOSS-291,KC0D-1,2019-07-13 06:55:46.870,2019-07-13 06:55:45,19528.0,1220.0,720.0,ascending,/125545h3917.88N/10328.74WO177/006!W46!/A=019528 EOSS BALLOON,"KC0D-1>APZEOS,EOSS,qAO,KC0L-15:/125545h3917.88N/10328.74WO177/006!W46!/A=019528 EOSS BALLOON",177.0,6.9,39.2980666667,-103.4791,,,,,2e-05,-3.278e-05,20.33333333,high Re,0.0,18.595802,0.007368,1.860755,0.024907,0.933778,-0.29582,20.253618
EOSS-291,AE0SS-12,2019-07-13 06:56:01.564,2019-07-13 06:56:00,19710.0,1220.0,735.0,ascending,/125600h3917.85N/10328.72WO116/014EOSS Balloon www.eoss.org/A=019710!W64!,"AE0SS-12>APTT4,EOSS,qAO,N6BA-10:/125600h3917.85N/10328.72WO116/014EOSS Balloon www.eoss.org/A=019710!W64!",116.0,16.1,39.2976,-103.4787333333,,,,,2.111e-05,-3e-05,20.33333333,high Re,0.0,18.633575,0.007204,1.857713,0.024646,0.914974,-0.292299,20.282888
EOSS-291,KC0D-1,2019-07-13 06:56:16.696,2019-07-13 06:56:15,20137.0,1218.0,750.0,ascending,/125615h3917.82N/10328.68WO131/008!W65!/A=020137 EOSS BALLOON,"KC0D-1>APZEOS,EOSS,qAO,KC0D-4:/125615h3917.82N/10328.68WO131/008!W65!/A=020137 EOSS BALLOON",131.0,9.2,39.2971,-103.4780833333,,,,,3.389e-05,-3.222e-05,20.3,high Re,-0.001111,18.669031,0.007024,1.853418,0.024402,0.879979,-0.333374,20.349588
EOSS-291,AE0SS-12,2019-07-13 06:56:31.442,2019-07-13 06:56:30,20321.0,1222.0,765.0,ascending,/125630h3917.79N/10328.65WO120/014EOSS Balloon www.eoss.org/A=020321!W61!,"AE0SS-12>APTT4,EOSS,qAO,KC0L-15:/125630h3917.79N/10328.65WO120/014EOSS Balloon www.eoss.org/A=020321!W61!",120.0,16.1,39.2966,-103.4775166667,,,,,4.056e-05,-3.333e-05,20.36666667,high Re,0.002222,18.704398,0.006921,1.849895,0.024145,0.898575,-0.194616,20.377605
EOSS-291,KC0D-1,2019-07-13 06:56:46.778,2019-07-13 06:56:45,20741.0,1208.0,780.0,ascending,/125645h3917.76N/10328.62WO156/009!W69!/A=020741 EOSS BALLOON,"KC0D-1>APZEOS,EOSS,qAO,KC0D-4:/125645h3917.76N/10328.62WO156/009!W69!/A=020741 EOSS BALLOON",156.0,10.4,39.2961,-103.47715,,,,,3.111e-05,-3.333e-05,20.13333333,high Re,-0.007778,18.73356,0.006615,1.841871,0.023981,0.759974,-0.600183,20.440332
EOSS-291,AE0SS-12,2019-07-13 06:57:01.371,2019-07-13 06:57:00,20921.0,1200.0,795.0,ascending,/125700h3917.73N/10328.60WO169/009EOSS Balloon www.eoss.org/A=020921!W26!,"AE0SS-12>APTT4,EOSS,qAO,KB0TVJ-1:/125700h3917.73N/10328.60WO169/009EOSS Balloon www.eoss.org/A=020921!W26!",169.0,10.4,39.2955333333,-103.4767666667,,,,,2.5e-05,-3.556e-05,20.0,high Re,-0.004444,18.758889,0.00639,1.831756,0.023783,0.677553,-0.455535,20.466835
EOSS-291,KC0D-1,2019-07-13 06:57:16.710,2019-07-13 06:57:15,21340.0,1198.0,810.0,ascending,/125715h3917.68N/10328.58WO159/011!W72!/A=021340 EOSS BALLOON,"KC0D-1>APZEOS,EOSS,qAO,KC0D-4:/125715h3917.68N/10328.58WO159/011!W72!/A=021340 EOSS BALLOON",159.0,12.7,39.2947833333,-103.4763666667,,,,,2.611e-05,-4.389e-05,19.96666667,high Re,-0.001111,18.782571,0.00624,1.821216,0.023563,0.650168,-0.311972,20.528098
EOSS-291,AE0SS-12,2019-07-13 06:57:31.520,2019-07-13 06:57:30,21522.0,1202.0,825.0,ascending,/125730h3917.63N/10328.56WO144/008EOSS Balloon www.eoss.org/A=021522!W67!,"AE0SS-12>APTT4,EOSS,qAO,KB0TVJ-1:/125730h3917.63N/10328.56WO144/008EOSS Balloon www.eoss.org/A=021522!W67!",144.0,9.2,39.2939333333,-103.4761166667,,,,,2.167e-05,-5.333e-05,20.03333333,high Re,0.002222,18.806624,0.006161,1.811595,0.023332,0.677143,-0.168824,20.554675
EOSS-291,KC0D-1,2019-07-13 06:57:46.728,2019-07-13 06:57:45,21939.0,1198.0,840.0,ascending,/125745h3917.58N/10328.54WO165/016!W09!/A=021939 EOSS BALLOON,"KC0D-1>APZEOS,EOSS,qAO,KC0D-4:/125745h3917.58N/10328.54WO165/016!W09!/A=021939 EOSS BALLOON",165.0,18.4,39.293,-103.4758166667,,,,,1.833e-05,-5.944e-05,19.96666667,high Re,-0.002222,18.828512,0.006,1.801153,0.023132,0.631903,-0.355438,20.615957
EOSS-291,AE0SS-12,2019-07-13 06:58:01.475,2019-07-13 06:58:00,22122.0,1200.0,855.0,ascending,/125800h3917.52N/10328.51WO168/023EOSS Balloon www.eoss.org/A=022122!W11!,"AE0SS-12>APTT4,EOSS,qAO,N6BA-10:/125800h3917.52N/10328.51WO168/023EOSS Balloon www.eoss.org/A=022122!W11!",168.0,26.5,39.2920166667,-103.4751833333,,,,,3.111e-05,-6.389e-05,20.0,high Re,0.001111,18.850206,0.005907,1.791189,0.022918,0.641917,-0.209268,20.643177
EOSS-291,KC0D-1,2019-07-13 06:58:16.703,2019-07-13 06:58:15,22544.0,1210.0,870.0,ascending,/125815h3917.43N/10328.47WO160/020!W94!/A=022544 EOSS BALLOON,"KC0D-1>APZEOS,EOSS,qAO,KC0D-4:/125815h3917.43N/10328.47WO160/020!W94!/A=022544 EOSS BALLOON",160.0,23.0,39.29065,-103.4745666667,,,,,4.167e-05,-7.833e-05,20.16666667,high Re,0.005556,18.874141,0.005901,1.783382,0.022701,0.724761,-0.015198,20.707176
EOSS-291,KC0D-1,2019-07-13 06:58:46.770,2019-07-13 06:58:45,23131.0,1174.0,900.0,ascending,/125845h3917.30N/10328.39WO147/018!W46!/A=023131 EOSS BALLOON,"KC0D-1>APZEOS,EOSS,qAO,KC0D-4:/125845h3917.30N/10328.39WO147/018!W46!/A=023131 EOSS BALLOON",147.0,20.7,39.2884,-103.4732666667,,,,,4.333e-05,-7.5e-05,19.56666667,high Re,-0.02,18.886508,0.00543,1.769517,0.022759,0.384375,-1.11736,20.800254
EOSS-291,AE0SS-12,2019-07-13 06:59:01.551,2019-07-13 06:59:00,23313.0,1191.0,915.0,ascending,/125900h3917.24N/10328.35WO162/019EOSS Balloon www.eoss.org/A=023313!W39!,"AE0SS-12>APTT4,EOSS,qAO,KC0L-15:/125900h3917.24N/10328.35WO162/019EOSS Balloon www.eoss.org/A=023313!W39!",162.0,21.9,39.2873833333,-103.47265,,,,,4.222e-05,-7.722e-05,19.85,high Re,0.004722,18.903411,0.005417,1.758284,0.022552,0.53836,-0.030818,20.83034
EOSS-291,KC0D-1,2019-07-13 06:59:16.752,2019-07-13 06:59:15,23742.0,1222.0,930.0,ascending,/125915h3917.18N/10328.30WO127/017!W95!/A=023742 EOSS BALLOON,"KC0D-1>APZEOS,EOSS,qAO,KC0D-4:/125915h3917.18N/10328.30WO127/017!W95!/A=023742 EOSS BALLOON",127.0,19.6,39.2864833333,-103.47175,,,,,5.056e-05,-6.389e-05,20.36666667,high Re,0.017222,18.92864,0.005624,1.753351,0.022404,0.820159,0.517675,20.904019
EOSS-291,AE0SS-12,2019-07-13 06:59:32.150,2019-07-13 06:59:30,23920.0,1214.0,945.0,ascending,/125930h3917.13N/10328.24WO139/015EOSS Balloon www.eoss.org/A=023920!W89!,"AE0SS-12>APTT4,EOSS,qAO,KC0L-15:/125930h3917.13N/10328.24WO139/015EOSS Balloon www.eoss.org/A=023920!W89!",139.0,17.3,39.2856333333,-103.4708166667,,,,,6.111e-05,-5.833e-05,20.23333333,high Re,-0.004444,18.950753,0.005451,1.74645,0.022246,0.734393,-0.444799,20.935841
EOSS-291,KC0D-1,2019-07-13 06:59:46.763,2019-07-13 06:59:45,24351.0,1218.0,960.0,ascending,/125945h3917.08N/10328.18WO136/018!W54!/A=024351 EOSS BALLOON,"KC0D-1>APZEOS,EOSS,qAO,KC0D-4:/125945h3917.08N/10328.18WO136/018!W54!/A=024351 EOSS BALLOON",136.0,20.7,39.28475,-103.4697333333,,,,,6.722e-05,-5.778e-05,20.3,high Re,0.002222,18.973241,0.005396,1.740325,0.022057,0.762363,-0.1439,21.016258
EOSS-291,AE0SS-12,2019-07-13 07:00:01.448,2019-07-13 07:00:00,24537.0,1234.0,975.0,ascending,/130000h3917.02N/10328.11WO131/018EOSS Balloon www.eoss.org/A=024537!W29!,"AE0SS-12>APTT4,EOSS,qAO,KC0L-15:/130000h3917.02N/10328.11WO131/018EOSS Balloon www.eoss.org/A=024537!W29!",131.0,20.7,39.2837,-103.46865,,,,,7.222e-05,-6.444e-05,20.56666667,high Re,0.008889,18.999362,0.005454,1.737779,0.021874,0.901901,0.157036,21.052527
EOSS-291,KC0D-1,2019-07-13 07:00:16.714,2019-07-13 07:00:15,24972.0,1242.0,990.0,ascending,/130015h3916.95N/10328.04WO133/022!W77!/A=024972 EOSS BALLOON,"KC0D-1>APZEOS,EOSS,qAO,KC0D-4:/130015h3916.95N/10328.04WO133/022!W77!/A=024972 EOSS BALLOON",133.0,25.3,39.2826166667,-103.46745,,,,,7.611e-05,-7.111e-05,20.7,high Re,0.004444,19.026792,0.005438,1.736957,0.021692,0.963298,-0.045823,21.141283
EOSS-291,AE0SS-12,2019-07-13 07:00:31.636,2019-07-13 07:00:30,25170.0,1266.0,1005.0,ascending,/130030h3916.89N/10327.97WO126/022EOSS Balloon www.eoss.org/A=025170!W73!,"AE0SS-12>APTT4,EOSS,qAO,N6BA-10:/130030h3916.89N/10327.97WO126/022EOSS Balloon www.eoss.org/A=025170!W73!",126.0,25.3,39.2816166667,-103.4662166667,,,,,8.111e-05,-6.944e-05,21.1,high Re,0.013333,19.0597,0.005565,1.742579,0.021536,1.170851,0.360698,21.183579
EOSS-291,KC0D-1,2019-07-13 07:00:46.751,2019-07-13 07:00:45,25624.0,1304.0,1020.0,ascending,/130045h3916.83N/10327.90WO125/022!W80!/A=025624 EOSS BALLOON,"KC0D-1>APZEOS,EOSS,qAO,KC0D-4:/130045h3916.83N/10327.90WO125/022!W80!/A=025624 EOSS BALLOON",125.0,25.3,39.2806333333,-103.465,,,,,8.167e-05,-6.611e-05,21.73333333,high Re,0.021111,19.101476,0.005812,1.760703,0.021452,1.494776,0.713174,21.285211
EOSS-291,AE0SS-12,2019-07-13 07:01:01.390,2019-07-13 07:01:00,25827.0,1314.0,1035.0,ascending,/130100h3916.77N/10327.81WO131/021EOSS Balloon www.eoss.org/A=025827!W34!,"AE0SS-12>APTT4,EOSS,qAO,KB0TVJ-1:/130100h3916.77N/10327.81WO131/021EOSS Balloon www.eoss.org/A=025827!W34!",131.0,24.2,39.27955,-103.4635666667,,,,,8.833e-05,-6.889e-05,21.9,high Re,0.005556,19.14453,0.005808,1.781046,0.021281,1.547108,-0.011842,21.332787
EOSS-291,KC0D-1,2019-07-13 07:01:16.814,2019-07-13 07:01:15,26279.0,1310.0,1050.0,ascending,/130115h3916.71N/10327.73WO121/020!W70!/A=026279 EOSS BALLOON,"KC0D-1>APZEOS,EOSS,qAO,N6BA-10:/130115h3916.71N/10327.73WO121/020!W70!/A=026279 EOSS BALLOON",121.0,23.0,39.2786166667,-103.4621666667,,,,,9.444e-05,-6.722e-05,21.83333333,high Re,-0.002222,19.185269,0.005684,1.798016,0.021137,1.47277,-0.374036,21.44351
EOSS-291,KC0D-1,2019-07-13 07:01:46.703,2019-07-13 07:01:45,26940.0,1322.0,1080.0,ascending,/130145h3916.63N/10327.53WO113/016!W98!/A=026940 EOSS BALLOON,"KC0D-1>APZEOS,EOSS,qAO,KC0D-4:/130145h3916.63N/10327.53WO113/016!W98!/A=026940 EOSS BALLOON",113.0,18.4,39.2773166667,-103.4589666667,,,,,0.00010667,-4.333e-05,22.03333333,high Re,0.006667,19.227778,0.005699,1.817951,0.020974,1.543251,0.046152,21.617239
EOSS-291,AE0SS-12,2019-07-13 07:02:01.365,2019-07-13 07:02:00,27143.0,1316.0,1095.0,ascending,/130200h3916.61N/10327.44WO128/019EOSS Balloon www.eoss.org/A=027143!W17!,"AE0SS-12>APTT4,EOSS,qAO,KB0TVJ-1:/130200h3916.61N/10327.44WO128/019EOSS Balloon www.eoss.org/A=027143!W17!",128.0,21.9,39.27685,-103.45745,,,,,0.00010194,-4.5e-05,21.93333333,high Re,-0.001667,19.267565,0.005589,1.833921,0.020834,1.45359,-0.348277,21.673339
EOSS-291,KC0D-1,2019-07-13 07:02:16.715,2019-07-13 07:02:15,27606.0,1332.0,1110.0,ascending,/130215h3916.58N/10327.36WO126/017!W12!/A=027606 EOSS BALLOON,"KC0D-1>APZEOS,EOSS,qAO,KC0D-4:/130215h3916.58N/10327.36WO126/017!W12!/A=027606 EOSS BALLOON",126.0,19.6,39.27635,-103.4560333333,,,,,9.778e-05,-3.222e-05,22.2,high Re,0.008889,19.310064,0.005638,1.854301,0.020682,1.558504,0.15719,21.805905
EOSS-291,AE0SS-12,2019-07-13 07:02:31.418,2019-07-13 07:02:30,27809.0,1332.0,1125.0,ascending,/130230h3916.54N/10327.27WO122/015EOSS Balloon www.eoss.org/A=027809!W65!,"AE0SS-12>APTT4,EOSS,qAO,KB0TVJ-1:/130230h3916.54N/10327.27WO122/015EOSS Balloon www.eoss.org/A=027809!W65!",122.0,17.3,39.2757666667,-103.4545833333,,,,,9.556e-05,-3.611e-05,22.2,high Re,0.0,19.351349,0.005556,1.872942,0.020541,1.52095,-0.270483,21.865966
EOSS-291,KC0D-1,2019-07-13 07:02:46.713,2019-07-13 07:02:45,28295.0,1378.0,1140.0,ascending,/130245h3916.50N/10327.19WO128/018!W78!/A=028295 EOSS BALLOON,"KC0D-1>APZEOS,EOSS,qAO,KC0D-4:/130245h3916.50N/10327.19WO128/018!W78!/A=028295 EOSS BALLOON",128.0,20.7,39.2751166667,-103.4533,,,,,9.111e-05,-4.111e-05,22.96666667,high Re,0.025556,19.402269,0.005842,1.908373,0.020531,1.867768,0.960207,22.01422
EOSS-291,AE0SS-12,2019-07-13 07:03:01.396,2019-07-13 07:03:00,28524.0,1430.0,1155.0,ascending,/130300h3916.47N/10327.11WO101/018EOSS Balloon www.eoss.org/A=028524!W67!,"AE0SS-12>APTT4,EOSS,qAO,KB0TVJ-1:/130300h3916.47N/10327.11WO101/018EOSS Balloon www.eoss.org/A=028524!W67!",101.0,20.7,39.2746,-103.45195,,,,,8.778e-05,-3.889e-05,23.83333333,high Re,0.028889,19.463812,0.006166,1.965526,0.020567,2.22308,1.104828,22.086107
EOSS-291,KC0D-1,2019-07-13 07:03:16.723,2019-07-13 07:03:15,28988.0,1386.0,1170.0,ascending,/130315h3916.44N/10327.03WO124/017!W69!/A=028988 EOSS BALLOON,"KC0D-1>APZEOS,EOSS,qAO,KC0D-4:/130315h3916.44N/10327.03WO124/017!W69!/A=028988 EOSS BALLOON",124.0,19.6,39.2741,-103.45065,,,,,8.833e-05,-3.389e-05,23.1,high Re,-0.024444,19.513623,0.005741,1.997688,0.020737,1.795264,-1.455611,22.235316
EOSS-291,AE0SS-12,2019-07-13 07:03:31.390,2019-07-13 07:03:30,29213.0,1378.0,1185.0,ascending,/130330h3916.41N/10326.95WO130/014EOSS Balloon www.eoss.org/A=029213!W09!,"AE0SS-12>APTT4,EOSS,qAO,KB0TVJ-1:/130330h3916.41N/10326.95WO130/014EOSS Balloon www.eoss.org/A=029213!W09!",130.0,16.1,39.2735,-103.4493166667,,,,,8.778e-05,-3.667e-05,22.96666667,high Re,-0.004444,19.560285,0.005602,2.024159,0.020627,1.682863,-0.487032,22.309202
EOSS-291,KC0D-1,2019-07-13 07:03:46.765,2019-07-13 07:03:45,29651.0,1326.0,1200.0,ascending,/130345h3916.36N/10326.87WO128/017!W26!/A=029651 EOSS BALLOON,"KC0D-1>APZEOS,EOSS,qAO,KC0D-4:/130345h3916.36N/10326.87WO128/017!W26!/A=029651 EOSS BALLOON",128.0,19.6,39.2727,-103.4479333333,,,,,9.056e-05,-4.667e-05,22.1,high Re,-0.028889,19.594148,0.005136,2.031712,0.020874,1.23337,-1.630018,22.455454
EOSS-291,AE0SS-12,2019-07-13 07:04:01.444,2019-07-13 07:04:00,29863.0,1300.0,1215.0,ascending,/130400h3916.32N/10326.79WO132/016EOSS Balloon www.eoss.org/A=029863!W86!,"AE0SS-12>APTT4,EOSS,qAO,KC0L-15:/130400h3916.32N/10326.79WO132/016EOSS Balloon www.eoss.org/A=029863!W86!",132.0,18.4,39.2721333333,-103.4466,,,,,9.056e-05,-4.556e-05,21.66666667,high Re,-0.014444,19.621418,0.004875,2.032076,0.020856,1.006482,-0.926304,22.527217
EOSS-291,KC0D-1,2019-07-13 07:04:16.726,2019-07-13 07:04:15,30330.0,1358.0,1230.0,ascending,/130415h3916.29N/10326.72WO115/020!W31!/A=030330 EOSS BALLOON,"KC0D-1>APZEOS,EOSS,qAO,KC0L-15:/130415h3916.29N/10326.72WO115/020!W31!/A=030330 EOSS BALLOON",115.0,23.0,39.27155,-103.44535,,,,,8.611e-05,-3.833e-05,22.63333333,high Re,0.032222,19.660534,0.005234,2.047636,0.020952,1.45182,1.288087,22.687
EOSS-291,KC0D-1,2019-07-13 07:04:46.761,2019-07-13 07:04:45,31007.0,1354.0,1260.0,ascending,/130445h3916.23N/10326.55WO098/018!W25!/A=031007 EOSS BALLOON,"KC0D-1>APZEOS,EOSS,qAO,KC0D-4:/130445h3916.23N/10326.55WO098/018!W25!/A=031007 EOSS BALLOON",98.0,20.7,39.2705333333,-103.4425833333,,,,,9.222e-05,-3.389e-05,22.56666667,high Re,-0.002222,19.697792,0.005138,2.060737,0.020831,1.39216,-0.35332,22.921111
EOSS-291,AE0SS-12,2019-07-13 07:05:01.423,2019-07-13 07:05:00,31244.0,1381.0,1275.0,ascending,/130500h3916.21N/10326.45WO107/018EOSS Balloon www.eoss.org/A=031244!W56!,"AE0SS-12>APTT4,EOSS,qAO,KC0L-15:/130500h3916.21N/10326.45WO107/018EOSS Balloon www.eoss.org/A=031244!W56!",107.0,20.7,39.27025,-103.4409333333,,,,,9.444e-05,-3.139e-05,23.01666667,high Re,0.0075,19.739803,0.005168,2.081255,0.020697,1.574465,0.112673,23.00327
EOSS-291,KC0D-1,2019-07-13 07:05:16.693,2019-07-13 07:05:15,31745.0,1476.0,1290.0,ascending,/130515h3916.20N/10326.36WO100/019!W00!/A=031745 EOSS BALLOON,"KC0D-1>APZEOS,EOSS,qAO,KC0D-4:/130515h3916.20N/10326.36WO100/019!W00!/A=031745 EOSS BALLOON",100.0,21.9,39.27,-103.4393333333,,,,,0.00010833,-1.778e-05,24.6,high Re,0.052778,19.800556,0.00577,2.138238,0.02125,2.244579,2.212141,23.176421
EOSS-291,AE0SS-12,2019-07-13 07:05:31.416,2019-07-13 07:05:30,31986.0,1484.0,1305.0,ascending,/130530h3916.18N/10326.26WO099/021EOSS Balloon www.eoss.org/A=031986!W67!,"AE0SS-12>APTT4,EOSS,qAO,KB0TVJ-1:/130530h3916.18N/10326.26WO099/021EOSS Balloon www.eoss.org/A=031986!W67!",99.0,24.2,39.2697666667,-103.4377833333,,,,,0.000105,-1.611e-05,24.73333333,high Re,0.004444,19.861454,0.005754,2.194381,0.021116,2.220161,-0.062038,23.259167
EOSS-291,KC0D-1,2019-07-13 07:05:46.692,2019-07-13 07:05:45,32464.0,1438.0,1320.0,ascending,/130545h3916.17N/10326.16WO093/019!W38!/A=032464 EOSS BALLOON,"KC0D-1>APZEOS,EOSS,qAO,KC0D-4:/130545h3916.17N/10326.16WO093/019!W38!/A=032464 EOSS BALLOON",93.0,21.9,39.26955,-103.4361333333,,,,,0.00010667,-1.5e-05,23.96666667,high Re,-0.025556,19.911518,0.005367,2.227416,0.02127,1.820562,-1.453832,23.421541
EOSS-291,AE0SS-12,2019-07-13 07:06:01.405,2019-07-13 07:06:00,32698.0,1424.0,1335.0,ascending,/130600h3916.16N/10326.06WO090/025EOSS Balloon www.eoss.org/A=032698!W09!,"AE0SS-12>APTT4,EOSS,qAO,KB0TVJ-1:/130600h3916.16N/10326.06WO090/025EOSS Balloon www.eoss.org/A=032698!W09!",90.0,28.8,39.2693333333,-103.4344833333,,,,,0.00011,-1.444e-05,23.73333333,high Re,-0.007778,19.957564,0.005207,2.253188,0.021188,1.675745,-0.612847,23.499927
EOSS-291,KC0D-1,2019-07-13 07:06:16.752,2019-07-13 07:06:15,33184.0,1440.0,1350.0,ascending,/130615h3916.13N/10325.96WO105/020!W57!/A=033184 EOSS BALLOON,"KC0D-1>APZEOS,EOSS,qAO,KC0D-4:/130615h3916.13N/10325.96WO105/020!W57!/A=033184 EOSS BALLOON",105.0,23.0,39.2689166667,-103.4327833333,,,,,0.00011167,-2.111e-05,24.0,high Re,0.008889,20.005688,0.005251,2.282593,0.021062,1.749901,0.172728,23.659749
EOSS-291,AE0SS-12,2019-07-13 07:06:31.413,2019-07-13 07:06:30,33416.0,1436.0,1365.0,ascending,/130630h3916.10N/10325.86WO100/021EOSS Balloon www.eoss.org/A=033416!W63!,"AE0SS-12>APTT4,EOSS,qAO,KB0TVJ-1:/130630h3916.10N/10325.86WO100/021EOSS Balloon www.eoss.org/A=033416!W63!",100.0,24.2,39.2684333333,-103.43105,,,,,0.00011444,-3e-05,23.93333333,high Re,-0.002222,20.051895,0.005162,2.308612,0.020951,1.681287,-0.352441,23.734382
EOSS-291,KC0D-1,2019-07-13 07:06:46.745,2019-07-13 07:06:45,33912.0,1456.0,1380.0,ascending,/130645h3916.08N/10325.75WO102/024!W16!/A=033912 EOSS BALLOON,"KC0D-1>APZEOS,EOSS,qAO,KC0D-4:/130645h3916.08N/10325.75WO102/024!W16!/A=033912 EOSS BALLOON",102.0,27.6,39.2680166667,-103.4292666667,,,,,0.00011722,-3e-05,24.26666667,high Re,0.011111,20.100904,0.005232,2.339562,0.020836,1.780574,0.282156,23.889701
EOSS-291,AE0SS-12,2019-07-13 07:07:01.461,2019-07-13 07:07:00,34161.0,1490.0,1395.0,ascending,/130700h3916.05N/10325.62WO108/024EOSS Balloon www.eoss.org/A=034161!W24!,"AE0SS-12>APTT4,EOSS,qAO,KC0L-15:/130700h3916.05N/10325.62WO108/024EOSS Balloon www.eoss.org/A=034161!W24!",108.0,27.6,39.2675333333,-103.4270666667,,,,,0.00013278,-3e-05,24.83333333,high Re,0.018889,20.1553,0.005391,2.380615,0.020765,1.965052,0.650036,23.965243
EOSS-291,KC0D-1,2019-07-13 07:07:16.751,2019-07-13 07:07:15,34660.0,1496.0,1410.0,ascending,/130715h3916.02N/10325.47WO108/028!W25!/A=034660 EOSS BALLOON,"KC0D-1>APZEOS,EOSS,qAO,KC0D-4:/130715h3916.02N/10325.47WO108/028!W25!/A=034660 EOSS BALLOON",108.0,32.2,39.2670333333,-103.4245833333,,,,,0.00015611,-3.278e-05,24.93333333,high Re,0.003333,20.209596,0.005368,2.421077,0.020645,1.951089,-0.098571,24.111134
EOSS-291,KC0D-1,2019-07-13 07:07:46.705,2019-07-13 07:07:45,35403.0,1486.0,1440.0,ascending,/130745h3915.94N/10325.19WO111/025!W79!/A=035403 EOSS BALLOON,"KC0D-1>APZEOS,EOSS,qAO,KC0D-4:/130745h3915.94N/10325.19WO111/025!W79!/A=035403 EOSS BALLOON",111.0,28.8,39.2657833333,-103.4199833333,,,,,0.00015333,-4.167e-05,24.76666667,high Re,-0.005556,20.260799,0.005243,2.455268,0.020559,1.835184,-0.525269,24.313153
EOSS-291,AE0SS-12,2019-07-13 07:08:01.466,2019-07-13 07:08:00,35644.0,1483.0,1455.0,ascending,/130800h3915.91N/10325.05WO114/027EOSS Balloon www.eoss.org/A=035644!W35!,"AE0SS-12>APTT4,EOSS,qAO,KC0L-15:/130800h3915.91N/10325.05WO114/027EOSS Balloon www.eoss.org/A=035644!W35!",114.0,31.1,39.2652166667,-103.4175833333,,,,,0.00015806,-3.861e-05,24.71666667,high Re,-0.000833,20.310309,0.005175,2.486205,0.020452,1.772323,-0.293761,24.374399
EOSS-291,KC0D-1,2019-07-13 07:08:16.749,2019-07-13 07:08:15,36127.0,1448.0,1470.0,ascending,/130815h3915.87N/10324.90WO114/034!W04!/A=036127 EOSS BALLOON,"KC0D-1>APZEOS,EOSS,qAO,KC0D-4:/130815h3915.87N/10324.90WO114/034!W04!/A=036127 EOSS BALLOON",114.0,39.1,39.2645,-103.4150666667,,,,,0.00016389,-4.278e-05,24.13333333,high Re,-0.019444,20.35232,0.004902,2.504625,0.020502,1.509613,-1.187494,24.49036
EOSS-291,AE0SS-12,2019-07-13 07:08:31.487,2019-07-13 07:08:30,36376.0,1464.0,1485.0,ascending,/130830h3915.83N/10324.75WO117/023EOSS Balloon www.eoss.org/A=036376!W18!,"AE0SS-12>APTT4,EOSS,qAO,KC0L-15:/130830h3915.83N/10324.75WO117/023EOSS Balloon www.eoss.org/A=036376!W18!",117.0,26.5,39.26385,-103.4126333333,,,,,0.000165,-4.556e-05,24.4,high Re,0.008889,20.396316,0.004945,2.52632,0.020392,1.584789,0.193409,24.546463
EOSS-291,KC0D-1,2019-07-13 07:08:46.760,2019-07-13 07:08:45,36891.0,1528.0,1500.0,ascending,/130845h3915.80N/10324.62WO093/024!W94!/A=036891 EOSS BALLOON,"KC0D-1>APZEOS,EOSS,qAO,KC0D-4:/130845h3915.80N/10324.62WO093/024!W94!/A=036891 EOSS BALLOON",93.0,27.6,39.2634833333,-103.4104,,,,,0.00015556,-3.389e-05,25.46666667,high Re,0.035556,20.450836,0.005278,2.566974,0.020529,1.953986,1.474889,24.654224
EOSS-291,AE0SS-12,2019-07-13 07:09:01.372,2019-07-13 07:09:00,37134.0,1516.0,1515.0,ascending,/130900h3915.81N/10324.49WO099/024EOSS Balloon www.eoss.org/A=037134!W12!,"AE0SS-12>APTT4,EOSS,qAO,KB0TVJ-1:/130900h3915.81N/10324.49WO099/024EOSS Balloon www.eoss.org/A=037134!W12!",99.0,27.6,39.2635166667,-103.4082,,,,,0.00014778,-1.111e-05,25.26666667,high Re,-0.006667,20.502069,0.00515,2.601005,0.020455,1.831829,-0.577707,24.70109
EOSS-291,KC0D-1,2019-07-13 07:09:16.712,2019-07-13 07:09:15,37626.0,1470.0,1530.0,ascending,/130915h3915.83N/10324.36WO079/027!W02!/A=037626 EOSS BALLOON,"KC0D-1>APZEOS,EOSS,qAO,KC0D-4:/130915h3915.83N/10324.36WO079/027!W02!/A=037626 EOSS BALLOON",79.0,31.1,39.2638333333,-103.4060333333,,,,,0.00014556,1.167e-05,24.5,high Re,-0.025556,20.544152,0.004823,2.619447,0.02059,1.510184,-1.475425,24.787955
EOSS-291,AE0SS-12,2019-07-13 07:09:31.416,2019-07-13 07:09:30,37866.0,1464.0,1545.0,ascending,/130930h3915.84N/10324.24WO076/030EOSS Balloon www.eoss.org/A=037866!W92!,"AE0SS-12>APTT4,EOSS,qAO,KB0TVJ-1:/130930h3915.84N/10324.24WO076/030EOSS Balloon www.eoss.org/A=037866!W92!",76.0,34.5,39.26415,-103.4040333333,,,,,0.00013889,2.111e-05,24.4,high Re,-0.003333,20.584317,0.004737,2.635175,0.020497,1.447981,-0.393716,24.826367
EOSS-291,KC0D-1,2019-07-13 07:09:46.735,2019-07-13 07:09:45,38346.0,1440.0,1560.0,ascending,/130945h3915.86N/10324.11WO073/028!W63!/A=038346 EOSS BALLOON,"KC0D-1>APZEOS,EOSS,qAO,KC0D-4:/130945h3915.86N/10324.11WO073/028!W63!/A=038346 EOSS BALLOON",73.0,32.2,39.2644333333,-103.4018833333,,,,,0.00013833,2e-05,24.0,high Re,-0.013333,20.61953,0.004549,2.644256,0.020472,1.27842,-0.873486,24.895294
EOSS-291,AE0SS-12,2019-07-13 07:10:01.402,2019-07-13 07:10:00,38588.0,1444.0,1575.0,ascending,/131000h3915.88N/10323.98WO098/017EOSS Balloon www.eoss.org/A=038588!W29!,"AE0SS-12>APTT4,EOSS,qAO,KB0TVJ-1:/131000h3915.88N/10323.98WO098/017EOSS Balloon www.eoss.org/A=038588!W29!",98.0,19.6,39.2647,-103.3998166667,,,,,0.00014056,1.833e-05,24.06666667,high Re,0.002222,20.654705,0.004525,2.653537,0.020367,1.285817,-0.113075,24.926023
EOSS-291,KC0D-1,2019-07-13 07:10:16.738,2019-07-13 07:10:15,39021.0,1350.0,1590.0,ascending,/131015h3915.89N/10323.86WO073/027!W69!/A=039021 EOSS BALLOON,"KC0D-1>APZEOS,EOSS,qAO,KC0D-4:/131015h3915.89N/10323.86WO073/027!W69!/A=039021 EOSS BALLOON",73.0,31.1,39.2649333333,-103.3978166667,,,,,0.00013556,1.667e-05,22.5,high Re,-0.052222,20.673345,0.003946,2.64647,0.021057,0.690223,-2.667427,24.974253
EOSS-291,AE0SS-12,2019-07-13 07:10:31.505,2019-07-13 07:10:30,39267.0,1358.0,1605.0,ascending,/131030h3915.92N/10323.74WO063/031EOSS Balloon www.eoss.org/A=039267!W98!,"AE0SS-12>APTT4,EOSS,qAO,N6BA-10:/131030h3915.92N/10323.74WO063/031EOSS Balloon www.eoss.org/A=039267!W98!",63.0,35.7,39.2654833333,-103.3958,,,,,0.00013389,2.611e-05,22.63333333,high Re,0.004444,20.692944,0.003951,2.640355,0.020949,0.734897,0.023533,24.997796
EOSS-291,KC0D-1,2019-07-13 07:10:46.763,2019-07-13 07:10:45,39765.0,1488.0,1620.0,ascending,/131045h3915.95N/10323.61WO063/029!W96!/A=039765 EOSS BALLOON,"KC0D-1>APZEOS,EOSS,qAO,KC0D-4:/131045h3915.95N/10323.61WO063/029!W96!/A=039765 EOSS BALLOON",63.0,33.4,39.2659833333,-103.3936,,,,,0.00014056,3.5e-05,24.8,high Re,0.072222,20.733608,0.004634,2.658716,0.021933,1.529457,3.081567,25.036934
EOSS-291,AE0SS-12,2019-07-13 07:11:01.419,2019-07-13 07:11:00,39982.0,1430.0,1635.0,ascending,/131100h3916.00N/10323.47WO089/031EOSS Balloon www.eoss.org/A=039982!W86!,"AE0SS-12>APTT4,EOSS,qAO,KC0D-4:/131100h3916.00N/10323.47WO089/031EOSS Balloon www.eoss.org/A=039982!W86!",89.0,35.7,39.2668,-103.3912666667,,,,,0.00015111,4.389e-05,23.83333333,high Re,-0.032222,20.763998,0.004269,2.663265,0.022129,1.152471,-1.649013,25.050443
EOSS-291,KC0D-1,2019-07-13 07:11:16.747,2019-07-13 07:11:15,40416.0,1302.0,1650.0,ascending,/131115h3916.02N/10323.35WO075/020!W17!/A=040416 EOSS BALLOON,"KC0D-1>APZEOS,EOSS,qAO,KC0L-15:/131115h3916.02N/10323.35WO075/020!W17!/A=040416 EOSS BALLOON",75.0,23.0,39.2670166667,-103.3892833333,,,,,0.00014389,3.444e-05,21.7,high Re,-0.071111,20.773085,0.00353,2.651782,0.023249,0.349544,-3.210504,25.071072
EOSS-291,AE0SS-12,2019-07-13 07:11:31.440,2019-07-13 07:11:30,40619.0,1274.0,1665.0,ascending,/131130h3916.05N/10323.22WO072/032EOSS Balloon www.eoss.org/A=040619!W61!,"AE0SS-12>APTT4,EOSS,qAO,KC0L-15:/131130h3916.05N/10323.22WO072/032EOSS Balloon www.eoss.org/A=040619!W61!",72.0,36.8,39.2676,-103.3870166667,,,,,0.00014167,2.667e-05,21.23333333,high Re,-0.015556,20.777511,0.003344,2.639264,0.023211,0.172708,-0.814269,25.077828
EOSS-291,KC0D-1,2019-07-13 07:11:46.720,2019-07-13 07:11:45,41113.0,1394.0,1680.0,ascending,/131145h3916.07N/10323.08WO075/028!W82!/A=041113 EOSS BALLOON,"KC0D-1>APZEOS,EOSS,qAO,KC0D-4:/131145h3916.07N/10323.08WO075/028!W82!/A=041113 EOSS BALLOON",75.0,32.2,39.2679666667,-103.3847,,,,,0.00015278,3.167e-05,23.23333333,high Re,0.066667,20.800899,0.003953,2.637456,0.023919,0.922265,2.621932,25.086687
EOSS-291,AE0SS-12,2019-07-13 07:12:01.400,2019-07-13 07:12:00,41373.0,1508.0,1695.0,ascending,/131200h3916.09N/10322.93WO089/020EOSS Balloon www.eoss.org/A=041373!W06!,"AE0SS-12>APTT4,EOSS,qAO,KB0TVJ-1:/131200h3916.09N/10322.93WO089/020EOSS Balloon www.eoss.org/A=041373!W06!",89.0,23.0,39.2681666667,-103.3822666667,,,,,0.00015833,1.889e-05,25.13333333,high Re,0.063333,20.841771,0.004519,2.658383,0.024498,1.614351,2.400767,25.087101
EOSS-291,KC0D-1,2019-07-13 07:12:16.729,2019-07-13 07:12:15,41883.0,1540.0,1710.0,ascending,/131215h3916.11N/10322.81WO066/022!W15!/A=041883 EOSS BALLOON,"KC0D-1>APZEOS,EOSS,qAO,KC0D-4:/131215h3916.11N/10322.81WO066/022!W15!/A=041883 EOSS BALLOON",66.0,25.3,39.2685166667,-103.38025,,,,,0.00014833,1.833e-05,25.66666667,high Re,0.017778,20.886864,0.004644,2.686614,0.024416,1.779118,0.537926,25.079597
EOSS-291,AE0SS-12,2019-07-13 07:12:31.470,2019-07-13 07:12:30,42079.0,1412.0,1725.0,ascending,/131230h3916.12N/10322.70WO084/031EOSS Balloon www.eoss.org/A=042079!W77!,"AE0SS-12>APTT4,EOSS,qAO,KC0D-4:/131230h3916.12N/10322.70WO084/031EOSS Balloon www.eoss.org/A=042079!W77!",84.0,35.7,39.2687833333,-103.37845,,,,,0.00012722,2.056e-05,23.53333333,high Re,-0.071111,20.911368,0.003936,2.686129,0.02538,0.976113,-2.956935,25.07384
EOSS-291,KC0D-1,2019-07-13 07:12:46.722,2019-07-13 07:12:45,42544.0,1322.0,1740.0,ascending,/131245h3916.18N/10322.56WO058/033!W77!/A=042544 EOSS BALLOON,"KC0D-1>APZEOS,EOSS,qAO,KC0D-4:/131245h3916.18N/10322.56WO058/033!W77!/A=042544 EOSS BALLOON",58.0,38.0,39.2697833333,-103.3761166667,,,,,0.00013778,4.222e-05,22.03333333,high Re,-0.05,20.921662,0.003437,2.675823,0.025788,0.41545,-2.072165,25.053958
EOSS-291,AE0SS-12,2019-07-13 07:13:01.495,2019-07-13 07:13:00,42771.0,1384.0,1755.0,ascending,/131300h3916.21N/10322.41WO081/027EOSS Balloon www.eoss.org/A=042771!W68!,"AE0SS-12>APTT4,EOSS,qAO,KC0L-15:/131300h3916.21N/10322.41WO081/027EOSS Balloon www.eoss.org/A=042771!W68!",81.0,31.1,39.2702666667,-103.3736333333,,,,,0.00016056,4.944e-05,23.06666667,high Re,0.034444,20.941162,0.003721,2.671361,0.02584,0.795664,1.188971,25.041135
EOSS-291,KC0D-1,2019-07-13 07:13:16.894,2019-07-13 07:13:15,43243.0,1398.0,1770.0,ascending,/131315h3916.22N/10322.24WO087/030!W16!/A=043243 EOSS BALLOON,"KC0D-1>APZEOS,EOSS,qAO,KC0D-4:/131315h3916.22N/10322.24WO087/030!W16!/A=043243 EOSS BALLOON",87.0,34.5,39.27035,-103.3707666667,,,,,0.00017833,1.889e-05,23.3,high Re,0.007778,20.962412,0.003758,2.668599,0.025724,0.875961,0.156274,25.008104
EOSS-291,AE0SS-12,2019-07-13 07:13:31.448,2019-07-13 07:13:30,43542.0,1542.0,1785.0,ascending,/131330h3916.22N/10322.08WO099/027EOSS Balloon www.eoss.org/A=043542!W34!,"AE0SS-12>APTT4,EOSS,qAO,KC0L-15:/131330h3916.22N/10322.08WO099/027EOSS Balloon www.eoss.org/A=043542!W34!",99.0,31.1,39.2703833333,-103.3680666667,,,,,0.00018556,3.89e-06,25.7,high Re,0.08,21.004712,0.004445,2.694005,0.02661,1.742865,2.839346,24.982835
EOSS-291,KC0D-1,2019-07-13 07:13:47.458,2019-07-13 07:13:45,44050.0,1614.0,1800.0,ascending,/131345h3916.20N/10321.91WO102/031!W46!/A=044050 EOSS BALLOON,"KC0D-1>APZEOS,EOSS,qAO,KC0D-4:/131345h3916.20N/10321.91WO102/031!W46!/A=044050 EOSS BALLOON",102.0,35.7,39.2700666667,-103.3652666667,,,,,0.00018333,-9.44e-06,26.9,high Re,0.04,21.056883,0.004762,2.73869,0.026702,2.133545,1.319676,24.932415
EOSS-291,AE0SS-12,2019-07-13 07:14:01.372,2019-07-13 07:14:00,44330.0,1576.0,1815.0,ascending,/131400h3916.19N/10321.74WO105/038EOSS Balloon www.eoss.org/A=044330!W27!,"AE0SS-12>APTT4,EOSS,qAO,KC0D-4:/131400h3916.19N/10321.74WO105/038EOSS Balloon www.eoss.org/A=044330!W27!",105.0,43.7,39.2698666667,-103.36245,,,,,0.00018722,-1.722e-05,26.26666667,high Re,-0.021111,21.102583,0.004533,2.769862,0.026694,1.864383,-0.960665,24.900699
EOSS-291,KC0D-1,2019-07-13 07:14:16.740,2019-07-13 07:14:15,44858.0,1616.0,1830.0,ascending,/131415h3916.17N/10321.57WO094/033!W89!/A=044858 EOSS BALLOON,"KC0D-1>APZEOS,EOSS,qAO,KC0D-4:/131415h3916.17N/10321.57WO094/033!W89!/A=044858 EOSS BALLOON",94.0,38.0,39.2696333333,-103.35965,,,,,0.00018722,-1.444e-05,26.93333333,high Re,0.022222,21.153285,0.004688,2.810777,0.026627,2.056388,0.658505,24.833535
EOSS-291,AE0SS-12,2019-07-13 07:14:31.464,2019-07-13 07:14:30,45153.0,1646.0,1845.0,ascending,/131430h3916.15N/10321.43WO128/027EOSS Balloon www.eoss.org/A=045153!W91!,"AE0SS-12>APTT4,EOSS,qAO,KB0TVJ-1:/131430h3916.15N/10321.43WO128/027EOSS Balloon www.eoss.org/A=045153!W91!",128.0,31.1,39.2693166667,-103.3571833333,,,,,0.00017556,-1.833e-05,27.43333333,high Re,0.016667,21.207423,0.004793,2.858629,0.026533,2.177936,0.447518,24.791927
EOSS-291,KC0D-1,2019-07-13 07:14:46.765,2019-07-13 07:14:45,45651.0,1586.0,1860.0,ascending,/131445h3916.10N/10321.28WO111/031!W43!/A=045651 EOSS BALLOON,"KC0D-1>APZEOS,EOSS,qAO,KC0L-15:/131445h3916.10N/10321.28WO111/031!W43!/A=045651 EOSS BALLOON",111.0,35.7,39.2684,-103.3547166667,,,,,0.00016444,-4.111e-05,26.43333333,high Re,-0.033333,21.252089,0.004464,2.886994,0.026654,1.794685,-1.418061,24.715229
EOSS-291,AE0SS-12,2019-07-13 07:15:01.426,2019-07-13 07:15:00,45928.0,1550.0,1875.0,ascending,/131500h3916.03N/10321.13WO152/034EOSS Balloon www.eoss.org/A=045928!W97!,"AE0SS-12>APTT4,EOSS,qAO,KB0TVJ-1:/131500h3916.03N/10321.13WO152/034EOSS Balloon www.eoss.org/A=045928!W97!",152.0,39.1,39.2673166667,-103.3522833333,,,,,0.00016333,-6.667e-05,25.83333333,high Re,-0.02,21.290913,0.004255,2.905402,0.026635,1.56344,-0.910644,24.66913
EOSS-291,KC0D-1,2019-07-13 07:15:16.766,2019-07-13 07:15:15,46478.0,1654.0,1890.0,ascending,/131515h3915.96N/10321.05WO142/024!W20!/A=046478 EOSS BALLOON,"KC0D-1>APZEOS,EOSS,qAO,N6BA-10:/131515h3915.96N/10321.05WO142/024!W20!/A=046478 EOSS BALLOON",142.0,27.6,39.2660333333,-103.3508333333,,,,,0.00012944,-7.889e-05,27.56666667,high Re,0.057778,21.343651,0.004708,2.94971,0.026975,2.109704,1.967377,24.570482
EOSS-291,AE0SS-12,2019-07-13 07:15:31.391,2019-07-13 07:15:30,46709.0,1562.0,1905.0,ascending,/131530h3915.87N/10320.97WO147/025EOSS Balloon www.eoss.org/A=046709!W17!,"AE0SS-12>APTT4,EOSS,qAO,KB0TVJ-1:/131530h3915.87N/10320.97WO147/025EOSS Balloon www.eoss.org/A=046709!W17!",147.0,28.8,39.2645166667,-103.3496166667,,,,,8.889e-05,-9.333e-05,26.03333333,high Re,-0.051111,21.382731,0.004239,2.968324,0.027343,1.566743,-2.024284,24.526271
EOSS-291,KC0D-1,2019-07-13 07:15:46.878,2019-07-13 07:15:45,47188.0,1420.0,1920.0,ascending,/131545h3915.78N/10320.89WO144/021!W39!/A=047188 EOSS BALLOON,"KC0D-1>APZEOS,EOSS,qAO,KC0L-15:/131545h3915.78N/10320.89WO144/021!W39!/A=047188 EOSS BALLOON",144.0,24.2,39.26305,-103.3483166667,,,,,8.389e-05,-9.944e-05,23.66666667,high Re,-0.078889,21.401607,0.003547,2.963214,0.028266,0.764393,-2.916437,24.429443
EOSS-291,AE0SS-12,2019-07-13 07:16:01.473,2019-07-13 07:16:00,47496.0,1574.0,1935.0,ascending,/131600h3915.70N/10320.82WO148/017EOSS Balloon www.eoss.org/A=047496!W16!,"AE0SS-12>APTT4,EOSS,qAO,KC0D-4:/131600h3915.70N/10320.82WO148/017EOSS Balloon www.eoss.org/A=047496!W16!",148.0,19.6,39.2616833333,-103.3471,,,,,8.389e-05,-9.444e-05,26.23333333,high Re,0.085556,21.441211,0.004224,2.98319,0.029118,1.606375,2.793186,24.363545
EOSS-291,KC0D-1,2019-07-13 07:16:16.847,2019-07-13 07:16:15,48077.0,1778.0,1950.0,ascending,/131615h3915.61N/10320.77WO148/020!W75!/A=048077 EOSS BALLOON,"KC0D-1>APZEOS,EOSS,qAO,KC0D-4:/131615h3915.61N/10320.77WO148/020!W75!/A=048077 EOSS BALLOON",148.0,23.0,39.2602833333,-103.34625,,,,,6.889e-05,-9.222e-05,29.63333333,high Re,0.113333,21.507814,0.005119,3.061388,0.030634,2.654195,3.53248,24.231564
EOSS-291,AE0SS-12,2019-07-13 07:16:31.468,2019-07-13 07:16:30,48369.0,1746.0,1965.0,ascending,/131630h3915.56N/10320.71WO104/024EOSS Balloon www.eoss.org/A=048369!W72!,"AE0SS-12>APTT4,EOSS,qAO,KC0D-4:/131630h3915.56N/10320.71WO104/024EOSS Balloon www.eoss.org/A=048369!W72!",104.0,27.6,39.25945,-103.3452,,,,,6.333e-05,-7.444e-05,29.1,high Re,-0.017778,21.569041,0.004933,3.12422,0.030578,2.410509,-0.742724,24.161465
EOSS-291,KC0D-1,2019-07-13 07:16:46.873,2019-07-13 07:16:45,48827.0,1500.0,1980.0,ascending,/131645h3915.53N/10320.64WO134/016!W14!/A=048827 EOSS BALLOON,"KC0D-1>APZEOS,EOSS,qAO,KC0D-4:/131645h3915.53N/10320.64WO134/016!W14!/A=048827 EOSS BALLOON",134.0,18.4,39.25885,-103.3440666667,,,,,7.278e-05,-4.778e-05,25.0,high Re,-0.136667,21.596489,0.003791,3.126692,0.033002,1.088534,-4.256045,24.046447
EOSS-291,AE0SS-12,2019-07-13 07:17:01.420,2019-07-13 07:17:00,49156.0,1574.0,1995.0,ascending,/131700h3915.48N/10320.59WO157/012EOSS Balloon www.eoss.org/A=049156!W31!,"AE0SS-12>APTT4,EOSS,qAO,KC0D-4:/131700h3915.48N/10320.59WO157/012EOSS Balloon www.eoss.org/A=049156!W31!",157.0,13.8,39.25805,-103.3431833333,,,,,6.722e-05,-4.667e-05,26.23333333,high Re,0.041111,21.633289,0.004089,3.141438,0.033037,1.464312,1.120622,23.960003
EOSS-291,KC0D-1,2019-07-13 07:17:16.924,2019-07-13 07:17:15,49761.0,1868.0,2010.0,ascending,/131715h3915.45N/10320.55WO135/005!W05!/A=049761 EOSS BALLOON,"KC0D-1>APZEOS,EOSS,qAO,N6BA-10:/131715h3915.45N/10320.55WO135/005!W05!/A=049761 EOSS BALLOON",135.0,5.8,39.2575,-103.3425833333,,,,,4.944e-05,-4.5e-05,31.13333333,high Re,0.163333,21.708093,0.005353,3.240516,0.035833,2.908562,4.408785,23.792662
EOSS-291,AE0SS-12,2019-07-13 07:17:31.440,2019-07-13 07:17:30,50069.0,1826.0,2025.0,ascending,/131730h3915.42N/10320.52WO226/006EOSS Balloon www.eoss.org/A=050069!W42!,"AE0SS-12>APTT4,EOSS,qAO,KC0L-15:/131730h3915.42N/10320.52WO226/006EOSS Balloon www.eoss.org/A=050069!W42!",226.0,6.9,39.2570666667,-103.3420333333,,,,,3.833e-05,-3.278e-05,30.43333333,high Re,-0.023333,21.776259,0.005127,3.318588,0.035781,2.608662,-0.795394,23.703277
EOSS-291,KC0D-1,2019-07-13 07:17:46.810,2019-07-13 07:17:45,50534.0,1546.0,2040.0,ascending,/131745h3915.41N/10320.51WO173/005!W81!/A=050534 EOSS BALLOON,"KC0D-1>APZEOS,EOSS,qAO,KC0D-4:/131745h3915.41N/10320.51WO173/005!W81!/A=050534 EOSS BALLOON",173.0,5.8,39.2569666667,-103.34185,,,,,2.444e-05,-1.778e-05,25.76666667,high Re,-0.155556,21.807192,0.003872,3.324218,0.038366,1.1911,-4.15545,23.562923
EOSS-291,AE0SS-12,2019-07-13 07:18:01.405,2019-07-13 07:18:00,50633.0,1128.0,2055.0,ascending,/131800h3915.40N/10320.47WO110/008EOSS Balloon www.eoss.org/A=050633!W46!,"AE0SS-12>APTT4,EOSS,qAO,KC0D-4:/131800h3915.40N/10320.47WO110/008EOSS Balloon www.eoss.org/A=050633!W46!",110.0,9.2,39.2567333333,-103.3412666667,,,,,2.556e-05,-1.111e-05,18.8,high Re,-0.232222,21.78406,0.002042,3.321795,0.043503,-0.898328,-5.385008,23.532197
EOSS-291,KC0D-1,2019-07-13 07:18:16.843,2019-07-13 07:18:15,50974.0,880.0,2070.0,ascending,/131815h3915.39N/10320.43WO123/006!W23!/A=050974 EOSS BALLOON,"KC0D-1>APZEOS,EOSS,qAO,KC0D-4:/131815h3915.39N/10320.43WO123/006!W23!/A=050974 EOSS BALLOON",123.0,6.9,39.2565333333,-103.34055,,,,,4.333e-05,-1.444e-05,14.66666667,high Re,-0.137778,21.729729,0.000966,3.366919,0.045036,-2.097782,-3.080735,23.424079
EOSS-291,AE0SS-12,2019-07-13 07:18:31.434,2019-07-13 07:18:30,51247.0,1228.0,2085.0,ascending,/131830h3915.36N/10320.37WO155/017EOSS Balloon www.eoss.org/A=051247!W09!,"AE0SS-12>APTT4,EOSS,qAO,KB0TVJ-1:/131830h3915.36N/10320.37WO155/017EOSS Balloon www.eoss.org/A=051247!W09!",155.0,19.6,39.256,-103.33965,,,,,5.389e-05,-2.444e-05,20.46666667,high Re,0.193333,21.72016,0.002435,3.355845,0.047907,-0.373525,3.984762,23.334957
EOSS-291,KC0D-1,2019-07-13 07:18:46.778,2019-07-13 07:18:45,51691.0,1434.0,2100.0,ascending,/131845h3915.31N/10320.29WO104/017!W94!/A=051691 EOSS BALLOON,"KC0D-1>APZEOS,EOSS,qAO,KC0L-15:/131845h3915.31N/10320.29WO104/017!W94!/A=051691 EOSS BALLOON",104.0,19.6,39.2553166667,-103.3382333333,,,,,7.722e-05,-4.056e-05,23.9,high Re,0.114444,21.73655,0.003283,3.348448,0.04871,0.646105,2.282098,23.185107
EOSS-291,AE0SS-12,2019-07-13 07:19:01.409,2019-07-13 07:19:00,51919.0,1344.0,2115.0,ascending,/131900h3915.30N/10320.20WO091/017EOSS Balloon www.eoss.org/A=051919!W73!,"AE0SS-12>APTT4,EOSS,qAO,KC0D-4:/131900h3915.30N/10320.20WO091/017EOSS Balloon www.eoss.org/A=051919!W73!",91.0,19.6,39.2551166667,-103.3367166667,,,,,9.778e-05,-2.944e-05,22.4,high Re,-0.05,21.741501,0.002882,3.336328,0.048744,0.197372,-1.084892,23.105785
EOSS-291,KC0D-1,2019-07-13 07:19:16.842,2019-07-13 07:19:15,52355.0,1328.0,2130.0,ascending,/131915h3915.31N/10320.10WO086/017!W53!/A=052355 EOSS BALLOON,"KC0D-1>APZEOS,EOSS,qAO,KC0D-4:/131915h3915.31N/10320.10WO086/017!W53!/A=052355 EOSS BALLOON",86.0,19.6,39.25525,-103.33505,,,,,0.00010611,-2.22e-06,22.13333333,high Re,-0.008889,21.744403,0.002795,3.324027,0.048571,0.117006,-0.240555,22.94959
EOSS-291,AE0SS-12,2019-07-13 07:19:31.393,2019-07-13 07:19:30,52484.0,1130.0,2145.0,ascending,/131930h3915.30N/10320.01WO062/011EOSS Balloon www.eoss.org/A=052484!W17!,"AE0SS-12>APTT4,EOSS,qAO,KC0D-4:/131930h3915.30N/10320.01WO062/011EOSS Balloon www.eoss.org/A=052484!W17!",62.0,12.7,39.2550166667,-103.3336166667,,,,,0.00010333,-3.33e-06,18.83333333,high Re,-0.11,21.722998,0.001959,3.321088,0.049354,-0.870096,-2.268489,22.902238
EOSS-291,KC0D-1,2019-07-13 07:19:46.817,2019-07-13 07:19:45,52995.0,1280.0,2160.0,ascending,/131945h3915.28N/10319.93WO124/021!W08!/A=052995 EOSS BALLOON,"KC0D-1>APZEOS,EOSS,qAO,N6BA-10:/131945h3915.28N/10319.93WO124/021!W08!/A=052995 EOSS BALLOON",124.0,24.2,39.2546666667,-103.3323,,,,,9.167e-05,-1.944e-05,21.33333333,high Re,0.083333,21.720154,0.002557,3.309023,0.049663,-0.116899,1.626482,22.709551
EOSS-291,AE0SS-12,2019-07-13 07:20:01.518,2019-07-13 07:20:00,53199.0,1430.0,2175.0,ascending,/132000h3915.24N/10319.89WO116/002EOSS Balloon www.eoss.org/A=053199!W66!,"AE0SS-12>APTT4,EOSS,qAO,KB0TVJ-1:/132000h3915.24N/10319.89WO116/002EOSS Balloon www.eoss.org/A=053199!W66!",116.0,2.3,39.2541,-103.3316,,,,,6.722e-05,-3.056e-05,23.83333333,high Re,0.083333,21.735467,0.003147,3.301828,0.049959,0.635365,1.605036,22.630345
EOSS-291,KC0D-1,2019-07-13 07:20:16.979,2019-07-13 07:20:15,53724.0,1458.0,2190.0,ascending,/132015h3915.24N/10319.90WO181/005!W45!/A=053724 EOSS BALLOON,"KC0D-1>APZEOS,EOSS,qAO,KC0D-4:/132015h3915.24N/10319.90WO181/005!W45!/A=053724 EOSS BALLOON",181.0,5.8,39.2540666667,-103.33175,,,,,1.833e-05,-2e-05,24.3,high Re,0.015556,21.753917,0.003237,3.297026,0.049788,0.772236,0.247429,22.420541
EOSS-291,AE0SS-12,2019-07-13 07:20:31.434,2019-07-13 07:20:30,53990.0,1582.0,2205.0,ascending,/132030h3915.24N/10319.87WO004/004EOSS Balloon www.eoss.org/A=053990!W82!,"AE0SS-12>APTT4,EOSS,qAO,KC0D-4:/132030h3915.24N/10319.87WO004/004EOSS Balloon www.eoss.org/A=053990!W82!",4.0,4.6,39.2541333333,-103.3312,,,,,1.333e-05,1.11e-06,26.36666667,high Re,0.068889,21.786865,0.003709,3.308196,0.049919,1.38438,1.305715,22.31098
EOSS-291,KC0D-1,2019-07-13 07:20:46.746,2019-07-13 07:20:45,54342.0,1236.0,2220.0,ascending,/132045h3915.26N/10319.84WO124/011!W09!/A=054342 EOSS BALLOON,"KC0D-1>APZEOS,EOSS,qAO,KC0D-4:/132045h3915.26N/10319.84WO124/011!W09!/A=054342 EOSS BALLOON",124.0,12.7,39.2543333333,-103.3308166667,,,,,3.111e-05,8.89e-06,20.6,high Re,-0.192222,21.778448,0.00231,3.297874,0.052423,-0.357336,-3.710814,22.162663
EOSS-291,AE0SS-12,2019-07-13 07:21:01.394,2019-07-13 07:21:00,54426.0,872.0,2235.0,ascending,/132100h3915.23N/10319.79WO076/019EOSS Balloon www.eoss.org/A=054426!W26!,"AE0SS-12>APTT4,EOSS,qAO,KB0TVJ-1:/132100h3915.23N/10319.79WO076/019EOSS Balloon www.eoss.org/A=054426!W26!",76.0,21.9,39.2538666667,-103.3299333333,,,,,4.222e-05,-8.89e-06,14.53333333,high Re,-0.202222,21.727426,0.000859,3.341931,0.055002,-2.152675,-3.692248,22.126713
EOSS-291,KC0D-1,2019-07-13 07:21:16.832,2019-07-13 07:21:15,54762.0,840.0,2250.0,ascending,/132115h3915.22N/10319.74WO099/014!W14!/A=054762 EOSS BALLOON,"KC0D-1>APZEOS,EOSS,qAO,KC0D-4:/132115h3915.22N/10319.74WO099/014!W14!/A=054762 EOSS BALLOON",99.0,16.1,39.2536833333,-103.3290666667,,,,,5.833e-05,-2.167e-05,14.0,high Re,-0.017778,21.673388,0.000728,3.392259,0.054829,-2.262029,-0.337522,21.980795
EOSS-291,AE0SS-12,2019-07-13 07:21:31.423,2019-07-13 07:21:30,54941.0,1030.0,2265.0,ascending,/132130h3915.18N/10319.69WO148/014EOSS Balloon www.eoss.org/A=054941!W47!,"AE0SS-12>APTT4,EOSS,qAO,KC0D-4:/132130h3915.18N/10319.69WO148/014EOSS Balloon www.eoss.org/A=054941!W47!",148.0,16.1,39.2530666667,-103.3282833333,,,,,5.5e-05,-2.667e-05,17.16666667,high Re,0.105556,21.642091,0.001461,3.401176,0.055334,-1.315846,1.881212,21.901692
EOSS-291,KC0D-1,2019-07-13 07:21:46.785,2019-07-13 07:21:45,55299.0,1074.0,2280.0,ascending,/132145h3915.12N/10319.66WO160/010!W60!/A=055299 EOSS BALLOON,"KC0D-1>APZEOS,EOSS,qAO,KC0D-4:/132145h3915.12N/10319.66WO160/010!W60!/A=055299 EOSS BALLOON",160.0,11.5,39.2521,-103.3276666667,,,,,4.667e-05,-5.278e-05,17.9,high Re,0.024444,21.616284,0.001621,3.403563,0.055174,-1.09188,0.413655,21.740691
EOSS-291,AE0SS-12,2019-07-13 07:22:01.768,2019-07-13 07:22:00,55473.0,1064.0,2295.0,ascending,/132200h3915.07N/10319.64WO185/006EOSS Balloon www.eoss.org/A=055473!W84!,"AE0SS-12>APTT4,EOSS,qAO,KC0D-4:/132200h3915.07N/10319.64WO185/006EOSS Balloon www.eoss.org/A=055473!W84!",185.0,6.9,39.2513,-103.3274,,,,,2.944e-05,-5.889e-05,17.73333333,high Re,-0.005556,21.589688,0.001571,3.406995,0.054985,-1.131893,-0.129617,21.661119
EOSS-291,KC0D-1,2019-07-13 07:22:16.798,2019-07-13 07:22:15,56048.0,1498.0,2310.0,ascending,/132215h3915.05N/10319.63WO226/004!W79!/A=056048 EOSS BALLOON,"KC0D-1>APZEOS,EOSS,qAO,KC0D-4:/132215h3915.05N/10319.63WO226/004!W79!/A=056048 EOSS BALLOON",226.0,4.6,39.25095,-103.3273166667,,,,,1.167e-05,-3.833e-05,24.96666667,high Re,0.241111,21.612661,0.003212,3.406712,0.058271,0.984529,4.082631,21.392245
EOSS-291,KC0D-1,2019-07-13 07:22:46.923,2019-07-13 07:22:45,56718.0,1340.0,2340.0,ascending,/132245h3915.04N/10319.63WO087/009!W21!/A=056718 EOSS BALLOON,"KC0D-1>APZEOS,EOSS,qAO,KC0D-4:/132245h3915.04N/10319.63WO087/009!W21!/A=056718 EOSS BALLOON",87.0,10.4,39.2507,-103.3271833333,,,,,4.44e-06,-8.33e-06,22.33333333,high Re,-0.087778,21.61753,0.002593,3.395622,0.058554,0.210802,-1.543379,21.068149
EOSS-291,AE0SS-12,2019-07-13 07:23:01.447,2019-07-13 07:23:00,56861.0,1388.0,2355.0,ascending,/132300h3915.03N/10319.59WO176/001EOSS Balloon www.eoss.org/A=056861!W88!,"AE0SS-12>APTT4,EOSS,qAO,KC0D-4:/132300h3915.03N/10319.59WO176/001EOSS Balloon www.eoss.org/A=056861!W88!",176.0,1.2,39.2506333333,-103.3266333333,,,,,1.278e-05,-1.111e-05,23.13333333,high Re,0.013333,21.627703,0.002665,3.386408,0.058361,0.44461,0.182793,20.997578
EOSS-291,KC0D-1,2019-07-13 07:23:16.935,2019-07-13 07:23:15,57203.0,970.0,2370.0,ascending,/132315h3915.06N/10319.58WO037/007!W36!/A=057203 EOSS BALLOON,"KC0D-1>APZEOS,EOSS,qAO,KC0D-4:/132315h3915.06N/10319.58WO037/007!W36!/A=057203 EOSS BALLOON",37.0,8.1,39.25105,-103.3264333333,,,,,2.5e-05,1.167e-05,16.16666667,high Re,-0.232222,21.591296,0.001089,3.404353,0.061264,-1.593439,-3.808289,20.826949
EOSS-291,AE0SS-12,2019-07-13 07:23:31.436,2019-07-13 07:23:30,57386.0,1050.0,2385.0,ascending,/132330h3915.08N/10319.57WO022/007EOSS Balloon www.eoss.org/A=057386!W94!,"AE0SS-12>APTT4,EOSS,qAO,KC0D-4:/132330h3915.08N/10319.57WO022/007EOSS Balloon www.eoss.org/A=057386!W94!",22.0,8.1,39.2514833333,-103.3262333333,,,,,1.333e-05,2.833e-05,17.5,high Re,0.044444,21.564202,0.001378,3.409282,0.061161,-1.192099,0.704142,20.734631
EOSS-291,KC0D-1,2019-07-13 07:23:46.788,2019-07-13 07:23:45,57813.0,1220.0,2400.0,ascending,/132345h3915.08N/10319.55WO236/007!W38!/A=057813 EOSS BALLOON,"KC0D-1>APZEOS,EOSS,qAO,KC0L-15:/132345h3915.08N/10319.55WO236/007!W38!/A=057813 EOSS BALLOON",236.0,8.1,39.2513833333,-103.3259666667,,,,,1.556e-05,1.111e-05,20.33333333,high Re,0.094444,21.556104,0.001994,3.399441,0.061425,-0.359698,1.505088,20.516695
EOSS-291,AE0SS-12,2019-07-13 07:24:01.935,2019-07-13 07:24:00,57990.0,1208.0,2415.0,ascending,/132400h3915.07N/10319.61WO272/003EOSS Balloon www.eoss.org/A=057990!W34!,"AE0SS-12>APTT4,EOSS,qAO,KB0TVJ-1:/132400h3915.07N/10319.61WO272/003EOSS Balloon www.eoss.org/A=057990!W34!",272.0,3.5,39.2512166667,-103.3269,,,,,-2.222e-05,-8.89e-06,20.13333333,high Re,-0.006667,21.546805,0.001937,3.390192,0.061226,-0.41693,-0.140529,20.425402
EOSS-291,KC0D-1,2019-07-13 07:24:16.748,2019-07-13 07:24:15,58433.0,1240.0,2430.0,ascending,/132415h3915.06N/10319.66WO291/010!W65!/A=058433 EOSS BALLOON,"KC0D-1>APZEOS,EOSS,qAO,KC0D-4:/132415h3915.06N/10319.66WO291/010!W65!/A=058433 EOSS BALLOON",291.0,11.5,39.2511,-103.32775,,,,,-5.944e-05,-9.44e-06,20.66666667,high Re,0.017778,21.541089,0.002041,3.379839,0.061037,-0.258717,0.257827,20.194769
EOSS-291,AE0SS-12,2019-07-13 07:24:31.494,2019-07-13 07:24:30,58754.0,1528.0,2445.0,ascending,/132430h3915.09N/10319.68WO052/013EOSS Balloon www.eoss.org/A=058754!W98!,"AE0SS-12>APTT4,EOSS,qAO,KC0D-4:/132430h3915.09N/10319.68WO052/013EOSS Balloon www.eoss.org/A=058754!W98!",52.0,15.0,39.25165,-103.3281333333,,,,,-4.111e-05,1.444e-05,25.46666667,high Re,0.16,21.566416,0.003067,3.383571,0.062155,1.152702,2.524865,20.026004
EOSS-291,KC0D-1,2019-07-13 07:24:46.697,2019-07-13 07:24:45,59331.0,1796.0,2460.0,ascending,/132445h3915.12N/10319.69WO177/003!W28!/A=059331 EOSS BALLOON,"KC0D-1>APZEOS,EOSS,qAO,KC0D-4:/132445h3915.12N/10319.69WO177/003!W28!/A=059331 EOSS BALLOON",177.0,3.5,39.2520333333,-103.3283,,,,,-1.833e-05,3.111e-05,29.93333333,high Re,0.148889,21.62005,0.004007,3.438524,0.06305,2.417689,2.297891,19.720033
EOSS-291,AE0SS-12,2019-07-13 07:25:01.419,2019-07-13 07:25:00,59492.0,1476.0,2475.0,ascending,/132500h3915.09N/10319.69WO201/003EOSS Balloon www.eoss.org/A=059492!W39!,"AE0SS-12>APTT4,EOSS,qAO,KC0L-15:/132500h3915.09N/10319.69WO201/003EOSS Balloon www.eoss.org/A=059492!W39!",201.0,3.5,39.25155,-103.3283166667,,,,,-6.11e-06,-3.33e-06,24.6,high Re,-0.177778,21.63903,0.002842,3.435726,0.06451,0.861818,-2.799876,19.634227
EOSS-291,KC0D-1,2019-07-13 07:25:16.750,2019-07-13 07:25:15,59923.0,1184.0,2490.0,ascending,/132515h3915.07N/10319.68WO130/009!W42!/A=059923 EOSS BALLOON,"KC0D-1>APZEOS,EOSS,qAO,KC0D-4:/132515h3915.07N/10319.68WO130/009!W42!/A=059923 EOSS BALLOON",130.0,10.4,39.2512333333,-103.3280333333,,,,,8.89e-06,-2.667e-05,19.73333333,low Re,-0.162222,21.626969,0.001791,3.428121,0.065638,-0.552383,-2.498751,19.404019
EOSS-291,AE0SS-12,2019-07-13 07:25:31.395,2019-07-13 07:25:30,60067.0,1150.0,2505.0,ascending,/132530h3915.02N/10319.68WO246/022EOSS Balloon www.eoss.org/A=060067!W98!,"AE0SS-12>APTT4,EOSS,qAO,KB0TVJ-1:/132530h3915.02N/10319.68WO246/022EOSS Balloon www.eoss.org/A=060067!W98!",246.0,25.3,39.2504833333,-103.3281333333,,,,,6.11e-06,-3.556e-05,19.16666667,low Re,-0.018889,21.611495,0.00166,3.422821,0.06545,-0.714273,-0.313965,19.327033
EOSS-291,KC0D-1,2019-07-13 07:25:46.818,2019-07-13 07:25:45,60393.0,940.0,2520.0,ascending,/132545h3914.98N/10319.73WO231/017!W06!/A=060393 EOSS BALLOON,"KC0D-1>APZEOS,EOSS,qAO,KC0L-15:/132545h3914.98N/10319.73WO231/017!W06!/A=060393 EOSS BALLOON",231.0,19.6,39.2496666667,-103.3289333333,,,,,-3e-05,-5.222e-05,15.66666667,low Re,-0.116667,21.57434,0.000916,3.444256,0.065914,-1.715225,-1.783885,19.152821
EOSS-291,AE0SS-12,2019-07-13 07:26:01.523,2019-07-13 07:26:00,60552.0,970.0,2535.0,ascending,/132600h3914.95N/10319.80WO272/024EOSS Balloon www.eoss.org/A=060552!W66!,"AE0SS-12>APTT4,EOSS,qAO,KC0L-15:/132600h3914.95N/10319.80WO272/024EOSS Balloon www.eoss.org/A=060552!W66!",272.0,27.6,39.2492666667,-103.3301,,,,,-6.556e-05,-4.056e-05,16.16666667,low Re,0.016667,21.540752,0.001014,3.459825,0.065718,-1.553282,0.238184,19.067968
EOSS-291,KC0D-1,2019-07-13 07:26:16.738,2019-07-13 07:26:15,60931.0,1076.0,2550.0,ascending,/132615h3914.97N/10319.88WO286/012!W61!/A=060931 EOSS BALLOON,"KC0D-1>APZEOS,EOSS,qAO,KC0D-4:/132615h3914.97N/10319.88WO286/012!W61!/A=060931 EOSS BALLOON",286.0,13.8,39.2496,-103.33135,,,,,-8.056e-05,-2.22e-06,17.93333333,low Re,0.058889,21.518484,0.001374,3.460689,0.065671,-1.035964,0.875805,18.866304
EOSS-291,AE0SS-12,2019-07-13 07:26:31.521,2019-07-13 07:26:30,61182.0,1260.0,2565.0,ascending,/132630h3914.99N/10319.91WO335/018EOSS Balloon www.eoss.org/A=061182!W63!,"AE0SS-12>APTT4,EOSS,qAO,KC0D-4:/132630h3914.99N/10319.91WO335/018EOSS Balloon www.eoss.org/A=061182!W63!",335.0,20.7,39.2499333333,-103.3318833333,,,,,-5.944e-05,2.222e-05,21.0,low Re,0.102222,21.515303,0.001996,3.450231,0.065944,-0.149353,1.519865,18.733416
EOSS-291,KC0D-1,2019-07-13 07:26:46.847,2019-07-13 07:26:45,61607.0,1352.0,2580.0,ascending,/132645h3915.02N/10319.95WO262/010!W67!/A=061607 EOSS BALLOON,"KC0D-1>APZEOS,EOSS,qAO,KC0D-4:/132645h3915.02N/10319.95WO262/010!W67!/A=061607 EOSS BALLOON",262.0,11.5,39.2504333333,-103.3326166667,,,,,-4.222e-05,2.778e-05,22.53333333,low Re,0.051111,21.521511,0.002297,3.440549,0.065853,0.294087,0.741257,18.51014
EOSS-291,AE0SS-12,2019-07-13 07:27:01.418,2019-07-13 07:27:00,61753.0,1142.0,2595.0,ascending,/132700h3915.00N/10319.98WO252/000EOSS Balloon www.eoss.org/A=061753!W37!,"AE0SS-12>APTT4,EOSS,qAO,KC0L-15:/132700h3915.00N/10319.98WO252/000EOSS Balloon www.eoss.org/A=061753!W37!",252.0,0.0,39.25005,-103.3331166667,,,,,-4.111e-05,3.89e-06,19.03333333,low Re,-0.116667,21.506431,0.001572,3.435509,0.066304,-0.719864,-1.783286,18.43406
EOSS-291,KC0D-1,2019-07-13 07:27:16.838,2019-07-13 07:27:15,62096.0,978.0,2610.0,ascending,/132715h3914.98N/10319.98WO178/010!W78!/A=062096 EOSS BALLOON,"KC0D-1>APZEOS,EOSS,qAO,KC0D-4:/132715h3914.98N/10319.98WO178/010!W78!/A=062096 EOSS BALLOON",178.0,11.5,39.2497833333,-103.3331333333,,,,,-1.722e-05,-2.167e-05,16.3,low Re,-0.091111,21.475067,0.00101,3.448838,0.066495,-1.500525,-1.385382,18.256848
EOSS-291,AE0SS-12,2019-07-13 07:27:31.458,2019-07-13 07:27:30,62229.0,952.0,2625.0,ascending,/132730h3914.93N/10319.99WO220/015EOSS Balloon www.eoss.org/A=062229!W85!,"AE0SS-12>APTT4,EOSS,qAO,KC0L-15:/132730h3914.93N/10319.99WO220/015EOSS Balloon www.eoss.org/A=062229!W85!",220.0,17.3,39.2489666667,-103.33325,,,,,-4.44e-06,-3.611e-05,15.86666667,low Re,-0.014444,21.441484,0.000917,3.465715,0.066304,-1.608562,-0.231675,18.188779
EOSS-291,KC0D-1,2019-07-13 07:27:46.925,2019-07-13 07:27:45,62568.0,944.0,2640.0,ascending,/132745h3914.87N/10320.02WO208/019!W87!/A=062568 EOSS BALLOON,"KC0D-1>APZEOS,EOSS,qAO,KC0D-4:/132745h3914.87N/10320.02WO208/019!W87!/A=062568 EOSS BALLOON",208.0,21.9,39.2479666667,-103.3337833333,,,,,-2.167e-05,-6.056e-05,15.73333333,low Re,-0.004444,21.407507,0.000885,3.483275,0.066105,-1.628977,-0.080614,18.017144
EOSS-291,AE0SS-12,2019-07-13 07:28:01.432,2019-07-13 07:28:00,62705.0,952.0,2655.0,ascending,/132800h3914.82N/10320.07WO213/005EOSS Balloon www.eoss.org/A=062705!W50!,"AE0SS-12>APTT4,EOSS,qAO,KC0L-15:/132800h3914.82N/10320.07WO213/005EOSS Balloon www.eoss.org/A=062705!W50!",213.0,5.8,39.2470833333,-103.3345,,,,,-4.167e-05,-6.278e-05,15.86666667,low Re,0.004444,21.374721,0.000906,3.498949,0.065907,-1.574203,0.053682,17.948613
EOSS-291,KC0D-1,2019-07-13 07:28:16.740,2019-07-13 07:28:15,63115.0,1094.0,2670.0,ascending,/132815h3914.77N/10320.13WO237/019!W45!/A=063115 EOSS BALLOON,"KC0D-1>APZEOS,EOSS,qAO,KC0D-4:/132815h3914.77N/10320.13WO237/019!W45!/A=063115 EOSS BALLOON",237.0,21.9,39.2462333333,-103.3355833333,,,,,-6e-05,-5.778e-05,18.23333333,low Re,0.078889,21.356242,0.001368,3.496892,0.065984,-0.893053,1.174845,17.746739
EOSS-291,AE0SS-12,2019-07-13 07:28:31.428,2019-07-13 07:28:30,63302.0,1194.0,2685.0,ascending,/132830h3914.75N/10320.19WO177/012EOSS Balloon www.eoss.org/A=063302!W23!,"AE0SS-12>APTT4,EOSS,qAO,KC0D-4:/132830h3914.75N/10320.19WO177/012EOSS Balloon www.eoss.org/A=063302!W23!",177.0,13.8,39.2458666667,-103.33655,,,,,-6.833e-05,-4.056e-05,19.9,low Re,0.055556,21.347726,0.001686,3.488369,0.06592,-0.415015,0.817203,17.656415
EOSS-291,KC0D-1,2019-07-13 07:28:46.783,2019-07-13 07:28:45,63733.0,1236.0,2700.0,ascending,/132845h3914.75N/10320.24WO268/005!W39!/A=063733 EOSS BALLOON,"KC0D-1>APZEOS,EOSS,qAO,KC0D-4:/132845h3914.75N/10320.24WO268/005!W39!/A=063733 EOSS BALLOON",268.0,5.8,39.2458833333,-103.3374833333,,,,,-6.333e-05,-1.167e-05,20.6,low Re,0.023333,21.343379,0.001813,3.478622,0.065746,-0.213699,0.32732,17.452897
EOSS-291,AE0SS-12,2019-07-13 07:29:01.402,2019-07-13 07:29:00,63883.0,1162.0,2715.0,ascending,/132900h3914.76N/10320.26WO094/008EOSS Balloon www.eoss.org/A=063883!W01!,"AE0SS-12>APTT4,EOSS,qAO,KB0TVJ-1:/132900h3914.76N/10320.26WO094/008EOSS Balloon www.eoss.org/A=063883!W01!",94.0,9.2,39.246,-103.3376833333,,,,,-3.778e-05,4.44e-06,19.36666667,low Re,-0.041111,21.331952,0.001563,3.471749,0.065635,-0.566079,-0.650171,17.383711
EOSS-291,KC0D-1,2019-07-13 07:29:16.900,2019-07-13 07:29:15,64229.0,992.0,2730.0,ascending,/132915h3914.76N/10320.26WO151/003!W55!/A=064229 EOSS BALLOON,"KC0D-1>APZEOS,EOSS,qAO,KC0L-15:/132915h3914.76N/10320.26WO151/003!W55!/A=064229 EOSS BALLOON",151.0,3.5,39.2460833333,-103.33775,,,,,-8.89e-06,6.67e-06,16.53333333,low Re,-0.094444,21.304374,0.001009,3.480763,0.06585,-1.370688,-1.449552,17.227634
EOSS-291,AE0SS-12,2019-07-13 07:29:31.386,2019-07-13 07:29:30,64342.0,918.0,2745.0,ascending,/132930h3914.76N/10320.27WO252/008EOSS Balloon www.eoss.org/A=064342!W19!,"AE0SS-12>APTT4,EOSS,qAO,KC0D-4:/132930h3914.76N/10320.27WO252/008EOSS Balloon www.eoss.org/A=064342!W19!",252.0,9.2,39.2460166667,-103.3379833333,,,,,-1e-05,5.6e-07,15.3,low Re,-0.041111,21.270063,0.000766,3.500299,0.065737,-1.705587,-0.637039,17.177777
EOSS-291,KC0D-1,2019-07-13 07:29:46.907,2019-07-13 07:29:45,64686.0,914.0,2760.0,ascending,/132945h3914.74N/10320.30WO245/007!W10!/A=064686 EOSS BALLOON,"KC0D-1>APZEOS,EOSS,qAO,KC0D-4:/132945h3914.74N/10320.30WO245/007!W10!/A=064686 EOSS BALLOON",245.0,8.1,39.2456833333,-103.3383333333,,,,,-1.944e-05,-1.333e-05,15.23333333,low Re,-0.002222,21.235764,0.000749,3.519821,0.065548,-1.705323,-0.045326,17.029587
EOSS-291,AE0SS-12,2019-07-13 07:30:01.504,2019-07-13 07:30:00,64805.0,926.0,2775.0,ascending,/133000h3914.72N/10320.32WO219/013EOSS Balloon www.eoss.org/A=064805!W16!,"AE0SS-12>APTT4,EOSS,qAO,KC0D-4:/133000h3914.72N/10320.32WO219/013EOSS Balloon www.eoss.org/A=064805!W16!",219.0,15.0,39.24535,-103.3387666667,,,,,-2.611e-05,-2.222e-05,15.43333333,low Re,0.006667,21.202982,0.000783,3.536801,0.065362,-1.631318,0.090022,16.979634
EOSS-291,KC0D-1,2019-07-13 07:30:16.833,2019-07-13 07:30:15,65130.0,888.0,2790.0,ascending,/133015h3914.70N/10320.39WO263/017!W44!/A=065130 EOSS BALLOON,"KC0D-1>APZEOS,EOSS,qAO,KC0D-4:/133015h3914.70N/10320.39WO263/017!W44!/A=065130 EOSS BALLOON",263.0,19.6,39.2450666667,-103.3399,,,,,-5.222e-05,-2.056e-05,14.8,low Re,-0.021111,21.16701,0.000659,3.5593,0.065197,-1.788838,-0.333911,16.846815
EOSS-291,AE0SS-12,2019-07-13 07:30:31.418,2019-07-13 07:30:30,65313.0,1016.0,2805.0,ascending,/133030h3914.71N/10320.48WO259/022EOSS Balloon www.eoss.org/A=065313!W16!,"AE0SS-12>APTT4,EOSS,qAO,KC0D-4:/133030h3914.71N/10320.48WO259/022EOSS Balloon www.eoss.org/A=065313!W16!",259.0,25.3,39.2451833333,-103.3414333333,,,,,-8.889e-05,-5.56e-06,16.93333333,low Re,0.071111,21.143358,0.001055,3.563366,0.065227,-1.181474,1.074034,16.774442
EOSS-291,KC0D-1,2019-07-13 07:30:46.806,2019-07-13 07:30:45,65884.0,1508.0,2820.0,ascending,/133045h3914.76N/10320.57WO325/026!W35!/A=065884 EOSS BALLOON,"KC0D-1>APZEOS,EOSS,qAO,KC0D-4:/133045h3914.76N/10320.57WO325/026!W35!/A=065884 EOSS BALLOON",325.0,29.9,39.24605,-103.3429166667,,,,,-0.00010056,3.278e-05,25.13333333,low Re,0.273333,21.165525,0.002576,3.565822,0.068153,1.112733,3.972782,16.560469
EOSS-291,AE0SS-12,2019-07-13 07:31:01.432,2019-07-13 07:31:00,65993.0,1360.0,2835.0,ascending,/133100h3914.83N/10320.65WO283/017EOSS Balloon www.eoss.org/A=065993!W94!,"AE0SS-12>APTT4,EOSS,qAO,KC0D-4:/133100h3914.83N/10320.65WO283/017EOSS Balloon www.eoss.org/A=065993!W94!",283.0,19.6,39.2473166667,-103.3442333333,,,,,-9.333e-05,7.111e-05,22.66666667,low Re,-0.082222,21.173818,0.002105,3.557653,0.068255,0.419616,-1.23547,16.521749
EOSS-291,KC0D-1,2019-07-13 07:31:16.768,2019-07-13 07:31:15,66294.0,820.0,2850.0,ascending,/133115h3914.88N/10320.71WO304/019!W56!/A=066294 EOSS BALLOON,"KC0D-1>APZEOS,EOSS,qAO,KC0L-15:/133115h3914.88N/10320.71WO304/019!W56!/A=066294 EOSS BALLOON",304.0,21.9,39.2480833333,-103.3452666667,,,,,-7.833e-05,6.778e-05,13.66666667,low Re,-0.3,21.13257,0.000436,3.591187,0.071674,-2.078951,-4.191701,16.418522
EOSS-291,AE0SS-12,2019-07-13 07:31:31.424,2019-07-13 07:31:30,66380.0,774.0,2865.0,ascending,/133130h3914.92N/10320.79WO299/018EOSS Balloon www.eoss.org/A=066380!W99!,"AE0SS-12>APTT4,EOSS,qAO,KC0D-4:/133130h3914.92N/10320.79WO299/018EOSS Balloon www.eoss.org/A=066380!W99!",299.0,20.7,39.2488166667,-103.34665,,,,,-8.056e-05,5e-05,12.9,low Re,-0.025556,21.087583,0.000293,3.632646,0.071502,-2.25389,-0.361514,16.390044
EOSS-291,KC0D-1,2019-07-13 07:31:46.850,2019-07-13 07:31:45,66711.0,834.0,2880.0,ascending,/133145h3914.96N/10320.83WO293/010!W75!/A=066711 EOSS BALLOON,"KC0D-1>APZEOS,EOSS,qAO,KC0D-4:/133145h3914.96N/10320.83WO293/010!W75!/A=066711 EOSS BALLOON",293.0,11.5,39.24945,-103.34725,,,,,-6.611e-05,4.556e-05,13.9,low Re,0.033333,21.048521,0.000474,3.661254,0.071347,-1.952479,0.460552,16.284759
EOSS-291,AE0SS-12,2019-07-13 07:32:01.458,2019-07-13 07:32:00,66819.0,878.0,2895.0,ascending,/133200h3914.98N/10320.90WO258/018EOSS Balloon www.eoss.org/A=066819!W70!,"AE0SS-12>APTT4,EOSS,qAO,KC0D-4:/133200h3914.98N/10320.90WO258/018EOSS Balloon www.eoss.org/A=066819!W70!",258.0,20.7,39.2497833333,-103.3483333333,,,,,-5.611e-05,3.222e-05,14.63333333,low Re,0.024444,21.013844,0.000604,3.681628,0.071174,-1.733068,0.334954,16.251916
EOSS-291,KC0D-1,2019-07-13 07:32:16.726,2019-07-13 07:32:15,67145.0,868.0,2910.0,ascending,/133215h3915.00N/10320.96WO305/015!W44!/A=067145 EOSS BALLOON,"KC0D-1>APZEOS,EOSS,qAO,KC0D-4:/133215h3915.00N/10320.96WO305/015!W44!/A=067145 EOSS BALLOON",305.0,17.3,39.2500666667,-103.3494,,,,,-7.167e-05,2.056e-05,14.46666667,low Re,-0.005556,20.978644,0.000571,3.702915,0.070981,-1.758608,-0.086319,16.157388
EOSS-291,AE0SS-12,2019-07-13 07:32:31.377,2019-07-13 07:32:30,67266.0,894.0,2925.0,ascending,/133230h3915.03N/10321.01WO328/015EOSS Balloon www.eoss.org/A=067266!W58!,"AE0SS-12>APTT4,EOSS,qAO,KC0D-4:/133230h3915.03N/10321.01WO328/015EOSS Balloon www.eoss.org/A=067266!W58!",328.0,17.3,39.2505833333,-103.3503,,,,,-6.556e-05,2.667e-05,14.9,low Re,0.014444,20.946138,0.000645,3.719604,0.070797,-1.625479,0.194909,16.124089
EOSS-291,KC0D-1,2019-07-13 07:32:46.818,2019-07-13 07:32:45,67661.0,1032.0,2940.0,ascending,/133245h3915.09N/10321.06WO344/016!W36!/A=067661 EOSS BALLOON,"KC0D-1>APZEOS,EOSS,qAO,KC0D-4:/133245h3915.09N/10321.06WO344/016!W36!/A=067661 EOSS BALLOON",344.0,18.4,39.25155,-103.3511,,,,,-5.667e-05,4.944e-05,17.2,low Re,0.076667,20.926212,0.001052,3.719692,0.070825,-1.001753,1.067631,16.022249
EOSS-291,AE0SS-12,2019-07-13 07:33:01.418,2019-07-13 07:33:00,67817.0,1102.0,2955.0,ascending,/133300h3915.14N/10321.09WO342/022EOSS Balloon www.eoss.org/A=067817!W03!,"AE0SS-12>APTT4,EOSS,qAO,KC0L-15:/133300h3915.14N/10321.09WO342/022EOSS Balloon www.eoss.org/A=067817!W03!",342.0,25.3,39.2523333333,-103.35155,,,,,-4.167e-05,5.833e-05,18.36666667,low Re,0.038889,20.912669,0.001253,3.714455,0.070689,-0.685431,0.532417,15.984959
EOSS-291,KC0D-1,2019-07-13 07:33:16.742,2019-07-13 07:33:15,68209.0,1096.0,2970.0,ascending,/133315h3915.19N/10321.09WO024/010!W69!/A=068209 EOSS BALLOON,"KC0D-1>APZEOS,EOSS,qAO,KC0D-4:/133315h3915.19N/10321.09WO024/010!W69!/A=068209 EOSS BALLOON",24.0,11.5,39.2532666667,-103.35165,,,,,-1.833e-05,5.722e-05,18.26666667,low Re,-0.003333,20.898743,0.001229,3.709586,0.070501,-0.709534,-0.064708,15.898682
EOSS-291,AE0SS-12,2019-07-13 07:33:31.431,2019-07-13 07:33:30,68355.0,1076.0,2985.0,ascending,/133330h3915.23N/10321.07WO345/017EOSS Balloon www.eoss.org/A=068355!W25!,"AE0SS-12>APTT4,EOSS,qAO,KC0D-4:/133330h3915.23N/10321.07WO345/017EOSS Balloon www.eoss.org/A=068355!W25!",345.0,19.6,39.2538666667,-103.35125,,,,,1e-05,5.111e-05,17.93333333,low Re,-0.011111,20.883217,0.001164,3.706028,0.07032,-0.795969,-0.174559,15.869284
EOSS-291,KC0D-1,2019-07-13 07:33:46.777,2019-07-13 07:33:45,68721.0,1024.0,3000.0,ascending,/133345h3915.24N/10321.07WO352/005!W95!/A=068721 EOSS BALLOON,"KC0D-1>APZEOS,EOSS,qAO,KC0D-4:/133345h3915.24N/10321.07WO352/005!W95!/A=068721 EOSS BALLOON",352.0,5.8,39.25415,-103.35125,,,,,1.333e-05,2.944e-05,17.06666667,low Re,-0.028889,20.863339,0.001007,3.706561,0.070169,-1.024311,-0.426057,15.802155
EOSS-291,AE0SS-12,2019-07-13 07:34:01.443,2019-07-13 07:34:00,68864.0,1018.0,3015.0,ascending,/133400h3915.27N/10321.09WO335/010EOSS Balloon www.eoss.org/A=068864!W10!,"AE0SS-12>APTT4,EOSS,qAO,KC0D-4:/133400h3915.27N/10321.09WO335/010EOSS Balloon www.eoss.org/A=068864!W10!",335.0,11.5,39.2545166667,-103.3515,,,,,-8.33e-06,2.167e-05,16.96666667,low Re,-0.003333,20.843149,0.000984,3.707521,0.069985,-1.045573,-0.061685,15.778484
EOSS-291,KC0D-1,2019-07-13 07:34:16.789,2019-07-13 07:34:15,69226.0,1010.0,3030.0,ascending,/133415h3915.25N/10321.12WO259/008!W84!/A=069226 EOSS BALLOON,"KC0D-1>APZEOS,EOSS,qAO,KC0D-4:/133415h3915.25N/10321.12WO259/008!W84!/A=069226 EOSS BALLOON",259.0,9.2,39.2543,-103.3520666667,,,,,-2.722e-05,5e-06,16.83333333,low Re,-0.004444,20.82248,0.000956,3.709093,0.069804,-1.075505,-0.077359,15.724974
EOSS-291,AE0SS-12,2019-07-13 07:34:31.603,2019-07-13 07:34:30,69359.0,990.0,3045.0,ascending,/133430h3915.22N/10321.18WO231/019EOSS Balloon www.eoss.org/A=069359!W92!,"AE0SS-12>APTT4,EOSS,qAO,KC0D-4:/133430h3915.22N/10321.18WO231/019EOSS Balloon www.eoss.org/A=069359!W92!",231.0,21.9,39.2538166667,-103.3530333333,,,,,-5.111e-05,-2.333e-05,16.5,low Re,-0.011111,20.800313,0.000894,3.712448,0.069628,-1.15835,-0.172416,15.707618
EOSS-291,KC0D-1,2019-07-13 07:34:46.757,2019-07-13 07:34:45,69737.0,1022.0,3060.0,ascending,/133445h3915.19N/10321.25WO230/018!W09!/A=069737 EOSS BALLOON,"KC0D-1>APZEOS,EOSS,qAO,KC0D-4:/133445h3915.19N/10321.25WO230/018!W09!/A=069737 EOSS BALLOON",230.0,20.7,39.2531666667,-103.3543166667,,,,,-7.5e-05,-3.778e-05,17.03333333,low Re,0.017778,20.781094,0.00098,3.71268,0.069459,-1.009449,0.241841,15.664998
EOSS-291,AE0SS-12,2019-07-13 07:35:01.439,2019-07-13 07:35:00,69864.0,1010.0,3075.0,ascending,/133500h3915.14N/10321.35WO264/024EOSS Balloon www.eoss.org/A=069864!W80!,"AE0SS-12>APTT4,EOSS,qAO,KC0L-15:/133500h3915.14N/10321.35WO264/024EOSS Balloon www.eoss.org/A=069864!W80!",264.0,27.6,39.2524666667,-103.3558333333,,,,,-9.333e-05,-4.5e-05,16.83333333,low Re,-0.006667,20.761055,0.000941,3.713863,0.069283,-1.057584,-0.10981,15.652887
EOSS-291,KC0D-1,2019-07-13 07:35:16.759,2019-07-13 07:35:15,70200.0,926.0,3090.0,ascending,/133515h3915.10N/10321.45WO244/019!W35!/A=070200 EOSS BALLOON,"KC0D-1>APZEOS,EOSS,qAO,KC0D-4:/133515h3915.10N/10321.45WO244/019!W35!/A=070200 EOSS BALLOON",244.0,21.9,39.2517166667,-103.3575833333,,,,,-0.00010889,-4.833e-05,15.43333333,low Re,-0.046667,20.734147,0.0007,3.723724,0.069189,-1.423525,-0.684603,15.62613
EOSS-291,AE0SS-12,2019-07-13 07:35:31.734,2019-07-13 07:35:30,70317.0,906.0,3105.0,ascending,/133530h3915.08N/10321.55WO234/016EOSS Balloon www.eoss.org/A=070317!W58!,"AE0SS-12>APTT4,EOSS,qAO,KC0D-4:/133530h3915.08N/10321.55WO234/016EOSS Balloon www.eoss.org/A=070317!W58!",234.0,18.4,39.2514166667,-103.3593,,,,,-0.00011556,-3.5e-05,15.1,low Re,-0.011111,20.705835,0.00064,3.73572,0.069019,-1.500604,-0.170257,15.618591
EOSS-291,KC0D-1,2019-07-13 07:35:46.765,2019-07-13 07:35:45,70637.0,874.0,3120.0,ascending,/133545h3915.04N/10321.62WO232/015!W17!/A=070637 EOSS BALLOON,"KC0D-1>APZEOS,EOSS,qAO,KC0D-4:/133545h3915.04N/10321.62WO232/015!W17!/A=070637 EOSS BALLOON",232.0,17.3,39.2506833333,-103.36045,,,,,-9.556e-05,-3.444e-05,14.56666667,low Re,-0.017778,20.675139,0.000547,3.751523,0.068856,-1.628265,-0.266135,15.602574
EOSS-291,AE0SS-12,2019-07-13 07:36:01.474,2019-07-13 07:36:00,70754.0,874.0,3135.0,ascending,/133600h3915.00N/10321.70WO231/019EOSS Balloon www.eoss.org/A=070754!W95!,"AE0SS-12>APTT4,EOSS,qAO,KC0D-4:/133600h3915.00N/10321.70WO231/019EOSS Balloon www.eoss.org/A=070754!W95!",231.0,21.9,39.25015,-103.36175,,,,,-8.167e-05,-4.222e-05,14.56666667,low Re,0.0,20.644748,0.000545,3.766854,0.068683,-1.61357,-0.007935,15.598373
EOSS-291,KC0D-1,2019-07-13 07:36:16.701,2019-07-13 07:36:15,71052.0,830.0,3150.0,ascending,/133615h3914.98N/10321.76WO234/013!W38!/A=071052 EOSS BALLOON,"KC0D-1>APZEOS,EOSS,qAO,KC0D-4:/133615h3914.98N/10321.76WO234/013!W38!/A=071052 EOSS BALLOON",234.0,15.0,39.2497166667,-103.3628,,,,,-7.833e-05,-3.222e-05,13.83333333,low Re,-0.024444,20.611029,0.00042,3.787912,0.068534,-1.789296,-0.362798,15.59158
EOSS-291,AE0SS-12,2019-07-13 07:36:31.420,2019-07-13 07:36:30,71167.0,826.0,3165.0,ascending,/133630h3914.95N/10321.84WO254/010EOSS Balloon www.eoss.org/A=071167!W02!,"AE0SS-12>APTT4,EOSS,qAO,KC0D-4:/133630h3914.95N/10321.84WO254/010EOSS Balloon www.eoss.org/A=071167!W02!",254.0,11.5,39.2491666667,-103.3640333333,,,,,-7.611e-05,-3.278e-05,13.76666667,low Re,-0.002222,20.577313,0.000407,3.808939,0.068363,-1.788069,-0.038456,15.590429
EOSS-291,KC0D-1,2019-07-13 07:36:46.764,2019-07-13 07:36:45,71468.0,832.0,3180.0,ascending,/133645h3914.93N/10321.94WO261/022!W32!/A=071468 EOSS BALLOON,"KC0D-1>APZEOS,EOSS,qAO,KC0D-4:/133645h3914.93N/10321.94WO261/022!W32!/A=071468 EOSS BALLOON",261.0,25.3,39.2488833333,-103.3657,,,,,-9.667e-05,-2.778e-05,13.86666667,low Re,0.003333,20.544417,0.000422,3.828485,0.068194,-1.744228,0.042687,15.591179
EOSS-291,AE0SS-12,2019-07-13 07:37:01.424,2019-07-13 07:37:00,71567.0,800.0,3195.0,ascending,/133700h3914.91N/10322.04WO242/019EOSS Balloon www.eoss.org/A=071567!W28!,"AE0SS-12>APTT4,EOSS,qAO,KC0D-4:/133700h3914.91N/10322.04WO242/019EOSS Balloon www.eoss.org/A=071567!W28!",242.0,21.9,39.2485333333,-103.3674666667,,,,,-0.00011444,-2.111e-05,13.33333333,low Re,-0.017778,20.509241,0.000332,3.852155,0.068038,-1.862829,-0.266175,15.592586
EOSS-291,KC0D-1,2019-07-13 07:37:16.736,2019-07-13 07:37:15,71877.0,818.0,3210.0,ascending,/133715h3914.86N/10322.13WO247/023!W93!/A=071877 EOSS BALLOON,"KC0D-1>APZEOS,EOSS,qAO,KC0D-4:/133715h3914.86N/10322.13WO247/023!W93!/A=071877 EOSS BALLOON",247.0,26.5,39.2478166667,-103.3688833333,,,,,-0.00010611,-3.556e-05,13.63333333,low Re,0.01,20.475863,0.00038,3.872495,0.067874,-1.766956,0.141733,15.600574
EOSS-291,AE0SS-12,2019-07-13 07:37:31.563,2019-07-13 07:37:30,71978.0,822.0,3225.0,ascending,/133730h3914.83N/10322.26WO248/026EOSS Balloon www.eoss.org/A=071978!W01!,"AE0SS-12>APTT4,EOSS,qAO,KC0D-4:/133730h3914.83N/10322.26WO248/026EOSS Balloon www.eoss.org/A=071978!W01!",248.0,29.9,39.2471666667,-103.3710166667,,,,,-0.00011833,-4.556e-05,13.7,low Re,0.002222,20.443129,0.000388,3.891686,0.067709,-1.732701,0.027087,15.604315
EOSS-291,KC0D-1,2019-07-13 07:37:46.798,2019-07-13 07:37:45,72322.0,890.0,3240.0,ascending,/133745h3914.80N/10322.39WO257/030!W73!/A=072322 EOSS BALLOON,"KC0D-1>APZEOS,EOSS,qAO,KC0L-15:/133745h3914.80N/10322.39WO257/030!W73!/A=072322 EOSS BALLOON",257.0,34.5,39.2467833333,-103.3732166667,,,,,-0.00014444,-3.444e-05,14.83333333,low Re,0.037778,20.416159,0.000569,3.901712,0.067594,-1.430866,0.550478,15.621056
EOSS-291,AE0SS-12,2019-07-13 07:38:01.414,2019-07-13 07:38:00,72453.0,950.0,3255.0,ascending,/133800h3914.80N/10322.55WO276/028EOSS Balloon www.eoss.org/A=072453!W27!,"AE0SS-12>APTT4,EOSS,qAO,KC0D-4:/133800h3914.80N/10322.55WO276/028EOSS Balloon www.eoss.org/A=072453!W27!",276.0,32.2,39.2467,-103.37595,,,,,-0.00016444,-1.556e-05,15.83333333,low Re,0.033333,20.394232,0.000727,3.905209,0.067469,-1.167901,0.483274,15.628992
EOSS-291,KC0D-1,2019-07-13 07:38:16.930,2019-07-13 07:38:15,72816.0,988.0,3270.0,ascending,/133815h3914.80N/10322.69WO282/025!W75!/A=072816 EOSS BALLOON,"KC0D-1>APZEOS,EOSS,qAO,KC0D-4:/133815h3914.80N/10322.69WO282/025!W75!/A=072816 EOSS BALLOON",282.0,28.8,39.2467833333,-103.37825,,,,,-0.00016778,0.0,16.46666667,low Re,0.021111,20.375529,0.000824,3.905271,0.067321,-1.00092,0.301347,15.655191
EOSS-291,KC0D-1,2019-07-13 07:38:46.700,2019-07-13 07:38:45,73334.0,1036.0,3300.0,ascending,/133845h3914.85N/10322.91WO284/020!W05!/A=073334 EOSS BALLOON,"KC0D-1>APZEOS,EOSS,qAO,KC0D-4:/133845h3914.85N/10322.91WO284/020!W05!/A=073334 EOSS BALLOON",284.0,23.0,39.2475,-103.3819166667,,,,,-0.00012222,2.389e-05,17.26666667,low Re,0.026667,20.360795,0.000947,3.901836,0.067184,-0.792993,0.382829,15.702333
EOSS-291,AE0SS-12,2019-07-13 07:39:01.760,2019-07-13 07:39:00,73464.0,1011.0,3315.0,ascending,/133900h3914.87N/10323.01WO264/015EOSS Balloon www.eoss.org/A=073464!W17!,"AE0SS-12>APTT4,EOSS,qAO,KB0TVJ-1:/133900h3914.87N/10323.01WO264/015EOSS Balloon www.eoss.org/A=073464!W17!",264.0,17.3,39.24785,-103.3836166667,,,,,-0.00012778,1.917e-05,16.85,low Re,-0.006944,20.344235,0.00091,3.90004,0.067026,-0.895949,-0.117178,15.715779
EOSS-291,KC0D-1,2019-07-13 07:39:17.015,2019-07-13 07:39:15,73818.0,968.0,3330.0,ascending,/133915h3914.87N/10323.12WO271/016!W17!/A=073818 EOSS BALLOON,"KC0D-1>APZEOS,EOSS,qAO,KC0D-4:/133915h3914.87N/10323.12WO271/016!W17!/A=073818 EOSS BALLOON",271.0,18.4,39.24785,-103.38545,,,,,-0.00011778,1.167e-05,16.13333333,low Re,-0.023889,20.324465,0.000793,3.901514,0.066889,-1.074232,-0.368999,15.755286
EOSS-291,AE0SS-12,2019-07-13 07:39:31.522,2019-07-13 07:39:30,73940.0,952.0,3345.0,ascending,/133930h3914.85N/10323.23WO251/024EOSS Balloon www.eoss.org/A=073940!W50!,"AE0SS-12>APTT4,EOSS,qAO,KC0D-4:/133930h3914.85N/10323.23WO251/024EOSS Balloon www.eoss.org/A=073940!W50!",251.0,27.6,39.2475833333,-103.3871666667,,,,,-0.00011833,-8.89e-06,15.86666667,low Re,-0.008889,20.303634,0.000747,3.904255,0.066734,-1.136444,-0.144394,15.769797
EOSS-291,KC0D-1,2019-07-13 07:39:46.780,2019-07-13 07:39:45,74296.0,956.0,3360.0,ascending,/133945h3914.85N/10323.33WO267/021!W57!/A=074296 EOSS BALLOON,"KC0D-1>APZEOS,EOSS,qAO,KC0L-15:/133945h3914.85N/10323.33WO267/021!W57!/A=074296 EOSS BALLOON",267.0,24.2,39.2475833333,-103.38895,,,,,-0.00011667,-8.89e-06,15.93333333,low Re,0.002222,20.283307,0.000754,3.906509,0.066577,-1.113519,0.02205,15.81442
EOSS-291,AE0SS-12,2019-07-13 07:40:01.470,2019-07-13 07:40:00,74399.0,918.0,3375.0,ascending,/134000h3914.86N/10323.43WO256/015EOSS Balloon www.eoss.org/A=074399!W69!,"AE0SS-12>APTT4,EOSS,qAO,KC0D-4:/134000h3914.86N/10323.43WO256/015EOSS Balloon www.eoss.org/A=074399!W69!",256.0,17.3,39.2477666667,-103.39065,,,,,-0.00011611,6.11e-06,15.3,low Re,-0.021111,20.260237,0.000653,3.912135,0.066438,-1.26791,-0.327584,15.827895
EOSS-291,KC0D-1,2019-07-13 07:40:16.754,2019-07-13 07:40:15,74743.0,894.0,3390.0,ascending,/134015h3914.86N/10323.53WO263/021!W64!/A=074743 EOSS BALLOON,"KC0D-1>APZEOS,EOSS,qAO,KC0D-4:/134015h3914.86N/10323.53WO263/021!W64!/A=074743 EOSS BALLOON",263.0,24.2,39.2477666667,-103.3922333333,,,,,-0.00010944,6.11e-06,14.9,low Re,-0.013333,20.235535,0.000588,3.919994,0.06629,-1.361108,-0.210002,15.874419
EOSS-291,AE0SS-12,2019-07-13 07:40:31.529,2019-07-13 07:40:30,74868.0,938.0,3405.0,ascending,/134030h3914.86N/10323.63WO245/016EOSS Balloon www.eoss.org/A=074868!W13!,"AE0SS-12>APTT4,EOSS,qAO,KC0L-15:/134030h3914.86N/10323.63WO245/016EOSS Balloon www.eoss.org/A=074868!W13!",245.0,18.4,39.2476833333,-103.3938833333,,,,,-0.00010778,-2.78e-06,15.63333333,low Re,0.024444,20.214424,0.000698,3.923352,0.066157,-1.167647,0.358934,15.891817
EOSS-291,KC0D-1,2019-07-13 07:40:46.862,2019-07-13 07:40:45,75198.0,910.0,3420.0,ascending,/134045h3914.84N/10323.73WO270/020!W68!/A=075198 EOSS BALLOON,"KC0D-1>APZEOS,EOSS,qAO,KC0D-4:/134045h3914.84N/10323.73WO270/020!W68!/A=075198 EOSS BALLOON",270.0,23.0,39.2474333333,-103.3956333333,,,,,-0.00011333,-1.111e-05,15.16666667,low Re,-0.015556,20.191375,0.000623,3.929177,0.066013,-1.27882,-0.245088,15.938695
EOSS-291,AE0SS-12,2019-07-13 07:41:01.534,2019-07-13 07:41:00,75311.0,886.0,3435.0,ascending,/134100h3914.83N/10323.85WO253/023EOSS Balloon www.eoss.org/A=075311!W32!,"AE0SS-12>APTT4,EOSS,qAO,KB0TVJ-1:/134100h3914.83N/10323.85WO253/023EOSS Balloon www.eoss.org/A=075311!W32!",253.0,26.5,39.2472166667,-103.3975333333,,,,,-0.00012167,-1.556e-05,14.76666667,low Re,-0.013333,20.166717,0.000559,3.93722,0.065868,-1.371539,-0.210907,15.954989
EOSS-291,KC0D-1,2019-07-13 07:41:17.790,2019-07-13 07:41:15,75665.0,934.0,3450.0,ascending,/134115h3914.81N/10323.98WO253/022!W97!/A=075665 EOSS BALLOON,"KC0D-1>APZEOS,EOSS,qAO,KC0D-4:/134115h3914.81N/10323.98WO253/022!W97!/A=075665 EOSS BALLOON",253.0,25.3,39.2469833333,-103.3997833333,,,,,-0.00013833,-1.5e-05,15.56666667,low Re,0.026667,20.145902,0.000678,3.94043,0.065741,-1.162116,0.395324,16.00648
EOSS-291,AE0SS-12,2019-07-13 07:41:31.480,2019-07-13 07:41:30,75794.0,966.0,3465.0,ascending,/134130h3914.79N/10324.11WO265/024EOSS Balloon www.eoss.org/A=075794!W44!,"AE0SS-12>APTT4,EOSS,qAO,KC0D-4:/134130h3914.79N/10324.11WO265/024EOSS Balloon www.eoss.org/A=075794!W44!",265.0,27.6,39.2465666667,-103.4019,,,,,-0.00014556,-2.167e-05,16.1,low Re,0.017778,20.127678,0.000756,3.940871,0.065602,-1.022027,0.259474,16.025314
EOSS-291,KC0D-1,2019-07-13 07:41:46.762,2019-07-13 07:41:45,76153.0,976.0,3480.0,ascending,/134145h3914.76N/10324.22WO260/021!W78!/A=076153 EOSS BALLOON,"KC0D-1>APZEOS,EOSS,qAO,KC0D-4:/134145h3914.76N/10324.22WO260/021!W78!/A=076153 EOSS BALLOON",260.0,24.2,39.2461166667,-103.4038,,,,,-0.00013389,-2.889e-05,16.26666667,low Re,0.005556,20.110364,0.000777,3.940477,0.065454,-0.97544,0.073013,16.077539
EOSS-291,AE0SS-12,2019-07-13 07:42:01.458,2019-07-13 07:42:00,76296.0,1004.0,3495.0,ascending,/134200h3914.75N/10324.34WO237/022EOSS Balloon www.eoss.org/A=076296!W51!,"AE0SS-12>APTT4,EOSS,qAO,KC0D-4:/134200h3914.75N/10324.34WO237/022EOSS Balloon www.eoss.org/A=076296!W51!",237.0,25.3,39.2459166667,-103.4056833333,,,,,-0.00012611,-2.167e-05,16.73333333,low Re,0.015556,20.095288,0.000843,3.938101,0.065314,-0.853699,0.225266,16.098146
EOSS-291,KC0D-1,2019-07-13 07:42:16.700,2019-07-13 07:42:15,76670.0,1034.0,3510.0,ascending,/134215h3914.72N/10324.45WO257/025!W32!/A=076670 EOSS BALLOON,"KC0D-1>APZEOS,EOSS,qAO,KC0D-4:/134215h3914.72N/10324.45WO257/025!W32!/A=076670 EOSS BALLOON",257.0,28.8,39.2453833333,-103.4075333333,,,,,-0.00012444,-2.444e-05,17.23333333,low Re,0.016667,20.082568,0.000914,3.93393,0.065176,-0.724272,0.241699,16.15108
EOSS-291,AE0SS-12,2019-07-13 07:42:31.468,2019-07-13 07:42:30,76840.0,1088.0,3525.0,ascending,/134230h3914.69N/10324.58WO234/032EOSS Balloon www.eoss.org/A=076840!W56!,"AE0SS-12>APTT4,EOSS,qAO,KB0TVJ-1:/134230h3914.69N/10324.58WO234/032EOSS Balloon www.eoss.org/A=076840!W56!",234.0,36.8,39.2449166667,-103.4097666667,,,,,-0.00013611,-3.333e-05,18.13333333,low Re,0.03,20.073943,0.001043,3.927319,0.065059,-0.494131,0.445088,16.174521
EOSS-291,KC0D-1,2019-07-13 07:42:46.712,2019-07-13 07:42:45,77182.0,1024.0,3540.0,ascending,/134245h3914.66N/10324.75WO255/036!W34!/A=077182 EOSS BALLOON,"KC0D-1>APZEOS,EOSS,qAO,KC0D-4:/134245h3914.66N/10324.75WO255/036!W34!/A=077182 EOSS BALLOON",255.0,41.4,39.2443833333,-103.4125666667,,,,,-0.00016778,-3.333e-05,17.06666667,low Re,-0.035556,20.060695,0.000881,3.923701,0.06496,-0.763062,-0.560914,16.220126
EOSS-291,AE0SS-12,2019-07-13 07:43:01.467,2019-07-13 07:43:00,77313.0,946.0,3555.0,ascending,/134300h3914.64N/10324.93WO259/043EOSS Balloon www.eoss.org/A=077313!W01!,"AE0SS-12>APTT4,EOSS,qAO,KC0D-4:/134300h3914.64N/10324.93WO259/043EOSS Balloon www.eoss.org/A=077313!W01!",259.0,49.5,39.244,-103.4155166667,,,,,-0.00019167,-3.056e-05,15.76666667,low Re,-0.043333,20.041862,0.000687,3.925364,0.064883,-1.089121,-0.678452,16.236951
EOSS-291,KC0D-1,2019-07-13 07:43:16.766,2019-07-13 07:43:15,77674.0,984.0,3570.0,ascending,/134315h3914.63N/10325.10WO268/036!W79!/A=077674 EOSS BALLOON,"KC0D-1>APZEOS,EOSS,qAO,KC0D-4:/134315h3914.63N/10325.10WO268/036!W79!/A=077674 EOSS BALLOON",268.0,41.4,39.24395,-103.4184833333,,,,,-0.00019722,-1.444e-05,16.4,low Re,0.021111,20.025958,0.000776,3.924133,0.064754,-0.924015,0.314035,16.281135
EOSS-291,AE0SS-12,2019-07-13 07:43:31.530,2019-07-13 07:43:30,77815.0,1004.0,3585.0,ascending,/134330h3914.64N/10325.28WO275/041EOSS Balloon www.eoss.org/A=077815!W92!,"AE0SS-12>APTT4,EOSS,qAO,KC0D-4:/134330h3914.64N/10325.28WO275/041EOSS Balloon www.eoss.org/A=077815!W92!",275.0,47.2,39.24415,-103.4213666667,,,,,-0.000195,5e-06,16.73333333,low Re,0.011111,20.011643,0.000821,3.92157,0.064615,-0.835969,0.159251,16.297425
EOSS-291,KC0D-1,2019-07-13 07:43:46.887,2019-07-13 07:43:45,78147.0,946.0,3600.0,ascending,/134345h3914.67N/10325.44WO279/029!W01!/A=078147 EOSS BALLOON,"KC0D-1>APZEOS,EOSS,qAO,KC0D-4:/134345h3914.67N/10325.44WO279/029!W01!/A=078147 EOSS BALLOON",279.0,33.4,39.2445,-103.4240166667,,,,,-0.00018444,1.833e-05,15.76666667,low Re,-0.032222,19.993266,0.000678,3.92299,0.064511,-1.077392,-0.509991,16.333369
EOSS-291,AE0SS-12,2019-07-13 07:44:01.469,2019-07-13 07:44:00,78258.0,886.0,3615.0,ascending,/134400h3914.70N/10325.61WO284/031EOSS Balloon www.eoss.org/A=078258!W13!,"AE0SS-12>APTT4,EOSS,qAO,KC0L-15:/134400h3914.70N/10325.61WO284/031EOSS Balloon www.eoss.org/A=078258!W13!",284.0,35.7,39.2450166667,-103.4268833333,,,,,-0.00018389,2.889e-05,14.76666667,low Re,-0.033333,19.970738,0.00053,3.929501,0.064409,-1.324359,-0.52575,16.344575
EOSS-291,KC0D-1,2019-07-13 07:44:16.716,2019-07-13 07:44:15,78600.0,906.0,3630.0,ascending,/134415h3914.73N/10325.76WO288/028!W44!/A=078600 EOSS BALLOON,"KC0D-1>APZEOS,EOSS,qAO,KC0D-4:/134415h3914.73N/10325.76WO288/028!W44!/A=078600 EOSS BALLOON",288.0,32.2,39.2455666667,-103.4294,,,,,-0.00017944,3.556e-05,15.1,low Re,0.011111,19.949833,0.000576,3.933986,0.064273,-1.232804,0.16391,16.376325
EOSS-291,AE0SS-12,2019-07-13 07:44:31.408,2019-07-13 07:44:30,78711.0,906.0,3645.0,ascending,/134430h3914.77N/10325.90WO279/039EOSS Balloon www.eoss.org/A=078711!W55!,"AE0SS-12>APTT4,EOSS,qAO,KB0TVJ-1:/134430h3914.77N/10325.90WO279/039EOSS Balloon www.eoss.org/A=078711!W55!",279.0,44.9,39.24625,-103.43175,,,,,-0.00016222,4.111e-05,15.1,low Re,0.0,19.929107,0.000574,3.938317,0.064135,-1.226185,-0.00895,16.385682
EOSS-291,KC0D-1,2019-07-13 07:44:46.766,2019-07-13 07:44:45,79034.0,868.0,3660.0,ascending,/134445h3914.79N/10326.03WO284/023!W91!/A=079034 EOSS BALLOON,"KC0D-1>APZEOS,EOSS,qAO,KC0D-4:/134445h3914.79N/10326.03WO284/023!W91!/A=079034 EOSS BALLOON",284.0,26.5,39.24665,-103.43385,,,,,-0.00014833,3.611e-05,14.46666667,low Re,-0.021111,19.905863,0.000481,3.946014,0.064013,-1.378403,-0.337306,16.410102
EOSS-291,AE0SS-12,2019-07-13 07:45:01.464,2019-07-13 07:45:00,79163.0,904.0,3675.0,ascending,/134500h3914.80N/10326.15WO272/013EOSS Balloon www.eoss.org/A=079163!W14!,"AE0SS-12>APTT4,EOSS,qAO,KC0D-4:/134500h3914.80N/10326.15WO272/013EOSS Balloon www.eoss.org/A=079163!W14!",272.0,15.0,39.2466833333,-103.4359,,,,,-0.00013833,1.444e-05,15.06666667,low Re,0.02,19.885358,0.000564,3.950189,0.063888,-1.219863,0.30422,16.418642
EOSS-291,KC0D-1,2019-07-13 07:45:16.769,2019-07-13 07:45:15,79505.0,942.0,3690.0,ascending,/134515h3914.77N/10326.27WO255/025!W98!/A=079505 EOSS BALLOON,"KC0D-1>APZEOS,EOSS,qAO,KC0L-15:/134515h3914.77N/10326.27WO255/025!W98!/A=079505 EOSS BALLOON",255.0,28.8,39.2463166667,-103.4379666667,,,,,-0.00013722,-1.111e-05,15.7,low Re,0.021111,19.867698,0.000651,3.951175,0.063766,-1.0548,0.320861,16.437781
EOSS-291,AE0SS-12,2019-07-13 07:45:31.612,2019-07-13 07:45:30,79675.0,1024.0,3705.0,ascending,/134530h3914.77N/10326.40WO266/023EOSS Balloon www.eoss.org/A=079675!W75!,"AE0SS-12>APTT4,EOSS,qAO,KC0L-15:/134530h3914.77N/10326.40WO266/023EOSS Balloon www.eoss.org/A=079675!W75!",266.0,26.5,39.2462833333,-103.4400833333,,,,,-0.00013944,-1.333e-05,17.06666667,low Re,0.045556,19.855929,0.000841,3.947009,0.063698,-0.706677,0.701984,16.445346
EOSS-291,KC0D-1,2019-07-13 07:45:46.756,2019-07-13 07:45:45,80021.0,1032.0,3720.0,ascending,/134545h3914.78N/10326.54WO282/022!W24!/A=080021 EOSS BALLOON,"KC0D-1>APZEOS,EOSS,qAO,KC0D-4:/134545h3914.78N/10326.54WO282/022!W24!/A=080021 EOSS BALLOON",282.0,25.3,39.2463666667,-103.4424,,,,,-0.00014778,1.67e-06,17.2,low Re,0.004444,19.844816,0.000856,3.942453,0.063564,-0.670855,0.056447,16.456623
EOSS-291,AE0SS-12,2019-07-13 07:46:01.389,2019-07-13 07:46:00,80148.0,946.0,3735.0,ascending,/134600h3914.78N/10326.66WO280/031EOSS Balloon www.eoss.org/A=080148!W07!,"AE0SS-12>APTT4,EOSS,qAO,KC0D-4:/134600h3914.78N/10326.66WO280/031EOSS Balloon www.eoss.org/A=080148!W07!",280.0,35.7,39.2463333333,-103.44445,,,,,-0.00014556,1.67e-06,15.76666667,low Re,-0.047778,19.827824,0.000652,3.942994,0.063508,-1.029968,-0.762581,16.459354
EOSS-291,KC0D-1,2019-07-13 07:46:16.708,2019-07-13 07:46:15,80508.0,974.0,3750.0,ascending,/134615h3914.77N/10326.78WO253/026!W17!/A=080508 EOSS BALLOON,"KC0D-1>APZEOS,EOSS,qAO,KC0D-4:/134615h3914.77N/10326.78WO253/026!W17!/A=080508 EOSS BALLOON",253.0,29.9,39.2461833333,-103.44645,,,,,-0.000135,-6.11e-06,16.23333333,low Re,0.015556,19.812909,0.000714,3.941577,0.063382,-0.908158,0.234167,16.462929
EOSS-291,AE0SS-12,2019-07-13 07:46:31.480,2019-07-13 07:46:30,80637.0,978.0,3765.0,ascending,/134630h3914.74N/10326.90WO223/024EOSS Balloon www.eoss.org/A=080637!W68!,"AE0SS-12>APTT4,EOSS,qAO,KC0D-4:/134630h3914.74N/10326.90WO223/024EOSS Balloon www.eoss.org/A=080637!W68!",223.0,27.6,39.2457666667,-103.4484666667,,,,,-0.00013389,-1.889e-05,16.3,low Re,0.002222,19.798393,0.000721,3.939868,0.06325,-0.887947,0.023731,16.462706
EOSS-291,KC0D-1,2019-07-13 07:46:46.829,2019-07-13 07:46:45,81022.0,1028.0,3780.0,ascending,/134645h3914.71N/10327.03WO258/023!W95!/A=081022 EOSS BALLOON,"KC0D-1>APZEOS,EOSS,qAO,KC0D-4:/134645h3914.71N/10327.03WO258/023!W95!/A=081022 EOSS BALLOON",258.0,26.5,39.2453166667,-103.4505833333,,,,,-0.00013778,-2.889e-05,17.13333333,low Re,0.027778,19.787426,0.000832,3.935435,0.063143,-0.674409,0.426746,16.457336
EOSS-291,AE0SS-12,2019-07-13 07:47:01.456,2019-07-13 07:47:00,81204.0,1134.0,3795.0,ascending,/134700h3914.70N/10327.19WO270/026EOSS Balloon www.eoss.org/A=081204!W47!,"AE0SS-12>APTT4,EOSS,qAO,KC0D-4:/134700h3914.70N/10327.19WO270/026EOSS Balloon www.eoss.org/A=081204!W47!",270.0,29.9,39.2450666667,-103.4532833333,,,,,-0.00016056,-2.333e-05,18.9,low Re,0.058889,19.783789,0.001071,3.92774,0.063122,-0.225012,0.915972,16.452369
EOSS-291,KC0D-1,2019-07-13 07:47:16.738,2019-07-13 07:47:15,81615.0,1186.0,3810.0,ascending,/134715h3914.70N/10327.36WO274/037!W55!/A=081615 EOSS BALLOON,"KC0D-1>APZEOS,EOSS,qAO,KC0D-4:/134715h3914.70N/10327.36WO274/037!W55!/A=081615 EOSS BALLOON",274.0,42.6,39.2450833333,-103.4560833333,,,,,-0.00018333,-7.78e-06,19.76666667,low Re,0.028889,19.783719,0.001185,3.919683,0.063017,-0.00435,0.439627,16.435566
EOSS-291,AE0SS-12,2019-07-13 07:47:31.450,2019-07-13 07:47:30,81756.0,1104.0,3825.0,ascending,/134730h3914.72N/10327.53WO280/030EOSS Balloon www.eoss.org/A=081756!W41!,"AE0SS-12>APTT4,EOSS,qAO,KC0D-4:/134730h3914.72N/10327.53WO280/030EOSS Balloon www.eoss.org/A=081756!W41!",280.0,34.5,39.2454,-103.45885,,,,,-0.00018556,1.111e-05,18.4,low Re,-0.045556,19.778094,0.000994,3.91267,0.062959,-0.352213,-0.73937,16.428068
EOSS-291,KC0D-1,2019-07-13 07:47:46.853,2019-07-13 07:47:45,82131.0,1032.0,3840.0,ascending,/134745h3914.74N/10327.69WO275/030!W30!/A=082131 EOSS BALLOON,"KC0D-1>APZEOS,EOSS,qAO,KC0D-4:/134745h3914.74N/10327.69WO275/030!W30!/A=082131 EOSS BALLOON",275.0,34.5,39.2457166667,-103.4615,,,,,-0.00018056,2.111e-05,17.2,low Re,-0.04,19.767656,0.000828,3.908154,0.062885,-0.657,-0.649249,16.404029
EOSS-291,AE0SS-12,2019-07-13 07:48:01.414,2019-07-13 07:48:00,82271.0,1030.0,3855.0,ascending,/134800h3914.74N/10327.84WO253/022EOSS Balloon www.eoss.org/A=082271!W38!,"AE0SS-12>APTT4,EOSS,qAO,KB0TVJ-1:/134800h3914.74N/10327.84WO253/022EOSS Balloon www.eoss.org/A=082271!W38!",253.0,25.3,39.2457166667,-103.4641333333,,,,,-0.00017611,1.056e-05,17.16666667,low Re,-0.001111,19.757168,0.00082,3.90373,0.062757,-0.663596,-0.030769,16.393596
EOSS-291,KC0D-1,2019-07-13 07:48:16.722,2019-07-13 07:48:15,82625.0,988.0,3870.0,ascending,/134815h3914.73N/10328.00WO263/030!W83!/A=082625 EOSS BALLOON,"KC0D-1>APZEOS,EOSS,qAO,KC0D-4:/134815h3914.73N/10328.00WO263/030!W83!/A=082625 EOSS BALLOON",263.0,34.5,39.2456333333,-103.4667166667,,,,,-0.00017389,-2.78e-06,16.46666667,low Re,-0.023333,19.743954,0.000723,3.901428,0.062648,-0.840023,-0.383987,16.36393
EOSS-291,AE0SS-12,2019-07-13 07:48:31.531,2019-07-13 07:48:30,82747.0,952.0,3885.0,ascending,/134830h3914.72N/10328.16WO279/042EOSS Balloon www.eoss.org/A=082747!W17!,"AE0SS-12>APTT4,EOSS,qAO,KC0D-4:/134830h3914.72N/10328.16WO279/042EOSS Balloon www.eoss.org/A=082747!W17!",279.0,48.3,39.24535,-103.46945,,,,,-0.00017722,-1.222e-05,15.86666667,low Re,-0.02,19.728444,0.000639,3.901301,0.062536,-0.989869,-0.330034,16.352686
EOSS-291,KC0D-1,2019-07-13 07:48:46.858,2019-07-13 07:48:45,83104.0,958.0,3900.0,ascending,/134845h3914.72N/10328.34WO280/035!W91!/A=083104 EOSS BALLOON,"KC0D-1>APZEOS,EOSS,qAO,KC0D-4:/134845h3914.72N/10328.34WO280/035!W91!/A=083104 EOSS BALLOON",280.0,40.3,39.2454833333,-103.47235,,,,,-0.00018778,-5e-06,15.96666667,low Re,0.003333,19.713457,0.00065,3.900724,0.06241,-0.960537,0.04299,16.317081
EOSS-291,AE0SS-12,2019-07-13 07:49:01.377,2019-07-13 07:49:00,83229.0,964.0,3915.0,ascending,/134900h3914.75N/10328.51WO287/028EOSS Balloon www.eoss.org/A=083229!W39!,"AE0SS-12>APTT4,EOSS,qAO,KC0D-4:/134900h3914.75N/10328.51WO287/028EOSS Balloon www.eoss.org/A=083229!W39!",287.0,32.2,39.2458833333,-103.4753166667,,,,,-0.00019556,1.778e-05,16.06666667,low Re,0.003333,19.698986,0.000661,3.899718,0.062286,-0.931431,0.042899,16.30375
EOSS-291,KC0D-1,2019-07-13 07:49:16.713,2019-07-13 07:49:15,83571.0,934.0,3930.0,ascending,/134915h3914.79N/10328.68WO288/032!W56!/A=083571 EOSS BALLOON,"KC0D-1>APZEOS,EOSS,qAO,KC0D-4:/134915h3914.79N/10328.68WO288/032!W56!/A=083571 EOSS BALLOON",288.0,36.8,39.2465833333,-103.4781,,,,,-0.00019167,3.667e-05,15.56666667,low Re,-0.016667,19.682653,0.000592,3.900634,0.062171,-1.05521,-0.277605,16.265324
EOSS-291,AE0SS-12,2019-07-13 07:49:31.481,2019-07-13 07:49:30,83692.0,926.0,3945.0,ascending,/134930h3914.84N/10328.85WO292/048EOSS Balloon www.eoss.org/A=083692!W32!,"AE0SS-12>APTT4,EOSS,qAO,KC0D-4:/134930h3914.84N/10328.85WO292/048EOSS Balloon www.eoss.org/A=083692!W32!",292.0,55.2,39.2473833333,-103.4808666667,,,,,-0.000185,5e-05,15.43333333,low Re,-0.004444,19.665923,0.000572,3.902037,0.062048,-1.084713,-0.080841,16.251136
EOSS-291,KC0D-1,2019-07-13 07:49:46.739,2019-07-13 07:49:45,84044.0,946.0,3960.0,ascending,/134945h3914.90N/10329.00WO297/036!W57!/A=084044 EOSS BALLOON,"KC0D-1>APZEOS,EOSS,qAO,KC0D-4:/134945h3914.90N/10329.00WO297/036!W57!/A=084044 EOSS BALLOON",297.0,41.4,39.2484166667,-103.48345,,,,,-0.00017833,6.111e-05,15.76666667,low Re,0.011111,19.650632,0.000614,3.901996,0.061929,-0.995379,0.169501,16.208502
EOSS-291,AE0SS-12,2019-07-13 07:50:01.402,2019-07-13 07:50:00,84174.0,964.0,3975.0,ascending,/135000h3914.95N/10329.16WO291/031EOSS Balloon www.eoss.org/A=084174!W55!,"AE0SS-12>APTT4,EOSS,qAO,KC0D-4:/135000h3914.95N/10329.16WO291/031EOSS Balloon www.eoss.org/A=084174!W55!",291.0,35.7,39.24925,-103.4860833333,,,,,-0.00017389,6.222e-05,16.06666667,low Re,0.01,19.636632,0.00065,3.900775,0.06181,-0.915194,0.15127,16.192364
EOSS-291,KC0D-1,2019-07-13 07:50:16.769,2019-07-13 07:50:15,84513.0,938.0,3990.0,ascending,/135015h3915.00N/10329.31WO296/024!W76!/A=084513 EOSS BALLOON,"KC0D-1>APZEOS,EOSS,qAO,KC0D-4:/135015h3915.00N/10329.31WO296/024!W76!/A=084513 EOSS BALLOON",296.0,27.6,39.2501166667,-103.4886,,,,,-0.00017167,5.667e-05,15.63333333,low Re,-0.014444,19.621055,0.000591,3.901149,0.061696,-1.022192,-0.243695,16.149716
EOSS-291,AE0SS-12,2019-07-13 07:50:31.446,2019-07-13 07:50:30,84640.0,932.0,4005.0,ascending,/135030h3915.04N/10329.44WO261/015EOSS Balloon www.eoss.org/A=084640!W92!,"AE0SS-12>APTT4,EOSS,qAO,KB0TVJ-1:/135030h3915.04N/10329.44WO261/015EOSS Balloon www.eoss.org/A=084640!W92!",261.0,17.3,39.2508166667,-103.4907,,,,,-0.00015389,5.222e-05,15.53333333,low Re,-0.003333,19.605211,0.000576,3.90186,0.061576,-1.043573,-0.063483,16.13365
EOSS-291,KC0D-1,2019-07-13 07:50:46.732,2019-07-13 07:50:45,84970.0,914.0,4020.0,ascending,/135045h3915.07N/10329.54WO286/024!W48!/A=084970 EOSS BALLOON,"KC0D-1>APZEOS,EOSS,qAO,KC0D-4:/135045h3915.07N/10329.54WO286/024!W48!/A=084970 EOSS BALLOON",286.0,27.6,39.2512333333,-103.4924666667,,,,,-0.00012889,3.722e-05,15.23333333,low Re,-0.01,19.588331,0.000535,3.903755,0.061459,-1.115592,-0.171415,16.092103
EOSS-291,AE0SS-12,2019-07-13 07:51:01.401,2019-07-13 07:51:00,85093.0,906.0,4035.0,ascending,/135100h3915.07N/10329.66WO273/024EOSS Balloon www.eoss.org/A=085093!W10!,"AE0SS-12>APTT4,EOSS,qAO,KC0D-4:/135100h3915.07N/10329.66WO273/024EOSS Balloon www.eoss.org/A=085093!W10!",273.0,27.6,39.2511833333,-103.4943333333,,,,,-0.00012111,1.222e-05,15.1,low Re,-0.004444,19.571068,0.000516,3.906142,0.061341,-1.144625,-0.080859,16.07681
EOSS-291,KC0D-1,2019-07-13 07:51:16.894,2019-07-13 07:51:15,85432.0,924.0,4050.0,ascending,/135115h3915.07N/10329.78WO270/023!W83!/A=085432 EOSS BALLOON,"KC0D-1>APZEOS,EOSS,qAO,KC0D-4:/135115h3915.07N/10329.78WO270/023!W83!/A=085432 EOSS BALLOON",270.0,26.5,39.2513,-103.4963833333,,,,,-0.00013056,2.22e-06,15.4,low Re,0.01,19.555087,0.000552,3.907162,0.061225,-1.063454,0.154316,16.035668
EOSS-291,AE0SS-12,2019-07-13 07:51:31.530,2019-07-13 07:51:30,85565.0,944.0,4065.0,ascending,/135130h3915.10N/10329.92WO292/026EOSS Balloon www.eoss.org/A=085565!W40!,"AE0SS-12>APTT4,EOSS,qAO,KC0D-4:/135130h3915.10N/10329.92WO292/026EOSS Balloon www.eoss.org/A=085565!W40!",292.0,29.9,39.2517333333,-103.4986666667,,,,,-0.00014444,1.833e-05,15.73333333,low Re,0.011111,19.5405,0.000593,3.906811,0.061111,-0.974495,0.172113,16.020071
EOSS-291,KC0D-1,2019-07-13 07:51:46.736,2019-07-13 07:51:45,85927.0,990.0,4080.0,ascending,/135145h3915.14N/10330.06WO290/029!W89!/A=085927 EOSS BALLOON,"KC0D-1>APZEOS,EOSS,qAO,KC0D-4:/135145h3915.14N/10330.06WO290/029!W89!/A=085927 EOSS BALLOON",290.0,33.4,39.2524666667,-103.50115,,,,,-0.00015889,3.889e-05,16.5,low Re,0.025556,19.52894,0.000688,3.903853,0.061013,-0.775885,0.407585,15.97975
EOSS-291,AE0SS-12,2019-07-13 07:52:01.614,2019-07-13 07:52:00,86064.0,998.0,4095.0,ascending,/135200h3915.18N/10330.22WO275/028EOSS Balloon www.eoss.org/A=086064!W92!,"AE0SS-12>APTT4,EOSS,qAO,KC0D-4:/135200h3915.18N/10330.22WO275/028EOSS Balloon www.eoss.org/A=086064!W92!",275.0,32.2,39.25315,-103.5037,,,,,-0.00016778,4.722e-05,16.63333333,low Re,0.004444,19.517971,0.000702,3.900497,0.060897,-0.739556,0.061448,15.965468
EOSS-291,KC0D-1,2019-07-13 07:52:16.700,2019-07-13 07:52:15,86422.0,990.0,4110.0,ascending,/135215h3915.21N/10330.36WO284/028!W66!/A=086422 EOSS BALLOON,"KC0D-1>APZEOS,EOSS,qAO,KC0D-4:/135215h3915.21N/10330.36WO284/028!W66!/A=086422 EOSS BALLOON",284.0,32.2,39.2536,-103.5061,,,,,-0.000165,3.778e-05,16.5,low Re,-0.004444,19.506583,0.000683,3.897515,0.060782,-0.77141,-0.084351,15.931261
EOSS-291,AE0SS-12,2019-07-13 07:52:31.476,2019-07-13 07:52:30,86573.0,1018.0,4125.0,ascending,/135230h3915.21N/10330.51WO252/027EOSS Balloon www.eoss.org/A=086573!W40!,"AE0SS-12>APTT4,EOSS,qAO,KB0TVJ-1:/135230h3915.21N/10330.51WO252/027EOSS Balloon www.eoss.org/A=086573!W40!",252.0,31.1,39.2535666667,-103.5085,,,,,-0.00016,1.389e-05,16.96666667,low Re,0.015556,19.497034,0.000739,3.89327,0.060674,-0.649934,0.244207,15.91837
EOSS-291,KC0D-1,2019-07-13 07:52:46.780,2019-07-13 07:52:45,86951.0,1058.0,4140.0,ascending,/135245h3915.22N/10330.65WO273/031!W67!/A=086951 EOSS BALLOON,"KC0D-1>APZEOS,EOSS,qAO,KC0D-4:/135245h3915.22N/10330.65WO273/031!W67!/A=086951 EOSS BALLOON",273.0,35.7,39.2537666667,-103.51095,,,,,-0.00016167,5.56e-06,17.63333333,low Re,0.022222,19.490054,0.00082,3.887618,0.060573,-0.477599,0.353326,15.890745
EOSS-291,AE0SS-12,2019-07-13 07:53:01.515,2019-07-13 07:53:00,87101.0,1056.0,4155.0,ascending,/135300h3915.22N/10330.81WO273/019EOSS Balloon www.eoss.org/A=087101!W95!,"AE0SS-12>APTT4,EOSS,qAO,KB0TVJ-1:/135300h3915.22N/10330.81WO273/019EOSS Balloon www.eoss.org/A=087101!W95!",273.0,21.9,39.2538166667,-103.5135833333,,,,,-0.00016944,8.33e-06,17.6,low Re,-0.001111,19.483002,0.000813,3.882049,0.060459,-0.485054,-0.031823,15.88181
EOSS-291,KC0D-1,2019-07-13 07:53:17.015,2019-07-13 07:53:15,87476.0,1050.0,4170.0,ascending,/135315h3915.23N/10330.97WO277/031!W77!/A=087476 EOSS BALLOON,"KC0D-1>APZEOS,EOSS,qAO,KC0D-4:/135315h3915.23N/10330.97WO277/031!W77!/A=087476 EOSS BALLOON",277.0,35.7,39.25395,-103.5162833333,,,,,-0.00017778,6.11e-06,17.5,low Re,-0.003333,19.47563,0.000797,3.876685,0.060347,-0.509618,-0.068438,15.865106
EOSS-291,AE0SS-12,2019-07-13 07:53:31.482,2019-07-13 07:53:30,87639.0,1076.0,4185.0,ascending,/135330h3915.25N/10331.12WO289/032EOSS Balloon www.eoss.org/A=087639!W75!,"AE0SS-12>APTT4,EOSS,qAO,KC0D-4:/135330h3915.25N/10331.12WO289/032EOSS Balloon www.eoss.org/A=087639!W75!",289.0,36.8,39.2542833333,-103.51875,,,,,-0.00017222,1.556e-05,17.93333333,low Re,0.014444,19.469918,0.000848,3.870611,0.06024,-0.396988,0.225697,15.86054
EOSS-291,KC0D-1,2019-07-13 07:53:46.760,2019-07-13 07:53:45,88011.0,1070.0,4200.0,ascending,/135345h3915.26N/10331.26WO274/031!W69!/A=088011 EOSS BALLOON,"KC0D-1>APZEOS,EOSS,qAO,KC0D-4:/135345h3915.26N/10331.26WO274/031!W69!/A=088011 EOSS BALLOON",274.0,35.7,39.2544333333,-103.52115,,,,,-0.00016222,1.611e-05,17.83333333,low Re,-0.003333,19.463879,0.000832,3.864715,0.060128,-0.421906,-0.069269,15.856741
EOSS-291,AE0SS-12,2019-07-13 07:54:01.529,2019-07-13 07:54:00,88148.0,1018.0,4215.0,ascending,/135400h3915.26N/10331.42WO246/022EOSS Balloon www.eoss.org/A=088148!W63!,"AE0SS-12>APTT4,EOSS,qAO,KC0D-4:/135400h3915.26N/10331.42WO246/022EOSS Balloon www.eoss.org/A=088148!W63!",246.0,25.3,39.2544333333,-103.5237166667,,,,,-0.00016556,5e-06,16.96666667,low Re,-0.028889,19.454698,0.000723,3.860549,0.060044,-0.644476,-0.493172,15.857778
EOSS-291,KC0D-1,2019-07-13 07:54:16.771,2019-07-13 07:54:15,88502.0,982.0,4230.0,ascending,/135415h3915.24N/10331.58WO256/032!W50!/A=088502 EOSS BALLOON,"KC0D-1>APZEOS,EOSS,qAO,KC0L-15:/135415h3915.24N/10331.58WO256/032!W50!/A=088502 EOSS BALLOON",256.0,36.8,39.2540833333,-103.5263333333,,,,,-0.00017278,-1.167e-05,16.36666667,low Re,-0.02,19.443386,0.000647,3.857975,0.059946,-0.797496,-0.344427,15.866845
EOSS-291,AE0SS-12,2019-07-13 07:54:31.625,2019-07-13 07:54:30,88630.0,964.0,4245.0,ascending,/135430h3915.21N/10331.74WO250/025EOSS Balloon www.eoss.org/A=088630!W71!,"AE0SS-12>APTT4,EOSS,qAO,KC0D-4:/135430h3915.21N/10331.74WO250/025EOSS Balloon www.eoss.org/A=088630!W71!",250.0,28.8,39.2536166667,-103.5290166667,,,,,-0.00017667,-2.722e-05,16.06666667,low Re,-0.01,19.431062,0.000608,3.856302,0.059839,-0.872441,-0.177276,15.872456
EOSS-291,KC0D-1,2019-07-13 07:54:46.840,2019-07-13 07:54:45,88964.0,924.0,4260.0,ascending,/135445h3915.16N/10331.90WO256/030!W58!/A=088964 EOSS BALLOON,"KC0D-1>APZEOS,EOSS,qAO,KC0D-4:/135445h3915.16N/10331.90WO256/030!W58!/A=088964 EOSS BALLOON",256.0,34.5,39.25275,-103.5318,,,,,-0.00018222,-4.444e-05,15.4,low Re,-0.022222,19.416404,0.000524,3.856927,0.059746,-1.041348,-0.380712,15.893092
EOSS-291,AE0SS-12,2019-07-13 07:55:01.377,2019-07-13 07:55:00,89070.0,880.0,4275.0,ascending,/135500h3915.13N/10332.08WO264/038EOSS Balloon www.eoss.org/A=089070!W17!,"AE0SS-12>APTT4,EOSS,qAO,KC0D-4:/135500h3915.13N/10332.08WO264/038EOSS Balloon www.eoss.org/A=089070!W17!",264.0,43.7,39.2521833333,-103.5347833333,,,,,-0.00019222,-4.778e-05,14.66666667,low Re,-0.024444,19.399195,0.000433,3.860509,0.059655,-1.225882,-0.417015,15.901476
EOSS-291,KC0D-1,2019-07-13 07:55:16.695,2019-07-13 07:55:15,89398.0,868.0,4290.0,ascending,/135515h3915.11N/10332.26WO261/037!W32!/A=089398 EOSS BALLOON,"KC0D-1>APZEOS,EOSS,qAO,KC0D-4:/135515h3915.11N/10332.26WO261/037!W32!/A=089398 EOSS BALLOON",261.0,42.6,39.2518833333,-103.5377,,,,,-0.00019667,-2.889e-05,14.46666667,low Re,-0.006667,19.381388,0.000408,3.864888,0.059548,-1.271634,-0.118812,15.933056
EOSS-291,AE0SS-12,2019-07-13 07:55:31.722,2019-07-13 07:55:30,89499.0,858.0,4305.0,ascending,/135530h3915.09N/10332.45WO266/031EOSS Balloon www.eoss.org/A=089499!W39!,"AE0SS-12>APTT4,EOSS,qAO,KC0L-15:/135530h3915.09N/10332.45WO266/031EOSS Balloon www.eoss.org/A=089499!W39!",266.0,35.7,39.25155,-103.5409833333,,,,,-0.00020667,-2.111e-05,14.3,low Re,-0.005556,19.36311,0.000386,3.869925,0.059442,-1.308323,-0.099963,15.944493
EOSS-291,KC0D-1,2019-07-13 07:55:46.750,2019-07-13 07:55:45,89804.0,812.0,4320.0,ascending,/135545h3915.07N/10332.62WO257/034!W76!/A=089804 EOSS BALLOON,"KC0D-1>APZEOS,EOSS,qAO,KC0L-15:/135545h3915.07N/10332.62WO257/034!W76!/A=089804 EOSS BALLOON",257.0,39.1,39.2512833333,-103.5437666667,,,,,-0.00020222,-2e-05,13.53333333,low Re,-0.025556,19.342214,0.000293,3.878693,0.059355,-1.497639,-0.435498,15.983872
EOSS-291,AE0SS-12,2019-07-13 07:56:01.362,2019-07-13 07:56:00,89933.0,868.0,4335.0,ascending,/135600h3915.05N/10332.79WO248/033EOSS Balloon www.eoss.org/A=089933!W31!,"AE0SS-12>APTT4,EOSS,qAO,KC0D-4:/135600h3915.05N/10332.79WO248/033EOSS Balloon www.eoss.org/A=089933!W31!",248.0,38.0,39.2508833333,-103.5465166667,,,,,-0.00018444,-2.222e-05,14.46666667,low Re,0.031111,19.324802,0.000403,3.882684,0.059276,-1.251231,0.518051,16.00268
EOSS-291,KC0D-1,2019-07-13 07:56:16.790,2019-07-13 07:56:15,90267.0,926.0,4350.0,ascending,/135615h3915.03N/10332.96WO256/031!W61!/A=090267 EOSS BALLOON,"KC0D-1>APZEOS,EOSS,qAO,KC0D-4:/135615h3915.03N/10332.96WO256/031!W61!/A=090267 EOSS BALLOON",256.0,35.7,39.2506,-103.54935,,,,,-0.00018611,-2.278e-05,15.43333333,low Re,0.032222,19.310953,0.000517,3.88269,0.059201,-0.998694,0.535548,16.057116
EOSS-291,AE0SS-12,2019-07-13 07:56:31.477,2019-07-13 07:56:30,90375.0,884.0,4365.0,ascending,/135630h3915.02N/10333.13WO283/034EOSS Balloon www.eoss.org/A=090375!W20!,"AE0SS-12>APTT4,EOSS,qAO,KC0D-4:/135630h3915.02N/10333.13WO283/034EOSS Balloon www.eoss.org/A=090375!W20!",283.0,39.1,39.2503666667,-103.5521666667,,,,,-0.00018833,-1.722e-05,14.73333333,low Re,-0.023333,19.29472,0.000432,3.88535,0.059112,-1.173996,-0.402033,16.076425
EOSS-291,KC0D-1,2019-07-13 07:56:46.989,2019-07-13 07:56:45,90708.0,882.0,4380.0,ascending,/135645h3915.00N/10333.30WO271/031!W36!/A=090708 EOSS BALLOON,"KC0D-1>APZEOS,EOSS,qAO,KC0D-4:/135645h3915.00N/10333.30WO271/031!W36!/A=090708 EOSS BALLOON",271.0,35.7,39.25005,-103.5551,,,,,-0.00019167,-1.833e-05,14.7,low Re,-0.001111,19.278484,0.000427,3.88806,0.059007,-1.177575,-0.026065,16.140872
EOSS-291,AE0SS-12,2019-07-13 07:57:01.664,2019-07-13 07:57:00,90822.0,894.0,4395.0,ascending,/135700h3915.01N/10333.45WO261/023EOSS Balloon www.eoss.org/A=090822!W27!,"AE0SS-12>APTT4,EOSS,qAO,KB0TVJ-1:/135700h3915.01N/10333.45WO261/023EOSS Balloon www.eoss.org/A=090822!W27!",261.0,26.5,39.2502,-103.5576166667,,,,,-0.00018167,-5.56e-06,14.9,low Re,0.006667,19.263067,0.000449,3.889871,0.058903,-1.121648,0.105563,16.164535
EOSS-291,KC0D-1,2019-07-13 07:57:16.755,2019-07-13 07:57:15,91165.0,914.0,4410.0,ascending,/135715h3915.02N/10333.58WO281/025!W29!/A=091165 EOSS BALLOON,"KC0D-1>APZEOS,EOSS,qAO,KC0D-4:/135715h3915.02N/10333.58WO281/025!W29!/A=091165 EOSS BALLOON",281.0,28.8,39.2503666667,-103.5598166667,,,,,-0.00015722,1.056e-05,15.23333333,low Re,0.011111,19.248928,0.000486,3.890347,0.058802,-1.032194,0.180691,16.240112
EOSS-291,AE0SS-12,2019-07-13 07:57:31.646,2019-07-13 07:57:30,91298.0,952.0,4425.0,ascending,/135730h3915.02N/10333.73WO268/029EOSS Balloon www.eoss.org/A=091298!W68!,"AE0SS-12>APTT4,EOSS,qAO,KC0D-4:/135730h3915.02N/10333.73WO268/029EOSS Balloon www.eoss.org/A=091298!W68!",268.0,33.4,39.2504333333,-103.5623,,,,,-0.00015611,7.78e-06,15.86666667,low Re,0.021111,19.237102,0.000559,3.888662,0.058712,-0.866734,0.350048,16.270996
EOSS-291,KC0D-1,2019-07-13 07:57:47.008,2019-07-13 07:57:45,91652.0,974.0,4440.0,ascending,/135745h3915.02N/10333.92WO265/036!W11!/A=091652 EOSS BALLOON,"KC0D-1>APZEOS,EOSS,qAO,KC0L-15:/135745h3915.02N/10333.92WO265/036!W11!/A=091652 EOSS BALLOON",265.0,41.4,39.25035,-103.56535,,,,,-0.00018444,-5.6e-07,16.23333333,low Re,0.012222,19.226636,0.000599,3.885905,0.058613,-0.770297,0.198301,16.356665
EOSS-291,AE0SS-12,2019-07-13 07:58:01.466,2019-07-13 07:58:00,91806.0,1016.0,4455.0,ascending,/135800h3915.02N/10334.09WO273/030EOSS Balloon www.eoss.org/A=091806!W46!,"AE0SS-12>APTT4,EOSS,qAO,KC0D-4:/135800h3915.02N/10334.09WO273/030EOSS Balloon www.eoss.org/A=091806!W46!",273.0,34.5,39.2504,-103.5682666667,,,,,-0.00019889,-1.11e-06,16.93333333,low Re,0.023333,19.218673,0.000679,3.881482,0.058525,-0.58878,0.387082,16.395173
EOSS-291,KC0D-1,2019-07-13 07:58:16.763,2019-07-13 07:58:15,92182.0,1060.0,4470.0,ascending,/135815h3915.01N/10334.28WO272/034!W12!/A=092182 EOSS BALLOON,"KC0D-1>APZEOS,EOSS,qAO,KC0D-4:/135815h3915.01N/10334.28WO272/034!W12!/A=092182 EOSS BALLOON",272.0,39.1,39.2501833333,-103.5713666667,,,,,-0.00020056,-5.56e-06,17.66666667,low Re,0.024444,19.213303,0.000761,3.875813,0.05844,-0.399048,0.405253,16.491039
EOSS-291,AE0SS-12,2019-07-13 07:58:31.543,2019-07-13 07:58:30,92334.0,1056.0,4485.0,ascending,/135830h3915.00N/10334.45WO263/034EOSS Balloon www.eoss.org/A=092334!W53!,"AE0SS-12>APTT4,EOSS,qAO,KB0TVJ-1:/135830h3915.00N/10334.45WO263/034EOSS Balloon www.eoss.org/A=092334!W53!",263.0,39.1,39.2500833333,-103.5742166667,,,,,-0.00019833,-1.056e-05,17.6,low Re,-0.002222,19.207739,0.000751,3.870261,0.058339,-0.415408,-0.050961,16.530085
EOSS-291,KC0D-1,2019-07-13 07:58:46.776,2019-07-13 07:58:45,92721.0,1078.0,4500.0,ascending,/135845h3914.99N/10334.63WO269/033!W69!/A=092721 EOSS BALLOON,"KC0D-1>APZEOS,EOSS,qAO,KC0D-4:/135845h3914.99N/10334.63WO269/033!W69!/A=092721 EOSS BALLOON",269.0,38.0,39.2499333333,-103.5773166667,,,,,-0.00019833,-8.33e-06,17.96666667,low Re,0.012222,19.203475,0.00079,3.864267,0.058242,-0.320063,0.196284,16.62852
EOSS-291,AE0SS-12,2019-07-13 07:59:01.796,2019-07-13 07:59:00,92892.0,1116.0,4515.0,ascending,/135900h3914.98N/10334.81WO259/041EOSS Balloon www.eoss.org/A=092892!W59!,"AE0SS-12>APTT4,EOSS,qAO,KB0TVJ-1:/135900h3914.98N/10334.81WO259/041EOSS Balloon www.eoss.org/A=092892!W59!",259.0,47.2,39.24975,-103.5803166667,,,,,-0.00020333,-1.111e-05,18.6,low Re,0.021111,19.201408,0.00086,3.857784,0.058153,-0.155895,0.348237,16.670899
EOSS-291,KC0D-1,2019-07-13 07:59:16.735,2019-07-13 07:59:15,93278.0,1114.0,4530.0,ascending,/135915h3914.97N/10335.02WO263/036!W31!/A=093278 EOSS BALLOON,"KC0D-1>APZEOS,EOSS,qAO,KC0D-4:/135915h3914.97N/10335.02WO263/036!W31!/A=093278 EOSS BALLOON",263.0,41.4,39.24955,-103.5836833333,,,,,-0.00021222,-1.278e-05,18.56666667,low Re,-0.001111,19.199242,0.000853,3.851351,0.058053,-0.164248,-0.033831,16.761889
EOSS-291,AE0SS-12,2019-07-13 07:59:31.403,2019-07-13 07:59:30,93434.0,1084.0,4545.0,ascending,/135930h3914.95N/10335.23WO270/034EOSS Balloon www.eoss.org/A=093434!W22!,"AE0SS-12>APTT4,EOSS,qAO,KC0D-4:/135930h3914.95N/10335.23WO270/034EOSS Balloon www.eoss.org/A=093434!W22!",270.0,39.1,39.2492,-103.5872,,,,,-0.00022944,-1.833e-05,18.06666667,low Re,-0.016667,19.195389,0.000794,3.84534,0.057963,-0.29353,-0.301244,16.796145
EOSS-291,KC0D-1,2019-07-13 07:59:46.920,2019-07-13 07:59:45,93789.0,1022.0,4560.0,ascending,/135945h3914.94N/10335.43WO259/038!W05!/A=093789 EOSS BALLOON,"KC0D-1>APZEOS,EOSS,qAO,KC0D-4:/135945h3914.94N/10335.43WO259/038!W05!/A=093789 EOSS BALLOON",259.0,43.7,39.249,-103.5905833333,,,,,-0.00023,-1.833e-05,17.03333333,low Re,-0.034444,19.18806,0.000674,3.840858,0.0579,-0.561001,-0.606528,16.86677
EOSS-291,AE0SS-12,2019-07-13 08:00:01.422,2019-07-13 08:00:00,93926.0,984.0,4575.0,ascending,/140000h3914.93N/10335.63WO271/032EOSS Balloon www.eoss.org/A=093926!W25!,"AE0SS-12>APTT4,EOSS,qAO,KC0D-4:/140000h3914.93N/10335.63WO271/032EOSS Balloon www.eoss.org/A=093926!W25!",271.0,36.8,39.2488666667,-103.5939166667,,,,,-0.00022389,-1.111e-05,16.4,low Re,-0.021111,19.178641,0.0006,3.837766,0.057816,-0.724026,-0.375519,16.890766
EOSS-291,KC0D-1,2019-07-13 08:00:16.903,2019-07-13 08:00:15,94274.0,970.0,4590.0,ascending,/140015h3914.92N/10335.84WO274/038!W23!/A=094274 EOSS BALLOON,"KC0D-1>APZEOS,EOSS,qAO,KC0D-4:/140015h3914.92N/10335.84WO274/038!W23!/A=094274 EOSS BALLOON",274.0,43.7,39.2487,-103.5973833333,,,,,-0.00022667,-1e-05,16.16666667,low Re,-0.007778,19.1685,0.000572,3.835262,0.05772,-0.782693,-0.144664,16.941772
EOSS-291,AE0SS-12,2019-07-13 08:00:31.582,2019-07-13 08:00:30,94398.0,944.0,4605.0,ascending,/140030h3914.93N/10336.02WO262/029EOSS Balloon www.eoss.org/A=094398!W36!,"AE0SS-12>APTT4,EOSS,qAO,KC0D-4:/140030h3914.93N/10336.02WO262/029EOSS Balloon www.eoss.org/A=094398!W36!",262.0,33.4,39.2488833333,-103.6004333333,,,,,-0.00021722,5.6e-07,15.73333333,low Re,-0.014444,19.156972,0.000521,3.833967,0.057629,-0.892976,-0.259678,16.956044
EOSS-291,KC0D-1,2019-07-13 08:00:46.763,2019-07-13 08:00:45,94716.0,884.0,4620.0,ascending,/140045h3914.95N/10336.19WO285/031!W63!/A=094716 EOSS BALLOON,"KC0D-1>APZEOS,EOSS,qAO,KC0D-4:/140045h3914.95N/10336.19WO285/031!W63!/A=094716 EOSS BALLOON",285.0,35.7,39.2492666667,-103.6032166667,,,,,-0.00019444,1.889e-05,14.73333333,low Re,-0.033333,19.142178,0.000407,3.836069,0.057565,-1.149313,-0.58612,16.981858
EOSS-291,AE0SS-12,2019-07-13 08:01:01.449,2019-07-13 08:01:00,94835.0,874.0,4635.0,ascending,/140100h3914.98N/10336.33WO291/028EOSS Balloon www.eoss.org/A=094835!W36!,"AE0SS-12>APTT4,EOSS,qAO,KC0D-4:/140100h3914.98N/10336.33WO291/028EOSS Balloon www.eoss.org/A=094835!W36!",291.0,32.2,39.2497166667,-103.6056,,,,,-0.00017222,2.778e-05,14.56666667,low Re,-0.005556,19.126926,0.000388,3.838749,0.05747,-1.187955,-0.103428,16.98716
EOSS-291,KC0D-1,2019-07-13 08:01:16.839,2019-07-13 08:01:15,95166.0,900.0,4650.0,ascending,/140115h3915.02N/10336.46WO277/023!W47!/A=095166 EOSS BALLOON,"KC0D-1>APZEOS,EOSS,qAO,KC0D-4:/140115h3915.02N/10336.46WO277/023!W47!/A=095166 EOSS BALLOON",277.0,26.5,39.2504,-103.6077833333,,,,,-0.00015222,3.778e-05,15.0,low Re,0.014444,19.113215,0.000434,3.839721,0.057379,-1.071228,0.244166,16.988022
EOSS-291,AE0SS-12,2019-07-13 08:01:31.446,2019-07-13 08:01:30,95278.0,886.0,4665.0,ascending,/140130h3915.04N/10336.61WO280/032EOSS Balloon www.eoss.org/A=095278!W04!,"AE0SS-12>APTT4,EOSS,qAO,KB0TVJ-1:/140130h3915.04N/10336.61WO280/032EOSS Balloon www.eoss.org/A=095278!W04!",280.0,36.8,39.2506666667,-103.6102333333,,,,,-0.00015444,3.167e-05,14.76666667,low Re,-0.007778,19.098823,0.000407,3.841489,0.057285,-1.127728,-0.142882,16.98336
EOSS-291,KC0D-1,2019-07-13 08:01:46.747,2019-07-13 08:01:45,95617.0,902.0,4680.0,ascending,/140145h3915.04N/10336.76WO283/027!W39!/A=095617 EOSS BALLOON,"KC0D-1>APZEOS,EOSS,qAO,KC0D-4:/140145h3915.04N/10336.76WO283/027!W39!/A=095617 EOSS BALLOON",283.0,31.1,39.2507166667,-103.6128166667,,,,,-0.00016778,1.056e-05,15.03333333,low Re,0.008889,19.085405,0.000435,3.842228,0.057192,-1.054615,0.147818,16.952665
EOSS-291,AE0SS-12,2019-07-13 08:02:01.651,2019-07-13 08:02:00,95747.0,938.0,4695.0,ascending,/140200h3915.07N/10336.92WO276/032EOSS Balloon www.eoss.org/A=095747!W43!,"AE0SS-12>APTT4,EOSS,qAO,KB0TVJ-1:/140200h3915.07N/10336.92WO276/032EOSS Balloon www.eoss.org/A=095747!W43!",276.0,36.8,39.2512333333,-103.6153833333,,,,,-0.00017167,1.889e-05,15.63333333,low Re,0.02,19.07405,0.0005,3.840989,0.057108,-0.895789,0.341458,16.933924
EOSS-291,KC0D-1,2019-07-13 08:02:16.773,2019-07-13 08:02:15,96120.0,1006.0,4710.0,ascending,/140215h3915.09N/10337.05WO284/025!W65!/A=096120 EOSS BALLOON,"KC0D-1>APZEOS,EOSS,qAO,KC0D-4:/140215h3915.09N/10337.05WO284/025!W65!/A=096120 EOSS BALLOON",284.0,28.8,39.2516,-103.6175833333,,,,,-0.00015889,2.944e-05,16.76666667,low Re,0.037778,19.066485,0.000622,3.836942,0.057054,-0.599388,0.651243,16.857319
EOSS-291,AE0SS-12,2019-07-13 08:02:31.477,2019-07-13 08:02:30,96275.0,1056.0,4725.0,ascending,/140230h3915.11N/10337.20WO271/027EOSS Balloon www.eoss.org/A=096275!W83!,"AE0SS-12>APTT4,EOSS,qAO,KC0L-15:/140230h3915.11N/10337.20WO271/027EOSS Balloon www.eoss.org/A=096275!W83!",271.0,31.1,39.2519666667,-103.62005,,,,,-0.00015556,2.444e-05,17.6,low Re,0.027778,19.061692,0.000711,3.831564,0.056982,-0.381487,0.47501,16.815149
EOSS-291,KC0D-1,2019-07-13 08:02:46.784,2019-07-13 08:02:45,96675.0,1110.0,4740.0,ascending,/140245h3915.13N/10337.33WO273/030!W23!/A=096675 EOSS BALLOON,"KC0D-1>APZEOS,EOSS,qAO,KC0D-4:/140245h3915.13N/10337.33WO273/030!W23!/A=096675 EOSS BALLOON",273.0,34.5,39.2522,-103.6222166667,,,,,-0.00015444,2e-05,18.5,low Re,0.03,19.059862,0.000807,3.825432,0.056913,-0.146353,0.512941,16.677305
EOSS-291,AE0SS-12,2019-07-13 08:03:01.388,2019-07-13 08:03:00,96853.0,1156.0,4755.0,ascending,/140300h3915.12N/10337.47WO250/022EOSS Balloon www.eoss.org/A=096853!W99!,"AE0SS-12>APTT4,EOSS,qAO,KC0D-4:/140300h3915.12N/10337.47WO250/022EOSS Balloon www.eoss.org/A=096853!W99!",250.0,25.3,39.25215,-103.62465,,,,,-0.00015333,6.11e-06,19.26666667,low Re,0.025556,19.060534,0.000888,3.819215,0.056837,0.053973,0.434013,16.602377
EOSS-291,KC0D-1,2019-07-13 08:03:16.734,2019-07-13 08:03:15,97254.0,1158.0,4770.0,ascending,/140315h3915.10N/10337.64WO256/033!W14!/A=097254 EOSS BALLOON,"KC0D-1>APZEOS,EOSS,qAO,KC0D-4:/140315h3915.10N/10337.64WO256/033!W14!/A=097254 EOSS BALLOON",256.0,38.0,39.2516833333,-103.6274,,,,,-0.00017278,-1.722e-05,19.3,low Re,0.001111,19.061309,0.000888,3.813034,0.056745,0.062599,0.00393,16.403334
EOSS-291,AE0SS-12,2019-07-13 08:03:31.667,2019-07-13 08:03:30,97427.0,1148.0,4785.0,ascending,/140330h3915.07N/10337.79WO266/031EOSS Balloon www.eoss.org/A=097427!W99!,"AE0SS-12>APTT4,EOSS,qAO,KB0TVJ-1:/140330h3915.07N/10337.79WO266/031EOSS Balloon www.eoss.org/A=097427!W99!",266.0,35.7,39.2513166667,-103.6299833333,,,,,-0.00017778,-2.778e-05,19.13333333,low Re,-0.005556,19.061541,0.000868,3.806862,0.056654,0.018859,-0.11339,16.304991
EOSS-291,KC0D-1,2019-07-13 08:03:46.765,2019-07-13 08:03:45,97822.0,1136.0,4800.0,ascending,/140345h3915.07N/10337.94WO266/026!W64!/A=097822 EOSS BALLOON,"KC0D-1>APZEOS,EOSS,qAO,KC0D-4:/140345h3915.07N/10337.94WO266/026!W64!/A=097822 EOSS BALLOON",266.0,29.9,39.2512666667,-103.6324,,,,,-0.00016667,-1.389e-05,18.93333333,low Re,-0.006667,19.061129,0.000843,3.800723,0.056563,-0.033624,-0.132772,16.054765
EOSS-291,AE0SS-12,2019-07-13 08:04:01.595,2019-07-13 08:04:00,97991.0,1128.0,4815.0,ascending,/140400h3915.08N/10338.10WO268/033EOSS Balloon www.eoss.org/A=097991!W25!,"AE0SS-12>APTT4,EOSS,qAO,KC0D-4:/140400h3915.08N/10338.10WO268/033EOSS Balloon www.eoss.org/A=097991!W25!",268.0,38.0,39.2513666667,-103.6350833333,,,,,-0.00017,1.67e-06,18.8,low Re,-0.004444,19.060292,0.000826,3.794637,0.056473,-0.068595,-0.093319,15.938027
EOSS-291,KC0D-1,2019-07-13 08:04:17.056,2019-07-13 08:04:15,98376.0,1108.0,4830.0,ascending,/140415h3915.06N/10338.27WO262/033!W66!/A=098376 EOSS BALLOON,"KC0D-1>APZEOS,EOSS,qAO,KC0D-4:/140415h3915.06N/10338.27WO262/033!W66!/A=098376 EOSS BALLOON",262.0,38.0,39.2511,-103.6379333333,,,,,-0.00018444,-5.56e-06,18.46666667,low Re,-0.011111,19.058395,0.000788,3.788699,0.056386,-0.156182,-0.211028,15.655389
EOSS-291,AE0SS-12,2019-07-13 08:04:31.493,2019-07-13 08:04:30,98520.0,1058.0,4845.0,ascending,/140430h3915.06N/10338.47WO269/038EOSS Balloon www.eoss.org/A=098520!W66!,"AE0SS-12>APTT4,EOSS,qAO,KC0L-15:/140430h3915.06N/10338.47WO269/038EOSS Balloon www.eoss.org/A=098520!W66!",269.0,43.7,39.2511,-103.6412666667,,,,,-0.00020611,-8.89e-06,17.63333333,low Re,-0.027778,19.053857,0.000697,3.783497,0.056319,-0.375453,-0.505602,15.545431
EOSS-291,KC0D-1,2019-07-13 08:04:46.790,2019-07-13 08:04:45,98851.0,950.0,4860.0,ascending,/140445h3915.06N/10338.66WO271/034!W29!/A=098851 EOSS BALLOON,"KC0D-1>APZEOS,EOSS,qAO,KC0D-4:/140445h3915.06N/10338.66WO271/034!W29!/A=098851 EOSS BALLOON",271.0,39.1,39.2510333333,-103.6444833333,,,,,-0.00021833,-2.22e-06,15.83333333,low Re,-0.06,19.043633,0.000503,3.781823,0.056333,-0.848876,-1.074024,15.289418
EOSS-291,AE0SS-12,2019-07-13 08:05:01.493,2019-07-13 08:05:00,98969.0,898.0,4875.0,ascending,/140500h3915.07N/10338.84WO278/023EOSS Balloon www.eoss.org/A=098969!W72!,"AE0SS-12>APTT4,EOSS,qAO,KC0L-15:/140500h3915.07N/10338.84WO278/023EOSS Balloon www.eoss.org/A=098969!W72!",278.0,26.5,39.2512833333,-103.6473666667,,,,,-0.00020333,6.11e-06,14.96666667,low Re,-0.028889,19.030731,0.00041,3.782775,0.056268,-1.074361,-0.520704,15.198609
EOSS-291,KC0D-1,2019-07-13 08:05:16.710,2019-07-13 08:05:15,99275.0,848.0,4890.0,ascending,/140515h3915.08N/10338.98WO271/033!W93!/A=099275 EOSS BALLOON,"KC0D-1>APZEOS,EOSS,qAO,KC0D-4:/140515h3915.08N/10338.98WO271/033!W93!/A=099275 EOSS BALLOON",271.0,38.0,39.2514833333,-103.6497166667,,,,,-0.00017444,1.5e-05,14.13333333,low Re,-0.027778,19.015282,0.000321,3.786788,0.056201,-1.289206,-0.499973,14.969992
EOSS-291,AE0SS-12,2019-07-13 08:05:31.436,2019-07-13 08:05:30,99366.0,794.0,4905.0,ascending,/140530h3915.08N/10339.17WO274/032EOSS Balloon www.eoss.org/A=099366!W71!,"AE0SS-12>APTT4,EOSS,qAO,KB0TVJ-1:/140530h3915.08N/10339.17WO274/032EOSS Balloon www.eoss.org/A=099366!W71!",274.0,36.8,39.25145,-103.65285,,,,,-0.00018278,5.56e-06,13.23333333,low Re,-0.03,18.9971,0.000225,3.794688,0.056137,-1.518904,-0.538415,14.905184
EOSS-291,KC0D-1,2019-07-13 08:05:46.804,2019-07-13 08:05:45,99637.0,724.0,4920.0,ascending,/140545h3915.09N/10339.36WO267/035!W44!/A=099637 EOSS BALLOON,"KC0D-1>APZEOS,EOSS,qAO,KC0L-15:/140545h3915.09N/10339.36WO267/035!W44!/A=099637 EOSS BALLOON",267.0,40.3,39.2515666667,-103.6560666667,,,,,-0.00021167,2.78e-06,12.06666667,low Re,-0.038889,18.975374,0.000102,3.808535,0.056092,-1.814007,-0.695126,14.725913
EOSS-291,AE0SS-12,2019-07-13 08:06:01.450,2019-07-13 08:06:00,99714.0,696.0,4935.0,ascending,/140600h3915.09N/10339.53WO272/030EOSS Balloon www.eoss.org/A=099714!W95!,"AE0SS-12>APTT4,EOSS,qAO,KB0TVJ-1:/140600h3915.09N/10339.53WO272/030EOSS Balloon www.eoss.org/A=099714!W95!",272.0,34.5,39.25165,-103.6589166667,,,,,-0.00020222,6.67e-06,11.6,low Re,-0.015556,18.952326,5.3e-05,3.824848,0.05601,-1.922253,-0.278682,14.679754
EOSS-291,KC0D-1,2019-07-13 08:06:16.775,2019-07-13 08:06:15,100000.0,726.0,4950.0,ascending,/140615h3915.08N/10339.70WO265/034!W44!/A=100000 EOSS BALLOON,"KC0D-1>APZEOS,EOSS,qAO,KC0L-15:/140615h3915.08N/10339.70WO265/034!W44!/A=100000 EOSS BALLOON",265.0,39.1,39.2514,-103.6617333333,,,,,-0.00018889,-5.56e-06,12.1,low Re,0.016667,18.93098,0.000105,3.83797,0.05593,-1.779842,0.29612,14.533252
EOSS-291,AE0SS-12,2019-07-13 08:06:31.482,2019-07-13 08:06:30,100078.0,728.0,4965.0,ascending,/140630h3915.07N/10339.91WO266/040EOSS Balloon www.eoss.org/A=100078!W50!,"AE0SS-12>APTT4,EOSS,qAO,KB0TVJ-1:/140630h3915.07N/10339.91WO266/040EOSS Balloon www.eoss.org/A=100078!W50!",266.0,46.0,39.25125,-103.6651666667,,,,,-0.00020833,-1.333e-05,12.13333333,low Re,0.001111,18.909869,0.000108,3.850666,0.055843,-1.759835,0.017961,14.501479
EOSS-291,KC0D-1,2019-07-13 08:06:46.883,2019-07-13 08:06:45,100369.0,738.0,4980.0,ascending,/140645h3915.05N/10340.13WO269/045!W34!/A=100369 EOSS BALLOON,"KC0D-1>APZEOS,EOSS,qAO,KC0L-15:/140645h3915.05N/10340.13WO269/045!W34!/A=100369 EOSS BALLOON",269.0,51.8,39.2508833333,-103.6689,,,,,-0.00023889,-1.722e-05,12.3,low Re,0.005556,18.889405,0.000125,3.862234,0.055756,-1.706112,0.097407,14.422373
EOSS-291,AE0SS-12,2019-07-13 08:07:01.441,2019-07-13 08:07:00,100459.0,762.0,4995.0,ascending,/140700h3915.05N/10340.35WO259/034EOSS Balloon www.eoss.org/A=100459!W34!,"AE0SS-12>APTT4,EOSS,qAO,KB0TVJ-1:/140700h3915.05N/10340.35WO259/034EOSS Balloon www.eoss.org/A=100459!W34!",259.0,39.1,39.2508833333,-103.6725666667,,,,,-0.00024667,-1.222e-05,12.7,low Re,0.013333,18.870302,0.000166,3.87155,0.055675,-1.593755,0.236498,14.412604
EOSS-291,KC0D-1,2019-07-13 08:07:16.789,2019-07-13 08:07:15,100765.0,792.0,5010.0,ascending,/140715h3915.06N/10340.55WO275/039!W12!/A=100765 EOSS BALLOON,"KC0D-1>APZEOS,EOSS,qAO,KC0D-4:/140715h3915.06N/10340.55WO275/039!W12!/A=100765 EOSS BALLOON",275.0,44.9,39.2510166667,-103.6758666667,,,,,-0.00023222,4.44e-06,13.2,low Re,0.016667,18.852855,0.000217,3.878346,0.055596,-1.457543,0.295885,14.44366
EOSS-291,AE0SS-12,2019-07-13 08:07:31.399,2019-07-13 08:07:30,100895.0,872.0,5025.0,ascending,/140730h3915.06N/10340.75WO270/038EOSS Balloon www.eoss.org/A=100895!W04!,"AE0SS-12>APTT4,EOSS,qAO,KB0TVJ-1:/140730h3915.06N/10340.75WO270/038EOSS Balloon www.eoss.org/A=100895!W04!",270.0,43.7,39.251,-103.6792333333,,,,,-0.00022222,3.89e-06,14.53333333,low Re,0.044444,18.839605,0.000353,3.879758,0.055564,-1.109933,0.793517,14.491831
EOSS-291,KC0D-1,2019-07-13 08:07:46.790,2019-07-13 08:07:45,101250.0,970.0,5040.0,ascending,/140745h3915.06N/10340.96WO267/039!W82!/A=101250 EOSS BALLOON,"KC0D-1>APZEOS,EOSS,qAO,KC0D-4:/140745h3915.06N/10340.96WO267/039!W82!/A=101250 EOSS BALLOON",267.0,44.9,39.2511333333,-103.6827,,,,,-0.00022778,3.89e-06,16.16666667,low Re,0.054444,18.831431,0.000519,3.876622,0.05556,-0.687393,0.970572,14.754719
EOSS-291,AE0SS-12,2019-07-13 08:08:01.466,2019-07-13 08:08:00,101400.0,1010.0,5055.0,ascending,/140800h3915.05N/10341.17WO271/042EOSS Balloon www.eoss.org/A=101400!W66!,"AE0SS-12>APTT4,EOSS,qAO,KB0TVJ-1:/140800h3915.05N/10341.17WO271/042EOSS Balloon www.eoss.org/A=101400!W66!",271.0,48.3,39.2509333333,-103.6862666667,,,,,-0.00023444,-2.22e-06,16.83333333,low Re,0.022222,18.825339,0.000585,3.872262,0.055487,-0.514429,0.389947,14.933524
EOSS-291,KC0D-1,2019-07-13 08:08:16.787,2019-07-13 08:08:15,101772.0,1044.0,5070.0,ascending,/140815h3915.06N/10341.39WO265/041!W03!/A=101772 EOSS BALLOON,"KC0D-1>APZEOS,EOSS,qAO,KC0D-4:/140815h3915.06N/10341.39WO265/041!W03!/A=101772 EOSS BALLOON",265.0,47.2,39.251,-103.6898833333,,,,,-0.00023944,-4.44e-06,17.4,low Re,0.018889,18.821006,0.000641,3.867153,0.055412,-0.367455,0.329315,15.590241
EOSS-291,AE0SS-12,2019-07-13 08:08:31.479,2019-07-13 08:08:30,101935.0,1070.0,5085.0,ascending,/140830h3915.07N/10341.62WO275/044EOSS Balloon www.eoss.org/A=101935!W20!,"AE0SS-12>APTT4,EOSS,qAO,KC0L-15:/140830h3915.07N/10341.62WO275/044EOSS Balloon www.eoss.org/A=101935!W20!",275.0,50.6,39.2512,-103.6936666667,,,,,-0.00024667,8.89e-06,17.83333333,low Re,0.014444,18.818013,0.000683,3.861654,0.055332,-0.254989,0.248699,15.989448
EOSS-291,KC0D-1,2019-07-13 08:08:46.790,2019-07-13 08:08:45,102325.0,1106.0,5100.0,ascending,/140845h3915.09N/10341.83WO284/039!W55!/A=102325 EOSS BALLOON,"KC0D-1>APZEOS,EOSS,qAO,KC0D-4:/140845h3915.09N/10341.83WO284/039!W55!/A=102325 EOSS BALLOON",284.0,44.9,39.2515833333,-103.69725,,,,,-0.00024556,1.944e-05,18.43333333,low Re,0.02,18.816851,0.000742,3.855857,0.055258,-0.099464,0.348511,17.279252
EOSS-291,AE0SS-12,2019-07-13 08:09:01.663,2019-07-13 08:09:00,102487.0,1104.0,5115.0,ascending,/140900h3915.14N/10342.03WO290/041EOSS Balloon www.eoss.org/A=102487!W25!,"AE0SS-12>APTT4,EOSS,qAO,KB0TVJ-1:/140900h3915.14N/10342.03WO290/041EOSS Balloon www.eoss.org/A=102487!W25!",290.0,47.2,39.2523666667,-103.7005833333,,,,,-0.00023056,3.889e-05,18.4,low Re,-0.001111,18.815596,0.000736,3.850096,0.055175,-0.107944,-0.033475,17.975034
EOSS-291,KC0D-1,2019-07-13 08:09:16.844,2019-07-13 08:09:15,102867.0,1084.0,5130.0,ascending,/140915h3915.17N/10342.23WO282/036!W22!/A=102867 EOSS BALLOON,"KC0D-1>APZEOS,EOSS,qAO,KC0D-4:/140915h3915.17N/10342.23WO282/036!W22!/A=102867 EOSS BALLOON",282.0,41.4,39.2528666667,-103.7038666667,,,,,-0.00022056,4.278e-05,18.06666667,low Re,-0.011111,18.813347,0.0007,3.844512,0.055095,-0.19422,-0.214375,20.047309
EOSS-291,AE0SS-12,2019-07-13 08:09:31.454,2019-07-13 08:09:30,102362.0,-250.0,0.0,descending,/140930h3915.20N/10342.42WO268/035EOSS Balloon www.eoss.org/A=102362!W50!,"AE0SS-12>APTT4,EOSS,qAO,KB0TVJ-1:/140930h3915.20N/10342.42WO268/035EOSS Balloon www.eoss.org/A=102362!W50!",268.0,40.3,39.2534166667,-103.707,,,,,-0.00021389,3.5e-05,-4.16666667,n/a,,-4.166667,,,,,,-2.504277
EOSS-291,KC0D-1,2019-07-13 08:09:46.771,2019-07-13 08:09:45,100091.0,-5552.0,15.0,descending,/140945h3915.28N/10342.54WO314/033!W05!/A=100091 EOSS BALLOON,"KC0D-1>APZEOS,EOSS,qAO,KC0D-4:/140945h3915.28N/10342.54WO314/033!W05!/A=100091 EOSS BALLOON",314.0,38.0,39.2546666667,-103.7090833333,,,,,-0.00017389,6e-05,-92.53333333,n/a,-2.945556,-48.35,-2.945556,62.484669,,-0.707107,,-100.628843
EOSS-291,AE0SS-12,2019-07-13 08:10:01.522,2019-07-13 08:10:00,97916.0,-8892.0,30.0,descending,/141000h3915.31N/10342.63WO291/026EOSS Balloon www.eoss.org/A=097916!W14!,"AE0SS-12>APTT4,EOSS,qAO,KC0L-15:/141000h3915.31N/10342.63WO291/026EOSS Balloon www.eoss.org/A=097916!W14!",291.0,29.9,39.2551833333,-103.7105666667,,,,,-0.00011889,5.889e-05,-148.2,n/a,-1.855556,-81.633333,-2.400556,72.632691,0.770746,-0.916484,0.707107,-137.10833
EOSS-291,KC0D-1,2019-07-13 08:10:16.826,2019-07-13 08:10:15,95750.0,-8682.0,45.0,descending,/141015h3915.38N/10342.80WO328/030!W39!/A=095750 EOSS BALLOON,"KC0D-1>APZEOS,EOSS,qAO,KC0D-4:/141015h3915.38N/10342.80WO328/030!W39!/A=095750 EOSS BALLOON",328.0,34.5,39.2563833333,-103.7134833333,,,,,-0.00014667,5.722e-05,-144.7,n/a,0.116667,-97.4,-1.561482,67.166631,1.552148,-0.704219,1.081178,-144.70217
EOSS-291,AE0SS-12,2019-07-13 08:10:31.691,2019-07-13 08:10:30,93821.0,-8190.0,60.0,descending,/141030h3915.40N/10342.85WO300/028EOSS Balloon www.eoss.org/A=093821!W99!,"AE0SS-12>APTT4,EOSS,qAO,KB0TVJ-1:/141030h3915.40N/10342.85WO300/028EOSS Balloon www.eoss.org/A=093821!W99!",300.0,32.2,39.2568166667,-103.7143166667,,,,,-0.000125,5.444e-05,-136.5,n/a,0.273333,-105.22,-1.102778,60.739437,1.564527,-0.514987,0.87957,-140.928058
EOSS-291,KC0D-1,2019-07-13 08:10:46.760,2019-07-13 08:10:45,91855.0,-7790.0,75.0,descending,/141045h3915.37N/10343.10WO262/054!W70!/A=091855 EOSS BALLOON,"KC0D-1>APZEOS,EOSS,qAO,KC0L-15:/141045h3915.37N/10343.10WO262/054!W70!/A=091855 EOSS BALLOON",262.0,62.1,39.2562833333,-103.7183333333,,,,,-0.00016167,-3.33e-06,-129.83333333,n/a,0.222222,-109.322222,-0.837778,55.248464,1.478828,-0.371252,0.716784,-133.939692
EOSS-291,AE0SS-12,2019-07-13 08:11:01.746,2019-07-13 08:11:00,90021.0,-7600.0,90.0,descending,/141100h3915.38N/10343.30WO313/039EOSS Balloon www.eoss.org/A=090021!W24!,"AE0SS-12>APTT4,EOSS,qAO,KB0TVJ-1:/141100h3915.38N/10343.30WO313/039EOSS Balloon www.eoss.org/A=090021!W24!",313.0,44.9,39.2563666667,-103.7217333333,,,,,-0.00024722,-1.5e-05,-126.66666667,n/a,0.105556,-111.8,-0.680556,50.858984,1.377628,-0.292312,0.570627,-127.400657
EOSS-291,KC0D-1,2019-07-13 08:11:16.753,2019-07-13 08:11:15,88154.0,-7402.0,105.0,descending,/141115h3915.39N/10343.43WO275/026!W68!/A=088154 EOSS BALLOON,"KC0D-1>APZEOS,EOSS,qAO,KC0D-4:/141115h3915.39N/10343.43WO275/026!W68!/A=088154 EOSS BALLOON",275.0,29.9,39.2566,-103.7239666667,,,,,-0.00018778,1.056e-05,-123.36666667,n/a,0.11,-113.245833,-0.567619,47.26352,1.292607,-0.214136,0.524227,-121.624135
EOSS-291,AE0SS-12,2019-07-13 08:11:31.456,2019-07-13 08:11:30,86425.0,-7192.0,120.0,descending,/141130h3915.40N/10343.58WO241/032EOSS Balloon www.eoss.org/A=086425!W80!,"AE0SS-12>APTT4,EOSS,qAO,KC0D-4:/141130h3915.40N/10343.58WO241/032EOSS Balloon www.eoss.org/A=086425!W80!",241.0,36.8,39.2568,-103.7263333333,,,,,-0.00015333,1.444e-05,-119.86666667,n/a,0.116667,-113.981481,-0.482083,44.266024,1.220931,-0.13295,0.490404,-117.001191
EOSS-291,KC0D-1,2019-07-13 08:11:47.417,2019-07-13 08:11:45,84692.0,-6924.0,135.0,descending,/141145h3915.43N/10343.71WO277/021!W56!/A=084692 EOSS BALLOON,"KC0D-1>APZEOS,EOSS,qAO,KC0L-15:/141145h3915.43N/10343.71WO277/021!W56!/A=084692 EOSS BALLOON",277.0,24.2,39.25725,-103.7286,,,,,-0.00015444,2.167e-05,-115.4,n/a,0.148889,-114.123333,-0.411975,41.736818,1.161282,-0.030589,0.48297,-112.705489
EOSS-291,AE0SS-12,2019-07-13 08:12:01.372,2019-07-13 08:12:00,83098.0,-6654.0,150.0,descending,/141200h3915.48N/10343.86WO331/049EOSS Balloon www.eoss.org/A=083098!W96!,"AE0SS-12>APTT4,EOSS,qAO,KC0D-4:/141200h3915.48N/10343.86WO331/049EOSS Balloon www.eoss.org/A=083098!W96!",331.0,56.4,39.25815,-103.7311,,,,,-0.00015889,4.5e-05,-110.9,n/a,0.15,-113.830303,-0.355778,39.606948,1.109196,0.073985,0.455986,-108.733942
EOSS-291,KC0D-1,2019-07-13 08:12:16.750,2019-07-13 08:12:15,81516.0,-6352.0,165.0,descending,/141215h3915.50N/10344.02WO277/019!W08!/A=081516 EOSS BALLOON,"KC0D-1>APZEOS,EOSS,qAO,KC0D-4:/141215h3915.50N/10344.02WO277/019!W08!/A=081516 EOSS BALLOON",277.0,21.9,39.2583333333,-103.7338,,,,,-0.00017333,3.611e-05,-105.86666667,n/a,0.167778,-113.166667,-0.308182,37.833652,1.06405,0.19295,0.44731,-104.570827
EOSS-291,AE0SS-12,2019-07-13 08:12:31.416,2019-07-13 08:12:30,80138.0,-5920.0,180.0,descending,/141230h3915.44N/10344.17WO256/040EOSS Balloon www.eoss.org/A=080138!W10!,"AE0SS-12>APTT4,EOSS,qAO,KC0D-4:/141230h3915.44N/10344.17WO256/040EOSS Balloon www.eoss.org/A=080138!W10!",256.0,46.0,39.25735,-103.7361666667,,,,,-0.00016889,-2.667e-05,-98.66666667,n/a,0.24,-112.051282,-0.2625,36.445524,1.026799,0.36725,0.489385,-100.702839
EOSS-291,KC0D-1,2019-07-13 08:12:46.781,2019-07-13 08:12:45,78724.0,-5584.0,195.0,descending,/141245h3915.46N/10344.28WO294/027!W27!/A=078724 EOSS BALLOON,"KC0D-1>APZEOS,EOSS,qAO,KC0D-4:/141245h3915.46N/10344.28WO294/027!W27!/A=078724 EOSS BALLOON",294.0,31.1,39.2577,-103.7381166667,,,,,-0.00014389,-2.111e-05,-93.06666667,n/a,0.186667,-110.695238,-0.227949,35.381423,0.990947,0.498244,0.418404,-96.518373
EOSS-291,AE0SS-12,2019-07-13 08:13:01.450,2019-07-13 08:13:00,77408.0,-5460.0,210.0,descending,/141300h3915.47N/10344.47WO284/052EOSS Balloon www.eoss.org/A=077408!W91!,"AE0SS-12>APTT4,EOSS,qAO,KC0D-4:/141300h3915.47N/10344.47WO284/052EOSS Balloon www.eoss.org/A=077408!W91!",284.0,59.8,39.2579833333,-103.7411833333,,,,,-0.00016722,2.111e-05,-91.0,n/a,0.068889,-109.382222,-0.206746,34.47155,0.955371,0.533258,0.288511,-92.49178
EOSS-291,KC0D-1,2019-07-13 08:13:16.845,2019-07-13 08:13:15,76148.0,-5152.0,225.0,descending,/141315h3915.47N/10344.65WO232/038!W76!/A=076148 EOSS BALLOON,"KC0D-1>APZEOS,EOSS,qAO,KC0D-4:/141315h3915.47N/10344.65WO232/038!W76!/A=076148 EOSS BALLOON",232.0,43.7,39.25795,-103.7442666667,,,,,-0.000205,8.33e-06,-85.86666667,n/a,0.171111,-107.9125,-0.181556,33.817598,0.925774,0.651904,0.380943,-88.598061
EOSS-291,AE0SS-12,2019-07-13 08:13:31.570,2019-07-13 08:13:30,74980.0,-4856.0,240.0,descending,/141330h3915.47N/10344.85WO303/028EOSS Balloon www.eoss.org/A=074980!W38!,"AE0SS-12>APTT4,EOSS,qAO,KB0TVJ-1:/141330h3915.47N/10344.85WO303/028EOSS Balloon www.eoss.org/A=074980!W38!",303.0,32.2,39.2578833333,-103.7476333333,,,,,-0.000215,-3.33e-06,-80.93333333,n/a,0.164444,-106.32549,-0.159931,33.391155,0.898556,0.760446,0.360996,-85.029318
EOSS-291,KC0D-1,2019-07-13 08:13:46.794,2019-07-13 08:13:45,73752.0,-4792.0,255.0,descending,/141345h3915.46N/10344.95WO243/016!W54!/A=073752 EOSS BALLOON,"KC0D-1>APZEOS,EOSS,qAO,KC0D-4:/141345h3915.46N/10344.95WO243/016!W54!/A=073752 EOSS BALLOON",243.0,18.4,39.25775,-103.7492333333,,,,,-0.00016556,-6.67e-06,-79.86666667,n/a,0.035556,-104.855556,-0.148431,32.989022,0.871314,0.757491,0.21116,-81.392403
EOSS-291,AE0SS-12,2019-07-13 08:14:01.434,2019-07-13 08:14:00,72542.0,-4876.0,270.0,descending,/141400h3915.45N/10345.06WO252/057EOSS Balloon www.eoss.org/A=072542!W94!,"AE0SS-12>APTT4,EOSS,qAO,KC0D-4:/141400h3915.45N/10345.06WO252/057EOSS Balloon www.eoss.org/A=072542!W94!",252.0,65.6,39.25765,-103.7510666667,,,,,-0.00011444,-7.78e-06,-81.26666667,n/a,-0.046667,-103.614035,-0.142778,32.513103,0.845639,0.687334,0.113655,-77.986504
EOSS-291,KC0D-1,2019-07-13 08:14:16.806,2019-07-13 08:14:15,71336.0,-4832.0,285.0,descending,/141415h3915.43N/10345.20WO252/022!W07!/A=071336 EOSS BALLOON,"KC0D-1>APZEOS,EOSS,qAO,KC0L-15:/141415h3915.43N/10345.20WO252/022!W07!/A=071336 EOSS BALLOON",252.0,25.3,39.2571666667,-103.75345,,,,,-0.00014056,-1.944e-05,-80.53333333,n/a,0.024444,-102.46,-0.133977,32.064012,0.822708,0.68384,0.19256,-74.814466
EOSS-291,AE0SS-12,2019-07-13 08:14:31.730,2019-07-13 08:14:30,70242.0,-4600.0,300.0,descending,/141430h3915.43N/10345.25WO299/013EOSS Balloon www.eoss.org/A=070242!W19!,"AE0SS-12>APTT4,EOSS,qAO,KC0D-4:/141430h3915.43N/10345.25WO299/013EOSS Balloon www.eoss.org/A=070242!W19!",299.0,15.0,39.2571833333,-103.7543166667,,,,,-0.00010833,-1.556e-05,-76.66666667,n/a,0.128889,-101.231746,-0.120833,31.754946,0.802919,0.773583,0.311018,-72.153629
EOSS-291,KC0D-1,2019-07-13 08:14:46.745,2019-07-13 08:14:45,69266.0,-4140.0,315.0,descending,/141445h3915.46N/10345.34WO298/019!W21!/A=069266 EOSS BALLOON,"KC0D-1>APZEOS,EOSS,qAO,KC0D-4:/141445h3915.46N/10345.34WO298/019!W21!/A=069266 EOSS BALLOON",298.0,21.9,39.2577,-103.7556833333,,,,,-7.444e-05,1.778e-05,-69.0,n/a,0.255556,-99.766667,-0.10291,31.742412,0.786887,0.969261,0.45555,-69.960955
EOSS-291,AE0SS-12,2019-07-13 08:15:01.574,2019-07-13 08:15:00,68250.0,-3984.0,330.0,descending,/141500h3915.46N/10345.45WO230/015EOSS Balloon www.eoss.org/A=068250!W46!,"AE0SS-12>APTT4,EOSS,qAO,KB0TVJ-1:/141500h3915.46N/10345.45WO230/015EOSS Balloon www.eoss.org/A=068250!W46!",230.0,17.3,39.2577333333,-103.7576,,,,,-0.00010944,1.833e-05,-66.4,n/a,0.086667,-98.315942,-0.094293,31.783446,0.768986,1.004169,0.235323,-67.857147
EOSS-291,KC0D-1,2019-07-13 08:15:17.047,2019-07-13 08:15:15,67286.0,-3960.0,345.0,descending,/141515h3915.51N/10345.51WO325/024!W95!/A=067286 EOSS BALLOON,"KC0D-1>APZEOS,EOSS,qAO,N6BA-10:/141515h3915.51N/10345.51WO325/024!W95!/A=067286 EOSS BALLOON",325.0,27.6,39.25865,-103.7585833333,,,,,-9.667e-05,3.167e-05,-66.0,n/a,0.013333,-96.969444,-0.089614,31.77703,0.751641,0.974586,0.136963,-66.019808
EOSS-291,AE0SS-12,2019-07-13 08:15:31.580,2019-07-13 08:15:30,66281.0,-3938.0,360.0,descending,/141530h3915.52N/10345.55WO007/040EOSS Balloon www.eoss.org/A=066281!W63!,"AE0SS-12>APTT4,EOSS,qAO,KC0D-4:/141530h3915.52N/10345.55WO007/040EOSS Balloon www.eoss.org/A=066281!W63!",7.0,46.0,39.2587666667,-103.7592166667,,,,,-5.389e-05,3.444e-05,-65.63333333,n/a,0.012222,-95.716,-0.08537,31.733004,0.735413,0.947993,0.132704,-64.252563
EOSS-291,KC0D-1,2019-07-13 08:15:46.871,2019-07-13 08:15:45,65319.0,-3934.0,375.0,descending,/141545h3915.55N/10345.63WO299/011!W96!/A=065319 EOSS BALLOON,"KC0D-1>APZEOS,EOSS,qAO,KC0D-4:/141545h3915.55N/10345.63WO299/011!W96!/A=065319 EOSS BALLOON",299.0,12.7,39.2593166667,-103.7606,,,,,-6.722e-05,2.222e-05,-65.56666667,n/a,0.002222,-94.55641,-0.081867,31.649092,0.720142,0.915974,0.116767,-62.682947
EOSS-291,AE0SS-12,2019-07-13 08:16:01.725,2019-07-13 08:16:00,64440.0,-3682.0,390.0,descending,/141600h3915.54N/10345.63WO020/011EOSS Balloon www.eoss.org/A=064440!W55!,"AE0SS-12>APTT4,EOSS,qAO,KC0D-4:/141600h3915.54N/10345.63WO020/011EOSS Balloon www.eoss.org/A=064440!W55!",20.0,12.7,39.2590833333,-103.7605833333,,,,,-4.556e-05,1.056e-05,-61.36666667,n/a,0.14,-93.32716,-0.073333,31.68498,0.706933,1.008695,0.301773,-61.334462
EOSS-291,KC0D-1,2019-07-13 08:16:16.841,2019-07-13 08:16:15,63595.0,-3448.0,405.0,descending,/141615h3915.61N/10345.68WO014/017!W80!/A=063595 EOSS BALLOON,"KC0D-1>APZEOS,EOSS,qAO,KC0D-4:/141615h3915.61N/10345.68WO014/017!W80!/A=063595 EOSS BALLOON",14.0,19.6,39.2603,-103.7613333333,,,,,-2.444e-05,3.278e-05,-57.46666667,n/a,0.13,-92.046429,-0.065802,31.822677,0.694308,1.086639,0.28201,-60.098597
EOSS-291,AE0SS-12,2019-07-13 08:16:31.470,2019-07-13 08:16:30,62734.0,-3412.0,420.0,descending,/141630h3915.60N/10345.75WO332/021EOSS Balloon www.eoss.org/A=062734!W53!,"AE0SS-12>APTT4,EOSS,qAO,KC0D-4:/141630h3915.60N/10345.75WO332/021EOSS Balloon www.eoss.org/A=062734!W53!",332.0,24.2,39.2600833333,-103.76255,,,,,-6.556e-05,3.333e-05,-56.86666667,n/a,0.02,-90.833333,-0.062738,31.924785,0.681522,1.063959,0.121402,-58.884176
EOSS-291,KC0D-1,2019-07-13 08:16:46.825,2019-07-13 08:16:45,61917.0,-3356.0,435.0,descending,/141645h3915.53N/10345.77WO207/017!W13!/A=061917 EOSS BALLOON,"KC0D-1>APZEOS,EOSS,qAO,KC0D-4:/141645h3915.53N/10345.77WO207/017!W13!/A=061917 EOSS BALLOON",207.0,19.6,39.25885,-103.7628833333,,,,,-5.167e-05,-4.833e-05,-55.93333333,n/a,0.031111,-89.67,-0.059502,32.010119,0.669469,1.053938,0.135351,-57.759745
EOSS-291,AE0SS-12,2019-07-13 08:17:01.704,2019-07-13 08:17:00,61100.0,-3268.0,450.0,descending,/141700h3915.46N/10345.81WO257/027EOSS Balloon www.eoss.org/A=061100!W66!,"AE0SS-12>APTT4,EOSS,qAO,KB0TVJ-1:/141700h3915.46N/10345.81WO257/027EOSS Balloon www.eoss.org/A=061100!W66!",257.0,31.1,39.2577666667,-103.7636,,,,,-3.5e-05,-7.722e-05,-54.46666667,n/a,0.048889,-88.534409,-0.055889,32.100925,0.658122,1.06127,0.159208,-56.65036
EOSS-291,KC0D-1,2019-07-13 08:17:16.762,2019-07-13 08:17:15,60299.0,-3236.0,465.0,descending,/141715h3915.47N/10345.89WO210/029!W42!/A=060299 EOSS BALLOON,"KC0D-1>APZEOS,EOSS,qAO,KC0D-4:/141715h3915.47N/10345.89WO210/029!W42!/A=060299 EOSS BALLOON",210.0,33.4,39.2579,-103.7648666667,,,,,-6.611e-05,-3.167e-05,-53.93333333,n/a,0.017778,-87.453125,-0.053513,32.165851,0.647196,1.042092,0.110154,-55.567396
EOSS-291,AE0SS-12,2019-07-13 08:17:31.388,2019-07-13 08:17:30,59473.0,-3254.0,480.0,descending,/141730h3915.43N/10345.89WO159/029EOSS Balloon www.eoss.org/A=059473!W58!,"AE0SS-12>APTT4,EOSS,qAO,KC0D-4:/141730h3915.43N/10345.89WO159/029EOSS Balloon www.eoss.org/A=059473!W58!",159.0,33.4,39.25725,-103.7649666667,,,,,-4.556e-05,-1.722e-05,-54.23333333,n/a,-0.01,-86.446465,-0.052153,32.183078,0.636718,1.000934,0.066204,-54.447158
EOSS-291,KC0D-1,2019-07-13 08:17:46.793,2019-07-13 08:17:45,58725.0,-3148.0,495.0,descending,/141745h3915.45N/10345.92WO051/011!W12!/A=058725 EOSS BALLOON,"KC0D-1>APZEOS,EOSS,qAO,KC0L-15:/141745h3915.45N/10345.92WO051/011!W12!/A=058725 EOSS BALLOON",51.0,12.7,39.2575166667,-103.7653666667,,,,,-1.667e-05,-1.278e-05,-52.46666667,n/a,0.058889,-85.447059,-0.048788,32.223031,0.626989,1.023504,0.171737,-53.424398
EOSS-291,AE0SS-12,2019-07-13 08:18:01.498,2019-07-13 08:18:00,57875.0,-3196.0,510.0,descending,/141800h3915.46N/10345.91WO132/028EOSS Balloon www.eoss.org/A=057875!W72!,"AE0SS-12>APTT4,EOSS,qAO,KB0TVJ-1:/141800h3915.46N/10345.91WO132/028EOSS Balloon www.eoss.org/A=057875!W72!",132.0,32.2,39.2577833333,-103.7652,,,,,-7.78e-06,1.778e-05,-53.26666667,n/a,-0.026667,-84.527619,-0.048137,32.208271,0.617427,0.970588,0.034773,-52.248684
EOSS-291,KC0D-1,2019-07-13 08:18:16.925,2019-07-13 08:18:15,57121.0,-3208.0,525.0,descending,/141815h3915.47N/10345.89WO323/010!W53!/A=057121 EOSS BALLOON,"KC0D-1>APZEOS,EOSS,qAO,KC0D-4:/141815h3915.47N/10345.89WO323/010!W53!/A=057121 EOSS BALLOON",323.0,11.5,39.2579166667,-103.7648833333,,,,,1.611e-05,1.333e-05,-53.46666667,n/a,-0.006667,-83.664815,-0.046952,32.164157,0.60832,0.938876,0.066223,-51.192352
EOSS-291,AE0SS-12,2019-07-13 08:18:31.426,2019-07-13 08:18:30,56290.0,-3170.0,540.0,descending,/141830h3915.49N/10345.88WO017/024EOSS Balloon www.eoss.org/A=056290!W14!,"AE0SS-12>APTT4,EOSS,qAO,KB0TVJ-1:/141830h3915.49N/10345.88WO017/024EOSS Balloon www.eoss.org/A=056290!W14!",17.0,27.6,39.2581833333,-103.7647333333,,,,,1.556e-05,1.333e-05,-52.83333333,n/a,0.021111,-82.831532,-0.045062,32.116777,0.599674,0.934035,0.110348,-50.014126
EOSS-291,KC0D-1,2019-07-13 08:18:46.799,2019-07-13 08:18:45,55574.0,-3094.0,555.0,descending,/141845h3915.48N/10345.81WO063/021!W22!/A=055574 EOSS BALLOON,"KC0D-1>APZEOS,EOSS,qAO,KC0D-4:/141845h3915.48N/10345.81WO063/021!W22!/A=055574 EOSS BALLOON",63.0,24.2,39.2580333333,-103.7635333333,,,,,4.5e-05,3.89e-06,-51.56666667,n/a,0.042222,-82.008772,-0.042703,32.083216,0.591461,0.948848,0.143585,-48.989195
EOSS-291,AE0SS-12,2019-07-13 08:19:01.451,2019-07-13 08:19:00,54849.0,-2882.0,570.0,descending,/141900h3915.45N/10345.72WO288/014EOSS Balloon www.eoss.org/A=054849!W87!,"AE0SS-12>APTT4,EOSS,qAO,KC0D-4:/141900h3915.45N/10345.72WO288/014EOSS Balloon www.eoss.org/A=054849!W87!",288.0,16.1,39.2576333333,-103.7621166667,,,,,8.722e-05,-1.833e-05,-48.03333333,n/a,0.117778,-81.137607,-0.03848,32.122318,0.583994,1.030569,0.267568,-47.94532
EOSS-291,KC0D-1,2019-07-13 08:19:16.932,2019-07-13 08:19:15,54173.0,-2802.0,585.0,descending,/141915h3915.49N/10345.70WO296/009!W06!/A=054173 EOSS BALLOON,"KC0D-1>APZEOS,EOSS,qAO,KC0D-4:/141915h3915.49N/10345.70WO296/009!W06!/A=054173 EOSS BALLOON",296.0,10.4,39.2581666667,-103.7617666667,,,,,5.889e-05,4.44e-06,-46.7,n/a,0.044444,-80.276667,-0.036353,32.171952,0.576412,1.043663,0.140172,-46.970025
EOSS-291,AE0SS-12,2019-07-13 08:19:31.419,2019-07-13 08:19:30,53458.0,-2782.0,600.0,descending,/141930h3915.47N/10345.66WO212/024EOSS Balloon www.eoss.org/A=053458!W88!,"AE0SS-12>APTT4,EOSS,qAO,KC0D-4:/141930h3915.47N/10345.66WO212/024EOSS Balloon www.eoss.org/A=053458!W88!",212.0,27.6,39.2579666667,-103.7611333333,,,,,3.278e-05,1.111e-05,-46.36666667,n/a,0.011111,-79.449593,-0.035167,32.205662,0.569023,1.027239,0.081329,-45.940791
EOSS-291,KC0D-1,2019-07-13 08:19:46.916,2019-07-13 08:19:45,52854.0,-2638.0,615.0,descending,/141945h3915.46N/10345.62WO118/025!W36!/A=052854 EOSS BALLOON,"KC0D-1>APZEOS,EOSS,qAO,KC0D-4:/141945h3915.46N/10345.62WO118/025!W36!/A=052854 EOSS BALLOON",118.0,28.8,39.2577166667,-103.7604333333,,,,,4.444e-05,-1.5e-05,-43.96666667,n/a,0.08,-78.604762,-0.032358,32.278229,0.562153,1.07311,0.199871,-45.076892
EOSS-291,AE0SS-12,2019-07-13 08:20:01.768,2019-07-13 08:20:00,52178.0,-2560.0,630.0,descending,/142000h3915.42N/10345.57WO039/015EOSS Balloon www.eoss.org/A=052178!W66!,"AE0SS-12>APTT4,EOSS,qAO,KC0D-4:/142000h3915.42N/10345.57WO039/015EOSS Balloon www.eoss.org/A=052178!W66!",39.0,17.3,39.2571,-103.7596,,,,,5.111e-05,-2.889e-05,-42.66666667,n/a,0.043333,-77.768992,-0.030556,32.35913,0.555378,1.084773,0.133043,-44.120293
EOSS-291,KC0D-1,2019-07-13 08:20:16.760,2019-07-13 08:20:15,51583.0,-2542.0,645.0,descending,/142015h3915.40N/10345.52WO054/009!W80!/A=051583 EOSS BALLOON,"KC0D-1>APZEOS,EOSS,qAO,KC0D-4:/142015h3915.40N/10345.52WO054/009!W80!/A=051583 EOSS BALLOON",54.0,10.4,39.2568,-103.7586666667,,,,,5.889e-05,-3.056e-05,-42.36666667,n/a,0.01,-76.964394,-0.029612,32.422931,0.548762,1.067076,0.072184,-43.29087
EOSS-291,AE0SS-12,2019-07-13 08:20:31.945,2019-07-13 08:20:30,50925.0,-2506.0,660.0,descending,/142030h3915.35N/10345.46WO271/012EOSS Balloon www.eoss.org/A=050925!W88!,"AE0SS-12>APTT4,EOSS,qAO,KB0TVJ-1:/142030h3915.35N/10345.46WO271/012EOSS Balloon www.eoss.org/A=050925!W88!",271.0,13.8,39.2559666667,-103.7578,,,,,6e-05,-3.778e-05,-41.76666667,n/a,0.02,-76.182222,-0.028485,32.478996,0.542395,1.059625,0.089391,-42.391271
EOSS-291,KC0D-1,2019-07-13 08:20:46.806,2019-07-13 08:20:45,50383.0,-2400.0,675.0,descending,/142045h3915.35N/10345.41WO150/020!W42!/A=050383 EOSS BALLOON,"KC0D-1>APZEOS,EOSS,qAO,KC0D-4:/142045h3915.35N/10345.41WO150/020!W42!/A=050383 EOSS BALLOON",150.0,23.0,39.2559,-103.7568666667,,,,,6e-05,-3e-05,-40.0,n/a,0.058889,-75.395652,-0.026543,32.556154,0.536354,1.087218,0.159283,-41.666975
EOSS-291,AE0SS-12,2019-07-13 08:21:01.464,2019-07-13 08:21:00,49744.0,-2362.0,690.0,descending,/142100h3915.32N/10345.38WO107/032EOSS Balloon www.eoss.org/A=049744!W19!,"AE0SS-12>APTT4,EOSS,qAO,KC0D-4:/142100h3915.32N/10345.38WO107/032EOSS Balloon www.eoss.org/A=049744!W19!",107.0,36.8,39.25535,-103.7564833333,,,,,4.389e-05,-2.056e-05,-39.36666667,n/a,0.021111,-74.629078,-0.025507,32.62638,0.530407,1.080794,0.087891,-40.835535
EOSS-291,KC0D-1,2019-07-13 08:21:16.978,2019-07-13 08:21:15,49196.0,-2374.0,705.0,descending,/142115h3915.25N/10345.35WO134/023!W76!/A=049196 EOSS BALLOON,"KC0D-1>APZEOS,EOSS,qAO,KC0D-4:/142115h3915.25N/10345.35WO134/023!W76!/A=049196 EOSS BALLOON",134.0,26.5,39.2542833333,-103.7559333333,,,,,3.111e-05,-5.389e-05,-39.56666667,n/a,-0.006667,-73.898611,-0.025106,32.671762,0.524618,1.050814,0.035147,-40.144138
EOSS-291,AE0SS-12,2019-07-13 08:21:31.729,2019-07-13 08:21:30,48556.0,-2376.0,720.0,descending,/142130h3915.18N/10345.33WO052/004EOSS Balloon www.eoss.org/A=048556!W14!,"AE0SS-12>APTT4,EOSS,qAO,KC0D-4:/142130h3915.18N/10345.33WO052/004EOSS Balloon www.eoss.org/A=048556!W14!",52.0,4.6,39.2530166667,-103.7555666667,,,,,3.056e-05,-7.778e-05,-39.6,n/a,-0.001111,-73.198639,-0.024607,32.698833,0.519018,1.027518,0.04527,-39.364378
EOSS-291,KC0D-1,2019-07-13 08:21:46.685,2019-07-13 08:21:45,48047.0,-2298.0,735.0,descending,/142145h3915.10N/10345.30WO199/011!W87!/A=048047 EOSS BALLOON,"KC0D-1>APZEOS,EOSS,qAO,KC0D-4:/142145h3915.10N/10345.30WO199/011!W87!/A=048047 EOSS BALLOON",199.0,12.7,39.2518,-103.7551166667,,,,,2.722e-05,-8.278e-05,-38.3,n/a,0.043333,-72.500667,-0.02322,32.737613,0.513675,1.04469,0.129562,-38.766965
EOSS-291,AE0SS-12,2019-07-13 08:22:01.831,2019-07-13 08:22:00,47421.0,-2270.0,750.0,descending,/142200h3915.02N/10345.25WO177/034EOSS Balloon www.eoss.org/A=047421!W97!,"AE0SS-12>APTT4,EOSS,qAO,KC0L-15:/142200h3915.02N/10345.25WO177/034EOSS Balloon www.eoss.org/A=047421!W97!",177.0,39.1,39.2504833333,-103.7542833333,,,,,4.278e-05,-8.444e-05,-37.83333333,n/a,0.015556,-71.820915,-0.022444,32.770131,0.508436,1.037151,0.074739,-38.061243
EOSS-291,KC0D-1,2019-07-13 08:22:16.795,2019-07-13 08:22:15,46922.0,-2250.0,765.0,descending,/142215h3914.95N/10345.24WO131/028!W12!/A=046922 EOSS BALLOON,"KC0D-1>APZEOS,EOSS,qAO,KC0L-15:/142215h3914.95N/10345.24WO131/028!W12!/A=046922 EOSS BALLOON",131.0,32.2,39.2491833333,-103.7540333333,,,,,3.611e-05,-8.722e-05,-37.5,n/a,0.011111,-71.160897,-0.021787,32.794472,0.503348,1.02642,0.065358,-37.5223
EOSS-291,AE0SS-12,2019-07-13 08:22:31.498,2019-07-13 08:22:30,46292.0,-2258.0,780.0,descending,/142230h3914.87N/10345.19WO093/019EOSS Balloon www.eoss.org/A=046292!W30!,"AE0SS-12>APTT4,EOSS,qAO,N6BA-10:/142230h3914.87N/10345.19WO093/019EOSS Balloon www.eoss.org/A=046292!W30!",93.0,21.9,39.2478833333,-103.7531666667,,,,,3.722e-05,-8.667e-05,-37.63333333,n/a,-0.004444,-70.528302,-0.021453,32.802508,0.498394,1.002819,0.034128,-36.872249
EOSS-291,KC0D-1,2019-07-13 08:22:46.879,2019-07-13 08:22:45,45765.0,-2314.0,795.0,descending,/142245h3914.81N/10345.05WO134/020!W11!/A=045765 EOSS BALLOON,"KC0D-1>APZEOS,EOSS,qAO,KC0D-4:/142245h3914.81N/10345.05WO134/020!W11!/A=045765 EOSS BALLOON",134.0,23.0,39.24685,-103.75085,,,,,0.00010611,-7.778e-05,-38.56666667,n/a,-0.031111,-69.93642,-0.021635,32.781398,0.493581,0.956938,-0.019198,-36.354518
EOSS-291,AE0SS-12,2019-07-13 08:23:01.437,2019-07-13 08:23:00,45157.0,-2270.0,810.0,descending,/142300h3914.79N/10344.92WO118/039EOSS Balloon www.eoss.org/A=045157!W13!,"AE0SS-12>APTT4,EOSS,qAO,KB0TVJ-1:/142300h3914.79N/10344.92WO118/039EOSS Balloon www.eoss.org/A=045157!W13!",118.0,44.9,39.2465166667,-103.7487166667,,,,,0.00014833,-4.556e-05,-37.83333333,n/a,0.024444,-69.352727,-0.020782,32.763669,0.488942,0.962023,0.092498,-35.78623
EOSS-291,KC0D-1,2019-07-13 08:23:16.732,2019-07-13 08:23:15,44675.0,-2180.0,825.0,descending,/142315h3914.72N/10344.81WO104/028!W40!/A=044675 EOSS BALLOON,"KC0D-1>APZEOS,EOSS,qAO,KC0D-4:/142315h3914.72N/10344.81WO104/028!W40!/A=044675 EOSS BALLOON",104.0,32.2,39.2454,-103.7468333333,,,,,0.00013389,-4.833e-05,-36.33333333,n/a,0.05,-68.763095,-0.019495,32.762935,0.484488,0.989831,0.14344,-35.357186
EOSS-291,AE0SS-12,2019-07-13 08:23:31.509,2019-07-13 08:23:30,44090.0,-2134.0,840.0,descending,/142330h3914.65N/10344.65WO135/016EOSS Balloon www.eoss.org/A=044090!W80!,"AE0SS-12>APTT4,EOSS,qAO,KB0TVJ-1:/142330h3914.65N/10344.65WO135/016EOSS Balloon www.eoss.org/A=044090!W80!",135.0,18.4,39.2443,-103.7441666667,,,,,0.00015167,-7.389e-05,-35.56666667,n/a,0.025556,-68.180702,-0.01869,32.765458,0.480101,0.995379,0.09216,-34.86086
EOSS-291,KC0D-1,2019-07-13 08:23:46.786,2019-07-13 08:23:45,43620.0,-2110.0,855.0,descending,/142345h3914.65N/10344.49WO112/033!W38!/A=043620 EOSS BALLOON,"KC0D-1>APZEOS,EOSS,qAO,KC0D-4:/142345h3914.65N/10344.49WO112/033!W38!/A=043620 EOSS BALLOON",112.0,38.0,39.2442166667,-103.7416333333,,,,,0.00017333,-3.944e-05,-35.16666667,n/a,0.013333,-67.611494,-0.018129,32.764805,0.475814,0.990234,0.066122,-34.480453
EOSS-291,AE0SS-12,2019-07-13 08:24:01.416,2019-07-13 08:24:00,43043.0,-2094.0,870.0,descending,/142400h3914.65N/10344.39WO072/023EOSS Balloon www.eoss.org/A=043043!W21!,"AE0SS-12>APTT4,EOSS,qAO,KC0D-4:/142400h3914.65N/10344.39WO072/023EOSS Balloon www.eoss.org/A=043043!W21!",72.0,26.5,39.2442,-103.73985,,,,,0.00014389,-3.33e-06,-34.9,n/a,0.008889,-67.057062,-0.017663,32.759114,0.471635,0.981622,0.056298,-34.034202
EOSS-291,KC0D-1,2019-07-13 08:24:16.830,2019-07-13 08:24:15,42607.0,-2026.0,885.0,descending,/142415h3914.69N/10344.21WO094/031!W05!/A=042607 EOSS BALLOON,"KC0D-1>APZEOS,EOSS,qAO,KC0D-4:/142415h3914.69N/10344.21WO094/031!W05!/A=042607 EOSS BALLOON",94.0,35.7,39.2448333333,-103.7369166667,,,,,0.00015722,2.056e-05,-33.76666667,n/a,0.037778,-66.502222,-0.016723,32.763413,0.467607,0.99915,0.116553,-33.710972
EOSS-291,AE0SS-12,2019-07-13 08:24:31.433,2019-07-13 08:24:30,42036.0,-2014.0,900.0,descending,/142430h3914.72N/10344.07WO078/041EOSS Balloon www.eoss.org/A=042036!W49!,"AE0SS-12>APTT4,EOSS,qAO,KC0D-4:/142430h3914.72N/10344.07WO078/041EOSS Balloon www.eoss.org/A=042036!W49!",78.0,47.2,39.2454,-103.73465,,,,,0.00017333,4e-05,-33.56666667,n/a,0.006667,-65.962295,-0.016333,32.761767,0.463637,0.988824,0.049608,-33.304008
EOSS-291,KC0D-1,2019-07-13 08:24:46.796,2019-07-13 08:24:45,41611.0,-1992.0,915.0,descending,/142445h3914.71N/10343.94WO074/015!W52!/A=041611 EOSS BALLOON,"KC0D-1>APZEOS,EOSS,qAO,KC0D-4:/142445h3914.71N/10343.94WO074/015!W52!/A=041611 EOSS BALLOON",74.0,17.3,39.24525,-103.7323666667,,,,,0.00015167,1.389e-05,-33.2,n/a,0.012222,-65.433871,-0.015865,32.757444,0.459772,0.984017,0.061089,-33.01183
EOSS-291,AE0SS-12,2019-07-13 08:25:01.401,2019-07-13 08:25:00,41065.0,-1942.0,930.0,descending,/142500h3914.73N/10343.78WO105/034EOSS Balloon www.eoss.org/A=041065!W18!,"AE0SS-12>APTT4,EOSS,qAO,KB0TVJ-1:/142500h3914.73N/10343.78WO105/034EOSS Balloon www.eoss.org/A=041065!W18!",105.0,39.1,39.2455166667,-103.7298,,,,,0.00016167,3.89e-06,-32.36666667,n/a,0.027778,-64.908995,-0.015161,32.75819,0.456021,0.99341,0.09416,-32.648072
EOSS-291,KC0D-1,2019-07-13 08:25:16.873,2019-07-13 08:25:15,40651.0,-1920.0,945.0,descending,/142515h3914.71N/10343.67WO086/035!W22!/A=040651 EOSS BALLOON,"KC0D-1>APZEOS,EOSS,qAO,KC0D-4:/142515h3914.71N/10343.67WO086/035!W22!/A=040651 EOSS BALLOON",86.0,40.3,39.2452,-103.7278666667,,,,,0.00015,-1.67e-06,-32.0,n/a,0.012222,-64.394792,-0.014727,32.75649,0.452342,0.988958,0.059577,-32.379694
EOSS-291,AE0SS-12,2019-07-13 08:25:31.473,2019-07-13 08:25:30,40110.0,-1910.0,960.0,descending,/142530h3914.68N/10343.54WO059/029EOSS Balloon www.eoss.org/A=040110!W81!,"AE0SS-12>APTT4,EOSS,qAO,KB0TVJ-1:/142530h3914.68N/10343.54WO059/029EOSS Balloon www.eoss.org/A=040110!W81!",59.0,33.4,39.2448,-103.7256833333,,,,,0.00013722,-2.389e-05,-31.83333333,n/a,0.005556,-63.893846,-0.01441,32.74956,0.448745,0.97896,0.044493,-32.036887
EOSS-291,KC0D-1,2019-07-13 08:25:46.770,2019-07-13 08:25:45,39698.0,-1906.0,975.0,descending,/142545h3914.67N/10343.40WO068/020!W94!/A=039698 EOSS BALLOON,"KC0D-1>APZEOS,EOSS,qAO,KC0D-4:/142545h3914.67N/10343.40WO068/020!W94!/A=039698 EOSS BALLOON",68.0,23.0,39.24465,-103.7234,,,,,0.00014889,-1.833e-05,-31.76666667,n/a,0.002222,-63.407071,-0.014154,32.7364,0.44523,0.966521,0.036781,-31.78062
EOSS-291,AE0SS-12,2019-07-13 08:26:01.483,2019-07-13 08:26:00,39165.0,-1890.0,990.0,descending,/142600h3914.68N/10343.23WO116/025EOSS Balloon www.eoss.org/A=039165!W99!,"AE0SS-12>APTT4,EOSS,qAO,KC0D-4:/142600h3914.68N/10343.23WO116/025EOSS Balloon www.eoss.org/A=039165!W99!",116.0,28.8,39.2448166667,-103.72065,,,,,0.00016778,5.6e-07,-31.5,n/a,0.008889,-62.930846,-0.013805,32.720474,0.441801,0.960587,0.051367,-31.453638
EOSS-291,KC0D-1,2019-07-13 08:26:16.843,2019-07-13 08:26:15,38749.0,-1898.0,1005.0,descending,/142615h3914.70N/10343.11WO095/029!W38!/A=038749 EOSS BALLOON,"KC0D-1>APZEOS,EOSS,qAO,KC0D-4:/142615h3914.70N/10343.11WO095/029!W38!/A=038749 EOSS BALLOON",95.0,33.4,39.24505,-103.7186333333,,,,,0.00015889,1.333e-05,-31.63333333,n/a,-0.004444,-62.470588,-0.013665,32.696403,0.438443,0.943139,0.021031,-31.200909
EOSS-291,AE0SS-12,2019-07-13 08:26:31.425,2019-07-13 08:26:30,38227.0,-1876.0,1020.0,descending,/142630h3914.72N/10343.00WO058/032EOSS Balloon www.eoss.org/A=038227!W31!,"AE0SS-12>APTT4,EOSS,qAO,KC0D-4:/142630h3914.72N/10343.00WO058/032EOSS Balloon www.eoss.org/A=038227!W31!",58.0,36.8,39.2453833333,-103.7166833333,,,,,0.00013222,1.889e-05,-31.26666667,n/a,0.012222,-62.018357,-0.013284,32.671773,0.43517,0.941231,0.058612,-30.885523
EOSS-291,KC0D-1,2019-07-13 08:26:46.892,2019-07-13 08:26:45,37859.0,-1780.0,1035.0,descending,/142645h3914.77N/10342.83WO075/038!W91!/A=037859 EOSS BALLOON,"KC0D-1>APZEOS,EOSS,qAO,KC0D-4:/142645h3914.77N/10342.83WO075/038!W91!/A=037859 EOSS BALLOON",75.0,43.7,39.2463166667,-103.71385,,,,,0.00015944,4.222e-05,-29.66666667,n/a,0.053333,-61.55619,-0.012319,32.66384,0.432033,0.976294,0.151961,-30.663638
EOSS-291,AE0SS-12,2019-07-13 08:27:01.562,2019-07-13 08:27:00,37341.0,-1772.0,1050.0,descending,/142700h3914.77N/10342.64WO093/026EOSS Balloon www.eoss.org/A=037341!W78!,"AE0SS-12>APTT4,EOSS,qAO,KC0L-15:/142700h3914.77N/10342.64WO093/026EOSS Balloon www.eoss.org/A=037341!W78!",93.0,29.9,39.2462833333,-103.7108,,,,,0.00019611,3e-05,-29.53333333,n/a,0.004444,-61.105164,-0.012079,32.651612,0.428895,0.96693,0.038525,-30.351034
EOSS-291,KC0D-1,2019-07-13 08:27:16.908,2019-07-13 08:27:15,36975.0,-1768.0,1065.0,descending,/142715h3914.74N/10342.50WO117/015!W28!/A=036975 EOSS BALLOON,"KC0D-1>APZEOS,EOSS,qAO,KC0D-4:/142715h3914.74N/10342.50WO117/015!W28!/A=036975 EOSS BALLOON",117.0,17.3,39.2457,-103.7084666667,,,,,0.00017944,-2.056e-05,-29.46666667,n/a,0.002222,-60.665741,-0.011878,32.634561,0.425824,0.956013,0.033112,-30.129492
EOSS-291,AE0SS-12,2019-07-13 08:27:31.519,2019-07-13 08:27:30,36468.0,-1746.0,1080.0,descending,/142730h3914.73N/10342.40WO099/027EOSS Balloon www.eoss.org/A=036468!W79!,"AE0SS-12>APTT4,EOSS,qAO,KC0D-4:/142730h3914.73N/10342.40WO099/027EOSS Balloon www.eoss.org/A=036468!W79!",99.0,31.1,39.2456166667,-103.7068166667,,,,,0.00013278,-2.222e-05,-29.1,n/a,0.012222,-60.233333,-0.011543,32.61705,0.422824,0.954511,0.056205,-29.821138
EOSS-291,KC0D-1,2019-07-13 08:27:46.910,2019-07-13 08:27:45,36119.0,-1712.0,1095.0,descending,/142745h3914.69N/10342.24WO118/039!W83!/A=036119 EOSS BALLOON,"KC0D-1>APZEOS,EOSS,qAO,KC0D-4:/142745h3914.69N/10342.24WO118/039!W83!/A=036119 EOSS BALLOON",118.0,44.9,39.2449666667,-103.70405,,,,,0.00014722,-2.444e-05,-28.53333333,n/a,0.018889,-59.804955,-0.011126,32.601809,0.419893,0.959199,0.071482,-29.60767
EOSS-291,AE0SS-12,2019-07-13 08:28:01.720,2019-07-13 08:28:00,35625.0,-1686.0,1110.0,descending,/142800h3914.60N/10342.07WO124/044EOSS Balloon www.eoss.org/A=035625!W80!,"AE0SS-12>APTT4,EOSS,qAO,KC0D-4:/142800h3914.60N/10342.07WO124/044EOSS Balloon www.eoss.org/A=035625!W80!",124.0,50.6,39.2434666667,-103.7011666667,,,,,0.00018833,-7.167e-05,-28.1,n/a,0.014444,-59.382222,-0.010781,32.587075,0.417017,0.959958,0.060489,-29.303657
EOSS-291,KC0D-1,2019-07-13 08:28:16.862,2019-07-13 08:28:15,35276.0,-1686.0,1125.0,descending,/142815h3914.50N/10341.93WO136/027!W24!/A=035276 EOSS BALLOON,"KC0D-1>APZEOS,EOSS,qAO,KC0D-4:/142815h3914.50N/10341.93WO136/027!W24!/A=035276 EOSS BALLOON",136.0,31.1,39.2417,-103.6989,,,,,0.00017167,-0.00010889,-28.1,n/a,0.0,-58.970614,-0.010637,32.567386,0.414192,0.9479,0.025681,-29.087568
EOSS-291,AE0SS-12,2019-07-13 08:28:31.469,2019-07-13 08:28:30,34788.0,-1674.0,1140.0,descending,/142830h3914.45N/10341.81WO099/031EOSS Balloon www.eoss.org/A=034788!W40!,"AE0SS-12>APTT4,EOSS,qAO,KC0D-4:/142830h3914.45N/10341.81WO099/031EOSS Balloon www.eoss.org/A=034788!W40!",99.0,35.7,39.2409,-103.6968333333,,,,,0.00014444,-8.556e-05,-27.9,n/a,0.006667,-58.5671,-0.010409,32.545604,0.411426,0.942281,0.041504,-28.78376
EOSS-291,KC0D-1,2019-07-13 08:28:46.737,2019-07-13 08:28:45,34436.0,-1680.0,1155.0,descending,/142845h3914.38N/10341.61WO126/037!W85!/A=034436 EOSS BALLOON,"KC0D-1>APZEOS,EOSS,qAO,KC0D-4:/142845h3914.38N/10341.61WO126/037!W85!/A=034436 EOSS BALLOON",126.0,42.6,39.2398,-103.6935833333,,,,,0.00017722,-6.333e-05,-28.0,n/a,-0.003333,-58.175214,-0.010317,32.518289,0.408711,0.927946,0.017088,-28.563636
EOSS-291,AE0SS-12,2019-07-13 08:29:01.478,2019-07-13 08:29:00,33948.0,-1680.0,1170.0,descending,/142900h3914.31N/10341.49WO117/018EOSS Balloon www.eoss.org/A=033948!W26!,"AE0SS-12>APTT4,EOSS,qAO,KC0L-15:/142900h3914.31N/10341.49WO117/018EOSS Balloon www.eoss.org/A=033948!W26!",117.0,20.7,39.2385333333,-103.6916,,,,,0.00017444,-7.889e-05,-28.0,n/a,0.0,-57.793249,-0.010185,32.487044,0.40605,0.917081,0.025083,-28.257595
EOSS-291,KC0D-1,2019-07-13 08:29:16.742,2019-07-13 08:29:15,33606.0,-1660.0,1185.0,descending,/142915h3914.28N/10341.40WO093/026!W17!/A=033606 EOSS BALLOON,"KC0D-1>APZEOS,EOSS,qAO,KC0D-4:/142915h3914.28N/10341.40WO093/026!W17!/A=033606 EOSS BALLOON",93.0,29.9,39.2380166667,-103.6901166667,,,,,0.00011556,-5.944e-05,-27.66666667,n/a,0.011111,-57.416667,-0.009916,32.456025,0.403446,0.916625,0.052118,-28.042913
EOSS-291,AE0SS-12,2019-07-13 08:29:31.514,2019-07-13 08:29:30,33118.0,-1660.0,1200.0,descending,/142930h3914.22N/10341.25WO126/028EOSS Balloon www.eoss.org/A=033118!W85!,"AE0SS-12>APTT4,EOSS,qAO,KC0D-4:/142930h3914.22N/10341.25WO126/028EOSS Balloon www.eoss.org/A=033118!W85!",126.0,32.2,39.2371333333,-103.6875833333,,,,,0.00013389,-4.667e-05,-27.66666667,n/a,0.0,-57.049383,-0.009792,32.421488,0.400886,0.906273,0.024426,-27.737075
EOSS-291,KC0D-1,2019-07-13 08:29:46.893,2019-07-13 08:29:45,32789.0,-1634.0,1215.0,descending,/142945h3914.15N/10341.16WO127/018!W51!/A=032789 EOSS BALLOON,"KC0D-1>APZEOS,EOSS,qAO,KC0D-4:/142945h3914.15N/10341.16WO127/018!W51!/A=032789 EOSS BALLOON",127.0,20.7,39.2359166667,-103.6860166667,,,,,0.00013667,-7e-05,-27.23333333,n/a,0.014444,-56.685772,-0.009492,32.388533,0.398382,0.909348,0.060083,-27.531743
EOSS-291,AE0SS-12,2019-07-13 08:30:01.490,2019-07-13 08:30:00,32307.0,-1622.0,1230.0,descending,/143000h3914.14N/10341.05WO081/019EOSS Balloon www.eoss.org/A=032307!W98!,"AE0SS-12>APTT4,EOSS,qAO,KC0L-15:/143000h3914.14N/10341.05WO081/019EOSS Balloon www.eoss.org/A=032307!W98!",81.0,21.9,39.2358166667,-103.6843,,,,,0.00010944,-4.389e-05,-27.03333333,n/a,0.006667,-56.328514,-0.009295,32.354564,0.395919,0.905442,0.040316,-27.233146
EOSS-291,KC0D-1,2019-07-13 08:30:16.910,2019-07-13 08:30:15,31968.0,-1642.0,1245.0,descending,/143015h3914.12N/10340.95WO139/013!W60!/A=031968 EOSS BALLOON,"KC0D-1>APZEOS,EOSS,qAO,KC0D-4:/143015h3914.12N/10340.95WO139/013!W60!/A=031968 EOSS BALLOON",139.0,15.0,39.2354333333,-103.6825,,,,,0.00011722,-1.611e-05,-27.36666667,n/a,-0.011111,-55.98373,-0.009317,32.313946,0.393498,0.885595,-0.004559,-27.025397
EOSS-291,AE0SS-12,2019-07-13 08:30:31.412,2019-07-13 08:30:30,31497.0,-1620.0,1260.0,descending,/143030h3914.12N/10340.91WO056/013EOSS Balloon www.eoss.org/A=031497!W25!,"AE0SS-12>APTT4,EOSS,qAO,KC0D-4:/143030h3914.12N/10340.91WO056/013EOSS Balloon www.eoss.org/A=031497!W25!",56.0,15.0,39.2353666667,-103.6819166667,,,,,7.944e-05,-1.5e-05,-27.0,n/a,0.012222,-55.642745,-0.009061,32.274499,0.391127,0.887473,0.054415,-26.740967
EOSS-291,KC0D-1,2019-07-13 08:30:46.929,2019-07-13 08:30:45,31163.0,-1610.0,1275.0,descending,/143045h3914.12N/10340.81WO103/021!W98!/A=031163 EOSS BALLOON,"KC0D-1>APZEOS,EOSS,qAO,KC0D-4:/143045h3914.12N/10340.81WO103/021!W98!/A=031163 EOSS BALLOON",103.0,24.2,39.2354833333,-103.6803,,,,,7.333e-05,1.67e-06,-26.83333333,n/a,0.005556,-55.307752,-0.008889,32.234137,0.388795,0.883362,0.037153,-26.54297
EOSS-291,AE0SS-12,2019-07-13 08:31:01.478,2019-07-13 08:31:00,30690.0,-1614.0,1290.0,descending,/143100h3914.09N/10340.75WO173/007EOSS Balloon www.eoss.org/A=030690!W04!,"AE0SS-12>APTT4,EOSS,qAO,KC0D-4:/143100h3914.09N/10340.75WO173/007EOSS Balloon www.eoss.org/A=030690!W04!",173.0,8.1,39.2348333333,-103.6792333333,,,,,8.944e-05,-1.778e-05,-26.9,n/a,-0.002222,-54.981226,-0.008811,32.190583,0.386502,0.872343,0.017048,-26.26902
EOSS-291,KC0D-1,2019-07-13 08:31:16.747,2019-07-13 08:31:15,30364.0,-1598.0,1305.0,descending,/143115h3914.08N/10340.74WO057/006!W06!/A=030364 EOSS BALLOON,"KC0D-1>APZEOS,EOSS,qAO,KC0D-4:/143115h3914.08N/10340.74WO057/006!W06!/A=030364 EOSS BALLOON",57.0,6.9,39.2346666667,-103.6791,,,,,4e-05,-2.722e-05,-26.63333333,n/a,0.008889,-54.659091,-0.008608,32.147391,0.384253,0.871789,0.045535,-26.08534
EOSS-291,AE0SS-12,2019-07-13 08:31:31.468,2019-07-13 08:31:30,29889.0,-1602.0,1320.0,descending,/143130h3914.08N/10340.66WO117/022EOSS Balloon www.eoss.org/A=029889!W32!,"AE0SS-12>APTT4,EOSS,qAO,KC0L-15:/143130h3914.08N/10340.66WO117/022EOSS Balloon www.eoss.org/A=029889!W32!",117.0,25.3,39.2347166667,-103.6777,,,,,5.111e-05,-3.89e-06,-26.7,n/a,-0.002222,-54.344944,-0.008535,32.101311,0.382039,0.861178,0.016524,-25.826392
EOSS-291,KC0D-1,2019-07-13 08:31:46.741,2019-07-13 08:31:45,29565.0,-1598.0,1335.0,descending,/143145h3914.06N/10340.63WO055/011!W82!/A=029565 EOSS BALLOON,"KC0D-1>APZEOS,EOSS,qAO,KC0D-4:/143145h3914.06N/10340.63WO055/011!W82!/A=029565 EOSS BALLOON",55.0,12.7,39.2344666667,-103.6772,,,,,6.333e-05,-6.67e-06,-26.63333333,n/a,0.002222,-54.037037,-0.008414,32.053833,0.379864,0.854928,0.027999,-25.656368
EOSS-291,AE0SS-12,2019-07-13 08:32:01.486,2019-07-13 08:32:00,29105.0,-1568.0,1350.0,descending,/143200h3914.09N/10340.54WO086/025EOSS Balloon www.eoss.org/A=029105!W19!,"AE0SS-12>APTT4,EOSS,qAO,KC0D-4:/143200h3914.09N/10340.54WO086/025EOSS Balloon www.eoss.org/A=029105!W19!",86.0,28.8,39.23485,-103.6758166667,,,,,6.278e-05,4.44e-06,-26.13333333,n/a,0.016667,-53.730403,-0.008136,32.009191,0.377733,0.862161,0.065663,-25.425206
EOSS-291,KC0D-1,2019-07-13 08:32:16.767,2019-07-13 08:32:15,28796.0,-1538.0,1365.0,descending,/143215h3914.09N/10340.42WO110/019!W09!/A=028796 EOSS BALLOON,"KC0D-1>APZEOS,EOSS,qAO,KC0D-4:/143215h3914.09N/10340.42WO110/019!W09!/A=028796 EOSS BALLOON",110.0,21.9,39.2348333333,-103.6738166667,,,,,0.00011278,1.222e-05,-25.63333333,n/a,0.016667,-53.425,-0.007863,31.967328,0.375638,0.869377,0.065302,-25.277215
EOSS-291,AE0SS-12,2019-07-13 08:32:31.443,2019-07-13 08:32:30,28337.0,-1536.0,1380.0,descending,/143230h3914.06N/10340.38WO054/006EOSS Balloon www.eoss.org/A=028337!W83!,"AE0SS-12>APTT4,EOSS,qAO,KB0TVJ-1:/143230h3914.06N/10340.38WO054/006EOSS Balloon www.eoss.org/A=028337!W83!",54.0,6.9,39.2344666667,-103.67305,,,,,9.222e-05,-1.278e-05,-25.6,n/a,0.001111,-53.125806,-0.007766,31.923775,0.373569,0.862235,0.023763,-25.069014
EOSS-291,KC0D-1,2019-07-13 08:32:46.815,2019-07-13 08:32:45,28036.0,-1520.0,1395.0,descending,/143245h3914.09N/10340.31WO077/018!W76!/A=028036 EOSS BALLOON,"KC0D-1>APZEOS,EOSS,qAO,KC0D-4:/143245h3914.09N/10340.31WO077/018!W76!/A=028036 EOSS BALLOON",77.0,20.7,39.23495,-103.6719333333,,,,,6.278e-05,3.89e-06,-25.33333333,n/a,0.008889,-52.830142,-0.007587,31.880814,0.371537,0.862488,0.044346,-24.940429
EOSS-291,KC0D-1,2019-07-13 08:33:16.793,2019-07-13 08:33:15,27280.0,-1512.0,1425.0,descending,/143315h3914.06N/10340.19WO070/008!W40!/A=027280 EOSS BALLOON,"KC0D-1>APZEOS,EOSS,qAO,KC0D-4:/143315h3914.06N/10340.19WO070/008!W40!/A=027280 EOSS BALLOON",70.0,9.2,39.2344,-103.6698333333,,,,,7e-05,-1.833e-05,-25.2,n/a,0.004444,-52.539298,-0.007459,31.837238,0.369536,0.858721,0.032211,-24.646771
EOSS-291,AE0SS-12,2019-07-13 08:33:31.714,2019-07-13 08:33:30,26831.0,-1506.0,1440.0,descending,/143330h3914.07N/10340.14WO065/015EOSS Balloon www.eoss.org/A=026831!W70!,"AE0SS-12>APTT4,EOSS,qAO,KC0D-4:/143330h3914.07N/10340.14WO065/015EOSS Balloon www.eoss.org/A=026831!W70!",65.0,17.3,39.2346166667,-103.669,,,,,6.75e-05,2.5e-06,-25.1,n/a,0.001667,-52.253472,-0.007363,31.792814,0.367567,0.854076,0.024567,-24.492853
EOSS-291,KC0D-1,2019-07-13 08:33:46.784,2019-07-13 08:33:45,26539.0,-1482.0,1455.0,descending,/143345h3914.05N/10340.03WO124/023!W73!/A=026539 EOSS BALLOON,"KC0D-1>APZEOS,EOSS,qAO,KC0D-4:/143345h3914.05N/10340.03WO124/023!W73!/A=026539 EOSS BALLOON",124.0,26.5,39.2342833333,-103.6672166667,,,,,8.722e-05,-3.89e-06,-24.7,n/a,0.013333,-51.969416,-0.007147,31.750287,0.365633,0.858871,0.056012,-24.401055
EOSS-291,AE0SS-12,2019-07-13 08:34:01.437,2019-07-13 08:34:00,26083.0,-1496.0,1470.0,descending,/143400h3914.00N/10339.93WO121/026EOSS Balloon www.eoss.org/A=026083!W98!,"AE0SS-12>APTT4,EOSS,qAO,KC0D-4:/143400h3914.00N/10339.93WO121/026EOSS Balloon www.eoss.org/A=026083!W98!",121.0,29.9,39.2334833333,-103.6656333333,,,,,0.00011222,-3.778e-05,-24.93333333,n/a,-0.007778,-51.693537,-0.007154,31.704051,0.363724,0.844063,-0.001716,-24.270681
EOSS-291,KC0D-1,2019-07-13 08:34:16.876,2019-07-13 08:34:15,25794.0,-1490.0,1485.0,descending,/143415h3913.94N/10339.85WO161/018!W08!/A=025794 EOSS BALLOON,"KC0D-1>APZEOS,EOSS,qAO,KC0D-4:/143415h3913.94N/10339.85WO161/018!W08!/A=025794 EOSS BALLOON",161.0,20.7,39.2323333333,-103.6643,,,,,9.722e-05,-6.5e-05,-24.83333333,n/a,0.003333,-51.422222,-0.007046,31.657192,0.361846,0.8399,0.028683,-24.196087
EOSS-291,KC0D-1,2019-07-13 08:34:46.779,2019-07-13 08:34:45,25073.0,-1442.0,1515.0,descending,/143445h3913.86N/10339.76WO128/020!W56!/A=025073 EOSS BALLOON,"KC0D-1>APZEOS,EOSS,qAO,KC0D-4:/143445h3913.86N/10339.76WO128/020!W56!/A=025073 EOSS BALLOON",128.0,23.0,39.2310833333,-103.6627666667,,,,,5.111e-05,-4.167e-05,-24.03333333,n/a,0.026667,-51.148333,-0.006706,31.615761,0.360011,0.857642,0.0927,-24.035775
EOSS-291,AE0SS-12,2019-07-13 08:35:01.457,2019-07-13 08:35:00,24636.0,-1447.0,1530.0,descending,/143500h3913.78N/10339.71WO180/015EOSS Balloon www.eoss.org/A=024636!W64!,"AE0SS-12>APTT4,EOSS,qAO,KC0D-4:/143500h3913.78N/10339.71WO180/015EOSS Balloon www.eoss.org/A=024636!W64!",180.0,17.3,39.2297666667,-103.6619,,,,,6.222e-05,-6.194e-05,-24.11666667,n/a,-0.001389,-50.880693,-0.006653,31.572069,0.358188,0.847712,0.014696,-23.955097
EOSS-291,KC0D-1,2019-07-13 08:35:16.794,2019-07-13 08:35:15,24362.0,-1422.0,1545.0,descending,/143515h3913.75N/10339.69WO116/009!W83!/A=024362 EOSS BALLOON,"KC0D-1>APZEOS,EOSS,qAO,KC0D-4:/143515h3913.75N/10339.69WO116/009!W83!/A=024362 EOSS BALLOON",116.0,10.4,39.2293,-103.66155,,,,,4.056e-05,-5.944e-05,-23.7,n/a,0.013889,-50.614216,-0.006449,31.53045,0.356399,0.853594,0.057065,-23.910147
EOSS-291,AE0SS-12,2019-07-13 08:35:31.442,2019-07-13 08:35:30,23930.0,-1412.0,1560.0,descending,/143530h3913.73N/10339.63WO126/019EOSS Balloon www.eoss.org/A=023930!W01!,"AE0SS-12>APTT4,EOSS,qAO,KC0D-4:/143530h3913.73N/10339.63WO126/019EOSS Balloon www.eoss.org/A=023930!W01!",126.0,21.9,39.2288333333,-103.6605166667,,,,,4.611e-05,-3.111e-05,-23.53333333,n/a,0.005556,-50.351294,-0.006332,31.488771,0.354632,0.851667,0.033522,-23.846988
EOSS-291,KC0D-1,2019-07-13 08:35:46.810,2019-07-13 08:35:45,23662.0,-1400.0,1575.0,descending,/143545h3913.67N/10339.54WO140/022!W16!/A=023662 EOSS BALLOON,"KC0D-1>APZEOS,EOSS,qAO,KC0D-4:/143545h3913.67N/10339.54WO140/022!W16!/A=023662 EOSS BALLOON",140.0,25.3,39.22785,-103.6591,,,,,8.167e-05,-4.833e-05,-23.33333333,n/a,0.006667,-50.091506,-0.006206,31.447337,0.352892,0.850888,0.036479,-23.811881
EOSS-291,AE0SS-12,2019-07-13 08:36:01.445,2019-07-13 08:36:00,23225.0,-1410.0,1590.0,descending,/143600h3913.59N/10339.49WO166/022EOSS Balloon www.eoss.org/A=023225!W53!,"AE0SS-12>APTT4,EOSS,qAO,KC0D-4:/143600h3913.59N/10339.49WO166/022EOSS Balloon www.eoss.org/A=023225!W53!",166.0,25.3,39.2265833333,-103.6582166667,,,,,7.667e-05,-7.5e-05,-23.5,n/a,-0.005556,-49.838254,-0.006199,31.40319,0.351174,0.838713,0.001831,-23.759889
EOSS-291,KC0D-1,2019-07-13 08:36:16.797,2019-07-13 08:36:15,22960.0,-1404.0,1605.0,descending,/143615h3913.51N/10339.49WO202/015!W74!/A=022960 EOSS BALLOON,"KC0D-1>APZEOS,EOSS,qAO,KC0D-4:/143615h3913.51N/10339.49WO202/015!W74!/A=022960 EOSS BALLOON",202.0,17.3,39.2252833333,-103.6582333333,,,,,2.889e-05,-8.556e-05,-23.4,n/a,0.003333,-49.588836,-0.006108,31.358612,0.349483,0.83514,0.027014,-23.730718
EOSS-291,AE0SS-12,2019-07-13 08:36:31.457,2019-07-13 08:36:30,22536.0,-1378.0,1620.0,descending,/143630h3913.47N/10339.52WO239/005EOSS Balloon www.eoss.org/A=022536!W13!,"AE0SS-12>APTT4,EOSS,qAO,KC0D-4:/143630h3913.47N/10339.52WO239/005EOSS Balloon www.eoss.org/A=022536!W13!",239.0,5.8,39.2245166667,-103.6587166667,,,,,-1.667e-05,-6.889e-05,-22.96666667,n/a,0.014444,-49.340031,-0.005915,31.316278,0.347821,0.842162,0.058533,-23.686139
EOSS-291,KC0D-1,2019-07-13 08:36:47.038,2019-07-13 08:36:45,22272.0,-1376.0,1635.0,descending,/143645h3913.45N/10339.53WO155/004!W82!/A=022272 EOSS BALLOON,"KC0D-1>APZEOS,EOSS,qAO,KC0D-4:/143645h3913.45N/10339.53WO155/004!W82!/A=022272 EOSS BALLOON",155.0,4.6,39.2243,-103.6588666667,,,,,-2.111e-05,-3.278e-05,-22.93333333,n/a,0.001111,-49.095525,-0.005849,31.272997,0.346177,0.836574,0.020105,-23.658782
EOSS-291,AE0SS-12,2019-07-13 08:37:01.521,2019-07-13 08:37:00,21847.0,-1378.0,1650.0,descending,/143700h3913.40N/10339.50WO167/015EOSS Balloon www.eoss.org/A=021847!W76!,"AE0SS-12>APTT4,EOSS,qAO,KC0L-15:/143700h3913.40N/10339.50WO167/015EOSS Balloon www.eoss.org/A=021847!W76!",167.0,17.3,39.22345,-103.6584333333,,,,,9.44e-06,-3.556e-05,-22.96666667,n/a,-0.001111,-48.85581,-0.005805,31.228325,0.344556,0.829028,0.013623,-23.613602
EOSS-291,KC0D-1,2019-07-13 08:37:16.805,2019-07-13 08:37:15,21576.0,-1392.0,1665.0,descending,/143715h3913.32N/10339.50WO190/018!W39!/A=021576 EOSS BALLOON,"KC0D-1>APZEOS,EOSS,qAO,KC0D-4:/143715h3913.32N/10339.50WO190/018!W39!/A=021576 EOSS BALLOON",190.0,20.7,39.22205,-103.6584833333,,,,,1.278e-05,-7.5e-05,-23.2,n/a,-0.007778,-48.622576,-0.005823,31.180847,0.342957,0.815327,-0.0057,-23.583032
EOSS-291,AE0SS-12,2019-07-13 08:37:31.471,2019-07-13 08:37:30,21138.0,-1418.0,1680.0,descending,/143730h3913.27N/10339.48WO216/003EOSS Balloon www.eoss.org/A=021138!W72!,"AE0SS-12>APTT4,EOSS,qAO,KC0L-15:/143730h3913.27N/10339.48WO216/003EOSS Balloon www.eoss.org/A=021138!W72!",216.0,3.5,39.2212833333,-103.6580333333,,,,,1.333e-05,-7.222e-05,-23.63333333,n/a,-0.014444,-48.397447,-0.005902,31.129286,0.341381,0.795525,-0.025022,-23.52868
EOSS-291,KC0D-1,2019-07-13 08:37:46.745,2019-07-13 08:37:45,20855.0,-1442.0,1695.0,descending,/143745h3913.24N/10339.43WO122/011!W98!/A=020855 EOSS BALLOON,"KC0D-1>APZEOS,EOSS,qAO,KC0D-4:/143745h3913.24N/10339.43WO122/011!W98!/A=020855 EOSS BALLOON",122.0,12.7,39.2208166667,-103.6573,,,,,3.944e-05,-4.111e-05,-24.03333333,n/a,-0.013333,-48.179911,-0.005968,31.074145,0.339826,0.777063,-0.021673,-23.489132
EOSS-291,AE0SS-12,2019-07-13 08:38:01.455,2019-07-13 08:38:00,20432.0,-1412.0,1710.0,descending,/143800h3913.22N/10339.38WO122/009EOSS Balloon www.eoss.org/A=020432!W26!,"AE0SS-12>APTT4,EOSS,qAO,KC0D-4:/143800h3913.22N/10339.38WO122/009EOSS Balloon www.eoss.org/A=020432!W26!",122.0,10.4,39.2203666667,-103.6564333333,,,,,5.333e-05,-3.056e-05,-23.53333333,n/a,0.016667,-47.961799,-0.005766,31.021875,0.338299,0.787459,0.066311,-23.421556
EOSS-291,KC0D-1,2019-07-13 08:38:16.786,2019-07-13 08:38:15,20161.0,-1388.0,1725.0,descending,/143815h3913.21N/10339.34WO125/004!W19!/A=020161 EOSS BALLOON,"KC0D-1>APZEOS,EOSS,qAO,KC0D-4:/143815h3913.21N/10339.34WO125/004!W19!/A=020161 EOSS BALLOON",125.0,4.6,39.2201833333,-103.6558166667,,,,,4.944e-05,-2.111e-05,-23.13333333,n/a,0.013333,-47.744006,-0.005597,30.971726,0.33679,0.794617,0.056207,-23.371897
EOSS-291,AE0SS-12,2019-07-13 08:38:31.478,2019-07-13 08:38:30,19737.0,-1390.0,1740.0,descending,/143830h3913.18N/10339.34WO187/012EOSS Balloon www.eoss.org/A=019737!W95!,"AE0SS-12>APTT4,EOSS,qAO,KC0D-4:/143830h3913.18N/10339.34WO187/012EOSS Balloon www.eoss.org/A=019737!W95!",187.0,13.8,39.2198166667,-103.65575,,,,,2.278e-05,-1.833e-05,-23.16666667,n/a,-0.001111,-47.53029,-0.005558,30.920639,0.335297,0.78794,0.013263,-23.282462
EOSS-291,KC0D-1,2019-07-13 08:38:46.749,2019-07-13 08:38:45,19472.0,-1378.0,1755.0,descending,/143845h3913.13N/10339.32WO126/017!W09!/A=019472 EOSS BALLOON,"KC0D-1>APZEOS,EOSS,qAO,KC0D-4:/143845h3913.13N/10339.32WO126/017!W09!/A=019472 EOSS BALLOON",126.0,19.6,39.2188333333,-103.6554833333,,,,,1.111e-05,-4.5e-05,-22.96666667,n/a,0.006667,-47.318534,-0.005452,30.87027,0.333825,0.788845,0.036303,-23.218414
EOSS-291,AE0SS-12,2019-07-13 08:39:01.460,2019-07-13 08:39:00,19054.0,-1366.0,1770.0,descending,/143900h3913.10N/10339.25WO103/014EOSS Balloon www.eoss.org/A=019054!W95!,"AE0SS-12>APTT4,EOSS,qAO,KC0D-4:/143900h3913.10N/10339.25WO103/014EOSS Balloon www.eoss.org/A=019054!W95!",103.0,16.1,39.2184833333,-103.65425,,,,,5e-05,-4.444e-05,-22.76666667,n/a,0.006667,-47.108689,-0.005347,30.820616,0.332372,0.789797,0.036146,-23.103225
EOSS-291,KC0D-1,2019-07-13 08:39:16.794,2019-07-13 08:39:15,18789.0,-1366.0,1785.0,descending,/143915h3913.10N/10339.17WO102/020!W41!/A=018789 EOSS BALLOON,"KC0D-1>APZEOS,EOSS,qAO,KC0L-15:/143915h3913.10N/10339.17WO102/020!W41!/A=018789 EOSS BALLOON",102.0,23.0,39.2184,-103.65285,,,,,8.778e-05,-1.444e-05,-22.76666667,n/a,0.0,-46.902401,-0.005302,30.770326,0.330937,0.784383,0.016021,-23.020551
EOSS-291,AE0SS-12,2019-07-13 08:39:31.445,2019-07-13 08:39:30,18378.0,-1352.0,1800.0,descending,/143930h3913.09N/10339.08WO075/014EOSS Balloon www.eoss.org/A=018378!W40!,"AE0SS-12>APTT4,EOSS,qAO,KC0D-4:/143930h3913.09N/10339.08WO075/014EOSS Balloon www.eoss.org/A=018378!W40!",75.0,16.1,39.2182333333,-103.6513333333,,,,,9.722e-05,-8.33e-06,-22.53333333,n/a,0.007778,-46.697619,-0.005191,30.720994,0.329522,0.786572,0.039357,-22.876559
EOSS-291,KC0D-1,2019-07-13 08:39:46.834,2019-07-13 08:39:45,18118.0,-1342.0,1815.0,descending,/143945h3913.09N/10339.03WO090/007!W93!/A=018118 EOSS BALLOON,"KC0D-1>APZEOS,EOSS,qAO,KC0D-4:/143945h3913.09N/10339.03WO090/007!W93!/A=018118 EOSS BALLOON",90.0,8.1,39.2183166667,-103.65055,,,,,7.667e-05,-2.78e-06,-22.36666667,n/a,0.005556,-46.494861,-0.0051,30.672167,0.328124,0.786648,0.032476,-22.77519
EOSS-291,AE0SS-12,2019-07-13 08:40:01.430,2019-07-13 08:40:00,17706.0,-1344.0,1830.0,descending,/144000h3913.10N/10339.00WO112/002EOSS Balloon www.eoss.org/A=017706!W45!,"AE0SS-12>APTT4,EOSS,qAO,KC0D-4:/144000h3913.10N/10339.00WO112/002EOSS Balloon www.eoss.org/A=017706!W45!",112.0,2.3,39.2184,-103.6500833333,,,,,4.167e-05,5.56e-06,-22.4,n/a,-0.001111,-46.29573,-0.005067,30.622541,0.326743,0.780331,0.012107,-22.59784
EOSS-291,KC0D-1,2019-07-13 08:40:16.769,2019-07-13 08:40:15,17454.0,-1328.0,1845.0,descending,/144015h3913.09N/10338.99WO173/006!W45!/A=017454 EOSS BALLOON,"KC0D-1>APZEOS,EOSS,qAO,KC0D-4:/144015h3913.09N/10338.99WO173/006!W45!/A=017454 EOSS BALLOON",173.0,6.9,39.2182333333,-103.6499166667,,,,,2.111e-05,-2.78e-06,-22.13333333,n/a,0.008889,-46.097678,-0.004952,30.574099,0.325381,0.783812,0.042538,-22.479212
EOSS-291,AE0SS-12,2019-07-13 08:40:31.490,2019-07-13 08:40:30,17049.0,-1314.0,1860.0,descending,/144030h3913.05N/10338.96WO146/012EOSS Balloon www.eoss.org/A=017049!W78!,"AE0SS-12>APTT4,EOSS,qAO,KC0L-15:/144030h3913.05N/10338.96WO146/012EOSS Balloon www.eoss.org/A=017049!W78!",146.0,13.8,39.2176166667,-103.6494666667,,,,,2.056e-05,-2.611e-05,-21.9,n/a,0.007778,-45.900949,-0.004847,30.526609,0.324036,0.78623,0.038962,-22.272665
EOSS-291,KC0D-1,2019-07-13 08:40:46.858,2019-07-13 08:40:45,16800.0,-1308.0,1875.0,descending,/144045h3913.04N/10338.89WO070/013!W82!/A=016800 EOSS BALLOON,"KC0D-1>APZEOS,EOSS,qAO,KC0D-4:/144045h3913.04N/10338.89WO070/013!W82!/A=016800 EOSS BALLOON",70.0,15.0,39.2174666667,-103.6482,,,,,5.722e-05,-2.556e-05,-21.8,n/a,0.003333,-45.706586,-0.004781,30.479205,0.322706,0.784357,0.025144,-22.136259
EOSS-291,AE0SS-12,2019-07-13 08:41:01.435,2019-07-13 08:41:00,16400.0,-1298.0,1890.0,descending,/144100h3913.06N/10338.83WO056/008EOSS Balloon www.eoss.org/A=016400!W32!,"AE0SS-12>APTT4,EOSS,qAO,KB0TVJ-1:/144100h3913.06N/10338.83WO056/008EOSS Balloon www.eoss.org/A=016400!W32!",56.0,9.2,39.2177166667,-103.6472,,,,,7.556e-05,3.33e-06,-21.63333333,n/a,0.005556,-45.514,-0.004698,30.432324,0.321393,0.784714,0.031905,-21.903057
EOSS-291,KC0D-1,2019-07-13 08:41:16.943,2019-07-13 08:41:15,16149.0,-1302.0,1905.0,descending,/144115h3913.08N/10338.79WO050/007!W20!/A=016149 EOSS BALLOON,"KC0D-1>APZEOS,EOSS,qAO,KC0D-4:/144115h3913.08N/10338.79WO050/007!W20!/A=016149 EOSS BALLOON",50.0,8.1,39.2180333333,-103.6465,,,,,5.667e-05,1.889e-05,-21.7,n/a,-0.002222,-45.325,-0.004678,30.384505,0.320094,0.777534,0.007673,-21.748567
EOSS-291,AE0SS-12,2019-07-13 08:41:31.473,2019-07-13 08:41:30,15750.0,-1300.0,1920.0,descending,/144130h3913.09N/10338.75WO063/010EOSS Balloon www.eoss.org/A=015750!W77!,"AE0SS-12>APTT4,EOSS,qAO,KC0L-15:/144130h3913.09N/10338.75WO063/010EOSS Balloon www.eoss.org/A=015750!W77!",63.0,11.5,39.2182833333,-103.64595,,,,,4.167e-05,1.889e-05,-21.66666667,n/a,0.001111,-45.138714,-0.004632,30.336418,0.318812,0.773725,0.018014,-21.49173
EOSS-291,KC0D-1,2019-07-13 08:41:47.002,2019-07-13 08:41:45,15512.0,-1274.0,1935.0,descending,/144145h3913.10N/10338.75WO318/001!W40!/A=015512 EOSS BALLOON,"KC0D-1>APZEOS,EOSS,qAO,KC0L-15:/144145h3913.10N/10338.75WO318/001!W40!/A=015512 EOSS BALLOON",318.0,1.2,39.2184,-103.6458333333,,,,,2.222e-05,1.222e-05,-21.23333333,n/a,0.014444,-44.951953,-0.004482,30.290533,0.317548,0.783037,0.0596,-21.332979
EOSS-291,AE0SS-12,2019-07-13 08:42:01.522,2019-07-13 08:42:00,15113.0,-1274.0,1950.0,descending,/144200h3913.09N/10338.75WO219/004EOSS Balloon www.eoss.org/A=015113!W33!,"AE0SS-12>APTT4,EOSS,qAO,KC0L-15:/144200h3913.09N/10338.75WO219/004EOSS Balloon www.eoss.org/A=015113!W33!",219.0,4.6,39.2182166667,-103.6458833333,,,,,2.22e-06,-2.22e-06,-21.23333333,n/a,0.0,-44.768088,-0.004447,30.244162,0.316296,0.778159,0.01406,-21.059916
EOSS-291,KC0D-1,2019-07-13 08:42:16.898,2019-07-13 08:42:15,14869.0,-1286.0,1965.0,descending,/144215h3913.06N/10338.74WO156/011!W77!/A=014869 EOSS BALLOON,"KC0D-1>APZEOS,EOSS,qAO,KC0D-4:/144215h3913.06N/10338.74WO156/011!W77!/A=014869 EOSS BALLOON",156.0,12.7,39.2177833333,-103.6457833333,,,,,1.67e-06,-2.056e-05,-21.43333333,n/a,-0.006667,-44.58859,-0.004464,30.196144,0.315058,0.766828,-0.006992,-20.890099
EOSS-291,AE0SS-12,2019-07-13 08:42:31.521,2019-07-13 08:42:30,14480.0,-1266.0,1980.0,descending,/144230h3913.02N/10338.72WO151/012EOSS Balloon www.eoss.org/A=014480!W85!,"AE0SS-12>APTT4,EOSS,qAO,N6BA-10:/144230h3913.02N/10338.72WO151/012EOSS Balloon www.eoss.org/A=014480!W85!",151.0,13.8,39.2171333333,-103.6454166667,,,,,1.556e-05,-3.611e-05,-21.1,n/a,0.011111,-44.409288,-0.004344,30.149706,0.313838,0.773118,0.049245,-20.617901
EOSS-291,KC0D-1,2019-07-13 08:42:46.879,2019-07-13 08:42:45,14248.0,-1242.0,1995.0,descending,/144245h3912.99N/10338.69WO119/010!W25!/A=014248 EOSS BALLOON,"KC0D-1>APZEOS,EOSS,qAO,KC0D-4:/144245h3912.99N/10338.69WO119/010!W25!/A=014248 EOSS BALLOON",119.0,11.5,39.2165333333,-103.6449166667,,,,,2.889e-05,-4.167e-05,-20.7,n/a,0.013333,-44.229672,-0.004209,30.105221,0.312632,0.781581,0.056111,-20.456312
EOSS-291,AE0SS-12,2019-07-13 08:43:01.502,2019-07-13 08:43:00,13857.0,-1246.0,2010.0,descending,/144300h3912.97N/10338.64WO092/010EOSS Balloon www.eoss.org/A=013857!W34!,"AE0SS-12>APTT4,EOSS,qAO,KC0L-15:/144300h3912.97N/10338.64WO092/010EOSS Balloon www.eoss.org/A=013857!W34!",92.0,11.5,39.2162166667,-103.6440666667,,,,,4.5e-05,-3.056e-05,-20.76666667,n/a,-0.002222,-44.053258,-0.004194,30.059898,0.311436,0.774673,0.006332,-20.188678
EOSS-291,KC0D-1,2019-07-13 08:43:17.767,2019-07-13 08:43:15,13627.0,-1242.0,2025.0,descending,/144315h3912.99N/10338.62WO356/007!W67!/A=013627 EOSS BALLOON,"KC0D-1>APZEOS,EOSS,qAO,KC0L-15:/144315h3912.99N/10338.62WO356/007!W67!/A=013627 EOSS BALLOON",356.0,8.1,39.2166,-103.6437833333,,,,,3.778e-05,2.22e-06,-20.7,n/a,0.002222,-43.87898,-0.004146,30.014554,0.310255,0.772258,0.020525,-20.035795
EOSS-291,AE0SS-12,2019-07-13 08:43:31.539,2019-07-13 08:43:30,13246.0,-1222.0,2040.0,descending,/144330h3913.02N/10338.62WO010/005EOSS Balloon www.eoss.org/A=013246!W16!,"AE0SS-12>APTT4,EOSS,qAO,N6BA-10:/144330h3913.02N/10338.62WO010/005EOSS Balloon www.eoss.org/A=013246!W16!",10.0,5.8,39.2170166667,-103.6437666667,,,,,1e-05,2.667e-05,-20.36666667,n/a,0.011111,-43.704815,-0.004032,29.970745,0.309089,0.778698,0.048992,-19.793516
EOSS-291,KC0D-1,2019-07-13 08:43:46.834,2019-07-13 08:43:45,13027.0,-1200.0,2055.0,descending,/144345h3913.04N/10338.63WO001/008!W90!/A=013027 EOSS BALLOON,"KC0D-1>APZEOS,EOSS,qAO,KC0L-15:/144345h3913.04N/10338.63WO001/008!W90!/A=013027 EOSS BALLOON",1.0,9.2,39.2174833333,-103.6438333333,,,,,-1.67e-06,2.944e-05,-20.0,n/a,0.012222,-43.530515,-0.003912,29.928642,0.307937,0.786221,0.052394,-19.66214
EOSS-291,AE0SS-12,2019-07-13 08:44:01.572,2019-07-13 08:44:00,12656.0,-1180.0,2070.0,descending,/144400h3913.06N/10338.63WO343/002EOSS Balloon www.eoss.org/A=012656!W94!,"AE0SS-12>APTT4,EOSS,qAO,N6BA-10:/144400h3913.06N/10338.63WO343/002EOSS Balloon www.eoss.org/A=012656!W94!",343.0,2.3,39.2178166667,-103.6439,,,,,-4.44e-06,2.667e-05,-19.66666667,n/a,0.011111,-43.356326,-0.003801,29.888028,0.306797,0.792614,0.048605,-19.455984
EOSS-291,KC0D-1,2019-07-13 08:44:16.836,2019-07-13 08:44:15,12439.0,-1176.0,2085.0,descending,/144415h3913.07N/10338.64WO092/001!W02!/A=012439 EOSS BALLOON,"KC0D-1>APZEOS,EOSS,qAO,KC0L-15:/144415h3913.07N/10338.64WO092/001!W02!/A=012439 EOSS BALLOON",92.0,1.2,39.2178333333,-103.6440333333,,,,,-6.67e-06,1.167e-05,-19.6,n/a,0.002222,-43.184179,-0.003757,29.847335,0.305667,0.79016,0.019561,-19.346489
EOSS-291,AE0SS-12,2019-07-13 08:44:31.817,2019-07-13 08:44:30,12062.0,-1188.0,2100.0,descending,/144430h3913.06N/10338.60WO103/009EOSS Balloon www.eoss.org/A=012062!W09!,"AE0SS-12>APTT4,EOSS,qAO,KC0L-15:/144430h3913.06N/10338.60WO103/009EOSS Balloon www.eoss.org/A=012062!W09!",103.0,10.4,39.2176666667,-103.6434833333,,,,,1.389e-05,-5e-06,-19.8,n/a,-0.006667,-43.015947,-0.003778,29.805064,0.30455,0.778926,-0.009486,-19.178694
EOSS-291,KC0D-1,2019-07-13 08:44:46.857,2019-07-13 08:44:45,11855.0,-1168.0,2115.0,descending,/144445h3913.04N/10338.57WO093/011!W81!/A=011855 EOSS BALLOON,"KC0D-1>APZEOS,EOSS,qAO,KC0L-15:/144445h3913.04N/10338.57WO093/011!W81!/A=011855 EOSS BALLOON",93.0,12.7,39.2174666667,-103.64285,,,,,3.944e-05,-1.222e-05,-19.46666667,n/a,0.011111,-42.847738,-0.003671,29.764276,0.303447,0.785541,0.048714,-19.099849
EOSS-291,AE0SS-12,2019-07-13 08:45:01.520,2019-07-13 08:45:00,11481.0,-1162.0,2130.0,descending,/144500h3913.06N/10338.50WO047/013EOSS Balloon www.eoss.org/A=011481!W33!,"AE0SS-12>APTT4,EOSS,qAO,N6BA-10:/144500h3913.06N/10338.50WO047/013EOSS Balloon www.eoss.org/A=011481!W33!",47.0,15.0,39.2177166667,-103.6417166667,,,,,5.889e-05,1.67e-06,-19.36666667,n/a,0.003333,-42.681206,-0.003621,29.723636,0.302354,0.784377,0.023,-18.983335
EOSS-291,KC0D-1,2019-07-13 08:45:16.872,2019-07-13 08:45:15,11266.0,-1178.0,2145.0,descending,/144515h3913.10N/10338.44WO034/015!W95!/A=011266 EOSS BALLOON,"KC0D-1>APZEOS,EOSS,qAO,KC0L-15:/144515h3913.10N/10338.44WO034/015!W95!/A=011266 EOSS BALLOON",34.0,17.3,39.2184833333,-103.64075,,,,,7e-05,3.389e-05,-19.63333333,n/a,-0.008889,-42.518897,-0.003658,29.68113,0.301273,0.771048,-0.017363,-18.932167
EOSS-291,AE0SS-12,2019-07-13 08:45:31.473,2019-07-13 08:45:30,10897.0,-1168.0,2160.0,descending,/144530h3913.15N/10338.42WO000/011EOSS Balloon www.eoss.org/A=010897!W78!,"AE0SS-12>APTT4,EOSS,qAO,KC0L-15:/144530h3913.15N/10338.42WO000/011EOSS Balloon www.eoss.org/A=010897!W78!",0.0,12.7,39.2192833333,-103.6404666667,,,,,4.167e-05,5.222e-05,-19.46666667,n/a,0.005556,-42.357692,-0.003594,29.63919,0.300204,0.772323,0.030479,-18.871879
EOSS-291,KC0D-1,2019-07-13 08:45:46.874,2019-07-13 08:45:45,10693.0,-1146.0,2175.0,descending,/144545h3913.18N/10338.42WO015/005!W69!/A=010693 EOSS BALLOON,"KC0D-1>APZEOS,EOSS,qAO,KC0L-15:/144545h3913.18N/10338.42WO015/005!W69!/A=010693 EOSS BALLOON",15.0,5.8,39.2197666667,-103.6404833333,,,,,8.89e-06,4.278e-05,-19.1,n/a,0.012222,-42.196181,-0.003483,29.598898,0.299148,0.780305,0.052499,-18.853323
EOSS-291,AE0SS-12,2019-07-13 08:46:01.476,2019-07-13 08:46:00,10333.0,-1128.0,2190.0,descending,/144600h3913.21N/10338.40WO008/017EOSS Balloon www.eoss.org/A=010333!W22!,"AE0SS-12>APTT4,EOSS,qAO,KC0L-15:/144600h3913.21N/10338.40WO008/017EOSS Balloon www.eoss.org/A=010333!W22!",8.0,19.6,39.2202,-103.6400333333,,,,,1.444e-05,3.056e-05,-18.8,n/a,0.01,-42.034828,-0.003389,29.559868,0.298102,0.786026,0.044914,-18.844812
EOSS-291,KC0D-1,2019-07-13 08:46:16.849,2019-07-13 08:46:15,10153.0,-1080.0,2205.0,descending,/144615h3913.25N/10338.36WO041/008!W34!/A=010153 EOSS BALLOON,"KC0D-1>APZEOS,EOSS,qAO,KC0L-15:/144615h3913.25N/10338.36WO041/008!W34!/A=010153 EOSS BALLOON",41.0,9.2,39.2208833333,-103.6394,,,,,3.611e-05,3.722e-05,-18.0,n/a,0.026667,-41.870205,-0.003182,29.524843,0.297075,0.808479,0.100476,-18.851131
EOSS-291,AE0SS-12,2019-07-13 08:46:31.478,2019-07-13 08:46:30,9791.0,-1084.0,2220.0,descending,/144630h3913.27N/10338.34WO341/006EOSS Balloon www.eoss.org/A=009791!W27!,"AE0SS-12>APTT4,EOSS,qAO,KC0L-15:/144630h3913.27N/10338.34WO341/006EOSS Balloon www.eoss.org/A=009791!W27!",341.0,6.9,39.2212,-103.6391166667,,,,,3.056e-05,3.333e-05,-18.06666667,n/a,-0.002222,-41.708277,-0.003175,29.488984,0.296049,0.80171,0.003219,-18.881266
EOSS-291,KC0D-1,2019-07-13 08:46:46.840,2019-07-13 08:46:45,9599.0,-1108.0,2235.0,descending,/144645h3913.32N/10338.36WO015/017!W61!/A=009599 EOSS BALLOON,"KC0D-1>APZEOS,EOSS,qAO,KC0L-15:/144645h3913.32N/10338.36WO015/017!W61!/A=009599 EOSS BALLOON",15.0,19.6,39.2221,-103.63935,,,,,1.67e-06,4.056e-05,-18.46666667,n/a,-0.013333,-41.551239,-0.003245,29.450541,0.295035,0.783842,-0.034193,-18.904258
EOSS-291,AE0SS-12,2019-07-13 08:47:01.569,2019-07-13 08:47:00,9240.0,-1102.0,2250.0,descending,/144700h3913.37N/10338.33WO020/005EOSS Balloon www.eoss.org/A=009240!W43!,"AE0SS-12>APTT4,EOSS,qAO,KC0L-15:/144700h3913.37N/10338.33WO020/005EOSS Balloon www.eoss.org/A=009240!W43!",20.0,5.8,39.2229,-103.6388833333,,,,,7.78e-06,5.667e-05,-18.36666667,n/a,0.003333,-41.395638,-0.0032,29.412268,0.29403,0.782972,0.022219,-18.952725
EOSS-291,KC0D-1,2019-07-13 08:47:16.851,2019-07-13 08:47:15,9045.0,-1108.0,2265.0,descending,/144715h3913.41N/10338.35WO334/017!W18!/A=009045 EOSS BALLOON,"KC0D-1>APZEOS,EOSS,qAO,KC0L-15:/144715h3913.41N/10338.35WO334/017!W18!/A=009045 EOSS BALLOON",334.0,19.6,39.2235166667,-103.6393,,,,,1.67e-06,4.722e-05,-18.46666667,n/a,-0.003333,-41.242778,-0.003201,29.373126,0.293035,0.775406,-0.00045,-18.977678
EOSS-291,AE0SS-12,2019-07-13 08:47:31.494,2019-07-13 08:47:30,8689.0,-1102.0,2280.0,descending,/144730h3913.49N/10338.37WO009/020EOSS Balloon www.eoss.org/A=008689!W45!,"AE0SS-12>APTT4,EOSS,qAO,KC0L-15:/144730h3913.49N/10338.37WO009/020EOSS Balloon www.eoss.org/A=008689!W45!",9.0,23.0,39.2249,-103.6395833333,,,,,-2.333e-05,6.667e-05,-18.36666667,n/a,0.003333,-41.09128,-0.003157,29.334184,0.292051,0.77468,0.022222,-19.008547
EOSS-291,KC0D-1,2019-07-13 08:47:46.859,2019-07-13 08:47:45,8490.0,-1110.0,2295.0,descending,/144745h3913.54N/10338.35WO342/009!W66!/A=008490 EOSS BALLOON,"KC0D-1>APZEOS,EOSS,qAO,KC0L-15:/144745h3913.54N/10338.35WO342/009!W66!/A=008490 EOSS BALLOON",342.0,10.4,39.2257666667,-103.6392666667,,,,,1.11e-06,7.5e-05,-18.5,n/a,-0.004444,-40.942654,-0.003166,29.294255,0.291075,0.766111,-0.004391,-19.010545
EOSS-291,AE0SS-12,2019-07-13 08:48:01.513,2019-07-13 08:48:00,8144.0,-1090.0,2310.0,descending,/144800h3913.59N/10338.39WO325/017EOSS Balloon www.eoss.org/A=008144!W40!,"AE0SS-12>APTT4,EOSS,qAO,KC0L-15:/144800h3913.59N/10338.39WO325/017EOSS Balloon www.eoss.org/A=008144!W40!",325.0,19.6,39.2265666667,-103.6398333333,,,,,-8.33e-06,5.556e-05,-18.16666667,n/a,0.011111,-40.793791,-0.003072,29.255736,0.290112,0.773425,0.048888,-18.970544
EOSS-291,KC0D-1,2019-07-13 08:48:16.830,2019-07-13 08:48:15,7956.0,-1068.0,2325.0,descending,/144815h3913.68N/10338.41WO004/022!W29!/A=007956 EOSS BALLOON,"KC0D-1>APZEOS,EOSS,qAO,KC0L-15:/144815h3913.68N/10338.41WO004/022!W29!/A=007956 EOSS BALLOON",4.0,25.3,39.2280333333,-103.6403166667,,,,,-3.5e-05,7.556e-05,-17.8,n/a,0.012222,-40.644481,-0.002972,29.218782,0.289159,0.781842,0.052545,-18.916631
EOSS-291,AE0SS-12,2019-07-13 08:48:31.456,2019-07-13 08:48:30,7609.0,-1070.0,2340.0,descending,/144830h3913.74N/10338.41WO335/012EOSS Balloon www.eoss.org/A=007609!W93!,"AE0SS-12>APTT4,EOSS,qAO,KC0L-15:/144830h3913.74N/10338.41WO335/012EOSS Balloon www.eoss.org/A=007609!W93!",335.0,13.8,39.22915,-103.6402166667,,,,,-1.278e-05,8.611e-05,-17.83333333,n/a,-0.001111,-40.497312,-0.00296,29.181339,0.288213,0.77666,0.006415,-18.733835
EOSS-291,KC0D-1,2019-07-13 08:48:46.853,2019-07-13 08:48:45,7420.0,-1072.0,2355.0,descending,/144845h3913.82N/10338.45WO347/025!W06!/A=007420 EOSS BALLOON,"KC0D-1>APZEOS,EOSS,qAO,KC0L-15:/144845h3913.82N/10338.45WO347/025!W06!/A=007420 EOSS BALLOON",347.0,28.8,39.2303333333,-103.6409333333,,,,,-2.056e-05,7.667e-05,-17.86666667,n/a,-0.001111,-40.352244,-0.002948,29.143433,0.287275,0.771549,0.006395,-18.57633
EOSS-291,AE0SS-12,2019-07-13 08:49:01.594,2019-07-13 08:49:00,7074.0,-1070.0,2370.0,descending,/144900h3913.91N/10338.46WO002/020EOSS Balloon www.eoss.org/A=007074!W62!,"AE0SS-12>APTT4,EOSS,qAO,KC0L-15:/144900h3913.91N/10338.46WO002/020EOSS Balloon www.eoss.org/A=007074!W62!",2.0,23.0,39.2319333333,-103.6410333333,,,,,-2.722e-05,9.278e-05,-17.83333333,n/a,0.001111,-40.208811,-0.002922,29.105414,0.286347,0.768774,0.014084,-18.149736
EOSS-291,KC0D-1,2019-07-13 08:49:16.915,2019-07-13 08:49:15,6889.0,-1062.0,2385.0,descending,/144915h3913.97N/10338.46WO348/012!W22!/A=006889 EOSS BALLOON,"KC0D-1>APZEOS,EOSS,qAO,W0ARP-1:/144915h3913.97N/10338.46WO348/012!W22!/A=006889 EOSS BALLOON",348.0,13.8,39.2328666667,-103.6410333333,,,,,-3.33e-06,8.444e-05,-17.7,n/a,0.004444,-40.06635,-0.002875,29.067784,0.285429,0.769455,0.025642,-17.832076
EOSS-291,AE0SS-12,2019-07-13 08:49:31.488,2019-07-13 08:49:30,6546.0,-1056.0,2400.0,descending,/144930h3914.04N/10338.50WO348/026EOSS Balloon www.eoss.org/A=006546!W42!,"AE0SS-12>APTT4,EOSS,qAO,KC0L-15:/144930h3914.04N/10338.50WO348/026EOSS Balloon www.eoss.org/A=006546!W42!",348.0,29.9,39.2340666667,-103.6417,,,,,-2.222e-05,7.111e-05,-17.6,n/a,0.003333,-39.925052,-0.002836,29.030377,0.284519,0.769024,0.021682,-17.036339
EOSS-291,KC0D-1,2019-07-13 08:49:46.966,2019-07-13 08:49:45,6368.0,-1042.0,2415.0,descending,/144945h3914.13N/10338.49WO005/016!W87!/A=006368 EOSS BALLOON,"KC0D-1>APZEOS,EOSS,qAO,N2XGL-12:/144945h3914.13N/10338.49WO005/016!W87!/A=006368 EOSS BALLOON",5.0,18.4,39.2356333333,-103.6416166667,,,,,-1.944e-05,9.222e-05,-17.36666667,n/a,0.007778,-39.784063,-0.002769,28.993843,0.283618,0.773178,0.037187,-16.49785
EOSS-291,AE0SS-12,2019-07-13 08:50:01.551,2019-07-13 08:50:00,6011.0,-1070.0,2430.0,descending,/145000h3914.19N/10338.49WO011/007EOSS Balloon www.eoss.org/A=006011!W35!,"AE0SS-12>APTT4,EOSS,qAO,KC0L-15:/145000h3914.19N/10338.49WO011/007EOSS Balloon www.eoss.org/A=006011!W35!",11.0,8.1,39.23655,-103.6415833333,,,,,3.89e-06,8.278e-05,-17.83333333,n/a,-0.015556,-39.647723,-0.002849,28.954821,0.282727,0.753394,-0.044944,-15.101992
EOSS-291,KC0D-1,2019-07-13 08:50:16.867,2019-07-13 08:50:15,5824.0,-1088.0,2445.0,descending,/145015h3914.23N/10338.52WO326/013!W17!/A=005824 EOSS BALLOON,"KC0D-1>APZEOS,EOSS,qAO,KC0L-15:/145015h3914.23N/10338.52WO326/013!W17!/A=005824 EOSS BALLOON",326.0,15.0,39.2371833333,-103.6421166667,,,,,-1.667e-05,5.167e-05,-18.13333333,n/a,-0.01,-39.514918,-0.002893,28.91421,0.281842,0.739484,-0.025216,-14.174163
EOSS-291,AE0SS-12,2019-07-13 08:50:31.516,2019-07-13 08:50:30,5470.0,-1082.0,2460.0,descending,/145030h3914.28N/10338.54WO015/011EOSS Balloon www.eoss.org/A=005470!W04!,"AE0SS-12>APTT4,EOSS,qAO,KC0L-15:/145030h3914.28N/10338.54WO015/011EOSS Balloon www.eoss.org/A=005470!W04!",15.0,12.7,39.238,-103.6424,,,,,-2.722e-05,4.833e-05,-18.03333333,n/a,0.003333,-39.383129,-0.002855,28.873896,0.280966,0.739415,0.022024,-11.972196
EOSS-291,KC0D-1,2019-07-13 08:51:21.171,2019-07-13 08:51:15,5299.0,-525.0,2505.0,descending,/145115h3914.30N/10338.51WO018/000!W48!/A=005299 EOSS BALLOON,"KC0D-1>APZEOS,EOSS,qAO,W9CN-9:/145115h3914.30N/10338.51WO018/000!W48!/A=005299 EOSS BALLOON",18.0,0.0,39.2384,-103.6419666667,,,,,2.5e-06,2.028e-05,-8.75,n/a,0.154722,-39.196341,-0.001888,28.884408,0.280369,1.054075,0.558585,-10.668187
EOSS-291,AE0SS-12,2019-07-13 08:51:31.465,2019-07-13 08:51:30,5303.0,-167.0,2520.0,descending,/145130h3914.30N/10338.52WO000/000EOSS Balloon www.eoss.org/A=005303!W09!,"AE0SS-12>APTT4,EOSS,qAO,KC0L-15:/145130h3914.30N/10338.52WO000/000EOSS Balloon www.eoss.org/A=005303!W09!",0.0,0.0,39.2383333333,-103.64215,,,,,4.17e-06,5.56e-06,-2.78333333,n/a,0.099444,-38.975657,-0.00127,28.935403,0.27962,1.250797,0.360182,-10.700663
