flightid,callsign,receivetime,packettime,altitude,vert_rate_ftmin,elapsed_secs,flight_phase,info,raw,bearing,speed_mph,latitude,longitude,temperature_k,pressure_pa,airdensity_slugs,airdensity_kgm3,velocity_x,velocity_y,velocity_z,airflow,acceleration,velocity_mean,acceleration_mean,velocity_std,acceleration_std,velocity_norm,acceleration_norm,velocity_curvefit
EOSS-356,AE0SS-2,2024-04-21 07:39:42.195,2024-04-21 07:39:41,5594.0,750.0,0.0,ascending,/133941h3936.49N/10402.56WO340/004/A=005594 5T8353P EOSS BALLOON,"AE0SS-2>APZEOS,EOSS,WIDE2-1,qAO,AE0SS-10:/133941h3936.49N/10402.56WO340/004/A=005594 5T8353P EOSS BALLOON",340.0,5.0,39.6081666667,-104.0426666667,273.65,83530.0,0.0020633,1.06338242,-1.667e-05,0.0,12.5,high Re,,12.5,,,,,,14.763122
EOSS-356,KC0D-2,2024-04-21 07:39:46.803,2024-04-21 07:39:45,5718.0,1012.0,4.0,ascending,/133945h3936.50N/10402.56WO014/008/A=005718 221T8346P EOSS Balloon,"KC0D-2>APZEOS,EOSS,WIDE2-1,qAO,AE0SS-10:/133945h3936.50N/10402.56WO014/008/A=005718 221T8346P EOSS Balloon",14.0,9.0,39.6083333333,-104.0426666667,295.25,83460.0,0.00191075,0.98476119,-1.667e-05,1.111e-05,16.86666667,high Re,0.145556,14.683333,0.145556,3.0877,,0.707107,,15.325123
EOSS-356,KC0D-2,2024-04-21 07:40:16.740,2024-04-21 07:40:15,6287.0,1138.0,34.0,ascending,/134015h3936.53N/10402.52WO015/006/A=006287 222T8167P EOSS Balloon,"KC0D-2>APZEOS,EOSS,WIDE2-1,qAO,N6BA-10:/134015h3936.53N/10402.52WO015/006/A=006287 222T8167P EOSS Balloon",15.0,7.0,39.6088333333,-104.042,295.35,81670.0,0.00186914,0.96331435,2.222e-05,1.667e-05,18.96666667,high Re,0.07,16.111111,0.107778,3.298877,0.053426,0.865614,-0.707109,17.467447
EOSS-356,AE0SS-2,2024-04-21 07:40:42.166,2024-04-21 07:40:41,6704.0,1110.0,60.0,ascending,/134041h3936.58N/10402.46WO000/013/A=006704 -16T8004P EOSS BALLOON,"AE0SS-2>APZEOS,EOSS,WIDE2-1,qAO,N6BA-10:/134041h3936.58N/10402.46WO000/013/A=006704 -16T8004P EOSS BALLOON",0.0,15.0,39.6096666667,-104.041,271.55,80040.0,0.00199238,1.02683277,2.778e-05,2.5e-05,18.5,high Re,-0.007778,16.708333,0.069259,2.946483,0.07667,0.60807,-1.004787,18.643259
EOSS-356,AE0SS-2,2024-04-21 07:41:15.752,2024-04-21 07:41:11,7308.0,1208.0,90.0,ascending,/134111h3936.62N/10402.39WO077/014/A=007308 -8T7825P EOSS BALLOON,"AE0SS-2>APZEOS,EOSS,WIDE2-1,qAO,AE0SS-10:/134111h3936.62N/10402.39WO077/014/A=007308 -8T7825P EOSS BALLOON",77.0,16.0,39.6103333333,-104.0398333333,272.35,78250.0,0.00194211,1.00092011,3.889e-05,2.222e-05,20.13333333,high Re,0.054444,17.393333,0.065556,2.976146,0.063037,0.920654,-0.176277,19.871082
EOSS-356,KC0D-2,2024-04-21 07:41:16.726,2024-04-21 07:41:15,7438.0,1151.0,94.0,ascending,/134115h3936.63N/10402.39WO032/006/A=007438 218T7814P EOSS Balloon,"KC0D-2>APZEOS,EOSS,WIDE2-1,qAO,N6BA-10:/134115h3936.63N/10402.39WO032/006/A=007438 218T7814P EOSS Balloon",32.0,7.0,39.6105,-104.0398333333,294.95,78140.0,0.00179077,0.92292722,3.611e-05,2.778e-05,19.18333333,high Re,-0.015833,17.691667,0.049278,2.76043,0.065613,0.540375,-0.992349,20.073237
EOSS-356,AE0SS-2,2024-04-21 07:41:43.162,2024-04-21 07:41:41,7937.0,1258.0,120.0,ascending,/134141h3936.65N/10402.37WO072/002/A=007937 -5T7634P EOSS BALLOON,"AE0SS-2>APZEOS,EOSS,WIDE2-1,qAO,N6BA-10:/134141h3936.65N/10402.37WO072/002/A=007937 -5T7634P EOSS BALLOON",72.0,2.0,39.6108333333,-104.0395,272.65,76340.0,0.00189262,0.97541426,1.111e-05,1.667e-05,20.96666667,high Re,0.059444,18.159524,0.050972,2.807527,0.058833,0.999863,0.144001,20.680328
EOSS-356,KC0D-2,2024-04-21 07:41:46.753,2024-04-21 07:41:45,8073.0,1270.0,124.0,ascending,/134145h3936.66N/10402.38WO300/004/A=008073 219T7629P EOSS Balloon,"KC0D-2>APZEOS,EOSS,WIDE2-1,qAO,N6BA-10:/134145h3936.66N/10402.38WO300/004/A=008073 219T7629P EOSS Balloon",300.0,5.0,39.611,-104.0396666667,295.05,76290.0,0.00174778,0.9007711,5.56e-06,1.667e-05,21.16666667,high Re,0.006667,18.535417,0.044643,2.808299,0.056257,0.936955,-0.675045,20.804737
EOSS-356,AE0SS-2,2024-04-21 07:42:15.691,2024-04-21 07:42:11,8580.0,1286.0,150.0,ascending,/134211h3936.64N/10402.37WO305/004/A=008580 1T7454P EOSS BALLOON,"AE0SS-2>APZEOS,EOSS,WIDE2-1,qAO,N6BA-10:/134211h3936.64N/10402.37WO305/004/A=008580 1T7454P EOSS BALLOON",305.0,5.0,39.6106666667,-104.0395,273.25,74540.0,0.00184393,0.95032393,0.0,-5.56e-06,21.43333333,high Re,0.008889,18.857407,0.040174,2.798897,0.053596,0.920336,-0.583719,21.14101
EOSS-356,AE0SS-2,2024-04-21 07:42:43.200,2024-04-21 07:42:41,9204.0,1248.0,180.0,ascending,/134241h3936.58N/10402.37WO132/002/A=009204 -3T7273P EOSS BALLOON,"AE0SS-2>APZEOS,EOSS,WIDE2-1,qAO,N6BA-10:/134241h3936.58N/10402.37WO132/002/A=009204 -3T7273P EOSS BALLOON",132.0,2.0,39.6096666667,-104.0395,272.85,72730.0,0.0018018,0.92860727,0.0,-3.333e-05,20.8,high Re,-0.021111,19.051667,0.033364,2.709385,0.054136,0.645288,-1.006262,21.335397
EOSS-356,AE0SS-2,2024-04-21 07:43:15.738,2024-04-21 07:43:11,9815.0,1222.0,210.0,ascending,/134311h3936.54N/10402.34WO059/008/A=009815 -10T7107P EOSS BALLOON,"AE0SS-2>APZEOS,EOSS,WIDE2-1,qAO,AE0SS-10:/134311h3936.54N/10402.34WO059/008/A=009815 -10T7107P EOSS BALLOON",59.0,9.0,39.609,-104.039,272.15,71070.0,0.0017652,0.90974657,1.667e-05,-2.222e-05,20.36666667,high Re,-0.014444,19.171212,0.028583,2.600749,0.053232,0.459658,-0.808292,21.361155
EOSS-356,KC0D-2,2024-04-21 07:43:16.745,2024-04-21 07:43:15,9940.0,1244.7,214.0,ascending,/134315h3936.53N/10402.32WO153/015/A=009940 217T7103P EOSS Balloon,"KC0D-2>APZEOS,EOSS,WIDE2-1,qAO,N6BA-10:/134315h3936.53N/10402.32WO153/015/A=009940 217T7103P EOSS Balloon",153.0,17.0,39.6088333333,-104.0386666667,294.85,71030.0,0.00162838,0.83923412,1.111e-05,-2.407e-05,20.74444444,high Re,0.004198,19.302315,0.026367,2.520962,0.051033,0.572055,-0.434405,21.351913
EOSS-356,AE0SS-2,2024-04-21 07:43:43.167,2024-04-21 07:43:41,10456.0,1282.0,240.0,ascending,/134341h3936.46N/10402.26WO159/016/A=010456 -8T6934P EOSS BALLOON,"AE0SS-2>APZEOS,EOSS,WIDE2-1,qAO,N6BA-10:/134341h3936.46N/10402.26WO159/016/A=010456 -8T6934P EOSS BALLOON",159.0,18.0,39.6076666667,-104.0376666667,272.35,69340.0,0.00172097,0.88694953,4.444e-05,-4.444e-05,21.36666667,high Re,0.020741,19.461111,0.025898,2.480616,0.048685,0.768178,-0.105926,21.276697
EOSS-356,KC0D-2,2024-04-21 07:43:46.749,2024-04-21 07:43:45,10581.0,1282.0,244.0,ascending,/134345h3936.44N/10402.25WO143/024/A=010581 215T6930P EOSS Balloon,"KC0D-2>APZEOS,EOSS,WIDE2-1,qAO,N6BA-10:/134345h3936.44N/10402.25WO143/024/A=010581 215T6930P EOSS Balloon",143.0,28.0,39.6073333333,-104.0375,294.65,69300.0,0.0015898,0.81934958,3.889e-05,-5e-05,21.36666667,high Re,0.0,19.597222,0.023906,2.437105,0.047163,0.726044,-0.50688,21.251416
EOSS-356,AE0SS-2,2024-04-21 07:44:43.175,2024-04-21 07:44:41,11710.0,1254.0,300.0,ascending,/134441h3936.19N/10401.92WO123/021/A=011710 -36T6606P EOSS BALLOON,"AE0SS-2>APZEOS,EOSS,WIDE2-1,qAO,N6BA-10:/134441h3936.19N/10401.92WO123/021/A=011710 -36T6606P EOSS BALLOON",123.0,24.0,39.6031666667,-104.032,269.55,66060.0,0.00165659,0.85377156,9.444e-05,-7.5e-05,20.9,high Re,-0.007778,19.684074,0.021643,2.372421,0.046097,0.512525,-0.638241,20.961227
EOSS-356,KC0D-2,2024-04-21 07:44:46.719,2024-04-21 07:44:45,11826.0,1245.0,304.0,ascending,/134445h3936.18N/10401.91WO141/021/A=011826 214T6605P EOSS Balloon,"KC0D-2>APZEOS,EOSS,WIDE2-1,qAO,N6BA-10:/134445h3936.18N/10401.91WO141/021/A=011826 214T6605P EOSS Balloon",141.0,24.0,39.603,-104.0318333333,294.55,66050.0,0.00151576,0.78118922,9.444e-05,-7.222e-05,20.75,high Re,-0.0025,19.750694,0.020033,2.307416,0.044855,0.433084,-0.502352,20.928989
EOSS-356,AE0SS-2,2024-04-21 07:45:15.646,2024-04-21 07:45:11,12364.0,1308.0,330.0,ascending,/134511h3936.02N/10401.73WO145/036/A=012364 -45T6438P EOSS BALLOON,"AE0SS-2>APZEOS,EOSS,WIDE2-1,qAO,N6BA-10:/134511h3936.02N/10401.73WO145/036/A=012364 -45T6438P EOSS BALLOON",145.0,41.0,39.6003333333,-104.0288333333,268.65,64380.0,0.00161987,0.8348464,0.00010556,-9.444e-05,21.8,high Re,0.035,19.871242,0.020968,2.288765,0.043496,0.842707,0.322604,20.782945
EOSS-356,KC0D-2,2024-04-21 07:45:16.784,2024-04-21 07:45:15,12481.0,1310.0,334.0,ascending,/134515h3936.00N/10401.71WO142/027/A=012481 215T6438P EOSS Balloon,"KC0D-2>APZEOS,EOSS,WIDE2-1,qAO,N6BA-10:/134515h3936.00N/10401.71WO142/027/A=012481 215T6438P EOSS Balloon",142.0,31.0,39.6,-104.0285,294.65,64380.0,0.00147693,0.76117931,0.00011111,-0.0001,21.83333333,high Re,0.001111,19.980247,0.0198,2.268079,0.042389,0.817029,-0.440893,20.752583
EOSS-356,AE0SS-2,2024-04-21 07:45:43.189,2024-04-21 07:45:41,12991.0,1254.0,360.0,ascending,/134541h3935.85N/10401.52WO137/035/A=012991 -66T6284P EOSS BALLOON,"AE0SS-2>APZEOS,EOSS,WIDE2-1,qAO,N6BA-10:/134541h3935.85N/10401.52WO137/035/A=012991 -66T6284P EOSS BALLOON",137.0,40.0,39.5975,-104.0253333333,266.55,62840.0,0.00159358,0.82129644,0.00011667,-9.444e-05,20.9,high Re,-0.031111,20.028655,0.016972,2.214253,0.042838,0.393516,-1.122438,20.62927
EOSS-356,KC0D-2,2024-04-21 07:45:46.673,2024-04-21 07:45:45,13112.0,1262.0,364.0,ascending,/134545h3935.82N/10401.50WO147/030/A=013112 217T6281P EOSS Balloon,"KC0D-2>APZEOS,EOSS,WIDE2-1,qAO,N6BA-10:/134545h3935.82N/10401.50WO147/030/A=013112 217T6281P EOSS Balloon",147.0,35.0,39.597,-104.025,294.85,62810.0,0.00143994,0.74211312,0.00011667,-0.0001,21.03333333,high Re,0.004444,20.078889,0.016313,2.166873,0.04173,0.440471,-0.284424,20.602542
EOSS-356,AE0SS-2,2024-04-21 07:46:15.705,2024-04-21 07:46:11,13582.0,1182.0,390.0,ascending,/134611h3935.66N/10401.30WO147/037/A=013582 -77T6137P EOSS BALLOON,"AE0SS-2>APZEOS,EOSS,WIDE2-1,qAO,N6BA-10:/134611h3935.66N/10401.30WO147/037/A=013582 -77T6137P EOSS BALLOON",147.0,43.0,39.5943333333,-104.0216666667,265.45,61370.0,0.00156275,0.80540782,0.00012222,-0.00010556,19.7,high Re,-0.044444,20.060847,0.013275,2.113624,0.042829,-0.170724,-1.347662,20.509394
EOSS-356,KC0D-2,2024-04-21 07:46:16.795,2024-04-21 07:46:15,13711.0,1198.0,394.0,ascending,/134615h3935.64N/10401.28WO143/025/A=013711 215T6134P EOSS Balloon,"KC0D-2>APZEOS,EOSS,WIDE2-1,qAO,N6BA-10:/134615h3935.64N/10401.28WO143/025/A=013711 215T6134P EOSS Balloon",143.0,29.0,39.594,-104.0213333333,294.65,61340.0,0.00140719,0.7252367,0.00012222,-0.0001,19.96666667,high Re,0.008889,20.056566,0.013066,2.062783,0.041756,-0.043582,-0.100034,20.486981
EOSS-356,AE0SS-2,2024-04-21 07:46:43.195,2024-04-21 07:46:41,14175.0,1186.0,420.0,ascending,/134641h3935.48N/10401.09WO150/034/A=014175 -89T5993P EOSS BALLOON,"AE0SS-2>APZEOS,EOSS,WIDE2-1,qAO,N6BA-10:/134641h3935.48N/10401.09WO150/034/A=014175 -89T5993P EOSS BALLOON",150.0,39.0,39.5913333333,-104.0181666667,264.25,59930.0,0.00153301,0.7900812,0.00011667,-0.0001,19.76666667,high Re,-0.006667,20.043961,0.012169,2.016263,0.040966,-0.137529,-0.459796,20.418186
EOSS-356,KC0D-2,2024-04-21 07:46:46.753,2024-04-21 07:46:45,14305.0,1188.0,424.0,ascending,/134645h3935.45N/10401.07WO145/033/A=014305 215T5991P EOSS Balloon,"KC0D-2>APZEOS,EOSS,WIDE2-1,qAO,N6BA-10:/134645h3935.45N/10401.07WO145/033/A=014305 215T5991P EOSS Balloon",145.0,38.0,39.5908333333,-104.0178333333,294.65,59910.0,0.00137439,0.70832949,0.00011667,-0.00010556,19.8,high Re,0.001111,20.033796,0.011688,1.972573,0.040091,-0.118523,-0.263825,20.402283
EOSS-356,AE0SS-2,2024-04-21 07:47:15.850,2024-04-21 07:47:11,14794.0,1238.0,450.0,ascending,/134711h3935.27N/10400.90WO157/034/A=014794 -86T5846P EOSS BALLOON,"AE0SS-2>APZEOS,EOSS,WIDE2-1,qAO,AE0SS-10:/134711h3935.27N/10400.90WO157/034/A=014794 -86T5846P EOSS BALLOON",157.0,39.0,39.5878333333,-104.015,264.55,58460.0,0.00149371,0.76982763,0.00010556,-0.00011667,20.63333333,high Re,0.027778,20.057778,0.012359,1.93476,0.039347,0.297482,0.391872,20.355675
EOSS-356,KC0D-2,2024-04-21 07:47:16.783,2024-04-21 07:47:15,14919.0,1228.0,454.0,ascending,/134715h3935.25N/10400.89WO155/022/A=014919 212T5847P EOSS Balloon,"KC0D-2>APZEOS,EOSS,WIDE2-1,qAO,N6BA-10:/134715h3935.25N/10400.89WO155/022/A=014919 212T5847P EOSS Balloon",155.0,25.0,39.5875,-104.0148333333,294.35,58470.0,0.00134272,0.69200862,0.0001,-0.00011111,20.46666667,high Re,-0.005556,20.073504,0.011642,1.897365,0.038684,0.207215,-0.444577,20.347065
EOSS-356,AE0SS-2,2024-04-21 07:47:43.263,2024-04-21 07:47:41,15414.0,1240.0,480.0,ascending,/134741h3935.09N/10400.78WO128/026/A=015414 -101T5706P EOSS BALLOON,"AE0SS-2>APZEOS,EOSS,WIDE2-1,qAO,N6BA-10:/134741h3935.09N/10400.78WO128/026/A=015414 -101T5706P EOSS BALLOON",128.0,30.0,39.5848333333,-104.013,263.05,57060.0,0.00146625,0.75567649,6.667e-05,-0.0001,20.66666667,high Re,0.006667,20.095473,0.011451,1.864018,0.037915,0.306431,-0.126177,20.32568
EOSS-356,KC0D-2,2024-04-21 07:47:46.751,2024-04-21 07:47:45,15541.0,1244.0,484.0,ascending,/134745h3935.08N/10400.77WO155/014/A=015541 212T5705P EOSS Balloon,"KC0D-2>APZEOS,EOSS,WIDE2-1,qAO,N6BA-10:/134745h3935.08N/10400.77WO155/014/A=015541 212T5705P EOSS Balloon",155.0,16.0,39.5846666667,-104.0128333333,294.35,57050.0,0.00131011,0.67520252,6.667e-05,-9.444e-05,20.73333333,high Re,0.002222,20.118254,0.011109,1.833141,0.037222,0.335533,-0.238757,20.323345
EOSS-356,AE0SS-2,2024-04-21 07:48:15.825,2024-04-21 07:48:11,16012.0,1196.0,510.0,ascending,/134811h3934.93N/10400.65WO149/017/A=016012 -106T5571P EOSS BALLOON,"AE0SS-2>APZEOS,EOSS,WIDE2-1,qAO,AE0SS-10:/134811h3934.93N/10400.65WO149/017/A=016012 -106T5571P EOSS BALLOON",149.0,20.0,39.5821666667,-104.0108333333,262.55,55710.0,0.00143429,0.73920277,7.222e-05,-8.889e-05,19.93333333,high Re,-0.026667,20.111877,0.00976,1.800436,0.037217,-0.099167,-0.978773,20.325168
EOSS-356,AE0SS-2,2024-04-21 07:48:43.200,2024-04-21 07:48:41,16658.0,1292.0,540.0,ascending,/134841h3934.74N/10400.51WO147/024/A=016658 -111T5427P EOSS BALLOON,"AE0SS-2>APZEOS,EOSS,WIDE2-1,qAO,N6BA-10:/134841h3934.74N/10400.51WO147/024/A=016658 -111T5427P EOSS BALLOON",147.0,28.0,39.579,-104.0085,262.05,54270.0,0.00139988,0.72146972,7.778e-05,-0.00010556,21.53333333,high Re,0.053333,20.159259,0.011262,1.788056,0.037431,0.768474,1.123961,20.351958
EOSS-356,KC0D-2,2024-04-21 07:49:16.710,2024-04-21 07:49:15,17405.0,1242.7,574.0,ascending,/134915h3934.51N/10400.36WO153/033/A=017405 206T5292P EOSS Balloon,"KC0D-2>APZEOS,EOSS,WIDE2-1,qAO,N6BA-10:/134915h3934.51N/10400.36WO153/033/A=017405 206T5292P EOSS Balloon",153.0,38.0,39.5751666667,-104.006,293.75,52920.0,0.00121775,0.62760213,7.593e-05,-0.00010556,20.71111111,high Re,-0.009136,20.177061,0.010582,1.760794,0.036968,0.303301,-0.53338,20.411906
EOSS-356,AE0SS-2,2024-04-21 07:49:43.150,2024-04-21 07:49:41,17861.0,1203.0,600.0,ascending,/134941h3934.33N/10400.23WO145/030/A=017861 -139T5171P EOSS BALLOON,"AE0SS-2>APZEOS,EOSS,WIDE2-1,qAO,N6BA-10:/134941h3934.33N/10400.23WO145/030/A=017861 -139T5171P EOSS BALLOON",145.0,35.0,39.5721666667,-104.0038333333,259.25,51710.0,0.00134825,0.69486146,7.778e-05,-0.00011389,20.05,high Re,-0.011019,20.17309,0.009885,1.732307,0.036553,-0.071056,-0.571882,20.46052
EOSS-356,KC0D-2,2024-04-21 07:49:46.765,2024-04-21 07:49:45,17973.0,1136.0,604.0,ascending,/134945h3934.31N/10400.21WO137/030/A=017973 205T5172P EOSS Balloon,"KC0D-2>APZEOS,EOSS,WIDE2-1,qAO,N6BA-10:/134945h3934.31N/10400.21WO137/030/A=017973 205T5172P EOSS Balloon",137.0,35.0,39.5718333333,-104.0035,293.65,51720.0,0.00119054,0.61357967,8.333e-05,-0.00011111,18.93333333,high Re,-0.037222,20.135522,0.008413,1.718629,0.036911,-0.699504,-1.236352,20.473592
EOSS-356,AE0SS-2,2024-04-21 07:50:43.176,2024-04-21 07:50:41,19144.0,1283.0,660.0,ascending,/135041h3933.91N/10359.87WO147/035/A=019144 -168T4907P EOSS BALLOON,"AE0SS-2>APZEOS,EOSS,WIDE2-1,qAO,N6BA-10:/135041h3933.91N/10359.87WO147/035/A=019144 -168T4907P EOSS BALLOON",147.0,40.0,39.5651666667,-103.9978333333,256.35,49070.0,0.00129389,0.66684544,0.0001,-0.00011667,21.38333333,high Re,0.040833,20.172222,0.009396,1.705865,0.036765,0.709969,0.85508,20.629488
EOSS-356,KC0D-2,2024-04-21 07:50:46.696,2024-04-21 07:50:45,19263.0,1290.0,664.0,ascending,/135045h3933.87N/10359.86WO155/042/A=019263 202T4907P EOSS Balloon,"KC0D-2>APZEOS,EOSS,WIDE2-1,qAO,N6BA-10:/135045h3933.87N/10359.86WO155/042/A=019263 202T4907P EOSS Balloon",155.0,48.0,39.5645,-103.9976666667,293.35,49070.0,0.0011307,0.58273676,9.722e-05,-0.00012222,21.5,high Re,0.001944,20.210159,0.009177,1.695512,0.036226,0.760738,-0.199663,20.646736
EOSS-356,AE0SS-2,2024-04-21 07:51:15.914,2024-04-21 07:51:11,19751.0,1214.0,690.0,ascending,/135111h3933.62N/10359.67WO158/043/A=019751 -174T4786P EOSS BALLOON,"AE0SS-2>APZEOS,EOSS,WIDE2-1,qAO,AE0SS-10:/135111h3933.62N/10359.67WO158/043/A=019751 -174T4786P EOSS BALLOON",158.0,49.0,39.5603333333,-103.9945,255.75,47860.0,0.00126495,0.6519278,0.00011111,-0.00016111,20.23333333,high Re,-0.042222,20.210802,0.007708,1.671119,0.036732,0.013483,-1.359305,20.71898
EOSS-356,AE0SS-2,2024-04-21 07:51:43.219,2024-04-21 07:51:41,20390.0,1278.0,720.0,ascending,/135141h3933.33N/10359.46WO149/037/A=020390 -196T4658P EOSS BALLOON,"AE0SS-2>APZEOS,EOSS,WIDE2-1,qAO,N6BA-10:/135141h3933.33N/10359.46WO149/037/A=020390 -196T4658P EOSS BALLOON",149.0,43.0,39.5555,-103.991,253.55,46580.0,0.0012418,0.63999756,0.00011667,-0.00016111,21.3,high Re,0.035556,20.24024,0.008482,1.657446,0.0365,0.639393,0.741753,20.815621
EOSS-356,KC0D-2,2024-04-21 07:51:46.753,2024-04-21 07:51:45,20524.0,1261.0,724.0,ascending,/135145h3933.29N/10359.44WO154/037/A=020524 198T4657P EOSS Balloon,"KC0D-2>APZEOS,EOSS,WIDE2-1,qAO,N6BA-10:/135145h3933.29N/10359.44WO154/037/A=020524 198T4657P EOSS Balloon",154.0,43.0,39.5548333333,-103.9906666667,292.95,46570.0,0.00107455,0.55380285,0.00011667,-0.00016111,21.01666667,high Re,-0.004722,20.260673,0.008125,1.63974,0.036054,0.461045,-0.356327,20.835977
EOSS-356,AE0SS-2,2024-04-21 07:52:15.748,2024-04-21 07:52:11,21028.0,1276.0,750.0,ascending,/135211h3933.06N/10359.24WO142/036/A=021028 -206T4538P EOSS BALLOON,"AE0SS-2>APZEOS,EOSS,WIDE2-1,qAO,AE0SS-10:/135211h3933.06N/10359.24WO142/036/A=021028 -206T4538P EOSS BALLOON",142.0,41.0,39.551,-103.9873333333,252.55,45380.0,0.0012146,0.62597872,0.00012222,-0.00015,21.26666667,high Re,0.008333,20.286467,0.00813,1.626019,0.035564,0.602822,0.005708,20.912316
EOSS-356,KC0D-2,2024-04-21 07:52:16.730,2024-04-21 07:52:15,21143.0,1238.0,754.0,ascending,/135215h3933.02N/10359.22WO154/041/A=021143 195T4539P EOSS Balloon,"KC0D-2>APZEOS,EOSS,WIDE2-1,qAO,N6BA-10:/135215h3933.02N/10359.22WO154/041/A=021143 195T4539P EOSS Balloon",154.0,47.0,39.5503333333,-103.987,292.65,45390.0,0.0010484,0.54032381,0.00012222,-0.00015,20.63333333,high Re,-0.021111,20.295139,0.00738,1.605974,0.035404,0.210585,-0.80474,20.929633
EOSS-356,AE0SS-2,2024-04-21 07:52:43.200,2024-04-21 07:52:41,21629.0,1202.0,780.0,ascending,/135241h3932.78N/10358.99WO131/048/A=021629 -222T4420P EOSS BALLOON,"AE0SS-2>APZEOS,EOSS,WIDE2-1,qAO,N6BA-10:/135241h3932.78N/10358.99WO131/048/A=021629 -222T4420P EOSS BALLOON",131.0,55.0,39.5463333333,-103.9831666667,250.95,44200.0,0.00119056,0.61358893,0.00013889,-0.00015556,20.03333333,high Re,-0.02,20.288753,0.006696,1.5863,0.035214,-0.161016,-0.758108,21.002157
EOSS-356,KC0D-2,2024-04-21 07:52:46.774,2024-04-21 07:52:45,21761.0,1236.0,784.0,ascending,/135245h3932.75N/10358.96WO148/044/A=021761 194T4423P EOSS Balloon,"KC0D-2>APZEOS,EOSS,WIDE2-1,qAO,N6BA-10:/135245h3932.75N/10358.96WO148/044/A=021761 194T4423P EOSS Balloon",148.0,51.0,39.5458333333,-103.9826666667,292.55,44230.0,0.00102196,0.52669511,0.00014444,-0.00015,20.6,high Re,0.018889,20.296164,0.006993,1.567571,0.034823,0.193826,0.341613,21.021639
EOSS-356,AE0SS-2,2024-04-21 07:53:15.777,2024-04-21 07:53:11,22272.0,1286.0,810.0,ascending,/135311h3932.49N/10358.71WO143/046/A=022272 -231T4304P EOSS BALLOON,"AE0SS-2>APZEOS,EOSS,WIDE2-1,qAO,AE0SS-10:/135311h3932.49N/10358.71WO143/046/A=022272 -231T4304P EOSS BALLOON",143.0,53.0,39.5415,-103.9785,250.05,43040.0,0.00116349,0.59963621,0.00015556,-0.00016111,21.43333333,high Re,0.027778,20.32261,0.007488,1.558475,0.034545,0.712699,0.58735,21.096053
EOSS-356,AE0SS-2,2024-04-21 07:53:43.164,2024-04-21 07:53:41,22909.0,1274.0,840.0,ascending,/135341h3932.21N/10358.38WO122/045/A=022909 -238T4188P EOSS BALLOON,"AE0SS-2>APZEOS,EOSS,WIDE2-1,qAO,N6BA-10:/135341h3932.21N/10358.38WO122/045/A=022909 -238T4188P EOSS BALLOON",122.0,52.0,39.5368333333,-103.973,249.35,41880.0,0.00113531,0.585113,0.00018333,-0.00015556,21.23333333,high Re,-0.006667,20.343308,0.007159,1.546354,0.0342,0.575564,-0.404269,21.186483
EOSS-356,AE0SS-2,2024-04-21 07:54:15.803,2024-04-21 07:54:11,23504.0,1190.0,870.0,ascending,/135411h3931.84N/10358.02WO140/062/A=023504 -248T4084P EOSS BALLOON,"AE0SS-2>APZEOS,EOSS,WIDE2-1,qAO,AE0SS-10:/135411h3931.84N/10358.02WO140/062/A=023504 -248T4084P EOSS BALLOON",140.0,71.0,39.5306666667,-103.967,248.35,40840.0,0.00111157,0.57288047,0.0002,-0.00020556,19.83333333,high Re,-0.046667,20.331975,0.005936,1.53057,0.03476,-0.325788,-1.51332,21.268763
EOSS-356,AE0SS-2,2024-04-21 07:54:43.224,2024-04-21 07:54:41,24107.0,1206.0,900.0,ascending,/135441h3931.46N/10357.68WO143/050/A=024107 -259T3982P EOSS BALLOON,"AE0SS-2>APZEOS,EOSS,WIDE2-1,qAO,N6BA-10:/135441h3931.46N/10357.68WO143/050/A=024107 -259T3982P EOSS BALLOON",143.0,58.0,39.5243333333,-103.9613333333,247.25,39820.0,0.00108863,0.56105754,0.00018889,-0.00021111,20.1,high Re,0.008889,20.326932,0.006001,1.513855,0.034366,-0.149903,0.084037,21.350443
EOSS-356,AE0SS-2,2024-04-21 07:55:15.672,2024-04-21 07:55:11,24742.0,1270.0,930.0,ascending,/135511h3931.09N/10357.32WO147/056/A=024742 -269T3875P EOSS BALLOON,"AE0SS-2>APZEOS,EOSS,WIDE2-1,qAO,N6BA-10:/135511h3931.09N/10357.32WO147/056/A=024742 -269T3875P EOSS BALLOON",147.0,64.0,39.5181666667,-103.9553333333,246.25,38750.0,0.00106368,0.54819859,0.0002,-0.00020556,21.16666667,high Re,0.035556,20.344799,0.006644,1.502311,0.03426,0.547069,0.8439,21.435328
EOSS-356,KC0D-2,2024-04-21 07:55:16.733,2024-04-21 07:55:15,24856.0,1238.0,934.0,ascending,/135515h3931.04N/10357.28WO138/055/A=024856 180T3878P EOSS Balloon,"KC0D-2>APZEOS,EOSS,WIDE2-1,qAO,N6BA-10:/135515h3931.04N/10357.28WO138/055/A=024856 180T3878P EOSS Balloon",138.0,63.0,39.5173333333,-103.9546666667,291.15,38780.0,0.00090034,0.46401654,0.00018667,-0.00019,20.63333333,high Re,-0.003556,20.35081,0.006427,1.486826,0.033918,0.190018,-0.294327,21.450512
EOSS-356,AE0SS-2,2024-04-21 07:55:43.189,2024-04-21 07:55:41,25426.0,1368.0,960.0,ascending,/135541h3930.71N/10356.94WO138/065/A=025426 -276T3762P EOSS BALLOON,"AE0SS-2>APZEOS,EOSS,WIDE2-1,qAO,N6BA-10:/135541h3930.71N/10356.94WO138/065/A=025426 -276T3762P EOSS BALLOON",138.0,75.0,39.5118333333,-103.949,245.55,37620.0,0.00103561,0.53372962,0.00021111,-0.00021111,22.8,high Re,0.072222,20.400794,0.007798,1.512288,0.034873,1.586474,1.847389,21.526499
EOSS-356,KC0D-2,2024-04-21 07:55:46.759,2024-04-21 07:55:45,25559.0,1406.0,964.0,ascending,/135545h3930.66N/10356.89WO141/059/A=025559 178T3763P EOSS Balloon,"KC0D-2>APZEOS,EOSS,WIDE2-1,qAO,N6BA-10:/135545h3930.66N/10356.89WO141/059/A=025559 178T3763P EOSS Balloon",141.0,68.0,39.511,-103.9481666667,290.95,37630.0,0.00087424,0.45056588,0.00021667,-0.00021111,23.43333333,high Re,0.021111,20.461444,0.008069,1.557006,0.034561,1.908721,0.377362,21.544293
EOSS-356,AE0SS-2,2024-04-21 07:56:15.742,2024-04-21 07:56:11,26097.0,1342.0,990.0,ascending,/135611h3930.29N/10356.54WO140/054/A=026097 -280T3653P EOSS BALLOON,"AE0SS-2>APZEOS,EOSS,WIDE2-1,qAO,N6BA-10:/135611h3930.29N/10356.54WO140/054/A=026097 -280T3653P EOSS BALLOON",140.0,62.0,39.5048333333,-103.9423333333,245.15,36530.0,0.00100724,0.51911099,0.00022222,-0.00023333,22.36666667,high Re,-0.035556,20.498802,0.007197,1.564275,0.034758,1.194077,-1.230019,21.616783
EOSS-356,KC0D-2,2024-04-21 07:56:16.732,2024-04-21 07:56:15,26246.0,1374.0,994.0,ascending,/135615h3930.25N/10356.49WO138/063/A=026246 175T3653P EOSS Balloon,"KC0D-2>APZEOS,EOSS,WIDE2-1,qAO,N6BA-10:/135615h3930.25N/10356.49WO138/063/A=026246 175T3653P EOSS Balloon",138.0,72.0,39.5041666667,-103.9415,290.65,36530.0,0.00084956,0.43784641,0.00022222,-0.00022778,22.9,high Re,0.017778,20.544979,0.007404,1.584253,0.034441,1.486518,0.301211,21.637051
EOSS-356,AE0SS-2,2024-04-21 07:56:43.242,2024-04-21 07:56:41,26816.0,1438.0,1020.0,ascending,/135641h3929.88N/10356.11WO136/060/A=026816 -293T3540P EOSS BALLOON,"AE0SS-2>APZEOS,EOSS,WIDE2-1,qAO,N6BA-10:/135641h3929.88N/10356.11WO136/060/A=026816 -293T3540P EOSS BALLOON",136.0,69.0,39.498,-103.9351666667,243.85,35400.0,0.00098129,0.50573493,0.00023889,-0.00022778,23.96666667,high Re,0.035556,20.609539,0.007946,1.637833,0.034324,2.049737,0.804393,21.715616
EOSS-356,KC0D-2,2024-04-21 07:56:46.728,2024-04-21 07:56:45,26971.0,1450.0,1024.0,ascending,/135645h3929.82N/10356.05WO143/065/A=026971 173T3540P EOSS Balloon,"KC0D-2>APZEOS,EOSS,WIDE2-1,qAO,N6BA-10:/135645h3929.82N/10356.05WO143/065/A=026971 173T3540P EOSS Balloon",143.0,75.0,39.497,-103.9341666667,290.45,35400.0,0.00082385,0.42459447,0.00024444,-0.00023889,24.16666667,high Re,0.006667,20.675412,0.007921,1.692986,0.033993,2.062188,-0.03689,21.737304
EOSS-356,AE0SS-2,2024-04-21 07:57:15.734,2024-04-21 07:57:11,27485.0,1338.0,1050.0,ascending,/135711h3929.44N/10355.71WO137/065/A=027485 -309T3438P EOSS BALLOON,"AE0SS-2>APZEOS,EOSS,WIDE2-1,qAO,N6BA-10:/135711h3929.44N/10355.71WO137/065/A=027485 -309T3438P EOSS BALLOON",137.0,75.0,39.4906666667,-103.9285,242.25,34380.0,0.00095931,0.49440691,0.00022222,-0.00024444,22.3,high Re,-0.062222,20.704949,0.006623,1.691481,0.034997,0.942991,-1.967169,21.81036
EOSS-356,KC0D-2,2024-04-21 07:57:16.806,2024-04-21 07:57:15,27624.0,1306.0,1054.0,ascending,/135715h3929.40N/10355.65WO139/061/A=027624 169T3441P EOSS Balloon,"KC0D-2>APZEOS,EOSS,WIDE2-1,qAO,N6BA-10:/135715h3929.40N/10355.65WO139/061/A=027624 169T3441P EOSS Balloon",139.0,70.0,39.49,-103.9275,290.05,34410.0,0.00080191,0.41328939,0.00022222,-0.00023333,21.76666667,high Re,-0.017778,20.723909,0.006179,1.682028,0.034828,0.619941,-0.687866,21.830434
EOSS-356,AE0SS-2,2024-04-21 07:57:43.222,2024-04-21 07:57:41,28113.0,1256.0,1080.0,ascending,/135741h3929.01N/10355.22WO136/072/A=028113 -329T3347P EOSS BALLOON,"AE0SS-2>APZEOS,EOSS,WIDE2-1,qAO,N6BA-10:/135741h3929.01N/10355.22WO136/072/A=028113 -329T3347P EOSS BALLOON",136.0,83.0,39.4835,-103.9203333333,240.25,33470.0,0.00094169,0.48532735,0.00027222,-0.00023889,20.93333333,high Re,-0.027778,20.727583,0.005573,1.667173,0.034807,0.123413,-0.958169,21.902182
EOSS-356,KC0D-2,2024-04-21 07:57:46.783,2024-04-21 07:57:45,28227.0,1206.0,1084.0,ascending,/135745h3928.96N/10355.16WO135/065/A=028227 168T3351P EOSS Balloon,"KC0D-2>APZEOS,EOSS,WIDE2-1,qAO,N6BA-10:/135745h3928.96N/10355.16WO135/065/A=028227 168T3351P EOSS Balloon",135.0,75.0,39.4826666667,-103.9193333333,289.95,33510.0,0.00078121,0.40261853,0.00027222,-0.00024444,20.1,high Re,-0.027778,20.716762,0.004987,1.654538,0.034776,-0.37277,-0.942173,21.919162
EOSS-356,AE0SS-2,2024-04-21 07:58:15.749,2024-04-21 07:58:11,28685.0,1144.0,1110.0,ascending,/135811h3928.62N/10354.77WO145/069/A=028685 -341T3261P EOSS BALLOON,"AE0SS-2>APZEOS,EOSS,WIDE2-1,qAO,N6BA-10:/135811h3928.62N/10354.77WO145/069/A=028685 -341T3261P EOSS BALLOON",145.0,79.0,39.477,-103.9128333333,239.05,32610.0,0.0009221,0.47523071,0.00025,-0.00021667,19.06666667,high Re,-0.034444,20.688795,0.004308,1.654221,0.034856,-0.9806,-1.111774,21.988335
EOSS-356,KC0D-2,2024-04-21 07:58:16.768,2024-04-21 07:58:15,28834.0,1214.0,1114.0,ascending,/135815h3928.57N/10354.72WO143/065/A=028834 164T3261P EOSS Balloon,"KC0D-2>APZEOS,EOSS,WIDE2-1,qAO,N6BA-10:/135815h3928.57N/10354.72WO143/065/A=028834 164T3261P EOSS Balloon",143.0,75.0,39.4761666667,-103.912,289.55,32610.0,0.00076128,0.39234641,0.00024444,-0.00021667,20.23333333,high Re,0.038889,20.681204,0.004894,1.641196,0.034847,-0.272893,0.97555,22.011157
EOSS-356,AE0SS-2,2024-04-21 07:58:43.246,2024-04-21 07:58:41,29338.0,1306.0,1140.0,ascending,/135841h3928.21N/10354.32WO132/059/A=029338 -359T3165P EOSS BALLOON,"AE0SS-2>APZEOS,EOSS,WIDE2-1,qAO,N6BA-10:/135841h3928.21N/10354.32WO132/059/A=029338 -359T3165P EOSS BALLOON",132.0,68.0,39.4701666667,-103.9053333333,237.25,31650.0,0.00090174,0.46473988,0.00025,-0.00022778,21.76666667,high Re,0.051111,20.698998,0.005664,1.633385,0.035061,0.653654,1.296227,22.089404
EOSS-356,KC0D-2,2024-04-21 07:58:46.750,2024-04-21 07:58:45,29447.0,1226.0,1144.0,ascending,/135845h3928.17N/10354.26WO135/062/A=029447 162T3173P EOSS Balloon,"KC0D-2>APZEOS,EOSS,WIDE2-1,qAO,N6BA-10:/135845h3928.17N/10354.26WO135/062/A=029447 162T3173P EOSS Balloon",135.0,71.0,39.4695,-103.9043333333,289.35,31730.0,0.00074125,0.38202258,0.00025556,-0.00022222,20.43333333,high Re,-0.044444,20.694713,0.004843,1.620292,0.035355,-0.161316,-1.39406,22.10652
EOSS-356,AE0SS-2,2024-04-21 07:59:15.792,2024-04-21 07:59:11,29975.0,1274.0,1170.0,ascending,/135911h3927.83N/10353.90WO144/060/A=029975 -368T3075P EOSS BALLOON,"AE0SS-2>APZEOS,EOSS,WIDE2-1,qAO,N6BA-10:/135911h3927.83N/10353.90WO144/060/A=029975 -368T3075P EOSS BALLOON",144.0,69.0,39.4638333333,-103.8983333333,236.35,30750.0,0.00087944,0.45324389,0.00023333,-0.00021111,21.23333333,high Re,0.026667,20.703263,0.005195,1.608604,0.035173,0.329522,0.610468,22.190208
EOSS-356,KC0D-2,2024-04-21 07:59:16.740,2024-04-21 07:59:15,30081.0,1268.0,1174.0,ascending,/135915h3927.78N/10353.85WO139/061/A=030081 158T3084P EOSS Balloon,"KC0D-2>APZEOS,EOSS,WIDE2-1,qAO,N6BA-10:/135915h3927.78N/10353.85WO139/061/A=030081 158T3084P EOSS Balloon",139.0,70.0,39.463,-103.8975,288.95,30840.0,0.00072145,0.37182118,0.00022778,-0.00021667,21.13333333,high Re,-0.003333,20.709983,0.005059,1.596692,0.034905,0.265142,-0.240424,22.207133
EOSS-356,AE0SS-2,2024-04-21 07:59:43.196,2024-04-21 07:59:41,30627.0,1304.0,1200.0,ascending,/135941h3927.44N/10353.43WO126/060/A=030627 -388T2986P EOSS BALLOON,"AE0SS-2>APZEOS,EOSS,WIDE2-1,qAO,N6BA-10:/135941h3927.44N/10353.43WO126/060/A=030627 -388T2986P EOSS BALLOON",126.0,69.0,39.4573333333,-103.8905,234.35,29860.0,0.00086127,0.44388175,0.00026111,-0.00021667,21.73333333,high Re,0.02,20.725726,0.005293,1.589246,0.034677,0.634016,0.424114,22.294658
EOSS-356,KC0D-2,2024-04-21 07:59:46.772,2024-04-21 07:59:45,30748.0,1334.0,1204.0,ascending,/135945h3927.40N/10353.36WO130/067/A=030748 156T2993P EOSS Balloon,"KC0D-2>APZEOS,EOSS,WIDE2-1,qAO,N6BA-10:/135945h3927.40N/10353.36WO130/067/A=030748 156T2993P EOSS Balloon",130.0,77.0,39.4566666667,-103.8893333333,288.75,29930.0,0.00070065,0.36109974,0.00027222,-0.00021111,22.23333333,high Re,0.016667,20.748569,0.005468,1.587855,0.034434,0.935076,0.325231,22.314079
EOSS-356,AE0SS-2,2024-04-21 08:00:15.722,2024-04-21 08:00:11,31319.0,1384.0,1230.0,ascending,/140011h3927.07N/10352.93WO139/065/A=031319 -409T2891P EOSS BALLOON,"AE0SS-2>APZEOS,EOSS,WIDE2-1,qAO,N6BA-10:/140011h3927.07N/10352.93WO139/065/A=031319 -409T2891P EOSS BALLOON",139.0,75.0,39.4511666667,-103.8821666667,232.25,28910.0,0.00084141,0.43364547,0.00027778,-0.00020556,23.06666667,high Re,0.027778,20.783167,0.005806,1.601026,0.034279,1.426273,0.640976,22.405378
EOSS-356,KC0D-2,2024-04-21 08:00:16.772,2024-04-21 08:00:15,31471.0,1446.0,1234.0,ascending,/140015h3927.02N/10352.88WO134/062/A=031471 152T2895P EOSS Balloon,"KC0D-2>APZEOS,EOSS,WIDE2-1,qAO,N6BA-10:/140015h3927.02N/10352.88WO134/062/A=031471 152T2895P EOSS Balloon",134.0,71.0,39.4503333333,-103.8813333333,288.35,28950.0,0.00067865,0.34976074,0.00026667,-0.00021111,24.1,high Re,0.034444,20.831944,0.006233,1.639149,0.034197,1.993752,0.824955,22.429486
EOSS-356,AE0SS-2,2024-04-21 08:00:43.220,2024-04-21 08:00:41,32045.0,1452.0,1260.0,ascending,/140041h3926.66N/10352.41WO141/073/A=032045 -426T2799P EOSS BALLOON,"AE0SS-2>APZEOS,EOSS,WIDE2-1,qAO,N6BA-10:/140041h3926.66N/10352.41WO141/073/A=032045 -426T2799P EOSS BALLOON",141.0,84.0,39.4443333333,-103.8735,230.55,27990.0,0.00082064,0.42294142,0.00028889,-0.00022778,24.2,high Re,0.003333,20.880757,0.00619,1.676813,0.033943,1.979495,-0.084171,22.519144
EOSS-356,KC0D-2,2024-04-21 08:00:46.727,2024-04-21 08:00:45,32162.0,1382.0,1264.0,ascending,/140045h3926.61N/10352.35WO129/068/A=032162 150T2804P EOSS Balloon,"KC0D-2>APZEOS,EOSS,WIDE2-1,qAO,N6BA-10:/140045h3926.61N/10352.35WO129/068/A=032162 150T2804P EOSS Balloon",129.0,78.0,39.4435,-103.8725,288.15,28040.0,0.00065777,0.33900167,0.00029444,-0.00022778,23.03333333,high Re,-0.038889,20.911508,0.005537,1.684383,0.034127,1.259705,-1.301785,22.537066
EOSS-356,AE0SS-2,2024-04-21 08:01:15.786,2024-04-21 08:01:11,32706.0,1322.0,1290.0,ascending,/140111h3926.26N/10351.92WO129/056/A=032706 -436T2712P EOSS BALLOON,"AE0SS-2>APZEOS,EOSS,WIDE2-1,qAO,N6BA-10:/140111h3926.26N/10351.92WO129/056/A=032706 -436T2712P EOSS BALLOON",129.0,64.0,39.4376666667,-103.8653333333,229.55,27120.0,0.0007986,0.41158054,0.00027222,-0.00022222,22.03333333,high Re,-0.033333,20.927308,0.004982,1.6776,0.034196,0.65929,-1.120453,22.618232
EOSS-356,KC0D-2,2024-04-21 08:01:16.756,2024-04-21 08:01:15,32821.0,1318.0,1294.0,ascending,/140115h3926.22N/10351.85WO132/073/A=032821 145T2720P EOSS Balloon,"KC0D-2>APZEOS,EOSS,WIDE2-1,qAO,N6BA-10:/140115h3926.22N/10351.85WO132/073/A=032821 145T2720P EOSS Balloon",132.0,84.0,39.437,-103.8641666667,287.65,27200.0,0.00063918,0.32941773,0.00027778,-0.00021667,21.96666667,high Re,-0.002222,20.941744,0.00488,1.670241,0.033961,0.613638,-0.209122,22.634852
EOSS-356,AE0SS-2,2024-04-21 08:01:43.238,2024-04-21 08:01:41,33361.0,1310.0,1320.0,ascending,/140141h3925.90N/10351.40WO140/069/A=033361 -455T2632P EOSS BALLOON,"AE0SS-2>APZEOS,EOSS,WIDE2-1,qAO,N6BA-10:/140141h3925.90N/10351.40WO140/069/A=033361 -455T2632P EOSS BALLOON",140.0,79.0,39.4316666667,-103.8566666667,227.65,26320.0,0.00078151,0.40277331,0.00028889,-0.0002,21.83333333,high Re,-0.004444,20.953957,0.004751,1.661881,0.033739,0.529145,-0.272533,22.709765
EOSS-356,KC0D-2,2024-04-21 08:01:46.748,2024-04-21 08:01:45,33532.0,1422.0,1324.0,ascending,/140145h3925.85N/10351.33WO131/063/A=033532 143T2631P EOSS Balloon,"KC0D-2>APZEOS,EOSS,WIDE2-1,qAO,N6BA-10:/140145h3925.85N/10351.33WO131/063/A=033532 143T2631P EOSS Balloon",131.0,72.0,39.4308333333,-103.8555,287.45,26310.0,0.00061869,0.31886069,0.00028889,-0.00020556,23.7,high Re,0.062222,20.991066,0.005538,1.681047,0.034173,1.611456,1.658736,22.732262
EOSS-356,AE0SS-2,2024-04-21 08:02:15.769,2024-04-21 08:02:11,34062.0,1402.0,1350.0,ascending,/140211h3925.51N/10350.88WO132/066/A=034062 -476T2544P EOSS BALLOON,"AE0SS-2>APZEOS,EOSS,WIDE2-1,qAO,N6BA-10:/140211h3925.51N/10350.88WO132/066/A=034062 -476T2544P EOSS BALLOON",132.0,76.0,39.4251666667,-103.848,225.55,25440.0,0.00076241,0.39293139,0.00028889,-0.00021667,23.36666667,high Re,-0.011111,21.022741,0.005313,1.692033,0.033993,1.385272,-0.483158,22.79755
EOSS-356,KC0D-2,2024-04-21 08:02:16.792,2024-04-21 08:02:15,34207.0,1350.0,1354.0,ascending,/140215h3925.44N/10350.80WO135/073/A=034207 138T2549P EOSS Balloon,"KC0D-2>APZEOS,EOSS,WIDE2-1,qAO,N6BA-10:/140215h3925.44N/10350.80WO135/073/A=034207 138T2549P EOSS Balloon",135.0,84.0,39.424,-103.8466666667,286.95,25490.0,0.00060045,0.30946109,0.00029444,-0.00022778,22.5,high Re,-0.028889,21.042178,0.004857,1.689236,0.033993,0.863007,-0.992734,22.814114
EOSS-356,AE0SS-2,2024-04-21 08:02:43.274,2024-04-21 08:02:41,34861.0,1598.0,1380.0,ascending,/140241h3925.08N/10350.38WO136/075/A=034861 -496T2450P EOSS BALLOON,"AE0SS-2>APZEOS,EOSS,WIDE2-1,qAO,N6BA-10:/140241h3925.08N/10350.38WO136/075/A=034861 -496T2450P EOSS BALLOON",136.0,86.0,39.418,-103.8396666667,223.55,24500.0,0.00074081,0.38179818,0.00027778,-0.00023889,26.63333333,high Re,0.137778,21.114791,0.006606,1.794982,0.037048,3.074428,3.540596,22.880842
EOSS-356,KC0D-2,2024-04-21 08:02:46.701,2024-04-21 08:02:45,34998.0,1582.0,1384.0,ascending,/140245h3925.02N/10350.31WO138/063/A=034998 136T2454P EOSS Balloon,"KC0D-2>APZEOS,EOSS,WIDE2-1,qAO,N6BA-10:/140245h3925.02N/10350.31WO138/063/A=034998 136T2454P EOSS Balloon",138.0,72.0,39.417,-103.8385,286.75,24540.0,0.00057848,0.29813542,0.00027222,-0.00023333,26.36666667,high Re,-0.008889,21.182123,0.006405,1.879823,0.036846,2.757996,-0.415079,22.893011
EOSS-356,AE0SS-2,2024-04-21 08:03:16.767,2024-04-21 08:03:11,35540.0,1358.0,1410.0,ascending,/140311h3924.68N/10349.88WO130/063/A=035540 -506T2370P EOSS BALLOON,"AE0SS-2>APZEOS,EOSS,WIDE2-1,qAO,N6BA-10:/140311h3924.68N/10349.88WO130/063/A=035540 -506T2370P EOSS BALLOON",130.0,72.0,39.4113333333,-103.8313333333,222.55,23700.0,0.00071984,0.37099085,0.00027778,-0.00022222,22.63333333,high Re,-0.124444,21.200492,0.004727,1.874857,0.03949,0.76424,-3.27098,22.934285
EOSS-356,KC0D-2,2024-04-21 08:03:16.704,2024-04-21 08:03:15,35695.0,1394.0,1414.0,ascending,/140315h3924.63N/10349.82WO139/072/A=035695 131T2373P EOSS Balloon,"KC0D-2>APZEOS,EOSS,WIDE2-1,qAO,N6BA-10:/140315h3924.63N/10349.82WO139/072/A=035695 131T2373P EOSS Balloon",139.0,83.0,39.4105,-103.8303333333,286.25,23730.0,0.00056036,0.28879834,0.00027222,-0.00021667,23.23333333,high Re,0.02,21.225903,0.004921,1.876765,0.039274,1.069623,0.383944,22.943943
EOSS-356,AE0SS-2,2024-04-21 08:03:43.254,2024-04-21 08:03:41,36240.0,1400.0,1440.0,ascending,/140341h3924.30N/10349.41WO135/054/A=036240 -522T2291P EOSS BALLOON,"AE0SS-2>APZEOS,EOSS,WIDE2-1,qAO,N6BA-10:/140341h3924.30N/10349.41WO135/054/A=036240 -522T2291P EOSS BALLOON",135.0,62.0,39.405,-103.8235,220.95,22910.0,0.00070089,0.36122145,0.00026111,-0.00021111,23.33333333,high Re,0.003333,21.25192,0.004901,1.879641,0.039025,1.107346,-0.040179,22.969682
EOSS-356,KC0D-2,2024-04-21 08:03:46.749,2024-04-21 08:03:45,36361.0,1332.0,1444.0,ascending,/140345h3924.26N/10349.36WO139/060/A=036361 128T2299P EOSS Balloon,"KC0D-2>APZEOS,EOSS,WIDE2-1,qAO,N6BA-10:/140345h3924.26N/10349.36WO139/060/A=036361 128T2299P EOSS Balloon",139.0,69.0,39.4043333333,-103.8226666667,285.95,22990.0,0.00054346,0.28008595,0.00025556,-0.00020556,22.2,high Re,-0.037778,21.263482,0.004374,1.870934,0.039069,0.500562,-1.078912,22.973574
EOSS-356,AE0SS-2,2024-04-21 08:04:15.705,2024-04-21 08:04:11,36837.0,1194.0,1470.0,ascending,/140411h3923.91N/10348.94WO140/068/A=036837 -531T2230P EOSS BALLOON,"AE0SS-2>APZEOS,EOSS,WIDE2-1,qAO,N6BA-10:/140411h3923.91N/10348.94WO140/068/A=036837 -531T2230P EOSS BALLOON",140.0,78.0,39.3985,-103.8156666667,220.05,22300.0,0.00068501,0.35304165,0.00026111,-0.00021667,19.9,high Re,-0.076667,21.247055,0.003386,1.865504,0.039845,-0.722086,-2.00911,22.982064
EOSS-356,KC0D-2,2024-04-21 08:04:16.784,2024-04-21 08:04:15,36970.0,1218.0,1474.0,ascending,/140415h3923.87N/10348.88WO138/059/A=036970 123T2231P EOSS Balloon,"KC0D-2>APZEOS,EOSS,WIDE2-1,qAO,N6BA-10:/140415h3923.87N/10348.88WO138/059/A=036970 123T2231P EOSS Balloon",138.0,68.0,39.3978333333,-103.8146666667,285.45,22310.0,0.00052831,0.27227764,0.00026667,-0.00021667,20.3,high Re,0.013333,21.23578,0.003505,1.857109,0.039617,-0.503891,0.248075,22.982426
EOSS-356,AE0SS-2,2024-04-21 08:04:43.205,2024-04-21 08:04:41,37481.0,1288.0,1500.0,ascending,/140441h3923.61N/10348.45WO134/052/A=037481 -538T2155P EOSS BALLOON,"AE0SS-2>APZEOS,EOSS,WIDE2-1,qAO,W9CN-9:/140441h3923.61N/10348.45WO134/052/A=037481 -538T2155P EOSS BALLOON",134.0,60.0,39.3935,-103.8075,219.35,21550.0,0.00066409,0.3422568,0.00027222,-0.00016667,21.46666667,high Re,0.038889,21.238497,0.003927,1.846191,0.039566,0.123589,0.883637,22.975269
EOSS-356,KC0D-2,2024-04-21 08:04:46.721,2024-04-21 08:04:45,37609.0,1278.0,1504.0,ascending,/140445h3923.57N/10348.40WO134/060/A=037609 121T2163P EOSS Balloon,"KC0D-2>APZEOS,EOSS,WIDE2-1,qAO,N6BA-10:/140445h3923.57N/10348.40WO134/060/A=037609 121T2163P EOSS Balloon",134.0,69.0,39.3928333333,-103.8066666667,285.25,21630.0,0.00051256,0.26416381,0.00026667,-0.00016667,21.3,high Re,-0.005556,21.239212,0.003815,1.835311,0.039343,0.033121,-0.238187,22.971294
EOSS-356,AE0SS-2,2024-04-21 08:05:15.752,2024-04-21 08:05:11,38244.0,1526.0,1530.0,ascending,/140511h3923.35N/10347.92WO122/072/A=038244 -544T2075P EOSS BALLOON,"AE0SS-2>APZEOS,EOSS,WIDE2-1,qAO,N6BA-10:/140511h3923.35N/10347.92WO122/072/A=038244 -544T2075P EOSS BALLOON",122.0,83.0,39.3891666667,-103.7986666667,218.75,20750.0,0.00064119,0.33045512,0.00029444,-0.00014444,25.43333333,high Re,0.137778,21.28742,0.005373,1.8792,0.041694,2.206212,3.175637,22.938154
EOSS-356,KC0D-2,2024-04-21 08:05:16.776,2024-04-21 08:05:15,38359.0,1500.0,1534.0,ascending,/140515h3923.32N/10347.85WO118/066/A=038359 116T2085P EOSS Balloon,"KC0D-2>APZEOS,EOSS,WIDE2-1,qAO,N6BA-10:/140515h3923.32N/10347.85WO118/066/A=038359 116T2085P EOSS Balloon",118.0,76.0,39.3886666667,-103.7975,284.75,20850.0,0.00049495,0.25508491,0.00030556,-0.00013889,25.0,high Re,-0.014444,21.329609,0.005145,1.909824,0.041505,1.921848,-0.471967,22.929714
EOSS-356,AE0SS-2,2024-04-21 08:05:43.298,2024-04-21 08:05:41,38973.0,1458.0,1560.0,ascending,/140541h3923.08N/10347.37WO115/072/A=038973 -542T2003P EOSS BALLOON,"AE0SS-2>APZEOS,EOSS,WIDE2-1,qAO,N6BA-10:/140541h3923.08N/10347.37WO115/072/A=038973 -542T2003P EOSS BALLOON",115.0,83.0,39.3846666667,-103.7895,218.95,20030.0,0.00061837,0.31869735,0.00030556,-0.00015,24.3,high Re,-0.023333,21.362984,0.004821,1.924868,0.041377,1.525827,-0.680426,22.871691
EOSS-356,KC0D-2,2024-04-21 08:05:46.699,2024-04-21 08:05:45,39099.0,1480.0,1564.0,ascending,/140545h3923.04N/10347.28WO120/072/A=039099 113T2010P EOSS Balloon,"KC0D-2>APZEOS,EOSS,WIDE2-1,qAO,N6BA-10:/140545h3923.04N/10347.28WO120/072/A=039099 113T2010P EOSS Balloon",120.0,83.0,39.384,-103.788,284.45,20100.0,0.00047765,0.24616855,0.00031667,-0.00015556,24.66666667,high Re,0.012222,21.399691,0.004905,1.945445,0.041149,1.679295,0.177817,22.857058
EOSS-356,AE0SS-2,2024-04-21 08:06:15.747,2024-04-21 08:06:11,39732.0,1518.0,1590.0,ascending,/140611h3922.80N/10346.71WO123/081/A=039732 -538T1927P EOSS BALLOON,"AE0SS-2>APZEOS,EOSS,WIDE2-1,qAO,N6BA-10:/140611h3922.80N/10346.71WO123/081/A=039732 -538T1927P EOSS BALLOON",123.0,93.0,39.38,-103.7785,219.35,19270.0,0.00059383,0.30604587,0.00036667,-0.00015556,25.3,high Re,0.021111,21.442552,0.005085,1.97734,0.040953,1.950827,0.391327,22.769381
EOSS-356,KC0D-2,2024-04-21 08:06:16.703,2024-04-21 08:06:15,39867.0,1536.0,1594.0,ascending,/140615h3922.75N/10346.63WO130/075/A=039867 108T1936P EOSS Balloon,"KC0D-2>APZEOS,EOSS,WIDE2-1,qAO,N6BA-10:/140615h3922.75N/10346.63WO130/075/A=039867 108T1936P EOSS Balloon",130.0,86.0,39.3791666667,-103.7771666667,283.95,19360.0,0.00046087,0.23752314,0.00036111,-0.00016111,25.6,high Re,0.01,21.487742,0.005139,2.013649,0.040728,2.042192,0.119353,22.747627
EOSS-356,AE0SS-2,2024-04-21 08:06:43.240,2024-04-21 08:06:41,40314.0,1164.0,1620.0,ascending,/140641h3922.45N/10346.21WO133/053/A=040314 -527T1876P EOSS BALLOON,"AE0SS-2>APZEOS,EOSS,WIDE2-1,qAO,W9CN-9:/140641h3922.45N/10346.21WO133/053/A=040314 -527T1876P EOSS BALLOON",133.0,61.0,39.3741666667,-103.7701666667,220.45,18760.0,0.00057523,0.29645937,0.00027778,-0.00019444,19.4,high Re,-0.206667,21.465293,0.002836,2.014343,0.046132,-1.025294,-4.541381,22.667986
EOSS-356,KC0D-2,2024-04-21 08:06:46.750,2024-04-21 08:06:45,40453.0,1172.0,1624.0,ascending,/140645h3922.41N/10346.14WO130/051/A=040453 105T1882P EOSS Balloon,"KC0D-2>APZEOS,EOSS,WIDE2-1,qAO,N6BA-10:/140645h3922.41N/10346.14WO130/051/A=040453 105T1882P EOSS Balloon",130.0,59.0,39.3735,-103.769,283.65,18820.0,0.00044849,0.23114222,0.00027222,-0.00018889,19.53333333,high Re,0.004444,21.44474,0.002854,2.013369,0.045881,-0.949357,0.034655,22.640857
EOSS-356,AE0SS-2,2024-04-21 08:07:16.838,2024-04-21 08:07:11,40915.0,1202.0,1650.0,ascending,/140711h3922.20N/10345.77WO133/049/A=040915 -524T1819P EOSS BALLOON,"AE0SS-2>APZEOS,EOSS,WIDE2-1,qAO,N6BA-10:/140711h3922.20N/10345.77WO133/049/A=040915 -524T1819P EOSS BALLOON",133.0,56.0,39.37,-103.7628333333,220.75,18190.0,0.00055699,0.28706116,0.00024444,-0.00013889,20.03333333,high Re,0.016667,21.429883,0.003001,2.007859,0.045656,-0.695542,0.299325,22.542767
EOSS-356,KC0D-2,2024-04-21 08:07:16.801,2024-04-21 08:07:15,41050.0,1194.0,1654.0,ascending,/140715h3922.16N/10345.72WO127/055/A=041050 100T1828P EOSS Balloon,"KC0D-2>APZEOS,EOSS,WIDE2-1,qAO,N6BA-10:/140715h3922.16N/10345.72WO127/055/A=041050 100T1828P EOSS Balloon",127.0,63.0,39.3693333333,-103.762,283.15,18280.0,0.00043639,0.22490653,0.00023333,-0.00013889,19.9,high Re,-0.004444,21.413947,0.002922,2.003358,0.045419,-0.755705,-0.162179,22.511843
EOSS-356,AE0SS-2,2024-04-21 08:07:43.253,2024-04-21 08:07:41,41650.0,1470.0,1680.0,ascending,/140741h3921.89N/10345.28WO127/069/A=041650 -519T1756P EOSS BALLOON,"AE0SS-2>APZEOS,EOSS,WIDE2-1,qAO,W9CN-9:/140741h3921.89N/10345.28WO127/069/A=041650 -519T1756P EOSS BALLOON",127.0,79.0,39.3648333333,-103.7546666667,221.25,17560.0,0.00053648,0.27649271,0.00027222,-0.00017222,24.5,high Re,0.153333,21.445762,0.004489,2.017379,0.047716,1.513963,3.119373,22.362436
EOSS-356,KC0D-2,2024-04-21 08:07:46.724,2024-04-21 08:07:45,41804.0,1508.0,1684.0,ascending,/140745h3921.85N/10345.21WO125/061/A=041804 97T1762P EOSS Balloon,"KC0D-2>APZEOS,EOSS,WIDE2-1,qAO,N6BA-10:/140745h3921.85N/10345.21WO125/061/A=041804 97T1762P EOSS Balloon",125.0,70.0,39.3641666667,-103.7535,282.85,17620.0,0.00042108,0.21701621,0.00028333,-0.00017222,25.13333333,high Re,0.021111,21.48339,0.00466,2.04123,0.047497,1.78811,0.346359,22.321035
EOSS-356,AE0SS-2,2024-04-21 08:08:15.759,2024-04-21 08:08:11,42359.0,1418.0,1710.0,ascending,/140811h3921.60N/10344.75WO114/053/A=042359 -533T1699P EOSS BALLOON,"AE0SS-2>APZEOS,EOSS,WIDE2-1,qAO,W9CN-9:/140811h3921.60N/10344.75WO114/053/A=042359 -533T1699P EOSS BALLOON",114.0,61.0,39.36,-103.7458333333,219.85,16990.0,0.00052238,0.26922126,0.00029444,-0.00016111,23.63333333,high Re,-0.05,21.505107,0.004103,2.042252,0.047573,1.042098,-1.137263,22.162053
EOSS-356,KC0D-2,2024-04-21 08:08:16.750,2024-04-21 08:08:15,42495.0,1382.0,1714.0,ascending,/140815h3921.58N/10344.69WO113/050/A=042495 92T1704P EOSS Balloon,"KC0D-2>APZEOS,EOSS,WIDE2-1,qAO,N6BA-10:/140815h3921.58N/10344.69WO113/050/A=042495 92T1704P EOSS Balloon",113.0,58.0,39.3596666667,-103.7448333333,282.35,17040.0,0.00040794,0.21024431,0.00028889,-0.00015,23.03333333,high Re,-0.02,21.520389,0.003859,2.03765,0.047391,0.742495,-0.50345,22.120861
EOSS-356,AE0SS-2,2024-04-21 08:08:43.239,2024-04-21 08:08:41,43019.0,1320.0,1740.0,ascending,/140841h3921.45N/10344.26WO108/052/A=043019 -531T1642P EOSS BALLOON,"AE0SS-2>APZEOS,EOSS,WIDE2-1,qAO,W9CN-9:/140841h3921.45N/10344.26WO108/052/A=043019 -531T1642P EOSS BALLOON",108.0,60.0,39.3575,-103.7376666667,220.05,16420.0,0.00050439,0.25995264,0.00027222,-8.333e-05,22.0,high Re,-0.034444,21.525138,0.003476,2.027998,0.047307,0.234153,-0.801573,21.954522
EOSS-356,KC0D-2,2024-04-21 08:08:46.739,2024-04-21 08:08:45,43169.0,1348.0,1744.0,ascending,/140845h3921.44N/10344.18WO108/064/A=043169 90T1648P EOSS Balloon,"KC0D-2>APZEOS,EOSS,WIDE2-1,qAO,N6BA-10:/140845h3921.44N/10344.18WO108/064/A=043169 90T1648P EOSS Balloon",108.0,74.0,39.3573333333,-103.7363333333,282.15,16480.0,0.00039481,0.203479,0.00028333,-7.778e-05,22.46666667,high Re,0.015556,21.534368,0.003596,2.020085,0.047085,0.461515,0.254009,21.904803
EOSS-356,AE0SS-2,2024-04-21 08:09:15.753,2024-04-21 08:09:11,43662.0,1286.0,1770.0,ascending,/140911h3921.34N/10343.65WO103/067/A=043662 -512T1592P EOSS BALLOON,"AE0SS-2>APZEOS,EOSS,WIDE2-1,qAO,N6BA-10:/140911h3921.34N/10343.65WO103/067/A=043662 -512T1592P EOSS BALLOON",103.0,77.0,39.3556666667,-103.7275,221.95,15920.0,0.00048485,0.24987935,0.00033889,-6.111e-05,21.43333333,high Re,-0.034444,21.533387,0.003223,2.010183,0.047003,-0.049773,-0.801374,21.73542
EOSS-356,KC0D-2,2024-04-21 08:09:16.736,2024-04-21 08:09:15,43779.0,1220.0,1774.0,ascending,/140915h3921.32N/10343.56WO109/067/A=043779 85T1601P EOSS Balloon,"KC0D-2>APZEOS,EOSS,WIDE2-1,qAO,N6BA-10:/140915h3921.32N/10343.56WO109/067/A=043779 85T1601P EOSS Balloon",109.0,77.0,39.3553333333,-103.726,281.65,16010.0,0.00038424,0.19802683,0.00034444,-6.667e-05,20.33333333,high Re,-0.036667,21.521848,0.002836,2.003859,0.046936,-0.593113,-0.841635,21.693975
EOSS-356,AE0SS-2,2024-04-21 08:09:43.264,2024-04-21 08:09:41,44241.0,1158.0,1800.0,ascending,/140941h3921.14N/10343.02WO117/059/A=044241 -502T1549P EOSS BALLOON,"AE0SS-2>APZEOS,EOSS,WIDE2-1,qAO,N6BA-10:/140941h3921.14N/10343.02WO117/059/A=044241 -502T1549P EOSS BALLOON",117.0,68.0,39.3523333333,-103.717,222.95,15490.0,0.00046963,0.24203958,0.00035,-0.00011111,19.3,high Re,-0.034444,21.500688,0.002477,2.005956,0.046851,-1.097077,-0.788051,21.526185
EOSS-356,KC0D-2,2024-04-21 08:09:46.763,2024-04-21 08:09:45,44370.0,1182.0,1804.0,ascending,/140945h3921.11N/10342.94WO120/065/A=044370 83T1555P EOSS Balloon,"KC0D-2>APZEOS,EOSS,WIDE2-1,qAO,N6BA-10:/140945h3921.11N/10342.94WO120/065/A=044370 83T1555P EOSS Balloon",120.0,75.0,39.3518333333,-103.7156666667,281.45,15550.0,0.00037346,0.19247379,0.00034444,-0.00011667,19.7,high Re,0.013333,21.4837,0.00258,2.004027,0.046637,-0.890058,0.230568,21.478265
EOSS-356,AE0SS-2,2024-04-21 08:10:15.791,2024-04-21 08:10:11,44864.0,1246.0,1830.0,ascending,/141011h3920.86N/10342.53WO133/042/A=044864 -488T1501P EOSS BALLOON,"AE0SS-2>APZEOS,EOSS,WIDE2-1,qAO,N6BA-10:/141011h3920.86N/10342.53WO133/042/A=044864 -488T1501P EOSS BALLOON",133.0,48.0,39.3476666667,-103.7088333333,224.35,15010.0,0.00045224,0.23307574,0.00027222,-0.00015556,20.76666667,high Re,0.035556,21.476999,0.002892,1.995756,0.046525,-0.355921,0.702074,21.291122
EOSS-356,KC0D-2,2024-04-21 08:10:16.745,2024-04-21 08:10:15,44969.0,1198.0,1834.0,ascending,/141015h3920.83N/10342.48WO125/050/A=044969 78T1512P EOSS Balloon,"KC0D-2>APZEOS,EOSS,WIDE2-1,qAO,N6BA-10:/141015h3920.83N/10342.48WO125/050/A=044969 78T1512P EOSS Balloon",125.0,58.0,39.3471666667,-103.708,280.95,15120.0,0.00036378,0.18748443,0.00025556,-0.00015556,19.96666667,high Re,-0.026667,21.463014,0.002615,1.991717,0.046393,-0.751285,-0.631173,21.250701
EOSS-356,AE0SS-2,2024-04-21 08:10:43.302,2024-04-21 08:10:41,45435.0,1142.0,1860.0,ascending,/141041h3920.62N/10342.04WO116/065/A=045435 -496T1464P EOSS BALLOON,"AE0SS-2>APZEOS,EOSS,WIDE2-1,qAO,N6BA-10:/141041h3920.62N/10342.04WO116/065/A=045435 -496T1464P EOSS BALLOON",116.0,75.0,39.3436666667,-103.7006666667,223.55,14640.0,0.00044267,0.22814389,0.00027222,-0.00013333,19.03333333,high Re,-0.031111,21.440724,0.002303,1.996088,0.04629,-1.206054,-0.721841,21.069206
EOSS-356,KC0D-2,2024-04-21 08:10:46.694,2024-04-21 08:10:45,45535.0,1132.0,1864.0,ascending,/141045h3920.59N/10341.98WO122/054/A=045535 77T1471P EOSS Balloon,"KC0D-2>APZEOS,EOSS,WIDE2-1,qAO,N6BA-10:/141045h3920.59N/10341.98WO122/054/A=045535 77T1471P EOSS Balloon",122.0,62.0,39.3431666667,-103.6996666667,280.85,14710.0,0.00035404,0.18246547,0.00027778,-0.00013333,18.86666667,high Re,-0.005556,21.417323,0.002231,2.002011,0.046081,-1.274047,-0.168985,21.029898
EOSS-356,AE0SS-2,2024-04-21 08:11:15.734,2024-04-21 08:11:11,46025.0,1180.0,1890.0,ascending,/141111h3920.36N/10341.56WO154/044/A=046025 -492T1417P EOSS BALLOON,"AE0SS-2>APZEOS,EOSS,WIDE2-1,qAO,N6BA-10:/141111h3920.36N/10341.56WO154/044/A=046025 -492T1417P EOSS BALLOON",154.0,51.0,39.3393333333,-103.6926666667,223.95,14170.0,0.0004277,0.22042519,0.00026667,-0.00014444,19.66666667,high Re,0.026667,21.401552,0.002453,1.999805,0.045928,-0.867527,0.527217,20.83614
EOSS-356,KC0D-2,2024-04-21 08:11:16.784,2024-04-21 08:11:15,46133.0,1196.0,1894.0,ascending,/141115h3920.34N/10341.51WO121/049/A=046133 72T1430P EOSS Balloon,"KC0D-2>APZEOS,EOSS,WIDE2-1,qAO,N6BA-10:/141115h3920.34N/10341.51WO121/049/A=046133 72T1430P EOSS Balloon",121.0,56.0,39.339,-103.6918333333,280.35,14300.0,0.00034479,0.17769611,0.00026111,-0.00013889,19.93333333,high Re,0.008889,21.388442,0.002511,1.995605,0.045723,-0.729157,0.139492,20.793284
EOSS-356,AE0SS-2,2024-04-21 08:11:43.267,2024-04-21 08:11:41,46536.0,1022.0,1920.0,ascending,/141141h3920.14N/10341.18WO113/031/A=046536 -484T1383P EOSS BALLOON,"AE0SS-2>APZEOS,EOSS,WIDE2-1,qAO,W9CN-9:/141141h3920.14N/10341.18WO113/031/A=046536 -484T1383P EOSS BALLOON",113.0,36.0,39.3356666667,-103.6863333333,224.75,13830.0,0.00041595,0.21437045,0.00021111,-0.00012222,17.03333333,high Re,-0.096667,21.349902,0.001626,2.02848,0.046471,-2.127982,-2.115147,20.633368
EOSS-356,KC0D-2,2024-04-21 08:11:46.739,2024-04-21 08:11:45,46697.0,1128.0,1924.0,ascending,/141145h3920.12N/10341.13WO130/054/A=046697 71T1391P EOSS Balloon,"KC0D-2>APZEOS,EOSS,WIDE2-1,qAO,N6BA-10:/141145h3920.12N/10341.13WO130/054/A=046697 71T1391P EOSS Balloon",130.0,62.0,39.3353333333,-103.6855,280.25,13910.0,0.0003355,0.17291153,0.00021111,-0.00012222,18.8,high Re,0.058889,21.327534,0.002132,2.033557,0.046576,-1.242913,1.218589,20.569627
EOSS-356,AE0SS-2,2024-04-21 08:12:15.717,2024-04-21 08:12:11,47152.0,1232.0,1950.0,ascending,/141211h3919.92N/10340.80WO121/034/A=047152 -481T1338P EOSS BALLOON,"AE0SS-2>APZEOS,EOSS,WIDE2-1,qAO,W9CN-9:/141211h3919.92N/10340.80WO121/034/A=047152 -481T1338P EOSS BALLOON",121.0,39.0,39.332,-103.68,225.05,13380.0,0.00040188,0.20711881,0.00021111,-0.00012222,20.53333333,high Re,0.057778,21.320628,0.00262,2.025972,0.046661,-0.388601,1.182101,20.39061
EOSS-356,KC0D-2,2024-04-21 08:12:16.730,2024-04-21 08:12:15,47271.0,1148.0,1954.0,ascending,/141215h3919.89N/10340.75WO118/046/A=047271 67T1354P EOSS Balloon,"KC0D-2>APZEOS,EOSS,WIDE2-1,qAO,N6BA-10:/141215h3919.89N/10340.75WO118/046/A=047271 67T1354P EOSS Balloon",118.0,53.0,39.3315,-103.6791666667,279.85,13540.0,0.00032705,0.16855273,0.00021111,-0.00012778,19.13333333,high Re,-0.046667,21.301772,0.002192,2.027342,0.046683,-1.069597,-1.046612,20.344181
EOSS-356,AE0SS-2,2024-04-21 08:12:44.353,2024-04-21 08:12:41,47707.0,1110.0,1980.0,ascending,/141241h3919.75N/10340.37WO131/033/A=047707 -489T1308P EOSS BALLOON,"AE0SS-2>APZEOS,EOSS,WIDE2-1,qAO,AE0SS-10:/141241h3919.75N/10340.37WO131/033/A=047707 -489T1308P EOSS BALLOON",131.0,38.0,39.3291666667,-103.6728333333,224.25,13080.0,0.00039427,0.20319721,0.00023889,-9.444e-05,18.5,high Re,-0.021111,21.277825,0.001991,2.035135,0.04653,-1.364934,-0.496497,20.176029
EOSS-356,KC0D-2,2024-04-21 08:12:46.746,2024-04-21 08:12:45,47813.0,1084.0,1984.0,ascending,/141245h3919.73N/10340.32WO110/047/A=047813 66T1319P EOSS Balloon,"KC0D-2>APZEOS,EOSS,WIDE2-1,qAO,N6BA-10:/141245h3919.73N/10340.32WO110/047/A=047813 66T1319P EOSS Balloon",110.0,54.0,39.3288333333,-103.672,279.75,13190.0,0.00031871,0.16425445,0.00023889,-8.889e-05,18.06666667,high Re,-0.014444,21.250612,0.00185,2.047868,0.046354,-1.554761,-0.351512,20.1357
EOSS-356,AE0SS-2,2024-04-21 08:13:15.773,2024-04-21 08:13:11,48394.0,1374.0,2010.0,ascending,/141311h3919.63N/10339.93WO114/060/A=048394 -486T1266P EOSS BALLOON,"AE0SS-2>APZEOS,EOSS,WIDE2-1,qAO,N6BA-10:/141311h3919.63N/10339.93WO114/060/A=048394 -486T1266P EOSS BALLOON",114.0,69.0,39.3271666667,-103.6655,224.55,12660.0,0.0003811,0.19640977,0.00024444,-6.667e-05,22.9,high Re,0.161111,21.264472,0.0032,2.04477,0.048428,0.799859,3.260738,19.919493
EOSS-356,KC0D-2,2024-04-21 08:13:16.711,2024-04-21 08:13:15,48549.0,1472.0,2014.0,ascending,/141315h3919.62N/10339.87WO106/050/A=048549 62T1273P EOSS Balloon,"KC0D-2>APZEOS,EOSS,WIDE2-1,qAO,N6BA-10:/141315h3919.62N/10339.87WO106/050/A=048549 62T1273P EOSS Balloon",106.0,58.0,39.327,-103.6645,279.35,12730.0,0.00030803,0.15875309,0.00025,-6.111e-05,24.53333333,high Re,0.054444,21.291713,0.003631,2.05791,0.048451,1.5752,1.04875,19.863409
EOSS-356,AE0SS-2,2024-04-21 08:13:43.241,2024-04-21 08:13:41,49122.0,1456.0,2040.0,ascending,/141341h3919.57N/10339.45WO091/043/A=049122 -499T1221P EOSS BALLOON,"AE0SS-2>APZEOS,EOSS,WIDE2-1,qAO,W9CN-9:/141341h3919.57N/10339.45WO091/043/A=049122 -499T1221P EOSS BALLOON",91.0,49.0,39.3261666667,-103.6575,223.25,12210.0,0.00036969,0.19053144,0.00026667,-3.333e-05,24.26666667,high Re,-0.008889,21.316299,0.003526,2.067086,0.04826,1.427308,-0.257252,19.663065
EOSS-356,KC0D-2,2024-04-21 08:13:46.731,2024-04-21 08:13:45,49265.0,1432.0,2044.0,ascending,/141345h3919.58N/10339.38WO085/051/A=049265 61T1230P EOSS Balloon,"KC0D-2>APZEOS,EOSS,WIDE2-1,qAO,N6BA-10:/141345h3919.58N/10339.38WO085/051/A=049265 61T1230P EOSS Balloon",85.0,59.0,39.3263333333,-103.6563333333,279.25,12300.0,0.00029773,0.15344558,0.00027222,-2.222e-05,23.86666667,high Re,-0.013333,21.337204,0.003387,2.071436,0.048083,1.221116,-0.347732,19.614962
EOSS-356,AE0SS-2,2024-04-21 08:14:15.764,2024-04-21 08:14:11,49850.0,1456.0,2070.0,ascending,/141411h3919.48N/10338.87WO107/064/A=049850 -497T1184P EOSS BALLOON,"AE0SS-2>APZEOS,EOSS,WIDE2-1,qAO,N6BA-10:/141411h3919.48N/10338.87WO107/064/A=049850 -497T1184P EOSS BALLOON",107.0,74.0,39.3246666667,-103.6478333333,223.45,11840.0,0.00035817,0.18459239,0.00032222,-5e-05,24.26666667,high Re,0.013333,21.361021,0.003469,2.079771,0.047892,1.397099,0.205963,19.427119
EOSS-356,KC0D-2,2024-04-21 08:14:16.721,2024-04-21 08:14:15,49965.0,1400.0,2074.0,ascending,/141415h3919.46N/10338.80WO111/056/A=049965 58T1189P EOSS Balloon,"KC0D-2>APZEOS,EOSS,WIDE2-1,qAO,N6BA-10:/141415h3919.46N/10338.80WO111/056/A=049965 58T1189P EOSS Balloon",111.0,64.0,39.3243333333,-103.6466666667,278.95,11890.0,0.00028812,0.14849025,0.00032222,-6.667e-05,23.33333333,high Re,-0.031111,21.376927,0.003188,2.078858,0.047798,0.941097,-0.717582,19.392005
EOSS-356,AE0SS-2,2024-04-21 08:14:43.322,2024-04-21 08:14:41,50370.0,1040.0,2100.0,ascending,/141441h3919.33N/10338.31WO106/074/A=050370 -499T1147P EOSS BALLOON,"AE0SS-2>APZEOS,EOSS,WIDE2-1,qAO,N6BA-10:/141441h3919.33N/10338.31WO106/074/A=050370 -499T1147P EOSS BALLOON",106.0,85.0,39.3221666667,-103.6385,223.25,11470.0,0.00034729,0.17898408,0.00031111,-8.333e-05,17.33333333,high Re,-0.2,21.344578,0.001549,2.10181,0.05098,-1.908472,-3.953492,19.273467
EOSS-356,KC0D-2,2024-04-21 08:14:46.700,2024-04-21 08:14:45,50474.0,1018.0,2104.0,ascending,/141445h3919.31N/10338.24WO106/054/A=050474 57T1161P EOSS Balloon,"KC0D-2>APZEOS,EOSS,WIDE2-1,qAO,N6BA-10:/141445h3919.31N/10338.24WO106/054/A=050474 57T1161P EOSS Balloon",106.0,62.0,39.3218333333,-103.6373333333,278.85,11610.0,0.00028143,0.14504542,0.00031111,-8.333e-05,16.96666667,high Re,-0.012222,21.309832,0.001439,2.129407,0.050789,-2.039613,-0.268976,19.244367
EOSS-356,AE0SS-2,2024-04-21 08:15:15.785,2024-04-21 08:15:11,51056.0,1372.0,2130.0,ascending,/141511h3919.13N/10337.75WO133/039/A=051056 -511T1108P EOSS BALLOON,"AE0SS-2>APZEOS,EOSS,WIDE2-1,qAO,N6BA-10:/141511h3919.13N/10337.75WO133/039/A=051056 -511T1108P EOSS BALLOON",133.0,45.0,39.3188333333,-103.6291666667,222.05,11080.0,0.00033729,0.17383268,0.00031111,-0.00011111,22.86666667,high Re,0.196667,21.322091,0.002988,2.125435,0.053492,0.72671,3.62071,19.092242
EOSS-356,KC0D-2,2024-04-21 08:15:16.725,2024-04-21 08:15:15,51212.0,1476.0,2134.0,ascending,/141515h3919.11N/10337.70WO126/052/A=051212 54T1119P EOSS Balloon,"KC0D-2>APZEOS,EOSS,WIDE2-1,qAO,N6BA-10:/141515h3919.11N/10337.70WO126/052/A=051212 54T1119P EOSS Balloon",126.0,60.0,39.3185,-103.6283333333,278.55,11190.0,0.00027155,0.13994886,0.0003,-0.00011111,24.6,high Re,0.057778,21.3477,0.00342,2.136784,0.053501,1.522054,1.016018,19.054681
EOSS-356,AE0SS-2,2024-04-21 08:15:43.273,2024-04-21 08:15:41,51742.0,1372.0,2160.0,ascending,/141541h3918.92N/10337.37WO119/053/A=051742 -512T1070P EOSS BALLOON,"AE0SS-2>APZEOS,EOSS,WIDE2-1,qAO,W9CN-9:/141541h3918.92N/10337.37WO119/053/A=051742 -512T1070P EOSS BALLOON",119.0,61.0,39.3153333333,-103.6228333333,221.95,10700.0,0.00032587,0.16794655,0.00021111,-0.00011667,22.86666667,high Re,-0.057778,21.359475,0.002941,2.132618,0.053563,0.706733,-1.1336,18.937727
EOSS-356,KC0D-2,2024-04-21 08:15:46.749,2024-04-21 08:15:45,51858.0,1292.0,2164.0,ascending,/141545h3918.90N/10337.32WO122/044/A=051858 53T1085P EOSS Balloon,"KC0D-2>APZEOS,EOSS,WIDE2-1,qAO,N6BA-10:/141545h3918.90N/10337.32WO122/044/A=051858 53T1085P EOSS Balloon",122.0,51.0,39.315,-103.622,278.45,10850.0,0.00026339,0.13574535,0.00021111,-0.00011667,21.53333333,low Re,-0.044444,21.360812,0.002574,2.124391,0.053517,0.08121,-0.878562,18.914382
EOSS-356,AE0SS-2,2024-04-21 08:16:15.744,2024-04-21 08:16:11,52272.0,1060.0,2190.0,ascending,/141611h3918.72N/10336.98WO117/054/A=052272 -528T1047P EOSS BALLOON,"AE0SS-2>APZEOS,EOSS,WIDE2-1,qAO,N6BA-10:/141611h3918.72N/10336.98WO117/054/A=052272 -528T1047P EOSS BALLOON",117.0,62.0,39.312,-103.6163333333,220.35,10470.0,0.00032118,0.16552976,0.00021667,-0.00011111,17.66666667,low Re,-0.128889,21.332612,0.001563,2.140676,0.054541,-1.712518,-2.391815,18.837838
EOSS-356,KC0D-2,2024-04-21 08:16:16.782,2024-04-21 08:16:15,52378.0,1040.0,2194.0,ascending,/141615h3918.70N/10336.93WO124/040/A=052378 50T1059P EOSS Balloon,"KC0D-2>APZEOS,EOSS,WIDE2-1,qAO,N6BA-10:/141615h3918.70N/10336.93WO124/040/A=052378 50T1059P EOSS Balloon",124.0,46.0,39.3116666667,-103.6155,278.15,10590.0,0.00025736,0.13263537,0.00021667,-0.00011111,17.33333333,low Re,-0.011111,21.302315,0.001466,2.160713,0.054343,-1.836885,-0.231437,18.819962
EOSS-356,AE0SS-2,2024-04-21 08:16:43.277,2024-04-21 08:16:41,52779.0,1014.0,2220.0,ascending,/141641h3918.54N/10336.58WO112/031/A=052779 -534T1025P EOSS BALLOON,"AE0SS-2>APZEOS,EOSS,WIDE2-1,qAO,W9CN-9:/141641h3918.54N/10336.58WO112/031/A=052779 -534T1025P EOSS BALLOON",112.0,36.0,39.309,-103.6096666667,219.75,10250.0,0.00031529,0.16249404,0.00022222,-0.0001,16.9,low Re,-0.014444,21.269215,0.001346,2.186099,0.054152,-1.998635,-0.291587,18.75878
EOSS-356,KC0D-2,2024-04-21 08:16:46.728,2024-04-21 08:16:45,52888.0,1020.0,2224.0,ascending,/141645h3918.52N/10336.53WO115/046/A=052888 49T1032P EOSS Balloon,"KC0D-2>APZEOS,EOSS,WIDE2-1,qAO,N6BA-10:/141645h3918.52N/10336.53WO115/046/A=052888 49T1032P EOSS Balloon",115.0,53.0,39.3086666667,-103.6088333333,278.05,10320.0,0.00025088,0.12930021,0.00022222,-0.0001,17.0,low Re,0.003333,21.237355,0.001361,2.208871,0.053947,-1.918335,0.036554,18.743921
EOSS-356,AE0SS-2,2024-04-21 08:17:15.780,2024-04-21 08:17:11,53280.0,1002.0,2250.0,ascending,/141711h3918.39N/10336.15WO126/050/A=053280 -526T994P EOSS BALLOON,"AE0SS-2>APZEOS,EOSS,WIDE2-1,qAO,N6BA-10:/141711h3918.39N/10336.15WO126/050/A=053280 -526T994P EOSS BALLOON",126.0,58.0,39.3065,-103.6025,220.55,9940.0,0.00030465,0.157008,0.00023889,-8.333e-05,16.7,low Re,-0.01,21.203745,0.001276,2.234995,0.053753,-2.015103,-0.209774,18.696777
EOSS-356,KC0D-2,2024-04-21 08:17:16.740,2024-04-21 08:17:15,53394.0,1012.0,2254.0,ascending,/141715h3918.37N/10336.09WO107/045/A=053394 46T1007P EOSS Balloon,"KC0D-2>APZEOS,EOSS,WIDE2-1,qAO,N6BA-10:/141715h3918.37N/10336.09WO107/045/A=053394 46T1007P EOSS Balloon",107.0,52.0,39.3061666667,-103.6015,277.75,10070.0,0.00024507,0.12630422,0.00024444,-8.333e-05,16.86666667,low Re,0.005556,21.171855,0.001307,2.257546,0.053553,-1.907021,0.079342,18.684915
EOSS-356,AE0SS-2,2024-04-21 08:17:43.246,2024-04-21 08:17:41,53812.0,1064.0,2280.0,ascending,/141741h3918.26N/10335.67WO098/057/A=053812 -527T973P EOSS BALLOON,"AE0SS-2>APZEOS,EOSS,WIDE2-1,qAO,W9CN-9:/141741h3918.26N/10335.67WO098/057/A=053812 -527T973P EOSS BALLOON",98.0,66.0,39.3043333333,-103.5945,220.45,9730.0,0.00029834,0.15376064,0.00026667,-7.222e-05,17.73333333,low Re,0.028889,21.146756,0.00151,2.268334,0.053407,-1.504815,0.512648,18.648526
EOSS-356,KC0D-2,2024-04-21 08:17:46.731,2024-04-21 08:17:45,53936.0,1084.0,2284.0,ascending,/141745h3918.24N/10335.61WO114/052/A=053936 46T981P EOSS Balloon,"KC0D-2>APZEOS,EOSS,WIDE2-1,qAO,N6BA-10:/141745h3918.24N/10335.61WO114/052/A=053936 46T981P EOSS Balloon",114.0,60.0,39.304,-103.5935,277.75,9810.0,0.00023874,0.12304314,0.00026667,-7.222e-05,18.06666667,low Re,0.011111,21.124436,0.00158,2.275199,0.053217,-1.343957,0.179097,18.639867
EOSS-356,AE0SS-2,2024-04-21 08:18:15.794,2024-04-21 08:18:11,54383.0,1142.0,2310.0,ascending,/141811h3918.08N/10335.21WO138/037/A=054383 -526T939P EOSS BALLOON,"AE0SS-2>APZEOS,EOSS,WIDE2-1,qAO,N6BA-10:/141811h3918.08N/10335.21WO138/037/A=054383 -526T939P EOSS BALLOON",138.0,43.0,39.3013333333,-103.5868333333,220.55,9390.0,0.00028779,0.14832043,0.00025556,-0.0001,19.03333333,low Re,0.032222,21.109392,0.001802,2.273868,0.053086,-0.913008,0.573032,18.616651
EOSS-356,KC0D-2,2024-04-21 08:18:16.711,2024-04-21 08:18:15,54492.0,1112.0,2314.0,ascending,/141815h3918.05N/10335.16WO121/045/A=054492 43T954P EOSS Balloon,"KC0D-2>APZEOS,EOSS,WIDE2-1,qAO,N6BA-10:/141815h3918.05N/10335.16WO121/045/A=054492 43T954P EOSS Balloon",121.0,52.0,39.3008333333,-103.586,277.45,9540.0,0.00023242,0.11978601,0.00025,-0.00010556,18.53333333,low Re,-0.016667,21.090992,0.00167,2.27611,0.052917,-1.123697,-0.346524,18.612865
EOSS-356,AE0SS-2,2024-04-21 08:18:43.369,2024-04-21 08:18:41,54902.0,1038.0,2340.0,ascending,/141841h3917.86N/10334.79WO112/053/A=054902 -520T916P EOSS BALLOON,"AE0SS-2>APZEOS,EOSS,WIDE2-1,qAO,AE0SS-10:/141841h3917.86N/10334.79WO112/053/A=054902 -520T916P EOSS BALLOON",112.0,61.0,39.2976666667,-103.5798333333,221.15,9160.0,0.00027998,0.1442949,0.00023333,-0.00012222,17.3,low Re,-0.041111,21.064106,0.001364,2.290328,0.05285,-1.643479,-0.80369,18.605062
EOSS-356,KC0D-2,2024-04-21 08:18:46.733,2024-04-21 08:18:45,55017.0,1050.0,2344.0,ascending,/141845h3917.84N/10334.74WO122/050/A=055017 43T930P EOSS Balloon,"KC0D-2>APZEOS,EOSS,WIDE2-1,qAO,N6BA-10:/141845h3917.84N/10334.74WO122/050/A=055017 43T930P EOSS Balloon",122.0,58.0,39.2973333333,-103.579,277.45,9300.0,0.00022658,0.11677252,0.00023333,-0.00011667,17.5,low Re,0.006667,21.039006,0.001402,2.301707,0.052663,-1.537557,0.099975,18.604666
EOSS-356,AE0SS-2,2024-04-21 08:19:15.741,2024-04-21 08:19:11,55427.0,1050.0,2370.0,ascending,/141911h3917.66N/10334.37WO136/035/A=055427 -532T894P EOSS BALLOON,"AE0SS-2>APZEOS,EOSS,WIDE2-1,qAO,N6BA-10:/141911h3917.66N/10334.37WO136/035/A=055427 -532T894P EOSS BALLOON",136.0,40.0,39.2943333333,-103.5728333333,219.95,8940.0,0.00027474,0.14159764,0.00023333,-0.00011111,17.5,low Re,0.0,21.014258,0.001392,2.312602,0.052476,-1.519612,-0.026526,18.609436
EOSS-356,KC0D-2,2024-04-21 08:19:16.690,2024-04-21 08:19:15,55542.0,1050.0,2374.0,ascending,/141915h3917.63N/10334.32WO123/045/A=055542 41T906P EOSS Balloon,"KC0D-2>APZEOS,EOSS,WIDE2-1,qAO,N6BA-10:/141915h3917.63N/10334.32WO123/045/A=055542 41T906P EOSS Balloon",123.0,52.0,39.2938333333,-103.572,277.25,9060.0,0.00022089,0.1138411,0.00023333,-0.00011667,17.5,low Re,0.0,20.989853,0.001382,2.323036,0.052291,-1.502281,-0.026429,18.612464
EOSS-356,AE0SS-2,2024-04-21 08:19:43.220,2024-04-21 08:19:41,55916.0,978.0,2400.0,ascending,/141941h3917.46N/10334.01WO131/049/A=055916 -541T872P EOSS BALLOON,"AE0SS-2>APZEOS,EOSS,WIDE2-1,qAO,W9CN-9:/141941h3917.46N/10334.01WO131/049/A=055916 -541T872P EOSS BALLOON",131.0,56.0,39.291,-103.5668333333,219.05,8720.0,0.00026908,0.13868059,0.0002,-0.00011111,16.3,low Re,-0.04,20.95751,0.001095,2.347489,0.052221,-1.984039,-0.786944,18.62722
EOSS-356,KC0D-2,2024-04-21 08:19:46.733,2024-04-21 08:19:45,56044.0,1004.0,2404.0,ascending,/141945h3917.44N/10333.94WO122/041/A=056044 41T884P EOSS Balloon,"KC0D-2>APZEOS,EOSS,WIDE2-1,qAO,N6BA-10:/141945h3917.44N/10333.94WO122/041/A=056044 41T884P EOSS Balloon",122.0,47.0,39.2906666667,-103.5656666667,277.25,8840.0,0.00021552,0.11107675,0.00021111,-0.00010556,16.73333333,low Re,0.014444,20.928577,0.001187,2.365358,0.052052,-1.773619,0.254688,18.633938
EOSS-356,KC0D-2,2024-04-21 08:20:16.802,2024-04-21 08:20:15,56545.0,1002.0,2434.0,ascending,/142015h3917.27N/10333.55WO115/045/A=056545 39T863P EOSS Balloon,"KC0D-2>APZEOS,EOSS,WIDE2-1,qAO,N6BA-10:/142015h3917.27N/10333.55WO115/045/A=056545 39T863P EOSS Balloon",115.0,52.0,39.2878333333,-103.5591666667,277.05,8630.0,0.00021056,0.10851633,0.00021667,-9.444e-05,16.7,low Re,-0.001111,20.899811,0.001171,2.382905,0.051872,-1.762475,-0.043993,18.667931
EOSS-356,AE0SS-2,2024-04-21 08:20:43.261,2024-04-21 08:20:41,56964.0,1048.0,2460.0,ascending,/142041h3917.16N/10333.18WO124/044/A=056964 -544T830P EOSS BALLOON,"AE0SS-2>APZEOS,EOSS,WIDE2-1,qAO,W9CN-9:/142041h3917.16N/10333.18WO124/044/A=056964 -544T830P EOSS BALLOON",124.0,51.0,39.286,-103.553,218.75,8300.0,0.00025648,0.13218205,0.00023056,-8.333e-05,17.46666667,low Re,0.012778,20.876614,0.00125,2.391495,0.051703,-1.425864,0.222966,18.705089
EOSS-356,KC0D-2,2024-04-21 08:20:46.738,2024-04-21 08:20:45,57073.0,1056.0,2464.0,ascending,/142045h3917.15N/10333.13WO108/042/A=057073 39T840P EOSS Balloon,"KC0D-2>APZEOS,EOSS,WIDE2-1,qAO,N6BA-10:/142045h3917.15N/10333.13WO108/042/A=057073 39T840P EOSS Balloon",108.0,48.0,39.2858333333,-103.5521666667,277.05,8400.0,0.00020494,0.10562424,0.00023333,-6.667e-05,17.6,low Re,0.004444,20.854623,0.001271,2.39847,0.051528,-1.356958,0.061578,18.715952
EOSS-356,KC0D-2,2024-04-21 08:21:16.701,2024-04-21 08:21:15,57561.0,976.0,2494.0,ascending,/142115h3917.00N/10332.69WO121/043/A=057561 37T820P EOSS Balloon,"KC0D-2>APZEOS,EOSS,WIDE2-1,qAO,N6BA-10:/142115h3917.00N/10332.69WO121/043/A=057561 37T820P EOSS Balloon",121.0,49.0,39.2833333333,-103.5448333333,276.85,8200.0,0.00020021,0.10318386,0.00024444,-8.333e-05,16.26666667,low Re,-0.044444,20.824037,0.000965,2.419582,0.05149,-1.883536,-0.881899,18.770064
EOSS-356,AE0SS-2,2024-04-21 08:21:43.200,2024-04-21 08:21:41,57961.0,997.0,2520.0,ascending,/142141h3916.87N/10332.35WO106/029/A=057961 -539T788P EOSS BALLOON,"AE0SS-2>APZEOS,EOSS,WIDE2-1,qAO,W9CN-9:/142141h3916.87N/10332.35WO106/029/A=057961 -539T788P EOSS BALLOON",106.0,33.0,39.2811666667,-103.5391666667,219.25,7880.0,0.00024294,0.12520713,0.00023056,-8.056e-05,16.61666667,low Re,0.005833,20.796174,0.000997,2.435689,0.051318,-1.715945,0.094236,18.820366
EOSS-356,KC0D-2,2024-04-21 08:21:46.765,2024-04-21 08:21:45,58075.0,1028.0,2524.0,ascending,/142145h3916.86N/10332.31WO111/041/A=058075 37T800P EOSS Balloon,"KC0D-2>APZEOS,EOSS,WIDE2-1,qAO,N6BA-10:/142145h3916.86N/10332.31WO111/041/A=058075 37T800P EOSS Balloon",111.0,47.0,39.281,-103.5385,276.85,8000.0,0.00019533,0.10066718,0.00021111,-7.778e-05,17.13333333,low Re,0.017222,20.772076,0.001105,2.445722,0.051164,-1.487799,0.315007,18.835558
EOSS-356,AE0SS-2,2024-04-21 08:22:15.805,2024-04-21 08:22:11,58505.0,1088.0,2550.0,ascending,/142211h3916.76N/10331.92WO118/050/A=058505 -537T766P EOSS BALLOON,"AE0SS-2>APZEOS,EOSS,WIDE2-1,qAO,W9CN-9:/142211h3916.76N/10331.92WO118/050/A=058505 -537T766P EOSS BALLOON",118.0,58.0,39.2793333333,-103.532,219.45,7660.0,0.00023594,0.12160058,0.00023889,-6.111e-05,18.13333333,low Re,0.033333,20.754829,0.001317,2.446981,0.051061,-1.071318,0.627015,18.895781
EOSS-356,KC0D-2,2024-04-21 08:22:16.779,2024-04-21 08:22:15,58622.0,1094.0,2554.0,ascending,/142215h3916.76N/10331.86WO102/044/A=058622 35T779P EOSS Balloon,"KC0D-2>APZEOS,EOSS,WIDE2-1,qAO,AE0SS-10:/142215h3916.76N/10331.86WO102/044/A=058622 35T779P EOSS Balloon",102.0,51.0,39.2793333333,-103.531,276.65,7790.0,0.00019034,0.09809553,0.00025,-5.556e-05,18.23333333,low Re,0.003333,20.738456,0.00133,2.44742,0.050893,-1.023577,0.039357,18.91287
EOSS-356,AE0SS-2,2024-04-21 08:22:43.323,2024-04-21 08:22:41,59099.0,1188.0,2580.0,ascending,/142241h3916.65N/10331.45WO094/040/A=059099 -534T743P EOSS BALLOON,"AE0SS-2>APZEOS,EOSS,WIDE2-1,qAO,N6BA-10:/142241h3916.65N/10331.45WO094/040/A=059099 -534T743P EOSS BALLOON",94.0,46.0,39.2775,-103.5241666667,219.75,7430.0,0.00022855,0.11778836,0.00026111,-6.111e-05,19.8,low Re,0.052222,20.732401,0.00166,2.440625,0.050892,-0.382034,0.993516,18.984977
EOSS-356,KC0D-2,2024-04-21 08:22:46.757,2024-04-21 08:22:45,59238.0,1232.0,2584.0,ascending,/142245h3916.63N/10331.42WO128/044/A=059238 36T755P EOSS Balloon,"KC0D-2>APZEOS,EOSS,WIDE2-1,qAO,N6BA-10:/142245h3916.63N/10331.42WO128/044/A=059238 36T755P EOSS Balloon",128.0,51.0,39.2771666667,-103.5236666667,276.75,7550.0,0.00018441,0.09503898,0.00024444,-7.222e-05,20.53333333,low Re,0.024444,20.731125,0.001807,2.432792,0.050759,-0.081302,0.44597,19.006576
EOSS-356,AE0SS-2,2024-04-21 08:23:15.846,2024-04-21 08:23:11,59884.0,1570.0,2610.0,ascending,/142311h3916.46N/10331.12WO153/024/A=059884 -546T711P EOSS BALLOON,"AE0SS-2>APZEOS,EOSS,WIDE2-1,qAO,N6BA-10:/142311h3916.46N/10331.12WO153/024/A=059884 -546T711P EOSS BALLOON",153.0,28.0,39.2743333333,-103.5186666667,218.55,7110.0,0.0002199,0.11333427,0.00018333,-0.00010556,26.16666667,low Re,0.187778,20.765747,0.002999,2.463478,0.052741,2.192396,3.503517,19.108912
EOSS-356,KC0D-2,2024-04-21 08:23:16.699,2024-04-21 08:23:15,60006.0,1536.0,2614.0,ascending,/142315h3916.44N/10331.09WO118/036/A=060006 34T727P EOSS Balloon,"KC0D-2>APZEOS,EOSS,WIDE2-1,qAO,N6BA-10:/142315h3916.44N/10331.09WO118/036/A=060006 34T727P EOSS Balloon",118.0,41.0,39.274,-103.5181666667,276.55,7270.0,0.0001777,0.09158054,0.00018333,-0.00010556,25.6,low Re,-0.018889,20.796343,0.00286,2.485554,0.052601,1.93263,-0.413471,19.128395
EOSS-356,AE0SS-2,2024-04-21 08:23:45.054,2024-04-21 08:23:41,60482.0,1196.0,2640.0,ascending,/142341h3916.28N/10330.78WO124/055/A=060482 -545T693P EOSS BALLOON,"AE0SS-2>APZEOS,EOSS*,AE0SS-3*,qAO,N6BA-10:/142341h3916.28N/10330.78WO124/055/A=060482 -545T693P EOSS BALLOON",124.0,63.0,39.2713333333,-103.513,218.65,6930.0,0.00021424,0.11041452,0.00018889,-0.0001,19.93333333,low Re,-0.188889,20.790915,0.001646,2.478621,0.054607,-0.345991,-3.489205,19.204047
EOSS-356,KC0D-2,2024-04-21 08:23:46.712,2024-04-21 08:23:45,60598.0,1184.0,2644.0,ascending,/142345h3916.27N/10330.74WO122/040/A=060598 34T706P EOSS Balloon,"KC0D-2>APZEOS,EOSS,WIDE2-1,qAO,N6BA-10:/142345h3916.27N/10330.74WO122/040/A=060598 34T706P EOSS Balloon",122.0,46.0,39.2711666667,-103.5123333333,276.55,7060.0,0.00017256,0.08893516,0.00019444,-9.444e-05,19.73333333,low Re,-0.006667,20.784306,0.001594,2.472229,0.054438,-0.425111,-0.151751,19.222279
EOSS-356,KC0D-2,2024-04-21 08:24:16.699,2024-04-21 08:24:15,61178.0,1160.0,2674.0,ascending,/142415h3916.09N/10330.40WO133/035/A=061178 33T686P EOSS Balloon,"KC0D-2>APZEOS,EOSS,WIDE2-1,qAO,N6BA-10:/142415h3916.09N/10330.40WO133/035/A=061178 33T686P EOSS Balloon",133.0,40.0,39.2681666667,-103.5066666667,276.45,6860.0,0.00016773,0.08644701,0.00018889,-0.0001,19.33333333,low Re,-0.013333,20.775293,0.001501,2.467142,0.054279,-0.584466,-0.273292,19.311156
EOSS-356,AE0SS-2,2024-04-21 08:24:43.316,2024-04-21 08:24:41,61612.0,1130.0,2700.0,ascending,/142441h3915.95N/10330.16WO121/018/A=061612 -543T649P EOSS BALLOON,"AE0SS-2>APZEOS,EOSS,WIDE2-1,qAO,N6BA-10:/142441h3915.95N/10330.16WO121/018/A=061612 -543T649P EOSS BALLOON",121.0,21.0,39.2658333333,-103.5026666667,218.85,6490.0,0.00020045,0.10330958,0.00017222,-9.167e-05,18.83333333,low Re,-0.008333,20.763306,0.00144,2.464196,0.054115,-0.783206,-0.180597,19.374063
EOSS-356,KC0D-2,2024-04-21 08:24:46.722,2024-04-21 08:24:45,61732.0,1108.0,2704.0,ascending,/142445h3915.94N/10330.12WO115/034/A=061732 33T667P EOSS Balloon,"KC0D-2>APZEOS,EOSS,WIDE2-1,qAO,N6BA-10:/142445h3915.94N/10330.12WO115/034/A=061732 33T667P EOSS Balloon",115.0,39.0,39.2656666667,-103.502,276.45,6670.0,0.00016309,0.0840527,0.00015556,-8.333e-05,18.46666667,low Re,-0.012222,20.749216,0.001355,2.463157,0.053957,-0.926676,-0.251626,19.390752
EOSS-356,AE0SS-2,2024-04-21 08:25:15.799,2024-04-21 08:25:11,62165.0,1106.0,2730.0,ascending,/142511h3915.80N/10329.84WO126/047/A=062165 -542T639P EOSS BALLOON,"AE0SS-2>APZEOS,EOSS,WIDE2-1,qAO,N6BA-10:/142511h3915.80N/10329.84WO126/047/A=062165 -542T639P EOSS BALLOON",126.0,54.0,39.2633333333,-103.4973333333,218.95,6390.0,0.00019727,0.1016713,0.00017778,-8.333e-05,18.43333333,low Re,-0.001111,20.735095,0.00134,2.462239,0.053791,-0.934825,-0.045565,19.447955
EOSS-356,KC0D-2,2024-04-21 08:25:16.744,2024-04-21 08:25:15,62284.0,1104.0,2734.0,ascending,/142515h3915.79N/10329.80WO120/033/A=062284 31T649P EOSS Balloon,"KC0D-2>APZEOS,EOSS,WIDE2-1,qAO,N6BA-10:/142515h3915.79N/10329.80WO120/033/A=062284 31T649P EOSS Balloon",120.0,38.0,39.2631666667,-103.4966666667,276.25,6490.0,0.0001588,0.08184363,0.00017778,-8.333e-05,18.4,low Re,-0.001111,20.720943,0.001325,2.461443,0.053626,-0.94292,-0.045426,19.462764
EOSS-356,AE0SS-2,2024-04-21 08:25:43.270,2024-04-21 08:25:41,62721.0,1112.0,2760.0,ascending,/142541h3915.65N/10329.53WO105/037/A=062721 -539T620P EOSS BALLOON,"AE0SS-2>APZEOS,EOSS,WIDE2-1,qAO,N6BA-10:/142541h3915.65N/10329.53WO105/037/A=062721 -539T620P EOSS BALLOON",105.0,43.0,39.2608333333,-103.4921666667,219.25,6200.0,0.00019115,0.09851322,0.00017222,-8.333e-05,18.53333333,low Re,0.004444,20.707764,0.001344,2.45984,0.053463,-0.883972,0.057984,19.513339
EOSS-356,KC0D-2,2024-04-21 08:25:47.018,2024-04-21 08:25:45,62841.0,1114.0,2764.0,ascending,/142545h3915.63N/10329.50WO131/030/A=062841 32T632P EOSS Balloon,"KC0D-2>APZEOS,EOSS,WIDE2-1,qAO,N6BA-10:/142545h3915.63N/10329.50WO131/030/A=062841 32T632P EOSS Balloon",131.0,35.0,39.2605,-103.4916666667,276.35,6320.0,0.00015459,0.07967096,0.00016667,-8.889e-05,18.56666667,low Re,0.001111,20.694943,0.001343,2.45801,0.0533,-0.865853,-0.004353,19.526103
EOSS-356,AE0SS-2,2024-04-21 08:26:15.801,2024-04-21 08:26:11,63350.0,1258.0,2790.0,ascending,/142611h3915.54N/10329.31WO052/014/A=063350 -538T600P EOSS BALLOON,"AE0SS-2>APZEOS,EOSS,WIDE2-1,qAO,N6BA-10:/142611h3915.54N/10329.31WO052/014/A=063350 -538T600P EOSS BALLOON",52.0,16.0,39.259,-103.4885,219.35,6000.0,0.0001849,0.09529192,0.00012222,-6.111e-05,20.96666667,low Re,0.08,20.696561,0.001814,2.450729,0.053487,0.110214,1.461776,19.574334
EOSS-356,KC0D-2,2024-04-21 08:26:16.742,2024-04-21 08:26:15,63473.0,1264.0,2794.0,ascending,/142615h3915.54N/10329.29WO100/023/A=063473 31T612P EOSS Balloon,"KC0D-2>APZEOS,EOSS,WIDE2-1,qAO,N6BA-10:/142615h3915.54N/10329.29WO100/023/A=063473 31T612P EOSS Balloon",100.0,26.0,39.259,-103.4881666667,276.25,6120.0,0.00014975,0.07717766,0.00011667,-5e-05,21.06666667,low Re,0.003333,20.698751,0.001823,2.44359,0.053327,0.150564,0.028316,19.584472
EOSS-356,AE0SS-2,2024-04-21 08:26:43.601,2024-04-21 08:26:41,63917.0,1134.0,2820.0,ascending,/142641h3915.52N/10329.08WO118/021/A=063917 -516T583P EOSS BALLOON,"AE0SS-2>APZEOS,EOSS,WIDE2-1,qAO,AE0SS-10:/142641h3915.52N/10329.08WO118/021/A=063917 -516T583P EOSS BALLOON",118.0,24.0,39.2586666667,-103.4846666667,221.55,5830.0,0.00017787,0.09167254,0.00012778,-1.111e-05,18.9,low Re,-0.072222,20.68817,0.001385,2.440252,0.053472,-0.732781,-1.376552,19.615826
EOSS-356,KC0D-2,2024-04-21 08:26:46.757,2024-04-21 08:26:45,64042.0,1138.0,2824.0,ascending,/142645h3915.53N/10329.04WO077/024/A=064042 32T596P EOSS Balloon,"KC0D-2>APZEOS,EOSS,WIDE2-1,qAO,N6BA-10:/142645h3915.53N/10329.04WO077/024/A=064042 32T596P EOSS Balloon",77.0,28.0,39.2588333333,-103.484,276.35,5960.0,0.00014578,0.07513274,0.00013889,-5.56e-06,18.96666667,low Re,0.002222,20.678103,0.00139,2.436624,0.053314,-0.70238,0.015606,19.623119
EOSS-356,AE0SS-2,2024-04-21 08:27:15.821,2024-04-21 08:27:11,64529.0,1224.0,2850.0,ascending,/142711h3915.55N/10328.84WO060/034/A=064529 -519T564P EOSS BALLOON,"AE0SS-2>APZEOS,EOSS,WIDE2-1,qAO,N6BA-10:/142711h3915.55N/10328.84WO060/034/A=064529 -519T564P EOSS BALLOON",60.0,39.0,39.2591666667,-103.4806666667,221.25,5640.0,0.00017231,0.08880517,0.00013333,1.667e-05,20.4,low Re,0.047778,20.676486,0.001661,2.429581,0.053275,-0.1138,0.865641,19.644833
EOSS-356,KC0D-2,2024-04-21 08:27:16.686,2024-04-21 08:27:15,64651.0,1218.0,2854.0,ascending,/142715h3915.57N/10328.82WO076/021/A=064651 30T578P EOSS Balloon,"KC0D-2>APZEOS,EOSS,WIDE2-1,qAO,N6BA-10:/142715h3915.57N/10328.82WO076/021/A=064651 30T578P EOSS Balloon",76.0,24.0,39.2595,-103.4803333333,276.15,5780.0,0.00014148,0.0729164,0.00012222,2.222e-05,20.3,low Re,-0.003333,20.67431,0.001632,2.422677,0.05312,-0.154503,-0.093468,19.648565
EOSS-356,AE0SS-2,2024-04-21 08:27:43.368,2024-04-21 08:27:41,65085.0,1112.0,2880.0,ascending,/142741h3915.62N/10328.62WO049/011/A=065085 -526T549P EOSS BALLOON,"AE0SS-2>APZEOS,EOSS,WIDE2-1,qAO,N6BA-10:/142741h3915.62N/10328.62WO049/011/A=065085 -526T549P EOSS BALLOON",49.0,13.0,39.2603333333,-103.477,220.55,5490.0,0.00016826,0.0867177,0.00012222,3.889e-05,18.53333333,low Re,-0.058889,20.662005,0.001282,2.421112,0.053165,-0.879212,-1.131778,19.656164
EOSS-356,KC0D-2,2024-04-21 08:27:46.692,2024-04-21 08:27:45,65198.0,1094.0,2884.0,ascending,/142745h3915.64N/10328.59WO067/024/A=065198 32T562P EOSS Balloon,"KC0D-2>APZEOS,EOSS,WIDE2-1,qAO,N6BA-10:/142745h3915.64N/10328.59WO067/024/A=065198 32T562P EOSS Balloon",67.0,28.0,39.2606666667,-103.4765,276.35,5620.0,0.00013747,0.07084665,0.00012778,3.889e-05,18.23333333,low Re,-0.01,20.648127,0.001217,2.421115,0.053018,-0.997389,-0.21157,19.656676
EOSS-356,KC0D-2,2024-04-21 08:28:16.716,2024-04-21 08:28:15,65753.0,1110.0,2914.0,ascending,/142815h3915.70N/10328.36WO064/019/A=065753 30T547P EOSS Balloon,"KC0D-2>APZEOS,EOSS,WIDE2-1,qAO,N6BA-10:/142815h3915.70N/10328.36WO064/019/A=065753 30T547P EOSS Balloon",64.0,22.0,39.2616666667,-103.4726666667,276.15,5470.0,0.00013389,0.06900566,0.00012778,3.333e-05,18.5,low Re,0.008889,20.635922,0.001261,2.419612,0.052869,-0.882754,0.144281,19.65036
EOSS-356,KC0D-2,2024-04-21 08:28:46.703,2024-04-21 08:28:45,66481.0,1456.0,2944.0,ascending,/142845h3915.68N/10328.11WO117/029/A=066481 32T528P EOSS Balloon,"KC0D-2>APZEOS,EOSS,WIDE2-1,qAO,N6BA-10:/142845h3915.68N/10328.11WO117/029/A=066481 32T528P EOSS Balloon",117.0,33.0,39.2613333333,-103.4685,276.35,5280.0,0.00012915,0.06656055,0.00013889,-1.111e-05,24.26666667,low Re,0.192222,20.656434,0.002346,2.428113,0.054647,1.486847,3.474591,19.620102
EOSS-356,KC0D-2,2024-04-21 08:29:16.737,2024-04-21 08:29:15,67071.0,1180.0,2974.0,ascending,/142915h3915.54N/10327.83WO128/026/A=067071 31T512P EOSS Balloon,"KC0D-2>APZEOS,EOSS,WIDE2-1,qAO,N6BA-10:/142915h3915.54N/10327.83WO128/026/A=067071 31T512P EOSS Balloon",128.0,30.0,39.259,-103.4638333333,276.25,5120.0,0.00012528,0.06456693,0.00015556,-7.778e-05,19.66666667,low Re,-0.153333,20.650874,0.001466,2.42238,0.055734,-0.406298,-2.777461,19.578108
EOSS-356,AE0SS-2,2024-04-21 08:29:43.295,2024-04-21 08:29:41,67531.0,1223.0,3000.0,ascending,/142941h3915.42N/10327.64WO147/029/A=067531 -538T483P EOSS BALLOON,"AE0SS-2>APZEOS,EOSS,WIDE2-1,qAO,W9CN-9:/142941h3915.42N/10327.64WO147/029/A=067531 -538T483P EOSS BALLOON",147.0,33.0,39.257,-103.4606666667,219.35,4830.0,0.00014884,0.07670999,0.00013611,-2.778e-05,20.38333333,low Re,0.005972,20.649379,0.001492,2.415649,0.055577,-0.110134,0.080609,19.535339
EOSS-356,KC0D-2,2024-04-21 08:29:46.784,2024-04-21 08:29:45,67659.0,1176.0,3004.0,ascending,/142945h3915.41N/10327.62WO128/019/A=067659 32T498P EOSS Balloon,"KC0D-2>APZEOS,EOSS,WIDE2-1,qAO,N6BA-10:/142945h3915.41N/10327.62WO128/019/A=067659 32T498P EOSS Balloon",128.0,22.0,39.2568333333,-103.4603333333,276.35,4980.0,0.00012181,0.0627787,0.00011667,-7.222e-05,19.6,low Re,-0.026111,20.643549,0.001338,2.410162,0.055459,-0.432979,-0.494942,19.521988
EOSS-356,AE0SS-2,2024-04-21 08:30:15.804,2024-04-21 08:30:11,68145.0,1228.0,3030.0,ascending,/143011h3915.30N/10327.50WO194/012/A=068145 -548T471P EOSS BALLOON,"AE0SS-2>APZEOS,EOSS,WIDE2-1,qAO,W9CN-9:/143011h3915.30N/10327.50WO194/012/A=068145 -548T471P EOSS BALLOON",194.0,14.0,39.255,-103.4583333333,218.35,4710.0,0.00014581,0.07514674,7.778e-05,-6.667e-05,20.46666667,low Re,0.028889,20.642572,0.001491,2.403493,0.055342,-0.073187,0.495067,19.466039
EOSS-356,KC0D-2,2024-04-21 08:30:16.762,2024-04-21 08:30:15,68268.0,1218.0,3034.0,ascending,/143015h3915.29N/10327.48WO139/021/A=068268 31T483P EOSS Balloon,"KC0D-2>APZEOS,EOSS,WIDE2-1,qAO,N6BA-10:/143015h3915.29N/10327.48WO139/021/A=068268 31T483P EOSS Balloon",139.0,24.0,39.2548333333,-103.458,276.25,4830.0,0.00011818,0.06090982,7.778e-05,-6.667e-05,20.3,low Re,-0.005556,20.64069,0.001452,2.396979,0.055191,-0.142133,-0.126977,19.450654
EOSS-356,AE0SS-2,2024-04-21 08:30:45.307,2024-04-21 08:30:41,68744.0,1198.0,3060.0,ascending,/143041h3915.20N/10327.35WO080/021/A=068744 -562T455P EOSS BALLOON,"AE0SS-2>APZEOS,EOSS*,AE0SS-3*,qAO,N6BA-10:/143041h3915.20N/10327.35WO080/021/A=068744 -562T455P EOSS BALLOON",80.0,24.0,39.2533333333,-103.4558333333,216.95,4550.0,0.00014176,0.07306244,8.333e-05,-5.556e-05,19.96666667,low Re,-0.011111,20.637007,0.001383,2.390904,0.055046,-0.280371,-0.226974,19.387028
EOSS-356,KC0D-2,2024-04-21 08:30:46.723,2024-04-21 08:30:45,68861.0,1186.0,3064.0,ascending,/143045h3915.19N/10327.33WO121/022/A=068861 33T468P EOSS Balloon,"KC0D-2>APZEOS,EOSS,WIDE2-1,qAO,N6BA-10:/143045h3915.19N/10327.33WO121/022/A=068861 33T468P EOSS Balloon",121.0,25.0,39.2531666667,-103.4555,276.45,4680.0,0.00011443,0.05897551,8.333e-05,-5.556e-05,19.76666667,low Re,-0.006667,20.632277,0.001339,2.385226,0.054898,-0.362905,-0.145834,19.370495
EOSS-356,KC0D-2,2024-04-21 08:31:16.715,2024-04-21 08:31:15,69454.0,1186.0,3094.0,ascending,/143115h3915.07N/10327.05WO128/032/A=069454 32T455P EOSS Balloon,"KC0D-2>APZEOS,EOSS,WIDE2-1,qAO,N6BA-10:/143115h3915.07N/10327.05WO128/032/A=069454 32T455P EOSS Balloon",128.0,37.0,39.2511666667,-103.4508333333,276.35,4550.0,0.00011129,0.05735805,0.00015556,-6.667e-05,19.76666667,low Re,0.0,20.627598,0.001331,2.379587,0.054748,-0.361799,-0.024311,19.282359
EOSS-356,AE0SS-2,2024-04-21 08:31:43.300,2024-04-21 08:31:41,69852.0,1108.0,3120.0,ascending,/143141h3914.92N/10326.81WO135/034/A=069852 -505T432P EOSS BALLOON,"AE0SS-2>APZEOS,EOSS,WIDE2-1,qAO,N6BA-10:/143141h3914.92N/10326.81WO135/034/A=069852 -505T432P EOSS BALLOON",135.0,39.0,39.2486666667,-103.4468333333,222.65,4320.0,0.00013115,0.06759328,0.00015,-7.778e-05,18.46666667,low Re,-0.021667,20.61598,0.001207,2.37843,0.054625,-0.903669,-0.418746,19.220152
EOSS-356,KC0D-2,2024-04-21 08:31:46.704,2024-04-21 08:31:45,69968.0,1028.0,3124.0,ascending,/143145h3914.91N/10326.79WO132/022/A=069968 33T443P EOSS Balloon,"KC0D-2>APZEOS,EOSS,WIDE2-1,qAO,N6BA-10:/143145h3914.91N/10326.79WO132/022/A=069968 33T443P EOSS Balloon",132.0,25.0,39.2485,-103.4465,276.45,4430.0,0.00010832,0.05582511,0.00014444,-8.889e-05,17.13333333,low Re,-0.044444,20.597356,0.000962,2.385661,0.05458,-1.452018,-0.831916,19.20172
EOSS-356,KC0D-2,2024-04-21 08:32:16.689,2024-04-21 08:32:15,70491.0,1046.0,3154.0,ascending,/143215h3914.77N/10326.63WO146/019/A=070491 32T432P EOSS Balloon,"KC0D-2>APZEOS,EOSS,WIDE2-1,qAO,N6BA-10:/143215h3914.77N/10326.63WO146/019/A=070491 32T432P EOSS Balloon",146.0,22.0,39.2461666667,-103.4438333333,276.35,4320.0,0.00010567,0.05445863,8.889e-05,-7.778e-05,17.43333333,low Re,0.01,20.580526,0.00101,2.390438,0.054437,-1.316576,0.165145,19.117795
EOSS-356,AE0SS-2,2024-04-21 08:32:43.532,2024-04-21 08:32:41,70859.0,1007.0,3180.0,ascending,/143241h3914.63N/10326.47WO152/024/A=070859 -480T407P EOSS BALLOON,"AE0SS-2>APZEOS,EOSS,WIDE2-1,qAO,W9CN-9:/143241h3914.63N/10326.47WO152/024/A=070859 -480T407P EOSS BALLOON",152.0,28.0,39.2438333333,-103.4411666667,225.15,4070.0,0.00012219,0.06297453,9.444e-05,-8.056e-05,16.78333333,low Re,-0.010833,20.560435,0.000947,2.400018,0.054298,-1.573781,-0.216951,19.058785
EOSS-356,KC0D-2,2024-04-21 08:32:46.754,2024-04-21 08:32:45,70962.0,942.0,3184.0,ascending,/143245h3914.61N/10326.45WO123/027/A=070962 34T423P EOSS Balloon,"KC0D-2>APZEOS,EOSS,WIDE2-1,qAO,N6BA-10:/143245h3914.61N/10326.45WO123/027/A=070962 34T423P EOSS Balloon",123.0,31.0,39.2435,-103.4408333333,276.55,4230.0,0.00010339,0.05328551,0.0001,-8.889e-05,15.7,low Re,-0.036111,20.534854,0.000751,2.419493,0.054221,-1.998292,-0.679847,19.042401
EOSS-356,KC0D-2,2024-04-21 08:33:16.793,2024-04-21 08:33:15,71504.0,1084.0,3214.0,ascending,/143315h3914.49N/10326.29WO129/018/A=071504 33T411P EOSS Balloon,"KC0D-2>APZEOS,EOSS,WIDE2-1,qAO,N6BA-10:/143315h3914.49N/10326.29WO129/018/A=071504 33T411P EOSS Balloon",129.0,21.0,39.2415,-103.4381666667,276.45,4110.0,0.00010049,0.0517926,8.889e-05,-6.667e-05,18.06666667,low Re,0.078889,20.521931,0.001162,2.419717,0.054373,-1.014691,1.429515,18.95804
EOSS-356,AE0SS-2,2024-04-21 08:33:43.316,2024-04-21 08:33:41,72002.0,1143.0,3240.0,ascending,/143341h3914.45N/10326.18WO113/023/A=072002 -476T382P EOSS BALLOON,"AE0SS-2>APZEOS,EOSS,WIDE2-1,qAO,N6BA-10:/143341h3914.45N/10326.18WO113/023/A=072002 -476T382P EOSS BALLOON",113.0,26.0,39.2408333333,-103.4363333333,225.55,3820.0,0.00011448,0.05900149,8.056e-05,-5e-05,19.05,low Re,0.016389,20.514265,0.001242,2.415711,0.054241,-0.606142,0.279254,18.884783
EOSS-356,KC0D-2,2024-04-21 08:33:46.735,2024-04-21 08:33:45,72108.0,1208.0,3244.0,ascending,/143345h3914.44N/10326.16WO118/015/A=072108 35T400P EOSS Balloon,"KC0D-2>APZEOS,EOSS,WIDE2-1,qAO,N6BA-10:/143345h3914.44N/10326.16WO118/015/A=072108 35T400P EOSS Balloon",118.0,17.0,39.2406666667,-103.436,276.65,4000.0,9.773e-05,0.05036998,7.222e-05,-2.778e-05,20.13333333,low Re,0.036111,20.512291,0.001424,2.409568,0.054157,-0.157272,0.64049,18.869897
EOSS-356,KC0D-2,2024-04-21 08:34:16.889,2024-04-21 08:34:15,72681.0,1146.0,3274.0,ascending,/143415h3914.44N/10326.00WO099/019/A=072681 34T389P EOSS Balloon,"KC0D-2>APZEOS,EOSS,WIDE2-1,qAO,AE0SS-10:/143415h3914.44N/10326.00WO099/019/A=072681 34T389P EOSS Balloon",99.0,22.0,39.2406666667,-103.4333333333,276.55,3890.0,9.508e-05,0.04900252,8.889e-05,0.0,19.1,low Re,-0.034444,20.505011,0.001238,2.405456,0.054078,-0.584093,-0.659825,18.794786
EOSS-356,AE0SS-2,2024-04-21 08:34:43.280,2024-04-21 08:34:41,73159.0,1157.0,3300.0,ascending,/143441h3914.42N/10325.83WO076/028/A=073159 -502T360P EOSS BALLOON,"AE0SS-2>APZEOS,EOSS,WIDE2-1,qAO,W9CN-9:/143441h3914.42N/10325.83WO076/028/A=073159 -502T360P EOSS BALLOON",76.0,32.0,39.2403333333,-103.4305,222.95,3600.0,0.00010915,0.05625194,9.722e-05,-8.33e-06,19.28333333,low Re,0.003056,20.498746,0.001247,2.400842,0.053938,-0.506244,0.033539,18.740285
EOSS-356,KC0D-2,2024-04-21 08:34:46.744,2024-04-21 08:34:45,73284.0,1206.0,3304.0,ascending,/143445h3914.43N/10325.81WO107/019/A=073284 36T377P EOSS Balloon,"KC0D-2>APZEOS,EOSS,WIDE2-1,qAO,N6BA-10:/143445h3914.43N/10325.81WO107/019/A=073284 36T377P EOSS Balloon",107.0,22.0,39.2405,-103.4301666667,276.75,3770.0,9.208e-05,0.04745655,0.00010556,-5.56e-06,20.1,low Re,0.027222,20.496712,0.00138,2.394848,0.053831,-0.165652,0.480058,18.72743
EOSS-356,KC0D-2,2024-04-21 08:35:16.714,2024-04-21 08:35:15,73865.0,1162.0,3334.0,ascending,/143515h3914.38N/10325.62WO117/020/A=073865 35T367P EOSS Balloon,"KC0D-2>APZEOS,EOSS,WIDE2-1,qAO,N6BA-10:/143515h3914.38N/10325.62WO117/020/A=073865 35T367P EOSS Balloon",117.0,23.0,39.2396666667,-103.427,276.65,3670.0,8.967e-05,0.04621446,0.00010556,-2.778e-05,19.36666667,low Re,-0.024444,20.490976,0.001248,2.390087,0.053724,-0.470405,-0.478222,18.676078
EOSS-356,AE0SS-2,2024-04-21 08:35:43.351,2024-04-21 08:35:41,74337.0,1178.0,3360.0,ascending,/143541h3914.33N/10325.46WO132/007/A=074337 -509T339P EOSS BALLOON,"AE0SS-2>APZEOS,EOSS,WIDE2-1,qAO,W9CN-9:/143541h3914.33N/10325.46WO132/007/A=074337 -509T339P EOSS BALLOON",132.0,8.0,39.2388333333,-103.4243333333,222.25,3390.0,0.0001031,0.05313741,0.00010278,-2.5e-05,19.63333333,low Re,0.004444,20.486644,0.001265,2.384792,0.053587,-0.357813,0.059324,18.645309
EOSS-356,KC0D-2,2024-04-21 08:35:46.722,2024-04-21 08:35:45,74455.0,1180.0,3364.0,ascending,/143545h3914.33N/10325.44WO102/019/A=074455 37T356P EOSS Balloon,"KC0D-2>APZEOS,EOSS,WIDE2-1,qAO,N6BA-10:/143545h3914.33N/10325.44WO102/019/A=074455 37T356P EOSS Balloon",102.0,22.0,39.2388333333,-103.424,276.85,3560.0,8.692e-05,0.0447969,0.0001,-2.778e-05,19.66666667,low Re,0.001111,20.482524,0.001264,2.379473,0.053451,-0.342873,-0.002862,18.639233
EOSS-356,AE0SS-2,2024-04-21 08:36:15.802,2024-04-21 08:36:11,74917.0,1160.0,3390.0,ascending,/143611h3914.29N/10325.28WO124/011/A=074917 -495T330P EOSS BALLOON,"AE0SS-2>APZEOS,EOSS,WIDE2-1,qAO,W9CN-9:/143611h3914.29N/10325.28WO124/011/A=074917 -495T330P EOSS BALLOON",124.0,13.0,39.2381666667,-103.4213333333,223.65,3300.0,9.974e-05,0.05140288,0.0001,-2.222e-05,19.33333333,low Re,-0.011111,20.476778,0.001202,2.374877,0.053323,-0.481475,-0.230913,18.621836
EOSS-356,KC0D-2,2024-04-21 08:36:16.740,2024-04-21 08:36:15,75025.0,1140.0,3394.0,ascending,/143615h3914.28N/10325.26WO100/018/A=075025 37T346P EOSS Balloon,"KC0D-2>APZEOS,EOSS,WIDE2-1,qAO,N6BA-10:/143615h3914.28N/10325.26WO100/018/A=075025 37T346P EOSS Balloon",100.0,21.0,39.238,-103.421,276.85,3460.0,8.448e-05,0.04353856,0.0001,-2.778e-05,19.0,low Re,-0.011111,20.469431,0.00114,2.371221,0.053196,-0.619694,-0.230299,18.619249
EOSS-356,AE0SS-2,2024-04-21 08:36:43.291,2024-04-21 08:36:41,75451.0,1068.0,3420.0,ascending,/143641h3914.22N/10325.09WO144/021/A=075451 -484T317P EOSS BALLOON,"AE0SS-2>APZEOS,EOSS,WIDE2-1,qAO,W9CN-9:/143641h3914.22N/10325.09WO144/021/A=075451 -484T317P EOSS BALLOON",144.0,24.0,39.237,-103.4181666667,224.75,3170.0,9.534e-05,0.04913625,0.00010556,-3.889e-05,17.8,low Re,-0.04,20.456216,0.000936,2.372761,0.053142,-1.119462,-0.770313,18.614511
EOSS-356,KC0D-2,2024-04-21 08:36:46.716,2024-04-21 08:36:45,75582.0,1114.0,3424.0,ascending,/143645h3914.21N/10325.08WO127/020/A=075582 39T337P EOSS Balloon,"KC0D-2>APZEOS,EOSS,WIDE2-1,qAO,N6BA-10:/143645h3914.21N/10325.08WO127/020/A=075582 39T337P EOSS Balloon",127.0,23.0,39.2368333333,-103.418,277.05,3370.0,8.222e-05,0.04237544,0.0001,-3.889e-05,18.56666667,low Re,0.025556,20.446907,0.001057,2.370593,0.053038,-0.793152,0.461914,18.614788
EOSS-356,AE0SS-2,2024-04-21 08:37:15.783,2024-04-21 08:37:11,75973.0,1044.0,3450.0,ascending,/143711h3914.12N/10324.94WO143/009/A=075973 -476T311P EOSS BALLOON,"AE0SS-2>APZEOS,EOSS,WIDE2-1,qAO,W9CN-9:/143711h3914.12N/10324.94WO143/009/A=075973 -476T311P EOSS BALLOON",143.0,10.0,39.2353333333,-103.4156666667,225.55,3110.0,9.32e-05,0.04803524,8.333e-05,-5.556e-05,17.4,low Re,-0.038889,20.431972,0.000861,2.374349,0.052981,-1.27697,-0.750269,18.620324
EOSS-356,KC0D-2,2024-04-21 08:37:16.753,2024-04-21 08:37:15,76093.0,1022.0,3454.0,ascending,/143715h3914.11N/10324.93WO130/018/A=076093 39T329P EOSS Balloon,"KC0D-2>APZEOS,EOSS,WIDE2-1,qAO,N6BA-10:/143715h3914.11N/10324.93WO130/018/A=076093 39T329P EOSS Balloon",130.0,21.0,39.2351666667,-103.4155,277.05,3290.0,8.027e-05,0.04136949,8.333e-05,-5.556e-05,17.03333333,low Re,-0.012222,20.415393,0.000796,2.380388,0.052858,-1.420802,-0.246282,18.623397
EOSS-356,AE0SS-2,2024-04-21 08:37:43.356,2024-04-21 08:37:41,76506.0,1066.0,3480.0,ascending,/143741h3914.03N/10324.80WO146/016/A=076506 -460T303P EOSS BALLOON,"AE0SS-2>APZEOS,EOSS,WIDE2-1,qAO,W9CN-9:/143741h3914.03N/10324.80WO146/016/A=076506 -460T303P EOSS BALLOON",146.0,18.0,39.2338333333,-103.4133333333,227.15,3030.0,9.017e-05,0.04646996,7.778e-05,-5e-05,17.76666667,low Re,0.024444,20.402535,0.000912,2.381735,0.052755,-1.106701,0.446062,18.638613
EOSS-356,KC0D-2,2024-04-21 08:37:46.729,2024-04-21 08:37:45,76629.0,1072.0,3484.0,ascending,/143745h3914.02N/10324.79WO143/022/A=076629 41T321P EOSS Balloon,"KC0D-2>APZEOS,EOSS,WIDE2-1,qAO,N6BA-10:/143745h3914.02N/10324.79WO143/022/A=076629 41T321P EOSS Balloon",143.0,25.0,39.2336666667,-103.4131666667,277.25,3210.0,7.826e-05,0.04033443,7.778e-05,-5e-05,17.86666667,low Re,0.003333,20.390284,0.000924,2.382476,0.052626,-1.059241,0.045776,18.644458
EOSS-356,KC0D-2,2024-04-21 08:38:16.709,2024-04-21 08:38:15,77190.0,1122.0,3514.0,ascending,/143815h3913.89N/10324.65WO165/015/A=077190 41T311P EOSS Balloon,"KC0D-2>APZEOS,EOSS,WIDE2-1,qAO,N6BA-10:/143815h3913.89N/10324.65WO165/015/A=077190 41T311P EOSS Balloon",165.0,17.0,39.2315,-103.4108333333,277.25,3110.0,7.582e-05,0.03907791,7.778e-05,-7.222e-05,18.7,low Re,0.027778,20.382158,0.001053,2.379602,0.052531,-0.706907,0.508747,18.677839
EOSS-356,AE0SS-2,2024-04-21 08:38:43.308,2024-04-21 08:38:41,77666.0,1160.0,3540.0,ascending,/143841h3913.79N/10324.58WO145/015/A=077666 -448T286P EOSS BALLOON,"AE0SS-2>APZEOS,EOSS,WIDE2-1,qAO,W9CN-9:/143841h3913.79N/10324.58WO145/015/A=077666 -448T286P EOSS BALLOON",145.0,17.0,39.2298333333,-103.4096666667,228.35,2860.0,8.466e-05,0.04363224,6.111e-05,-6.667e-05,19.33333333,low Re,0.010556,20.37714,0.001099,2.374983,0.052408,-0.439501,0.18045,18.713243
EOSS-356,KC0D-2,2024-04-21 08:38:46.849,2024-04-21 08:38:45,77783.0,1186.0,3544.0,ascending,/143845h3913.79N/10324.57WO127/018/A=077783 44T303P EOSS Balloon,"KC0D-2>APZEOS,EOSS,WIDE2-1,qAO,N6BA-10:/143845h3913.79N/10324.57WO127/018/A=077783 44T303P EOSS Balloon",127.0,21.0,39.2298333333,-103.4095,277.55,3030.0,7.379e-05,0.03803153,4.444e-05,-5.556e-05,19.76666667,low Re,0.014444,20.374233,0.001163,2.369669,0.05229,-0.256393,0.253987,18.722687
EOSS-356,KC0D-2,2024-04-21 08:39:16.725,2024-04-21 08:39:15,78389.0,1212.0,3574.0,ascending,/143915h3913.70N/10324.49WO173/011/A=078389 44T294P EOSS Balloon,"KC0D-2>APZEOS,EOSS,WIDE2-1,qAO,N6BA-10:/143915h3913.70N/10324.49WO173/011/A=078389 44T294P EOSS Balloon",173.0,13.0,39.2283333333,-103.4081666667,277.55,2940.0,7.16e-05,0.03690188,4.444e-05,-5e-05,20.2,low Re,0.014444,20.373407,0.001226,2.364051,0.052173,-0.073352,0.253349,18.774332
EOSS-356,AE0SS-2,2024-04-21 08:39:43.392,2024-04-21 08:39:41,78864.0,1198.0,3600.0,ascending,/143941h3913.61N/10324.44WO165/005/A=078864 -429T270P EOSS BALLOON,"AE0SS-2>APZEOS,EOSS,WIDE2-1,qAO,N6BA-10:/143941h3913.61N/10324.44WO165/005/A=078864 -429T270P EOSS BALLOON",165.0,6.0,39.2268333333,-103.4073333333,230.25,2700.0,7.926e-05,0.04085137,3.889e-05,-5e-05,19.96666667,low Re,-0.003889,20.371488,0.001202,2.358608,0.05205,-0.171636,-0.09781,18.815406
EOSS-356,KC0D-2,2024-04-21 08:39:46.745,2024-04-21 08:39:45,78975.0,1172.0,3604.0,ascending,/143945h3913.61N/10324.44WO168/006/A=078975 47T286P EOSS Balloon,"KC0D-2>APZEOS,EOSS,WIDE2-1,qAO,N6BA-10:/143945h3913.61N/10324.44WO168/006/A=078975 47T286P EOSS Balloon",168.0,7.0,39.2268333333,-103.4073333333,277.85,2860.0,6.958e-05,0.03585899,2.778e-05,-5e-05,19.53333333,low Re,-0.014444,20.367553,0.001128,2.353739,0.051938,-0.354423,-0.299819,18.824725
EOSS-356,KC0D-2,2024-04-21 08:40:16.709,2024-04-21 08:40:15,79551.0,1152.0,3634.0,ascending,/144015h3913.56N/10324.44WO182/005/A=079551 47T278P EOSS Balloon,"KC0D-2>APZEOS,EOSS,WIDE2-1,qAO,N6BA-10:/144015h3913.56N/10324.44WO182/005/A=079551 47T278P EOSS Balloon",182.0,6.0,39.226,-103.4073333333,277.85,2780.0,6.763e-05,0.03485594,0.0,-2.778e-05,19.2,low Re,-0.011111,20.362098,0.001071,2.349563,0.051822,-0.494602,-0.235074,18.869083
EOSS-356,AE0SS-2,2024-04-21 08:40:43.329,2024-04-21 08:40:41,79985.0,1121.0,3660.0,ascending,/144041h3913.53N/10324.39WO097/012/A=079985 -437T250P EOSS BALLOON,"AE0SS-2>APZEOS,EOSS,WIDE2-1,qAO,W9CN-9:/144041h3913.53N/10324.39WO097/012/A=079985 -437T250P EOSS BALLOON",97.0,14.0,39.2255,-103.4065,229.45,2500.0,7.365e-05,0.03795722,1.389e-05,-2.222e-05,18.68333333,low Re,-0.008611,20.354289,0.001025,2.346861,0.051704,-0.711996,-0.186369,18.895496
EOSS-356,KC0D-2,2024-04-21 08:40:46.700,2024-04-21 08:40:45,80098.0,1094.0,3664.0,ascending,/144045h3913.53N/10324.38WO087/004/A=080098 50T271P EOSS Balloon,"KC0D-2>APZEOS,EOSS,WIDE2-1,qAO,N6BA-10:/144045h3913.53N/10324.38WO087/004/A=080098 50T271P EOSS Balloon",87.0,5.0,39.2255,-103.4063333333,278.15,2710.0,6.586e-05,0.03394163,3.333e-05,-1.667e-05,18.23333333,low Re,-0.015,20.34447,0.000951,2.34584,0.051595,-0.899949,-0.309158,18.901009
EOSS-356,AE0SS-2,2024-04-21 08:41:16.998,2024-04-21 08:41:11,80517.0,1064.0,3690.0,ascending,/144111h3913.51N/10324.31WO194/005/A=080517 -431T244P EOSS BALLOON,"AE0SS-2>APZEOS,EOSS,WIDE2-1,qAO,W9CN-9:/144111h3913.51N/10324.31WO194/005/A=080517 -431T244P EOSS BALLOON",194.0,6.0,39.2251666667,-103.4051666667,230.05,2440.0,7.169e-05,0.03694963,4.444e-05,-1.111e-05,17.73333333,low Re,-0.016667,20.332437,0.000869,2.347107,0.051489,-1.107365,-0.340578,18.915356
EOSS-356,KC0D-2,2024-04-21 08:41:16.961,2024-04-21 08:41:15,80633.0,1070.0,3694.0,ascending,/144115h3913.52N/10324.32WO145/003/A=080633 50T264P EOSS Balloon,"KC0D-2>APZEOS,EOSS,WIDE2-1,qAO,N6BA-10:/144115h3913.52N/10324.32WO145/003/A=080633 50T264P EOSS Balloon",145.0,3.0,39.2253333333,-103.4053333333,278.15,2640.0,6.416e-05,0.03306491,3.333e-05,-5.56e-06,17.83333333,low Re,0.003333,20.320973,0.000881,2.347802,0.05137,-1.059561,0.047732,18.917411
EOSS-356,AE0SS-2,2024-04-21 08:41:43.415,2024-04-21 08:41:41,81047.0,1060.0,3720.0,ascending,/144141h3913.49N/10324.29WO190/005/A=081047 -428T242P EOSS BALLOON,"AE0SS-2>APZEOS,EOSS,WIDE2-1,qAO,W9CN-9:/144141h3913.49N/10324.29WO190/005/A=081047 -428T242P EOSS BALLOON",190.0,6.0,39.2248333333,-103.4048333333,230.35,2420.0,7.101e-05,0.03659903,1.111e-05,-1.111e-05,17.66666667,low Re,-0.005556,20.308853,0.000851,2.349268,0.051253,-1.124685,-0.125007,18.916852
EOSS-356,KC0D-2,2024-04-21 08:41:46.728,2024-04-21 08:41:45,81165.0,1064.0,3724.0,ascending,/144145h3913.49N/10324.29WO135/011/A=081165 53T258P EOSS Balloon,"KC0D-2>APZEOS,EOSS,WIDE2-1,qAO,N6BA-10:/144145h3913.49N/10324.29WO135/011/A=081165 53T258P EOSS Balloon",135.0,13.0,39.2248333333,-103.4048333333,278.45,2580.0,6.263e-05,0.03227862,1.667e-05,-1.667e-05,17.73333333,low Re,0.002222,20.297146,0.000857,2.350321,0.051135,-1.090835,0.026694,18.914223
EOSS-356,KC0D-2,2024-04-21 08:42:16.733,2024-04-21 08:42:15,81756.0,1182.0,3754.0,ascending,/144215h3913.47N/10324.24WO019/002/A=081756 54T250P EOSS Balloon,"KC0D-2>APZEOS,EOSS,WIDE2-1,qAO,N6BA-10:/144215h3913.47N/10324.24WO019/002/A=081756 54T250P EOSS Balloon",19.0,2.0,39.2245,-103.404,278.55,2500.0,6.067e-05,0.0312665,2.778e-05,-1.111e-05,19.7,low Re,0.065556,20.294444,0.001151,2.345317,0.051205,-0.25346,1.257787,18.882287
EOSS-356,AE0SS-2,2024-04-21 08:42:43.363,2024-04-21 08:42:41,82240.0,1193.0,3780.0,ascending,/144241h3913.48N/10324.22WO042/003/A=082240 -457T222P EOSS BALLOON,"AE0SS-2>APZEOS,EOSS,WIDE2-1,qAO,W9CN-9:/144241h3913.48N/10324.22WO042/003/A=082240 -457T222P EOSS BALLOON",42.0,3.0,39.2246666667,-103.4036666667,227.45,2220.0,6.598e-05,0.03400239,1.944e-05,-2.78e-06,19.88333333,low Re,0.003056,20.292593,0.00116,2.340168,0.051088,-0.174885,0.037112,18.830183
EOSS-356,KC0D-2,2024-04-21 08:42:46.961,2024-04-21 08:42:45,82364.0,1216.0,3784.0,ascending,/144245h3913.48N/10324.21WO105/009/A=082364 57T243P EOSS Balloon,"KC0D-2>APZEOS,EOSS,WIDE2-1,qAO,N6BA-10:/144245h3913.48N/10324.21WO105/009/A=082364 57T243P EOSS Balloon",105.0,10.0,39.2246666667,-103.4035,278.85,2430.0,5.89e-05,0.03035834,1.667e-05,5.56e-06,20.26666667,low Re,0.012778,20.292476,0.001212,2.334892,0.050979,-0.011054,0.226878,18.812749
EOSS-356,KC0D-2,2024-04-21 08:43:16.751,2024-04-21 08:43:15,82929.0,1130.0,3814.0,ascending,/144315h3913.48N/10324.10WO084/011/A=082929 58T237P EOSS Balloon,"KC0D-2>APZEOS,EOSS,WIDE2-1,qAO,N6BA-10:/144315h3913.48N/10324.10WO084/011/A=082929 58T237P EOSS Balloon",84.0,13.0,39.2246666667,-103.4016666667,278.95,2370.0,5.743e-05,0.02959814,6.111e-05,0.0,18.83333333,low Re,-0.047778,20.285962,0.000993,2.33169,0.050969,-0.622994,-0.956876,18.711116
EOSS-356,AE0SS-2,2024-04-21 08:43:43.547,2024-04-21 08:43:41,83351.0,1111.0,3840.0,ascending,/144341h3913.43N/10324.03WO140/005/A=083351 -416T215P EOSS BALLOON,"AE0SS-2>APZEOS,EOSS,WIDE2-1,qAO,W9CN-9:/144341h3913.43N/10324.03WO140/005/A=083351 -416T215P EOSS BALLOON",140.0,6.0,39.2238333333,-103.4005,231.55,2150.0,6.276e-05,0.03234716,5.278e-05,-1.389e-05,18.51666667,low Re,-0.005278,20.278099,0.000965,2.329467,0.050857,-0.756153,-0.122756,18.610976
EOSS-356,KC0D-2,2024-04-21 08:43:46.706,2024-04-21 08:43:45,83474.0,1090.0,3844.0,ascending,/144345h3913.44N/10324.04WO078/003/A=083474 62T231P EOSS Balloon,"KC0D-2>APZEOS,EOSS,WIDE2-1,qAO,N6BA-10:/144345h3913.44N/10324.04WO078/003/A=083474 62T231P EOSS Balloon",78.0,3.0,39.224,-103.4006666667,279.35,2310.0,5.59e-05,0.02880751,3.333e-05,-2.222e-05,18.16666667,low Re,-0.011667,20.268756,0.000909,2.328525,0.05075,-0.902756,-0.247803,18.577907
EOSS-356,KC0D-2,2024-04-21 08:44:16.778,2024-04-21 08:44:15,84022.0,1096.0,3874.0,ascending,/144415h3913.42N/10323.98WO066/009/A=084022 62T225P EOSS Balloon,"KC0D-2>APZEOS,EOSS,WIDE2-1,qAO,N6BA-10:/144415h3913.42N/10323.98WO066/009/A=084022 62T225P EOSS Balloon",66.0,10.0,39.2236666667,-103.3996666667,279.35,2250.0,5.444e-05,0.02805927,3.333e-05,-1.111e-05,18.26666667,low Re,0.003333,20.259936,0.000919,2.327164,0.050637,-0.856523,0.047673,18.410204
EOSS-356,AE0SS-2,2024-04-21 08:44:43.380,2024-04-21 08:44:41,84466.0,1115.0,3900.0,ascending,/144441h3913.44N/10323.90WO030/012/A=084466 -420T200P EOSS BALLOON,"AE0SS-2>APZEOS,EOSS,WIDE2-1,qAO,W9CN-9:/144441h3913.44N/10323.90WO030/012/A=084466 -420T200P EOSS BALLOON",30.0,14.0,39.224,-103.3983333333,231.15,2000.0,5.849e-05,0.03014245,3.611e-05,2.78e-06,18.58333333,low Re,0.005278,20.252583,0.000938,2.324686,0.050526,-0.718054,0.085896,18.25218
EOSS-356,KC0D-2,2024-04-21 08:44:46.727,2024-04-21 08:44:45,84588.0,1132.0,3904.0,ascending,/144445h3913.45N/10323.90WO081/006/A=084588 66T219P EOSS Balloon,"KC0D-2>APZEOS,EOSS,WIDE2-1,qAO,N6BA-10:/144445h3913.45N/10323.90WO081/006/A=084588 66T219P EOSS Balloon",81.0,7.0,39.2241666667,-103.3983333333,279.75,2190.0,5.292e-05,0.02727197,4.444e-05,1.667e-05,18.86666667,low Re,0.009444,20.246531,0.000976,2.32139,0.050418,-0.594413,0.167956,18.205802
EOSS-356,KC0D-2,2024-04-21 08:45:16.700,2024-04-21 08:45:15,85141.0,1106.0,3934.0,ascending,/144515h3913.49N/10323.80WO086/008/A=085141 67T213P EOSS Balloon,"KC0D-2>APZEOS,EOSS,WIDE2-1,qAO,N6BA-10:/144515h3913.49N/10323.80WO086/008/A=085141 67T213P EOSS Balloon",86.0,9.0,39.2248333333,-103.3966666667,279.85,2130.0,5.145e-05,0.02651531,5.556e-05,2.222e-05,18.43333333,low Re,-0.014444,20.238647,0.000908,2.319399,0.050317,-0.778354,-0.305106,17.983745
EOSS-356,AE0SS-2,2024-04-21 08:45:43.341,2024-04-21 08:45:41,85562.0,1096.0,3960.0,ascending,/144541h3913.53N/10323.68WO044/019/A=085562 -399T192P EOSS BALLOON,"AE0SS-2>APZEOS,EOSS,WIDE2-1,qAO,W9CN-9:/144541h3913.53N/10323.68WO044/019/A=085562 -399T192P EOSS BALLOON",44.0,22.0,39.2255,-103.3946666667,233.25,1920.0,5.564e-05,0.02867623,6.111e-05,2.5e-05,18.26666667,low Re,-0.002778,20.230111,0.000892,2.317986,0.050208,-0.847048,-0.073096,17.807732
EOSS-356,KC0D-2,2024-04-21 08:45:46.695,2024-04-21 08:45:45,85686.0,1090.0,3964.0,ascending,/144545h3913.55N/10323.66WO081/018/A=085686 70T208P EOSS Balloon,"KC0D-2>APZEOS,EOSS,WIDE2-1,qAO,N6BA-10:/144545h3913.55N/10323.66WO081/018/A=085686 70T208P EOSS Balloon",81.0,21.0,39.2258333333,-103.3943333333,280.15,2080.0,5.019e-05,0.02586516,7.778e-05,3.333e-05,18.16666667,low Re,-0.003333,20.221216,0.000874,2.316927,0.0501,-0.886756,-0.083972,17.755968
EOSS-356,AE0SS-2,2024-04-21 08:46:15.834,2024-04-21 08:46:11,86122.0,1120.0,3990.0,ascending,/144611h3913.57N/10323.50WO099/018/A=086122 -418T183P EOSS BALLOON,"AE0SS-2>APZEOS,EOSS,WIDE2-1,qAO,W9CN-9:/144611h3913.57N/10323.50WO099/018/A=086122 -418T183P EOSS BALLOON",99.0,21.0,39.2261666667,-103.3916666667,231.35,1830.0,5.347e-05,0.0275565,0.0001,2.222e-05,18.66666667,low Re,0.016667,20.214545,0.000942,2.31417,0.050002,-0.66887,0.314487,17.57923
EOSS-356,KC0D-2,2024-04-21 08:46:16.837,2024-04-21 08:46:15,86228.0,1084.0,3994.0,ascending,/144615h3913.57N/10323.48WO107/018/A=086228 71T202P EOSS Balloon,"KC0D-2>APZEOS,EOSS,WIDE2-1,qAO,N6BA-10:/144615h3913.57N/10323.48WO107/018/A=086228 71T202P EOSS Balloon",107.0,21.0,39.2261666667,-103.3913333333,280.25,2020.0,4.872e-05,0.02511009,0.0001,1.111e-05,18.06666667,low Re,-0.02,20.205366,0.000852,2.313464,0.049913,-0.924458,-0.417767,17.538426
EOSS-356,AE0SS-2,2024-04-21 08:46:43.330,2024-04-21 08:46:41,86602.0,960.0,4020.0,ascending,/144641h3913.54N/10323.32WO128/023/A=086602 -412T180P EOSS BALLOON,"AE0SS-2>APZEOS,EOSS,WIDE2-1,qAO,W9CN-9:/144641h3913.54N/10323.32WO128/023/A=086602 -412T180P EOSS BALLOON",128.0,26.0,39.2256666667,-103.3886666667,231.95,1800.0,5.246e-05,0.02703464,0.0001,-1.667e-05,16.0,low Re,-0.068889,20.18747,0.000554,2.324758,0.050014,-1.80125,-1.388471,17.405775
EOSS-356,KC0D-2,2024-04-21 08:46:46.756,2024-04-21 08:46:45,86709.0,962.0,4024.0,ascending,/144645h3913.53N/10323.30WO115/017/A=086709 75T198P EOSS Balloon,"KC0D-2>APZEOS,EOSS,WIDE2-1,qAO,N6BA-10:/144645h3913.53N/10323.30WO115/017/A=086709 75T198P EOSS Balloon",115.0,20.0,39.2255,-103.3883333333,280.65,1980.0,4.769e-05,0.02457778,0.0001,-2.222e-05,16.03333333,low Re,0.001111,20.169868,0.000557,2.335513,0.049907,-1.771146,0.011101,17.372015
EOSS-356,KC0D-2,2024-04-21 08:47:16.728,2024-04-21 08:47:15,87182.0,946.0,4054.0,ascending,/144715h3913.49N/10323.16WO100/015/A=087182 76T193P EOSS Balloon,"KC0D-2>APZEOS,EOSS,WIDE2-1,qAO,N6BA-10:/144715h3913.49N/10323.16WO100/015/A=087182 76T193P EOSS Balloon",100.0,17.0,39.2248333333,-103.386,280.75,1930.0,4.647e-05,0.02394859,7.778e-05,-2.222e-05,15.76666667,low Re,-0.008889,20.151289,0.000517,2.348045,0.049804,-1.86735,-0.18886,17.254384
EOSS-356,AE0SS-2,2024-04-21 08:47:43.328,2024-04-21 08:47:41,87551.0,949.0,4080.0,ascending,/144741h3913.43N/10323.06WO146/008/A=087551 -393T172P EOSS BALLOON,"AE0SS-2>APZEOS,EOSS,WIDE2-1,qAO,W9CN-9:/144741h3913.43N/10323.06WO146/008/A=087551 -393T172P EOSS BALLOON",146.0,9.0,39.2238333333,-103.3843333333,233.85,1720.0,4.972e-05,0.02562321,7.222e-05,-3.056e-05,15.81666667,low Re,0.000833,20.133077,0.000518,2.359872,0.049699,-1.829087,0.006338,17.210483
EOSS-356,KC0D-2,2024-04-21 08:47:46.679,2024-04-21 08:47:45,87659.0,954.0,4084.0,ascending,/144745h3913.43N/10323.06WO110/011/A=087659 79T189P EOSS Balloon,"KC0D-2>APZEOS,EOSS,WIDE2-1,qAO,N6BA-10:/144745h3913.43N/10323.06WO110/011/A=087659 79T189P EOSS Balloon",110.0,13.0,39.2238333333,-103.3843333333,281.05,1890.0,4.546e-05,0.02342722,5.556e-05,-3.333e-05,15.9,low Re,0.002778,20.115365,0.000527,2.370775,0.049594,-1.778054,0.045389,17.207803
EOSS-356,AE0SS-2,2024-04-21 08:48:16.868,2024-04-21 08:48:11,88062.0,1022.0,4110.0,ascending,/144811h3913.38N/10322.98WO148/007/A=088062 -384T163P EOSS BALLOON,"AE0SS-2>APZEOS,EOSS,WIDE2-1,qAO,N6BA-10:/144811h3913.38N/10322.98WO148/007/A=088062 -384T163P EOSS BALLOON",148.0,8.0,39.223,-103.383,234.75,1630.0,4.694e-05,0.02418936,4.444e-05,-2.778e-05,17.03333333,low Re,0.037778,20.102523,0.000683,2.37416,0.049548,-1.292748,0.748668,17.247898
EOSS-356,KC0D-2,2024-04-21 08:48:16.730,2024-04-21 08:48:15,88180.0,1042.0,4114.0,ascending,/144815h3913.39N/10322.98WO059/009/A=088180 80T184P EOSS Balloon,"KC0D-2>APZEOS,EOSS,WIDE2-1,qAO,N6BA-10:/144815h3913.39N/10322.98WO059/009/A=088180 80T184P EOSS Balloon",59.0,10.0,39.2231666667,-103.383,281.15,1840.0,4.424e-05,0.02279934,4.444e-05,-2.222e-05,17.36666667,low Re,0.011111,20.091171,0.000727,2.375754,0.049449,-1.146796,0.209994,17.276802
EOSS-356,AE0SS-2,2024-04-21 08:48:44.360,2024-04-21 08:48:41,88616.0,1108.0,4140.0,ascending,/144841h3913.37N/10322.92WO131/007/A=088616 -382T158P EOSS BALLOON,"AE0SS-2>APZEOS,EOSS,WIDE2-1,qAO,W9CN-9:/144841h3913.37N/10322.92WO131/007/A=088616 -382T158P EOSS BALLOON",131.0,8.0,39.2228333333,-103.382,234.95,1580.0,4.546e-05,0.0234274,3.333e-05,-5.56e-06,18.46666667,low Re,0.036667,20.084458,0.000876,2.373119,0.0494,-0.681715,0.724514,17.465585
EOSS-356,KC0D-2,2024-04-21 08:48:46.814,2024-04-21 08:48:45,88724.0,1088.0,4144.0,ascending,/144845h3913.37N/10322.91WO073/008/A=088724 84T180P EOSS Balloon,"KC0D-2>APZEOS,EOSS,WIDE2-1,qAO,N6BA-10:/144845h3913.37N/10322.91WO073/008/A=088724 84T180P EOSS Balloon",73.0,9.0,39.2228333333,-103.3818333333,281.55,1800.0,4.321e-05,0.02227201,3.889e-05,-1.111e-05,18.13333333,low Re,-0.011111,20.076429,0.000826,2.371516,0.049304,-0.819347,-0.24211,17.534972
EOSS-356,AE0SS-2,2024-04-21 08:49:17.883,2024-04-21 08:49:11,89186.0,1140.0,4170.0,ascending,/144911h3913.37N/10322.84WO106/008/A=089186 -386T156P EOSS BALLOON,"AE0SS-2>APZEOS,EOSS,WIDE2-1,qAO,N6BA-10:/144911h3913.37N/10322.84WO106/008/A=089186 -386T156P EOSS BALLOON",106.0,9.0,39.2228333333,-103.3806666667,234.55,1560.0,4.496e-05,0.0231703,4.444e-05,0.0,19.0,low Re,0.028889,20.072017,0.000942,2.367634,0.049235,-0.45278,0.567625,17.953261
EOSS-356,KC0D-2,2024-04-21 08:49:16.764,2024-04-21 08:49:15,89310.0,1172.0,4174.0,ascending,/144915h3913.38N/10322.82WO077/014/A=089310 85T175P EOSS Balloon,"KC0D-2>APZEOS,EOSS,WIDE2-1,qAO,N6BA-10:/144915h3913.38N/10322.82WO077/014/A=089310 85T175P EOSS Balloon",77.0,16.0,39.223,-103.3803333333,281.65,1750.0,4.2e-05,0.02164566,5e-05,5.56e-06,19.53333333,low Re,0.017778,20.069819,0.001011,2.363028,0.049145,-0.227033,0.341174,18.103226
EOSS-356,AE0SS-2,2024-04-21 08:49:43.453,2024-04-21 08:49:41,89774.0,1176.0,4200.0,ascending,/144941h3913.34N/10322.73WO136/008/A=089774 -385T152P EOSS BALLOON,"AE0SS-2>APZEOS,EOSS,WIDE2-1,qAO,N6BA-10:/144941h3913.34N/10322.73WO136/008/A=089774 -385T152P EOSS BALLOON",136.0,9.0,39.2223333333,-103.3788333333,234.65,1520.0,4.379e-05,0.02256657,6.111e-05,-1.667e-05,19.6,low Re,0.002222,20.067909,0.001016,2.358391,0.049044,-0.198402,0.02459,18.831892
EOSS-356,KC0D-2,2024-04-21 08:49:46.818,2024-04-21 08:49:45,89891.0,1162.0,4204.0,ascending,/144945h3913.35N/10322.71WO085/015/A=089891 89T170P EOSS Balloon,"KC0D-2>APZEOS,EOSS,WIDE2-1,qAO,N6BA-10:/144945h3913.35N/10322.71WO085/015/A=089891 89T170P EOSS Balloon",85.0,17.0,39.2225,-103.3785,282.05,1700.0,4.074e-05,0.02099739,6.111e-05,-1.667e-05,19.36666667,low Re,-0.007778,20.06507,0.00098,2.354015,0.048947,-0.296686,-0.178928,19.062098
EOSS-356,AE0SS-2,2024-04-21 08:50:16.024,2024-04-21 08:50:11,90359.0,1170.0,4230.0,ascending,/145011h3913.31N/10322.58WO113/014/A=090359 -386T143P EOSS BALLOON,"AE0SS-2>APZEOS,EOSS,WIDE2-1,qAO,N6BA-10:/145011h3913.31N/10322.58WO113/014/A=090359 -386T143P EOSS BALLOON",113.0,16.0,39.2218333333,-103.3763333333,234.55,1430.0,4.121e-05,0.02123944,8.333e-05,-1.667e-05,19.5,low Re,0.004444,20.062791,0.000994,2.349519,0.048848,-0.239535,0.070627,20.200939
EOSS-356,KC0D-2,2024-04-21 08:50:16.711,2024-04-21 08:50:15,90473.0,1164.0,4234.0,ascending,/145015h3913.31N/10322.56WO104/020/A=090473 90T166P EOSS Balloon,"KC0D-2>APZEOS,EOSS,WIDE2-1,qAO,N6BA-10:/145015h3913.31N/10322.56WO104/020/A=090473 90T166P EOSS Balloon",104.0,23.0,39.2218333333,-103.376,282.15,1660.0,3.977e-05,0.02049606,8.333e-05,-2.222e-05,19.4,low Re,-0.003333,20.060129,0.000977,2.345154,0.04875,-0.281486,-0.08841,20.536582
EOSS-356,KC0D-2,2024-04-21 08:50:46.702,2024-04-21 08:50:45,88389.0,-4168.0,0.0,descending,/145045h3913.29N/10322.40WO119/018/A=088389 94T182P EOSS Balloon,"KC0D-2>APZEOS,EOSS,WIDE2-1,qAO,N6BA-10:/145045h3913.29N/10322.40WO119/018/A=088389 94T182P EOSS Balloon",119.0,21.0,39.2215,-103.3733333333,282.55,1820.0,4.354e-05,0.02243978,8.889e-05,-1.111e-05,-69.46666667,n/a,,-69.466667,,,,,,-69.444439
EOSS-356,KC0D-2,2024-04-21 08:51:16.741,2024-04-21 08:51:15,85246.0,-6286.0,30.0,descending,/145115h3913.23N/10322.29WO105/017/A=085246 98T213P EOSS Balloon,"KC0D-2>APZEOS,EOSS,WIDE2-1,qAO,N6BA-10:/145115h3913.23N/10322.29WO105/017/A=085246 98T213P EOSS Balloon",105.0,20.0,39.2205,-103.3715,282.95,2130.0,5.088e-05,0.02622481,6.111e-05,-3.333e-05,-104.76666667,n/a,-1.176667,-87.116667,-1.176667,24.960869,,-0.707107,,-105.114161
EOSS-356,KC0D-2,2024-04-21 08:51:46.716,2024-04-21 08:51:45,82271.0,-5950.0,60.0,descending,/145145h3913.25N/10322.20WO090/016/A=082271 102T246P EOSS Balloon,"KC0D-2>APZEOS,EOSS,WIDE2-1,qAO,N6BA-10:/145145h3913.25N/10322.20WO090/016/A=082271 102T246P EOSS Balloon",90.0,18.0,39.2208333333,-103.37,283.35,2460.0,5.869e-05,0.03024505,5e-05,1.111e-05,-99.16666667,n/a,0.186667,-91.133333,-0.495,18.971646,0.964023,-0.423439,0.707107,-97.229586
EOSS-356,AE0SS-2,2024-04-21 08:52:15.928,2024-04-21 08:52:11,79805.0,-5277.0,86.0,descending,/145211h3913.23N/10322.15WO176/022/A=079805 -481T259P EOSS BALLOON,"AE0SS-2>APZEOS,EOSS,WIDE2-1,qAO,N6BA-10:/145211h3913.23N/10322.15WO176/022/A=079805 -481T259P EOSS BALLOON",176.0,25.0,39.2205,-103.3691666667,225.05,2590.0,7.779e-05,0.04009251,5.972e-05,-1.111e-05,-87.95,n/a,0.093472,-90.3375,-0.298843,15.571843,0.761645,0.153322,0.515089,-92.559097
EOSS-356,KC0D-2,2024-04-21 08:52:16.749,2024-04-21 08:52:15,79471.0,-5600.0,90.0,descending,/145215h3913.24N/10322.14WO029/004/A=079471 102T282P EOSS Balloon,"KC0D-2>APZEOS,EOSS,WIDE2-1,qAO,N6BA-10:/145215h3913.24N/10322.14WO029/004/A=079471 102T282P EOSS Balloon",29.0,5.0,39.2206666667,-103.369,283.35,2820.0,6.727e-05,0.03467116,3.333e-05,-5.56e-06,-93.33333333,n/a,-0.179444,-90.936667,-0.268993,13.552001,0.624739,-0.17685,0.143338,-92.070492
EOSS-356,AE0SS-2,2024-04-21 08:52:44.891,2024-04-21 08:52:41,77129.0,-5352.0,116.0,descending,/145241h3913.19N/10322.09WO242/014/A=077129 -492T292P EOSS BALLOON,"AE0SS-2>APZEOS,EOSS,WIDE2-1,qAO,W9CN-9:/145241h3913.19N/10322.09WO242/014/A=077129 -492T292P EOSS BALLOON",242.0,16.0,39.2198333333,-103.3681666667,223.95,2920.0,8.813e-05,0.04542283,3.333e-05,-2.222e-05,-89.2,n/a,0.137778,-90.647222,-0.187639,12.141995,0.570804,0.119191,0.570103,-88.510923
EOSS-356,KC0D-2,2024-04-21 08:52:46.695,2024-04-21 08:52:45,76806.0,-5330.0,120.0,descending,/145245h3913.17N/10322.08WO127/020/A=076806 105T320P EOSS Balloon,"KC0D-2>APZEOS,EOSS,WIDE2-1,qAO,N6BA-10:/145245h3913.17N/10322.08WO127/020/A=076806 105T320P EOSS Balloon",127.0,23.0,39.2195,-103.368,283.65,3200.0,7.626e-05,0.03930155,3.333e-05,-3.889e-05,-88.83333333,n/a,0.012222,-90.388095,-0.154329,11.105257,0.517021,0.140002,0.322136,-87.943984
EOSS-356,KC0D-2,2024-04-21 08:53:17.051,2024-04-21 08:53:15,74273.0,-5066.0,150.0,descending,/145315h3913.12N/10321.95WO130/011/A=074273 104T362P EOSS Balloon,"KC0D-2>APZEOS,EOSS,WIDE2-1,qAO,N6BA-10:/145315h3913.12N/10321.95WO130/011/A=074273 104T362P EOSS Balloon",130.0,13.0,39.2186666667,-103.3658333333,283.55,3620.0,8.63e-05,0.04447555,7.222e-05,-2.778e-05,-84.43333333,n/a,0.146667,-89.64375,-0.111329,10.49481,0.485491,0.496476,0.531413,-82.649873
EOSS-356,KC0D-2,2024-04-21 08:53:46.744,2024-04-21 08:53:45,71934.0,-4678.0,180.0,descending,/145345h3913.09N/10321.78WO046/016/A=071934 105T406P EOSS Balloon,"KC0D-2>APZEOS,EOSS,WIDE2-1,qAO,N6BA-10:/145345h3913.09N/10321.78WO046/016/A=071934 105T406P EOSS Balloon",46.0,18.0,39.2181666667,-103.363,283.65,4060.0,9.675e-05,0.04986384,9.444e-05,-1.667e-05,-77.96666667,n/a,0.215556,-88.346296,-0.070469,10.560486,0.464098,0.982874,0.616303,-77.019113
EOSS-356,KC0D-2,2024-04-21 08:54:16.805,2024-04-21 08:54:15,69886.0,-4096.0,210.0,descending,/145415h3912.97N/10321.64WO140/027/A=069886 103T448P EOSS Balloon,"KC0D-2>APZEOS,EOSS,WIDE2-1,qAO,N6BA-10:/145415h3912.97N/10321.64WO140/027/A=069886 103T448P EOSS Balloon",140.0,31.0,39.2161666667,-103.3606666667,283.45,4480.0,0.00010684,0.05506099,7.778e-05,-6.667e-05,-68.26666667,n/a,0.323333,-86.338333,-0.026713,11.808958,0.453536,1.530335,0.771815,-72.360959
EOSS-356,KC0D-2,2024-04-21 08:54:46.714,2024-04-21 08:54:45,67887.0,-3998.0,240.0,descending,/145445h3912.78N/10321.43WO146/022/A=067887 104T494P EOSS Balloon,"KC0D-2>APZEOS,EOSS,WIDE2-1,qAO,N6BA-10:/145445h3912.78N/10321.43WO146/022/A=067887 104T494P EOSS Balloon",146.0,25.0,39.213,-103.3571666667,283.55,4940.0,0.00011776,0.06069316,0.00011667,-0.00010556,-66.63333333,n/a,0.054444,-84.54697,-0.018597,12.680897,0.428367,1.412647,0.17051,-68.514407
EOSS-356,KC0D-2,2024-04-21 08:55:16.726,2024-04-21 08:55:15,65928.0,-3918.0,270.0,descending,/145515h3912.66N/10321.18WO110/017/A=065928 101T545P EOSS Balloon,"KC0D-2>APZEOS,EOSS,WIDE2-1,qAO,N6BA-10:/145515h3912.66N/10321.18WO110/017/A=065928 101T545P EOSS Balloon",110.0,20.0,39.211,-103.353,283.25,5450.0,0.00013006,0.06702997,0.00013889,-6.667e-05,-65.3,n/a,0.044444,-82.943056,-0.012866,13.306276,0.406829,1.32592,0.14087,-65.42187
EOSS-356,AE0SS-2,2024-04-21 08:55:43.351,2024-04-21 08:55:41,64307.0,-4274.0,296.0,descending,/145541h3912.72N/10320.96WO091/036/A=064307 -549T575P EOSS BALLOON,"AE0SS-2>APZEOS,EOSS,WIDE2-1,qAO,W9CN-9:/145541h3912.72N/10320.96WO091/036/A=064307 -549T575P EOSS BALLOON",91.0,41.0,39.212,-103.3493333333,218.25,5750.0,0.00017809,0.09178169,0.00010463,-4.352e-05,-71.23333333,n/a,-0.032963,-82.042308,-0.014541,13.147234,0.38794,0.822148,-0.047487,-63.170215
EOSS-356,KC0D-2,2024-04-21 08:55:46.758,2024-04-21 08:55:45,64090.0,-3676.0,300.0,descending,/145545h3912.73N/10320.94WO039/022/A=064090 101T597P EOSS Balloon,"KC0D-2>APZEOS,EOSS,WIDE2-1,qAO,N6BA-10:/145545h3912.73N/10320.94WO039/022/A=064090 101T597P EOSS Balloon",39.0,25.0,39.2121666667,-103.349,283.25,5970.0,0.00014247,0.07342549,0.00013333,3.889e-05,-61.26666667,n/a,0.332222,-80.558333,0.012133,13.797976,0.383673,1.398152,0.834276,-62.876891
EOSS-356,AE0SS-2,2024-04-21 08:56:19.801,2024-04-21 08:56:11,62485.0,-3644.0,326.0,descending,/145611h3912.76N/10320.76WO096/019/A=062485 -534T623P EOSS BALLOON,"AE0SS-2>APZEOS,EOSS,AE0SS-3*,qAO,W9CN-9:/145611h3912.76N/10320.76WO096/019/A=062485 -534T623P EOSS BALLOON",96.0,22.0,39.2126666667,-103.346,219.75,6230.0,0.00019164,0.09876467,0.00011111,2.222e-05,-60.73333333,n/a,0.017778,-79.236667,0.012536,14.247361,0.368624,1.29872,0.01422,-60.680423
EOSS-356,KC0D-2,2024-04-21 08:56:16.757,2024-04-21 08:56:15,62290.0,-3600.0,330.0,descending,/145615h3912.75N/10320.72WO138/038/A=062290 98T651P EOSS Balloon,"KC0D-2>APZEOS,EOSS,WIDE2-1,qAO,N6BA-10:/145615h3912.75N/10320.72WO138/038/A=062290 98T651P EOSS Balloon",138.0,44.0,39.2125,-103.3453333333,282.95,6510.0,0.00015552,0.08015188,0.00012222,1.111e-05,-60.0,n/a,0.024444,-78.034375,0.01333,14.580223,0.355229,1.236907,0.031287,-60.404996
EOSS-356,KC0D-2,2024-04-21 08:56:46.726,2024-04-21 08:56:45,60600.0,-3380.0,360.0,descending,/145645h3912.57N/10320.41WO129/032/A=060600 97T708P EOSS Balloon,"KC0D-2>APZEOS,EOSS,WIDE2-1,qAO,N6BA-10:/145645h3912.57N/10320.41WO129/032/A=060600 97T708P EOSS Balloon",129.0,37.0,39.2095,-103.3401666667,282.85,7080.0,0.0001692,0.08720061,0.00017222,-0.0001,-56.33333333,n/a,0.122222,-76.757843,0.020136,15.066471,0.344262,1.355627,0.296536,-57.876434
EOSS-356,AE0SS-2,2024-04-21 08:57:15.897,2024-04-21 08:57:11,59123.0,-3362.0,386.0,descending,/145711h3912.40N/10320.08WO087/035/A=059123 -561T751P EOSS BALLOON,"AE0SS-2>APZEOS,EOSS,WIDE2-1,qAO,W9CN-9:/145711h3912.40N/10320.08WO087/035/A=059123 -561T751P EOSS BALLOON",87.0,40.0,39.2066666667,-103.3346666667,217.05,7510.0,0.00023388,0.12053762,0.00018889,-0.0001,-56.03333333,n/a,0.005,-75.606481,0.019246,15.411265,0.33335,1.270055,-0.042736,-55.414959
EOSS-356,KC0D-2,2024-04-21 08:57:17.124,2024-04-21 08:57:15,58936.0,-3328.0,390.0,descending,/145715h3912.39N/10320.01WO122/056/A=058936 93T768P EOSS Balloon,"KC0D-2>APZEOS,EOSS,WIDE2-1,qAO,N6BA-10:/145715h3912.39N/10320.01WO122/056/A=058936 93T768P EOSS Balloon",122.0,64.0,39.2065,-103.3335,282.45,7680.0,0.0001838,0.09472445,0.00022222,-0.0001,-55.46666667,n/a,0.018889,-74.546491,0.019226,15.673553,0.323397,1.217326,-0.001042,-55.086038
EOSS-356,AE0SS-2,2024-04-21 08:57:43.403,2024-04-21 08:57:41,57605.0,-3036.0,416.0,descending,/145741h3912.26N/10319.65WO087/036/A=057605 -561T792P EOSS BALLOON,"AE0SS-2>APZEOS,EOSS,WIDE2-1,qAO,W9CN-9:/145741h3912.26N/10319.65WO087/036/A=057605 -561T792P EOSS BALLOON",87.0,41.0,39.2043333333,-103.3275,217.05,7920.0,0.00024665,0.12711823,0.00023889,-7.778e-05,-50.6,n/a,0.162222,-73.349167,0.026752,16.167947,0.315993,1.407054,0.428712,-52.64685
EOSS-356,KC0D-2,2024-04-21 08:57:46.732,2024-04-21 08:57:45,57440.0,-2992.0,420.0,descending,/145745h3912.24N/10319.59WO120/051/A=057440 92T826P EOSS Balloon,"KC0D-2>APZEOS,EOSS,WIDE2-1,qAO,N6BA-10:/145745h3912.24N/10319.59WO120/051/A=057440 92T826P EOSS Balloon",120.0,59.0,39.204,-103.3265,282.35,8260.0,0.00019775,0.1019142,0.00023333,-8.333e-05,-49.86666667,n/a,0.024444,-72.230952,0.026637,16.570783,0.307565,1.349622,-0.00713,-52.334166
EOSS-356,AE0SS-2,2024-04-21 08:58:15.911,2024-04-21 08:58:11,56105.0,-3000.0,446.0,descending,/145811h3912.11N/10319.24WO140/058/A=056105 -569T857P EOSS BALLOON,"AE0SS-2>APZEOS,EOSS,WIDE2-1,qAO,W9CN-9:/145811h3912.11N/10319.24WO140/058/A=056105 -569T857P EOSS BALLOON",140.0,67.0,39.2018333333,-103.3206666667,216.25,8570.0,0.00026788,0.13805977,0.00022778,-8.333e-05,-50.0,n/a,-0.004444,-71.220455,0.025156,16.851689,0.299854,1.259248,-0.098715,-49.750692
EOSS-356,KC0D-2,2024-04-21 08:58:16.730,2024-04-21 08:58:15,55936.0,-3008.0,450.0,descending,/145815h3912.08N/10319.20WO122/037/A=055936 88T890P EOSS Balloon,"KC0D-2>APZEOS,EOSS,WIDE2-1,qAO,N6BA-10:/145815h3912.08N/10319.20WO122/037/A=055936 88T890P EOSS Balloon",122.0,43.0,39.2013333333,-103.32,281.95,8900.0,0.00021337,0.10996649,0.00021667,-8.889e-05,-50.13333333,n/a,-0.004444,-70.303623,0.023811,17.041262,0.292696,1.183615,-0.096534,-49.419508
EOSS-356,KC0D-2,2024-04-21 08:58:46.762,2024-04-21 08:58:45,54532.0,-2808.0,480.0,descending,/145845h3911.87N/10318.82WO119/039/A=054532 87T953P EOSS Balloon,"KC0D-2>APZEOS,EOSS,WIDE2-1,qAO,N6BA-10:/145845h3911.87N/10318.82WO119/039/A=054532 87T953P EOSS Balloon",119.0,45.0,39.1978333333,-103.3136666667,281.85,9530.0,0.00022856,0.11779241,0.00021111,-0.00011667,-46.8,n/a,0.111111,-69.324306,0.027607,17.343466,0.286545,1.29872,0.291417,-46.676037
EOSS-356,AE0SS-2,2024-04-21 08:59:17.930,2024-04-21 08:59:11,53320.0,-2785.0,506.0,descending,/145911h3911.74N/10318.40WO107/047/A=053320 -542T988P EOSS BALLOON,"AE0SS-2>APZEOS,EOSS,WIDE2-1,qAO,N6BA-10:/145911h3911.74N/10318.40WO107/047/A=053320 -542T988P EOSS BALLOON",107.0,54.0,39.1956666667,-103.3066666667,218.95,9880.0,0.00030502,0.15720069,0.00023333,-0.00010278,-46.41666667,n/a,0.006389,-68.408,0.026723,17.585592,0.28028,1.250531,-0.072549,-44.380715
EOSS-356,KC0D-2,2024-04-21 08:59:16.756,2024-04-21 08:59:15,53195.0,-2674.0,510.0,descending,/145915h3911.74N/10318.35WO094/039/A=053195 83T1018P EOSS Balloon,"KC0D-2>APZEOS,EOSS,WIDE2-1,qAO,N6BA-10:/145915h3911.74N/10318.35WO094/039/A=053195 83T1018P EOSS Balloon",94.0,45.0,39.1956666667,-103.3058333333,281.45,10180.0,0.00024449,0.12600535,0.00026111,-7.222e-05,-44.56666667,n/a,0.061667,-67.491026,0.02812,17.853426,0.274468,1.284031,0.122226,-44.150893
EOSS-356,AE0SS-2,2024-04-21 08:59:43.436,2024-04-21 08:59:41,52078.0,-2484.0,536.0,descending,/145941h3911.62N/10317.99WO116/052/A=052078 -536T1053P EOSS BALLOON,"AE0SS-2>APZEOS,EOSS,WIDE2-1,qAO,W9CN-9:/145941h3911.62N/10317.99WO116/052/A=052078 -536T1053P EOSS BALLOON",116.0,60.0,39.1936666667,-103.2998333333,219.55,10530.0,0.0003242,0.16708497,0.00022778,-6.667e-05,-41.4,n/a,0.105556,-66.524691,0.031099,18.21258,0.269351,1.379524,0.276431,-42.174369
EOSS-356,KC0D-2,2024-04-21 08:59:46.736,2024-04-21 08:59:45,51969.0,-2452.0,540.0,descending,/145945h3911.60N/10317.94WO127/049/A=051969 81T1081P EOSS Balloon,"KC0D-2>APZEOS,EOSS,WIDE2-1,qAO,N6BA-10:/145945h3911.60N/10317.94WO127/049/A=051969 81T1081P EOSS Balloon",127.0,56.0,39.1933333333,-103.299,281.25,10810.0,0.00025981,0.13389847,0.00022778,-7.778e-05,-40.86666667,n/a,0.017778,-65.608333,0.030605,18.518231,0.264133,1.336071,-0.048563,-41.98983
EOSS-356,KC0D-2,2024-04-21 09:00:16.794,2024-04-21 09:00:15,50777.0,-2384.0,570.0,descending,/150015h3911.39N/10317.53WO125/047/A=050777 77T1144P EOSS Balloon,"KC0D-2>APZEOS,EOSS,WIDE2-1,qAO,N6BA-10:/150015h3911.39N/10317.53WO125/047/A=050777 77T1144P EOSS Balloon",125.0,54.0,39.1898333333,-103.2921666667,280.85,11440.0,0.00027534,0.14190381,0.00022778,-0.00011667,-39.73333333,n/a,0.037778,-64.716092,0.030861,18.808623,0.259199,1.328261,0.026686,-40.08347
EOSS-356,KC0D-2,2024-04-21 09:00:46.815,2024-04-21 09:00:45,49611.0,-2332.0,600.0,descending,/150045h3911.25N/10317.00WO104/064/A=049611 75T1210P EOSS Balloon,"KC0D-2>APZEOS,EOSS,WIDE2-1,qAO,N6BA-10:/150045h3911.25N/10317.00WO104/064/A=049611 75T1210P EOSS Balloon",104.0,74.0,39.1875,-103.2833333333,280.65,12100.0,0.00029143,0.15019752,0.00029444,-7.778e-05,-38.86666667,n/a,0.028889,-63.854444,0.030793,19.074555,0.254529,1.310006,-0.00748,-38.433045
EOSS-356,KC0D-2,2024-04-21 09:01:16.759,2024-04-21 09:01:15,48521.0,-2180.0,630.0,descending,/150115h3911.13N/10316.45WO086/043/A=048521 71T1275P EOSS Balloon,"KC0D-2>APZEOS,EOSS,WIDE2-1,qAO,N6BA-10:/150115h3911.13N/10316.45WO086/043/A=048521 71T1275P EOSS Balloon",86.0,49.0,39.1855,-103.2741666667,280.25,12750.0,0.00030753,0.15849188,0.00030556,-6.667e-05,-36.33333333,n/a,0.084444,-62.966667,0.032582,19.394415,0.250293,1.373248,0.207205,-37.088043
EOSS-356,AE0SS-2,2024-04-21 09:01:43.478,2024-04-21 09:01:41,47490.0,-2294.0,656.0,descending,/150141h3911.05N/10316.03WO116/029/A=047490 -511T1321P EOSS BALLOON,"AE0SS-2>APZEOS,EOSS,WIDE2-1,qAO,N6BA-10:/150141h3911.05N/10316.03WO116/029/A=047490 -511T1321P EOSS BALLOON",116.0,33.0,39.1841666667,-103.2671666667,222.05,13210.0,0.00040213,0.20724998,0.00027222,-7.917e-05,-38.23333333,n/a,-0.015833,-62.19375,0.03102,19.573617,0.24624,1.224118,-0.190274,-35.982121
EOSS-356,KC0D-2,2024-04-21 09:01:46.766,2024-04-21 09:01:45,47388.0,-2266.0,660.0,descending,/150145h3911.05N/10315.98WO100/042/A=047388 69T1346P EOSS Balloon,"KC0D-2>APZEOS,EOSS,WIDE2-1,qAO,N6BA-10:/150145h3911.05N/10315.98WO100/042/A=047388 69T1346P EOSS Balloon",100.0,48.0,39.1841666667,-103.2663333333,280.05,13460.0,0.00032488,0.16743719,0.00026111,-4.444e-05,-37.76666667,n/a,0.015556,-61.453535,0.030537,19.729041,0.242251,1.200609,-0.061841,-35.880783
EOSS-356,KC0D-2,2024-04-21 09:02:16.725,2024-04-21 09:02:15,46339.0,-2098.0,690.0,descending,/150215h3910.90N/10315.53WO110/050/A=046339 65T1414P EOSS Balloon,"KC0D-2>APZEOS,EOSS,WIDE2-1,qAO,N6BA-10:/150215h3910.90N/10315.53WO110/050/A=046339 65T1414P EOSS Balloon",110.0,58.0,39.1816666667,-103.2588333333,279.65,14140.0,0.00034178,0.17614772,0.00025,-8.333e-05,-34.96666667,n/a,0.093333,-60.67451,0.03244,19.951792,0.238686,1.288498,0.255118,-34.912621
EOSS-356,AE0SS-2,2024-04-21 09:02:43.470,2024-04-21 09:02:41,45415.0,-2075.0,716.0,descending,/150241h3910.70N/10315.13WO110/063/A=045415 -499T1462P EOSS BALLOON,"AE0SS-2>APZEOS,EOSS,WIDE2-1,qAO,N6BA-10:/150241h3910.70N/10315.13WO110/063/A=045415 -499T1462P EOSS BALLOON",110.0,72.0,39.1783333333,-103.2521666667,223.25,14620.0,0.00044266,0.22813838,0.00025,-9.722e-05,-34.58333333,n/a,0.006389,-59.929048,0.031674,20.144873,0.235085,1.258172,-0.107557,-34.153636
EOSS-356,KC0D-2,2024-04-21 09:02:46.684,2024-04-21 09:02:45,45334.0,-2010.0,720.0,descending,/150245h3910.67N/10315.06WO119/064/A=045334 63T1484P EOSS Balloon,"KC0D-2>APZEOS,EOSS,WIDE2-1,qAO,N6BA-10:/150245h3910.67N/10315.06WO119/064/A=045334 63T1484P EOSS Balloon",119.0,74.0,39.1778333333,-103.251,279.45,14840.0,0.00035896,0.18500022,0.00026111,-0.00012778,-33.5,n/a,0.036111,-59.194907,0.0318,20.337743,0.231603,1.26341,0.018614,-34.09043
EOSS-356,AE0SS-2,2024-04-21 09:03:16.242,2024-04-21 09:03:11,44453.0,-1924.0,746.0,descending,/150311h3910.41N/10314.64WO124/045/A=044453 -502T1534P EOSS BALLOON,"AE0SS-2>APZEOS,EOSS,WIDE2-1,qAO,W9CN-9:/150311h3910.41N/10314.64WO124/045/A=044453 -502T1534P EOSS BALLOON",124.0,52.0,39.1735,-103.244,222.95,15340.0,0.00046509,0.23969575,0.00027222,-0.00016111,-32.06666667,n/a,0.047778,-58.461712,0.032244,20.543236,0.228286,1.284853,0.068046,-33.428876
EOSS-356,KC0D-2,2024-04-21 09:03:16.687,2024-04-21 09:03:15,44370.0,-1928.0,750.0,descending,/150315h3910.39N/10314.57WO111/057/A=044370 59T1554P EOSS Balloon,"KC0D-2>APZEOS,EOSS,WIDE2-1,qAO,N6BA-10:/150315h3910.39N/10314.57WO111/057/A=044370 59T1554P EOSS Balloon",111.0,66.0,39.1731666667,-103.2428333333,279.05,15540.0,0.00037643,0.19400434,0.00027222,-0.00015556,-32.13333333,n/a,-0.002222,-57.76886,0.031313,20.708939,0.225164,1.237897,-0.148936,-33.368535
EOSS-356,AE0SS-2,2024-04-21 09:03:45.419,2024-04-21 09:03:41,43488.0,-1930.0,776.0,descending,/150341h3910.16N/10313.99WO119/065/A=043488 -509T1602P EOSS BALLOON,"AE0SS-2>APZEOS,EOSS*,AE0SS-3*,qAO,N6BA-10:/150341h3910.16N/10313.99WO119/065/A=043488 -509T1602P EOSS BALLOON",119.0,75.0,39.1693333333,-103.2331666667,222.25,16020.0,0.00048723,0.25110953,0.00036111,-0.00013889,-32.16666667,n/a,-0.001111,-57.112393,0.030459,20.841817,0.222163,1.196907,-0.142103,-32.739935
EOSS-356,KC0D-2,2024-04-21 09:03:46.759,2024-04-21 09:03:45,43408.0,-1924.0,780.0,descending,/150345h3910.13N/10313.92WO122/063/A=043408 57T1627P EOSS Balloon,"KC0D-2>APZEOS,EOSS,WIDE2-1,qAO,N6BA-10:/150345h3910.13N/10313.92WO122/063/A=043408 57T1627P EOSS Balloon",122.0,72.0,39.1688333333,-103.232,278.85,16270.0,0.0003944,0.20326348,0.00036111,-0.00014444,-32.06666667,n/a,0.003333,-56.48625,0.029764,20.950551,0.219263,1.165582,-0.120545,-32.68364
EOSS-356,KC0D-2,2024-04-21 09:04:16.772,2024-04-21 09:04:15,42432.0,-1952.0,810.0,descending,/150415h3909.90N/10313.41WO134/050/A=042432 53T1706P EOSS Balloon,"KC0D-2>APZEOS,EOSS,WIDE2-1,qAO,N6BA-10:/150415h3909.90N/10313.41WO134/050/A=042432 53T1706P EOSS Balloon",134.0,58.0,39.165,-103.2235,278.45,17060.0,0.00041414,0.21343923,0.00028333,-0.00012778,-32.53333333,n/a,-0.015556,-55.902033,0.028631,21.022515,0.216553,1.111603,-0.204047,-31.996803
EOSS-356,AE0SS-2,2024-04-21 09:04:43.447,2024-04-21 09:04:41,41579.0,-1909.0,836.0,descending,/150441h3909.61N/10313.04WO147/060/A=041579 -541T1755P EOSS BALLOON,"AE0SS-2>APZEOS,EOSS,WIDE2-1,qAO,N6BA-10:/150441h3909.61N/10313.04WO147/060/A=041579 -541T1755P EOSS BALLOON",147.0,69.0,39.1601666667,-103.2173333333,219.05,17550.0,0.00054156,0.27911059,0.00026389,-0.00015278,-31.81666667,n/a,0.011944,-55.328571,0.028224,21.094525,0.213844,1.114597,-0.07613,-31.384054
EOSS-356,KC0D-2,2024-04-21 09:04:46.728,2024-04-21 09:04:45,41497.0,-1870.0,840.0,descending,/150445h3909.56N/10313.00WO134/051/A=041497 51T1784P EOSS Balloon,"KC0D-2>APZEOS,EOSS,WIDE2-1,qAO,N6BA-10:/150445h3909.56N/10313.00WO134/051/A=041497 51T1784P EOSS Balloon",134.0,59.0,39.1593333333,-103.2166666667,278.25,17840.0,0.00043339,0.22335832,0.00022778,-0.00018889,-31.16666667,n/a,0.021667,-54.766667,0.028068,21.165088,0.211223,1.115044,-0.030304,-31.324015
EOSS-356,KC0D-2,2024-04-21 09:05:16.715,2024-04-21 09:05:15,40572.0,-1850.0,870.0,descending,/150515h3909.20N/10312.54WO138/048/A=040572 47T1866P EOSS Balloon,"KC0D-2>APZEOS,EOSS,WIDE2-1,qAO,N6BA-10:/150515h3909.20N/10312.54WO138/048/A=040572 47T1866P EOSS Balloon",138.0,55.0,39.1533333333,-103.209,277.85,18660.0,0.00045396,0.23396112,0.00025556,-0.0002,-30.83333333,n/a,0.011111,-54.222727,0.027673,21.226435,0.208709,1.101899,-0.079355,-30.628538
EOSS-356,AE0SS-2,2024-04-21 09:05:43.388,2024-04-21 09:05:41,39753.0,-1826.0,896.0,descending,/150541h3908.90N/10312.05WO127/084/A=039753 -548T1924P EOSS BALLOON,"AE0SS-2>APZEOS,EOSS,WIDE2-1,qAO,W9CN-9:/150541h3908.90N/10312.05WO127/084/A=039753 -548T1924P EOSS BALLOON",127.0,97.0,39.1483333333,-103.2008333333,218.35,19240.0,0.00059562,0.30696886,0.000275,-0.00019722,-30.43333333,n/a,0.006667,-53.694074,0.027196,21.281397,0.206292,1.093008,-0.099514,-29.980978
EOSS-356,KC0D-2,2024-04-21 09:05:46.817,2024-04-21 09:05:45,39689.0,-1766.0,900.0,descending,/150545h3908.85N/10311.96WO125/081/A=039689 46T1948P EOSS Balloon,"KC0D-2>APZEOS,EOSS,WIDE2-1,qAO,N6BA-10:/150545h3908.85N/10311.96WO125/081/A=039689 46T1948P EOSS Balloon",125.0,93.0,39.1475,-103.1993333333,277.75,19480.0,0.00047408,0.2443303,0.00032222,-0.00019444,-29.43333333,n/a,0.033333,-53.166667,0.027332,21.345462,0.203937,1.111868,0.029426,-29.929049
EOSS-356,KC0D-2,2024-04-21 09:06:16.736,2024-04-21 09:06:15,38805.0,-1768.0,930.0,descending,/150615h3908.54N/10311.38WO117/069/A=038805 41T2034P EOSS Balloon,"KC0D-2>APZEOS,EOSS,WIDE2-1,qAO,N6BA-10:/150615h3908.54N/10311.38WO117/069/A=038805 41T2034P EOSS Balloon",117.0,79.0,39.1423333333,-103.1896666667,277.25,20340.0,0.0004959,0.25557704,0.00032222,-0.00017222,-29.46666667,n/a,-0.001111,-52.662411,0.026714,21.393331,0.201702,1.084251,-0.137951,-29.192825
EOSS-356,AE0SS-2,2024-04-21 09:06:43.486,2024-04-21 09:06:41,38033.0,-1720.0,956.0,descending,/150641h3908.31N/10310.92WO116/049/A=038033 -556T2101P EOSS BALLOON,"AE0SS-2>APZEOS,EOSS,WIDE2-1,qAO,N6BA-10:/150641h3908.31N/10310.92WO116/049/A=038033 -556T2101P EOSS BALLOON",116.0,56.0,39.1385,-103.182,217.55,21010.0,0.0006528,0.33644139,0.00031389,-0.00016389,-28.66666667,n/a,0.013333,-52.1625,0.026429,21.446039,0.199507,1.095579,-0.065642,-28.524428
EOSS-356,KC0D-2,2024-04-21 09:06:46.732,2024-04-21 09:06:45,37965.0,-1680.0,960.0,descending,/150645h3908.28N/10310.86WO117/052/A=037965 39T2119P EOSS Balloon,"KC0D-2>APZEOS,EOSS,WIDE2-1,qAO,N6BA-10:/150645h3908.28N/10310.86WO117/052/A=037965 39T2119P EOSS Balloon",117.0,60.0,39.138,-103.181,277.05,21190.0,0.000517,0.26644971,0.00028889,-0.00014444,-28.0,n/a,0.022222,-51.669388,0.026342,21.500361,0.197374,1.100883,-0.020874,-28.464644
EOSS-356,AE0SS-2,2024-04-21 09:07:15.935,2024-04-21 09:07:11,37189.0,-1688.0,986.0,descending,/150711h3908.02N/10310.43WO123/056/A=037189 -550T2188P EOSS BALLOON,"AE0SS-2>APZEOS,EOSS,WIDE2-1,qAO,W9CN-9:/150711h3908.02N/10310.43WO123/056/A=037189 -550T2188P EOSS BALLOON",123.0,64.0,39.1336666667,-103.1738333333,218.15,21880.0,0.00067797,0.34940937,0.00027222,-0.00016111,-28.13333333,n/a,-0.004444,-51.198667,0.025713,21.53858,0.195356,1.070885,-0.154369,-27.775402
EOSS-356,KC0D-2,2024-04-21 09:07:16.692,2024-04-21 09:07:15,37120.0,-1690.0,990.0,descending,/150715h3907.99N/10310.36WO126/069/A=037120 35T2208P EOSS Balloon,"KC0D-2>APZEOS,EOSS,WIDE2-1,qAO,N6BA-10:/150715h3907.99N/10310.36WO126/069/A=037120 35T2208P EOSS Balloon",126.0,79.0,39.1331666667,-103.1726666667,276.65,22080.0,0.00053949,0.27804228,0.00027778,-0.00016111,-28.16666667,n/a,-0.001111,-50.747059,0.025177,21.564639,0.19339,1.047103,-0.135933,-27.713698
EOSS-356,AE0SS-2,2024-04-21 09:07:43.483,2024-04-21 09:07:41,36381.0,-1616.0,1016.0,descending,/150741h3907.63N/10309.90WO142/056/A=036381 -548T2276P EOSS BALLOON,"AE0SS-2>APZEOS,EOSS,WIDE2-1,qAO,W9CN-9:/150741h3907.63N/10309.90WO142/056/A=036381 -548T2276P EOSS BALLOON",142.0,64.0,39.1271666667,-103.165,218.35,22760.0,0.00070459,0.36312948,0.00029444,-0.00021667,-26.93333333,n/a,0.041111,-50.289103,0.025489,21.606041,0.191459,1.080983,0.081594,-27.052621
EOSS-356,KC0D-2,2024-04-21 09:07:46.746,2024-04-21 09:07:45,36315.0,-1610.0,1020.0,descending,/150745h3907.59N/10309.85WO136/057/A=036315 33T2297P EOSS Balloon,"KC0D-2>APZEOS,EOSS,WIDE2-1,qAO,N6BA-10:/150745h3907.59N/10309.85WO136/057/A=036315 33T2297P EOSS Balloon",136.0,66.0,39.1265,-103.1641666667,276.45,22970.0,0.00056164,0.28945886,0.00028333,-0.00022222,-26.83333333,n/a,0.003333,-49.846541,0.025063,21.638491,0.189598,1.063531,-0.114611,-26.993781
EOSS-356,KC0D-2,2024-04-21 09:08:16.775,2024-04-21 09:08:15,35524.0,-1582.0,1050.0,descending,/150815h3907.21N/10309.34WO141/063/A=035524 29T2386P EOSS Balloon,"KC0D-2>APZEOS,EOSS,WIDE2-1,qAO,N6BA-10:/150815h3907.21N/10309.34WO141/063/A=035524 29T2386P EOSS Balloon",141.0,72.0,39.1201666667,-103.1556666667,276.05,23860.0,0.00058425,0.30110997,0.00028333,-0.00021111,-26.36666667,n/a,0.015556,-49.411728,0.024884,21.670238,0.187771,1.063443,-0.049678,-26.296636
EOSS-356,AE0SS-2,2024-04-21 09:08:43.491,2024-04-21 09:08:41,34811.0,-1570.0,1076.0,descending,/150841h3906.86N/10308.86WO137/079/A=034811 -516T2461P EOSS BALLOON,"AE0SS-2>APZEOS,EOSS,WIDE2-1,qAO,N6BA-10:/150841h3906.86N/10308.86WO137/079/A=034811 -516T2461P EOSS BALLOON",137.0,91.0,39.1143333333,-103.1476666667,221.55,24610.0,0.00075085,0.38697446,0.00028889,-0.00021389,-26.16666667,n/a,0.003333,-48.989091,0.024485,21.696248,0.186014,1.051907,-0.113712,-25.689985
EOSS-356,KC0D-2,2024-04-21 09:08:46.744,2024-04-21 09:08:45,34753.0,-1542.0,1080.0,descending,/150845h3906.81N/10308.79WO135/076/A=034753 27T2476P EOSS Balloon,"KC0D-2>APZEOS,EOSS,WIDE2-1,qAO,N6BA-10:/150845h3906.81N/10308.79WO135/076/A=034753 27T2476P EOSS Balloon",135.0,87.0,39.1135,-103.1465,275.85,24760.0,0.00060673,0.3126944,0.00030556,-0.00022222,-25.7,n/a,0.015556,-48.573214,0.024322,21.722198,0.184287,1.052988,-0.047567,-25.641925
EOSS-356,AE0SS-2,2024-04-21 09:09:16.018,2024-04-21 09:09:11,34062.0,-1498.0,1106.0,descending,/150911h3906.45N/10308.35WO128/065/A=034062 -496T2546P EOSS BALLOON,"AE0SS-2>APZEOS,EOSS,WIDE2-1,qAO,N6BA-10:/150911h3906.45N/10308.35WO128/065/A=034062 -496T2546P EOSS BALLOON",128.0,75.0,39.1075,-103.1391666667,223.55,25460.0,0.00076984,0.39675844,0.00028333,-0.00022778,-24.96666667,n/a,0.024444,-48.159064,0.024325,21.753266,0.182604,1.066157,0.000652,-25.088375
EOSS-356,KC0D-2,2024-04-21 09:09:16.907,2024-04-21 09:09:15,34008.0,-1490.0,1110.0,descending,/150915h3906.41N/10308.28WO127/067/A=034008 23T2565P EOSS Balloon,"KC0D-2>APZEOS,EOSS,WIDE2-1,qAO,N6BA-10:/150915h3906.41N/10308.28WO127/067/A=034008 23T2565P EOSS Balloon",127.0,77.0,39.1068333333,-103.138,275.45,25650.0,0.00062945,0.32440463,0.00028333,-0.00022222,-24.83333333,n/a,0.004444,-47.756897,0.023976,21.778053,0.180986,1.052599,-0.10792,-25.046768
EOSS-356,AE0SS-2,2024-04-21 09:09:43.431,2024-04-21 09:09:41,33341.0,-1442.0,1136.0,descending,/150941h3906.09N/10307.75WO131/079/A=033341 -481T2641P EOSS BALLOON,"AE0SS-2>APZEOS,EOSS,WIDE2-1,qAO,W9CN-9:/150941h3906.09N/10307.75WO131/079/A=033341 -481T2641P EOSS BALLOON",131.0,91.0,39.1015,-103.1291666667,225.05,26410.0,0.00079324,0.40881972,0.00033333,-0.0002,-24.03333333,n/a,0.026667,-47.354802,0.024022,21.809296,0.179391,1.069336,0.014744,-24.556038
EOSS-356,KC0D-2,2024-04-21 09:09:46.819,2024-04-21 09:09:45,33285.0,-1446.0,1140.0,descending,/150945h3906.03N/10307.68WO139/074/A=033285 21T2654P EOSS Balloon,"KC0D-2>APZEOS,EOSS,WIDE2-1,qAO,N6BA-10:/150945h3906.03N/10307.68WO139/074/A=033285 21T2654P EOSS Balloon",139.0,85.0,39.1005,-103.128,275.25,26540.0,0.00065176,0.33590467,0.00033333,-0.00021111,-24.1,n/a,-0.002222,-46.967222,0.023577,21.831095,0.177871,1.047461,-0.145043,-24.516941
EOSS-356,AE0SS-2,2024-04-21 09:10:16.018,2024-04-21 09:10:11,32628.0,-1426.0,1166.0,descending,/151011h3905.67N/10307.27WO130/063/A=032628 -461T2728P EOSS BALLOON,"AE0SS-2>APZEOS,EOSS,WIDE2-1,qAO,N6BA-10:/151011h3905.67N/10307.27WO130/063/A=032628 -461T2728P EOSS BALLOON",130.0,72.0,39.0945,-103.1211666667,227.05,27280.0,0.00081215,0.41856731,0.00026667,-0.00023333,-23.76666667,n/a,0.011111,-46.586885,0.02337,21.851258,0.176365,1.044343,-0.069509,-24.08546
EOSS-356,KC0D-2,2024-04-21 09:10:17.022,2024-04-21 09:10:15,32577.0,-1416.0,1170.0,descending,/151015h3905.63N/10307.21WO130/065/A=032577 17T2743P EOSS Balloon,"KC0D-2>APZEOS,EOSS,WIDE2-1,qAO,N6BA-10:/151015h3905.63N/10307.21WO130/065/A=032577 17T2743P EOSS Balloon",130.0,75.0,39.0938333333,-103.1201666667,274.85,27430.0,0.0006746,0.34767424,0.00026111,-0.00022222,-23.6,n/a,0.005556,-46.216129,0.023078,21.867155,0.174904,1.034251,-0.100181,-24.054173
EOSS-356,AE0SS-2,2024-04-21 09:10:43.455,2024-04-21 09:10:41,31926.0,-1404.0,1196.0,descending,/151041h3905.31N/10306.70WO130/081/A=031926 -443T2819P EOSS BALLOON,"AE0SS-2>APZEOS,EOSS,WIDE2-1,qAO,W9CN-9:/151041h3905.31N/10306.70WO130/081/A=031926 -443T2819P EOSS BALLOON",130.0,93.0,39.0885,-103.1116666667,228.85,28190.0,0.00083265,0.42912776,0.00031667,-0.0002,-23.4,n/a,0.006667,-45.853968,0.022813,21.879743,0.173477,1.026245,-0.093073,-23.684884
EOSS-356,KC0D-2,2024-04-21 09:10:46.750,2024-04-21 09:10:45,31878.0,-1398.0,1200.0,descending,/151045h3905.25N/10306.62WO134/076/A=031878 16T2833P EOSS Balloon,"KC0D-2>APZEOS,EOSS,WIDE2-1,qAO,N6BA-10:/151045h3905.25N/10306.62WO134/076/A=031878 16T2833P EOSS Balloon",134.0,87.0,39.0875,-103.1103333333,274.75,28330.0,0.00069699,0.3592124,0.00032778,-0.00021111,-23.3,n/a,0.003333,-45.501563,0.022504,21.887725,0.172089,1.014339,-0.111402,-23.659937
EOSS-356,KC0D-2,2024-04-21 09:11:16.797,2024-04-21 09:11:15,31187.0,-1382.0,1230.0,descending,/151115h3904.82N/10306.13WO136/063/A=031187 12T2925P EOSS Balloon,"KC0D-2>APZEOS,EOSS,WIDE2-1,qAO,N6BA-10:/151115h3904.82N/10306.13WO136/063/A=031187 12T2925P EOSS Balloon",136.0,72.0,39.0803333333,-103.1021666667,274.35,29250.0,0.00072067,0.37141835,0.00027222,-0.00023889,-23.03333333,n/a,0.008889,-45.155897,0.022291,21.894143,0.170727,1.010433,-0.0785,-23.337107
EOSS-356,AE0SS-2,2024-04-21 09:11:43.507,2024-04-21 09:11:41,30532.0,-1394.0,1256.0,descending,/151141h3904.50N/10305.65WO133/073/A=030532 -411T3010P EOSS BALLOON,"AE0SS-2>APZEOS,EOSS,WIDE2-1,qAO,W9CN-9:/151141h3904.50N/10305.65WO133/073/A=030532 -411T3010P EOSS BALLOON",133.0,84.0,39.075,-103.0941666667,232.05,30100.0,0.0008768,0.45188442,0.00029167,-0.000225,-23.23333333,n/a,-0.003333,-44.823737,0.021897,21.892022,0.169417,0.986222,-0.148922,-23.095269
EOSS-356,KC0D-2,2024-04-21 09:11:46.719,2024-04-21 09:11:45,30474.0,-1426.0,1260.0,descending,/151145h3904.45N/10305.58WO139/072/A=030474 11T3021P EOSS Balloon,"KC0D-2>APZEOS,EOSS,WIDE2-1,qAO,N6BA-10:/151145h3904.45N/10305.58WO139/072/A=030474 11T3021P EOSS Balloon",139.0,83.0,39.0741666667,-103.093,274.25,30210.0,0.00074459,0.38374836,0.00030556,-0.00020556,-23.76666667,n/a,-0.017778,-44.509453,0.021296,21.877317,0.16818,0.948141,-0.232334,-23.076889
EOSS-356,KC0D-2,2024-04-21 09:12:16.697,2024-04-21 09:12:15,29749.0,-1450.0,1290.0,descending,/151215h3904.05N/10305.12WO134/072/A=029749 8T3122P EOSS Balloon,"KC0D-2>APZEOS,EOSS,WIDE2-1,qAO,N6BA-10:/151215h3904.05N/10305.12WO134/072/A=029749 8T3122P EOSS Balloon",134.0,83.0,39.0675,-103.0853333333,273.95,31220.0,0.00077033,0.39701237,0.00025556,-0.00022222,-24.16666667,n/a,-0.013333,-44.210294,0.020779,21.853127,0.166955,0.917197,-0.204319,-22.888192
EOSS-356,AE0SS-2,2024-04-21 09:12:43.448,2024-04-21 09:12:41,29097.0,-1435.0,1316.0,descending,/151241h3903.67N/10304.74WO135/059/A=029097 -376T3207P EOSS BALLOON,"AE0SS-2>APZEOS,EOSS,WIDE2-1,qAO,W9CN-9:/151241h3903.67N/10304.74WO135/059/A=029097 -376T3207P EOSS BALLOON",135.0,68.0,39.0611666667,-103.079,235.55,32070.0,0.0009203,0.47430565,0.00025278,-0.00023056,-23.91666667,n/a,0.004167,-43.916184,0.020534,21.82899,0.165716,0.916191,-0.098765,-22.780846
EOSS-356,KC0D-2,2024-04-21 09:13:16.779,2024-04-21 09:13:15,28352.0,-1397.0,1350.0,descending,/151315h3903.20N/10304.18WO144/069/A=028352 4T3322P EOSS Balloon,"KC0D-2>APZEOS,EOSS,WIDE2-1,qAO,N6BA-10:/151315h3903.20N/10304.18WO144/069/A=028352 4T3322P EOSS Balloon",144.0,79.0,39.0533333333,-103.0696666667,273.55,33220.0,0.00082088,0.4230633,0.00026111,-0.00023611,-23.28333333,n/a,0.010556,-43.621429,0.02039,21.810103,0.164498,0.932508,-0.059782,-22.723263
EOSS-356,AE0SS-2,2024-04-21 09:13:43.495,2024-04-21 09:13:41,27718.0,-1379.0,1376.0,descending,/151341h3902.85N/10303.76WO139/073/A=027718 -342T3413P EOSS BALLOON,"AE0SS-2>APZEOS,EOSS,WIDE2-1,qAO,N6BA-10:/151341h3902.85N/10303.76WO139/073/A=027718 -342T3413P EOSS BALLOON",139.0,84.0,39.0475,-103.0626666667,238.95,34130.0,0.00096548,0.49759007,0.00027222,-0.00022778,-22.98333333,n/a,0.005,-43.330751,0.02017,21.791837,0.163312,0.933717,-0.09289,-22.720362
EOSS-356,KC0D-2,2024-04-21 09:13:46.819,2024-04-21 09:13:45,27671.0,-1362.0,1380.0,descending,/151345h3902.79N/10303.70WO141/074/A=027671 4T3424P EOSS Balloon,"KC0D-2>APZEOS,EOSS,WIDE2-1,qAO,N6BA-10:/151345h3902.79N/10303.70WO141/074/A=027671 4T3424P EOSS Balloon",141.0,85.0,39.0465,-103.0616666667,273.55,34240.0,0.00084608,0.43605321,0.00026667,-0.00022778,-22.7,n/a,0.009444,-43.044213,0.020019,21.774002,0.162146,0.934335,-0.065219,-22.721564
EOSS-356,KC0D-2,2024-04-21 09:14:16.759,2024-04-21 09:14:15,27002.0,-1338.0,1410.0,descending,/151415h3902.37N/10303.21WO134/073/A=027002 1T3525P EOSS Balloon,"KC0D-2>APZEOS,EOSS,WIDE2-1,qAO,N6BA-10:/151415h3902.37N/10303.21WO134/073/A=027002 1T3525P EOSS Balloon",134.0,84.0,39.0395,-103.0535,273.25,35250.0,0.000872,0.44940862,0.00027222,-0.00023333,-22.3,n/a,0.013333,-42.760046,0.019926,21.758152,0.161002,0.940339,-0.04095,-22.755433
EOSS-356,AE0SS-2,2024-04-21 09:14:43.482,2024-04-21 09:14:41,26406.0,-1312.0,1436.0,descending,/151441h3901.98N/10302.81WO134/077/A=026406 -309T3620P EOSS BALLOON,"AE0SS-2>APZEOS,EOSS,WIDE2-1,qAO,W9CN-9:/151441h3901.98N/10302.81WO134/077/A=026406 -309T3620P EOSS BALLOON",134.0,89.0,39.033,-103.0468333333,242.25,36200.0,0.00101009,0.52057971,0.00026389,-0.00024167,-21.86666667,n/a,0.007222,-42.477703,0.019752,21.74468,0.159887,0.947866,-0.078368,-22.804387
EOSS-356,KC0D-2,2024-04-21 09:14:46.684,2024-04-21 09:14:45,26333.0,-1338.0,1440.0,descending,/151445h3901.91N/10302.73WO143/069/A=026333 2T3629P EOSS Balloon,"KC0D-2>APZEOS,EOSS,WIDE2-1,qAO,N6BA-10:/151445h3901.91N/10302.73WO143/069/A=026333 2T3629P EOSS Balloon",143.0,79.0,39.0318333333,-103.0455,273.35,36290.0,0.0008974,0.46249851,0.00026667,-0.00025556,-22.3,n/a,-0.014444,-42.208667,0.01929,21.722569,0.158838,0.916497,-0.21238,-22.81107
EOSS-356,KC0D-2,2024-04-21 09:15:16.815,2024-04-21 09:15:15,25610.0,-1446.0,1470.0,descending,/151515h3901.50N/10302.30WO140/054/A=025610 0T3744P EOSS Balloon,"KC0D-2>APZEOS,EOSS,WIDE2-1,qAO,N6BA-10:/151515h3901.50N/10302.30WO140/054/A=025610 0T3744P EOSS Balloon",140.0,62.0,39.025,-103.0383333333,273.15,37440.0,0.00092651,0.47750408,0.00023889,-0.00022778,-24.1,n/a,-0.06,-41.970395,0.018233,21.67702,0.158026,0.824394,-0.495064,-22.878449
EOSS-356,KC0D-2,2024-04-21 09:15:46.718,2024-04-21 09:15:45,24927.0,-1366.0,1500.0,descending,/151545h3901.14N/10301.90WO138/049/A=024927 0T3857P EOSS Balloon,"KC0D-2>APZEOS,EOSS,WIDE2-1,qAO,N6BA-10:/151545h3901.14N/10301.90WO138/049/A=024927 0T3857P EOSS Balloon",138.0,56.0,39.019,-103.0316666667,273.15,38570.0,0.00095447,0.49191593,0.00022222,-0.0002,-22.76666667,n/a,0.044444,-41.720996,0.018578,21.644856,0.156998,0.875697,0.164754,-22.931533
EOSS-356,AE0SS-2,2024-04-21 09:16:16.034,2024-04-21 09:16:11,24295.0,-1407.3,1526.0,descending,/151611h3900.86N/10301.57WO144/059/A=024295 -295T3965P EOSS BALLOON,"AE0SS-2>APZEOS,EOSS,WIDE2-1,qAO,N6BA-10:/151611h3900.86N/10301.57WO144/059/A=024295 -295T3965P EOSS BALLOON",144.0,68.0,39.0143333333,-103.0261666667,243.65,39650.0,0.0011,0.56691667,0.00022963,-0.00020741,-23.45555556,n/a,-0.007654,-41.486823,0.018237,21.60307,0.15599,0.834662,-0.165979,-22.956593
EOSS-356,KC0D-2,2024-04-21 09:16:16.817,2024-04-21 09:16:15,24245.0,-1364.0,1530.0,descending,/151615h3900.82N/10301.54WO142/040/A=024245 -1T3972P EOSS Balloon,"KC0D-2>APZEOS,EOSS,WIDE2-1,qAO,N6BA-10:/151615h3900.82N/10301.54WO142/040/A=024245 -1T3972P EOSS Balloon",142.0,46.0,39.0136666667,-103.0256666667,273.05,39720.0,0.00098329,0.50676838,0.0002,-0.00017778,-22.73333333,n/a,0.024074,-41.249437,0.018312,21.567597,0.154976,0.858515,0.03718,-22.957191
EOSS-356,KC0D-2,2024-04-21 09:16:46.706,2024-04-21 09:16:45,23567.0,-1356.0,1560.0,descending,/151645h3900.51N/10301.26WO147/039/A=023567 0T4089P EOSS Balloon,"KC0D-2>APZEOS,EOSS,WIDE2-1,qAO,N6BA-10:/151645h3900.51N/10301.26WO147/039/A=023567 0T4089P EOSS Balloon",147.0,45.0,39.0085,-103.021,273.15,40890.0,0.00101189,0.52150485,0.00015556,-0.00017222,-22.6,n/a,0.004444,-41.016319,0.018136,21.531851,0.153987,0.855306,-0.088917,-22.939939
EOSS-356,AE0SS-2,2024-04-21 09:17:15.991,2024-04-21 09:17:11,22944.0,-1351.0,1586.0,descending,/151711h3900.23N/10301.02WO156/057/A=022944 -273T4200P EOSS BALLOON,"AE0SS-2>APZEOS,EOSS,WIDE2-1,qAO,W9CN-9:/151711h3900.23N/10301.02WO156/057/A=022944 -273T4200P EOSS BALLOON",156.0,66.0,39.0038333333,-103.017,245.85,42000.0,0.00115477,0.59514327,0.00015278,-0.000175,-22.51666667,n/a,0.001389,-40.787929,0.017927,21.49536,0.153021,0.85001,-0.108077,-22.874664
EOSS-356,KC0D-2,2024-04-21 09:17:16.776,2024-04-21 09:17:15,22894.0,-1346.0,1590.0,descending,/151715h3900.20N/10301.00WO142/039/A=022894 -1T4208P EOSS Balloon,"KC0D-2>APZEOS,EOSS,WIDE2-1,qAO,N6BA-10:/151715h3900.20N/10301.00WO142/039/A=022894 -1T4208P EOSS Balloon",142.0,45.0,39.0033333333,-103.0166666667,273.05,42080.0,0.00104172,0.53687848,0.00014444,-0.00017222,-22.43333333,n/a,0.002778,-40.564092,0.01774,21.458206,0.152071,0.844934,-0.098388,-22.867085
EOSS-356,AE0SS-2,2024-04-21 09:17:43.479,2024-04-21 09:17:41,22276.0,-1336.0,1616.0,descending,/151741h3859.94N/10300.76WO162/043/A=022276 -263T4321P EOSS BALLOON,"AE0SS-2>APZEOS,EOSS,WIDE2-1,qAO,W9CN-9:/151741h3859.94N/10300.76WO162/043/A=022276 -263T4321P EOSS BALLOON",162.0,49.0,38.999,-103.0126666667,246.85,43210.0,0.00118322,0.60980865,0.00014444,-0.00016111,-22.26666667,n/a,0.005556,-40.343641,0.017591,21.421321,0.151135,0.843878,-0.079631,-22.742016
EOSS-356,KC0D-2,2024-04-21 09:17:46.731,2024-04-21 09:17:45,22225.0,-1338.0,1620.0,descending,/151745h3859.92N/10300.74WO135/034/A=022225 0T4329P EOSS Balloon,"KC0D-2>APZEOS,EOSS,WIDE2-1,qAO,N6BA-10:/151745h3859.92N/10300.74WO135/034/A=022225 0T4329P EOSS Balloon",135.0,39.0,38.9986666667,-103.0123333333,273.15,43290.0,0.00107128,0.55211409,0.00014444,-0.00015556,-22.3,n/a,-0.001111,-40.128836,0.017366,21.38271,0.150225,0.833797,-0.122996,-22.729
EOSS-356,KC0D-2,2024-04-21 09:18:16.702,2024-04-21 09:18:15,21561.0,-1328.0,1650.0,descending,/151815h3859.66N/10300.53WO138/030/A=021561 0T4452P EOSS Balloon,"KC0D-2>APZEOS,EOSS,WIDE2-1,qAO,N6BA-10:/151815h3859.66N/10300.53WO138/030/A=021561 0T4452P EOSS Balloon",138.0,35.0,38.9943333333,-103.0088333333,273.15,44520.0,0.00110172,0.56780132,0.00011667,-0.00014444,-22.13333333,n/a,0.005556,-39.917124,0.017225,21.344485,0.149322,0.83318,-0.078147,-22.520203
EOSS-356,AE0SS-2,2024-04-21 09:18:43.511,2024-04-21 09:18:41,20952.0,-1324.0,1676.0,descending,/151841h3859.45N/10300.37WO169/036/A=020952 -237T4572P EOSS BALLOON,"AE0SS-2>APZEOS,EOSS,WIDE2-1,qAO,N6BA-10:/151841h3859.45N/10300.37WO169/036/A=020952 -237T4572P EOSS BALLOON",169.0,41.0,38.9908333333,-103.0061666667,249.45,45720.0,0.00123891,0.63850626,0.00010833,-0.00013611,-22.06666667,n/a,0.001111,-39.709561,0.017036,21.305687,0.148441,0.828084,-0.107282,-22.26329
EOSS-356,KC0D-2,2024-04-21 09:18:46.725,2024-04-21 09:18:45,20900.0,-1322.0,1680.0,descending,/151845h3859.43N/10300.36WO138/028/A=020900 1T4578P EOSS Balloon,"KC0D-2>APZEOS,EOSS,WIDE2-1,qAO,N6BA-10:/151845h3859.43N/10300.36WO138/028/A=020900 1T4578P EOSS Balloon",138.0,32.0,38.9905,-103.006,273.25,45780.0,0.00113248,0.58365749,9.444e-05,-0.00012778,-22.03333333,n/a,0.001111,-39.506386,0.016851,21.266062,0.147575,0.82164,-0.106658,-22.238462
EOSS-356,AE0SS-2,2024-04-21 09:19:16.043,2024-04-21 09:19:11,20290.0,-1324.0,1706.0,descending,/151911h3859.23N/10300.21WO182/023/A=020290 -221T4699P EOSS BALLOON,"AE0SS-2>APZEOS,EOSS,WIDE2-1,qAO,N6BA-10:/151911h3859.23N/10300.21WO182/023/A=020290 -221T4699P EOSS BALLOON",182.0,26.0,38.9871666667,-103.0035,251.05,46990.0,0.00126521,0.65206016,8.889e-05,-0.00012222,-22.06666667,n/a,-0.001111,-39.308207,0.016644,21.225064,0.146728,0.81232,-0.121006,-21.914325
EOSS-356,KC0D-2,2024-04-21 09:19:16.738,2024-04-21 09:19:15,20239.0,-1322.0,1710.0,descending,/151915h3859.21N/10300.20WO136/028/A=020239 0T4706P EOSS Balloon,"KC0D-2>APZEOS,EOSS,WIDE2-1,qAO,N6BA-10:/151915h3859.21N/10300.20WO136/028/A=020239 0T4706P EOSS Balloon",136.0,32.0,38.9868333333,-103.0033333333,273.15,47060.0,0.00116457,0.6001961,8.889e-05,-0.00012222,-22.03333333,n/a,0.001111,-39.114107,0.016468,21.183414,0.145891,0.806328,-0.105264,-21.884564
EOSS-356,AE0SS-2,2024-04-21 09:19:43.539,2024-04-21 09:19:41,19648.0,-1284.0,1736.0,descending,/151941h3859.04N/10300.09WO179/028/A=019648 -208T4825P EOSS BALLOON,"AE0SS-2>APZEOS,EOSS,WIDE2-1,qAO,W9CN-9:/151941h3859.04N/10300.09WO179/028/A=019648 -208T4825P EOSS BALLOON",179.0,32.0,38.984,-103.0015,252.35,48250.0,0.00129244,0.66609544,6.667e-05,-0.00010556,-21.4,n/a,0.021111,-38.917284,0.01652,21.146669,0.145061,0.828371,0.031649,-21.51204
EOSS-356,KC0D-2,2024-04-21 09:19:46.816,2024-04-21 09:19:45,19605.0,-1268.0,1740.0,descending,/151945h3859.02N/10300.09WO138/022/A=019605 2T4832P EOSS Balloon,"KC0D-2>APZEOS,EOSS,WIDE2-1,qAO,N6BA-10:/151945h3859.02N/10300.09WO138/022/A=019605 2T4832P EOSS Balloon",138.0,25.0,38.9836666667,-103.0015,273.35,48320.0,0.00119488,0.61581505,6.111e-05,-0.00010556,-21.13333333,n/a,0.008889,-38.721856,0.016435,21.111333,0.144246,0.833132,-0.052313,-21.483064
EOSS-356,AE0SS-2,2024-04-21 09:20:15.977,2024-04-21 09:20:11,19022.0,-1252.0,1766.0,descending,/152011h3858.85N/10259.96WO169/032/A=019022 -193T4954P EOSS BALLOON,"AE0SS-2>APZEOS,EOSS,WIDE2-1,qAO,W9CN-9:/152011h3858.85N/10259.96WO169/032/A=019022 -193T4954P EOSS BALLOON",169.0,37.0,38.9808333333,-102.9993333333,253.85,49540.0,0.00131915,0.67986281,7.222e-05,-0.00010556,-20.86666667,n/a,0.008889,-38.527778,0.016352,21.077382,0.143444,0.837918,-0.052027,-21.068434
EOSS-356,KC0D-2,2024-04-21 09:20:16.725,2024-04-21 09:20:15,18977.0,-1256.0,1770.0,descending,/152015h3858.83N/10259.96WO139/020/A=018977 2T4958P EOSS Balloon,"KC0D-2>APZEOS,EOSS,WIDE2-1,qAO,N6BA-10:/152015h3858.83N/10259.96WO139/020/A=018977 2T4958P EOSS Balloon",139.0,23.0,38.9805,-102.9993333333,273.35,49580.0,0.00122604,0.63187314,7.222e-05,-0.00010556,-20.93333333,n/a,-0.002222,-38.33859,0.01615,21.041763,0.142667,0.827177,-0.128775,-21.034907
EOSS-356,AE0SS-2,2024-04-21 09:20:43.559,2024-04-21 09:20:41,18406.0,-1232.0,1796.0,descending,/152041h3858.68N/10259.82WO152/035/A=018406 -179T5077P EOSS BALLOON,"AE0SS-2>APZEOS,EOSS,WIDE2-1,qAO,N6BA-10:/152041h3858.68N/10259.82WO152/035/A=018406 -179T5077P EOSS BALLOON",152.0,40.0,38.978,-102.997,255.25,50770.0,0.00134449,0.69292122,7.778e-05,-9.444e-05,-20.53333333,n/a,0.013333,-38.149173,0.01612,21.008751,0.14189,0.8385,-0.019642,-20.594586
EOSS-356,KC0D-2,2024-04-21 09:20:46.716,2024-04-21 09:20:45,18357.0,-1240.0,1800.0,descending,/152045h3858.66N/10259.82WO148/017/A=018357 4T5087P EOSS Balloon,"KC0D-2>APZEOS,EOSS,WIDE2-1,qAO,N6BA-10:/152045h3858.66N/10259.82WO148/017/A=018357 4T5087P EOSS Balloon",148.0,20.0,38.9776666667,-102.997,273.55,50870.0,0.00125702,0.64783956,7.778e-05,-9.444e-05,-20.66666667,n/a,-0.004444,-37.965146,0.015901,20.973542,0.141141,0.824776,-0.144147,-20.555727
EOSS-356,AE0SS-2,2024-04-21 09:21:16.254,2024-04-21 09:21:11,17793.0,-1226.0,1826.0,descending,/152111h3858.51N/10259.70WO146/036/A=017793 -166T5208P EOSS BALLOON,"AE0SS-2>APZEOS,EOSS,WIDE2-1,qAO,N6BA-10:/152111h3858.51N/10259.70WO146/036/A=017793 -166T5208P EOSS BALLOON",146.0,41.0,38.9751666667,-102.995,256.55,52080.0,0.00137219,0.70719862,6.667e-05,-9.444e-05,-20.43333333,n/a,0.007778,-37.782523,0.015816,20.939454,0.140391,0.828541,-0.057254,-20.100931
EOSS-356,KC0D-2,2024-04-21 09:21:16.760,2024-04-21 09:21:15,17745.0,-1224.0,1830.0,descending,/152115h3858.49N/10259.70WO163/019/A=017745 4T5215P EOSS Balloon,"KC0D-2>APZEOS,EOSS,WIDE2-1,qAO,N6BA-10:/152115h3858.49N/10259.70WO163/019/A=017745 4T5215P EOSS Balloon",163.0,22.0,38.9748333333,-102.995,273.55,52150.0,0.00128865,0.66414062,6.667e-05,-9.444e-05,-20.4,n/a,0.001111,-37.603322,0.015662,20.904746,0.139658,0.822939,-0.10419,-20.061821
EOSS-356,AE0SS-2,2024-04-21 09:21:43.666,2024-04-21 09:21:41,17186.0,-1214.0,1856.0,descending,/152141h3858.34N/10259.59WO134/034/A=017186 -153T5339P EOSS BALLOON,"AE0SS-2>APZEOS,EOSS,WIDE2-1,qAO,N6BA-10:/152141h3858.34N/10259.59WO134/034/A=017186 -153T5339P EOSS BALLOON",134.0,39.0,38.9723333333,-102.9931666667,257.85,53390.0,0.00139962,0.72133206,6.111e-05,-9.444e-05,-20.23333333,n/a,0.005556,-37.426077,0.015558,20.870599,0.138932,0.823778,-0.071992,-19.606662
EOSS-356,KC0D-2,2024-04-21 09:21:46.745,2024-04-21 09:21:45,17138.0,-1214.0,1860.0,descending,/152145h3858.31N/10259.58WO170/022/A=017138 7T5344P EOSS Balloon,"KC0D-2>APZEOS,EOSS,WIDE2-1,qAO,N6BA-10:/152145h3858.31N/10259.58WO170/022/A=017138 7T5344P EOSS Balloon",170.0,25.0,38.9718333333,-102.993,273.85,53440.0,0.00131908,0.67982347,6.667e-05,-0.0001,-20.23333333,n/a,0.0,-37.252413,0.0154,20.835618,0.138223,0.816826,-0.111414,-19.567852
EOSS-356,AE0SS-2,2024-04-21 09:22:16.012,2024-04-21 09:22:11,16583.0,-1206.0,1886.0,descending,/152211h3858.16N/10259.47WO141/036/A=016583 -142T5468P EOSS BALLOON,"AE0SS-2>APZEOS,EOSS,WIDE2-1,qAO,W9CN-9:/152211h3858.16N/10259.47WO141/036/A=016583 -142T5468P EOSS BALLOON",141.0,41.0,38.9693333333,-102.9911666667,258.95,54680.0,0.00142734,0.73562256,6.667e-05,-0.0001,-20.1,n/a,0.004444,-37.080889,0.015289,20.80096,0.137521,0.816351,-0.078861,-19.127292
EOSS-356,KC0D-2,2024-04-21 09:22:16.816,2024-04-21 09:22:15,16543.0,-1190.0,1890.0,descending,/152215h3858.14N/10259.46WO163/019/A=016543 7T5475P EOSS Balloon,"KC0D-2>APZEOS,EOSS,WIDE2-1,qAO,N6BA-10:/152215h3858.14N/10259.46WO163/019/A=016543 7T5475P EOSS Balloon",163.0,22.0,38.969,-102.991,273.85,54750.0,0.00135141,0.6964883,6.667e-05,-9.444e-05,-19.83333333,n/a,0.008889,-36.910121,0.015225,20.767727,0.136826,0.822275,-0.046307,-19.096318
EOSS-356,AE0SS-2,2024-04-21 09:22:43.543,2024-04-21 09:22:41,16002.0,-1162.0,1916.0,descending,/152241h3858.00N/10259.34WO137/033/A=016002 -133T5599P EOSS BALLOON,"AE0SS-2>APZEOS,EOSS,WIDE2-1,qAO,N6BA-10:/152241h3858.00N/10259.34WO137/033/A=016002 -133T5599P EOSS BALLOON",137.0,38.0,38.9666666667,-102.989,259.85,55990.0,0.00145648,0.75063739,7.222e-05,-8.889e-05,-19.36666667,n/a,0.015556,-36.738126,0.015228,20.73754,0.13614,0.837682,0.002409,-18.692107
EOSS-356,KC0D-2,2024-04-21 09:22:46.836,2024-04-21 09:22:45,15966.0,-1154.0,1920.0,descending,/152245h3857.97N/10259.33WO167/023/A=015966 10T5604P EOSS Balloon,"KC0D-2>APZEOS,EOSS,WIDE2-1,qAO,N6BA-10:/152245h3857.97N/10259.33WO167/023/A=015966 10T5604P EOSS Balloon",167.0,26.0,38.9661666667,-102.9888333333,274.15,56040.0,0.00138174,0.71211859,7.222e-05,-9.444e-05,-19.23333333,n/a,0.004444,-36.568177,0.015122,20.707592,0.135469,0.837125,-0.078822,-18.666334
EOSS-356,AE0SS-2,2024-04-21 09:23:16.083,2024-04-21 09:23:11,15431.0,-1142.0,1946.0,descending,/152311h3857.83N/10259.22WO132/032/A=015431 -127T5729P EOSS BALLOON,"AE0SS-2>APZEOS,EOSS,WIDE2-1,qAO,W9CN-9:/152311h3857.83N/10259.22WO132/032/A=015431 -127T5729P EOSS BALLOON",132.0,37.0,38.9638333333,-102.987,260.45,57290.0,0.00148686,0.76629662,6.667e-05,-9.444e-05,-19.03333333,n/a,0.006667,-36.399573,0.01504,20.678435,0.134806,0.839824,-0.062111,-18.303561
EOSS-356,KC0D-2,2024-04-21 09:23:16.708,2024-04-21 09:23:15,15396.0,-1140.0,1950.0,descending,/152315h3857.81N/10259.21WO164/021/A=015396 11T5734P EOSS Balloon,"KC0D-2>APZEOS,EOSS,WIDE2-1,qAO,N6BA-10:/152315h3857.81N/10259.21WO164/021/A=015396 11T5734P EOSS Balloon",164.0,24.0,38.9635,-102.9868333333,274.25,57340.0,0.00141328,0.72837243,6.667e-05,-8.889e-05,-19.0,n/a,0.001111,-36.233862,0.014906,20.648715,0.134156,0.834622,-0.102828,-18.281271
EOSS-356,AE0SS-2,2024-04-21 09:23:43.477,2024-04-21 09:23:41,14910.0,-1042.0,1976.0,descending,/152341h3857.71N/10259.15WO144/013/A=014910 -116T5846P EOSS BALLOON,"AE0SS-2>APZEOS,EOSS,WIDE2-1,qAO,W9CN-9:/152341h3857.71N/10259.15WO144/013/A=014910 -116T5846P EOSS BALLOON",144.0,15.0,38.9618333333,-102.9858333333,261.55,58460.0,0.00151085,0.77865762,3.889e-05,-6.667e-05,-17.36666667,n/a,0.054444,-36.05587,0.015283,20.631699,0.133566,0.905849,0.293196,-17.992333
EOSS-356,KC0D-2,2024-04-21 09:23:46.722,2024-04-21 09:23:45,14884.0,-1024.0,1980.0,descending,/152345h3857.70N/10259.14WO142/017/A=014884 14T5852P EOSS Balloon,"KC0D-2>APZEOS,EOSS,WIDE2-1,qAO,N6BA-10:/152345h3857.70N/10259.14WO142/017/A=014884 14T5852P EOSS Balloon",142.0,20.0,38.9616666667,-102.9856666667,274.55,58520.0,0.00144078,0.74254934,3.889e-05,-6.111e-05,-17.06666667,n/a,0.01,-35.878401,0.015233,20.616044,0.132929,0.91248,-0.039367,-17.978009
EOSS-356,AE0SS-2,2024-04-21 09:24:16.040,2024-04-21 09:24:11,14409.0,-1002.0,2006.0,descending,/152411h3857.54N/10259.01WO156/026/A=014409 -108T5968P EOSS BALLOON,"AE0SS-2>APZEOS,EOSS,WIDE2-1,qAO,N6BA-10:/152411h3857.54N/10259.01WO156/026/A=014409 -108T5968P EOSS BALLOON",156.0,30.0,38.959,-102.9835,262.35,59680.0,0.00153767,0.79248344,7.778e-05,-9.444e-05,-16.7,n/a,0.012222,-35.700823,0.015205,20.6023,0.132301,0.922267,-0.022547,-17.737871
EOSS-356,KC0D-2,2024-04-21 09:24:16.721,2024-04-21 09:24:15,14386.0,-996.0,2010.0,descending,/152415h3857.52N/10259.00WO153/029/A=014386 15T5970P EOSS Balloon,"KC0D-2>APZEOS,EOSS,WIDE2-1,qAO,N6BA-10:/152415h3857.52N/10259.00WO153/029/A=014386 15T5970P EOSS Balloon",153.0,33.0,38.9586666667,-102.9833333333,274.65,59700.0,0.0014693,0.75724633,7.778e-05,-0.0001,-16.6,n/a,0.003333,-35.525586,0.015095,20.588147,0.131686,0.919247,-0.089319,-17.727302
EOSS-356,KC0D-2,2024-04-21 09:24:46.746,2024-04-21 09:24:45,13899.0,-974.0,2040.0,descending,/152445h3857.35N/10258.87WO136/027/A=013899 19T6086P EOSS Balloon,"KC0D-2>APZEOS,EOSS,WIDE2-1,qAO,N6BA-10:/152445h3857.35N/10258.87WO136/027/A=013899 19T6086P EOSS Balloon",136.0,31.0,38.9558333333,-102.9811666667,275.05,60860.0,0.00149567,0.77083735,7.222e-05,-9.444e-05,-16.23333333,n/a,0.012222,-35.350202,0.015069,20.575875,0.131075,0.929091,-0.02172,-17.526883
EOSS-356,KC0D-2,2024-04-21 09:25:16.863,2024-04-21 09:25:15,13379.0,-1040.0,2070.0,descending,/152515h3857.15N/10258.73WO161/024/A=013379 20T6212P EOSS Balloon,"KC0D-2>APZEOS,EOSS,WIDE2-1,qAO,N6BA-10:/152515h3857.15N/10258.73WO161/024/A=013379 20T6212P EOSS Balloon",161.0,28.0,38.9525,-102.9788333333,275.15,62120.0,0.00152608,0.78651024,7.778e-05,-0.00011111,-17.33333333,n/a,-0.036667,-35.187888,0.014598,20.553399,0.130566,0.868691,-0.392637,-17.361279
EOSS-356,AE0SS-2,2024-04-21 09:25:43.561,2024-04-21 09:25:41,12886.0,-1015.3,2096.0,descending,/152541h3857.01N/10258.61WO150/031/A=012886 -85T6334P EOSS BALLOON,"AE0SS-2>APZEOS,EOSS,WIDE2-1,qAO,W9CN-9:/152541h3857.01N/10258.61WO150/031/A=012886 -85T6334P EOSS BALLOON",150.0,36.0,38.9501666667,-102.9768333333,264.65,63340.0,0.00161779,0.8337745,7.407e-05,-9.815e-05,-16.92222222,n/a,0.004568,-35.024802,0.014508,20.533273,0.129975,0.881622,-0.076476,-17.246535
EOSS-356,KC0D-2,2024-04-21 09:25:46.722,2024-04-21 09:25:45,12861.0,-1036.0,2100.0,descending,/152545h3856.99N/10258.59WO148/032/A=012861 23T6341P EOSS Balloon,"KC0D-2>APZEOS,EOSS,WIDE2-1,qAO,N6BA-10:/152545h3856.99N/10258.59WO148/032/A=012861 23T6341P EOSS Balloon",148.0,37.0,38.9498333333,-102.9765,275.45,63410.0,0.00155608,0.80196871,7.778e-05,-8.889e-05,-17.26666667,n/a,-0.011481,-34.86765,0.014276,20.509549,0.129411,0.858185,-0.199033,-17.241692
EOSS-356,KC0D-2,2024-04-21 09:26:16.826,2024-04-21 09:26:15,12346.0,-1030.0,2130.0,descending,/152615h3856.80N/10258.50WO156/019/A=012346 25T6471P EOSS Balloon,"KC0D-2>APZEOS,EOSS,WIDE2-1,qAO,N6BA-10:/152615h3856.80N/10258.50WO156/019/A=012346 25T6471P EOSS Balloon",156.0,22.0,38.9466666667,-102.975,275.65,64710.0,0.00158683,0.81781647,5e-05,-0.00010556,-17.16666667,n/a,0.003333,-34.712378,0.014179,20.48579,0.128836,0.856482,-0.084185,-17.159152
EOSS-356,AE0SS-2,2024-04-21 09:26:43.504,2024-04-21 09:26:41,11857.0,-1029.0,2156.0,descending,/152641h3856.67N/10258.38WO150/027/A=011857 -64T6590P EOSS BALLOON,"AE0SS-2>APZEOS,EOSS,WIDE2-1,qAO,W9CN-9:/152641h3856.67N/10258.38WO150/027/A=011857 -64T6590P EOSS BALLOON",150.0,31.0,38.9445,-102.973,266.75,65900.0,0.00166992,0.86064378,6.389e-05,-9.444e-05,-17.15,n/a,0.000278,-34.559662,0.014057,20.461387,0.128272,0.850854,-0.10742,-17.102775
EOSS-356,KC0D-2,2024-04-21 09:26:46.785,2024-04-21 09:26:45,11831.0,-1030.0,2160.0,descending,/152645h3856.65N/10258.37WO154/028/A=011831 29T6602P EOSS Balloon,"KC0D-2>APZEOS,EOSS,WIDE2-1,qAO,N6BA-10:/152645h3856.65N/10258.37WO154/028/A=011831 29T6602P EOSS Balloon",154.0,32.0,38.9441666667,-102.9728333333,276.05,66020.0,0.0016166,0.83316346,7.222e-05,-8.333e-05,-17.16666667,n/a,-0.000556,-34.409722,0.01393,20.436136,0.127715,0.843753,-0.113424,-17.100114
EOSS-356,AE0SS-2,2024-04-21 09:27:43.558,2024-04-21 09:27:41,10835.0,-1022.0,2216.0,descending,/152741h3856.39N/10258.09WO139/019/A=010835 -43T6862P EOSS BALLOON,"AE0SS-2>APZEOS,EOSS,WIDE2-1,qAO,W9CN-9:/152741h3856.39N/10258.09WO139/019/A=010835 -43T6862P EOSS BALLOON",139.0,22.0,38.9398333333,-102.9681666667,268.85,68620.0,0.00172527,0.88916656,8.056e-05,-7.778e-05,-17.03333333,n/a,0.002222,-34.261206,0.013829,20.411174,0.127163,0.844041,-0.091277,-16.988139
EOSS-356,AE0SS-2,2024-04-21 09:28:43.504,2024-04-21 09:28:41,9803.0,-1032.0,2276.0,descending,/152841h3856.25N/10257.85WO113/018/A=009803 -53T7142P EOSS BALLOON,"AE0SS-2>APZEOS,EOSS,WIDE2-1,qAO,W9CN-9:/152841h3856.25N/10257.85WO113/018/A=009803 -53T7142P EOSS BALLOON",113.0,21.0,38.9375,-102.9641666667,267.85,71420.0,0.00180237,0.9289036,6.667e-05,-3.889e-05,-17.2,n/a,-0.002778,-34.11662,0.013687,20.384357,0.126623,0.829882,-0.130032,-16.742297
EOSS-356,KC0D-2,2024-04-21 09:29:16.907,2024-04-21 09:29:15,9273.0,-1023.2,2310.0,descending,/152915h3856.18N/10257.72WO095/008/A=009273 42T7288P EOSS Balloon,"KC0D-2>APZEOS,EOSS,WIDE2-1,qAO,W9CN-9:/152915h3856.18N/10257.72WO095/008/A=009273 42T7288P EOSS Balloon",95.0,9.0,38.9363333333,-102.962,277.35,72880.0,0.00177622,0.91542473,7.222e-05,-5.222e-05,-17.05333333,n/a,0.000978,-33.973231,0.01358,20.35798,0.126086,0.831119,-0.099948,-16.515404
EOSS-356,AE0SS-2,2024-04-21 09:29:43.598,2024-04-21 09:29:41,8820.0,-983.0,2336.0,descending,/152941h3856.17N/10257.63WO110/012/A=008820 -4T7413P EOSS BALLOON,"AE0SS-2>APZEOS,EOSS,WIDE2-1,qAO,W9CN-9:/152941h3856.17N/10257.63WO110/012/A=008820 -4T7413P EOSS BALLOON",110.0,14.0,38.9361666667,-102.9605,272.75,74130.0,0.00183715,0.9468293,6.111e-05,-2.222e-05,-16.38333333,n/a,0.011167,-33.826648,0.013559,20.335756,0.125551,0.857766,-0.019052,-16.255637
EOSS-356,KC0D-2,2024-04-21 09:29:47.187,2024-04-21 09:29:45,8800.0,-946.0,2340.0,descending,/152945h3856.17N/10257.62WO115/014/A=008800 47T7420P EOSS Balloon,"KC0D-2>APZEOS,EOSS,WIDE2-1,qAO,W9CN-9:/152945h3856.17N/10257.62WO115/014/A=008800 47T7420P EOSS Balloon",115.0,16.0,38.9361666667,-102.9603333333,277.85,74200.0,0.00180513,0.9303277,5.556e-05,-5.56e-06,-15.76666667,n/a,0.020556,-33.677392,0.013618,20.317291,0.125024,0.881551,0.055493,-16.242778
EOSS-356,KC0D-2,2024-04-21 09:30:16.988,2024-04-21 09:30:15,8323.0,-954.0,2370.0,descending,/153015h3856.07N/10257.54WO168/013/A=008323 49T7556P EOSS Balloon,"KC0D-2>APZEOS,EOSS,WIDE2-1,qAO,W9CN-9:/153015h3856.07N/10257.54WO168/013/A=008323 49T7556P EOSS Balloon",168.0,15.0,38.9345,-102.959,278.05,75560.0,0.0018369,0.94669809,4.444e-05,-5.556e-05,-15.9,n/a,-0.004444,-33.531676,0.013468,20.297076,0.124513,0.868681,-0.143856,-15.905052
EOSS-356,AE0SS-2,2024-04-21 09:30:43.525,2024-04-21 09:30:41,7863.0,-957.0,2396.0,descending,/153041h3856.05N/10257.50WO072/010/A=007863 -39T7678P EOSS BALLOON,"AE0SS-2>APZEOS,EOSS,WIDE2-1,qAO,W9CN-9:/153041h3856.05N/10257.50WO072/010/A=007863 -39T7678P EOSS BALLOON",72.0,12.0,38.9341666667,-102.9583333333,269.25,76780.0,0.00192756,0.99342445,3.611e-05,-3.333e-05,-15.95,n/a,-0.000833,-33.388735,0.013351,20.275788,0.124004,0.860077,-0.114383,-15.538343
EOSS-356,KC0D-2,2024-04-21 09:30:47.050,2024-04-21 09:30:45,7838.0,-970.0,2400.0,descending,/153045h3856.06N/10257.50WO035/008/A=007838 54T7696P EOSS Balloon,"KC0D-2>APZEOS,EOSS,WIDE2-1,qAO,W9CN-9:/153045h3856.06N/10257.50WO035/008/A=007838 54T7696P EOSS Balloon",35.0,9.0,38.9343333333,-102.9583333333,278.55,76960.0,0.00186757,0.96250799,2.222e-05,-5.56e-06,-16.16666667,n/a,-0.007222,-33.249848,0.013184,20.252338,0.123509,0.843517,-0.165219,-15.517901
EOSS-356,KC0D-2,2024-04-21 09:31:17.311,2024-04-21 09:31:15,7384.0,-908.0,2430.0,descending,/153115h3856.10N/10257.44WO338/003/A=007384 56T7832P EOSS Balloon,"KC0D-2>APZEOS,EOSS,WIDE2-1,qAO,W9CN-9:/153115h3856.10N/10257.44WO338/003/A=007384 56T7832P EOSS Balloon",338.0,3.0,38.935,-102.9573333333,278.75,78320.0,0.00189921,0.97881418,3.333e-05,2.222e-05,-15.13333333,n/a,0.034444,-33.104916,0.013355,20.235492,0.12302,0.888122,0.171427,-15.154942
EOSS-356,AE0SS-2,2024-04-21 09:31:43.539,2024-04-21 09:31:41,6966.0,-897.0,2456.0,descending,/153141h3856.15N/10257.43WO041/009/A=006966 -9T7950P EOSS BALLOON,"AE0SS-2>APZEOS,EOSS,WIDE2-1,qAO,W9CN-9:/153141h3856.15N/10257.43WO041/009/A=006966 -9T7950P EOSS BALLOON",41.0,10.0,38.9358333333,-102.9571666667,272.25,79500.0,0.00197385,1.01728277,1.944e-05,2.778e-05,-14.95,n/a,0.003056,-32.960829,0.013273,20.219179,0.122527,0.890779,-0.083386,-14.874706
EOSS-356,KC0D-2,2024-04-21 09:32:17.305,2024-04-21 09:32:15,6524.0,-860.0,2490.0,descending,/153215h3856.17N/10257.38WO036/009/A=006524 63T8093P EOSS Balloon,"KC0D-2>APZEOS,EOSS,WIDE2-1,qAO,W9CN-9:/153215h3856.17N/10257.38WO036/009/A=006524 63T8093P EOSS Balloon",36.0,10.0,38.9361666667,-102.9563333333,279.45,80930.0,0.00195759,1.00889943,1.667e-05,1.944e-05,-14.33333333,n/a,0.010278,-32.814156,0.013249,20.206504,0.122036,0.914598,-0.024345,-14.718255
EOSS-356,AE0SS-2,2024-04-21 09:32:43.589,2024-04-21 09:32:41,6130.0,-836.0,2516.0,descending,/153241h3856.22N/10257.31WO036/010/A=006130 1T8204P EOSS BALLOON,"AE0SS-2>APZEOS,EOSS,WIDE2-1,qAO,W9CN-9:/153241h3856.22N/10257.31WO036/010/A=006130 1T8204P EOSS BALLOON",36.0,12.0,38.937,-102.9551666667,273.25,82040.0,0.00202946,1.04594279,3.333e-05,1.944e-05,-13.93333333,n/a,0.006667,-32.666649,0.013197,20.195863,0.121552,0.927582,-0.053722,-14.79779
EOSS-356,KC0D-2,2024-04-21 09:32:47.180,2024-04-21 09:32:45,6120.0,-808.0,2520.0,descending,/153245h3856.23N/10257.31WO031/009/A=006120 68T8219P EOSS Balloon,"KC0D-2>APZEOS,EOSS,WIDE2-1,qAO,W9CN-9:/153245h3856.23N/10257.31WO031/009/A=006120 68T8219P EOSS Balloon",31.0,10.0,38.9371666667,-102.9551666667,279.95,82190.0,0.00198452,1.02277701,3.889e-05,3.333e-05,-13.46666667,n/a,0.015556,-32.517812,0.013216,20.18772,0.121073,0.9437,0.019327,-14.803513
EOSS-356,KC0D-2,2024-04-21 09:33:17.423,2024-04-21 09:33:15,5602.0,-1036.0,2550.0,descending,/153315h3856.25N/10257.30WO003/008/A=005602 70T8382P EOSS Balloon,"KC0D-2>APZEOS,EOSS,WIDE2-1,qAO,W9CN-9:/153315h3856.25N/10257.30WO003/008/A=005602 70T8382P EOSS Balloon",3.0,9.0,38.9375,-102.955,280.15,83820.0,0.00202243,1.04231618,5.56e-06,1.111e-05,-17.26666667,n/a,-0.126667,-32.400496,0.012131,20.153759,0.121226,0.750918,-1.144952,-15.445742
EOSS-356,AE0SS-2,2024-04-21 09:33:45.474,2024-04-21 09:33:41,5134.0,-996.0,2576.0,descending,/153341h3856.25N/10257.25WO127/000/A=005134 16T8513P EOSS BALLOON,"AE0SS-2>APZEOS,EOSS,AE0SS-3*,qAO,W9CN-9:/153341h3856.25N/10257.25WO127/000/A=005134 16T8513P EOSS BALLOON",127.0,0.0,38.9375,-102.9541666667,274.75,85130.0,0.00209441,1.07941235,1.667e-05,8.33e-06,-16.6,n/a,0.011111,-32.279881,0.012123,20.123502,0.120755,0.779183,-0.008381,-16.826384
