flightid,callsign,receivetime,packettime,altitude_ft,altitude_m,vert_rate_ftmin,elapsed_secs,flight_phase,info,raw,bearing,speed_mph,speed_kph,latitude,longitude,distance_from_launch_mi,distance_from_launch_km,temperature_f,temperature_c,temperature_k,pressure_pa,pressure_atm,airdensity_slugs,airdensity_kgm3,velocity_x_degs,velocity_y_degs,velocity_z_fts,velocity_z_ms,airflow,acceleration_fts2,velocity_mean_fts,acceleration_mean_fts2,velocity_std_fts,acceleration_std_fts2,velocity_norm_fts,acceleration_norm_fts2,velocity_curvefit_fts,acceleration_ms2,velocity_mean_ms,acceleration_mean_ms2,velocity_std_ms,acceleration_std_ms2,velocity_norm_ms,acceleration_norm_ms2,velocity_curvefit_ms,reynolds_transition
EOSS-309,AE0SS-13,2021-04-10 07:03:42.877,2021-04-10 07:03:41,5001.0,1524.3,874.0,0.0,ascending,/130341h4013.55N/10404.57WO034/001EOSS Baloon/A=005001!W36!,"AE0SS-13>APTT4,EOSS,qAO,AE0SS-9:/130341h4013.55N/10404.57WO034/001EOSS Baloon/A=005001!W36!",34.0,1.0,1.6,40.2258833333,-104.0762666667,0.0,0.0,,,,,,,,2.278e-05,3.89e-06,14.56666667,4.43966667,high Re,,14.566667,,,,,,17.986539,,4.439667,,,,,,4.81442,
EOSS-309,KC0D-14,2021-04-10 07:03:46.975,2021-04-10 07:03:45,5135.0,1565.15,1136.0,4.0,ascending,/130345h4013.56N/10404.57WO008/010/A=005135 178T8413P EOSS BALLOON,"KC0D-14>APZEOS,EOSS,WIDE2-1,qAO,AE0SS-9:/130345h4013.56N/10404.57WO008/010/A=005135 178T8413P EOSS BALLOON",8.0,12.0,19.3,40.226,-104.0761666667,0.01,0.02,64.04,17.8,290.95,84130.0,0.83,0.00195456,1.00733744,2.778e-05,1.111e-05,18.93333333,5.771,high Re,0.145556,16.75,0.145556,3.0877,,0.707107,,18.119684,0.044378,5.105333,0.044378,0.941395,,0.707107,,5.066072,
EOSS-309,AE0SS-13,2021-04-10 07:04:12.762,2021-04-10 07:04:11,5591.0,1704.14,1180.0,30.0,ascending,/130411h4013.61N/10404.56WO056/007EOSS Baloon/A=005591!W75!,"AE0SS-13>APTT4,EOSS,qAO,AE0SS-9:/130411h4013.61N/10404.56WO056/007EOSS Baloon/A=005591!W75!",56.0,8.0,12.9,40.22695,-104.0760833333,0.07,0.12,,,,,,,,6.11e-06,3.556e-05,19.66666667,5.99466667,high Re,0.024444,17.722222,0.085,2.75728,0.085639,0.705204,-0.707108,18.589554,0.007456,5.401778,0.025917,0.840684,0.026108,0.705246,-0.707101,5.728419,
EOSS-309,KC0D-14,2021-04-10 07:04:16.951,2021-04-10 07:04:15,5704.0,1738.58,1138.0,34.0,ascending,/130415h4013.63N/10404.56WO016/009/A=005704 180T8232P EOSS BALLOON,"KC0D-14>APZEOS,EOSS,WIDE2-1,qAO,N6BA-10:/130415h4013.63N/10404.56WO016/009/A=005704 180T8232P EOSS BALLOON",16.0,10.0,16.1,40.2271666667,-104.076,0.09,0.14,64.4,18.0,291.15,82320.0,0.81,0.00191119,0.98498817,5.56e-06,3.889e-05,18.96666667,5.781,high Re,-0.023333,18.033333,0.048889,2.335713,0.087058,0.399593,-0.829585,18.708647,-0.007122,5.496583,0.014904,0.712123,0.026546,0.399393,-0.82973,5.852792,
EOSS-309,AE0SS-13,2021-04-10 07:04:42.702,2021-04-10 07:04:41,6192.0,1887.32,1202.0,60.0,ascending,/130441h4013.66N/10404.53WO102/008EOSS Baloon/A=006192!W35!,"AE0SS-13>APTT4,EOSS,qAO,N6BA-10:/130441h4013.66N/10404.53WO102/008EOSS Baloon/A=006192!W35!",102.0,9.0,14.5,40.2277166667,-104.0755833333,0.13,0.21,,,,,,,,1.667e-05,2.556e-05,20.03333333,6.106,high Re,0.035556,18.433333,0.045556,2.211711,0.071394,0.723422,-0.140068,19.226882,0.010833,5.618467,0.013886,0.674253,0.02177,0.723071,-0.140239,6.247813,
EOSS-309,KC0D-14,2021-04-10 07:04:46.997,2021-04-10 07:04:45,6317.0,1925.42,1226.0,64.0,ascending,/130445h4013.66N/10404.52WO094/006/A=006317 179T8044P EOSS BALLOON,"KC0D-14>APZEOS,EOSS,WIDE2-1,qAO,N6BA-10:/130445h4013.66N/10404.52WO094/006/A=006317 179T8044P EOSS BALLOON",94.0,7.0,11.3,40.2276666667,-104.0753333333,0.13,0.21,64.22,17.9,291.05,80440.0,0.79,0.00186819,0.962824,2.222e-05,1.667e-05,20.43333333,6.228,high Re,0.013333,18.766667,0.039111,2.140093,0.063486,0.778782,-0.406042,19.359362,0.004067,5.720056,0.011922,0.652392,0.019358,0.778587,-0.405775,6.317936,
EOSS-309,AE0SS-13,2021-04-10 07:05:12.569,2021-04-10 07:05:11,6832.0,2082.39,1280.0,90.0,ascending,/130511h4013.62N/10404.44WO128/013EOSS Baloon/A=006832!W47!,"AE0SS-13>APTT4,EOSS,qAO,N6BA-10:/130511h4013.62N/10404.44WO128/013EOSS Baloon/A=006832!W47!",128.0,15.0,24.1,40.2270666667,-104.0741166667,0.14,0.22,,,,,,,,4.889e-05,-2.167e-05,21.33333333,6.50233333,high Re,0.03,19.133333,0.037593,2.181233,0.056906,1.008604,-0.133431,19.896611,0.009144,5.83181,0.011459,0.664908,0.017351,1.008445,-0.133422,6.507821,
EOSS-309,KC0D-14,2021-04-10 07:05:16.955,2021-04-10 07:05:15,6966.0,2123.24,1298.0,94.0,ascending,/130515h4013.61N/10404.43WO141/015/A=006966 179T7850P EOSS BALLOON,"KC0D-14>APZEOS,EOSS,WIDE2-1,qAO,N6BA-10:/130515h4013.61N/10404.43WO141/015/A=006966 179T7850P EOSS BALLOON",141.0,17.0,27.4,40.2268333333,-104.0738333333,0.14,0.23,64.22,17.9,291.05,78500.0,0.77,0.00182313,0.93960323,5e-05,-2.778e-05,21.63333333,6.594,high Re,0.01,19.445833,0.033651,2.204392,0.052984,0.992337,-0.44638,20.032992,0.003056,5.927083,0.010259,0.671983,0.016155,0.992461,-0.445868,6.536381,
EOSS-309,AE0SS-13,2021-04-10 07:05:42.661,2021-04-10 07:05:41,7471.0,2277.16,1278.0,120.0,ascending,/130541h4013.49N/10404.31WO154/028EOSS Baloon/A=007471!W28!,"AE0SS-13>APTT4,EOSS,qAO,N6BA-10:/130541h4013.49N/10404.31WO154/028EOSS Baloon/A=007471!W28!",154.0,32.0,51.5,40.2248666667,-104.0719666667,0.24,0.38,,,,,,,,7.167e-05,-7.333e-05,21.3,6.49233333,high Re,-0.011111,19.651852,0.028056,2.152654,0.051543,0.765635,-0.75989,20.528998,-0.003389,5.989889,0.008553,0.656214,0.015716,0.765671,-0.759863,6.590969,
EOSS-309,KC0D-14,2021-04-10 07:05:46.979,2021-04-10 07:05:45,7590.0,2313.43,1248.0,124.0,ascending,/130545h4013.47N/10404.30WO150/027/A=007590 178T7666P EOSS BALLOON,"KC0D-14>APZEOS,EOSS,WIDE2-1,qAO,N6BA-10:/130545h4013.47N/10404.30WO150/027/A=007590 178T7666P EOSS BALLOON",150.0,31.0,49.9,40.2245,-104.0716666667,0.26,0.42,64.04,17.8,290.95,76660.0,0.76,0.00178101,0.91789478,7.222e-05,-7.778e-05,20.8,6.33966667,high Re,-0.016667,19.766667,0.023086,2.061762,0.050466,0.501189,-0.787718,20.641082,-0.005089,6.024867,0.007037,0.628494,0.015388,0.500879,-0.788017,6.594663,
EOSS-309,AE0SS-13,2021-04-10 07:06:12.607,2021-04-10 07:06:11,8088.0,2465.22,1234.0,150.0,ascending,/130611h4013.26N/10404.16WO147/024EOSS Baloon/A=008088!W44!,"AE0SS-13>APTT4,EOSS,qAO,N6BA-10:/130611h4013.26N/10404.16WO147/024EOSS Baloon/A=008088!W44!",147.0,28.0,45.1,40.2210666667,-104.0694,0.49,0.79,,,,,,,,8.556e-05,-0.00012667,20.56666667,6.26866667,high Re,-0.007778,19.839394,0.02,1.970776,0.048571,0.369029,-0.571905,21.087014,-0.002367,6.04703,0.006097,0.600756,0.014809,0.36893,-0.571544,6.587363,
EOSS-309,KC0D-14,2021-04-10 07:06:16.962,2021-04-10 07:06:15,8206.0,2501.19,1232.0,154.0,ascending,/130615h4013.22N/10404.14WO144/038/A=008206 176T7490P EOSS BALLOON,"KC0D-14>APZEOS,EOSS,WIDE2-1,qAO,N6BA-10:/130615h4013.22N/10404.14WO144/038/A=008206 176T7490P EOSS BALLOON",144.0,44.0,70.8,40.2203333333,-104.069,0.54,0.87,63.68,17.6,290.75,74900.0,0.74,0.00174132,0.89743818,8.889e-05,-0.00013889,20.53333333,6.25866667,high Re,-0.001111,19.897222,0.018081,1.889709,0.046516,0.336619,-0.412589,21.186806,-0.000333,6.064667,0.005512,0.576048,0.014183,0.336777,-0.412113,6.582145,
EOSS-309,AE0SS-13,2021-04-10 07:06:42.662,2021-04-10 07:06:41,8679.0,2645.36,1182.0,180.0,ascending,/130641h4013.01N/10403.91WO136/036EOSS Baloon/A=008679!W18!,"AE0SS-13>APTT4,EOSS,qAO,N6BA-10:/130641h4013.01N/10403.91WO136/036EOSS Baloon/A=008679!W18!",136.0,41.0,66.0,40.21685,-104.0653,0.85,1.37,,,,,,,,0.00013667,-0.00014056,19.7,6.00466667,high Re,-0.027778,19.882051,0.014259,1.810086,0.046285,-0.100576,-0.908221,21.562515,-0.008467,6.060051,0.004347,0.551775,0.014112,-0.100375,-0.908022,6.556427,
EOSS-309,KC0D-14,2021-04-10 07:06:46.952,2021-04-10 07:06:45,8800.0,2682.24,1188.0,184.0,ascending,/130645h4012.97N/10403.88WO138/044/A=008800 177T7323P EOSS BALLOON,"KC0D-14>APZEOS,EOSS,WIDE2-1,qAO,N6BA-10:/130645h4012.97N/10403.88WO138/044/A=008800 177T7323P EOSS BALLOON",138.0,51.0,82.1,40.2161666667,-104.0646666667,0.91,1.46,63.86,17.7,290.85,73230.0,0.72,0.00170191,0.87712687,0.00014444,-0.00013889,19.8,6.035,high Re,0.003333,19.87619,0.013419,1.739212,0.044418,-0.043807,-0.22707,21.652171,0.001011,6.058262,0.004091,0.53017,0.013543,-0.043876,-0.227424,6.549739,
EOSS-309,AE0SS-13,2021-04-10 07:07:12.643,2021-04-10 07:07:11,9322.0,2841.35,1286.0,210.0,ascending,/130711h4012.75N/10403.63WO132/036EOSS Baloon/A=009322!W05!,"AE0SS-13>APTT4,EOSS,qAO,N6BA-10:/130711h4012.75N/10403.63WO132/036EOSS Baloon/A=009322!W05!",132.0,41.0,66.0,40.2125,-104.0605833333,1.24,2.0,,,,,,,,0.00015722,-0.000145,21.43333333,6.533,high Re,0.054444,19.98,0.016349,1.723498,0.044061,0.843246,0.864597,22.00785,0.0166,6.089911,0.004984,0.525384,0.013434,0.843362,0.864672,6.526571,
EOSS-309,KC0D-14,2021-04-10 07:07:17.028,2021-04-10 07:07:15,9446.0,2879.14,1292.0,214.0,ascending,/130715h4012.71N/10403.60WO143/039/A=009446 176T7145P EOSS BALLOON,"KC0D-14>APZEOS,EOSS,WIDE2-1,qAO,N6BA-10:/130715h4012.71N/10403.60WO143/039/A=009446 176T7145P EOSS BALLOON",143.0,45.0,72.4,40.2118333333,-104.06,1.29,2.08,63.68,17.6,290.75,71450.0,0.71,0.00166111,0.85610091,0.00015556,-0.00014444,21.53333333,6.56333333,high Re,0.003333,20.077083,0.015481,1.709742,0.042591,0.851737,-0.285225,22.084846,0.001011,6.1195,0.004719,0.521186,0.012986,0.851583,-0.285538,6.523149,
EOSS-309,AE0SS-13,2021-04-10 07:07:42.586,2021-04-10 07:07:41,9978.0,3041.29,1312.0,240.0,ascending,/130741h4012.50N/10403.40WO143/038EOSS Baloon/A=009978!W80!,"AE0SS-13>APTT4,EOSS,qAO,N6BA-10:/130741h4012.50N/10403.40WO143/038EOSS Baloon/A=009978!W80!",143.0,44.0,70.8,40.2084666667,-104.0566666667,1.59,2.55,,,,,,,,0.00013056,-0.00013444,21.86666667,6.66466667,high Re,0.011111,20.182353,0.015208,1.711404,0.041162,0.984171,-0.099534,22.382563,0.003378,6.151569,0.004635,0.52167,0.01255,0.983568,-0.100159,6.520707,
EOSS-309,KC0D-14,2021-04-10 07:07:46.886,2021-04-10 07:07:45,10110.0,3081.53,1328.0,244.0,ascending,/130745h4012.48N/10403.37WO146/031/A=010110 177T6967P EOSS BALLOON,"KC0D-14>APZEOS,EOSS,WIDE2-1,qAO,N6BA-10:/130745h4012.48N/10403.37WO146/031/A=010110 177T6967P EOSS BALLOON",146.0,36.0,57.9,40.208,-104.0561666667,1.63,2.62,63.86,17.7,290.85,69670.0,0.69,0.00161917,0.83448626,0.00012778,-0.00012778,22.13333333,6.74633333,high Re,0.008889,20.290741,0.014837,1.722811,0.039884,1.069527,-0.149132,22.448323,0.002722,6.184611,0.004523,0.525152,0.01216,1.069638,-0.148109,6.523467,
EOSS-309,AE0SS-13,2021-04-10 07:08:12.466,2021-04-10 07:08:11,10664.0,3250.39,1372.0,270.0,ascending,/130811h4012.28N/10403.18WO144/035EOSS Baloon/A=010664!W33!,"AE0SS-13>APTT4,EOSS,qAO,KB0TVJ-1:/130811h4012.28N/10403.18WO144/035EOSS Baloon/A=010664!W33!",144.0,40.0,64.4,40.2047166667,-104.05305,1.91,3.07,,,,,,,,0.00012056,-0.000125,22.86666667,6.97,high Re,0.024444,20.426316,0.01537,1.775505,0.038759,1.374454,0.234113,22.690171,0.007456,6.225947,0.004686,0.541228,0.011818,1.37475,0.234388,6.550286,
EOSS-309,KC0D-14,2021-04-10 07:08:16.935,2021-04-10 07:08:15,10794.0,3290.01,1368.0,274.0,ascending,/130815h4012.25N/10403.16WO136/032/A=010794 176T6785P EOSS BALLOON,"KC0D-14>APZEOS,EOSS,WIDE2-1,qAO,N6BA-10:/130815h4012.25N/10403.16WO136/032/A=010794 176T6785P EOSS BALLOON",136.0,37.0,59.5,40.2041666667,-104.0526666667,1.95,3.14,63.68,17.6,290.75,67850.0,0.67,0.00157742,0.81296636,0.00011667,-0.00012778,22.8,6.94933333,high Re,-0.002222,20.545,0.014444,1.807822,0.037883,1.247357,-0.439933,22.739157,-0.000689,6.262117,0.004403,0.551067,0.011551,1.247065,-0.440828,6.560077,
EOSS-309,AE0SS-13,2021-04-10 07:08:42.716,2021-04-10 07:08:41,11366.0,3464.36,1404.0,300.0,ascending,/130841h4012.06N/10402.97WO135/030EOSS Baloon/A=011366!W70!,"AE0SS-13>APTT4,EOSS,qAO,N6BA-10:/130841h4012.06N/10402.97WO135/030EOSS Baloon/A=011366!W70!",135.0,35.0,56.3,40.2011166667,-104.0495,2.22,3.57,,,,,,,,0.00011833,-0.00012,23.4,7.13233333,high Re,0.02,20.680952,0.014722,1.868944,0.036894,1.454858,0.143058,22.921553,0.0061,6.303556,0.004488,0.569695,0.011249,1.454774,0.143302,6.617616,
EOSS-309,KC0D-14,2021-04-10 07:08:46.961,2021-04-10 07:08:45,11489.0,3501.85,1390.0,304.0,ascending,/130845h4012.04N/10402.94WO136/032/A=011489 177T6605P EOSS BALLOON,"KC0D-14>APZEOS,EOSS,WIDE2-1,qAO,N6BA-10:/130845h4012.04N/10402.94WO136/032/A=011489 177T6605P EOSS BALLOON",136.0,37.0,59.5,40.2006666667,-104.049,2.26,3.63,63.86,17.7,290.85,66050.0,0.65,0.00153504,0.79112699,0.00012222,-0.00011667,23.16666667,7.06133333,high Re,-0.007778,20.793939,0.013651,1.899335,0.036293,1.249241,-0.590444,22.954034,-0.002367,6.338,0.004161,0.578963,0.011066,1.24936,-0.589915,6.632781,
EOSS-309,AE0SS-13,2021-04-10 07:09:12.471,2021-04-10 07:09:11,12072.0,3679.55,1412.0,330.0,ascending,/130911h4011.86N/10402.73WO130/032EOSS Baloon/A=012072!W67!,"AE0SS-13>APTT4,EOSS,qAO,KB0TVJ-1:/130911h4011.86N/10402.73WO130/032EOSS Baloon/A=012072!W67!",130.0,37.0,59.5,40.1977666667,-104.0456166667,2.53,4.07,,,,,,,,0.00012944,-0.00011167,23.53333333,7.173,high Re,0.012222,20.913043,0.013586,1.94159,0.03542,1.349559,-0.038509,23.078148,0.003722,6.374304,0.004141,0.591842,0.010799,1.349509,-0.0388,6.715521,
EOSS-309,KC0D-14,2021-04-10 07:09:16.974,2021-04-10 07:09:15,12184.0,3713.68,1390.0,334.0,ascending,/130915h4011.84N/10402.71WO143/034/A=012184 176T6428P EOSS BALLOON,"KC0D-14>APZEOS,EOSS,WIDE2-1,qAO,N6BA-10:/130915h4011.84N/10402.71WO143/034/A=012184 176T6428P EOSS BALLOON",143.0,39.0,62.8,40.1973333333,-104.0451666667,2.56,4.13,63.68,17.6,290.75,64280.0,0.63,0.00149442,0.77019127,0.00012778,-0.00011111,23.16666667,7.061,high Re,-0.012222,21.006944,0.012464,1.953839,0.035021,1.105374,-0.704891,23.096692,-0.003733,6.402917,0.003799,0.595563,0.010678,1.104976,-0.705376,6.733114,
EOSS-309,AE0SS-13,2021-04-10 07:09:42.423,2021-04-10 07:09:41,12761.0,3889.55,1378.0,360.0,ascending,/130941h4011.66N/10402.51WO148/029EOSS Baloon/A=012761!W46!,"AE0SS-13>APTT4,EOSS,qAO,KB0TVJ-1:/130941h4011.66N/10402.51WO148/029EOSS Baloon/A=012761!W46!",148.0,33.0,53.1,40.1944,-104.0419333333,2.83,4.55,,,,,,,,0.00012278,-0.00011222,22.96666667,7.0,high Re,-0.006667,21.085333,0.011667,1.952446,0.034473,0.963578,-0.531837,23.168029,-0.002033,6.4268,0.003556,0.595127,0.010511,0.963156,-0.531729,6.829547,
EOSS-309,KC0D-14,2021-04-10 07:09:46.908,2021-04-10 07:09:45,12875.0,3924.3,1382.0,364.0,ascending,/130945h4011.64N/10402.49WO148/030/A=012875 177T6257P EOSS BALLOON,"KC0D-14>APZEOS,EOSS,WIDE2-1,qAO,N6BA-10:/130945h4011.64N/10402.49WO148/030/A=012875 177T6257P EOSS BALLOON",148.0,35.0,56.3,40.194,-104.0415,2.86,4.61,63.86,17.7,290.85,62570.0,0.62,0.00145416,0.7494446,0.00012222,-0.00011111,23.03333333,7.02066667,high Re,0.002222,21.160256,0.011289,1.950772,0.0338,0.960172,-0.268254,23.177704,0.000689,6.449641,0.003441,0.594621,0.010306,0.960319,-0.267029,6.849378,
EOSS-309,AE0SS-13,2021-04-10 07:10:12.568,2021-04-10 07:10:11,13466.0,4104.44,1410.0,390.0,ascending,/131011h4011.44N/10402.31WO148/030EOSS Baloon/A=013466!W37!,"AE0SS-13>APTT4,EOSS,qAO,KB0TVJ-1:/131011h4011.44N/10402.31WO148/030EOSS Baloon/A=013466!W37!",148.0,35.0,56.3,40.1907166667,-104.0386166667,3.14,5.05,,,,,,,,0.00011056,-0.00012278,23.5,7.163,high Re,0.015556,21.246914,0.011453,1.965172,0.033128,1.146508,0.123853,23.207711,0.004744,6.476062,0.003491,0.599018,0.010101,1.146774,0.124047,6.953263,
EOSS-309,KC0D-14,2021-04-10 07:10:16.938,2021-04-10 07:10:15,13575.0,4137.66,1400.0,394.0,ascending,/131015h4011.41N/10402.29WO150/032/A=013575 175T6088P EOSS BALLOON,"KC0D-14>APZEOS,EOSS,WIDE2-1,qAO,N6BA-10:/131015h4011.41N/10402.29WO150/032/A=013575 175T6088P EOSS BALLOON",150.0,37.0,59.5,40.1901666667,-104.0381666667,3.18,5.12,63.5,17.5,290.65,60880.0,0.6,0.00141586,0.72970406,0.00011111,-0.00012778,23.33333333,7.112,high Re,-0.005556,21.321429,0.010823,1.968334,0.032649,1.022136,-0.501669,23.209935,-0.0017,6.498774,0.003299,0.59998,0.009955,1.022077,-0.50216,6.972288,
EOSS-309,AE0SS-13,2021-04-10 07:10:42.436,2021-04-10 07:10:41,14165.0,4317.49,1398.0,420.0,ascending,/131041h4011.21N/10402.12WO149/034EOSS Baloon/A=014165!W00!,"AE0SS-13>APTT4,EOSS,qAO,KB0TVJ-1:/131041h4011.21N/10402.12WO149/034EOSS Baloon/A=014165!W00!",149.0,39.0,62.8,40.1868333333,-104.0353333333,3.45,5.56,,,,,,,,0.00010944,-0.00012944,23.3,7.10166667,high Re,-0.001111,21.389655,0.010397,1.967476,0.032118,0.970962,-0.358304,23.207335,-0.000344,6.519563,0.003169,0.599711,0.009793,0.97064,-0.358726,7.071951,
EOSS-309,KC0D-14,2021-04-10 07:10:46.964,2021-04-10 07:10:45,14271.0,4349.8,1392.0,424.0,ascending,/131045h4011.18N/10402.09WO146/031/A=014271 176T5924P EOSS BALLOON,"KC0D-14>APZEOS,EOSS,WIDE2-1,qAO,N6BA-10:/131045h4011.18N/10402.09WO146/031/A=014271 176T5924P EOSS BALLOON",146.0,36.0,57.9,40.1863333333,-104.0348333333,3.5,5.63,63.68,17.6,290.75,59240.0,0.58,0.00137725,0.70980291,0.00011111,-0.00012778,23.2,7.07133333,high Re,-0.003333,21.45,0.009923,1.961307,0.031642,0.892262,-0.418937,23.204608,-0.001011,6.537956,0.003025,0.597829,0.009648,0.89219,-0.418325,7.089003,
EOSS-309,AE0SS-13,2021-04-10 07:11:12.461,2021-04-10 07:11:11,14854.0,4527.5,1378.0,450.0,ascending,/131111h4010.96N/10401.90WO148/036EOSS Baloon/A=014854!W49!,"AE0SS-13>APTT4,EOSS,qAO,KB0TVJ-1:/131111h4010.96N/10401.90WO148/036EOSS Baloon/A=014854!W49!",148.0,41.0,66.0,40.1827333333,-104.0318166667,3.79,6.1,,,,,,,,0.00011722,-0.00013667,22.96666667,7.00033333,high Re,-0.007778,21.498925,0.009333,1.947486,0.031259,0.75366,-0.547394,23.180352,-0.002367,6.552871,0.002845,0.593619,0.009531,0.753787,-0.546847,7.176191,
EOSS-309,KC0D-14,2021-04-10 07:11:17.027,2021-04-10 07:11:15,14960.0,4559.81,1378.0,454.0,ascending,/131115h4010.93N/10401.88WO150/033/A=014960 175T5764P EOSS BALLOON,"KC0D-14>APZEOS,EOSS,WIDE2-1,qAO,N6BA-10:/131115h4010.93N/10401.88WO150/033/A=014960 175T5764P EOSS BALLOON",150.0,38.0,61.2,40.1821666667,-104.0313333333,3.84,6.18,63.5,17.5,290.65,57640.0,0.57,0.00134051,0.69086962,0.00011667,-0.00013889,22.96666667,7.00033333,high Re,0.0,21.544792,0.009032,1.933308,0.03078,0.735462,-0.293437,23.174594,0.0,6.566854,0.002753,0.589299,0.009385,0.735585,-0.29334,7.190661,
EOSS-309,AE0SS-13,2021-04-10 07:11:42.453,2021-04-10 07:11:41,15550.0,4739.64,1392.0,480.0,ascending,/131141h4010.69N/10401.69WO147/040EOSS Baloon/A=015550!W53!,"AE0SS-13>APTT4,EOSS,qAO,KB0TVJ-1:/131141h4010.69N/10401.69WO147/040EOSS Baloon/A=015550!W53!",147.0,46.0,74.0,40.17825,-104.0282166667,4.15,6.68,,,,,,,,0.00012,-0.00014944,23.2,7.07133333,high Re,0.007778,21.594949,0.008993,1.924551,0.03028,0.833987,-0.040125,23.137895,0.002367,6.582141,0.002741,0.586628,0.009232,0.833906,-0.040511,7.262097,
EOSS-309,KC0D-14,2021-04-10 07:11:46.947,2021-04-10 07:11:45,15649.0,4769.82,1378.0,484.0,ascending,/131145h4010.66N/10401.66WO149/035/A=015649 175T5609P EOSS BALLOON,"KC0D-14>APZEOS,EOSS,WIDE2-1,qAO,N6BA-10:/131145h4010.66N/10401.66WO149/035/A=015649 175T5609P EOSS BALLOON",149.0,40.0,64.4,40.1776666667,-104.0276666667,4.2,6.76,63.5,17.5,290.65,56090.0,0.55,0.00130446,0.67229141,0.00012222,-0.00015,22.96666667,7.00033333,high Re,-0.007778,21.635294,0.008485,1.909712,0.029946,0.697159,-0.543078,23.131254,-0.002367,6.594441,0.002587,0.582107,0.00913,0.697281,-0.542607,7.272472,
EOSS-309,AE0SS-13,2021-04-10 07:12:12.546,2021-04-10 07:12:11,16245.0,4951.48,1390.0,510.0,ascending,/131211h4010.45N/10401.49WO143/029EOSS Baloon/A=016245!W13!,"AE0SS-13>APTT4,EOSS,qAO,KB0TVJ-1:/131211h4010.45N/10401.49WO143/029EOSS Baloon/A=016245!W13!",143.0,33.0,53.1,40.1741833333,-104.0248833333,4.48,7.21,,,,,,,,0.00011111,-0.00013556,23.16666667,7.06133333,high Re,0.006667,21.679048,0.008431,1.899141,0.02949,0.783311,-0.059817,23.091042,0.002033,6.607781,0.00257,0.578887,0.008991,0.78349,-0.059726,7.324465,
EOSS-309,KC0D-14,2021-04-10 07:12:16.927,2021-04-10 07:12:15,16344.0,4981.65,1390.0,514.0,ascending,/131215h4010.43N/10401.47WO146/026/A=016344 173T5456P EOSS BALLOON,"KC0D-14>APZEOS,EOSS,WIDE2-1,qAO,N6BA-10:/131215h4010.43N/10401.47WO146/026/A=016344 173T5456P EOSS BALLOON",146.0,30.0,48.3,40.1738333333,-104.0245,4.51,7.26,63.14,17.3,290.45,54560.0,0.54,0.00126975,0.65440322,0.00010556,-0.00012778,23.16666667,7.061,high Re,0.0,21.72037,0.00819,1.888163,0.029088,0.765981,-0.281559,23.084585,-1.1e-05,6.62037,0.002497,0.575536,0.008869,0.765599,-0.282783,7.331329,
EOSS-309,AE0SS-13,2021-04-10 07:12:42.454,2021-04-10 07:12:41,16944.0,5164.53,1398.0,540.0,ascending,/131241h4010.26N/10401.34WO149/023EOSS Baloon/A=016944!W81!,"AE0SS-13>APTT4,EOSS,qAO,KB0TVJ-1:/131241h4010.26N/10401.34WO149/023EOSS Baloon/A=016944!W81!",149.0,26.0,41.8,40.1711333333,-104.02235,4.73,7.61,,,,,,,,8.444e-05,-0.00010167,23.3,7.10166667,high Re,0.004444,21.763063,0.008086,1.879778,0.028676,0.817616,-0.127005,23.049238,0.001356,6.633378,0.002465,0.572976,0.008743,0.817292,-0.126844,7.362104,
EOSS-309,KC0D-14,2021-04-10 07:12:46.999,2021-04-10 07:12:45,17041.0,5194.1,1394.0,544.0,ascending,/131245h4010.25N/10401.32WO143/022/A=017041 173T5305P EOSS BALLOON,"KC0D-14>APZEOS,EOSS,WIDE2-1,qAO,N6BA-10:/131245h4010.25N/10401.32WO143/022/A=017041 173T5305P EOSS BALLOON",143.0,25.0,40.2,40.1708333333,-104.022,4.76,7.66,63.14,17.3,290.45,53050.0,0.52,0.00123461,0.63629199,8.333e-05,-0.0001,23.23333333,7.08166667,high Re,-0.002222,21.801754,0.007808,1.869479,0.028326,0.765764,-0.354092,23.044357,-0.000667,6.645175,0.00238,0.569839,0.008636,0.765991,-0.352825,7.36536,
EOSS-309,KC0D-14,2021-04-10 07:13:16.981,2021-04-10 07:13:15,17745.0,5408.68,1408.0,574.0,ascending,/131315h4010.08N/10401.19WO142/025/A=017745 171T5157P EOSS BALLOON,"KC0D-14>APZEOS,EOSS,WIDE2-1,qAO,N6BA-10:/131315h4010.08N/10401.19WO142/025/A=017745 171T5157P EOSS BALLOON",142.0,29.0,46.7,40.168,-104.0198333333,4.98,8.02,62.78,17.1,290.25,51570.0,0.51,0.00120099,0.6189668,7.222e-05,-9.444e-05,23.46666667,7.15266667,high Re,0.007778,21.844444,0.007807,1.863882,0.027941,0.870346,-0.001038,23.01886,0.002367,6.658188,0.00238,0.568133,0.008519,0.870357,-0.001526,7.375435,
EOSS-309,AE0SS-13,2021-04-10 07:13:42.463,2021-04-10 07:13:41,18355.0,5594.6,1411.0,600.0,ascending,/131341h4009.92N/10401.07WO150/026EOSS Baloon/A=018355!W57!,"AE0SS-13>APTT4,EOSS,qAO,KB0TVJ-1:/131341h4009.92N/10401.07WO150/026EOSS Baloon/A=018355!W57!",150.0,30.0,48.3,40.1654166667,-104.01795,5.19,8.35,,,,,,,,7.333e-05,-9.528e-05,23.51666667,7.16783333,high Re,0.000833,21.88625,0.007628,1.858732,0.027593,0.877166,-0.246258,23.01457,0.000253,6.670929,0.002325,0.566562,0.008413,0.877052,-0.246286,7.36672,
EOSS-309,KC0D-14,2021-04-10 07:13:46.975,2021-04-10 07:13:45,18451.0,5623.86,1412.0,604.0,ascending,/131345h4009.90N/10401.06WO141/026/A=018451 170T5011P EOSS BALLOON,"KC0D-14>APZEOS,EOSS,WIDE2-1,qAO,N6BA-10:/131345h4009.90N/10401.06WO141/026/A=018451 170T5011P EOSS BALLOON",141.0,30.0,48.3,40.165,-104.0176666667,5.22,8.4,62.6,17.0,290.15,50110.0,0.49,0.00116739,0.60165049,7.222e-05,-0.0001,23.53333333,7.17266667,high Re,0.000556,21.926423,0.007451,1.853289,0.02726,0.867059,-0.252935,23.015675,0.000161,6.683167,0.002271,0.564896,0.008312,0.866531,-0.25385,7.364063,
EOSS-309,AE0SS-13,2021-04-10 07:14:12.439,2021-04-10 07:14:11,19054.0,5807.66,1398.0,630.0,ascending,/131411h4009.75N/10400.90WO138/028EOSS Baloon/A=019054!W99!,"AE0SS-13>APTT4,EOSS,qAO,KB0TVJ-1:/131411h4009.75N/10400.90WO138/028EOSS Baloon/A=019054!W99!",138.0,32.0,51.5,40.16265,-104.01515,5.43,8.73,,,,,,,,9.333e-05,-9.222e-05,23.3,7.102,high Re,-0.007778,21.959127,0.00708,1.842778,0.027022,0.727637,-0.549848,23.034979,-0.002356,6.693139,0.002158,0.561695,0.008239,0.727906,-0.547882,7.340701,
EOSS-309,KC0D-14,2021-04-10 07:14:16.985,2021-04-10 07:14:15,19152.0,5837.53,1402.0,634.0,ascending,/131415h4009.74N/10400.88WO139/027/A=019152 168T4870P EOSS BALLOON,"KC0D-14>APZEOS,EOSS,WIDE2-1,qAO,N6BA-10:/131415h4009.74N/10400.88WO139/027/A=019152 168T4870P EOSS BALLOON",139.0,31.0,49.9,40.1623333333,-104.0146666667,5.46,8.79,62.24,16.8,289.95,48700.0,0.48,0.00113533,0.58512452,0.0001,-8.889e-05,23.36666667,7.12233333,high Re,0.002222,21.99186,0.006964,1.833317,0.026701,0.749901,-0.177596,23.04024,0.000678,6.70312,0.002123,0.558814,0.008141,0.750184,-0.177497,7.33596,
EOSS-309,AE0SS-13,2021-04-10 07:14:42.484,2021-04-10 07:14:41,19740.0,6016.75,1372.0,660.0,ascending,/131441h4009.58N/10400.71WO144/024EOSS Baloon/A=019740!W57!,"AE0SS-13>APTT4,EOSS,qAO,KB0TVJ-1:/131441h4009.58N/10400.71WO144/024EOSS Baloon/A=019740!W57!",144.0,28.0,45.1,40.15975,-104.01195,5.69,9.15,,,,,,,,0.00010667,-9.667e-05,22.86666667,6.96966667,high Re,-0.016667,22.011742,0.006415,1.816667,0.026626,0.470601,-0.866897,23.08513,-0.005089,6.709178,0.001955,0.553738,0.008118,0.470419,-0.867701,7.303403,
EOSS-309,KC0D-14,2021-04-10 07:14:46.934,2021-04-10 07:14:45,19837.0,6046.32,1370.0,664.0,ascending,/131445h4009.56N/10400.70WO143/030/A=019837 167T4735P EOSS BALLOON,"KC0D-14>APZEOS,EOSS,WIDE2-1,qAO,N6BA-10:/131445h4009.56N/10400.70WO143/030/A=019837 167T4735P EOSS BALLOON",143.0,35.0,56.3,40.1593333333,-104.0116666667,5.72,9.21,62.06,16.7,289.85,47350.0,0.47,0.00110424,0.56910071,0.0001,-0.0001,22.83333333,6.95966667,high Re,-0.001111,22.03,0.006244,1.800076,0.026339,0.446277,-0.279244,23.094797,-0.000333,6.714744,0.001903,0.548681,0.008031,0.446384,-0.278421,7.297503,
EOSS-309,AE0SS-13,2021-04-10 07:15:12.469,2021-04-10 07:15:11,20423.0,6224.93,1366.0,690.0,ascending,/131511h4009.35N/10400.52WO143/035EOSS Baloon/A=020423!W81!,"AE0SS-13>APTT4,EOSS,qAO,KB0TVJ-1:/131511h4009.35N/10400.52WO143/035EOSS Baloon/A=020423!W81!",143.0,40.0,64.4,40.1559666667,-104.0086833333,6.0,9.66,,,,,,,,0.00010889,-0.00012611,22.76666667,6.93933333,high Re,-0.002222,22.046014,0.006056,1.783273,0.026069,0.404118,-0.317542,23.167305,-0.000678,6.719627,0.001846,0.54356,0.007948,0.404199,-0.317564,7.260167,
EOSS-309,KC0D-14,2021-04-10 07:15:17.001,2021-04-10 07:15:15,20530.0,6257.54,1386.0,694.0,ascending,/131515h4009.33N/10400.50WO144/032/A=020530 164T4602P EOSS BALLOON,"KC0D-14>APZEOS,EOSS,WIDE2-1,qAO,N6BA-10:/131515h4009.33N/10400.50WO144/032/A=020530 164T4602P EOSS BALLOON",144.0,37.0,59.5,40.1555,-104.0083333333,6.04,9.72,61.52,16.4,289.55,46020.0,0.45,0.00107433,0.55368849,0.00011111,-0.00012778,23.1,7.04066667,high Re,0.011111,22.06844,0.006165,1.770471,0.025788,0.582647,0.191795,23.183195,0.003378,6.726457,0.001879,0.539655,0.007863,0.582242,0.19064,7.253206,
EOSS-309,AE0SS-13,2021-04-10 07:15:42.485,2021-04-10 07:15:41,21125.0,6438.9,1404.0,720.0,ascending,/131541h4009.13N/10400.30WO136/037EOSS Baloon/A=021125!W75!,"AE0SS-13>APTT4,EOSS,qAO,KB0TVJ-1:/131541h4009.13N/10400.30WO136/037EOSS Baloon/A=021125!W75!",136.0,43.0,69.2,40.1522833333,-104.0050833333,6.32,10.17,,,,,,,,0.00012,-0.00012278,23.4,7.13233333,high Re,0.01,22.096181,0.006247,1.762048,0.025513,0.739945,0.147101,23.286656,0.003056,6.734913,0.001904,0.537088,0.007779,0.739954,0.148091,7.21523,
EOSS-309,KC0D-14,2021-04-10 07:15:46.962,2021-04-10 07:15:45,21237.0,6473.04,1414.0,724.0,ascending,/131545h4009.12N/10400.28WO139/030/A=021237 163T4469P EOSS BALLOON,"KC0D-14>APZEOS,EOSS,WIDE2-1,qAO,N6BA-10:/131545h4009.12N/10400.28WO139/030/A=021237 163T4469P EOSS BALLOON",139.0,35.0,56.3,40.152,-104.0046666667,6.35,10.21,61.34,16.3,289.45,44690.0,0.44,0.00104364,0.53787239,0.00012222,-0.00011667,23.56666667,7.18333333,high Re,0.005556,22.12619,0.006233,1.756206,0.02524,0.820221,-0.026823,23.308993,0.0017,6.744065,0.0019,0.53531,0.007695,0.820587,-0.025991,7.2084,
EOSS-309,KC0D-14,2021-04-10 07:16:17.017,2021-04-10 07:16:15,21958.0,6692.8,1442.0,754.0,ascending,/131615h4008.92N/10400.04WO139/032/A=021958 159T4337P EOSS BALLOON,"KC0D-14>APZEOS,EOSS,WIDE2-1,qAO,N6BA-10:/131615h4008.92N/10400.04WO139/032/A=021958 159T4337P EOSS BALLOON",139.0,37.0,59.5,40.1486666667,-104.0006666667,6.66,10.71,60.62,15.9,289.05,43370.0,0.43,0.00101422,0.5227077,0.00013333,-0.00011111,24.03333333,7.32533333,high Re,0.015556,22.164333,0.006423,1.758994,0.025011,1.062539,0.365159,23.474239,0.004733,6.75569,0.001958,0.536159,0.007626,1.062452,0.363887,7.169141,
EOSS-309,AE0SS-13,2021-04-10 07:16:42.434,2021-04-10 07:16:41,22545.0,6871.72,1420.0,780.0,ascending,/131641h4008.75N/10359.81WO136/036EOSS Baloon/A=022545!W54!,"AE0SS-13>APTT4,EOSS,qAO,KB0TVJ-1:/131641h4008.75N/10359.81WO136/036EOSS Baloon/A=022545!W54!",136.0,41.0,66.0,40.1459166667,-103.9969,6.93,11.15,,,,,,,,0.00013639,-0.00010611,23.66666667,7.21366667,high Re,-0.006111,22.193791,0.006172,1.753976,0.024818,0.839735,-0.494923,23.635426,-0.001861,6.76467,0.001882,0.534631,0.007567,0.839825,-0.494648,7.145829,
EOSS-309,KC0D-14,2021-04-10 07:16:46.948,2021-04-10 07:16:45,22666.0,6908.6,1416.0,784.0,ascending,/131645h4008.73N/10359.78WO133/031/A=022666 158T4208P EOSS BALLOON,"KC0D-14>APZEOS,EOSS,WIDE2-1,qAO,N6BA-10:/131645h4008.73N/10359.78WO133/031/A=022666 158T4208P EOSS BALLOON",133.0,36.0,57.9,40.1455,-103.9963333333,6.97,11.22,60.44,15.8,288.95,42080.0,0.42,0.00098439,0.50733577,0.00014444,-0.00010556,23.6,7.19333333,high Re,-0.002222,22.220833,0.006008,1.747609,0.024597,0.789174,-0.334594,23.671505,-0.000678,6.772913,0.001831,0.53269,0.007499,0.78924,-0.334578,7.142259,
EOSS-309,AE0SS-13,2021-04-10 07:17:12.437,2021-04-10 07:17:11,23258.0,7089.04,1426.0,810.0,ascending,/131711h4008.54N/10359.55WO135/038EOSS Baloon/A=023258!W95!,"AE0SS-13>APTT4,EOSS,qAO,W9CN-9:/131711h4008.54N/10359.55WO135/038EOSS Baloon/A=023258!W95!",135.0,44.0,70.8,40.1424833333,-103.9925833333,7.26,11.68,,,,,,,,0.00014389,-0.00011444,23.76666667,7.244,high Re,0.005556,22.25,0.005999,1.743701,0.024354,0.869797,-0.01819,23.86137,0.001689,6.781802,0.001829,0.531497,0.007425,0.869615,-0.018855,7.13191,
EOSS-309,KC0D-14,2021-04-10 07:17:16.942,2021-04-10 07:17:15,23381.0,7126.53,1430.0,814.0,ascending,/131715h4008.53N/10359.52WO132/034/A=023381 154T4083P EOSS BALLOON,"KC0D-14>APZEOS,EOSS,WIDE2-1,qAO,N6BA-10:/131715h4008.53N/10359.52WO132/034/A=023381 154T4083P EOSS BALLOON",132.0,39.0,62.8,40.1421666667,-103.992,7.29,11.73,59.72,15.4,288.55,40830.0,0.4,0.00095648,0.49294759,0.00014444,-0.00011111,23.83333333,7.26433333,high Re,0.002222,22.279321,0.005928,1.74056,0.024125,0.892823,-0.153617,23.903486,0.000678,6.790738,0.001807,0.530539,0.007355,0.892668,-0.153501,7.131362,
EOSS-309,AE0SS-13,2021-04-10 07:17:42.442,2021-04-10 07:17:41,23970.0,7306.06,1424.0,840.0,ascending,/131741h4008.34N/10359.31WO142/026EOSS Baloon/A=023970!W86!,"AE0SS-13>APTT4,EOSS,qAO,KB0TVJ-1:/131741h4008.34N/10359.31WO142/026EOSS Baloon/A=023970!W86!",142.0,30.0,48.3,40.1391333333,-103.9886,7.57,12.18,,,,,,,,0.00013278,-0.00011167,23.73333333,7.234,high Re,-0.003333,22.305758,0.005756,1.735478,0.023929,0.822583,-0.379832,24.116949,-0.001011,6.798797,0.001755,0.528991,0.007296,0.822704,-0.379112,7.137131,
EOSS-309,KC0D-14,2021-04-10 07:17:46.954,2021-04-10 07:17:45,24109.0,7348.42,1456.0,844.0,ascending,/131745h4008.32N/10359.28WO137/033/A=024109 152T3958P EOSS BALLOON,"KC0D-14>APZEOS,EOSS,WIDE2-1,qAO,N6BA-10:/131745h4008.32N/10359.28WO137/033/A=024109 152T3958P EOSS BALLOON",137.0,38.0,61.2,40.1386666667,-103.988,7.61,12.25,59.36,15.2,288.35,39580.0,0.39,0.00092784,0.47818757,0.00013333,-0.00011667,24.26666667,7.39633333,high Re,0.017778,22.340774,0.005975,1.739479,0.023762,1.107166,0.496717,24.170005,0.005411,6.809467,0.001821,0.530207,0.007245,1.106863,0.495514,7.14061,
EOSS-309,AE0SS-13,2021-04-10 07:18:12.486,2021-04-10 07:18:11,24698.0,7527.95,1456.0,870.0,ascending,/131811h4008.14N/10359.10WO134/037EOSS Baloon/A=024698!W52!,"AE0SS-13>APTT4,EOSS,qAO,KB0TVJ-1:/131811h4008.14N/10359.10WO134/037EOSS Baloon/A=024698!W52!",134.0,43.0,69.2,40.13575,-103.9850333333,7.87,12.66,,,,,,,,0.00011889,-0.00011278,24.26666667,7.39633333,high Re,0.0,22.374561,0.005868,1.742649,0.023558,1.085764,-0.249087,24.40503,0.0,6.819763,0.001789,0.53117,0.007183,1.085472,-0.24906,7.164785,
EOSS-309,KC0D-14,2021-04-10 07:18:16.954,2021-04-10 07:18:15,24836.0,7570.01,1454.0,874.0,ascending,/131815h4008.12N/10359.08WO139/032/A=024836 148T3836P EOSS BALLOON,"KC0D-14>APZEOS,EOSS,WIDE2-1,qAO,N6BA-10:/131815h4008.12N/10359.08WO139/032/A=024836 148T3836P EOSS BALLOON",139.0,37.0,59.5,40.1353333333,-103.9846666667,7.9,12.72,58.64,14.8,287.95,38360.0,0.38,0.00090049,0.46409187,0.00011111,-0.00011111,24.23333333,7.38633333,high Re,-0.001111,22.406609,0.005746,1.744454,0.023365,1.047161,-0.293473,24.462293,-0.000333,6.829532,0.001751,0.53172,0.007124,1.04717,-0.292532,7.1727,
EOSS-309,AE0SS-13,2021-04-10 07:18:42.484,2021-04-10 07:18:41,25449.0,7756.86,1502.0,900.0,ascending,/131841h4007.96N/10358.88WO131/029EOSS Baloon/A=025449!W26!,"AE0SS-13>APTT4,EOSS,qAO,KB0TVJ-1:/131841h4007.96N/10358.88WO131/029EOSS Baloon/A=025449!W26!",131.0,33.0,53.1,40.1327,-103.9814333333,8.15,13.12,,,,,,,,0.00012,-0.00010167,25.03333333,7.63033333,high Re,0.026667,22.45113,0.006106,1.762837,0.023322,1.4648,0.881614,24.72532,0.008133,6.843105,0.001861,0.537327,0.00711,1.465082,0.882138,7.218341,
EOSS-309,KC0D-14,2021-04-10 07:18:47.000,2021-04-10 07:18:45,25579.0,7796.48,1486.0,904.0,ascending,/131845h4007.94N/10358.86WO134/030/A=025579 146T3714P EOSS BALLOON,"KC0D-14>APZEOS,EOSS,WIDE2-1,qAO,N6BA-10:/131845h4007.94N/10358.86WO134/030/A=025579 146T3714P EOSS BALLOON",134.0,35.0,56.3,40.1323333333,-103.981,8.18,13.17,58.28,14.6,287.75,37140.0,0.37,0.00087245,0.44964422,0.00012222,-0.0001,24.76666667,7.549,high Re,-0.008889,22.489722,0.005852,1.773213,0.023202,1.284078,-0.635333,24.782713,-0.002711,6.854869,0.001784,0.540492,0.007074,1.284258,-0.635426,7.230212,
EOSS-309,AE0SS-13,2021-04-10 07:19:12.438,2021-04-10 07:19:11,26194.0,7983.93,1490.0,930.0,ascending,/131911h4007.79N/10358.66WO125/019EOSS Baloon/A=026194!W95!,"AE0SS-13>APTT4,EOSS,qAO,KB0TVJ-1:/131911h4007.79N/10358.66WO125/019EOSS Baloon/A=026194!W95!",125.0,22.0,35.4,40.1299833333,-103.97775,8.42,13.55,,,,,,,,0.00012278,-9.056e-05,24.83333333,7.569,high Re,0.002222,22.528142,0.005792,1.783794,0.02301,1.292297,-0.15515,25.060334,0.000667,6.866577,0.001765,0.543713,0.007015,1.2919,-0.156522,7.296582,
EOSS-309,KC0D-14,2021-04-10 07:19:16.933,2021-04-10 07:19:15,26332.0,8025.99,1506.0,934.0,ascending,/131915h4007.77N/10358.64WO135/029/A=026332 142T3594P EOSS BALLOON,"KC0D-14>APZEOS,EOSS,WIDE2-1,qAO,N6BA-10:/131915h4007.77N/10358.64WO135/029/A=026332 142T3594P EOSS BALLOON",135.0,33.0,53.1,40.1295,-103.9773333333,8.46,13.61,57.56,14.2,287.35,35940.0,0.35,0.00084544,0.43572183,0.00012222,-9.444e-05,25.1,7.65033333,high Re,0.008889,22.569624,0.005842,1.799012,0.02282,1.406536,0.133523,25.12378,0.002711,6.879218,0.001781,0.548347,0.006958,1.406254,0.133659,7.313734,
EOSS-309,AE0SS-13,2021-04-10 07:19:42.425,2021-04-10 07:19:41,26965.0,8218.93,1542.0,960.0,ascending,/131941h4007.62N/10358.43WO142/025EOSS Baloon/A=026965!W79!,"AE0SS-13>APTT4,EOSS,qAO,KB0TVJ-1:/131941h4007.62N/10358.43WO142/025EOSS Baloon/A=026965!W79!",142.0,29.0,46.7,40.1271166667,-103.9739833333,8.7,13.99,,,,,,,,0.00012556,-9.556e-05,25.7,7.83333333,high Re,0.02,22.619312,0.006071,1.827508,0.022704,1.685732,0.613504,25.418458,0.0061,6.894362,0.001851,0.557032,0.006922,1.685669,0.61384,7.402458,
EOSS-309,KC0D-14,2021-04-10 07:19:46.996,2021-04-10 07:19:45,27107.0,8262.21,1550.0,964.0,ascending,/131945h4007.60N/10358.41WO133/030/A=027107 140T3473P EOSS BALLOON,"KC0D-14>APZEOS,EOSS,WIDE2-1,qAO,N6BA-10:/131945h4007.60N/10358.41WO133/030/A=027107 140T3473P EOSS BALLOON",133.0,35.0,56.3,40.1266666667,-103.9735,8.74,14.06,57.2,14.0,287.15,34730.0,0.34,0.00081755,0.42134555,0.00012778,-9.444e-05,25.83333333,7.874,high Re,0.004444,22.669531,0.006045,1.856927,0.022521,1.703784,-0.071089,25.485123,0.001356,6.909669,0.001843,0.565999,0.006866,1.703768,-0.070929,7.424516,
EOSS-309,AE0SS-13,2021-04-10 07:20:12.472,2021-04-10 07:20:11,27759.0,8460.94,1588.0,990.0,ascending,/132011h4007.46N/10358.21WO140/026EOSS Baloon/A=027759!W33!,"AE0SS-13>APTT4,EOSS,qAO,KB0TVJ-1:/132011h4007.46N/10358.21WO140/026EOSS Baloon/A=027759!W33!",140.0,30.0,48.3,40.1243833333,-103.9702166667,8.97,14.43,,,,,,,,0.00012556,-9.111e-05,26.46666667,8.067,high Re,0.021111,22.727949,0.00628,1.90161,0.022421,1.96608,0.661478,25.791925,0.006433,6.927474,0.001914,0.579617,0.006836,1.965998,0.661059,7.534982,
EOSS-309,KC0D-14,2021-04-10 07:20:16.987,2021-04-10 07:20:15,27894.0,8502.09,1574.0,994.0,ascending,/132015h4007.44N/10358.18WO132/031/A=027894 135T3353P EOSS BALLOON,"KC0D-14>APZEOS,EOSS,WIDE2-1,qAO,N6BA-10:/132015h4007.44N/10358.18WO132/031/A=027894 135T3353P EOSS BALLOON",132.0,36.0,57.9,40.124,-103.9696666667,9.01,14.49,56.3,13.5,286.65,33530.0,0.33,0.00079067,0.40749666,0.00012778,-8.889e-05,26.23333333,7.996,high Re,-0.007778,22.781061,0.006064,1.935631,0.022313,1.783538,-0.620356,25.855337,-0.002367,6.943664,0.001849,0.589988,0.006803,1.783657,-0.619727,7.559591,
EOSS-309,AE0SS-13,2021-04-10 07:20:42.438,2021-04-10 07:20:41,28550.0,8702.04,1582.0,1020.0,ascending,/132041h4007.33N/10357.96WO101/030EOSS Baloon/A=028550!W05!,"AE0SS-13>APTT4,EOSS,qAO,W9CN-9:/132041h4007.33N/10357.96WO101/030EOSS Baloon/A=028550!W05!",101.0,35.0,56.3,40.1221666667,-103.9660833333,9.22,14.84,,,,,,,,0.00013778,-7.389e-05,26.36666667,8.03666667,high Re,0.004444,22.834577,0.00604,1.970225,0.022142,1.792734,-0.07208,26.16099,0.001356,6.959978,0.001841,0.600536,0.006751,1.792879,-0.071841,7.686389,
EOSS-309,KC0D-14,2021-04-10 07:20:46.986,2021-04-10 07:20:45,28690.0,8744.71,1592.0,1024.0,ascending,/132045h4007.32N/10357.94WO116/026/A=028690 133T3235P EOSS BALLOON,"KC0D-14>APZEOS,EOSS,WIDE2-1,qAO,N6BA-10:/132045h4007.32N/10357.94WO116/026/A=028690 133T3235P EOSS BALLOON",116.0,30.0,48.3,40.122,-103.9656666667,9.25,14.88,55.94,13.3,286.45,32350.0,0.32,0.00076338,0.39343039,0.00013333,-6.667e-05,26.53333333,8.08733333,high Re,0.005556,22.888971,0.006032,2.00625,0.021974,1.816505,-0.021662,26.225425,0.001689,6.976556,0.001839,0.611515,0.006699,1.816435,-0.022391,7.714808,
EOSS-309,AE0SS-13,2021-04-10 07:21:12.519,2021-04-10 07:21:11,29370.0,8951.98,1640.0,1050.0,ascending,/132111h4007.20N/10357.73WO107/025EOSS Baloon/A=029370!W53!,"AE0SS-13>APTT4,EOSS,qAO,KB0TVJ-1:/132111h4007.20N/10357.73WO107/025EOSS Baloon/A=029370!W53!",107.0,29.0,46.7,40.1200833333,-103.9622166667,9.46,15.23,,,,,,,,0.00012889,-6.944e-05,27.33333333,8.33133333,high Re,0.026667,22.953382,0.006336,2.062065,0.021952,2.124061,0.926157,26.53239,0.008133,6.996191,0.001931,0.628531,0.006693,2.124227,0.92664,7.858054,
EOSS-309,KC0D-14,2021-04-10 07:21:16.948,2021-04-10 07:21:15,29515.0,8996.17,1650.0,1054.0,ascending,/132115h4007.19N/10357.71WO130/032/A=029515 128T3116P EOSS BALLOON,"KC0D-14>APZEOS,EOSS,WIDE2-1,qAO,N6BA-10:/132115h4007.19N/10357.71WO130/032/A=029515 128T3116P EOSS BALLOON",130.0,37.0,59.5,40.1198333333,-103.9618333333,9.49,15.27,55.04,12.8,285.95,31160.0,0.31,0.00073659,0.37962062,0.00012778,-7.222e-05,27.5,8.382,high Re,0.005556,23.018333,0.006324,2.11797,0.02179,2.11602,-0.035246,26.596282,0.001689,7.015988,0.001928,0.645571,0.006643,2.115975,-0.035978,7.889472,
EOSS-309,AE0SS-13,2021-04-10 07:21:42.441,2021-04-10 07:21:41,30191.0,9202.22,1642.0,1080.0,ascending,/132141h4007.04N/10357.46WO106/035EOSS Baloon/A=030191!W88!,"AE0SS-13>APTT4,EOSS,qAO,KB0TVJ-1:/132141h4007.04N/10357.46WO106/035EOSS Baloon/A=030191!W88!",106.0,40.0,64.4,40.1174666667,-103.9578,9.75,15.69,,,,,,,,0.00014722,-8.722e-05,27.36666667,8.34133333,high Re,-0.004444,23.079577,0.006171,2.165185,0.02167,1.980011,-0.489848,26.88499,-0.001356,7.034655,0.001881,0.65996,0.006607,1.979936,-0.489935,8.038272,
EOSS-309,KC0D-14,2021-04-10 07:21:46.914,2021-04-10 07:21:45,30335.0,9246.11,1640.0,1084.0,ascending,/132145h4007.03N/10357.44WO127/028/A=030335 125T3002P EOSS BALLOON,"KC0D-14>APZEOS,EOSS,WIDE2-1,qAO,N6BA-10:/132145h4007.03N/10357.44WO127/028/A=030335 125T3002P EOSS BALLOON",127.0,32.0,51.5,40.1171666667,-103.9573333333,9.78,15.75,54.5,12.5,285.65,30020.0,0.3,0.00071038,0.36611617,0.00015,-8.889e-05,27.33333333,8.33133333,high Re,-0.001111,23.138657,0.006068,2.207557,0.021532,1.900144,-0.333411,26.944293,-0.000333,7.052664,0.00185,0.672879,0.006565,1.900296,-0.332521,8.070211,
EOSS-309,KC0D-14,2021-04-10 07:22:17.011,2021-04-10 07:22:15,31143.0,9492.39,1616.0,1114.0,ascending,/132215h4006.88N/10357.20WO134/027/A=031143 120T2892P EOSS BALLOON,"KC0D-14>APZEOS,EOSS,WIDE2-1,qAO,N6BA-10:/132215h4006.88N/10357.20WO134/027/A=031143 120T2892P EOSS BALLOON",134.0,31.0,49.9,40.1146666667,-103.9533333333,10.05,16.18,53.6,12.0,285.15,28920.0,0.29,0.00068555,0.3533193,0.00013333,-8.333e-05,26.93333333,8.20933333,high Re,-0.013333,23.190639,0.005799,2.236711,0.021502,1.673303,-0.889778,27.26018,-0.004067,7.068509,0.001768,0.681766,0.006556,1.673337,-0.890024,8.248292,
EOSS-309,AE0SS-13,2021-04-10 07:22:42.451,2021-04-10 07:22:41,31805.0,9694.16,1614.0,1140.0,ascending,/132241h4006.73N/10356.99WO139/036EOSS Baloon/A=031805!W77!,"AE0SS-13>APTT4,EOSS,qAO,KB0TVJ-1:/132241h4006.73N/10356.99WO139/036EOSS Baloon/A=031805!W77!",139.0,41.0,66.0,40.1122833333,-103.94995,10.29,16.56,,,,,,,,0.00013083,-8.639e-05,26.9,8.199,high Re,-0.000556,23.240766,0.005712,2.262804,0.021365,1.617124,-0.293377,27.494736,-0.000172,7.083786,0.001741,0.689716,0.006514,1.616918,-0.293675,8.389383,
EOSS-309,KC0D-14,2021-04-10 07:22:47.027,2021-04-10 07:22:45,31934.0,9733.48,1582.0,1144.0,ascending,/132245h4006.72N/10356.97WO139/027/A=031934 117T2788P EOSS BALLOON,"KC0D-14>APZEOS,EOSS,WIDE2-1,qAO,N6BA-10:/132245h4006.72N/10356.97WO139/027/A=031934 117T2788P EOSS BALLOON",139.0,31.0,49.9,40.112,-103.9495,10.32,16.61,53.06,11.7,284.85,27880.0,0.28,0.0006616,0.34097222,0.00012778,-8.889e-05,26.36666667,8.03633333,high Re,-0.017778,23.282444,0.005394,2.276263,0.021393,1.35495,-1.083158,27.537623,-0.005422,7.096487,0.001644,0.693813,0.006522,1.35461,-1.08341,8.416034,
EOSS-309,AE0SS-13,2021-04-10 07:23:12.518,2021-04-10 07:23:11,32570.0,9927.34,1530.0,1170.0,ascending,/132311h4006.56N/10356.77WO119/028EOSS Baloon/A=032570!W56!,"AE0SS-13>APTT4,EOSS,qAO,KB0TVJ-1:/132311h4006.56N/10356.77WO119/028EOSS Baloon/A=032570!W56!",119.0,32.0,51.5,40.1094166667,-103.9462666667,10.57,17.01,,,,,,,,0.00012278,-9.556e-05,25.5,7.77266667,high Re,-0.028889,23.311623,0.004937,2.275301,0.021614,0.961797,-1.565004,27.734585,-0.008789,7.105384,0.001505,0.693523,0.006589,0.962164,-1.562301,8.542036,
EOSS-309,KC0D-14,2021-04-10 07:23:17.035,2021-04-10 07:23:15,32709.0,9969.7,1550.0,1174.0,ascending,/132315h4006.55N/10356.75WO137/026/A=032709 111T2689P EOSS BALLOON,"KC0D-14>APZEOS,EOSS,WIDE2-1,qAO,N6BA-10:/132315h4006.55N/10356.75WO137/026/A=032709 111T2689P EOSS BALLOON",137.0,30.0,48.3,40.1091666667,-103.9458333333,10.6,17.05,51.98,11.1,284.25,26890.0,0.27,0.00063945,0.3295587,0.00012222,-9.444e-05,25.83333333,7.874,high Re,0.011111,23.344372,0.005018,2.278477,0.021481,1.092379,0.283646,27.774297,0.003378,7.115366,0.00153,0.694492,0.006549,1.092358,0.28218,8.568192,
EOSS-309,AE0SS-13,2021-04-10 07:23:42.476,2021-04-10 07:23:41,33360.0,10168.13,1580.0,1200.0,ascending,/132341h4006.38N/10356.55WO139/025EOSS Baloon/A=033360!W68!,"AE0SS-13>APTT4,EOSS,qAO,KB0TVJ-1:/132341h4006.38N/10356.55WO139/025EOSS Baloon/A=033360!W68!",139.0,29.0,46.7,40.1064333333,-103.9426333333,10.85,17.46,,,,,,,,0.00012111,-9.944e-05,26.33333333,8.02633333,high Re,0.016667,23.382692,0.00517,2.288793,0.02138,1.289169,0.537746,27.943501,0.005078,7.127045,0.001576,0.697634,0.006518,1.289055,0.537281,8.682857,
EOSS-309,KC0D-14,2021-04-10 07:23:47.077,2021-04-10 07:23:45,33486.0,10206.53,1554.0,1204.0,ascending,/132345h4006.36N/10356.52WO126/032/A=033486 108T2591P EOSS BALLOON,"KC0D-14>APZEOS,EOSS,WIDE2-1,qAO,N6BA-10:/132345h4006.36N/10356.52WO126/032/A=033486 108T2591P EOSS BALLOON",126.0,37.0,59.5,40.106,-103.942,10.9,17.53,51.44,10.8,283.95,25910.0,0.26,0.0006168,0.3178835,0.00012778,-0.00010556,25.9,7.89433333,high Re,-0.014444,23.414557,0.004918,2.291643,0.021357,1.084568,-0.906588,27.972964,-0.0044,7.136757,0.001499,0.698503,0.006511,1.084571,-0.906005,8.703406,
EOSS-309,AE0SS-13,2021-04-10 07:24:12.452,2021-04-10 07:24:11,34125.0,10401.3,1530.0,1230.0,ascending,/132411h4006.20N/10356.32WO149/021EOSS Baloon/A=034125!W75!,"AE0SS-13>APTT4,EOSS,qAO,W9CN-9:/132411h4006.20N/10356.32WO149/021EOSS Baloon/A=034125!W75!",149.0,24.0,38.6,40.10345,-103.93875,11.14,17.93,,,,,,,,0.00012944,-9.944e-05,25.5,7.77233333,high Re,-0.013333,23.440625,0.004687,2.288998,0.021318,0.899684,-0.845295,28.10539,-0.004067,7.144702,0.001429,0.697696,0.006499,0.899577,-0.845669,8.798427,
EOSS-309,KC0D-14,2021-04-10 07:24:16.953,2021-04-10 07:24:15,34270.0,10445.5,1568.0,1234.0,ascending,/132415h4006.18N/10356.30WO135/029/A=034270 102T2496P EOSS BALLOON,"KC0D-14>APZEOS,EOSS,WIDE2-1,qAO,N6BA-10:/132415h4006.18N/10356.30WO135/029/A=034270 102T2496P EOSS BALLOON",135.0,33.0,53.1,40.103,-103.9383333333,11.18,17.99,50.36,10.2,283.35,24960.0,0.25,0.00059544,0.30687663,0.00012222,-0.0001,26.13333333,7.96566667,high Re,0.021111,23.473868,0.004892,2.294239,0.021262,1.159193,0.762816,28.131416,0.006444,7.154837,0.001491,0.699297,0.006482,1.159493,0.764116,8.817714,
EOSS-309,AE0SS-13,2021-04-10 07:24:42.520,2021-04-10 07:24:41,34939.0,10649.41,1628.0,1260.0,ascending,/132441h4006.04N/10356.09WO127/023EOSS Baloon/A=034939!W37!,"AE0SS-13>APTT4,EOSS,qAO,W9CN-9:/132441h4006.04N/10356.09WO127/023EOSS Baloon/A=034939!W37!",127.0,26.0,41.8,40.1007166667,-103.93495,11.41,18.37,,,,,,,,0.00012667,-9.111e-05,27.13333333,8.27033333,high Re,0.033333,23.518496,0.005243,2.31557,0.021364,1.5611,1.314829,28.231812,0.010156,7.168441,0.001598,0.7058,0.006513,1.561196,1.313987,8.894894,
EOSS-309,KC0D-14,2021-04-10 07:24:47.047,2021-04-10 07:24:45,35077.0,10691.47,1614.0,1264.0,ascending,/132445h4006.02N/10356.07WO135/031/A=035077 99T2400P EOSS BALLOON,"KC0D-14>APZEOS,EOSS,WIDE2-1,qAO,N6BA-10:/132445h4006.02N/10356.07WO135/031/A=035077 99T2400P EOSS BALLOON",135.0,36.0,57.9,40.1003333333,-103.9345,11.45,18.43,49.82,9.9,283.05,24000.0,0.24,0.00057314,0.29538642,0.00012778,-8.889e-05,26.9,8.199,high Re,-0.007778,23.559237,0.005085,2.331146,0.021281,1.433099,-0.604436,28.248458,-0.002378,7.180857,0.00155,0.710545,0.006488,1.432904,-0.605425,8.908301,
EOSS-309,AE0SS-13,2021-04-10 07:25:12.423,2021-04-10 07:25:11,35821.0,10918.24,1764.0,1290.0,ascending,/132511h4005.90N/10355.85WO152/029EOSS Baloon/A=035821!W40!,"AE0SS-13>APTT4,EOSS,qAO,W9CN-9:/132511h4005.90N/10355.85WO152/029EOSS Baloon/A=035821!W40!",152.0,33.0,53.1,40.0984,-103.9308333333,11.68,18.79,,,,,,,,0.00013722,-7.722e-05,29.4,8.961,high Re,0.083333,23.62877,0.006027,2.403101,0.022828,2.401576,3.386455,28.314081,0.0254,7.20205,0.001837,0.732473,0.006959,2.401385,3.385975,8.965019,
EOSS-309,KC0D-14,2021-04-10 07:25:17.026,2021-04-10 07:25:15,35944.0,10955.73,1734.0,1294.0,ascending,/132515h4005.89N/10355.80WO111/033/A=035944 93T2301P EOSS BALLOON,"KC0D-14>APZEOS,EOSS,WIDE2-1,qAO,N6BA-10:/132515h4005.89N/10355.80WO111/033/A=035944 93T2301P EOSS BALLOON",111.0,38.0,61.2,40.0981666667,-103.93,11.72,18.86,48.74,9.3,282.45,23010.0,0.23,0.00055067,0.28380333,0.00015,-7.222e-05,28.9,8.80866667,high Re,-0.016667,23.690784,0.005757,2.456225,0.022825,2.120822,-0.982432,28.321008,-0.005078,7.220951,0.001755,0.748663,0.006958,2.120735,-0.982035,8.971808,
EOSS-309,AE0SS-13,2021-04-10 07:25:42.487,2021-04-10 07:25:41,36688.0,11182.5,1734.0,1320.0,ascending,/132541h4005.76N/10355.56WO124/039EOSS Baloon/A=036688!W56!,"AE0SS-13>APTT4,EOSS,qAO,W9CN-9:/132541h4005.76N/10355.56WO124/039EOSS Baloon/A=036688!W56!",124.0,45.0,72.4,40.0960833333,-103.9261,11.96,19.25,,,,,,,,0.00015778,-7.722e-05,28.9,8.80866667,high Re,0.0,23.751357,0.00569,2.505513,0.022697,2.054926,-0.250694,28.339359,0.0,7.239413,0.001734,0.763685,0.006919,2.054844,-0.250614,8.996882,
EOSS-309,KC0D-14,2021-04-10 07:25:47.017,2021-04-10 07:25:45,36853.0,11232.79,1818.0,1324.0,ascending,/132545h4005.75N/10355.53WO124/029/A=036853 89T2200P EOSS BALLOON,"KC0D-14>APZEOS,EOSS,WIDE2-1,qAO,N6BA-10:/132545h4005.75N/10355.53WO124/029/A=036853 89T2200P EOSS BALLOON",124.0,33.0,53.1,40.0958333333,-103.9255,12.0,19.31,48.02,8.9,282.05,22000.0,0.22,0.00052724,0.2717309,0.00015,-7.778e-05,30.3,9.23533333,high Re,0.046667,23.826628,0.006166,2.587958,0.022992,2.501344,1.761526,28.338004,0.014222,7.262354,0.00188,0.788811,0.007009,2.501207,1.760879,8.998707,
EOSS-309,KC0D-14,2021-04-10 07:26:16.886,2021-04-10 07:26:15,37780.0,11515.34,1854.0,1354.0,ascending,/132615h4005.58N/10355.30WO139/029/A=037780 83T2102P EOSS BALLOON,"KC0D-14>APZEOS,EOSS,WIDE2-1,qAO,N6BA-10:/132615h4005.58N/10355.30WO139/029/A=037780 83T2102P EOSS BALLOON",139.0,33.0,53.1,40.093,-103.9216666667,12.28,19.76,46.94,8.3,281.45,21020.0,0.21,0.00050483,0.26018,0.00012778,-9.444e-05,30.9,9.41833333,high Re,0.02,23.907008,0.006325,2.681249,0.022906,2.60811,0.597005,28.294721,0.0061,7.286854,0.001928,0.817246,0.006983,2.608125,0.597451,8.983978,
EOSS-309,AE0SS-13,2021-04-10 07:26:42.440,2021-04-10 07:26:41,38502.0,11735.41,1814.0,1380.0,ascending,/132641h4005.39N/10355.11WO142/033EOSS Baloon/A=038502!W54!,"AE0SS-13>APTT4,EOSS,qAO,KB0TVJ-1:/132641h4005.39N/10355.11WO142/033EOSS Baloon/A=038502!W54!",142.0,38.0,61.2,40.0899166667,-103.9185666667,12.55,20.19,,,,,,,,0.00012556,-0.00010278,30.23333333,9.21516667,high Re,-0.011111,23.97809,0.006127,2.749017,0.022849,2.275447,-0.754431,28.220622,-0.003386,7.308521,0.001868,0.837903,0.006966,2.275497,-0.754235,8.944021,
EOSS-309,KC0D-14,2021-04-10 07:26:46.922,2021-04-10 07:26:45,38641.0,11777.78,1722.0,1384.0,ascending,/132645h4005.37N/10355.08WO126/033/A=038641 79T2015P EOSS BALLOON,"KC0D-14>APZEOS,EOSS,WIDE2-1,qAO,N6BA-10:/132645h4005.37N/10355.08WO126/033/A=038641 79T2015P EOSS BALLOON",126.0,38.0,61.2,40.0895,-103.918,12.59,20.26,46.22,7.9,281.05,20150.0,0.2,0.00048463,0.24976634,0.00012222,-0.00011667,28.7,8.748,high Re,-0.051111,24.030556,0.005484,2.778474,0.023515,1.680579,-2.406762,28.202484,-0.015572,7.324515,0.001672,0.846886,0.007168,1.680846,-2.405692,8.933599,
EOSS-309,AE0SS-13,2021-04-10 07:27:12.484,2021-04-10 07:27:11,39244.0,11961.57,1484.0,1410.0,ascending,/132711h4005.22N/10354.84WO123/032EOSS Baloon/A=039244!W90!,"AE0SS-13>APTT4,EOSS,qAO,KB0TVJ-1:/132711h4005.22N/10354.84WO123/032EOSS Baloon/A=039244!W90!",123.0,37.0,59.5,40.08715,-103.914,12.85,20.68,,,,,,,,0.00015222,-9.222e-05,24.73333333,7.53866667,high Re,-0.132222,24.038278,0.003954,2.763977,0.027522,0.251469,-4.947896,28.11001,-0.040311,7.326868,0.001205,0.842467,0.00839,0.251403,-4.948272,8.878755,
EOSS-309,KC0D-14,2021-04-10 07:27:16.887,2021-04-10 07:27:15,39386.0,12004.85,1490.0,1414.0,ascending,/132715h4005.20N/10354.80WO130/031/A=039386 73T1944P EOSS BALLOON,"KC0D-14>APZEOS,EOSS,WIDE2-1,qAO,N6BA-10:/132715h4005.20N/10354.80WO130/031/A=039386 73T1944P EOSS BALLOON",130.0,36.0,57.9,40.0866666667,-103.9133333333,12.9,20.76,45.14,7.3,280.45,19440.0,0.19,0.00046855,0.24148117,0.00015556,-9.444e-05,24.83333333,7.569,high Re,0.003333,24.04692,0.003947,2.749998,0.027369,0.285969,-0.022434,28.08508,0.001011,7.3295,0.001203,0.838206,0.008343,0.285729,-0.023013,8.863656,
EOSS-309,AE0SS-13,2021-04-10 07:27:42.430,2021-04-10 07:27:41,40054.0,12208.46,1620.0,1440.0,ascending,/132741h4005.06N/10354.60WO124/029EOSS Baloon/A=040054!W97!,"AE0SS-13>APTT4,EOSS,qAO,KB0TVJ-1:/132741h4005.06N/10354.60WO124/029EOSS Baloon/A=040054!W97!",124.0,33.0,53.1,40.0844833333,-103.9101166667,13.12,21.12,,,,,,,,0.00012944,-8.889e-05,27.0,8.22966667,high Re,0.072222,24.078674,0.004689,2.752101,0.028133,1.061489,2.400491,27.952631,0.022022,7.339179,0.001429,0.838848,0.008577,1.06156,2.400956,8.782331,
EOSS-309,KC0D-14,2021-04-10 07:27:46.953,2021-04-10 07:27:45,40203.0,12253.87,1634.0,1444.0,ascending,/132745h4005.04N/10354.57WO131/033/A=040203 69T1869P EOSS BALLOON,"KC0D-14>APZEOS,EOSS,WIDE2-1,qAO,N6BA-10:/132745h4005.04N/10354.57WO131/033/A=040203 69T1869P EOSS BALLOON",131.0,38.0,61.2,40.084,-103.9095,13.17,21.19,44.42,6.9,280.05,18690.0,0.18,0.00045112,0.23249637,0.00012778,-8.889e-05,27.23333333,8.30066667,high Re,0.007778,24.112234,0.004722,2.756536,0.027982,1.132254,0.109213,27.919829,0.002367,7.349408,0.001439,0.840199,0.00853,1.132183,0.108792,8.762024,
EOSS-309,KC0D-14,2021-04-10 07:28:16.937,2021-04-10 07:28:15,41068.0,12517.53,1730.0,1474.0,ascending,/132815h4004.90N/10354.25WO116/039/A=041068 63T1793P EOSS BALLOON,"KC0D-14>APZEOS,EOSS,WIDE2-1,qAO,N6BA-10:/132815h4004.90N/10354.25WO116/039/A=041068 63T1793P EOSS BALLOON",116.0,45.0,72.4,40.0816666667,-103.9041666667,13.48,21.69,43.34,6.3,279.45,17930.0,0.18,0.0004337,0.22352115,0.00017778,-7.778e-05,28.83333333,8.78866667,high Re,0.053333,24.16193,0.005239,2.78429,0.028279,1.677772,1.700697,27.707986,0.016267,7.364558,0.001597,0.848663,0.008621,1.678061,1.701659,8.630511,
EOSS-309,AE0SS-13,2021-04-10 07:28:42.472,2021-04-10 07:28:41,41754.0,12726.62,1700.0,1500.0,ascending,/132841h4004.76N/10353.96WO124/037EOSS Baloon/A=041754!W21!,"AE0SS-13>APTT4,EOSS,qAO,KB0TVJ-1:/132841h4004.76N/10353.96WO124/037EOSS Baloon/A=041754!W21!",124.0,43.0,69.2,40.0793666667,-103.89935,13.77,22.15,,,,,,,,0.00017944,-8.528e-05,28.33333333,8.636,high Re,-0.008333,24.205382,0.005096,2.802129,0.028163,1.473148,-0.476831,27.516713,-0.002544,7.377802,0.001554,0.8541,0.008586,1.473127,-0.477289,8.512414,
EOSS-309,KC0D-14,2021-04-10 07:28:47.048,2021-04-10 07:28:45,41929.0,12779.96,1722.0,1504.0,ascending,/132845h4004.74N/10353.92WO116/035/A=041929 59T1721P EOSS BALLOON,"KC0D-14>APZEOS,EOSS,WIDE2-1,qAO,N6BA-10:/132845h4004.74N/10353.92WO116/035/A=041929 59T1721P EOSS BALLOON",116.0,40.0,64.4,40.079,-103.8986666667,13.81,22.22,42.62,5.9,279.05,17210.0,0.17,0.00041688,0.21485294,0.00018333,-8.889e-05,28.7,8.74766667,high Re,0.012222,24.251718,0.005171,2.824606,0.028023,1.574833,0.251615,27.465027,0.003722,7.391924,0.001576,0.860949,0.008543,1.574707,0.2512,8.480739,
EOSS-309,AE0SS-13,2021-04-10 07:29:12.478,2021-04-10 07:29:11,42637.0,12995.76,1766.0,1530.0,ascending,/132911h4004.61N/10353.58WO126/037EOSS Baloon/A=042637!W86!,"AE0SS-13>APTT4,EOSS,qAO,KB0TVJ-1:/132911h4004.61N/10353.58WO126/037EOSS Baloon/A=042637!W86!",126.0,43.0,69.2,40.0769666667,-103.8931,14.11,22.71,,,,,,,,0.00020833,-8e-05,29.43333333,8.97133333,high Re,0.024444,24.304592,0.005369,2.858342,0.027946,1.794306,0.682566,27.24549,0.007456,7.408041,0.001637,0.871233,0.00852,1.794345,0.682981,8.347766,
EOSS-309,KC0D-14,2021-04-10 07:29:16.990,2021-04-10 07:29:15,42805.0,13046.96,1752.0,1534.0,ascending,/132915h4004.60N/10353.54WO115/036/A=042805 54T1650P EOSS BALLOON,"KC0D-14>APZEOS,EOSS,WIDE2-1,qAO,N6BA-10:/132915h4004.60N/10353.54WO115/036/A=042805 54T1650P EOSS BALLOON",115.0,41.0,66.0,40.0766666667,-103.8923333333,14.16,22.78,41.72,5.4,278.55,16500.0,0.16,0.0004004,0.20635891,0.00021111,-7.778e-05,29.2,8.9,high Re,-0.007778,24.35404,0.005235,2.88597,0.027833,1.679144,-0.467539,27.191191,-0.002378,7.423111,0.001596,0.879651,0.008485,1.678949,-0.468356,8.315336,
EOSS-309,AE0SS-13,2021-04-10 07:29:42.550,2021-04-10 07:29:41,43513.0,13262.76,1752.0,1560.0,ascending,/132941h4004.45N/10353.24WO133/040EOSS Baloon/A=043513!W54!,"AE0SS-13>APTT4,EOSS,qAO,KB0TVJ-1:/132941h4004.45N/10353.24WO133/040EOSS Baloon/A=043513!W54!",133.0,46.0,74.0,40.07425,-103.8874,14.46,23.26,,,,,,,,0.00019,-9.056e-05,29.2,8.9,high Re,0.0,24.4025,0.005182,2.911962,0.027696,1.647515,-0.187103,26.954668,0.0,7.43788,0.00158,0.88757,0.008443,1.647329,-0.187137,8.176558,
EOSS-309,KC0D-14,2021-04-10 07:29:47.016,2021-04-10 07:29:45,43685.0,13315.19,1760.0,1564.0,ascending,/132945h4004.43N/10353.21WO124/033/A=043685 51T1581P EOSS BALLOON,"KC0D-14>APZEOS,EOSS,WIDE2-1,qAO,N6BA-10:/132945h4004.43N/10353.21WO124/033/A=043685 51T1581P EOSS BALLOON",124.0,38.0,61.2,40.0738333333,-103.8868333333,14.5,23.33,41.18,5.1,278.25,15810.0,0.16,0.00038407,0.19794254,0.00018333,-9.444e-05,29.33333333,8.941,high Re,0.004444,24.45132,0.005175,2.938614,0.027555,1.661332,-0.026529,26.895587,0.001367,7.452762,0.001578,0.895697,0.008401,1.661542,-0.025116,8.142588,
EOSS-309,AE0SS-13,2021-04-10 07:30:12.422,2021-04-10 07:30:11,44408.0,13535.56,1790.0,1590.0,ascending,/133011h4004.28N/10352.91WO127/034EOSS Baloon/A=044408!W68!,"AE0SS-13>APTT4,EOSS,qAO,KB0TVJ-1:/133011h4004.28N/10352.91WO127/034EOSS Baloon/A=044408!W68!",127.0,39.0,62.8,40.0714333333,-103.8819666667,14.79,23.81,,,,,,,,0.00018111,-9.389e-05,29.83333333,9.09333333,high Re,0.016667,24.504085,0.005289,2.972194,0.027441,1.793035,0.414635,26.641984,0.005078,7.468846,0.001612,0.905934,0.008366,1.793163,0.414296,8.00038,
EOSS-309,KC0D-14,2021-04-10 07:30:17.019,2021-04-10 07:30:15,44588.0,13590.42,1806.0,1594.0,ascending,/133015h4004.27N/10352.89WO121/030/A=044588 45T1514P EOSS BALLOON,"KC0D-14>APZEOS,EOSS,WIDE2-1,qAO,N6BA-10:/133015h4004.27N/10352.89WO121/030/A=044588 45T1514P EOSS BALLOON",121.0,35.0,56.3,40.0711666667,-103.8815,14.82,23.86,40.1,4.5,277.65,15140.0,0.15,0.00036859,0.18996371,0.00017778,-8.889e-05,30.1,9.17433333,high Re,0.008889,24.558414,0.005324,3.008546,0.027307,1.841948,0.130553,26.5778,0.0027,7.485405,0.001623,0.917012,0.008325,1.841773,0.129369,7.96539,
EOSS-309,AE0SS-13,2021-04-10 07:30:42.520,2021-04-10 07:30:41,45291.0,13804.7,1766.0,1620.0,ascending,/133041h4004.16N/10352.64WO111/030EOSS Baloon/A=045291!W59!,"AE0SS-13>APTT4,EOSS,qAO,W9CN-9:/133041h4004.16N/10352.64WO111/030EOSS Baloon/A=045291!W59!",111.0,35.0,56.3,40.0694166667,-103.8774833333,15.06,24.24,,,,,,,,0.00014944,-6.722e-05,29.43333333,8.97133333,high Re,-0.022222,24.605288,0.005057,3.031828,0.027308,1.592454,-0.998938,26.324671,-0.006767,7.499692,0.001541,0.924109,0.008325,1.592498,-0.997958,7.831753,
EOSS-309,KC0D-14,2021-04-10 07:30:46.950,2021-04-10 07:30:45,45475.0,13860.78,1774.0,1624.0,ascending,/133045h4004.15N/10352.60WO109/036/A=045475 43T1451P EOSS BALLOON,"KC0D-14>APZEOS,EOSS,WIDE2-1,qAO,N6BA-10:/133045h4004.15N/10352.60WO109/036/A=045475 43T1451P EOSS BALLOON",109.0,41.0,66.0,40.0691666667,-103.8766666667,15.1,24.3,39.74,4.3,277.45,14510.0,0.14,0.00035351,0.18219025,0.00016111,-6.667e-05,29.56666667,9.012,high Re,0.004444,24.65254,0.005051,3.055819,0.027175,1.608121,-0.022337,26.258031,0.001356,7.514095,0.00154,0.931422,0.008285,1.608192,-0.022209,7.797814,
EOSS-309,AE0SS-13,2021-04-10 07:31:12.496,2021-04-10 07:31:11,46193.0,14079.63,1804.0,1650.0,ascending,/133111h4004.06N/10352.33WO125/039EOSS Baloon/A=046193!W95!,"AE0SS-13>APTT4,EOSS,qAO,W9CN-9:/133111h4004.06N/10352.33WO125/039EOSS Baloon/A=046193!W95!",125.0,45.0,72.4,40.0678166667,-103.87225,15.33,24.67,,,,,,,,0.00017444,-5.333e-05,30.06666667,9.16433333,high Re,0.016667,24.703616,0.005161,3.086362,0.027068,1.737661,0.425078,25.997933,0.005078,7.529664,0.001573,0.940732,0.008252,1.737657,0.424746,7.670804,
EOSS-309,KC0D-14,2021-04-10 07:31:16.966,2021-04-10 07:31:15,46355.0,14129.0,1760.0,1654.0,ascending,/133115h4004.05N/10352.30WO121/026/A=046355 38T1392P EOSS BALLOON,"KC0D-14>APZEOS,EOSS,WIDE2-1,qAO,N6BA-10:/133115h4004.05N/10352.30WO121/026/A=046355 38T1392P EOSS BALLOON",121.0,30.0,48.3,40.0675,-103.8716666667,15.37,24.73,38.84,3.8,276.95,13920.0,0.14,0.00033975,0.17509765,0.00016667,-5.556e-05,29.33333333,8.94066667,high Re,-0.024444,24.746885,0.004882,3.104205,0.027092,1.477495,-1.08246,25.939441,-0.007456,7.54285,0.001488,0.946168,0.008259,1.477345,-1.08294,7.643523,
EOSS-309,KC0D-14,2021-04-10 07:31:46.936,2021-04-10 07:31:45,47178.0,14379.85,1646.0,1684.0,ascending,/133145h4003.95N/10352.02WO120/028/A=047178 35T1337P EOSS BALLOON,"KC0D-14>APZEOS,EOSS,WIDE2-1,qAO,N6BA-10:/133145h4003.95N/10352.02WO120/028/A=047178 35T1337P EOSS BALLOON",120.0,32.0,51.5,40.0658333333,-103.867,15.62,25.14,38.3,3.5,276.65,13370.0,0.13,0.00032668,0.16836165,0.00015556,-5.556e-05,27.43333333,8.36166667,high Re,-0.063333,24.771759,0.004245,3.10046,0.027759,0.858445,-2.434454,25.645137,-0.0193,7.550432,0.001294,0.945027,0.008462,0.858425,-2.433704,7.51411,
EOSS-309,KC0D-14,2021-04-10 07:32:17.050,2021-04-10 07:32:15,48050.0,14645.64,1744.0,1714.0,ascending,/133215h4003.80N/10351.75WO142/029/A=048050 31T1282P EOSS BALLOON,"KC0D-14>APZEOS,EOSS,WIDE2-1,qAO,N6BA-10:/133215h4003.80N/10351.75WO142/029/A=048050 31T1282P EOSS BALLOON",142.0,33.0,53.1,40.0633333333,-103.8625,15.91,25.61,37.58,3.1,276.25,12820.0,0.13,0.00031369,0.16166953,0.00015,-8.333e-05,29.06666667,8.85966667,high Re,0.054444,24.811162,0.004709,3.113371,0.028048,1.366848,1.77321,25.341623,0.0166,7.562443,0.001436,0.948964,0.00855,1.366989,1.773567,7.396012,
EOSS-309,AE0SS-13,2021-04-10 07:32:42.494,2021-04-10 07:32:41,48681.0,14837.97,1658.7,1740.0,ascending,/133241h4003.64N/10351.56WO126/031EOSS Baloon/A=048681!W18!,"AE0SS-13>APTT4,EOSS,qAO,W9CN-9:/133241h4003.64N/10351.56WO126/031EOSS Baloon/A=048681!W18!",126.0,36.0,57.9,40.0606833333,-103.8594666667,16.16,26.0,,,,,,,,0.00014204,-7.926e-05,27.64444444,8.426,high Re,-0.015802,24.836919,0.004521,3.110808,0.027987,0.902507,-0.726159,25.129518,-0.004819,7.570294,0.001378,0.948182,0.008532,0.90247,-0.726324,7.3241,
EOSS-309,KC0D-14,2021-04-10 07:32:46.962,2021-04-10 07:32:45,48812.0,14877.9,1524.0,1744.0,ascending,/133245h4003.63N/10351.54WO120/025/A=048812 29T1236P EOSS BALLOON,"KC0D-14>APZEOS,EOSS,WIDE2-1,qAO,N6BA-10:/133245h4003.63N/10351.54WO120/025/A=048812 29T1236P EOSS BALLOON",120.0,29.0,46.7,40.0605,-103.859,16.18,26.04,37.22,2.9,276.05,12360.0,0.12,0.00030265,0.15598153,0.00011667,-9.444e-05,25.4,7.742,high Re,-0.074815,24.841992,0.0038,3.097097,0.028867,0.180171,-2.723352,25.086413,-0.0228,7.571841,0.001158,0.944003,0.0088,0.180253,-2.7225,7.310661,
EOSS-309,AE0SS-13,2021-04-10 07:33:12.486,2021-04-10 07:33:11,49452.0,15072.97,1542.0,1770.0,ascending,/133311h4003.54N/10351.31WO115/034EOSS Baloon/A=049452!W19!,"AE0SS-13>APTT4,EOSS,qAO,W9CN-9:/133311h4003.54N/10351.31WO115/034EOSS Baloon/A=049452!W19!",115.0,39.0,62.8,40.0590166667,-103.8553166667,16.39,26.38,,,,,,,,0.00013833,-5.556e-05,25.7,7.83333333,high Re,0.01,24.849653,0.003856,3.08418,0.028741,0.275713,0.213771,24.880898,0.003044,7.574176,0.001175,0.940066,0.008762,0.27568,0.213307,7.252499,
EOSS-309,KC0D-14,2021-04-10 07:33:17.012,2021-04-10 07:33:15,49611.0,15121.43,1598.0,1774.0,ascending,/133315h4003.54N/10351.28WO104/025/A=049611 24T1188P EOSS BALLOON,"KC0D-14>APZEOS,EOSS,WIDE2-1,qAO,N6BA-10:/133315h4003.54N/10351.28WO104/025/A=049611 24T1188P EOSS BALLOON",104.0,29.0,46.7,40.059,-103.8546666667,16.42,26.42,36.32,2.4,275.55,11880.0,0.12,0.00029143,0.15019604,0.00014444,-5e-05,26.63333333,8.11766667,high Re,0.031111,24.865438,0.004099,3.074962,0.028727,0.574932,0.9403,24.831216,0.009478,7.578985,0.00125,0.937255,0.008757,0.574744,0.939591,7.239987,
EOSS-309,AE0SS-13,2021-04-10 07:33:42.470,2021-04-10 07:33:41,50308.0,15333.88,1712.0,1800.0,ascending,/133341h4003.48N/10350.97WO095/048EOSS Baloon/A=050308!W84!,"AE0SS-13>APTT4,EOSS,qAO,KB0TVJ-1:/133341h4003.48N/10350.97WO095/048EOSS Baloon/A=050308!W84!",95.0,55.0,88.5,40.0581333333,-103.8495666667,16.65,26.8,,,,,,,,0.00019167,-2.944e-05,28.53333333,8.697,high Re,0.063333,24.897612,0.004623,3.08054,0.029136,1.180222,2.015033,24.620317,0.019311,7.588792,0.001409,0.938956,0.008882,1.180256,2.015537,7.194142,
EOSS-309,KC0D-14,2021-04-10 07:33:46.909,2021-04-10 07:33:45,50445.0,15375.64,1668.0,1804.0,ascending,/133345h4003.47N/10350.92WO112/039/A=050445 23T1141P EOSS BALLOON,"KC0D-14>APZEOS,EOSS,WIDE2-1,qAO,N6BA-10:/133345h4003.47N/10350.92WO112/039/A=050445 23T1141P EOSS BALLOON",112.0,45.0,72.4,40.0578333333,-103.8486666667,16.7,26.88,36.14,2.3,275.45,11410.0,0.11,0.00028,0.14430631,0.0002,-3.889e-05,27.8,8.47366667,high Re,-0.024444,24.92285,0.004368,3.078918,0.029135,0.934468,-0.988914,24.580223,-0.007444,7.596487,0.001332,0.938463,0.008882,0.934698,-0.988066,7.18683,
EOSS-309,AE0SS-13,2021-04-10 07:34:12.502,2021-04-10 07:34:11,50915.0,15518.89,1214.0,1830.0,ascending,/133411h4003.40N/10350.58WO096/045EOSS Baloon/A=050915!W09!,"AE0SS-13>APTT4,EOSS,qAO,W9CN-9:/133411h4003.40N/10350.58WO096/045EOSS Baloon/A=050915!W09!",96.0,52.0,83.7,40.0566666667,-103.84315,16.97,27.31,,,,,,,,0.00021389,-4.889e-05,20.23333333,6.167,high Re,-0.252222,24.882423,0.002137,3.09627,0.037602,-1.501513,-6.764507,24.446167,-0.076889,7.584164,0.000652,0.943754,0.011463,-1.501624,-6.76446,7.165858,
EOSS-309,KC0D-14,2021-04-10 07:34:16.980,2021-04-10 07:34:15,51027.0,15553.03,1164.0,1834.0,ascending,/133415h4003.40N/10350.53WO096/035/A=051027 19T1110P EOSS BALLOON,"KC0D-14>APZEOS,EOSS,WIDE2-1,qAO,N6BA-10:/133415h4003.40N/10350.53WO096/035/A=051027 19T1110P EOSS BALLOON",96.0,40.0,64.4,40.0566666667,-103.8421666667,17.01,27.37,35.42,1.9,275.05,11100.0,0.11,0.00027279,0.14058979,0.00021667,-3.889e-05,19.4,5.913,high Re,-0.027778,24.835565,0.001879,3.124282,0.037541,-1.739781,-0.78999,24.415027,-0.008467,7.56988,0.000573,0.952293,0.011444,-1.739885,-0.789934,7.161777,
EOSS-309,AE0SS-13,2021-04-10 07:34:42.503,2021-04-10 07:34:41,51381.0,15660.93,932.0,1860.0,ascending,/133441h4003.32N/10350.22WO120/028EOSS Baloon/A=051381!W51!,"AE0SS-13>APTT4,EOSS,qAO,KB0TVJ-1:/133441h4003.32N/10350.22WO120/028EOSS Baloon/A=051381!W51!",120.0,32.0,51.5,40.0554166667,-103.8370166667,17.26,27.78,,,,,,,,0.00020444,-4.167e-05,15.53333333,4.73466667,high Re,-0.128889,24.756733,0.000762,3.226612,0.039285,-2.85854,-3.300267,24.318652,-0.039278,7.545853,0.000232,0.983481,0.011976,-2.858404,-3.299098,7.151116,
EOSS-309,KC0D-14,2021-04-10 07:34:47.006,2021-04-10 07:34:45,51505.0,15698.72,956.0,1864.0,ascending,/133445h4003.31N/10350.18WO113/033/A=051505 17T1084P EOSS BALLOON,"KC0D-14>APZEOS,EOSS,WIDE2-1,qAO,N6BA-10:/133445h4003.31N/10350.18WO113/033/A=051505 17T1084P EOSS BALLOON",113.0,38.0,61.2,40.0551666667,-103.8363333333,17.3,27.84,35.06,1.7,274.85,10840.0,0.11,0.00026659,0.1373966,0.00019444,-5e-05,15.93333333,4.85633333,high Re,0.013333,24.682586,0.000868,3.313159,0.039134,-2.640758,0.318521,24.28563,0.004056,7.523252,0.000265,1.009863,0.011929,-2.640872,0.317797,7.148163,
EOSS-309,AE0SS-13,2021-04-10 07:35:12.413,2021-04-10 07:35:11,51988.0,15845.94,1214.0,1890.0,ascending,/133511h4003.25N/10349.92WO102/023EOSS Baloon/A=051988!W23!,"AE0SS-13>APTT4,EOSS,qAO,KB0TVJ-1:/133511h4003.25N/10349.92WO102/023EOSS Baloon/A=051988!W23!",102.0,26.0,41.8,40.0542,-103.83205,17.51,28.18,,,,,,,,0.00016556,-4.056e-05,20.23333333,6.167,high Re,0.143333,24.645509,0.002065,3.324115,0.041098,-1.327323,3.437345,24.16063,0.043689,7.51195,0.00063,1.013204,0.012528,-1.327423,3.437021,7.140326,
EOSS-309,KC0D-14,2021-04-10 07:35:16.888,2021-04-10 07:35:15,52082.0,15874.59,1154.0,1894.0,ascending,/133515h4003.24N/10349.89WO107/026/A=052082 13T1053P EOSS BALLOON,"KC0D-14>APZEOS,EOSS,WIDE2-1,qAO,N6BA-10:/133515h4003.24N/10349.89WO107/026/A=052082 13T1053P EOSS BALLOON",107.0,30.0,48.3,40.054,-103.8315,17.54,28.23,34.34,1.3,274.45,10530.0,0.1,0.00025935,0.13366189,0.00016111,-3.889e-05,19.23333333,5.86233333,high Re,-0.033333,24.600781,0.00177,3.346601,0.041052,-1.60385,-0.855086,24.136968,-0.010156,7.498317,0.00054,1.020057,0.012514,-1.603816,-0.854723,7.139449,
EOSS-309,AE0SS-13,2021-04-10 07:35:42.492,2021-04-10 07:35:41,52379.0,15965.12,782.0,1920.0,ascending,/133541h4003.19N/10349.64WO106/028EOSS Baloon/A=052379!W77!,"AE0SS-13>APTT4,EOSS,qAO,KB0TVJ-1:/133541h4003.19N/10349.64WO106/028EOSS Baloon/A=052379!W77!",106.0,32.0,51.5,40.0532833333,-103.82745,17.73,28.54,,,,,,,,0.00015333,-3.056e-05,13.03333333,3.97266667,high Re,-0.206667,24.505965,4.8e-05,3.493415,0.045059,-3.284074,-4.587652,24.06361,-0.062989,7.469418,1.5e-05,1.064802,0.013735,-3.283945,-4.587113,7.13798,
EOSS-309,KC0D-14,2021-04-10 07:35:47.011,2021-04-10 07:35:45,52484.0,15997.12,804.0,1924.0,ascending,/133545h4003.19N/10349.61WO112/025/A=052484 12T1033P EOSS BALLOON,"KC0D-14>APZEOS,EOSS,WIDE2-1,qAO,N6BA-10:/133545h4003.19N/10349.61WO112/025/A=052484 12T1033P EOSS BALLOON",112.0,29.0,46.7,40.0531666667,-103.8268333333,17.76,28.59,34.16,1.2,274.35,10330.0,0.1,0.00025451,0.13117099,0.00015556,-2.778e-05,13.4,4.08433333,high Re,0.012222,24.415673,0.000147,3.620318,0.044886,-3.042736,0.269015,24.038179,0.003722,7.441897,4.5e-05,1.103481,0.013682,-3.042702,0.268747,7.137916,
EOSS-309,KC0D-14,2021-04-10 07:36:16.972,2021-04-10 07:36:15,52982.0,16148.91,996.0,1954.0,ascending,/133615h4003.15N/10349.35WO097/023/A=052982 9T1007P EOSS BALLOON,"KC0D-14>APZEOS,EOSS,WIDE2-1,qAO,N6BA-10:/133615h4003.15N/10349.35WO097/023/A=052982 9T1007P EOSS BALLOON",97.0,26.0,41.8,40.0525,-103.8225,17.96,28.91,33.62,0.9,274.05,10070.0,0.1,0.00024838,0.12800947,0.00014444,-2.222e-05,16.6,5.05966667,high Re,0.106667,24.352643,0.001013,3.67325,0.045722,-2.110568,2.310791,23.921061,0.032511,7.422685,0.000309,1.119615,0.013937,-2.110563,2.31054,7.140583,
EOSS-309,AE0SS-13,2021-04-10 07:36:42.465,2021-04-10 07:36:41,53386.0,16272.05,1007.0,1980.0,ascending,/133641h4003.09N/10349.13WO104/019EOSS Baloon/A=053386!W36!,"AE0SS-13>APTT4,EOSS,qAO,KB0TVJ-1:/133641h4003.09N/10349.13WO104/019EOSS Baloon/A=053386!W36!",104.0,22.0,35.4,40.05155,-103.8189333333,18.15,29.21,,,,,,,,0.00014194,-2.889e-05,16.78333333,5.1155,high Re,0.003056,24.292089,0.00103,3.720525,0.045536,-2.018198,0.044492,23.830134,0.000931,7.404228,0.000314,1.134025,0.01388,-2.018234,0.044452,7.145977,
EOSS-309,KC0D-14,2021-04-10 07:36:46.920,2021-04-10 07:36:45,53529.0,16315.64,1094.0,1984.0,ascending,/133645h4003.09N/10349.11WO099/020/A=053529 8T981P EOSS BALLOON,"KC0D-14>APZEOS,EOSS,WIDE2-1,qAO,N6BA-10:/133645h4003.09N/10349.11WO099/020/A=053529 8T981P EOSS BALLOON",99.0,23.0,37.0,40.0515,-103.8185,18.17,29.24,33.44,0.8,273.95,9810.0,0.1,0.00024205,0.12474988,0.00013333,-3.333e-05,18.23333333,5.55766667,high Re,0.048333,24.244004,0.001408,3.744717,0.045549,-1.605107,1.030209,23.798786,0.014739,7.389573,0.000429,1.141397,0.013884,-1.604969,1.030683,7.148492,
EOSS-309,AE0SS-13,2021-04-10 07:37:12.429,2021-04-10 07:37:11,54298.0,16550.03,1824.0,2010.0,ascending,/133711h4003.02N/10348.88WO120/021EOSS Baloon/A=054298!W27!,"AE0SS-13>APTT4,EOSS,qAO,KB0TVJ-1:/133711h4003.02N/10348.88WO120/021EOSS Baloon/A=054298!W27!",120.0,24.0,38.6,40.0503666667,-103.8147833333,18.37,29.56,,,,,,,,0.00013833,-3.944e-05,30.4,9.266,high Re,0.405556,24.292476,0.004616,3.769616,0.057917,1.620198,6.922665,23.637146,0.123611,7.404348,0.001407,1.148987,0.017654,1.620255,6.922171,7.16637,
EOSS-309,KC0D-14,2021-04-10 07:37:16.960,2021-04-10 07:37:15,54451.0,16596.66,1844.0,2014.0,ascending,/133715h4003.01N/10348.85WO106/025/A=054451 5T937P EOSS BALLOON,"KC0D-14>APZEOS,EOSS,WIDE2-1,qAO,N6BA-10:/133715h4003.01N/10348.85WO106/025/A=054451 5T937P EOSS BALLOON",106.0,29.0,46.7,40.0501666667,-103.8141666667,18.4,29.61,32.9,0.5,273.65,9370.0,0.09,0.00023145,0.11928521,0.00014444,-4.444e-05,30.73333333,9.36733333,high Re,0.011111,24.342795,0.004667,3.797659,0.05769,1.682757,0.1117,23.606279,0.003378,7.419684,0.001423,1.157532,0.017585,1.682588,0.111174,7.170623,
EOSS-309,KC0D-14,2021-04-10 07:37:46.990,2021-04-10 07:37:45,55078.0,16787.77,1254.0,2044.0,ascending,/133745h4002.96N/10348.55WO101/032/A=055078 4T909P EOSS BALLOON,"KC0D-14>APZEOS,EOSS,WIDE2-1,qAO,N6BA-9:/133745h4002.96N/10348.55WO101/032/A=055078 4T909P EOSS BALLOON",101.0,37.0,59.5,40.0493333333,-103.8091666667,18.64,29.99,32.72,0.4,273.55,9090.0,0.09,0.00022462,0.11576296,0.00016667,-2.778e-05,20.9,6.37033333,high Re,-0.327778,24.316107,0.00207,3.794921,0.06454,-0.900179,-5.110753,23.483672,-0.0999,7.411549,0.000631,1.156697,0.019672,-0.900163,-5.11036,7.189518,
EOSS-309,KC0D-14,2021-04-10 07:38:16.981,2021-04-10 07:38:15,55908.0,17040.76,1660.0,2074.0,ascending,/133815h4002.93N/10348.22WO092/035/A=055908 1T872P EOSS BALLOON,"KC0D-14>APZEOS,EOSS,WIDE2-1,qAO,N6BA-10:/133815h4002.93N/10348.22WO092/035/A=055908 1T872P EOSS BALLOON",92.0,40.0,64.4,40.0488333333,-103.8036666667,18.88,30.39,32.18,0.1,273.25,8720.0,0.09,0.00021571,0.11117286,0.00018333,-1.667e-05,27.66666667,8.433,high Re,0.225556,24.34188,0.003802,3.791588,0.067231,0.876885,3.298389,23.32925,0.068756,7.419406,0.001159,1.155683,0.020492,0.877052,3.298702,7.215669,
EOSS-309,AE0SS-13,2021-04-10 07:38:42.446,2021-04-10 07:38:41,56428.0,17199.25,1420.0,2100.0,ascending,/133841h4002.89N/10347.98WO076/022EOSS Baloon/A=056428!W10!,"AE0SS-13>APTT4,EOSS,qAO,W9CN-9:/133841h4002.89N/10347.98WO076/022EOSS Baloon/A=056428!W10!",76.0,25.0,40.2,40.0481833333,-103.7996666667,19.07,30.69,,,,,,,,0.00016796,-2.426e-05,23.66666667,7.21355556,high Re,-0.044444,24.336726,0.003431,3.777438,0.067103,-0.177385,-0.713455,23.235718,-0.013549,7.417835,0.001046,1.15137,0.020454,-0.177423,-0.713552,7.230925,
EOSS-309,KC0D-14,2021-04-10 07:38:47.010,2021-04-10 07:38:45,56584.0,17246.8,1352.0,2104.0,ascending,/133845h4002.89N/10347.97WO092/010/A=056584 1T845P EOSS BALLOON,"KC0D-14>APZEOS,EOSS,WIDE2-1,qAO,N6BA-10:/133845h4002.89N/10347.97WO092/010/A=056584 1T845P EOSS BALLOON",92.0,12.0,19.3,40.0481666667,-103.7995,19.08,30.7,32.18,0.1,273.25,8450.0,0.08,0.00020903,0.10773058,0.00013889,-2.222e-05,22.53333333,6.868,high Re,-0.037778,24.323064,0.003117,3.766265,0.066942,-0.4752,-0.610902,23.207974,-0.011519,7.41367,0.00095,1.147965,0.020404,-0.475337,-0.611106,7.23513,
EOSS-309,AE0SS-13,2021-04-10 07:39:12.509,2021-04-10 07:39:11,56976.0,17366.28,1096.0,2130.0,ascending,/133911h4002.87N/10347.83WO088/017EOSS Baloon/A=056976!W12!,"AE0SS-13>APTT4,EOSS,qAO,KB0TVJ-1:/133911h4002.87N/10347.83WO088/017EOSS Baloon/A=056976!W12!",88.0,20.0,32.2,40.04785,-103.7972,19.19,30.88,,,,,,,,8.222e-05,-1.111e-05,18.26666667,5.56766667,high Re,-0.142222,24.277527,0.002016,3.788546,0.067875,-1.586588,-2.125053,23.138642,-0.043344,7.39979,0.000615,1.154756,0.020689,-1.586589,-2.124752,7.244656,
EOSS-309,KC0D-14,2021-04-10 07:39:16.991,2021-04-10 07:39:15,57085.0,17399.51,1002.0,2134.0,ascending,/133915h4002.87N/10347.80WO098/020/A=057085 -1T824P EOSS BALLOON,"KC0D-14>APZEOS,EOSS,WIDE2-1,qAO,N6BA-10:/133915h4002.87N/10347.80WO098/020/A=057085 -1T824P EOSS BALLOON",98.0,23.0,37.0,40.0478333333,-103.7966666667,19.21,30.91,31.82,-0.1,273.05,8240.0,0.08,0.00020399,0.1051302,9.444e-05,-1.111e-05,16.7,5.09033333,high Re,-0.052222,24.220978,0.001608,3.830621,0.067781,-1.963383,-0.794175,23.119421,-0.015911,7.382555,0.00049,1.167578,0.02066,-1.963228,-0.793853,7.246996,
EOSS-309,AE0SS-13,2021-04-10 07:39:42.512,2021-04-10 07:39:41,57481.0,17520.21,1010.0,2160.0,ascending,/133941h4002.86N/10347.63WO070/023EOSS Baloon/A=057481!W59!,"AE0SS-13>APTT4,EOSS,qAO,KB0TVJ-1:/133941h4002.86N/10347.63WO070/023EOSS Baloon/A=057481!W59!",70.0,26.0,41.8,40.04775,-103.7939833333,19.32,31.09,,,,,,,,0.00010722,-3.33e-06,16.83333333,5.131,high Re,0.004444,24.166255,0.001629,3.868906,0.067526,-1.895348,0.041688,23.049591,0.001356,7.365877,0.000497,1.179244,0.020582,-1.895178,0.041735,7.254155,
EOSS-309,KC0D-14,2021-04-10 07:39:47.049,2021-04-10 07:39:45,57613.0,17560.44,1056.0,2164.0,ascending,/133945h4002.87N/10347.61WO068/022/A=057613 -1T803P EOSS BALLOON,"KC0D-14>APZEOS,EOSS,WIDE2-1,qAO,N6BA-10:/133945h4002.87N/10347.61WO068/022/A=057613 -1T803P EOSS BALLOON",68.0,25.0,40.2,40.0478333333,-103.7935,19.34,31.12,31.82,-0.1,273.05,8030.0,0.08,0.00019879,0.10245091,0.00010556,0.0,17.6,5.36433333,high Re,0.025556,24.117974,0.001806,3.895457,0.067305,-1.673224,0.352871,23.026262,0.007778,7.35116,0.000551,1.187339,0.020515,-1.673344,0.352279,7.256023,
EOSS-309,AE0SS-13,2021-04-10 07:40:12.422,2021-04-10 07:40:11,58170.0,17730.22,1378.0,2190.0,ascending,/134011h4002.92N/10347.43WO086/017EOSS Baloon/A=058170!W74!,"AE0SS-13>APTT4,EOSS,qAO,KB0TVJ-1:/134011h4002.92N/10347.43WO086/017EOSS Baloon/A=058170!W74!",86.0,20.0,32.2,40.0487833333,-103.7905666667,19.42,31.25,,,,,,,,0.00011389,3.444e-05,22.96666667,7.00033333,high Re,0.178889,24.10957,0.003108,3.882355,0.068753,-0.294384,2.556703,22.927039,0.054533,7.348599,0.000948,1.183345,0.020956,-0.294306,2.557024,7.260588,
EOSS-309,KC0D-14,2021-04-10 07:40:16.932,2021-04-10 07:40:15,58333.0,17779.9,1440.0,2194.0,ascending,/134015h4002.94N/10347.42WO039/018/A=058333 -4T775P EOSS BALLOON,"KC0D-14>APZEOS,EOSS,WIDE2-1,qAO,N6BA-10:/134015h4002.94N/10347.42WO039/018/A=058333 -4T775P EOSS BALLOON",39.0,21.0,33.8,40.049,-103.7903333333,19.42,31.25,31.28,-0.4,272.75,7750.0,0.08,0.00019207,0.09898728,0.00010556,3.889e-05,24.0,7.31533333,high Re,0.034444,24.108776,0.003337,3.868171,0.068552,-0.028121,0.453772,22.897643,0.0105,7.348358,0.001017,1.179022,0.020895,-0.02801,0.453841,7.260805,
EOSS-309,KC0D-14,2021-04-10 07:40:47.006,2021-04-10 07:40:45,59225.0,18051.78,1784.0,2224.0,ascending,/134045h4002.99N/10347.22WO081/023/A=059225 -4T741P EOSS BALLOON,"KC0D-14>APZEOS,EOSS,WIDE2-1,qAO,N6BA-10:/134045h4002.99N/10347.22WO081/023/A=059225 -4T741P EOSS BALLOON",81.0,26.0,41.8,40.0498333333,-103.787,19.52,31.41,31.28,-0.4,272.75,7410.0,0.07,0.00018364,0.09464461,0.00011111,2.778e-05,29.73333333,9.06266667,high Re,0.191111,24.149241,0.004698,3.883544,0.070147,1.437886,2.657462,22.732065,0.058244,7.360691,0.001432,1.183707,0.021381,1.437835,2.657125,7.251569,
EOSS-309,AE0SS-13,2021-04-10 07:41:12.531,2021-04-10 07:41:11,59935.0,18268.19,1765.0,2250.0,ascending,/134111h4002.97N/10347.06WO102/024EOSS Baloon/A=059935!W66!,"AE0SS-13>APTT4,EOSS,qAO,KB0TVJ-1:/134111h4002.97N/10347.06WO102/024EOSS Baloon/A=059935!W66!",102.0,28.0,45.1,40.0496,-103.7844333333,19.63,31.6,,,,,,,,0.00010222,1.361e-05,29.41666667,8.96616667,high Re,-0.005278,24.186865,0.004626,3.895073,0.069897,1.342671,-0.141694,22.592191,-0.001608,7.372159,0.00141,1.187221,0.021305,1.342638,-0.141657,7.22996,
EOSS-309,KC0D-14,2021-04-10 07:41:16.946,2021-04-10 07:41:15,60116.0,18323.36,1782.0,2254.0,ascending,/134115h4002.97N/10347.04WO095/016/A=060116 -7T709P EOSS BALLOON,"KC0D-14>APZEOS,EOSS,WIDE2-1,qAO,N6BA-10:/134115h4002.97N/10347.04WO095/016/A=060116 -7T709P EOSS BALLOON",95.0,18.0,29.0,40.0495,-103.784,19.65,31.63,30.74,-0.7,272.45,7090.0,0.07,0.0001759,0.09065711,0.0001,-1.111e-05,29.7,9.05266667,high Re,0.009444,24.225965,0.00466,3.90881,0.069647,1.400435,0.068689,22.555053,0.002883,7.384077,0.001421,1.191409,0.021229,1.400518,0.068868,7.222229,
EOSS-309,AE0SS-13,2021-04-10 07:41:42.255,2021-04-10 07:41:41,60818.0,18537.33,1766.0,2280.0,ascending,/134141h4002.96N/10346.89WO096/024EOSS Baloon/A=060818!W04!,"AE0SS-13>APTT4,EOSS,qAO,W9CN-9:/134141h4002.96N/10346.89WO096/024EOSS Baloon/A=060818!W04!",96.0,28.0,45.1,40.0493333333,-103.7815666667,19.76,31.81,,,,,,,,9.556e-05,-8.89e-06,29.43333333,8.97133333,high Re,-0.008889,24.262637,0.004564,3.919362,0.069407,1.31927,-0.193828,22.404241,-0.002711,7.395255,0.001391,1.194625,0.021156,1.319308,-0.193893,7.183182,
EOSS-309,KC0D-14,2021-04-10 07:41:46.983,2021-04-10 07:41:45,60969.0,18583.35,1706.0,2284.0,ascending,/134145h4002.96N/10346.86WO086/018/A=060969 -7T680P EOSS BALLOON,"KC0D-14>APZEOS,EOSS,WIDE2-1,qAO,N6BA-10:/134145h4002.96N/10346.86WO086/018/A=060969 -7T680P EOSS BALLOON",86.0,21.0,33.8,40.0493333333,-103.781,19.79,31.84,30.74,-0.7,272.45,6800.0,0.07,0.00016871,0.08694899,0.0001,-5.56e-06,28.43333333,8.66633333,high Re,-0.033333,24.291803,0.004297,3.921079,0.069233,1.056222,-0.543527,22.370253,-0.010167,7.404144,0.00131,1.195148,0.021103,1.056095,-0.543856,7.172848,
EOSS-309,AE0SS-13,2021-04-10 07:42:12.287,2021-04-10 07:42:11,61632.0,18785.43,1628.0,2310.0,ascending,/134211h4002.95N/10346.74WO094/014EOSS Baloon/A=061632!W82!,"AE0SS-13>APTT4,EOSS,qAO,W9CN-9:/134211h4002.95N/10346.74WO094/014EOSS Baloon/A=061632!W82!",94.0,16.0,25.7,40.0493,-103.7790333333,19.87,31.98,,,,,,,,8.444e-05,-1.11e-06,27.13333333,8.27,high Re,-0.043333,24.311535,0.003964,3.914513,0.069104,0.720856,-0.684432,22.213728,-0.013211,7.410157,0.001208,1.193145,0.021063,0.720653,-0.684565,7.119143,
EOSS-309,KC0D-14,2021-04-10 07:42:16.914,2021-04-10 07:42:15,61776.0,18829.32,1614.0,2314.0,ascending,/134215h4002.95N/10346.73WO119/014/A=061776 -9T652P EOSS BALLOON,"KC0D-14>APZEOS,EOSS,WIDE2-1,qAO,N6BA-10:/134215h4002.95N/10346.73WO119/014/A=061776 -9T652P EOSS BALLOON",119.0,16.0,25.7,40.0491666667,-103.7788333333,19.88,32.0,30.38,-0.9,272.25,6520.0,0.06,0.00016188,0.08342998,7.222e-05,-5.56e-06,26.9,8.199,high Re,-0.007778,24.329387,0.003883,3.906816,0.068869,0.657982,-0.169321,22.178059,-0.002367,7.415597,0.001184,1.190798,0.020992,0.657881,-0.16916,7.10567,
EOSS-309,AE0SS-13,2021-04-10 07:42:42.288,2021-04-10 07:42:41,62498.0,19049.39,1732.0,2340.0,ascending,/134241h4002.92N/10346.63WO132/003EOSS Baloon/A=062498!W16!,"AE0SS-13>APTT4,EOSS,qAO,W9CN-9:/134241h4002.92N/10346.63WO132/003EOSS Baloon/A=062498!W16!",132.0,3.0,4.8,40.0486833333,-103.7772666667,19.97,32.14,,,,,,,,5.889e-05,-2.056e-05,28.86666667,8.79866667,high Re,0.065556,24.360464,0.004308,3.911387,0.06882,1.152073,0.889974,21.989432,0.019989,7.42507,0.001313,1.192193,0.020977,1.15216,0.890308,7.028387,
EOSS-309,KC0D-14,2021-04-10 07:42:46.935,2021-04-10 07:42:45,62671.0,19102.12,1790.0,2344.0,ascending,/134245h4002.92N/10346.64WO177/008/A=062671 -9T623P EOSS BALLOON,"KC0D-14>APZEOS,EOSS,WIDE2-1,qAO,N6BA-10:/134245h4002.92N/10346.64WO177/008/A=062671 -9T623P EOSS BALLOON",177.0,9.0,14.5,40.0486666667,-103.7773333333,19.97,32.13,30.38,-0.9,272.25,6230.0,0.06,0.00015468,0.07971914,5e-05,-1.667e-05,29.83333333,9.09333333,high Re,0.032222,24.397695,0.004499,3.924018,0.068621,1.385223,0.404002,21.941693,0.009822,7.436419,0.001372,1.196044,0.020916,1.385329,0.403997,7.007483,
EOSS-309,AE0SS-13,2021-04-10 07:43:12.552,2021-04-10 07:43:11,63446.0,19338.34,1896.0,2370.0,ascending,/134311h4002.91N/10346.63WO343/014EOSS Baloon/A=063446!W99!,"AE0SS-13>APTT4,EOSS,qAO,KB0TVJ-1:/134311h4002.91N/10346.63WO343/014EOSS Baloon/A=063446!W99!",343.0,16.0,25.7,40.04865,-103.7773166667,19.97,32.14,,,,,,,,-1.67e-06,-1.11e-06,31.6,9.63166667,high Re,0.058889,24.446359,0.004869,3.955208,0.068533,1.808664,0.788233,21.715008,0.017944,7.451252,0.001484,1.20555,0.020889,1.808647,0.787975,6.902854,
EOSS-309,KC0D-14,2021-04-10 07:43:17.176,2021-04-10 07:43:15,63595.0,19383.76,1848.0,2374.0,ascending,/134315h4002.92N/10346.63WO030/007/A=063595 -12T593P EOSS BALLOON,"KC0D-14>APZEOS,EOSS,WIDE2-1,qAO,N6BA-10:/134315h4002.92N/10346.63WO030/007/A=063595 -12T593P EOSS BALLOON",30.0,8.0,12.9,40.0486666667,-103.7771666667,19.97,32.15,29.84,-1.2,271.95,5930.0,0.06,0.00014739,0.07596404,5.56e-06,0.0,30.8,9.388,high Re,-0.026667,24.489001,0.004656,3.976041,0.068349,1.587257,-0.45828,21.668948,-0.008122,7.46425,0.001419,1.211902,0.020833,1.587381,-0.457975,6.880742,
EOSS-309,KC0D-14,2021-04-10 07:43:46.967,2021-04-10 07:43:45,64369.0,19619.67,1548.0,2404.0,ascending,/134345h4002.91N/10346.57WO107/016/A=064369 -12T571P EOSS BALLOON,"KC0D-14>APZEOS,EOSS,WIDE2-1,qAO,N6BA-10:/134345h4002.91N/10346.57WO107/016/A=064369 -12T571P EOSS BALLOON",107.0,18.0,29.0,40.0485,-103.7761666667,20.02,32.22,29.84,-1.2,271.95,5710.0,0.06,0.00014193,0.07314582,3.333e-05,-5.56e-06,25.8,7.86366667,high Re,-0.166667,24.497741,0.003506,3.964121,0.069548,0.328511,-2.446842,21.416385,-0.050811,7.466913,0.001069,1.208268,0.021199,0.328366,-2.447285,6.756235,
EOSS-309,AE0SS-13,2021-04-10 07:44:12.463,2021-04-10 07:44:11,64903.0,19782.43,1457.0,2430.0,ascending,/134411h4002.86N/10346.45WO169/028EOSS Baloon/A=064903!W65!,"AE0SS-13>APTT4,EOSS,qAO,W9CN-9:/134411h4002.86N/10346.45WO169/028EOSS Baloon/A=064903!W65!",169.0,32.0,51.5,40.0477666667,-103.77425,20.13,32.4,,,,,,,,5.111e-05,-1.472e-05,24.28333333,7.4015,high Re,-0.025278,24.496321,0.003314,3.950924,0.069354,-0.053908,-0.412262,21.228947,-0.007703,7.466479,0.00101,1.204246,0.02114,-0.053958,-0.412157,6.661627,
EOSS-309,KC0D-14,2021-04-10 07:44:16.973,2021-04-10 07:44:15,65052.0,19827.85,1366.0,2434.0,ascending,/134415h4002.86N/10346.43WO128/016/A=065052 -14T550P EOSS BALLOON,"KC0D-14>APZEOS,EOSS,WIDE2-1,qAO,N6BA-10:/134415h4002.86N/10346.43WO128/016/A=065052 -14T550P EOSS BALLOON",128.0,18.0,29.0,40.0476666667,-103.7738333333,20.16,32.44,29.48,-1.4,271.75,5500.0,0.05,0.00013681,0.07050754,7.778e-05,-2.778e-05,22.76666667,6.93933333,high Re,-0.050556,24.484942,0.002958,3.940318,0.069262,-0.436075,-0.772631,21.174717,-0.015406,7.463011,0.000902,1.201013,0.021111,-0.43603,-0.772488,6.63408,
EOSS-309,KC0D-14,2021-04-10 07:44:47.000,2021-04-10 07:44:45,65666.0,20015.0,1228.0,2464.0,ascending,/134445h4002.75N/10346.39WO189/011/A=065666 -14T534P EOSS BALLOON,"KC0D-14>APZEOS,EOSS,WIDE2-1,qAO,N6BA-10:/134445h4002.75N/10346.39WO189/011/A=065666 -14T534P EOSS BALLOON",189.0,13.0,20.9,40.0458333333,-103.7731666667,20.26,32.61,29.48,-1.4,271.75,5340.0,0.05,0.00013283,0.06845642,2.222e-05,-6.111e-05,20.46666667,6.23833333,high Re,-0.076667,24.458678,0.002434,3.940748,0.069333,-1.013009,-1.140885,20.94244,-0.023367,7.455007,0.000742,1.201143,0.021133,-1.01293,-1.140822,6.515882,
EOSS-309,AE0SS-13,2021-04-10 07:45:12.409,2021-04-10 07:45:11,66193.0,20175.63,1290.0,2490.0,ascending,/134511h4002.70N/10346.41WO343/016EOSS Baloon/A=066193!W54!,"AE0SS-13>APTT4,EOSS,qAO,KB0TVJ-1:/134511h4002.70N/10346.41WO343/016EOSS Baloon/A=066193!W54!",343.0,18.0,29.0,40.0450833333,-103.7735666667,20.28,32.63,,,,,,,,1.139e-05,-4.472e-05,21.5,6.55333333,high Re,0.017222,24.439466,0.00253,3.935078,0.069115,-0.746991,0.212573,20.731995,0.00525,7.449152,0.000771,1.199414,0.021067,-0.74688,0.212607,6.409231,
EOSS-309,KC0D-14,2021-04-10 07:45:17.026,2021-04-10 07:45:15,66320.0,20214.34,1308.0,2494.0,ascending,/134515h4002.71N/10346.41WO328/003/A=066320 -16T516P EOSS BALLOON,"KC0D-14>APZEOS,EOSS,WIDE2-1,qAO,N6BA-10:/134515h4002.71N/10346.41WO328/003/A=066320 -16T516P EOSS BALLOON",328.0,3.0,4.8,40.0451666667,-103.7735,20.28,32.63,29.12,-1.6,271.55,5160.0,0.05,0.00012844,0.06619762,-1.111e-05,-2.222e-05,21.8,6.64466667,low Re,0.01,24.422437,0.002579,3.928006,0.068892,-0.667626,0.107719,20.679794,0.003044,7.443962,0.000786,1.197259,0.020999,-0.667604,0.107529,6.38293,high_to_low
EOSS-309,AE0SS-13,2021-04-10 07:45:42.485,2021-04-10 07:45:41,66767.0,20350.58,1148.0,2520.0,ascending,/134541h4002.69N/10346.38WO076/009EOSS Baloon/A=066767!W73!,"AE0SS-13>APTT4,EOSS,qAO,KB0TVJ-1:/134541h4002.69N/10346.38WO076/009EOSS Baloon/A=066767!W73!",76.0,10.0,16.1,40.04495,-103.77305,20.3,32.68,,,,,,,,1.722e-05,-4.44e-06,19.13333333,5.83166667,low Re,-0.088889,24.388533,0.001989,3.938148,0.06906,-1.334434,-1.315928,20.491635,-0.0271,7.433626,0.000606,1.200352,0.02105,-1.334575,-1.3162,6.288844,
EOSS-309,KC0D-14,2021-04-10 07:45:46.995,2021-04-10 07:45:45,66880.0,20385.02,1120.0,2524.0,ascending,/134545h4002.70N/10346.38WO156/001/A=066880 -16T501P EOSS BALLOON,"KC0D-14>APZEOS,EOSS,WIDE2-1,qAO,N6BA-10:/134545h4002.70N/10346.38WO156/001/A=066880 -16T501P EOSS BALLOON",156.0,1.0,1.6,40.045,-103.773,20.3,32.68,29.12,-1.6,271.55,5010.0,0.05,0.00012471,0.06427327,1.667e-05,-5.56e-06,18.66666667,5.68933333,low Re,-0.015556,24.352088,0.001876,3.951978,0.068851,-1.438627,-0.253184,20.443007,-0.004744,7.422516,0.000572,1.204569,0.020986,-1.438841,-0.253312,6.26474,
EOSS-309,AE0SS-13,2021-04-10 07:46:12.484,2021-04-10 07:46:11,67259.0,20500.54,984.0,2550.0,ascending,/134611h4002.68N/10346.34WO049/010EOSS Baloon/A=067259!W89!,"AE0SS-13>APTT4,EOSS,qAO,KB0TVJ-1:/134611h4002.68N/10346.34WO049/010EOSS Baloon/A=067259!W89!",49.0,12.0,19.3,40.0448,-103.7724833333,20.33,32.72,,,,,,,,1.889e-05,-5e-06,16.4,4.99866667,low Re,-0.075556,24.301758,0.001383,3.989847,0.068907,-1.980466,-1.116563,20.276919,-0.023022,7.407175,0.000422,1.216112,0.021003,-1.980499,-1.116221,6.183169,
EOSS-309,KC0D-14,2021-04-10 07:46:16.944,2021-04-10 07:46:15,67389.0,20540.17,1018.0,2554.0,ascending,/134615h4002.69N/10346.34WO091/010/A=067389 -19T488P EOSS BALLOON,"KC0D-14>APZEOS,EOSS,WIDE2-1,qAO,N6BA-10:/134615h4002.69N/10346.34WO091/010/A=067389 -19T488P EOSS BALLOON",91.0,12.0,19.3,40.0448333333,-103.7723333333,20.34,32.73,28.58,-1.9,271.25,4880.0,0.05,0.00012161,0.06267474,2.222e-05,-5.56e-06,16.96666667,5.17166667,low Re,0.018889,24.255625,0.001494,4.019516,0.068702,-1.813392,0.253195,20.218924,0.005767,7.393116,0.000456,1.225153,0.020941,-1.813202,0.253617,6.154983,
EOSS-309,AE0SS-13,2021-04-10 07:46:42.491,2021-04-10 07:46:41,67827.0,20673.67,1136.0,2580.0,ascending,/134641h4002.70N/10346.24WO061/008EOSS Baloon/A=067827!W17!,"AE0SS-13>APTT4,EOSS,qAO,W9CN-9:/134641h4002.70N/10346.24WO061/008EOSS Baloon/A=067827!W17!",61.0,9.0,14.5,40.0450166667,-103.7707833333,20.4,32.82,,,,,,,,5.667e-05,7.22e-06,18.93333333,5.771,low Re,0.065556,24.222361,0.001897,4.028888,0.068672,-1.312776,0.927001,20.019909,0.019978,7.382977,0.000578,1.228008,0.020932,-1.312676,0.926811,6.059584,
EOSS-309,KC0D-14,2021-04-10 07:46:46.956,2021-04-10 07:46:45,67936.0,20706.89,1094.0,2584.0,ascending,/134645h4002.70N/10346.23WO112/013/A=067936 -18T475P EOSS BALLOON,"KC0D-14>APZEOS,EOSS,WIDE2-1,qAO,N6BA-10:/134645h4002.70N/10346.23WO112/013/A=067936 -18T475P EOSS BALLOON",112.0,15.0,24.1,40.045,-103.7705,20.41,32.84,28.76,-1.8,271.35,4750.0,0.05,0.00011833,0.06098264,6.111e-05,5.56e-06,18.23333333,5.55733333,low Re,-0.023333,24.185162,0.001739,4.043919,0.068485,-1.471797,-0.366095,19.969559,-0.007122,7.371638,0.00053,1.232591,0.020875,-1.471944,-0.366563,6.035791,
EOSS-309,AE0SS-13,2021-04-10 07:47:12.552,2021-04-10 07:47:11,68289.0,20814.49,924.0,2610.0,ascending,/134711h4002.67N/10346.16WO036/016EOSS Baloon/A=068289!W61!,"AE0SS-13>APTT4,EOSS,qAO,KB0TVJ-1:/134711h4002.67N/10346.16WO036/016EOSS Baloon/A=068289!W61!",36.0,18.0,29.0,40.0446,-103.76935,20.47,32.95,,,,,,,,4.778e-05,-1.389e-05,15.4,4.694,low Re,-0.094444,24.130933,0.001142,4.090002,0.06869,-2.134701,-1.391556,19.80442,-0.028778,7.355109,0.000348,1.246637,0.020937,-2.13463,-1.391126,5.958776,
EOSS-309,KC0D-14,2021-04-10 07:47:16.917,2021-04-10 07:47:15,68405.0,20849.84,938.0,2614.0,ascending,/134715h4002.67N/10346.15WO131/006/A=068405 -20T463P EOSS BALLOON,"KC0D-14>APZEOS,EOSS,WIDE2-1,qAO,N6BA-10:/134715h4002.67N/10346.15WO131/006/A=068405 -20T463P EOSS BALLOON",131.0,7.0,11.3,40.0445,-103.7691666667,20.48,32.97,28.4,-2.0,271.15,4630.0,0.05,0.00011542,0.05948587,4.444e-05,-1.667e-05,15.63333333,4.765,low Re,0.007778,24.0788,0.001183,4.131327,0.068478,-2.04425,0.096308,19.749501,0.002367,7.339219,0.000361,1.259233,0.020873,-2.044275,0.096105,5.933532,
EOSS-309,AE0SS-13,2021-04-10 07:47:42.489,2021-04-10 07:47:41,68785.0,20965.67,992.0,2640.0,ascending,/134741h4002.68N/10346.10WO080/009EOSS Baloon/A=068785!W35!,"AE0SS-13>APTT4,EOSS,qAO,KB0TVJ-1:/134741h4002.68N/10346.10WO080/009EOSS Baloon/A=068785!W35!",80.0,10.0,16.1,40.0447166667,-103.7684166667,20.51,33.0,,,,,,,,3.111e-05,3.89e-06,16.53333333,5.03933333,low Re,0.03,24.032791,0.00136,4.160566,0.068304,-1.802509,0.419302,19.567547,0.009144,7.325195,0.000415,1.268145,0.020819,-1.802524,0.41928,5.851239,
EOSS-309,KC0D-14,2021-04-10 07:47:46.883,2021-04-10 07:47:45,68897.0,20999.81,984.0,2644.0,ascending,/134745h4002.69N/10346.09WO058/011/A=068897 -20T451P EOSS BALLOON,"KC0D-14>APZEOS,EOSS,WIDE2-1,qAO,N6BA-10:/134745h4002.69N/10346.09WO058/011/A=068897 -20T451P EOSS BALLOON",58.0,13.0,20.9,40.0448333333,-103.7681666667,20.51,33.01,28.4,-2.0,271.15,4510.0,0.04,0.00011243,0.05794412,3.333e-05,1.111e-05,16.4,4.999,low Re,-0.004444,23.986532,0.001324,4.190208,0.068096,-1.810538,-0.084704,19.513369,-0.001344,7.311097,0.000404,1.277177,0.020756,-1.810318,-0.084217,5.827151,
EOSS-309,AE0SS-13,2021-04-10 07:48:12.533,2021-04-10 07:48:11,69261.0,21110.75,952.0,2670.0,ascending,/134811h4002.69N/10346.04WO003/005EOSS Baloon/A=069261!W53!,"AE0SS-13>APTT4,EOSS,qAO,KB0TVJ-1:/134811h4002.69N/10346.04WO003/005EOSS Baloon/A=069261!W53!",3.0,6.0,9.7,40.0449166667,-103.7673833333,20.54,33.06,,,,,,,,3.444e-05,6.67e-06,15.86666667,4.836,low Re,-0.017778,23.937617,0.001208,4.224762,0.067904,-1.910392,-0.279601,19.335792,-0.005433,7.296187,0.000368,1.287711,0.020698,-1.910512,-0.280269,5.749601,
EOSS-309,KC0D-14,2021-04-10 07:48:16.977,2021-04-10 07:48:15,69377.0,21146.11,960.0,2674.0,ascending,/134815h4002.69N/10346.03WO111/006/A=069377 -21T441P EOSS BALLOON,"KC0D-14>APZEOS,EOSS,WIDE2-1,qAO,N6BA-10:/134815h4002.69N/10346.03WO111/006/A=069377 -21T441P EOSS BALLOON",111.0,7.0,11.3,40.0448333333,-103.7671666667,20.55,33.08,28.22,-2.1,271.05,4410.0,0.04,0.00010998,0.05668023,3.333e-05,0.0,16.0,4.87666667,low Re,0.004444,23.890086,0.001228,4.256568,0.067698,-1.853626,0.047505,19.278772,0.001356,7.281699,0.000374,1.297407,0.020635,-1.853722,0.047589,5.72516,
EOSS-309,AE0SS-13,2021-04-10 07:48:42.456,2021-04-10 07:48:41,69769.0,21265.59,1016.0,2700.0,ascending,/134841h4002.69N/10345.94WO127/010EOSS Baloon/A=069769!W83!,"AE0SS-13>APTT4,EOSS,qAO,KB0TVJ-1:/134841h4002.69N/10345.94WO127/010EOSS Baloon/A=069769!W83!",127.0,12.0,19.3,40.0449666667,-103.7657166667,20.61,33.17,,,,,,,,5.556e-05,1.67e-06,16.93333333,5.16133333,low Re,0.031111,23.848677,0.001407,4.277611,0.067534,-1.616637,0.439838,19.084845,0.009489,7.269078,0.000429,1.30382,0.020585,-1.616592,0.440126,5.643788,
EOSS-309,KC0D-14,2021-04-10 07:48:46.969,2021-04-10 07:48:45,69870.0,21296.38,986.0,2704.0,ascending,/134845h4002.71N/10345.93WO064/013/A=069870 -21T429P EOSS BALLOON,"KC0D-14>APZEOS,EOSS,WIDE2-1,qAO,N6BA-10:/134845h4002.71N/10345.93WO064/013/A=069870 -21T429P EOSS BALLOON",64.0,15.0,24.1,40.0451666667,-103.7655,20.61,33.17,28.22,-2.1,271.05,4290.0,0.04,0.00010699,0.05513791,5.556e-05,1.111e-05,16.43333333,5.009,low Re,-0.016667,23.804799,0.001299,4.302837,0.067346,-1.713164,-0.266772,19.034623,-0.005078,7.255704,0.000396,1.311508,0.020527,-1.713069,-0.266673,5.62316,
EOSS-309,AE0SS-13,2021-04-10 07:49:12.488,2021-04-10 07:49:11,70229.0,21405.8,920.0,2730.0,ascending,/134911h4002.72N/10345.76WO081/017EOSS Baloon/A=070229!W99!,"AE0SS-13>APTT4,EOSS,qAO,KB0TVJ-1:/134911h4002.72N/10345.76WO081/017EOSS Baloon/A=070229!W99!",81.0,20.0,32.2,40.0454833333,-103.7628166667,20.71,33.33,,,,,,,,9.667e-05,1.722e-05,15.33333333,4.67366667,low Re,-0.036667,23.754967,0.001075,4.33901,0.067208,-1.940911,-0.56157,18.855517,-0.011178,7.240516,0.000328,1.322532,0.020486,-1.94086,-0.561652,5.551163,
EOSS-309,KC0D-14,2021-04-10 07:49:16.934,2021-04-10 07:49:15,70322.0,21434.15,904.0,2734.0,ascending,/134915h4002.73N/10345.75WO088/013/A=070322 -22T420P EOSS BALLOON,"KC0D-14>APZEOS,EOSS,WIDE2-1,qAO,N6BA-10:/134915h4002.73N/10345.75WO088/013/A=070322 -22T420P EOSS BALLOON",88.0,15.0,24.1,40.0455,-103.7625,20.72,33.35,28.04,-2.2,270.95,4200.0,0.04,0.00010478,0.0540011,0.0001,1.111e-05,15.06666667,4.59233333,low Re,-0.008889,23.704159,0.001016,4.376951,0.067014,-1.973404,-0.147805,18.809014,-0.002711,7.22503,0.00031,1.334097,0.020426,-1.973392,-0.1479,5.53287,
EOSS-309,AE0SS-13,2021-04-10 07:49:42.520,2021-04-10 07:49:41,70678.0,21542.65,898.0,2760.0,ascending,/134941h4002.75N/10345.58WO074/023EOSS Baloon/A=070678!W11!,"AE0SS-13>APTT4,EOSS,qAO,KB0TVJ-1:/134941h4002.75N/10345.58WO074/023EOSS Baloon/A=070678!W11!",74.0,26.0,41.8,40.04585,-103.7596833333,20.83,33.52,,,,,,,,0.00010444,1.222e-05,14.96666667,4.56166667,low Re,-0.003333,23.653359,0.000991,4.414694,0.066817,-1.967677,-0.064714,18.63085,-0.001022,7.209545,0.000302,1.345603,0.020366,-1.967801,-0.06501,5.464386,
EOSS-309,KC0D-14,2021-04-10 07:49:46.995,2021-04-10 07:49:45,70768.0,21570.09,892.0,2764.0,ascending,/134945h4002.76N/10345.54WO075/028/A=070768 -21T410P EOSS BALLOON,"KC0D-14>APZEOS,EOSS,WIDE2-1,qAO,N6BA-10:/134945h4002.76N/10345.54WO075/028/A=070768 -21T410P EOSS BALLOON",75.0,32.0,51.5,40.046,-103.759,20.85,33.56,28.22,-2.1,271.05,4100.0,0.04,0.00010225,0.05269591,0.00011667,1.667e-05,14.86666667,4.53133333,low Re,-0.003333,23.602569,0.000965,4.452246,0.066622,-1.962134,-0.064513,18.585815,-0.001011,7.194064,0.000294,1.357049,0.020307,-1.962148,-0.064264,5.447474,
EOSS-309,AE0SS-13,2021-04-10 07:50:12.506,2021-04-10 07:50:11,71151.0,21686.82,946.0,2790.0,ascending,/135011h4002.78N/10345.26WO072/035EOSS Baloon/A=071151!W77!,"AE0SS-13>APTT4,EOSS,qAO,KB0TVJ-1:/135011h4002.78N/10345.26WO072/035EOSS Baloon/A=071151!W77!",72.0,40.0,64.4,40.04645,-103.75445,21.03,33.84,,,,,,,,0.00017444,2e-05,15.76666667,4.80566667,low Re,0.03,23.557535,0.001133,4.478928,0.066465,-1.739449,0.434319,18.394509,0.009144,7.180337,0.000346,1.365181,0.020259,-1.739455,0.434276,5.377533,
EOSS-309,KC0D-14,2021-04-10 07:50:16.977,2021-04-10 07:50:15,71243.0,21714.87,950.0,2794.0,ascending,/135015h4002.79N/10345.22WO078/029/A=071243 -23T400P EOSS BALLOON,"KC0D-14>APZEOS,EOSS,WIDE2-1,qAO,N6BA-10:/135015h4002.79N/10345.22WO078/029/A=071243 -23T400P EOSS BALLOON",78.0,33.0,53.1,40.0465,-103.7536666667,21.06,33.89,27.86,-2.3,270.85,4000.0,0.04,9.983e-05,0.0514486,0.00017778,1.667e-05,15.83333333,4.826,low Re,0.002222,23.513397,0.001139,4.504046,0.066273,-1.705148,0.016341,18.348691,0.000678,7.166884,0.000347,1.372838,0.0202,-1.705142,0.016386,5.361235,
EOSS-309,AE0SS-13,2021-04-10 07:50:42.454,2021-04-10 07:50:41,71590.0,21820.63,878.0,2820.0,ascending,/135041h4002.82N/10344.96WO079/024EOSS Baloon/A=071590!W33!,"AE0SS-13>APTT4,EOSS,qAO,KB0TVJ-1:/135041h4002.82N/10344.96WO079/024EOSS Baloon/A=071590!W33!",79.0,28.0,45.1,40.04705,-103.7493833333,21.22,34.15,,,,,,,,0.00016889,2e-05,14.63333333,4.46033333,low Re,-0.04,23.462942,0.000904,4.540766,0.066155,-1.94452,-0.618305,18.176625,-0.012189,7.151506,0.000276,1.384029,0.020165,-1.944448,-0.61815,5.301687,
EOSS-309,KC0D-14,2021-04-10 07:50:46.905,2021-04-10 07:50:45,71690.0,21851.11,894.0,2824.0,ascending,/135045h4002.83N/10344.93WO082/027/A=071690 -21T391P EOSS BALLOON,"KC0D-14>APZEOS,EOSS,WIDE2-1,qAO,N6BA-10:/135045h4002.83N/10344.93WO082/027/A=071690 -21T391P EOSS BALLOON",82.0,31.0,49.9,40.0471666667,-103.7488333333,21.24,34.18,28.22,-2.1,271.05,3910.0,0.04,9.751e-05,0.0502539,0.00016111,2.222e-05,14.9,4.54133333,low Re,0.008889,23.414564,0.00095,4.573364,0.065969,-1.861773,0.120344,18.127311,0.0027,7.136759,0.00029,1.393967,0.020108,-1.861899,0.119853,5.285105,
EOSS-309,KC0D-14,2021-04-10 07:51:16.991,2021-04-10 07:51:15,72231.0,22016.01,1082.0,2854.0,ascending,/135115h4002.86N/10344.62WO077/023/A=072231 -22T381P EOSS BALLOON,"KC0D-14>APZEOS,EOSS,WIDE2-1,qAO,N6BA-10:/135115h4002.86N/10344.62WO077/023/A=072231 -22T381P EOSS BALLOON",77.0,26.0,41.8,40.0476666667,-103.7436666667,21.44,34.5,28.04,-2.2,270.95,3810.0,0.04,9.505e-05,0.04898671,0.00017222,1.667e-05,18.03333333,5.49666667,low Re,0.104444,23.384332,0.001534,4.578229,0.066239,-1.168792,1.553616,17.86342,0.031844,7.127545,0.000468,1.395449,0.02019,-1.168712,1.554037,5.200194,
EOSS-309,AE0SS-13,2021-04-10 07:51:42.487,2021-04-10 07:51:41,72653.0,22144.63,1063.0,2880.0,ascending,/135141h4002.87N/10344.40WO087/026EOSS Baloon/A=072653!W20!,"AE0SS-13>APTT4,EOSS,qAO,KB0TVJ-1:/135141h4002.87N/10344.40WO087/026EOSS Baloon/A=072653!W20!",87.0,30.0,48.3,40.0478666667,-103.74,21.59,34.75,,,,,,,,0.00015639,1.361e-05,17.71666667,5.4,low Re,-0.005278,23.352669,0.001496,4.584962,0.066054,-1.229236,-0.102552,17.661978,-0.001611,7.117894,0.000456,1.397501,0.020134,-1.229261,-0.102662,5.139925,
EOSS-309,KC0D-14,2021-04-10 07:51:46.987,2021-04-10 07:51:45,72762.0,22177.86,1062.0,2884.0,ascending,/135145h4002.87N/10344.36WO082/023/A=072762 -21T370P EOSS BALLOON,"KC0D-14>APZEOS,EOSS,WIDE2-1,qAO,N6BA-10:/135145h4002.87N/10344.36WO082/023/A=072762 -21T370P EOSS BALLOON",82.0,26.0,41.8,40.0478333333,-103.7393333333,21.62,34.79,28.22,-2.1,271.05,3700.0,0.04,9.227e-05,0.04755484,0.00014444,5.56e-06,17.7,5.395,low Re,-0.000556,23.321265,0.001485,4.591509,0.065868,-1.224274,-0.030986,17.61072,-0.000167,7.108323,0.000453,1.399496,0.020077,-1.224243,-0.030881,5.125246,
EOSS-309,AE0SS-13,2021-04-10 07:52:12.467,2021-04-10 07:52:11,73192.0,22308.92,1078.0,2910.0,ascending,/135211h4002.87N/10344.18WO076/023EOSS Baloon/A=073192!W81!,"AE0SS-13>APTT4,EOSS,qAO,W9CN-9:/135211h4002.87N/10344.18WO076/023EOSS Baloon/A=073192!W81!",76.0,26.0,41.8,40.0479666667,-103.73635,21.74,35.0,,,,,,,,0.00012167,3.33e-06,17.96666667,5.47633333,low Re,0.008889,23.291682,0.001526,4.596003,0.065686,-1.158619,0.112094,17.41214,0.002711,7.099306,0.000465,1.400865,0.020022,-1.15855,0.112177,5.071058,
EOSS-309,KC0D-14,2021-04-10 07:52:17.032,2021-04-10 07:52:15,73296.0,22340.62,1068.0,2914.0,ascending,/135215h4002.88N/10344.15WO095/021/A=073296 -22T360P EOSS BALLOON,"KC0D-14>APZEOS,EOSS,WIDE2-1,qAO,N6BA-10:/135215h4002.88N/10344.15WO095/021/A=073296 -22T360P EOSS BALLOON",95.0,24.0,38.6,40.048,-103.7358333333,21.77,35.03,28.04,-2.2,270.95,3600.0,0.04,8.981e-05,0.04628665,0.00011667,5.56e-06,17.8,5.42533333,low Re,-0.005556,23.261508,0.001487,4.601331,0.065506,-1.186941,-0.107517,17.365068,-0.0017,7.090108,0.000453,1.40249,0.019967,-1.187014,-0.107828,5.058857,
EOSS-309,KC0D-14,2021-04-10 07:52:46.900,2021-04-10 07:52:45,73807.0,22496.37,1022.0,2944.0,ascending,/135245h4002.84N/10343.96WO115/018/A=073807 -20T351P EOSS BALLOON,"KC0D-14>APZEOS,EOSS,WIDE2-1,qAO,N6BA-10:/135245h4002.84N/10343.96WO115/018/A=073807 -20T351P EOSS BALLOON",115.0,21.0,33.8,40.0473333333,-103.7326666667,21.93,35.29,28.4,-2.0,271.15,3510.0,0.03,8.75e-05,0.0450962,0.00010556,-2.222e-05,17.03333333,5.19166667,low Re,-0.025556,23.227474,0.001338,4.611711,0.065355,-1.343133,-0.411506,17.139978,-0.007789,7.079734,0.000408,1.405655,0.019921,-1.343194,-0.411475,5.00417,
EOSS-309,AE0SS-13,2021-04-10 07:53:12.429,2021-04-10 07:53:11,74212.0,22619.82,1020.0,2970.0,ascending,/135311h4002.78N/10343.86WO146/013EOSS Baloon/A=074212!W34!,"AE0SS-13>APTT4,EOSS,qAO,KB0TVJ-1:/135311h4002.78N/10343.86WO146/013EOSS Baloon/A=074212!W34!",146.0,15.0,24.1,40.0463833333,-103.7310666667,22.04,35.47,,,,,,,,8.806e-05,-2.639e-05,17.0,5.18166667,low Re,-0.000556,23.193629,0.001328,4.621951,0.065176,-1.340046,-0.028906,16.969807,-0.000167,7.069419,0.000405,1.408775,0.019866,-1.339996,-0.028793,4.967148,
EOSS-309,KC0D-14,2021-04-10 07:53:16.980,2021-04-10 07:53:15,74316.0,22651.52,1018.0,2974.0,ascending,/135315h4002.77N/10343.85WO138/014/A=074316 -21T342P EOSS BALLOON,"KC0D-14>APZEOS,EOSS,WIDE2-1,qAO,N6BA-10:/135315h4002.77N/10343.85WO138/014/A=074316 -21T342P EOSS BALLOON",138.0,16.0,25.7,40.0461666667,-103.7308333333,22.06,35.5,28.22,-2.1,271.05,3420.0,0.03,8.529e-05,0.0439561,6.111e-05,-3.889e-05,16.96666667,5.17166667,low Re,-0.001111,23.15997,0.001315,4.632054,0.064998,-1.337053,-0.037324,16.927411,-0.000333,7.059161,0.000401,1.411853,0.019812,-1.336892,-0.037048,4.958555,
EOSS-309,AE0SS-13,2021-04-10 07:53:42.519,2021-04-10 07:53:41,74675.0,22760.94,926.0,3000.0,ascending,/135341h4002.72N/10343.77WO092/007EOSS Baloon/A=074675!W61!,"AE0SS-13>APTT4,EOSS,qAO,KB0TVJ-1:/135341h4002.72N/10343.77WO092/007EOSS Baloon/A=074675!W61!",92.0,8.0,12.9,40.0454333333,-103.7295166667,22.14,35.63,,,,,,,,5.167e-05,-3.167e-05,15.43333333,4.704,low Re,-0.051111,23.118429,0.001031,4.654129,0.064935,-1.651243,-0.802988,16.785492,-0.015589,7.046499,0.000314,1.418582,0.019793,-1.651296,-0.803466,4.931774,
EOSS-309,KC0D-14,2021-04-10 07:53:46.990,2021-04-10 07:53:45,74794.0,22797.21,956.0,3004.0,ascending,/135345h4002.72N/10343.76WO121/012/A=074794 -19T333P EOSS BALLOON,"KC0D-14>APZEOS,EOSS,WIDE2-1,qAO,N6BA-10:/135345h4002.72N/10343.76WO121/012/A=074794 -19T333P EOSS BALLOON",121.0,14.0,22.5,40.0453333333,-103.7293333333,22.15,35.65,28.58,-1.9,271.25,3330.0,0.03,8.298e-05,0.0427678,5e-05,-2.778e-05,15.93333333,4.85633333,low Re,0.016667,23.080006,0.001115,4.671246,0.06477,-1.529929,0.240111,16.740042,0.005078,7.034786,0.00034,1.4238,0.019742,-1.530027,0.239996,4.923882,
EOSS-309,AE0SS-13,2021-04-10 07:54:12.546,2021-04-10 07:54:11,75242.0,22933.76,1134.0,3030.0,ascending,/135411h4002.70N/10343.64WO117/011EOSS Baloon/A=075242!W68!,"AE0SS-13>APTT4,EOSS,qAO,W9CN-9:/135411h4002.70N/10343.64WO117/011EOSS Baloon/A=075242!W68!",117.0,13.0,20.9,40.0451,-103.7274666667,22.24,35.8,,,,,,,,6.833e-05,-1.111e-05,18.9,5.76066667,low Re,0.098889,23.057772,0.001638,4.668703,0.06499,-0.890563,1.496399,16.576578,0.030144,7.028009,0.000499,1.423026,0.019809,-0.890597,1.496542,4.898559,
EOSS-309,KC0D-14,2021-04-10 07:54:16.952,2021-04-10 07:54:15,75346.0,22965.46,1104.0,3034.0,ascending,/135415h4002.71N/10343.65WO092/005/A=075346 -20T324P EOSS BALLOON,"KC0D-14>APZEOS,EOSS,WIDE2-1,qAO,N6BA-10:/135415h4002.71N/10343.65WO092/005/A=075346 -20T324P EOSS BALLOON",92.0,6.0,9.7,40.0451666667,-103.7275,22.24,35.79,28.4,-2.0,271.15,3240.0,0.03,8.077e-05,0.04162726,6.111e-05,-5.56e-06,18.4,5.60833333,low Re,-0.016667,23.033128,0.001541,4.668579,0.064829,-0.992406,-0.280862,16.540444,-0.005078,7.020498,0.00047,1.422988,0.019761,-0.992394,-0.280755,4.893665,
EOSS-309,AE0SS-13,2021-04-10 07:54:42.493,2021-04-10 07:54:41,75741.0,23085.86,998.0,3060.0,ascending,/135441h4002.71N/10343.60WO074/010EOSS Baloon/A=075741!W15!,"AE0SS-13>APTT4,EOSS,qAO,KB0TVJ-1:/135441h4002.71N/10343.60WO074/010EOSS Baloon/A=075741!W15!",74.0,12.0,19.3,40.0451833333,-103.72675,22.27,35.84,,,,,,,,2.389e-05,2.78e-06,16.63333333,5.07,low Re,-0.058889,22.999444,0.001221,4.679303,0.064806,-1.360483,-0.927538,16.409828,-0.017944,7.010232,0.000372,1.426255,0.019753,-1.360368,-0.927252,4.878412,
EOSS-309,KC0D-14,2021-04-10 07:54:47.002,2021-04-10 07:54:45,75854.0,23120.3,1016.0,3064.0,ascending,/135445h4002.71N/10343.61WO252/004/A=075854 -18T316P EOSS BALLOON,"KC0D-14>APZEOS,EOSS,WIDE2-1,qAO,N6BA-10:/135445h4002.71N/10343.61WO252/004/A=075854 -18T316P EOSS BALLOON",252.0,5.0,8.0,40.0451666667,-103.7268333333,22.27,35.84,28.76,-1.8,271.35,3160.0,0.03,7.872e-05,0.0405695,2.222e-05,0.0,16.93333333,5.16133333,low Re,0.01,22.967685,0.001267,4.687568,0.064638,-1.28731,0.135106,16.374464,0.003044,7.000552,0.000386,1.428774,0.019702,-1.287271,0.13491,4.875009,
EOSS-309,AE0SS-13,2021-04-10 07:55:12.530,2021-04-10 07:55:11,76217.0,23230.94,952.0,3090.0,ascending,/135511h4002.72N/10343.64WO314/001EOSS Baloon/A=076217!W23!,"AE0SS-13>APTT4,EOSS,qAO,W9CN-9:/135511h4002.72N/10343.64WO314/001EOSS Baloon/A=076217!W23!",314.0,1.0,1.6,40.0453666667,-103.7273833333,22.24,35.79,,,,,,,,-2.111e-05,6.11e-06,15.86666667,4.836,low Re,-0.035556,22.9307,0.001074,4.703284,0.064522,-1.501936,-0.567713,16.26719,-0.010844,6.989278,0.000328,1.433565,0.019667,-1.502044,-0.568058,4.866901,
EOSS-309,KC0D-14,2021-04-10 07:55:16.936,2021-04-10 07:55:15,76359.0,23274.22,1010.0,3094.0,ascending,/135515h4002.73N/10343.66WO299/010/A=076359 -19T308P EOSS BALLOON,"KC0D-14>APZEOS,EOSS,WIDE2-1,qAO,N6BA-10:/135515h4002.73N/10343.66WO299/010/A=076359 -19T308P EOSS BALLOON",299.0,12.0,19.3,40.0455,-103.7276666667,22.22,35.76,28.58,-1.9,271.25,3080.0,0.03,7.675e-05,0.03955701,-2.778e-05,1.111e-05,16.83333333,5.13066667,low Re,0.032222,22.899108,0.001237,4.711507,0.064392,-1.287438,0.481193,16.227937,0.009822,6.979648,0.000377,1.436073,0.019627,-1.287526,0.481225,4.86488,
EOSS-309,AE0SS-13,2021-04-10 07:55:42.531,2021-04-10 07:55:41,76745.0,23391.88,1056.0,3120.0,ascending,/135541h4002.77N/10343.68WO335/009EOSS Baloon/A=076745!W44!,"AE0SS-13>APTT4,EOSS,qAO,KB0TVJ-1:/135541h4002.77N/10343.68WO335/009EOSS Baloon/A=076745!W44!",335.0,10.0,16.1,40.0462333333,-103.7280666667,22.17,35.69,,,,,,,,-2.278e-05,2.889e-05,17.6,5.36466667,low Re,0.025556,22.871793,0.001363,4.714661,0.064248,-1.11817,0.376556,16.129267,0.0078,6.971323,0.000415,1.437033,0.019583,-1.118037,0.377113,4.862556,
EOSS-309,KC0D-14,2021-04-10 07:55:46.941,2021-04-10 07:55:45,76860.0,23426.93,1002.0,3124.0,ascending,/135545h4002.78N/10343.69WO340/004/A=076860 -17T300P EOSS BALLOON,"KC0D-14>APZEOS,EOSS,WIDE2-1,qAO,N6BA-10:/135545h4002.78N/10343.69WO340/004/A=076860 -17T300P EOSS BALLOON",340.0,5.0,8.0,40.0463333333,-103.7281666667,22.17,35.67,28.94,-1.7,271.45,3000.0,0.03,7.47e-05,0.03850116,-1.667e-05,2.778e-05,16.7,5.09033333,low Re,-0.03,22.840142,0.001201,4.723218,0.064121,-1.299991,-0.486596,16.102204,-0.009144,6.961677,0.000366,1.43964,0.019545,-1.299869,-0.486569,4.862735,
EOSS-309,AE0SS-13,2021-04-10 07:56:12.408,2021-04-10 07:56:11,77224.0,23537.88,958.0,3150.0,ascending,/135611h4002.82N/10343.67WO351/009EOSS Baloon/A=077224!W29!,"AE0SS-13>APTT4,EOSS,qAO,KB0TVJ-1:/135611h4002.82N/10343.67WO351/009EOSS Baloon/A=077224!W29!",351.0,10.0,16.1,40.0470333333,-103.7279833333,22.15,35.64,,,,,,,,2.78e-06,2.667e-05,15.96666667,4.86666667,low Re,-0.024444,22.805074,0.001069,4.736605,0.063982,-1.443736,-0.398753,16.023845,-0.007456,6.950988,0.000326,1.44372,0.019502,-1.443716,-0.399036,4.865838,
EOSS-309,KC0D-14,2021-04-10 07:56:16.961,2021-04-10 07:56:15,77340.0,23573.23,960.0,3154.0,ascending,/135615h4002.83N/10343.68WO328/005/A=077340 -17T293P EOSS BALLOON,"KC0D-14>APZEOS,EOSS,WIDE2-1,qAO,N6BA-10:/135615h4002.83N/10343.68WO328/005/A=077340 -17T293P EOSS BALLOON",328.0,6.0,9.7,40.0471666667,-103.728,22.14,35.63,28.94,-1.7,271.45,2930.0,0.03,7.296e-05,0.0376028,5.56e-06,2.778e-05,16.0,4.87666667,low Re,0.001111,22.77053,0.00107,4.749319,0.063818,-1.425579,0.000642,16.001253,0.000333,6.940459,0.000326,1.447596,0.019452,-1.425669,0.00036,4.86761,
EOSS-309,AE0SS-13,2021-04-10 07:56:42.443,2021-04-10 07:56:41,77710.0,23686.01,972.0,3180.0,ascending,/135641h4002.86N/10343.69WO292/004EOSS Baloon/A=077710!W06!,"AE0SS-13>APTT4,EOSS,qAO,KB0TVJ-1:/135641h4002.86N/10343.69WO292/004EOSS Baloon/A=077710!W06!",292.0,5.0,8.0,40.0476666667,-103.7282666667,22.11,35.58,,,,,,,,-9.44e-06,2.111e-05,16.2,4.93766667,low Re,0.006667,22.737346,0.001098,4.760207,0.063656,-1.373332,0.087486,15.937084,0.002033,6.930344,0.000335,1.450916,0.019403,-1.373393,0.087512,4.875668,
EOSS-309,KC0D-14,2021-04-10 07:56:46.954,2021-04-10 07:56:45,77805.0,23714.96,930.0,3184.0,ascending,/135645h4002.87N/10343.70WO328/008/A=077805 -15T286P EOSS BALLOON,"KC0D-14>APZEOS,EOSS,WIDE2-1,qAO,N6BA-10:/135645h4002.87N/10343.70WO328/008/A=077805 -15T286P EOSS BALLOON",328.0,9.0,14.5,40.0478333333,-103.7283333333,22.1,35.57,29.3,-1.5,271.65,2860.0,0.03,7.117e-05,0.03667742,-1.111e-05,2.222e-05,15.5,4.72433333,low Re,-0.023333,22.700977,0.000975,4.775808,0.063518,-1.507803,-0.382695,15.922577,-0.007111,6.919258,0.000297,1.455671,0.019361,-1.507844,-0.382625,4.878303,
EOSS-309,AE0SS-13,2021-04-10 07:57:12.449,2021-04-10 07:57:11,78202.0,23835.97,984.0,3210.0,ascending,/135711h4002.89N/10343.70WO013/002EOSS Baloon/A=078202!W49!,"AE0SS-13>APTT4,EOSS,qAO,KB0TVJ-1:/135711h4002.89N/10343.70WO013/002EOSS Baloon/A=078202!W49!",13.0,2.0,3.2,40.0482333333,-103.7284833333,22.08,35.53,,,,,,,,-7.22e-06,1.889e-05,16.4,4.99866667,low Re,0.03,22.669472,0.001121,4.784584,0.063391,-1.310348,0.455569,15.870835,0.009144,6.909655,0.000342,1.458346,0.019322,-1.310381,0.455543,4.891675,
EOSS-309,KC0D-14,2021-04-10 07:57:16.993,2021-04-10 07:57:15,78318.0,23871.33,1026.0,3214.0,ascending,/135715h4002.89N/10343.71WO054/003/A=078318 -16T278P EOSS BALLOON,"KC0D-14>APZEOS,EOSS,WIDE2-1,qAO,N6BA-10:/135715h4002.89N/10343.71WO054/003/A=078318 -16T278P EOSS BALLOON",54.0,3.0,4.8,40.0481666667,-103.7285,22.08,35.53,29.12,-1.6,271.55,2780.0,0.03,6.92e-05,0.03566461,-5.56e-06,1.111e-05,17.1,5.21233333,low Re,0.023333,22.641763,0.001232,4.788748,0.063251,-1.157247,0.349417,15.858455,0.007122,6.901211,0.000376,1.459614,0.019279,-1.157071,0.349914,4.896263,
EOSS-309,KC0D-14,2021-04-10 07:57:46.992,2021-04-10 07:57:45,78839.0,24030.13,1042.0,3244.0,ascending,/135745h4002.95N/10343.72WO352/012/A=078839 -13T271P EOSS BALLOON,"KC0D-14>APZEOS,EOSS,WIDE2-1,qAO,N6BA-10:/135745h4002.95N/10343.72WO352/012/A=078839 -13T271P EOSS BALLOON",352.0,14.0,22.5,40.0491666667,-103.7286666667,22.03,35.46,29.66,-1.3,271.85,2710.0,0.03,6.738e-05,0.03472821,-5.56e-06,3.333e-05,17.36666667,5.29333333,low Re,0.008889,22.615649,0.00127,4.791218,0.063095,-1.095542,0.120754,15.81836,0.0027,6.893251,0.000387,1.460367,0.019232,-1.095559,0.120268,4.920314,
EOSS-309,AE0SS-13,2021-04-10 07:58:12.452,2021-04-10 07:58:11,79272.0,24162.11,1070.0,3270.0,ascending,/135811h4003.00N/10343.71WO127/003EOSS Baloon/A=079272!W70!,"AE0SS-13>APTT4,EOSS,qAO,KB0TVJ-1:/135811h4003.00N/10343.71WO127/003EOSS Baloon/A=079272!W70!",127.0,3.0,4.8,40.0501166667,-103.7285,22.01,35.41,,,,,,,,-2.8e-07,3.139e-05,17.83333333,5.43566667,low Re,0.007778,22.592091,0.001302,4.791116,0.062939,-0.993246,0.102893,15.804532,0.002372,6.886071,0.000397,1.460336,0.019184,-0.993199,0.10295,4.944107,
EOSS-309,KC0D-14,2021-04-10 07:58:16.990,2021-04-10 07:58:15,79387.0,24197.16,1096.0,3274.0,ascending,/135815h4003.02N/10343.71WO003/009/A=079387 -14T263P EOSS BALLOON,"KC0D-14>APZEOS,EOSS,WIDE2-1,qAO,N6BA-10:/135815h4003.02N/10343.71WO003/009/A=079387 -14T263P EOSS BALLOON",3.0,10.0,16.1,40.0503333333,-103.7285,22.0,35.4,29.48,-1.4,271.75,2630.0,0.03,6.542e-05,0.03371543,5.56e-06,3.889e-05,18.26666667,5.56766667,low Re,0.014444,22.570888,0.001367,4.788885,0.06279,-0.898794,0.208266,15.803847,0.0044,6.879608,0.000417,1.459656,0.019139,-0.898802,0.208109,4.950931,
EOSS-309,AE0SS-13,2021-04-10 07:58:42.497,2021-04-10 07:58:41,79820.0,24329.14,1096.0,3300.0,ascending,/135841h4003.06N/10343.67WO355/012EOSS Baloon/A=079820!W90!,"AE0SS-13>APTT4,EOSS,qAO,W9CN-9:/135841h4003.06N/10343.67WO355/012EOSS Baloon/A=079820!W90!",355.0,14.0,22.5,40.05115,-103.7278333333,22.0,35.4,,,,,,,,2.222e-05,3.444e-05,18.26666667,5.56766667,low Re,0.0,22.549892,0.00136,4.786583,0.062635,-0.89484,-0.021713,15.812492,0.0,6.873208,0.000415,1.458954,0.019092,-0.894847,-0.021737,4.978253,
EOSS-309,KC0D-14,2021-04-10 07:58:46.928,2021-04-10 07:58:45,79953.0,24369.67,1132.0,3304.0,ascending,/135845h4003.08N/10343.66WO039/012/A=079953 -12T256P EOSS BALLOON,"KC0D-14>APZEOS,EOSS,WIDE2-1,qAO,N6BA-10:/135845h4003.08N/10343.66WO039/012/A=079953 -12T256P EOSS BALLOON",39.0,14.0,22.5,40.0513333333,-103.7276666667,22.0,35.4,29.84,-1.2,271.95,2560.0,0.03,6.363e-05,0.03279392,2.778e-05,3.333e-05,18.86666667,5.75033333,low Re,0.02,22.532012,0.001451,4.781785,0.062495,-0.766522,0.296808,15.818691,0.006089,6.867758,0.000442,1.457493,0.019049,-0.766676,0.296446,4.987099,
EOSS-309,AE0SS-13,2021-04-10 07:59:12.420,2021-04-10 07:59:11,80453.0,24522.07,1266.0,3330.0,ascending,/135911h4003.14N/10343.52WO075/018EOSS Baloon/A=080453!W06!,"AE0SS-13>APTT4,EOSS,qAO,W9CN-9:/135911h4003.14N/10343.52WO075/018EOSS Baloon/A=080453!W06!",75.0,21.0,33.8,40.0523333333,-103.7254333333,22.06,35.5,,,,,,,,8e-05,3.944e-05,21.1,6.431,low Re,0.074444,22.525094,0.001805,4.771203,0.06255,-0.298687,1.161295,15.856688,0.022689,6.865648,0.00055,1.454268,0.019066,-0.298878,1.161177,5.021876,
EOSS-309,KC0D-14,2021-04-10 07:59:16.974,2021-04-10 07:59:15,80589.0,24563.53,1272.0,3334.0,ascending,/135915h4003.14N/10343.50WO080/016/A=080589 -12T247P EOSS BALLOON,"KC0D-14>APZEOS,EOSS,WIDE2-1,qAO,N6BA-10:/135915h4003.14N/10343.50WO080/016/A=080589 -12T247P EOSS BALLOON",80.0,18.0,29.0,40.0523333333,-103.725,22.08,35.53,29.84,-1.2,271.95,2470.0,0.02,6.139e-05,0.03164101,8.889e-05,3.333e-05,21.2,6.462,low Re,0.003333,22.518723,0.001813,4.760551,0.062398,-0.277011,0.02436,15.870979,0.001033,6.863707,0.000553,1.451021,0.019019,-0.276844,0.025238,5.031671,
EOSS-309,AE0SS-13,2021-04-10 07:59:42.480,2021-04-10 07:59:41,81037.0,24700.08,1168.0,3360.0,ascending,/135941h4003.15N/10343.32WO079/019EOSS Baloon/A=081037!W79!,"AE0SS-13>APTT4,EOSS,qAO,KB0TVJ-1:/135941h4003.15N/10343.32WO079/019EOSS Baloon/A=081037!W79!",79.0,22.0,35.4,40.0526166667,-103.72215,22.19,35.71,,,,,,,,0.00010944,9.44e-06,19.46666667,5.93366667,low Re,-0.057778,22.50412,0.001526,4.753784,0.062384,-0.638955,-0.950628,15.929694,-0.017611,6.859257,0.000465,1.448957,0.019015,-0.638798,-0.950618,5.064603,
EOSS-309,KC0D-14,2021-04-10 07:59:46.913,2021-04-10 07:59:45,81149.0,24734.22,1120.0,3364.0,ascending,/135945h4003.16N/10343.31WO097/015/A=081149 -9T240P EOSS BALLOON,"KC0D-14>APZEOS,EOSS,WIDE2-1,qAO,N6BA-10:/135945h4003.16N/10343.31WO097/015/A=081149 -9T240P EOSS BALLOON",97.0,17.0,27.4,40.0526666667,-103.7218333333,22.2,35.73,30.38,-0.9,272.25,2400.0,0.02,5.959e-05,0.03071042,0.00010556,1.111e-05,18.66666667,5.68966667,low Re,-0.026667,22.485847,0.001391,4.749785,0.062264,-0.804074,-0.45063,15.947098,-0.008133,6.853688,0.000424,1.447738,0.018979,-0.804028,-0.450867,5.072946,
EOSS-309,AE0SS-13,2021-04-10 08:00:12.549,2021-04-10 08:00:11,81487.0,24837.24,900.0,3390.0,ascending,/140011h4003.16N/10343.16WO101/018EOSS Baloon/A=081487!W60!,"AE0SS-13>APTT4,EOSS,qAO,KB0TVJ-1:/140011h4003.16N/10343.16WO101/018EOSS Baloon/A=081487!W60!",101.0,21.0,33.8,40.0527666667,-103.7193333333,22.31,35.91,,,,,,,,9.389e-05,5e-06,15.0,4.572,low Re,-0.122222,22.450369,0.000803,4.766404,0.062698,-1.563101,-1.962184,16.005993,-0.037256,6.842874,0.000245,1.452804,0.019111,-1.563097,-1.962273,5.098225,
EOSS-309,KC0D-14,2021-04-10 08:00:16.919,2021-04-10 08:00:15,81592.0,24869.24,886.0,3394.0,ascending,/140015h4003.17N/10343.14WO071/015/A=081592 -10T234P EOSS BALLOON,"KC0D-14>APZEOS,EOSS,WIDE2-1,qAO,N6BA-10:/140015h4003.17N/10343.14WO071/015/A=081592 -10T234P EOSS BALLOON",71.0,17.0,27.4,40.0528333333,-103.719,22.32,35.93,30.2,-1.0,272.15,2340.0,0.02,5.812e-05,0.02995366,9.444e-05,5.56e-06,14.76666667,4.50066667,low Re,-0.007778,22.414125,0.000762,4.784289,0.062551,-1.598452,-0.136529,16.026186,-0.002378,6.831826,0.000232,1.458257,0.019066,-1.598593,-0.136893,5.10608,
EOSS-309,AE0SS-13,2021-04-10 08:00:42.507,2021-04-10 08:00:41,81907.0,24965.25,840.0,3420.0,ascending,/140041h4003.17N/10342.99WO107/026EOSS Baloon/A=081907!W00!,"AE0SS-13>APTT4,EOSS,qAO,W9CN-9:/140041h4003.17N/10342.99WO107/026EOSS Baloon/A=081907!W00!",107.0,30.0,48.3,40.0528333333,-103.7165,22.44,36.11,,,,,,,,9.444e-05,2.22e-06,14.0,4.267,low Re,-0.025556,22.374622,0.000638,4.807685,0.062429,-1.741924,-0.419581,16.091943,-0.007789,6.819784,0.000194,1.465389,0.019029,-1.742052,-0.419518,5.12954,
EOSS-309,KC0D-14,2021-04-10 08:00:46.953,2021-04-10 08:00:45,82017.0,24998.78,850.0,3424.0,ascending,/140045h4003.16N/10342.96WO095/021/A=082017 -7T229P EOSS BALLOON,"KC0D-14>APZEOS,EOSS,WIDE2-1,qAO,N6BA-10:/140045h4003.16N/10342.96WO095/021/A=082017 -7T229P EOSS BALLOON",95.0,24.0,38.6,40.0526666667,-103.716,22.46,36.15,30.74,-0.7,272.45,2290.0,0.02,5.682e-05,0.02928135,0.0001,-5.56e-06,14.16666667,4.318,low Re,0.005556,22.336267,0.000661,4.829093,0.062283,-1.691746,0.078593,16.116675,0.0017,6.808094,0.000202,1.471914,0.018984,-1.691739,0.078909,5.137669,
EOSS-309,AE0SS-13,2021-04-10 08:01:12.442,2021-04-10 08:01:11,82353.0,25101.19,892.0,3450.0,ascending,/140111h4003.12N/10342.71WO092/026EOSS Baloon/A=082353!W06!,"AE0SS-13>APTT4,EOSS,qAO,KB0TVJ-1:/140111h4003.12N/10342.71WO092/026EOSS Baloon/A=082353!W06!",92.0,30.0,48.3,40.052,-103.7119333333,22.67,36.49,,,,,,,,0.00015222,-2.778e-05,14.86666667,4.53133333,low Re,0.023333,22.301525,0.000767,4.844655,0.062156,-1.534652,0.363054,16.197584,0.007111,6.797504,0.000234,1.476658,0.018946,-1.534662,0.362979,5.162166,
EOSS-309,KC0D-14,2021-04-10 08:01:16.911,2021-04-10 08:01:15,82467.0,25135.94,900.0,3454.0,ascending,/140115h4003.11N/10342.68WO104/023/A=082467 -7T224P EOSS BALLOON,"KC0D-14>APZEOS,EOSS,WIDE2-1,qAO,N6BA-10:/140115h4003.11N/10342.68WO104/023/A=082467 -7T224P EOSS BALLOON",104.0,26.0,41.8,40.0518333333,-103.7113333333,22.7,36.54,30.74,-0.7,272.45,2240.0,0.02,5.557e-05,0.02864202,0.00015556,-2.778e-05,15.0,4.572,low Re,0.004444,22.267721,0.000784,4.85884,0.062011,-1.495773,0.059022,16.226789,0.001356,6.787201,0.000239,1.480981,0.018901,-1.495766,0.059097,5.170336,
EOSS-309,AE0SS-13,2021-04-10 08:01:42.430,2021-04-10 08:01:41,82842.0,25250.24,978.0,3480.0,ascending,/140141h4003.08N/10342.44WO099/023EOSS Baloon/A=082842!W36!,"AE0SS-13>APTT4,EOSS,qAO,KB0TVJ-1:/140141h4003.08N/10342.44WO099/023EOSS Baloon/A=082842!W36!",99.0,26.0,41.8,40.0513833333,-103.7074333333,22.9,36.85,,,,,,,,0.00015,-2.056e-05,16.3,4.96833333,low Re,0.043333,22.24022,0.000981,4.864478,0.061934,-1.221142,0.683825,16.328649,0.013211,6.778819,0.000299,1.482699,0.018878,-1.221074,0.683971,5.196549,
EOSS-309,KC0D-14,2021-04-10 08:01:46.971,2021-04-10 08:01:45,82953.0,25284.07,972.0,3484.0,ascending,/140145h4003.08N/10342.42WO098/021/A=082953 -5T218P EOSS BALLOON,"KC0D-14>APZEOS,EOSS,WIDE2-1,qAO,N6BA-10:/140145h4003.08N/10342.42WO098/021/A=082953 -5T218P EOSS BALLOON",98.0,24.0,38.6,40.0513333333,-103.707,22.92,36.88,31.1,-0.5,272.65,2180.0,0.02,5.405e-05,0.02785438,0.00014444,-1.667e-05,16.2,4.93766667,low Re,-0.003333,22.212513,0.000961,4.870468,0.061791,-1.234484,-0.069492,16.360394,-0.001022,6.770373,0.000293,1.484525,0.018835,-1.234541,-0.069817,5.204082,
EOSS-309,AE0SS-13,2021-04-10 08:02:12.482,2021-04-10 08:02:11,83354.0,25406.3,1024.0,3510.0,ascending,/140211h4003.04N/10342.24WO125/021EOSS Baloon/A=083354!W74!,"AE0SS-13>APTT4,EOSS,qAO,KB0TVJ-1:/140211h4003.04N/10342.24WO125/021EOSS Baloon/A=083354!W74!",125.0,24.0,38.6,40.0507833333,-103.7040666667,23.07,37.12,,,,,,,,0.00011222,-2e-05,17.06666667,5.202,low Re,0.028889,22.189016,0.001089,4.87171,0.061678,-1.051448,0.450728,16.480475,0.008811,6.763212,0.000332,1.484904,0.0188,-1.051389,0.451011,5.230276,
EOSS-309,KC0D-14,2021-04-10 08:02:16.969,2021-04-10 08:02:15,83478.0,25444.09,1050.0,3514.0,ascending,/140215h4003.04N/10342.22WO114/020/A=083478 -5T212P EOSS BALLOON,"KC0D-14>APZEOS,EOSS,WIDE2-1,qAO,N6BA-10:/140215h4003.04N/10342.22WO114/020/A=083478 -5T212P EOSS BALLOON",114.0,23.0,37.0,40.0506666667,-103.7036666667,23.09,37.16,31.1,-0.5,272.65,2120.0,0.02,5.256e-05,0.02708774,0.00011111,-2.222e-05,17.5,5.334,low Re,0.014444,22.167702,0.00115,4.870845,0.061543,-0.958294,0.216012,16.519157,0.0044,6.756715,0.000351,1.48464,0.018759,-0.95829,0.215843,5.238015,
EOSS-309,AE0SS-13,2021-04-10 08:02:42.526,2021-04-10 08:02:41,83925.0,25580.34,1142.0,3540.0,ascending,/140241h4002.96N/10342.04WO123/020EOSS Baloon/A=083925!W97!,"AE0SS-13>APTT4,EOSS,qAO,W9CN-9:/140241h4002.96N/10342.04WO123/020EOSS Baloon/A=083925!W97!",123.0,23.0,37.0,40.0494833333,-103.7007833333,23.26,37.44,,,,,,,,0.00010944,-4.333e-05,19.03333333,5.80133333,low Re,0.051111,22.153519,0.001377,4.864333,0.061494,-0.641442,0.808762,16.663627,0.015578,6.752392,0.00042,1.482655,0.018744,-0.641456,0.808685,5.26431,
EOSS-309,KC0D-14,2021-04-10 08:02:46.961,2021-04-10 08:02:45,84034.0,25613.56,1112.0,3544.0,ascending,/140245h4002.95N/10342.02WO128/024/A=084034 -2T207P EOSS BALLOON,"KC0D-14>APZEOS,EOSS,WIDE2-1,qAO,N6BA-10:/140245h4002.95N/10342.02WO128/024/A=084034 -2T207P EOSS BALLOON",128.0,28.0,45.1,40.0491666667,-103.7003333333,23.29,37.49,31.64,-0.2,272.95,2070.0,0.02,5.126e-05,0.02641981,0.00011111,-5e-05,18.53333333,5.649,low Re,-0.016667,22.137212,0.001296,4.859394,0.061366,-0.741631,-0.292719,16.699865,-0.005078,6.747422,0.000395,1.481149,0.018705,-0.741601,-0.292596,5.270309,
EOSS-309,AE0SS-13,2021-04-10 08:03:12.512,2021-04-10 08:03:11,84482.0,25750.11,1114.0,3570.0,ascending,/140311h4002.87N/10341.82WO107/025EOSS Baloon/A=084482!W82!,"AE0SS-13>APTT4,EOSS,qAO,KB0TVJ-1:/140311h4002.87N/10341.82WO107/025EOSS Baloon/A=084482!W82!",107.0,29.0,46.7,40.0479666667,-103.6970333333,23.49,37.8,,,,,,,,0.000125,-5.056e-05,18.56666667,5.659,low Re,0.001111,22.121201,0.001295,4.854329,0.061227,-0.73224,-0.003005,16.851763,0.000333,6.742541,0.000395,1.479606,0.018663,-0.732317,-0.003322,5.293105,
EOSS-309,KC0D-14,2021-04-10 08:03:16.919,2021-04-10 08:03:15,84583.0,25780.9,1098.0,3574.0,ascending,/140315h4002.86N/10341.79WO119/025/A=084583 -2T201P EOSS BALLOON,"KC0D-14>APZEOS,EOSS,WIDE2-1,qAO,N6BA-10:/140315h4002.86N/10341.79WO119/025/A=084583 -2T201P EOSS BALLOON",119.0,29.0,46.7,40.0476666667,-103.6965,23.52,37.85,31.64,-0.2,272.95,2010.0,0.02,4.978e-05,0.02565402,0.00012778,-5e-05,18.3,5.578,low Re,-0.008889,22.104142,0.001249,4.850157,0.061093,-0.784334,-0.165944,16.886482,-0.0027,6.737343,0.000381,1.478334,0.018622,-0.784223,-0.165449,5.297808,
EOSS-309,AE0SS-13,2021-04-10 08:03:42.513,2021-04-10 08:03:41,85034.0,25918.36,1104.0,3600.0,ascending,/140341h4002.81N/10341.57WO091/027EOSS Baloon/A=085034!W16!,"AE0SS-13>APTT4,EOSS,qAO,KB0TVJ-1:/140341h4002.81N/10341.57WO091/027EOSS Baloon/A=085034!W16!",91.0,31.0,49.9,40.04685,-103.6929333333,23.71,38.16,,,,,,,,0.00013667,-3.722e-05,18.4,5.60833333,low Re,0.003333,22.087679,0.001258,4.845615,0.060956,-0.761034,0.034041,17.042317,0.001011,6.732325,0.000384,1.476949,0.01858,-0.761023,0.033746,5.316714,
EOSS-309,KC0D-14,2021-04-10 08:03:46.962,2021-04-10 08:03:45,85138.0,25950.06,1110.0,3604.0,ascending,/140345h4002.81N/10341.54WO095/027/A=085138 0T195P EOSS BALLOON,"KC0D-14>APZEOS,EOSS,WIDE2-1,qAO,N6BA-10:/140345h4002.81N/10341.54WO095/027/A=085138 0T195P EOSS BALLOON",95.0,31.0,49.9,40.0468333333,-103.6923333333,23.74,38.2,32.0,0.0,273.15,1950.0,0.02,4.826e-05,0.02487,0.00013889,-2.778e-05,18.5,5.63866667,low Re,0.003333,22.071804,0.001268,4.840721,0.06082,-0.737866,0.033953,17.07823,0.001011,6.727485,0.000386,1.475458,0.018539,-0.737953,0.033713,5.32057,
EOSS-309,AE0SS-13,2021-04-10 08:04:12.478,2021-04-10 08:04:11,85503.0,26061.31,938.0,3630.0,ascending,/140411h4002.76N/10341.29WO115/029EOSS Baloon/A=085503!W49!,"AE0SS-13>APTT4,EOSS,qAO,KB0TVJ-1:/140411h4002.76N/10341.29WO115/029EOSS Baloon/A=085503!W49!",115.0,33.0,53.1,40.0460666667,-103.6883166667,23.95,38.54,,,,,,,,0.00015389,-2.611e-05,15.63333333,4.765,low Re,-0.095556,22.043441,0.000839,4.848868,0.061026,-1.32198,-1.579573,17.203292,-0.029122,6.71884,0.000256,1.477941,0.018601,-1.322001,-1.579377,5.332547,
EOSS-309,KC0D-14,2021-04-10 08:04:16.992,2021-04-10 08:04:15,85604.0,26092.1,932.0,3634.0,ascending,/140415h4002.75N/10341.26WO117/027/A=085604 0T191P EOSS BALLOON,"KC0D-14>APZEOS,EOSS,WIDE2-1,qAO,N6BA-10:/140415h4002.75N/10341.26WO117/027/A=085604 0T191P EOSS BALLOON",117.0,31.0,49.9,40.0458333333,-103.6876666667,23.99,38.6,32.0,0.0,273.15,1910.0,0.02,4.727e-05,0.02435985,0.00015556,-3.333e-05,15.53333333,4.73466667,low Re,-0.003333,22.014888,0.000821,4.857348,0.060891,-1.334381,-0.06822,17.237471,-0.001011,6.710138,0.00025,1.480525,0.01856,-1.334305,-0.067942,5.335423,
EOSS-309,AE0SS-13,2021-04-10 08:04:42.507,2021-04-10 08:04:41,85946.0,26196.34,886.0,3660.0,ascending,/140441h4002.65N/10341.03WO100/019EOSS Baloon/A=085946!W42!,"AE0SS-13>APTT4,EOSS,qAO,KB0TVJ-1:/140441h4002.65N/10341.03WO100/019EOSS Baloon/A=085946!W42!",100.0,22.0,35.4,40.0442333333,-103.6838666667,24.21,38.97,,,,,,,,0.00014833,-6.111e-05,14.76666667,4.501,low Re,-0.025556,21.983236,0.000705,4.870294,0.060782,-1.481752,-0.432052,17.351075,-0.007789,6.700491,0.000215,1.484471,0.018527,-1.481667,-0.432018,5.343714,
EOSS-309,KC0D-14,2021-04-10 08:04:46.933,2021-04-10 08:04:45,86046.0,26226.82,884.0,3664.0,ascending,/140445h4002.64N/10341.00WO116/023/A=086046 3T186P EOSS BALLOON,"KC0D-14>APZEOS,EOSS,WIDE2-1,qAO,N6BA-9:/140445h4002.64N/10341.00WO116/023/A=086046 3T186P EOSS BALLOON",116.0,26.0,41.8,40.044,-103.6833333333,24.25,39.02,32.54,0.3,273.45,1860.0,0.02,4.598e-05,0.02369613,0.00014444,-6.111e-05,14.73333333,4.49066667,low Re,-0.001111,21.951715,0.000697,4.883104,0.060649,-1.478236,-0.029811,17.383521,-0.000344,6.690883,0.000213,1.488376,0.018486,-1.478266,-0.030131,5.345709,
EOSS-309,AE0SS-13,2021-04-10 08:05:12.389,2021-04-10 08:05:11,86392.0,26332.28,892.0,3690.0,ascending,/140511h4002.55N/10340.84WO108/021EOSS Baloon/A=086392!W14!,"AE0SS-13>APTT4,EOSS,qAO,KB0TVJ-1:/140511h4002.55N/10340.84WO108/021EOSS Baloon/A=086392!W14!",108.0,24.0,38.6,40.0425166667,-103.6807333333,24.42,39.3,,,,,,,,0.00010444,-5.722e-05,14.86666667,4.53133333,low Re,0.004444,21.921044,0.000713,4.894726,0.060517,-1.44122,0.061652,17.492313,0.001356,6.681534,0.000218,1.491918,0.018446,-1.441232,0.061694,5.351088,
EOSS-309,KC0D-14,2021-04-10 08:05:16.872,2021-04-10 08:05:15,86506.0,26367.03,920.0,3694.0,ascending,/140515h4002.54N/10340.82WO120/018/A=086506 3T182P EOSS BALLOON,"KC0D-14>APZEOS,EOSS,WIDE2-1,qAO,N6BA-9:/140515h4002.54N/10340.82WO120/018/A=086506 3T182P EOSS BALLOON",120.0,21.0,33.8,40.0423333333,-103.6803333333,24.44,39.34,32.54,0.3,273.45,1820.0,0.02,4.499e-05,0.02318654,0.0001,-5.556e-05,15.33333333,4.67366667,low Re,0.015556,21.892648,0.000778,4.903232,0.060393,-1.337753,0.244697,17.526786,0.004744,6.67288,0.000237,1.49451,0.018408,-1.337705,0.244839,5.352337,
EOSS-309,AE0SS-13,2021-04-10 08:05:42.460,2021-04-10 08:05:41,86868.0,26477.37,952.0,3720.0,ascending,/140541h4002.50N/10340.65WO112/016EOSS Baloon/A=086868!W51!,"AE0SS-13>APTT4,EOSS,qAO,KB0TVJ-1:/140541h4002.50N/10340.65WO112/016EOSS Baloon/A=086868!W51!",112.0,18.0,29.0,40.04175,-103.6775166667,24.59,39.57,,,,,,,,0.00010722,-2.556e-05,15.86666667,4.83633333,low Re,0.017778,21.866786,0.000851,4.908554,0.060272,-1.22238,0.280844,17.630811,0.005422,6.664997,0.00026,1.496132,0.018372,-1.222261,0.280971,5.354563,
EOSS-309,KC0D-14,2021-04-10 08:05:46.972,2021-04-10 08:05:45,86976.0,26510.28,940.0,3724.0,ascending,/140545h4002.50N/10340.63WO094/019/A=086976 6T177P EOSS BALLOON,"KC0D-14>APZEOS,EOSS,WIDE2-1,qAO,N6BA-10:/140545h4002.50N/10340.63WO094/019/A=086976 6T177P EOSS BALLOON",94.0,22.0,35.4,40.0416666667,-103.6771666667,24.61,39.61,33.08,0.6,273.75,1770.0,0.02,4.371e-05,0.02252483,0.00010556,-2.222e-05,15.66666667,4.775,low Re,-0.006667,21.84029,0.000819,4.914751,0.060144,-1.256142,-0.124468,17.660043,-0.002044,6.65692,0.00025,1.498021,0.018332,-1.256271,-0.125136,5.354711,
EOSS-309,AE0SS-13,2021-04-10 08:06:12.402,2021-04-10 08:06:11,87367.0,26629.46,998.0,3750.0,ascending,/140611h4002.50N/10340.40WO077/025EOSS Baloon/A=087367!W00!,"AE0SS-13>APTT4,EOSS,qAO,KB0TVJ-1:/140611h4002.50N/10340.40WO077/025EOSS Baloon/A=087367!W00!",77.0,29.0,46.7,40.0416666667,-103.6733333333,24.78,39.88,,,,,,,,0.00013944,-2.78e-06,16.63333333,5.06966667,low Re,0.032222,21.818132,0.000953,4.915987,0.06005,-1.054681,0.520716,17.757814,0.009822,6.650166,0.000291,1.498399,0.018304,-1.054792,0.520706,5.353249,
EOSS-309,KC0D-14,2021-04-10 08:06:17.040,2021-04-10 08:06:15,87464.0,26659.03,976.0,3754.0,ascending,/140615h4002.51N/10340.36WO088/027/A=087464 7T173P EOSS BALLOON,"KC0D-14>APZEOS,EOSS,WIDE2-1,qAO,N6BA-10:/140615h4002.51N/10340.36WO088/027/A=087464 7T173P EOSS BALLOON",88.0,31.0,49.9,40.0418333333,-103.6726666667,24.81,39.92,33.26,0.7,273.85,1730.0,0.02,4.27e-05,0.02200776,0.00015,5.56e-06,16.26666667,4.95833333,low Re,-0.012222,21.794609,0.000897,4.918808,0.059928,-1.123838,-0.218913,17.779922,-0.003711,6.642997,0.000273,1.499257,0.018267,-1.123666,-0.218098,5.352399,
EOSS-309,AE0SS-13,2021-04-10 08:06:42.461,2021-04-10 08:06:41,87898.0,26791.31,1062.0,3780.0,ascending,/140641h4002.45N/10340.14WO126/026EOSS Baloon/A=087898!W62!,"AE0SS-13>APTT4,EOSS,qAO,KB0TVJ-1:/140641h4002.45N/10340.14WO126/026EOSS Baloon/A=087898!W62!",126.0,30.0,48.3,40.0409333333,-103.6690333333,25.0,40.24,,,,,,,,0.00014333,-2.444e-05,17.7,5.395,low Re,0.047778,21.777332,0.001096,4.915577,0.059878,-0.829472,0.779619,17.866941,0.014556,6.637732,0.000334,1.498272,0.018251,-0.829444,0.779245,5.346221,
EOSS-309,KC0D-14,2021-04-10 08:06:46.884,2021-04-10 08:06:45,88004.0,26823.62,1080.0,3784.0,ascending,/140645h4002.45N/10340.11WO092/025/A=088004 10T168P EOSS BALLOON,"KC0D-14>APZEOS,EOSS,WIDE2-1,qAO,N6BA-10:/140645h4002.45N/10340.11WO092/025/A=088004 10T168P EOSS BALLOON",92.0,29.0,46.7,40.0408333333,-103.6685,25.03,40.28,33.8,1.0,274.15,1680.0,0.02,4.142e-05,0.02134831,0.00013889,-3.333e-05,18.0,5.48633333,low Re,0.01,21.761461,0.001133,4.911303,0.059754,-0.765878,0.148392,17.884993,0.003044,6.632894,0.000345,1.49697,0.018213,-0.765921,0.148191,5.344119,
EOSS-309,AE0SS-13,2021-04-10 08:07:12.551,2021-04-10 08:07:11,88440.0,26956.51,1084.0,3810.0,ascending,/140711h4002.41N/10339.88WO099/025EOSS Baloon/A=088440!W36!,"AE0SS-13>APTT4,EOSS,qAO,KB0TVJ-1:/140711h4002.41N/10339.88WO099/025EOSS Baloon/A=088440!W36!",99.0,29.0,46.7,40.0402166667,-103.6647666667,25.22,40.59,,,,,,,,0.00014222,-2.389e-05,18.06666667,5.50666667,low Re,0.002222,21.746002,0.001138,4.906798,0.059628,-0.749844,0.018179,17.944494,0.000678,6.628182,0.000347,1.495597,0.018175,-0.749878,0.018212,5.333025,
EOSS-309,KC0D-14,2021-04-10 08:07:17.002,2021-04-10 08:07:15,88543.0,26987.91,1078.0,3814.0,ascending,/140715h4002.41N/10339.84WO106/030/A=088543 10T163P EOSS BALLOON,"KC0D-14>APZEOS,EOSS,WIDE2-1,qAO,N6BA-10:/140715h4002.41N/10339.84WO106/030/A=088543 10T163P EOSS BALLOON",106.0,35.0,56.3,40.0401666667,-103.664,25.26,40.65,33.8,1.0,274.15,1630.0,0.02,4.019e-05,0.02071294,0.00015,-2.222e-05,17.96666667,5.47633333,low Re,-0.003333,21.730255,0.001119,4.902595,0.059503,-0.767673,-0.07482,17.954851,-0.001011,6.623382,0.000341,1.494316,0.018137,-0.767608,-0.074544,5.329825,
EOSS-309,AE0SS-13,2021-04-10 08:07:42.549,2021-04-10 08:07:41,88994.0,27125.37,1108.0,3840.0,ascending,/140741h4002.34N/10339.59WO120/021EOSS Baloon/A=088994!W84!,"AE0SS-13>APTT4,EOSS,qAO,KB0TVJ-1:/140741h4002.34N/10339.59WO120/021EOSS Baloon/A=088994!W84!",120.0,24.0,38.6,40.0391333333,-103.6599,25.48,41.01,,,,,,,,0.00016222,-3.611e-05,18.46666667,5.62866667,low Re,0.016667,21.716713,0.001184,4.896886,0.059387,-0.663697,0.260714,17.981975,0.005078,6.619255,0.000361,1.492575,0.018102,-0.663677,0.260579,5.313208,
EOSS-309,KC0D-14,2021-04-10 08:07:46.985,2021-04-10 08:07:45,89109.0,27160.42,1132.0,3844.0,ascending,/140745h4002.34N/10339.57WO117/022/A=089109 14T159P EOSS BALLOON,"KC0D-14>APZEOS,EOSS,WIDE2-1,qAO,N6BA-10:/140745h4002.34N/10339.57WO117/022/A=089109 14T159P EOSS BALLOON",117.0,25.0,40.2,40.039,-103.6595,25.51,41.05,34.52,1.4,274.55,1590.0,0.02,3.915e-05,0.02017521,0.00015,-3.889e-05,18.86666667,5.75033333,low Re,0.013333,21.704936,0.001234,4.890149,0.059268,-0.580405,0.204141,17.983877,0.004056,6.615664,0.000376,1.490522,0.018065,-0.580555,0.203709,5.308287,
EOSS-309,AE0SS-13,2021-04-10 08:08:12.499,2021-04-10 08:08:11,89565.0,27299.41,1142.0,3870.0,ascending,/140811h4002.27N/10339.40WO117/010EOSS Baloon/A=089565!W50!,"AE0SS-13>APTT4,EOSS,qAO,KB0TVJ-1:/140811h4002.27N/10339.40WO117/010EOSS Baloon/A=089565!W50!",117.0,12.0,19.3,40.0379166667,-103.6566666667,25.67,41.32,,,,,,,,0.00010778,-4.056e-05,19.03333333,5.80133333,low Re,0.005556,21.693941,0.001252,4.883043,0.059146,-0.544867,0.072769,17.969816,0.0017,6.612313,0.000382,1.488357,0.018028,-0.544882,0.073108,5.286008,
EOSS-309,KC0D-14,2021-04-10 08:08:16.891,2021-04-10 08:08:15,89676.0,27333.24,1134.0,3874.0,ascending,/140815h4002.27N/10339.39WO108/015/A=089676 14T154P EOSS BALLOON,"KC0D-14>APZEOS,EOSS,WIDE2-1,qAO,N6BA-10:/140815h4002.27N/10339.39WO108/015/A=089676 14T154P EOSS BALLOON",108.0,17.0,27.4,40.0378333333,-103.6565,25.68,41.33,34.52,1.4,274.55,1540.0,0.02,3.792e-05,0.01954077,0.0001,-3.889e-05,18.9,5.76066667,low Re,-0.004444,21.682491,0.001229,4.876267,0.059025,-0.570619,-0.096112,17.960938,-0.001356,6.608823,0.000375,1.486291,0.017991,-0.570653,-0.096215,5.27991,
EOSS-309,AE0SS-13,2021-04-10 08:08:42.436,2021-04-10 08:08:41,90074.0,27454.56,1018.0,3900.0,ascending,/140841h4002.25N/10339.22WO092/015EOSS Baloon/A=090074!W41!,"AE0SS-13>APTT4,EOSS,qAO,KB0TVJ-1:/140841h4002.25N/10339.22WO092/015EOSS Baloon/A=090074!W41!",92.0,17.0,27.4,40.0375666667,-103.6536833333,25.82,41.55,,,,,,,,9.944e-05,-1.167e-05,16.96666667,5.17166667,low Re,-0.064444,21.663243,0.000959,4.875582,0.059053,-0.963285,-1.107531,17.910571,-0.019633,6.602957,0.000293,1.486082,0.018,-0.96313,-1.107,5.255833,
EOSS-309,KC0D-14,2021-04-10 08:08:46.906,2021-04-10 08:08:45,90186.0,27488.69,1020.0,3904.0,ascending,/140845h4002.25N/10339.20WO099/016/A=090186 18T149P EOSS BALLOON,"KC0D-14>APZEOS,EOSS,WIDE2-1,qAO,N6BA-9:/140845h4002.25N/10339.20WO099/016/A=090186 18T149P EOSS BALLOON",99.0,18.0,29.0,40.0375,-103.6533333333,25.84,41.58,35.24,1.8,274.95,1490.0,0.01,3.663e-05,0.01887883,0.00010556,-1.111e-05,17.0,5.18166667,low Re,0.001111,21.644286,0.00096,4.874697,0.058932,-0.952733,0.002562,17.891011,0.000333,6.597179,0.000293,1.485812,0.017963,-0.952686,0.002227,5.248427,
EOSS-309,AE0SS-13,2021-04-10 08:09:12.616,2021-04-10 08:09:11,90572.0,27606.35,996.0,3930.0,ascending,/140911h4002.23N/10339.03WO100/025EOSS Baloon/A=090572!W96!,"AE0SS-13>APTT4,EOSS,qAO,KB0TVJ-1:/140911h4002.23N/10339.03WO100/025EOSS Baloon/A=090572!W96!",100.0,29.0,46.7,40.0373166667,-103.6506,25.97,41.79,,,,,,,,0.00010278,-8.33e-06,16.6,5.05966667,low Re,-0.013333,21.623864,0.000902,4.875355,0.058818,-1.030461,-0.242018,17.80479,-0.004067,6.590954,0.000275,1.486012,0.017928,-1.030468,-0.242191,5.220717,
EOSS-309,KC0D-14,2021-04-10 08:09:16.996,2021-04-10 08:09:15,90688.0,27641.7,1004.0,3934.0,ascending,/140915h4002.24N/10339.01WO099/018/A=090688 18T146P EOSS BALLOON,"KC0D-14>APZEOS,EOSS,WIDE2-1,qAO,N6BA-10:/140915h4002.24N/10339.01WO099/018/A=090688 18T146P EOSS BALLOON",99.0,21.0,33.8,40.0373333333,-103.6501666667,25.99,41.83,35.24,1.8,274.95,1460.0,0.01,3.589e-05,0.01849872,0.00010556,-5.56e-06,16.73333333,5.10033333,low Re,0.004444,21.604144,0.000916,4.875377,0.058699,-0.999063,0.060103,17.773062,0.001356,6.584944,0.000279,1.486019,0.017892,-0.999052,0.060195,5.211719,
EOSS-309,AE0SS-13,2021-04-10 08:09:42.500,2021-04-10 08:09:41,91058.0,27754.48,972.0,3960.0,ascending,/140941h4002.23N/10338.88WO106/020EOSS Baloon/A=091058!W49!,"AE0SS-13>APTT4,EOSS,qAO,KB0TVJ-1:/140941h4002.23N/10338.88WO106/020EOSS Baloon/A=091058!W49!",106.0,23.0,37.0,40.0372333333,-103.64815,26.08,41.98,,,,,,,,8.167e-05,-2.78e-06,16.2,4.93766667,low Re,-0.017778,21.582441,0.000841,4.877576,0.058592,-1.103507,-0.317774,17.653475,-0.005422,6.578328,0.000256,1.486689,0.017859,-1.103567,-0.317935,5.180871,
EOSS-309,KC0D-14,2021-04-10 08:09:46.968,2021-04-10 08:09:45,91168.0,27788.01,960.0,3964.0,ascending,/140945h4002.23N/10338.87WO097/015/A=091168 22T142P EOSS BALLOON,"KC0D-14>APZEOS,EOSS,WIDE2-1,qAO,N6BA-10:/140945h4002.23N/10338.87WO097/015/A=091168 22T142P EOSS BALLOON",97.0,17.0,27.4,40.0371666667,-103.6478333333,26.1,42.01,35.96,2.2,275.35,1420.0,0.01,3.486e-05,0.01796576,7.778e-05,-5.56e-06,16.0,4.877,low Re,-0.006667,21.560111,0.000811,4.880559,0.058476,-1.139237,-0.127882,17.612462,-0.002022,6.571523,0.000247,1.487598,0.017824,-1.1391,-0.1273,5.171057,
EOSS-309,AE0SS-13,2021-04-10 08:10:12.425,2021-04-10 08:10:11,91540.0,27901.39,964.0,3990.0,ascending,/141011h4002.21N/10338.74WO065/012EOSS Baloon/A=091540!W39!,"AE0SS-13>APTT4,EOSS,qAO,KB0TVJ-1:/141011h4002.21N/10338.74WO065/012EOSS Baloon/A=091540!W39!",65.0,14.0,22.5,40.0368833333,-103.6458166667,26.2,42.17,,,,,,,,7.778e-05,-1.167e-05,16.06666667,4.897,low Re,0.002222,21.538225,0.000816,4.883114,0.058358,-1.120506,0.024093,17.455054,0.000667,6.564851,0.000249,1.488377,0.017788,-1.120584,0.023499,5.135608,
EOSS-309,KC0D-14,2021-04-10 08:10:16.880,2021-04-10 08:10:15,91657.0,27937.05,978.0,3994.0,ascending,/141015h4002.21N/10338.74WO105/010/A=091657 23T139P EOSS BALLOON,"KC0D-14>APZEOS,EOSS,WIDE2-1,qAO,N6BA-10:/141015h4002.21N/10338.74WO105/010/A=091657 23T139P EOSS BALLOON",105.0,12.0,19.3,40.0368333333,-103.6456666667,26.21,42.18,36.14,2.3,275.45,1390.0,0.01,3.411e-05,0.01757982,7.222e-05,-1.111e-05,16.3,4.968,low Re,0.007778,21.517438,0.000844,4.884536,0.058243,-1.068154,0.119053,17.399568,0.002367,6.558515,0.000257,1.488811,0.017753,-1.068312,0.118853,5.123719,
EOSS-309,AE0SS-13,2021-04-10 08:10:42.472,2021-04-10 08:10:41,92055.0,28058.36,1030.0,4020.0,ascending,/141041h4002.20N/10338.68WO124/003EOSS Baloon/A=092055!W70!,"AE0SS-13>APTT4,EOSS,qAO,KB0TVJ-1:/141041h4002.20N/10338.68WO124/003EOSS Baloon/A=092055!W70!",124.0,3.0,4.8,40.0367833333,-103.6446666667,26.26,42.26,,,,,,,,3.833e-05,-3.33e-06,17.16666667,5.23233333,low Re,0.028889,21.500242,0.000955,4.882503,0.058154,-0.887572,0.480345,17.189544,0.008811,6.553273,0.000291,1.488192,0.017726,-0.887614,0.48065,5.080516,
EOSS-309,KC0D-14,2021-04-10 08:10:46.939,2021-04-10 08:10:45,92178.0,28095.85,1042.0,4024.0,ascending,/141045h4002.21N/10338.68WO055/002/A=092178 26T135P EOSS BALLOON,"KC0D-14>APZEOS,EOSS,WIDE2-1,qAO,N6BA-10:/141045h4002.21N/10338.68WO055/002/A=092178 26T135P EOSS BALLOON",55.0,2.0,3.2,40.0368333333,-103.6446666667,26.26,42.26,36.68,2.6,275.75,1350.0,0.01,3.309e-05,0.01705535,3.333e-05,0.0,17.36666667,5.29333333,low Re,0.006667,21.483968,0.000978,4.879741,0.05804,-0.843754,0.098019,17.118062,0.002033,6.548313,0.000298,1.48735,0.017691,-0.843769,0.098072,5.066277,
EOSS-309,AE0SS-13,2021-04-10 08:11:12.489,2021-04-10 08:11:11,92564.0,28213.51,1018.0,4050.0,ascending,/141111h4002.21N/10338.60WO120/007EOSS Baloon/A=092564!W10!,"AE0SS-13>APTT4,EOSS,qAO,KB0TVJ-1:/141111h4002.21N/10338.60WO120/007EOSS Baloon/A=092564!W10!",120.0,8.0,12.9,40.03685,-103.6433333333,26.32,42.36,,,,,,,,4.444e-05,2.22e-06,16.96666667,5.17166667,low Re,-0.013333,21.466253,0.000922,4.878335,0.057932,-0.922361,-0.246064,16.874139,-0.004056,6.542914,0.000281,1.486921,0.017658,-0.922206,-0.245611,5.018768,
EOSS-309,KC0D-14,2021-04-10 08:11:16.879,2021-04-10 08:11:15,92680.0,28248.86,1004.0,4054.0,ascending,/141115h4002.20N/10338.58WO113/014/A=092680 27T131P EOSS BALLOON,"KC0D-14>APZEOS,EOSS,WIDE2-1,qAO,N6BA-10:/141115h4002.20N/10338.58WO113/014/A=092680 27T131P EOSS BALLOON",113.0,16.0,25.7,40.0366666667,-103.643,26.34,42.39,36.86,2.7,275.85,1310.0,0.01,3.21e-05,0.01654401,5.556e-05,-5.56e-06,16.73333333,5.10033333,low Re,-0.007778,21.447765,0.000888,4.877738,0.05782,-0.96652,-0.149879,16.79519,-0.002378,6.537279,0.000271,1.486739,0.017624,-0.966508,-0.150306,5.003636,
EOSS-309,AE0SS-13,2021-04-10 08:11:42.424,2021-04-10 08:11:41,93056.0,28363.47,984.0,4080.0,ascending,/141141h4002.18N/10338.42WO099/017EOSS Baloon/A=093056!W15!,"AE0SS-13>APTT4,EOSS,qAO,W9CN-9:/141141h4002.18N/10338.42WO099/017EOSS Baloon/A=093056!W15!",99.0,20.0,32.2,40.03635,-103.6404166667,26.47,42.6,,,,,,,,9.722e-05,-1.667e-05,16.4,4.99866667,low Re,-0.011111,21.428124,0.000841,4.878374,0.057712,-1.030697,-0.207097,16.522321,-0.003389,6.531292,0.000256,1.486933,0.017591,-1.030729,-0.207208,4.951765,
EOSS-309,KC0D-14,2021-04-10 08:11:46.933,2021-04-10 08:11:45,93169.0,28397.91,978.0,4084.0,ascending,/141145h4002.17N/10338.40WO107/020/A=093169 30T128P EOSS BALLOON,"KC0D-14>APZEOS,EOSS,WIDE2-1,qAO,N6BA-10:/141145h4002.17N/10338.40WO107/020/A=093169 30T128P EOSS BALLOON",107.0,23.0,37.0,40.0361666667,-103.64,26.5,42.64,37.4,3.0,276.15,1280.0,0.01,3.133e-05,0.01614758,0.0001,-1.667e-05,16.3,4.96833333,low Re,-0.003333,21.408247,0.000824,4.87933,0.057599,-1.046916,-0.072171,16.435496,-0.001011,6.525234,0.000251,1.487224,0.017557,-1.04685,-0.07188,4.935323,
EOSS-309,AE0SS-13,2021-04-10 08:12:12.459,2021-04-10 08:12:11,93571.0,28520.44,1030.0,4110.0,ascending,/141211h4002.14N/10338.15WO100/027EOSS Baloon/A=093571!W42!,"AE0SS-13>APTT4,EOSS,qAO,KB0TVJ-1:/141211h4002.14N/10338.15WO100/027EOSS Baloon/A=093571!W42!",100.0,31.0,49.9,40.0357333333,-103.6358666667,26.7,42.97,,,,,,,,0.00015167,-2.056e-05,17.16666667,5.23233333,low Re,0.028889,21.39187,0.000933,4.876991,0.057514,-0.866355,0.486073,16.110251,0.0088,6.520242,0.000285,1.486511,0.017531,-0.866397,0.485711,4.873564,
EOSS-309,KC0D-14,2021-04-10 08:12:17.003,2021-04-10 08:12:15,93688.0,28556.1,1038.0,4114.0,ascending,/141215h4002.14N/10338.12WO098/025/A=093688 31T124P EOSS BALLOON,"KC0D-14>APZEOS,EOSS,WIDE2-1,qAO,N6BA-10:/141215h4002.14N/10338.12WO098/025/A=093688 31T124P EOSS BALLOON",98.0,29.0,46.7,40.0356666667,-103.6353333333,26.73,43.01,37.58,3.1,276.25,1240.0,0.01,3.034e-05,0.0156373,0.00015556,-1.667e-05,17.3,5.273,low Re,0.004444,21.376132,0.000947,4.874178,0.057402,-0.836271,0.060921,16.011212,0.001356,6.515445,0.000289,1.485654,0.017497,-0.836295,0.060982,4.854627,
EOSS-309,AE0SS-13,2021-04-10 08:12:42.527,2021-04-10 08:12:41,94103.0,28682.59,1064.0,4140.0,ascending,/141241h4002.09N/10337.86WO110/021EOSS Baloon/A=094103!W93!,"AE0SS-13>APTT4,EOSS,qAO,KB0TVJ-1:/141241h4002.09N/10337.86WO110/021EOSS Baloon/A=094103!W93!",110.0,24.0,38.6,40.0349833333,-103.63105,26.95,43.37,,,,,,,,0.00016056,-2.5e-05,17.73333333,5.405,low Re,0.014444,21.362175,0.000999,4.870018,0.057298,-0.745139,0.23465,15.646693,0.0044,6.511191,0.000304,1.484386,0.017465,-0.745218,0.234526,4.78397,
EOSS-309,KC0D-14,2021-04-10 08:12:46.974,2021-04-10 08:12:45,94209.0,28714.9,1042.0,4144.0,ascending,/141245h4002.09N/10337.84WO100/021/A=094209 34T121P EOSS BALLOON,"KC0D-14>APZEOS,EOSS,WIDE2-1,qAO,N6BA-10:/141245h4002.09N/10337.84WO100/021/A=094209 34T121P EOSS BALLOON",100.0,24.0,38.6,40.0348333333,-103.6306666667,26.97,43.4,38.12,3.4,276.55,1210.0,0.01,2.958e-05,0.01524243,0.00015556,-2.778e-05,17.36666667,5.29333333,low Re,-0.012222,21.346925,0.000948,4.866943,0.057193,-0.817815,-0.230273,15.550815,-0.003722,6.506542,0.000289,1.483449,0.017433,-0.81783,-0.230081,4.765063,
EOSS-309,AE0SS-13,2021-04-10 08:13:12.396,2021-04-10 08:13:11,94602.0,28834.69,998.0,4170.0,ascending,/141311h4002.07N/10337.67WO092/015EOSS Baloon/A=094602!W75!,"AE0SS-13>APTT4,EOSS,qAO,W9CN-9:/141311h4002.07N/10337.67WO092/015EOSS Baloon/A=094602!W75!",92.0,17.0,27.4,40.0346166667,-103.6279166667,27.1,43.62,,,,,,,,0.00010444,-1.222e-05,16.63333333,5.07,low Re,-0.024444,21.329003,0.000851,4.866334,0.057105,-0.96493,-0.442956,15.188637,-0.007444,6.50108,0.00026,1.483263,0.017406,-0.964819,-0.442606,4.692049,
EOSS-309,KC0D-14,2021-04-10 08:13:16.993,2021-04-10 08:13:15,94716.0,28869.44,1014.0,4174.0,ascending,/141315h4002.08N/10337.65WO084/019/A=094716 35T119P EOSS BALLOON,"KC0D-14>APZEOS,EOSS,WIDE2-1,qAO,N6BA-10:/141315h4002.08N/10337.65WO084/019/A=094716 35T119P EOSS BALLOON",84.0,22.0,35.4,40.0346666667,-103.6275,27.12,43.65,38.3,3.5,276.65,1190.0,0.01,2.908e-05,0.01498507,0.00010556,-5.56e-06,16.9,5.15133333,low Re,0.008889,21.312226,0.000882,4.864717,0.056998,-0.906985,0.140479,15.082313,0.002711,6.495967,0.000269,1.482769,0.017373,-0.90684,0.140563,4.670052,
EOSS-309,KC0D-14,2021-04-10 08:13:46.951,2021-04-10 08:13:45,95169.0,29007.51,906.0,4204.0,ascending,/141345h4002.09N/10337.43WO093/025/A=095169 38T115P EOSS BALLOON,"KC0D-14>APZEOS,EOSS,WIDE2-1,qAO,N6BA-10:/141345h4002.09N/10337.43WO093/025/A=095169 38T115P EOSS BALLOON",93.0,29.0,46.7,40.0348333333,-103.6238333333,27.28,43.91,38.84,3.8,276.95,1150.0,0.01,2.807e-05,0.01446568,0.00012222,5.56e-06,15.1,4.60233333,low Re,-0.06,21.288784,0.000651,4.870468,0.057013,-1.270675,-1.06381,14.659805,-0.0183,6.488822,0.000199,1.484523,0.017378,-1.270771,-1.064507,4.579469,
EOSS-309,AE0SS-13,2021-04-10 08:14:12.426,2021-04-10 08:14:11,95520.0,29114.5,918.0,4230.0,ascending,/141411h4002.04N/10337.18WO107/032EOSS Baloon/A=095520!W24!,"AE0SS-13>APTT4,EOSS,qAO,KB0TVJ-1:/141411h4002.04N/10337.18WO107/032EOSS Baloon/A=095520!W24!",107.0,37.0,59.5,40.0340333333,-103.6197333333,27.5,44.26,,,,,,,,0.00013639,-9.72e-06,15.3,4.6635,low Re,0.003333,21.26627,0.000661,4.875118,0.056905,-1.223821,0.046955,14.339277,0.001019,6.481959,0.000202,1.48594,0.017345,-1.223777,0.047103,4.506475,
EOSS-309,KC0D-14,2021-04-10 08:14:16.987,2021-04-10 08:14:15,95623.0,29145.89,908.0,4234.0,ascending,/141415h4002.03N/10337.15WO106/026/A=095623 39T112P EOSS BALLOON,"KC0D-14>APZEOS,EOSS,WIDE2-1,qAO,N6BA-10:/141415h4002.03N/10337.15WO106/026/A=095623 39T112P EOSS BALLOON",106.0,30.0,48.3,40.0338333333,-103.6191666667,27.53,44.31,39.02,3.9,277.05,1120.0,0.01,2.733e-05,0.01408323,0.00015556,-3.333e-05,15.13333333,4.61266667,low Re,-0.005556,21.2433,0.000638,4.880399,0.056799,-1.25194,-0.109051,14.247606,-0.001694,6.474958,0.000194,1.487549,0.017313,-1.251919,-0.109051,4.484745,
EOSS-309,AE0SS-13,2021-04-10 08:14:42.485,2021-04-10 08:14:41,95950.0,29245.56,860.0,4260.0,ascending,/141441h4001.96N/10336.90WO120/033EOSS Baloon/A=095950!W56!,"AE0SS-13>APTT4,EOSS,qAO,KB0TVJ-1:/141441h4001.96N/10336.90WO120/033EOSS Baloon/A=095950!W56!",120.0,38.0,61.2,40.03275,-103.6151,27.76,44.67,,,,,,,,0.00015444,-4.278e-05,14.33333333,4.36866667,low Re,-0.026667,21.217517,0.000536,4.889504,0.056717,-1.407951,-0.479627,13.967421,-0.008133,6.467099,0.000163,1.490325,0.017288,-1.408037,-0.47987,4.415321,
EOSS-309,KC0D-14,2021-04-10 08:14:46.954,2021-04-10 08:14:45,96054.0,29277.26,862.0,4264.0,ascending,/141445h4001.95N/10336.87WO114/032/A=096054 43T109P EOSS BALLOON,"KC0D-14>APZEOS,EOSS,WIDE2-1,qAO,N6BA-10:/141445h4001.95N/10336.87WO114/032/A=096054 43T109P EOSS BALLOON",114.0,37.0,59.5,40.0325,-103.6145,27.79,44.73,39.74,4.3,277.45,1090.0,0.01,2.656e-05,0.01368624,0.00015556,-4.444e-05,14.36666667,4.379,low Re,0.001111,21.192049,0.000538,4.898216,0.05661,-1.393442,0.010122,13.882643,0.000344,6.459337,0.000164,1.492981,0.017255,-1.393412,0.010432,4.393242,
EOSS-309,AE0SS-13,2021-04-10 08:15:12.427,2021-04-10 08:15:11,96370.0,29373.58,840.0,4290.0,ascending,/141511h4001.87N/10336.59WO099/024EOSS Baloon/A=096370!W29!,"AE0SS-13>APTT4,EOSS,qAO,KB0TVJ-1:/141511h4001.87N/10336.59WO099/024EOSS Baloon/A=096370!W29!",99.0,28.0,45.1,40.0312,-103.6099833333,28.05,45.14,,,,,,,,0.00017056,-5.167e-05,14.0,4.26733333,low Re,-0.012222,21.165412,0.00049,4.908656,0.05651,-1.45975,-0.224951,13.641798,-0.003722,6.451218,0.00015,1.496162,0.017225,-1.459658,-0.22479,4.326842,
EOSS-309,KC0D-14,2021-04-10 08:15:16.945,2021-04-10 08:15:15,96450.0,29397.96,792.0,4294.0,ascending,/141515h4001.87N/10336.56WO101/026/A=096450 44T107P EOSS BALLOON,"KC0D-14>APZEOS,EOSS,WIDE2-1,qAO,N6BA-10:/141515h4001.87N/10336.56WO101/026/A=096450 44T107P EOSS BALLOON",101.0,30.0,48.3,40.0311666667,-103.6093333333,28.08,45.19,39.92,4.4,277.55,1070.0,0.01,2.606e-05,0.01343028,0.00017222,-4.444e-05,13.2,4.02333333,low Re,-0.026667,21.136019,0.00039,4.923392,0.056429,-1.611901,-0.479487,13.585498,-0.008133,6.442259,0.000119,1.500654,0.0172,-1.611914,-0.479767,4.310327,
EOSS-309,AE0SS-13,2021-04-10 08:15:42.560,2021-04-10 08:15:41,96738.0,29485.74,736.0,4320.0,ascending,/141541h4001.79N/10336.28WO113/030EOSS Baloon/A=096738!W26!,"AE0SS-13>APTT4,EOSS,qAO,KB0TVJ-1:/141541h4001.79N/10336.28WO113/030EOSS Baloon/A=096738!W26!",113.0,35.0,56.3,40.0298666667,-103.6047666667,28.33,45.6,,,,,,,,0.00017389,-4.444e-05,12.26666667,3.73866667,low Re,-0.031111,21.103411,0.000273,4.943638,0.056357,-1.787498,-0.556878,13.401778,-0.009489,6.432319,8.3e-05,1.506826,0.017178,-1.787633,-0.557224,4.252514,
EOSS-309,KC0D-14,2021-04-10 08:15:46.933,2021-04-10 08:15:45,96795.0,29503.12,690.0,4324.0,ascending,/141545h4001.78N/10336.25WO113/032/A=096795 47T106P EOSS BALLOON,"KC0D-14>APZEOS,EOSS,WIDE2-1,qAO,N6BA-10:/141545h4001.78N/10336.25WO113/032/A=096795 47T106P EOSS BALLOON",113.0,37.0,59.5,40.0296666667,-103.6041666667,28.37,45.65,40.46,4.7,277.85,1060.0,0.01,2.579e-05,0.0132904,0.00017222,-5e-05,11.5,3.50533333,low Re,-0.025556,21.068234,0.000178,4.968655,0.056275,-1.925719,-0.45729,13.369342,-0.007778,6.421598,5.4e-05,1.51445,0.017153,-1.925626,-0.456597,4.241464,
EOSS-309,AE0SS-13,2021-04-10 08:16:12.456,2021-04-10 08:16:11,97086.0,29591.81,696.0,4350.0,ascending,/141611h4001.71N/10335.97WO102/030EOSS Baloon/A=097086!W42!,"AE0SS-13>APTT4,EOSS,qAO,KB0TVJ-1:/141611h4001.71N/10335.97WO102/030EOSS Baloon/A=097086!W42!",102.0,35.0,56.3,40.0285666667,-103.5995333333,28.62,46.06,,,,,,,,0.00017444,-4.333e-05,11.6,3.53566667,low Re,0.003333,21.033678,0.00019,4.992422,0.056172,-1.889599,0.055953,13.227312,0.001011,6.411065,5.8e-05,1.521694,0.017122,-1.889604,0.055659,4.187891,
EOSS-309,KC0D-14,2021-04-10 08:16:16.950,2021-04-10 08:16:15,97180.0,29620.46,770.0,4354.0,ascending,/141615h4001.71N/10335.93WO098/030/A=097180 48T103P EOSS BALLOON,"KC0D-14>APZEOS,EOSS,WIDE2-1,qAO,N6BA-10:/141615h4001.71N/10335.93WO098/030/A=097180 48T103P EOSS BALLOON",98.0,35.0,56.3,40.0285,-103.5988333333,28.65,46.11,40.64,4.8,277.95,1030.0,0.01,2.505e-05,0.01290961,0.00017778,-3.889e-05,12.83333333,3.91133333,low Re,0.041111,21.003859,0.000339,5.007778,0.056123,-1.631567,0.726476,13.190736,0.012522,6.401975,0.000103,1.526376,0.017107,-1.631735,0.72596,4.171812,
EOSS-309,AE0SS-13,2021-04-10 08:16:42.435,2021-04-10 08:16:41,97470.0,29708.86,768.0,4380.0,ascending,/141641h4001.69N/10335.67WO108/025EOSS Baloon/A=097470!W01!,"AE0SS-13>APTT4,EOSS,qAO,KB0TVJ-1:/141641h4001.69N/10335.67WO108/025EOSS Baloon/A=097470!W01!",108.0,29.0,46.7,40.0281666667,-103.5945166667,28.87,46.45,,,,,,,,0.00016722,-1.333e-05,12.8,3.90166667,low Re,-0.001111,20.974134,0.000334,5.022998,0.056021,-1.627342,-0.025794,13.110927,-0.000322,6.392916,0.000102,1.531014,0.017075,-1.627189,-0.024832,4.127131,
EOSS-309,KC0D-14,2021-04-10 08:16:47.012,2021-04-10 08:16:45,97566.0,29738.12,772.0,4384.0,ascending,/141645h4001.68N/10335.64WO100/025/A=097566 52T101P EOSS BALLOON,"KC0D-14>APZEOS,EOSS,WIDE2-1,qAO,N6BA-10:/141645h4001.68N/10335.64WO100/025/A=097566 52T101P EOSS BALLOON",100.0,29.0,46.7,40.028,-103.594,28.89,46.5,41.36,5.2,278.35,1010.0,0.01,2.453e-05,0.01264074,0.00016111,-1.667e-05,12.86666667,3.922,low Re,0.002222,20.944866,0.000341,5.037498,0.055919,-1.603613,0.033638,13.096608,0.000678,6.383996,0.000104,1.535432,0.017044,-1.603455,0.033678,4.114293,
EOSS-309,AE0SS-13,2021-04-10 08:17:12.387,2021-04-10 08:17:11,97867.0,29829.86,794.0,4410.0,ascending,/141711h4001.65N/10335.39WO103/030EOSS Baloon/A=097867!W18!,"AE0SS-13>APTT4,EOSS,qAO,KB0TVJ-1:/141711h4001.65N/10335.39WO103/030EOSS Baloon/A=097867!W18!",103.0,35.0,56.3,40.0275166667,-103.5899666667,29.1,46.83,,,,,,,,0.00015167,-2.167e-05,13.23333333,4.03333333,low Re,0.012222,20.917126,0.000384,5.049622,0.055822,-1.521657,0.212067,13.096178,0.003711,6.37554,0.000117,1.539129,0.017015,-1.521774,0.211225,4.08195,
EOSS-309,KC0D-14,2021-04-10 08:17:16.979,2021-04-10 08:17:15,97949.0,29854.86,766.0,4414.0,ascending,/141715h4001.65N/10335.35WO092/030/A=097949 53T99P EOSS BALLOON,"KC0D-14>APZEOS,EOSS,WIDE2-1,qAO,N6BA-10:/141715h4001.65N/10335.35WO092/030/A=097949 53T99P EOSS BALLOON",92.0,35.0,56.3,40.0275,-103.5891666667,29.14,46.89,41.54,5.3,278.45,990.0,0.01,2.403e-05,0.01238598,0.00016111,-1.667e-05,12.76666667,3.89133333,low Re,-0.015556,20.887913,0.000326,5.064096,0.055729,-1.603691,-0.284986,13.108806,-0.004733,6.366636,0.0001,1.54354,0.016987,-1.603653,-0.284512,4.075547,
EOSS-309,AE0SS-13,2021-04-10 08:17:42.515,2021-04-10 08:17:41,98267.0,29951.78,800.0,4440.0,ascending,/141741h4001.64N/10335.07WO090/029EOSS Baloon/A=098267!W22!,"AE0SS-13>APTT4,EOSS,qAO,KB0TVJ-1:/141741h4001.64N/10335.07WO090/029EOSS Baloon/A=098267!W22!",90.0,33.0,53.1,40.0273666667,-103.5845333333,29.36,47.24,,,,,,,,0.00018111,-5e-06,13.33333333,4.064,low Re,0.018889,20.860933,0.000393,5.075133,0.05564,-1.483232,0.332423,13.216052,0.005756,6.358413,0.00012,1.546904,0.016959,-1.483229,0.332331,4.062689,
EOSS-309,KC0D-14,2021-04-10 08:17:46.948,2021-04-10 08:17:45,98364.0,29981.35,830.0,4444.0,ascending,/141745h4001.64N/10335.03WO091/031/A=098364 56T97P EOSS BALLOON,"KC0D-14>APZEOS,EOSS,WIDE2-1,qAO,N6BA-10:/141745h4001.64N/10335.03WO091/031/A=098364 56T97P EOSS BALLOON",91.0,36.0,57.9,40.0273333333,-103.5838333333,29.39,47.3,42.08,5.6,278.75,970.0,0.01,2.352e-05,0.0121227,0.00017778,-5.56e-06,13.83333333,4.21633333,low Re,0.016667,20.835923,0.000451,5.083379,0.055549,-1.377546,0.291922,13.268794,0.005078,6.35079,0.000138,1.549418,0.016932,-1.377586,0.291755,4.063108,
EOSS-309,AE0SS-13,2021-04-10 08:18:12.492,2021-04-10 08:18:11,98693.0,30081.63,852.0,4470.0,ascending,/141811h4001.63N/10334.73WO103/033EOSS Baloon/A=098693!W90!,"AE0SS-13>APTT4,EOSS,qAO,KB0TVJ-1:/141811h4001.63N/10334.73WO103/033EOSS Baloon/A=098693!W90!",103.0,38.0,61.2,40.0273166667,-103.5788333333,29.62,47.68,,,,,,,,0.00019,-1.67e-06,14.2,4.32833333,low Re,0.012222,20.812392,0.000493,5.089689,0.055454,-1.299174,0.211509,13.526191,0.003733,6.343618,0.00015,1.55134,0.016903,-1.299061,0.211974,4.082888,
EOSS-309,KC0D-14,2021-04-10 08:18:17.006,2021-04-10 08:18:15,98794.0,30112.41,860.0,4474.0,ascending,/141815h4001.63N/10334.69WO099/031/A=098794 57T95P EOSS BALLOON,"KC0D-14>APZEOS,EOSS,WIDE2-1,qAO,N6BA-10:/141815h4001.63N/10334.69WO099/031/A=098794 57T95P EOSS BALLOON",99.0,36.0,57.9,40.0271666667,-103.5781666667,29.66,47.73,42.26,5.7,278.85,950.0,0.01,2.303e-05,0.01186849,0.00018889,-5.56e-06,14.33333333,4.36866667,low Re,0.004444,20.789497,0.000507,5.095234,0.055356,-1.267099,0.071121,13.631584,0.001344,6.336639,0.000155,1.553031,0.016873,-1.267182,0.070468,4.095442,
EOSS-309,AE0SS-13,2021-04-10 08:18:42.494,2021-04-10 08:18:41,99130.0,30214.82,874.0,4500.0,ascending,/141841h4001.63N/10334.39WO074/033EOSS Baloon/A=099130!W87!,"AE0SS-13>APTT4,EOSS,qAO,KB0TVJ-1:/141841h4001.63N/10334.39WO074/033EOSS Baloon/A=099130!W87!",74.0,38.0,61.2,40.0273,-103.5732833333,29.89,48.1,,,,,,,,0.000185,-5.6e-07,14.56666667,4.43966667,low Re,0.007778,20.767586,0.000533,5.09961,0.055259,-1.21596,0.13111,14.082045,0.002367,6.32996,0.000162,1.554366,0.016843,-1.216119,0.130915,4.163515,
EOSS-309,KC0D-14,2021-04-10 08:18:46.964,2021-04-10 08:18:45,99230.0,30245.3,872.0,4504.0,ascending,/141845h4001.65N/10334.35WO073/034/A=099230 61T93P EOSS BALLOON,"KC0D-14>APZEOS,EOSS,WIDE2-1,qAO,N6BA-10:/141845h4001.65N/10334.35WO073/034/A=099230 61T93P EOSS BALLOON",73.0,39.0,62.8,40.0275,-103.5725,29.92,48.14,42.98,6.1,279.25,930.0,0.01,2.251e-05,0.01160198,0.00018889,1.111e-05,14.53333333,4.42966667,low Re,-0.001111,20.745712,0.000527,5.104001,0.055161,-1.217159,-0.029695,14.24812,-0.000333,6.323292,0.000161,1.555704,0.016814,-1.217214,-0.02938,4.192606,
EOSS-309,AE0SS-13,2021-04-10 08:19:12.424,2021-04-10 08:19:11,99556.0,30344.67,852.0,4530.0,ascending,/141911h4001.70N/10334.03WO072/033EOSS Baloon/A=099556!W48!,"AE0SS-13>APTT4,EOSS,qAO,KB0TVJ-1:/141911h4001.70N/10334.03WO072/033EOSS Baloon/A=099556!W48!",72.0,38.0,61.2,40.0284,-103.5673,30.13,48.49,,,,,,,,0.00019944,3.667e-05,14.2,4.32833333,low Re,-0.011111,20.722824,0.000486,5.109719,0.055069,-1.276552,-0.21059,14.902788,-0.003378,6.316317,0.000148,1.557447,0.016785,-1.276437,-0.210069,4.320709,
EOSS-309,KC0D-14,2021-04-10 08:19:16.965,2021-04-10 08:19:15,99651.0,30373.62,842.0,4534.0,ascending,/141915h4001.71N/10333.99WO075/035/A=099651 62T91P EOSS BALLOON,"KC0D-14>APZEOS,EOSS,WIDE2-1,qAO,N6BA-10:/141915h4001.71N/10333.99WO075/035/A=099651 62T91P EOSS BALLOON",75.0,40.0,64.4,40.0285,-103.5665,30.17,48.55,43.16,6.2,279.35,910.0,0.01,2.202e-05,0.01134841,0.0002,3.333e-05,14.03333333,4.27733333,low Re,-0.005556,20.699516,0.000465,5.116039,0.054973,-1.302997,-0.109526,15.128541,-0.0017,6.309212,0.000142,1.559373,0.016756,-1.30301,-0.109931,4.368728,
EOSS-309,KC0D-14,2021-04-10 08:19:54.491,2021-04-10 08:19:45,99241.0,30248.66,-820.0,0.0,descending,/141945h4001.75N/10333.58WO096/034/A=099241 65T91P EOSS BALLOON,"KC0D-14>APZEOS,EOSS,WIDE2-1,qAO,N6BA-10:/141945h4001.75N/10333.58WO096/034/A=099241 65T91P EOSS BALLOON",96.0,39.0,62.8,40.0291666667,-103.5596666667,30.47,49.03,43.7,6.5,279.65,910.0,0.01,2.2e-05,0.01133624,0.00022778,2.222e-05,-13.66666667,-4.16533333,n/a,,-13.666667,,,,,,-12.903085,,-4.165333,,,,,,-3.9326,
EOSS-309,AE0SS-13,2021-04-10 08:20:12.421,2021-04-10 08:20:11,94917.0,28930.7,-4639.0,26.0,descending,/142011h4001.71N/10333.32WO133/027EOSS Baloon/A=094917!W76!,"AE0SS-13>APTT4,EOSS,qAO,KB0TVJ-1:/142011h4001.71N/10333.32WO133/027EOSS Baloon/A=094917!W76!",133.0,31.0,49.9,40.0286166667,-103.5554333333,30.68,49.38,,,,,,,,0.00019778,3.61e-06,-77.31666667,-23.56616667,n/a,-1.060833,-45.491667,-1.060833,45.007347,,-0.707107,,-111.57707,-0.323347,-13.86575,-0.323347,13.718461,,-0.707107,,-34.008787,
EOSS-309,KC0D-14,2021-04-10 08:20:19.848,2021-04-10 08:20:15,94327.0,28750.87,-9828.0,30.0,descending,/142015h4001.71N/10333.31WO108/024/A=094327 68T121P EOSS BALLOON,"KC0D-14>APZEOS,EOSS,WIDE2-1,qAO,N6BA-10:/142015h4001.71N/10333.31WO108/024/A=094327 68T121P EOSS BALLOON",108.0,28.0,45.1,40.0285,-103.5551666667,30.7,49.41,44.24,6.8,279.95,1210.0,0.01,2.922e-05,0.01505731,0.00015,-2.222e-05,-163.8,-49.92633333,n/a,-2.882778,-84.927778,-1.971805,75.355499,1.28831,-1.046668,-0.707107,-123.797275,-0.878672,-25.885944,-0.60101,22.968529,0.392674,-1.046666,-0.707106,-37.733422,
EOSS-309,AE0SS-13,2021-04-10 08:20:42.455,2021-04-10 08:20:41,90372.0,27545.39,-9090.0,56.0,descending,/142041h4001.67N/10333.13WO043/011EOSS Baloon/A=090372!W29!,"AE0SS-13>APTT4,EOSS,qAO,KB0TVJ-1:/142041h4001.67N/10333.13WO043/011EOSS Baloon/A=090372!W29!",43.0,13.0,20.9,40.0278666667,-103.5523166667,30.86,49.66,,,,,,,,0.00010389,-2.5e-05,-151.5,-46.177,n/a,0.41,-101.570833,-1.17787,69.954266,1.649506,-0.71374,0.962634,-154.62272,0.124978,-30.958708,-0.359014,21.322147,0.502775,-0.713732,0.962641,-47.128983,
EOSS-309,KC0D-14,2021-04-10 08:20:46.855,2021-04-10 08:20:45,89871.0,27392.68,-8912.0,60.0,descending,/142045h4001.66N/10333.10WO096/019/A=089871 73T153P EOSS BALLOON,"KC0D-14>APZEOS,EOSS,WIDE2-1,qAO,N6BA-9:/142045h4001.66N/10333.10WO096/019/A=089871 73T153P EOSS BALLOON",96.0,22.0,35.4,40.0276666667,-103.5516666667,30.89,49.72,45.14,7.3,280.45,1530.0,0.02,3.688e-05,0.01900546,0.00011667,-2.778e-05,-148.53333333,-45.273,n/a,0.098889,-110.963333,-0.85868,64.119379,1.49045,-0.585938,0.64247,-153.681678,0.030133,-33.821567,-0.261727,19.543675,0.454291,-0.585941,0.642452,-46.842161,
EOSS-309,AE0SS-13,2021-04-10 08:21:12.492,2021-04-10 08:21:11,86353.0,26320.39,-8038.0,86.0,descending,/142111h4001.61N/10332.95WO214/019EOSS Baloon/A=086353!W59!,"AE0SS-13>APTT4,EOSS,qAO,W9CN-9:/142111h4001.61N/10332.95WO214/019EOSS Baloon/A=086353!W59!",214.0,22.0,35.4,40.0269166667,-103.5493166667,31.03,49.93,,,,,,,,0.0001,-3.167e-05,-133.96666667,-40.83333333,n/a,0.485556,-114.797222,-0.589833,58.113923,1.423895,-0.32986,0.755245,-135.710845,0.147989,-34.990194,-0.179784,17.713225,0.434003,-0.329874,0.755232,-41.364724,
EOSS-309,KC0D-14,2021-04-10 08:21:16.872,2021-04-10 08:21:15,85903.0,26183.23,-7936.0,90.0,descending,/142115h4001.59N/10332.95WO137/027/A=085903 74T189P EOSS BALLOON,"KC0D-14>APZEOS,EOSS,WIDE2-1,qAO,N6BA-10:/142115h4001.59N/10332.95WO137/027/A=085903 74T189P EOSS BALLOON",137.0,31.0,49.9,40.0265,-103.5491666667,31.05,49.96,45.32,7.4,280.55,1890.0,0.02,4.554e-05,0.02346897,8.333e-05,-3.889e-05,-132.26666667,-40.315,n/a,0.056667,-117.292857,-0.482083,53.459836,1.300631,-0.280095,0.414222,-132.99709,0.017278,-35.750881,-0.14694,16.294655,0.396433,-0.280099,0.414239,-40.537578,
EOSS-309,KC0D-14,2021-04-10 08:21:46.959,2021-04-10 08:21:45,82314.0,25089.31,-7178.0,120.0,descending,/142145h4001.51N/10332.77WO155/035/A=082314 77T228P EOSS BALLOON,"KC0D-14>APZEOS,EOSS,WIDE2-1,qAO,N6BA-10:/142145h4001.51N/10332.77WO155/035/A=082314 77T228P EOSS BALLOON",155.0,40.0,64.4,40.0251666667,-103.5461666667,31.23,50.26,45.86,7.7,280.85,2280.0,0.02,5.488e-05,0.02828153,0.0001,-4.444e-05,-119.63333333,-36.464,n/a,0.421111,-117.585417,-0.353055,49.501107,1.23541,-0.041371,0.626647,-115.086819,0.128367,-35.840021,-0.107611,15.088026,0.376555,-0.041356,0.626676,-35.07855,
EOSS-309,AE0SS-13,2021-04-10 08:22:12.474,2021-04-10 08:22:11,79570.0,24252.94,-6783.0,146.0,descending,/142211h4001.38N/10332.61WO152/010EOSS Baloon/A=079570!W97!,"AE0SS-13>APTT4,EOSS,qAO,W9CN-9:/142211h4001.38N/10332.61WO152/010EOSS Baloon/A=079570!W97!",152.0,12.0,19.3,40.02315,-103.5436166667,31.41,50.55,,,,,,,,9.5e-05,-6.278e-05,-113.05,-34.4575,n/a,0.109722,-117.081481,-0.295208,46.328719,1.155411,0.087019,0.350464,-106.602465,0.033442,-35.686407,-0.089979,14.121078,0.352171,0.087026,0.350458,-32.492465,
EOSS-309,KC0D-14,2021-04-10 08:22:16.994,2021-04-10 08:22:15,79205.0,24141.68,-6218.0,150.0,descending,/142215h4001.39N/10332.59WO072/021/A=079205 76T268P EOSS BALLOON,"KC0D-14>APZEOS,EOSS,WIDE2-1,qAO,N6BA-10:/142215h4001.39N/10332.59WO072/021/A=079205 76T268P EOSS BALLOON",72.0,24.0,38.6,40.0231666667,-103.5431666667,31.43,50.59,45.68,7.6,280.75,2680.0,0.03,6.453e-05,0.03325504,0.0001,-6.667e-05,-103.63333333,-31.58766667,n/a,0.313889,-115.736667,-0.227531,43.885671,1.099693,0.275792,0.492337,-105.70403,0.095661,-35.276533,-0.069352,13.376424,0.335187,0.275774,0.492301,-32.218596,
EOSS-309,AE0SS-13,2021-04-10 08:22:42.405,2021-04-10 08:22:41,76611.0,23351.03,-5918.0,176.0,descending,/142241h4001.43N/10332.52WO238/017EOSS Baloon/A=076611!W47!,"AE0SS-13>APTT4,EOSS,qAO,KB0TVJ-1:/142241h4001.43N/10332.52WO238/017EOSS Baloon/A=076611!W47!",238.0,20.0,32.2,40.0239,-103.5421166667,31.46,50.63,,,,,,,,5e-05,2.5e-05,-98.63333333,-30.06366667,n/a,0.166667,-114.181818,-0.188111,41.951758,1.044267,0.370628,0.339739,-99.924501,0.0508,-34.802636,-0.057337,12.786954,0.318294,0.37061,0.339739,-30.456962,
EOSS-309,KC0D-14,2021-04-10 08:22:46.922,2021-04-10 08:22:45,76246.0,23239.78,-5918.0,180.0,descending,/142245h4001.43N/10332.50WO127/014/A=076246 77T312P EOSS BALLOON,"KC0D-14>APZEOS,EOSS,WIDE2-1,qAO,N6BA-10:/142245h4001.43N/10332.50WO127/014/A=076246 77T312P EOSS BALLOON",127.0,16.0,25.7,40.0238333333,-103.5416666667,31.48,50.67,45.86,7.7,280.85,3120.0,0.03,7.509e-05,0.03870104,5e-05,2.222e-05,-98.63333333,-30.06333333,n/a,0.0,-112.886111,-0.17101,40.250476,0.992301,0.354102,0.172337,-99.132089,1.1e-05,-34.407694,-0.052124,12.268405,0.302454,0.35411,0.172373,-30.215436,
EOSS-309,AE0SS-13,2021-04-10 08:23:12.665,2021-04-10 08:23:11,73802.0,22494.85,-5618.0,206.0,descending,/142311h4001.46N/10332.40WO350/019EOSS Baloon/A=073802!W14!,"AE0SS-13>APTT4,EOSS,qAO,N6BA-10:/142311h4001.46N/10332.40WO350/019EOSS Baloon/A=073802!W14!",350.0,22.0,35.4,40.02435,-103.5400666667,31.54,50.76,,,,,,,,6.833e-05,1.5e-05,-93.63333333,-28.53933333,n/a,0.166667,-111.405128,-0.14287,38.905083,0.951131,0.456799,0.325441,-93.536513,0.0508,-33.956282,-0.043547,11.85833,0.289906,0.456805,0.32544,-28.509903,
EOSS-309,KC0D-14,2021-04-10 08:23:16.936,2021-04-10 08:23:15,73523.0,22409.81,-5446.0,210.0,descending,/142315h4001.47N/10332.39WO090/021/A=073523 75T359P EOSS BALLOON,"KC0D-14>APZEOS,EOSS,WIDE2-1,qAO,N6BA-10:/142315h4001.47N/10332.39WO090/021/A=073523 75T359P EOSS BALLOON",90.0,24.0,38.6,40.0245,-103.5398333333,31.55,50.77,45.5,7.5,280.65,3590.0,0.04,8.647e-05,0.04456274,6.111e-05,2.222e-05,-90.76666667,-27.66566667,n/a,0.095556,-109.930952,-0.12453,37.783581,0.913036,0.507212,0.241049,-92.854956,0.029122,-33.506952,-0.037957,11.516494,0.278294,0.50721,0.241036,-28.302164,
EOSS-309,AE0SS-13,2021-04-10 08:23:42.503,2021-04-10 08:23:41,71285.0,21727.67,-5034.0,236.0,descending,/142341h4001.44N/10332.20WO056/024EOSS Baloon/A=071285!W37!,"AE0SS-13>APTT4,EOSS,qAO,KB0TVJ-1:/142341h4001.44N/10332.20WO056/024EOSS Baloon/A=071285!W37!",56.0,28.0,45.1,40.02405,-103.5367833333,31.71,51.03,,,,,,,,0.00010944,-1e-05,-83.9,-25.57266667,n/a,0.228889,-108.195556,-0.099286,37.024339,0.882287,0.656205,0.371959,-87.095374,0.069767,-32.978,-0.030262,11.285076,0.268922,0.656206,0.371963,-26.546665,
EOSS-309,KC0D-14,2021-04-10 08:23:46.973,2021-04-10 08:23:45,71002.0,21641.41,-5042.0,240.0,descending,/142345h4001.45N/10332.16WO079/035/A=071002 75T408P EOSS BALLOON,"KC0D-14>APZEOS,EOSS,WIDE2-1,qAO,N6BA-10:/142345h4001.45N/10332.16WO079/035/A=071002 75T408P EOSS BALLOON",79.0,40.0,64.4,40.0241666667,-103.536,31.74,51.08,45.5,7.5,280.65,4080.0,0.04,9.827e-05,0.05064512,0.00012778,-1.111e-05,-84.03333333,-25.61333333,n/a,-0.004444,-106.685417,-0.092963,36.27538,0.850546,0.624448,0.104073,-86.340061,-0.001356,-32.517708,-0.028335,11.056792,0.259247,0.624446,0.104067,-26.316443,
EOSS-309,AE0SS-13,2021-04-10 08:24:12.468,2021-04-10 08:24:11,68873.0,20992.49,-4824.0,266.0,descending,/142411h4001.51N/10331.92WO061/023EOSS Baloon/A=068873!W12!,"AE0SS-13>APTT4,EOSS,qAO,KB0TVJ-1:/142411h4001.51N/10331.92WO061/023EOSS Baloon/A=068873!W12!",61.0,26.0,41.8,40.0251833333,-103.5320333333,31.9,51.34,,,,,,,,0.00015833,3.778e-05,-80.4,-24.506,n/a,0.121111,-105.139216,-0.079583,35.697364,0.823446,0.693026,0.243725,-80.633957,0.036911,-32.046431,-0.024257,10.880606,0.250987,0.693016,0.24371,-24.577239,
EOSS-309,KC0D-14,2021-04-10 08:24:16.983,2021-04-10 08:24:15,68615.0,20913.85,-4774.0,270.0,descending,/142415h4001.50N/10331.90WO145/015/A=068615 73T461P EOSS BALLOON,"KC0D-14>APZEOS,EOSS,WIDE2-1,qAO,N6BA-10:/142415h4001.50N/10331.90WO145/015/A=068615 73T461P EOSS BALLOON",145.0,17.0,27.4,40.025,-103.5316666667,31.92,51.37,45.14,7.3,280.45,4610.0,0.05,0.00011111,0.05726482,0.00014444,2.778e-05,-79.56666667,-24.252,n/a,0.027778,-103.718519,-0.073268,35.152151,0.797724,0.687066,0.126668,-79.952756,0.008467,-31.613407,-0.022332,10.714419,0.243147,0.687056,0.126668,-24.369607,
EOSS-309,AE0SS-13,2021-04-10 08:24:42.524,2021-04-10 08:24:41,66590.0,20296.63,-4566.0,296.0,descending,/142441h4001.50N/10331.88WO248/014EOSS Baloon/A=066590!W54!,"AE0SS-13>APTT4,EOSS,qAO,KB0TVJ-1:/142441h4001.50N/10331.88WO248/014EOSS Baloon/A=066590!W54!",248.0,16.0,25.7,40.0250833333,-103.5314,31.93,51.39,,,,,,,,2.111e-05,-3.33e-06,-76.1,-23.19533333,n/a,0.115556,-102.264912,-0.062778,34.744376,0.775184,0.753069,0.230054,-74.835159,0.035222,-31.170351,-0.019135,10.590125,0.236277,0.753062,0.230056,-22.809774,
EOSS-309,KC0D-14,2021-04-10 08:24:46.889,2021-04-10 08:24:45,66325.0,20215.86,-4580.0,300.0,descending,/142445h4001.52N/10331.86WO064/021/A=066325 72T518P EOSS BALLOON,"KC0D-14>APZEOS,EOSS,WIDE2-1,qAO,N6BA-10:/142445h4001.52N/10331.86WO064/021/A=066325 72T518P EOSS BALLOON",64.0,24.0,38.6,40.0253333333,-103.531,31.94,51.41,44.96,7.2,280.35,5180.0,0.05,0.0001249,0.06436824,2.222e-05,1.111e-05,-76.33333333,-23.26633333,n/a,-0.007778,-100.968333,-0.059883,34.311203,0.753449,0.717987,0.069155,-74.204987,-0.002367,-30.77515,-0.018252,10.458095,0.229652,0.717991,0.06917,-22.617704,
EOSS-309,AE0SS-13,2021-04-10 08:25:12.491,2021-04-10 08:25:11,64460.0,19647.41,-4260.0,326.0,descending,/142511h4001.59N/10331.84WO132/026EOSS Baloon/A=064460!W44!,"AE0SS-13>APTT4,EOSS,qAO,W9CN-9:/142511h4001.59N/10331.84WO132/026EOSS Baloon/A=064460!W44!",132.0,30.0,48.3,40.0265666667,-103.5307333333,31.92,51.37,,,,,,,,2.222e-05,4.944e-05,-71.0,-21.64066667,n/a,0.177778,-99.54127,-0.048,34.075833,0.735277,0.837581,0.307065,-70.098971,0.054189,-30.340175,-0.01463,10.386359,0.224113,0.83759,0.307073,-21.366195,
EOSS-309,KC0D-14,2021-04-10 08:25:16.907,2021-04-10 08:25:15,64228.0,19576.69,-4194.0,330.0,descending,/142515h4001.58N/10331.84WO197/003/A=064228 68T576P EOSS BALLOON,"KC0D-14>APZEOS,EOSS,WIDE2-1,qAO,N6BA-10:/142515h4001.58N/10331.84WO197/003/A=064228 68T576P EOSS BALLOON",197.0,3.0,4.8,40.0263333333,-103.5306666667,31.93,51.39,44.24,6.8,279.95,5760.0,0.06,0.00013908,0.07167777,1.111e-05,3.333e-05,-69.9,-21.30566667,n/a,0.036667,-98.193939,-0.043968,33.84975,0.716897,0.835868,0.112478,-69.630964,0.011167,-29.929515,-0.013402,10.317441,0.218511,0.835851,0.112438,-21.223533,
EOSS-309,AE0SS-13,2021-04-10 08:25:42.438,2021-04-10 08:25:41,62429.0,19028.36,-4062.0,356.0,descending,/142541h4001.58N/10331.67WO106/027EOSS Baloon/A=062429!W09!,"AE0SS-13>APTT4,EOSS,qAO,W9CN-9:/142541h4001.58N/10331.67WO106/027EOSS Baloon/A=062429!W09!",106.0,31.0,49.9,40.0263333333,-103.5279833333,32.06,51.59,,,,,,,,9.167e-05,-7.78e-06,-67.7,-20.635,n/a,0.073333,-96.868116,-0.038636,33.677189,0.700067,0.866109,0.15994,-66.325191,0.022356,-29.525406,-0.011776,10.264841,0.213381,0.866103,0.159958,-20.215937,
EOSS-309,KC0D-14,2021-04-10 08:25:46.902,2021-04-10 08:25:45,62217.0,18963.74,-4022.0,360.0,descending,/142545h4001.56N/10331.64WO129/022/A=062217 67T638P EOSS BALLOON,"KC0D-14>APZEOS,EOSS,WIDE2-1,qAO,N6BA-10:/142545h4001.56N/10331.64WO129/022/A=062217 67T638P EOSS BALLOON",129.0,25.0,40.2,40.026,-103.5273333333,32.1,51.66,44.06,6.7,279.85,6380.0,0.06,0.0001541,0.07942145,0.00011111,-1.111e-05,-67.03333333,-20.43166667,n/a,0.022222,-95.625,-0.03599,33.495226,0.684089,0.853604,0.085094,-65.971722,0.006778,-29.1465,-0.01097,10.209381,0.208511,0.85361,0.085118,-20.108194,
EOSS-309,AE0SS-13,2021-04-10 08:26:12.517,2021-04-10 08:26:11,60480.0,18434.3,-3898.0,386.0,descending,/142611h4001.53N/10331.38WO078/032EOSS Baloon/A=060480!W84!,"AE0SS-13>APTT4,EOSS,qAO,W9CN-9:/142611h4001.53N/10331.38WO078/032EOSS Baloon/A=060480!W84!",78.0,37.0,59.5,40.0256333333,-103.5230666667,32.31,52.0,,,,,,,,0.00016389,-2.333e-05,-64.96666667,-19.802,n/a,0.068889,-94.398667,-0.03162,33.358363,0.669395,0.882298,0.150149,-63.321947,0.020989,-28.77272,-0.009638,10.167658,0.204032,0.88228,0.150109,-19.300529,
EOSS-309,KC0D-14,2021-04-10 08:26:17.000,2021-04-10 08:26:15,60292.0,18377.0,-3850.0,390.0,descending,/142615h4001.54N/10331.34WO074/031/A=060292 63T704P EOSS BALLOON,"KC0D-14>APZEOS,EOSS,WIDE2-1,qAO,N6BA-10:/142615h4001.54N/10331.34WO074/031/A=060292 63T704P EOSS BALLOON",74.0,36.0,57.9,40.0256666667,-103.5223333333,32.35,52.06,43.34,6.3,279.45,7040.0,0.07,0.00017029,0.08776291,0.00016667,-1.111e-05,-64.16666667,-19.558,n/a,0.026667,-93.235897,-0.029289,33.217797,0.655404,0.87511,0.085376,-63.058147,0.008133,-28.418308,-0.008927,10.124813,0.199768,0.875108,0.085399,-19.220124,
EOSS-309,AE0SS-13,2021-04-10 08:26:42.482,2021-04-10 08:26:41,58705.0,17893.28,-3550.0,416.0,descending,/142641h4001.67N/10331.17WO072/022EOSS Baloon/A=058705!W19!,"AE0SS-13>APTT4,EOSS,qAO,KB0TVJ-1:/142641h4001.67N/10331.17WO072/022EOSS Baloon/A=058705!W19!",72.0,25.0,40.2,40.02785,-103.51965,32.41,52.16,,,,,,,,0.00011389,7.389e-05,-59.16666667,-18.034,n/a,0.166667,-91.974074,-0.021752,33.226075,0.643311,0.987399,0.292889,-60.961041,0.0508,-28.033704,-0.00663,10.127335,0.196082,0.987397,0.292888,-18.580914,
EOSS-309,KC0D-14,2021-04-10 08:26:46.909,2021-04-10 08:26:45,58497.0,17829.89,-3590.0,420.0,descending,/142645h4001.68N/10331.16WO053/021/A=058497 62T770P EOSS BALLOON,"KC0D-14>APZEOS,EOSS,WIDE2-1,qAO,N6BA-10:/142645h4001.68N/10331.16WO053/021/A=058497 62T770P EOSS BALLOON",53.0,24.0,38.6,40.028,-103.5193333333,32.42,52.18,43.16,6.2,279.35,7700.0,0.08,0.00018632,0.09602504,0.0001,7.778e-05,-59.83333333,-18.237,n/a,-0.022222,-90.82619,-0.021769,33.165917,0.630819,0.934479,-0.000718,-60.699461,-0.006767,-27.683821,-0.006635,10.109005,0.192274,0.934496,-0.000687,-18.501193,
EOSS-309,AE0SS-13,2021-04-10 08:27:12.479,2021-04-10 08:27:11,56903.0,17344.03,-3604.0,446.0,descending,/142711h4001.74N/10331.01WO053/019EOSS Baloon/A=056903!W83!,"AE0SS-13>APTT4,EOSS,qAO,KB0TVJ-1:/142711h4001.74N/10331.01WO053/019EOSS Baloon/A=056903!W83!",53.0,22.0,35.4,40.0291333333,-103.5168833333,32.51,52.31,,,,,,,,9.222e-05,4.278e-05,-60.06666667,-18.30833333,n/a,-0.007778,-89.765517,-0.02127,33.065373,0.619032,0.898186,0.021795,-58.746384,-0.002378,-27.360529,-0.006483,10.078358,0.188682,0.898182,0.021756,-17.905877,
EOSS-309,KC0D-14,2021-04-10 08:27:16.949,2021-04-10 08:27:15,56721.0,17288.56,-3552.0,450.0,descending,/142715h4001.74N/10331.01WO138/022/A=056721 57T840P EOSS BALLOON,"KC0D-14>APZEOS,EOSS,WIDE2-1,qAO,N6BA-10:/142715h4001.74N/10331.01WO138/022/A=056721 57T840P EOSS BALLOON",138.0,25.0,40.2,40.029,-103.5168333333,32.51,52.32,42.26,5.7,278.85,8400.0,0.08,0.00020362,0.10494242,8.333e-05,3.333e-05,-59.2,-18.04433333,n/a,0.028889,-88.746667,-0.01954,32.966042,0.607949,0.896276,0.07966,-58.526081,0.0088,-27.049989,-0.005956,10.048075,0.185303,0.896257,0.079632,-17.838732,
EOSS-309,AE0SS-13,2021-04-10 08:27:42.459,2021-04-10 08:27:41,55194.0,16823.13,-3418.0,476.0,descending,/142741h4001.70N/10330.75WO052/021EOSS Baloon/A=055194!W95!,"AE0SS-13>APTT4,EOSS,qAO,W9CN-9:/142741h4001.70N/10330.75WO052/021EOSS Baloon/A=055194!W95!",52.0,24.0,38.6,40.0284833333,-103.5125833333,32.73,52.68,,,,,,,,0.00014333,-2.167e-05,-56.96666667,-17.36333333,n/a,0.074444,-87.721505,-0.016407,32.910701,0.597621,0.934494,0.152021,-56.663448,0.0227,-26.737516,-0.005001,10.03121,0.182156,0.934502,0.152073,-17.270998,
EOSS-309,KC0D-14,2021-04-10 08:27:46.988,2021-04-10 08:27:45,55033.0,16774.06,-3376.0,480.0,descending,/142745h4001.72N/10330.74WO064/019/A=055033 55T913P EOSS BALLOON,"KC0D-14>APZEOS,EOSS,WIDE2-1,qAO,N6BA-10:/142745h4001.72N/10330.74WO064/019/A=055033 55T913P EOSS BALLOON",64.0,22.0,35.4,40.0286666667,-103.5123333333,32.74,52.69,41.9,5.5,278.65,9130.0,0.09,0.00022148,0.11414429,0.00015,-1.111e-05,-56.26666667,-17.15,n/a,0.023333,-86.738542,-0.015125,32.849567,0.58762,0.927619,0.065447,-56.463867,0.007111,-26.437906,-0.00461,10.012578,0.179107,0.927624,0.065441,-17.210169,
EOSS-309,AE0SS-13,2021-04-10 08:28:12.531,2021-04-10 08:28:11,53612.0,16340.94,-3164.0,506.0,descending,/142811h4001.74N/10330.53WO071/003EOSS Baloon/A=053612!W59!,"AE0SS-13>APTT4,EOSS,qAO,W9CN-9:/142811h4001.74N/10330.53WO071/003EOSS Baloon/A=053612!W59!",71.0,3.0,4.8,40.0290833333,-103.5089833333,32.89,52.93,,,,,,,,0.00012,2e-05,-52.73333333,-16.073,n/a,0.117778,-85.708081,-0.010972,32.869642,0.578542,1.003198,0.222542,-54.658944,0.0359,-26.123818,-0.003344,10.0187,0.17634,1.003206,0.222547,-16.660031,
EOSS-309,KC0D-14,2021-04-10 08:28:16.941,2021-04-10 08:28:15,53448.0,16290.95,-3170.0,510.0,descending,/142815h4001.75N/10330.53WO072/016/A=053448 50T986P EOSS BALLOON,"KC0D-14>APZEOS,EOSS,WIDE2-1,qAO,N6BA-10:/142815h4001.75N/10330.53WO072/016/A=053448 50T986P EOSS BALLOON",72.0,18.0,29.0,40.0291666667,-103.5088333333,32.89,52.93,41.0,5.0,278.15,9860.0,0.1,0.00023961,0.12349242,0.00011667,1.667e-05,-52.83333333,-16.10366667,n/a,-0.003333,-84.741176,-0.010741,32.855142,0.569432,0.971167,0.013009,-54.44496,-0.001022,-25.829108,-0.003274,10.014277,0.173563,0.971158,0.012975,-16.594806,
EOSS-309,AE0SS-13,2021-04-10 08:28:42.494,2021-04-10 08:28:41,52064.0,15869.11,-3096.0,536.0,descending,/142841h4001.76N/10330.46WO352/004EOSS Baloon/A=052064!W45!,"AE0SS-13>APTT4,EOSS,qAO,KB0TVJ-1:/142841h4001.76N/10330.46WO352/004EOSS Baloon/A=052064!W45!",352.0,5.0,8.0,40.0294,-103.50775,32.94,53.01,,,,,,,,4.111e-05,1.056e-05,-51.6,-15.72766667,n/a,0.041111,-83.794286,-0.009216,32.849544,0.560808,0.980053,0.08974,-52.589295,0.012533,-25.540495,-0.002809,10.01257,0.170935,0.980051,0.089753,-16.029208,
EOSS-309,KC0D-14,2021-04-10 08:28:46.964,2021-04-10 08:28:45,51899.0,15818.82,-3098.0,540.0,descending,/142845h4001.77N/10330.42WO102/029/A=051899 48T1064P EOSS BALLOON,"KC0D-14>APZEOS,EOSS,WIDE2-1,qAO,W9CN-9:/142845h4001.77N/10330.42WO102/029/A=051899 48T1064P EOSS BALLOON",102.0,33.0,53.1,40.0295,-103.507,32.97,53.06,40.64,4.8,277.95,10640.0,0.11,0.00025876,0.13335749,6.111e-05,1.111e-05,-51.63333333,-15.73766667,n/a,-0.001111,-82.900926,-0.008984,32.817566,0.552501,0.95277,0.01425,-52.362313,-0.000333,-25.268194,-0.002738,10.002827,0.168403,0.952783,0.014281,-15.960027,
EOSS-309,AE0SS-13,2021-04-10 08:29:12.440,2021-04-10 08:29:11,50567.0,15412.82,-2994.0,566.0,descending,/142911h4001.73N/10330.24WO092/025EOSS Baloon/A=050567!W09!,"AE0SS-13>APTT4,EOSS,qAO,KB0TVJ-1:/142911h4001.73N/10330.24WO092/025EOSS Baloon/A=050567!W09!",92.0,29.0,46.7,40.0288333333,-103.50415,33.13,53.31,,,,,,,,0.00012,-1.889e-05,-49.9,-15.20966667,n/a,0.057778,-82.009009,-0.00713,32.810216,0.544665,0.978628,0.11917,-50.492432,0.0176,-24.996342,-0.002173,10.000581,0.166014,0.978611,0.119104,-15.390085,
EOSS-309,KC0D-14,2021-04-10 08:29:17.009,2021-04-10 08:29:15,50425.0,15369.54,-2948.0,570.0,descending,/142915h4001.73N/10330.21WO085/034/A=050425 43T1142P EOSS BALLOON,"KC0D-14>APZEOS,EOSS,WIDE2-1,qAO,N6BA-10:/142915h4001.73N/10330.21WO085/034/A=050425 43T1142P EOSS BALLOON",85.0,39.0,62.8,40.0288333333,-103.5035,33.16,53.36,39.74,4.3,277.45,11420.0,0.11,0.00027823,0.14339164,0.00011667,-2.222e-05,-49.13333333,-14.976,n/a,0.025556,-81.14386,-0.006246,32.800271,0.537074,0.975923,0.059213,-50.289842,0.007789,-24.732649,-0.001904,9.997545,0.163701,0.975904,0.059212,-15.328339,
EOSS-309,AE0SS-13,2021-04-10 08:29:42.578,2021-04-10 08:29:41,49120.0,14971.78,-2894.0,596.0,descending,/142941h4001.64N/10329.95WO096/023EOSS Baloon/A=049120!W74!,"AE0SS-13>APTT4,EOSS,qAO,KB0TVJ-1:/142941h4001.64N/10329.95WO096/023EOSS Baloon/A=049120!W74!",96.0,26.0,41.8,40.02745,-103.4992333333,33.4,53.76,,,,,,,,0.00016389,-4.611e-05,-48.23333333,-14.70133333,n/a,0.03,-80.3,-0.005292,32.792035,0.529799,0.97788,0.066614,-48.412231,0.009156,-24.475436,-0.001613,9.995039,0.161483,0.977895,0.066688,-14.756056,
EOSS-309,KC0D-14,2021-04-10 08:29:46.899,2021-04-10 08:29:45,48982.0,14929.71,-2886.0,600.0,descending,/142945h4001.65N/10329.93WO097/021/A=048982 41T1225P EOSS BALLOON,"KC0D-14>APZEOS,EOSS,WIDE2-1,qAO,N6BA-10:/142945h4001.65N/10329.93WO097/021/A=048982 41T1225P EOSS BALLOON",97.0,24.0,38.6,40.0275,-103.4988333333,33.42,53.79,39.38,4.1,277.25,12250.0,0.12,0.00029866,0.15392423,0.00015556,-4.444e-05,-48.1,-14.661,n/a,0.004444,-79.495,-0.005043,32.766848,0.522784,0.958133,0.018147,-48.212968,0.001344,-24.230075,-0.001537,9.987358,0.159345,0.958119,0.01808,-14.695311,
EOSS-309,AE0SS-13,2021-04-10 08:30:12.399,2021-04-10 08:30:11,47732.0,14548.71,-2776.0,626.0,descending,/143011h4001.54N/10329.63WO132/038EOSS Baloon/A=047732!W56!,"AE0SS-13>APTT4,EOSS,qAO,KB0TVJ-1:/143011h4001.54N/10329.63WO132/038EOSS Baloon/A=047732!W56!",132.0,44.0,70.8,40.02575,-103.4939333333,33.71,54.25,,,,,,,,0.00017667,-5.667e-05,-46.26666667,-14.10233333,n/a,0.061111,-78.684553,-0.003389,32.768193,0.516144,0.98931,0.124965,-46.417189,0.018622,-23.983057,-0.001033,9.987762,0.157321,0.989283,0.124936,-14.147964,
EOSS-309,KC0D-14,2021-04-10 08:30:16.953,2021-04-10 08:30:15,47600.0,14508.48,-2764.0,630.0,descending,/143015h4001.51N/10329.61WO141/033/A=047600 36T1310P EOSS BALLOON,"KC0D-14>APZEOS,EOSS,WIDE2-1,qAO,N6BA-10:/143015h4001.51N/10329.61WO141/033/A=047600 36T1310P EOSS BALLOON",141.0,38.0,61.2,40.0251666667,-103.4935,33.74,54.31,38.48,3.6,276.75,13100.0,0.13,0.00031996,0.16490207,0.00017778,-7.778e-05,-46.06666667,-14.041,n/a,0.006667,-77.907937,-0.003144,32.755106,0.509654,0.972101,0.01925,-46.22946,0.002044,-23.746341,-0.000958,9.983775,0.155343,0.972111,0.019325,-14.090749,
EOSS-309,AE0SS-13,2021-04-10 08:30:42.494,2021-04-10 08:30:41,46423.0,14149.73,-2618.0,656.0,descending,/143041h4001.36N/10329.45WO159/021EOSS Baloon/A=046423!W54!,"AE0SS-13>APTT4,EOSS,qAO,KB0TVJ-1:/143041h4001.36N/10329.45WO159/021EOSS Baloon/A=046423!W54!",159.0,24.0,38.6,40.02275,-103.4909,33.94,54.62,,,,,,,,0.00010111,-0.0001,-43.63333333,-13.29933333,n/a,0.081111,-77.110853,-0.001137,32.782183,0.503568,1.021211,0.16333,-44.584894,0.024722,-23.503388,-0.000347,9.99203,0.153488,1.021219,0.163329,-13.58949,
EOSS-309,KC0D-14,2021-04-10 08:30:46.918,2021-04-10 08:30:45,46301.0,14112.54,-2598.0,660.0,descending,/143045h4001.34N/10329.45WO150/016/A=046301 34T1395P EOSS BALLOON,"KC0D-14>APZEOS,EOSS,WIDE2-1,qAO,N6BA-10:/143045h4001.34N/10329.45WO150/016/A=046301 34T1395P EOSS BALLOON",150.0,18.0,29.0,40.0223333333,-103.4908333333,33.95,54.64,38.12,3.4,276.55,13950.0,0.14,0.00034097,0.17572882,8.889e-05,-9.444e-05,-43.3,-13.198,n/a,0.011111,-76.342424,-0.000853,32.797262,0.49754,1.007475,0.024046,-44.418177,0.003378,-23.269174,-0.00026,9.996622,0.151651,1.007458,0.023989,-13.538669,
EOSS-309,AE0SS-13,2021-04-10 08:31:12.411,2021-04-10 08:31:11,45134.0,13756.84,-2578.0,686.0,descending,/143111h4001.25N/10329.19WO131/033EOSS Baloon/A=045134!W07!,"AE0SS-13>APTT4,EOSS,qAO,W9CN-9:/143111h4001.25N/10329.19WO131/033EOSS Baloon/A=045134!W07!",131.0,38.0,61.2,40.0208333333,-103.4866166667,34.2,55.04,,,,,,,,0.00014278,-6.389e-05,-42.96666667,-13.09633333,n/a,0.011111,-75.600741,-0.000581,32.801948,0.491724,0.994882,0.023778,-42.86986,0.003389,-23.043111,-0.000177,9.998048,0.149878,0.994872,0.023793,-13.066747,
EOSS-309,KC0D-14,2021-04-10 08:31:16.900,2021-04-10 08:31:15,45004.0,13717.22,-2594.0,690.0,descending,/143115h4001.22N/10329.15WO118/044/A=045004 29T1484P EOSS BALLOON,"KC0D-14>APZEOS,EOSS,WIDE2-1,qAO,W9CN-9:/143115h4001.22N/10329.15WO118/044/A=045004 29T1484P EOSS BALLOON",118.0,51.0,82.1,40.0203333333,-103.4858333333,34.25,55.12,37.22,2.9,276.05,14840.0,0.15,0.00036338,0.18727879,0.00016667,-6.667e-05,-43.23333333,-13.17733333,n/a,-0.008889,-74.897101,-0.000765,32.784636,0.486106,0.965811,-0.016712,-42.703197,-0.0027,-22.828638,-0.000233,9.992775,0.148166,0.965828,-0.01665,-13.015954,
EOSS-309,KC0D-14,2021-04-10 08:31:46.914,2021-04-10 08:31:45,43719.0,13325.55,-2570.0,720.0,descending,/143145h4001.05N/10328.81WO128/045/A=043719 27T1578P EOSS BALLOON,"KC0D-14>APZEOS,EOSS,WIDE2-1,qAO,N6BA-10:/143145h4001.05N/10328.81WO128/045/A=043719 27T1578P EOSS BALLOON",128.0,52.0,83.7,40.0175,-103.4801666667,34.61,55.69,36.86,2.7,275.85,15780.0,0.16,0.00038668,0.19928585,0.00018889,-9.444e-05,-42.83333333,-13.05566667,n/a,0.013333,-74.214894,-0.000459,32.761877,0.480679,0.957868,0.028693,-41.128146,0.004056,-22.620702,-0.00014,9.985837,0.146511,0.95786,0.028639,-12.535876,
EOSS-309,AE0SS-13,2021-04-10 08:32:12.456,2021-04-10 08:32:11,42591.0,12981.74,-2543.0,746.0,descending,/143211h4000.86N/10328.50WO107/026EOSS Baloon/A=042591!W20!,"AE0SS-13>APTT4,EOSS,qAO,KB0TVJ-1:/143211h4000.86N/10328.50WO107/026EOSS Baloon/A=042591!W20!",107.0,30.0,48.3,40.0143666667,-103.475,34.94,56.24,,,,,,,,0.00019361,-0.00010778,-42.38333333,-12.91833333,n/a,0.0075,-73.551736,-0.00029,32.735499,0.475427,0.952129,0.016385,-39.862587,0.002289,-22.418569,-8.8e-05,9.977798,0.144911,0.952138,0.016403,-12.150137,
EOSS-309,KC0D-14,2021-04-10 08:32:16.965,2021-04-10 08:32:15,42472.0,12945.47,-2494.0,750.0,descending,/143215h4000.86N/10328.46WO093/034/A=042472 22T1674P EOSS BALLOON,"KC0D-14>APZEOS,EOSS,WIDE2-1,qAO,N6BA-10:/143215h4000.86N/10328.46WO093/034/A=042472 22T1674P EOSS BALLOON",93.0,39.0,62.8,40.0143333333,-103.4743333333,34.98,56.29,35.96,2.2,275.35,16740.0,0.17,0.00041095,0.21179359,0.00019444,-0.00010556,-41.56666667,-12.66933333,n/a,0.027222,-72.89898,0.000284,32.713393,0.470359,0.957782,0.057271,-39.7357,0.0083,-22.219605,8.6e-05,9.971064,0.143366,0.957799,0.057294,-12.111463,
EOSS-309,AE0SS-13,2021-04-10 08:32:42.406,2021-04-10 08:32:41,41413.0,12622.68,-2356.0,776.0,descending,/143241h4000.73N/10328.14WO112/029EOSS Baloon/A=041413!W72!,"AE0SS-13>APTT4,EOSS,qAO,KB0TVJ-1:/143241h4000.73N/10328.14WO112/029EOSS Baloon/A=041413!W72!",112.0,33.0,53.1,40.0122833333,-103.4690333333,35.29,56.8,,,,,,,,0.00019889,-6.944e-05,-39.26666667,-11.96866667,n/a,0.076667,-72.226333,0.001842,32.725351,0.465561,1.00716,0.16072,-38.661596,0.023356,-22.014587,0.000561,9.974704,0.141903,1.00714,0.160638,-11.784066,
EOSS-309,KC0D-14,2021-04-10 08:32:46.976,2021-04-10 08:32:45,41309.0,12590.98,-2326.0,780.0,descending,/143245h4000.73N/10328.09WO114/047/A=041309 20T1770P EOSS BALLOON,"KC0D-14>APZEOS,EOSS,WIDE2-1,qAO,N6BA-10:/143245h4000.73N/10328.09WO114/047/A=041309 20T1770P EOSS BALLOON",114.0,54.0,86.9,40.0121666667,-103.4681666667,35.34,56.87,35.6,2.0,275.15,17700.0,0.17,0.00043483,0.22410224,0.00020556,-7.222e-05,-38.76666667,-11.81633333,n/a,0.016667,-71.570261,0.002139,32.733494,0.460791,1.002142,0.031528,-38.561334,0.005078,-21.814621,0.000652,9.977181,0.140449,1.002115,0.031513,-11.753505,
EOSS-309,AE0SS-13,2021-04-10 08:33:12.534,2021-04-10 08:33:11,40245.0,12266.68,-2336.0,806.0,descending,/143311h4000.58N/10327.77WO116/023EOSS Baloon/A=040245!W78!,"AE0SS-13>APTT4,EOSS,qAO,KB0TVJ-1:/143311h4000.58N/10327.77WO116/023EOSS Baloon/A=040245!W78!",116.0,26.0,41.8,40.0097833333,-103.4629666667,35.65,57.38,,,,,,,,0.00020222,-8.333e-05,-38.93333333,-11.86666667,n/a,-0.005556,-70.942628,0.001988,32.725467,0.456161,0.978116,-0.016538,-37.585655,-0.001678,-21.623314,0.000606,9.974738,0.139038,0.978136,-0.016427,-11.45612,
EOSS-309,KC0D-14,2021-04-10 08:33:17.004,2021-04-10 08:33:15,40132.0,12232.23,-2354.0,810.0,descending,/143315h4000.56N/10327.75WO147/025/A=040132 15T1873P EOSS BALLOON,"KC0D-14>APZEOS,EOSS,WIDE2-1,qAO,W9CN-9:/143315h4000.56N/10327.75WO147/025/A=040132 15T1873P EOSS BALLOON",147.0,29.0,46.7,40.0093333333,-103.4625,35.69,57.44,34.7,1.5,274.65,18730.0,0.18,0.00046097,0.23757494,0.00018889,-9.444e-05,-39.23333333,-11.95833333,n/a,-0.01,-70.34434,0.001758,32.700645,0.45167,0.951388,-0.026032,-37.487095,-0.003056,-21.440956,0.000536,9.967172,0.137669,0.951385,-0.026092,-11.426071,
EOSS-309,KC0D-14,2021-04-10 08:33:46.928,2021-04-10 08:33:45,38970.0,11878.06,-2324.0,840.0,descending,/143345h4000.38N/10327.59WO139/038/A=038970 13T1980P EOSS BALLOON,"KC0D-14>APZEOS,EOSS,WIDE2-1,qAO,N6BA-10:/143345h4000.38N/10327.59WO139/038/A=038970 13T1980P EOSS BALLOON",139.0,44.0,70.8,40.0063333333,-103.4598333333,35.91,57.78,34.34,1.3,274.45,19800.0,0.2,0.00048766,0.25133004,8.889e-05,-0.0001,-38.73333333,-11.80566667,n/a,0.016667,-69.758951,0.002039,32.67508,0.44731,0.949519,0.032702,-36.522389,0.005089,-21.262525,0.000622,9.959384,0.136341,0.949542,0.032763,-11.132029,
EOSS-309,AE0SS-13,2021-04-10 08:34:12.444,2021-04-10 08:34:11,37997.0,11581.49,-2248.0,866.0,descending,/143411h4000.21N/10327.38WO156/024EOSS Baloon/A=037997!W70!,"AE0SS-13>APTT4,EOSS,qAO,KB0TVJ-1:/143411h4000.21N/10327.38WO156/024EOSS Baloon/A=037997!W70!",156.0,28.0,45.1,40.0036166667,-103.4563333333,36.15,58.18,,,,,,,,0.00011056,-0.00010278,-37.46666667,-11.41983333,n/a,0.021111,-69.171818,0.002392,32.662657,0.443078,0.970685,0.042248,-35.770824,0.006431,-21.083567,0.000729,9.955597,0.135051,0.970683,0.042221,-10.902948,
EOSS-309,KC0D-14,2021-04-10 08:34:16.988,2021-04-10 08:34:15,37912.0,11555.58,-2116.0,870.0,descending,/143415h4000.19N/10327.37WO148/024/A=037912 8T2085P EOSS BALLOON,"KC0D-14>APZEOS,EOSS,WIDE2-1,qAO,N6BA-10:/143415h4000.19N/10327.37WO148/024/A=037912 8T2085P EOSS BALLOON",148.0,28.0,45.1,40.0031666667,-103.4561666667,36.17,58.22,33.44,0.8,273.95,20850.0,0.21,0.00051446,0.26514119,0.00012222,-0.00010556,-35.26666667,-10.74933333,n/a,0.073333,-68.566369,0.003682,32.67996,0.43906,1.018964,0.158637,-35.70704,0.02235,-20.899027,0.001122,9.96087,0.133826,1.018957,0.158624,-10.883505,
EOSS-309,AE0SS-13,2021-04-10 08:34:42.403,2021-04-10 08:34:41,36996.0,11276.38,-2002.0,896.0,descending,/143441h4000.03N/10327.13WO113/030EOSS Baloon/A=036996!W28!,"AE0SS-13>APTT4,EOSS,qAO,KB0TVJ-1:/143441h4000.03N/10327.13WO113/030EOSS Baloon/A=036996!W28!",113.0,35.0,56.3,40.0005333333,-103.4523,36.44,58.64,,,,,,,,0.00013444,-0.00010278,-33.36666667,-10.17033333,n/a,0.063333,-67.94883,0.004747,32.720726,0.435124,1.056889,0.134642,-35.033427,0.0193,-20.710804,0.001447,9.973291,0.132626,1.05687,0.134612,-10.678181,
EOSS-309,KC0D-14,2021-04-10 08:34:46.925,2021-04-10 08:34:45,36903.0,11248.03,-2018.0,900.0,descending,/143445h4000.02N/10327.09WO125/036/A=036903 6T2191P EOSS BALLOON,"KC0D-14>APZEOS,EOSS,WIDE2-1,qAO,N6BA-10:/143445h4000.02N/10327.09WO125/036/A=036903 6T2191P EOSS BALLOON",125.0,41.0,66.0,40.0003333333,-103.4515,36.48,58.71,33.08,0.6,273.75,21910.0,0.22,0.00054101,0.27882435,0.00015556,-9.444e-05,-33.63333333,-10.25166667,n/a,-0.008889,-67.357184,0.004508,32.743935,0.431225,1.029927,-0.031067,-34.966143,-0.002711,-20.530474,0.001374,9.980361,0.131438,1.029903,-0.031079,-10.65767,
EOSS-309,AE0SS-13,2021-04-10 08:35:12.476,2021-04-10 08:35:11,35989.0,10969.45,-2014.0,926.0,descending,/143511h3959.88N/10326.84WO133/036EOSS Baloon/A=035989!W71!,"AE0SS-13>APTT4,EOSS,qAO,KB0TVJ-1:/143511h3959.88N/10326.84WO133/036EOSS Baloon/A=035989!W71!",133.0,41.0,66.0,39.9981166667,-103.44735,36.75,59.14,,,,,,,,0.000165,-8.056e-05,-33.56666667,-10.231,n/a,0.002222,-66.784463,0.004468,32.75717,0.427426,1.014062,-0.005255,-34.310754,0.000689,-20.355907,0.001362,9.984397,0.13028,1.014073,-0.005166,-10.457909,
EOSS-309,KC0D-14,2021-04-10 08:35:16.929,2021-04-10 08:35:15,35907.0,10944.45,-1992.0,930.0,descending,/143515h3959.86N/10326.81WO139/032/A=035907 1T2302P EOSS BALLOON,"KC0D-14>APZEOS,EOSS,WIDE2-1,qAO,N6BA-10:/143515h3959.86N/10326.81WO139/032/A=035907 1T2302P EOSS BALLOON",139.0,37.0,59.5,39.9976666667,-103.4468333333,36.78,59.2,32.18,0.1,273.25,23020.0,0.23,0.00056946,0.29348614,0.00015556,-8.889e-05,-33.2,-10.11933333,n/a,0.012222,-66.224722,0.0046,32.766504,0.423726,1.007881,0.017988,-34.252242,0.003722,-20.185297,0.001402,9.987243,0.129152,1.007882,0.017963,-10.44007,
EOSS-309,AE0SS-13,2021-04-10 08:35:42.488,2021-04-10 08:35:41,35027.0,10676.23,-1924.0,956.0,descending,/143541h3959.72N/10326.57WO160/031EOSS Baloon/A=035027!W49!,"AE0SS-13>APTT4,EOSS,qAO,KB0TVJ-1:/143541h3959.72N/10326.57WO160/031EOSS Baloon/A=035027!W49!",160.0,36.0,57.9,39.9954,-103.4429833333,37.03,59.6,,,,,,,,0.00014556,-9.056e-05,-32.06666667,-9.774,n/a,0.037778,-65.664754,0.005153,32.785319,0.420142,1.024791,0.077652,-33.623467,0.011511,-20.01462,0.001571,9.992976,0.128059,1.024782,0.07762,-10.24842,
EOSS-309,KC0D-14,2021-04-10 08:35:46.999,2021-04-10 08:35:45,34949.0,10652.46,-1916.0,960.0,descending,/143545h3959.71N/10326.57WO122/021/A=034949 -1T2411P EOSS BALLOON,"KC0D-14>APZEOS,EOSS,WIDE2-1,qAO,N6BA-10:/143545h3959.71N/10326.57WO122/021/A=034949 -1T2411P EOSS BALLOON",122.0,24.0,38.6,39.9951666667,-103.4428333333,37.05,59.62,31.82,-0.1,273.05,24110.0,0.24,0.00059686,0.3076079,0.00013333,-8.333e-05,-31.93333333,-9.733,n/a,0.004444,-65.120699,0.005141,32.796463,0.416626,1.011919,-0.001673,-33.5675,0.001367,-19.848788,0.001567,9.996377,0.126988,1.011945,-0.001575,-10.231364,
EOSS-309,KC0D-14,2021-04-10 08:36:16.939,2021-04-10 08:36:15,33995.0,10361.68,-1908.0,990.0,descending,/143615h3959.52N/10326.36WO141/025/A=033995 -6T2524P EOSS BALLOON,"KC0D-14>APZEOS,EOSS,WIDE2-1,qAO,N6BA-10:/143615h3959.52N/10326.36WO141/025/A=033995 -6T2524P EOSS BALLOON",141.0,29.0,46.7,39.992,-103.4393333333,37.31,60.05,30.92,-0.6,272.55,25240.0,0.25,0.00062598,0.32261579,0.00011667,-0.00010556,-31.8,-9.69266667,n/a,0.004444,-64.591799,0.00513,32.800652,0.413197,0.99973,-0.00166,-32.876671,0.001344,-19.687579,0.001564,9.997653,0.125943,0.999726,-0.001747,-10.020798,
EOSS-309,AE0SS-13,2021-04-10 08:36:42.502,2021-04-10 08:36:41,33128.0,10097.41,-1899.0,1016.0,descending,/143641h3959.37N/10326.15WO158/032EOSS Baloon/A=033128!W32!,"AE0SS-13>APTT4,EOSS,qAO,W9CN-9:/143641h3959.37N/10326.15WO158/032EOSS Baloon/A=033128!W32!",158.0,37.0,59.5,39.98955,-103.4358666667,37.55,60.43,,,,,,,,0.00011861,-9.75e-05,-31.65,-9.647,n/a,0.0025,-64.077083,0.005088,32.798795,0.409851,0.988667,-0.006314,-32.235506,0.000761,-19.530695,0.001551,9.997086,0.124923,0.988658,-0.006324,-9.825366,
EOSS-309,KC0D-14,2021-04-10 08:36:46.939,2021-04-10 08:36:45,33057.0,10075.77,-1876.0,1020.0,descending,/143645h3959.36N/10326.14WO116/021/A=033057 -9T2639P EOSS BALLOON,"KC0D-14>APZEOS,EOSS,WIDE2-1,qAO,N6BA-10:/143645h3959.36N/10326.14WO116/021/A=033057 -9T2639P EOSS BALLOON",116.0,24.0,38.6,39.9893333333,-103.4356666667,37.57,60.46,30.38,-0.9,272.25,26390.0,0.26,0.00065522,0.3376867,0.00012222,-8.889e-05,-31.26666667,-9.53033333,n/a,0.012778,-63.572308,0.005208,32.795031,0.406586,0.985077,0.018618,-32.182363,0.003889,-19.376844,0.001587,9.995934,0.123928,0.985052,0.018575,-9.809168,
EOSS-309,AE0SS-13,2021-04-10 08:37:12.494,2021-04-10 08:37:11,32199.0,9814.26,-1858.0,1046.0,descending,/143711h3959.22N/10325.95WO135/016EOSS Baloon/A=032199!W89!,"AE0SS-13>APTT4,EOSS,qAO,KB0TVJ-1:/143711h3959.22N/10325.95WO135/016EOSS Baloon/A=032199!W89!",135.0,18.0,29.0,39.9871333333,-103.43265,37.78,60.79,,,,,,,,0.00010722,-8.056e-05,-30.96666667,-9.43833333,n/a,0.01,-63.078283,0.005282,32.788347,0.403398,0.979361,0.011696,-31.532714,0.003067,-19.22626,0.00161,9.993902,0.122956,0.97939,0.01185,-9.611163,
EOSS-309,KC0D-14,2021-04-10 08:37:16.951,2021-04-10 08:37:15,32125.0,9791.7,-1864.0,1050.0,descending,/143715h3959.22N/10325.92WO118/031/A=032125 -14T2758P EOSS BALLOON,"KC0D-14>APZEOS,EOSS,WIDE2-1,qAO,N6BA-10:/143715h3959.22N/10325.92WO118/031/A=032125 -14T2758P EOSS BALLOON",118.0,36.0,57.9,39.987,-103.432,37.81,60.85,29.48,-1.4,271.75,27580.0,0.27,0.00068603,0.35356328,0.00012222,-7.778e-05,-31.06666667,-9.469,n/a,-0.003333,-62.600498,0.005152,32.77318,0.400284,0.962184,-0.021197,-31.476083,-0.001022,-19.080629,0.00157,9.98928,0.122007,0.962194,-0.021245,-9.593898,
EOSS-309,AE0SS-13,2021-04-10 08:37:42.486,2021-04-10 08:37:41,31280.0,9534.14,-1838.0,1076.0,descending,/143741h3959.07N/10325.74WO123/035EOSS Baloon/A=031280!W65!,"AE0SS-13>APTT4,EOSS,qAO,KB0TVJ-1:/143741h3959.07N/10325.74WO123/035EOSS Baloon/A=031280!W65!",123.0,40.0,64.4,39.9846,-103.4290833333,38.02,61.19,,,,,,,,0.00011889,-8.444e-05,-30.63333333,-9.33733333,n/a,0.014444,-62.130392,0.00529,32.757873,0.397242,0.961511,0.023044,-30.824238,0.004389,-18.937346,0.001612,9.98461,0.12108,0.961481,0.022935,-9.395215,
EOSS-309,KC0D-14,2021-04-10 08:37:46.999,2021-04-10 08:37:45,31209.0,9512.5,-1832.0,1080.0,descending,/143745h3959.04N/10325.71WO144/036/A=031209 -16T2877P EOSS BALLOON,"KC0D-14>APZEOS,EOSS,WIDE2-1,qAO,N6BA-10:/143745h3959.04N/10325.71WO144/036/A=031209 -16T2877P EOSS BALLOON",144.0,41.0,66.0,39.984,-103.4285,38.07,61.26,29.12,-1.6,271.55,28770.0,0.28,0.00071615,0.36909019,0.00011667,-0.0001,-30.53333333,-9.30666667,n/a,0.003333,-61.672464,0.005261,32.73785,0.394266,0.951166,-0.00489,-30.769137,0.001022,-18.797771,0.001604,9.978506,0.120173,0.951155,-0.004843,-9.378421,
EOSS-309,AE0SS-13,2021-04-10 08:38:12.504,2021-04-10 08:38:11,30391.0,9263.18,-1778.0,1106.0,descending,/143811h3958.90N/10325.55WO134/036EOSS Baloon/A=030391!W12!,"AE0SS-13>APTT4,EOSS,qAO,KB0TVJ-1:/143811h3958.90N/10325.55WO134/036EOSS Baloon/A=030391!W12!",134.0,41.0,66.0,39.9816833333,-103.4258666667,38.26,61.58,,,,,,,,0.00010722,-9.722e-05,-29.63333333,-9.032,n/a,0.03,-61.214762,0.00562,32.724583,0.391368,0.965067,0.062294,-30.133219,0.009156,-18.65826,0.001713,9.974465,0.119289,0.96509,0.062395,-9.184601,
EOSS-309,KC0D-14,2021-04-10 08:38:17.015,2021-04-10 08:38:15,30313.0,9239.4,-1792.0,1110.0,descending,/143815h3958.87N/10325.53WO159/030/A=030313 -21T2999P EOSS BALLOON,"KC0D-14>APZEOS,EOSS,WIDE2-1,qAO,N6BA-10:/143815h3958.87N/10325.53WO159/030/A=030313 -21T2999P EOSS BALLOON",159.0,35.0,56.3,39.9811666667,-103.4255,38.3,61.63,28.22,-2.1,271.05,29990.0,0.3,0.0007479,0.38545129,0.0001,-9.444e-05,-29.86666667,-9.10333333,n/a,-0.007778,-60.773239,0.005429,32.702304,0.388525,0.945089,-0.033993,-30.072644,-0.002378,-18.523683,0.001655,9.967675,0.118423,0.94509,-0.034056,-9.166134,
EOSS-309,AE0SS-13,2021-04-10 08:38:42.393,2021-04-10 08:38:41,29489.0,8988.25,-1804.0,1136.0,descending,/143841h3958.71N/10325.35WO152/025EOSS Baloon/A=029489!W61!,"AE0SS-13>APTT4,EOSS,qAO,KB0TVJ-1:/143841h3958.71N/10325.35WO152/025EOSS Baloon/A=029489!W61!",152.0,29.0,46.7,39.9786,-103.4225166667,38.52,61.99,,,,,,,,0.00011167,-0.00010278,-30.06666667,-9.16433333,n/a,-0.006667,-60.346759,0.005258,32.672219,0.385742,0.926784,-0.030914,-29.437008,-0.002033,-18.393692,0.001603,9.958504,0.117575,0.926782,-0.030925,-8.9724,
EOSS-309,KC0D-14,2021-04-10 08:38:46.947,2021-04-10 08:38:45,29424.0,8968.44,-1778.0,1140.0,descending,/143845h3958.70N/10325.33WO122/024/A=029424 -23T3123P EOSS BALLOON,"KC0D-14>APZEOS,EOSS,WIDE2-1,qAO,N6BA-10:/143845h3958.70N/10325.33WO122/024/A=029424 -23T3123P EOSS BALLOON",122.0,28.0,45.1,39.9783333333,-103.4221666667,38.54,62.03,27.86,-2.3,270.85,31230.0,0.31,0.0007794,0.40168498,0.00011111,-9.444e-05,-29.63333333,-9.032,n/a,0.014444,-59.926027,0.005386,32.64307,0.383018,0.927998,0.023649,-29.387375,0.004411,-18.26545,0.001642,9.949623,0.116744,0.92802,0.023719,-8.957273,
EOSS-309,AE0SS-13,2021-04-10 08:39:12.495,2021-04-10 08:39:11,28606.0,8719.11,-1766.0,1166.0,descending,/143911h3958.56N/10325.12WO128/034EOSS Baloon/A=028606!W57!,"AE0SS-13>APTT4,EOSS,qAO,KB0TVJ-1:/143911h3958.56N/10325.12WO128/034EOSS Baloon/A=028606!W57!",128.0,39.0,62.8,39.9760833333,-103.4187833333,38.77,62.4,,,,,,,,0.00012444,-8.389e-05,-29.43333333,-8.97133333,n/a,0.006667,-59.513964,0.005403,32.611931,0.380349,0.922381,0.003323,-28.773269,0.002022,-18.139854,0.001647,9.940131,0.115931,0.922374,0.003235,-8.770094,
EOSS-309,KC0D-14,2021-04-10 08:39:17.009,2021-04-10 08:39:15,28538.0,8698.38,-1772.0,1170.0,descending,/143915h3958.55N/10325.09WO114/028/A=028538 -27T3252P EOSS BALLOON,"KC0D-14>APZEOS,EOSS,WIDE2-1,qAO,W9CN-9:/143915h3958.55N/10325.09WO114/028/A=028538 -27T3252P EOSS BALLOON",114.0,32.0,51.5,39.9758333333,-103.4181666667,38.81,62.46,27.14,-2.7,270.45,32520.0,0.32,0.00081279,0.41889579,0.00013333,-8.333e-05,-29.53333333,-9.002,n/a,-0.003333,-59.114222,0.005285,32.575304,0.377736,0.908077,-0.022815,-28.723297,-0.001022,-18.018016,0.001611,9.928964,0.115134,0.908052,-0.022869,-8.75486,
EOSS-309,AE0SS-13,2021-04-10 08:39:42.572,2021-04-10 08:39:41,27766.0,8463.08,-1680.0,1196.0,descending,/143941h3958.41N/10324.92WO124/020EOSS Baloon/A=027766!W88!,"AE0SS-13>APTT4,EOSS,qAO,W9CN-9:/143941h3958.41N/10324.92WO124/020EOSS Baloon/A=027766!W88!",124.0,23.0,37.0,39.9736333333,-103.4154666667,39.0,62.77,,,,,,,,0.00011056,-8.167e-05,-28.0,-8.53433333,n/a,0.051111,-58.704825,0.005896,32.553646,0.375212,0.943207,0.120505,-28.171411,0.015589,-17.89323,0.001797,9.922363,0.114365,0.943212,0.120596,-8.586652,
EOSS-309,KC0D-14,2021-04-10 08:39:47.032,2021-04-10 08:39:45,27702.0,8443.57,-1672.0,1200.0,descending,/143945h3958.40N/10324.89WO124/035/A=027702 -29T3376P EOSS BALLOON,"KC0D-14>APZEOS,EOSS,WIDE2-1,qAO,N6BA-10:/143945h3958.40N/10324.89WO124/035/A=027702 -29T3376P EOSS BALLOON",124.0,40.0,64.4,39.9733333333,-103.4148333333,39.04,62.83,26.78,-2.9,270.25,33760.0,0.33,0.00084441,0.43519028,0.00011111,-8.333e-05,-27.86666667,-8.49366667,n/a,0.004444,-58.304329,0.005877,32.529163,0.372702,0.935704,-0.003845,-28.127106,0.001356,-17.771158,0.001791,9.914902,0.1136,0.935712,-0.003829,-8.573146,
EOSS-309,AE0SS-13,2021-04-10 08:40:12.508,2021-04-10 08:40:11,26942.0,8211.92,-1648.0,1226.0,descending,/144011h3958.24N/10324.67WO132/042EOSS Baloon/A=026942!W49!,"AE0SS-13>APTT4,EOSS,qAO,W9CN-9:/144011h3958.24N/10324.67WO132/042EOSS Baloon/A=026942!W49!",132.0,48.0,77.2,39.9707333333,-103.4113166667,39.29,63.23,,,,,,,,0.00013833,-9.667e-05,-27.46666667,-8.372,n/a,0.013333,-57.908974,0.005974,32.505324,0.370243,0.936533,0.019876,-27.621384,0.004056,-17.650656,0.001821,9.907633,0.11285,0.936516,0.019805,-8.419003,
EOSS-309,KC0D-14,2021-04-10 08:40:17.015,2021-04-10 08:40:15,26880.0,8193.02,-1644.0,1230.0,descending,/144015h3958.21N/10324.65WO149/034/A=026880 -32T3501P EOSS BALLOON,"KC0D-14>APZEOS,EOSS,WIDE2-1,qAO,N6BA-10:/144015h3958.21N/10324.65WO149/034/A=026880 -32T3501P EOSS BALLOON",149.0,39.0,62.8,39.9701666667,-103.4108333333,39.33,63.3,26.24,-3.2,269.95,35010.0,0.35,0.00087665,0.4518052,0.00013333,-0.00010556,-27.4,-8.35166667,n/a,0.002222,-57.522785,0.005926,32.478181,0.367831,0.927478,-0.01007,-27.581935,0.000678,-17.532947,0.001806,9.899358,0.112115,0.927462,-0.010061,-8.406978,
EOSS-309,AE0SS-13,2021-04-10 08:40:42.550,2021-04-10 08:40:41,26119.0,7961.07,-1646.0,1256.0,descending,/144041h3958.06N/10324.43WO123/029EOSS Baloon/A=026119!W92!,"AE0SS-13>APTT4,EOSS,qAO,KB0TVJ-1:/144041h3958.06N/10324.43WO123/029EOSS Baloon/A=026119!W92!",123.0,33.0,53.1,39.9678166667,-103.4072,39.58,63.69,,,,,,,,0.00013722,-9.722e-05,-27.43333333,-8.36166667,n/a,-0.001111,-57.146667,0.005837,32.446835,0.365467,0.915754,-0.019011,-27.122904,-0.000333,-17.418306,0.001779,9.889804,0.111395,0.915755,-0.01896,-8.267068,
EOSS-309,KC0D-14,2021-04-10 08:40:47.018,2021-04-10 08:40:45,26056.0,7941.87,-1648.0,1260.0,descending,/144045h3958.05N/10324.41WO141/024/A=026056 -33T3631P EOSS BALLOON,"KC0D-14>APZEOS,EOSS,WIDE2-1,qAO,N6BA-10:/144045h3958.05N/10324.41WO141/024/A=026056 -33T3631P EOSS BALLOON",141.0,28.0,45.1,39.9675,-103.4068333333,39.6,63.73,26.06,-3.3,269.85,36310.0,0.36,0.00090954,0.46875539,0.00013333,-8.889e-05,-27.46666667,-8.37166667,n/a,-0.001111,-56.780247,0.00575,32.411611,0.363147,0.904416,-0.018893,-27.08711,-0.000333,-17.306619,0.001753,9.87907,0.110688,0.904433,-0.018846,-8.25616,
EOSS-309,KC0D-14,2021-04-10 08:41:16.974,2021-04-10 08:41:15,25255.0,7697.72,-1602.0,1290.0,descending,/144115h3957.82N/10324.22WO134/033/A=025255 -37T3761P EOSS BALLOON,"KC0D-14>APZEOS,EOSS,WIDE2-1,qAO,N6BA-10:/144115h3957.82N/10324.22WO134/033/A=025255 -37T3761P EOSS BALLOON",134.0,38.0,61.2,39.9636666667,-103.4036666667,39.87,64.17,25.34,-3.7,269.45,37610.0,0.37,0.0009435,0.48625893,0.00010556,-0.00012778,-26.7,-8.13833333,n/a,0.025556,-56.413415,0.005995,32.381748,0.360877,0.917598,0.054204,-26.663842,0.007778,-17.194811,0.001827,9.869965,0.109996,0.91758,0.054102,-8.127146,
EOSS-309,AE0SS-13,2021-04-10 08:41:42.417,2021-04-10 08:41:41,24511.0,7470.95,-1608.0,1316.0,descending,/144141h3957.66N/10324.05WO126/033EOSS Baloon/A=024511!W48!,"AE0SS-13>APTT4,EOSS,qAO,W9CN-9:/144141h3957.66N/10324.05WO126/033EOSS Baloon/A=024511!W48!",126.0,38.0,61.2,39.9610666667,-103.4009666667,40.08,64.51,,,,,,,,0.00010389,-0.0001125,-26.8,-8.16866667,n/a,-0.001667,-56.056627,0.005901,32.347423,0.358644,0.90445,-0.021102,-26.326044,-0.000506,-17.086062,0.001799,9.859503,0.109315,0.904447,-0.021086,-8.024185,
EOSS-309,KC0D-14,2021-04-10 08:41:46.927,2021-04-10 08:41:45,24449.0,7452.06,-1612.0,1320.0,descending,/144145h3957.63N/10324.02WO142/040/A=024449 -37T3895P EOSS BALLOON,"KC0D-14>APZEOS,EOSS,WIDE2-1,qAO,N6BA-10:/144145h3957.63N/10324.02WO142/040/A=024449 -37T3895P EOSS BALLOON",142.0,46.0,74.0,39.9605,-103.4003333333,40.13,64.58,25.34,-3.7,269.45,38950.0,0.38,0.00097711,0.50358377,0.00011111,-0.00010556,-26.86666667,-8.18866667,n/a,-0.002222,-55.709127,0.005803,32.309327,0.356451,0.892698,-0.022514,-26.300355,-0.000667,-16.980141,0.001769,9.847894,0.108647,0.892726,-0.022421,-8.016358,
EOSS-309,AE0SS-13,2021-04-10 08:42:12.447,2021-04-10 08:42:11,23684.0,7218.88,-1654.0,1346.0,descending,/144211h3957.44N/10323.83WO131/027EOSS Baloon/A=023684!W94!,"AE0SS-13>APTT4,EOSS,qAO,W9CN-9:/144211h3957.44N/10323.83WO131/027EOSS Baloon/A=023684!W94!",131.0,31.0,49.9,39.9574833333,-103.3972333333,40.37,64.97,,,,,,,,0.00012444,-0.00011944,-27.56666667,-8.40233333,n/a,-0.023333,-55.378039,0.005456,32.261168,0.354312,0.86207,-0.081253,-26.014195,-0.007122,-16.879225,0.001663,9.833215,0.107994,0.862067,-0.081347,-7.929132,
EOSS-309,KC0D-14,2021-04-10 08:42:16.976,2021-04-10 08:42:15,23624.0,7200.6,-1650.0,1350.0,descending,/144215h3957.42N/10323.80WO145/040/A=023624 -40T4035P EOSS BALLOON,"KC0D-14>APZEOS,EOSS,WIDE2-1,qAO,N6BA-10:/144215h3957.42N/10323.80WO145/040/A=023624 -40T4035P EOSS BALLOON",145.0,46.0,74.0,39.957,-103.3966666667,40.41,65.04,24.8,-4.0,269.15,40350.0,0.4,0.00101336,0.52226582,0.00012222,-0.00011667,-27.5,-8.382,n/a,0.002222,-55.053876,0.005418,32.211418,0.352196,0.855407,-0.009074,-25.994112,0.000678,-16.780421,0.001652,9.818051,0.10735,0.855406,-0.009073,-7.923014,
EOSS-309,AE0SS-13,2021-04-10 08:42:42.491,2021-04-10 08:42:41,22903.0,6980.83,-1562.0,1376.0,descending,/144241h3957.21N/10323.60WO143/044EOSS Baloon/A=022903!W92!,"AE0SS-13>APTT4,EOSS,qAO,KB0TVJ-1:/144241h3957.21N/10323.60WO143/044EOSS Baloon/A=022903!W92!",143.0,51.0,82.1,39.95365,-103.3933666667,40.68,65.46,,,,,,,,0.00012889,-0.00012778,-26.03333333,-7.935,n/a,0.048889,-54.720307,0.005924,32.174384,0.35015,0.891609,0.122705,-25.777947,0.0149,-16.678749,0.001806,9.806763,0.106726,0.891604,0.122688,-7.857122,
EOSS-309,KC0D-14,2021-04-10 08:42:47.003,2021-04-10 08:42:45,22852.0,6965.29,-1544.0,1380.0,descending,/144245h3957.18N/10323.58WO150/039/A=022852 -40T4171P EOSS BALLOON,"KC0D-14>APZEOS,EOSS,WIDE2-1,qAO,W9CN-9:/144245h3957.18N/10323.58WO150/039/A=022852 -40T4171P EOSS BALLOON",150.0,45.0,72.4,39.953,-103.393,40.71,65.52,24.8,-4.0,269.15,41710.0,0.41,0.00104752,0.53986883,0.00012222,-0.00013333,-25.73333333,-7.84366667,n/a,0.01,-54.390909,0.005971,32.137836,0.348109,0.891708,0.011574,-25.764327,0.003044,-16.57835,0.00182,9.795621,0.106104,0.891693,0.011536,-7.852971,
EOSS-309,AE0SS-13,2021-04-10 08:43:12.524,2021-04-10 08:43:11,22112.0,6739.74,-1582.0,1406.0,descending,/144311h3956.97N/10323.34WO150/039EOSS Baloon/A=022112!W87!,"AE0SS-13>APTT4,EOSS,qAO,KB0TVJ-1:/144311h3956.97N/10323.34WO150/039EOSS Baloon/A=022112!W87!",150.0,45.0,72.4,39.9496333333,-103.3891166667,41.0,65.99,,,,,,,,0.00014167,-0.00013389,-26.36666667,-8.03633333,n/a,-0.021111,-54.07603,0.005663,32.09249,0.346114,0.863422,-0.077356,-25.588395,-0.006422,-16.482373,0.001726,9.781802,0.105496,0.863444,-0.077235,-7.799345,
EOSS-309,KC0D-14,2021-04-10 08:43:17.034,2021-04-10 08:43:15,22071.0,6727.24,-1562.0,1410.0,descending,/144315h3956.94N/10323.32WO156/034/A=022071 -41T4311P EOSS BALLOON,"KC0D-14>APZEOS,EOSS,WIDE2-1,qAO,W9CN-9:/144315h3956.94N/10323.32WO156/034/A=022071 -41T4311P EOSS BALLOON",156.0,39.0,62.8,39.949,-103.3886666667,41.05,66.06,24.62,-4.1,269.05,43110.0,0.43,0.00108308,0.55819697,0.00014444,-0.00013333,-26.03333333,-7.935,n/a,0.011111,-53.764444,0.005724,32.048298,0.344142,0.865291,0.015653,-25.57972,0.003378,-16.387402,0.001745,9.768331,0.104895,0.865286,0.015568,-7.7967,
EOSS-309,KC0D-14,2021-04-10 08:43:46.938,2021-04-10 08:43:45,21289.0,6488.89,-1564.0,1440.0,descending,/144345h3956.73N/10323.12WO138/038/A=021289 -41T4454P EOSS BALLOON,"KC0D-14>APZEOS,EOSS,WIDE2-1,qAO,N6BA-10:/144345h3956.73N/10323.12WO138/038/A=021289 -41T4454P EOSS BALLOON",138.0,44.0,70.8,39.9455,-103.3853333333,41.31,66.49,24.62,-4.1,269.05,44540.0,0.44,0.00111901,0.5767129,0.00011111,-0.00011667,-26.06666667,-7.945,n/a,-0.001111,-53.460073,0.005648,32.001744,0.342204,0.855997,-0.019751,-25.4307,-0.000333,-16.294628,0.001722,9.754143,0.104304,0.856008,-0.019702,-7.751276,
EOSS-309,AE0SS-13,2021-04-10 08:44:12.527,2021-04-10 08:44:11,20583.0,6273.7,-1529.0,1466.0,descending,/144411h3956.55N/10322.95WO112/025EOSS Baloon/A=020583!W63!,"AE0SS-13>APTT4,EOSS,qAO,KB0TVJ-1:/144411h3956.55N/10322.95WO112/025EOSS Baloon/A=020583!W63!",112.0,29.0,46.7,39.9426,-103.38255,41.54,66.85,,,,,,,,0.00010944,-0.00011722,-25.48333333,-7.76733333,n/a,0.009722,-53.155978,0.005693,31.958806,0.340298,0.865885,0.01184,-25.313349,0.002961,-16.20194,0.001735,9.741055,0.103723,0.865882,0.01182,-7.715505,
EOSS-309,KC0D-14,2021-04-10 08:44:16.915,2021-04-10 08:44:15,20534.0,6258.76,-1510.0,1470.0,descending,/144415h3956.53N/10322.92WO147/034/A=020534 -42T4598P EOSS BALLOON,"KC0D-14>APZEOS,EOSS,WIDE2-1,qAO,N6BA-10:/144415h3956.53N/10322.92WO147/034/A=020534 -42T4598P EOSS BALLOON",147.0,39.0,62.8,39.9421666667,-103.382,41.58,66.92,24.44,-4.2,268.95,45980.0,0.45,0.00115562,0.59557967,0.00011111,-0.00011111,-25.16666667,-7.671,n/a,0.010556,-52.855018,0.005746,31.916879,0.338424,0.867514,0.014213,-25.305436,0.003211,-16.11021,0.001751,9.728274,0.103152,0.867493,0.014154,-7.713092,
EOSS-309,AE0SS-13,2021-04-10 08:44:42.525,2021-04-10 08:44:41,19848.0,6049.67,-1470.0,1496.0,descending,/144441h3956.37N/10322.73WO141/030EOSS Baloon/A=019848!W39!,"AE0SS-13>APTT4,EOSS,qAO,KB0TVJ-1:/144441h3956.37N/10322.73WO141/030EOSS Baloon/A=019848!W39!",141.0,35.0,56.3,39.93955,-103.3789833333,41.81,67.28,,,,,,,,0.00011889,-0.00010167,-24.5,-7.46766667,n/a,0.022222,-52.553369,0.005923,31.879253,0.336584,0.879988,0.048425,-25.192594,0.006778,-16.018268,0.001805,9.716805,0.102591,0.879981,0.048474,-7.678696,
EOSS-309,KC0D-14,2021-04-10 08:44:46.995,2021-04-10 08:44:45,19797.0,6034.13,-1474.0,1500.0,descending,/144445h3956.35N/10322.73WO141/019/A=019797 -41T4739P EOSS BALLOON,"KC0D-14>APZEOS,EOSS,WIDE2-1,qAO,N6BA-10:/144445h3956.35N/10322.73WO141/019/A=019797 -41T4739P EOSS BALLOON",141.0,22.0,35.4,39.9391666667,-103.3788333333,41.83,67.31,24.62,-4.1,269.05,47390.0,0.47,0.00119061,0.61361527,0.00010556,-0.0001,-24.56666667,-7.48766667,n/a,-0.002222,-52.258772,0.005836,31.83897,0.33477,0.869755,-0.02407,-25.183833,-0.000667,-15.928472,0.001779,9.704529,0.102038,0.86978,-0.023971,-7.676026,
EOSS-309,AE0SS-13,2021-04-10 08:45:12.415,2021-04-10 08:45:11,19123.0,5828.69,-1450.0,1526.0,descending,/144511h3956.19N/10322.58WO156/016EOSS Baloon/A=019123!W96!,"AE0SS-13>APTT4,EOSS,qAO,KB0TVJ-1:/144511h3956.19N/10322.58WO156/016EOSS Baloon/A=019123!W96!",156.0,18.0,29.0,39.93665,-103.3764333333,42.02,67.62,,,,,,,,8.5e-05,-9.667e-05,-24.16666667,-7.366,n/a,0.013333,-51.966146,0.005915,31.800468,0.332986,0.874185,0.022277,-25.058052,0.004056,-15.83928,0.001803,9.692793,0.101494,0.874184,0.022198,-7.637686,
EOSS-309,KC0D-14,2021-04-10 08:45:16.886,2021-04-10 08:45:15,19076.0,5814.36,-1442.0,1530.0,descending,/144515h3956.18N/10322.58WO139/018/A=019076 -41T4882P EOSS BALLOON,"KC0D-14>APZEOS,EOSS,WIDE2-1,qAO,N6BA-10:/144515h3956.18N/10322.58WO139/018/A=019076 -41T4882P EOSS BALLOON",139.0,21.0,33.8,39.9363333333,-103.3763333333,42.03,67.65,24.62,-4.1,269.05,48820.0,0.48,0.00122654,0.6321312,8.333e-05,-9.444e-05,-24.03333333,-7.32566667,n/a,0.004444,-51.678179,0.0059,31.761288,0.331229,0.870394,-0.004396,-25.048394,0.001344,-15.75151,0.001798,9.680848,0.100959,0.870362,-0.004497,-7.634741,
EOSS-309,AE0SS-13,2021-04-10 08:45:42.464,2021-04-10 08:45:41,18372.0,5599.79,-1502.0,1556.0,descending,/144541h3956.07N/10322.43WO131/019EOSS Baloon/A=018372!W31!,"AE0SS-13>APTT4,EOSS,qAO,W9CN-9:/144541h3956.07N/10322.43WO131/019EOSS Baloon/A=018372!W31!",131.0,22.0,35.4,39.93455,-103.37385,42.21,67.93,,,,,,,,8.611e-05,-7e-05,-25.03333333,-7.63,n/a,-0.033333,-51.406293,0.005495,31.711575,0.329523,0.831651,-0.117831,-24.884523,-0.010144,-15.668638,0.001675,9.665697,0.100439,0.831667,-0.117673,-7.584795,
EOSS-309,KC0D-14,2021-04-10 08:45:46.930,2021-04-10 08:45:45,18312.0,5581.5,-1528.0,1560.0,descending,/144545h3956.05N/10322.41WO153/026/A=018312 -39T5037P EOSS BALLOON,"KC0D-14>APZEOS,EOSS,WIDE2-1,qAO,N6BA-10:/144545h3956.05N/10322.41WO153/026/A=018312 -39T5037P EOSS BALLOON",153.0,30.0,48.3,39.9341666667,-103.3735,42.24,67.98,24.98,-3.9,269.25,50370.0,0.5,0.00126454,0.65171646,9.444e-05,-7.222e-05,-25.46666667,-7.762,n/a,-0.014444,-51.144276,0.005292,31.656897,0.327826,0.811122,-0.060203,-24.868644,-0.0044,-15.588773,0.001613,9.649033,0.099922,0.811146,-0.060177,-7.579954,
EOSS-309,AE0SS-13,2021-04-10 08:46:12.421,2021-04-10 08:46:11,17640.0,5376.67,-1464.0,1586.0,descending,/144611h3955.89N/10322.32WO148/029EOSS Baloon/A=017640!W06!,"AE0SS-13>APTT4,EOSS,qAO,KB0TVJ-1:/144611h3955.89N/10322.32WO148/029EOSS Baloon/A=017640!W06!",148.0,33.0,53.1,39.9315,-103.3721,42.39,68.22,,,,,,,,5.833e-05,-0.00010167,-24.4,-7.43733333,n/a,0.035556,-50.876833,0.005598,31.609949,0.326163,0.837611,0.09185,-24.666053,0.010822,-15.507258,0.001706,9.634721,0.099415,0.837588,0.091696,-7.518203,
EOSS-309,KC0D-14,2021-04-10 08:46:16.979,2021-04-10 08:46:15,17586.0,5360.21,-1452.0,1590.0,descending,/144615h3955.86N/10322.30WO152/030/A=017586 -39T5187P EOSS BALLOON,"KC0D-14>APZEOS,EOSS,WIDE2-1,qAO,N6BA-10:/144615h3955.86N/10322.30WO152/030/A=017586 -39T5187P EOSS BALLOON",152.0,35.0,56.3,39.931,-103.3716666667,42.43,68.28,24.98,-3.9,269.25,51870.0,0.51,0.0013022,0.67112433,6.111e-05,-0.00010556,-24.2,-7.37633333,n/a,0.006667,-50.612706,0.005608,31.563318,0.324512,0.836817,0.003263,-24.647645,0.002033,-15.426754,0.001709,9.620507,0.098911,0.836798,0.003276,-7.512593,
EOSS-309,AE0SS-13,2021-04-10 08:46:42.513,2021-04-10 08:46:41,16921.0,5157.52,-1438.0,1616.0,descending,/144641h3955.68N/10322.13WO129/026EOSS Baloon/A=016921!W37!,"AE0SS-13>APTT4,EOSS,qAO,W9CN-9:/144641h3955.68N/10322.13WO129/026EOSS Baloon/A=016921!W37!",129.0,30.0,48.3,39.92805,-103.36895,42.65,68.64,,,,,,,,0.000105,-0.000115,-23.96666667,-7.305,n/a,0.007778,-50.351471,0.00563,31.5173,0.322885,0.837153,0.006653,-24.392386,0.002378,-15.347129,0.001716,9.606481,0.098416,0.837157,0.006727,-7.434792,
EOSS-309,KC0D-14,2021-04-10 08:46:46.965,2021-04-10 08:46:45,16876.0,5143.8,-1420.0,1620.0,descending,/144645h3955.67N/10322.11WO132/030/A=016876 -37T5338P EOSS BALLOON,"KC0D-14>APZEOS,EOSS,WIDE2-1,qAO,N6BA-10:/144645h3955.67N/10322.11WO132/030/A=016876 -37T5338P EOSS BALLOON",132.0,35.0,56.3,39.9278333333,-103.3685,42.68,68.69,25.34,-3.7,269.45,53380.0,0.53,0.00133911,0.69014895,0.00010556,-0.00010556,-23.66666667,-7.21366667,n/a,0.01,-50.092395,0.005673,31.472447,0.321283,0.839646,0.013468,-24.37314,0.003044,-15.268163,0.001729,9.592809,0.097927,0.839639,0.013428,-7.428924,
EOSS-309,KC0D-14,2021-04-10 08:47:16.938,2021-04-10 08:47:15,16178.0,4931.05,-1396.0,1650.0,descending,/144715h3955.41N/10321.90WO139/033/A=016178 -36T5491P EOSS BALLOON,"KC0D-14>APZEOS,EOSS,WIDE2-1,qAO,N6BA-10:/144715h3955.41N/10321.90WO139/033/A=016178 -36T5491P EOSS BALLOON",139.0,38.0,61.2,39.9235,-103.365,42.99,69.18,25.52,-3.6,269.55,54910.0,0.54,0.00137698,0.70966691,0.00011667,-0.00014444,-23.26666667,-7.09166667,n/a,0.013333,-49.834455,0.005747,31.429567,0.319705,0.845312,0.023728,-24.041813,0.004067,-15.189543,0.001752,9.579739,0.097446,0.845313,0.023757,-7.327938,
EOSS-309,AE0SS-13,2021-04-10 08:47:42.406,2021-04-10 08:47:41,15517.0,4729.58,-1404.0,1676.0,descending,/144741h3955.16N/10321.74WO154/040EOSS Baloon/A=015517!W89!,"AE0SS-13>APTT4,EOSS,qAO,W9CN-9:/144741h3955.16N/10321.74WO154/040EOSS Baloon/A=015517!W89!",154.0,46.0,74.0,39.9194666667,-103.3624833333,43.24,69.59,,,,,,,,0.00010778,-0.00014306,-23.4,-7.13233333,n/a,-0.002222,-49.582698,0.00567,31.384304,0.318151,0.834261,-0.024806,-23.673196,-0.000678,-15.112808,0.001728,9.565943,0.096973,0.834259,-0.024811,-7.215588,
EOSS-309,KC0D-14,2021-04-10 08:47:46.923,2021-04-10 08:47:45,15468.0,4714.65,-1420.0,1680.0,descending,/144745h3955.13N/10321.73WO154/040/A=015468 -33T5648P EOSS BALLOON,"KC0D-14>APZEOS,EOSS,WIDE2-1,qAO,N6BA-10:/144745h3955.13N/10321.73WO154/040/A=015468 -33T5648P EOSS BALLOON",154.0,46.0,74.0,39.9188333333,-103.3621666667,43.28,69.65,26.06,-3.3,269.85,56480.0,0.56,0.00141478,0.72914636,9.444e-05,-0.00015556,-23.66666667,-7.21333333,n/a,-0.008889,-49.338208,0.005532,31.335763,0.316621,0.819241,-0.045547,-23.643921,-0.0027,-15.038285,0.001686,9.55115,0.096506,0.819268,-0.045448,-7.206669,
EOSS-309,AE0SS-13,2021-04-10 08:48:12.408,2021-04-10 08:48:11,14835.0,4521.71,-1364.0,1706.0,descending,/144811h3954.87N/10321.59WO166/036EOSS Baloon/A=014835!W60!,"AE0SS-13>APTT4,EOSS,qAO,KB0TVJ-1:/144811h3954.87N/10321.59WO166/036EOSS Baloon/A=014835!W60!",166.0,41.0,66.0,39.9146,-103.3598333333,43.53,70.05,,,,,,,,8.833e-05,-0.00016222,-22.73333333,-6.929,n/a,0.031111,-49.089564,0.005773,31.293477,0.315119,0.842228,0.080408,-23.245413,0.009478,-14.962497,0.00176,9.538262,0.096048,0.842239,0.080356,-7.085206,
EOSS-309,KC0D-14,2021-04-10 08:48:16.941,2021-04-10 08:48:15,14789.0,4507.69,-1358.0,1710.0,descending,/144815h3954.84N/10321.58WO162/037/A=014789 -33T5803P EOSS BALLOON,"KC0D-14>APZEOS,EOSS,WIDE2-1,qAO,N6BA-10:/144815h3954.84N/10321.58WO162/037/A=014789 -33T5803P EOSS BALLOON",162.0,43.0,69.2,39.914,-103.3596666667,43.56,70.1,26.06,-3.3,269.85,58030.0,0.57,0.0014536,0.74915658,8.333e-05,-0.00016111,-22.63333333,-6.89866667,n/a,0.003333,-48.844599,0.00575,31.250766,0.313629,0.83874,-0.007707,-23.215185,0.001011,-14.887832,0.001753,9.525243,0.095594,0.838736,-0.007762,-7.075994,
EOSS-309,AE0SS-13,2021-04-10 08:48:42.412,2021-04-10 08:48:41,14168.0,4318.41,-1334.0,1736.0,descending,/144841h3954.58N/10321.43WO146/040EOSS Baloon/A=014168!W50!,"AE0SS-13>APTT4,EOSS,qAO,W9CN-9:/144841h3954.58N/10321.43WO146/040EOSS Baloon/A=014168!W50!",146.0,46.0,74.0,39.90975,-103.3571666667,43.82,70.52,,,,,,,,8.889e-05,-0.00016167,-22.23333333,-6.77666667,n/a,0.013333,-48.600459,0.00582,31.210007,0.312161,0.844829,0.024068,-22.796248,0.004067,-14.813417,0.001774,9.51282,0.095147,0.844834,0.0241,-6.948306,
EOSS-309,KC0D-14,2021-04-10 08:48:46.977,2021-04-10 08:48:45,14123.0,4304.69,-1332.0,1740.0,descending,/144845h3954.55N/10321.41WO152/037/A=014123 -29T5957P EOSS BALLOON,"KC0D-14>APZEOS,EOSS,WIDE2-1,qAO,N6BA-10:/144845h3954.55N/10321.41WO152/037/A=014123 -29T5957P EOSS BALLOON",152.0,43.0,69.2,39.9091666667,-103.3568333333,43.86,70.58,26.78,-2.9,270.25,59570.0,0.59,0.00148997,0.76789943,9.444e-05,-0.00016111,-22.2,-6.76666667,n/a,0.001111,-48.360455,0.005777,31.168324,0.310713,0.839328,-0.015017,-22.765387,0.000333,-14.740265,0.001761,9.500114,0.094705,0.839316,-0.015078,-6.938897,
EOSS-309,AE0SS-13,2021-04-10 08:49:12.572,2021-04-10 08:49:11,13496.0,4113.58,-1344.0,1766.0,descending,/144911h3954.33N/10321.20WO137/037EOSS Baloon/A=013496!W88!,"AE0SS-13>APTT4,EOSS,qAO,W9CN-9:/144911h3954.33N/10321.20WO137/037EOSS Baloon/A=013496!W88!",137.0,43.0,69.2,39.9056333333,-103.3534666667,44.13,71.02,,,,,,,,0.00012333,-0.00013722,-22.4,-6.82766667,n/a,-0.006667,-48.126577,0.005664,31.124018,0.309287,0.826583,-0.039869,-22.336643,-0.002033,-14.66898,0.001726,9.486608,0.094271,0.826567,-0.039874,-6.808219,
EOSS-309,KC0D-14,2021-04-10 08:49:17.005,2021-04-10 08:49:15,13451.0,4099.86,-1344.0,1770.0,descending,/144915h3954.31N/10321.18WO137/032/A=013451 -28T6117P EOSS BALLOON,"KC0D-14>APZEOS,EOSS,WIDE2-1,qAO,N6BA-10:/144915h3954.31N/10321.18WO137/032/A=013451 -28T6117P EOSS BALLOON",137.0,37.0,59.5,39.9051666667,-103.353,44.17,71.08,26.96,-2.8,270.35,61170.0,0.6,0.00152942,0.7882329,0.00012778,-0.00013333,-22.4,-6.82766667,n/a,0.0,-47.896875,0.005613,31.07872,0.307878,0.820397,-0.018231,-22.306335,0.0,-14.598969,0.001711,9.472801,0.093841,0.820381,-0.018233,-6.798978,
EOSS-309,AE0SS-13,2021-04-10 08:49:42.470,2021-04-10 08:49:41,12823.0,3908.45,-1346.0,1796.0,descending,/144941h3954.16N/10321.03WO164/022EOSS Baloon/A=012823!W40!,"AE0SS-13>APTT4,EOSS,qAO,W9CN-9:/144941h3954.16N/10321.03WO164/022EOSS Baloon/A=012823!W40!",164.0,25.0,40.2,39.9027333333,-103.3505,44.37,71.4,,,,,,,,9.889e-05,-9.667e-05,-22.43333333,-6.83766667,n/a,-0.001111,-47.671534,0.005553,31.032255,0.306489,0.813289,-0.021743,-21.900162,-0.000333,-14.530285,0.001693,9.458638,0.093418,0.81329,-0.021687,-6.675181,
EOSS-309,KC0D-14,2021-04-10 08:49:46.941,2021-04-10 08:49:45,12790.0,3898.39,-1322.0,1800.0,descending,/144945h3954.14N/10321.01WO146/023/A=012790 -24T6278P EOSS BALLOON,"KC0D-14>APZEOS,EOSS,WIDE2-1,qAO,N6BA-10:/144945h3954.14N/10321.01WO146/023/A=012790 -24T6278P EOSS BALLOON",146.0,26.0,41.8,39.9023333333,-103.3501666667,44.4,71.45,27.68,-2.4,270.75,62780.0,0.62,0.00156736,0.80778409,9.444e-05,-9.444e-05,-22.03333333,-6.71566667,n/a,0.013333,-47.446637,0.005622,30.987815,0.305118,0.820106,0.025272,-21.879995,0.004067,-14.461735,0.001714,9.445093,0.093,0.820116,0.025301,-6.669033,
EOSS-309,AE0SS-13,2021-04-10 08:50:12.504,2021-04-10 08:50:11,12177.0,3711.55,-1292.0,1826.0,descending,/145011h3954.00N/10320.87WO138/023EOSS Baloon/A=012177!W00!,"AE0SS-13>APTT4,EOSS,qAO,W9CN-9:/145011h3954.00N/10320.87WO138/023EOSS Baloon/A=012177!W00!",138.0,26.0,41.8,39.9,-103.3478333333,44.59,71.75,,,,,,,,8.889e-05,-9.111e-05,-21.53333333,-6.56333333,n/a,0.016667,-47.221304,0.005719,30.946091,0.303767,0.830088,0.036041,-21.537213,0.005078,-14.393054,0.001743,9.432376,0.092588,0.83009,0.03602,-6.564554,
EOSS-309,KC0D-14,2021-04-10 08:50:17.060,2021-04-10 08:50:15,12134.0,3698.44,-1312.0,1830.0,descending,/145015h3953.97N/10320.85WO152/026/A=012134 -22T6442P EOSS BALLOON,"KC0D-14>APZEOS,EOSS,WIDE2-1,qAO,N6BA-10:/145015h3953.97N/10320.85WO152/026/A=012134 -22T6442P EOSS BALLOON",152.0,30.0,48.3,39.8995,-103.3475,44.62,71.81,28.04,-2.2,270.95,64420.0,0.64,0.00160712,0.82827397,8.889e-05,-9.444e-05,-21.86666667,-6.665,n/a,-0.011111,-47.00273,0.005572,30.901051,0.302436,0.813437,-0.055162,-21.515844,-0.003389,-14.326432,0.001699,9.418648,0.092183,0.813432,-0.055195,-6.558039,
EOSS-309,AE0SS-13,2021-04-10 08:50:42.474,2021-04-10 08:50:41,11517.0,3510.38,-1320.0,1856.0,descending,/145041h3953.81N/10320.70WO134/025EOSS Baloon/A=011517!W88!,"AE0SS-13>APTT4,EOSS,qAO,W9CN-9:/145041h3953.81N/10320.70WO134/025EOSS Baloon/A=011517!W88!",134.0,29.0,46.7,39.8969666667,-103.3451333333,44.82,72.12,,,,,,,,9e-05,-0.00010111,-22.0,-6.70566667,n/a,-0.004444,-46.789031,0.005486,30.854276,0.301119,0.803423,-0.032977,-21.258362,-0.001356,-14.261298,0.001672,9.40439,0.091781,0.803415,-0.032992,-6.479557,
EOSS-309,KC0D-14,2021-04-10 08:50:46.974,2021-04-10 08:50:45,11480.0,3499.1,-1308.0,1860.0,descending,/145045h3953.80N/10320.68WO133/028/A=011480 -18T6608P EOSS BALLOON,"KC0D-14>APZEOS,EOSS,WIDE2-1,qAO,N6BA-10:/145045h3953.80N/10320.68WO133/028/A=011480 -18T6608P EOSS BALLOON",133.0,32.0,51.5,39.8966666667,-103.3446666667,44.85,72.18,28.76,-1.8,271.35,66080.0,0.65,0.0016461,0.84836483,9.444e-05,-9.444e-05,-21.8,-6.64466667,n/a,0.006667,-46.57726,0.005496,30.808143,0.299819,0.804244,0.003906,-21.246158,0.002033,-14.19675,0.001675,9.390328,0.091385,0.804241,0.003917,-6.475836,
EOSS-309,AE0SS-13,2021-04-10 08:51:12.460,2021-04-10 08:51:11,10884.0,3317.44,-1266.0,1886.0,descending,/145111h3953.64N/10320.46WO131/027EOSS Baloon/A=010884!W86!,"AE0SS-13>APTT4,EOSS,qAO,W9CN-9:/145111h3953.64N/10320.46WO131/027EOSS Baloon/A=010884!W86!",131.0,31.0,49.9,39.8941333333,-103.3411,45.1,72.58,,,,,,,,0.00013444,-9.444e-05,-21.1,-6.43133333,n/a,0.023333,-46.363165,0.005647,30.766096,0.298539,0.821137,0.059242,-21.107611,0.007111,-14.131494,0.001721,9.377512,0.090995,0.82113,0.059234,-6.433603,
EOSS-309,KC0D-14,2021-04-10 08:51:16.959,2021-04-10 08:51:15,10831.0,3301.29,-1298.0,1890.0,descending,/145115h3953.63N/10320.44WO138/026/A=010831 -16T6775P EOSS BALLOON,"KC0D-14>APZEOS,EOSS,WIDE2-1,qAO,N6BA-10:/145115h3953.63N/10320.44WO138/026/A=010831 -16T6775P EOSS BALLOON",138.0,30.0,48.3,39.8938333333,-103.3406666667,45.13,72.63,29.12,-1.6,271.55,67750.0,0.67,0.00168646,0.86916442,0.00013333,-9.444e-05,-21.63333333,-6.59366667,n/a,-0.017778,-46.157083,0.005451,30.719616,0.297279,0.798309,-0.078139,-21.100868,-0.005411,-14.068679,0.001661,9.363346,0.090611,0.798327,-0.078048,-6.431547,
EOSS-309,AE0SS-13,2021-04-10 08:51:42.555,2021-04-10 08:51:41,10208.0,3111.4,-1352.0,1916.0,descending,/145141h3953.45N/10320.28WO159/025EOSS Baloon/A=010208!W28!,"AE0SS-13>APTT4,EOSS,qAO,W9CN-9:/145141h3953.45N/10320.28WO159/025EOSS Baloon/A=010208!W28!",159.0,29.0,46.7,39.8908666667,-103.3381333333,45.35,72.98,,,,,,,,9.889e-05,-0.00010889,-22.53333333,-6.868,n/a,-0.03,-45.961846,0.005155,30.666642,0.296045,0.763974,-0.118749,-21.093302,-0.009144,-14.009169,0.001571,9.3472,0.090235,0.76399,-0.118745,-6.429233,
EOSS-309,KC0D-14,2021-04-10 08:51:46.921,2021-04-10 08:51:45,10162.0,3097.38,-1338.0,1920.0,descending,/145145h3953.43N/10320.27WO136/021/A=010162 -11T6952P EOSS BALLOON,"KC0D-14>APZEOS,EOSS,WIDE2-1,qAO,N6BA-10:/145145h3953.43N/10320.27WO136/021/A=010162 -11T6952P EOSS BALLOON",136.0,24.0,38.6,39.8905,-103.3378333333,45.38,73.03,30.02,-1.1,272.05,69520.0,0.69,0.00172734,0.89023258,9.444e-05,-0.00011111,-22.3,-6.797,n/a,0.007778,-45.767896,0.005177,30.6147,0.294809,0.766556,0.008823,-21.09796,0.002367,-13.950053,0.001578,9.331369,0.089858,0.76656,0.008781,-6.430652,
EOSS-309,AE0SS-13,2021-04-10 08:52:12.430,2021-04-10 08:52:11,9558.0,2913.28,-1300.0,1946.0,descending,/145211h3953.29N/10320.09WO160/028EOSS Baloon/A=009558!W32!,"AE0SS-13>APTT4,EOSS,qAO,W9CN-9:/145211h3953.29N/10320.09WO160/028EOSS Baloon/A=009558!W32!",160.0,32.0,51.5,39.8882166667,-103.3348666667,45.59,73.37,,,,,,,,0.00010889,-8.833e-05,-21.66666667,-6.604,n/a,0.021111,-45.571951,0.005307,30.56632,0.293592,0.782079,0.05383,-21.220174,0.006433,-13.890329,0.001618,9.316623,0.089487,0.782078,0.053807,-6.467893,
EOSS-309,KC0D-14,2021-04-10 08:52:16.994,2021-04-10 08:52:15,9515.0,2900.17,-1294.0,1950.0,descending,/145215h3953.27N/10320.07WO152/028/A=009515 -9T7127P EOSS BALLOON,"KC0D-14>APZEOS,EOSS,WIDE2-1,qAO,N6BA-10:/145215h3953.27N/10320.07WO152/028/A=009515 -9T7127P EOSS BALLOON",152.0,32.0,51.5,39.8878333333,-103.3345,45.62,73.42,30.38,-0.9,272.25,71270.0,0.7,0.00176952,0.91197161,0.00011111,-8.889e-05,-21.56666667,-6.57366667,n/a,0.003333,-45.37836,0.005291,30.518047,0.292386,0.78025,-0.006697,-21.232756,0.001011,-13.831324,0.001613,9.301908,0.08912,0.780233,-0.006755,-6.471728,
EOSS-309,AE0SS-13,2021-04-10 08:52:42.628,2021-04-10 08:52:41,8925.0,2720.34,-1266.0,1976.0,descending,/145241h3953.12N/10319.95WO164/028EOSS Baloon/A=008925!W17!,"AE0SS-13>APTT4,EOSS,qAO,W9CN-9:/145241h3953.12N/10319.95WO164/028EOSS Baloon/A=008925!W17!",164.0,32.0,51.5,39.88535,-103.3326166667,45.8,73.7,,,,,,,,7.5e-05,-9.556e-05,-21.1,-6.43133333,n/a,0.015556,-45.184133,0.005374,30.472214,0.291197,0.790364,0.034966,-21.439935,0.004744,-13.772124,0.001638,9.287938,0.088757,0.790357,0.034994,-6.534867,
EOSS-309,KC0D-14,2021-04-10 08:52:47.031,2021-04-10 08:52:45,8882.0,2707.23,-1266.0,1980.0,descending,/145245h3953.10N/10319.96WO163/017/A=008882 -4T7302P EOSS BALLOON,"KC0D-14>APZEOS,EOSS,WIDE2-1,qAO,N6BA-10:/145245h3953.10N/10319.96WO163/017/A=008882 -4T7302P EOSS BALLOON",163.0,20.0,32.2,39.885,-103.3326666667,45.81,73.72,31.28,-0.4,272.75,73020.0,0.72,0.00180964,0.93265177,6.111e-05,-9.444e-05,-21.1,-6.43133333,n/a,0.0,-44.992989,0.005331,30.425826,0.290021,0.785286,-0.018381,-21.456528,0.0,-13.713864,0.001625,9.273798,0.088398,0.78528,-0.018383,-6.539926,
EOSS-309,AE0SS-13,2021-04-10 08:53:12.497,2021-04-10 08:53:11,8285.0,2525.27,-1280.0,2006.0,descending,/145311h3952.96N/10319.86WO157/031EOSS Baloon/A=008285!W31!,"AE0SS-13>APTT4,EOSS,qAO,W9CN-9:/145311h3952.96N/10319.86WO157/031EOSS Baloon/A=008285!W31!",157.0,36.0,57.9,39.8827166667,-103.3310166667,45.96,73.97,,,,,,,,5.333e-05,-8.778e-05,-21.33333333,-6.50233333,n/a,-0.007778,-44.806693,0.005227,30.377484,0.288861,0.772722,-0.045022,-21.671546,-0.002367,-13.65708,0.001593,9.259064,0.088045,0.772729,-0.044977,-6.605457,
EOSS-309,KC0D-14,2021-04-10 08:53:17.009,2021-04-10 08:53:15,8245.0,2513.08,-1274.0,2010.0,descending,/145315h3952.93N/10319.85WO164/028/A=008245 -2T7480P EOSS BALLOON,"KC0D-14>APZEOS,EOSS,WIDE2-1,qAO,N6BA-10:/145315h3952.93N/10319.85WO164/028/A=008245 -2T7480P EOSS BALLOON",164.0,32.0,51.5,39.8821666667,-103.3308333333,45.99,74.02,31.64,-0.2,272.95,74800.0,0.74,0.0018524,0.95468687,6.111e-05,-9.444e-05,-21.23333333,-6.47166667,n/a,0.003333,-44.622526,0.005212,30.329307,0.287712,0.771175,-0.006531,-21.68316,0.001022,-13.600944,0.001589,9.244381,0.087695,0.771201,-0.006466,-6.608996,
EOSS-309,AE0SS-13,2021-04-10 08:53:42.515,2021-04-10 08:53:41,7639.0,2328.37,-1292.0,2036.0,descending,/145341h3952.77N/10319.76WO158/035EOSS Baloon/A=007639!W04!,"AE0SS-13>APTT4,EOSS,qAO,W9CN-9:/145341h3952.77N/10319.76WO158/035EOSS Baloon/A=007639!W04!",158.0,40.0,64.4,39.8795,-103.3294,46.15,74.28,,,,,,,,5.389e-05,-0.00010722,-21.53333333,-6.56333333,n/a,-0.01,-44.44354,0.005093,30.278921,0.28658,0.756639,-0.052666,-21.751688,-0.003056,-13.546389,0.001552,9.229024,0.08735,0.756641,-0.052753,-6.62989,
EOSS-309,KC0D-14,2021-04-10 08:53:46.984,2021-04-10 08:53:45,7586.0,2312.21,-1318.0,2040.0,descending,/145345h3952.74N/10319.75WO145/026/A=007586 2T7670P EOSS BALLOON,"KC0D-14>APZEOS,EOSS,WIDE2-1,qAO,N6BA-10:/145345h3952.74N/10319.75WO145/026/A=007586 2T7670P EOSS BALLOON",145.0,30.0,48.3,39.879,-103.3291666667,46.18,74.32,32.36,0.2,273.35,76700.0,0.76,0.00189667,0.97750443,5.556e-05,-0.00010556,-21.96666667,-6.69566667,n/a,-0.014444,-44.270641,0.004942,30.225688,0.285464,0.737915,-0.06791,-21.744005,-0.004411,-13.493691,0.001506,9.212797,0.08701,0.737889,-0.068004,-6.627549,
EOSS-309,AE0SS-13,2021-04-10 08:54:12.521,2021-04-10 08:54:11,7022.0,2140.31,-1234.0,2066.0,descending,/145411h3952.60N/10319.66WO128/021EOSS Baloon/A=007022!W55!,"AE0SS-13>APTT4,EOSS,qAO,W9CN-9:/145411h3952.60N/10319.66WO128/021EOSS Baloon/A=007022!W55!",128.0,24.0,38.6,39.87675,-103.32775,46.33,74.55,,,,,,,,5.5e-05,-9.167e-05,-20.56666667,-6.26866667,n/a,0.046667,-44.089695,0.005263,30.180353,0.284379,0.779415,0.145594,-21.437398,0.014233,-13.438538,0.001604,9.198979,0.086679,0.77942,0.145698,-6.534122,
EOSS-309,KC0D-14,2021-04-10 08:54:16.984,2021-04-10 08:54:15,6980.0,2127.5,-1212.0,2070.0,descending,/145415h3952.58N/10319.65WO152/024/A=006980 5T7848P EOSS BALLOON,"KC0D-14>APZEOS,EOSS,WIDE2-1,qAO,N6BA-10:/145415h3952.58N/10319.65WO152/024/A=006980 5T7848P EOSS BALLOON",152.0,28.0,45.1,39.8763333333,-103.3275,46.35,74.6,32.9,0.5,273.65,78480.0,0.77,0.00193856,0.99909317,5.556e-05,-8.889e-05,-20.2,-6.157,n/a,0.012222,-43.908712,0.005316,30.136759,0.283283,0.786704,0.024378,-21.39386,0.003722,-13.383375,0.00162,9.185691,0.086345,0.786699,0.024344,-6.520846,
EOSS-309,AE0SS-13,2021-04-10 08:54:42.845,2021-04-10 08:54:41,6454.0,1967.18,-1136.0,2096.0,descending,/145441h3952.47N/10319.52WO141/019EOSS Baloon/A=006454!W99!,"AE0SS-13>APTT4,EOSS,qAO,W9CN-9:/145441h3952.47N/10319.52WO141/019EOSS Baloon/A=006454!W99!",141.0,22.0,35.4,39.87465,-103.3254833333,46.5,74.84,,,,,,,,7.556e-05,-7e-05,-18.93333333,-5.771,n/a,0.042222,-43.720927,0.005596,30.100395,0.282218,0.823497,0.129779,-20.502742,0.012867,-13.326139,0.001706,9.174607,0.08602,0.823484,0.129749,-6.249284,
EOSS-309,KC0D-14,2021-04-10 08:54:46.934,2021-04-10 08:54:45,6404.0,1951.94,-1152.0,2100.0,descending,/145445h3952.46N/10319.52WO150/013/A=006404 11T8020P EOSS BALLOON,"KC0D-14>APZEOS,EOSS,WIDE2-1,qAO,N6BA-10:/145445h3952.46N/10319.52WO150/013/A=006404 11T8020P EOSS BALLOON",150.0,15.0,24.1,39.8743333333,-103.3253333333,46.52,74.87,33.98,1.1,274.25,80200.0,0.79,0.00197671,1.018756,7.222e-05,-6.667e-05,-19.2,-5.852,n/a,-0.008889,-43.537935,0.005487,30.061747,0.28115,0.809598,-0.051133,-20.378298,-0.0027,-13.270362,0.001672,9.162828,0.085695,0.809615,-0.051018,-6.211359,
EOSS-309,AE0SS-13,2021-04-10 08:55:12.792,2021-04-10 08:55:11,5857.0,1785.21,-1194.0,2126.0,descending,/145511h3952.44N/10319.48WO095/005EOSS Baloon/A=005857!W06!,"AE0SS-13>APTT4,EOSS,qAO,N6BA-9:/145511h3952.44N/10319.48WO095/005EOSS Baloon/A=005857!W06!",95.0,6.0,9.7,39.874,-103.3247666667,46.56,74.93,,,,,,,,2.389e-05,-2.167e-05,-19.9,-6.06566667,n/a,-0.023333,-43.36284,0.005272,30.018385,0.280102,0.781616,-0.102124,-18.411445,-0.007122,-13.216994,0.001607,9.14961,0.085375,0.781599,-0.102243,-5.611927,
EOSS-309,KC0D-14,2021-04-10 08:55:16.992,2021-04-10 08:55:15,5807.0,1769.97,-1194.0,2130.0,descending,/145515h3952.45N/10319.47WO068/012/A=005807 14T8202P EOSS BALLOON,"KC0D-14>APZEOS,EOSS,WIDE2-1,qAO,N6BA-10:/145515h3952.45N/10319.47WO068/012/A=005807 14T8202P EOSS BALLOON",68.0,14.0,22.5,39.8741666667,-103.3245,46.57,74.94,34.52,1.4,274.55,82020.0,0.81,0.00201936,1.04073645,2.778e-05,-5.56e-06,-19.9,-6.06566667,n/a,0.0,-43.190319,0.005233,29.974596,0.279056,0.777002,-0.018753,-18.166813,0.0,-13.164411,0.001595,9.136262,0.085056,0.776986,-0.018752,-5.537373,
