flightid,callsign,receivetime,packettime,altitude_ft,altitude_m,vert_rate_ftmin,elapsed_secs,flight_phase,position_packet,info,raw,bearing,speed_mph,speed_kph,latitude,longitude,distance_from_launch_mi,distance_from_launch_km,temperature_f,temperature_c,temperature_k,pressure_pa,pressure_atm,airdensity_slugs,airdensity_kgm3,velocity_x_degs,velocity_y_degs,velocity_z_fts,velocity_z_ms,airflow,acceleration_fts2,velocity_mean_fts,acceleration_mean_fts2,velocity_std_fts,acceleration_std_fts2,velocity_norm_fts,acceleration_norm_fts2,velocity_curvefit_fts,acceleration_ms2,velocity_mean_ms,acceleration_mean_ms2,velocity_std_ms,acceleration_std_ms2,velocity_norm_ms,acceleration_norm_ms2,velocity_curvefit_ms,reynolds_transition
EOSS-303,K0SCC-14,2020-11-01 06:57:10.417,2020-11-01 06:56:52,4561.0,1390.19,0.0,0.0,ascending,True,/135652h4013.54N/10404.61WO271/000eEOSS.org Balloon/A=004561!W67!,"K0SCC-14>APTT4,EOSSD,EOSSD,qAO,N2XGL-12:/135652h4013.54N/10404.61WO271/000eEOSS.org Balloon/A=004561!W67!",271.0,0.0,0.0,40.2257666667,-104.07695,0.0,0.0,,,,,,,,0.0,0.0,0.0,0.0,high Re,,0.0,,,,,,9.418277,,0.0,,,,,,2.372489,
EOSS-303,KC0D-3,2020-11-01 06:57:04.094,2020-11-01 06:57:00,4712.0,1436.22,314.0,8.0,ascending,True,/135700h4013.55N/10404.57WO096/010/A=004712 -14T3143700P EOSS BALLOON,"KC0D-3>APZEOS,EOSS,WIDE2-1,qAO,N2XGL-12:/135700h4013.55N/10404.57WO096/010/A=004712 -14T3143700P EOSS BALLOON",96.0,12.0,19.3,40.2258333333,-104.0761666667,0.04,0.07,,,,,,,,2.222e-05,5.56e-06,5.23333333,1.59533333,high Re,0.174444,2.616667,0.174444,3.700525,,0.707107,,10.750344,0.053178,0.797667,0.053178,1.128071,,0.707106,,2.915934,
EOSS-303,KC0D-1,2020-11-01 06:57:16.816,2020-11-01 06:57:15,5126.0,1562.4,1118.0,23.0,ascending,True,/135715h4013.56N/10404.52WO089/009!W25!/A=005126 169T8552P EOSS BALLOON,"KC0D-1>APZEOS,EOSS,qAO,W0ARP-2:/135715h4013.56N/10404.52WO089/009!W25!/A=005126 169T8552P EOSS BALLOON",89.0,10.0,16.1,40.2260333333,-104.0754166667,0.08,0.13,62.42,16.9,290.05,85520.0,0.84,0.00199302,1.02715804,5.167e-05,1e-05,18.63333333,5.67933333,high Re,0.446667,7.955556,0.310556,9.610315,0.192491,1.111075,0.707103,13.897519,0.136133,2.424889,0.094656,2.929134,0.058658,1.11106,0.707099,4.164362,
EOSS-303,K0SCC-14,2020-11-01 06:57:44.504,2020-11-01 06:57:21,5086.0,1550.21,1086.2,29.0,ascending,True,/135721h4013.56N/10404.50WO074/013eEOSS.org Balloon/A=005086!W33!,"K0SCC-14>APTT4,EOSSD,EOSSD,qAO,N2XGL-12:/135721h4013.56N/10404.50WO074/013eEOSS.org Balloon/A=005086!W33!",74.0,15.0,24.1,40.22605,-104.07505,0.1,0.16,,,,,,,,6.552e-05,9.77e-06,18.10344828,5.51793103,high Re,-0.018272,10.492529,0.200946,9.344358,0.2336,0.814494,-0.938433,13.623595,-0.005566,3.198149,0.061248,2.848089,0.071193,0.814505,-0.938491,4.057978,
EOSS-303,KC0D-3,2020-11-01 06:57:32.053,2020-11-01 06:57:30,5318.0,1620.93,1212.0,38.0,ascending,True,/135730h4013.57N/10404.47WO075/015/A=005318 58T3081556P EOSS BALLOON,"KC0D-3>APZEOS,EOSS,WIDE2-1,qAO,N6BA-10:/135730h4013.57N/10404.47WO075/015/A=005318 58T3081556P EOSS BALLOON",75.0,17.0,27.4,40.2261666667,-104.0745,0.13,0.21,,,,,,,,5.556e-05,1.111e-05,20.2,6.157,high Re,0.069885,12.434023,0.168181,9.183397,0.201677,0.845654,-0.487393,15.12956,0.021302,3.78992,0.051262,2.799048,0.061465,0.845673,-0.487432,4.636674,
EOSS-303,KC0D-1,2020-11-01 06:57:46.842,2020-11-01 06:57:45,5738.0,1748.94,1224.0,53.0,ascending,True,/135745h4013.58N/10404.40WO067/012!W58!/A=005738 170T8358P EOSS BALLOON,"KC0D-1>APZEOS,EOSS,qAO,W0ARP-2:/135745h4013.58N/10404.40WO067/012!W58!/A=005738 170T8358P EOSS BALLOON",67.0,14.0,22.5,40.2264166667,-104.0734666667,0.19,0.3,62.6,17.0,290.15,83580.0,0.82,0.00194713,1.00351124,6.5e-05,1.278e-05,20.4,6.218,high Re,0.006667,13.761686,0.135878,8.834249,0.189004,0.751429,-0.683642,17.387022,0.002033,4.1946,0.041416,2.692644,0.057603,0.751455,-0.683697,5.469597,
EOSS-303,KC0D-3,2020-11-01 06:58:04.086,2020-11-01 06:58:00,5948.0,1812.95,1260.0,68.0,ascending,True,/135800h4013.61N/10404.33WO062/015/A=005948 92T3019116P EOSS BALLOON,"KC0D-3>APZEOS,EOSS,WIDE2-1,qAO,N6BA-10:/135800h4013.61N/10404.33WO062/015/A=005948 92T3019116P EOSS BALLOON",62.0,17.0,27.4,40.2268333333,-104.0721666667,0.26,0.42,,,,,,,,7.778e-05,2.222e-05,21.0,6.40066667,high Re,0.02,14.795731,0.116565,8.515948,0.175545,0.728547,-0.550087,18.314916,0.006089,4.509752,0.035528,2.59561,0.053502,0.728505,-0.550241,5.796314,
EOSS-303,KC0D-1,2020-11-01 06:58:16.849,2020-11-01 06:58:15,6370.0,1941.58,1264.0,83.0,ascending,True,/135815h4013.63N/10404.27WO068/008!W10!/A=006370 172T8167P EOSS BALLOON,"KC0D-1>APZEOS,EOSS,qAO,W0ARP-2:/135815h4013.63N/10404.27WO068/008!W10!/A=006370 172T8167P EOSS BALLOON",68.0,9.0,14.5,40.2271833333,-104.0711666667,0.32,0.52,62.96,17.2,290.35,81670.0,0.81,0.00190133,0.9799032,7.667e-05,2.556e-05,21.06666667,6.42133333,high Re,0.002222,15.579598,0.10023,8.19004,0.165975,0.669968,-0.590499,19.831907,0.000689,4.7487,0.030551,2.496298,0.050585,0.670046,-0.590333,6.302228,
EOSS-303,K0SCC-14,2020-11-01 06:58:23.474,2020-11-01 06:58:19,6333.0,1930.3,1290.0,87.0,ascending,True,/135819h4013.63N/10404.25WO073/007eEOSS.org Balloon/A=006333!W46!,"K0SCC-14>APTT4,EOSSD,EOSSD,qAO,N2XGL-12:/135819h4013.63N/10404.25WO073/007eEOSS.org Balloon/A=006333!W46!",73.0,8.0,12.9,40.2272333333,-104.0709333333,0.33,0.54,,,,,,,,7.098e-05,2.04e-05,21.5,6.55327586,high Re,0.007471,16.23742,0.088635,7.911178,0.157124,0.665208,-0.51656,19.715873,0.002275,4.949208,0.027017,2.411306,0.047888,0.665228,-0.516664,6.265077,
EOSS-303,KC0D-3,2020-11-01 06:58:32.108,2020-11-01 06:58:30,6581.0,2005.89,1266.0,98.0,ascending,True,/135830h4013.64N/10404.23WO079/011/A=006581 117T2957287P EOSS BALLOON,"KC0D-3>APZEOS,EOSS,WIDE2-1,qAO,N2XGL-12:/135830h4013.64N/10404.23WO079/011/A=006581 117T2957287P EOSS BALLOON",79.0,13.0,20.9,40.2273333333,-104.0705,0.36,0.57,,,,,,,,5.556e-05,1.667e-05,21.1,6.43133333,high Re,-0.013333,16.723678,0.077306,7.615584,0.150855,0.574653,-0.600835,20.437087,-0.004065,5.097421,0.023563,2.321211,0.045977,0.574662,-0.600909,6.49053,
EOSS-303,KC0D-1,2020-11-01 06:58:46.828,2020-11-01 06:58:45,7006.0,2135.43,1272.0,113.0,ascending,True,/135845h4013.65N/10404.17WO089/012!W38!/A=007006 174T7977P EOSS BALLOON,"KC0D-1>APZEOS,EOSS,qAO,W0ARP-2:/135845h4013.65N/10404.17WO089/012!W38!/A=007006 174T7977P EOSS BALLOON",89.0,14.0,22.5,40.22755,-104.0696333333,0.4,0.65,63.32,17.4,290.55,79770.0,0.79,0.00185581,0.95644755,5.111e-05,1.222e-05,21.2,6.46166667,high Re,0.003333,17.130617,0.069908,7.349761,0.144138,0.553676,-0.461884,21.393408,0.001011,5.221443,0.021308,2.240182,0.04393,0.553626,-0.462031,6.763233,
EOSS-303,K0SCC-14,2020-11-01 06:58:57.263,2020-11-01 06:58:48,6956.0,2120.19,1289.0,116.0,ascending,True,/135848h4013.65N/10404.16WO093/015eEOSS.org Balloon/A=006956!W35!,"K0SCC-14>APTT4,EOSSD,EOSSD,qAO,N2XGL-12:/135848h4013.65N/10404.16WO093/015eEOSS.org Balloon/A=006956!W35!",93.0,17.0,27.4,40.22755,-104.0694166667,0.42,0.67,,,,,,,,5.23e-05,1.092e-05,21.48275862,6.54793103,high Re,0.00975,17.493295,0.064439,7.119453,0.137939,0.560361,-0.396472,21.297437,0.002975,5.331984,0.019641,2.169984,0.042041,0.560348,-0.396423,6.737705,
EOSS-303,KC0D-3,2020-11-01 06:59:04.367,2020-11-01 06:59:00,7203.0,2195.47,1244.0,128.0,ascending,True,/135900h4013.65N/10404.11WO089/014/A=007203 125T2896724P EOSS BALLOON,"KC0D-3>APZEOS,EOSS,WIDE2-1,qAO,N6BA-10:/135900h4013.65N/10404.11WO089/014/A=007203 125T2896724P EOSS BALLOON",89.0,16.0,25.7,40.2275,-104.0685,0.46,0.74,,,,,,,,6.667e-05,5.56e-06,20.73333333,6.31933333,high Re,-0.024981,17.742529,0.056988,6.875336,0.134029,0.435005,-0.611577,21.732932,-0.00762,5.407934,0.01737,2.09557,0.04085,0.434917,-0.61175,6.848912,
EOSS-303,KC0D-1,2020-11-01 06:59:16.880,2020-11-01 06:59:15,7662.0,2335.38,1312.0,143.0,ascending,True,/135915h4013.65N/10404.02WO090/016!W06!/A=007662 176T7790P EOSS BALLOON,"KC0D-1>APZEOS,EOSS,qAO,W0ARP-2:/135915h4013.65N/10404.02WO090/016!W06!/A=007662 176T7790P EOSS BALLOON",90.0,18.0,29.0,40.2275,-104.0671,0.53,0.86,63.68,17.6,290.75,77900.0,0.77,0.00181106,0.93338364,8.444e-05,-1.67e-06,21.86666667,6.665,high Re,0.037778,18.03711,0.05551,6.696937,0.128434,0.571837,-0.138063,22.312737,0.011522,5.497724,0.01692,2.041197,0.039144,0.571859,-0.137901,6.969687,
EOSS-303,K0SCC-14,2020-11-01 06:59:31.494,2020-11-01 06:59:17,7593.0,2314.35,1317.9,145.0,ascending,True,/135917h4013.65N/10404.01WO091/018eEOSS.org Balloon/A=007593!W02!,"K0SCC-14>APTT4,EOSSD,EOSSD,qAO,N6BA-10:/135917h4013.65N/10404.01WO091/018eEOSS.org Balloon/A=007593!W02!",91.0,21.0,33.8,40.2275,-104.0668666667,0.54,0.88,,,,,,,,8.793e-05,-1.72e-06,21.96551724,6.69517241,high Re,0.003409,18.299004,0.051789,6.532557,0.124178,0.561268,-0.389602,22.24252,0.00104,5.577554,0.015785,1.991098,0.037847,0.561308,-0.389595,6.957662,
EOSS-303,KC0D-3,2020-11-01 06:59:32.159,2020-11-01 06:59:30,7888.0,2404.26,1370.0,158.0,ascending,True,/135930h4013.64N/10403.95WO083/011/A=007888 123T2836071P EOSS BALLOON,"KC0D-3>APZEOS,EOSS,WIDE2-1,qAO,N6BA-10:/135930h4013.64N/10403.95WO083/011/A=007888 123T2836071P EOSS BALLOON",83.0,13.0,20.9,40.2273333333,-104.0658333333,0.6,0.96,,,,,,,,8.889e-05,-5.56e-06,22.83333333,6.95966667,high Re,0.028927,18.582399,0.050264,6.412047,0.119807,0.662961,-0.178095,22.505921,0.008816,5.663936,0.015321,1.954371,0.036515,0.662991,-0.178146,6.996296,
EOSS-303,KC0D-1,2020-11-01 06:59:46.870,2020-11-01 06:59:45,8332.0,2539.59,1340.0,173.0,ascending,True,/135945h4013.64N/10403.89WO100/009!W91!/A=008332 176T7601P EOSS BALLOON,"KC0D-1>APZEOS,EOSS,qAO,W0ARP-2:/135945h4013.64N/10403.89WO100/009!W91!/A=008332 176T7601P EOSS BALLOON",100.0,10.0,16.1,40.2274833333,-104.06485,0.65,1.04,63.68,17.6,290.75,76010.0,0.75,0.00176712,0.910738,7.5e-05,-5.6e-07,22.33333333,6.807,high Re,-0.016667,18.803043,0.046081,6.274737,0.116947,0.56262,-0.536551,22.743671,-0.005089,5.731175,0.014045,1.912511,0.035644,0.56252,-0.536808,7.001754,
EOSS-303,K0SCC-14,2020-11-01 07:00:05.561,2020-11-01 06:59:46,8239.0,2511.25,1336.6,174.0,ascending,True,/135946h4013.65N/10403.88WO063/006eEOSS.org Balloon/A=008239!W16!,"K0SCC-14>APTT4,EOSSD,EOSSD,qAO,N2XGL-12:/135946h4013.65N/10403.88WO063/006eEOSS.org Balloon/A=008239!W16!",63.0,7.0,11.3,40.2275166667,-104.0647666667,0.65,1.05,,,,,,,,7.241e-05,5.7e-07,22.27586207,6.78965517,high Re,-0.001982,18.995977,0.043254,6.142176,0.113832,0.533994,-0.397393,22.707623,-0.000598,5.78998,0.013184,1.872107,0.034694,0.533984,-0.397244,7.004941,
EOSS-303,KC0D-3,2020-11-01 07:00:04.232,2020-11-01 07:00:00,8554.0,2607.26,1332.0,188.0,ascending,True,/140000h4013.64N/10403.83WO102/009/A=008554 119T2776118P EOSS BALLOON,"KC0D-3>APZEOS,EOSS,WIDE2-1,qAO,N6BA-10:/140000h4013.64N/10403.83WO102/009/A=008554 119T2776118P EOSS BALLOON",102.0,10.0,16.1,40.2273333333,-104.0638333333,0.7,1.13,,,,,,,,6.667e-05,0.0,22.2,6.76666667,high Re,-0.002529,19.16461,0.04071,6.01421,0.11096,0.504703,-0.389681,22.804363,-0.000766,5.841384,0.012409,1.833107,0.033819,0.504762,-0.389574,6.986658,
EOSS-303,KC0D-1,2020-11-01 07:00:16.866,2020-11-01 07:00:15,8964.0,2732.23,1264.0,203.0,ascending,True,/140015h4013.61N/10403.76WO121/014!W55!/A=008964 180T7428P EOSS BALLOON,"KC0D-1>APZEOS,EOSS,qAO,W0ARP-2:/140015h4013.61N/10403.76WO121/014!W55!/A=008964 180T7428P EOSS BALLOON",121.0,16.0,25.7,40.2269166667,-104.06275,0.75,1.21,64.4,18.0,291.15,74280.0,0.73,0.00172453,0.8887867,7e-05,-1.889e-05,21.06666667,6.42133333,high Re,-0.037778,19.259713,0.03658,5.869233,0.109326,0.307869,-0.680149,22.837327,-0.011511,5.870382,0.01115,1.788922,0.033321,0.30798,-0.680082,6.93733,
EOSS-303,K0SCC-14,2020-11-01 07:00:43.781,2020-11-01 07:00:19,8928.0,2721.25,1252.7,207.0,ascending,True,/140019h4013.60N/10403.74WO142/014eEOSS.org Balloon/A=008928!W66!,"K0SCC-14>APTT4,EOSSD,EOSSD,qAO,N2XGL-12:/140019h4013.60N/10403.74WO142/014eEOSS.org Balloon/A=008928!W66!",142.0,16.0,25.7,40.2267666667,-104.0624333333,0.77,1.24,,,,,,,,7.071e-05,-2.273e-05,20.87878788,6.36363636,high Re,-0.005693,19.336811,0.034466,5.731521,0.10683,0.269034,-0.375915,22.837953,-0.001748,5.89387,0.010505,1.746944,0.03256,0.268908,-0.376321,6.942534,
EOSS-303,KC0D-3,2020-11-01 07:00:32.189,2020-11-01 07:00:30,9161.0,2792.27,1214.0,218.0,ascending,True,/140030h4013.57N/10403.68WO129/018/A=009161 102T2722422P EOSS BALLOON,"KC0D-3>APZEOS,EOSS,WIDE2-1,qAO,N2XGL-12:/140030h4013.57N/10403.68WO129/018/A=009161 102T2722422P EOSS BALLOON",129.0,21.0,33.8,40.2261666667,-104.0613333333,0.82,1.33,,,,,,,,8.333e-05,-3.889e-05,20.23333333,6.167,high Re,-0.021515,19.377562,0.0318,5.596656,0.104839,0.152908,-0.508542,22.823773,-0.006555,5.906285,0.009693,1.705837,0.031953,0.152837,-0.508497,6.906675,
EOSS-303,KC0D-1,2020-11-01 07:00:46.847,2020-11-01 07:00:45,9564.0,2915.11,1200.0,233.0,ascending,True,/140045h4013.53N/10403.59WO125/023!W09!/A=009564 179T7265P EOSS BALLOON,"KC0D-1>APZEOS,EOSS,qAO,W0ARP-2:/140045h4013.53N/10403.59WO125/023!W09!/A=009564 179T7265P EOSS BALLOON",125.0,26.0,41.8,40.2255,-104.0599833333,0.89,1.44,64.22,17.9,291.05,72650.0,0.72,0.00168727,0.86958184,9.222e-05,-4.722e-05,20.0,6.096,high Re,-0.007778,19.404625,0.030001,5.46952,0.102659,0.108853,-0.368005,22.751994,-0.002367,5.914533,0.009144,1.667087,0.031289,0.108853,-0.367893,6.835986,
EOSS-303,KC0D-3,2020-11-01 07:01:04.146,2020-11-01 07:01:00,9782.0,2981.55,1242.0,248.0,ascending,True,/140100h4013.46N/10403.49WO129/025/A=009782 91T2669518P EOSS BALLOON,"KC0D-3>APZEOS,EOSS,WIDE2-1,qAO,N6BA-10:/140100h4013.46N/10403.49WO129/025/A=009782 91T2669518P EOSS BALLOON",129.0,29.0,46.7,40.2243333333,-104.0581666667,1.0,1.6,,,,,,,,0.00010556,-6.111e-05,20.7,6.30933333,high Re,0.023333,19.458599,0.029711,5.355828,0.100309,0.231785,-0.063584,22.694575,0.007111,5.930983,0.009056,1.632433,0.030573,0.231771,-0.063618,6.795593,
EOSS-303,KC0D-1,2020-11-01 07:01:16.880,2020-11-01 07:01:15,10230.0,3118.1,1332.0,263.0,ascending,True,/140115h4013.38N/10403.37WO130/034!W03!/A=010230 181T7088P EOSS BALLOON,"KC0D-1>APZEOS,EOSS,qAO,W0ARP-2:/140115h4013.38N/10403.37WO130/034!W03!/A=010230 181T7088P EOSS BALLOON",130.0,39.0,62.8,40.223,-104.0562166667,1.11,1.79,64.58,18.1,291.25,70880.0,0.7,0.00164503,0.8478133,0.00012556,-8.333e-05,22.2,6.76633333,high Re,0.05,19.568255,0.030557,5.27165,0.098191,0.499226,0.198012,22.550682,0.015233,5.964397,0.009313,1.606772,0.029927,0.499098,0.197815,6.713231,
EOSS-303,K0SCC-14,2020-11-01 07:01:23.591,2020-11-01 07:01:17,10142.0,3091.28,1255.9,265.0,ascending,True,/140117h4013.37N/10403.35WO126/030eEOSS.org Balloon/A=010142!W16!,"K0SCC-14>APTT4,EOSSD,EOSSD,qAO,N2XGL-12:/140117h4013.37N/10403.35WO126/030eEOSS.org Balloon/A=010142!W16!",126.0,35.0,56.3,40.22285,-104.0559333333,1.13,1.81,,,,,,,,0.00011207,-6.753e-05,20.93103448,6.37982759,high Re,-0.021879,19.62067,0.028459,5.172051,0.096694,0.253355,-0.520591,22.580931,-0.006664,5.980375,0.008674,1.576415,0.029471,0.253393,-0.520444,6.729076,
EOSS-303,KC0D-3,2020-11-01 07:01:32.207,2020-11-01 07:01:30,10469.0,3190.95,1374.0,278.0,ascending,True,/140130h4013.28N/10403.23WO127/035/A=010469 72T2610061P EOSS BALLOON,"KC0D-3>APZEOS,EOSS,WIDE2-1,qAO,N2XGL-12:/140130h4013.28N/10403.23WO127/035/A=010469 72T2610061P EOSS BALLOON",127.0,40.0,64.4,40.2213333333,-104.0538333333,1.26,2.02,,,,,,,,0.00014444,-0.0001,22.9,6.98,high Re,0.065632,19.742126,0.029889,5.11073,0.095021,0.617891,0.376159,22.465632,0.020006,6.017399,0.00911,1.557727,0.028961,0.617952,0.37623,6.671654,
EOSS-303,KC0D-1,2020-11-01 07:01:46.830,2020-11-01 07:01:45,10937.0,3333.6,1414.0,293.0,ascending,True,/140145h4013.17N/10403.10WO139/035!W62!/A=010937 181T6903P EOSS BALLOON,"KC0D-1>APZEOS,EOSS,qAO,W0ARP-2:/140145h4013.17N/10403.10WO139/035!W62!/A=010937 181T6903P EOSS BALLOON",139.0,40.0,64.4,40.2196,-104.0517,1.4,2.25,64.58,18.1,291.25,69030.0,0.68,0.00160209,0.82568499,0.00015056,-0.00011333,23.56666667,7.18333333,high Re,0.022222,19.878717,0.029605,5.067008,0.093187,0.727836,-0.079228,22.295167,0.006778,6.059039,0.009024,1.544407,0.028402,0.727978,-0.079079,6.598951,
EOSS-303,K0SCC-14,2020-11-01 07:01:57.632,2020-11-01 07:01:46,10818.0,3297.33,1398.6,294.0,ascending,True,/140146h4013.17N/10403.09WO131/038eEOSS.org Balloon/A=010818!W00!,"K0SCC-14>APTT4,EOSSD,EOSSD,qAO,N2XGL-12:/140146h4013.17N/10403.09WO131/038eEOSS.org Balloon/A=010818!W00!",131.0,44.0,70.8,40.2195,-104.0515,1.41,2.27,,,,,,,,0.00015287,-0.00011552,23.31034483,7.10517241,high Re,-0.008839,19.997049,0.028232,5.016342,0.091733,0.6605,-0.404118,22.338301,-0.002695,6.095113,0.008605,1.528969,0.027959,0.660615,-0.404163,6.616144,
EOSS-303,KC0D-3,2020-11-01 07:02:04.210,2020-11-01 07:02:00,11175.0,3406.14,1412.0,308.0,ascending,True,/140200h4013.06N/10402.98WO146/037/A=011175 66T2550085P EOSS BALLOON,"KC0D-3>APZEOS,EOSS,WIDE2-1,qAO,N6BA-10:/140200h4013.06N/10402.98WO146/037/A=011175 66T2550085P EOSS BALLOON",146.0,43.0,69.2,40.2176666667,-104.0496666667,1.54,2.48,,,,,,,,0.00013889,-0.00012222,23.53333333,7.173,high Re,0.007433,20.114925,0.027515,4.971199,0.090163,0.687643,-0.22273,22.210823,0.002261,6.131042,0.008386,1.51521,0.02748,0.687666,-0.222889,6.567595,
EOSS-303,K0SCC-14,2020-11-01 07:02:31.977,2020-11-01 07:02:15,11507.0,3507.33,1425.5,323.0,ascending,True,/140215h4012.95N/10402.86WO138/038eEOSS.org Balloon/A=011507!W96!,"K0SCC-14>APTT4,EOSSD,EOSSD,qAO,N2XGL-12:/140215h4012.95N/10402.86WO138/038eEOSS.org Balloon/A=011507!W96!",138.0,44.0,70.8,40.2159833333,-104.0477666667,1.68,2.7,,,,,,,,0.00012874,-0.00012126,23.75862069,7.24137931,high Re,0.007769,20.232464,0.026857,4.931261,0.088668,0.715062,-0.215275,22.100196,0.002358,6.16686,0.008186,1.503031,0.027025,0.714902,-0.215652,6.531226,
EOSS-303,KC0D-1,2020-11-01 07:02:16.883,2020-11-01 07:02:15,11640.0,3547.87,1406.0,323.0,ascending,True,/140215h4012.95N/10402.87WO139/032!W81!/A=011640 183T6724P EOSS BALLOON,"KC0D-1>APZEOS,EOSS,qAO,W0ARP-2:/140215h4012.95N/10402.87WO139/032!W81!/A=011640 183T6724P EOSS BALLOON",139.0,37.0,59.5,40.2159666667,-104.04785,1.68,2.7,64.94,18.3,291.45,67240.0,0.66,0.00155948,0.80372244,0.00012833,-0.00012111,23.43333333,7.14233333,high Re,-0.010843,20.332491,0.02564,4.883961,0.08744,0.634903,-0.417235,22.058966,-0.003302,6.197343,0.007815,1.488612,0.02665,0.634813,-0.417148,6.519219,
EOSS-303,KC0D-3,2020-11-01 07:02:32.158,2020-11-01 07:02:30,11835.0,3607.31,1320.0,338.0,ascending,True,/140230h4012.86N/10402.76WO150/033/A=011835 46T2495779P EOSS BALLOON,"KC0D-3>APZEOS,EOSS,WIDE2-1,qAO,N2XGL-12:/140230h4012.86N/10402.76WO150/033/A=011835 46T2495779P EOSS BALLOON",150.0,38.0,61.2,40.2143333333,-104.046,1.81,2.92,,,,,,,,0.00012222,-0.00011111,22.0,6.70566667,high Re,-0.047778,20.383021,0.023346,4.8158,0.086992,0.335765,-0.817592,22.002356,-0.014556,6.212747,0.007116,1.467837,0.026514,0.335814,-0.817379,6.504365,
EOSS-303,K0SCC-14,2020-11-01 07:03:05.340,2020-11-01 07:02:44,12144.0,3701.49,1317.9,352.0,ascending,True,/140244h4012.76N/10402.67WO158/031eEOSS.org Balloon/A=012144!W27!,"K0SCC-14>APTT4,EOSSD,EOSSD,qAO,N6BA-10:/140244h4012.76N/10402.67WO158/031eEOSS.org Balloon/A=012144!W27!",158.0,36.0,57.9,40.2127,-104.0446166667,1.93,3.1,,,,,,,,0.00010862,-0.00011322,21.96551724,6.69517241,high Re,-0.001189,20.429565,0.022603,4.750031,0.085729,0.323356,-0.277526,21.923239,-0.000362,6.226936,0.006889,1.447792,0.026129,0.323414,-0.277508,6.487656,
EOSS-303,KC0D-1,2020-11-01 07:02:46.907,2020-11-01 07:02:45,12298.0,3748.43,1316.0,353.0,ascending,True,/140245h4012.76N/10402.67WO142/028!W03!/A=012298 183T6559P EOSS BALLOON,"KC0D-1>APZEOS,EOSS,qAO,W0ARP-2:/140245h4012.76N/10402.67WO142/028!W03!/A=012298 183T6559P EOSS BALLOON",142.0,32.0,51.5,40.2126666667,-104.04455,1.93,3.11,64.94,18.3,291.45,65590.0,0.65,0.00152121,0.78399992,0.00011,-0.00011,21.93333333,6.68533333,high Re,-0.001073,20.47253,0.021906,4.686555,0.084517,0.311701,-0.271886,21.889143,-0.000328,6.240033,0.006677,1.428445,0.025759,0.311738,-0.271944,6.482474,
EOSS-303,KC0D-1,2020-11-01 07:03:16.866,2020-11-01 07:03:15,12938.0,3943.5,1280.0,383.0,ascending,True,/140315h4012.58N/10402.48WO136/028!W69!/A=012938 185T6402P EOSS BALLOON,"KC0D-1>APZEOS,EOSS,qAO,W0ARP-2:/140315h4012.58N/10402.48WO136/028!W69!/A=012938 185T6402P EOSS BALLOON",136.0,32.0,51.5,40.2097666667,-104.0414833333,2.17,3.5,65.3,18.5,291.65,64020.0,0.63,0.00148378,0.76470889,0.00010222,-9.667e-05,21.33333333,6.50233333,high Re,-0.02,20.496441,0.020709,4.621346,0.083566,0.181093,-0.487148,21.789532,-0.0061,6.247319,0.006312,1.408569,0.025469,0.181045,-0.487338,6.482978,
EOSS-303,KC0D-3,2020-11-01 07:03:32.187,2020-11-01 07:03:30,13127.0,4001.11,1292.0,398.0,ascending,True,/140330h4012.50N/10402.38WO133/023/A=013127 19T2394417P EOSS BALLOON,"KC0D-3>APZEOS,EOSS,WIDE2-1,qAO,N2XGL-12:/140330h4012.50N/10402.38WO133/023/A=013127 19T2394417P EOSS BALLOON",133.0,26.0,41.8,40.2083333333,-104.0396666667,2.3,3.71,,,,,,,,0.00010556,-0.0001,21.53333333,6.56333333,high Re,0.003333,20.524466,0.020226,4.559896,0.082414,0.221248,-0.204977,21.773791,0.001017,6.25586,0.006165,1.389839,0.025119,0.221229,-0.204944,6.489675,
EOSS-303,K0SCC-14,2020-11-01 07:03:45.551,2020-11-01 07:03:42,13348.0,4068.47,1245.5,410.0,ascending,True,/140342h4012.44N/10402.29WO127/035eEOSS.org Balloon/A=013348!W30!,"K0SCC-14>APTT4,EOSSD,EOSSD,qAO,N6BA-10:/140342h4012.44N/10402.29WO127/035eEOSS.org Balloon/A=013348!W30!",127.0,40.0,64.4,40.2073833333,-104.0381666667,2.41,3.87,,,,,,,,0.00011121,-9.167e-05,20.75862069,6.32724138,high Re,-0.013357,20.530628,0.019319,4.498014,0.081449,0.050687,-0.401184,21.763514,-0.004071,6.257738,0.005888,1.370978,0.024824,0.050696,-0.401184,6.501072,
EOSS-303,KC0D-1,2020-11-01 07:03:46.847,2020-11-01 07:03:45,13545.0,4128.52,1214.0,413.0,ascending,True,/140345h4012.42N/10402.27WO133/030!W61!/A=013545 185T6256P EOSS BALLOON,"KC0D-1>APZEOS,EOSS,qAO,N6BA-10:/140345h4012.42N/10402.27WO133/030!W61!/A=013545 185T6256P EOSS BALLOON",133.0,35.0,56.3,40.2071,-104.03785,2.43,3.91,65.3,18.5,291.65,62560.0,0.62,0.00144994,0.74726942,0.00012111,-8.889e-05,20.23333333,6.16733333,high Re,-0.01751,20.523005,0.018349,4.438691,0.080563,-0.065261,-0.445105,21.761755,-0.00533,6.25542,0.005593,1.352896,0.024554,-0.06511,-0.444856,6.514327,
EOSS-303,KC0D-3,2020-11-01 07:04:04.165,2020-11-01 07:04:00,13746.0,4189.78,1238.0,428.0,ascending,True,/140400h4012.34N/10402.15WO131/025/A=013746 18T2347226P EOSS BALLOON,"KC0D-3>APZEOS,EOSS,WIDE2-1,qAO,N2XGL-12:/140400h4012.34N/10402.15WO131/025/A=013746 18T2347226P EOSS BALLOON",131.0,29.0,46.7,40.2056666667,-104.0358333333,2.57,4.14,,,,,,,,0.00012778,-8.889e-05,20.63333333,6.289,high Re,0.013333,20.525763,0.018221,4.38145,0.0795,0.024551,-0.061484,21.767111,0.004056,6.25626,0.005554,1.335449,0.02423,0.024516,-0.061824,6.530698,
EOSS-303,K0SCC-14,2020-11-01 07:04:19.543,2020-11-01 07:04:11,13922.0,4243.43,1187.6,439.0,ascending,True,/140411h4012.27N/10402.06WO126/038eEOSS.org Balloon/A=013922!W33!,"K0SCC-14>APTT4,EOSSD,EOSSD,qAO,W9CN-9:/140411h4012.27N/10402.06WO126/038eEOSS.org Balloon/A=013922!W33!",126.0,44.0,70.8,40.20455,-104.0343833333,2.68,4.31,,,,,,,,0.00013046,-9.77e-05,19.79310345,6.03310345,high Re,-0.028973,20.507893,0.017041,4.327848,0.078828,-0.165161,-0.583727,21.77766,-0.008824,6.250817,0.005194,1.319111,0.024025,-0.165046,-0.583476,6.547266,
EOSS-303,KC0D-1,2020-11-01 07:04:16.893,2020-11-01 07:04:15,14169.0,4318.71,1248.0,443.0,ascending,True,/140415h4012.24N/10402.03WO135/035!W73!/A=014169 187T6109P EOSS BALLOON,"KC0D-1>APZEOS,EOSS,qAO,W0ARP-2:/140415h4012.24N/10402.03WO135/035!W73!/A=014169 187T6109P EOSS BALLOON",135.0,40.0,64.4,40.2041166667,-104.0338833333,2.72,4.38,65.66,18.7,291.85,61090.0,0.6,0.0014149,0.72921044,0.00013222,-9.944e-05,20.8,6.33966667,high Re,0.033563,20.514848,0.017444,4.274981,0.077879,0.066703,0.206975,21.801511,0.010219,6.252933,0.005317,1.302997,0.023736,0.066565,0.206522,6.573788,
EOSS-303,KC0D-3,2020-11-01 07:04:32.254,2020-11-01 07:04:30,14378.0,4382.41,1264.0,458.0,ascending,True,/140430h4012.14N/10401.90WO131/031/A=014378 -1T2301277P EOSS BALLOON,"KC0D-3>APZEOS,EOSS,WIDE2-1,qAO,W9CN-9:/140430h4012.14N/10401.90WO131/031/A=014378 -1T2301277P EOSS BALLOON",131.0,36.0,57.9,40.2023333333,-104.0316666667,2.88,4.64,,,,,,,,0.00013889,-0.00011111,21.06666667,6.421,high Re,0.008889,20.527681,0.01724,4.22462,0.076935,0.127582,-0.108546,21.829728,0.002711,6.256841,0.005255,1.287647,0.023448,0.127488,-0.108495,6.598987,
EOSS-303,K0SCC-14,2020-11-01 07:04:54.190,2020-11-01 07:04:40,14565.0,4439.41,1330.3,468.0,ascending,True,/140440h4012.08N/10401.80WO121/037eEOSS.org Balloon/A=014565!W17!,"K0SCC-14>APTT4,EOSSD,EOSSD,qAO,W9CN-9:/140440h4012.08N/10401.80WO121/037eEOSS.org Balloon/A=014565!W17!",121.0,43.0,69.2,40.20135,-104.0301166667,2.99,4.81,,,,,,,,0.00014713,-0.00011034,22.17241379,6.75793103,high Re,0.038129,20.565061,0.017726,4.182563,0.07608,0.384299,0.268178,21.861011,0.011618,6.268229,0.005403,1.274826,0.023188,0.384132,0.268027,6.623493,
EOSS-303,KC0D-1,2020-11-01 07:04:46.821,2020-11-01 07:04:45,14821.0,4517.44,1304.0,473.0,ascending,True,/140445h4012.05N/10401.76WO130/034!W04!/A=014821 186T5958P EOSS BALLOON,"KC0D-1>APZEOS,EOSS,qAO,W0ARP-2:/140445h4012.05N/10401.76WO130/034!W04!/A=014821 186T5958P EOSS BALLOON",130.0,39.0,62.8,40.2008333333,-104.0294,3.04,4.89,65.48,18.6,291.75,59580.0,0.59,0.0013804,0.71142985,0.00014944,-0.00010944,21.73333333,6.62433333,high Re,-0.014636,20.591023,0.016991,4.138427,0.075348,0.276025,-0.419746,21.91271,-0.004453,6.276143,0.005179,1.261374,0.022965,0.276041,-0.419421,6.659739,
EOSS-303,KC0D-3,2020-11-01 07:05:04.278,2020-11-01 07:05:00,15045.0,4585.72,1334.0,488.0,ascending,True,/140500h4011.96N/10401.62WO120/031/A=015045 -8T2253588P EOSS BALLOON,"KC0D-3>APZEOS,EOSS,WIDE2-1,qAO,N6BA-10:/140500h4011.96N/10401.62WO120/031/A=015045 -8T2253588P EOSS BALLOON",120.0,36.0,57.9,40.1993333333,-104.027,3.2,5.16,,,,,,,,0.00015556,-0.0001,22.23333333,6.777,high Re,0.016667,20.626725,0.016983,4.099344,0.074487,0.391918,-0.004242,21.965959,0.005089,6.287031,0.005177,1.249464,0.022702,0.392143,-0.003876,6.693726,
EOSS-303,K0SCC-14,2020-11-01 07:05:27.323,2020-11-01 07:05:09,15235.0,4643.63,1386.2,497.0,ascending,True,/140509h4011.90N/10401.54WO114/032eEOSS.org Balloon/A=015235!W70!,"K0SCC-14>APTT4,EOSSD,EOSSD,qAO,W9CN-9:/140509h4011.90N/10401.54WO114/032eEOSS.org Balloon/A=015235!W70!",114.0,37.0,59.5,40.19845,-104.0256666667,3.3,5.31,,,,,,,,0.00015345,-0.0001,23.10344828,7.04206897,high Re,0.030004,20.679422,0.017266,4.070604,0.07368,0.595495,0.172883,22.016667,0.00914,6.303096,0.005263,1.240706,0.022456,0.595607,0.172649,6.724,
EOSS-303,KC0D-1,2020-11-01 07:05:16.877,2020-11-01 07:05:15,15497.0,4723.49,1352.0,503.0,ascending,True,/140515h4011.87N/10401.47WO129/037!W09!/A=015497 188T5804P EOSS BALLOON,"KC0D-1>APZEOS,EOSS,qAO,N6BA-10:/140515h4011.87N/10401.47WO129/037!W09!/A=015497 188T5804P EOSS BALLOON",129.0,43.0,69.2,40.1978333333,-104.02465,3.37,5.42,65.84,18.8,291.95,58040.0,0.57,0.0013438,0.69256633,0.00015833,-0.0001,22.53333333,6.86833333,high Re,-0.019004,20.718045,0.016495,4.035948,0.073066,0.44978,-0.485848,22.094414,-0.005791,6.314871,0.005028,1.230144,0.022269,0.449917,-0.485832,6.767609,
EOSS-303,KC0D-3,2020-11-01 07:05:32.250,2020-11-01 07:05:30,15703.0,4786.27,1316.0,518.0,ascending,True,/140530h4011.78N/10401.32WO123/031/A=015703 -25T2204181P EOSS BALLOON,"KC0D-3>APZEOS,EOSS,WIDE2-1,qAO,N6BA-10:/140530h4011.78N/10401.32WO123/031/A=015703 -25T2204181P EOSS BALLOON",123.0,36.0,57.9,40.1963333333,-104.022,3.54,5.7,,,,,,,,0.00016667,-0.0001,21.93333333,6.685,high Re,-0.02,20.742846,0.015734,3.997457,0.072476,0.297811,-0.493046,22.161478,-0.006111,6.322425,0.004796,1.218411,0.022089,0.29758,-0.493775,6.803156,
EOSS-303,K0SCC-14,2020-11-01 07:06:01.600,2020-11-01 07:05:38,15898.0,4845.71,1371.7,526.0,ascending,True,/140538h4011.72N/10401.22WO124/030eEOSS.org Balloon/A=015898!W85!,"K0SCC-14>APTT4,EOSSD,EOSSD,qAO,W9CN-9:/140538h4011.72N/10401.22WO124/030eEOSS.org Balloon/A=015898!W85!",124.0,35.0,56.3,40.1954666667,-104.0204166667,3.64,5.86,,,,,,,,0.00018103,-0.00010287,22.86206897,6.96827586,high Re,0.032025,20.785231,0.016067,3.967792,0.071755,0.523424,0.222396,22.229411,0.009768,6.335342,0.004897,1.209368,0.02187,0.523359,0.222725,6.837636,
EOSS-303,KC0D-1,2020-11-01 07:05:46.905,2020-11-01 07:05:45,16181.0,4931.97,1368.0,533.0,ascending,True,/140545h4011.69N/10401.14WO125/039!W15!/A=016181 187T5652P EOSS BALLOON,"KC0D-1>APZEOS,EOSS,qAO,W0ARP-2:/140545h4011.69N/10401.14WO125/039!W15!/A=016181 187T5652P EOSS BALLOON",125.0,45.0,72.4,40.19485,-104.0190833333,3.72,5.99,65.66,18.7,291.85,56520.0,0.56,0.00130906,0.67465991,0.00018556,-9.944e-05,22.8,6.94933333,high Re,-0.002069,20.824736,0.015704,3.938032,0.071066,0.501587,-0.250091,22.335026,-0.000631,6.347381,0.004786,1.200296,0.02166,0.501503,-0.250092,6.888757,
EOSS-303,KC0D-3,2020-11-01 07:06:04.237,2020-11-01 07:06:00,16423.0,5005.73,1440.0,548.0,ascending,True,/140600h4011.60N/10400.97WO118/034/A=016423 -33T2155634P EOSS BALLOON,"KC0D-3>APZEOS,EOSS,WIDE2-1,qAO,N6BA-10:/140600h4011.60N/10400.97WO118/034/A=016423 -33T2155634P EOSS BALLOON",118.0,39.0,62.8,40.1933333333,-104.0161666667,3.91,6.29,,,,,,,,0.00019444,-0.0001,24.0,7.31533333,high Re,0.04,20.885799,0.016181,3.924017,0.070434,0.793626,0.338175,22.431264,0.0122,6.365996,0.004932,1.196027,0.021467,0.793742,0.338566,6.933156,
EOSS-303,KC0D-1,2020-11-01 07:06:16.846,2020-11-01 07:06:15,16877.0,5144.11,1392.0,563.0,ascending,True,/140615h4011.51N/10400.79WO127/041!W26!/A=016877 189T5502P EOSS BALLOON,"KC0D-1>APZEOS,EOSS,qAO,W0ARP-2:/140615h4011.51N/10400.79WO127/041!W26!/A=016877 189T5502P EOSS BALLOON",127.0,47.0,75.6,40.1918666667,-104.0132666667,4.09,6.59,66.02,18.9,292.05,55020.0,0.54,0.00127344,0.65630517,0.00019389,-9.944e-05,23.2,7.07133333,high Re,-0.026667,20.929463,0.015357,3.899082,0.069992,0.582326,-0.600411,22.624247,-0.008133,6.379304,0.004681,1.188427,0.021333,0.582307,-0.600666,7.017106,
EOSS-303,KC0D-3,2020-11-01 07:06:32.322,2020-11-01 07:06:30,17126.0,5220.0,1406.0,578.0,ascending,True,/140630h4011.40N/10400.62WO136/037/A=017126 -48T2107990P EOSS BALLOON,"KC0D-3>APZEOS,EOSS,WIDE2-1,qAO,N6BA-10:/140630h4011.40N/10400.62WO136/037/A=017126 -48T2107990P EOSS BALLOON",136.0,43.0,69.2,40.19,-104.0103333333,4.29,6.91,,,,,,,,0.00019444,-0.00011111,23.43333333,7.14233333,high Re,0.007778,20.975831,0.015214,3.877125,0.069324,0.633847,-0.107264,22.735754,0.002367,6.393434,0.004637,1.181732,0.021129,0.63373,-0.107435,7.062982,
EOSS-303,K0SCC-14,2020-11-01 07:06:42.602,2020-11-01 07:06:36,17243.0,5255.67,1391.4,584.0,ascending,True,/140636h4011.37N/10400.55WO115/045eEOSS.org Balloon/A=017243!W50!,"K0SCC-14>APTT4,EOSSD,EOSSD,qAO,W9CN-9:/140636h4011.37N/10400.55WO115/045eEOSS.org Balloon/A=017243!W50!",115.0,52.0,83.7,40.1895833333,-104.0091666667,4.36,7.02,,,,,,,,0.00019397,-0.00010144,23.18965517,7.06827586,high Re,-0.004201,21.016082,0.014854,3.85264,0.068718,0.564178,-0.277293,22.789278,-0.001277,6.405704,0.004527,1.17427,0.020944,0.564241,-0.27712,7.084402,
EOSS-303,KC0D-1,2020-11-01 07:06:46.805,2020-11-01 07:06:45,17591.0,5361.74,1428.0,593.0,ascending,True,/140645h4011.32N/10400.44WO120/039!W07!/A=017591 188T5349P EOSS BALLOON,"KC0D-1>APZEOS,EOSS,qAO,W0ARP-2:/140645h4011.32N/10400.44WO120/039!W07!/A=017591 188T5349P EOSS BALLOON",120.0,45.0,72.4,40.1886666667,-104.00745,4.47,7.2,65.84,18.8,291.95,53490.0,0.53,0.00123845,0.63827314,0.00019389,-0.00010667,23.8,7.25433333,high Re,0.020345,21.065795,0.014954,3.835539,0.068082,0.712861,0.079184,22.951916,0.006202,6.420858,0.004558,1.169059,0.02075,0.712945,0.079229,7.147238,
EOSS-303,KC0D-3,2020-11-01 07:07:04.291,2020-11-01 07:07:00,17846.0,5439.46,1440.0,608.0,ascending,True,/140700h4011.23N/10400.26WO130/038/A=017846 -52T2060841P EOSS BALLOON,"KC0D-3>APZEOS,EOSS,WIDE2-1,qAO,N6BA-10:/140700h4011.23N/10400.26WO130/038/A=017846 -52T2060841P EOSS BALLOON",130.0,44.0,70.8,40.1871666667,-104.0043333333,4.67,7.51,,,,,,,,0.0002,-9.444e-05,24.0,7.31533333,high Re,0.006667,21.117273,0.014806,3.820955,0.06747,0.754452,-0.120631,23.073588,0.002033,6.436551,0.004513,1.164616,0.020564,0.754568,-0.120599,7.192189,
EOSS-303,K0SCC-14,2020-11-01 07:07:17.316,2020-11-01 07:07:05,17945.0,5469.64,1452.4,613.0,ascending,True,/140705h4011.21N/10400.21WO111/039eEOSS.org Balloon/A=017945!W00!,"K0SCC-14>APTT4,EOSSD,EOSSD,qAO,W9CN-9:/140705h4011.21N/10400.21WO111/039eEOSS.org Balloon/A=017945!W00!",111.0,45.0,72.4,40.1868333333,-104.0035,4.71,7.59,,,,,,,,0.0001954,-9.483e-05,24.20689655,7.37827586,high Re,0.007134,21.170542,0.014671,3.808956,0.066872,0.797162,-0.112708,23.121227,0.00217,6.452787,0.004472,1.160959,0.020382,0.797176,-0.112943,7.209338,
EOSS-303,KC0D-1,2020-11-01 07:07:16.865,2020-11-01 07:07:15,18326.0,5585.76,1470.0,623.0,ascending,True,/140715h4011.14N/10400.09WO128/039!W45!/A=018326 189T5197P EOSS BALLOON,"KC0D-1>APZEOS,EOSS,qAO,W0ARP-2:/140715h4011.14N/10400.09WO128/039!W45!/A=018326 189T5197P EOSS BALLOON",128.0,45.0,72.4,40.1857333333,-104.0015833333,4.84,7.79,66.02,18.9,292.05,51970.0,0.51,0.00120285,0.61992329,0.00019556,-9.778e-05,24.5,7.46733333,high Re,0.00977,21.226973,0.014587,3.800775,0.066286,0.861147,-0.07267,23.305786,0.002969,6.469983,0.004446,1.158462,0.020203,0.860926,-0.073108,7.27345,
EOSS-303,KC0D-3,2020-11-01 07:07:32.278,2020-11-01 07:07:30,18585.0,5664.71,1478.0,638.0,ascending,True,/140730h4011.04N/10359.92WO119/036/A=018585 -69T2011818P EOSS BALLOON,"KC0D-3>APZEOS,EOSS,WIDE2-1,qAO,N2XGL-12:/140730h4011.04N/10359.92WO119/036/A=018585 -69T2011818P EOSS BALLOON",119.0,41.0,66.0,40.184,-103.9986666667,5.04,8.1,,,,,,,,0.00018889,-0.00010556,24.63333333,7.50833333,high Re,0.004444,21.283746,0.014415,3.794,0.065726,0.882864,-0.151706,23.431592,0.001367,6.487289,0.004394,1.156398,0.020032,0.882952,-0.151108,7.315117,
EOSS-303,K0SCC-14,2020-11-01 07:07:50.729,2020-11-01 07:07:34,18654.0,5685.74,1466.9,642.0,ascending,True,/140734h4011.01N/10359.87WO124/047eEOSS.org Balloon/A=018654!W53!,"K0SCC-14>APTT4,EOSSD,EOSSD,qAO,W9CN-9:/140734h4011.01N/10359.87WO124/047eEOSS.org Balloon/A=018654!W53!",124.0,54.0,86.9,40.1835833333,-103.9978833333,5.09,8.19,,,,,,,,0.00019368,-0.00011207,24.44827586,7.45172414,high Re,-0.006381,21.335624,0.014068,3.784005,0.065221,0.822581,-0.313534,23.465058,-0.001952,6.503099,0.004288,1.15335,0.019878,0.822495,-0.313915,7.325926,
EOSS-303,KC0D-1,2020-11-01 07:07:46.848,2020-11-01 07:07:45,19055.0,5807.96,1458.0,653.0,ascending,True,/140745h4010.93N/10359.75WO125/040!W64!/A=019055 187T5050P EOSS BALLOON,"KC0D-1>APZEOS,EOSS,qAO,W0ARP-2:/140745h4010.93N/10359.75WO125/040!W64!/A=019055 187T5050P EOSS BALLOON",125.0,46.0,74.0,40.1822666667,-103.9959,5.22,8.41,65.66,18.7,291.85,50500.0,0.5,0.00116963,0.60280123,0.00018944,-0.00011556,24.3,7.40666667,high Re,-0.004943,21.383436,0.013757,3.771697,0.064721,0.773276,-0.288932,23.658367,-0.001502,6.517673,0.004193,1.149599,0.019726,0.773308,-0.288705,7.386144,
EOSS-303,KC0D-3,2020-11-01 07:08:04.285,2020-11-01 07:08:00,19315.0,5887.21,1460.0,668.0,ascending,True,/140800h4010.83N/10359.56WO131/049/A=019315 -82T1965167P EOSS BALLOON,"KC0D-3>APZEOS,EOSS,WIDE2-1,qAO,N6BA-10:/140800h4010.83N/10359.56WO131/049/A=019315 -82T1965167P EOSS BALLOON",131.0,56.0,90.1,40.1805,-103.9926666667,5.43,8.74,,,,,,,,0.0002,-0.00011667,24.33333333,7.41666667,high Re,0.001111,21.43026,0.013553,3.759571,0.064209,0.772182,-0.193773,23.781962,0.000333,6.531943,0.004131,1.145902,0.01957,0.772076,-0.194073,7.422666,
EOSS-303,K0SCC-14,2020-11-01 07:08:25.050,2020-11-01 07:08:03,19369.0,5903.67,1479.3,671.0,ascending,True,/140803h4010.80N/10359.53WO138/044eEOSS.org Balloon/A=019369!W51!,"K0SCC-14>APTT4,EOSSD,EOSSD,qAO,W9CN-9:/140803h4010.80N/10359.53WO138/044eEOSS.org Balloon/A=019369!W51!",138.0,51.0,82.1,40.1800833333,-103.9921833333,5.47,8.8,,,,,,,,0.00019655,-0.00012069,24.65517241,7.51482759,high Re,0.011098,21.480649,0.013514,3.751336,0.06369,0.846238,-0.037934,23.807398,0.003385,6.5473,0.004119,1.143391,0.019412,0.846191,-0.037812,7.42999,
EOSS-303,KC0D-1,2020-11-01 07:08:16.856,2020-11-01 07:08:15,19794.0,6033.21,1478.0,683.0,ascending,True,/140815h4010.72N/10359.38WO126/042!W45!/A=019794 188T4904P EOSS BALLOON,"KC0D-1>APZEOS,EOSS,qAO,W0ARP-2:/140815h4010.72N/10359.38WO126/042!W45!/A=019794 188T4904P EOSS BALLOON",126.0,48.0,77.2,40.1787333333,-103.98975,5.63,9.06,65.84,18.8,291.95,49040.0,0.48,0.00113542,0.5851732,0.000205,-0.00011778,24.63333333,7.50833333,high Re,-0.000728,21.529152,0.013291,3.742399,0.063207,0.829463,-0.221795,24.004108,-0.000216,6.562085,0.004051,1.140669,0.019265,0.829556,-0.22149,7.484368,
EOSS-303,KC0D-3,2020-11-01 07:08:32.325,2020-11-01 07:08:30,20050.0,6111.24,1470.0,698.0,ascending,True,/140830h4010.62N/10359.20WO123/049/A=020050 -103T1920909P EOSS BALLOON,"KC0D-3>APZEOS,EOSS,WIDE2-1,qAO,N6BA-10:/140830h4010.62N/10359.20WO123/049/A=020050 -103T1920909P EOSS BALLOON",123.0,56.0,90.1,40.177,-103.9866666667,5.83,9.38,,,,,,,,0.0002,-0.00011667,24.5,7.46766667,high Re,-0.004444,21.574165,0.013018,3.731462,0.06275,0.784099,-0.278279,24.119067,-0.001356,6.575806,0.003968,1.137336,0.019125,0.784166,-0.278379,7.514253,
EOSS-303,KC0D-1,2020-11-01 07:08:46.937,2020-11-01 07:08:45,20536.0,6259.37,1484.0,713.0,ascending,True,/140845h4010.49N/10359.00WO124/045!W71!/A=020536 186T4759P EOSS BALLOON,"KC0D-1>APZEOS,EOSS,qAO,W0ARP-2:/140845h4010.49N/10359.00WO124/045!W71!/A=020536 186T4759P EOSS BALLOON",124.0,52.0,83.7,40.17495,-103.98335,6.06,9.75,65.48,18.6,291.75,47590.0,0.47,0.00110261,0.56826026,0.00021333,-0.00012611,24.73333333,7.53866667,high Re,0.007778,21.621317,0.012939,3.723144,0.062269,0.835857,-0.082882,24.32842,0.002367,6.590177,0.003944,1.1348,0.018979,0.835821,-0.083092,7.564895,
EOSS-303,KC0D-3,2020-11-01 07:09:04.269,2020-11-01 07:09:00,20799.0,6339.54,1498.0,728.0,ascending,True,/140900h4010.38N/10358.78WO131/044/A=020799 -114T1874144P EOSS BALLOON,"KC0D-3>APZEOS,EOSS,WIDE2-1,qAO,N6BA-10:/140900h4010.38N/10358.78WO131/044/A=020799 -114T1874144P EOSS BALLOON",131.0,51.0,82.1,40.173,-103.9796666667,6.29,10.13,,,,,,,,0.00023333,-0.00013333,24.96666667,7.61,high Re,0.007778,21.670513,0.012862,3.717457,0.061799,0.886669,-0.082267,24.436215,0.002378,6.605175,0.00392,1.133069,0.018835,0.886817,-0.081869,7.588951,
EOSS-303,K0SCC-14,2020-11-01 07:09:05.704,2020-11-01 07:09:01,20813.0,6343.8,1493.8,729.0,ascending,True,/140901h4010.37N/10358.77WO133/046eEOSS.org Balloon/A=020813!W22!,"K0SCC-14>APTT4,EOSSD,EOSSD,qAO,W9CN-9:/140901h4010.37N/10358.77WO133/046eEOSS.org Balloon/A=020813!W22!",133.0,53.0,85.3,40.1728666667,-103.9795333333,6.3,10.14,,,,,,,,0.0002181,-0.00012443,24.89655172,7.58844828,high Re,-0.001209,21.717267,0.012655,3.710403,0.061359,0.856857,-0.225949,24.441836,-0.000372,6.619425,0.003857,1.130919,0.018701,0.856846,-0.226138,7.590163,
EOSS-303,KC0D-1,2020-11-01 07:09:16.828,2020-11-01 07:09:15,21279.0,6485.84,1486.0,743.0,ascending,True,/140915h4010.27N/10358.58WO126/046!W93!/A=021279 187T4619P EOSS BALLOON,"KC0D-1>APZEOS,EOSS,qAO,W0ARP-2:/140915h4010.27N/10358.58WO126/046!W93!/A=021279 187T4619P EOSS BALLOON",126.0,53.0,85.3,40.1713166667,-103.9763833333,6.5,10.46,65.66,18.7,291.85,46190.0,0.46,0.0010698,0.55135423,0.00023222,-0.00012111,24.76666667,7.549,high Re,-0.00433,21.76083,0.012409,3.701407,0.060941,0.812079,-0.274676,24.621818,-0.001315,6.632705,0.003782,1.128178,0.018574,0.81219,-0.274416,7.626835,
EOSS-303,K0SCC-14,2020-11-01 07:09:40.113,2020-11-01 07:09:30,21541.0,6565.7,1506.2,758.0,ascending,True,/140930h4010.18N/10358.39WO116/044eEOSS.org Balloon/A=021541!W25!,"K0SCC-14>APTT4,EOSSD,EOSSD,qAO,W9CN-9:/140930h4010.18N/10358.39WO116/044eEOSS.org Balloon/A=021541!W25!",116.0,51.0,82.1,40.1697,-103.97325,6.7,10.78,,,,,,,,0.00021667,-0.0001092,25.10344828,7.65172414,high Re,0.011613,21.807909,0.012397,3.696222,0.060498,0.891597,-0.012959,24.716639,0.003542,6.647057,0.003779,1.126601,0.018439,0.891768,-0.012853,7.644302,
EOSS-303,KC0D-3,2020-11-01 07:09:32.279,2020-11-01 07:09:30,21550.0,6568.44,1502.0,758.0,ascending,True,/140930h4010.18N/10358.39WO119/048/A=021550 -132T1831446P EOSS BALLOON,"KC0D-3>APZEOS,EOSS,WIDE2-1,qAO,N6BA-10:/140930h4010.18N/10358.39WO119/048/A=021550 -132T1831446P EOSS BALLOON",119.0,55.0,88.5,40.1696666667,-103.9731666667,6.71,10.79,,,,,,,,0.00021667,-0.00011111,25.03333333,7.63,high Re,-0.002337,21.852707,0.01219,3.689732,0.060089,0.862021,-0.241758,24.719811,-0.000724,6.660709,0.003715,1.124621,0.018314,0.861882,-0.242383,7.644862,
EOSS-303,KC0D-1,2020-11-01 07:09:46.924,2020-11-01 07:09:45,22026.0,6713.52,1494.0,773.0,ascending,True,/140945h4010.06N/10358.20WO130/041!W74!/A=022026 185T4481P EOSS BALLOON,"KC0D-1>APZEOS,EOSS,qAO,W0ARP-2:/140945h4010.06N/10358.20WO130/041!W74!/A=022026 185T4481P EOSS BALLOON",130.0,47.0,75.6,40.1677833333,-103.9700666667,6.91,11.13,65.3,18.5,291.65,44810.0,0.44,0.00103855,0.53524844,0.00021056,-0.00011778,24.9,7.58933333,high Re,-0.004444,21.89445,0.011959,3.681338,0.059697,0.816429,-0.274771,24.879353,-0.001356,6.67343,0.003645,1.12206,0.018195,0.816269,-0.274856,7.670885,
EOSS-303,KC0D-3,2020-11-01 07:10:04.319,2020-11-01 07:10:00,22285.0,6792.47,1470.0,788.0,ascending,True,/141000h4009.96N/10358.01WO132/044/A=022285 -141T1789606P EOSS BALLOON,"KC0D-3>APZEOS,EOSS,WIDE2-1,qAO,N6BA-10:/141000h4009.96N/10358.01WO132/044/A=022285 -141T1789606P EOSS BALLOON",132.0,51.0,82.1,40.166,-103.9668333333,7.12,11.47,,,,,,,,0.00021111,-0.00012222,24.5,7.46766667,high Re,-0.013333,21.929661,0.011612,3.668561,0.059355,0.70064,-0.420268,24.959212,-0.004056,6.684163,0.003539,1.118166,0.01809,0.700704,-0.419845,7.682161,
EOSS-303,KC0D-1,2020-11-01 07:10:16.820,2020-11-01 07:10:15,22780.0,6943.34,1508.0,803.0,ascending,True,/141015h4009.84N/10357.83WO131/045!W60!/A=022780 185T4345P EOSS BALLOON,"KC0D-1>APZEOS,EOSS,qAO,W0ARP-2:/141015h4009.84N/10357.83WO131/045!W60!/A=022780 185T4345P EOSS BALLOON",131.0,52.0,83.7,40.1641,-103.9638333333,7.33,11.8,65.3,18.5,291.65,43450.0,0.43,0.00100703,0.51900345,0.00020778,-0.00012278,25.13333333,7.66066667,high Re,0.021111,21.972376,0.011741,3.66242,0.058957,0.863079,0.158929,25.097919,0.006433,6.697183,0.003579,1.116295,0.017969,0.863108,0.158829,7.698441,
EOSS-303,K0SCC-14,2020-11-01 07:10:47.502,2020-11-01 07:10:28,22972.0,7001.87,1480.3,816.0,ascending,True,/141028h4009.75N/10357.68WO129/040eEOSS.org Balloon/A=022972!W22!,"K0SCC-14>APTT4,EOSSD,EOSSD,qAO,W9CN-9:/141028h4009.75N/10357.68WO129/040eEOSS.org Balloon/A=022972!W22!",129.0,46.0,74.0,40.1625333333,-103.9613666667,7.5,12.07,,,,,,,,0.00020489,-0.00012356,24.67241379,7.52017241,high Re,-0.007947,22.007903,0.011478,3.651082,0.058602,0.729787,-0.331473,25.146772,-0.002422,6.708012,0.003499,1.112839,0.017861,0.729809,-0.331504,7.703016,
EOSS-303,KC0D-3,2020-11-01 07:10:32.221,2020-11-01 07:10:30,23030.0,7019.54,1490.0,818.0,ascending,True,/141030h4009.74N/10357.66WO119/041/A=023030 -158T1748127P EOSS BALLOON,"KC0D-3>APZEOS,EOSS,WIDE2-1,qAO,N6BA-9:/141030h4009.74N/10357.66WO119/041/A=023030 -158T1748127P EOSS BALLOON",119.0,47.0,75.6,40.1623333333,-103.961,7.52,12.11,,,,,,,,0.00019444,-0.00012222,24.83333333,7.569,high Re,0.005364,22.044597,0.011398,3.641246,0.058214,0.765874,-0.103652,25.160987,0.001628,6.719193,0.003474,1.109839,0.017743,0.765703,-0.104041,7.704217,
EOSS-303,KC0D-1,2020-11-01 07:10:46.829,2020-11-01 07:10:45,23505.0,7164.32,1450.0,833.0,ascending,True,/141045h4009.63N/10357.47WO125/038!W55!/A=023505 182T4218P EOSS BALLOON,"KC0D-1>APZEOS,EOSS,qAO,W0ARP-2:/141045h4009.63N/10357.47WO125/038!W55!/A=023505 182T4218P EOSS BALLOON",125.0,44.0,70.8,40.1605833333,-103.9579166667,7.72,12.43,64.76,18.2,291.35,42180.0,0.42,0.00097861,0.5043523,0.00019722,-0.00011722,24.16666667,7.366,high Re,-0.022222,22.071803,0.010961,3.625495,0.057956,0.577815,-0.572555,25.267988,-0.006767,6.727486,0.003341,1.105039,0.017664,0.57782,-0.572237,7.711114,
EOSS-303,K0SCC-14,2020-11-01 07:11:21.632,2020-11-01 07:10:57,23678.0,7217.05,1460.7,845.0,ascending,True,/141057h4009.56N/10357.33WO117/047eEOSS.org Balloon/A=023678!W81!,"K0SCC-14>APTT4,EOSSD,EOSSD,qAO,KB0TVJ-1:/141057h4009.56N/10357.33WO117/047eEOSS.org Balloon/A=023678!W81!",117.0,54.0,86.9,40.1594666667,-103.9555166667,7.87,12.67,,,,,,,,0.00020172,-0.00010575,24.34482759,7.42,high Re,0.006143,22.100575,0.010899,3.611246,0.057581,0.621462,-0.082597,25.302838,0.001862,6.736252,0.003322,1.100693,0.01755,0.621198,-0.083191,7.712412,
EOSS-303,KC0D-3,2020-11-01 07:11:04.274,2020-11-01 07:11:00,23762.0,7242.66,1464.0,848.0,ascending,True,/141100h4009.54N/10357.29WO132/037/A=023762 -169T1706897P EOSS BALLOON,"KC0D-3>APZEOS,EOSS,WIDE2-1,qAO,N6BA-9:/141100h4009.54N/10357.29WO132/037/A=023762 -169T1706897P EOSS BALLOON",132.0,43.0,69.2,40.159,-103.9548333333,7.92,12.75,,,,,,,,0.00020556,-0.00011111,24.4,7.43733333,high Re,0.001839,22.129318,0.010785,3.597515,0.05722,0.631181,-0.156344,25.318979,0.000578,6.745015,0.003287,1.09651,0.01744,0.631384,-0.155333,7.712828,
EOSS-303,KC0D-1,2020-11-01 07:11:16.838,2020-11-01 07:11:15,24233.0,7386.22,1456.0,863.0,ascending,True,/141115h4009.45N/10357.14WO127/031!W19!/A=024233 182T4093P EOSS BALLOON,"KC0D-1>APZEOS,EOSS,qAO,W0ARP-2:/141115h4009.45N/10357.14WO127/031!W19!/A=024233 182T4093P EOSS BALLOON",127.0,36.0,57.9,40.1575166667,-103.9524833333,8.08,13.01,64.76,18.2,291.35,40930.0,0.4,0.0009496,0.48940587,0.00018111,-0.00010222,24.26666667,7.39666667,high Re,-0.004444,22.155705,0.010594,3.582839,0.056882,0.589187,-0.264372,25.400226,-0.001356,6.75306,0.003229,1.092038,0.017337,0.589363,-0.264463,7.712786,
EOSS-303,KC0D-3,2020-11-01 07:11:32.314,2020-11-01 07:11:30,24466.0,7457.24,1408.0,878.0,ascending,True,/141130h4009.36N/10357.01WO128/034/A=024466 -184T1670477P EOSS BALLOON,"KC0D-3>APZEOS,EOSS,WIDE2-1,qAO,N2XGL-12:/141130h4009.36N/10357.01WO128/034/A=024466 -184T1670477P EOSS BALLOON",128.0,39.0,62.8,40.156,-103.9501666667,8.24,13.26,,,,,,,,0.00015556,-0.0001,23.46666667,7.15266667,high Re,-0.026667,22.171693,0.010134,3.563596,0.056677,0.36339,-0.649311,25.434771,-0.008133,6.757934,0.003089,1.086173,0.017274,0.363416,-0.649647,7.711435,
EOSS-303,KC0D-1,2020-11-01 07:11:46.869,2020-11-01 07:11:45,24968.0,7610.25,1470.0,893.0,ascending,True,/141145h4009.27N/10356.86WO128/034!W28!/A=024968 179T3969P EOSS BALLOON,"KC0D-1>APZEOS,EOSS,qAO,W0ARP-2:/141145h4009.27N/10356.86WO128/034!W28!/A=024968 179T3969P EOSS BALLOON",128.0,39.0,62.8,40.1545333333,-103.9478,8.4,13.52,64.22,17.9,291.05,39690.0,0.39,0.00092178,0.47506818,0.00015611,-9.944e-05,24.5,7.46766667,high Re,0.034444,22.199744,0.010431,3.551009,0.05639,0.647775,0.425838,25.497148,0.0105,6.766485,0.003179,1.082337,0.017187,0.64784,0.425961,7.706083,
EOSS-303,K0SCC-14,2020-11-01 07:12:02.363,2020-11-01 07:11:55,25115.0,7655.05,1486.6,903.0,ascending,True,/141155h4009.21N/10356.77WO140/027eEOSS.org Balloon/A=025115!W08!,"K0SCC-14>APTT4,EOSSD,EOSSD,qAO,KB0TVJ-1:/141155h4009.21N/10356.77WO140/027eEOSS.org Balloon/A=025115!W08!",140.0,31.0,49.9,40.1535,-103.9463,8.51,13.69,,,,,,,,0.00015891,-0.00010287,24.77586207,7.55172414,high Re,0.004756,22.230412,0.010362,3.540726,0.056049,0.718906,-0.10002,25.51244,0.001449,6.775833,0.003158,1.079203,0.017083,0.718948,-0.100041,7.703988,
EOSS-303,KC0D-3,2020-11-01 07:12:04.308,2020-11-01 07:12:00,25254.0,7697.42,1576.0,908.0,ascending,True,/141200h4009.18N/10356.73WO128/035/A=025254 -197T1630331P EOSS BALLOON,"KC0D-3>APZEOS,EOSS,WIDE2-1,qAO,N6BA-9:/141200h4009.18N/10356.73WO128/035/A=025254 -197T1630331P EOSS BALLOON",128.0,40.0,64.4,40.153,-103.9455,8.56,13.78,,,,,,,,0.00015556,-0.0001,26.26666667,8.006,high Re,0.049693,22.277898,0.010831,3.546711,0.055875,1.124639,0.695517,25.525717,0.015143,6.790305,0.003301,1.081027,0.01703,1.124574,0.695361,7.701826,
EOSS-303,KC0D-1,2020-11-01 07:12:16.798,2020-11-01 07:12:15,25730.0,7842.5,1524.0,923.0,ascending,True,/141215h4009.08N/10356.58WO134/037!W38!/A=025730 178T3845P EOSS BALLOON,"KC0D-1>APZEOS,EOSS,qAO,W0ARP-2:/141215h4009.08N/10356.58WO134/037!W38!/A=025730 178T3845P EOSS BALLOON",134.0,43.0,69.2,40.1513833333,-103.9431333333,8.73,14.05,64.04,17.8,290.95,38450.0,0.38,0.00089329,0.46038422,0.00015556,-0.000105,25.4,7.74166667,high Re,-0.028889,22.314201,0.010363,3.541823,0.055708,0.871246,-0.704603,25.562918,-0.008811,6.801368,0.003159,1.079534,0.016979,0.871023,-0.704989,7.693356,
EOSS-303,K0SCC-14,2020-11-01 07:12:36.353,2020-11-01 07:12:24,25837.0,7875.12,1493.8,932.0,ascending,True,/141224h4009.02N/10356.50WO115/032eEOSS.org Balloon/A=025837!W60!,"K0SCC-14>APTT4,EOSSD,EOSSD,qAO,W9CN-9:/141224h4009.02N/10356.50WO115/032eEOSS.org Balloon/A=025837!W60!",115.0,37.0,59.5,40.1504333333,-103.9416666667,8.83,14.21,,,,,,,,0.00015977,-0.00010575,24.89655172,7.58862069,high Re,-0.01736,22.343884,0.010041,3.532039,0.05546,0.722718,-0.494068,25.569612,-0.005277,6.810416,0.003061,1.076553,0.016903,0.722867,-0.493285,7.691277,
EOSS-303,KC0D-3,2020-11-01 07:12:32.230,2020-11-01 07:12:30,25984.0,7919.92,1460.0,938.0,ascending,True,/141230h4008.99N/10356.44WO126/038/A=025984 -217T1592670P EOSS BALLOON,"KC0D-3>APZEOS,EOSS,WIDE2-1,qAO,N6BA-9:/141230h4008.99N/10356.44WO126/038/A=025984 -217T1592670P EOSS BALLOON",126.0,44.0,70.8,40.1498333333,-103.9406666667,8.9,14.32,,,,,,,,0.00016111,-0.00010556,24.33333333,7.41666667,high Re,-0.018774,22.366491,0.00971,3.518079,0.055223,0.559067,-0.5158,25.577868,-0.005732,6.817306,0.002959,1.072298,0.016831,0.55895,-0.516369,7.688349,
EOSS-303,KC0D-1,2020-11-01 07:12:46.843,2020-11-01 07:12:45,26470.0,8068.06,1480.0,953.0,ascending,True,/141245h4008.88N/10356.30WO136/030!W78!/A=026470 175T3726P EOSS BALLOON,"KC0D-1>APZEOS,EOSS,qAO,W0ARP-2:/141245h4008.88N/10356.30WO136/030!W78!/A=026470 175T3726P EOSS BALLOON",136.0,35.0,56.3,40.1481166667,-103.9384666667,9.06,14.58,63.5,17.5,290.65,37260.0,0.37,0.00086654,0.44659615,0.00015556,-0.00010889,24.66666667,7.51866667,high Re,0.011111,22.392336,0.009726,3.50652,0.054905,0.648601,0.025225,25.597916,0.0034,6.825186,0.002964,1.068776,0.016734,0.648855,0.026055,7.678319,
EOSS-303,K0SCC-14,2020-11-01 07:13:11.145,2020-11-01 07:12:53,26555.0,8093.96,1485.5,961.0,ascending,True,/141253h4008.84N/10356.23WO116/040eEOSS.org Balloon/A=026555!W47!,"K0SCC-14>APTT4,EOSSD,EOSSD,qAO,KB0TVJ-1:/141253h4008.84N/10356.23WO116/040eEOSS.org Balloon/A=026555!W47!",116.0,46.0,74.0,40.1474,-103.9372833333,9.14,14.71,,,,,,,,0.00015115,-0.0001046,24.75862069,7.5462069,high Re,0.003171,22.418628,0.009652,3.495675,0.054597,0.669397,-0.118706,25.600358,0.00095,6.833197,0.002942,1.065469,0.01664,0.669198,-0.119712,7.676548,
EOSS-303,KC0D-3,2020-11-01 07:13:04.299,2020-11-01 07:13:00,26740.0,8150.35,1512.0,968.0,ascending,True,/141300h4008.79N/10356.18WO137/027/A=026740 -231T1556251P EOSS BALLOON,"KC0D-3>APZEOS,EOSS,WIDE2-1,qAO,N6BA-10:/141300h4008.79N/10356.18WO137/027/A=026740 -231T1556251P EOSS BALLOON",137.0,31.0,49.9,40.1465,-103.9363333333,9.22,14.83,,,,,,,,0.00014444,-0.00011111,25.2,7.681,high Re,0.014713,22.449192,0.009708,3.488406,0.054292,0.788557,0.092187,25.604665,0.004493,6.842514,0.002959,1.063254,0.016547,0.788604,0.092706,7.672713,
EOSS-303,KC0D-1,2020-11-01 07:13:16.827,2020-11-01 07:13:15,27232.0,8300.31,1524.0,983.0,ascending,True,/141315h4008.71N/10356.05WO123/033!W56!/A=027232 174T3607P EOSS BALLOON,"KC0D-1>APZEOS,EOSS,qAO,W0ARP-2:/141315h4008.71N/10356.05WO123/033!W56!/A=027232 174T3607P EOSS BALLOON",123.0,38.0,61.2,40.14525,-103.9342666667,9.36,15.06,63.32,17.4,290.55,36070.0,0.36,0.00083915,0.43248168,0.00014,-9.556e-05,25.4,7.74166667,high Re,0.006667,22.481266,0.009675,3.4828,0.05399,0.838042,-0.055714,25.609985,0.002022,6.852287,0.002949,1.061543,0.016455,0.837818,-0.056335,7.662898,
EOSS-303,K0SCC-14,2020-11-01 07:13:45.938,2020-11-01 07:13:22,27293.0,8318.91,1526.9,990.0,ascending,True,/141322h4008.67N/10355.98WO136/045eEOSS.org Balloon/A=027293!W13!,"K0SCC-14>APTT4,EOSSD,EOSSD,qAO,W9CN-9:/141322h4008.67N/10355.98WO136/045eEOSS.org Balloon/A=027293!W13!",136.0,52.0,83.7,40.1445166667,-103.93305,9.44,15.19,,,,,,,,0.00014598,-9.943e-05,25.44827586,7.75689655,high Re,0.001665,22.51317,0.009588,3.477457,0.053699,0.844038,-0.147545,25.610081,0.000525,6.862014,0.002922,1.059917,0.016367,0.844295,-0.146453,7.661743,
EOSS-303,KC0D-3,2020-11-01 07:13:32.374,2020-11-01 07:13:30,27496.0,8380.78,1512.0,998.0,ascending,True,/141330h4008.62N/10355.90WO127/032/A=027496 -258T1519425P EOSS BALLOON,"KC0D-3>APZEOS,EOSS,WIDE2-1,qAO,N6BA-9:/141330h4008.62N/10355.90WO127/032/A=027496 -258T1519425P EOSS BALLOON",127.0,37.0,59.5,40.1436666667,-103.9316666667,9.53,15.34,,,,,,,,0.00015556,-9.444e-05,25.2,7.681,high Re,-0.008276,22.541753,0.009396,3.469795,0.053439,0.766111,-0.330695,25.609603,-0.00253,6.870727,0.002864,1.057582,0.016287,0.766156,-0.331184,7.658033,
EOSS-303,KC0D-1,2020-11-01 07:13:46.835,2020-11-01 07:13:45,27979.0,8528.0,1494.0,1013.0,ascending,True,/141345h4008.52N/10355.78WO135/038!W45!/A=027979 170T3494P EOSS BALLOON,"KC0D-1>APZEOS,EOSS,qAO,W0ARP-2:/141345h4008.52N/10355.78WO135/038!W45!/A=027979 170T3494P EOSS BALLOON",135.0,44.0,70.8,40.1420666667,-103.92975,9.68,15.58,62.6,17.0,290.15,34940.0,0.34,0.00081398,0.41951044,0.00015056,-0.00010611,24.9,7.58966667,high Re,-0.01,22.566576,0.009189,3.45976,0.053188,0.674447,-0.360777,25.604093,-0.003044,6.878295,0.002801,1.054525,0.016211,0.67459,-0.360558,7.650228,
EOSS-303,KC0D-3,2020-11-01 07:14:04.350,2020-11-01 07:14:00,28257.0,8612.73,1522.0,1028.0,ascending,True,/141400h4008.40N/10355.64WO144/035/A=028257 -269T1484723P EOSS BALLOON,"KC0D-3>APZEOS,EOSS,WIDE2-1,qAO,N6BA-10:/141400h4008.40N/10355.64WO144/035/A=028257 -269T1484723P EOSS BALLOON",144.0,40.0,64.4,40.14,-103.9273333333,9.87,15.88,,,,,,,,0.00014444,-0.00012222,25.36666667,7.73166667,high Re,0.015556,22.595744,0.009256,3.453348,0.052909,0.802387,0.119072,25.598597,0.004733,6.887184,0.002821,1.05257,0.016126,0.802305,0.118566,7.646537,
EOSS-303,KC0D-1,2020-11-01 07:14:16.835,2020-11-01 07:14:15,28737.0,8759.04,1516.0,1043.0,ascending,True,/141415h4008.30N/10355.50WO129/035!W28!/A=028737 169T3381P EOSS BALLOON,"KC0D-1>APZEOS,EOSS,qAO,W0ARP-2:/141415h4008.30N/10355.50WO129/035!W28!/A=028737 169T3381P EOSS BALLOON",129.0,40.0,64.4,40.1383666667,-103.9251333333,10.03,16.14,62.42,16.9,290.05,33810.0,0.33,0.00078793,0.40608294,0.00015389,-0.00012333,25.26666667,7.70133333,high Re,-0.003333,22.623279,0.009125,3.446002,0.052645,0.767088,-0.236642,25.586114,-0.001011,6.895577,0.002781,1.050331,0.016045,0.767145,-0.236335,7.641827,
EOSS-303,KC0D-3,2020-11-01 07:14:32.357,2020-11-01 07:14:30,28997.0,8838.29,1480.0,1058.0,ascending,True,/141430h4008.21N/10355.37WO134/032/A=028997 -292T1451557P EOSS BALLOON,"KC0D-3>APZEOS,EOSS,WIDE2-1,qAO,N6BA-10:/141430h4008.21N/10355.37WO134/032/A=028997 -292T1451557P EOSS BALLOON",134.0,37.0,59.5,40.1368333333,-103.9228333333,10.19,16.4,,,,,,,,0.00015,-0.00010556,24.66666667,7.51866667,high Re,-0.02,22.64413,0.008825,3.434401,0.052454,0.588905,-0.549529,25.578188,-0.006089,6.901935,0.00269,1.046797,0.015987,0.589161,-0.549134,7.64026,
EOSS-303,KC0D-1,2020-11-01 07:14:46.878,2020-11-01 07:14:45,29481.0,8985.81,1488.0,1073.0,ascending,True,/141445h4008.10N/10355.24WO133/035!W81!/A=029481 165T3273P EOSS BALLOON,"KC0D-1>APZEOS,EOSS,qAO,W0ARP-2:/141445h4008.10N/10355.24WO133/035!W81!/A=029481 165T3273P EOSS BALLOON",133.0,40.0,64.4,40.1351333333,-103.9206833333,10.35,16.66,61.7,16.5,289.65,32730.0,0.32,0.00076382,0.39365423,0.00014833,-0.00010778,24.8,7.559,high Re,0.004444,22.665907,0.00878,3.423697,0.052185,0.62333,-0.083089,25.562148,0.001344,6.908572,0.002676,1.043534,0.015905,0.623294,-0.083747,7.639371,
EOSS-303,K0SCC-14,2020-11-01 07:15:01.381,2020-11-01 07:14:49,29466.0,8981.24,1498.6,1077.0,ascending,True,/141449h4008.07N/10355.20WO139/038eEOSS.org Balloon/A=029466!W94!,"K0SCC-14>APTT4,EOSSD,EOSSD,qAO,KB0TVJ-1:/141449h4008.07N/10355.20WO139/038eEOSS.org Balloon/A=029466!W94!",139.0,44.0,70.8,40.13465,-103.9200666667,10.4,16.73,,,,,,,,0.00014923,-0.00011341,24.97701149,7.61298851,high Re,0.002035,22.689018,0.008712,3.414193,0.051922,0.670142,-0.128597,25.56266,0.000621,6.915617,0.002655,1.040637,0.015825,0.670139,-0.128531,7.639357,
EOSS-303,KC0D-3,2020-11-01 07:15:04.425,2020-11-01 07:15:00,29734.0,9062.92,1474.0,1088.0,ascending,True,/141500h4008.00N/10355.10WO123/031/A=029734 -306T1416787P EOSS BALLOON,"KC0D-3>APZEOS,EOSS,WIDE2-1,qAO,N6BA-10:/141500h4008.00N/10355.10WO123/031/A=029734 -306T1416787P EOSS BALLOON",123.0,36.0,57.9,40.1333333333,-103.9183333333,10.52,16.94,,,,,,,,0.00015,-0.00011667,24.56666667,7.48766667,high Re,-0.013678,22.707608,0.008488,3.402213,0.051708,0.546426,-0.428676,25.55345,-0.004177,6.92128,0.002587,1.036984,0.01576,0.546187,-0.429188,7.640017,
EOSS-303,KC0D-1,2020-11-01 07:15:16.838,2020-11-01 07:15:15,30204.0,9206.18,1446.0,1103.0,ascending,True,/141515h4007.89N/10354.98WO134/031!W56!/A=030204 163T3170P EOSS BALLOON,"KC0D-1>APZEOS,EOSS,qAO,W0ARP-2:/141515h4007.89N/10354.98WO134/031!W56!/A=030204 163T3170P EOSS BALLOON",134.0,36.0,57.9,40.1315833333,-103.9164333333,10.68,17.18,61.34,16.3,289.45,31700.0,0.31,0.00074029,0.38152953,0.00014167,-0.00011833,24.1,7.34566667,high Re,-0.015556,22.721259,0.00825,3.388135,0.051504,0.406932,-0.462217,25.537444,-0.004733,6.925441,0.002515,1.032693,0.015698,0.406922,-0.461715,7.643335,
EOSS-303,K0SCC-14,2020-11-01 07:15:36.455,2020-11-01 07:15:18,30151.0,9190.02,1417.2,1106.0,ascending,True,/141518h4007.88N/10354.96WO120/025eEOSS.org Balloon/A=030151!W14!,"K0SCC-14>APTT4,EOSSD,EOSSD,qAO,KB0TVJ-1:/141518h4007.88N/10354.96WO120/025eEOSS.org Balloon/A=030151!W14!",120.0,29.0,46.7,40.13135,-103.9160666667,10.7,17.22,,,,,,,,0.00013793,-0.00011379,23.62068966,7.19931034,high Re,-0.016528,22.729992,0.008007,3.37265,0.051307,0.264094,-0.4782,25.539215,-0.005047,6.9281,0.00244,1.027973,0.015638,0.26383,-0.47877,7.642821,
EOSS-303,KC0D-3,2020-11-01 07:15:32.304,2020-11-01 07:15:30,30472.0,9287.87,1476.0,1118.0,ascending,True,/141530h4007.79N/10354.87WO142/032/A=030472 -331T1385993P EOSS BALLOON,"KC0D-3>APZEOS,EOSS,WIDE2-1,qAO,N6BA-9:/141530h4007.79N/10354.87WO142/032/A=030472 -331T1385993P EOSS BALLOON",142.0,37.0,59.5,40.1298333333,-103.9145,10.83,17.43,,,,,,,,0.00012778,-0.00011667,24.6,7.49833333,high Re,0.032644,22.747972,0.008246,3.361243,0.051113,0.550995,0.477335,25.528719,0.009967,6.933583,0.002514,1.024498,0.015578,0.551246,0.478431,7.646482,
EOSS-303,KC0D-1,2020-11-01 07:15:46.862,2020-11-01 07:15:45,30972.0,9440.27,1536.0,1133.0,ascending,True,/141545h4007.68N/10354.76WO136/038!W70!/A=030972 159T3064P EOSS BALLOON,"KC0D-1>APZEOS,EOSS,qAO,W0ARP-2:/141545h4007.68N/10354.76WO136/038!W70!/A=030972 159T3064P EOSS BALLOON",136.0,44.0,70.8,40.1281166667,-103.9126666667,10.98,17.67,60.62,15.9,289.05,30640.0,0.3,0.00071653,0.36928208,0.00012556,-0.00011556,25.6,7.803,high Re,0.033333,22.775135,0.008488,3.356604,0.050923,0.841584,0.487893,25.513901,0.010156,6.941863,0.002587,1.023085,0.015521,0.841706,0.487662,7.654804,
EOSS-303,K0SCC-14,2020-11-01 07:16:11.284,2020-11-01 07:15:47,30890.0,9415.27,1529.0,1135.0,ascending,True,/141547h4007.67N/10354.74WO140/032eEOSS.org Balloon/A=030890!W24!,"K0SCC-14>APTT4,EOSSD,EOSSD,qAO,KB0TVJ-1:/141547h4007.67N/10354.74WO140/032eEOSS.org Balloon/A=030890!W24!",140.0,37.0,59.5,40.1278666667,-103.9124,11.0,17.71,,,,,,,,0.00012644,-0.00012011,25.48275862,7.76724138,high Re,-0.004043,22.800678,0.008368,3.350918,0.050693,0.800402,-0.244827,25.516171,-0.001233,6.94965,0.002551,1.021352,0.01545,0.800499,-0.244919,7.653221,
EOSS-303,KC0D-3,2020-11-01 07:16:04.337,2020-11-01 07:16:00,31237.0,9521.04,1530.0,1148.0,ascending,True,/141600h4007.59N/10354.62WO139/027/A=031237 -342T1353030P EOSS BALLOON,"KC0D-3>APZEOS,EOSS,WIDE2-1,qAO,N6BA-10:/141600h4007.59N/10354.62WO139/027/A=031237 -342T1353030P EOSS BALLOON",139.0,31.0,49.9,40.1265,-103.9103333333,11.15,17.94,,,,,,,,0.00013889,-0.00011111,25.5,7.77233333,high Re,0.000575,22.825906,0.008295,3.345268,0.050456,0.799366,-0.153005,25.507081,0.00017,6.957338,0.002528,1.01963,0.015378,0.799305,-0.153336,7.660492,
EOSS-303,KC0D-1,2020-11-01 07:16:16.839,2020-11-01 07:16:15,31715.0,9666.73,1486.0,1163.0,ascending,True,/141615h4007.48N/10354.52WO140/036!W37!/A=031715 157T2963P EOSS BALLOON,"KC0D-1>APZEOS,EOSS,qAO,W0ARP-2:/141615h4007.48N/10354.52WO140/036!W37!/A=031715 157T2963P EOSS BALLOON",140.0,41.0,66.0,40.1247166667,-103.9087833333,11.29,18.16,60.26,15.7,288.85,29630.0,0.29,0.00069339,0.35735653,0.00012944,-0.00011333,24.76666667,7.54866667,high Re,-0.024444,22.843876,0.007989,3.334832,0.050318,0.576578,-0.644561,25.497054,-0.007456,6.962814,0.002435,1.016448,0.015336,0.576372,-0.644953,7.672918,
EOSS-303,KC0D-1,2020-11-01 07:16:46.849,2020-11-01 07:16:45,32543.0,9919.11,1656.0,1193.0,ascending,True,/141645h4007.27N/10354.29WO137/038!W18!/A=032543 152T2854P EOSS BALLOON,"KC0D-1>APZEOS,EOSS,qAO,W0ARP-2:/141645h4007.27N/10354.29WO137/038!W18!/A=032543 152T2854P EOSS BALLOON",137.0,44.0,70.8,40.1211833333,-103.9049666667,11.6,18.66,59.36,15.2,288.35,28540.0,0.28,0.00066904,0.34480731,0.00012722,-0.00011778,27.6,8.41266667,high Re,0.094444,22.88751,0.008789,3.350472,0.050768,1.406515,1.687185,25.487952,0.0288,6.976115,0.002679,1.021217,0.015474,1.406706,1.688057,7.700558,
EOSS-303,K0SCC-14,2020-11-01 07:16:53.489,2020-11-01 07:16:45,32432.0,9885.27,1595.2,1193.0,ascending,True,/141645h4007.27N/10354.30WO141/028eEOSS.org Balloon/A=032432!W33!,"K0SCC-14>APTT4,EOSSD,EOSSD,qAO,KB0TVJ-1:/141645h4007.27N/10354.30WO141/028eEOSS.org Balloon/A=032432!W33!",141.0,32.0,51.5,40.1212166667,-103.90505,11.59,18.65,,,,,,,,0.00012672,-0.00011466,26.5862069,8.10344828,high Re,-0.017479,22.921134,0.008548,3.35366,0.050595,1.092858,-0.514418,25.488507,-0.005331,6.986364,0.002606,1.022189,0.015421,1.092835,-0.514688,7.696436,
EOSS-303,KC0D-3,2020-11-01 07:17:04.299,2020-11-01 07:17:00,32864.0,10016.95,1627.0,1208.0,ascending,True,/141700h4007.13N/10354.18WO146/042/A=032864 -383T1287082P EOSS BALLOON,"KC0D-3>APZEOS,EOSS,WIDE2-1,qAO,N6BA-9:/141700h4007.13N/10354.18WO146/042/A=032864 -383T1287082P EOSS BALLOON",146.0,48.0,77.2,40.1188333333,-103.903,11.78,18.96,,,,,,,,0.00012222,-0.00012778,27.11666667,8.26516667,high Re,0.008841,22.958932,0.008551,3.362049,0.050362,1.236667,0.005758,25.487564,0.002695,6.997884,0.002606,1.024746,0.01535,1.23668,0.005798,7.713129,
EOSS-303,K0SCC-14,2020-11-01 07:17:27.701,2020-11-01 07:17:14,33229.0,10128.2,1649.0,1222.0,ascending,True,/141714h4007.01N/10354.11WO160/019eEOSS.org Balloon/A=033229!W00!,"K0SCC-14>APTT4,EOSSD,EOSSD,qAO,KB0TVJ-1:/141714h4007.01N/10354.11WO160/019eEOSS.org Balloon/A=033229!W00!",160.0,22.0,35.4,40.1168333333,-103.9018333333,11.91,19.17,,,,,,,,0.00011092,-0.00015115,27.48275862,8.37689655,high Re,0.012624,22.999323,0.008588,3.374058,0.050135,1.328796,0.080503,25.489356,0.003853,7.010197,0.002618,1.028408,0.015281,1.328947,0.080819,7.728503,
EOSS-303,KC0D-1,2020-11-01 07:17:16.861,2020-11-01 07:17:15,33366.0,10169.96,1646.0,1223.0,ascending,True,/141715h4006.99N/10354.10WO152/036!W80!/A=033366 150T2749P EOSS BALLOON,"KC0D-1>APZEOS,EOSS,qAO,W0ARP-2:/141715h4006.99N/10354.10WO152/036!W80!/A=033366 150T2749P EOSS BALLOON",152.0,41.0,66.0,40.1166333333,-103.9016666667,11.93,19.2,59.0,15.0,288.15,27490.0,0.27,0.00064487,0.33235221,0.00011,-0.00015167,27.43333333,8.36166667,high Re,-0.001648,23.038562,0.008496,3.384761,0.049918,1.298399,-0.203213,25.490646,-0.000508,7.022157,0.00259,1.03167,0.015214,1.29839,-0.203628,7.73454,
EOSS-303,KC0D-3,2020-11-01 07:17:32.321,2020-11-01 07:17:30,33703.0,10272.67,1678.0,1238.0,ascending,True,/141730h4006.85N/10353.99WO156/046/A=033703 -409T1254052P EOSS BALLOON,"KC0D-3>APZEOS,EOSS,WIDE2-1,qAO,N2XGL-12:/141730h4006.85N/10353.99WO156/046/A=033703 -409T1254052P EOSS BALLOON",156.0,53.0,85.3,40.1141666667,-103.8998333333,12.11,19.49,,,,,,,,0.00010556,-0.00015556,27.96666667,8.524,high Re,0.017778,23.081791,0.008578,3.401214,0.049702,1.436215,0.185103,25.495236,0.005411,7.035331,0.002615,1.036682,0.015149,1.435994,0.184567,7.749926,
EOSS-303,K0SCC-14,2020-11-01 07:18:03.217,2020-11-01 07:17:43,34027.0,10371.43,1651.0,1251.0,ascending,True,/141743h4006.72N/10353.93WO132/026eEOSS.org Balloon/A=034027!W71!,"K0SCC-14>APTT4,EOSSD,EOSSD,qAO,KB0TVJ-1:/141743h4006.72N/10353.93WO132/026eEOSS.org Balloon/A=034027!W71!",132.0,30.0,48.3,40.1121166667,-103.89885,12.24,19.7,,,,,,,,0.00010287,-0.00016264,27.51724138,8.38724138,high Re,-0.015497,23.12036,0.008367,3.41143,0.049533,1.288868,-0.48178,25.501509,-0.004716,7.047087,0.00255,1.039796,0.015097,1.288863,-0.481288,7.765335,
EOSS-303,KC0D-1,2020-11-01 07:17:46.818,2020-11-01 07:17:45,34193.0,10422.03,1654.0,1253.0,ascending,True,/141745h4006.70N/10353.92WO157/036!W51!/A=034193 145T2645P EOSS BALLOON,"KC0D-1>APZEOS,EOSS,qAO,W0ARP-2:/141745h4006.70N/10353.92WO157/036!W51!/A=034193 145T2645P EOSS BALLOON",157.0,41.0,66.0,40.11175,-103.8986833333,12.27,19.74,58.1,14.5,287.65,26450.0,0.26,0.00062155,0.32033452,9.944e-05,-0.00016278,27.56666667,8.40233333,high Re,0.001648,23.158691,0.008309,3.421561,0.049319,1.288294,-0.13506,25.505405,0.000503,7.05877,0.002533,1.042884,0.015032,1.288315,-0.135045,7.77342,
EOSS-303,KC0D-3,2020-11-01 07:18:04.367,2020-11-01 07:18:00,34479.0,10509.2,1552.0,1268.0,ascending,True,/141800h4006.55N/10353.83WO157/033/A=034479 -424T1226082P EOSS BALLOON,"KC0D-3>APZEOS,EOSS,WIDE2-1,qAO,N6BA-10:/141800h4006.55N/10353.83WO157/033/A=034479 -424T1226082P EOSS BALLOON",157.0,38.0,61.2,40.1091666667,-103.8971666667,12.44,20.02,,,,,,,,8.889e-05,-0.00016667,25.86666667,7.88433333,high Re,-0.056667,23.181836,0.007749,3.415968,0.049473,0.785965,-1.302044,25.51315,-0.017267,7.065826,0.002362,1.04118,0.015079,0.786134,-1.301744,7.787581,
EOSS-303,KC0D-1,2020-11-01 07:18:16.857,2020-11-01 07:18:15,35028.0,10676.53,1670.0,1283.0,ascending,True,/141815h4006.40N/10353.75WO149/038!W70!/A=035028 142T2544P EOSS BALLOON,"KC0D-1>APZEOS,EOSS,qAO,W0ARP-2:/141815h4006.40N/10353.75WO149/038!W70!/A=035028 142T2544P EOSS BALLOON",149.0,44.0,70.8,40.1067833333,-103.8958333333,12.6,20.28,57.56,14.2,287.35,25440.0,0.25,0.00059844,0.30842413,9.5e-05,-0.00016556,27.83333333,8.48333333,high Re,0.065556,23.221255,0.008243,3.428186,0.049549,1.345341,1.156693,25.531385,0.019967,7.077839,0.002512,1.044902,0.015102,1.345097,1.155807,7.815262,
EOSS-303,KC0D-3,2020-11-01 07:18:32.346,2020-11-01 07:18:30,35332.0,10769.19,1706.0,1298.0,ascending,True,/141830h4006.25N/10353.63WO155/048/A=035332 -448T1194046P EOSS BALLOON,"KC0D-3>APZEOS,EOSS,WIDE2-1,qAO,N6BA-9:/141830h4006.25N/10353.63WO155/048/A=035332 -448T1194046P EOSS BALLOON",155.0,55.0,88.5,40.1041666667,-103.8938333333,12.8,20.6,,,,,,,,0.00011111,-0.00016667,28.43333333,8.66633333,high Re,0.02,23.265054,0.008342,3.446904,0.049348,1.499398,0.236241,25.543151,0.0061,7.091187,0.002543,1.050605,0.015041,1.499275,0.236487,7.830657,
EOSS-303,K0SCC-14,2020-11-01 07:18:45.320,2020-11-01 07:18:41,35638.0,10862.46,1666.6,1309.0,ascending,True,/141841h4006.13N/10353.57WO145/043eEOSS.org Balloon/A=035638!W93!,"K0SCC-14>APTT4,EOSSD,EOSSD,qAO,KB0TVJ-1:/141841h4006.13N/10353.57WO145/043eEOSS.org Balloon/A=035638!W93!",145.0,49.0,78.9,40.1023166667,-103.8928833333,12.92,20.8,,,,,,,,0.00010287,-0.00016897,27.77586207,8.46603448,high Re,-0.011336,23.302644,0.008177,3.457003,0.049172,1.293958,-0.396832,25.555992,-0.003453,7.102644,0.002492,1.053683,0.014987,1.293929,-0.396677,7.846037,
EOSS-303,KC0D-1,2020-11-01 07:18:46.815,2020-11-01 07:18:45,35852.0,10927.69,1648.0,1313.0,ascending,True,/141845h4006.10N/10353.54WO145/041!W57!/A=035852 137T2447P EOSS BALLOON,"KC0D-1>APZEOS,EOSS,qAO,W0ARP-2:/141845h4006.10N/10353.54WO145/041!W57!/A=035852 137T2447P EOSS BALLOON",145.0,47.0,75.6,40.10175,-103.89245,12.97,20.87,56.66,13.7,286.85,24470.0,0.24,0.00057663,0.29718136,0.00011278,-0.00016778,27.46666667,8.372,high Re,-0.010307,23.337058,0.008023,3.463319,0.048994,1.192385,-0.374127,25.565469,-0.003134,7.113135,0.002445,1.05561,0.014933,1.192547,-0.373602,7.856654,
EOSS-303,KC0D-3,2020-11-01 07:19:04.383,2020-11-01 07:19:00,36104.0,11004.5,1544.0,1328.0,ascending,True,/141900h4005.95N/10353.45WO154/034/A=036104 -462T1166776P EOSS BALLOON,"KC0D-3>APZEOS,EOSS,WIDE2-1,qAO,N6BA-10:/141900h4005.95N/10353.45WO154/034/A=036104 -462T1166776P EOSS BALLOON",154.0,39.0,62.8,40.0991666667,-103.8908333333,13.15,21.16,,,,,,,,0.0001,-0.00016667,25.73333333,7.84366667,high Re,-0.057778,23.356699,0.007479,3.455794,0.049155,0.687725,-1.327576,25.577045,-0.017611,7.119123,0.00228,1.053317,0.014982,0.687869,-1.32766,7.868939,
EOSS-303,K0SCC-14,2020-11-01 07:19:20.469,2020-11-01 07:19:10,36363.0,11083.44,1500.0,1338.0,ascending,True,/141910h4005.86N/10353.37WO152/045eEOSS.org Balloon/A=036363!W11!,"K0SCC-14>APTT4,EOSSD,EOSSD,qAO,KB0TVJ-1:/141910h4005.86N/10353.37WO152/045eEOSS.org Balloon/A=036363!W11!",152.0,52.0,83.7,40.0976833333,-103.8895166667,13.27,21.35,,,,,,,,0.00011609,-0.00015977,25.0,7.62,high Re,-0.025287,23.370059,0.007211,3.44479,0.049041,0.473161,-0.66267,25.589292,-0.007713,7.123195,0.002198,1.049963,0.014947,0.473164,-0.663076,7.881247,
EOSS-303,KC0D-1,2020-11-01 07:19:16.824,2020-11-01 07:19:15,36610.0,11158.73,1516.0,1343.0,ascending,True,/141915h4005.80N/10353.33WO156/044!W37!/A=036610 134T2360P EOSS BALLOON,"KC0D-1>APZEOS,EOSS,qAO,W0ARP-2:/141915h4005.80N/10353.33WO156/044!W37!/A=036610 134T2360P EOSS BALLOON",156.0,51.0,82.1,40.0967166667,-103.88895,13.33,21.46,56.12,13.4,286.55,23600.0,0.23,0.00055671,0.28691552,0.00011667,-0.00016778,25.26666667,7.70133333,high Re,0.008889,23.385355,0.007224,3.434983,0.04884,0.547692,0.034091,25.601175,0.002711,7.127858,0.002202,1.046974,0.014886,0.547746,0.034193,7.892613,
EOSS-303,KC0D-3,2020-11-01 07:19:32.367,2020-11-01 07:19:30,36909.0,11249.86,1610.0,1358.0,ascending,True,/141930h4005.67N/10353.22WO137/036/A=036909 -476T1138060P EOSS BALLOON,"KC0D-3>APZEOS,EOSS,WIDE2-1,qAO,N6BA-10:/141930h4005.67N/10353.22WO137/036/A=036909 -476T1138060P EOSS BALLOON",137.0,41.0,66.0,40.0945,-103.887,13.51,21.75,,,,,,,,0.00012778,-0.00015556,26.83333333,8.17866667,high Re,0.052222,23.412938,0.007587,3.434977,0.048808,0.995755,0.914502,25.615641,0.015911,7.136264,0.002313,1.046971,0.014876,0.995637,0.91409,7.905783,
EOSS-303,K0SCC-14,2020-11-01 07:19:54.900,2020-11-01 07:19:39,37140.0,11320.27,1607.6,1367.0,ascending,True,/141939h4005.62N/10353.11WO137/041eEOSS.org Balloon/A=037140!W17!,"K0SCC-14>APTT4,EOSSD,EOSSD,qAO,KB0TVJ-1:/141939h4005.62N/10353.11WO137/041eEOSS.org Balloon/A=037140!W17!",137.0,47.0,75.6,40.0936833333,-103.8852833333,13.62,21.92,,,,,,,,0.00014598,-0.00013793,26.79310345,8.16655172,high Re,-0.001387,23.439765,0.007515,3.434436,0.048618,0.976387,-0.183101,25.626737,-0.000418,7.144441,0.002291,1.046807,0.014818,0.976408,-0.182818,7.915446,
EOSS-303,KC0D-1,2020-11-01 07:19:46.861,2020-11-01 07:19:45,37409.0,11402.26,1598.0,1373.0,ascending,True,/141945h4005.58N/10353.03WO124/043!W91!/A=037409 128T2273P EOSS BALLOON,"KC0D-1>APZEOS,EOSS,qAO,W0ARP-2:/141945h4005.58N/10353.03WO124/043!W91!/A=037409 128T2273P EOSS BALLOON",124.0,49.0,78.9,40.09315,-103.88385,13.7,22.05,55.04,12.8,285.95,22730.0,0.22,0.00053731,0.27691838,0.00017,-0.00011889,26.63333333,8.11766667,high Re,-0.005326,23.464911,0.007413,3.432498,0.048437,0.923066,-0.263001,25.639407,-0.00163,7.152104,0.00226,1.046215,0.014763,0.92291,-0.263497,7.926056,
EOSS-303,KC0D-3,2020-11-01 07:20:04.486,2020-11-01 07:20:00,37706.0,11492.79,1594.0,1388.0,ascending,True,/142000h4005.49N/10352.85WO110/042/A=037706 -469T1110429P EOSS BALLOON,"KC0D-3>APZEOS,EOSS,WIDE2-1,qAO,N2XGL-12:/142000h4005.49N/10352.85WO110/042/A=037706 -469T1110429P EOSS BALLOON",110.0,48.0,77.2,40.0915,-103.8808333333,13.89,22.36,,,,,,,,0.00020556,-0.0001,26.56666667,8.09766667,high Re,-0.002222,23.489144,0.007338,3.429932,0.048252,0.897255,-0.198127,25.652868,-0.000667,7.159491,0.002237,1.045434,0.014706,0.897403,-0.19747,7.93687,
EOSS-303,KC0D-1,2020-11-01 07:20:16.805,2020-11-01 07:20:15,38236.0,11654.33,1654.0,1403.0,ascending,True,/142015h4005.40N/10352.63WO117/038!W96!/A=038236 125T2184P EOSS BALLOON,"KC0D-1>APZEOS,EOSS,qAO,W0ARP-2:/142015h4005.40N/10352.63WO117/038!W96!/A=038236 125T2184P EOSS BALLOON",117.0,44.0,70.8,40.09015,-103.8772666667,14.1,22.69,54.5,12.5,285.65,21840.0,0.22,0.00051681,0.266355,0.00021944,-0.0001,27.56666667,8.40233333,high Re,0.033333,23.520752,0.007541,3.435318,0.048116,1.177741,0.536038,25.674722,0.010156,7.169126,0.002298,1.047076,0.014665,1.177763,0.535834,7.95348,
EOSS-303,KC0D-1,2020-11-01 07:20:46.861,2020-11-01 07:20:45,38976.0,11879.88,1480.0,1433.0,ascending,True,/142045h4005.25N/10352.17WO113/053!W76!/A=038976 119T2107P EOSS BALLOON,"KC0D-1>APZEOS,EOSS,qAO,W0ARP-2:/142045h4005.25N/10352.17WO113/053!W76!/A=038976 119T2107P EOSS BALLOON",113.0,61.0,98.2,40.0876166667,-103.8696,14.52,23.36,53.42,11.9,285.05,21070.0,0.21,0.00049964,0.25750516,0.00025556,-8.444e-05,24.66666667,7.51833333,high Re,-0.096667,23.529567,0.006733,3.423453,0.048798,0.33215,-2.118939,25.698093,-0.029467,7.171812,0.002052,1.043459,0.014873,0.332089,-2.119209,7.969935,
EOSS-303,KC0D-3,2020-11-01 07:21:04.508,2020-11-01 07:21:00,39245.0,11961.88,1539.0,1448.0,ascending,True,/142100h4005.16N/10351.95WO118/046/A=039245 -498T1062825P EOSS BALLOON,"KC0D-3>APZEOS,EOSS,WIDE2-1,qAO,N6BA-10:/142100h4005.16N/10351.95WO118/046/A=039245 -498T1062825P EOSS BALLOON",118.0,53.0,85.3,40.086,-103.8658333333,14.74,23.72,,,,,,,,0.00025,-9.167e-05,25.65,7.81816667,high Re,0.016389,23.545754,0.006807,3.415289,0.048616,0.616125,0.197096,25.703802,0.004997,7.176746,0.002075,1.040971,0.014818,0.616175,0.197193,7.973713,
EOSS-303,KC0D-1,2020-11-01 07:21:16.822,2020-11-01 07:21:15,39690.0,12097.51,1428.0,1463.0,ascending,True,/142115h4005.08N/10351.71WO109/043!W97!/A=039690 116T2036P EOSS BALLOON,"KC0D-1>APZEOS,EOSS,qAO,W0ARP-2:/142115h4005.08N/10351.71WO109/043!W97!/A=039690 116T2036P EOSS BALLOON",109.0,49.0,78.9,40.0848166667,-103.86195,14.95,24.06,52.88,11.6,284.75,20360.0,0.2,0.00048331,0.24909011,0.000255,-9.333e-05,23.8,7.25433333,high Re,-0.061667,23.54768,0.006284,3.4023,0.048797,0.074162,-1.392524,25.709181,-0.018794,7.177334,0.001915,1.037012,0.014873,0.074251,-1.392389,7.977122,
EOSS-303,KC0D-3,2020-11-01 07:21:32.600,2020-11-01 07:21:30,39940.0,12173.71,1390.0,1478.0,ascending,True,/142130h4005.01N/10351.46WO120/051/A=039940 -496T1041836P EOSS BALLOON,"KC0D-3>APZEOS,EOSS,WIDE2-1,qAO,N6BA-10:/142130h4005.01N/10351.46WO120/051/A=039940 -496T1041836P EOSS BALLOON",120.0,59.0,95.0,40.0835,-103.8576666667,15.18,24.43,,,,,,,,0.00027222,-8.333e-05,23.16666667,7.061,high Re,-0.021111,23.544815,0.006077,3.389549,0.048669,-0.111563,-0.558631,25.709689,-0.006444,7.176459,0.001852,1.033126,0.014834,-0.111757,-0.559256,7.9774,
EOSS-303,K0SCC-14,2020-11-01 07:21:48.217,2020-11-01 07:21:35,40048.0,12206.63,1504.1,1483.0,ascending,True,/142135h4004.98N/10351.38WO112/049eEOSS.org Balloon/A=040048!W74!,"K0SCC-14>APTT4,EOSSD,EOSSD,qAO,KB0TVJ-1:/142135h4004.98N/10351.38WO112/049eEOSS.org Balloon/A=040048!W74!",112.0,56.0,90.1,40.0831166667,-103.8564,15.25,24.54,,,,,,,,0.00024899,-9.109e-05,25.06896552,7.64103448,high Re,0.016399,23.556189,0.006155,3.379348,0.048492,0.447653,0.211251,25.709296,0.005,7.179926,0.001876,1.030016,0.01478,0.447671,0.211367,7.977141,
EOSS-303,KC0D-1,2020-11-01 07:21:46.878,2020-11-01 07:21:45,40395.0,12312.4,1410.0,1493.0,ascending,True,/142145h4004.94N/10351.22WO107/055!W32!/A=040395 110T1967P EOSS BALLOON,"KC0D-1>APZEOS,EOSS,qAO,W0ARP-2:/142145h4004.94N/10351.22WO107/055!W32!/A=040395 110T1967P EOSS BALLOON",107.0,63.0,101.4,40.0823833333,-103.8537,15.39,24.77,51.8,11.0,284.15,19670.0,0.19,0.00046792,0.2411566,0.000275,-8.111e-05,23.5,7.163,high Re,-0.052299,23.555773,0.005718,3.366719,0.048573,-0.016566,-1.194429,25.705345,-0.015934,7.179801,0.001743,1.026167,0.014804,-0.016373,-1.194069,7.974713,
EOSS-303,KC0D-3,2020-11-01 07:22:04.124,2020-11-01 07:22:00,40598.0,12374.27,1316.0,1508.0,ascending,True,/142200h4004.84N/10350.91WO111/065/A=040598 -499T1022903P EOSS BALLOON,"KC0D-3>APZEOS,EOSS,WIDE2-1,qAO,N6BA-10:/142200h4004.84N/10350.91WO111/065/A=040598 -499T1022903P EOSS BALLOON",111.0,75.0,120.7,40.0806666667,-103.8485,15.68,25.23,,,,,,,,0.00030556,-9.444e-05,21.93333333,6.68533333,high Re,-0.052222,23.543843,0.005289,3.35711,0.048647,-0.479731,-1.182211,25.701011,-0.015922,7.176165,0.001612,1.023238,0.014827,-0.479685,-1.182572,7.972136,
EOSS-303,K0SCC-14,2020-11-01 07:22:23.080,2020-11-01 07:22:04,40658.0,12392.56,1262.1,1512.0,ascending,True,/142204h4004.82N/10350.82WO113/062eEOSS.org Balloon/A=040658!W24!,"K0SCC-14>APTT4,EOSSD,EOSSD,qAO,KB0TVJ-1:/142204h4004.82N/10350.82WO113/062eEOSS.org Balloon/A=040658!W24!",113.0,71.0,114.3,40.0803666667,-103.8470666667,15.75,25.34,,,,,,,,0.00032184,-9.483e-05,21.03448276,6.41137931,high Re,-0.030995,23.525527,0.005022,3.351609,0.048567,-0.743238,-0.741594,25.699428,-0.009447,7.170582,0.001531,1.021561,0.014803,-0.743179,-0.741606,7.971207,
EOSS-303,KC0D-1,2020-11-01 07:22:16.829,2020-11-01 07:22:15,41051.0,12512.34,1312.0,1523.0,ascending,True,/142215h4004.75N/10350.59WO108/067!W11!/A=041051 107T1907P EOSS BALLOON,"KC0D-1>APZEOS,EOSS,qAO,W0ARP-2:/142215h4004.75N/10350.59WO108/067!W11!/A=041051 107T1907P EOSS BALLOON",108.0,77.0,123.9,40.0791833333,-103.8431833333,15.96,25.68,51.26,10.7,283.85,19070.0,0.19,0.00045413,0.23404763,0.00035056,-0.00010667,21.86666667,6.66466667,high Re,0.027739,23.513506,0.005188,3.342339,0.048427,-0.492721,0.46567,25.685472,0.008443,7.166916,0.001581,1.018737,0.01476,-0.493012,0.464905,7.963198,
EOSS-303,KC0D-3,2020-11-01 07:22:32.200,2020-11-01 07:22:30,41319.0,12594.03,1442.0,1538.0,ascending,True,/142230h4004.64N/10350.26WO120/068/A=041319 -508T1001236P EOSS BALLOON,"KC0D-3>APZEOS,EOSS,WIDE2-1,qAO,N6BA-10:/142230h4004.64N/10350.26WO120/068/A=041319 -508T1001236P EOSS BALLOON",120.0,78.0,125.5,40.0773333333,-103.8376666667,16.26,26.17,,,,,,,,0.00036111,-0.00011111,24.03333333,7.32533333,high Re,0.072222,23.517246,0.005674,3.330499,0.048586,0.154958,1.369695,25.672186,0.022022,7.168056,0.001729,1.015128,0.014808,0.154933,1.370408,7.955783,
EOSS-303,K0SCC-14,2020-11-01 07:22:58.183,2020-11-01 07:22:33,41363.0,12607.44,1458.6,1541.0,ascending,True,/142233h4004.61N/10350.20WO122/052eEOSS.org Balloon/A=041363!W79!,"K0SCC-14>APTT4,EOSSD,EOSSD,qAO,KB0TVJ-1:/142233h4004.61N/10350.20WO122/052eEOSS.org Balloon/A=041363!W79!",122.0,60.0,96.6,40.07695,-103.8368166667,16.31,26.26,,,,,,,,0.00035345,-0.00011782,24.31034483,7.40965517,high Re,0.009552,23.522911,0.005702,3.319174,0.048411,0.237238,0.079527,25.669698,0.002908,7.169782,0.001738,1.011676,0.014755,0.237105,0.079295,7.954412,
EOSS-303,KC0D-1,2020-11-01 07:22:46.851,2020-11-01 07:22:45,41757.0,12727.53,1412.0,1553.0,ascending,True,/142245h4004.54N/10349.97WO109/057!W85!/A=041757 101T1841P EOSS BALLOON,"KC0D-1>APZEOS,EOSS,qAO,W0ARP-2:/142245h4004.54N/10349.97WO109/057!W85!/A=041757 101T1841P EOSS BALLOON",109.0,66.0,106.2,40.0758,-103.8329166667,16.53,26.59,50.18,10.1,283.25,18410.0,0.18,0.00043934,0.22642601,0.00034222,-0.00011278,23.53333333,7.173,high Re,-0.0259,23.522985,0.005476,3.307298,0.04831,0.003129,-0.649472,25.643387,-0.007889,7.169805,0.001669,1.008056,0.014724,0.003169,-0.649144,7.940174,
EOSS-303,KC0D-3,2020-11-01 07:23:04.143,2020-11-01 07:23:00,41997.0,12800.69,1356.0,1568.0,ascending,True,/142300h4004.43N/10349.68WO120/067/A=041997 -508T981783P EOSS BALLOON,"KC0D-3>APZEOS,EOSS,WIDE2-1,qAO,N2XGL-12:/142300h4004.43N/10349.68WO120/067/A=041997 -508T981783P EOSS BALLOON",120.0,77.0,123.9,40.0738333333,-103.828,16.81,27.06,-59.44,-50.8,222.35,9817830.0,96.89,0.29846558,153.8228391,0.00032222,-0.00011667,22.6,6.88866667,high Re,-0.031111,23.516485,0.005217,3.29646,0.048236,-0.278021,-0.75313,25.623662,-0.009478,7.167825,0.00159,1.004752,0.014702,-0.277838,-0.752823,7.929752,
EOSS-303,K0SCC-14,2020-11-01 07:23:05.459,2020-11-01 07:23:02,42033.0,12811.66,1386.2,1570.0,ascending,True,/142302h4004.41N/10349.63WO118/067eEOSS.org Balloon/A=042033!W89!,"K0SCC-14>APTT4,EOSSD,EOSSD,qAO,KB0TVJ-1:/142302h4004.41N/10349.63WO118/067eEOSS.org Balloon/A=042033!W89!",118.0,77.0,123.9,40.0736333333,-103.8273166667,16.85,27.12,,,,,,,,0.00032759,-0.00011437,23.10344828,7.04206897,high Re,0.01736,23.513597,0.005302,3.285014,0.048075,-0.124854,0.250816,25.620453,0.00529,7.166945,0.001616,1.001263,0.014653,-0.124719,0.250734,7.928074,
EOSS-303,KC0D-1,2020-11-01 07:23:16.862,2020-11-01 07:23:15,42465.0,12943.33,1416.0,1583.0,ascending,True,/142315h4004.31N/10349.41WO117/056!W10!/A=042465 98T1779P EOSS BALLOON,"KC0D-1>APZEOS,EOSS,qAO,W0ARP-2:/142315h4004.31N/10349.41WO117/056!W10!/A=042465 98T1779P EOSS BALLOON",117.0,64.0,103.0,40.07185,-103.8235,17.08,27.49,49.64,9.8,282.95,17790.0,0.18,0.00042499,0.21903257,0.00031389,-0.00013167,23.6,7.19333333,high Re,0.016552,23.514197,0.005381,3.273515,0.047915,0.026211,0.233142,25.576666,0.005042,7.167129,0.00164,0.997759,0.014604,0.026263,0.23295,7.905576,
EOSS-303,KC0D-3,2020-11-01 07:23:32.186,2020-11-01 07:23:30,42777.0,13038.43,1560.0,1598.0,ascending,True,/142330h4004.18N/10349.15WO117/049/A=042777 -519T960659P EOSS BALLOON,"KC0D-3>APZEOS,EOSS,WIDE2-1,qAO,N6BA-10:/142330h4004.18N/10349.15WO117/049/A=042777 -519T960659P EOSS BALLOON",117.0,56.0,90.1,40.0696666667,-103.8191666667,17.36,27.93,-61.42,-51.9,221.25,9606590.0,94.81,0.29349578,151.26150782,0.00029444,-0.00013889,26.0,7.92466667,high Re,0.08,23.53134,0.005899,3.268654,0.04815,0.755253,1.538962,25.538769,0.024378,7.172353,0.001798,0.996276,0.014676,0.755126,1.538566,7.886608,
EOSS-303,K0SCC-14,2020-11-01 07:23:41.112,2020-11-01 07:23:31,42797.0,13044.53,1580.7,1599.0,ascending,True,/142331h4004.18N/10349.13WO117/046eEOSS.org Balloon/A=042797!W27!,"K0SCC-14>APTT4,EOSSD,EOSSD,qAO,KB0TVJ-1:/142331h4004.18N/10349.13WO117/046eEOSS.org Balloon/A=042797!W27!",117.0,53.0,85.3,40.0697,-103.81895,17.36,27.95,,,,,,,,0.00028851,-0.00013563,26.34482759,8.03,high Re,0.011891,23.55061,0.00594,3.265675,0.047985,0.855632,0.124018,25.536155,0.003632,7.178227,0.001811,0.995369,0.014625,0.855736,0.124513,7.885313,
EOSS-303,KC0D-1,2020-11-01 07:23:46.908,2020-11-01 07:23:45,43258.0,13185.04,1586.0,1613.0,ascending,True,/142345h4004.07N/10348.89WO120/048!W17!/A=043258 92T1711P EOSS BALLOON,"KC0D-1>APZEOS,EOSS,qAO,N6BA-10:/142345h4004.07N/10348.89WO120/048!W17!/A=043258 92T1711P EOSS BALLOON",120.0,55.0,88.5,40.06785,-103.81495,17.61,28.34,48.56,9.2,282.35,17110.0,0.17,0.00040962,0.21110799,0.000285,-0.00013333,26.43333333,8.057,high Re,0.00295,23.570221,0.00592,3.263146,0.04782,0.877409,-0.062108,25.469531,0.0009,7.184205,0.001804,0.994599,0.014575,0.877535,-0.062024,7.852888,
EOSS-303,K0SCC-14,2020-11-01 07:24:16.334,2020-11-01 07:24:00,43542.0,13271.6,1541.4,1628.0,ascending,True,/142400h4003.97N/10348.66WO123/042eEOSS.org Balloon/A=043542!W71!,"K0SCC-14>APTT4,EOSSD,EOSSD,qAO,W9CN-9:/142400h4003.97N/10348.66WO123/042eEOSS.org Balloon/A=043542!W71!",123.0,48.0,77.2,40.0662833333,-103.8110166667,17.84,28.71,,,,,,,,0.00027356,-0.00011782,25.68965517,7.83,high Re,-0.025644,23.584541,0.005705,3.256691,0.047727,0.646397,-0.65684,25.422266,-0.007828,7.188569,0.001739,0.99263,0.014547,0.646193,-0.657661,7.830442,
EOSS-303,KC0D-3,2020-11-01 07:24:04.254,2020-11-01 07:24:00,43544.0,13272.21,1534.0,1628.0,ascending,True,/142400h4003.97N/10348.66WO123/040/A=043544 -516T941455P EOSS BALLOON,"KC0D-3>APZEOS,EOSS,WIDE2-1,qAO,N6BA-10:/142400h4003.97N/10348.66WO123/040/A=043544 -516T941455P EOSS BALLOON",123.0,46.0,74.0,40.0661666667,-103.811,17.85,28.72,-60.88,-51.6,221.55,9414550.0,92.91,0.28723919,148.03699498,0.00027222,-0.00011667,25.56666667,7.79266667,high Re,-0.0041,23.597844,0.005639,3.249729,0.047571,0.605842,-0.204726,25.421916,-0.001244,7.192623,0.001719,0.990508,0.014499,0.605794,-0.204359,7.830277,
EOSS-303,KC0D-1,2020-11-01 07:24:16.787,2020-11-01 07:24:15,43954.0,13397.18,1392.0,1643.0,ascending,True,/142415h4003.86N/10348.46WO126/051!W37!/A=043954 89T1654P EOSS BALLOON,"KC0D-1>APZEOS,EOSS,qAO,W9CN-9:/142415h4003.86N/10348.46WO126/051!W37!/A=043954 89T1654P EOSS BALLOON",126.0,59.0,95.0,40.0643833333,-103.8077833333,18.05,29.06,48.02,8.9,282.05,16540.0,0.16,0.00039639,0.20429223,0.00023889,-0.00011556,23.2,7.07133333,high Re,-0.078889,23.595192,0.005072,3.238969,0.047913,-0.122012,-1.752364,25.344998,-0.024044,7.191815,0.001546,0.987229,0.014603,-0.12204,-1.75238,7.794561,
EOSS-303,K0SCC-14,2020-11-01 07:24:50.446,2020-11-01 07:24:29,44258.0,13489.84,1481.4,1657.0,ascending,True,/142429h4003.75N/10348.27WO137/049eEOSS.org Balloon/A=044258!W45!,"K0SCC-14>APTT4,EOSSD,EOSSD,qAO,W9CN-9:/142429h4003.75N/10348.27WO137/049eEOSS.org Balloon/A=044258!W45!",137.0,56.0,90.1,40.0625666667,-103.8045833333,18.27,29.4,,,,,,,,0.00022184,-0.00012816,24.68965517,7.52551724,high Re,0.051367,23.60244,0.00538,3.229383,0.047902,0.336663,0.960023,25.281232,0.015662,7.194025,0.00164,0.984307,0.0146,0.336777,0.960411,7.765605,
EOSS-303,KC0D-3,2020-11-01 07:24:32.157,2020-11-01 07:24:30,44301.0,13502.94,1514.0,1658.0,ascending,True,/142430h4003.74N/10348.25WO129/060/A=044301 -521T922861P EOSS BALLOON,"KC0D-3>APZEOS,EOSS,WIDE2-1,qAO,W9CN-9:/142430h4003.74N/10348.25WO129/060/A=044301 -521T922861P EOSS BALLOON",129.0,69.0,111.0,40.0623333333,-103.8041666667,18.29,29.44,-61.78,-52.1,221.05,9228610.0,91.08,0.28220302,145.44145905,0.00022778,-0.00012778,25.23333333,7.691,high Re,0.018123,23.61317,0.005465,3.221389,0.047753,0.502939,0.265072,25.271743,0.005516,7.197294,0.001666,0.98187,0.014555,0.502822,0.264514,7.761344,
EOSS-303,KC0D-1,2020-11-01 07:24:46.790,2020-11-01 07:24:45,44853.0,13671.19,1798.0,1673.0,ascending,True,/142445h4003.64N/10348.04WO121/042!W09!/A=044853 83T1583P EOSS BALLOON,"KC0D-1>APZEOS,EOSS,qAO,W9CN-9:/142445h4003.64N/10348.04WO121/042!W09!/A=044853 83T1583P EOSS BALLOON",121.0,48.0,77.2,40.0606666667,-103.8008166667,18.5,29.78,46.94,8.3,281.45,15830.0,0.16,0.00038019,0.19593955,0.00023222,-0.00012389,29.96666667,9.13366667,high Re,0.157778,23.654696,0.006467,3.251601,0.049172,1.941189,3.077178,25.13947,0.048089,7.20995,0.001971,0.991077,0.014987,1.941037,3.0772,7.702992,
EOSS-303,KC0D-3,2020-11-01 07:25:04.238,2020-11-01 07:25:00,45097.0,13745.57,1592.0,1688.0,ascending,True,/142500h4003.53N/10347.86WO107/030/A=045097 -516T903115P EOSS BALLOON,"KC0D-3>APZEOS,EOSS,WIDE2-1,qAO,W9CN-9:/142500h4003.53N/10347.86WO107/030/A=045097 -516T903115P EOSS BALLOON",107.0,35.0,56.3,40.0588333333,-103.7976666667,18.71,30.11,-60.88,-51.6,221.55,9031150.0,89.13,0.2755416,142.00830706,0.00021667,-0.00011667,26.53333333,8.08766667,high Re,-0.114444,23.673388,0.005676,3.249248,0.049975,0.880187,-2.403602,25.074763,-0.034867,7.21565,0.00173,0.990361,0.015232,0.880504,-2.402639,7.675102,
EOSS-303,KC0D-1,2020-11-01 07:25:16.789,2020-11-01 07:25:15,45594.0,13897.05,1482.0,1703.0,ascending,True,/142515h4003.48N/10347.67WO102/042!W55!/A=045594 80T1526P EOSS BALLOON,"KC0D-1>APZEOS,EOSS,qAO,W9CN-9:/142515h4003.48N/10347.67WO102/042!W55!/A=045594 80T1526P EOSS BALLOON",102.0,48.0,77.2,40.0580833333,-103.7945833333,18.87,30.37,46.4,8.0,281.15,15260.0,0.15,0.00036689,0.18908579,0.00020778,-8.611e-05,24.7,7.52866667,high Re,-0.061111,23.680011,0.005243,3.239731,0.050102,0.314838,-1.324378,24.931048,-0.018633,7.217669,0.001598,0.987461,0.01527,0.314947,-1.324885,7.614492,
EOSS-303,K0SCC-14,2020-11-01 07:25:32.448,2020-11-01 07:25:27,45770.0,13950.7,1564.1,1715.0,ascending,True,/142527h4003.43N/10347.48WO106/048eEOSS.org Balloon/A=045770!W97!,"K0SCC-14>APTT4,EOSSD,EOSSD,qAO,W9CN-9:/142527h4003.43N/10347.48WO106/048eEOSS.org Balloon/A=045770!W97!",106.0,55.0,88.5,40.0573166667,-103.79145,19.04,30.63,,,,,,,,0.00022644,-9.052e-05,26.06896552,7.94586207,high Re,0.023603,23.695325,0.005361,3.234923,0.04996,0.733755,0.365132,24.876321,0.007193,7.222337,0.001634,0.985996,0.015227,0.733801,0.365075,7.591842,
EOSS-303,KC0D-3,2020-11-01 07:25:32.326,2020-11-01 07:25:30,45853.0,13975.99,1512.0,1718.0,ascending,True,/142530h4003.43N/10347.43WO101/049/A=045853 -525T885471P EOSS BALLOON,"KC0D-3>APZEOS,EOSS,WIDE2-1,qAO,N2XGL-12:/142530h4003.43N/10347.43WO101/049/A=045853 -525T885471P EOSS BALLOON",101.0,56.0,90.1,40.0571666667,-103.7905,19.08,30.71,-62.5,-52.5,220.65,8854710.0,87.39,0.27126033,139.80183093,0.00023889,-5.556e-05,25.2,7.68066667,high Re,-0.028966,23.704909,0.005141,3.226773,0.049875,0.463339,-0.68385,24.849817,-0.00884,7.225256,0.001567,0.983511,0.015201,0.463046,-0.684626,7.580957,
EOSS-303,KC0D-1,2020-11-01 07:25:46.821,2020-11-01 07:25:45,46307.0,14114.37,1426.0,1733.0,ascending,True,/142545h4003.36N/10347.18WO111/049!W91!/A=046307 74T1473P EOSS BALLOON,"KC0D-1>APZEOS,EOSS,qAO,W0ARP-2:/142545h4003.36N/10347.18WO111/049!W91!/A=046307 74T1473P EOSS BALLOON",111.0,56.0,90.1,40.05615,-103.78635,19.3,31.06,45.32,7.4,280.55,14730.0,0.15,0.0003549,0.18290894,0.00027444,-6.444e-05,23.76666667,7.244,high Re,-0.047778,23.7053,0.004804,3.216484,0.049894,0.019079,-1.053874,24.697012,-0.014556,7.225375,0.001464,0.980375,0.015207,0.018998,-1.053462,7.519115,
EOSS-303,K0SCC-14,2020-11-01 07:26:08.234,2020-11-01 07:25:56,46420.0,14148.82,1344.8,1744.0,ascending,True,/142556h4003.33N/10347.01WO095/045eEOSS.org Balloon/A=046420!W20!,"K0SCC-14>APTT4,EOSSD,EOSSD,qAO,W9CN-9:/142556h4003.33N/10347.01WO095/045eEOSS.org Balloon/A=046420!W20!",95.0,52.0,83.7,40.0555333333,-103.7835,19.44,31.29,,,,,,,,0.00027414,-6.149e-05,22.4137931,6.83172414,high Re,-0.046651,23.697177,0.004478,3.207925,0.049903,-0.400067,-1.024568,24.656932,-0.014216,7.222899,0.001365,0.977766,0.01521,-0.40007,-1.024392,7.503138,
EOSS-303,KC0D-3,2020-11-01 07:26:04.356,2020-11-01 07:26:00,46551.0,14188.74,1396.0,1748.0,ascending,True,/142600h4003.32N/10346.94WO097/048/A=046551 -526T869950P EOSS BALLOON,"KC0D-3>APZEOS,EOSS,WIDE2-1,qAO,W9CN-9:/142600h4003.32N/10346.94WO097/048/A=046551 -526T869950P EOSS BALLOON",97.0,55.0,88.5,40.0553333333,-103.7823333333,19.5,31.38,-62.68,-52.6,220.55,8699500.0,85.86,0.26662638,137.41358785,0.00027222,-6.111e-05,23.26666667,7.09166667,high Re,0.028429,23.694487,0.004629,3.198002,0.049781,-0.133777,0.478094,24.609456,0.008665,7.222079,0.001411,0.974741,0.015172,-0.133792,0.478118,7.484347,
EOSS-303,KC0D-1,2020-11-01 07:26:16.840,2020-11-01 07:26:15,47084.0,14351.2,1554.0,1763.0,ascending,True,/142615h4003.28N/10346.69WO101/045!W13!/A=047084 72T1418P EOSS BALLOON,"KC0D-1>APZEOS,EOSS,qAO,W0ARP-2:/142615h4003.28N/10346.69WO101/045!W13!/A=047084 72T1418P EOSS BALLOON",101.0,52.0,83.7,40.0546833333,-103.7782166667,19.7,31.71,44.96,7.2,280.35,14180.0,0.14,0.00034189,0.17620496,0.00027111,-4.889e-05,25.9,7.89433333,high Re,0.087778,23.708186,0.005149,3.192728,0.050058,0.686502,1.650665,24.405232,0.026756,7.226254,0.001569,0.973134,0.015257,0.686523,1.650849,7.404933,
EOSS-303,K0SCC-14,2020-11-01 07:26:43.577,2020-11-01 07:26:25,47289.0,14413.69,1797.9,1773.0,ascending,True,/142625h4003.25N/10346.52WO098/050eEOSS.org Balloon/A=047289!W66!,"K0SCC-14>APTT4,EOSSD,EOSSD,qAO,W9CN-9:/142625h4003.25N/10346.52WO098/050eEOSS.org Balloon/A=047289!W66!",98.0,58.0,93.3,40.0542666667,-103.7754333333,19.84,31.92,,,,,,,,0.00027816,-4.368e-05,29.96551724,9.13344828,high Re,0.14019,23.746811,0.005987,3.220542,0.051023,1.93095,2.630245,24.32204,0.042728,7.238027,0.001825,0.981611,0.015551,1.930929,2.630249,7.373201,
EOSS-303,KC0D-3,2020-11-01 07:26:32.406,2020-11-01 07:26:30,47457.0,14464.89,1812.0,1778.0,ascending,True,/142630h4003.22N/10346.43WO116/059/A=047457 -550T849910P EOSS BALLOON,"KC0D-3>APZEOS,EOSS,WIDE2-1,qAO,N2XGL-12:/142630h4003.22N/10346.43WO116/059/A=047457 -550T849910P EOSS BALLOON",116.0,68.0,109.4,40.0536666667,-103.7738333333,19.93,32.07,-67.0,-55.0,218.15,8499100.0,83.88,0.26335017,135.7251001,0.00028333,-5.556e-05,30.2,9.205,high Re,0.007816,23.786401,0.005999,3.250131,0.050865,1.973336,0.035722,24.251982,0.002385,7.250095,0.001828,0.990631,0.015503,1.973394,0.035929,7.346743,
EOSS-303,KC0D-1,2020-11-01 07:26:46.861,2020-11-01 07:26:45,47885.0,14595.35,1602.0,1793.0,ascending,True,/142645h4003.14N/10346.21WO111/043!W24!/A=047885 66T1362P EOSS BALLOON,"KC0D-1>APZEOS,EOSS,qAO,W0ARP-2:/142645h4003.14N/10346.21WO111/043!W24!/A=047885 66T1362P EOSS BALLOON",111.0,49.0,78.9,40.0523666667,-103.7702333333,20.14,32.41,43.88,6.6,279.75,13620.0,0.13,0.0003291,0.16960922,0.00026611,-7.722e-05,26.7,8.13833333,high Re,-0.116667,23.804167,0.005246,3.248123,0.05161,0.89154,-2.362197,24.066025,-0.035556,7.255511,0.001599,0.99002,0.01573,0.891722,-2.362047,7.27758,
EOSS-303,K0SCC-14,2020-11-01 07:27:18.052,2020-11-01 07:26:54,47978.0,14623.69,1425.5,1802.0,ascending,True,/142654h4003.09N/10346.08WO125/036eEOSS.org Balloon/A=047978!W71!,"K0SCC-14>APTT4,EOSSD,EOSSD,qAO,W9CN-9:/142654h4003.09N/10346.08WO125/036eEOSS.org Balloon/A=047978!W71!",125.0,41.0,66.0,40.0516166667,-103.7680166667,20.26,32.61,,,,,,,,0.00025575,-9.138e-05,23.75862069,7.24137931,high Re,-0.101427,23.803891,0.004596,3.238207,0.052121,-0.01398,-2.03417,24.02423,-0.030929,7.255425,0.001401,0.986997,0.015886,-0.014231,-2.035125,7.262244,
EOSS-303,KC0D-3,2020-11-01 07:27:04.490,2020-11-01 07:27:00,48149.0,14675.82,1384.0,1808.0,ascending,True,/142700h4003.07N/10345.98WO111/051/A=048149 -551T837484P EOSS BALLOON,"KC0D-3>APZEOS,EOSS,WIDE2-1,qAO,N6BA-10:/142700h4003.07N/10345.98WO111/051/A=048149 -551T837484P EOSS BALLOON",111.0,59.0,95.0,40.0511666667,-103.7663333333,20.35,32.75,-67.18,-55.1,218.05,8374840.0,82.65,0.2596189,133.80208361,0.00025,-8.333e-05,23.06666667,7.031,high Re,-0.023065,23.79945,0.004428,3.228887,0.052006,-0.226946,-0.528651,23.946123,-0.007013,7.254073,0.00135,0.984156,0.015851,-0.226664,-0.527601,7.233763,
EOSS-303,KC0D-1,2020-11-01 07:27:16.768,2020-11-01 07:27:15,48611.0,14816.63,1452.0,1823.0,ascending,True,/142715h4002.98N/10345.75WO119/040!W98!/A=048611 64T1313P EOSS BALLOON,"KC0D-1>APZEOS,EOSS,qAO,W9CN-9:/142715h4002.98N/10345.75WO119/040!W98!/A=048611 64T1313P EOSS BALLOON",119.0,46.0,74.0,40.0498166667,-103.7626333333,20.56,33.09,43.52,6.4,279.55,13130.0,0.13,0.00031748,0.16362425,0.00025333,-8.5e-05,24.2,7.376,high Re,0.037778,23.801848,0.004629,3.219296,0.051913,0.123677,0.638549,23.727188,0.0115,7.254803,0.001411,0.981233,0.015822,0.123515,0.637656,7.155214,
EOSS-303,K0SCC-14,2020-11-01 07:27:25.412,2020-11-01 07:27:23,48681.0,14837.97,1454.5,1831.0,ascending,True,/142723h4002.93N/10345.66WO138/045eEOSS.org Balloon/A=048681!W56!,"K0SCC-14>APTT4,EOSSD,EOSSD,qAO,W9CN-9:/142723h4002.93N/10345.66WO138/045eEOSS.org Balloon/A=048681!W56!",138.0,52.0,83.7,40.0489166667,-103.7611,20.67,33.26,,,,,,,,0.00023851,-9.31e-05,24.24137931,7.38896552,high Re,0.001427,23.804465,0.00461,3.209822,0.051757,0.136118,-0.061499,23.693041,0.000447,7.255602,0.001405,0.978345,0.015775,0.136315,-0.060729,7.14312,
EOSS-303,KC0D-3,2020-11-01 07:27:32.382,2020-11-01 07:27:30,48843.0,14887.35,1388.0,1838.0,ascending,True,/142730h4002.87N/10345.58WO131/053/A=048843 -562T821331P EOSS BALLOON,"KC0D-3>APZEOS,EOSS,WIDE2-1,qAO,W9CN-9:/142730h4002.87N/10345.58WO131/053/A=048843 -562T821331P EOSS BALLOON",131.0,61.0,98.2,40.0478333333,-103.7596666667,20.77,33.43,-69.16,-56.2,216.95,8213310.0,81.06,0.25590245,131.88670231,0.00022222,-0.00011111,23.13333333,7.051,high Re,-0.036935,23.800493,0.004363,3.200671,0.051701,-0.208444,-0.798785,23.613067,-0.011266,7.254391,0.00133,0.975556,0.015758,-0.208487,-0.79934,7.114961,
EOSS-303,KC0D-1,2020-11-01 07:27:46.796,2020-11-01 07:27:45,49299.0,15026.34,1376.0,1853.0,ascending,True,/142745h4002.73N/10345.40WO140/043!W02!/A=049299 59T1268P EOSS BALLOON,"KC0D-1>APZEOS,EOSS,qAO,W9CN-9:/142745h4002.73N/10345.40WO140/043!W02!/A=049299 59T1268P EOSS BALLOON",140.0,49.0,78.9,40.0455,-103.7567,20.99,33.78,42.62,5.9,279.05,12680.0,0.13,0.00030715,0.15829955,0.00019778,-0.00014389,22.93333333,6.99033333,high Re,-0.006667,23.795392,0.004297,3.19188,0.051554,-0.270079,-0.21267,23.381121,-0.002022,7.252838,0.00131,0.972876,0.015713,-0.269823,-0.212054,7.034526,
EOSS-303,K0SCC-14,2020-11-01 07:28:00.721,2020-11-01 07:27:52,49370.0,15047.98,1425.5,1860.0,ascending,True,/142752h4002.66N/10345.33WO148/043eEOSS.org Balloon/A=049370!W44!,"K0SCC-14>APTT4,EOSSD,EOSSD,qAO,W9CN-9:/142752h4002.66N/10345.33WO148/043eEOSS.org Balloon/A=049370!W44!",148.0,49.0,78.9,40.0444,-103.7555666667,21.09,33.93,,,,,,,,0.0001908,-0.00015575,23.75862069,7.24172414,high Re,0.028458,23.795177,0.004439,3.18248,0.051435,-0.011487,0.466978,23.344137,0.008669,7.252773,0.001353,0.970011,0.015677,-0.01139,0.466671,7.021864,
EOSS-303,KC0D-3,2020-11-01 07:28:03.965,2020-11-01 07:28:00,49511.0,15090.95,1336.0,1868.0,ascending,True,/142800h4002.60N/10345.27WO143/039/A=049511 -562T807911P EOSS BALLOON,"KC0D-3>APZEOS,EOSS,WIDE2-1,qAO,W9CN-9:/142800h4002.60N/10345.27WO143/039/A=049511 -562T807911P EOSS BALLOON",143.0,45.0,72.4,40.0433333333,-103.7545,21.18,34.08,-69.16,-56.2,216.95,8079110.0,79.73,0.25172117,129.73176168,0.00017222,-0.00015,22.26666667,6.78666667,high Re,-0.049732,23.786291,0.004123,3.1753,0.051451,-0.478577,-1.046724,23.270028,-0.015169,7.250063,0.001256,0.967823,0.015682,-0.478803,-1.047379,6.996623,
EOSS-303,KC0D-1,2020-11-01 07:28:16.848,2020-11-01 07:28:15,49983.0,15234.82,1368.0,1883.0,ascending,True,/142815h4002.45N/10345.15WO148/042!W71!/A=049983 56T1225P EOSS BALLOON,"KC0D-1>APZEOS,EOSS,qAO,W0ARP-2:/142815h4002.45N/10345.15WO148/042!W71!/A=049983 56T1225P EOSS BALLOON",148.0,48.0,77.2,40.04095,-103.7525166667,21.36,34.37,42.08,5.6,278.75,12250.0,0.12,0.00029706,0.15309594,0.00013944,-0.00015167,22.8,6.94933333,high Re,0.017778,23.78059,0.004202,3.166944,0.05131,-0.309633,0.264588,23.015859,0.005422,7.248325,0.001281,0.965277,0.015639,-0.309747,0.264787,6.911303,
EOSS-303,K0SCC-14,2020-11-01 07:28:36.213,2020-11-01 07:28:21,50075.0,15262.86,1458.6,1889.0,ascending,True,/142821h4002.39N/10345.10WO146/047eEOSS.org Balloon/A=050075!W61!,"K0SCC-14>APTT4,EOSSD,EOSSD,qAO,KB0TVJ-1:/142821h4002.39N/10345.10WO146/047eEOSS.org Balloon/A=050075!W61!",146.0,54.0,86.9,40.0399333333,-103.7516833333,21.43,34.5,,,,,,,,0.00013391,-0.00015402,24.31034483,7.40965517,high Re,0.052081,23.783634,0.004479,3.158033,0.05129,0.166784,0.928095,22.965289,0.015873,7.249252,0.001365,0.962561,0.015633,0.166642,0.928037,6.894554,
EOSS-303,KC0D-3,2020-11-01 07:28:32.001,2020-11-01 07:28:30,50365.0,15351.25,1708.0,1898.0,ascending,True,/142830h4002.34N/10345.02WO144/024/A=050365 -574T790832P EOSS BALLOON,"KC0D-3>APZEOS,EOSS,WIDE2-1,qAO,W9CN-9:/142830h4002.34N/10345.02WO144/024/A=050365 -574T790832P EOSS BALLOON",144.0,28.0,45.1,40.039,-103.7503333333,21.53,34.65,-71.32,-57.4,215.75,7908320.0,78.05,0.24777034,127.69558398,0.00013889,-0.00014444,28.46666667,8.67666667,high Re,0.138544,23.810394,0.005249,3.168782,0.052142,1.46942,2.556384,22.803854,0.042234,7.257408,0.0016,0.965837,0.015892,1.46946,2.556884,6.841564,
EOSS-303,KC0D-1,2020-11-01 07:28:46.808,2020-11-01 07:28:45,50925.0,15521.94,1884.0,1913.0,ascending,True,/142845h4002.27N/10344.88WO105/034!W72!/A=050925 51T1168P EOSS BALLOON,"KC0D-1>APZEOS,EOSS,qAO,W9CN-9:/142845h4002.27N/10344.88WO105/034!W72!/A=050925 51T1168P EOSS BALLOON",105.0,39.0,62.8,40.03795,-103.7480333333,21.67,34.88,41.18,5.1,278.25,11680.0,0.12,0.00028374,0.14623459,0.00014944,-0.0001,31.4,9.57066667,high Re,0.097778,23.853517,0.005778,3.211087,0.05246,2.350133,1.753717,22.484249,0.0298,7.270552,0.001761,0.978731,0.015989,2.350099,1.753643,6.738708,
EOSS-303,K0SCC-14,2020-11-01 07:29:11.004,2020-11-01 07:28:50,50905.0,15515.84,1717.2,1918.0,ascending,True,/142850h4002.26N/10344.82WO098/026eEOSS.org Balloon/A=050905!W82!,"K0SCC-14>APTT4,EOSSD,EOSSD,qAO,W9CN-9:/142850h4002.26N/10344.82WO098/026eEOSS.org Balloon/A=050905!W82!",98.0,30.0,48.3,40.0378,-103.7470333333,21.72,34.95,,,,,,,,0.00016034,-7.356e-05,28.62068966,8.72344828,high Re,-0.095838,23.88045,0.005201,3.221939,0.052868,1.471238,-1.911156,22.495824,-0.029214,7.27876,0.001585,0.982038,0.016114,1.471112,-1.911319,6.74239,
EOSS-303,KC0D-3,2020-11-01 07:29:04.048,2020-11-01 07:29:00,51142.0,15588.08,1554.0,1928.0,ascending,True,/142900h4002.24N/10344.69WO108/038/A=051142 -571T777909P EOSS BALLOON,"KC0D-3>APZEOS,EOSS,WIDE2-1,qAO,W9CN-9:/142900h4002.24N/10344.69WO108/038/A=051142 -571T777909P EOSS BALLOON",108.0,44.0,70.8,40.0373333333,-103.7448333333,21.83,35.14,-70.78,-57.1,216.05,7779090.0,76.77,0.24338309,125.43449169,0.00018333,-5.556e-05,25.9,7.89433333,high Re,-0.09069,23.891796,0.004659,3.216389,0.053208,0.624366,-1.792005,22.357965,-0.027637,7.282219,0.00142,0.980346,0.016217,0.624386,-1.791762,6.698788,
EOSS-303,KC0D-1,2020-11-01 07:29:16.799,2020-11-01 07:29:15,51612.0,15731.34,1374.0,1943.0,ascending,True,/142915h4002.16N/10344.48WO119/043!W90!/A=051612 48T1127P EOSS BALLOON,"KC0D-1>APZEOS,EOSS,qAO,W9CN-9:/142915h4002.16N/10344.48WO119/043!W90!/A=051612 48T1127P EOSS BALLOON",119.0,49.0,78.9,40.03615,-103.7413333333,22.03,35.45,40.64,4.8,277.95,11270.0,0.11,0.00027408,0.14125365,0.00022333,-6e-05,22.9,6.98,high Re,-0.1,23.886255,0.004071,3.208198,0.053634,-0.307417,-1.940392,22.080597,-0.030478,7.28053,0.001241,0.977849,0.016347,-0.307338,-1.940356,6.612462,
EOSS-303,KC0D-3,2020-11-01 07:29:32.038,2020-11-01 07:29:30,51954.0,15835.58,1624.0,1958.0,ascending,True,/142930h4002.07N/10344.26WO121/063/A=051954 -588T762524P EOSS BALLOON,"KC0D-3>APZEOS,EOSS,WIDE2-1,qAO,W9CN-9:/142930h4002.07N/10344.26WO121/063/A=051954 -588T762524P EOSS BALLOON",121.0,72.0,115.9,40.0345,-103.7376666667,22.25,35.81,-73.84,-58.8,214.35,7625240.0,75.26,0.2404617,123.92886674,0.00023889,-9.444e-05,27.06666667,8.25,high Re,0.138889,23.903924,0.004824,3.207994,0.054424,0.985894,2.463343,21.876059,0.042333,7.285916,0.00147,0.977788,0.016588,0.985985,2.463407,6.549957,
EOSS-303,KC0D-1,2020-11-01 07:29:46.781,2020-11-01 07:29:45,52415.0,15976.09,1606.0,1973.0,ascending,True,/142945h4001.95N/10344.08WO132/036!W31!/A=052415 43T1082P EOSS BALLOON,"KC0D-1>APZEOS,EOSS,qAO,W9CN-9:/142945h4001.95N/10344.08WO132/036!W31!/A=052415 43T1082P EOSS BALLOON",132.0,41.0,66.0,40.03255,-103.7346833333,22.46,36.15,39.74,4.3,277.45,10820.0,0.11,0.00026361,0.13585793,0.00022167,-0.00012,26.76666667,8.15833333,low Re,-0.01,23.919741,0.004742,3.20614,0.054284,0.88796,-0.271572,21.597757,-0.003056,7.290736,0.001445,0.977222,0.016545,0.88782,-0.272046,6.466412,high_to_low
EOSS-303,K0SCC-14,2020-11-01 07:29:52.856,2020-11-01 07:29:48,52359.0,15959.02,1504.1,1976.0,ascending,True,/142948h4001.93N/10344.05WO122/034eEOSS.org Balloon/A=052359!W41!,"K0SCC-14>APTT4,EOSSD,EOSSD,qAO,W9CN-9:/142948h4001.93N/10344.05WO122/034eEOSS.org Balloon/A=052359!W41!",122.0,39.0,62.8,40.0322333333,-103.7341833333,22.49,36.2,,,,,,,,0.00022155,-9.598e-05,25.06896552,7.64103448,low Re,-0.029271,23.926055,0.004554,3.198405,0.054192,0.357338,-0.62417,21.631686,-0.008919,7.292661,0.001388,0.974864,0.016517,0.357356,-0.624024,6.476508,
EOSS-303,KC0D-3,2020-11-01 07:30:04.166,2020-11-01 07:30:00,52544.0,16015.41,1180.0,1988.0,ascending,True,/143000h4001.84N/10343.92WO133/046/A=052544 -578T751138P EOSS BALLOON,"KC0D-3>APZEOS,EOSS,WIDE2-1,qAO,W9CN-9:/143000h4001.84N/10343.92WO133/046/A=052544 -578T751138P EOSS BALLOON",133.0,53.0,85.3,40.0306666667,-103.732,22.65,36.45,-72.04,-57.8,215.35,7511380.0,74.13,0.23577119,121.51147876,0.00018889,-0.00012778,19.66666667,5.99433333,low Re,-0.180077,23.90278,0.003539,3.20511,0.055748,-1.321675,-3.293679,21.519503,-0.05489,7.285566,0.001079,0.976908,0.016991,-1.321755,-3.294038,6.443222,
EOSS-303,KC0D-1,2020-11-01 07:30:16.787,2020-11-01 07:30:15,52840.0,16105.63,850.0,2003.0,ascending,True,/143015h4001.75N/10343.76WO121/039!W30!/A=052840 41T1059P EOSS BALLOON,"KC0D-1>APZEOS,EOSS,qAO,W9CN-9:/143015h4001.75N/10343.76WO121/039!W30!/A=052840 41T1059P EOSS BALLOON",121.0,45.0,72.4,40.0292166667,-103.7293333333,22.82,36.73,39.38,4.1,277.25,10590.0,0.1,0.00025819,0.13306592,0.00017833,-0.00011111,14.16666667,4.318,low Re,-0.183333,23.849866,0.002518,3.275937,0.057285,-2.955856,-3.244322,21.339568,-0.055878,7.269438,0.000767,0.998497,0.01746,-2.955881,-3.244273,6.390391,
EOSS-303,KC0D-3,2020-11-01 07:30:32.209,2020-11-01 07:30:30,52919.0,16129.71,750.0,2018.0,ascending,True,/143030h4001.66N/10343.56WO131/040/A=052919 -578T747002P EOSS BALLOON,"KC0D-3>APZEOS,EOSS,WIDE2-1,qAO,N6BA-10:/143030h4001.66N/10343.56WO131/040/A=052919 -578T747002P EOSS BALLOON",131.0,46.0,74.0,40.0276666667,-103.726,23.03,37.06,-72.04,-57.8,215.35,7470020.0,73.72,0.23447296,120.84239868,0.0002,-0.0001,12.5,3.81,low Re,-0.055556,23.788515,0.002203,3.371908,0.057288,-3.347812,-1.008222,21.29149,-0.016933,7.250738,0.000671,1.027749,0.017461,-3.347839,-1.00819,6.376388,
EOSS-303,KC0D-1,2020-11-01 07:30:46.814,2020-11-01 07:30:45,53363.0,16265.04,1046.0,2033.0,ascending,True,/143045h4001.59N/10343.39WO109/040!W77!/A=053363 36T1030P EOSS BALLOON,"KC0D-1>APZEOS,EOSS,qAO,W0ARP-2:/143045h4001.59N/10343.39WO109/040!W77!/A=053363 36T1030P EOSS BALLOON",109.0,46.0,74.0,40.0266166667,-103.7232833333,23.19,37.32,38.48,3.6,276.75,10300.0,0.1,0.00025157,0.12965583,0.00020167,-8.667e-05,17.43333333,5.31366667,low Re,0.164444,23.754348,0.00308,3.394915,0.058364,-1.861907,2.764787,21.021274,0.050122,7.240324,0.000939,1.034762,0.017789,-1.861933,2.764798,6.298567,
EOSS-303,K0SCC-14,2020-11-01 07:31:02.995,2020-11-01 07:30:46,53274.0,16237.92,946.6,2034.0,ascending,True,/143046h4001.59N/10343.38WO104/048eEOSS.org Balloon/A=053274!W41!,"K0SCC-14>APTT4,EOSSD,EOSSD,qAO,W9CN-9:/143046h4001.59N/10343.38WO104/048eEOSS.org Balloon/A=053274!W41!",104.0,55.0,88.5,40.0265666667,-103.7230166667,23.2,37.34,,,,,,,,0.00019253,-9.77e-05,15.77586207,4.80862069,low Re,-0.028577,23.711682,0.002909,3.435679,0.058253,-2.309826,-0.540504,21.075408,-0.008708,7.22732,0.000887,1.047185,0.017755,-2.309715,-0.540411,6.314036,
EOSS-303,KC0D-3,2020-11-01 07:31:04.179,2020-11-01 07:31:00,53744.0,16381.17,1650.0,2048.0,ascending,True,/143100h4001.53N/10343.19WO121/036/A=053744 -577T731753P EOSS BALLOON,"KC0D-3>APZEOS,EOSS,WIDE2-1,qAO,W9CN-9:/143100h4001.53N/10343.19WO121/036/A=053744 -577T731753P EOSS BALLOON",121.0,41.0,66.0,40.0255,-103.7198333333,23.38,37.63,-71.86,-57.7,215.45,7317530.0,72.22,0.22957992,118.32062689,0.00020556,-7.222e-05,27.5,8.382,low Re,0.390805,23.731833,0.004984,3.437601,0.064651,1.096162,5.96775,20.790034,0.119113,7.233462,0.001519,1.047771,0.019705,1.096173,5.967724,6.233123,
EOSS-303,KC0D-1,2020-11-01 07:31:16.798,2020-11-01 07:31:15,54091.0,16486.94,1456.0,2063.0,ascending,True,/143115h4001.44N/10342.98WO111/045!W60!/A=054091 34T993P EOSS BALLOON,"KC0D-1>APZEOS,EOSS,qAO,W9CN-9:/143115h4001.44N/10342.98WO111/045!W60!/A=054091 34T993P EOSS BALLOON",111.0,52.0,83.7,40.0241,-103.7163333333,23.59,37.96,38.12,3.4,276.55,9930.0,0.1,0.00024271,0.12508869,0.00023167,-8.389e-05,24.26666667,7.39666667,low Re,-0.107778,23.734662,0.004384,3.428667,0.065,0.155164,-1.725569,20.580606,-0.032844,7.234326,0.001336,1.045048,0.019811,0.155343,-1.725304,6.174744,
EOSS-303,K0SCC-14,2020-11-01 07:31:38.362,2020-11-01 07:31:15,53980.0,16453.1,1460.7,2063.0,ascending,True,/143115h4001.44N/10342.97WO110/059eEOSS.org Balloon/A=053980!W29!,"K0SCC-14>APTT4,EOSSD,EOSSD,qAO,W9CN-9:/143115h4001.44N/10342.97WO110/059eEOSS.org Balloon/A=053980!W29!",110.0,68.0,109.4,40.0240333333,-103.7163166667,23.59,37.97,,,,,,,,0.00023103,-8.736e-05,24.34482759,7.42,low Re,0.002695,23.737874,0.004375,3.419871,0.064827,0.177479,-0.025915,20.647441,0.000805,7.235303,0.001333,1.042367,0.019759,0.17719,-0.026722,6.193287,
EOSS-303,KC0D-3,2020-11-01 07:31:32.242,2020-11-01 07:31:30,54209.0,16522.9,930.0,2078.0,ascending,True,/143130h4001.38N/10342.76WO109/036/A=054209 -585T725563P EOSS BALLOON,"KC0D-3>APZEOS,EOSS,WIDE2-1,qAO,W9CN-9:/143130h4001.38N/10342.76WO109/036/A=054209 -585T725563P EOSS BALLOON",109.0,41.0,66.0,40.023,-103.7126666667,23.79,38.28,-73.3,-58.5,214.65,7255630.0,71.61,0.22848627,117.75698667,0.00023889,-8.333e-05,15.5,4.72433333,low Re,-0.294828,23.694744,0.0028,3.462552,0.068202,-2.366678,-4.363919,20.509748,-0.089856,7.222157,0.000853,1.055377,0.020787,-2.36676,-4.363737,6.155186,
EOSS-303,KC0D-1,2020-11-01 07:31:46.792,2020-11-01 07:31:45,54527.0,16619.83,872.0,2093.0,ascending,True,/143145h4001.31N/10342.53WO112/048!W36!/A=054527 30T970P EOSS BALLOON,"KC0D-1>APZEOS,EOSS,qAO,W0ARP-2:/143145h4001.31N/10342.53WO112/048!W36!/A=054527 30T970P EOSS BALLOON",112.0,55.0,88.5,40.0218833333,-103.7089333333,23.99,38.61,37.4,3.0,276.15,9700.0,0.1,0.00023743,0.12236836,0.00024667,-7.389e-05,14.53333333,4.42966667,low Re,-0.032222,23.647028,0.002617,3.516196,0.068069,-2.591919,-0.511819,20.319938,-0.009822,7.207612,0.000798,1.071729,0.020747,-2.592022,-0.511881,6.103246,
EOSS-303,KC0D-3,2020-11-01 07:32:04.254,2020-11-01 07:32:00,54635.0,16652.75,852.0,2108.0,ascending,True,/143200h4001.24N/10342.31WO117/046/A=054635 -588T718400P EOSS BALLOON,"KC0D-3>APZEOS,EOSS,WIDE2-1,qAO,W9CN-9:/143200h4001.24N/10342.31WO117/046/A=054635 -588T718400P EOSS BALLOON",117.0,53.0,85.3,40.0206666667,-103.7051666667,24.2,38.95,-73.84,-58.8,214.35,7184000.0,70.9,0.22654721,116.75763369,0.00025,-7.778e-05,14.2,4.32833333,low Re,-0.011111,23.59808,0.002545,3.572347,0.067898,-2.630786,-0.201125,20.25591,-0.003378,7.192694,0.000776,1.088842,0.020695,-2.630649,-0.200725,6.085875,
EOSS-303,K0SCC-14,2020-11-01 07:32:21.336,2020-11-01 07:32:13,54889.0,16730.17,940.3,2121.0,ascending,True,/143213h4001.17N/10342.14WO125/045eEOSS.org Balloon/A=054889!W65!,"K0SCC-14>APTT4,EOSSD,EOSSD,qAO,W9CN-9:/143213h4001.17N/10342.14WO125/045eEOSS.org Balloon/A=054889!W65!",125.0,52.0,83.7,40.0196,-103.7024166667,24.36,39.21,,,,,,,,0.00023966,-7.644e-05,15.67241379,4.77706897,low Re,0.025386,23.557226,0.002664,3.608231,0.067741,-2.185229,0.335425,20.106333,0.007737,7.180242,0.000812,1.099778,0.020647,-2.185144,0.3354,6.04559,
EOSS-303,KC0D-1,2020-11-01 07:32:16.761,2020-11-01 07:32:15,55045.0,16777.72,1036.0,2123.0,ascending,True,/143215h4001.16N/10342.13WO122/033!W82!/A=055045 28T944P EOSS BALLOON,"KC0D-1>APZEOS,EOSS,qAO,W9CN-9:/143215h4001.16N/10342.13WO122/033!W82!/A=055045 28T944P EOSS BALLOON",122.0,38.0,61.2,40.0194666667,-103.7022,24.38,39.23,37.04,2.8,275.95,9440.0,0.09,0.00023124,0.11917469,0.00022444,-8.056e-05,17.26666667,5.263,low Re,0.053142,23.524966,0.002924,3.627003,0.067662,-1.725474,0.742189,20.015237,0.016198,7.17041,0.000891,1.105499,0.020623,-1.725384,0.74223,6.021255,
EOSS-303,KC0D-3,2020-11-01 07:32:32.281,2020-11-01 07:32:30,55230.0,16834.1,1190.0,2138.0,ascending,True,/143230h4001.10N/10341.98WO133/038/A=055230 -605T707873P EOSS BALLOON,"KC0D-3>APZEOS,EOSS,WIDE2-1,qAO,W9CN-9:/143230h4001.10N/10341.98WO133/038/A=055230 -605T707873P EOSS BALLOON",133.0,44.0,70.8,40.0183333333,-103.6996666667,24.53,39.48,-76.9,-60.5,212.65,7078730.0,69.86,0.22501208,115.96646248,0.00018333,-7.778e-05,19.83333333,6.045,low Re,0.085556,23.506132,0.003348,3.627288,0.067747,-1.012547,1.213456,19.908047,0.026067,7.164668,0.00102,1.105587,0.020648,-1.012736,1.213047,5.992815,
EOSS-303,K0SCC-14,2020-11-01 07:32:57.052,2020-11-01 07:32:42,55450.0,16901.16,1160.7,2150.0,ascending,True,/143242h4001.03N/10341.85WO142/055eEOSS.org Balloon/A=055450!W27!,"K0SCC-14>APTT4,EOSSD,EOSSD,qAO,W9CN-9:/143242h4001.03N/10341.85WO142/055eEOSS.org Balloon/A=055450!W27!",142.0,63.0,101.4,40.0172,-103.6976166667,24.67,39.7,,,,,,,,0.00016552,-8.276e-05,19.34482759,5.8962069,low Re,-0.016845,23.485008,0.003245,3.63015,0.067588,-1.140498,-0.297242,19.781868,-0.005131,7.158229,0.000989,1.10646,0.0206,-1.140594,-0.297087,5.959594,
EOSS-303,KC0D-1,2020-11-01 07:32:47.019,2020-11-01 07:32:45,55593.0,16944.75,1096.0,2153.0,ascending,True,/143245h4001.01N/10341.82WO123/036!W96!/A=055593 24T918P EOSS BALLOON,"KC0D-1>APZEOS,EOSS,qAO,W9CN-9:/143245h4001.01N/10341.82WO123/036!W96!/A=055593 24T918P EOSS BALLOON",123.0,41.0,66.0,40.0169833333,-103.6971,24.7,39.75,36.32,2.4,275.55,9180.0,0.09,0.00022519,0.11606057,0.00017,-8.278e-05,18.26666667,5.56766667,low Re,-0.035939,23.458653,0.003046,3.639867,0.067473,-1.426422,-0.577787,19.700662,-0.010951,7.150196,0.000928,1.109421,0.020565,-1.426446,-0.577632,5.938361,
EOSS-303,KC0D-3,2020-11-01 07:33:04.461,2020-11-01 07:33:00,55765.0,16997.17,1070.0,2168.0,ascending,True,/143300h4000.91N/10341.65WO135/057/A=055765 -601T701524P EOSS BALLOON,"KC0D-3>APZEOS,EOSS,WIDE2-1,qAO,N6BA-10:/143300h4000.91N/10341.65WO135/057/A=055765 -601T701524P EOSS BALLOON",135.0,66.0,106.2,40.0151666667,-103.6941666667,24.9,40.07,-76.18,-60.1,213.05,7015240.0,69.24,0.22257525,114.71057154,0.00018333,-0.00010556,17.83333333,5.43566667,low Re,-0.014444,23.430385,0.002957,3.652497,0.067313,-1.53239,-0.258509,19.60389,-0.0044,7.14158,0.000901,1.113271,0.020516,-1.532343,-0.258384,5.913215,
EOSS-303,K0SCC-14,2020-11-01 07:33:32.394,2020-11-01 07:33:11,55913.0,17042.28,957.9,2179.0,ascending,True,/143311h4000.83N/10341.52WO127/049eEOSS.org Balloon/A=055913!W37!,"K0SCC-14>APTT4,EOSSD,EOSSD,qAO,W9CN-9:/143311h4000.83N/10341.52WO127/049eEOSS.org Balloon/A=055913!W37!",127.0,56.0,90.1,40.0138833333,-103.6921166667,25.04,40.29,,,,,,,,0.00018966,-0.00011437,15.96551724,4.8662069,low Re,-0.064407,23.393061,0.002619,3.681347,0.067313,-2.017616,-0.995736,19.521455,-0.019637,7.130204,0.000798,1.122065,0.020516,-2.017706,-0.996052,5.891921,
EOSS-303,KC0D-1,2020-11-01 07:33:16.763,2020-11-01 07:33:15,56121.0,17105.68,1056.0,2183.0,ascending,True,/143315h4000.81N/10341.48WO128/035!W16!/A=056121 22T893P EOSS BALLOON,"KC0D-1>APZEOS,EOSS,qAO,W9CN-9:/143315h4000.81N/10341.48WO128/035!W16!/A=056121 22T893P EOSS BALLOON",128.0,40.0,64.4,40.0135166667,-103.6914333333,25.08,40.36,35.96,2.2,275.35,8930.0,0.09,0.00021922,0.11298189,0.00018889,-0.00011556,17.6,5.36433333,low Re,0.054483,23.364239,0.002878,3.694796,0.067244,-1.560097,0.767429,19.406979,0.016604,7.121418,0.000877,1.126166,0.020495,-1.560236,0.767358,5.862543,
EOSS-303,KC0D-3,2020-11-01 07:33:32.353,2020-11-01 07:33:30,56242.0,17142.56,954.0,2198.0,ascending,True,/143330h4000.70N/10341.34WO138/046/A=056242 -600T694746P EOSS BALLOON,"KC0D-3>APZEOS,EOSS,WIDE2-1,qAO,W9CN-9:/143330h4000.70N/10341.34WO138/046/A=056242 -600T694746P EOSS BALLOON",138.0,53.0,85.3,40.0116666667,-103.689,25.26,40.65,-76.0,-60.0,213.15,6947460.0,68.57,0.22032136,113.54896156,0.00017222,-0.00011667,15.9,4.84633333,low Re,-0.056667,23.327288,0.002582,3.722824,0.067207,-1.995068,-0.88159,19.341162,-0.017267,7.110155,0.000787,1.134708,0.020484,-1.99507,-0.881371,5.845756,
EOSS-303,KC0D-1,2020-11-01 07:33:46.782,2020-11-01 07:33:45,56570.0,17242.54,898.0,2213.0,ascending,True,/143345h4000.61N/10341.22WO132/031!W08!/A=056570 18T873P EOSS BALLOON,"KC0D-1>APZEOS,EOSS,qAO,W9CN-9:/143345h4000.61N/10341.22WO132/031!W08!/A=056570 18T873P EOSS BALLOON",132.0,36.0,57.9,40.0101666667,-103.6871333333,25.4,40.88,35.24,1.8,274.95,8730.0,0.09,0.00021462,0.11061218,0.00014333,-0.00011167,14.96666667,4.562,low Re,-0.031111,23.286102,0.002415,3.759673,0.067081,-2.212808,-0.499784,19.165802,-0.009478,7.097603,0.000736,1.145938,0.020445,-2.212688,-0.499584,5.801383,
EOSS-303,KC0D-3,2020-11-01 07:34:04.546,2020-11-01 07:34:00,56669.0,17272.71,854.0,2228.0,ascending,True,/143400h4000.51N/10341.11WO136/045/A=056669 -578T688917P EOSS BALLOON,"KC0D-3>APZEOS,EOSS,WIDE2-1,qAO,N2XGL-12:/143400h4000.51N/10341.11WO136/045/A=056669 -578T688917P EOSS BALLOON",136.0,52.0,83.7,40.0085,-103.6851666667,25.55,41.12,-72.04,-57.8,215.35,6889170.0,67.99,0.21624093,111.44599716,0.00012778,-0.00010556,14.23333333,4.33833333,low Re,-0.024444,23.241726,0.002283,3.803582,0.066941,-2.368397,-0.399262,19.113791,-0.007456,7.084077,0.000696,1.159322,0.020403,-2.368405,-0.399549,5.788326,
EOSS-303,K0SCC-14,2020-11-01 07:34:15.026,2020-11-01 07:34:09,56818.0,17318.13,936.2,2237.0,ascending,True,/143409h4000.43N/10341.03WO147/054eEOSS.org Balloon/A=056818!W23!,"K0SCC-14>APTT4,EOSSD,EOSSD,qAO,W9CN-9:/143409h4000.43N/10341.03WO147/054eEOSS.org Balloon/A=056818!W23!",147.0,62.0,99.8,40.0072,-103.6838833333,25.66,41.3,,,,,,,,0.00014195,-0.00011523,15.60344828,4.75603448,low Re,0.023623,23.204466,0.002387,3.831569,0.066793,-1.983787,0.317938,19.036352,0.007202,7.072721,0.000728,1.167851,0.020358,-1.983718,0.318008,5.768962,
EOSS-303,KC0D-1,2020-11-01 07:34:16.767,2020-11-01 07:34:15,57010.0,17376.65,880.0,2243.0,ascending,True,/143415h4000.38N/10340.98WO148/037!W56!/A=057010 17T852P EOSS BALLOON,"KC0D-1>APZEOS,EOSS,qAO,W9CN-9:/143415h4000.38N/10340.98WO148/037!W56!/A=057010 17T852P EOSS BALLOON",148.0,43.0,69.2,40.0064166667,-103.6831,25.73,41.4,35.06,1.7,274.85,8520.0,0.08,0.00020954,0.10799069,0.00013444,-0.000125,14.66666667,4.47033333,low Re,-0.031226,23.163021,0.002223,3.868224,0.06667,-2.196448,-0.50171,18.938101,-0.009523,7.060088,0.000678,1.179025,0.02032,-2.196522,-0.502018,5.744541,
EOSS-303,KC0D-3,2020-11-01 07:34:31.946,2020-11-01 07:34:30,57100.0,17404.08,862.0,2258.0,ascending,True,/143430h4000.26N/10340.88WO142/047/A=057100 -582T681913P EOSS BALLOON,"KC0D-3>APZEOS,EOSS,WIDE2-1,qAO,W9CN-9:/143430h4000.26N/10340.88WO142/047/A=057100 -582T681913P EOSS BALLOON",142.0,54.0,86.9,40.0043333333,-103.6813333333,25.89,41.66,-72.76,-58.2,214.95,6819130.0,67.3,0.21444079,110.51824231,0.00012778,-0.00013889,14.36666667,4.379,low Re,-0.01,23.120526,0.002164,3.906958,0.066513,-2.240582,-0.182882,18.892659,-0.003044,7.047136,0.00066,1.190831,0.020272,-2.240566,-0.182715,5.7333,
EOSS-303,K0SCC-14,2020-11-01 07:34:51.246,2020-11-01 07:34:38,57215.0,17439.13,821.4,2266.0,ascending,True,/143438h4000.18N/10340.80WO153/041eEOSS.org Balloon/A=057215!W08!,"K0SCC-14>APTT4,EOSSD,EOSSD,qAO,KB0TVJ-1:/143438h4000.18N/10340.80WO153/041eEOSS.org Balloon/A=057215!W08!",153.0,47.0,75.6,40.003,-103.6801333333,25.99,41.83,,,,,,,,0.00012931,-0.00014483,13.68965517,4.17241379,low Re,-0.023345,23.075185,0.002041,3.951985,0.066375,-2.37489,-0.382463,18.835179,-0.007124,7.033315,0.000622,1.204557,0.02023,-2.375065,-0.382897,5.719129,
EOSS-303,KC0D-1,2020-11-01 07:34:46.850,2020-11-01 07:34:45,57427.0,17503.75,834.0,2273.0,ascending,True,/143445h4000.11N/10340.75WO155/036!W16!/A=057427 13T835P EOSS BALLOON,"KC0D-1>APZEOS,EOSS,qAO,W0ARP-2:/143445h4000.11N/10340.75WO155/036!W16!/A=057427 13T835P EOSS BALLOON",155.0,41.0,66.0,40.00185,-103.6792666667,26.08,41.97,34.34,1.3,274.45,8350.0,0.08,0.00020565,0.10599019,0.00012778,-0.00015222,13.9,4.23666667,low Re,0.007011,23.031285,0.002065,3.99323,0.066215,-2.286691,0.074696,18.730982,0.002142,7.019934,0.000629,1.217129,0.020182,-2.286748,0.074968,5.693576,
EOSS-303,KC0D-3,2020-11-01 07:35:04.098,2020-11-01 07:35:00,57543.0,17539.11,886.0,2288.0,ascending,True,/143500h3959.96N/10340.67WO158/035/A=057543 -569T676650P EOSS BALLOON,"KC0D-3>APZEOS,EOSS,WIDE2-1,qAO,N2XGL-12:/143500h3959.96N/10340.67WO158/035/A=057543 -569T676650P EOSS BALLOON",158.0,40.0,64.4,39.9993333333,-103.6778333333,26.24,42.23,-70.42,-56.9,216.25,6766500.0,66.78,0.21150656,109.00600387,0.00011667,-0.00016667,14.76666667,4.501,low Re,0.028889,22.99193,0.002193,4.024282,0.066082,-2.043908,0.403983,18.674962,0.008811,7.007939,0.000668,1.226593,0.020141,-2.043823,0.4043,5.679908,
EOSS-303,K0SCC-14,2020-11-01 07:35:26.442,2020-11-01 07:35:07,57655.0,17573.24,910.3,2295.0,ascending,True,/143507h3959.90N/10340.63WO140/032eEOSS.org Balloon/A=057655!W51!,"K0SCC-14>APTT4,EOSSD,EOSSD,qAO,W9CN-9:/143507h3959.90N/10340.63WO140/032eEOSS.org Balloon/A=057655!W51!",140.0,37.0,59.5,39.9984166667,-103.6771833333,26.31,42.34,,,,,,,,0.00010172,-0.00015805,15.17241379,4.62448276,low Re,0.013991,22.95487,0.002249,4.050619,0.065929,-1.9213,0.178101,18.621558,0.004258,6.996643,0.000686,1.234621,0.020094,-1.921367,0.177765,5.66693,
EOSS-303,KC0D-1,2020-11-01 07:35:16.792,2020-11-01 07:35:15,57876.0,17640.6,898.0,2303.0,ascending,True,/143515h3959.84N/10340.59WO156/030!W53!/A=057876 12T816P EOSS BALLOON,"KC0D-1>APZEOS,EOSS,qAO,W0ARP-2:/143515h3959.84N/10340.59WO156/030!W53!/A=057876 12T816P EOSS BALLOON",156.0,35.0,56.3,39.9974166667,-103.67655,26.37,42.45,34.16,1.2,274.35,8160.0,0.08,0.00020105,0.1036162,9.056e-05,-0.00014778,14.96666667,4.56166667,low Re,-0.006858,22.91719,0.002206,4.078082,0.065775,-1.949574,-0.137803,18.518196,-0.002094,6.985157,0.000672,1.242994,0.020047,-1.94972,-0.137976,5.641931,
EOSS-303,KC0D-3,2020-11-01 07:35:32.116,2020-11-01 07:35:30,58112.0,17712.54,1138.0,2318.0,ascending,True,/143530h3959.72N/10340.53WO155/044/A=058112 -573T669352P EOSS BALLOON,"KC0D-3>APZEOS,EOSS,WIDE2-1,qAO,N2XGL-12:/143530h3959.72N/10340.53WO155/044/A=058112 -573T669352P EOSS BALLOON",155.0,51.0,82.1,39.9953333333,-103.6755,26.51,42.66,-71.14,-57.3,215.85,6693520.0,66.06,0.20961309,108.03014554,7.778e-05,-0.00013333,18.96666667,5.781,low Re,0.133333,22.898643,0.002825,4.077447,0.066234,-0.964323,1.970408,18.410855,0.040644,6.979504,0.000861,1.2428,0.020187,-0.964358,1.970724,5.616142,
EOSS-303,KC0D-1,2020-11-01 07:35:46.904,2020-11-01 07:35:45,58701.0,17892.06,1650.0,2333.0,ascending,True,/143545h3959.65N/10340.41WO117/034!W29!/A=058701 9T782P EOSS BALLOON,"KC0D-1>APZEOS,EOSS,qAO,N2XGL-12:/143545h3959.65N/10340.41WO117/034!W29!/A=058701 9T782P EOSS BALLOON",117.0,39.0,62.8,39.9942,-103.67365,26.63,42.86,33.62,0.9,274.05,7820.0,0.08,0.00019288,0.09940756,9.667e-05,-0.00010722,27.5,8.382,low Re,0.284444,22.920145,0.004147,4.080007,0.068837,1.122512,4.071894,18.157263,0.0867,6.986058,0.001264,1.243581,0.020981,1.122518,4.072065,5.555902,
EOSS-303,KC0D-3,2020-11-01 07:36:04.206,2020-11-01 07:36:00,59085.0,18009.11,1946.0,2348.0,ascending,True,/143600h3959.58N/10340.25WO128/035/A=059085 -572T655640P EOSS BALLOON,"KC0D-3>APZEOS,EOSS,WIDE2-1,qAO,N2XGL-12:/143600h3959.58N/10340.25WO128/035/A=059085 -572T655640P EOSS BALLOON",128.0,40.0,64.4,39.993,-103.6708333333,26.8,43.13,-70.96,-57.2,215.95,6556400.0,64.71,0.20522398,105.76809493,0.00015556,-7.778e-05,32.43333333,9.88566667,low Re,0.164444,22.964392,0.004896,4.121845,0.069544,2.297258,2.294202,18.003422,0.050122,6.999544,0.001492,1.256333,0.021196,2.297259,2.294301,5.519787,
EOSS-303,KC0D-1,2020-11-01 07:36:16.762,2020-11-01 07:36:15,59764.0,18216.07,2126.0,2363.0,ascending,True,/143615h3959.50N/10340.05WO122/042!W55!/A=059764 8T741P EOSS BALLOON,"KC0D-1>APZEOS,EOSS,qAO,W9CN-9:/143615h3959.50N/10340.05WO122/042!W55!/A=059764 8T741P EOSS BALLOON",122.0,48.0,77.2,39.99175,-103.6675833333,26.99,43.43,33.44,0.8,273.95,7410.0,0.07,0.00018284,0.09423003,0.00020222,-8.167e-05,35.43333333,10.80033333,low Re,0.1,23.022119,0.005338,4.198854,0.069684,2.955858,1.358447,17.754648,0.030489,7.01714,0.001627,1.279809,0.021239,2.956061,1.358915,5.461985,
EOSS-303,KC0D-3,2020-11-01 07:36:32.129,2020-11-01 07:36:30,60044.0,18301.41,1918.0,2378.0,ascending,True,/143630h3959.39N/10339.89WO158/034/A=060044 -591T646062P EOSS BALLOON,"KC0D-3>APZEOS,EOSS,WIDE2-1,qAO,W9CN-9:/143630h3959.39N/10339.89WO158/034/A=060044 -591T646062P EOSS BALLOON",158.0,39.0,62.8,39.9898333333,-103.6648333333,27.18,43.75,-74.38,-59.1,214.05,6460620.0,63.76,0.20402099,105.14809628,0.0002,-0.00010556,31.96666667,9.74333333,low Re,-0.115556,23.063338,0.004779,4.2329,0.070007,2.103364,-1.7189,17.660956,-0.035233,7.029703,0.001456,1.290185,0.021338,2.103288,-1.719421,5.440367,
EOSS-303,K0SCC-14,2020-11-01 07:36:43.530,2020-11-01 07:36:34,60099.0,18318.18,1685.5,2382.0,ascending,True,/143634h3959.37N/10339.87WO133/020eEOSS.org Balloon/A=060099!W29!,"K0SCC-14>APTT4,EOSSD,EOSSD,qAO,W9CN-9:/143634h3959.37N/10339.87WO133/020eEOSS.org Balloon/A=060099!W29!",133.0,23.0,37.0,39.9895333333,-103.66465,27.2,43.78,,,,,,,,0.00014406,-0.00010211,28.09195402,8.56252874,low Re,-0.044537,23.086405,0.004551,4.236846,0.069925,1.181433,-0.702009,17.643173,-0.013572,7.036735,0.001387,1.291388,0.021313,1.181515,-0.701872,5.436269,
EOSS-303,KC0D-1,2020-11-01 07:36:46.777,2020-11-01 07:36:45,60383.0,18404.74,1238.0,2393.0,ascending,True,/143645h3959.31N/10339.77WO136/028!W18!/A=060383 5T717P EOSS BALLOON,"KC0D-1>APZEOS,EOSS,qAO,W9CN-9:/143645h3959.31N/10339.77WO136/028!W18!/A=060383 5T717P EOSS BALLOON",136.0,32.0,51.5,39.9885166667,-103.6629666667,27.32,43.96,32.9,0.5,273.65,7170.0,0.07,0.00017711,0.09127801,0.00015389,-0.00010778,20.63333333,6.289,low Re,-0.248621,23.075204,0.00339,4.230366,0.07184,-0.577224,-3.507948,17.554608,-0.075784,7.03332,0.001033,1.289413,0.021896,-0.577255,-3.508266,5.415888,
EOSS-303,KC0D-1,2020-11-01 07:37:16.886,2020-11-01 07:37:15,60875.0,18554.7,984.0,2423.0,ascending,True,/143715h3959.11N/10339.58WO143/024!W80!/A=060875 4T699P EOSS BALLOON,"KC0D-1>APZEOS,EOSS,qAO,W0ARP-2:/143715h3959.11N/10339.58WO143/024!W80!/A=060875 4T699P EOSS BALLOON",143.0,28.0,45.1,39.9853,-103.6596666667,27.59,44.4,32.72,0.4,273.55,6990.0,0.07,0.00017273,0.08901904,0.00011,-0.00010722,16.4,4.99866667,low Re,-0.141111,23.044862,0.00273,4.244622,0.072337,-1.565478,-1.988484,17.414196,-0.043011,7.024072,0.000832,1.293759,0.022048,-1.56552,-1.988525,5.383584,
EOSS-303,KC0D-3,2020-11-01 07:37:32.315,2020-11-01 07:37:30,61127.0,18631.51,1083.0,2438.0,ascending,True,/143730h3959.05N/10339.49WO133/021/A=061127 -588T632237P EOSS BALLOON,"KC0D-3>APZEOS,EOSS,WIDE2-1,qAO,N6BA-10:/143730h3959.05N/10339.49WO133/021/A=061127 -588T632237P EOSS BALLOON",133.0,24.0,38.6,39.9841666667,-103.6581666667,27.7,44.58,-73.84,-58.8,214.35,6322370.0,62.4,0.19937574,102.75403125,0.00011111,-9.444e-05,18.05,5.50166667,low Re,0.0275,23.022261,0.002843,4.248272,0.072191,-1.17042,0.341552,17.348694,0.008383,7.017183,0.000866,1.294871,0.022003,-1.170399,0.341635,5.368474,
EOSS-303,K0SCC-14,2020-11-01 07:37:54.351,2020-11-01 07:37:32,61189.0,18650.41,1127.6,2440.0,ascending,True,/143732h3959.04N/10339.48WO132/027eEOSS.org Balloon/A=061189!W84!,"K0SCC-14>APTT4,EOSSD,EOSSD,qAO,W9CN-9:/143732h3959.04N/10339.48WO132/027eEOSS.org Balloon/A=061189!W84!",132.0,31.0,49.9,39.9841333333,-103.6580666667,27.71,44.59,,,,,,,,0.00011351,-9.31e-05,18.79310345,5.72810345,low Re,0.012812,23.00321,0.002888,4.248143,0.07203,-0.991046,0.137776,17.333245,0.003904,7.011377,0.00088,1.294832,0.021954,-0.991073,0.137743,5.364902,
EOSS-303,KC0D-1,2020-11-01 07:37:46.783,2020-11-01 07:37:45,61522.0,18751.91,1294.0,2453.0,ascending,True,/143745h3959.02N/10339.40WO134/023!W31!/A=061522 1T676P EOSS BALLOON,"KC0D-1>APZEOS,EOSS,qAO,W9CN-9:/143745h3959.02N/10339.40WO134/023!W31!/A=061522 1T676P EOSS BALLOON",134.0,26.0,41.8,39.9837166667,-103.6566833333,27.78,44.71,32.18,0.1,273.25,6760.0,0.07,0.00016723,0.08618446,9.944e-05,-5.278e-05,21.56666667,6.57366667,low Re,0.092452,22.996768,0.003291,4.239656,0.072117,-0.337315,1.236338,17.254757,0.028185,7.009414,0.001003,1.292245,0.021981,-0.337202,1.236613,5.346679,
EOSS-303,KC0D-3,2020-11-01 07:38:04.405,2020-11-01 07:38:00,61634.0,18786.04,1014.0,2468.0,ascending,True,/143800h3958.95N/10339.31WO127/030/A=061634 -572T626928P EOSS BALLOON,"KC0D-3>APZEOS,EOSS,WIDE2-1,qAO,N6BA-10:/143800h3958.95N/10339.31WO127/030/A=061634 -572T626928P EOSS BALLOON",127.0,35.0,56.3,39.9825,-103.6551666667,27.9,44.9,-70.96,-57.2,215.95,6269280.0,61.87,0.19623675,101.13626414,0.0001,-5.556e-05,16.9,5.151,low Re,-0.155556,22.969551,0.002579,4.249708,0.072737,-1.428228,-2.174065,17.230055,-0.047422,7.001117,0.000786,1.29531,0.02217,-1.42832,-2.17447,5.34091,
EOSS-303,KC0D-1,2020-11-01 07:38:16.743,2020-11-01 07:38:15,61938.0,18878.7,832.0,2483.0,ascending,True,/143815h3958.88N/10339.21WO133/022!W52!/A=061938 0T662P EOSS BALLOON,"KC0D-1>APZEOS,EOSS,qAO,W9CN-9:/143815h3958.88N/10339.21WO133/022!W52!/A=061938 0T662P EOSS BALLOON",133.0,25.0,40.2,39.9814166667,-103.6535333333,28.01,45.08,32.0,0.0,273.15,6620.0,0.07,0.00016382,0.08443048,0.000105,-7.667e-05,13.86666667,4.22633333,low Re,-0.101111,22.929093,0.002116,4.283418,0.072904,-2.1157,-1.415931,17.167279,-0.030822,6.988785,0.000645,1.305587,0.022221,-2.115869,-1.416093,5.326128,
EOSS-303,KC0D-3,2020-11-01 07:38:32.268,2020-11-01 07:38:30,62050.0,18912.84,832.0,2498.0,ascending,True,/143830h3958.82N/10339.12WO125/029/A=062050 -564T621664P EOSS BALLOON,"KC0D-3>APZEOS,EOSS,WIDE2-1,qAO,W9CN-9:/143830h3958.82N/10339.12WO125/029/A=062050 -564T621664P EOSS BALLOON",125.0,33.0,53.1,39.9803333333,-103.652,28.12,45.26,-69.52,-56.4,216.75,6216640.0,61.35,0.19387084,99.91692528,0.00010556,-7.222e-05,13.86666667,4.22666667,low Re,0.0,22.888994,0.002107,4.316193,0.072741,-2.090344,-0.028966,17.145715,1.1e-05,6.976563,0.000642,1.315575,0.022171,-2.090262,-0.028461,5.321,
EOSS-303,KC0D-1,2020-11-01 07:38:46.767,2020-11-01 07:38:45,62361.0,19007.63,846.0,2513.0,ascending,True,/143845h3958.75N/10339.04WO138/022!W21!/A=062361 -2T647P EOSS BALLOON,"KC0D-1>APZEOS,EOSS,qAO,W9CN-9:/143845h3958.75N/10339.04WO138/022!W21!/A=062361 -2T647P EOSS BALLOON",138.0,25.0,40.2,39.9792,-103.6506833333,28.22,45.42,31.64,-0.2,272.95,6470.0,0.06,0.00016023,0.08257786,9.5e-05,-7.389e-05,14.1,4.29766667,low Re,0.007778,22.850276,0.002132,4.345961,0.07258,-2.013427,0.07779,17.090205,0.002367,6.964762,0.00065,1.324649,0.022122,-2.013436,0.077615,5.30763,
EOSS-303,K0SCC-14,2020-11-01 07:39:11.270,2020-11-01 07:38:59,62442.0,19032.32,864.1,2527.0,ascending,True,/143859h3958.68N/10338.95WO155/018eEOSS.org Balloon/A=062442!W88!,"K0SCC-14>APTT4,EOSSD,EOSSD,qAO,W9CN-9:/143859h3958.68N/10338.95WO155/018eEOSS.org Balloon/A=062442!W88!",155.0,21.0,33.8,39.9781333333,-103.6493,28.33,45.59,,,,,,,,0.00010077,-6.897e-05,14.40229885,4.38977011,low Re,0.003475,22.813224,0.002138,4.372322,0.072419,-1.923675,0.018462,17.076792,0.001059,6.953468,0.000651,1.332684,0.022073,-1.92371,0.018484,5.304352,
EOSS-303,KC0D-3,2020-11-01 07:39:04.332,2020-11-01 07:39:00,62454.0,19035.98,808.0,2528.0,ascending,True,/143900h3958.68N/10338.95WO151/027/A=062454 -554T619585P EOSS BALLOON,"KC0D-3>APZEOS,EOSS,WIDE2-1,qAO,W9CN-9:/143900h3958.68N/10338.95WO151/027/A=062454 -554T619585P EOSS BALLOON",151.0,31.0,49.9,39.978,-103.6491666667,28.34,45.61,-67.72,-55.4,217.75,6195850.0,61.15,0.19233513,99.12545189,9.444e-05,-7.778e-05,13.46666667,4.10466667,low Re,-0.031188,22.772409,0.001991,4.406226,0.072293,-2.111953,-0.458952,17.074841,-0.009503,6.941028,0.000607,1.343018,0.022035,-2.111931,-0.458816,5.303873,
EOSS-303,KC0D-1,2020-11-01 07:39:16.787,2020-11-01 07:39:15,62774.0,19133.52,826.0,2543.0,ascending,True,/143915h3958.60N/10338.88WO151/023!W64!/A=062774 -2T633P EOSS BALLOON,"KC0D-1>APZEOS,EOSS,qAO,W9CN-9:/143915h3958.60N/10338.88WO151/023!W64!/A=062774 -2T633P EOSS BALLOON",151.0,26.0,41.8,39.9767666667,-103.6480666667,28.44,45.76,31.64,-0.2,272.95,6330.0,0.06,0.00015676,0.08079101,8.722e-05,-8.111e-05,13.76666667,4.19633333,low Re,0.01,22.733254,0.002026,4.436515,0.072136,-2.021088,0.110541,17.026259,0.003056,6.929094,0.000618,1.352248,0.021987,-2.020902,0.110884,5.291767,
EOSS-303,K0SCC-14,2020-11-01 07:39:46.610,2020-11-01 07:39:28,62846.0,19155.46,835.9,2556.0,ascending,True,/143928h3958.53N/10338.81WO151/025eEOSS.org Balloon/A=062846!W55!,"K0SCC-14>APTT4,EOSSD,EOSSD,qAO,W9CN-9:/143928h3958.53N/10338.81WO151/025eEOSS.org Balloon/A=062846!W55!",151.0,29.0,46.7,39.9755833333,-103.6469166667,28.53,45.92,,,,,,,,8.218e-05,-8.793e-05,13.93103448,4.2462069,low Re,0.005668,22.695149,0.002042,4.464583,0.071979,-1.963031,0.050376,17.016231,0.00172,6.91748,0.000622,1.360802,0.021939,-1.963014,0.050048,5.289215,
EOSS-303,KC0D-3,2020-11-01 07:39:32.526,2020-11-01 07:39:30,62875.0,19164.3,842.0,2558.0,ascending,True,/143930h3958.52N/10338.80WO125/021/A=062875 -566T611860P EOSS BALLOON,"KC0D-3>APZEOS,EOSS,WIDE2-1,qAO,N6BA-9:/143930h3958.52N/10338.80WO125/021/A=062875 -566T611860P EOSS BALLOON",125.0,24.0,38.6,39.9753333333,-103.6466666667,28.56,45.96,-69.88,-56.6,216.55,6118600.0,60.39,0.19098962,98.43200309,8.333e-05,-8.889e-05,14.03333333,4.27733333,low Re,0.00341,22.657813,0.002048,4.491058,0.071823,-1.920367,0.018963,17.012285,0.001038,6.9061,0.000624,1.368872,0.021891,-1.920389,0.018912,5.288204,
EOSS-303,KC0D-1,2020-11-01 07:39:46.873,2020-11-01 07:39:45,63185.0,19258.79,822.0,2573.0,ascending,True,/143945h3958.46N/10338.74WO147/025!W12!/A=063185 -5T620P EOSS BALLOON,"KC0D-1>APZEOS,EOSS,qAO,N2XGL-12:/143945h3958.46N/10338.74WO147/025!W12!/A=063185 -5T620P EOSS BALLOON",147.0,29.0,46.7,39.97435,-103.6457,28.64,46.09,31.1,-0.5,272.65,6200.0,0.06,0.00015371,0.07921887,7.889e-05,-8.056e-05,13.7,4.17566667,low Re,-0.011111,22.619368,0.001991,4.51963,0.071672,-1.973473,-0.182805,16.973393,-0.003389,6.894382,0.000607,1.377582,0.021845,-1.973542,-0.182925,5.278,
EOSS-303,K0SCC-14,2020-11-01 07:40:22.266,2020-11-01 07:39:57,63240.0,19275.55,815.2,2585.0,ascending,True,/143957h3958.40N/10338.69WO132/015eEOSS.org Balloon/A=063240!W43!,"K0SCC-14>APTT4,EOSSD,EOSSD,qAO,W9CN-9:/143957h3958.40N/10338.69WO132/015eEOSS.org Balloon/A=063240!W43!",132.0,17.0,27.4,39.9734,-103.6448833333,28.71,46.21,,,,,,,,7.011e-05,-7.529e-05,13.5862069,4.14103448,low Re,-0.003924,22.580765,0.001966,4.548416,0.071519,-1.977514,-0.082356,16.967113,-0.001194,6.882615,0.000599,1.386356,0.021799,-1.977544,-0.082251,5.276303,
EOSS-303,KC0D-3,2020-11-01 07:40:04.406,2020-11-01 07:40:00,63297.0,19292.93,844.0,2588.0,ascending,True,/144000h3958.39N/10338.67WO144/019/A=063297 -556T609307P EOSS BALLOON,"KC0D-3>APZEOS,EOSS,WIDE2-1,qAO,W9CN-9:/144000h3958.39N/10338.67WO144/019/A=063297 -556T609307P EOSS BALLOON",144.0,22.0,35.4,39.9731666667,-103.6445,28.74,46.25,-68.08,-55.6,217.55,6093070.0,60.13,0.18931846,97.57072425,7.222e-05,-7.222e-05,14.06666667,4.28766667,low Re,0.016015,22.544534,0.002026,4.572543,0.071371,-1.854081,0.196004,16.9608,0.004888,6.871573,0.000618,1.393709,0.021754,-1.853978,0.196286,5.274578,
EOSS-303,KC0D-1,2020-11-01 07:40:16.770,2020-11-01 07:40:15,63647.0,19399.61,924.0,2603.0,ascending,True,/144015h3958.35N/10338.60WO114/018!W00!/A=063647 -5T606P EOSS BALLOON,"KC0D-1>APZEOS,EOSS,qAO,W9CN-9:/144015h3958.35N/10338.60WO114/018!W00!/A=063647 -5T606P EOSS BALLOON",114.0,21.0,33.8,39.9725,-103.6433333333,28.81,46.37,31.1,-0.5,272.65,6060.0,0.06,0.00015024,0.07743006,7.889e-05,-6.167e-05,15.4,4.694,low Re,0.044444,22.514261,0.002207,4.586444,0.071272,-1.55115,0.592617,16.926308,0.013544,6.862346,0.000673,1.397945,0.021723,-1.551095,0.592506,5.264745,
EOSS-303,K0SCC-14,2020-11-01 07:40:29.319,2020-11-01 07:40:26,63732.0,19425.51,1017.9,2614.0,ascending,True,/144026h3958.32N/10338.53WO129/019eEOSS.org Balloon/A=063732!W28!,"K0SCC-14>APTT4,EOSSD,EOSSD,qAO,W9CN-9:/144026h3958.32N/10338.53WO129/019eEOSS.org Balloon/A=063732!W28!",129.0,22.0,35.4,39.9720333333,-103.6423,28.88,46.47,,,,,,,,8.908e-05,-4.713e-05,16.96551724,5.17103448,low Re,0.053983,22.490848,0.002426,4.590887,0.0712,-1.203543,0.724115,16.919021,0.016449,6.85521,0.000739,1.3993,0.021701,-1.203584,0.72393,5.262547,
EOSS-303,KC0D-3,2020-11-01 07:40:31.918,2020-11-01 07:40:30,63768.0,19436.49,942.0,2618.0,ascending,True,/144030h3958.30N/10338.52WO138/022/A=063768 -559T605014P EOSS BALLOON,"KC0D-3>APZEOS,EOSS,WIDE2-1,qAO,W9CN-9:/144030h3958.30N/10338.52WO138/022/A=063768 -559T605014P EOSS BALLOON",138.0,25.0,40.2,39.9716666667,-103.642,28.91,46.52,-68.62,-55.9,217.25,6050140.0,59.71,0.18824416,97.01705516,8.333e-05,-5e-05,15.7,4.78533333,low Re,-0.042184,22.462315,0.002238,4.60229,0.071108,-1.469337,-0.624712,16.91606,-0.012857,6.846513,0.000682,1.402776,0.021673,-1.469358,-0.624694,5.261636,
EOSS-303,KC0D-1,2020-11-01 07:40:46.778,2020-11-01 07:40:45,64135.0,19548.35,976.0,2633.0,ascending,True,/144045h3958.26N/10338.43WO116/018!W05!/A=064135 -7T590P EOSS BALLOON,"KC0D-1>APZEOS,EOSS,qAO,W9CN-9:/144045h3958.26N/10338.43WO116/018!W05!/A=064135 -7T590P EOSS BALLOON",116.0,21.0,33.8,39.971,-103.6405833333,28.99,46.66,30.74,-0.7,272.45,5900.0,0.06,0.00014638,0.07544104,9.167e-05,-5e-05,16.26666667,4.958,low Re,0.018889,22.436392,0.002308,4.610064,0.070966,-1.338317,0.233647,16.890057,0.005756,6.838611,0.000703,1.405146,0.02163,-1.338374,0.233611,5.253065,
EOSS-303,K0SCC-14,2020-11-01 07:41:04.446,2020-11-01 07:40:55,64208.0,19570.6,984.8,2643.0,ascending,True,/144055h3958.23N/10338.38WO137/006eEOSS.org Balloon/A=064208!W98!,"K0SCC-14>APTT4,EOSSD,EOSSD,qAO,W9CN-9:/144055h3958.23N/10338.38WO137/006eEOSS.org Balloon/A=064208!W98!",137.0,7.0,11.3,39.97065,-103.6398,29.04,46.74,,,,,,,,8.621e-05,-4.77e-05,16.4137931,5.00310345,low Re,0.005073,22.411298,0.002319,4.616806,0.070817,-1.299059,0.038889,16.885773,0.001555,6.830963,0.000707,1.4072,0.021585,-1.298934,0.039287,5.251507,
EOSS-303,KC0D-3,2020-11-01 07:41:04.007,2020-11-01 07:41:00,64272.0,19590.11,1008.0,2648.0,ascending,True,/144100h3958.22N/10338.36WO140/018/A=064272 -549T599864P EOSS BALLOON,"KC0D-3>APZEOS,EOSS,WIDE2-1,qAO,W9CN-9:/144100h3958.22N/10338.36WO140/018/A=064272 -549T599864P EOSS BALLOON",140.0,21.0,33.8,39.9703333333,-103.6393333333,29.07,46.79,-66.82,-54.9,218.25,5998640.0,59.2,0.18578662,95.75048789,8.889e-05,-4.444e-05,16.8,5.12066667,low Re,0.012874,22.388015,0.002363,4.621335,0.070672,-1.209178,0.148729,16.882253,0.003919,6.823866,0.00072,1.40858,0.021541,-1.209161,0.148507,5.25018,
EOSS-303,KC0D-1,2020-11-01 07:41:16.831,2020-11-01 07:41:15,64665.0,19709.89,1060.0,2663.0,ascending,True,/144115h3958.20N/10338.26WO097/020!W26!/A=064665 -6T575P EOSS BALLOON,"KC0D-1>APZEOS,EOSS,qAO,W0ARP-2:/144115h3958.20N/10338.26WO097/020!W26!/A=064665 -6T575P EOSS BALLOON",97.0,23.0,37.0,39.9700333333,-103.6377666667,29.15,46.92,30.92,-0.6,272.55,5750.0,0.06,0.00014261,0.07349607,9.389e-05,-3.222e-05,17.66666667,5.38466667,low Re,0.028889,22.368505,0.002473,4.621713,0.070545,-1.017337,0.374456,16.865345,0.0088,6.817919,0.000754,1.408696,0.021502,-1.017432,0.374198,5.242779,
EOSS-303,KC0D-3,2020-11-01 07:41:31.972,2020-11-01 07:41:30,64893.0,19779.39,1242.0,2678.0,ascending,True,/144130h3958.18N/10338.16WO128/014/A=064893 -554T593291P EOSS BALLOON,"KC0D-3>APZEOS,EOSS,WIDE2-1,qAO,W9CN-9:/144130h3958.18N/10338.16WO128/014/A=064893 -554T593291P EOSS BALLOON",128.0,16.0,25.7,39.9696666667,-103.636,29.24,47.06,-67.72,-55.4,217.75,5932910.0,58.55,0.18417279,94.91875768,0.00011111,-2.222e-05,20.7,6.30933333,low Re,0.101111,22.361639,0.002881,4.613396,0.070684,-0.360177,1.389706,16.8591,0.030822,6.815826,0.000878,1.406161,0.021544,-0.360195,1.3899,5.239039,
EOSS-303,KC0D-1,2020-11-01 07:41:46.790,2020-11-01 07:41:45,65258.0,19890.64,1186.0,2693.0,ascending,True,/144145h3958.16N/10338.07WO093/021!W83!/A=065258 -9T557P EOSS BALLOON,"KC0D-1>APZEOS,EOSS,qAO,W9CN-9:/144145h3958.16N/10338.07WO093/021!W83!/A=065258 -9T557P EOSS BALLOON",93.0,24.0,38.6,39.9694666667,-103.63455,29.31,47.17,30.38,-0.9,272.25,5570.0,0.05,0.00013829,0.07127377,0.00010722,-1.889e-05,19.76666667,6.025,low Re,-0.031111,22.351004,0.002741,4.60689,0.070571,-0.560972,-0.479687,16.854211,-0.009478,6.812585,0.000835,1.404177,0.02151,-0.560887,-0.479451,5.233816,
EOSS-303,K0SCC-14,2020-11-01 07:42:14.099,2020-11-01 07:41:53,65340.0,19915.63,1171.0,2701.0,ascending,True,/144153h3958.17N/10338.01WO045/013eEOSS.org Balloon/A=065340!W41!,"K0SCC-14>APTT4,EOSSD,EOSSD,qAO,W9CN-9:/144153h3958.17N/10338.01WO045/013eEOSS.org Balloon/A=065340!W41!",45.0,15.0,24.1,39.9695666667,-103.6335166667,29.35,47.23,,,,,,,,0.00010833,-1.868e-05,19.51724138,5.9487931,low Re,-0.0043,22.339437,0.002712,4.601003,0.070427,-0.613387,-0.099564,16.853937,-0.001314,6.809059,0.000827,1.402383,0.021466,-0.613431,-0.099739,5.232762,
EOSS-303,KC0D-3,2020-11-01 07:42:04.046,2020-11-01 07:42:00,65463.0,19953.12,1140.0,2708.0,ascending,True,/144200h3958.17N/10337.94WO101/016/A=065463 -546T587350P EOSS BALLOON,"KC0D-3>APZEOS,EOSS,WIDE2-1,qAO,W9CN-9:/144200h3958.17N/10337.94WO101/016/A=065463 -546T587350P EOSS BALLOON",101.0,18.0,29.0,39.9695,-103.6323333333,29.4,47.32,-66.28,-54.6,218.55,5873500.0,57.97,0.18166114,93.62430591,0.00012222,-5.56e-06,19.0,5.791,low Re,-0.017241,22.325862,0.002631,4.596538,0.070294,-0.723558,-0.282698,16.854069,-0.00526,6.804921,0.000802,1.401023,0.021425,-0.7237,-0.28294,5.231258,
EOSS-303,KC0D-1,2020-11-01 07:42:16.777,2020-11-01 07:42:15,65832.0,20065.59,1148.0,2723.0,ascending,True,/144215h3958.16N/10337.81WO090/025!W83!/A=065832 -8T542P EOSS BALLOON,"KC0D-1>APZEOS,EOSS,qAO,W9CN-9:/144215h3958.16N/10337.81WO090/025!W83!/A=065832 -8T542P EOSS BALLOON",90.0,29.0,46.7,39.9694666667,-103.6302166667,29.49,47.47,30.56,-0.8,272.35,5420.0,0.05,0.00013452,0.06932891,0.00014444,0.0,19.13333333,5.83166667,low Re,0.004444,22.312937,0.002638,4.591681,0.070151,-0.692471,0.025744,16.858184,0.001356,6.800981,0.000804,1.399543,0.021382,-0.692593,0.025816,5.227258,
EOSS-303,KC0D-3,2020-11-01 07:42:32.109,2020-11-01 07:42:30,66006.0,20118.63,1086.0,2738.0,ascending,True,/144230h3958.15N/10337.69WO117/017/A=066006 -550T582651P EOSS BALLOON,"KC0D-3>APZEOS,EOSS,WIDE2-1,qAO,W9CN-9:/144230h3958.15N/10337.69WO117/017/A=066006 -550T582651P EOSS BALLOON",117.0,20.0,32.2,39.9691666667,-103.6281666667,29.59,47.62,-67.0,-55.0,218.15,5826510.0,57.5,0.18053822,93.04557577,0.00013889,-1.111e-05,18.1,5.517,low Re,-0.034444,22.295949,0.002488,4.590179,0.070048,-0.914114,-0.527238,16.861947,-0.010489,6.795803,0.000758,1.399085,0.02135,-0.914028,-0.526792,5.225614,
EOSS-303,KC0D-1,2020-11-01 07:42:46.767,2020-11-01 07:42:45,66387.0,20234.76,1110.0,2753.0,ascending,True,/144245h3958.14N/10337.58WO113/020!W06!/A=066387 -10T526P EOSS BALLOON,"KC0D-1>APZEOS,EOSS,qAO,W9CN-9:/144245h3958.14N/10337.58WO113/020!W06!/A=066387 -10T526P EOSS BALLOON",113.0,23.0,37.0,39.969,-103.6264333333,29.67,47.75,30.2,-1.0,272.15,5260.0,0.05,0.00013065,0.06733174,0.00012611,-1.556e-05,18.5,5.639,low Re,0.013333,22.280705,0.002532,4.587228,0.069909,-0.824181,0.154501,16.873897,0.004067,6.791158,0.000772,1.398184,0.021308,-0.824039,0.154637,5.222483,
EOSS-303,K0SCC-14,2020-11-01 07:42:55.275,2020-11-01 07:42:51,66390.0,20235.67,1086.2,2759.0,ascending,True,/144251h3958.12N/10337.54WO092/016eEOSS.org Balloon/A=066390!W95!,"K0SCC-14>APTT4,EOSSD,EOSSD,qAO,W9CN-9:/144251h3958.12N/10337.54WO092/016eEOSS.org Balloon/A=066390!W95!",92.0,18.0,29.0,39.9688166667,-103.62575,29.71,47.81,,,,,,,,0.00013391,-1.293e-05,18.10344828,5.51793103,low Re,-0.006837,22.263996,0.002494,4.585624,0.069771,-0.907302,-0.133738,16.87401,-0.002087,6.786065,0.00076,1.397696,0.021266,-0.907303,-0.133876,5.22246,
EOSS-303,KC0D-3,2020-11-01 07:43:04.313,2020-11-01 07:43:00,66530.0,20278.34,1048.0,2768.0,ascending,True,/144300h3958.11N/10337.47WO094/014/A=066530 -556T577908P EOSS BALLOON,"KC0D-3>APZEOS,EOSS,WIDE2-1,qAO,N2XGL-12:/144300h3958.11N/10337.47WO094/014/A=066530 -556T577908P EOSS BALLOON",94.0,16.0,25.7,39.9685,-103.6245,29.78,47.92,-68.08,-55.6,217.55,5779080.0,57.04,0.17956244,92.542679,0.00012222,-2.222e-05,17.46666667,5.32366667,low Re,-0.021226,22.244883,0.002399,4.58645,0.069647,-1.041811,-0.339211,16.879597,-0.006475,6.780238,0.000731,1.397948,0.021228,-1.041935,-0.339457,5.221453,
EOSS-303,KC0D-1,2020-11-01 07:43:16.768,2020-11-01 07:43:15,66889.0,20387.77,1004.0,2783.0,ascending,True,/144315h3958.08N/10337.38WO119/023!W04!/A=066889 -9T513P EOSS BALLOON,"KC0D-1>APZEOS,EOSS,qAO,W9CN-9:/144315h3958.08N/10337.38WO119/023!W04!/A=066889 -9T513P EOSS BALLOON",119.0,26.0,41.8,39.968,-103.6230666667,29.86,48.05,30.38,-0.9,272.25,5130.0,0.05,0.00012737,0.06564353,0.00011222,-3.333e-05,16.73333333,5.10033333,low Re,-0.024444,22.223012,0.002292,4.590453,0.069528,-1.19589,-0.384536,16.896515,-0.007444,6.773572,0.000699,1.399168,0.021192,-1.195881,-0.384249,5.219162,
EOSS-303,K0SCC-14,2020-11-01 07:43:30.375,2020-11-01 07:43:20,66878.0,20384.41,1009.7,2788.0,ascending,True,/144320h3958.06N/10337.34WO121/023eEOSS.org Balloon/A=066878!W42!,"K0SCC-14>APTT4,EOSSD,EOSSD,qAO,W9CN-9:/144320h3958.06N/10337.34WO121/023eEOSS.org Balloon/A=066878!W42!",121.0,26.0,41.8,39.9677333333,-103.6223666667,29.9,48.12,,,,,,,,0.00011667,-3.736e-05,16.82758621,5.12896552,low Re,0.00325,22.201686,0.002296,4.593877,0.069389,-1.16984,0.013749,16.895945,0.000987,6.767072,0.0007,1.400212,0.02115,-1.169899,0.01357,5.219226,
EOSS-303,KC0D-3,2020-11-01 07:43:32.247,2020-11-01 07:43:30,67031.0,20431.05,1002.0,2798.0,ascending,True,/144330h3958.02N/10337.29WO129/024/A=067031 -560T574836P EOSS BALLOON,"KC0D-3>APZEOS,EOSS,WIDE2-1,qAO,N6BA-10:/144330h3958.02N/10337.29WO129/024/A=067031 -560T574836P EOSS BALLOON",129.0,28.0,45.1,39.967,-103.6215,29.96,48.22,-68.8,-56.0,217.15,5748360.0,56.73,0.17893694,92.22030915,0.0001,-5e-05,16.7,5.09033333,low Re,-0.004253,22.180026,0.00227,4.597767,0.069253,-1.191889,-0.094191,16.904145,-0.001288,6.76047,0.000692,1.401397,0.021108,-1.191766,-0.093803,5.218354,
EOSS-303,KC0D-1,2020-11-01 07:43:46.838,2020-11-01 07:43:45,67382.0,20538.03,986.0,2813.0,ascending,True,/144345h3957.94N/10337.18WO138/029!W22!/A=067382 -10T500P EOSS BALLOON,"KC0D-1>APZEOS,EOSS,qAO,W0ARP-2:/144345h3957.94N/10337.18WO138/029!W22!/A=067382 -10T500P EOSS BALLOON",138.0,33.0,53.1,39.9657,-103.6197,30.09,48.43,30.2,-1.0,272.15,5000.0,0.05,0.00012419,0.06400356,0.00011222,-7.667e-05,16.43333333,5.00866667,low Re,-0.008889,22.157489,0.002226,4.602797,0.069119,-1.243625,-0.16081,16.924989,-0.002722,6.7536,0.000678,1.402931,0.021067,-1.243777,-0.16139,5.216547,
EOSS-303,K0SCC-14,2020-11-01 07:44:04.500,2020-11-01 07:43:49,67341.0,20525.54,957.9,2817.0,ascending,True,/144349h3957.92N/10337.15WO131/021eEOSS.org Balloon/A=067341!W23!,"K0SCC-14>APTT4,EOSSD,EOSSD,qAO,W9CN-9:/144349h3957.92N/10337.15WO131/021eEOSS.org Balloon/A=067341!W23!",131.0,24.0,38.6,39.9653666667,-103.6192166667,30.13,48.49,,,,,,,,0.00010862,-8.161e-05,15.96551724,4.86655172,low Re,-0.016132,22.133302,0.002154,4.610035,0.068993,-1.337904,-0.265041,16.92242,-0.004901,6.746229,0.000657,1.405136,0.021029,-1.337719,-0.264302,5.216746,
EOSS-303,KC0D-3,2020-11-01 07:44:04.216,2020-11-01 07:44:00,67492.0,20571.56,922.0,2828.0,ascending,True,/144400h3957.86N/10337.08WO122/030/A=067492 -556T569143P EOSS BALLOON,"KC0D-3>APZEOS,EOSS,WIDE2-1,qAO,W9CN-9:/144400h3957.86N/10337.08WO122/030/A=067492 -556T569143P EOSS BALLOON",122.0,35.0,56.3,39.9643333333,-103.618,30.22,48.64,-68.08,-55.6,217.55,5691430.0,56.17,0.17683906,91.1391051,0.00011667,-8.889e-05,15.36666667,4.68366667,low Re,-0.019962,22.106973,0.002068,4.620343,0.068871,-1.458832,-0.319873,16.93204,-0.006096,6.738204,0.00063,1.408278,0.020992,-1.4589,-0.320408,5.216026,
EOSS-303,KC0D-1,2020-11-01 07:44:16.781,2020-11-01 07:44:15,67870.0,20686.78,976.0,2843.0,ascending,True,/144415h3957.75N/10336.97WO147/034!W60!/A=067870 -9T487P EOSS BALLOON,"KC0D-1>APZEOS,EOSS,qAO,W9CN-9:/144415h3957.75N/10336.97WO147/034!W60!/A=067870 -9T487P EOSS BALLOON",147.0,39.0,62.8,39.9626,-103.6161666667,30.37,48.88,30.38,-0.9,272.25,4870.0,0.05,0.00012091,0.06231657,0.00011778,-0.00010333,16.26666667,4.95833333,low Re,0.03,22.084336,0.002177,4.625658,0.068759,-1.257696,0.404645,16.957837,0.009156,6.731305,0.000663,1.409897,0.020957,-1.257519,0.405258,5.214346,
EOSS-303,K0SCC-14,2020-11-01 07:44:40.312,2020-11-01 07:44:18,67830.0,20674.58,1011.7,2846.0,ascending,True,/144418h3957.73N/10336.95WO150/027eEOSS.org Balloon/A=067830!W51!,"K0SCC-14>APTT4,EOSSD,EOSSD,qAO,W9CN-9:/144418h3957.73N/10336.95WO150/027eEOSS.org Balloon/A=067830!W51!",150.0,31.0,49.9,39.96225,-103.61585,30.4,48.92,,,,,,,,0.00011609,-0.00010747,16.86206897,5.13931034,low Re,0.020531,22.064173,0.002248,4.628075,0.068634,-1.124032,0.266384,16.955005,0.006241,6.725158,0.000685,1.410635,0.020919,-1.124208,0.265596,5.214518,
EOSS-303,KC0D-3,2020-11-01 07:44:32.246,2020-11-01 07:44:30,68077.0,20749.87,1170.0,2858.0,ascending,True,/144430h3957.65N/10336.88WO135/037/A=068077 -557T565620P EOSS BALLOON,"KC0D-3>APZEOS,EOSS,WIDE2-1,qAO,W9CN-9:/144430h3957.65N/10336.88WO135/037/A=068077 -557T565620P EOSS BALLOON",135.0,43.0,69.2,39.9608333333,-103.6146666667,30.51,49.1,-68.26,-55.7,217.45,5656200.0,55.82,0.17582524,90.6166065,0.00011111,-0.00011667,19.5,5.94366667,low Re,0.087931,22.054311,0.002579,4.621868,0.068708,-0.552658,1.242243,16.972819,0.026812,6.722152,0.000786,1.408743,0.020942,-0.55261,1.242766,5.213473,
EOSS-303,KC0D-1,2020-11-01 07:44:46.778,2020-11-01 07:44:45,68498.0,20878.19,1256.0,2873.0,ascending,True,/144445h3957.57N/10336.79WO136/021!W29!/A=068498 -11T471P EOSS BALLOON,"KC0D-1>APZEOS,EOSS,qAO,W9CN-9:/144445h3957.57N/10336.79WO136/021!W29!/A=068498 -11T471P EOSS BALLOON",136.0,24.0,38.6,39.9595333333,-103.6133166667,30.62,49.28,30.02,-1.1,272.05,4710.0,0.05,0.00011703,0.06031351,9.5e-05,-0.00010222,20.93333333,6.38033333,low Re,0.047778,22.050016,0.002752,4.613493,0.068632,-0.242047,0.65605,17.004609,0.014556,6.720843,0.000839,1.40619,0.020919,-0.242151,0.65572,5.211717,
EOSS-303,KC0D-3,2020-11-01 07:45:04.315,2020-11-01 07:45:00,68609.0,20912.02,1064.0,2888.0,ascending,True,/144500h3957.49N/10336.73WO139/034/A=068609 -541T560808P EOSS BALLOON,"KC0D-3>APZEOS,EOSS,WIDE2-1,qAO,W9CN-9:/144500h3957.49N/10336.73WO139/034/A=068609 -541T560808P EOSS BALLOON",139.0,39.0,62.8,39.9581666667,-103.6121666667,30.73,49.45,-65.38,-54.1,219.05,5608080.0,55.35,0.17305607,89.18943065,8.333e-05,-8.889e-05,17.73333333,5.405,low Re,-0.106667,22.03354,0.002333,4.612363,0.068834,-0.932322,-1.58352,17.013195,-0.032511,6.715821,0.000711,1.405846,0.02098,-0.932407,-1.583508,5.211246,
EOSS-303,KC0D-1,2020-11-01 07:45:16.895,2020-11-01 07:45:15,68938.0,21012.3,880.0,2903.0,ascending,True,/144515h3957.40N/10336.67WO133/022!W80!/A=068938 -10T461P EOSS BALLOON,"KC0D-1>APZEOS,EOSS,qAO,N2XGL-12:/144515h3957.40N/10336.67WO133/022!W80!/A=068938 -10T461P EOSS BALLOON",133.0,25.0,40.2,39.9568,-103.6111666667,30.83,49.61,30.2,-1.0,272.15,4610.0,0.05,0.0001145,0.05901128,7.167e-05,-9.111e-05,14.66666667,4.47033333,low Re,-0.102222,22.005529,0.001934,4.62591,0.069005,-1.586469,-1.509398,17.038893,-0.031156,6.707283,0.000589,1.409976,0.021032,-1.586516,-1.509367,5.209795,
EOSS-303,K0SCC-14,2020-11-01 07:45:22.639,2020-11-01 07:45:16,68864.0,20989.75,1069.7,2904.0,ascending,True,/144516h3957.40N/10336.66WO111/011eEOSS.org Balloon/A=068864!W74!,"K0SCC-14>APTT4,EOSSD,EOSSD,qAO,W9CN-9:/144516h3957.40N/10336.66WO111/011eEOSS.org Balloon/A=068864!W74!",111.0,13.0,20.9,39.9567833333,-103.6110666667,30.83,49.62,,,,,,,,8.247e-05,-9.425e-05,17.82758621,5.43396552,low Re,0.054499,21.989703,0.002134,4.624262,0.068949,-0.900061,0.759474,17.033095,0.016614,6.702459,0.00065,1.409473,0.021016,-0.899977,0.759612,5.21013,
EOSS-303,KC0D-3,2020-11-01 07:45:32.338,2020-11-01 07:45:30,69054.0,21047.66,890.0,2918.0,ascending,True,/144530h3957.35N/10336.59WO136/022/A=069054 -538T557239P EOSS BALLOON,"KC0D-3>APZEOS,EOSS,WIDE2-1,qAO,W9CN-9:/144530h3957.35N/10336.59WO136/022/A=069054 -538T557239P EOSS BALLOON",136.0,25.0,40.2,39.9558333333,-103.6098333333,30.92,49.76,-64.84,-53.8,219.35,5572390.0,55.0,0.17171955,88.50062021,7.778e-05,-7.778e-05,14.83333333,4.52133333,low Re,-0.099808,21.962698,0.001748,4.636384,0.069104,-1.537699,-1.469611,17.047984,-0.030421,6.694229,0.000533,1.413167,0.021063,-1.537607,-1.469591,5.209256,
EOSS-303,K0SCC-14,2020-11-01 07:45:57.552,2020-11-01 07:45:45,69307.0,21124.77,916.6,2933.0,ascending,True,/144545h3957.27N/10336.53WO154/010eEOSS.org Balloon/A=069307!W87!,"K0SCC-14>APTT4,EOSSD,EOSSD,qAO,KB0TVJ-1:/144545h3957.27N/10336.53WO154/010eEOSS.org Balloon/A=069307!W87!",154.0,12.0,19.3,39.9546333333,-103.60895,31.01,49.9,,,,,,,,7.299e-05,-7.414e-05,15.27586207,4.65586207,low Re,0.01526,21.93756,0.001799,4.645755,0.068978,-1.433932,0.195149,17.067739,0.004639,6.686566,0.000548,1.416025,0.021024,-1.434088,0.194587,5.208018,
EOSS-303,KC0D-1,2020-11-01 07:45:46.794,2020-11-01 07:45:45,69407.0,21155.25,938.0,2933.0,ascending,True,/144545h3957.27N/10336.53WO147/019!W68!/A=069407 -11T451P EOSS BALLOON,"KC0D-1>APZEOS,EOSS,qAO,W9CN-9:/144545h3957.27N/10336.53WO147/019!W68!/A=069407 -11T451P EOSS BALLOON",147.0,22.0,35.4,39.9546,-103.6089666667,31.01,49.91,30.02,-1.1,272.05,4510.0,0.04,0.00011206,0.05775243,7.333e-05,-7.333e-05,15.63333333,4.765,low Re,0.011916,21.913948,0.001837,4.653037,0.06885,-1.349788,0.146391,17.075486,0.003638,6.679369,0.00056,1.418244,0.020985,-1.349816,0.146676,5.2075,
EOSS-303,KC0D-3,2020-11-01 07:46:04.391,2020-11-01 07:46:00,69549.0,21198.54,990.0,2948.0,ascending,True,/144600h3957.18N/10336.47WO125/026/A=069549 -521T552473P EOSS BALLOON,"KC0D-3>APZEOS,EOSS,WIDE2-1,qAO,W9CN-9:/144600h3957.18N/10336.47WO125/026/A=069549 -521T552473P EOSS BALLOON",125.0,30.0,48.3,39.953,-103.6078333333,31.12,50.09,-61.78,-52.1,221.05,5524730.0,54.52,0.16894153,87.068886,6.667e-05,-9.444e-05,16.5,5.02933333,low Re,0.028889,21.893747,0.001938,4.656074,0.068741,-1.158432,0.392066,17.086396,0.008811,6.673212,0.000591,1.41917,0.020952,-1.158338,0.392325,5.206733,
EOSS-303,K0SCC-14,2020-11-01 07:46:33.334,2020-11-01 07:46:14,69858.0,21292.72,1140.0,2962.0,ascending,True,/144614h3957.13N/10336.41WO120/012eEOSS.org Balloon/A=069858!W79!,"K0SCC-14>APTT4,EOSSD,EOSSD,qAO,W9CN-9:/144614h3957.13N/10336.41WO120/012eEOSS.org Balloon/A=069858!W79!",120.0,14.0,22.5,39.9522833333,-103.6069833333,31.19,50.2,,,,,,,,6.782e-05,-8.103e-05,19.0,5.79137931,low Re,0.086207,21.88299,0.002253,4.650728,0.068805,-0.619901,1.220173,17.10962,0.026277,6.669934,0.000687,1.41754,0.020971,-0.619774,1.220257,5.204922,
EOSS-303,KC0D-1,2020-11-01 07:46:16.866,2020-11-01 07:46:15,69979.0,21329.6,1144.0,2963.0,ascending,True,/144615h3957.12N/10336.41WO146/020!W66!/A=069979 -10T437P EOSS BALLOON,"KC0D-1>APZEOS,EOSS,qAO,W0ARP-2:/144615h3957.12N/10336.41WO146/020!W66!/A=069979 -10T437P EOSS BALLOON",146.0,23.0,37.0,39.9521,-103.6069333333,31.2,50.21,30.2,-1.0,272.15,4370.0,0.04,0.00010854,0.05593911,6.778e-05,-8.333e-05,19.06666667,5.81166667,low Re,0.002222,21.872559,0.002252,4.645238,0.068676,-0.604036,-0.000437,17.118465,0.000676,6.666755,0.000687,1.415866,0.020932,-0.603933,-0.000526,5.204154,
EOSS-303,KC0D-3,2020-11-01 07:46:32.532,2020-11-01 07:46:30,70230.0,21406.1,1362.0,2978.0,ascending,True,/144630h3957.03N/10336.32WO134/028/A=070230 -546T548227P EOSS BALLOON,"KC0D-3>APZEOS,EOSS,WIDE2-1,qAO,N6BA-10:/144630h3957.03N/10336.32WO134/028/A=070230 -546T548227P EOSS BALLOON",134.0,32.0,51.5,39.9505,-103.6053333333,31.33,50.43,-66.28,-54.6,218.55,5482270.0,54.11,0.16956081,87.38805203,8.333e-05,-8.333e-05,22.7,6.91866667,low Re,0.121111,21.875612,0.002693,4.6369,0.068929,0.177789,1.717971,17.136252,0.0369,6.667685,0.000821,1.413325,0.021009,0.177582,1.717312,5.202441,
EOSS-303,K0SCC-14,2020-11-01 07:47:07.149,2020-11-01 07:46:43,70435.0,21468.59,1193.8,2991.0,ascending,True,/144643h3956.97N/10336.23WO127/035eEOSS.org Balloon/A=070435!W75!,"K0SCC-14>APTT4,EOSSD,EOSSD,qAO,W9CN-9:/144643h3956.97N/10336.23WO127/035eEOSS.org Balloon/A=070435!W75!",127.0,40.0,64.4,39.9496166667,-103.6039166667,31.43,50.58,,,,,,,,0.00010575,-9.195e-05,19.89655172,6.06448276,low Re,-0.096671,21.868336,0.002326,4.629893,0.069065,-0.425881,-1.433389,17.150122,-0.029455,6.665467,0.000709,1.411189,0.021051,-0.425871,-1.432901,5.200916,
EOSS-303,KC0D-1,2020-11-01 07:46:46.778,2020-11-01 07:46:45,70586.0,21514.61,1214.0,2993.0,ascending,True,/144645h3956.96N/10336.22WO139/031!W24!/A=070586 -11T424P EOSS BALLOON,"KC0D-1>APZEOS,EOSS,qAO,W9CN-9:/144645h3956.96N/10336.22WO139/031!W24!/A=070586 -11T424P EOSS BALLOON",139.0,36.0,57.9,39.9493666667,-103.6037333333,31.45,50.61,30.02,-1.1,272.05,4240.0,0.04,0.00010535,0.05429497,0.00010667,-9.111e-05,20.23333333,6.167,low Re,0.011226,21.862347,0.002359,4.622433,0.06894,-0.352415,0.128619,17.159905,0.003417,6.663641,0.000719,1.408915,0.021013,-0.352499,0.128397,5.199714,
EOSS-303,KC0D-3,2020-11-01 07:47:04.081,2020-11-01 07:47:00,70804.0,21581.06,1148.0,3008.0,ascending,True,/144700h3956.87N/10336.08WO109/027/A=070804 -542T545087P EOSS BALLOON,"KC0D-3>APZEOS,EOSS,WIDE2-1,qAO,N2XGL-12:/144700h3956.87N/10336.08WO109/027/A=070804 -542T545087P EOSS BALLOON",109.0,31.0,49.9,39.9478333333,-103.6013333333,31.61,50.88,-65.56,-54.2,218.95,5450870.0,53.8,0.16828165,86.72879727,0.00013333,-8.889e-05,19.13333333,5.832,low Re,-0.036667,21.852387,0.002216,4.616904,0.068854,-0.588934,-0.564717,17.173305,-0.011167,6.660606,0.000675,1.407229,0.020986,-0.588821,-0.564281,5.197856,
EOSS-303,K0SCC-14,2020-11-01 07:47:14.210,2020-11-01 07:47:12,71006.0,21642.63,1181.4,3020.0,ascending,True,/144712h3956.81N/10335.98WO102/011eEOSS.org Balloon/A=071006!W19!,"K0SCC-14>APTT4,EOSSD,EOSSD,qAO,W9CN-9:/144712h3956.81N/10335.98WO102/011eEOSS.org Balloon/A=071006!W19!",102.0,13.0,20.9,39.94685,-103.5998166667,31.72,51.05,,,,,,,,0.00014138,-9.54e-05,19.68965517,6.00137931,low Re,0.019184,21.844523,0.002278,4.610316,0.068735,-0.467401,0.245959,17.18488,0.005841,6.658209,0.000694,1.405222,0.02095,-0.467421,0.24568,5.195999,
EOSS-303,KC0D-1,2020-11-01 07:47:16.859,2020-11-01 07:47:15,71150.0,21686.52,1128.0,3023.0,ascending,True,/144715h3956.78N/10335.97WO146/028!W51!/A=071150 -10T412P EOSS BALLOON,"KC0D-1>APZEOS,EOSS,qAO,W0ARP-2:/144715h3956.78N/10335.97WO146/028!W51!/A=071150 -10T412P EOSS BALLOON",146.0,32.0,51.5,39.9464166667,-103.5995166667,31.75,51.1,30.2,-1.0,272.15,4120.0,0.04,0.00010233,0.05273893,0.00014056,-9.833e-05,18.8,5.73033333,low Re,-0.029655,21.833492,0.002162,4.605574,0.068637,-0.658657,-0.463555,17.192595,-0.009035,6.654847,0.000659,1.403776,0.02092,-0.658591,-0.463384,5.194593,
EOSS-303,KC0D-3,2020-11-01 07:47:31.958,2020-11-01 07:47:30,71233.0,21711.82,858.0,3038.0,ascending,True,/144730h3956.67N/10335.88WO143/025/A=071233 -515T541473P EOSS BALLOON,"KC0D-3>APZEOS,EOSS,WIDE2-1,qAO,W9CN-9:/144730h3956.67N/10335.88WO143/025/A=071233 -515T541473P EOSS BALLOON",143.0,29.0,46.7,39.9445,-103.598,31.89,51.33,-60.7,-51.5,221.65,5414730.0,53.44,0.16512961,85.10430296,0.00011111,-0.00011111,14.3,4.35866667,low Re,-0.15,21.806295,0.00161,4.619453,0.069121,-1.624932,-2.1934,17.196827,-0.045722,6.646557,0.000491,1.408006,0.021068,-1.624915,-2.193516,5.193751,
EOSS-303,K0SCC-14,2020-11-01 07:47:49.841,2020-11-01 07:47:41,71403.0,21763.63,821.4,3049.0,ascending,True,/144741h3956.61N/10335.82WO157/023eEOSS.org Balloon/A=071403!W67!,"K0SCC-14>APTT4,EOSSD,EOSSD,qAO,W9CN-9:/144741h3956.61N/10335.82WO157/023eEOSS.org Balloon/A=071403!W67!",157.0,26.0,41.8,39.9436,-103.5971166667,31.97,51.45,,,,,,,,9.31e-05,-0.00011207,13.68965517,4.17241379,low Re,-0.021046,21.777099,0.001528,4.636732,0.069009,-1.744212,-0.327117,17.20498,-0.006423,6.637658,0.000466,1.413274,0.021034,-1.74435,-0.327517,5.191951,
EOSS-303,KC0D-1,2020-11-01 07:47:46.821,2020-11-01 07:47:45,71550.0,21808.44,800.0,3053.0,ascending,True,/144745h3956.59N/10335.81WO153/023!W22!/A=071550 -11T403P EOSS BALLOON,"KC0D-1>APZEOS,EOSS,qAO,W0ARP-2:/144745h3956.59N/10335.81WO153/023!W22!/A=071550 -11T403P EOSS BALLOON",153.0,26.0,41.8,39.9432,-103.5968666667,32.0,51.49,30.02,-1.1,272.05,4030.0,0.04,0.00010013,0.05160583,8.833e-05,-0.00010722,13.33333333,4.064,low Re,-0.011877,21.746834,0.00148,4.655909,0.068889,-1.807059,-0.193892,17.211448,-0.003614,6.628433,0.000451,1.419119,0.020997,-1.80706,-0.193599,5.190312,
EOSS-303,KC0D-3,2020-11-01 07:48:04.071,2020-11-01 07:48:00,71652.0,21839.53,838.0,3068.0,ascending,True,/144800h3956.49N/10335.73WO155/032/A=071652 -516T538424P EOSS BALLOON,"KC0D-3>APZEOS,EOSS,WIDE2-1,qAO,W9CN-9:/144800h3956.49N/10335.73WO155/032/A=071652 -516T538424P EOSS BALLOON",155.0,37.0,59.5,39.9415,-103.5955,32.13,51.7,-60.88,-51.6,221.55,5384240.0,53.14,0.16427389,84.66328288,8.333e-05,-0.0001,13.96666667,4.257,low Re,0.021111,21.719048,0.001551,4.670758,0.068775,-1.659769,0.284406,17.215604,0.006433,6.619964,0.000473,1.423645,0.020962,-1.659799,0.284324,5.18913,
EOSS-303,KC0D-1,2020-11-01 07:48:16.788,2020-11-01 07:48:15,71963.0,21934.32,826.0,3083.0,ascending,True,/144815h3956.39N/10335.69WO154/026!W30!/A=071963 -9T395P EOSS BALLOON,"KC0D-1>APZEOS,EOSS,qAO,W9CN-9:/144815h3956.39N/10335.69WO154/026!W30!/A=071963 -9T395P EOSS BALLOON",154.0,30.0,48.3,39.9398833333,-103.5948333333,32.22,51.86,30.38,-0.9,272.25,3950.0,0.04,9.807e-05,0.05054424,6.778e-05,-0.00011056,13.76666667,4.196,low Re,-0.006667,21.690748,0.001521,4.686483,0.068654,-1.690838,-0.119265,17.226511,-0.002033,6.611337,0.000464,1.428439,0.020925,-1.690893,-0.119331,5.185293,
EOSS-303,KC0D-3,2020-11-01 07:48:32.098,2020-11-01 07:48:30,72084.0,21971.2,864.0,3098.0,ascending,True,/144830h3956.30N/10335.64WO156/022/A=072084 -519T534674P EOSS BALLOON,"KC0D-3>APZEOS,EOSS,WIDE2-1,qAO,W9CN-9:/144830h3956.30N/10335.64WO156/022/A=072084 -519T534674P EOSS BALLOON",156.0,25.0,40.2,39.9383333333,-103.594,32.32,52.02,-61.42,-51.9,221.25,5346740.0,52.77,0.16335095,84.18762061,5e-05,-0.00010556,14.4,4.389,low Re,0.021111,21.664894,0.001591,4.698239,0.068541,-1.546301,0.284793,17.230003,0.006433,6.603457,0.000485,1.432023,0.020891,-1.546384,0.284716,5.183704,
EOSS-303,K0SCC-14,2020-11-01 07:48:57.534,2020-11-01 07:48:39,72197.0,22005.65,821.4,3107.0,ascending,True,/144839h3956.26N/10335.60WO136/024eEOSS.org Balloon/A=072197!W64!,"K0SCC-14>APTT4,EOSSD,EOSSD,qAO,W9CN-9:/144839h3956.26N/10335.60WO136/024eEOSS.org Balloon/A=072197!W64!",136.0,28.0,45.1,39.9377666667,-103.5934,32.37,52.1,,,,,,,,6.408e-05,-0.00010057,13.68965517,4.17275862,low Re,-0.012247,21.636713,0.001542,4.713802,0.068424,-1.685913,-0.201523,17.232869,-0.003728,6.594868,0.00047,1.436765,0.020855,-1.685808,-0.201295,5.182172,
EOSS-303,KC0D-1,2020-11-01 07:48:46.795,2020-11-01 07:48:45,72419.0,22073.31,912.0,3113.0,ascending,True,/144845h3956.23N/10335.59WO166/015!W62!/A=072419 -10T386P EOSS BALLOON,"KC0D-1>APZEOS,EOSS,qAO,W9CN-9:/144845h3956.23N/10335.59WO166/015!W62!/A=072419 -10T386P EOSS BALLOON",166.0,17.0,27.4,39.9372666667,-103.5932,32.4,52.15,30.2,-1.0,272.15,3860.0,0.04,9.587e-05,0.04941075,5.444e-05,-8.722e-05,15.2,4.633,low Re,0.050345,21.614048,0.001714,4.720942,0.068364,-1.358637,0.711354,17.237353,0.015341,6.58796,0.000522,1.438942,0.020837,-1.358609,0.711187,5.179026,
EOSS-303,KC0D-3,2020-11-01 07:49:04.129,2020-11-01 07:49:00,72663.0,22147.68,1158.0,3128.0,ascending,True,/144900h3956.18N/10335.58WO172/013/A=072663 -519T531850P EOSS BALLOON,"KC0D-3>APZEOS,EOSS,WIDE2-1,qAO,W9CN-9:/144900h3956.18N/10335.58WO172/013/A=072663 -519T531850P EOSS BALLOON",172.0,15.0,24.1,39.9363333333,-103.593,32.45,52.22,-61.42,-51.9,221.25,5318500.0,52.49,0.16248818,83.74296492,3.333e-05,-6.667e-05,19.3,5.88266667,low Re,0.136667,21.605929,0.00219,4.714616,0.068711,-0.489102,1.957139,17.240469,0.041656,6.585485,0.000667,1.437013,0.020943,-0.489083,1.957169,5.17536,
EOSS-303,K0SCC-14,2020-11-01 07:49:32.145,2020-11-01 07:49:08,72818.0,22194.93,1284.8,3136.0,ascending,True,/144908h3956.18N/10335.56WO237/004eEOSS.org Balloon/A=072818!W63!,"K0SCC-14>APTT4,EOSSD,EOSSD,qAO,W9CN-9:/144908h3956.18N/10335.56WO237/004eEOSS.org Balloon/A=072818!W63!",237.0,5.0,8.0,39.9364333333,-103.5927166667,32.46,52.24,,,,,,,,2.356e-05,-4.598e-05,21.4137931,6.52689655,low Re,0.072889,21.605257,0.002438,4.706352,0.068718,-0.040682,1.025219,17.241429,0.022215,6.58528,0.000743,1.434494,0.020945,-0.0407,1.025161,5.172918,
EOSS-303,KC0D-1,2020-11-01 07:49:16.757,2020-11-01 07:49:15,73029.0,22259.24,1220.0,3143.0,ascending,True,/144915h3956.16N/10335.54WO125/011!W48!/A=073029 -9T375P EOSS BALLOON,"KC0D-1>APZEOS,EOSS,qAO,W9CN-9:/144915h3956.16N/10335.54WO125/011!W48!/A=073029 -9T375P EOSS BALLOON",125.0,13.0,20.9,39.9360666667,-103.5924666667,32.48,52.28,30.38,-0.9,272.25,3750.0,0.04,9.311e-05,0.04798504,2.444e-05,-4e-05,20.33333333,6.19766667,low Re,-0.036015,21.600825,0.002303,4.698716,0.068635,-0.269753,-0.558287,17.241431,-0.010974,6.58393,0.000702,1.432167,0.02092,-0.269706,-0.558126,5.169456,
EOSS-303,KC0D-3,2020-11-01 07:49:32.333,2020-11-01 07:49:30,73144.0,22294.29,962.0,3158.0,ascending,True,/144930h3956.13N/10335.50WO183/009/A=073144 -523T528485P EOSS BALLOON,"KC0D-3>APZEOS,EOSS,WIDE2-1,qAO,N6BA-10:/144930h3956.13N/10335.50WO183/009/A=073144 -523T528485P EOSS BALLOON",183.0,10.0,16.1,39.9355,-103.5916666667,32.54,52.37,-62.14,-52.3,220.85,5284850.0,52.16,0.16175255,83.36383982,4.444e-05,-2.778e-05,16.03333333,4.887,low Re,-0.143333,21.581494,0.001796,4.701982,0.069052,-1.179962,-2.101735,17.240786,-0.043689,6.578037,0.000547,1.433162,0.021047,-1.179934,-2.101772,5.167503,
EOSS-303,KC0D-1,2020-11-01 07:49:46.730,2020-11-01 07:49:45,73519.0,22408.59,980.0,3173.0,ascending,True,/144945h3956.12N/10335.45WO119/012!W21!/A=073519 -10T365P EOSS BALLOON,"KC0D-1>APZEOS,EOSS,qAO,W9CN-9:/144945h3956.12N/10335.45WO119/012!W21!/A=073519 -10T365P EOSS BALLOON",119.0,14.0,22.5,39.9353666667,-103.59085,32.58,52.43,30.2,-1.0,272.15,3650.0,0.04,9.066e-05,0.0467226,5.389e-05,-2.333e-05,16.33333333,4.97833333,low Re,0.01,21.563334,0.001824,4.703953,0.068933,-1.111831,0.118608,17.235454,0.003044,6.572502,0.000556,1.433763,0.021011,-1.111877,0.118414,5.160821,
EOSS-303,KC0D-3,2020-11-01 07:50:04.378,2020-11-01 07:50:00,73640.0,22445.47,992.0,3188.0,ascending,True,/145000h3956.09N/10335.39WO136/009/A=073640 -523T524758P EOSS BALLOON,"KC0D-3>APZEOS,EOSS,WIDE2-1,qAO,N6BA-10:/145000h3956.09N/10335.39WO136/009/A=073640 -523T524758P EOSS BALLOON",136.0,10.0,16.1,39.9348333333,-103.5898333333,32.65,52.54,-62.14,-52.3,220.85,5247580.0,51.79,0.16061184,82.77593849,6.111e-05,-2.222e-05,16.53333333,5.03933333,low Re,0.006667,21.545989,0.001841,4.705088,0.068814,-1.065369,0.070131,17.232663,0.002033,6.567215,0.000561,1.434109,0.020974,-1.065387,0.070182,5.158565,
EOSS-303,KC0D-1,2020-11-01 07:50:16.783,2020-11-01 07:50:15,73999.0,22554.9,960.0,3203.0,ascending,True,/145015h3956.07N/10335.33WO116/008!W04!/A=073999 -8T356P EOSS BALLOON,"KC0D-1>APZEOS,EOSS,qAO,W9CN-9:/145015h3956.07N/10335.33WO116/008!W04!/A=073999 -8T356P EOSS BALLOON",116.0,9.0,14.5,39.9345,-103.5889,32.7,52.62,30.56,-0.8,272.35,3560.0,0.04,8.836e-05,0.04553707,6.5e-05,-2.889e-05,16.0,4.877,low Re,-0.017778,21.526931,0.001773,4.708207,0.068705,-1.173893,-0.284564,17.221267,-0.005411,6.561407,0.00054,1.435059,0.020941,-1.173755,-0.284179,5.1516,
EOSS-303,KC0D-3,2020-11-01 07:50:32.231,2020-11-01 07:50:30,74134.0,22596.04,988.0,3218.0,ascending,True,/145030h3956.05N/10335.31WO096/008/A=074134 -517T523132P EOSS BALLOON,"KC0D-3>APZEOS,EOSS,WIDE2-1,qAO,W9CN-9:/145030h3956.05N/10335.31WO096/008/A=074134 -517T523132P EOSS BALLOON",96.0,9.0,14.5,39.9341666667,-103.5885,32.73,52.67,-61.06,-51.7,221.45,5231320.0,51.63,0.15968035,82.2958719,4.444e-05,-2.222e-05,16.46666667,5.019,low Re,0.015556,21.509601,0.001821,4.70943,0.068591,-1.070816,0.200245,17.21577,0.004733,6.556125,0.000555,1.435432,0.020906,-1.070845,0.199847,5.148883,
EOSS-303,K0SCC-14,2020-11-01 07:50:45.954,2020-11-01 07:50:35,74215.0,22620.73,963.4,3223.0,ascending,True,/145035h3956.05N/10335.30WO297/003eEOSS.org Balloon/A=074215!W48!,"K0SCC-14>APTT4,EOSSD,EOSSD,qAO,W9CN-9:/145035h3956.05N/10335.30WO297/003eEOSS.org Balloon/A=074215!W48!",297.0,3.0,4.8,39.9342333333,-103.5884666667,32.73,52.67,,,,,,,,4.885e-05,-2.529e-05,16.05747126,4.89425287,low Re,-0.004703,21.490993,0.001798,4.712137,0.068474,-1.153091,-0.094941,17.212153,-0.001434,6.550453,0.000548,1.436257,0.02087,-1.153136,-0.094969,5.147227,
EOSS-303,KC0D-1,2020-11-01 07:50:46.745,2020-11-01 07:50:45,74511.0,22710.95,1024.0,3233.0,ascending,True,/145045h3956.05N/10335.31WO354/001!W92!/A=074511 -9T347P EOSS BALLOON,"KC0D-1>APZEOS,EOSS,qAO,W9CN-9:/145045h3956.05N/10335.31WO354/001!W92!/A=074511 -9T347P EOSS BALLOON",354.0,1.0,1.6,39.9343166667,-103.5885333333,32.72,52.66,30.38,-0.9,272.25,3470.0,0.03,8.615e-05,0.04440215,1.222e-05,-6.11e-06,17.06666667,5.20166667,low Re,0.03364,21.475944,0.001907,4.71116,0.068382,-0.935922,0.464055,17.196912,0.010247,6.545865,0.000581,1.43596,0.020842,-0.936097,0.463775,5.141027,
EOSS-303,KC0D-3,2020-11-01 07:51:04.289,2020-11-01 07:51:00,74686.0,22764.29,1104.0,3248.0,ascending,True,/145100h3956.05N/10335.29WO040/007/A=074686 -495T518298P EOSS BALLOON,"KC0D-3>APZEOS,EOSS,WIDE2-1,qAO,W9CN-9:/145100h3956.05N/10335.29WO040/007/A=074686 -495T518298P EOSS BALLOON",40.0,8.0,12.9,39.9341666667,-103.5881666667,32.74,52.7,-57.1,-49.5,223.65,5182980.0,51.15,0.1566486,80.73336962,1.111e-05,0.0,18.4,5.60833333,low Re,0.044444,21.465517,0.002052,4.70655,0.06831,-0.65133,0.620583,17.186412,0.013556,6.542687,0.000625,1.434555,0.020821,-0.65132,0.621056,5.137259,
EOSS-303,K0SCC-14,2020-11-01 07:51:19.354,2020-11-01 07:51:04,74747.0,22782.89,1100.7,3252.0,ascending,True,/145104h3956.06N/10335.29WO359/009eEOSS.org Balloon/A=074747!W15!,"K0SCC-14>APTT4,EOSSD,EOSSD,qAO,W9CN-9:/145104h3956.06N/10335.29WO359/009eEOSS.org Balloon/A=074747!W15!",359.0,10.0,16.1,39.93435,-103.58825,32.73,52.68,,,,,,,,7.47e-06,4.02e-06,18.34482759,5.59172414,low Re,-0.001902,21.454975,0.002038,4.702066,0.068194,-0.661443,-0.057776,17.182495,-0.000573,6.539474,0.000621,1.433188,0.020785,-0.661288,-0.057445,5.135928,
EOSS-303,KC0D-1,2020-11-01 07:51:16.947,2020-11-01 07:51:15,75053.0,22876.15,1084.0,3263.0,ascending,True,/145115h3956.06N/10335.28WO097/004!W50!/A=075053 -7T337P EOSS BALLOON,"KC0D-1>APZEOS,EOSS,qAO,N6BA-9:/145115h3956.06N/10335.28WO097/004!W50!/A=075053 -7T337P EOSS BALLOON",97.0,5.0,8.0,39.9344166667,-103.588,32.74,52.69,30.74,-0.7,272.45,3370.0,0.03,8.361e-05,0.0430909,1.778e-05,3.33e-06,18.06666667,5.50666667,low Re,-0.009272,21.443566,0.002,4.698232,0.068082,-0.71876,-0.165565,17.160853,-0.002835,6.535997,0.00061,1.432019,0.020751,-0.718797,-0.166016,5.129137,
EOSS-303,KC0D-3,2020-11-01 07:51:32.330,2020-11-01 07:51:30,75177.0,22913.95,982.0,3278.0,ascending,True,/145130h3956.08N/10335.25WO059/008/A=075177 -512T516785P EOSS BALLOON,"KC0D-3>APZEOS,EOSS,WIDE2-1,qAO,W9CN-9:/145130h3956.08N/10335.25WO059/008/A=075177 -512T516785P EOSS BALLOON",59.0,9.0,14.5,39.9346666667,-103.5875,32.75,52.71,-60.16,-51.2,221.95,5167850.0,51.0,0.15738764,81.11425784,2.222e-05,1.667e-05,16.36666667,4.98866667,low Re,-0.056667,21.42653,0.001803,4.699527,0.068052,-1.076675,-0.859196,17.151152,-0.017267,6.530805,0.000549,1.432414,0.020742,-1.076601,-0.858934,5.126334,
EOSS-303,K0SCC-14,2020-11-01 07:51:52.826,2020-11-01 07:51:33,75154.0,22906.94,842.1,3281.0,ascending,True,/145133h3956.08N/10335.24WO353/011eEOSS.org Balloon/A=075154!W76!,"K0SCC-14>APTT4,EOSSD,EOSSD,qAO,W9CN-9:/145133h3956.08N/10335.24WO353/011eEOSS.org Balloon/A=075154!W76!",353.0,13.0,20.9,39.9347833333,-103.5874333333,32.75,52.7,,,,,,,,2.816e-05,1.494e-05,14.03448276,4.27758621,low Re,-0.08042,21.401807,0.001527,4.711071,0.068104,-1.563832,-1.203263,17.152991,-0.02452,6.523269,0.000465,1.435933,0.020758,-1.563919,-1.203632,5.126856,
EOSS-303,KC0D-1,2020-11-01 07:51:47.017,2020-11-01 07:51:45,75541.0,23024.9,976.0,3293.0,ascending,True,/145145h3956.11N/10335.20WO037/015!W70!/A=075541 -8T329P EOSS BALLOON,"KC0D-1>APZEOS,EOSS,qAO,N6BA-10:/145145h3956.11N/10335.20WO037/015!W70!/A=075541 -8T329P EOSS BALLOON",37.0,17.0,27.4,39.9352833333,-103.5866666667,32.76,52.72,30.56,-0.8,272.35,3290.0,0.03,8.166e-05,0.04208341,4.444e-05,2.889e-05,16.26666667,4.95833333,low Re,0.074406,21.38469,0.00177,4.712522,0.06812,-1.086048,1.066295,17.119655,0.022692,6.518052,0.00054,1.436374,0.020763,-1.085872,1.066898,5.117963,
EOSS-303,KC0D-3,2020-11-01 07:52:04.402,2020-11-01 07:52:00,75672.0,23064.83,990.0,3308.0,ascending,True,/145200h3956.16N/10335.13WO068/016/A=075672 -501T513510P EOSS BALLOON,"KC0D-3>APZEOS,EOSS,WIDE2-1,qAO,W9CN-9:/145200h3956.16N/10335.13WO068/016/A=075672 -501T513510P EOSS BALLOON",68.0,18.0,29.0,39.936,-103.5855,32.78,52.75,-58.18,-50.1,223.05,5135100.0,50.68,0.15561898,80.20272543,6.667e-05,4.444e-05,16.5,5.02933333,low Re,0.007778,21.368462,0.00179,4.713078,0.068007,-1.032969,0.08805,17.107247,0.002367,6.513106,0.000546,1.436544,0.020728,-1.032877,0.087852,5.114908,
EOSS-303,KC0D-1,2020-11-01 07:52:16.754,2020-11-01 07:52:15,76047.0,23179.13,1012.0,3323.0,ascending,True,/145215h3956.22N/10335.04WO046/017!W02!/A=076047 -6T321P EOSS BALLOON,"KC0D-1>APZEOS,EOSS,qAO,W9CN-9:/145215h3956.22N/10335.04WO046/017!W02!/A=076047 -6T321P EOSS BALLOON",46.0,20.0,32.2,39.937,-103.5840333333,32.8,52.78,30.92,-0.6,272.55,3210.0,0.03,7.961e-05,0.04102998,8.778e-05,5.722e-05,16.86666667,5.141,low Re,0.012222,21.353555,0.001825,4.712368,0.067896,-0.952152,0.153131,17.068734,0.003722,6.508563,0.000556,1.436327,0.020694,-0.952125,0.152991,5.106075,
EOSS-303,KC0D-3,2020-11-01 07:52:32.412,2020-11-01 07:52:30,76265.0,23245.57,1186.0,3338.0,ascending,True,/145230h3956.24N/10334.94WO075/010/A=076265 -514T510596P EOSS BALLOON,"KC0D-3>APZEOS,EOSS,WIDE2-1,qAO,W9CN-9:/145230h3956.24N/10334.94WO075/010/A=076265 -514T510596P EOSS BALLOON",75.0,12.0,19.3,39.9373333333,-103.5823333333,32.85,52.87,-60.52,-51.4,221.75,5105960.0,50.39,0.15564302,80.21511834,0.00010556,4.444e-05,19.76666667,6.02466667,low Re,0.096667,21.348318,0.002139,4.705443,0.068003,-0.336132,1.390056,17.044402,0.029456,6.506966,0.000652,1.434216,0.020727,-0.336281,1.389685,5.100904,
EOSS-303,KC0D-1,2020-11-01 07:52:46.772,2020-11-01 07:52:45,76658.0,23365.36,1222.0,3353.0,ascending,True,/145245h3956.22N/10334.84WO100/021!W79!/A=076658 -7T311P EOSS BALLOON,"KC0D-1>APZEOS,EOSS,qAO,W9CN-9:/145245h3956.22N/10334.84WO100/021!W79!/A=076658 -7T311P EOSS BALLOON",100.0,24.0,38.6,39.9371166667,-103.5808166667,32.93,52.99,30.74,-0.7,272.45,3110.0,0.03,7.716e-05,0.03976638,0.00010722,3.89e-06,20.36666667,6.20766667,low Re,0.02,21.345089,0.002198,4.698009,0.067898,-0.208263,0.262187,16.997208,0.0061,6.505981,0.00067,1.431951,0.020695,-0.208327,0.262382,5.091574,
EOSS-303,K0SCC-14,2020-11-01 07:53:07.678,2020-11-01 07:53:00,76791.0,23405.9,1129.0,3368.0,ascending,True,/145300h3956.22N/10334.73WO084/021eEOSS.org Balloon/A=076791!W39!,"K0SCC-14>APTT4,EOSSD,EOSSD,qAO,KB0TVJ-1:/145300h3956.22N/10334.73WO084/021eEOSS.org Balloon/A=076791!W39!",84.0,24.0,38.6,39.93705,-103.5789833333,33.01,53.12,,,,,,,,9.713e-05,2.605e-05,18.81609195,5.73517241,low Re,-0.017823,21.336797,0.002132,4.692511,0.067795,-0.537176,-0.294343,16.980336,-0.005431,6.503454,0.00065,1.430275,0.020664,-0.537157,-0.29428,5.088428,
EOSS-303,KC0D-3,2020-11-01 07:53:03.948,2020-11-01 07:53:00,76792.0,23406.2,1054.0,3368.0,ascending,True,/145300h3956.22N/10334.74WO082/018/A=076792 -484T507343P EOSS BALLOON,"KC0D-3>APZEOS,EOSS,WIDE2-1,qAO,W9CN-9:/145300h3956.22N/10334.74WO082/018/A=076792 -484T507343P EOSS BALLOON",82.0,21.0,33.8,39.937,-103.579,33.01,53.12,-55.12,-48.4,224.75,5073430.0,50.07,0.15258711,78.6401659,0.00011111,-1.111e-05,17.56666667,5.35433333,low Re,-0.041648,21.324476,0.001989,4.689767,0.06773,-0.801278,-0.644279,16.980207,-0.012695,6.499699,0.000606,1.429438,0.020644,-0.80127,-0.644303,5.088405,
EOSS-303,KC0D-1,2020-11-01 07:53:16.739,2020-11-01 07:53:15,77144.0,23513.49,972.0,3383.0,ascending,True,/145315h3956.23N/10334.61WO077/028!W18!/A=077144 -5T303P EOSS BALLOON,"KC0D-1>APZEOS,EOSS,qAO,W9CN-9:/145315h3956.23N/10334.61WO077/028!W18!/A=077144 -5T303P EOSS BALLOON",77.0,32.0,51.5,39.9371833333,-103.5769666667,33.09,53.25,31.1,-0.5,272.65,3030.0,0.03,7.512e-05,0.03871503,0.00012833,2.22e-06,16.2,4.93766667,low Re,-0.045556,21.307784,0.001833,4.691223,0.067674,-1.088796,-0.700254,16.933567,-0.013889,6.494611,0.000559,1.429883,0.020627,-1.088861,-0.700441,5.080149,
EOSS-303,K0SCC-14,2020-11-01 07:53:41.353,2020-11-01 07:53:29,77250.0,23545.8,949.7,3397.0,ascending,True,/145329h3956.24N/10334.49WO041/010eEOSS.org Balloon/A=077250!W86!,"K0SCC-14>APTT4,EOSSD,EOSSD,qAO,W9CN-9:/145329h3956.24N/10334.49WO041/010eEOSS.org Balloon/A=077250!W86!",41.0,12.0,19.3,39.9374666667,-103.5749333333,33.16,53.37,,,,,,,,0.00013966,1.437e-05,15.82758621,4.82413793,low Re,-0.012842,21.289991,0.001785,4.693975,0.067568,-1.163706,-0.216478,16.919005,-0.003915,6.489187,0.000544,1.430722,0.020594,-1.163782,-0.216519,5.077691,
EOSS-303,KC0D-3,2020-11-01 07:53:32.128,2020-11-01 07:53:30,77266.0,23550.68,948.0,3398.0,ascending,True,/145330h3956.24N/10334.48WO077/022/A=077266 -484T504543P EOSS BALLOON,"KC0D-3>APZEOS,EOSS,WIDE2-1,qAO,N6BA-10:/145330h3956.24N/10334.48WO077/022/A=077266 -484T504543P EOSS BALLOON",77.0,25.0,40.2,39.9373333333,-103.5746666667,33.18,53.39,-55.12,-48.4,224.75,5045430.0,49.79,0.15174499,78.20615486,0.00014444,1.111e-05,15.8,4.816,low Re,-0.00092,21.272224,0.001777,4.696744,0.067458,-1.16511,-0.03998,16.916788,-0.000271,6.483772,0.000541,1.431565,0.020561,-1.164999,-0.039492,5.077321,
EOSS-303,KC0D-1,2020-11-01 07:53:46.894,2020-11-01 07:53:45,77593.0,23650.35,898.0,3413.0,ascending,True,/145345h3956.28N/10334.34WO084/025!W04!/A=077593 -5T297P EOSS BALLOON,"KC0D-1>APZEOS,EOSS,qAO,N6BA-10:/145345h3956.28N/10334.34WO084/025!W04!/A=077593 -5T297P EOSS BALLOON",84.0,29.0,46.7,39.938,-103.5724,33.24,53.5,31.1,-0.5,272.65,2970.0,0.03,7.363e-05,0.03794839,0.00015222,2.722e-05,14.96666667,4.562,low Re,-0.027778,21.251884,0.001681,4.702794,0.06737,-1.336486,-0.437272,16.870458,-0.008467,6.477573,0.000512,1.433408,0.020534,-1.336377,-0.437275,5.069861,
EOSS-303,K0SCC-14,2020-11-01 07:54:15.493,2020-11-01 07:53:58,77684.0,23678.08,897.9,3426.0,ascending,True,/145358h3956.30N/10334.22WO073/029eEOSS.org Balloon/A=077684!W55!,"K0SCC-14>APTT4,EOSSD,EOSSD,qAO,W9CN-9:/145358h3956.30N/10334.22WO073/029eEOSS.org Balloon/A=077684!W55!",73.0,33.0,53.1,39.9384166667,-103.5704166667,33.31,53.61,,,,,,,,0.00015575,3.276e-05,14.96551724,4.56137931,low Re,-4e-05,21.23167,0.001676,4.708715,0.067261,-1.330756,-0.025513,16.85725,-2.1e-05,6.471412,0.000511,1.435214,0.020501,-1.330835,-0.02595,5.067822,
EOSS-303,KC0D-3,2020-11-01 07:54:04.043,2020-11-01 07:54:00,77704.0,23684.18,876.0,3428.0,ascending,True,/145400h3956.31N/10334.20WO068/032/A=077704 -478T502262P EOSS BALLOON,"KC0D-3>APZEOS,EOSS,WIDE2-1,qAO,W9CN-9:/145400h3956.31N/10334.20WO068/032/A=077704 -478T502262P EOSS BALLOON",68.0,37.0,59.5,39.9385,-103.57,33.33,53.63,-54.04,-47.8,225.35,5022620.0,49.57,0.15065677,77.6453064,0.00015556,3.889e-05,14.6,4.45,low Re,-0.012184,21.210415,0.001631,4.716107,0.067157,-1.401668,-0.205712,16.854331,-0.003713,6.464933,0.000497,1.437467,0.020469,-1.401725,-0.205677,5.067375,
EOSS-303,KC0D-1,2020-11-01 07:54:17.183,2020-11-01 07:54:15,78046.0,23788.42,906.0,3443.0,ascending,True,/145415h3956.33N/10334.04WO070/032!W13!/A=078046 -3T290P EOSS BALLOON,"KC0D-1>APZEOS,EOSS,qAO,W0ARP-2:/145415h3956.33N/10334.04WO070/032!W13!/A=078046 -3T290P EOSS BALLOON",70.0,37.0,59.5,39.93885,-103.5673833333,33.42,53.79,31.46,-0.3,272.85,2900.0,0.03,7.184e-05,0.03702683,0.00016722,2.833e-05,15.1,4.60233333,low Re,0.016667,21.190893,0.001679,4.721193,0.067054,-1.290117,0.223521,16.803596,0.005078,6.458982,0.000512,1.439018,0.020438,-1.290219,0.223407,5.059903,
EOSS-303,K0SCC-14,2020-11-01 07:54:49.940,2020-11-01 07:54:27,78117.0,23810.06,895.9,3455.0,ascending,True,/145427h3956.35N/10333.92WO091/020eEOSS.org Balloon/A=078117!W33!,"K0SCC-14>APTT4,EOSSD,EOSSD,qAO,W9CN-9:/145427h3956.35N/10333.92WO091/020eEOSS.org Balloon/A=078117!W33!",91.0,23.0,37.0,39.9392166667,-103.5653833333,33.49,53.9,,,,,,,,0.00017356,2.759e-05,14.93103448,4.55103448,low Re,-0.005826,21.170957,0.001655,4.726864,0.066948,-1.320098,-0.111743,16.792896,-0.001769,6.452906,0.000504,1.440746,0.020405,-1.32006,-0.111394,5.058391,
EOSS-303,KC0D-3,2020-11-01 07:54:32.041,2020-11-01 07:54:30,78172.0,23826.83,936.0,3458.0,ascending,True,/145430h3956.35N/10333.89WO074/030/A=078172 -482T500884P EOSS BALLOON,"KC0D-3>APZEOS,EOSS,WIDE2-1,qAO,W9CN-9:/145430h3956.35N/10333.89WO074/030/A=078172 -482T500884P EOSS BALLOON",74.0,35.0,56.3,39.9391666667,-103.5648333333,33.52,53.94,-54.76,-48.2,224.95,5008840.0,49.43,0.15051058,77.56996765,0.00017222,2.222e-05,15.6,4.755,low Re,0.022299,21.153271,0.001721,4.729758,0.066851,-1.174113,0.307819,16.784575,0.006799,6.447516,0.000524,1.441628,0.020376,-1.174031,0.30796,5.05723,
EOSS-303,KC0D-1,2020-11-01 07:54:46.833,2020-11-01 07:54:45,78533.0,23936.86,974.0,3473.0,ascending,True,/145445h3956.37N/10333.75WO093/026!W60!/A=078533 -3T283P EOSS BALLOON,"KC0D-1>APZEOS,EOSS,qAO,N2XGL-12:/145445h3956.37N/10333.75WO093/026!W60!/A=078533 -3T283P EOSS BALLOON",93.0,30.0,48.3,39.9396,-103.5625,33.6,54.07,31.46,-0.3,272.85,2830.0,0.03,7.011e-05,0.03613308,0.00016278,2.5e-05,16.23333333,4.948,low Re,0.021111,21.137702,0.001782,4.730348,0.066753,-1.036788,0.28956,16.729396,0.006433,6.44277,0.000543,1.441808,0.020346,-1.036733,0.289492,5.049854,
EOSS-303,KC0D-3,2020-11-01 07:55:04.078,2020-11-01 07:55:00,78661.0,23975.87,978.0,3488.0,ascending,True,/145500h3956.37N/10333.62WO070/024/A=078661 -478T498445P EOSS BALLOON,"KC0D-3>APZEOS,EOSS,WIDE2-1,qAO,W9CN-9:/145500h3956.37N/10333.62WO070/024/A=078661 -478T498445P EOSS BALLOON",70.0,28.0,45.1,39.9395,-103.5603333333,33.7,54.23,-54.04,-47.8,225.35,4984450.0,49.19,0.14951183,77.05523162,0.00015,1.111e-05,16.3,4.968,low Re,0.002222,21.122441,0.001784,4.730667,0.066647,-1.0194,0.006572,16.709671,0.000667,6.438118,0.000544,1.441906,0.020314,-1.019566,0.006055,5.04735,
EOSS-303,KC0D-1,2020-11-01 07:55:16.834,2020-11-01 07:55:15,79020.0,24085.3,974.0,3503.0,ascending,True,/145515h3956.38N/10333.50WO090/024!W29!/A=079020 -1T276P EOSS BALLOON,"KC0D-1>APZEOS,EOSS,qAO,W0ARP-2:/145515h3956.38N/10333.50WO090/024!W29!/A=079020 -1T276P EOSS BALLOON",90.0,28.0,45.1,39.9397,-103.5584833333,33.77,54.34,31.82,-0.1,273.05,2760.0,0.03,6.833e-05,0.03521351,0.00013389,3.33e-06,16.23333333,4.948,low Re,-0.002222,21.107067,0.001771,4.73115,0.066542,-1.030137,-0.060007,16.654237,-0.000667,6.433432,0.00054,1.442053,0.020282,-1.030081,-0.059511,5.040681,
EOSS-303,K0SCC-14,2020-11-01 07:55:29.132,2020-11-01 07:55:25,79121.0,24116.08,1038.6,3513.0,ascending,True,/145525h3956.38N/10333.41WO100/032eEOSS.org Balloon/A=079121!W32!,"K0SCC-14>APTT4,EOSSD,EOSSD,qAO,W9CN-9:/145525h3956.38N/10333.41WO100/032eEOSS.org Balloon/A=079121!W32!",100.0,37.0,59.5,39.9397166667,-103.5568666667,33.84,54.46,,,,,,,,0.00014684,8.62e-06,17.31034483,5.2762069,low Re,0.018569,21.095165,0.001824,4.728486,0.066444,-0.80043,0.252017,16.638673,0.005659,6.429804,0.000556,1.441241,0.020252,-0.800419,0.251975,5.038907,
EOSS-303,KC0D-3,2020-11-01 07:55:32.225,2020-11-01 07:55:30,79218.0,24145.65,1114.0,3518.0,ascending,True,/145530h3956.37N/10333.34WO075/032/A=079218 -488T495690P EOSS BALLOON,"KC0D-3>APZEOS,EOSS,WIDE2-1,qAO,N6BA-10:/145530h3956.37N/10333.34WO075/032/A=079218 -488T495690P EOSS BALLOON",75.0,37.0,59.5,39.9395,-103.5556666667,33.9,54.55,-55.84,-48.8,224.35,4956900.0,48.92,0.14934819,76.9708943,0.00015556,0.0,18.56666667,5.65933333,low Re,0.041877,21.087263,0.00195,4.723185,0.066377,-0.533665,0.601519,16.623764,0.012771,6.427397,0.000594,1.439624,0.020231,-0.533517,0.601898,5.037247,
EOSS-303,KC0D-1,2020-11-01 07:55:46.755,2020-11-01 07:55:45,79607.0,24264.21,1174.0,3533.0,ascending,True,/145545h3956.35N/10333.18WO096/032!W94!/A=079607 -1T268P EOSS BALLOON,"KC0D-1>APZEOS,EOSS,qAO,W9CN-9:/145545h3956.35N/10333.18WO096/032!W94!/A=079607 -1T268P EOSS BALLOON",96.0,37.0,59.5,39.9393166667,-103.5530666667,34.02,54.74,31.82,-0.1,273.05,2680.0,0.03,6.635e-05,0.03419283,0.00018056,-1.278e-05,19.56666667,5.96366667,low Re,0.033333,21.082526,0.002048,4.716563,0.066296,-0.321391,0.471899,16.564615,0.010144,6.425952,0.000624,1.437606,0.020207,-0.321566,0.471124,5.031066,
EOSS-303,K0SCC-14,2020-11-01 07:56:02.272,2020-11-01 07:55:54,79652.0,24277.93,1098.6,3542.0,ascending,True,/145554h3956.33N/10333.08WO115/037eEOSS.org Balloon/A=079652!W76!,"K0SCC-14>APTT4,EOSSD,EOSSD,qAO,W9CN-9:/145554h3956.33N/10333.08WO115/037eEOSS.org Balloon/A=079652!W76!",115.0,43.0,69.2,39.93895,-103.5514333333,34.1,54.88,,,,,,,,0.00018736,-2.644e-05,18.31034483,5.58103448,low Re,-0.043321,21.073917,0.001906,4.711744,0.066241,-0.586529,-0.682764,16.557863,-0.013194,6.423328,0.000581,1.436137,0.02019,-0.586499,-0.682268,5.030402,
EOSS-303,KC0D-3,2020-11-01 07:56:04.212,2020-11-01 07:56:00,79744.0,24305.97,1052.0,3548.0,ascending,True,/145600h3956.32N/10333.02WO097/031/A=079744 -481T492708P EOSS BALLOON,"KC0D-3>APZEOS,EOSS,WIDE2-1,qAO,W9CN-9:/145600h3956.32N/10333.02WO097/031/A=079744 -481T492708P EOSS BALLOON",97.0,36.0,57.9,39.9386666667,-103.5503333333,34.16,54.97,-54.58,-48.1,225.05,4927080.0,48.63,0.14798799,76.26987689,0.00017778,-2.778e-05,17.53333333,5.344,low Re,-0.0259,21.062955,0.00182,4.708545,0.066156,-0.74962,-0.41901,16.544134,-0.007901,6.419987,0.000555,1.435162,0.020164,-0.749732,-0.419361,5.029081,
EOSS-303,KC0D-1,2020-11-01 07:56:16.779,2020-11-01 07:56:15,80109.0,24417.22,1004.0,3563.0,ascending,True,/145615h3956.29N/10332.82WO113/034!W17!/A=080109 1T261P EOSS BALLOON,"KC0D-1>APZEOS,EOSS,qAO,W9CN-9:/145615h3956.29N/10332.82WO113/034!W17!/A=080109 1T261P EOSS BALLOON",113.0,39.0,62.8,39.9381833333,-103.5471166667,34.32,55.23,32.18,0.1,273.25,2610.0,0.03,6.456e-05,0.03327536,0.00019833,-3.778e-05,16.73333333,5.10033333,low Re,-0.026667,21.049592,0.001732,4.707399,0.066072,-0.916909,-0.429819,16.49086,-0.008122,6.415914,0.000528,1.434813,0.020138,-0.9169,-0.429536,5.02432,
EOSS-303,K0SCC-14,2020-11-01 07:56:36.342,2020-11-01 07:56:23,80141.0,24426.98,1011.7,3571.0,ascending,True,/145623h3956.26N/10332.73WO101/039eEOSS.org Balloon/A=080141!W72!,"K0SCC-14>APTT4,EOSSD,EOSSD,qAO,KB0TVJ-1:/145623h3956.26N/10332.73WO101/039eEOSS.org Balloon/A=080141!W72!",101.0,45.0,72.4,39.9377833333,-103.5455333333,34.4,55.36,,,,,,,,0.00020345,-4.023e-05,16.86206897,5.13965517,low Re,0.004439,21.036707,0.00174,4.705866,0.06597,-0.887114,0.040913,16.486295,0.001356,6.411987,0.00053,1.434346,0.020107,-0.887047,0.04108,5.023941,
EOSS-303,KC0D-3,2020-11-01 07:56:32.217,2020-11-01 07:56:30,80243.0,24458.07,998.0,3578.0,ascending,True,/145630h3956.25N/10332.65WO111/032/A=080243 -487T491308P EOSS BALLOON,"KC0D-3>APZEOS,EOSS,WIDE2-1,qAO,W9CN-9:/145630h3956.25N/10332.65WO111/032/A=080243 -487T491308P EOSS BALLOON",111.0,37.0,59.5,39.9375,-103.5441666667,34.47,55.48,-55.66,-48.7,224.45,4913080.0,48.49,0.14796197,76.25646605,0.00020556,-3.889e-05,16.63333333,5.07,low Re,-0.007625,21.0232,0.001711,4.704945,0.06587,-0.933033,-0.141734,16.471876,-0.002322,6.40787,0.000522,1.434065,0.020077,-0.932921,-0.141655,5.022776,
EOSS-303,KC0D-1,2020-11-01 07:56:46.754,2020-11-01 07:56:45,80599.0,24566.58,980.0,3593.0,ascending,True,/145645h3956.19N/10332.49WO107/031!W94!/A=080599 1T255P EOSS BALLOON,"KC0D-1>APZEOS,EOSS,qAO,W9CN-9:/145645h3956.19N/10332.49WO107/031!W94!/A=080599 1T255P EOSS BALLOON",107.0,36.0,57.9,39.93665,-103.5415666667,34.62,55.71,32.18,0.1,273.25,2550.0,0.03,6.308e-05,0.03251041,0.000185,-5.111e-05,16.33333333,4.97866667,low Re,-0.01,21.008858,0.001675,4.704877,0.065772,-0.993761,-0.177507,16.423301,-0.003044,6.403499,0.000511,1.434043,0.020047,-0.993577,-0.177333,5.019236,
EOSS-303,K0SCC-14,2020-11-01 07:57:10.760,2020-11-01 07:56:52,80614.0,24571.15,978.6,3600.0,ascending,True,/145652h3956.17N/10332.42WO120/034eEOSS.org Balloon/A=080614!W44!,"K0SCC-14>APTT4,EOSSD,EOSSD,qAO,W9CN-9:/145652h3956.17N/10332.42WO120/034eEOSS.org Balloon/A=080614!W44!",120.0,39.0,62.8,39.9362333333,-103.5404,34.69,55.82,,,,,,,,0.00017701,-5.345e-05,16.31034483,4.97137931,low Re,-0.000793,20.994533,0.001668,4.704836,0.065671,-0.995611,-0.037475,16.421321,-0.000251,6.399133,0.000508,1.43403,0.020016,-0.995623,-0.03792,5.019106,
EOSS-303,KC0D-3,2020-11-01 07:57:04.272,2020-11-01 07:57:00,80729.0,24606.2,972.0,3608.0,ascending,True,/145700h3956.14N/10332.35WO103/032/A=080729 -472T486407P EOSS BALLOON,"KC0D-3>APZEOS,EOSS,WIDE2-1,qAO,W9CN-9:/145700h3956.14N/10332.35WO103/032/A=080729 -472T486407P EOSS BALLOON",103.0,37.0,59.5,39.9356666667,-103.5391666667,34.76,55.94,-52.96,-47.2,225.95,4864070.0,48.0,0.14551352,74.99458729,0.00016667,-6.111e-05,16.2,4.93766667,low Re,-0.003678,20.97996,0.001652,4.705089,0.065571,-1.015913,-0.081286,16.406332,-0.001124,6.394691,0.000503,1.434108,0.019986,-1.01598,-0.081407,5.018156,
EOSS-303,KC0D-1,2020-11-01 07:57:16.870,2020-11-01 07:57:15,81090.0,24716.23,982.0,3623.0,ascending,True,/145715h3956.08N/10332.19WO114/032!W98!/A=081090 3T249P EOSS BALLOON,"KC0D-1>APZEOS,EOSS,qAO,W0ARP-2:/145715h3956.08N/10332.19WO114/032!W98!/A=081090 3T249P EOSS BALLOON",114.0,37.0,59.5,39.9348166667,-103.5366333333,34.9,56.17,32.54,0.3,273.45,2490.0,0.02,6.155e-05,0.03172224,0.00016444,-6.111e-05,16.36666667,4.98833333,low Re,0.005556,20.965981,0.001663,4.704792,0.065472,-0.977581,0.059461,16.361726,0.001689,6.390429,0.000507,1.434018,0.019955,-0.977739,0.059233,5.015781,
EOSS-303,K0SCC-14,2020-11-01 07:57:44.398,2020-11-01 07:57:21,81083.0,24714.1,970.3,3629.0,ascending,True,/145721h3956.07N/10332.13WO106/036eEOSS.org Balloon/A=081083!W25!,"K0SCC-14>APTT4,EOSSD,EOSSD,qAO,W9CN-9:/145721h3956.07N/10332.13WO106/036eEOSS.org Balloon/A=081083!W25!",106.0,41.0,66.0,39.9345333333,-103.5355833333,34.96,56.27,,,,,,,,0.00016609,-5.862e-05,16.17241379,4.92931034,low Re,-0.006698,20.951499,0.001638,4.705041,0.065374,-1.015737,-0.127512,16.362553,-0.002035,6.386015,0.000499,1.434094,0.019925,-1.015767,-0.127177,5.015818,
EOSS-303,KC0D-3,2020-11-01 07:57:32.299,2020-11-01 07:57:30,81224.0,24757.08,990.0,3638.0,ascending,True,/145730h3956.02N/10332.05WO125/035/A=081224 -468T485436P EOSS BALLOON,"KC0D-3>APZEOS,EOSS,WIDE2-1,qAO,W9CN-9:/145730h3956.02N/10332.05WO125/035/A=081224 -468T485436P EOSS BALLOON",125.0,40.0,64.4,39.9336666667,-103.5341666667,35.06,56.42,-52.24,-46.8,226.35,4854360.0,47.91,0.1449664,74.71261383,0.00016667,-6.667e-05,16.5,5.02933333,low Re,0.01092,20.93809,0.001666,4.704277,0.065276,-0.943416,0.141767,16.346208,0.003334,6.381929,0.000508,1.433861,0.019896,-0.943324,0.142039,5.015141,
EOSS-303,KC0D-1,2020-11-01 07:57:46.777,2020-11-01 07:57:45,81573.0,24863.45,966.0,3653.0,ascending,True,/145745h3955.96N/10331.93WO120/031!W40!/A=081573 3T243P EOSS BALLOON,"KC0D-1>APZEOS,EOSS,qAO,W9CN-9:/145745h3955.96N/10331.93WO120/031!W40!/A=081573 3T243P EOSS BALLOON",120.0,36.0,57.9,39.9327333333,-103.5321666667,35.18,56.62,32.54,0.3,273.45,2430.0,0.02,6.007e-05,0.03095785,0.00014889,-6.944e-05,16.1,4.90733333,low Re,-0.013333,20.923562,0.001621,4.704663,0.065183,-1.025273,-0.229416,16.308755,-0.004067,6.3775,0.000494,1.433978,0.019867,-1.025237,-0.229577,5.014107,
EOSS-303,KC0D-3,2020-11-01 07:58:03.912,2020-11-01 07:58:00,81686.0,24897.89,924.0,3668.0,ascending,True,/145800h3955.91N/10331.79WO120/035/A=081686 -460T483155P EOSS BALLOON,"KC0D-3>APZEOS,EOSS,WIDE2-1,qAO,W9CN-9:/145800h3955.91N/10331.79WO120/035/A=081686 -460T483155P EOSS BALLOON",120.0,40.0,64.4,39.9318333333,-103.5298333333,35.32,56.84,-50.8,-46.0,227.15,4831550.0,47.68,0.14377707,74.09965499,0.00014444,-6.111e-05,15.4,4.69366667,low Re,-0.023333,20.907024,0.001546,4.707306,0.065099,-1.169889,-0.382172,16.297616,-0.007122,6.372459,0.000471,1.434785,0.019842,-1.170065,-0.382673,5.013972,
EOSS-303,KC0D-1,2020-11-01 07:58:16.758,2020-11-01 07:58:15,82028.0,25002.13,910.0,3683.0,ascending,True,/145815h3955.87N/10331.66WO107/028!W80!/A=082028 6T237P EOSS BALLOON,"KC0D-1>APZEOS,EOSS,qAO,W9CN-9:/145815h3955.87N/10331.66WO107/028!W80!/A=082028 6T237P EOSS BALLOON",107.0,32.0,51.5,39.9313,-103.5276666667,35.43,57.02,33.08,0.6,273.75,2370.0,0.02,5.852e-05,0.03016037,0.00015,-4.778e-05,15.16666667,4.62266667,low Re,-0.007778,20.889889,0.001518,4.710706,0.065003,-1.214939,-0.143009,16.267113,-0.002367,6.367236,0.000463,1.435822,0.019813,-1.215032,-0.142836,5.014177,
EOSS-303,K0SCC-14,2020-11-01 07:58:24.077,2020-11-01 07:58:19,81985.0,24989.03,933.1,3687.0,ascending,True,/145819h3955.86N/10331.61WO105/037eEOSS.org Balloon/A=081985!W99!,"K0SCC-14>APTT4,EOSSD,EOSSD,qAO,W9CN-9:/145819h3955.86N/10331.61WO105/037eEOSS.org Balloon/A=081985!W99!",105.0,43.0,69.2,39.93115,-103.5269833333,35.47,57.08,,,,,,,,0.00014828,-5.833e-05,15.55172414,4.74017241,low Re,0.006639,20.874001,0.001533,4.712677,0.064906,-1.129353,0.078668,16.270672,0.002026,6.362393,0.000467,1.436422,0.019783,-1.129348,0.078805,5.014101,
EOSS-303,KC0D-3,2020-11-01 07:58:36.395,2020-11-01 07:58:30,82167.0,25044.5,962.0,3698.0,ascending,True,/145830h3955.85N/10331.53WO101/022/A=082167 -452T481642P EOSS BALLOON,"KC0D-3>APZEOS,EOSS,WIDE2-1,qAO,W9CN-9:/145830h3955.85N/10331.53WO101/022/A=082167 -452T481642P EOSS BALLOON",101.0,25.0,40.2,39.9308333333,-103.5255,35.54,57.2,-49.36,-45.2,227.95,4816420.0,47.53,0.14282382,73.60837045,0.00014444,-3.333e-05,16.03333333,4.887,low Re,0.016054,20.859637,0.001577,4.713041,0.064814,-1.024032,0.223362,16.256175,0.004894,6.358015,0.00048,1.436533,0.019755,-1.024004,0.223437,5.014527,
EOSS-303,KC0D-1,2020-11-01 07:58:46.764,2020-11-01 07:58:45,82515.0,25150.57,974.0,3713.0,ascending,True,/145845h3955.83N/10331.41WO089/019!W77!/A=082515 6T232P EOSS BALLOON,"KC0D-1>APZEOS,EOSS,qAO,W9CN-9:/145845h3955.83N/10331.41WO089/019!W77!/A=082515 6T232P EOSS BALLOON",89.0,22.0,35.4,39.9306166667,-103.5236166667,35.64,57.35,33.08,0.6,273.75,2320.0,0.02,5.729e-05,0.02952408,0.000135,-2.278e-05,16.23333333,4.948,low Re,0.006667,20.84595,0.001592,4.712766,0.064718,-0.978749,0.078417,16.232759,0.002033,6.353844,0.000485,1.436449,0.019726,-0.978694,0.078475,5.016084,
EOSS-303,K0SCC-14,2020-11-01 07:58:57.622,2020-11-01 07:58:48,82461.0,25134.11,984.8,3716.0,ascending,True,/145848h3955.83N/10331.39WO094/023eEOSS.org Balloon/A=082461!W76!,"K0SCC-14>APTT4,EOSSD,EOSSD,qAO,W9CN-9:/145848h3955.83N/10331.39WO094/023eEOSS.org Balloon/A=082461!W76!",94.0,26.0,41.8,39.9306166667,-103.5232666667,35.65,57.37,,,,,,,,0.00012816,-1.839e-05,16.4137931,5.00275862,low Re,0.006223,20.832876,0.001605,4.711942,0.064623,-0.937847,0.071461,16.236009,0.001888,6.349858,0.000489,1.436198,0.019697,-0.937962,0.071026,5.015778,
EOSS-303,KC0D-3,2020-11-01 07:59:03.864,2020-11-01 07:59:00,82634.0,25186.84,934.0,3728.0,ascending,True,/145900h3955.83N/10331.28WO087/022/A=082634 -449T480400P EOSS BALLOON,"KC0D-3>APZEOS,EOSS,WIDE2-1,qAO,W9CN-9:/145900h3955.83N/10331.28WO087/022/A=082634 -449T480400P EOSS BALLOON",87.0,25.0,40.2,39.9305,-103.5213333333,35.74,57.52,-48.82,-44.9,228.25,4804000.0,47.41,0.14226828,73.32206055,0.00013889,-1.111e-05,15.56666667,4.74466667,low Re,-0.028238,20.817387,0.001517,4.713647,0.064548,-1.11394,-0.460975,16.226114,-0.008603,6.345137,0.000462,1.436718,0.019674,-1.113977,-0.46076,5.016841,
EOSS-303,KC0D-1,2020-11-01 07:59:16.765,2020-11-01 07:59:15,82976.0,25291.08,922.0,3743.0,ascending,True,/145915h3955.83N/10331.17WO096/024!W02!/A=082976 9T227P EOSS BALLOON,"KC0D-1>APZEOS,EOSS,qAO,W9CN-9:/145915h3955.83N/10331.17WO096/024!W02!/A=082976 9T227P EOSS BALLOON",96.0,28.0,45.1,39.9305,-103.5195333333,35.82,57.64,33.62,0.9,274.05,2270.0,0.02,5.599e-05,0.02885616,0.00013611,-3.89e-06,15.36666667,4.68366667,low Re,-0.006667,20.801402,0.001493,4.715957,0.064454,-1.152414,-0.126602,16.211087,-0.002033,6.340265,0.000455,1.437423,0.019645,-1.152478,-0.126648,5.019656,
EOSS-303,K0SCC-14,2020-11-01 07:59:31.359,2020-11-01 07:59:17,82901.0,25268.22,910.3,3745.0,ascending,True,/145917h3955.82N/10331.15WO108/024eEOSS.org Balloon/A=082901!W76!,"K0SCC-14>APTT4,EOSSD,EOSSD,qAO,W9CN-9:/145917h3955.82N/10331.15WO108/024eEOSS.org Balloon/A=082901!W76!",108.0,28.0,45.1,39.93045,-103.5192666667,35.83,57.66,,,,,,,,0.00013793,-5.75e-06,15.17241379,4.62448276,low Re,-0.006698,20.784943,0.001469,4.718864,0.06436,-1.189381,-0.126896,16.213853,-0.002041,6.335248,0.000448,1.438309,0.019617,-1.189428,-0.12688,5.018958,
EOSS-303,KC0D-3,2020-11-01 07:59:31.993,2020-11-01 07:59:30,83099.0,25328.58,930.0,3758.0,ascending,True,/145930h3955.82N/10331.06WO077/016/A=083099 -465T476560P EOSS BALLOON,"KC0D-3>APZEOS,EOSS,WIDE2-1,qAO,N2XGL-12:/145930h3955.82N/10331.06WO077/016/A=083099 -465T476560P EOSS BALLOON",77.0,18.0,29.0,39.9303333333,-103.5176666667,35.9,57.78,-51.7,-46.5,226.65,4765600.0,47.03,0.14212738,73.24944062,0.00012222,-5.56e-06,15.5,4.72466667,low Re,0.01092,20.769535,0.001497,4.720593,0.064268,-1.116287,0.14662,16.207208,0.003339,6.330552,0.000456,1.438835,0.019589,-1.116101,0.147174,5.0209,
EOSS-303,KC0D-1,2020-11-01 07:59:46.777,2020-11-01 07:59:45,83455.0,25437.08,958.0,3773.0,ascending,True,/145945h3955.81N/10330.96WO110/013!W07!/A=083455 10T221P EOSS BALLOON,"KC0D-1>APZEOS,EOSS,qAO,W9CN-9:/145945h3955.81N/10330.96WO110/013!W07!/A=083455 10T221P EOSS BALLOON",110.0,15.0,24.1,39.9301666667,-103.5161166667,35.98,57.9,33.8,1.0,274.15,2210.0,0.02,5.449e-05,0.02808319,0.00011389,-1.111e-05,15.96666667,4.86666667,low Re,0.015556,20.755574,0.001538,4.720814,0.064179,-1.014424,0.21842,16.200716,0.004733,6.326297,0.000469,1.438902,0.019561,-1.014406,0.217985,5.025177,
EOSS-303,K0SCC-14,2020-11-01 08:00:05.842,2020-11-01 07:59:46,83367.0,25410.26,964.1,3774.0,ascending,True,/145946h3955.81N/10330.96WO118/012eEOSS.org Balloon/A=083367!W02!,"K0SCC-14>APTT4,EOSSD,EOSSD,qAO,W9CN-9:/145946h3955.81N/10330.96WO118/012eEOSS.org Balloon/A=083367!W02!",118.0,14.0,22.5,39.9301666667,-103.5160333333,35.98,57.91,,,,,,,,0.00011149,-9.77e-06,16.06896552,4.89793103,low Re,0.003528,20.741989,0.001544,4.720695,0.064085,-0.989902,0.030959,16.201655,0.001078,6.322157,0.00047,1.438866,0.019533,-0.989825,0.031127,5.024027,
EOSS-303,KC0D-3,2020-11-01 08:00:04.211,2020-11-01 08:00:00,83588.0,25477.62,978.0,3788.0,ascending,True,/150000h3955.79N/10330.87WO084/019/A=083588 -458T475725P EOSS BALLOON,"KC0D-3>APZEOS,EOSS,WIDE2-1,qAO,W9CN-9:/150000h3955.79N/10330.87WO084/019/A=083588 -458T475725P EOSS BALLOON",84.0,22.0,35.4,39.9298333333,-103.5145,36.06,58.04,-50.44,-45.8,227.35,4757250.0,46.95,0.14144151,72.89596089,0.00010556,-1.667e-05,16.3,4.968,low Re,0.007701,20.729151,0.001562,4.719894,0.063993,-0.938401,0.095932,16.200139,0.002336,6.318243,0.000476,1.438622,0.019505,-0.938567,0.09536,5.027031,
EOSS-303,KC0D-1,2020-11-01 08:00:16.844,2020-11-01 08:00:15,83949.0,25587.66,988.0,3803.0,ascending,True,/150015h3955.78N/10330.78WO102/022!W25!/A=083949 13T216P EOSS BALLOON,"KC0D-1>APZEOS,EOSS,qAO,W0ARP-2:/150015h3955.78N/10330.78WO102/022!W25!/A=083949 13T216P EOSS BALLOON",102.0,25.0,40.2,39.9297,-103.5130833333,36.13,58.14,34.34,1.3,274.45,2160.0,0.02,5.32e-05,0.02741782,0.00010111,-1.556e-05,16.46666667,5.01933333,low Re,0.005556,20.716867,0.001573,4.71862,0.0639,-0.90073,0.062332,16.203777,0.001711,6.3145,0.000479,1.438233,0.019476,-0.900526,0.063257,5.032745,
EOSS-303,K0SCC-14,2020-11-01 08:00:43.832,2020-11-01 08:00:19,83911.0,25576.07,989.1,3807.0,ascending,True,/150019h3955.77N/10330.75WO099/025eEOSS.org Balloon/A=083911!W84!,"K0SCC-14>APTT4,EOSSD,EOSSD,qAO,W9CN-9:/150019h3955.77N/10330.75WO099/025eEOSS.org Balloon/A=083911!W84!",99.0,29.0,46.7,39.9296333333,-103.5125666667,36.15,58.18,,,,,,,,0.00010505,-1.616e-05,16.48484848,5.02454545,low Re,0.000551,20.704706,0.00157,4.717274,0.063808,-0.894554,-0.01597,16.203032,0.000158,6.310793,0.000479,1.437823,0.019448,-0.89458,-0.016506,5.032097,
EOSS-303,KC0D-3,2020-11-01 08:00:31.968,2020-11-01 08:00:30,84110.0,25636.73,1044.0,3818.0,ascending,True,/150030h3955.77N/10330.66WO096/030/A=084110 -459T472834P EOSS BALLOON,"KC0D-3>APZEOS,EOSS,WIDE2-1,qAO,W9CN-9:/150030h3955.77N/10330.66WO096/030/A=084110 -459T472834P EOSS BALLOON",96.0,35.0,56.3,39.9295,-103.511,36.23,58.3,-50.62,-45.9,227.25,4728340.0,46.67,0.14064383,72.48485169,0.00011667,-1.111e-05,17.4,5.30366667,low Re,0.030505,20.695237,0.001653,4.713812,0.063735,-0.69906,0.452687,16.207888,0.009304,6.307907,0.000504,1.436767,0.019426,-0.698958,0.453001,5.035605,
EOSS-303,KC0D-1,2020-11-01 08:00:46.792,2020-11-01 08:00:45,84488.0,25751.94,1078.0,3833.0,ascending,True,/150045h3955.74N/10330.53WO097/026!W41!/A=084488 13T210P EOSS BALLOON,"KC0D-1>APZEOS,EOSS,qAO,W9CN-9:/150045h3955.74N/10330.53WO097/026!W41!/A=084488 13T210P EOSS BALLOON",97.0,30.0,48.3,39.9290666667,-103.50885,36.34,58.48,34.34,1.3,274.45,2100.0,0.02,5.172e-05,0.02665622,0.00014111,-2.111e-05,17.96666667,5.476,low Re,0.018889,20.687441,0.001703,4.709312,0.06365,-0.577743,0.270008,16.223643,0.005744,6.30553,0.000519,1.435397,0.0194,-0.57791,0.26933,5.043039,
EOSS-303,KC0D-3,2020-11-01 08:01:04.065,2020-11-01 08:01:00,84636.0,25797.05,1052.0,3848.0,ascending,True,/150100h3955.72N/10330.39WO117/036/A=084636 -466T471886P EOSS BALLOON,"KC0D-3>APZEOS,EOSS,WIDE2-1,qAO,N2XGL-12:/150100h3955.72N/10330.39WO117/036/A=084636 -466T471886P EOSS BALLOON",117.0,41.0,66.0,39.9286666667,-103.5065,36.46,58.67,-51.88,-46.6,226.55,4718860.0,46.57,0.14079554,72.56304101,0.00015,-2.778e-05,17.53333333,5.344,low Re,-0.014444,20.678455,0.001657,4.705593,0.063564,-0.668379,-0.253304,16.23215,-0.0044,6.302791,0.000505,1.434263,0.019374,-0.66849,-0.253174,5.046212,
EOSS-303,KC0D-1,2020-11-01 08:01:16.833,2020-11-01 08:01:15,84990.0,25904.95,1004.0,3863.0,ascending,True,/150115h3955.69N/10330.23WO108/033!W24!/A=084990 16T205P EOSS BALLOON,"KC0D-1>APZEOS,EOSS,qAO,W0ARP-2:/150115h3955.69N/10330.23WO108/033!W24!/A=084990 16T205P EOSS BALLOON",108.0,38.0,61.2,39.9282,-103.5039,36.59,58.88,34.88,1.6,274.75,2050.0,0.02,5.044e-05,0.02599313,0.000165,-2.889e-05,16.73333333,5.10033333,low Re,-0.026667,20.667247,0.001576,4.703587,0.063491,-0.836365,-0.444835,16.257801,-0.008122,6.299375,0.00048,1.433652,0.019352,-0.836355,-0.444502,5.054354,
EOSS-303,K0SCC-14,2020-11-01 08:01:24.308,2020-11-01 08:01:17,84902.0,25878.13,1025.2,3865.0,ascending,True,/150117h3955.68N/10330.21WO113/024eEOSS.org Balloon/A=084902!W80!,"K0SCC-14>APTT4,EOSSD,EOSSD,qAO,N6BA-10:/150117h3955.68N/10330.21WO113/024eEOSS.org Balloon/A=084902!W80!",113.0,28.0,45.1,39.9281333333,-103.5035,36.61,58.92,,,,,,,,0.00015632,-2.586e-05,17.0862069,5.20793103,low Re,0.006084,20.657103,0.001589,4.700767,0.063401,-0.759641,0.070898,16.25073,0.001855,6.296283,0.000484,1.432792,0.019324,-0.759602,0.070948,5.05226,
EOSS-303,KC0D-3,2020-11-01 08:01:32.241,2020-11-01 08:01:30,85139.0,25950.37,1006.0,3878.0,ascending,True,/150130h3955.65N/10330.09WO104/026/A=085139 -466T469967P EOSS BALLOON,"KC0D-3>APZEOS,EOSS,WIDE2-1,qAO,N6BA-10:/150130h3955.65N/10330.09WO104/026/A=085139 -466T469967P EOSS BALLOON",104.0,30.0,48.3,39.9275,-103.5015,36.72,59.1,-51.88,-46.6,226.55,4699670.0,46.38,0.14022298,72.26795178,0.00016667,-3.889e-05,16.76666667,5.11066667,low Re,-0.010651,20.646113,0.001554,4.698656,0.063315,-0.82565,-0.192766,16.270811,-0.003242,6.292934,0.000474,1.432148,0.019298,-0.82552,-0.192559,5.057998,
EOSS-303,KC0D-1,2020-11-01 08:01:46.861,2020-11-01 08:01:45,85500.0,26060.4,1020.0,3893.0,ascending,True,/150145h3955.60N/10329.96WO106/028!W67!/A=085500 16T199P EOSS BALLOON,"KC0D-1>APZEOS,EOSS,qAO,W0ARP-2:/150145h3955.60N/10329.96WO106/028!W67!/A=085500 16T199P EOSS BALLOON",106.0,32.0,51.5,39.9267666667,-103.49945,36.84,59.29,34.88,1.6,274.75,1990.0,0.02,4.896e-05,0.02523236,0.00014833,-4.778e-05,17.0,5.18166667,low Re,0.007778,20.635842,0.001572,4.696004,0.063226,-0.774242,0.098156,16.307634,0.002367,6.289803,0.000479,1.43134,0.019271,-0.774195,0.097971,5.067299,
EOSS-303,K0SCC-14,2020-11-01 08:01:58.641,2020-11-01 08:01:46,85404.0,26031.14,1038.6,3894.0,ascending,True,/150146h3955.60N/10329.95WO100/025eEOSS.org Balloon/A=085404!W68!,"K0SCC-14>APTT4,EOSSD,EOSSD,qAO,W9CN-9:/150146h3955.60N/10329.95WO100/025eEOSS.org Balloon/A=085404!W68!",100.0,29.0,46.7,39.9267666667,-103.4993,36.85,59.3,,,,,,,,0.00014483,-4.713e-05,17.31034483,5.2762069,low Re,0.010702,20.626501,0.001597,4.692696,0.063138,-0.706663,0.144208,16.29712,0.00326,6.286956,0.000487,1.430331,0.019244,-0.706654,0.144097,5.064764,
EOSS-303,KC0D-1,2020-11-01 08:02:16.747,2020-11-01 08:02:15,85949.0,26197.26,898.0,3923.0,ascending,True,/150215h3955.49N/10329.70WO131/025!W51!/A=085949 19T196P EOSS BALLOON,"KC0D-1>APZEOS,EOSS,qAO,W9CN-9:/150215h3955.49N/10329.70WO131/025!W51!/A=085949 19T196P EOSS BALLOON",131.0,29.0,46.7,39.9249166667,-103.4950166667,37.1,59.71,35.42,1.9,275.05,1960.0,0.02,4.817e-05,0.02482486,0.00014778,-6.167e-05,14.96666667,4.562,low Re,-0.078123,20.610647,0.001373,4.695665,0.063191,-1.201955,-1.258027,16.363472,-0.023807,6.282124,0.000419,1.431236,0.01926,-1.201845,-1.25784,5.079653,
EOSS-303,K0SCC-14,2020-11-01 08:02:33.301,2020-11-01 08:02:15,85838.0,26163.42,897.9,3923.0,ascending,True,/150215h3955.49N/10329.69WO133/029eEOSS.org Balloon/A=085838!W48!,"K0SCC-14>APTT4,EOSSD,EOSSD,qAO,W9CN-9:/150215h3955.49N/10329.69WO133/029eEOSS.org Balloon/A=085838!W48!",133.0,33.0,53.1,39.9249,-103.4949666667,37.11,59.72,,,,,,,,0.00014943,-6.437e-05,14.96551724,4.56137931,low Re,-4e-05,20.594879,0.001369,4.698566,0.063102,-1.198102,-0.022329,16.348673,-2.1e-05,6.277318,0.000417,1.43212,0.019233,-1.198181,-0.022773,5.07653,
EOSS-303,KC0D-3,2020-11-01 08:02:32.195,2020-11-01 08:02:30,86074.0,26235.36,935.0,3938.0,ascending,True,/150230h3955.42N/10329.58WO137/023/A=086074 -451T465947P EOSS BALLOON,"KC0D-3>APZEOS,EOSS,WIDE2-1,qAO,N2XGL-12:/150230h3955.42N/10329.58WO137/023/A=086074 -451T465947P EOSS BALLOON",137.0,26.0,41.8,39.9236666667,-103.493,37.24,59.93,-49.18,-45.1,228.05,4659470.0,45.99,0.13810911,71.17850992,0.00014167,-6.389e-05,15.58333333,4.74983333,low Re,0.010297,20.580919,0.001394,4.699448,0.063015,-1.063441,0.141284,16.380888,0.003141,6.273063,0.000425,1.432389,0.019207,-1.063419,0.141407,5.083216,
EOSS-303,K0SCC-14,2020-11-01 08:03:07.363,2020-11-01 08:02:44,86284.0,26299.36,922.8,3952.0,ascending,True,/150244h3955.35N/10329.50WO120/024eEOSS.org Balloon/A=086284!W55!,"K0SCC-14>APTT4,EOSSD,EOSSD,qAO,W9CN-9:/150244h3955.35N/10329.50WO120/024eEOSS.org Balloon/A=086284!W55!",120.0,28.0,45.1,39.9225833333,-103.49175,37.34,60.09,,,,,,,,0.00011092,-7.989e-05,15.37931034,4.68758621,low Re,-0.007035,20.56647,0.001371,4.700899,0.062929,-1.10344,-0.133579,16.411868,-0.002146,6.268659,0.000418,1.432832,0.01918,-1.10346,-0.133681,5.089291,
EOSS-303,KC0D-1,2020-11-01 08:02:46.749,2020-11-01 08:02:45,86404.0,26335.94,910.0,3953.0,ascending,True,/150245h3955.35N/10329.49WO127/025!W07!/A=086404 20T191P EOSS BALLOON,"KC0D-1>APZEOS,EOSS,qAO,W9CN-9:/150245h3955.35N/10329.49WO127/025!W07!/A=086404 20T191P EOSS BALLOON",127.0,29.0,46.7,39.9225,-103.4916166667,37.35,60.1,35.6,2.0,275.15,1910.0,0.02,4.692e-05,0.02418278,0.00011333,-8.056e-05,15.16666667,4.62266667,low Re,-0.007088,20.551512,0.001347,4.702961,0.062843,-1.14499,-0.134223,16.430497,-0.002164,6.264099,0.000411,1.43346,0.019154,-1.145084,-0.134437,5.092805,
EOSS-303,KC0D-3,2020-11-01 08:03:04.290,2020-11-01 08:03:00,86518.0,26370.69,888.0,3968.0,ascending,True,/150300h3955.29N/10329.42WO116/021/A=086518 -441T465089P EOSS BALLOON,"KC0D-3>APZEOS,EOSS,WIDE2-1,qAO,N2XGL-12:/150300h3955.29N/10329.42WO116/021/A=086518 -441T465089P EOSS BALLOON",116.0,24.0,38.6,39.9215,-103.4903333333,37.44,60.26,-47.38,-44.1,229.05,4650890.0,45.9,0.13725294,70.73725791,8.889e-05,-7.222e-05,14.8,4.511,low Re,-0.012222,20.535624,0.00131,4.706161,0.062759,-1.218748,-0.215618,16.448788,-0.003722,6.259256,0.000399,1.434436,0.019129,-1.218776,-0.215432,5.096164,
EOSS-303,KC0D-1,2020-11-01 08:03:16.773,2020-11-01 08:03:15,86846.0,26470.66,884.0,3983.0,ascending,True,/150315h3955.23N/10329.31WO124/028!W36!/A=086846 23T187P EOSS BALLOON,"KC0D-1>APZEOS,EOSS,qAO,W9CN-9:/150315h3955.23N/10329.31WO124/028!W36!/A=086846 23T187P EOSS BALLOON",124.0,32.0,51.5,39.92055,-103.4886,37.56,60.44,36.14,2.3,275.45,1870.0,0.02,4.589e-05,0.02365055,0.00010056,-6.5e-05,14.73333333,4.49066667,low Re,-0.002222,20.51964,0.0013,4.709513,0.062673,-1.228642,-0.056196,16.504407,-0.000678,6.254384,0.000396,1.435458,0.019102,-1.228679,-0.056224,5.10589,
EOSS-303,KC0D-3,2020-11-01 08:03:32.171,2020-11-01 08:03:30,86965.0,26506.93,894.0,3998.0,ascending,True,/150330h3955.19N/10329.18WO105/028/A=086965 -436T462898P EOSS BALLOON,"KC0D-3>APZEOS,EOSS,WIDE2-1,qAO,W9CN-9:/150330h3955.19N/10329.18WO105/028/A=086965 -436T462898P EOSS BALLOON",105.0,32.0,51.5,39.9198333333,-103.4863333333,37.68,60.64,-46.48,-43.6,229.55,4628980.0,45.68,0.1363088,70.25066765,0.00013333,-5.556e-05,14.9,4.54133333,low Re,0.005556,20.504201,0.001312,4.712237,0.062586,-1.189287,0.067811,16.52559,0.001689,6.249678,0.0004,1.436289,0.019076,-1.189416,0.067572,5.109422,
EOSS-303,K0SCC-14,2020-11-01 08:03:48.515,2020-11-01 08:03:42,87153.0,26564.23,899.0,4010.0,ascending,True,/150342h3955.14N/10329.07WO136/025eEOSS.org Balloon/A=087153!W58!,"K0SCC-14>APTT4,EOSSD,EOSSD,qAO,N6BA-10:/150342h3955.14N/10329.07WO136/025eEOSS.org Balloon/A=087153!W58!",136.0,29.0,46.7,39.9190833333,-103.4846333333,37.79,60.81,,,,,,,,0.0001227,-6.034e-05,14.98275862,4.56672414,low Re,0.001427,20.489074,0.001312,4.714626,0.0625,-1.167922,0.00184,16.560022,0.000438,6.245067,0.0004,1.437017,0.01905,-1.167935,0.001995,5.114981,
EOSS-303,KC0D-1,2020-11-01 08:03:46.821,2020-11-01 08:03:45,87318.0,26614.53,944.0,4013.0,ascending,True,/150345h3955.13N/10329.05WO129/027!W07!/A=087318 23T182P EOSS BALLOON,"KC0D-1>APZEOS,EOSS,qAO,W0ARP-2:/150345h3955.13N/10329.05WO129/027!W07!/A=087318 23T182P EOSS BALLOON",129.0,31.0,49.9,39.9188333333,-103.4842833333,37.81,60.85,36.14,2.3,275.45,1820.0,0.02,4.466e-05,0.02301818,0.00014389,-5.722e-05,15.73333333,4.79566667,low Re,0.025019,20.47608,0.001377,4.714721,0.062427,-1.005944,0.378714,16.591114,0.007631,6.241107,0.00042,1.437045,0.019027,-1.005842,0.378988,5.119819,
EOSS-303,KC0D-3,2020-11-01 08:04:04.260,2020-11-01 08:04:00,87477.0,26662.99,1024.0,4028.0,ascending,True,/150400h3955.06N/10328.95WO132/025/A=087477 -433T462199P EOSS BALLOON,"KC0D-3>APZEOS,EOSS,WIDE2-1,qAO,W9CN-9:/150400h3955.06N/10328.95WO132/025/A=087477 -433T462199P EOSS BALLOON",132.0,29.0,46.7,39.9176666667,-103.4825,37.93,61.05,-45.94,-43.3,229.85,4621990.0,45.62,0.13592532,70.05303285,0.00012778,-7.222e-05,17.06666667,5.202,low Re,0.044444,20.46679,0.001495,4.711638,0.062382,-0.721644,0.688484,16.621743,0.013544,6.238276,0.000455,1.436106,0.019014,-0.721587,0.688388,5.124425,
EOSS-303,K0SCC-14,2020-11-01 08:04:22.832,2020-11-01 08:04:11,87678.0,26724.25,1086.2,4039.0,ascending,True,/150411h3955.02N/10328.88WO142/023eEOSS.org Balloon/A=087678!W15!,"K0SCC-14>APTT4,EOSSD,EOSSD,qAO,W9CN-9:/150411h3955.02N/10328.88WO142/023eEOSS.org Balloon/A=087678!W15!",142.0,26.0,41.8,39.9170166667,-103.4814166667,38.01,61.17,,,,,,,,0.00011092,-7.126e-05,18.10344828,5.51793103,low Re,0.035751,20.460368,0.001588,4.706827,0.062322,-0.500745,0.548169,16.661241,0.010894,6.236318,0.000484,1.434639,0.018995,-0.500744,0.548039,5.13014,
EOSS-303,KC0D-1,2020-11-01 08:04:16.782,2020-11-01 08:04:15,87865.0,26781.25,1094.0,4043.0,ascending,True,/150415h3955.00N/10328.87WO133/018!W61!/A=087865 26T177P EOSS BALLOON,"KC0D-1>APZEOS,EOSS,qAO,W9CN-9:/150415h3955.00N/10328.87WO133/018!W61!/A=087865 26T177P EOSS BALLOON",133.0,21.0,33.8,39.9167666667,-103.4811833333,38.03,61.2,36.68,2.6,275.75,1770.0,0.02,4.339e-05,0.02236146,0.00010333,-6.889e-05,18.23333333,5.55733333,low Re,0.00433,20.454333,0.001595,4.701857,0.062237,-0.472366,0.043945,16.698591,0.001313,6.234478,0.000486,1.433125,0.01897,-0.472495,0.043595,5.135318,
EOSS-303,KC0D-3,2020-11-01 08:04:32.276,2020-11-01 08:04:30,88058.0,26840.08,1162.0,4058.0,ascending,True,/150430h3954.96N/10328.79WO136/022/A=088058 -432T459849P EOSS BALLOON,"KC0D-3>APZEOS,EOSS,WIDE2-1,qAO,W9CN-9:/150430h3954.96N/10328.79WO136/022/A=088058 -432T459849P EOSS BALLOON",136.0,25.0,40.2,39.916,-103.4798333333,38.12,61.34,-45.76,-43.2,229.95,4598490.0,45.38,0.13517542,69.66654634,8.889e-05,-5.556e-05,19.36666667,5.903,low Re,0.037778,20.451393,0.001694,4.695822,0.062181,-0.230998,0.580306,16.737547,0.011522,6.233582,0.000516,1.431285,0.018952,-0.230969,0.58073,5.140485,
EOSS-303,K0SCC-14,2020-11-01 08:04:56.959,2020-11-01 08:04:40,88256.0,26900.43,1195.9,4068.0,ascending,True,/150440h3954.92N/10328.73WO122/023eEOSS.org Balloon/A=088256!W56!,"K0SCC-14>APTT4,EOSSD,EOSSD,qAO,W9CN-9:/150440h3954.92N/10328.73WO122/023eEOSS.org Balloon/A=088256!W56!",122.0,26.0,41.8,39.9154166667,-103.4789333333,38.18,61.44,,,,,,,,8.563e-05,-5.517e-05,19.93103448,6.07517241,low Re,0.019461,20.44999,0.001742,4.68955,0.062104,-0.110662,0.285312,16.777717,0.005937,6.233155,0.000531,1.429373,0.018929,-0.110526,0.285594,5.145562,
EOSS-303,KC0D-1,2020-11-01 08:04:46.910,2020-11-01 08:04:45,88451.0,26959.86,1172.0,4073.0,ascending,True,/150445h3954.90N/10328.70WO131/020!W07!/A=088451 27T172P EOSS BALLOON,"KC0D-1>APZEOS,EOSS,qAO,N2XGL-12:/150445h3954.90N/10328.70WO131/020!W07!/A=088451 27T172P EOSS BALLOON",131.0,23.0,37.0,39.915,-103.47845,38.22,61.5,36.86,2.7,275.85,1720.0,0.02,4.215e-05,0.0217219,9.111e-05,-5.889e-05,19.53333333,5.95366667,low Re,-0.013257,20.447526,0.001701,4.683467,0.062025,-0.195196,-0.241161,16.817245,-0.00405,6.232404,0.000518,1.427519,0.018905,-0.19526,-0.241629,5.150301,
EOSS-303,KC0D-3,2020-11-01 08:05:03.874,2020-11-01 08:05:00,88646.0,27019.3,1176.0,4088.0,ascending,True,/150500h3954.84N/10328.63WO153/022/A=088646 -424T458314P EOSS BALLOON,"KC0D-3>APZEOS,EOSS,WIDE2-1,qAO,W9CN-9:/150500h3954.84N/10328.63WO153/022/A=088646 -424T458314P EOSS BALLOON",153.0,25.0,40.2,39.914,-103.4771666667,38.31,61.65,-44.32,-42.4,230.75,4583140.0,45.23,0.13425711,69.19327119,8.889e-05,-6.667e-05,19.6,5.974,low Re,0.002222,20.445254,0.001702,4.677373,0.061941,-0.180711,0.008395,16.856492,0.000678,6.231711,0.000519,1.425662,0.018879,-0.180766,0.008422,5.154742,
EOSS-303,K0SCC-14,2020-11-01 08:05:30.314,2020-11-01 08:05:09,88840.0,27078.43,1208.3,4097.0,ascending,True,/150509h3954.81N/10328.60WO136/011eEOSS.org Balloon/A=088840!W94!,"K0SCC-14>APTT4,EOSSD,EOSSD,qAO,W9CN-9:/150509h3954.81N/10328.60WO136/011eEOSS.org Balloon/A=088840!W94!",136.0,13.0,20.9,39.91365,-103.4767333333,38.34,61.71,,,,,,,,7.586e-05,-6.092e-05,20.13793103,6.13793103,low Re,0.018549,20.444432,0.001748,4.671126,0.061864,-0.065616,0.27158,16.895001,0.005653,6.231461,0.000533,1.423758,0.018856,-0.065692,0.271532,5.158821,
EOSS-303,KC0D-1,2020-11-01 08:05:16.750,2020-11-01 08:05:15,89057.0,27144.57,1212.0,4103.0,ascending,True,/150515h3954.79N/10328.59WO147/016!W46!/A=089057 30T167P EOSS BALLOON,"KC0D-1>APZEOS,EOSS,qAO,W9CN-9:/150515h3954.79N/10328.59WO147/016!W46!/A=089057 30T167P EOSS BALLOON",147.0,18.0,29.0,39.9132333333,-103.4766,38.36,61.74,37.4,3.0,276.15,1670.0,0.02,4.088e-05,0.02106754,6.167e-05,-5.889e-05,20.2,6.157,low Re,0.002069,20.44378,0.001749,4.664894,0.061781,-0.052258,0.00518,16.937118,0.000636,6.231262,0.000533,1.421858,0.01883,-0.052229,0.00547,5.162935,
EOSS-303,KC0D-3,2020-11-01 08:05:32.380,2020-11-01 08:05:30,89249.0,27203.1,1206.0,4118.0,ascending,True,/150530h3954.75N/10328.56WO161/009/A=089249 -415T456914P EOSS BALLOON,"KC0D-3>APZEOS,EOSS,WIDE2-1,qAO,W9CN-9:/150530h3954.75N/10328.56WO161/009/A=089249 -415T456914P EOSS BALLOON",161.0,10.0,16.1,39.9125,-103.476,38.42,61.83,-42.7,-41.5,231.65,4569140.0,45.09,0.13332698,68.71390173,3.889e-05,-5e-05,20.1,6.12666667,low Re,-0.003333,20.442866,0.001735,4.658704,0.061699,-0.073597,-0.082141,16.97324,-0.001011,6.230984,0.000529,1.419972,0.018805,-0.073464,-0.081893,5.166134,
EOSS-303,KC0D-1,2020-11-01 08:05:46.885,2020-11-01 08:05:45,89637.0,27321.36,1160.0,4133.0,ascending,True,/150545h3954.74N/10328.53WO104/005!W33!/A=089637 30T162P EOSS BALLOON,"KC0D-1>APZEOS,EOSS,qAO,W0ARP-2:/150545h3954.74N/10328.53WO104/005!W33!/A=089637 30T162P EOSS BALLOON",104.0,6.0,9.7,39.9123833333,-103.47555,38.44,61.87,37.4,3.0,276.15,1620.0,0.02,3.965e-05,0.02043678,3.5e-05,-2.833e-05,19.33333333,5.893,low Re,-0.025556,20.439923,0.001662,4.652856,0.061632,-0.23783,-0.441621,17.041793,-0.007789,6.230087,0.000507,1.418189,0.018785,-0.237688,-0.441629,5.171159,
EOSS-303,KC0D-3,2020-11-01 08:06:03.929,2020-11-01 08:06:00,89805.0,27372.56,1112.0,4148.0,ascending,True,/150600h3954.73N/10328.48WO107/017/A=089805 -414T453910P EOSS BALLOON,"KC0D-3>APZEOS,EOSS,WIDE2-1,qAO,W9CN-9:/150600h3954.73N/10328.48WO107/017/A=089805 -414T453910P EOSS BALLOON",107.0,20.0,32.2,39.9121666667,-103.4746666667,38.49,61.95,-42.52,-41.4,231.75,4539100.0,44.8,0.13239326,68.23268426,4.444e-05,-1.111e-05,18.53333333,5.64866667,low Re,-0.026667,20.434879,0.001587,4.647715,0.061568,-0.409136,-0.458907,17.06916,-0.008144,6.228549,0.000484,1.416622,0.018765,-0.409342,-0.459792,5.172668,
EOSS-303,K0SCC-14,2020-11-01 08:06:10.241,2020-11-01 08:06:07,89978.0,27425.29,1177.2,4155.0,ascending,True,/150607h3954.73N/10328.45WO098/008eEOSS.org Balloon/A=089978!W43!,"K0SCC-14>APTT4,EOSSD,EOSSD,qAO,W9CN-9:/150607h3954.73N/10328.45WO098/008eEOSS.org Balloon/A=089978!W43!",98.0,9.0,14.5,39.9122333333,-103.4742166667,38.51,61.97,,,,,,,,4.339e-05,-2.443e-05,19.62068966,5.98034483,low Re,0.018748,20.432731,0.001633,4.641752,0.061492,-0.174943,0.278329,17.095579,0.005719,6.227894,0.000498,1.414805,0.018743,-0.174971,0.278557,5.173758,
EOSS-303,KC0D-1,2020-11-01 08:06:16.725,2020-11-01 08:06:15,90228.0,27501.49,1182.0,4163.0,ascending,True,/150615h3954.72N/10328.42WO105/015!W91!/A=090228 33T158P EOSS BALLOON,"KC0D-1>APZEOS,EOSS,qAO,W9CN-9:/150615h3954.72N/10328.42WO105/015!W91!/A=090228 33T158P EOSS BALLOON",105.0,17.0,27.4,39.91215,-103.4736833333,38.53,62.02,37.94,3.3,276.45,1580.0,0.02,3.863e-05,0.01991054,6.222e-05,-7.78e-06,19.7,6.00433333,low Re,0.002644,20.430803,0.001635,4.635777,0.061411,-0.157644,0.01643,17.130158,0.0008,6.227306,0.000498,1.412984,0.018718,-0.157803,0.016134,5.17444,
EOSS-303,KC0D-3,2020-11-01 08:06:32.157,2020-11-01 08:06:30,90389.0,27550.57,1168.0,4178.0,ascending,True,/150630h3954.71N/10328.32WO082/019/A=090389 -425T452600P EOSS BALLOON,"KC0D-3>APZEOS,EOSS,WIDE2-1,qAO,N2XGL-12:/150630h3954.71N/10328.32WO082/019/A=090389 -425T452600P EOSS BALLOON",82.0,22.0,35.4,39.9118333333,-103.472,38.62,62.15,-44.5,-42.5,230.65,4526000.0,44.67,0.13264075,68.36023381,8.889e-05,-1.111e-05,19.46666667,5.93366667,low Re,-0.007778,20.428272,0.001611,4.629936,0.061332,-0.207693,-0.153085,17.149896,-0.002356,6.226535,0.000491,1.411203,0.018694,-0.207531,-0.152295,5.174282,
EOSS-303,K0SCC-14,2020-11-01 08:06:44.441,2020-11-01 08:06:36,90510.0,27587.45,1100.7,4184.0,ascending,True,/150636h3954.72N/10328.27WO077/017eEOSS.org Balloon/A=090510!W39!,"K0SCC-14>APTT4,EOSSD,EOSSD,qAO,W9CN-9:/150636h3954.72N/10328.27WO077/017eEOSS.org Balloon/A=090510!W39!",77.0,20.0,32.2,39.91205,-103.4713166667,38.64,62.19,,,,,,,,0.0001,-6.32e-06,18.34482759,5.59172414,low Re,-0.038684,20.422818,0.001505,4.625085,0.061286,-0.449287,-0.655762,17.163294,-0.011791,6.224873,0.000459,1.409724,0.01868,-0.44913,-0.655782,5.173836,
EOSS-303,KC0D-1,2020-11-01 08:06:46.772,2020-11-01 08:06:45,90768.0,27666.09,1080.0,4193.0,ascending,True,/150645h3954.73N/10328.21WO071/015!W63!/A=090768 34T153P EOSS BALLOON,"KC0D-1>APZEOS,EOSS,qAO,W9CN-9:/150645h3954.73N/10328.21WO071/015!W63!/A=090768 34T153P EOSS BALLOON",71.0,17.0,27.4,39.9122666667,-103.4702166667,38.68,62.25,38.12,3.4,276.55,1530.0,0.02,3.74e-05,0.01927348,0.00011556,3.89e-06,18.0,5.48666667,low Re,-0.011494,20.416492,0.001471,4.620686,0.061209,-0.522973,-0.211815,17.187365,-0.003502,6.222946,0.000448,1.408383,0.018656,-0.522783,-0.211728,5.171901,
EOSS-303,KC0D-3,2020-11-01 08:07:04.159,2020-11-01 08:07:00,90908.0,27708.76,1038.0,4208.0,ascending,True,/150700h3954.75N/10328.11WO080/025/A=090908 -421T450477P EOSS BALLOON,"KC0D-3>APZEOS,EOSS,WIDE2-1,qAO,N2XGL-12:/150700h3954.75N/10328.11WO080/025/A=090908 -421T450477P EOSS BALLOON",80.0,29.0,46.7,39.9125,-103.4685,38.75,62.36,-43.78,-42.1,231.05,4504770.0,44.46,0.13179002,67.92178614,0.00011667,2.222e-05,17.3,5.273,low Re,-0.023333,20.408376,0.001406,4.617389,0.061142,-0.673189,-0.404615,17.197653,-0.007122,6.220472,0.000428,1.407378,0.018636,-0.673218,-0.40513,5.170261,
EOSS-303,K0SCC-14,2020-11-01 08:07:18.520,2020-11-01 08:07:05,90992.0,27734.36,997.2,4213.0,ascending,True,/150705h3954.75N/10328.07WO095/025eEOSS.org Balloon/A=090992!W51!,"K0SCC-14>APTT4,EOSSD,EOSSD,qAO,W9CN-9:/150705h3954.75N/10328.07WO095/025eEOSS.org Balloon/A=090992!W51!",95.0,29.0,46.7,39.9125833333,-103.46785,38.77,62.4,,,,,,,,0.00011954,1.839e-05,16.62068966,5.06586207,low Re,-0.023424,20.398538,0.001341,4.615412,0.061075,-0.818529,-0.405485,17.202825,-0.007143,6.217473,0.000409,1.406776,0.018615,-0.818617,-0.405694,5.16907,
EOSS-303,KC0D-1,2020-11-01 08:07:16.761,2020-11-01 08:07:15,91234.0,27808.12,932.0,4223.0,ascending,True,/150715h3954.75N/10328.02WO082/015!W90!/A=091234 37T150P EOSS BALLOON,"KC0D-1>APZEOS,EOSS,qAO,W9CN-9:/150715h3954.75N/10328.02WO082/015!W90!/A=091234 37T150P EOSS BALLOON",82.0,17.0,27.4,39.91265,-103.467,38.81,62.46,38.66,3.7,276.85,1500.0,0.01,3.662e-05,0.0188751,0.00010722,1.278e-05,15.53333333,4.73433333,low Re,-0.036245,20.385934,0.001244,4.616061,0.061026,-1.051243,-0.614312,17.213259,-0.011051,6.213631,0.000379,1.406974,0.0186,-1.051404,-0.614516,5.164733,
EOSS-303,KC0D-3,2020-11-01 08:07:32.151,2020-11-01 08:07:30,91350.0,27843.48,884.0,4238.0,ascending,True,/150730h3954.77N/10327.92WO089/014/A=091350 -431T450613P EOSS BALLOON,"KC0D-3>APZEOS,EOSS,WIDE2-1,qAO,N2XGL-12:/150730h3954.77N/10327.92WO089/014/A=091350 -431T450613P EOSS BALLOON",89.0,16.0,25.7,39.9128333333,-103.4653333333,38.87,62.56,-45.58,-43.1,230.05,4506130.0,44.47,0.13240286,68.23762895,0.00010556,1.111e-05,14.73333333,4.49066667,low Re,-0.026667,20.371328,0.001171,4.619024,0.060963,-1.220603,-0.456638,17.215782,-0.008122,6.209179,0.000357,1.407878,0.018581,-1.22064,-0.456326,5.162161,
EOSS-303,K0SCC-14,2020-11-01 08:07:52.937,2020-11-01 08:07:34,91422.0,27865.43,889.7,4242.0,ascending,True,/150734h3954.77N/10327.90WO101/006eEOSS.org Balloon/A=091422!W49!,"K0SCC-14>APTT4,EOSSD,EOSSD,qAO,W9CN-9:/150734h3954.77N/10327.90WO101/006eEOSS.org Balloon/A=091422!W49!",101.0,7.0,11.3,39.9129,-103.46515,38.88,62.57,,,,,,,,9.31e-05,1.092e-05,14.82758621,4.51965517,low Re,0.00325,20.35704,0.001177,4.621629,0.060884,-1.19643,0.034048,17.216499,0.001,6.204824,0.000359,1.408671,0.018557,-1.196283,0.034542,5.160398,
EOSS-303,KC0D-1,2020-11-01 08:07:46.798,2020-11-01 08:07:45,91692.0,27947.72,916.0,4253.0,ascending,True,/150745h3954.77N/10327.83WO078/024!W84!/A=091692 38T147P EOSS BALLOON,"KC0D-1>APZEOS,EOSS,qAO,W0ARP-2:/150745h3954.77N/10327.83WO078/024!W84!/A=091692 38T147P EOSS BALLOON",78.0,28.0,45.1,39.9129666667,-103.4639,38.93,62.65,38.84,3.8,276.95,1470.0,0.01,3.588e-05,0.01849092,0.00010333,1.056e-05,15.26666667,4.65333333,low Re,0.014636,20.343954,0.001211,4.62288,0.060809,-1.098295,0.220773,17.213112,0.004456,6.200836,0.000369,1.409052,0.018534,-1.098258,0.220514,5.152626,
EOSS-303,KC0D-3,2020-11-01 08:08:04.171,2020-11-01 08:08:00,91789.0,27977.29,878.0,4268.0,ascending,True,/150800h3954.78N/10327.71WO098/015/A=091789 -418T448219P EOSS BALLOON,"KC0D-3>APZEOS,EOSS,WIDE2-1,qAO,N6BA-10:/150800h3954.78N/10327.71WO098/015/A=091789 -418T448219P EOSS BALLOON",98.0,17.0,27.4,39.913,-103.4618333333,39.02,62.8,-43.24,-41.8,231.35,4482190.0,44.24,0.13095939,67.49369542,0.00011667,5.56e-06,14.63333333,4.46033333,low Re,-0.021111,20.329311,0.001154,4.625981,0.060741,-1.231302,-0.366556,17.20945,-0.006433,6.196373,0.000352,1.409997,0.018514,-1.231236,-0.366479,5.149371,
EOSS-303,KC0D-1,2020-11-01 08:08:16.761,2020-11-01 08:08:15,92091.0,28069.34,798.0,4283.0,ascending,True,/150815h3954.80N/10327.60WO073/020!W56!/A=092091 41T144P EOSS BALLOON,"KC0D-1>APZEOS,EOSS,qAO,W9CN-9:/150815h3954.80N/10327.60WO073/020!W56!/A=092091 41T144P EOSS BALLOON",73.0,23.0,37.0,39.9134166667,-103.4601,39.08,62.9,39.38,4.1,277.25,1440.0,0.01,3.511e-05,0.01809395,0.00012667,1.5e-05,13.3,4.054,low Re,-0.044444,20.311334,0.001037,4.633703,0.060707,-1.513117,-0.749189,17.189254,-0.013544,6.190894,0.000316,1.41235,0.018503,-1.513006,-0.749068,5.137614,
EOSS-303,KC0D-3,2020-11-01 08:08:32.083,2020-11-01 08:08:30,92182.0,28097.07,786.0,4298.0,ascending,True,/150830h3954.82N/10327.53WO059/014/A=092182 -428T447632P EOSS BALLOON,"KC0D-3>APZEOS,EOSS,WIDE2-1,qAO,W9CN-9:/150830h3954.82N/10327.53WO059/014/A=092182 -428T447632P EOSS BALLOON",59.0,16.0,25.7,39.9136666667,-103.4588333333,39.13,62.97,-45.04,-42.8,230.35,4476320.0,44.18,0.13135566,67.69792505,0.0001,2.222e-05,13.1,3.99266667,low Re,-0.006667,20.292937,0.001017,4.642085,0.06063,-1.549506,-0.126736,17.180454,-0.002044,6.185286,0.00031,1.414906,0.01848,-1.549657,-0.127381,5.133578,
EOSS-303,KC0D-1,2020-11-01 08:08:46.715,2020-11-01 08:08:45,92483.0,28188.82,784.0,4313.0,ascending,True,/150845h3954.84N/10327.45WO082/019!W54!/A=092483 41T141P EOSS BALLOON,"KC0D-1>APZEOS,EOSS,qAO,W9CN-9:/150845h3954.84N/10327.45WO082/019!W54!/A=092483 41T141P EOSS BALLOON",82.0,22.0,35.4,39.9140833333,-103.4575666667,39.17,63.04,39.38,4.1,277.25,1410.0,0.01,3.438e-05,0.01771699,8.444e-05,2.222e-05,13.06666667,3.98266667,low Re,-0.001111,20.27455,0.001012,4.650468,0.060553,-1.549926,-0.03506,17.14193,-0.000333,6.179682,0.000308,1.417461,0.018456,-1.549965,-0.034731,5.118543,
EOSS-303,KC0D-3,2020-11-01 08:09:04.248,2020-11-01 08:09:00,92556.0,28211.07,748.0,4328.0,ascending,True,/150900h3954.87N/10327.36WO065/021/A=092556 -422T446865P EOSS BALLOON,"KC0D-3>APZEOS,EOSS,WIDE2-1,qAO,N6BA-10:/150900h3954.87N/10327.36WO065/021/A=092556 -422T446865P EOSS BALLOON",65.0,24.0,38.6,39.9145,-103.456,39.22,63.12,-43.96,-42.2,230.95,4468650.0,44.1,0.13078991,67.40635182,9.444e-05,2.778e-05,12.46666667,3.8,low Re,-0.02,20.254733,0.000959,4.661175,0.060485,-1.670838,-0.346516,17.130343,-0.006089,6.173642,0.000292,1.420724,0.018435,-1.670727,-0.346135,5.1145,
EOSS-303,KC0D-1,2020-11-01 08:09:16.786,2020-11-01 08:09:15,92854.0,28301.9,742.0,4343.0,ascending,True,/150915h3954.90N/10327.25WO058/022!W04!/A=092854 45T139P EOSS BALLOON,"KC0D-1>APZEOS,EOSS,qAO,W9CN-9:/150915h3954.90N/10327.25WO058/022!W04!/A=092854 45T139P EOSS BALLOON",58.0,25.0,40.2,39.915,-103.4542333333,39.28,63.22,40.1,4.5,277.65,1390.0,0.01,3.384e-05,0.01744053,0.00011111,3.056e-05,12.36666667,3.76933333,low Re,-0.003333,20.234763,0.000948,4.672144,0.060408,-1.684044,-0.070868,17.073613,-0.001022,6.167555,0.000289,1.424067,0.018412,-1.684065,-0.071204,5.096362,
EOSS-303,K0SCC-14,2020-11-01 08:09:43.322,2020-11-01 08:09:30,92955.0,28332.68,792.9,4358.0,ascending,True,/150930h3954.95N/10327.14WO062/027eEOSS.org Balloon/A=092955!W66!,"K0SCC-14>APTT4,EOSSD,EOSSD,qAO,W9CN-9:/150930h3954.95N/10327.14WO062/027eEOSS.org Balloon/A=092955!W66!",62.0,31.0,49.9,39.9159333333,-103.4524333333,39.33,63.29,,,,,,,,0.00010963,2.615e-05,13.21551724,4.02801724,low Re,0.007318,20.217038,0.000964,4.679539,0.060332,-1.496199,0.105317,17.050873,0.00223,6.162152,0.000294,1.426322,0.018389,-1.49625,0.10528,5.089611,
EOSS-303,KC0D-3,2020-11-01 08:09:32.149,2020-11-01 08:09:30,92950.0,28331.16,788.0,4358.0,ascending,True,/150930h3954.95N/10327.14WO076/026/A=092950 -410T446165P EOSS BALLOON,"KC0D-3>APZEOS,EOSS,WIDE2-1,qAO,W9CN-9:/150930h3954.95N/10327.14WO076/026/A=092950 -410T446165P EOSS BALLOON",76.0,30.0,48.3,39.9158333333,-103.4523333333,39.33,63.3,-41.8,-41.0,232.15,4461650.0,44.03,0.12991003,66.95287942,0.00012222,4.444e-05,13.13333333,4.003,low Re,-0.002739,20.199195,0.000954,4.687129,0.060256,-1.507503,-0.061289,17.052041,-0.000834,6.156713,0.000291,1.428635,0.018366,-1.507532,-0.061254,5.089952,
EOSS-303,KC0D-1,2020-11-01 08:09:46.863,2020-11-01 08:09:45,93282.0,28432.35,856.0,4373.0,ascending,True,/150945h3954.98N/10327.03WO059/021!W53!/A=093282 45T135P EOSS BALLOON,"KC0D-1>APZEOS,EOSS,qAO,W0ARP-2:/150945h3954.98N/10327.03WO059/021!W53!/A=093282 45T135P EOSS BALLOON",59.0,24.0,38.6,39.9164166667,-103.45055,39.39,63.39,40.1,4.5,277.65,1350.0,0.01,3.287e-05,0.01693864,0.00012278,4.722e-05,14.26666667,4.34833333,low Re,0.037778,20.184289,0.001047,4.690658,0.060209,-1.261576,0.610058,16.96472,0.011511,6.15217,0.000319,1.429711,0.018351,-1.261679,0.609885,5.065631,
EOSS-303,K0SCC-14,2020-11-01 08:10:17.954,2020-11-01 08:09:59,93414.0,28472.59,949.7,4387.0,ascending,True,/150959h3955.01N/10326.93WO093/033eEOSS.org Balloon/A=093414!W01!,"K0SCC-14>APTT4,EOSSD,EOSSD,qAO,W9CN-9:/150959h3955.01N/10326.93WO093/033eEOSS.org Balloon/A=093414!W01!",93.0,38.0,61.2,39.9168333333,-103.44885,39.45,63.49,,,,,,,,0.00012356,3.103e-05,15.82758621,4.82448276,low Re,0.053825,20.17337,0.00118,4.689836,0.060191,-0.926639,0.874632,16.924439,0.016419,6.148842,0.00036,1.42946,0.018346,-0.926475,0.875341,5.055026,
EOSS-303,KC0D-3,2020-11-01 08:10:04.225,2020-11-01 08:10:00,93404.0,28469.54,908.0,4388.0,ascending,True,/151000h3955.00N/10326.93WO094/030/A=093404 -412T444110P EOSS BALLOON,"KC0D-3>APZEOS,EOSS,WIDE2-1,qAO,W9CN-9:/151000h3955.00N/10326.93WO094/030/A=093404 -412T444110P EOSS BALLOON",94.0,35.0,56.3,39.9166666667,-103.4488333333,39.46,63.5,-42.16,-41.2,231.95,4441100.0,43.83,0.12942318,66.70196439,0.00011667,2.778e-05,15.13333333,4.61266667,low Re,-0.023142,20.16077,0.001119,4.690729,0.060128,-1.071782,-0.403489,16.927603,-0.007061,6.145002,0.000341,1.429733,0.018327,-1.071763,-0.403885,5.055849,
EOSS-303,KC0D-1,2020-11-01 08:10:16.805,2020-11-01 08:10:15,93781.0,28584.45,998.0,4403.0,ascending,True,/151015h3955.02N/10326.81WO073/021!W27!/A=093781 48T132P EOSS BALLOON,"KC0D-1>APZEOS,EOSS,qAO,W0ARP-2:/151015h3955.02N/10326.81WO073/021!W27!/A=093781 48T132P EOSS BALLOON",73.0,24.0,38.6,39.9170333333,-103.44695,39.53,63.61,40.64,4.8,277.95,1320.0,0.01,3.21e-05,0.01654435,0.00012,2.056e-05,16.63333333,5.07,low Re,0.05,20.151973,0.001241,4.688173,0.060102,-0.750535,0.811271,16.79562,0.015244,6.142321,0.000378,1.428953,0.018319,-0.750424,0.811507,5.022768,
EOSS-303,KC0D-3,2020-11-01 08:10:32.249,2020-11-01 08:10:30,93938.0,28632.3,1068.0,4418.0,ascending,True,/151030h3955.04N/10326.69WO073/023/A=093938 -416T443478P EOSS BALLOON,"KC0D-3>APZEOS,EOSS,WIDE2-1,qAO,W9CN-9:/151030h3955.04N/10326.69WO073/023/A=093938 -416T443478P EOSS BALLOON",73.0,26.0,41.8,39.9173333333,-103.4448333333,39.61,63.75,-42.88,-41.6,231.55,4434780.0,43.77,0.12946226,66.72210568,0.00013333,2.222e-05,17.8,5.42533333,low Re,0.038889,20.146122,0.001335,4.683793,0.060056,-0.500902,0.625316,16.732957,0.011844,6.140537,0.000407,1.427618,0.018305,-0.500977,0.624802,5.007734,
EOSS-303,KC0D-1,2020-11-01 08:10:46.795,2020-11-01 08:10:45,94348.0,28757.27,1134.0,4433.0,ascending,True,/151045h3955.05N/10326.57WO086/023!W80!/A=094348 48T128P EOSS BALLOON,"KC0D-1>APZEOS,EOSS,qAO,W0ARP-2:/151045h3955.05N/10326.57WO086/023!W80!/A=094348 48T128P EOSS BALLOON",86.0,26.0,41.8,39.9176333333,-103.4428333333,39.69,63.87,40.64,4.8,277.95,1280.0,0.01,3.113e-05,0.01604301,0.00013722,2e-05,18.9,5.76066667,low Re,0.036667,20.14303,0.001423,4.678375,0.060007,-0.265697,0.587331,16.548332,0.011178,6.139595,0.000434,1.425967,0.01829,-0.265734,0.587425,4.965084,
EOSS-303,K0SCC-14,2020-11-01 08:11:00.480,2020-11-01 08:10:57,94474.0,28795.68,1096.6,4445.0,ascending,True,/151057h3955.06N/10326.47WO079/023eEOSS.org Balloon/A=094474!W25!,"K0SCC-14>APTT4,EOSSD,EOSSD,qAO,W9CN-9:/151057h3955.06N/10326.47WO079/023eEOSS.org Balloon/A=094474!W25!",79.0,26.0,41.8,39.9177,-103.44125,39.76,63.98,,,,,,,,0.00013103,1.494e-05,18.27586207,5.57051724,low Re,-0.010761,20.138409,0.001393,4.673491,0.059935,-0.398534,-0.202786,16.485663,-0.003278,6.138186,0.000424,1.424478,0.018268,-0.39851,-0.202649,4.951027,
EOSS-303,KC0D-3,2020-11-01 08:11:04.412,2020-11-01 08:11:00,94530.0,28812.74,1184.0,4448.0,ascending,True,/151100h3955.06N/10326.45WO096/017/A=094530 -412T441852P EOSS BALLOON,"KC0D-3>APZEOS,EOSS,WIDE2-1,qAO,N6BA-10:/151100h3955.06N/10326.45WO096/017/A=094530 -412T441852P EOSS BALLOON",96.0,20.0,32.2,39.9176666667,-103.4408333333,39.78,64.01,-42.16,-41.2,231.95,4418520.0,43.61,0.12876515,66.36282986,0.00013333,1.111e-05,19.73333333,6.01466667,low Re,0.048582,20.137408,0.001509,4.667746,0.059907,-0.086567,0.785768,16.456945,0.014805,6.137881,0.00046,1.422727,0.018259,-0.086604,0.78564,4.944646,
EOSS-303,KC0D-1,2020-11-01 08:11:16.861,2020-11-01 08:11:15,94937.0,28936.8,1178.0,4463.0,ascending,True,/151115h3955.07N/10326.34WO073/026!W01!/A=094937 51T125P EOSS BALLOON,"KC0D-1>APZEOS,EOSS,qAO,W0ARP-2:/151115h3955.07N/10326.34WO073/026!W01!/A=094937 51T125P EOSS BALLOON",73.0,30.0,48.3,39.9178333333,-103.4390166667,39.85,64.13,41.18,5.1,278.25,1250.0,0.01,3.037e-05,0.01565011,0.00012722,6.67e-06,19.63333333,5.98433333,low Re,-0.003333,20.136167,0.001497,4.662047,0.059833,-0.107857,-0.080725,16.233014,-0.001011,6.137503,0.000456,1.42099,0.018237,-0.107791,-0.080441,4.895843,
EOSS-303,K0SCC-14,2020-11-01 08:11:36.336,2020-11-01 08:11:26,95045.0,28969.72,1181.4,4474.0,ascending,True,/151126h3955.08N/10326.23WO085/027eEOSS.org Balloon/A=095045!W68!,"K0SCC-14>APTT4,EOSSD,EOSSD,qAO,W9CN-9:/151126h3955.08N/10326.23WO085/027eEOSS.org Balloon/A=095045!W68!",85.0,31.0,49.9,39.9181,-103.4373,39.92,64.24,,,,,,,,0.00013621,1.379e-05,19.68965517,6.00137931,low Re,0.001942,20.13507,0.001499,4.656355,0.059759,-0.095657,0.007413,16.169379,0.000588,6.137168,0.000457,1.419255,0.018214,-0.095676,0.007192,4.882232,
EOSS-303,KC0D-3,2020-11-01 08:11:32.475,2020-11-01 08:11:30,95118.0,28991.97,1176.0,4478.0,ascending,True,/151130h3955.08N/10326.19WO086/028/A=095118 -409T439955P EOSS BALLOON,"KC0D-3>APZEOS,EOSS,WIDE2-1,qAO,N6BA-10:/151130h3955.08N/10326.19WO086/028/A=095118 -409T439955P EOSS BALLOON",86.0,32.0,51.5,39.918,-103.4365,39.96,64.31,-41.62,-40.9,232.25,4399550.0,43.42,0.12804671,65.9925612,0.00014444,1.111e-05,19.6,5.97433333,low Re,-0.002989,20.133758,0.001488,4.650706,0.059686,-0.114769,-0.075009,16.125445,-0.000902,6.136769,0.000453,1.417533,0.018192,-0.11459,-0.074483,4.872888,
EOSS-303,KC0D-1,2020-11-01 08:11:46.874,2020-11-01 08:11:45,95511.0,29111.75,1148.0,4493.0,ascending,True,/151145h3955.10N/10326.04WO086/031!W26!/A=095511 52T121P EOSS BALLOON,"KC0D-1>APZEOS,EOSS,qAO,W0ARP-2:/151145h3955.10N/10326.04WO086/031!W26!/A=095511 52T121P EOSS BALLOON",86.0,36.0,57.9,39.9183666667,-103.4341,40.05,64.46,41.36,5.2,278.35,1210.0,0.01,2.938e-05,0.01514386,0.00016389,1.778e-05,19.13333333,5.83166667,low Re,-0.015556,20.131312,0.001446,4.645267,0.059619,-0.214838,-0.285178,15.877512,-0.004756,6.136023,0.000441,1.415876,0.018172,-0.21496,-0.285989,4.820812,
EOSS-303,KC0D-3,2020-11-01 08:12:04.367,2020-11-01 08:12:00,95679.0,29162.96,1122.0,4508.0,ascending,True,/151200h3955.10N/10325.88WO076/030/A=095679 -400T439571P EOSS BALLOON,"KC0D-3>APZEOS,EOSS,WIDE2-1,qAO,W9CN-9:/151200h3955.10N/10325.88WO076/030/A=095679 -400T439571P EOSS BALLOON",76.0,35.0,56.3,39.9183333333,-103.4313333333,40.18,64.66,-40.0,-40.0,233.15,4395710.0,43.38,0.1274411,65.68044126,0.00017222,1.111e-05,18.7,5.69966667,low Re,-0.014444,20.127821,0.001407,4.640123,0.059551,-0.307712,-0.266175,15.766553,-0.0044,6.134959,0.000429,1.414308,0.018151,-0.307778,-0.266046,4.797777,
EOSS-303,KC0D-1,2020-11-01 08:12:16.790,2020-11-01 08:12:15,96036.0,29271.77,1050.0,4523.0,ascending,True,/151215h3955.11N/10325.69WO091/032!W56!/A=096036 55T118P EOSS BALLOON,"KC0D-1>APZEOS,EOSS,qAO,W9CN-9:/151215h3955.11N/10325.69WO091/032!W56!/A=096036 55T118P EOSS BALLOON",91.0,37.0,59.5,39.9185833333,-103.4282666667,40.31,64.87,41.9,5.5,278.65,1180.0,0.01,2.862e-05,0.01475249,0.00019444,7.22e-06,17.5,5.334,low Re,-0.04,20.121428,0.001306,4.636273,0.059513,-0.565417,-0.694067,15.524021,-0.012189,6.13301,0.000398,1.413134,0.018139,-0.565417,-0.693919,4.747785,
EOSS-303,K0SCC-14,2020-11-01 08:12:47.849,2020-11-01 08:12:24,96078.0,29284.57,1068.6,4532.0,ascending,True,/151224h3955.11N/10325.60WO084/027eEOSS.org Balloon/A=096078!W80!,"K0SCC-14>APTT4,EOSSD,EOSSD,qAO,N6BA-10:/151224h3955.11N/10325.60WO084/027eEOSS.org Balloon/A=096078!W80!",84.0,31.0,49.9,39.9186333333,-103.4266666667,40.38,64.98,,,,,,,,0.00018333,9.2e-06,17.81034483,5.42844828,low Re,0.005351,20.115818,0.001316,4.632029,0.059441,-0.497724,0.067882,15.49509,0.001628,6.1313,0.000401,1.411841,0.018117,-0.497826,0.067726,4.741841,
EOSS-303,KC0D-3,2020-11-01 08:12:32.579,2020-11-01 08:12:30,96165.0,29311.09,972.0,4538.0,ascending,True,/151230h3955.12N/10325.55WO082/026/A=096165 -388T437764P EOSS BALLOON,"KC0D-3>APZEOS,EOSS,WIDE2-1,qAO,N6BA-10:/151230h3955.12N/10325.55WO082/026/A=096165 -388T437764P EOSS BALLOON",82.0,30.0,48.3,39.9186666667,-103.4258333333,40.41,65.04,-37.84,-38.8,234.35,4377640.0,43.2,0.12626732,65.07550319,0.00018333,1.111e-05,16.2,4.93766667,low Re,-0.053678,20.106337,0.001182,4.630415,0.05943,-0.843626,-0.923103,15.435024,-0.016359,6.12841,0.00036,1.411349,0.018114,-0.843692,-0.922988,4.729506,
EOSS-303,KC0D-1,2020-11-01 08:12:46.847,2020-11-01 08:12:45,96472.0,29404.67,872.0,4553.0,ascending,True,/151245h3955.16N/10325.40WO070/028!W11!/A=096472 55T115P EOSS BALLOON,"KC0D-1>APZEOS,EOSS,qAO,W0ARP-2:/151245h3955.16N/10325.40WO070/028!W11!/A=096472 55T115P EOSS BALLOON",70.0,32.0,51.5,39.91935,-103.42335,40.5,65.18,41.9,5.5,278.65,1150.0,0.01,2.79e-05,0.01437743,0.00016389,2.556e-05,14.53333333,4.43,low Re,-0.055556,20.092875,0.001045,4.63291,0.059424,-1.200011,-0.952494,15.223033,-0.016922,6.124308,0.000318,1.412109,0.018112,-1.199842,-0.951855,4.685957,
EOSS-303,KC0D-3,2020-11-01 08:13:03.937,2020-11-01 08:13:00,96571.0,29434.84,812.0,4568.0,ascending,True,/151300h3955.19N/10325.27WO071/024/A=096571 -392T435732P EOSS BALLOON,"KC0D-3>APZEOS,EOSS,WIDE2-1,qAO,W9CN-9:/151300h3955.19N/10325.27WO071/024/A=096571 -392T435732P EOSS BALLOON",71.0,28.0,45.1,39.9198333333,-103.4211666667,40.58,65.31,-38.56,-39.2,233.95,4357320.0,43.0,0.1258961,64.88418514,0.00015556,3.889e-05,13.53333333,4.125,low Re,-0.033333,20.077069,0.000962,4.6385,0.059376,-1.410744,-0.57759,15.155242,-0.010167,6.11949,0.000293,1.413813,0.018097,-1.410717,-0.577996,4.671996,
EOSS-303,KC0D-1,2020-11-01 08:13:16.815,2020-11-01 08:13:15,96882.0,29529.63,820.0,4583.0,ascending,True,/151315h3955.22N/10325.13WO079/022!W29!/A=096882 58T113P EOSS BALLOON,"KC0D-1>APZEOS,EOSS,qAO,W0ARP-2:/151315h3955.22N/10325.13WO079/022!W29!/A=096882 58T113P EOSS BALLOON",79.0,25.0,40.2,39.9203666667,-103.4189833333,40.66,65.43,42.44,5.8,278.95,1130.0,0.01,2.738e-05,0.01411219,0.00014556,3.389e-05,13.66666667,4.16533333,low Re,0.004444,20.06166,0.00097,4.643557,0.059304,-1.377176,0.05858,14.947104,0.001344,6.114792,0.000296,1.415355,0.018076,-1.377364,0.057977,4.628834,
EOSS-303,K0SCC-14,2020-11-01 08:13:30.530,2020-11-01 08:13:22,96869.0,29525.67,818.3,4590.0,ascending,True,/151322h3955.23N/10325.08WO081/026eEOSS.org Balloon/A=096869!W00!,"K0SCC-14>APTT4,EOSSD,EOSSD,qAO,W9CN-9:/151322h3955.23N/10325.08WO081/026eEOSS.org Balloon/A=096869!W00!",81.0,30.0,48.3,39.9205,-103.418,40.7,65.5,,,,,,,,0.00014943,3.218e-05,13.63793103,4.15689655,low Re,-0.000495,20.046255,0.000967,4.648628,0.059233,-1.378541,-0.024682,14.955602,-0.000145,6.110097,0.000295,1.4169,0.018054,-1.378503,-0.024371,4.630608,
EOSS-303,KC0D-3,2020-11-01 08:13:31.958,2020-11-01 08:13:30,96967.0,29555.54,792.0,4598.0,ascending,True,/151330h3955.24N/10324.99WO068/032/A=096967 -402T437020P EOSS BALLOON,"KC0D-3>APZEOS,EOSS,WIDE2-1,qAO,W9CN-9:/151330h3955.24N/10324.99WO068/032/A=096967 -402T437020P EOSS BALLOON",68.0,37.0,59.5,39.9206666667,-103.4165,40.76,65.6,-40.36,-40.2,232.95,4370200.0,43.13,0.12681029,65.35533524,0.00015556,2.778e-05,13.2,4.02333333,low Re,-0.014598,20.029876,0.000929,4.655111,0.059167,-1.467178,-0.262427,14.892104,-0.004452,6.105105,0.000283,1.418876,0.018034,-1.467198,-0.26256,4.617312,
EOSS-303,KC0D-1,2020-11-01 08:13:46.781,2020-11-01 08:13:45,97275.0,29649.42,786.0,4613.0,ascending,True,/151345h3955.29N/10324.84WO072/028!W35!/A=097275 59T111P EOSS BALLOON,"KC0D-1>APZEOS,EOSS,qAO,W9CN-9:/151345h3955.29N/10324.84WO072/028!W35!/A=097275 59T111P EOSS BALLOON",72.0,32.0,51.5,39.92155,-103.4140833333,40.84,65.72,42.62,5.9,279.05,1110.0,0.01,2.689e-05,0.01385745,0.00016333,3.944e-05,13.1,3.993,low Re,-0.003333,20.013337,0.000919,4.661848,0.059096,-1.482961,-0.071951,14.703069,-0.001011,6.100064,0.00028,1.420929,0.018012,-1.482878,-0.071674,4.577061,
EOSS-303,K0SCC-14,2020-11-01 08:14:06.413,2020-11-01 08:13:51,97250.0,29641.8,788.3,4619.0,ascending,True,/151351h3955.31N/10324.78WO065/031eEOSS.org Balloon/A=097250!W04!,"K0SCC-14>APTT4,EOSSD,EOSSD,qAO,W9CN-9:/151351h3955.31N/10324.78WO065/031eEOSS.org Balloon/A=097250!W04!",65.0,36.0,57.9,39.9218333333,-103.4130666667,40.87,65.78,,,,,,,,0.00017011,4.598e-05,13.13793103,4.00448276,low Re,0.001308,19.996967,0.00092,4.668352,0.059025,-1.469263,0.006573,14.717697,0.000396,6.095075,0.00028,1.422912,0.017991,-1.469235,0.006448,4.580224,
EOSS-303,KC0D-3,2020-11-01 08:14:04.149,2020-11-01 08:14:00,97365.0,29676.85,796.0,4628.0,ascending,True,/151400h3955.34N/10324.69WO064/039/A=097365 -399T435010P EOSS BALLOON,"KC0D-3>APZEOS,EOSS,WIDE2-1,qAO,N6BA-10:/151400h3955.34N/10324.69WO064/039/A=097365 -399T435010P EOSS BALLOON",64.0,45.0,72.4,39.9223333333,-103.4115,40.93,65.87,-39.82,-39.9,233.25,4350100.0,42.93,0.12606469,64.97107267,0.00016667,5.556e-05,13.26666667,4.04366667,low Re,0.004291,19.980981,0.000928,4.674314,0.058955,-1.436428,0.057044,14.651648,0.001306,6.090202,0.000283,1.424729,0.017969,-1.436438,0.056931,4.565859,
EOSS-303,KC0D-1,2020-11-01 08:14:16.898,2020-11-01 08:14:15,97676.0,29771.64,802.0,4643.0,ascending,True,/151415h3955.38N/10324.51WO077/038!W03!/A=097676 62T109P EOSS BALLOON,"KC0D-1>APZEOS,EOSS,qAO,N6BA-10:/151415h3955.38N/10324.51WO077/038!W03!/A=097676 62T109P EOSS BALLOON",77.0,44.0,70.8,39.923,-103.40855,41.04,66.04,43.16,6.2,279.35,1090.0,0.01,2.638e-05,0.01359316,0.00018444,4.833e-05,13.36666667,4.074,low Re,0.003333,19.965307,0.000934,4.679849,0.058885,-1.410011,0.04074,14.491643,0.001011,6.085424,0.000285,1.426417,0.017948,-1.410123,0.04045,4.529729,
EOSS-303,K0SCC-14,2020-11-01 08:14:41.472,2020-11-01 08:14:20,97643.0,29761.59,813.1,4648.0,ascending,True,/151420h3955.39N/10324.44WO074/045eEOSS.org Balloon/A=097643!W53!,"K0SCC-14>APTT4,EOSSD,EOSSD,qAO,W9CN-9:/151420h3955.39N/10324.44WO074/045eEOSS.org Balloon/A=097643!W53!",74.0,52.0,83.7,39.92325,-103.4073833333,41.08,66.11,,,,,,,,0.00019598,4.885e-05,13.55172414,4.13068966,low Re,0.006381,19.950145,0.000947,4.684691,0.058816,-1.365815,0.09239,14.507139,0.001955,6.080803,0.000288,1.427892,0.017927,-1.365729,0.092988,4.533343,
EOSS-303,KC0D-3,2020-11-01 08:14:32.067,2020-11-01 08:14:30,97765.0,29798.77,800.0,4658.0,ascending,True,/151430h3955.42N/10324.32WO077/038/A=097765 -404T435123P EOSS BALLOON,"KC0D-3>APZEOS,EOSS,WIDE2-1,qAO,W9CN-9:/151430h3955.42N/10324.32WO077/038/A=097765 -404T435123P EOSS BALLOON",77.0,44.0,70.8,39.9236666667,-103.4053333333,41.16,66.24,-40.72,-40.4,232.75,4351230.0,42.94,0.12636833,65.12755874,0.00020556,4.444e-05,13.33333333,4.064,low Re,-0.00728,19.934539,0.000927,4.690172,0.058747,-1.407455,-0.139701,14.451853,-0.002223,6.076047,0.000283,1.429563,0.017906,-1.407456,-0.139953,4.520264,
EOSS-303,KC0D-1,2020-11-01 08:14:46.826,2020-11-01 08:14:45,98104.0,29902.1,856.0,4673.0,ascending,True,/151445h3955.45N/10324.10WO079/045!W46!/A=098104 62T107P EOSS BALLOON,"KC0D-1>APZEOS,EOSS,qAO,W0ARP-2:/151445h3955.45N/10324.10WO079/045!W46!/A=098104 62T107P EOSS BALLOON",79.0,52.0,83.7,39.9242333333,-103.4017666667,41.3,66.47,43.16,6.2,279.35,1070.0,0.01,2.589e-05,0.01334374,0.00022611,4.111e-05,14.26666667,4.34866667,low Re,0.031111,19.921203,0.000998,4.692698,0.058696,-1.204965,0.513033,14.331164,0.009489,6.071982,0.000304,1.430332,0.01789,-1.204836,0.513415,4.488714,
EOSS-303,KC0D-3,2020-11-01 08:15:04.084,2020-11-01 08:15:00,98218.0,29936.85,906.0,4688.0,ascending,True,/151500h3955.48N/10323.87WO085/037/A=098218 -388T433091P EOSS BALLOON,"KC0D-3>APZEOS,EOSS,WIDE2-1,qAO,W9CN-9:/151500h3955.48N/10323.87WO085/037/A=098218 -388T433091P EOSS BALLOON",85.0,43.0,69.2,39.9246666667,-103.3978333333,41.47,66.74,-37.84,-38.8,234.35,4330910.0,42.74,0.12491946,64.38084163,0.00025,3.333e-05,15.1,4.60266667,low Re,0.027778,19.909886,0.001062,4.692991,0.058641,-1.024908,0.455586,14.303409,0.008467,6.068533,0.000323,1.430421,0.017873,-1.02478,0.455659,4.479971,
EOSS-303,KC0D-1,2020-11-01 08:15:16.789,2020-11-01 08:15:15,98562.0,30041.7,916.0,4703.0,ascending,True,/151515h3955.50N/10323.64WO084/041!W01!/A=098562 65T104P EOSS BALLOON,"KC0D-1>APZEOS,EOSS,qAO,W9CN-9:/151515h3955.50N/10323.64WO084/041!W01!/A=098562 65T104P EOSS BALLOON",84.0,47.0,75.6,39.925,-103.3940166667,41.63,67.0,43.7,6.5,279.65,1040.0,0.01,2.514e-05,0.0129557,0.00025833,2.556e-05,15.26666667,4.65333333,low Re,0.005556,19.899012,0.001072,4.692862,0.058572,-0.987105,0.076555,14.267878,0.001689,6.065219,0.000327,1.430382,0.017853,-0.987069,0.07629,4.460605,
EOSS-303,K0SCC-14,2020-11-01 08:15:23.185,2020-11-01 08:15:18,98497.0,30021.89,883.4,4706.0,ascending,True,/151518h3955.50N/10323.59WO085/044eEOSS.org Balloon/A=098497!W52!,"K0SCC-14>APTT4,EOSSD,EOSSD,qAO,W9CN-9:/151518h3955.50N/10323.59WO085/044eEOSS.org Balloon/A=098497!W52!",85.0,51.0,82.1,39.9250833333,-103.3932,41.67,67.05,,,,,,,,0.00024454,3.161e-05,14.72413793,4.48793103,low Re,-0.009354,19.886921,0.001048,4.694033,0.058506,-1.099861,-0.177794,14.268485,-0.002852,6.061534,0.000319,1.430738,0.017832,-1.099854,-0.177826,4.463377,
EOSS-303,KC0D-3,2020-11-01 08:15:32.095,2020-11-01 08:15:30,98677.0,30076.75,918.0,4718.0,ascending,True,/151530h3955.50N/10323.44WO089/040/A=098677 -390T431397P EOSS BALLOON,"KC0D-3>APZEOS,EOSS,WIDE2-1,qAO,W9CN-9:/151530h3955.50N/10323.44WO089/040/A=098677 -390T431397P EOSS BALLOON",89.0,46.0,74.0,39.925,-103.3906666667,41.78,67.25,-38.2,-39.0,234.15,4313970.0,42.58,0.12453713,64.18379725,0.00023889,1.111e-05,15.3,4.66333333,low Re,0.019195,19.876229,0.00109,4.693774,0.058444,-0.974957,0.309784,14.274559,0.005847,6.058274,0.000332,1.43066,0.017813,-0.975033,0.309605,4.456827,
EOSS-303,KC0D-1,2020-11-01 08:15:46.739,2020-11-01 08:15:45,99036.0,30186.17,948.0,4733.0,ascending,True,/151545h3955.50N/10323.21WO090/035!W92!/A=099036 66T102P EOSS BALLOON,"KC0D-1>APZEOS,EOSS,qAO,W9CN-9:/151545h3955.50N/10323.21WO090/035!W92!/A=099036 66T102P EOSS BALLOON",90.0,40.0,64.4,39.92515,-103.3868666667,41.95,67.52,43.88,6.6,279.75,1020.0,0.01,2.465e-05,0.01270201,0.00023833,5e-06,15.8,4.81566667,low Re,0.016667,19.866749,0.001126,4.692419,0.05838,-0.866664,0.266204,14.367388,0.005078,6.055385,0.000343,1.430247,0.017794,-0.866786,0.266101,4.455472,
EOSS-303,K0SCC-14,2020-11-01 08:15:59.036,2020-11-01 08:15:47,98953.0,30160.87,943.4,4735.0,ascending,True,/151547h3955.51N/10323.18WO090/029eEOSS.org Balloon/A=098953!W04!,"K0SCC-14>APTT4,EOSSD,EOSSD,qAO,W9CN-9:/151547h3955.51N/10323.18WO090/029eEOSS.org Balloon/A=098953!W04!",90.0,33.0,53.1,39.9251666667,-103.3864,41.97,67.55,,,,,,,,0.00023448,2.87e-06,15.72413793,4.79241379,low Re,-0.002616,19.857138,0.001118,4.691205,0.058313,-0.88101,-0.064034,14.335398,-0.000802,6.052454,0.000341,1.429878,0.017773,-0.881222,-0.064311,4.454259,
EOSS-303,KC0D-3,2020-11-01 08:16:04.162,2020-11-01 08:16:00,99163.0,30224.88,972.0,4748.0,ascending,True,/151600h3955.51N/10323.00WO087/046/A=099163 -396T431962P EOSS BALLOON,"KC0D-3>APZEOS,EOSS,WIDE2-1,qAO,W9CN-9:/151600h3955.51N/10323.00WO087/046/A=099163 -396T431962P EOSS BALLOON",87.0,53.0,85.3,39.9251666667,-103.3833333333,42.12,67.78,-39.28,-39.6,233.55,4319620.0,42.63,0.12502059,64.43296557,0.00024444,5.56e-06,16.2,4.93766667,low Re,0.015862,19.848672,0.001152,4.689062,0.058249,-0.778124,0.252537,14.429881,0.004842,6.049874,0.000351,1.429225,0.017754,-0.778189,0.252957,4.459293,
EOSS-303,KC0D-1,2020-11-01 08:16:16.784,2020-11-01 08:16:15,99504.0,30328.82,936.0,4763.0,ascending,True,/151615h3955.52N/10322.80WO081/036!W55!/A=099504 69T100P EOSS BALLOON,"KC0D-1>APZEOS,EOSS,qAO,W9CN-9:/151615h3955.52N/10322.80WO081/036!W55!/A=099504 69T100P EOSS BALLOON",81.0,41.0,66.0,39.9254166667,-103.3800833333,42.26,68.0,44.42,6.9,280.05,1000.0,0.01,2.414e-05,0.01243961,0.00022611,8.89e-06,15.6,4.755,low Re,-0.02,19.83886,0.001103,4.68808,0.05819,-0.904178,-0.362657,14.688152,-0.006089,6.046883,0.000336,1.428925,0.017736,-0.904094,-0.362258,4.482659,
EOSS-303,K0SCC-14,2020-11-01 08:16:35.020,2020-11-01 08:16:16,99409.0,30299.86,943.4,4764.0,ascending,True,/151616h3955.52N/10322.79WO079/038eEOSS.org Balloon/A=099409!W71!,"K0SCC-14>APTT4,EOSSD,EOSSD,qAO,W9CN-9:/151616h3955.52N/10322.79WO079/038eEOSS.org Balloon/A=099409!W71!",79.0,44.0,70.8,39.92545,-103.37985,42.27,68.02,,,,,,,,0.00022586,9.77e-06,15.72413793,4.79275862,low Re,0.004281,19.829379,0.00111,4.686827,0.058123,-0.875911,0.054557,14.601975,0.001302,6.043994,0.000338,1.428543,0.017716,-0.875882,0.054414,4.474088,
EOSS-303,KC0D-3,2020-11-01 08:16:32.298,2020-11-01 08:16:30,99617.0,30363.26,908.0,4778.0,ascending,True,/151630h3955.55N/10322.59WO081/040/A=099617 -371T430155P EOSS BALLOON,"KC0D-3>APZEOS,EOSS,WIDE2-1,qAO,N6BA-10:/151630h3955.55N/10322.59WO081/040/A=099617 -371T430155P EOSS BALLOON",81.0,46.0,74.0,39.9258333333,-103.3765,42.41,68.25,-34.78,-37.1,236.05,4301550.0,42.45,0.12317905,63.48387377,0.00022778,2.222e-05,15.13333333,4.61266667,low Re,-0.019693,19.818583,0.001062,4.686836,0.058065,-0.999662,-0.357444,14.806222,-0.006003,6.040703,0.000324,1.428546,0.017698,-0.999643,-0.357498,4.495106,
EOSS-303,KC0D-1,2020-11-01 08:16:46.819,2020-11-01 08:16:45,99944.0,30462.93,880.0,4793.0,ascending,True,/151645h3955.58N/10322.39WO079/040!W62!/A=099944 70T97P EOSS BALLOON,"KC0D-1>APZEOS,EOSS,qAO,W0ARP-2:/151645h3955.58N/10322.39WO079/040!W62!/A=099944 70T97P EOSS BALLOON",79.0,46.0,74.0,39.9264333333,-103.3732,42.54,68.46,44.6,7.0,280.15,970.0,0.01,2.34e-05,0.01206212,0.00022944,3.389e-05,14.66666667,4.47033333,low Re,-0.015556,19.806767,0.001024,4.687943,0.058003,-1.096451,-0.285847,15.252913,-0.004744,6.037101,0.000312,1.428883,0.017679,-1.096498,-0.285989,4.546332,
EOSS-303,KC0D-3,2020-11-01 08:17:04.400,2020-11-01 08:17:00,100050.0,30495.24,866.0,4808.0,ascending,True,/151700h3955.61N/10322.17WO080/041/A=100050 -361T430811P EOSS BALLOON,"KC0D-3>APZEOS,EOSS,WIDE2-1,qAO,N2XGL-12:/151700h3955.61N/10322.17WO080/041/A=100050 -361T430811P EOSS BALLOON",80.0,47.0,75.6,39.9268333333,-103.3695,42.7,68.71,-32.98,-36.1,237.05,4308110.0,42.52,0.12284648,63.31247232,0.00023333,3.333e-05,14.43333333,4.39933333,low Re,-0.007778,19.794471,0.001004,4.689614,0.057938,-1.143194,-0.151576,15.434568,-0.002367,6.033354,0.000306,1.429392,0.017659,-1.143158,-0.151368,4.568275,
EOSS-303,K0SCC-14,2020-11-01 08:17:16.261,2020-11-01 08:17:14,100249.0,30555.9,869.0,4822.0,ascending,True,/151714h3955.63N/10321.98WO082/037eEOSS.org Balloon/A=100249!W60!,"K0SCC-14>APTT4,EOSSD,EOSSD,qAO,W9CN-9:/151714h3955.63N/10321.98WO082/037eEOSS.org Balloon/A=100249!W60!",82.0,43.0,69.2,39.9272666667,-103.3663333333,42.83,68.93,,,,,,,,0.00023305,3.132e-05,14.48275862,4.41448276,low Re,0.000852,19.782344,0.001004,4.691116,0.057872,-1.129707,-0.002626,15.829816,0.000261,6.029658,0.000306,1.42985,0.017639,-1.129612,-0.002551,4.617322,
EOSS-303,KC0D-1,2020-11-01 08:17:16.791,2020-11-01 08:17:15,100372.0,30593.39,856.0,4823.0,ascending,True,/151715h3955.63N/10321.96WO085/044!W53!/A=100372 73T95P EOSS BALLOON,"KC0D-1>APZEOS,EOSS,qAO,W9CN-9:/151715h3955.63N/10321.96WO085/044!W53!/A=100372 73T95P EOSS BALLOON",85.0,51.0,82.1,39.92725,-103.36605,42.84,68.95,45.14,7.3,280.45,950.0,0.01,2.29e-05,0.01180078,0.00023833,2.722e-05,14.26666667,4.34866667,low Re,-0.007203,19.769779,0.000985,4.693147,0.057807,-1.172585,-0.141644,16.112073,-0.002194,6.025828,0.0003,1.430468,0.017619,-1.172456,-0.141552,4.653132,
EOSS-303,K0SCC-14,2020-11-01 08:17:52.524,2020-11-01 08:17:43,97519.0,29723.79,-5648.3,0.0,descending,True,/151743h3955.66N/10321.54WO038/022eEOSS.org Balloon/A=097519!W35!,"K0SCC-14>APTT4,EOSSD,EOSSD,qAO,N6BA-10:/151743h3955.66N/10321.54WO038/022eEOSS.org Balloon/A=097519!W35!",38.0,25.0,40.2,39.9277166667,-103.3590833333,43.15,69.44,,,,,,,,0.00025,1.552e-05,-94.13793103,-28.69344828,n/a,,-94.137931,,,,,,-99.324491,,-28.693448,,,,,,-30.274354,
EOSS-303,KC0D-1,2020-11-01 08:17:56.928,2020-11-01 08:17:45,97230.0,29635.7,-6284.0,2.0,descending,True,/151745h3955.66N/10321.50WO083/033!W54!/A=097230 74T113P EOSS BALLOON,"KC0D-1>APZEOS,EOSS,qAO,W0ARP-2:/151745h3955.66N/10321.50WO083/033!W54!/A=097230 74T113P EOSS BALLOON",83.0,38.0,61.2,39.92775,-103.3584,43.18,69.49,45.32,7.4,280.55,1130.0,0.01,2.723e-05,0.01403171,0.000255,1.667e-05,-104.73333333,-31.923,n/a,-0.35318,-99.435632,-0.35318,7.492081,,-0.707107,,-94.577308,-0.107652,-30.308224,-0.107652,2.283638,,-0.707107,,-28.827385,
EOSS-303,KC0D-3,2020-11-01 08:18:04.408,2020-11-01 08:18:00,94617.0,28839.26,-5433.0,17.0,descending,True,/151800h3955.67N/10321.32WO121/042/A=094617 -441T437837P EOSS BALLOON,"KC0D-3>APZEOS,EOSS,WIDE2-1,qAO,N6BA-10:/151800h3955.67N/10321.32WO121/042/A=094617 -441T437837P EOSS BALLOON",121.0,48.0,77.2,39.9278333333,-103.3553333333,43.32,69.72,-47.38,-44.1,229.05,4378370.0,43.21,0.12921057,66.59239155,0.00023611,1.667e-05,-90.55,-27.59966667,n/a,0.236389,-96.473755,-0.058396,7.374537,0.416888,0.803271,0.707108,-116.340402,0.072056,-29.405372,-0.017798,2.247872,0.127073,0.803295,0.707105,-35.460592,
EOSS-303,K0SCC-14,2020-11-01 08:18:28.172,2020-11-01 08:18:12,92731.0,28264.41,-9906.2,29.0,descending,True,/151812h3955.69N/10321.20WO118/024eEOSS.org Balloon/A=092731!W37!,"K0SCC-14>APTT4,EOSSD,EOSSD,qAO,W9CN-9:/151812h3955.69N/10321.20WO118/024eEOSS.org Balloon/A=092731!W37!",118.0,28.0,45.1,39.9282166667,-103.35345,43.4,69.84,,,,,,,,0.00019425,1.724e-05,-165.10344828,-50.32344828,n/a,-2.570809,-113.631178,-0.895867,34.839124,1.480193,-1.477427,-1.13157,-143.895562,-0.783579,-34.634891,-0.273058,10.618856,0.451162,-1.477424,-1.131569,-43.859237,
EOSS-303,KC0D-1,2020-11-01 08:18:16.796,2020-11-01 08:18:15,92345.0,28146.76,-9770.0,32.0,descending,True,/151815h3955.71N/10321.19WO060/027!W25!/A=092345 79T144P EOSS BALLOON,"KC0D-1>APZEOS,EOSS,qAO,W9CN-9:/151815h3955.71N/10321.19WO060/027!W25!/A=092345 79T144P EOSS BALLOON",60.0,31.0,49.9,39.9285333333,-103.35325,43.39,69.84,46.22,7.9,281.05,1440.0,0.01,3.463e-05,0.01784931,0.00017167,2.611e-05,-162.83333333,-49.63133333,n/a,0.07567,-123.471609,-0.652982,37.342922,1.302543,-1.054061,0.559407,-147.842958,0.02307,-37.634179,-0.199026,11.381948,0.397015,-1.054051,0.559415,-45.06237,
EOSS-303,KC0D-3,2020-11-01 08:18:32.272,2020-11-01 08:18:30,90033.0,27442.06,-9168.0,47.0,descending,True,/151830h3955.73N/10321.04WO125/029/A=090033 -449T449787P EOSS BALLOON,"KC0D-3>APZEOS,EOSS,WIDE2-1,qAO,W9CN-9:/151830h3955.73N/10321.04WO125/029/A=090033 -449T449787P EOSS BALLOON",125.0,33.0,53.1,39.9288333333,-103.3506666667,43.5,70.01,-48.82,-44.9,228.25,4497870.0,44.39,0.13320238,68.64968703,0.00015556,3.333e-05,-152.8,-46.57333333,n/a,0.334444,-128.359674,-0.455497,35.481744,1.21139,-0.688814,0.652095,-157.280803,0.101933,-39.124038,-0.138834,10.814669,0.369231,-0.688814,0.652077,-47.939096,
EOSS-303,K0SCC-14,2020-11-01 08:19:03.466,2020-11-01 08:18:41,88518.0,26980.29,-8716.6,58.0,descending,True,/151841h3955.74N/10320.94WO098/048eEOSS.org Balloon/A=088518!W98!,"K0SCC-14>APTT4,EOSSD,EOSSD,qAO,W9CN-9:/151841h3955.74N/10320.94WO098/048eEOSS.org Balloon/A=088518!W98!",98.0,55.0,88.5,39.92915,-103.3491333333,43.57,70.11,,,,,,,,0.00014885,3.218e-05,-145.27586207,-44.28,n/a,0.259453,-130.776273,-0.336339,33.015271,1.122125,-0.439178,0.53095,-153.152583,0.07908,-39.860604,-0.102515,10.062899,0.342022,-0.439177,0.530945,-46.680894,
EOSS-303,KC0D-1,2020-11-01 08:18:46.786,2020-11-01 08:18:45,88058.0,26840.08,-8574.0,62.0,descending,True,/151845h3955.72N/10320.92WO144/022!W26!/A=088058 81T179P EOSS BALLOON,"KC0D-1>APZEOS,EOSS,qAO,W9CN-9:/151845h3955.72N/10320.92WO144/022!W26!/A=088058 81T179P EOSS BALLOON",144.0,25.0,40.2,39.9287,-103.3487666667,43.6,70.16,46.58,8.1,281.25,1790.0,0.02,4.302e-05,0.0221719,0.00014944,5.56e-06,-142.9,-43.556,n/a,0.079195,-132.291739,-0.276977,30.865284,1.036326,-0.343696,0.343687,-150.926066,0.024133,-40.322529,-0.084423,9.4076,0.315871,-0.343708,0.343672,-46.002265,
EOSS-303,KC0D-3,2020-11-01 08:19:04.394,2020-11-01 08:19:00,86032.0,26222.55,-8002.0,77.0,descending,True,/151900h3955.66N/10320.88WO233/021/A=086032 -474T462120P EOSS BALLOON,"KC0D-3>APZEOS,EOSS,WIDE2-1,qAO,W9CN-9:/151900h3955.66N/10320.88WO233/021/A=086032 -474T462120P EOSS BALLOON",233.0,24.0,38.6,39.9276666667,-103.348,43.67,70.27,-53.32,-47.4,225.75,4621200.0,45.61,0.1383703,71.31312278,8.889e-05,-3.889e-05,-133.36666667,-40.65033333,n/a,0.317778,-132.411175,-0.202633,28.874053,0.982224,-0.033092,0.529829,-138.836253,0.096856,-40.358951,-0.061763,8.800682,0.29938,-0.033109,0.529825,-42.317332,
EOSS-303,KC0D-1,2020-11-01 08:19:16.748,2020-11-01 08:19:15,84205.0,25665.68,-7706.0,92.0,descending,True,/151915h3955.63N/10320.78WO077/020!W55!/A=084205 83T217P EOSS BALLOON,"KC0D-1>APZEOS,EOSS,qAO,W9CN-9:/151915h3955.63N/10320.78WO077/020!W55!/A=084205 83T217P EOSS BALLOON",77.0,23.0,37.0,39.92725,-103.3464166667,43.75,70.42,46.94,8.3,281.45,2170.0,0.02,5.212e-05,0.02685969,7.833e-05,-4.833e-05,-128.43333333,-39.14666667,n/a,0.164444,-132.013391,-0.161846,27.251765,0.926898,0.13137,0.352024,-128.043754,0.050122,-40.237723,-0.049331,8.306214,0.282517,0.131354,0.352025,-39.027807,
EOSS-303,KC0D-3,2020-11-01 08:19:32.360,2020-11-01 08:19:30,82300.0,25085.04,-7464.0,107.0,descending,True,/151930h3955.60N/10320.67WO055/030/A=082300 -495T475629P EOSS BALLOON,"KC0D-3>APZEOS,EOSS,WIDE2-1,qAO,W9CN-9:/151930h3955.60N/10320.67WO055/030/A=082300 -495T475629P EOSS BALLOON",55.0,35.0,56.3,39.9266666667,-103.3445,43.86,70.59,-57.1,-49.5,223.65,4756290.0,46.94,0.14375247,74.08697672,0.00011667,-3.333e-05,-124.4,-37.917,n/a,0.134444,-131.321264,-0.132217,25.955004,0.878896,0.266664,0.303404,-119.214314,0.040989,-40.026748,-0.040299,7.910972,0.267887,0.266686,0.303441,-36.336606,
EOSS-303,K0SCC-14,2020-11-01 08:19:44.582,2020-11-01 08:19:39,81290.0,24777.19,-7477.2,116.0,descending,True,/151939h3955.58N/10320.56WO131/052eEOSS.org Balloon/A=081290!W11!,"K0SCC-14>APTT4,EOSSD,EOSSD,qAO,W9CN-9:/151939h3955.58N/10320.56WO131/052eEOSS.org Balloon/A=081290!W11!",131.0,60.0,96.6,39.92635,-103.3426833333,43.96,70.74,,,,,,,,0.00011121,-4.828e-05,-124.62068966,-37.98448276,n/a,-0.003805,-130.762883,-0.120543,24.822605,0.834693,0.247444,0.139857,-115.675586,-0.001163,-39.856559,-0.036741,7.565821,0.254413,0.247439,0.139843,-35.257979,
EOSS-303,KC0D-1,2020-11-01 08:19:46.792,2020-11-01 08:19:45,80703.0,24598.27,-7004.0,122.0,descending,True,/151945h3955.59N/10320.52WO074/016!W59!/A=080703 82T259P EOSS BALLOON,"KC0D-1>APZEOS,EOSS,qAO,W9CN-9:/151945h3955.59N/10320.52WO074/016!W59!/A=080703 82T259P EOSS BALLOON",74.0,18.0,29.0,39.9265833333,-103.34215,43.98,70.77,46.76,8.2,281.35,2590.0,0.03,6.223e-05,0.03206973,0.00014222,-2.222e-05,-116.73333333,-35.58033333,n/a,0.262912,-129.683687,-0.088589,24.082266,0.80351,0.537755,0.437457,-113.935229,0.080138,-39.527619,-0.027001,7.340173,0.244909,0.537765,0.437465,-34.727501,
EOSS-303,KC0D-3,2020-11-01 08:20:03.936,2020-11-01 08:20:00,78944.0,24062.13,-6712.0,137.0,descending,True,/152000h3955.55N/10320.35WO075/035/A=078944 -508T491237P EOSS BALLOON,"KC0D-3>APZEOS,EOSS,WIDE2-1,qAO,W9CN-9:/152000h3955.55N/10320.35WO075/035/A=078944 -508T491237P EOSS BALLOON",75.0,40.0,64.4,39.9258333333,-103.3391666667,44.14,71.03,-59.44,-50.8,222.35,4912370.0,48.48,0.14933782,76.96555146,0.00017778,-2.778e-05,-111.86666667,-34.097,n/a,0.162222,-128.411043,-0.069296,23.622411,0.77244,0.700368,0.299723,-109.744082,0.049444,-39.139718,-0.021121,7.200014,0.235439,0.700376,0.299717,-33.45001,
EOSS-303,KC0D-1,2020-11-01 08:20:16.730,2020-11-01 08:20:15,77598.0,23651.87,-6210.0,152.0,descending,True,/152015h3955.61N/10320.18WO069/024!W66!/A=077598 83T303P EOSS BALLOON,"KC0D-1>APZEOS,EOSS,qAO,W9CN-9:/152015h3955.61N/10320.18WO069/024!W66!/A=077598 83T303P EOSS BALLOON",69.0,28.0,45.1,39.9269333333,-103.3364333333,44.23,71.18,46.94,8.3,281.45,3030.0,0.03,7.277e-05,0.03750454,0.00019056,1.167e-05,-103.5,-31.54666667,n/a,0.278889,-126.750307,-0.044425,23.654397,0.747948,0.982917,0.432268,-107.122529,0.085011,-38.633514,-0.01354,7.209782,0.227974,0.982949,0.432291,-32.650936,
EOSS-303,KC0D-3,2020-11-01 08:20:32.144,2020-11-01 08:20:30,75917.0,23139.5,-6054.0,167.0,descending,True,/152030h3955.62N/10320.09WO028/026/A=075917 -515T504586P EOSS BALLOON,"KC0D-3>APZEOS,EOSS,WIDE2-1,qAO,W9CN-9:/152030h3955.62N/10320.09WO028/026/A=075917 -515T504586P EOSS BALLOON",28.0,30.0,48.3,39.927,-103.3348333333,44.3,71.3,-60.7,-51.5,221.65,5045860.0,49.8,0.15388041,79.30670562,0.00014444,3.889e-05,-100.9,-30.75433333,n/a,0.086667,-125.134662,-0.035686,23.748545,0.721535,1.020469,0.169573,-103.928748,0.026411,-38.141065,-0.010877,7.238485,0.219923,1.02048,0.16955,-31.677444,
EOSS-303,K0SCC-14,2020-11-01 08:20:56.444,2020-11-01 08:20:37,75249.0,22935.9,-6249.3,174.0,descending,True,/152037h3955.67N/10320.06WO020/049eEOSS.org Balloon/A=075249!W92!,"K0SCC-14>APTT4,EOSSD,EOSSD,qAO,W9CN-9:/152037h3955.67N/10320.06WO020/049eEOSS.org Balloon/A=075249!W92!",20.0,56.0,90.1,39.9279833333,-103.3343666667,44.29,71.28,,,,,,,,0.00014339,2.816e-05,-104.15517241,-31.74637931,n/a,-0.056124,-123.900575,-0.036963,23.550676,0.697088,0.838422,-0.027487,-102.575077,-0.017104,-37.764907,-0.011266,7.178185,0.212472,0.838447,-0.027477,-31.264852,
EOSS-303,KC0D-1,2020-11-01 08:20:46.757,2020-11-01 08:20:45,74612.0,22741.74,-5972.0,182.0,descending,True,/152045h3955.72N/10320.02WO100/007!W22!/A=074612 81T351P EOSS BALLOON,"KC0D-1>APZEOS,EOSS,qAO,W9CN-9:/152045h3955.72N/10320.02WO100/007!W22!/A=074612 81T351P EOSS BALLOON",100.0,8.0,12.9,39.9287,-103.3337,44.3,71.3,46.58,8.1,281.25,3510.0,0.03,8.436e-05,0.04347675,9.111e-05,5.889e-05,-99.53333333,-30.33766667,n/a,0.154061,-122.546839,-0.025726,23.558344,0.676541,0.976873,0.265744,-101.210405,0.046957,-37.352283,-0.007841,7.180532,0.206209,0.976894,0.26574,-30.848892,
EOSS-303,KC0D-3,2020-11-01 08:21:04.205,2020-11-01 08:21:00,73100.0,22280.88,-5634.0,197.0,descending,True,/152100h3955.70N/10320.00WO334/016/A=073100 -552T521166P EOSS BALLOON,"KC0D-3>APZEOS,EOSS,WIDE2-1,qAO,W9CN-9:/152100h3955.70N/10320.00WO334/016/A=073100 -552T521166P EOSS BALLOON",334.0,18.0,29.0,39.9283333333,-103.3333333333,44.33,71.34,-67.36,-55.2,217.95,5211660.0,51.44,0.16163488,83.3031935,5e-05,4.444e-05,-93.9,-28.62066667,n/a,0.187778,-121.039111,-0.013865,23.819197,0.658267,1.13938,0.306324,-97.643494,0.057233,-36.892724,-0.004226,7.260047,0.200639,1.139394,0.306316,-29.761691,
EOSS-303,KC0D-1,2020-11-01 08:21:16.894,2020-11-01 08:21:15,71784.0,21879.76,-5656.0,212.0,descending,True,/152115h3955.67N/10319.95WO169/014!W93!/A=071784 81T405P EOSS BALLOON,"KC0D-1>APZEOS,EOSS,qAO,N6BA-10:/152115h3955.67N/10319.95WO169/014!W93!/A=071784 81T405P EOSS BALLOON",169.0,16.0,25.7,39.9279833333,-103.33255,44.38,71.42,46.58,8.1,281.25,4050.0,0.04,9.734e-05,0.05016548,3.833e-05,-2.389e-05,-94.26666667,-28.73266667,n/a,-0.012222,-119.700489,-0.013779,23.944343,0.639721,1.062206,0.002434,-94.184945,-0.003733,-36.484721,-0.0042,7.298184,0.194986,1.062189,0.002395,-28.707522,
EOSS-303,K0SCC-14,2020-11-01 08:21:38.426,2020-11-01 08:21:35,69894.0,21303.69,-5539.7,232.0,descending,True,/152135h3955.60N/10319.80WO126/059eEOSS.org Balloon/A=069894!W87!,"K0SCC-14>APTT4,EOSSD,EOSSD,qAO,W9CN-9:/152135h3955.60N/10319.80WO126/059eEOSS.org Balloon/A=069894!W87!",126.0,68.0,109.4,39.9268,-103.3301166667,44.53,71.66,,,,,,,,7.328e-05,-2.04e-05,-92.32758621,-28.14155172,n/a,0.033432,-118.397017,-0.011418,24.090347,0.622748,1.082153,0.07202,-88.851642,0.010192,-36.087427,-0.00348,7.342684,0.189813,1.082149,0.072029,-27.081952,
EOSS-303,KC0D-1,2020-11-01 08:21:46.817,2020-11-01 08:21:45,69186.0,21087.89,-5196.0,242.0,descending,True,/152145h3955.52N/10319.74WO148/039!W11!/A=069186 78T461P EOSS BALLOON,"KC0D-1>APZEOS,EOSS,qAO,W9CN-9:/152145h3955.52N/10319.74WO148/039!W11!/A=069186 78T461P EOSS BALLOON",148.0,45.0,72.4,39.92535,-103.3290166667,44.63,71.82,46.04,7.8,280.95,4610.0,0.05,0.00011091,0.05716291,0.00011778,-8.778e-05,-86.6,-26.39566667,n/a,0.19092,-116.951698,-0.001783,24.467656,0.608584,1.240482,0.316642,-86.820335,0.058196,-35.646893,-0.000543,7.457693,0.185496,1.240494,0.316659,-26.462812,
EOSS-303,KC0D-3,2020-11-01 08:22:04.404,2020-11-01 08:22:00,67933.0,20705.98,-5167.0,257.0,descending,True,/152200h3955.36N/10319.67WO191/036/A=067933 -555T559474P EOSS BALLOON,"KC0D-3>APZEOS,EOSS,WIDE2-1,qAO,N6BA-10:/152200h3955.36N/10319.67WO191/036/A=067933 -555T559474P EOSS BALLOON",191.0,41.0,66.0,39.9226666667,-103.3278333333,44.77,72.05,-67.9,-55.5,217.65,5594740.0,55.22,0.17375492,89.54960737,9.167e-05,-9.444e-05,-86.11666667,-26.24833333,n/a,0.008056,-115.611044,-0.001336,24.754659,0.593921,1.191468,0.015814,-83.290942,0.002456,-35.23826,-0.000407,7.545177,0.181026,1.19148,0.015815,-25.387078,
EOSS-303,K0SCC-14,2020-11-01 08:22:13.207,2020-11-01 08:22:04,67646.0,20618.5,-4651.0,261.0,descending,True,/152204h3955.34N/10319.67WO209/014eEOSS.org Balloon/A=067646!W67!,"K0SCC-14>APTT4,EOSSD,EOSSD,qAO,W9CN-9:/152204h3955.34N/10319.67WO209/014eEOSS.org Balloon/A=067646!W67!",209.0,16.0,25.7,39.9224333333,-103.32795,44.77,72.06,,,,,,,,7.471e-05,-0.00015057,-77.51724138,-23.62724138,n/a,0.296532,-114.023803,0.011615,25.428607,0.58358,1.435649,0.488223,-82.505167,0.090382,-34.754467,0.00354,7.750601,0.177875,1.43566,0.488219,-25.147569,
EOSS-303,KC0D-1,2020-11-01 08:22:16.749,2020-11-01 08:22:15,66934.0,20401.48,-4504.0,272.0,descending,True,/152215h3955.32N/10319.57WO117/038!W31!/A=066934 77T516P EOSS BALLOON,"KC0D-1>APZEOS,EOSS,qAO,W9CN-9:/152215h3955.32N/10319.57WO117/038!W31!/A=066934 77T516P EOSS BALLOON",117.0,44.0,70.8,39.92205,-103.3261833333,44.87,72.21,45.86,7.7,280.85,5160.0,0.05,0.00012419,0.06400556,9.444e-05,-0.00011,-75.06666667,-22.88033333,n/a,0.081686,-112.465517,0.014535,26.084059,0.570932,1.433782,0.117616,-80.607658,0.024897,-34.279502,0.00443,7.950385,0.174019,1.433788,0.117614,-24.569208,
EOSS-303,KC0D-3,2020-11-01 08:22:32.283,2020-11-01 08:22:30,65700.0,20025.36,-4466.0,287.0,descending,True,/152230h3955.25N/10319.44WO064/040/A=065700 -587T578674P EOSS BALLOON,"KC0D-3>APZEOS,EOSS,WIDE2-1,qAO,W9CN-9:/152230h3955.25N/10319.44WO064/040/A=065700 -587T578674P EOSS BALLOON",64.0,46.0,74.0,39.9208333333,-103.324,45.01,72.44,-73.66,-58.7,214.45,5786740.0,57.11,0.18239957,94.00487322,0.00012778,-6.111e-05,-74.43333333,-22.68733333,n/a,0.021111,-111.002741,0.014798,26.623215,0.558912,1.373591,0.011295,-77.534893,0.006433,-33.833649,0.00451,8.11472,0.170356,1.373592,0.011288,-23.632645,
EOSS-303,K0SCC-14,2020-11-01 08:22:48.686,2020-11-01 08:22:33,65477.0,19957.39,-4487.6,290.0,descending,True,/152233h3955.27N/10319.39WO074/046eEOSS.org Balloon/A=065477!W08!,"K0SCC-14>APTT4,EOSSD,EOSSD,qAO,W9CN-9:/152233h3955.27N/10319.39WO074/046eEOSS.org Balloon/A=065477!W08!",74.0,53.0,85.3,39.9211666667,-103.3233,45.03,72.47,,,,,,,,0.00016034,-4.368e-05,-74.79310345,-22.79689655,n/a,-0.012406,-109.661643,0.013751,27.020268,0.547646,1.290459,-0.047763,-77.012993,-0.003778,-33.424881,0.004192,8.235746,0.166922,1.29047,-0.047747,-23.473572,
EOSS-303,KC0D-1,2020-11-01 08:22:46.728,2020-11-01 08:22:45,64682.0,19715.07,-4504.0,302.0,descending,True,/152245h3955.23N/10319.29WO132/027!W62!/A=064682 73T580P EOSS BALLOON,"KC0D-1>APZEOS,EOSS,qAO,W9CN-9:/152245h3955.23N/10319.29WO132/027!W62!/A=064682 73T580P EOSS BALLOON",132.0,31.0,49.9,39.9206,-103.3215333333,45.13,72.63,45.14,7.3,280.45,5800.0,0.06,0.00013979,0.07204685,0.000155,-4.833e-05,-75.06666667,-22.88033333,n/a,-0.009119,-108.426108,0.012904,27.309296,0.537029,1.221542,-0.041009,-75.242419,-0.002781,-33.04829,0.003933,8.323843,0.163686,1.221546,-0.041018,-22.933895,
EOSS-303,KC0D-3,2020-11-01 08:23:04.348,2020-11-01 08:23:00,63483.0,19349.62,-4434.0,317.0,descending,True,/152300h3955.16N/10319.22WO266/018/A=063483 -590T601780P EOSS BALLOON,"KC0D-3>APZEOS,EOSS,WIDE2-1,qAO,W9CN-9:/152300h3955.16N/10319.22WO266/018/A=063483 -590T601780P EOSS BALLOON",266.0,21.0,33.8,39.9193333333,-103.3203333333,45.23,72.79,-74.2,-59.0,214.15,6017800.0,59.39,0.18994836,97.89536276,0.00012222,-5e-05,-73.9,-22.52466667,n/a,0.038889,-107.235553,0.013832,27.572944,0.527013,1.208995,0.047545,-72.844164,0.011856,-32.685406,0.004216,8.404207,0.160633,1.209006,0.047562,-22.202919,
EOSS-303,K0SCC-14,2020-11-01 08:23:24.080,2020-11-01 08:23:02,63341.0,19306.34,-4419.3,319.0,descending,True,/152302h3955.17N/10319.22WO352/022eEOSS.org Balloon/A=063341!W68!,"K0SCC-14>APTT4,EOSSD,EOSSD,qAO,W9CN-9:/152302h3955.17N/10319.22WO352/022eEOSS.org Balloon/A=063341!W68!",352.0,25.0,40.2,39.9196,-103.3204666667,45.21,72.77,,,,,,,,9.77e-05,-5.402e-05,-73.65517241,-22.45,n/a,0.008442,-106.116207,0.013647,27.778395,0.517517,1.168571,-0.010058,-72.581574,0.002575,-32.344226,0.00416,8.466834,0.157739,1.168586,-0.010048,-22.122885,
EOSS-303,KC0D-1,2020-11-01 08:23:16.774,2020-11-01 08:23:15,62449.0,19034.46,-4466.0,332.0,descending,True,/152315h3955.11N/10319.13WO137/030!W08!/A=062449 72T649P EOSS BALLOON,"KC0D-1>APZEOS,EOSS,qAO,W9CN-9:/152315h3955.11N/10319.13WO137/030!W08!/A=062449 72T649P EOSS BALLOON",137.0,35.0,56.3,39.9185,-103.3189666667,45.32,72.94,44.96,7.2,280.35,6490.0,0.06,0.00015648,0.0806467,8.556e-05,-7e-05,-74.43333333,-22.687,n/a,-0.025939,-105.094179,0.012327,27.898005,0.508568,1.099034,-0.075243,-71.030463,-0.0079,-32.032703,0.003758,8.503302,0.155011,1.099068,-0.075208,-21.650107,
EOSS-303,KC0D-3,2020-11-01 08:23:32.402,2020-11-01 08:23:30,61288.0,18680.58,-4390.0,347.0,descending,True,/152330h3955.03N/10319.04WO232/018/A=061288 -609T625157P EOSS BALLOON,"KC0D-3>APZEOS,EOSS,WIDE2-1,qAO,W9CN-9:/152330h3955.03N/10319.04WO232/018/A=061288 -609T625157P EOSS BALLOON",232.0,21.0,33.8,39.9171666667,-103.3173333333,45.44,73.13,-77.62,-60.9,212.25,6251570.0,61.7,0.19909359,102.60862037,0.0001,-7.222e-05,-73.16666667,-22.30133333,n/a,0.042222,-104.096444,0.013291,28.018699,0.500049,1.103898,0.057856,-69.241364,0.012856,-31.728597,0.004051,8.540085,0.152414,1.103884,0.05777,-21.104774,
EOSS-303,KC0D-1,2020-11-01 08:23:46.741,2020-11-01 08:23:45,60320.0,18385.54,-4258.0,362.0,descending,True,/152345h3954.99N/10318.94WO105/031!W40!/A=060320 68T724P EOSS BALLOON,"KC0D-1>APZEOS,EOSS,qAO,W9CN-9:/152345h3954.99N/10318.94WO105/031!W40!/A=060320 68T724P EOSS BALLOON",105.0,36.0,57.9,39.9165666667,-103.3156666667,45.54,73.29,44.24,6.8,279.95,7240.0,0.07,0.00017481,0.09009497,0.00011,-6.444e-05,-70.96666667,-21.63066667,n/a,0.073333,-103.092511,0.015168,28.174009,0.492032,1.140265,0.118214,-67.909804,0.022356,-31.422599,0.004623,8.587424,0.149971,1.140264,0.118243,-20.698919,
EOSS-303,KC0D-3,2020-11-01 08:24:04.557,2020-11-01 08:24:00,59219.0,18049.95,-4138.0,377.0,descending,True,/152400h3954.95N/10318.77WO125/058/A=059219 -604T653256P EOSS BALLOON,"KC0D-3>APZEOS,EOSS,WIDE2-1,qAO,W9CN-9:/152400h3954.95N/10318.77WO125/058/A=059219 -604T653256P EOSS BALLOON",125.0,67.0,107.8,39.9158333333,-103.3128333333,45.69,73.54,-76.72,-60.4,212.75,6532560.0,64.47,0.20755334,106.96859397,0.00015,-4.444e-05,-68.96666667,-21.021,n/a,0.066667,-102.08881,0.016728,28.354421,0.484366,1.168147,0.103102,-66.51649,0.020322,-31.11667,0.005099,8.642415,0.147634,1.168154,0.103113,-20.274225,
EOSS-303,K0SCC-14,2020-11-01 08:24:06.509,2020-11-01 08:24:00,59223.0,18051.17,-4260.0,377.0,descending,True,/152400h3954.95N/10318.77WO110/060eEOSS.org Balloon/A=059223!W97!,"K0SCC-14>APTT4,EOSSD,EOSSD,qAO,W9CN-9:/152400h3954.95N/10318.77WO110/060eEOSS.org Balloon/A=059223!W97!",110.0,69.0,111.0,39.9159833333,-103.31295,45.68,73.52,,,,,,,,0.0001296,-6.236e-05,-71.0,-21.64086207,n/a,-0.035057,-101.200558,0.015205,28.424313,0.477053,1.06249,-0.105359,-66.521393,-0.010687,-30.845933,0.004635,8.663717,0.145405,1.062485,-0.105375,-20.27572,
EOSS-303,KC0D-1,2020-11-01 08:24:16.784,2020-11-01 08:24:15,58313.0,17773.8,-4014.0,392.0,descending,True,/152415h3954.89N/10318.66WO114/021!W45!/A=058313 66T802P EOSS BALLOON,"KC0D-1>APZEOS,EOSS,qAO,W9CN-9:/152415h3954.89N/10318.66WO114/021!W45!/A=058313 66T802P EOSS BALLOON",114.0,24.0,38.6,39.9149,-103.3110833333,45.81,73.72,43.88,6.6,279.75,8020.0,0.08,0.00019378,0.09987268,0.00015278,-5.556e-05,-66.9,-20.39133333,n/a,0.136667,-100.247765,0.018675,28.592637,0.470433,1.166306,0.250816,-65.422043,0.041651,-30.555527,0.005692,8.715015,0.143388,1.166285,0.250781,-19.940631,
EOSS-303,KC0D-3,2020-11-01 08:24:32.009,2020-11-01 08:24:30,57252.0,17450.41,-3934.0,407.0,descending,True,/152430h3954.80N/10318.59WO230/011/A=057252 -592T680156P EOSS BALLOON,"KC0D-3>APZEOS,EOSS,WIDE2-1,qAO,W9CN-9:/152430h3954.80N/10318.59WO230/011/A=057252 -592T680156P EOSS BALLOON",230.0,13.0,20.9,39.9133333333,-103.3098333333,45.92,73.89,-74.56,-59.2,213.95,6801560.0,67.13,0.21488798,110.74871389,0.0001,-8.333e-05,-65.56666667,-19.98466667,n/a,0.044444,-99.310438,0.019391,28.763466,0.463684,1.173147,0.05403,-64.147814,0.013556,-30.269828,0.005911,8.767087,0.14133,1.173156,0.054093,-19.552244,
EOSS-303,KC0D-1,2020-11-01 08:24:46.819,2020-11-01 08:24:45,56375.0,17183.1,-3876.0,422.0,descending,True,/152445h3954.69N/10318.50WO143/042!W68!/A=056375 61T885P EOSS BALLOON,"KC0D-1>APZEOS,EOSS,qAO,W0ARP-2:/152445h3954.69N/10318.50WO143/042!W68!/A=056375 61T885P EOSS BALLOON",143.0,48.0,77.2,39.9116,-103.3084666667,46.04,74.09,42.98,6.1,279.25,8850.0,0.09,0.00021422,0.11040596,8.722e-05,-0.00011,-64.6,-19.69,n/a,0.032222,-98.397005,0.019738,28.925459,0.457204,1.168417,0.027305,-63.064554,0.009822,-29.991412,0.006016,8.816465,0.139355,1.168429,0.027312,-19.222063,
EOSS-303,K0SCC-14,2020-11-01 08:25:16.551,2020-11-01 08:24:58,55496.0,16915.18,-3855.5,435.0,descending,True,/152458h3954.60N/10318.38WO124/065eEOSS.org Balloon/A=055496!W07!,"K0SCC-14>APTT4,EOSSD,EOSSD,qAO,W9CN-9:/152458h3954.60N/10318.38WO124/065eEOSS.org Balloon/A=055496!W07!",124.0,75.0,120.7,39.91,-103.30645,46.18,74.32,,,,,,,,0.00011207,-0.00010316,-64.25862069,-19.58603448,n/a,0.005886,-97.521662,0.019374,29.061092,0.450988,1.14459,-0.029908,-61.924203,0.001793,-29.724607,0.005905,8.857807,0.137461,1.144592,-0.029914,-18.87448,
EOSS-303,KC0D-3,2020-11-01 08:25:04.034,2020-11-01 08:25:00,55360.0,16873.73,-3784.0,437.0,descending,True,/152500h3954.57N/10318.36WO136/049/A=055360 -596T708955P EOSS BALLOON,"KC0D-3>APZEOS,EOSS,WIDE2-1,qAO,W9CN-9:/152500h3954.57N/10318.36WO136/049/A=055360 -596T708955P EOSS BALLOON",136.0,56.0,90.1,39.9095,-103.306,46.22,74.38,-75.28,-59.6,213.55,7089550.0,69.97,0.22440626,115.65423567,0.00012778,-0.00012778,-63.06666667,-19.22266667,n/a,0.039732,-96.660287,0.019896,29.198813,0.445027,1.150513,0.044573,-61.741548,0.012112,-29.462059,0.006064,8.899786,0.135644,1.150521,0.044587,-18.81881,
EOSS-303,KC0D-1,2020-11-01 08:25:16.918,2020-11-01 08:25:15,54643.0,16655.19,-3464.0,452.0,descending,True,/152515h3954.46N/10318.19WO100/037!W99!/A=054643 59T967P EOSS BALLOON,"KC0D-1>APZEOS,EOSS,qAO,W0ARP-2:/152515h3954.46N/10318.19WO100/037!W99!/A=054643 59T967P EOSS BALLOON",100.0,43.0,69.2,39.9078166667,-103.3033166667,46.4,74.67,42.62,5.9,279.05,9670.0,0.1,0.00023424,0.12072213,0.00017167,-0.00012611,-57.73333333,-17.597,n/a,0.177778,-95.710849,0.023843,29.46549,0.439993,1.288881,0.349858,-60.746915,0.054189,-29.172667,0.007268,8.981074,0.134109,1.288896,0.349872,-18.515647,
EOSS-303,KC0D-3,2020-11-01 08:25:32.230,2020-11-01 08:25:30,53733.0,16377.82,-3254.0,467.0,descending,True,/152530h3954.39N/10317.99WO084/028/A=053733 -606T734410P EOSS BALLOON,"KC0D-3>APZEOS,EOSS,WIDE2-1,qAO,W9CN-9:/152530h3954.39N/10317.99WO084/028/A=053733 -606T734410P EOSS BALLOON",84.0,32.0,51.5,39.9065,-103.2998333333,46.61,75.0,-77.08,-60.6,212.55,7344100.0,72.48,0.23355725,120.37046029,0.00020556,-0.0001,-54.23333333,-16.53033333,n/a,0.116667,-94.72329,0.026107,29.79934,0.4347,1.358753,0.208328,-59.401238,0.035556,-28.871659,0.007957,9.082831,0.132496,1.358753,0.208301,-18.105482,
EOSS-303,KC0D-1,2020-11-01 08:25:46.778,2020-11-01 08:25:45,52988.0,16150.74,-3310.0,482.0,descending,True,/152545h3954.32N/10317.74WO102/046!W47!/A=052988 54T1050P EOSS BALLOON,"KC0D-1>APZEOS,EOSS,qAO,W9CN-9:/152545h3954.32N/10317.74WO102/046!W47!/A=052988 54T1050P EOSS BALLOON",102.0,53.0,85.3,39.9054,-103.2957833333,46.83,75.37,41.72,5.4,278.55,10500.0,0.1,0.0002548,0.13131931,0.00025111,-8.056e-05,-55.16666667,-16.815,n/a,-0.031111,-93.803368,0.024744,30.054064,0.429457,1.285573,-0.13006,-58.22658,-0.009489,-28.591272,0.007542,9.160465,0.130898,1.285554,-0.130109,-17.747441,
EOSS-303,K0SCC-14,2020-11-01 08:25:59.272,2020-11-01 08:25:56,52303.0,15941.95,-3303.1,493.0,descending,True,/152556h3954.26N/10317.61WO055/018eEOSS.org Balloon/A=052303!W91!,"K0SCC-14>APTT4,EOSSD,EOSSD,qAO,W9CN-9:/152556h3954.26N/10317.61WO055/018eEOSS.org Balloon/A=052303!W91!",55.0,21.0,33.8,39.9044833333,-103.2935166667,46.97,75.58,,,,,,,,0.00022299,-9.511e-05,-55.05172414,-16.77982759,n/a,0.001982,-92.922649,0.024215,30.27161,0.424328,1.251038,-0.052396,-57.089404,0.000606,-28.32283,0.007381,9.226772,0.129335,1.251034,-0.052383,-17.400828,
EOSS-303,KC0D-3,2020-11-01 08:26:04.344,2020-11-01 08:26:00,52078.0,15873.37,-3310.0,497.0,descending,True,/152600h3954.25N/10317.53WO118/063/A=052078 -582T766573P EOSS BALLOON,"KC0D-3>APZEOS,EOSS,WIDE2-1,qAO,N2XGL-12:/152600h3954.25N/10317.53WO118/063/A=052078 -582T766573P EOSS BALLOON",118.0,72.0,115.9,39.9041666667,-103.2921666667,47.04,75.7,-72.76,-58.2,214.95,7665730.0,75.65,0.24106377,124.2391633,0.00025556,-7.778e-05,-55.16666667,-16.815,n/a,-0.003831,-92.083627,0.023578,30.450318,0.419386,1.212367,-0.065355,-56.70451,-0.001172,-28.0671,0.007186,9.281237,0.127828,1.212349,-0.065385,-17.283512,
EOSS-303,KC0D-1,2020-11-01 08:26:16.815,2020-11-01 08:26:15,51366.0,15656.36,-3244.0,512.0,descending,True,/152615h3954.12N/10317.34WO126/038!W33!/A=051366 51T1141P EOSS BALLOON,"KC0D-1>APZEOS,EOSS,qAO,W9CN-9:/152615h3954.12N/10317.34WO126/038!W33!/A=051366 51T1141P EOSS BALLOON",126.0,44.0,70.8,39.90205,-103.28905,47.25,76.05,41.18,5.1,278.25,11410.0,0.11,0.00027718,0.14285417,0.00022444,-0.00011167,-54.06666667,-16.47933333,n/a,0.036667,-91.257171,0.023868,30.627378,0.414597,1.21429,0.030871,-55.452537,0.011189,-27.815192,0.007275,9.335211,0.126369,1.214312,0.030973,-16.901927,
EOSS-303,K0SCC-14,2020-11-01 08:26:34.404,2020-11-01 08:26:25,50768.0,15474.09,-3175.9,522.0,descending,True,/152625h3954.08N/10317.19WO112/063eEOSS.org Balloon/A=050768!W56!,"K0SCC-14>APTT4,EOSSD,EOSSD,qAO,W9CN-9:/152625h3954.08N/10317.19WO112/063eEOSS.org Balloon/A=050768!W56!",112.0,72.0,115.9,39.9014166667,-103.2866,47.39,76.27,,,,,,,,0.00023851,-0.00010575,-52.93103448,-16.13310345,n/a,0.03916,-90.441722,0.024201,30.804175,0.409971,1.217714,0.036488,-54.365651,0.011939,-27.566637,0.007377,9.389106,0.124959,1.217745,0.036508,-16.570647,
EOSS-303,KC0D-3,2020-11-01 08:26:32.196,2020-11-01 08:26:30,50509.0,15395.14,-3138.0,527.0,descending,True,/152630h3954.03N/10317.15WO164/021/A=050509 -588T797313P EOSS BALLOON,"KC0D-3>APZEOS,EOSS,WIDE2-1,qAO,W9CN-9:/152630h3954.03N/10317.15WO164/021/A=050509 -588T797313P EOSS BALLOON",164.0,24.0,38.6,39.9005,-103.2858333333,47.46,76.37,-73.84,-58.8,214.35,7973130.0,78.69,0.2514324,129.58293317,0.00021111,-0.00012222,-52.3,-15.941,n/a,0.021034,-89.647102,0.024133,30.967984,0.405491,1.205991,-0.007643,-53.886452,0.006403,-27.324436,0.007356,9.439037,0.123593,1.205995,-0.007711,-16.424576,
EOSS-303,KC0D-1,2020-11-01 08:26:46.765,2020-11-01 08:26:45,49856.0,15196.11,-3020.0,542.0,descending,True,/152645h3953.92N/10317.04WO162/030!W92!/A=049856 45T1232P EOSS BALLOON,"KC0D-1>APZEOS,EOSS,qAO,W9CN-9:/152645h3953.92N/10317.04WO162/030!W92!/A=049856 45T1232P EOSS BALLOON",162.0,35.0,56.3,39.8988166667,-103.2840333333,47.59,76.6,40.1,4.5,277.65,12320.0,0.12,0.00029994,0.15458077,0.00016722,-0.00010778,-50.33333333,-15.34166667,n/a,0.065556,-88.844781,0.024996,31.154114,0.401198,1.236159,0.101097,-52.660314,0.019978,-27.07989,0.007619,9.495768,0.122285,1.236153,0.101067,-16.05086,
EOSS-303,K0SCC-14,2020-11-01 08:27:09.100,2020-11-01 08:26:54,49327.0,15034.87,-2981.4,551.0,descending,True,/152654h3953.86N/10316.95WO123/061eEOSS.org Balloon/A=049327!W32!,"K0SCC-14>APTT4,EOSSD,EOSSD,qAO,W9CN-9:/152654h3953.86N/10316.95WO123/061eEOSS.org Balloon/A=049327!W32!",123.0,70.0,112.7,39.8977166667,-103.2825333333,47.7,76.77,,,,,,,,0.00014023,-0.00012759,-49.68965517,-15.14551724,n/a,0.022196,-88.061678,0.024939,31.32784,0.396997,1.224854,-0.006909,-51.653404,0.006764,-26.841203,0.007602,9.548717,0.121004,1.224844,-0.006925,-15.743955,
EOSS-303,KC0D-3,2020-11-01 08:27:04.401,2020-11-01 08:27:00,49040.0,14947.39,-2938.0,557.0,descending,True,/152700h3953.78N/10316.89WO158/025/A=049040 -579T825749P EOSS BALLOON,"KC0D-3>APZEOS,EOSS,WIDE2-1,qAO,N2XGL-12:/152700h3953.78N/10316.89WO158/025/A=049040 -579T825749P EOSS BALLOON",158.0,29.0,46.7,39.8963333333,-103.2815,47.79,76.92,-72.22,-57.9,215.25,8257490.0,81.5,0.2593109,133.64334743,0.00014444,-0.00013889,-48.96666667,-14.925,n/a,0.0241,-87.295109,0.024922,31.492442,0.392925,1.217068,-0.002092,-51.104166,0.007351,-26.607551,0.007597,9.598889,0.119763,1.217073,-0.002054,-15.576544,
EOSS-303,KC0D-1,2020-11-01 08:27:17.005,2020-11-01 08:27:15,48413.0,14756.28,-2886.0,572.0,descending,True,/152715h3953.66N/10316.70WO135/037!W22!/A=048413 42T1324P EOSS BALLOON,"KC0D-1>APZEOS,EOSS,qAO,N2XGL-12:/152715h3953.66N/10316.70WO135/037!W22!/A=048413 42T1324P EOSS BALLOON",135.0,43.0,69.2,39.8943666667,-103.2783666667,48.01,77.26,39.56,4.2,277.35,13240.0,0.13,0.00032268,0.16630383,0.00018889,-0.00014833,-48.1,-14.661,n/a,0.028889,-86.541357,0.025,31.652342,0.388977,1.214487,0.009998,-49.902463,0.0088,-26.37781,0.00762,9.647624,0.11856,1.214476,0.009953,-15.210268,
EOSS-303,K0SCC-14,2020-11-01 08:27:44.180,2020-11-01 08:27:23,47942.0,14612.72,-2865.5,580.0,descending,True,/152723h3953.62N/10316.58WO100/069eEOSS.org Balloon/A=047942!W63!,"K0SCC-14>APTT4,EOSSD,EOSSD,qAO,W9CN-9:/152723h3953.62N/10316.58WO100/069eEOSS.org Balloon/A=047942!W63!",100.0,79.0,127.1,39.8937666667,-103.2763833333,48.12,77.44,,,,,,,,0.00021207,-0.00013621,-47.75862069,-14.55689655,n/a,0.011772,-85.809607,0.024746,31.795963,0.385149,1.196724,-0.033686,-49.002962,0.00359,-26.154774,0.007543,9.691398,0.117393,1.196719,-0.033673,-14.936104,
EOSS-303,KC0D-3,2020-11-01 08:27:32.635,2020-11-01 08:27:30,47616.0,14513.36,-2848.0,587.0,descending,True,/152730h3953.55N/10316.46WO137/041/A=047616 -578T860194P EOSS BALLOON,"KC0D-3>APZEOS,EOSS,WIDE2-1,qAO,N2XGL-12:/152730h3953.55N/10316.46WO137/041/A=047616 -578T860194P EOSS BALLOON",137.0,47.0,75.6,39.8925,-103.2743333333,48.25,77.66,-72.04,-57.8,215.35,8601940.0,84.89,0.27000227,139.15345111,0.00023889,-0.00012778,-47.46666667,-14.46766667,n/a,0.009732,-85.099553,0.024463,31.923874,0.381433,1.178832,-0.03862,-48.384513,0.002974,-25.938346,0.007456,9.730389,0.11626,1.178851,-0.038552,-14.747611,
EOSS-303,KC0D-1,2020-11-01 08:27:46.881,2020-11-01 08:27:45,47054.0,14342.06,-2718.0,602.0,descending,True,/152745h3953.50N/10316.22WO107/054!W64!/A=047054 37T1417P EOSS BALLOON,"KC0D-1>APZEOS,EOSS,qAO,W0ARP-2:/152745h3953.50N/10316.22WO107/054!W64!/A=047054 37T1417P EOSS BALLOON",107.0,62.0,99.8,39.8917666667,-103.2704,48.46,77.99,38.66,3.7,276.85,14170.0,0.14,0.00034597,0.17830674,0.00026556,-8.667e-05,-45.3,-13.80733333,n/a,0.072222,-84.375925,0.025347,32.07898,0.377873,1.218116,0.12405,-47.33089,0.022011,-25.717782,0.007726,9.777668,0.115175,1.218128,0.124029,-14.426465,
EOSS-303,KC0D-3,2020-11-01 08:28:04.502,2020-11-01 08:28:00,46275.0,14104.62,-2682.0,617.0,descending,True,/152800h3953.48N/10315.97WO095/066/A=046275 -556T890233P EOSS BALLOON,"KC0D-3>APZEOS,EOSS,WIDE2-1,qAO,N2XGL-12:/152800h3953.48N/10315.97WO095/066/A=046275 -556T890233P EOSS BALLOON",95.0,76.0,122.3,39.8913333333,-103.2661666667,48.67,78.33,-68.08,-55.6,217.55,8902330.0,87.86,0.27660529,142.55650856,0.00027222,-3.889e-05,-44.7,-13.62466667,n/a,0.02,-83.667426,0.02525,32.225162,0.374359,1.209224,-0.014024,-45.908105,0.006089,-25.501834,0.007696,9.822222,0.114104,1.209214,-0.014084,-13.992802,
EOSS-303,KC0D-1,2020-11-01 08:28:16.801,2020-11-01 08:28:15,45660.0,13917.17,-2788.0,632.0,descending,True,/152815h3953.43N/10315.71WO110/045!W87!/A=045660 34T1519P EOSS BALLOON,"KC0D-1>APZEOS,EOSS,qAO,W9CN-9:/152815h3953.43N/10315.71WO110/045!W87!/A=045660 34T1519P EOSS BALLOON",110.0,52.0,83.7,39.8906333333,-103.26195,48.89,78.68,38.12,3.4,276.55,15190.0,0.15,0.00037128,0.19134916,0.00028167,-3.778e-05,-46.46666667,-14.163,n/a,-0.058889,-83.014781,0.023747,32.314022,0.37111,1.13103,-0.222673,-44.826127,-0.017944,-25.302907,0.007238,9.849308,0.113114,1.131034,-0.222625,-13.663021,
EOSS-303,KC0D-3,2020-11-01 08:28:32.599,2020-11-01 08:28:30,44916.0,13690.4,-2718.0,647.0,descending,True,/152830h3953.40N/10315.48WO111/061/A=044916 -531T927275P EOSS BALLOON,"KC0D-3>APZEOS,EOSS,WIDE2-1,qAO,N6BA-10:/152830h3953.40N/10315.48WO111/061/A=044916 -531T927275P EOSS BALLOON",111.0,70.0,112.7,39.89,-103.258,49.1,79.01,-63.58,-53.1,220.05,9272750.0,91.51,0.28484137,146.8012072,0.00027222,-4.444e-05,-45.3,-13.80733333,n/a,0.038889,-82.364526,0.024013,32.409891,0.367787,1.143618,0.040447,-43.577846,0.011856,-25.104707,0.007319,9.878531,0.112101,1.143629,0.040472,-13.282549,
EOSS-303,KC0D-1,2020-11-01 08:28:46.889,2020-11-01 08:28:45,44342.0,13515.44,-2636.0,662.0,descending,True,/152845h3953.31N/10315.30WO132/038!W77!/A=044342 28T1619P EOSS BALLOON,"KC0D-1>APZEOS,EOSS,qAO,W0ARP-2:/152845h3953.31N/10315.30WO132/038!W77!/A=044342 28T1619P EOSS BALLOON",132.0,44.0,70.8,39.8886166667,-103.2551166667,49.28,79.3,37.04,2.8,275.95,16190.0,0.16,0.00039658,0.20438965,0.00022778,-6.722e-05,-43.93333333,-13.391,n/a,0.045556,-81.71315,0.024384,32.516516,0.364558,1.161865,0.058076,-42.667053,0.013878,-24.90617,0.007432,9.911028,0.111117,1.161854,0.058011,-13.004932,
EOSS-303,KC0D-3,2020-11-01 08:29:04.454,2020-11-01 08:29:00,43581.0,13283.49,-2670.0,677.0,descending,True,/152900h3953.18N/10315.09WO152/042/A=043581 -529T963593P EOSS BALLOON,"KC0D-3>APZEOS,EOSS,WIDE2-1,qAO,N6BA-10:/152900h3953.18N/10315.09WO152/042/A=043581 -529T963593P EOSS BALLOON",152.0,48.0,77.2,39.8863333333,-103.2515,49.52,79.69,-63.22,-52.9,220.25,9635930.0,95.1,0.29572879,152.41235307,0.00021667,-0.00012222,-44.5,-13.56366667,n/a,-0.018889,-81.092931,0.023651,32.595757,0.361445,1.122629,-0.117694,-41.537575,-0.005756,-24.717128,0.007209,9.93518,0.110168,1.122623,-0.117684,-12.660673,
EOSS-303,KC0D-1,2020-11-01 08:29:16.835,2020-11-01 08:29:15,42996.0,13105.18,-2692.0,692.0,descending,True,/152915h3953.05N/10314.88WO124/046!W96!/A=042996 24T1730P EOSS BALLOON,"KC0D-1>APZEOS,EOSS,qAO,W0ARP-2:/152915h3953.05N/10314.88WO124/046!W96!/A=042996 24T1730P EOSS BALLOON",124.0,53.0,85.3,39.8843166667,-103.2481,49.74,80.06,36.32,2.4,275.55,17300.0,0.17,0.00042439,0.21871982,0.00023389,-0.00014333,-44.86666667,-13.67533333,n/a,-0.012222,-80.499058,0.023053,32.654083,0.358399,1.091208,-0.098424,-40.733766,-0.003722,-24.536115,0.007027,9.952958,0.10924,1.091211,-0.098398,-12.415669,
EOSS-303,K0SCC-14,2020-11-01 08:29:36.311,2020-11-01 08:29:19,42725.0,13022.58,-2698.4,696.0,descending,True,/152919h3953.03N/10314.83WO101/048eEOSS.org Balloon/A=042725!W34!,"K0SCC-14>APTT4,EOSSD,EOSSD,qAO,W9CN-9:/152919h3953.03N/10314.83WO101/048eEOSS.org Balloon/A=042725!W34!",101.0,55.0,88.5,39.8838833333,-103.2472333333,49.8,80.14,,,,,,,,0.00025129,-8.52e-05,-44.97413793,-13.70810345,n/a,-0.000926,-79.926075,0.02266,32.698075,0.355413,1.06893,-0.066362,-40.381013,-0.000283,-24.36147,0.006907,9.966367,0.10833,1.068932,-0.066371,-12.308151,
EOSS-303,KC0D-3,2020-11-01 08:29:32.501,2020-11-01 08:29:30,42246.0,12876.58,-2670.0,707.0,descending,True,/152930h3952.90N/10314.65WO134/040/A=042246 -531T1001177P EOSS BALLOON,"KC0D-3>APZEOS,EOSS,WIDE2-1,qAO,N2XGL-12:/152930h3952.90N/10314.65WO134/040/A=042246 -531T1001177P EOSS BALLOON",134.0,46.0,74.0,39.8816666667,-103.2441666667,50.02,80.49,,,,,,,,0.00024444,-0.00015556,-44.5,-13.56366667,n/a,0.015805,-79.363757,0.022549,32.738972,0.352489,1.064901,-0.019133,-39.78822,0.004815,-24.190076,0.006873,9.978832,0.107438,1.064895,-0.019155,-12.127466,
EOSS-303,KC0D-1,2020-11-01 08:29:46.879,2020-11-01 08:29:45,41736.0,12721.13,-2520.0,722.0,descending,True,/152945h3952.76N/10314.37WO131/062!W83!/A=041736 18T1839P EOSS BALLOON,"KC0D-1>APZEOS,EOSS,qAO,W0ARP-2:/152945h3952.76N/10314.37WO131/062!W83!/A=041736 18T1839P EOSS BALLOON",131.0,71.0,114.3,39.8794666667,-103.23955,50.3,80.95,35.24,1.8,274.95,18390.0,0.18,0.00045211,0.2330078,0.000285,-0.00016167,-42.0,-12.80166667,n/a,0.083333,-78.779948,0.023514,32.812197,0.349719,1.120923,0.171049,-39.200089,0.0254,-24.012132,0.007167,10.001149,0.106594,1.120918,0.171051,-11.9482,
EOSS-303,KC0D-1,2020-11-01 08:30:16.782,2020-11-01 08:30:15,40576.0,12367.56,-2320.0,752.0,descending,True,/153015h3952.56N/10313.80WO102/055!W77!/A=040576 15T1947P EOSS BALLOON,"KC0D-1>APZEOS,EOSS,qAO,W0ARP-2:/153015h3952.56N/10313.80WO102/055!W77!/A=040576 15T1947P EOSS BALLOON",102.0,63.0,101.4,39.8761166667,-103.2301166667,50.85,81.84,34.7,1.5,274.65,19470.0,0.19,0.00047918,0.24696124,0.00031444,-0.00011167,-38.66666667,-11.78566667,n/a,0.111111,-78.162821,0.024883,32.932852,0.347105,1.199293,0.248421,-38.022508,0.033867,-23.824033,0.007584,10.037924,0.105797,1.199288,0.248429,-11.589269,
EOSS-303,KC0D-3,2020-11-01 08:30:32.524,2020-11-01 08:30:30,39901.0,12161.82,-2345.0,767.0,descending,True,/153030h3952.48N/10313.53WO088/041/A=039901 -519T1077248P EOSS BALLOON,"KC0D-3>APZEOS,EOSS,WIDE2-1,qAO,N6BA-10:/153030h3952.48N/10313.53WO088/041/A=039901 -519T1077248P EOSS BALLOON",88.0,47.0,75.6,39.8746666667,-103.2255,51.12,82.26,,,,,,,,0.00031111,-0.00011667,-39.08333333,-11.91266667,n/a,-0.006944,-77.570707,0.024393,33.03069,0.344405,1.1652,-0.090989,-37.432586,-0.002117,-23.643557,0.007435,10.067744,0.104974,1.165196,-0.090994,-11.409459,
EOSS-303,KC0D-1,2020-11-01 08:30:46.840,2020-11-01 08:30:45,39430.0,12018.26,-2292.0,782.0,descending,True,/153045h3952.41N/10313.26WO114/040!W78!/A=039430 9T2057P EOSS BALLOON,"KC0D-1>APZEOS,EOSS,qAO,W0ARP-2:/153045h3952.41N/10313.26WO114/040!W78!/A=039430 9T2057P EOSS BALLOON",114.0,46.0,74.0,39.8736166667,-103.2211333333,51.35,82.64,33.62,0.9,274.05,20570.0,0.2,0.00050736,0.26148509,0.00029944,-8.333e-05,-38.2,-11.64333333,n/a,0.029444,-76.983085,0.02447,33.130513,0.341746,1.170615,0.014555,-37.058089,0.008978,-23.46445,0.007458,10.098171,0.104164,1.17062,0.014592,-11.295311,
EOSS-303,K0SCC-14,2020-11-01 08:30:53.424,2020-11-01 08:30:46,39286.0,11974.37,-2371.7,783.0,descending,True,/153046h3952.40N/10313.25WO125/039eEOSS.org Balloon/A=039286!W62!,"K0SCC-14>APTT4,EOSSD,EOSSD,qAO,W9CN-9:/153046h3952.40N/10313.25WO125/039eEOSS.org Balloon/A=039286!W62!",125.0,45.0,72.4,39.8734333333,-103.2208666667,51.37,82.67,,,,,,,,0.00030307,-0.00012011,-39.52873563,-12.0483908,n/a,-0.015273,-76.432285,0.023877,33.194551,0.339182,1.111735,-0.115425,-36.949187,-0.004656,-23.296566,0.007278,10.117689,0.103382,1.111734,-0.115436,-11.262118,
EOSS-303,KC0D-3,2020-11-01 08:31:04.054,2020-11-01 08:31:00,38780.0,11820.14,-2242.0,797.0,descending,True,/153100h3952.34N/10313.00WO120/062/A=038780 -503T1113838P EOSS BALLOON,"KC0D-3>APZEOS,EOSS,WIDE2-1,qAO,N2XGL-12:/153100h3952.34N/10313.00WO120/062/A=038780 -503T1113838P EOSS BALLOON",120.0,71.0,114.3,39.8723333333,-103.2166666667,51.6,83.05,,,,,,,,0.00029444,-7.778e-05,-37.36666667,-11.38933333,n/a,0.072069,-75.866117,0.024585,33.283507,0.336692,1.156713,0.141031,-36.585487,0.021969,-23.123998,0.007494,10.144804,0.102623,1.156717,0.14105,-11.151259,
EOSS-303,K0SCC-14,2020-11-01 08:31:28.541,2020-11-01 08:31:15,38246.0,11657.38,-2151.7,812.0,descending,True,/153115h3952.26N/10312.78WO097/060eEOSS.org Balloon/A=038246!W10!,"K0SCC-14>APTT4,EOSSD,EOSSD,qAO,W9CN-9:/153115h3952.26N/10312.78WO097/060eEOSS.org Balloon/A=038246!W10!",97.0,69.0,111.0,39.8710166667,-103.213,51.82,83.39,,,,,,,,0.00027126,-8.333e-05,-35.86206897,-10.93068966,n/a,0.008205,-74.742593,0.024603,33.471072,0.331789,1.161616,-0.049423,-36.230223,0.002493,-22.781543,0.007499,10.20198,0.101129,1.161623,-0.049501,-11.042974,
EOSS-303,KC0D-1,2020-11-01 08:31:16.866,2020-11-01 08:31:15,38347.0,11688.17,-2166.0,812.0,descending,True,/153115h3952.25N/10312.77WO108/056!W72!/A=038347 6T2168P EOSS BALLOON,"KC0D-1>APZEOS,EOSS,qAO,W0ARP-2:/153115h3952.25N/10312.77WO108/056!W72!/A=038347 6T2168P EOSS BALLOON",108.0,64.0,103.0,39.87095,-103.2128666667,51.83,83.41,33.08,0.6,273.75,21680.0,0.21,0.00053533,0.27589739,0.00027556,-8.889e-05,-36.1,-11.003,n/a,0.042222,-75.29803,0.024841,33.381544,0.334214,1.174243,0.052006,-36.295393,0.012878,-22.950841,0.007572,10.174691,0.101868,1.174271,0.052087,-11.062842,
EOSS-303,KC0D-3,2020-11-01 08:31:31.939,2020-11-01 08:31:30,37710.0,11494.01,-2140.0,827.0,descending,True,/153130h3952.19N/10312.55WO089/046/A=037710 -500T1154176P EOSS BALLOON,"KC0D-3>APZEOS,EOSS,WIDE2-1,qAO,W9CN-9:/153130h3952.19N/10312.55WO089/046/A=037710 -500T1154176P EOSS BALLOON",89.0,53.0,85.3,39.8698333333,-103.2091666667,52.04,83.74,,,,,,,,0.00025,-8.333e-05,-35.66666667,-10.871,n/a,0.006513,-74.199872,0.024348,33.552063,0.329418,1.14846,-0.054141,-35.898067,0.00199,-22.616119,0.007422,10.22667,0.100406,1.148479,-0.0541,-10.941733,
EOSS-303,K0SCC-14,2020-11-01 08:32:03.184,2020-11-01 08:31:44,37226.0,11346.48,-2110.3,841.0,descending,True,/153144h3952.12N/10312.35WO110/024eEOSS.org Balloon/A=037226!W80!,"K0SCC-14>APTT4,EOSSD,EOSSD,qAO,W9CN-9:/153144h3952.12N/10312.35WO110/024eEOSS.org Balloon/A=037226!W80!",110.0,28.0,45.1,39.8688,-103.2058333333,52.22,84.05,,,,,,,,0.00024713,-7.644e-05,-35.17241379,-10.72068966,n/a,0.017043,-73.66525,0.024247,33.629907,0.327091,1.144601,-0.022024,-35.614682,0.005183,-22.453168,0.007391,10.250394,0.099697,1.144588,-0.022147,-10.855351,
EOSS-303,KC0D-1,2020-11-01 08:31:46.862,2020-11-01 08:31:45,37275.0,11361.42,-2144.0,842.0,descending,True,/153145h3952.13N/10312.33WO099/041!W41!/A=037275 0T2282P EOSS BALLOON,"KC0D-1>APZEOS,EOSS,qAO,W0ARP-2:/153145h3952.13N/10312.33WO099/041!W41!/A=037275 0T2282P EOSS BALLOON",99.0,47.0,75.6,39.8689,-103.2055166667,52.24,84.07,32.0,0.0,273.15,22820.0,0.23,0.00056472,0.29104282,0.000245,-6.833e-05,-35.73333333,-10.89166667,n/a,-0.018697,-73.152656,0.023659,33.688597,0.32485,1.110741,-0.130386,-35.64278,-0.005699,-22.296931,0.007211,10.26828,0.099014,1.110728,-0.130386,-10.863918,
EOSS-303,KC0D-3,2020-11-01 08:32:04.076,2020-11-01 08:32:00,36648.0,11170.31,-2124.0,857.0,descending,True,/153200h3952.04N/10312.13WO145/032/A=036648 -482T1191196P EOSS BALLOON,"KC0D-3>APZEOS,EOSS,WIDE2-1,qAO,N2XGL-12:/153200h3952.04N/10312.13WO145/032/A=036648 -482T1191196P EOSS BALLOON",145.0,37.0,59.5,39.8673333333,-103.2021666667,52.44,84.4,,,,,,,,0.00023333,-8.333e-05,-35.4,-10.79,n/a,0.011111,-72.649287,0.023489,33.742974,0.322621,1.103912,-0.038367,-35.290975,0.003389,-22.143505,0.00716,10.284853,0.098334,1.103905,-0.038349,-10.756685,
EOSS-303,KC0D-1,2020-11-01 08:32:16.823,2020-11-01 08:32:15,36250.0,11049.0,-2050.0,872.0,descending,True,/153215h3951.91N/10312.03WO148/032!W89!/A=036250 -2T2396P EOSS BALLOON,"KC0D-1>APZEOS,EOSS,qAO,W0ARP-2:/153215h3951.91N/10312.03WO148/032!W89!/A=036250 -2T2396P EOSS BALLOON",148.0,37.0,59.5,39.8653,-103.20065,52.58,84.62,31.64,-0.2,272.95,23960.0,0.24,0.00059336,0.30580611,0.00016222,-0.00012,-34.16666667,-10.414,n/a,0.041111,-72.142937,0.023724,33.806697,0.32044,1.123336,0.05426,-35.07402,0.012533,-21.98917,0.007231,10.304277,0.09767,1.123336,0.054285,-10.690556,
EOSS-303,KC0D-3,2020-11-01 08:32:32.270,2020-11-01 08:32:30,35651.0,10866.42,-1994.0,887.0,descending,True,/153230h3951.79N/10311.95WO156/037/A=035651 -481T1231218P EOSS BALLOON,"KC0D-3>APZEOS,EOSS,WIDE2-1,qAO,N6BA-10:/153230h3951.79N/10311.95WO156/037/A=035651 -481T1231218P EOSS BALLOON",156.0,43.0,69.2,39.8631666667,-103.1991666667,52.72,84.85,,,,,,,,0.0001,-0.00013889,-33.23333333,-10.12966667,n/a,0.031111,-71.637618,0.023821,33.875013,0.318298,1.133705,0.022903,-34.751223,0.009478,-21.83515,0.007261,10.325097,0.097017,1.133692,0.022852,-10.592162,
EOSS-303,KC0D-1,2020-11-01 08:32:46.859,2020-11-01 08:32:45,35262.0,10747.86,-1976.0,902.0,descending,True,/153245h3951.71N/10311.86WO128/031!W31!/A=035262 -8T2511P EOSS BALLOON,"KC0D-1>APZEOS,EOSS,qAO,W0ARP-2:/153245h3951.71N/10311.86WO128/031!W31!/A=035262 -8T2511P EOSS BALLOON",128.0,36.0,57.9,39.8618833333,-103.1976833333,52.83,85.02,30.56,-0.8,272.35,25110.0,0.25,0.00062321,0.32118983,9.889e-05,-0.00011389,-32.93333333,-10.038,n/a,0.01,-71.141409,0.023642,33.93846,0.316201,1.125805,-0.043143,-34.541087,0.003056,-21.683905,0.007206,10.344437,0.096378,1.125813,-0.04306,-10.528115,
EOSS-303,KC0D-3,2020-11-01 08:33:04.287,2020-11-01 08:33:00,34679.0,10570.16,-1944.0,917.0,descending,True,/153300h3951.62N/10311.70WO128/040/A=034679 -459T1271444P EOSS BALLOON,"KC0D-3>APZEOS,EOSS,WIDE2-1,qAO,N2XGL-12:/153300h3951.62N/10311.70WO128/040/A=034679 -459T1271444P EOSS BALLOON",128.0,46.0,74.0,39.8603333333,-103.195,53.01,85.31,,,,,,,,0.00013889,-9.444e-05,-32.4,-9.87533333,n/a,0.017778,-70.651011,0.023567,34.000748,0.314141,1.125005,-0.018428,-34.220952,0.005422,-21.534429,0.007183,10.363425,0.09575,1.125023,-0.018392,-10.430536,
EOSS-303,K0SCC-14,2020-11-01 08:33:21.016,2020-11-01 08:33:11,34312.0,10458.3,-2009.7,928.0,descending,True,/153311h3951.54N/10311.61WO184/024eEOSS.org Balloon/A=034312!W17!,"K0SCC-14>APTT4,EOSSD,EOSSD,qAO,W9CN-9:/153311h3951.54N/10311.61WO184/024eEOSS.org Balloon/A=034312!W17!",184.0,28.0,45.1,39.8590166667,-103.1936166667,53.12,85.48,,,,,,,,0.00014042,-0.00011245,-33.49425287,-10.20896552,n/a,-0.012578,-70.186552,0.023109,34.039317,0.312148,1.077939,-0.114327,-34.014145,-0.003835,-21.392861,0.007044,10.375182,0.095142,1.077947,-0.114345,-10.367501,
EOSS-303,KC0D-1,2020-11-01 08:33:16.882,2020-11-01 08:33:15,34286.0,10450.37,-1952.0,932.0,descending,True,/153315h3951.49N/10311.59WO162/041!W39!/A=034286 -10T2629P EOSS BALLOON,"KC0D-1>APZEOS,EOSS,qAO,W0ARP-2:/153315h3951.49N/10311.59WO162/041!W39!/A=034286 -10T2629P EOSS BALLOON",162.0,47.0,75.6,39.8582166667,-103.1933166667,53.16,85.55,30.2,-1.0,272.15,26290.0,0.26,0.00065298,0.33653071,0.00014556,-0.00012222,-32.53333333,-9.91633333,n/a,0.032031,-69.721697,0.023221,34.083647,0.310167,1.091091,0.028404,-33.999299,0.009754,-21.251175,0.007078,10.388692,0.094539,1.091075,0.028306,-10.362973,
EOSS-303,KC0D-3,2020-11-01 08:33:32.221,2020-11-01 08:33:30,33707.0,10273.89,-1944.0,947.0,descending,True,/153330h3951.33N/10311.51WO152/042/A=033707 -438T1311986P EOSS BALLOON,"KC0D-3>APZEOS,EOSS,WIDE2-1,qAO,N2XGL-12:/153330h3951.33N/10311.51WO152/042/A=033707 -438T1311986P EOSS BALLOON",152.0,48.0,77.2,39.8555,-103.1918333333,53.32,85.8,,,,,,,,0.00010556,-0.00016111,-32.4,-9.87566667,n/a,0.004444,-69.266555,0.022989,34.122423,0.30823,1.08042,-0.060166,-33.660851,0.001356,-21.11245,0.007007,10.400509,0.093948,1.080407,-0.06015,-10.259813,
EOSS-303,KC0D-1,2020-11-01 08:33:46.887,2020-11-01 08:33:45,33371.0,10171.48,-1830.0,962.0,descending,True,/153345h3951.17N/10311.37WO141/045!W71!/A=033371 -16T2744P EOSS BALLOON,"KC0D-1>APZEOS,EOSS,qAO,W0ARP-2:/153345h3951.17N/10311.37WO141/045!W71!/A=033371 -16T2744P EOSS BALLOON",141.0,52.0,83.7,39.85295,-103.1895166667,53.51,86.11,29.12,-1.6,271.55,27440.0,0.27,0.00068305,0.35202763,0.00012667,-0.00017556,-30.5,-9.29633333,n/a,0.063333,-68.799488,0.023481,34.179629,0.306354,1.120536,0.130085,-33.456728,0.019311,-20.970087,0.007157,10.417946,0.093376,1.120543,0.130162,-10.197597,
EOSS-303,KC0D-3,2020-11-01 08:34:04.185,2020-11-01 08:34:00,32814.0,10001.71,-1786.0,977.0,descending,True,/153400h3951.03N/10311.22WO133/043/A=032814 -414T1350698P EOSS BALLOON,"KC0D-3>APZEOS,EOSS,WIDE2-1,qAO,W9CN-9:/153400h3951.03N/10311.22WO133/043/A=032814 -414T1350698P EOSS BALLOON",133.0,49.0,78.9,39.8505,-103.187,53.71,86.43,,,,,,,,0.00016111,-0.00016667,-29.76666667,-9.07266667,n/a,0.024444,-68.334811,0.023492,34.239004,0.30448,1.126439,0.003127,-33.104221,0.007456,-20.828451,0.007161,10.436047,0.092805,1.12646,0.003179,-10.090155,
EOSS-303,K0SCC-14,2020-11-01 08:34:30.424,2020-11-01 08:34:09,32524.0,9913.32,-1849.7,986.0,descending,True,/153409h3950.98N/10311.11WO119/035eEOSS.org Balloon/A=032524!W18!,"K0SCC-14>APTT4,EOSSD,EOSSD,qAO,W9CN-9:/153409h3950.98N/10311.11WO119/035eEOSS.org Balloon/A=032524!W18!",119.0,40.0,64.4,39.8496833333,-103.1853,53.81,86.6,,,,,,,,0.00014339,-0.00016092,-30.82758621,-9.3962069,n/a,-0.018292,-67.89355,0.022995,34.27687,0.302674,1.08137,-0.136407,-32.913302,-0.005578,-20.693954,0.007009,10.447589,0.092255,1.081374,-0.136437,-10.031965,
EOSS-303,KC0D-1,2020-11-01 08:34:16.758,2020-11-01 08:34:15,32454.0,9891.98,-1834.0,992.0,descending,True,/153415h3950.94N/10311.04WO124/039!W76!/A=032454 -19T2861P EOSS BALLOON,"KC0D-1>APZEOS,EOSS,qAO,W9CN-9:/153415h3950.94N/10311.04WO124/039!W76!/A=032454 -19T2861P EOSS BALLOON",124.0,45.0,72.4,39.8491166667,-103.1841,53.89,86.72,28.58,-1.9,271.25,28610.0,0.28,0.00071296,0.36744349,0.00018056,-0.00012778,-30.56666667,-9.31666667,n/a,0.008697,-67.459516,0.022827,34.311552,0.300871,1.075231,-0.046964,-32.866442,0.002651,-20.56166,0.006958,10.45816,0.091705,1.075236,-0.046966,-10.017679,
EOSS-303,KC0D-3,2020-11-01 08:34:32.138,2020-11-01 08:34:30,31888.0,9719.46,-1852.0,1007.0,descending,True,/153430h3950.84N/10310.87WO128/040/A=031888 -394T1392574P EOSS BALLOON,"KC0D-3>APZEOS,EOSS,WIDE2-1,qAO,W9CN-9:/153430h3950.84N/10310.87WO128/040/A=031888 -394T1392574P EOSS BALLOON",128.0,46.0,74.0,39.8473333333,-103.1811666667,54.08,87.04,,,,,,,,0.00019444,-0.00010556,-30.86666667,-9.40833333,n/a,-0.01,-67.038909,0.022445,34.336343,0.299117,1.053468,-0.108469,-32.47642,-0.003056,-20.433461,0.006841,10.465715,0.091171,1.053452,-0.108554,-9.898799,
EOSS-303,KC0D-1,2020-11-01 08:34:46.794,2020-11-01 08:34:45,31530.0,9610.34,-1848.0,1022.0,descending,True,/153445h3950.77N/10310.73WO135/025!W72!/A=031530 -24T2983P EOSS BALLOON,"KC0D-1>APZEOS,EOSS,qAO,W9CN-9:/153445h3950.77N/10310.73WO135/025!W72!/A=031530 -24T2983P EOSS BALLOON",135.0,29.0,46.7,39.8462833333,-103.1788666667,54.23,87.27,27.68,-2.4,270.75,29830.0,0.29,0.00074473,0.38381968,0.00017444,-9.444e-05,-30.8,-9.388,n/a,0.002222,-66.627103,0.022213,34.356314,0.297381,1.04281,-0.067224,-32.219694,0.000678,-20.307944,0.006771,10.4718,0.090641,1.042795,-0.067221,-9.820548,
EOSS-303,KC0D-3,2020-11-01 08:35:04.313,2020-11-01 08:35:00,30947.0,9432.65,-1882.0,1037.0,descending,True,/153500h3950.71N/10310.63WO125/024/A=030947 -364T1434697P EOSS BALLOON,"KC0D-3>APZEOS,EOSS,WIDE2-1,qAO,N6BA-10:/153500h3950.71N/10310.63WO125/024/A=030947 -364T1434697P EOSS BALLOON",125.0,28.0,45.1,39.8451666667,-103.1771666667,54.34,87.46,,,,,,,,0.00013333,-7.222e-05,-31.36666667,-9.56033333,n/a,-0.018889,-66.230918,0.021746,34.364412,0.295699,1.014545,-0.13742,-31.7861,-0.005744,-20.187184,0.006628,10.474271,0.090129,1.014567,-0.13727,-9.688397,
EOSS-303,K0SCC-14,2020-11-01 08:35:12.259,2020-11-01 08:35:07,30729.0,9366.2,-1856.9,1044.0,descending,True,/153507h3950.68N/10310.60WO139/021eEOSS.org Balloon/A=030729!W20!,"K0SCC-14>APTT4,EOSSD,EOSSD,qAO,W9CN-9:/153507h3950.68N/10310.60WO139/021eEOSS.org Balloon/A=030729!W20!",139.0,24.0,38.6,39.8447,-103.1766666667,54.38,87.52,,,,,,,,0.00014885,-8.592e-05,-30.94827586,-9.43310345,n/a,0.007214,-65.838889,0.021582,34.372605,0.294019,1.01507,-0.048868,-31.619475,0.002194,-20.067695,0.006578,10.476767,0.089617,1.015064,-0.048919,-9.637607,
EOSS-303,KC0D-1,2020-11-01 08:35:16.851,2020-11-01 08:35:15,30598.0,9326.27,-1864.0,1052.0,descending,True,/153515h3950.63N/10310.56WO152/025!W87!/A=030598 -26T3110P EOSS BALLOON,"KC0D-1>APZEOS,EOSS,qAO,W0ARP-2:/153515h3950.63N/10310.56WO152/025!W87!/A=030598 -26T3110P EOSS BALLOON",152.0,29.0,46.7,39.8439666667,-103.1761166667,54.43,87.6,27.32,-2.6,270.55,31100.0,0.31,0.00077701,0.40045646,9.167e-05,-7.722e-05,-31.06666667,-9.469,n/a,-0.003946,-65.456777,0.021299,34.374923,0.292374,1.000442,-0.086345,-31.518292,-0.001197,-19.951225,0.006492,10.477475,0.089115,1.000453,-0.086282,-9.606766,
EOSS-303,KC0D-3,2020-11-01 08:35:32.329,2020-11-01 08:35:30,30034.0,9154.36,-1826.0,1067.0,descending,True,/153530h3950.54N/10310.49WO155/028/A=030034 -342T1479057P EOSS BALLOON,"KC0D-3>APZEOS,EOSS,WIDE2-1,qAO,N2XGL-12:/153530h3950.54N/10310.49WO155/028/A=030034 -342T1479057P EOSS BALLOON",155.0,32.0,51.5,39.8423333333,-103.1748333333,54.55,87.78,,,,,,,,7.778e-05,-9.444e-05,-30.43333333,-9.27633333,n/a,0.021111,-65.076087,0.021297,34.379986,0.290746,1.007643,-0.00064,-31.074871,0.006422,-19.835194,0.006491,10.479016,0.088619,1.007619,-0.000779,-9.471611,
EOSS-303,K0SCC-14,2020-11-01 08:35:47.965,2020-11-01 08:35:36,29836.0,9094.01,-1847.6,1073.0,descending,True,/153536h3950.49N/10310.46WO145/035eEOSS.org Balloon/A=029836!W46!,"K0SCC-14>APTT4,EOSSD,EOSSD,qAO,W9CN-9:/153536h3950.49N/10310.46WO145/035eEOSS.org Balloon/A=029836!W46!",145.0,40.0,64.4,39.8415666667,-103.1744333333,54.59,87.85,,,,,,,,7.701e-05,-0.00010805,-30.79310345,-9.38586207,n/a,-0.012406,-64.707453,0.02093,34.376935,0.289165,0.986544,-0.115284,-30.916742,-0.003777,-19.722835,0.00638,10.478084,0.088137,0.986533,-0.115241,-9.423414,
EOSS-303,KC0D-1,2020-11-01 08:35:46.864,2020-11-01 08:35:45,29661.0,9040.67,-1874.0,1082.0,descending,True,/153545h3950.42N/10310.39WO143/037!W18!/A=029661 -30T3242P EOSS BALLOON,"KC0D-1>APZEOS,EOSS,qAO,W0ARP-2:/153545h3950.42N/10310.39WO143/037!W18!/A=029661 -30T3242P EOSS BALLOON",143.0,43.0,69.2,39.84035,-103.1733,54.68,88.01,26.6,-3.0,270.15,32420.0,0.32,0.00081119,0.41807143,9.389e-05,-0.00012056,-31.23333333,-9.52,n/a,-0.014674,-64.351345,0.020547,34.365488,0.287613,0.9637,-0.12246,-30.776188,-0.004471,-19.614295,0.006263,10.474595,0.087664,0.963693,-0.122445,-9.380574,
EOSS-303,KC0D-3,2020-11-01 08:36:04.473,2020-11-01 08:36:00,29095.0,8868.16,-1878.0,1097.0,descending,True,/153600h3950.32N/10310.24WO116/036/A=029095 -317T1523102P EOSS BALLOON,"KC0D-3>APZEOS,EOSS,WIDE2-1,qAO,N6BA-10:/153600h3950.32N/10310.24WO116/036/A=029095 -317T1523102P EOSS BALLOON",116.0,41.0,66.0,39.8386666667,-103.1706666667,54.86,88.29,,,,,,,,0.00013889,-0.00012222,-31.3,-9.54,n/a,-0.002222,-64.003436,0.020305,34.349992,0.286072,0.952065,-0.078746,-30.318461,-0.000667,-19.508249,0.006189,10.469874,0.087194,0.952089,-0.078629,-9.241067,
EOSS-303,K0SCC-14,2020-11-01 08:36:23.167,2020-11-01 08:36:05,28947.0,8823.05,-1839.3,1102.0,descending,True,/153605h3950.29N/10310.18WO128/040eEOSS.org Balloon/A=028947!W62!,"K0SCC-14>APTT4,EOSSD,EOSSD,qAO,W9CN-9:/153605h3950.29N/10310.18WO128/040eEOSS.org Balloon/A=028947!W62!",128.0,46.0,74.0,39.8382666667,-103.1697,54.92,88.39,,,,,,,,0.00016322,-0.00011379,-30.65517241,-9.34344828,n/a,0.022235,-63.656058,0.020326,34.337824,0.284546,0.961065,0.006709,-30.198485,0.006778,-19.402366,0.006195,10.466168,0.086729,0.961089,0.006722,-9.204499,
EOSS-303,KC0D-1,2020-11-01 08:36:16.873,2020-11-01 08:36:15,28746.0,8761.78,-1830.0,1112.0,descending,True,/153615h3950.26N/10310.07WO121/034!W66!/A=028746 -32T3375P EOSS BALLOON,"KC0D-1>APZEOS,EOSS,qAO,W0ARP-2:/153615h3950.26N/10310.07WO121/034!W66!/A=028746 -32T3375P EOSS BALLOON",121.0,39.0,62.8,39.8377666667,-103.1679333333,55.02,88.54,26.24,-3.2,269.95,33750.0,0.33,0.0008451,0.43554486,0.00017889,-8.611e-05,-30.5,-9.29633333,n/a,0.005172,-63.314243,0.020168,34.324004,0.283049,0.956014,-0.05298,-30.035717,0.00157,-19.29818,0.006147,10.461956,0.086273,0.956021,-0.053053,-9.154884,
EOSS-303,KC0D-3,2020-11-01 08:36:32.957,2020-11-01 08:36:30,28209.0,8598.1,-1772.0,1127.0,descending,True,/153630h3950.21N/10309.93WO113/029/A=028209 -297T1570172P EOSS BALLOON,"KC0D-3>APZEOS,EOSS,WIDE2-1,qAO,N2XGL-12:/153630h3950.21N/10309.93WO113/029/A=028209 -297T1570172P EOSS BALLOON",113.0,33.0,53.1,39.8368333333,-103.1655,55.16,88.78,,,,,,,,0.00017222,-6.111e-05,-29.53333333,-9.002,n/a,0.032222,-62.96954,0.020292,34.3167,0.281574,0.974342,0.042369,-29.603947,0.009811,-19.193117,0.006185,10.459728,0.085823,0.97432,0.04225,-9.023281,
EOSS-303,K0SCC-14,2020-11-01 08:36:57.349,2020-11-01 08:36:34,28058.0,8552.08,-1839.3,1131.0,descending,True,/153634h3950.19N/10309.88WO111/027eEOSS.org Balloon/A=028058!W52!,"K0SCC-14>APTT4,EOSSD,EOSSD,qAO,W9CN-9:/153634h3950.19N/10309.88WO111/027eEOSS.org Balloon/A=028058!W52!",111.0,31.0,49.9,39.8365833333,-103.1647,55.21,88.85,,,,,,,,0.00017241,-5.805e-05,-30.65517241,-9.3437931,n/a,-0.038684,-62.643132,0.01969,34.295289,0.280182,0.932722,-0.208343,-29.483919,-0.011786,-19.093629,0.006002,10.453201,0.085399,0.932713,-0.208293,-8.986701,
EOSS-303,KC0D-1,2020-11-01 08:36:46.795,2020-11-01 08:36:45,27847.0,8487.77,-1798.0,1142.0,descending,True,/153645h3950.15N/10309.76WO112/030!W54!/A=027847 -36T3508P EOSS BALLOON,"KC0D-1>APZEOS,EOSS,qAO,W9CN-9:/153645h3950.15N/10309.76WO112/030!W54!/A=027847 -36T3508P EOSS BALLOON",112.0,35.0,56.3,39.8359166667,-103.1627333333,55.32,89.03,25.52,-3.6,269.55,35080.0,0.35,0.0008797,0.45338035,0.00017333,-6.167e-05,-29.96666667,-9.13366667,n/a,0.02295,-62.316368,0.019723,34.277747,0.278749,0.943752,0.011577,-29.31765,0.007004,-18.994029,0.006012,10.447855,0.084962,0.943769,0.011676,-8.936025,
EOSS-303,KC0D-3,2020-11-01 08:37:04.297,2020-11-01 08:37:00,27308.0,8323.48,-1802.0,1157.0,descending,True,/153700h3950.10N/10309.61WO116/033/A=027308 -274T1614690P EOSS BALLOON,"KC0D-3>APZEOS,EOSS,WIDE2-1,qAO,W9CN-9:/153700h3950.10N/10309.61WO116/033/A=027308 -274T1614690P EOSS BALLOON",116.0,38.0,61.2,39.835,-103.1601666667,55.47,89.27,,,,,,,,0.00017778,-6.111e-05,-30.03333333,-9.154,n/a,-0.002222,-61.996734,0.019504,34.256868,0.277346,0.933051,-0.078335,-28.902958,-0.000678,-18.896603,0.005945,10.441493,0.084535,0.933066,-0.078346,-8.809627,
EOSS-303,KC0D-1,2020-11-01 08:37:16.774,2020-11-01 08:37:15,26981.0,8223.81,-1732.0,1172.0,descending,True,/153715h3950.04N/10309.45WO117/035!W68!/A=026981 -37T3643P EOSS BALLOON,"KC0D-1>APZEOS,EOSS,qAO,W9CN-9:/153715h3950.04N/10309.45WO117/035!W68!/A=026981 -37T3643P EOSS BALLOON",117.0,40.0,64.4,39.8341,-103.1576333333,55.62,89.51,25.34,-3.7,269.45,36430.0,0.36,0.0009139,0.47100274,0.00017,-6.056e-05,-28.86666667,-8.79866667,n/a,0.038889,-61.671929,0.019696,34.244338,0.275963,0.957976,0.069549,-28.66038,0.011844,-18.797604,0.006003,10.437673,0.084113,0.957966,0.069442,-8.73569,
EOSS-303,KC0D-3,2020-11-01 08:37:32.328,2020-11-01 08:37:30,26485.0,8072.63,-1646.0,1187.0,descending,True,/153730h3949.99N/10309.31WO117/028/A=026485 -254T1659548P EOSS BALLOON,"KC0D-3>APZEOS,EOSS,WIDE2-1,qAO,W9CN-9:/153730h3949.99N/10309.31WO117/028/A=026485 -254T1659548P EOSS BALLOON",117.0,32.0,51.5,39.8331666667,-103.1551666667,55.76,89.74,,,,,,,,0.00016667,-6.111e-05,-27.43333333,-8.36166667,n/a,0.047778,-61.339516,0.019971,34.242652,0.274607,0.990174,0.101261,-28.308949,0.014567,-18.696284,0.006087,10.437159,0.0837,0.990175,0.101314,-8.628576,
EOSS-303,K0SCC-14,2020-11-01 08:37:39.471,2020-11-01 08:37:32,26391.0,8043.98,-1724.5,1189.0,descending,True,/153732h3949.98N/10309.29WO118/026eEOSS.org Balloon/A=026391!W22!,"K0SCC-14>APTT4,EOSSD,EOSSD,qAO,W9CN-9:/153732h3949.98N/10309.29WO118/026eEOSS.org Balloon/A=026391!W22!",118.0,30.0,48.3,39.8330333333,-103.1548666667,55.78,89.77,,,,,,,,0.00016954,-6.121e-05,-28.74137931,-8.76034483,n/a,-0.022553,-61.026072,0.019558,34.225617,0.27329,0.94329,-0.154089,-28.244904,-0.006874,-18.600746,0.005961,10.431967,0.083298,0.943293,-0.154085,-8.609056,
EOSS-303,KC0D-1,2020-11-01 08:37:46.759,2020-11-01 08:37:45,26103.0,7956.19,-1756.0,1202.0,descending,True,/153745h3949.91N/10309.18WO147/025!W77!/A=026103 -40T3781P EOSS BALLOON,"KC0D-1>APZEOS,EOSS,qAO,W9CN-9:/153745h3949.91N/10309.18WO147/025!W77!/A=026103 -40T3781P EOSS BALLOON",147.0,29.0,46.7,39.83195,-103.1531166667,55.9,89.96,24.8,-4.0,269.15,37810.0,0.37,0.00094957,0.48938961,0.00015056,-7.167e-05,-29.26666667,-8.92066667,n/a,-0.01751,-60.723602,0.019202,34.2014,0.271984,0.919756,-0.134979,-28.054316,-0.005344,-18.508555,0.005853,10.424584,0.082901,0.919738,-0.135065,-8.550961,
EOSS-303,KC0D-3,2020-11-01 08:38:04.420,2020-11-01 08:38:00,25574.0,7794.96,-1822.0,1217.0,descending,True,/153800h3949.81N/10309.10WO147/037/A=025574 -231T1707230P EOSS BALLOON,"KC0D-3>APZEOS,EOSS,WIDE2-1,qAO,W9CN-9:/153800h3949.81N/10309.10WO147/037/A=025574 -231T1707230P EOSS BALLOON",147.0,43.0,69.2,39.8301666667,-103.1516666667,56.03,90.17,,,,,,,,0.00011667,-0.0001,-30.36666667,-9.25566667,n/a,-0.036667,-60.437215,0.01867,34.165614,0.270728,0.880141,-0.204401,-27.728528,-0.011167,-18.421264,0.005691,10.413678,0.082518,0.88015,-0.204295,-8.451668,
EOSS-303,K0SCC-14,2020-11-01 08:38:14.301,2020-11-01 08:38:01,25541.0,7784.9,-1758.6,1218.0,descending,True,/153801h3949.80N/10309.10WO150/035eEOSS.org Balloon/A=025541!W40!,"K0SCC-14>APTT4,EOSSD,EOSSD,qAO,W9CN-9:/153801h3949.80N/10309.10WO150/035eEOSS.org Balloon/A=025541!W40!",150.0,40.0,64.4,39.8300666667,-103.1516666667,56.03,90.17,,,,,,,,0.00011034,-0.0001023,-29.31034483,-8.9337931,n/a,0.036425,-60.14631,0.018837,34.13696,0.269442,0.903301,0.065276,-27.709327,0.011099,-18.332596,0.005742,10.404944,0.082125,0.903302,0.06523,-8.445814,
EOSS-303,KC0D-1,2020-11-01 08:38:16.849,2020-11-01 08:38:15,25251.0,7696.5,-1704.0,1232.0,descending,True,/153815h3949.72N/10309.01WO128/032!W52!/A=025251 -41T3919P EOSS BALLOON,"KC0D-1>APZEOS,EOSS,qAO,W9CN-9:/153815h3949.72N/10309.01WO128/032!W52!/A=025251 -41T3919P EOSS BALLOON",128.0,37.0,59.5,39.82875,-103.1502,56.14,90.36,24.62,-4.1,269.05,39190.0,0.39,0.0009846,0.50744002,9.722e-05,-0.00010667,-28.4,-8.65633333,n/a,0.030345,-59.852363,0.018945,34.114115,0.26817,0.921975,0.04251,-27.546625,0.009249,-18.243001,0.005774,10.39798,0.081738,0.921974,0.042514,-8.396219,
EOSS-303,KC0D-3,2020-11-01 08:38:31.947,2020-11-01 08:38:30,24728.0,7537.09,-1692.0,1247.0,descending,True,/153830h3949.62N/10308.92WO119/021/A=024728 -213T1755476P EOSS BALLOON,"KC0D-3>APZEOS,EOSS,WIDE2-1,qAO,W9CN-9:/153830h3949.62N/10308.92WO119/021/A=024728 -213T1755476P EOSS BALLOON",119.0,24.0,38.6,39.827,-103.1486666667,56.27,90.56,,,,,,,,0.0001,-0.00010556,-28.2,-8.59566667,n/a,0.002529,-59.277555,0.018659,34.065007,0.265684,0.912301,-0.060711,-27.281997,0.000765,-18.067803,0.005687,10.383009,0.08098,0.912273,-0.06078,-8.315562,
EOSS-303,K0SCC-14,2020-11-01 08:38:49.224,2020-11-01 08:38:30,24721.0,7534.96,-1696.6,1247.0,descending,True,/153830h3949.62N/10308.92WO139/015eEOSS.org Balloon/A=024721!W00!,"K0SCC-14>APTT4,EOSSD,EOSSD,qAO,W9CN-9:/153830h3949.62N/10308.92WO139/015eEOSS.org Balloon/A=024721!W00!",139.0,17.0,27.4,39.827,-103.1486666667,56.27,90.56,,,,,,,,0.00010345,-0.00010575,-28.27586207,-8.61862069,n/a,0.004281,-59.56267,0.018809,34.090242,0.266918,0.917764,-0.054429,-27.278717,0.0013,-18.154704,0.005733,10.390703,0.081356,0.917752,-0.054489,-8.314564,
EOSS-303,KC0D-1,2020-11-01 08:38:46.763,2020-11-01 08:38:45,24398.0,7436.51,-1706.0,1262.0,descending,True,/153845h3949.52N/10308.80WO123/030!W97!/A=024398 -43T4061P EOSS BALLOON,"KC0D-1>APZEOS,EOSS,qAO,W9CN-9:/153845h3949.52N/10308.80WO123/030!W97!/A=024398 -43T4061P EOSS BALLOON",123.0,35.0,56.3,39.8254833333,-103.1467833333,56.41,90.79,24.26,-4.3,268.85,40610.0,0.4,0.00102103,0.52621763,0.00011389,-0.00010889,-28.43333333,-8.66633333,n/a,-0.007778,-58.999679,0.018419,34.035955,0.264474,0.89806,-0.099053,-27.135126,-0.002356,-17.983105,0.005614,10.374155,0.080611,0.898075,-0.09887,-8.270798,
EOSS-303,K0SCC-14,2020-11-01 08:39:23.839,2020-11-01 08:38:59,23904.0,7285.94,-1690.3,1276.0,descending,True,/153859h3949.44N/10308.70WO098/016eEOSS.org Balloon/A=023904!W85!,"K0SCC-14>APTT4,EOSSD,EOSSD,qAO,W9CN-9:/153859h3949.44N/10308.70WO098/016eEOSS.org Balloon/A=023904!W85!",98.0,18.0,29.0,39.8241333333,-103.1450833333,56.54,90.99,,,,,,,,0.00012356,-9.885e-05,-28.17241379,-8.58689655,n/a,0.008997,-58.724436,0.018334,34.007276,0.263271,0.898397,-0.035465,-26.945525,0.002739,-17.899211,0.005588,10.365414,0.080245,0.898403,-0.035504,-8.213008,
EOSS-303,KC0D-3,2020-11-01 08:39:03.991,2020-11-01 08:39:00,23878.0,7278.01,-1700.0,1277.0,descending,True,/153900h3949.44N/10308.69WO108/036/A=023878 -188T1801735P EOSS BALLOON,"KC0D-3>APZEOS,EOSS,WIDE2-1,qAO,W9CN-9:/153900h3949.44N/10308.69WO108/036/A=023878 -188T1801735P EOSS BALLOON",108.0,41.0,66.0,39.824,-103.1448333333,56.55,91.01,,,,,,,,0.00012778,-0.0001,-28.33333333,-8.636,n/a,-0.005364,-58.455488,0.018123,33.975618,0.262092,0.886582,-0.089614,-26.936565,-0.001637,-17.817235,0.005524,10.355765,0.079885,0.886582,-0.089641,-8.210275,
EOSS-303,KC0D-1,2020-11-01 08:39:16.881,2020-11-01 08:39:15,23561.0,7181.39,-1674.0,1292.0,descending,True,/153915h3949.35N/10308.55WO127/039!W34!/A=023561 -42T4205P EOSS BALLOON,"KC0D-1>APZEOS,EOSS,qAO,W0ARP-2:/153915h3949.35N/10308.55WO127/039!W34!/A=023561 -42T4205P EOSS BALLOON",127.0,45.0,72.4,39.82255,-103.1425666667,56.71,91.26,24.44,-4.2,268.95,42050.0,0.42,0.00105684,0.54467432,0.00014056,-9.778e-05,-27.9,-8.504,n/a,0.014444,-58.187457,0.01809,33.945795,0.260919,0.89223,-0.013974,-26.835546,0.0044,-17.73554,0.005514,10.346674,0.079528,0.892223,-0.014008,-8.179485,
EOSS-303,K0SCC-14,2020-11-01 08:39:30.209,2020-11-01 08:39:28,23100.0,7040.88,-1663.4,1305.0,descending,True,/153928h3949.27N/10308.45WO102/025eEOSS.org Balloon/A=023100!W93!,"K0SCC-14>APTT4,EOSSD,EOSSD,qAO,W9CN-9:/153928h3949.27N/10308.45WO102/025eEOSS.org Balloon/A=023100!W93!",102.0,29.0,46.7,39.8213166667,-103.1408833333,56.83,91.45,,,,,,,,0.00014483,-9.713e-05,-27.72413793,-8.45034483,n/a,0.006064,-57.922559,0.017985,33.915758,0.259765,0.890395,-0.045891,-26.715557,0.00185,-17.6548,0.005482,10.337519,0.079176,0.890393,-0.045872,-8.142912,
EOSS-303,KC0D-3,2020-11-01 08:39:32.196,2020-11-01 08:39:30,23055.0,7027.16,-1646.0,1307.0,descending,True,/153930h3949.27N/10308.42WO111/043/A=023055 -176T1849665P EOSS BALLOON,"KC0D-3>APZEOS,EOSS,WIDE2-1,qAO,N2XGL-12:/153930h3949.27N/10308.42WO111/043/A=023055 -176T1849665P EOSS BALLOON",111.0,49.0,78.9,39.8211666667,-103.1403333333,56.86,91.5,,,,,,,,0.00015,-9.444e-05,-27.43333333,-8.36166667,n/a,0.009693,-57.659721,0.017912,33.886427,0.258624,0.891991,-0.03178,-26.705526,0.002956,-17.574686,0.00546,10.328579,0.078828,0.891993,-0.031765,-8.139854,
EOSS-303,KC0D-1,2020-11-01 08:39:46.993,2020-11-01 08:39:45,22756.0,6936.03,-1610.0,1322.0,descending,True,/153945h3949.16N/10308.27WO127/042!W83!/A=022756 -44T4347P EOSS BALLOON,"KC0D-1>APZEOS,EOSS,qAO,N2XGL-12:/153945h3949.16N/10308.27WO127/042!W83!/A=022756 -44T4347P EOSS BALLOON",127.0,48.0,77.2,39.8194666667,-103.1378833333,57.03,91.78,24.08,-4.4,268.75,43470.0,0.43,0.00109334,0.56348663,0.00015611,-0.00010278,-26.83333333,-8.17866667,n/a,0.02,-57.396247,0.01793,33.860195,0.257497,0.902621,0.008039,-26.646277,0.0061,-17.494378,0.005465,10.320584,0.078485,0.902634,0.008091,-8.121796,
EOSS-303,K0SCC-14,2020-11-01 08:40:05.298,2020-11-01 08:39:57,22329.0,6805.88,-1595.2,1334.0,descending,True,/153957h3949.06N/10308.17WO147/024eEOSS.org Balloon/A=022329!W72!,"K0SCC-14>APTT4,EOSSD,EOSSD,qAO,W9CN-9:/153957h3949.06N/10308.17WO147/024eEOSS.org Balloon/A=022329!W72!",147.0,28.0,45.1,39.8177833333,-103.1362,57.16,92.0,,,,,,,,0.00016149,-0.00012184,-26.5862069,-8.10344828,n/a,0.008522,-57.135145,0.01785,33.834274,0.256386,0.902899,-0.036383,-26.583129,0.002594,-17.414794,0.005441,10.312684,0.078146,0.902902,-0.036432,-8.102547,
EOSS-303,KC0D-3,2020-11-01 08:40:04.152,2020-11-01 08:40:00,22252.0,6782.41,-1606.0,1337.0,descending,True,/154000h3949.05N/10308.14WO117/039/A=022252 -159T1898501P EOSS BALLOON,"KC0D-3>APZEOS,EOSS,WIDE2-1,qAO,W9CN-9:/154000h3949.05N/10308.14WO117/039/A=022252 -159T1898501P EOSS BALLOON",117.0,45.0,72.4,39.8175,-103.1356666667,57.2,92.05,,,,,,,,0.00015556,-0.00012222,-26.76666667,-8.15833333,n/a,-0.006015,-56.879948,0.017648,33.805425,0.255298,0.890783,-0.092688,-26.574296,-0.00183,-17.337009,0.005379,10.303892,0.077814,0.890797,-0.092644,-8.099854,
EOSS-303,KC0D-1,2020-11-01 08:40:16.957,2020-11-01 08:40:15,21953.0,6691.27,-1606.0,1352.0,descending,True,/154015h3948.93N/10307.99WO127/041!W21!/A=021953 -43T4491P EOSS BALLOON,"KC0D-1>APZEOS,EOSS,qAO,W0ARP-2:/154015h3948.93N/10307.99WO127/041!W21!/A=021953 -43T4491P EOSS BALLOON",127.0,47.0,75.6,39.8155333333,-103.1331833333,57.38,92.34,24.26,-4.3,268.85,44910.0,0.44,0.00112914,0.58193632,0.00015667,-0.00013111,-26.76666667,-8.15866667,n/a,0.0,-56.629004,0.0175,33.77514,0.254219,0.884151,-0.068838,-26.546924,-1.1e-05,-17.260523,0.005334,10.294659,0.077486,0.884134,-0.06898,-8.09151,
EOSS-303,K0SCC-14,2020-11-01 08:40:40.249,2020-11-01 08:40:26,21564.0,6572.71,-1582.8,1363.0,descending,True,/154026h3948.84N/10307.88WO158/025eEOSS.org Balloon/A=021564!W35!,"K0SCC-14>APTT4,EOSSD,EOSSD,qAO,W9CN-9:/154026h3948.84N/10307.88WO158/025eEOSS.org Balloon/A=021564!W35!",158.0,29.0,46.7,39.81405,-103.1314166667,57.51,92.56,,,,,,,,0.00016494,-0.00012874,-26.37931034,-8.04034483,n/a,0.013357,-56.379006,0.017465,33.746349,0.253149,0.888976,-0.016228,-26.526512,0.00408,-17.184323,0.005323,10.285885,0.077159,0.888983,-0.01611,-8.085288,
EOSS-303,KC0D-3,2020-11-01 08:40:32.216,2020-11-01 08:40:30,21450.0,6537.96,-1604.0,1367.0,descending,True,/154030h3948.82N/10307.85WO113/035/A=021450 -149T1948284P EOSS BALLOON,"KC0D-3>APZEOS,EOSS,WIDE2-1,qAO,W9CN-9:/154030h3948.82N/10307.85WO113/035/A=021450 -149T1948284P EOSS BALLOON",113.0,40.0,64.4,39.8136666667,-103.1308333333,57.55,92.62,,,,,,,,0.00016111,-0.00012778,-26.73333333,-8.14833333,n/a,-0.011801,-56.136009,0.017223,33.71362,0.252106,0.87213,-0.115126,-26.523462,-0.0036,-17.110257,0.00525,10.275909,0.076842,0.87213,-0.115171,-8.084357,
EOSS-303,KC0D-1,2020-11-01 08:40:46.800,2020-11-01 08:40:45,21158.0,6448.96,-1590.0,1382.0,descending,True,/154045h3948.71N/10307.70WO122/035!W73!/A=021158 -44T4638P EOSS BALLOON,"KC0D-1>APZEOS,EOSS,qAO,W0ARP-2:/154045h3948.71N/10307.70WO122/035!W73!/A=021158 -44T4638P EOSS BALLOON",122.0,40.0,64.4,39.81195,-103.1283833333,57.72,92.9,24.08,-4.4,268.75,46380.0,0.46,0.00116654,0.60120796,0.00016,-0.00011944,-26.5,-8.077,n/a,0.007778,-55.895066,0.017146,33.681335,0.251063,0.872741,-0.037313,-26.520955,0.002378,-17.036816,0.005226,10.26607,0.076524,0.87276,-0.037217,-8.083592,
EOSS-303,K0SCC-14,2020-11-01 08:41:15.148,2020-11-01 08:40:55,20806.0,6341.67,-1568.3,1392.0,descending,True,/154055h3948.64N/10307.58WO135/050eEOSS.org Balloon/A=020806!W70!,"K0SCC-14>APTT4,EOSSD,EOSSD,qAO,W9CN-9:/154055h3948.64N/10307.58WO135/050eEOSS.org Balloon/A=020806!W70!",135.0,58.0,93.3,39.8107833333,-103.1263333333,57.86,93.11,,,,,,,,0.00017529,-0.00011264,-26.13793103,-7.96689655,n/a,0.012485,-55.655089,0.017108,33.650413,0.250033,0.877171,-0.01849,-26.526539,0.003797,-16.963672,0.005215,10.256644,0.07621,0.877166,-0.018606,-8.085293,
EOSS-303,KC0D-3,2020-11-01 08:41:04.445,2020-11-01 08:41:00,20674.0,6301.44,-1552.0,1397.0,descending,True,/154100h3948.59N/10307.54WO143/027/A=020674 -133T1995967P EOSS BALLOON,"KC0D-3>APZEOS,EOSS,WIDE2-1,qAO,N6BA-10:/154100h3948.59N/10307.54WO143/027/A=020674 -133T1995967P EOSS BALLOON",143.0,31.0,49.9,39.8098333333,-103.1256666667,57.92,93.22,,,,,,,,0.00017222,-0.00012778,-25.86666667,-7.884,n/a,0.009042,-55.416782,0.017043,33.620191,0.249015,0.87894,-0.032131,-26.530581,0.002763,-16.891034,0.005195,10.247434,0.0759,0.878955,-0.032042,-8.086524,
EOSS-303,KC0D-1,2020-11-01 08:41:16.773,2020-11-01 08:41:15,20384.0,6213.04,-1548.0,1412.0,descending,True,/154115h3948.50N/10307.41WO130/032!W00!/A=020384 -42T4786P EOSS BALLOON,"KC0D-1>APZEOS,EOSS,qAO,W9CN-9:/154115h3948.50N/10307.41WO130/032!W00!/A=020384 -42T4786P EOSS BALLOON",130.0,37.0,59.5,39.8083333333,-103.1235,58.07,93.46,24.44,-4.2,268.95,47860.0,0.47,0.00120287,0.61993134,0.00016278,-0.00012056,-25.8,-7.864,n/a,0.002222,-55.181728,0.016924,33.589228,0.248013,0.874737,-0.059279,-26.542206,0.000667,-16.819391,0.005159,10.237995,0.075594,0.874721,-0.059423,-8.090066,
EOSS-303,KC0D-3,2020-11-01 08:41:32.344,2020-11-01 08:41:30,19893.0,6063.39,-1562.0,1427.0,descending,True,/154130h3948.38N/10307.27WO136/024/A=019893 -118T2045165P EOSS BALLOON,"KC0D-3>APZEOS,EOSS,WIDE2-1,qAO,W9CN-9:/154130h3948.38N/10307.27WO136/024/A=019893 -118T2045165P EOSS BALLOON",136.0,28.0,45.1,39.8063333333,-103.1211666667,58.25,93.74,,,,,,,,0.00015,-0.00011667,-26.03333333,-7.935,n/a,-0.007778,-54.952213,0.016728,33.555506,0.247028,0.861822,-0.099203,-26.566553,-0.002367,-16.749435,0.005099,10.227717,0.075294,0.861818,-0.099158,-8.097485,
EOSS-303,KC0D-1,2020-11-01 08:41:46.788,2020-11-01 08:41:45,19602.0,5974.69,-1564.0,1442.0,descending,True,/154145h3948.26N/10307.13WO131/031!W92!/A=019602 -42T4937P EOSS BALLOON,"KC0D-1>APZEOS,EOSS,qAO,W9CN-9:/154145h3948.26N/10307.13WO131/031!W92!/A=019602 -42T4937P EOSS BALLOON",131.0,36.0,57.9,39.8044833333,-103.1188666667,58.42,94.02,24.44,-4.2,268.95,49370.0,0.49,0.00124082,0.6394904,0.00015444,-0.00012833,-26.06666667,-7.945,n/a,-0.001111,-54.726545,0.016588,33.520511,0.246051,0.854995,-0.071932,-26.580848,-0.000333,-16.680651,0.005056,10.217051,0.074996,0.855007,-0.071857,-8.101841,
EOSS-303,KC0D-3,2020-11-01 08:42:04.536,2020-11-01 08:42:00,19119.0,5827.47,-1548.0,1457.0,descending,True,/154200h3948.14N/10306.97WO143/029/A=019119 -98T2095989P EOSS BALLOON,"KC0D-3>APZEOS,EOSS,WIDE2-1,qAO,N6BA-10:/154200h3948.14N/10306.97WO143/029/A=019119 -98T2095989P EOSS BALLOON",143.0,33.0,53.1,39.8023333333,-103.1161666667,58.62,94.34,,,,,,,,0.00016667,-0.00013333,-25.8,-7.864,n/a,0.008889,-54.502308,0.016528,33.486306,0.245082,0.857136,-0.031169,-26.598403,0.0027,-16.612305,0.005038,10.206624,0.074701,0.85712,-0.031298,-8.107189,
EOSS-303,KC0D-1,2020-11-01 08:42:16.736,2020-11-01 08:42:15,18834.0,5740.6,-1536.0,1472.0,descending,True,/154215h3948.03N/10306.81WO131/034!W79!/A=018834 -39T5091P EOSS BALLOON,"KC0D-1>APZEOS,EOSS,qAO,W9CN-9:/154215h3948.03N/10306.81WO131/034!W79!/A=018834 -39T5091P EOSS BALLOON",131.0,39.0,62.8,39.8006166667,-103.11365,58.79,94.62,24.98,-3.9,269.25,50910.0,0.5,0.0012781,0.65870329,0.00017389,-0.00012889,-25.6,-7.803,n/a,0.006667,-54.279982,0.016451,33.452443,0.244124,0.857336,-0.040078,-26.60213,0.002033,-16.544541,0.005014,10.196302,0.074409,0.857325,-0.040062,-8.108324,
EOSS-303,K0SCC-14,2020-11-01 08:42:31.323,2020-11-01 08:42:22,18552.0,5654.65,-1554.5,1479.0,descending,True,/154222h3947.99N/10306.74WO111/046eEOSS.org Balloon/A=018552!W60!,"K0SCC-14>APTT4,EOSSD,EOSSD,qAO,W9CN-9:/154222h3947.99N/10306.74WO111/046eEOSS.org Balloon/A=018552!W60!",111.0,53.0,85.3,39.7999333333,-103.1123333333,58.88,94.75,,,,,,,,0.00016092,-0.00012471,-25.90804598,-7.89678161,n/a,-0.003541,-54.063403,0.016297,33.415603,0.243182,0.842581,-0.081577,-26.598764,-0.001078,-16.478527,0.004968,10.185073,0.074122,0.842581,-0.081568,-8.107297,
EOSS-303,KC0D-3,2020-11-01 08:42:37.439,2020-11-01 08:42:30,18347.0,5592.17,-1544.0,1487.0,descending,True,/154230h3947.91N/10306.65WO147/031/A=018347 -88T2147671P EOSS BALLOON,"KC0D-3>APZEOS,EOSS,WIDE2-1,qAO,W9CN-9:/154230h3947.91N/10306.65WO147/031/A=018347 -88T2147671P EOSS BALLOON",147.0,36.0,57.9,39.7985,-103.1108333333,59.0,94.94,,,,,,,,0.00017778,-0.00012778,-25.73333333,-7.84333333,n/a,0.005824,-53.848781,0.016217,33.379021,0.242247,0.842309,-0.042902,-26.590903,0.001782,-16.413109,0.004943,10.173924,0.073837,0.842327,-0.042811,-8.1049,
EOSS-303,KC0D-1,2020-11-01 08:42:46.806,2020-11-01 08:42:45,18055.0,5503.16,-1558.0,1502.0,descending,True,/154245h3947.81N/10306.50WO128/035!W64!/A=018055 -39T5251P EOSS BALLOON,"KC0D-1>APZEOS,EOSS,qAO,W9CN-9:/154245h3947.81N/10306.50WO128/035!W64!/A=018055 -39T5251P EOSS BALLOON",128.0,40.0,64.4,39.7969333333,-103.1084,59.16,95.21,24.98,-3.9,269.25,52510.0,0.52,0.00131826,0.67940503,0.000175,-0.00012278,-25.96666667,-7.91466667,n/a,-0.007778,-53.639141,0.016036,33.340121,0.241329,0.830005,-0.098679,-26.57038,-0.002378,-16.349211,0.004888,10.162067,0.073557,0.830003,-0.098781,-8.098644,
EOSS-303,K0SCC-14,2020-11-01 08:43:06.372,2020-11-01 08:42:51,17794.0,5423.61,-1568.3,1508.0,descending,True,/154251h3947.77N/10306.43WO116/051eEOSS.org Balloon/A=017794!W76!,"K0SCC-14>APTT4,EOSSD,EOSSD,qAO,W9CN-9:/154251h3947.77N/10306.43WO116/051eEOSS.org Balloon/A=017794!W76!",116.0,59.0,95.0,39.7962833333,-103.1072666667,59.24,95.33,,,,,,,,0.00017471,-0.00012586,-26.13793103,-7.96689655,n/a,-0.005906,-53.433908,0.015871,33.299403,0.240421,0.819714,-0.090579,-26.5414,-0.001801,-16.286657,0.004837,10.149656,0.07328,0.819709,-0.090584,-8.08981,
EOSS-303,KC0D-3,2020-11-01 08:43:04.136,2020-11-01 08:43:00,17567.0,5354.42,-1560.0,1517.0,descending,True,/154300h3947.69N/10306.35WO129/024/A=017567 -62T2200326P EOSS BALLOON,"KC0D-3>APZEOS,EOSS,WIDE2-1,qAO,N6BA-10:/154300h3947.69N/10306.35WO129/024/A=017567 -62T2200326P EOSS BALLOON",129.0,28.0,45.1,39.7948333333,-103.1058333333,59.35,95.52,,,,,,,,0.00016667,-0.00012222,-26.0,-7.925,n/a,0.004598,-53.230694,0.015786,33.258836,0.239517,0.818751,-0.046711,-26.507001,0.001397,-16.224718,0.004812,10.13729,0.073005,0.818731,-0.046778,-8.079324,
EOSS-303,KC0D-1,2020-11-01 08:43:16.750,2020-11-01 08:43:15,17276.0,5265.72,-1558.0,1532.0,descending,True,/154315h3947.59N/10306.18WO131/042!W67!/A=017276 -35T5414P EOSS BALLOON,"KC0D-1>APZEOS,EOSS,qAO,W9CN-9:/154315h3947.59N/10306.18WO131/042!W67!/A=017276 -35T5414P EOSS BALLOON",131.0,48.0,77.2,39.7932666667,-103.1031166667,59.53,95.81,25.7,-3.5,269.65,54140.0,0.53,0.00135717,0.6994558,0.00017611,-0.00012222,-25.96666667,-7.91466667,n/a,0.001111,-53.030223,0.015678,33.217798,0.238625,0.814731,-0.061046,-26.449085,0.000344,-16.163615,0.004779,10.124781,0.072733,0.814729,-0.060976,-8.06167,
EOSS-303,KC0D-3,2020-11-01 08:43:32.178,2020-11-01 08:43:30,16811.0,5123.99,-1512.0,1547.0,descending,True,/154330h3947.50N/10306.04WO112/046/A=016811 -42T2253455P EOSS BALLOON,"KC0D-3>APZEOS,EOSS,WIDE2-1,qAO,N6BA-10:/154330h3947.50N/10306.04WO112/046/A=016811 -42T2253455P EOSS BALLOON",112.0,53.0,85.3,39.7916666667,-103.1006666667,59.7,96.08,,,,,,,,0.00017222,-0.00010556,-25.2,-7.681,n/a,0.025556,-52.827083,0.01575,33.18075,0.237741,0.832624,0.041247,-26.320864,0.007789,-16.101698,0.004801,10.113489,0.072463,0.83262,0.041235,-8.022588,
EOSS-303,KC0D-1,2020-11-01 08:43:46.847,2020-11-01 08:43:45,16507.0,5031.33,-1538.0,1562.0,descending,True,/154345h3947.40N/10305.86WO118/043!W87!/A=016507 -34T5579P EOSS BALLOON,"KC0D-1>APZEOS,EOSS,qAO,W0ARP-2:/154345h3947.40N/10305.86WO118/043!W87!/A=016507 -34T5579P EOSS BALLOON",118.0,49.0,78.9,39.7901333333,-103.0977833333,59.88,96.38,25.88,-3.4,269.75,55790.0,0.55,0.00139801,0.72050559,0.00017778,-0.00010444,-25.63333333,-7.813,n/a,-0.014444,-52.630027,0.01553,33.140377,0.23688,0.814616,-0.126537,-26.21121,-0.0044,-16.041635,0.004734,10.101184,0.072201,0.814621,-0.126508,-7.989165,
EOSS-303,KC0D-3,2020-11-01 08:44:04.301,2020-11-01 08:44:00,16037.0,4888.08,-1548.0,1577.0,descending,True,/154400h3947.32N/10305.70WO100/041/A=016037 -26T2305320P EOSS BALLOON,"KC0D-3>APZEOS,EOSS,WIDE2-1,qAO,N6BA-10:/154400h3947.32N/10305.70WO100/041/A=016037 -26T2305320P EOSS BALLOON",100.0,47.0,75.6,39.7886666667,-103.095,60.06,96.66,,,,,,,,0.00018889,-0.0001,-25.8,-7.86366667,n/a,-0.005556,-52.437005,0.015377,33.098411,0.236021,0.804782,-0.088691,-25.998633,-0.001689,-15.982801,0.004687,10.088393,0.071939,0.8048,-0.088631,-7.924374,
EOSS-303,KC0D-1,2020-11-01 08:44:16.920,2020-11-01 08:44:15,15749.0,4800.3,-1516.0,1592.0,descending,True,/154415h3947.24N/10305.53WO124/032!W66!/A=015749 -30T5743P EOSS BALLOON,"KC0D-1>APZEOS,EOSS,qAO,W0ARP-2:/154415h3947.24N/10305.53WO124/032!W66!/A=015749 -30T5743P EOSS BALLOON",124.0,37.0,59.5,39.7874333333,-103.0922666667,60.23,96.93,26.6,-3.0,270.15,57430.0,0.57,0.00143698,0.74058736,0.00018389,-9e-05,-25.26666667,-7.701,n/a,0.017778,-52.242931,0.015394,33.058986,0.235164,0.816004,0.010138,-25.841666,0.005422,-15.923645,0.004692,10.076378,0.071678,0.816032,0.010184,-7.876533,
EOSS-303,K0SCC-14,2020-11-01 08:44:21.364,2020-11-01 08:44:18,15556.0,4741.47,-1543.4,1595.0,descending,True,/154418h3947.23N/10305.50WO128/026eEOSS.org Balloon/A=015556!W25!,"K0SCC-14>APTT4,EOSSD,EOSSD,qAO,W9CN-9:/154418h3947.23N/10305.50WO128/026eEOSS.org Balloon/A=015556!W25!",128.0,30.0,48.3,39.7872,-103.09175,60.26,96.98,,,,,,,,0.00017835,-0.00010441,-25.72413793,-7.84068966,n/a,-0.005258,-52.054854,0.015247,33.016325,0.234323,0.797506,-0.087507,-25.724998,-0.001606,-15.866319,0.004647,10.063375,0.071421,0.797509,-0.087551,-7.840971,
EOSS-303,KC0D-3,2020-11-01 08:44:32.309,2020-11-01 08:44:30,15279.0,4657.04,-1516.0,1607.0,descending,True,/154430h3947.14N/10305.39WO134/036/A=015279 -21T2359648P EOSS BALLOON,"KC0D-3>APZEOS,EOSS,WIDE2-1,qAO,N6BA-10:/154430h3947.14N/10305.39WO134/036/A=015279 -21T2359648P EOSS BALLOON",134.0,41.0,66.0,39.7856666667,-103.0898333333,60.4,97.21,,,,,,,,0.00017222,-0.0001,-25.26666667,-7.70133333,n/a,0.015249,-51.866205,0.015247,32.975752,0.233485,0.806639,9e-06,-25.541579,0.004645,-15.808819,0.004647,10.051009,0.071166,0.806634,-2.8e-05,-7.785065,
EOSS-303,KC0D-1,2020-11-01 08:44:46.770,2020-11-01 08:44:45,15024.0,4579.32,-1450.0,1622.0,descending,True,/154445h3947.03N/10305.24WO135/038!W44!/A=015024 -28T5906P EOSS BALLOON,"KC0D-1>APZEOS,EOSS,qAO,W9CN-9:/154445h3947.03N/10305.24WO135/038!W44!/A=015024 -28T5906P EOSS BALLOON",135.0,44.0,70.8,39.7839,-103.0874,60.58,97.49,26.96,-2.8,270.35,59060.0,0.58,0.00147667,0.76104356,0.00016222,-0.00011778,-24.16666667,-7.366,n/a,0.036667,-51.672502,0.015398,32.940977,0.232662,0.835004,0.091416,-25.356433,0.011178,-15.749779,0.004693,10.040409,0.070915,0.835004,0.091448,-7.728637,
EOSS-303,K0SCC-14,2020-11-01 08:44:56.215,2020-11-01 08:44:47,14864.0,4530.55,-1431.7,1624.0,descending,True,/154447h3947.02N/10305.22WO129/045eEOSS.org Balloon/A=014864!W01!,"K0SCC-14>APTT4,EOSSD,EOSSD,qAO,W9CN-9:/154447h3947.02N/10305.22WO129/045eEOSS.org Balloon/A=014864!W01!",129.0,52.0,83.7,39.7836666667,-103.0870166667,60.6,97.53,,,,,,,,0.00016322,-0.00012184,-23.86206897,-7.27310345,n/a,0.010503,-51.479374,0.015364,32.907306,0.231842,0.839245,-0.020967,-25.232552,0.003203,-15.690913,0.004683,10.030146,0.070665,0.839251,-0.020944,-7.690877,
EOSS-303,KC0D-3,2020-11-01 08:45:04.250,2020-11-01 08:45:00,14558.0,4437.28,-1442.0,1637.0,descending,True,/154500h3946.92N/10305.10WO136/034/A=014558 -6T2413592P EOSS BALLOON,"KC0D-3>APZEOS,EOSS,WIDE2-1,qAO,W9CN-9:/154500h3946.92N/10305.10WO136/034/A=014558 -6T2413592P EOSS BALLOON",136.0,39.0,62.8,39.782,-103.085,60.75,97.77,,,,,,,,0.00016111,-0.00012222,-24.03333333,-7.32533333,n/a,-0.005709,-51.290091,0.015217,32.87196,0.231036,0.82918,-0.090575,-24.979919,-0.001741,-15.633219,0.004638,10.019373,0.07042,0.829182,-0.090585,-7.613875,
EOSS-303,KC0D-1,2020-11-01 08:45:16.782,2020-11-01 08:45:15,14299.0,4358.34,-1450.0,1652.0,descending,True,/154515h3946.80N/10304.96WO131/042!W28!/A=014299 -24T6073P EOSS BALLOON,"KC0D-1>APZEOS,EOSS,qAO,W9CN-9:/154515h3946.80N/10304.96WO131/042!W28!/A=014299 -24T6073P EOSS BALLOON",131.0,48.0,77.2,39.7800333333,-103.0828,60.92,98.05,27.68,-2.4,270.75,60730.0,0.6,0.00151618,0.78140694,0.00015333,-0.00012889,-24.16666667,-7.366,n/a,-0.004444,-51.104314,0.015082,32.835232,0.230239,0.820389,-0.084808,-24.751126,-0.001356,-15.576594,0.004597,10.008179,0.070176,0.820388,-0.08483,-7.544143,
EOSS-303,K0SCC-14,2020-11-01 08:45:31.318,2020-11-01 08:45:16,14159.0,4315.66,-1458.6,1653.0,descending,True,/154516h3946.79N/10304.96WO136/040eEOSS.org Balloon/A=014159!W72!,"K0SCC-14>APTT4,EOSSD,EOSSD,qAO,W9CN-9:/154516h3946.79N/10304.96WO136/040eEOSS.org Balloon/A=014159!W72!",136.0,46.0,74.0,39.77995,-103.0827,60.93,98.06,,,,,,,,0.00014885,-0.00012816,-24.31034483,-7.41,n/a,-0.004954,-50.922042,0.014944,32.797129,0.229449,0.811403,-0.086721,-24.622263,-0.001517,-15.521039,0.004555,9.996564,0.069936,0.811383,-0.086822,-7.504859,
EOSS-303,KC0D-3,2020-11-01 08:45:32.288,2020-11-01 08:45:30,13832.0,4215.99,-1452.0,1667.0,descending,True,/154530h3946.70N/10304.78WO100/031/A=013832 2T2468058P EOSS BALLOON,"KC0D-3>APZEOS,EOSS,WIDE2-1,qAO,W9CN-9:/154530h3946.70N/10304.78WO100/031/A=013832 2T2468058P EOSS BALLOON",100.0,36.0,57.9,39.7783333333,-103.0796666667,61.13,98.37,,,,,,,,0.00017778,-0.00012222,-24.2,-7.37633333,n/a,0.003678,-50.741488,0.014868,32.759107,0.228664,0.810202,-0.048936,-24.308878,0.001122,-15.466007,0.004532,9.984973,0.069697,0.810185,-0.048926,-7.40934,
EOSS-303,K0SCC-14,2020-11-01 08:46:06.412,2020-11-01 08:45:45,13473.0,4106.57,-1419.3,1682.0,descending,True,/154545h3946.62N/10304.60WO140/037eEOSS.org Balloon/A=013473!W59!,"K0SCC-14>APTT4,EOSSD,EOSSD,qAO,W9CN-9:/154545h3946.62N/10304.60WO140/037eEOSS.org Balloon/A=013473!W59!",140.0,43.0,69.2,39.7770833333,-103.0768166667,61.3,98.65,,,,,,,,0.00020287,-9.885e-05,-23.65517241,-7.21,n/a,0.008442,-50.381969,0.014792,32.686135,0.227115,0.81768,-0.027959,-23.948724,0.002586,-15.356427,0.004509,9.962731,0.069224,0.81769,-0.027779,-7.29957,
EOSS-303,KC0D-1,2020-11-01 08:45:46.761,2020-11-01 08:45:45,13582.0,4139.79,-1434.0,1682.0,descending,True,/154545h3946.62N/10304.61WO128/030!W98!/A=013582 -21T6241P EOSS BALLOON,"KC0D-1>APZEOS,EOSS,qAO,W9CN-9:/154545h3946.62N/10304.61WO128/030!W98!/A=013582 -21T6241P EOSS BALLOON",128.0,35.0,56.3,39.77715,-103.0769666667,61.29,98.64,28.22,-2.1,271.05,62410.0,0.62,0.0015564,0.80213454,0.00019444,-9.611e-05,-23.9,-7.285,n/a,0.01,-50.561344,0.014835,32.722215,0.227885,0.814778,-0.021217,-24.059523,0.003044,-15.411101,0.004522,9.973727,0.069459,0.814751,-0.021279,-7.333338,
EOSS-303,KC0D-3,2020-11-01 08:46:04.303,2020-11-01 08:46:00,13125.0,4000.5,-1414.0,1697.0,descending,True,/154600h3946.55N/10304.45WO140/038/A=013125 14T2521281P EOSS BALLOON,"KC0D-3>APZEOS,EOSS,WIDE2-1,qAO,W9CN-9:/154600h3946.55N/10304.45WO140/038/A=013125 14T2521281P EOSS BALLOON",140.0,44.0,70.8,39.7758333333,-103.0741666667,61.47,98.92,,,,,,,,0.00018333,-8.333e-05,-23.56666667,-7.183,n/a,0.00295,-50.204385,0.014713,32.650006,0.226353,0.815856,-0.051968,-23.589221,0.0009,-15.302299,0.004485,9.951719,0.068992,0.815869,-0.051963,-7.189995,
EOSS-303,KC0D-1,2020-11-01 08:46:16.766,2020-11-01 08:46:15,12874.0,3924.0,-1416.0,1712.0,descending,True,/154615h3946.48N/10304.31WO127/037!W22!/A=012874 -16T6412P EOSS BALLOON,"KC0D-1>APZEOS,EOSS,qAO,W9CN-9:/154615h3946.48N/10304.31WO127/037!W22!/A=012874 -16T6412P EOSS BALLOON",127.0,43.0,69.2,39.7747,-103.0718666667,61.61,99.15,29.12,-1.6,271.55,64120.0,0.63,0.0015961,0.82259517,0.00017,-8.167e-05,-23.6,-7.193,n/a,-0.001111,-50.029356,0.014608,32.613182,0.225601,0.810389,-0.069676,-23.327296,-0.000333,-15.248948,0.004453,9.940497,0.068763,0.810417,-0.069601,-7.110167,
EOSS-303,KC0D-3,2020-11-01 08:46:32.030,2020-11-01 08:46:30,12426.0,3787.44,-1398.0,1727.0,descending,True,/154630h3946.40N/10304.20WO105/024/A=012426 19T2575745P EOSS BALLOON,"KC0D-3>APZEOS,EOSS,WIDE2-1,qAO,W9CN-9:/154630h3946.40N/10304.20WO105/024/A=012426 19T2575745P EOSS BALLOON",105.0,28.0,45.1,39.7733333333,-103.07,61.74,99.37,,,,,,,,0.00013889,-8.333e-05,-23.3,-7.102,n/a,0.01,-49.854654,0.014578,32.577474,0.224853,0.815123,-0.02036,-22.86391,0.003033,-15.1957,0.004443,9.929612,0.068535,0.815107,-0.020573,-6.968919,
EOSS-303,K0SCC-14,2020-11-01 08:46:46.448,2020-11-01 08:46:43,12101.0,3688.38,-1419.3,1740.0,descending,True,/154643h3946.33N/10304.08WO146/026eEOSS.org Balloon/A=012101!W22!,"K0SCC-14>APTT4,EOSSD,EOSSD,qAO,W9CN-9:/154643h3946.33N/10304.08WO146/026eEOSS.org Balloon/A=012101!W22!",146.0,30.0,48.3,39.7722,-103.0680333333,61.87,99.58,,,,,,,,0.00015144,-8.42e-05,-23.65517241,-7.21017241,n/a,-0.006124,-49.684528,0.014443,32.539399,0.224119,0.799934,-0.091768,-22.53931,-0.001865,-15.143846,0.004402,9.918007,0.068311,0.799926,-0.091742,-6.869982,
EOSS-303,KC0D-1,2020-11-01 08:46:46.774,2020-11-01 08:46:45,12167.0,3708.5,-1414.0,1742.0,descending,True,/154645h3946.31N/10304.05WO134/038!W95!/A=012167 -13T6586P EOSS BALLOON,"KC0D-1>APZEOS,EOSS,qAO,W9CN-9:/154645h3946.31N/10304.05WO134/038!W95!/A=012167 -13T6586P EOSS BALLOON",134.0,44.0,70.8,39.7719833333,-103.0675833333,61.9,99.62,29.66,-1.3,271.85,65860.0,0.65,0.0016376,0.84398521,0.00014278,-9.056e-05,-23.56666667,-7.18333333,n/a,0.00295,-49.516025,0.014368,32.501354,0.223387,0.798409,-0.051113,-22.604034,0.000895,-15.092488,0.004379,9.906409,0.068088,0.798388,-0.051169,-6.889713,
EOSS-303,KC0D-3,2020-11-01 08:47:03.884,2020-11-01 08:47:00,11719.0,3571.95,-1414.0,1757.0,descending,True,/154700h3946.21N/10303.95WO131/021/A=011719 31T2631115P EOSS BALLOON,"KC0D-3>APZEOS,EOSS,WIDE2-1,qAO,W9CN-9:/154700h3946.21N/10303.95WO131/021/A=011719 31T2631115P EOSS BALLOON",131.0,24.0,38.6,39.7701666667,-103.0658333333,62.05,99.85,,,,,,,,0.00013889,-0.00010556,-23.56666667,-7.183,n/a,0.0,-49.349683,0.014275,32.462893,0.222664,0.79423,-0.06411,-22.180927,1.1e-05,-15.041786,0.004351,9.894687,0.067868,0.794243,-0.063948,-6.760752,
EOSS-303,K0SCC-14,2020-11-01 08:47:21.225,2020-11-01 08:47:12,11452.0,3490.57,-1342.8,1769.0,descending,True,/154712h3946.15N/10303.85WO129/032eEOSS.org Balloon/A=011452!W01!,"K0SCC-14>APTT4,EOSSD,EOSSD,qAO,W9CN-9:/154712h3946.15N/10303.85WO129/032eEOSS.org Balloon/A=011452!W01!",129.0,37.0,59.5,39.7691666667,-103.0641833333,62.16,100.03,,,,,,,,0.00013276,-0.0001046,-22.37931034,-6.82103448,n/a,0.040943,-49.177897,0.014446,32.430189,0.221954,0.826347,0.119381,-21.951314,0.012482,-14.989424,0.004403,9.88472,0.067651,0.826365,0.119422,-6.690768,
EOSS-303,KC0D-1,2020-11-01 08:47:16.759,2020-11-01 08:47:15,11491.0,3502.46,-1352.0,1772.0,descending,True,/154715h3946.12N/10303.81WO138/041!W67!/A=011491 -8T6757P EOSS BALLOON,"KC0D-1>APZEOS,EOSS,qAO,W9CN-9:/154715h3946.12N/10303.81WO138/041!W67!/A=011491 -8T6757P EOSS BALLOON",138.0,47.0,75.6,39.7687666667,-103.0636166667,62.2,100.1,30.56,-0.8,272.35,67570.0,0.67,0.00167704,0.86430891,0.00013222,-0.00010722,-22.53333333,-6.868,n/a,-0.005134,-49.009261,0.014322,32.396166,0.221247,0.817255,-0.087938,-21.983586,-0.001566,-14.938023,0.004365,9.87435,0.067436,0.817271,-0.08795,-6.700607,
EOSS-303,KC0D-3,2020-11-01 08:47:31.933,2020-11-01 08:47:30,11048.0,3367.43,-1342.0,1787.0,descending,True,/154730h3945.98N/10303.69WO154/038/A=011048 34T2684475P EOSS BALLOON,"KC0D-3>APZEOS,EOSS,WIDE2-1,qAO,W9CN-9:/154730h3945.98N/10303.69WO154/038/A=011048 34T2684475P EOSS BALLOON",154.0,44.0,70.8,39.7663333333,-103.0615,62.38,100.39,,,,,,,,0.00014444,-0.00012778,-22.36666667,-6.81733333,n/a,0.005556,-48.841697,0.014266,32.362531,0.220543,0.818077,-0.039493,-21.646769,0.001689,-14.88695,0.004348,9.864099,0.067221,0.818079,-0.039556,-6.597942,
EOSS-303,K0SCC-14,2020-11-01 08:47:56.204,2020-11-01 08:47:41,10795.0,3290.32,-1359.3,1798.0,descending,True,/154741h3945.89N/10303.63WO148/025eEOSS.org Balloon/A=010795!W76!,"K0SCC-14>APTT4,EOSSD,EOSSD,qAO,W9CN-9:/154741h3945.89N/10303.63WO148/025eEOSS.org Balloon/A=010795!W76!",148.0,29.0,46.7,39.76495,-103.0606,62.47,100.53,,,,,,,,0.00012356,-0.0001454,-22.65517241,-6.90517241,n/a,-0.009948,-48.678032,0.014114,32.326958,0.219852,0.804989,-0.109446,-21.487653,-0.003029,-14.837063,0.004302,9.853257,0.067011,0.805002,-0.1094,-6.549446,
EOSS-303,KC0D-1,2020-11-01 08:47:46.772,2020-11-01 08:47:45,10818.0,3297.33,-1346.0,1802.0,descending,True,/154745h3945.87N/10303.61WO135/028!W84!/A=010818 -5T6931P EOSS BALLOON,"KC0D-1>APZEOS,EOSS,qAO,W9CN-9:/154745h3945.87N/10303.61WO135/028!W84!/A=010818 -5T6931P EOSS BALLOON",135.0,32.0,51.5,39.7646333333,-103.0602333333,62.5,100.58,31.1,-0.5,272.65,69310.0,0.68,0.00171833,0.88559029,0.00011278,-0.00013778,-22.43333333,-6.83766667,n/a,0.007395,-48.515021,0.014072,32.292088,0.21916,0.80768,-0.030466,-21.501002,0.00225,-14.787378,0.004289,9.842628,0.0668,0.807682,-0.030524,-6.553514,
EOSS-303,KC0D-3,2020-11-01 08:48:04.061,2020-11-01 08:48:00,10372.0,3161.39,-1352.0,1817.0,descending,True,/154800h3945.76N/10303.47WO148/039/A=010372 47T2742398P EOSS BALLOON,"KC0D-3>APZEOS,EOSS,WIDE2-1,qAO,N6BA-10:/154800h3945.76N/10303.47WO148/039/A=010372 47T2742398P EOSS BALLOON",148.0,45.0,72.4,39.7626666667,-103.0578333333,62.68,100.87,,,,,,,,0.00012222,-0.00012222,-22.53333333,-6.868,n/a,-0.003333,-48.35464,0.013964,32.256302,0.218479,0.800504,-0.07917,-21.285709,-0.001011,-14.738493,0.004256,9.831722,0.066592,0.80052,-0.079094,-6.487891,
EOSS-303,K0SCC-14,2020-11-01 08:48:30.484,2020-11-01 08:48:10,10133.0,3088.54,-1369.7,1827.0,descending,True,/154810h3945.68N/10303.41WO152/033eEOSS.org Balloon/A=010133!W52!,"K0SCC-14>APTT4,EOSSD,EOSSD,qAO,W9CN-9:/154810h3945.68N/10303.41WO152/033eEOSS.org Balloon/A=010133!W52!",152.0,38.0,61.2,39.7614166667,-103.0568666667,62.76,101.01,,,,,,,,0.00012874,-0.00012184,-22.82758621,-6.95793103,n/a,-0.010147,-48.198033,0.013815,32.218692,0.217807,0.787445,-0.110015,-21.210909,-0.003101,-14.690759,0.004211,9.820258,0.066387,0.787436,-0.110142,-6.46509,
EOSS-303,KC0D-1,2020-11-01 08:48:16.771,2020-11-01 08:48:15,10134.0,3088.84,-1368.0,1832.0,descending,True,/154815h3945.65N/10303.39WO146/025!W14!/A=010134 0T7111P EOSS BALLOON,"KC0D-1>APZEOS,EOSS,qAO,W9CN-9:/154815h3945.65N/10303.39WO146/025!W14!/A=010134 0T7111P EOSS BALLOON",146.0,29.0,46.7,39.76085,-103.0565666667,62.8,101.06,32.0,0.0,273.15,71110.0,0.7,0.00175973,0.90692615,0.00012222,-0.00012611,-22.8,-6.94966667,n/a,0.00092,-48.043167,0.013736,32.18088,0.217136,0.784415,-0.059023,-21.21116,0.000275,-14.643557,0.004187,9.808731,0.066183,0.784392,-0.059109,-6.465165,
EOSS-303,KC0D-3,2020-11-01 08:48:31.955,2020-11-01 08:48:30,9688.0,2952.9,-1368.0,1847.0,descending,True,/154830h3945.57N/10303.27WO125/029/A=009688 65T2799577P EOSS BALLOON,"KC0D-3>APZEOS,EOSS,WIDE2-1,qAO,W9CN-9:/154830h3945.57N/10303.27WO125/029/A=009688 65T2799577P EOSS BALLOON",125.0,33.0,53.1,39.7595,-103.0545,62.94,101.29,,,,,,,,0.00011111,-0.00010556,-22.8,-6.94966667,n/a,0.0,-47.890178,0.013652,32.142748,0.216472,0.780586,-0.063066,-21.153573,0.0,-14.596928,0.004161,9.797108,0.06598,0.780563,-0.063065,-6.447611,
EOSS-303,K0SCC-14,2020-11-01 08:49:04.483,2020-11-01 08:48:39,9463.0,2884.32,-1386.2,1856.0,descending,True,/154839h3945.51N/10303.20WO137/037eEOSS.org Balloon/A=009463!W92!,"K0SCC-14>APTT4,EOSSD,EOSSD,qAO,W9CN-9:/154839h3945.51N/10303.20WO137/037eEOSS.org Balloon/A=009463!W92!",137.0,43.0,69.2,39.75865,-103.0533666667,63.02,101.42,,,,,,,,0.00012069,-9.54e-05,-23.10344828,-7.04206897,n/a,-0.010464,-47.74086,0.013506,32.102894,0.215819,0.767451,-0.111065,-21.166318,-0.003186,-14.551417,0.004117,9.78496,0.065781,0.767438,-0.11102,-6.451494,
EOSS-303,KC0D-1,2020-11-01 08:48:46.789,2020-11-01 08:48:45,9450.0,2880.36,-1368.0,1862.0,descending,True,/154845h3945.48N/10303.18WO134/016!W71!/A=009450 4T7293P EOSS BALLOON,"KC0D-1>APZEOS,EOSS,qAO,W9CN-9:/154845h3945.48N/10303.18WO134/016!W71!/A=009450 4T7293P EOSS BALLOON",134.0,18.0,29.0,39.7581166667,-103.0530166667,63.06,101.48,32.72,0.4,273.55,72930.0,0.72,0.00180213,0.92877805,0.00011833,-9.111e-05,-22.8,-6.94933333,n/a,0.010115,-47.591514,0.013485,32.064189,0.215164,0.773184,-0.015662,-21.16791,0.003091,-14.505895,0.00411,9.773163,0.065582,0.773195,-0.015538,-6.451979,
EOSS-303,KC0D-3,2020-11-01 08:49:04.031,2020-11-01 08:49:00,9037.0,2754.48,-1302.0,1877.0,descending,True,/154900h3945.44N/10303.09WO125/026/A=009037 76T2852555P EOSS BALLOON,"KC0D-3>APZEOS,EOSS,WIDE2-1,qAO,W9CN-9:/154900h3945.44N/10303.09WO125/026/A=009037 76T2852555P EOSS BALLOON",125.0,30.0,48.3,39.7573333333,-103.0515,63.15,101.64,,,,,,,,0.0001,-7.222e-05,-21.7,-6.614,n/a,0.036667,-47.437397,0.013624,32.030394,0.214523,0.80353,0.107415,-21.265543,0.011178,-14.45892,0.004153,9.762863,0.065386,0.803547,0.107439,-6.481733,
EOSS-303,K0SCC-14,2020-11-01 08:49:10.271,2020-11-01 08:49:08,8863.0,2701.44,-1241.4,1885.0,descending,True,/154908h3945.40N/10303.04WO146/022eEOSS.org Balloon/A=008863!W13!,"K0SCC-14>APTT4,EOSSD,EOSSD,qAO,W9CN-9:/154908h3945.40N/10303.04WO146/022eEOSS.org Balloon/A=008863!W13!",146.0,25.0,40.2,39.7566833333,-103.0507166667,63.21,101.73,,,,,,,,9.138e-05,-6.782e-05,-20.68965517,-6.3062069,n/a,0.034839,-47.279127,0.01375,32.001136,0.213886,0.830891,0.098599,-21.332427,0.010614,-14.410679,0.004191,9.753945,0.065192,0.830892,0.098524,-6.50212,
EOSS-303,KC0D-1,2020-11-01 08:49:16.876,2020-11-01 08:49:15,8844.0,2695.65,-1212.0,1892.0,descending,True,/154915h3945.36N/10303.02WO154/015!W87!/A=008844 10T7460P EOSS BALLOON,"KC0D-1>APZEOS,EOSS,qAO,W0ARP-2:/154915h3945.36N/10303.02WO154/015!W87!/A=008844 10T7460P EOSS BALLOON",154.0,17.0,27.4,39.7561333333,-103.05045,63.24,101.78,33.8,1.0,274.15,74600.0,0.74,0.00183936,0.94796658,8.556e-05,-6.611e-05,-20.2,-6.157,n/a,0.016322,-47.119838,0.013766,31.973841,0.213248,0.841933,0.011986,-21.340576,0.004974,-14.362128,0.004196,9.745626,0.064998,0.841929,0.01197,-6.504603,
EOSS-303,KC0D-3,2020-11-01 08:49:32.021,2020-11-01 08:49:30,8431.0,2569.77,-1212.0,1907.0,descending,True,/154930h3945.33N/10303.00WO140/007/A=008431 90T2907340P EOSS BALLOON,"KC0D-3>APZEOS,EOSS,WIDE2-1,qAO,W9CN-9:/154930h3945.33N/10303.00WO140/007/A=008431 90T2907340P EOSS BALLOON",140.0,8.0,12.9,39.7555,-103.05,63.29,101.85,,,,,,,,5e-05,-6.111e-05,-20.2,-6.157,n/a,0.0,-46.962412,0.013685,31.94606,0.212619,0.837737,-0.064364,-21.552932,0.0,-14.314144,0.004171,9.737157,0.064806,0.837734,-0.064361,-6.569324,
EOSS-303,K0SCC-14,2020-11-01 08:49:44.267,2020-11-01 08:49:37,8265.0,2519.17,-1237.2,1914.0,descending,True,/154937h3945.33N/10302.98WO087/007eEOSS.org Balloon/A=008265!W04!,"K0SCC-14>APTT4,EOSSD,EOSSD,qAO,W9CN-9:/154937h3945.33N/10302.98WO087/007eEOSS.org Balloon/A=008265!W04!",87.0,8.0,12.9,39.7555,-103.0497333333,63.3,101.87,,,,,,,,3.391e-05,-4.08e-05,-20.62068966,-6.28517241,n/a,-0.014507,-46.809262,0.01352,31.915777,0.212004,0.820553,-0.1322,-21.65318,-0.00442,-14.267464,0.004121,9.727927,0.064619,0.820554,-0.132175,-6.59988,
EOSS-303,KC0D-1,2020-11-01 08:49:46.749,2020-11-01 08:49:45,8219.0,2505.15,-1250.0,1922.0,descending,True,/154945h3945.33N/10302.94WO093/015!W39!/A=008219 14T7635P EOSS BALLOON,"KC0D-1>APZEOS,EOSS,qAO,W9CN-9:/154945h3945.33N/10302.94WO093/015!W39!/A=008219 14T7635P EOSS BALLOON",93.0,17.0,27.4,39.75555,-103.04915,63.32,101.91,34.52,1.4,274.55,76350.0,0.75,0.00187976,0.96879088,4.333e-05,-1.944e-05,-20.83333333,-6.35,n/a,-0.007088,-46.659112,0.0134,31.884086,0.211389,0.80999,-0.096921,-21.681945,-0.002161,-14.221699,0.004084,9.718268,0.064431,0.80999,-0.096925,-6.608647,
EOSS-303,KC0D-3,2020-11-01 08:50:04.109,2020-11-01 08:50:00,7817.0,2382.62,-1228.0,1937.0,descending,True,/155000h3945.31N/10302.87WO108/016/A=007817 100T2961721P EOSS BALLOON,"KC0D-3>APZEOS,EOSS,WIDE2-1,qAO,W9CN-9:/155000h3945.31N/10302.87WO108/016/A=007817 100T2961721P EOSS BALLOON",108.0,18.0,29.0,39.7551666667,-103.0478333333,63.4,102.03,,,,,,,,7.222e-05,-1.111e-05,-20.46666667,-6.23833333,n/a,0.012222,-46.508581,0.013393,31.853751,0.210773,0.817546,-0.005556,-21.938966,0.003722,-14.175817,0.004082,9.709021,0.064244,0.817537,-0.005604,-6.686984,
EOSS-303,K0SCC-14,2020-11-01 08:50:18.210,2020-11-01 08:50:06,7658.0,2334.16,-1255.9,1943.0,descending,True,/155006h3945.29N/10302.84WO144/011eEOSS.org Balloon/A=007658!W55!,"K0SCC-14>APTT4,EOSSD,EOSSD,qAO,W9CN-9:/155006h3945.29N/10302.84WO144/011eEOSS.org Balloon/A=007658!W55!",144.0,13.0,20.9,39.7549166667,-103.0474166667,63.43,102.07,,,,,,,,7.989e-05,-2.011e-05,-20.93103448,-6.37965517,n/a,-0.016013,-46.362424,0.013224,31.82088,0.210175,0.799204,-0.139108,-22.036,-0.004873,-14.131268,0.004031,9.699003,0.064061,0.799217,-0.138993,-6.716558,
EOSS-303,KC0D-1,2020-11-01 08:50:16.802,2020-11-01 08:50:15,7588.0,2312.82,-1262.0,1952.0,descending,True,/155015h3945.29N/10302.83WO036/011!W56!/A=007588 20T7815P EOSS BALLOON,"KC0D-1>APZEOS,EOSS,qAO,W9CN-9:/155015h3945.29N/10302.83WO036/011!W56!/A=007588 20T7815P EOSS BALLOON",36.0,13.0,20.9,39.7549166667,-103.0472666667,63.43,102.09,35.6,2.0,275.15,78150.0,0.77,0.00191989,0.98946837,6.278e-05,-2.111e-05,-21.03333333,-6.411,n/a,-0.00341,-46.218508,0.013129,31.787223,0.209574,0.792305,-0.078917,-22.076275,-0.001045,-14.087403,0.004002,9.688744,0.063878,0.792301,-0.07901,-6.728836,
EOSS-303,KC0D-3,2020-11-01 08:50:32.301,2020-11-01 08:50:30,7177.0,2187.55,-1280.0,1967.0,descending,True,/155030h3945.31N/10302.75WO095/017/A=007177 84T3017477P EOSS BALLOON,"KC0D-3>APZEOS,EOSS,WIDE2-1,qAO,W9CN-9:/155030h3945.31N/10302.75WO095/017/A=007177 84T3017477P EOSS BALLOON",95.0,20.0,32.2,39.7551666667,-103.0458333333,63.49,102.18,,,,,,,,6.667e-05,0.0,-21.33333333,-6.50233333,n/a,-0.01,-46.077914,0.012998,31.751932,0.208982,0.779309,-0.110048,-22.257552,-0.003044,-14.044549,0.003962,9.677988,0.063697,0.779316,-0.109989,-6.784088,
EOSS-303,K0SCC-14,2020-11-01 08:50:52.391,2020-11-01 08:50:35,7068.0,2154.33,-1220.7,1972.0,descending,True,/155035h3945.30N/10302.72WO099/017eEOSS.org Balloon/A=007068!W94!,"K0SCC-14>APTT4,EOSSD,EOSSD,qAO,W9CN-9:/155035h3945.30N/10302.72WO099/017eEOSS.org Balloon/A=007068!W94!",99.0,20.0,32.2,39.75515,-103.0454,63.51,102.21,,,,,,,,6.954e-05,8.05e-06,-20.34482759,-6.20103448,n/a,0.034086,-45.933346,0.013117,31.720804,0.208393,0.806679,0.100622,-22.282137,0.01039,-14.000484,0.003998,9.6685,0.063518,0.806687,0.100633,-6.791582,
EOSS-303,KC0D-1,2020-11-01 08:50:46.780,2020-11-01 08:50:45,6967.0,2123.54,-1242.0,1982.0,descending,True,/155045h3945.30N/10302.69WO030/011!W94!/A=006967 24T7994P EOSS BALLOON,"KC0D-1>APZEOS,EOSS,qAO,W9CN-9:/155045h3945.30N/10302.69WO030/011!W94!/A=006967 24T7994P EOSS BALLOON",30.0,13.0,20.9,39.75515,-103.0449,63.53,102.24,36.32,2.4,275.55,79940.0,0.79,0.00196101,1.01066256,7.889e-05,7.78e-06,-20.7,-6.30933333,n/a,-0.011839,-45.792378,0.012977,31.687752,0.207812,0.791864,-0.119416,-22.292698,-0.00361,-13.957517,0.003955,9.658426,0.063341,0.791866,-0.119433,-6.794803,
EOSS-303,K0SCC-14,2020-11-01 08:51:25.497,2020-11-01 08:51:04,6500.0,1981.2,-1175.2,2001.0,descending,True,/155104h3945.40N/10302.60WO036/021eEOSS.org Balloon/A=006500!W24!,"K0SCC-14>APTT4,EOSSD,EOSSD,qAO,W9CN-9:/155104h3945.40N/10302.60WO036/021eEOSS.org Balloon/A=006500!W24!",36.0,24.0,38.6,39.7567,-103.0434,63.55,102.27,,,,,,,,6.897e-05,5.345e-05,-19.5862069,-5.97,n/a,0.038407,-45.646788,0.013119,31.659428,0.207236,0.823154,0.122025,-22.132097,0.011701,-13.913142,0.003999,9.649793,0.063165,0.823141,0.121935,-6.745861,
EOSS-303,KC0D-1,2020-11-01 08:51:16.796,2020-11-01 08:51:15,6412.0,1954.38,-1110.0,2012.0,descending,True,/155115h3945.46N/10302.51WO052/030!W37!/A=006412 31T8161P EOSS BALLOON,"KC0D-1>APZEOS,EOSS,qAO,W9CN-9:/155115h3945.46N/10302.51WO052/030!W37!/A=006412 31T8161P EOSS BALLOON",52.0,35.0,56.3,39.7577166667,-103.04195,63.58,102.31,37.58,3.1,276.25,81610.0,0.81,0.0019969,1.02916152,9.833e-05,8.556e-05,-18.5,-5.63866667,n/a,0.036207,-45.496806,0.013247,31.635779,0.206664,0.853363,0.111098,-22.051798,0.011044,-13.867427,0.004038,9.642585,0.062991,0.853377,0.111222,-6.721391,
EOSS-303,KC0D-3,2020-11-01 08:51:32.210,2020-11-01 08:51:30,5968.0,1819.05,-1209.0,2027.0,descending,True,/155130h3945.51N/10302.41WO033/018/A=005968 98T3127164P EOSS BALLOON,"KC0D-3>APZEOS,EOSS,WIDE2-1,qAO,W9CN-9:/155130h3945.51N/10302.41WO033/018/A=005968 98T3127164P EOSS BALLOON",33.0,21.0,33.8,39.7585,-103.0401666667,63.63,102.4,,,,,,,,9.444e-05,5.556e-05,-20.15,-6.14166667,n/a,-0.0275,-45.357538,0.013022,31.604163,0.206111,0.797602,-0.196603,-21.30392,-0.008383,-13.824977,0.003969,9.632948,0.062822,0.797607,-0.196619,-6.493464,
EOSS-303,KC0D-1,2020-11-01 08:51:46.780,2020-11-01 08:51:45,5735.0,1748.03,-1354.0,2042.0,descending,True,/155145h3945.60N/10302.36WO016/032!W74!/A=005735 35T8365P EOSS BALLOON,"KC0D-1>APZEOS,EOSS,qAO,W9CN-9:/155145h3945.60N/10302.36WO016/032!W74!/A=005735 35T8365P EOSS BALLOON",16.0,37.0,59.5,39.7601166667,-103.0394,63.61,102.36,38.3,3.5,276.65,83650.0,0.83,0.00204386,1.05336218,8.5e-05,8e-05,-22.56666667,-6.87833333,n/a,-0.080556,-45.232997,0.012508,31.562215,0.205658,0.718148,-0.452518,-20.620616,-0.024556,-13.787018,0.003812,9.620163,0.062684,0.718146,-0.452556,-6.285206,
EOSS-303,KC0D-3,2020-11-01 08:52:04.266,2020-11-01 08:52:00,5253.0,1601.11,-1430.0,2057.0,descending,True,/155200h3945.74N/10302.29WO032/036/A=005253 87T3197539P EOSS BALLOON,"KC0D-3>APZEOS,EOSS,WIDE2-1,qAO,W9CN-9:/155200h3945.74N/10302.29WO032/036/A=005253 87T3197539P EOSS BALLOON",32.0,41.0,66.0,39.7623333333,-103.0381666667,63.58,102.33,,,,,,,,6.667e-05,0.00012778,-23.83333333,-7.26466667,n/a,-0.042222,-45.116695,0.012209,31.515373,0.205132,0.675333,-0.265346,-18.326203,-0.012878,-13.75157,0.003721,9.605884,0.062524,0.675305,-0.265482,-5.585882,
EOSS-303,K0SCC-14,2020-11-01 08:52:06.063,2020-11-01 08:52:02,5198.0,1584.35,-1346.9,2059.0,descending,True,/155202h3945.75N/10302.28WO033/036eEOSS.org Balloon/A=005198!W83!,"K0SCC-14>APTT4,EOSSD,EOSSD,qAO,W9CN-9:/155202h3945.75N/10302.28WO033/036eEOSS.org Balloon/A=005198!W83!",33.0,41.0,66.0,39.7626333333,-103.03805,63.58,102.32,,,,,,,,9.224e-05,0.0001023,-22.44827586,-6.84224138,n/a,0.02388,-44.994163,0.012272,31.473773,0.204573,0.716339,0.056743,-17.972435,0.007283,-13.714222,0.003741,9.593205,0.062354,0.716338,0.056805,-5.478085,
EOSS-303,KC0D-1,2020-11-01 08:52:16.787,2020-11-01 08:52:15,5028.0,1532.53,-1414.0,2072.0,descending,True,/155215h3945.83N/10302.20WO038/018!W42!/A=005028 42T8586P EOSS BALLOON,"KC0D-1>APZEOS,EOSS,qAO,W9CN-9:/155215h3945.83N/10302.20WO038/018!W42!/A=005028 42T8586P EOSS BALLOON",38.0,21.0,33.8,39.7639,-103.0367,63.6,102.35,39.56,4.2,277.35,85860.0,0.85,0.00209256,1.07846278,9e-05,0.00012611,-23.56666667,-7.18333333,n/a,-0.03728,-44.878961,0.012004,31.42789,0.204049,0.678133,-0.24153,-16.737742,-0.01137,-13.67911,0.003659,9.579219,0.062194,0.678111,-0.241647,-5.101742,
EOSS-303,KC0D-1,2020-11-01 08:54:30.489,2020-11-01 08:54:15,4601.0,1402.38,-213.5,2192.0,descending,True,/155415h3945.91N/10302.15WO117/000!W56!/A=004601 70T8721P EOSS BALLOON,"KC0D-1>APZEOS,EOSS,qAO,N6BA-9:/155415h3945.91N/10302.15WO117/000!W56!/A=004601 70T8721P EOSS BALLOON",117.0,0.0,0.0,39.76525,-103.0359333333,63.59,102.33,44.6,7.0,280.15,87210.0,0.86,0.00210422,1.08447141,6.39e-06,1.125e-05,-3.55833333,-1.08458333,n/a,0.166736,-44.657995,0.012836,31.488608,0.203812,1.305223,0.755108,-12.538153,0.050823,-13.61176,0.003912,9.597726,0.062122,1.305223,0.755143,-3.821762,
