flightid,callsign,receivetime,packettime,altitude_ft,altitude_m,vert_rate_ftmin,elapsed_secs,flight_phase,info,raw,bearing,speed_mph,speed_kph,latitude,longitude,distance_from_launch_mi,distance_from_launch_km,temperature_f,temperature_c,temperature_k,pressure_pa,pressure_atm,airdensity_slugs,airdensity_kgm3,velocity_x_degs,velocity_y_degs,velocity_z_fts,velocity_z_ms,airflow,acceleration_fts2,velocity_mean_fts,acceleration_mean_fts2,velocity_std_fts,acceleration_std_fts2,velocity_norm_fts,acceleration_norm_fts2,velocity_curvefit_fts,acceleration_ms2,velocity_mean_ms,acceleration_mean_ms2,velocity_std_ms,acceleration_std_ms2,velocity_norm_ms,acceleration_norm_ms2,velocity_curvefit_ms,reynolds_transition
EOSS-316,KC0D-14,2021-10-10 07:40:31.870,2021-10-10 07:40:30,5213.0,1588.92,-22.0,0.0,ascending,/134030h3936.50N/10402.53WO172/000/A=005213 157T8400P EOSS BALLOON,"KC0D-14>APZEOS,EOSS,WIDE2-1,qAO,N2XGL-12:/134030h3936.50N/10402.53WO172/000/A=005213 157T8400P EOSS BALLOON",172.0,0.0,0.0,39.6083333333,-104.0421666667,0.0,0.0,60.26,15.7,288.85,84000.0,0.83,0.00196573,1.01309311,0.0,0.0,-0.36666667,-0.112,high Re,,-0.366667,,,,,,6.384213,,-0.112,,,,,,1.945831,
EOSS-316,AE0SS-13,2021-10-10 07:40:42.561,2021-10-10 07:40:41,5312.0,1619.1,190.0,11.0,ascending,/134041h3936.49N/10402.52WO003/013EOSS Baloon/A=005312!W46!,"AE0SS-13>APTT4,EOSS,qAO,N2XGL-12:/134041h3936.49N/10402.52WO003/013EOSS Baloon/A=005312!W46!",3.0,15.0,24.1,39.6082333333,-104.0421,0.01,0.01,,,,,,,,0.0,-2.78e-06,3.16666667,0.96533333,high Re,0.117778,1.4,0.117778,2.498444,,0.707107,,7.516411,0.035911,0.426667,0.035911,0.76179,,0.707106,,2.290984,
EOSS-316,KC0D-14,2021-10-10 07:41:01.839,2021-10-10 07:41:00,5744.0,1750.77,1062.0,30.0,ascending,/134100h3936.46N/10402.48WO149/008/A=005744 158T8233P EOSS BALLOON,"KC0D-14>APZEOS,EOSS,WIDE2-1,qAO,N6BA-10:/134100h3936.46N/10402.48WO149/008/A=005744 158T8233P EOSS BALLOON",149.0,9.0,14.5,39.6076666667,-104.0413333333,0.06,0.1,60.44,15.8,288.95,82330.0,0.81,0.00192598,0.99260822,2.778e-05,-2.222e-05,17.7,5.395,high Re,0.484444,6.833333,0.301111,9.575199,0.259272,1.134876,0.707107,11.74074,0.147656,2.082778,0.091784,2.918608,0.079016,1.134864,0.707097,3.578537,
EOSS-316,AE0SS-13,2021-10-10 07:41:12.131,2021-10-10 07:41:11,5906.0,1800.15,1188.0,41.0,ascending,/134111h3936.41N/10402.46WO165/010EOSS Baloon/A=005906!W96!,"AE0SS-13>APTT4,EOSS,qAO,W0ARP-1:/134111h3936.41N/10402.46WO165/010EOSS Baloon/A=005906!W96!",165.0,12.0,19.3,39.6069833333,-104.0411,0.11,0.18,,,,,,,,3.333e-05,-4.167e-05,19.8,6.035,high Re,0.07,10.075,0.224074,10.156602,0.226749,0.957505,-0.679491,13.053474,0.021333,3.070833,0.0683,3.095782,0.06911,0.957486,-0.679598,3.978683,
EOSS-316,KC0D-14,2021-10-10 07:41:31.684,2021-10-10 07:41:30,6334.0,1930.6,1180.0,60.0,ascending,/134130h3936.32N/10402.48WO187/021/A=006334 158T8061P EOSS BALLOON,"KC0D-14>APZEOS,EOSS,WIDE2-1,qAO,N6BA-10:/134130h3936.32N/10402.48WO187/021/A=006334 158T8061P EOSS BALLOON",187.0,24.0,38.6,39.6053333333,-104.0413333333,0.21,0.34,60.44,15.8,288.95,80610.0,0.8,0.00188574,0.97187111,0.0,-7.778e-05,19.66666667,5.99433333,high Re,-0.004444,11.993333,0.166944,9.786084,0.217559,0.784107,-0.787777,15.911846,-0.001356,3.655533,0.050886,2.982829,0.066311,0.784088,-0.787833,4.849897,
EOSS-316,AE0SS-13,2021-10-10 07:41:42.318,2021-10-10 07:41:41,6500.0,1981.2,1188.0,71.0,ascending,/134141h3936.24N/10402.48WO186/027EOSS Baloon/A=006500!W61!,"AE0SS-13>APTT4,EOSS,qAO,N6BA-10:/134141h3936.24N/10402.48WO186/027EOSS Baloon/A=006500!W61!",186.0,31.0,49.9,39.6041,-104.04135,0.3,0.48,,,,,,,,-8.33e-06,-9.611e-05,19.8,6.035,high Re,0.004444,13.294444,0.134444,9.315111,0.201941,0.698387,-0.643752,16.809027,0.001356,4.052111,0.04098,2.839271,0.061551,0.69838,-0.643759,5.12338,
EOSS-316,KC0D-14,2021-10-10 07:42:01.722,2021-10-10 07:42:00,6891.0,2100.38,1114.0,90.0,ascending,/134200h3936.12N/10402.50WO179/023/A=006891 158T7894P EOSS BALLOON,"KC0D-14>APZEOS,EOSS,WIDE2-1,qAO,N6BA-10:/134200h3936.12N/10402.50WO179/023/A=006891 158T7894P EOSS BALLOON",179.0,26.0,41.8,39.602,-104.0416666667,0.44,0.71,60.44,15.8,288.95,78940.0,0.78,0.00184667,0.95173682,-1.111e-05,-0.00011111,18.56666667,5.65933333,high Re,-0.041111,14.047619,0.105185,8.73386,0.194321,0.517417,-0.752857,18.524725,-0.012522,4.281714,0.032063,2.662124,0.059227,0.517489,-0.752782,5.646343,
EOSS-316,AE0SS-13,2021-10-10 07:42:12.271,2021-10-10 07:42:11,7042.0,2146.4,1084.0,101.0,ascending,/134211h3936.04N/10402.50WO179/020EOSS Baloon/A=007042!W61!,"AE0SS-13>APTT4,EOSS,qAO,N6BA-10:/134211h3936.04N/10402.50WO179/020EOSS Baloon/A=007042!W61!",179.0,23.0,37.0,39.6007666667,-104.0416833333,0.52,0.84,,,,,,,,-1.111e-05,-0.00011111,18.06666667,5.50666667,high Re,-0.016667,14.55,0.087778,8.209886,0.183271,0.428345,-0.569894,19.054854,-0.005089,4.434833,0.026756,2.50241,0.05586,0.428321,-0.570086,5.807911,
EOSS-316,KC0D-14,2021-10-10 07:42:31.745,2021-10-10 07:42:30,7486.0,2281.73,1190.0,120.0,ascending,/134230h3935.92N/10402.51WO176/021/A=007486 159T7721P EOSS BALLOON,"KC0D-14>APZEOS,EOSS,WIDE2-1,qAO,N6BA-10:/134230h3935.92N/10402.51WO176/021/A=007486 159T7721P EOSS BALLOON",176.0,24.0,38.6,39.5986666667,-104.0418333333,0.67,1.07,60.62,15.9,289.05,77210.0,0.76,0.00180558,0.9305571,-5.56e-06,-0.00011111,19.83333333,6.045,high Re,0.058889,15.137037,0.084167,7.878988,0.169984,0.596053,-0.148708,20.254585,0.017944,4.613741,0.025654,2.401534,0.05181,0.595977,-0.148813,6.173593,
EOSS-316,AE0SS-13,2021-10-10 07:42:42.380,2021-10-10 07:42:41,7626.0,2324.4,1168.0,131.0,ascending,/134241h3935.85N/10402.52WO187/022EOSS Baloon/A=007626!W12!,"AE0SS-13>APTT4,EOSS,qAO,N6BA-10:/134241h3935.85N/10402.52WO187/022EOSS Baloon/A=007626!W12!",187.0,25.0,40.2,39.5975166667,-104.0420333333,0.75,1.2,,,,,,,,-1.167e-05,-0.00010833,19.46666667,5.93333333,high Re,-0.012222,15.57,0.073457,7.553504,0.162219,0.515875,-0.528169,20.535956,-0.003722,4.7457,0.02239,2.302321,0.049444,0.515842,-0.528113,6.259353,
EOSS-316,KC0D-14,2021-10-10 07:43:01.739,2021-10-10 07:43:00,8062.0,2457.3,1152.0,150.0,ascending,/134300h3935.75N/10402.52WO179/016/A=008062 159T7555P EOSS BALLOON,"KC0D-14>APZEOS,EOSS,WIDE2-1,qAO,N6BA-10:/134300h3935.75N/10402.52WO179/016/A=008062 159T7555P EOSS BALLOON",179.0,18.0,29.0,39.5958333333,-104.042,0.86,1.39,60.62,15.9,289.05,75550.0,0.75,0.00176676,0.9105503,-5.56e-06,-9.444e-05,19.2,5.85233333,high Re,-0.008889,15.9,0.065222,7.248985,0.155142,0.455236,-0.477698,21.168554,-0.0027,4.846303,0.019881,2.209512,0.047286,0.455318,-0.477541,6.452183,
EOSS-316,KC0D-14,2021-10-10 07:43:32.125,2021-10-10 07:43:30,8630.0,2630.42,1136.0,180.0,ascending,/134330h3935.61N/10402.51WO157/013/A=008630 159T7397P EOSS BALLOON,"KC0D-14>APZEOS,EOSS,WIDE2-1,qAO,N6BA-10:/134330h3935.61N/10402.51WO157/013/A=008630 159T7397P EOSS BALLOON",157.0,15.0,24.1,39.5935,-104.0418333333,1.02,1.65,60.62,15.9,289.05,73970.0,0.73,0.00172981,0.89150769,5.56e-06,-7.778e-05,18.93333333,5.77066667,high Re,-0.008889,16.152778,0.058485,6.966884,0.148867,0.39911,-0.452578,21.556722,-0.002722,4.923333,0.017826,2.12352,0.045374,0.399023,-0.452858,6.570495,
EOSS-316,AE0SS-13,2021-10-10 07:43:42.224,2021-10-10 07:43:41,8771.0,2673.4,1145.0,191.0,ascending,/134341h3935.57N/10402.49WO151/018EOSS Baloon/A=008771!W20!,"AE0SS-13>APTT4,EOSS,qAO,N6BA-10:/134341h3935.57N/10402.49WO151/018EOSS Baloon/A=008771!W20!",151.0,21.0,33.8,39.5928666667,-104.0415,1.07,1.72,,,,,,,,8.89e-06,-7.75e-05,19.08333333,5.81666667,high Re,0.0025,16.378205,0.053819,6.719621,0.142857,0.402572,-0.359233,21.594657,0.000767,4.992051,0.016405,2.048157,0.043542,0.402614,-0.359147,6.582059,
EOSS-316,KC0D-14,2021-10-10 07:44:01.807,2021-10-10 07:44:00,9225.0,2811.78,1190.0,210.0,ascending,/134400h3935.46N/10402.45WO168/022/A=009225 159T7234P EOSS BALLOON,"KC0D-14>APZEOS,EOSS,WIDE2-1,qAO,N6BA-10:/134400h3935.46N/10402.45WO168/022/A=009225 159T7234P EOSS BALLOON",168.0,25.0,40.2,39.591,-104.0408333333,1.2,1.93,60.62,15.9,289.05,72340.0,0.71,0.00169169,0.87186246,3.333e-05,-8.333e-05,19.83333333,6.04533333,high Re,0.025,16.625,0.051603,6.521708,0.137008,0.491947,-0.194171,21.600371,0.007622,5.067286,0.015729,1.987838,0.04176,0.492016,-0.194133,6.583801,
EOSS-316,AE0SS-13,2021-10-10 07:44:12.402,2021-10-10 07:44:11,9384.0,2860.24,1226.0,221.0,ascending,/134411h3935.39N/10402.42WO161/024EOSS Baloon/A=009384!W78!,"AE0SS-13>APTT4,EOSS,qAO,N6BA-10:/134411h3935.39N/10402.42WO161/024EOSS Baloon/A=009384!W78!",161.0,28.0,45.1,39.58995,-104.0404666667,1.27,2.05,,,,,,,,3.444e-05,-9.722e-05,20.43333333,6.228,high Re,0.02,16.878889,0.049345,6.360938,0.131904,0.558792,-0.222472,21.568678,0.006089,5.144667,0.01504,1.938831,0.040204,0.558756,-0.22264,6.574141,
EOSS-316,KC0D-14,2021-10-10 07:44:31.732,2021-10-10 07:44:30,9845.0,3000.76,1240.0,240.0,ascending,/134430h3935.30N/10402.38WO164/023/A=009845 159T7066P EOSS BALLOON,"KC0D-14>APZEOS,EOSS,WIDE2-1,qAO,N6BA-10:/134430h3935.30N/10402.38WO164/023/A=009845 159T7066P EOSS BALLOON",164.0,26.0,41.8,39.5883333333,-104.0396666667,1.39,2.23,60.62,15.9,289.05,70660.0,0.7,0.00165241,0.85161462,3.889e-05,-8.889e-05,20.66666667,6.29933333,high Re,0.007778,17.115625,0.046574,6.217781,0.127558,0.571111,-0.304144,21.408004,0.002378,5.216833,0.014196,1.895202,0.038879,0.571179,-0.303969,6.525165,
EOSS-316,AE0SS-13,2021-10-10 07:44:42.373,2021-10-10 07:44:41,10014.0,3052.27,1260.0,251.0,ascending,/134441h3935.23N/10402.34WO162/020EOSS Baloon/A=010014!W34!,"AE0SS-13>APTT4,EOSS,qAO,KB0TVJ-1:/134441h3935.23N/10402.34WO162/020EOSS Baloon/A=010014!W34!",162.0,23.0,37.0,39.5872166667,-104.0390666667,1.47,2.36,,,,,,,,4.667e-05,-9.111e-05,21.0,6.401,high Re,0.011111,17.344118,0.044358,6.093607,0.123551,0.599954,-0.269095,21.330494,0.003389,5.28649,0.013521,1.857361,0.037658,0.60005,-0.269053,6.50154,
EOSS-316,KC0D-14,2021-10-10 07:45:01.696,2021-10-10 07:45:00,10479.0,3194.0,1268.0,270.0,ascending,/134500h3935.12N/10402.28WO149/024/A=010479 159T6897P EOSS BALLOON,"KC0D-14>APZEOS,EOSS,WIDE2-1,qAO,N6BA-10:/134500h3935.12N/10402.28WO149/024/A=010479 159T6897P EOSS BALLOON",149.0,28.0,45.1,39.5853333333,-104.038,1.6,2.58,60.62,15.9,289.05,68970.0,0.68,0.00161288,0.83124625,5.556e-05,-0.0001,21.13333333,6.44133333,high Re,0.004444,17.55463,0.04201,5.978753,0.120019,0.59857,-0.313,21.088509,0.001344,5.350648,0.012805,1.822348,0.036582,0.598506,-0.313296,6.427783,
EOSS-316,AE0SS-13,2021-10-10 07:45:12.369,2021-10-10 07:45:11,10651.0,3246.42,1274.0,281.0,ascending,/134511h3935.06N/10402.23WO150/019EOSS Baloon/A=010651!W56!,"AE0SS-13>APTT4,EOSS,qAO,KB0TVJ-1:/134511h3935.06N/10402.23WO150/019EOSS Baloon/A=010651!W56!",150.0,22.0,35.4,39.5844166667,-104.0372666667,1.67,2.69,,,,,,,,6e-05,-9.333e-05,21.23333333,6.47166667,high Re,0.003333,17.748246,0.039861,5.871276,0.116792,0.593583,-0.312761,20.993531,0.001011,5.409649,0.012149,1.78958,0.035598,0.593445,-0.312883,6.398836,
EOSS-316,KC0D-14,2021-10-10 07:45:31.670,2021-10-10 07:45:30,11149.0,3398.22,1340.0,300.0,ascending,/134530h3934.97N/10402.18WO154/018/A=011149 158T6724P EOSS BALLOON,"KC0D-14>APZEOS,EOSS,WIDE2-1,qAO,N6BA-10:/134530h3934.97N/10402.18WO154/018/A=011149 158T6724P EOSS BALLOON",154.0,21.0,33.8,39.5828333333,-104.0363333333,1.79,2.88,60.44,15.8,288.95,67240.0,0.66,0.00157297,0.81067626,5.556e-05,-8.333e-05,22.33333333,6.80733333,high Re,0.036667,17.9775,0.039693,5.805921,0.113504,0.75024,-0.02666,20.720167,0.011189,5.479533,0.012099,1.769665,0.034596,0.750312,-0.026304,6.315508,
EOSS-316,AE0SS-13,2021-10-10 07:45:42.275,2021-10-10 07:45:41,11297.0,3443.33,1292.0,311.0,ascending,/134541h3934.92N/10402.14WO159/011EOSS Baloon/A=011297!W54!,"AE0SS-13>APTT4,EOSS,qAO,KB0TVJ-1:/134541h3934.92N/10402.14WO159/011EOSS Baloon/A=011297!W54!",159.0,13.0,20.9,39.5820833333,-104.0357333333,1.84,2.97,,,,,,,,5.111e-05,-7.778e-05,21.53333333,6.56366667,high Re,-0.026667,18.146825,0.036375,5.711863,0.111468,0.59289,-0.565561,20.642437,-0.008122,5.531159,0.011088,1.741005,0.033975,0.593053,-0.565416,6.291816,
EOSS-316,KC0D-14,2021-10-10 07:46:01.691,2021-10-10 07:46:00,11727.0,3574.39,1156.0,330.0,ascending,/134600h3934.86N/10402.10WO173/011/A=011727 158T6575P EOSS BALLOON,"KC0D-14>APZEOS,EOSS,WIDE2-1,qAO,N6BA-10:/134600h3934.86N/10402.10WO173/011/A=011727 158T6575P EOSS BALLOON",173.0,13.0,20.9,39.581,-104.035,1.93,3.1,60.44,15.8,288.95,65750.0,0.65,0.00153812,0.79271214,4.444e-05,-6.111e-05,19.26666667,5.87233333,high Re,-0.075556,18.197727,0.031045,5.579318,0.111358,0.19159,-0.957282,20.434005,-0.023044,5.546667,0.009462,1.700603,0.033942,0.191501,-0.957693,6.228287,
EOSS-316,AE0SS-13,2021-10-10 07:46:12.327,2021-10-10 07:46:11,11885.0,3622.55,1176.0,341.0,ascending,/134611h3934.82N/10402.08WO159/012EOSS Baloon/A=011885!W41!,"AE0SS-13>APTT4,EOSS,qAO,N6BA-10:/134611h3934.82N/10402.08WO159/012EOSS Baloon/A=011885!W41!",159.0,14.0,22.5,39.5804,-104.0346833333,1.97,3.17,,,,,,,,3.5e-05,-5.611e-05,19.6,5.974,high Re,0.011111,18.258696,0.030139,5.458877,0.108757,0.245711,-0.174959,20.36556,0.003389,5.565246,0.009186,1.663891,0.03315,0.245662,-0.174872,6.207424,
EOSS-316,KC0D-14,2021-10-10 07:46:31.662,2021-10-10 07:46:30,12328.0,3757.57,1202.0,360.0,ascending,/134630h3934.76N/10402.05WO155/012/A=012328 157T6425P EOSS BALLOON,"KC0D-14>APZEOS,EOSS,WIDE2-1,qAO,N6BA-10:/134630h3934.76N/10402.05WO155/012/A=012328 157T6425P EOSS BALLOON",155.0,14.0,22.5,39.5793333333,-104.0341666667,2.05,3.29,60.26,15.7,288.85,64250.0,0.63,0.00150355,0.77489563,2.778e-05,-5.556e-05,20.03333333,6.106,high Re,0.014444,18.332639,0.029456,5.351162,0.106307,0.317818,-0.141214,20.201951,0.0044,5.587778,0.008978,1.631057,0.032403,0.317722,-0.141283,6.157557,
EOSS-316,AE0SS-13,2021-10-10 07:46:42.307,2021-10-10 07:46:41,12498.0,3809.39,1226.0,371.0,ascending,/134641h3934.71N/10402.03WO154/018EOSS Baloon/A=012498!W40!,"AE0SS-13>APTT4,EOSS,qAO,N6BA-10:/134641h3934.71N/10402.03WO154/018EOSS Baloon/A=012498!W40!",154.0,21.0,33.8,39.5785666667,-104.0338333333,2.1,3.38,,,,,,,,2.833e-05,-6.111e-05,20.43333333,6.228,high Re,0.013333,18.416667,0.028785,5.255315,0.104022,0.383738,-0.148545,20.151272,0.004067,5.613387,0.008774,1.601841,0.031706,0.383692,-0.148458,6.142108,
EOSS-316,KC0D-14,2021-10-10 07:47:01.783,2021-10-10 07:47:00,12966.0,3952.04,1276.0,390.0,ascending,/134700h3934.63N/10402.01WO165/013/A=012966 156T6269P EOSS BALLOON,"KC0D-14>APZEOS,EOSS,WIDE2-1,qAO,N6BA-10:/134700h3934.63N/10402.01WO165/013/A=012966 156T6269P EOSS BALLOON",165.0,15.0,24.1,39.5771666667,-104.0335,2.2,3.54,60.08,15.6,288.75,62690.0,0.62,0.00146755,0.75634288,2.222e-05,-7.222e-05,21.26666667,6.48233333,high Re,0.027778,18.526282,0.028744,5.179383,0.101832,0.529095,-0.009486,20.049076,0.008478,5.646808,0.008762,1.578702,0.031039,0.529248,-0.00915,6.110957,
EOSS-316,AE0SS-13,2021-10-10 07:47:12.366,2021-10-10 07:47:11,13135.0,4003.55,1274.0,401.0,ascending,/134711h3934.59N/10401.98WO128/006EOSS Baloon/A=013135!W16!,"AE0SS-13>APTT4,EOSS,qAO,N6BA-10:/134711h3934.59N/10401.98WO128/006EOSS Baloon/A=013135!W16!",128.0,7.0,11.3,39.5765166667,-104.0331,2.25,3.62,,,,,,,,2.444e-05,-6.833e-05,21.23333333,6.472,high Re,-0.001111,18.626543,0.027596,5.105453,0.099947,0.510589,-0.287222,20.025979,-0.000344,5.67737,0.008412,1.556169,0.030464,0.510632,-0.287421,6.103917,
EOSS-316,KC0D-14,2021-10-10 07:47:31.658,2021-10-10 07:47:30,13579.0,4138.88,1226.0,420.0,ascending,/134730h3934.54N/10401.95WO151/014/A=013579 155T6120P EOSS BALLOON,"KC0D-14>APZEOS,EOSS,WIDE2-1,qAO,N6BA-10:/134730h3934.54N/10401.95WO151/014/A=013579 155T6120P EOSS BALLOON",151.0,16.0,25.7,39.5756666667,-104.0325,2.31,3.72,59.9,15.5,288.65,61200.0,0.6,0.00143316,0.73862212,3.333e-05,-5e-05,20.43333333,6.228,high Re,-0.026667,18.691071,0.025586,5.021637,0.098561,0.346951,-0.530159,20.000392,-0.008133,5.697036,0.007799,1.530621,0.030042,0.346894,-0.530324,6.096117,
EOSS-316,AE0SS-13,2021-10-10 07:47:42.290,2021-10-10 07:47:41,13742.0,4188.56,1214.0,431.0,ascending,/134741h3934.51N/10401.92WO147/017EOSS Baloon/A=013742!W62!,"AE0SS-13>APTT4,EOSS,qAO,N6BA-10:/134741h3934.51N/10401.92WO147/017EOSS Baloon/A=013742!W62!",147.0,20.0,32.2,39.5752666667,-104.0320333333,2.35,3.78,,,,,,,,3.556e-05,-4.167e-05,20.23333333,6.167,high Re,-0.006667,18.744253,0.024434,4.939459,0.09691,0.301466,-0.320927,20.003579,-0.002033,5.713241,0.007448,1.505571,0.029539,0.301387,-0.320966,6.097088,
EOSS-316,KC0D-14,2021-10-10 07:48:01.800,2021-10-10 07:48:00,14210.0,4331.21,1262.0,450.0,ascending,/134800h3934.49N/10401.85WO111/011/A=014210 154T5971P EOSS BALLOON,"KC0D-14>APZEOS,EOSS,WIDE2-1,qAO,N6BA-10:/134800h3934.49N/10401.85WO111/011/A=014210 154T5971P EOSS BALLOON",111.0,13.0,20.9,39.5748333333,-104.0308333333,2.39,3.85,59.72,15.4,288.55,59710.0,0.59,0.00139876,0.72088907,5.556e-05,-2.778e-05,21.03333333,6.411,high Re,0.026667,18.820556,0.024511,4.871509,0.095165,0.454228,0.022655,20.048787,0.008133,5.7365,0.007471,1.48486,0.029007,0.454252,0.022822,6.110867,
EOSS-316,AE0SS-13,2021-10-10 07:48:12.289,2021-10-10 07:48:11,14365.0,4378.45,1246.0,461.0,ascending,/134811h3934.48N/10401.80WO053/018EOSS Baloon/A=014365!W34!,"AE0SS-13>APTT4,EOSS,qAO,N6BA-10:/134811h3934.48N/10401.80WO053/018EOSS Baloon/A=014365!W34!",53.0,21.0,33.8,39.5747166667,-104.0300666667,2.41,3.88,,,,,,,,6.556e-05,-1.833e-05,20.76666667,6.32966667,high Re,-0.008889,18.883333,0.023398,4.802366,0.093708,0.392168,-0.344549,20.075046,-0.002711,5.755634,0.007132,1.463785,0.028563,0.392156,-0.344607,6.11887,
EOSS-316,KC0D-14,2021-10-10 07:48:31.640,2021-10-10 07:48:30,14815.0,4515.61,1210.0,480.0,ascending,/134830h3934.50N/10401.68WO088/018/A=014815 152T5830P EOSS BALLOON,"KC0D-14>APZEOS,EOSS,WIDE2-1,qAO,N6BA-10:/134830h3934.50N/10401.68WO088/018/A=014815 152T5830P EOSS BALLOON",88.0,21.0,33.8,39.575,-104.028,2.42,3.9,59.36,15.2,288.35,58300.0,0.58,0.00136667,0.7043541,9.444e-05,5.56e-06,20.16666667,6.14666667,high Re,-0.02,18.923437,0.021998,4.729718,0.092462,0.262855,-0.454219,20.180707,-0.0061,5.767854,0.006705,1.44164,0.028183,0.262765,-0.454352,6.151075,
EOSS-316,KC0D-14,2021-10-10 07:49:01.677,2021-10-10 07:49:00,15465.0,4713.73,1300.0,510.0,ascending,/134900h3934.51N/10401.48WO086/020/A=015465 151T5681P EOSS BALLOON,"KC0D-14>APZEOS,EOSS,WIDE2-1,qAO,N6BA-10:/134900h3934.51N/10401.48WO086/020/A=015465 151T5681P EOSS BALLOON",86.0,23.0,37.0,39.5751666667,-104.0246666667,2.47,3.98,59.18,15.1,288.25,56810.0,0.56,0.00133221,0.68659071,0.00011111,5.56e-06,21.66666667,6.604,high Re,0.05,19.006566,0.022873,4.679658,0.091093,0.568439,0.297795,20.401838,0.015244,5.793192,0.006972,1.426381,0.027766,0.568437,0.297918,6.218475,
EOSS-316,AE0SS-13,2021-10-10 07:49:12.286,2021-10-10 07:49:11,15645.0,4768.6,1280.0,521.0,ascending,/134911h3934.51N/10401.40WO103/027EOSS Baloon/A=015645!W30!,"AE0SS-13>APTT4,EOSS,qAO,N6BA-10:/134911h3934.51N/10401.40WO103/027EOSS Baloon/A=015645!W30!",103.0,31.0,49.9,39.5752166667,-104.0233333333,2.5,4.02,,,,,,,,0.00011222,8.33e-06,21.33333333,6.5025,high Re,-0.005556,19.075,0.022012,4.625453,0.089795,0.48824,-0.30701,20.475351,-0.001692,5.814054,0.006709,1.409861,0.02737,0.488308,-0.306942,6.240884,
EOSS-316,KC0D-14,2021-10-10 07:49:31.695,2021-10-10 07:49:30,16124.0,4914.6,1318.0,540.0,ascending,/134930h3934.51N/10401.27WO094/021/A=016124 149T5534P EOSS BALLOON,"KC0D-14>APZEOS,EOSS,WIDE2-1,qAO,N6BA-10:/134930h3934.51N/10401.27WO094/021/A=016124 149T5534P EOSS BALLOON",94.0,24.0,38.6,39.5751666667,-104.0211666667,2.55,4.1,58.82,14.9,288.05,55340.0,0.55,0.00129864,0.66928906,0.00011667,0.0,21.96666667,6.69566667,high Re,0.021111,19.157619,0.021985,4.583063,0.088424,0.612919,-0.009884,20.692249,0.006439,5.839243,0.006701,1.396944,0.026952,0.613069,-0.009721,6.306996,
EOSS-316,KC0D-14,2021-10-10 07:50:01.727,2021-10-10 07:50:00,16763.0,5109.36,1278.0,570.0,ascending,/135000h3934.48N/10401.09WO093/016/A=016763 147T5395P EOSS BALLOON,"KC0D-14>APZEOS,EOSS,WIDE2-1,qAO,N6BA-10:/135000h3934.48N/10401.09WO093/016/A=016763 147T5395P EOSS BALLOON",93.0,18.0,29.0,39.5746666667,-104.0181666667,2.65,4.27,58.46,14.7,287.85,53950.0,0.53,0.0012669,0.65293156,0.0001,-1.667e-05,21.3,6.492,high Re,-0.022222,19.21713,0.020722,4.531207,0.087434,0.459672,-0.491159,21.019093,-0.006789,5.857375,0.006316,1.381135,0.026651,0.459495,-0.491726,6.406614,
EOSS-316,KC0D-14,2021-10-10 07:50:31.647,2021-10-10 07:50:30,17404.0,5304.74,1282.0,600.0,ascending,/135030h3934.46N/10400.87WO098/025/A=017404 145T5258P EOSS BALLOON,"KC0D-14>APZEOS,EOSS,WIDE2-1,qAO,N6BA-10:/135030h3934.46N/10400.87WO098/025/A=017404 145T5258P EOSS BALLOON",98.0,29.0,46.7,39.5743333333,-104.0145,2.77,4.46,58.1,14.5,287.65,52580.0,0.52,0.00123558,0.63679354,0.00012222,-1.111e-05,21.36666667,6.51266667,high Re,0.002222,19.275225,0.020208,4.481783,0.086231,0.466654,-0.208579,21.373816,0.000689,5.875086,0.00616,1.366072,0.026284,0.466726,-0.208149,6.514736,
EOSS-316,KC0D-14,2021-10-10 07:51:01.711,2021-10-10 07:51:00,18052.0,5502.25,1296.0,630.0,ascending,/135100h3934.48N/10400.60WO080/026/A=018052 142T5121P EOSS BALLOON,"KC0D-14>APZEOS,EOSS,WIDE2-1,qAO,N6BA-10:/135100h3934.48N/10400.60WO080/026/A=018052 142T5121P EOSS BALLOON",80.0,30.0,48.3,39.5746666667,-104.01,2.89,4.65,57.56,14.2,287.35,51210.0,0.51,0.00120465,0.62084905,0.00015,1.111e-05,21.6,6.58366667,high Re,0.007778,19.336404,0.019872,4.436861,0.08505,0.51018,-0.142199,21.742842,0.002367,5.893732,0.006057,1.352379,0.025924,0.510164,-0.142339,6.627215,
EOSS-316,KC0D-14,2021-10-10 07:51:31.870,2021-10-10 07:51:30,18710.0,5702.81,1316.0,660.0,ascending,/135130h3934.52N/10400.30WO079/032/A=018710 140T4987P EOSS BALLOON,"KC0D-14>APZEOS,EOSS,WIDE2-1,qAO,KC0L-10:/135130h3934.52N/10400.30WO079/032/A=018710 140T4987P EOSS BALLOON",79.0,37.0,59.5,39.5753333333,-104.005,3.02,4.86,57.2,14.0,287.15,49870.0,0.49,0.00117394,0.60502455,0.00016667,2.222e-05,21.93333333,6.68533333,high Re,0.011111,19.402991,0.019642,4.397796,0.083904,0.575366,-0.101676,22.112668,0.003389,5.91403,0.005987,1.340472,0.025575,0.575397,-0.101584,6.73994,
EOSS-316,KC0D-14,2021-10-10 07:52:01.686,2021-10-10 07:52:00,19368.0,5903.37,1316.0,690.0,ascending,/135200h3934.61N/10400.00WO058/030/A=019368 137T4855P EOSS BALLOON,"KC0D-14>APZEOS,EOSS,WIDE2-1,qAO,N6BA-10:/135200h3934.61N/10400.00WO058/030/A=019368 137T4855P EOSS BALLOON",58.0,35.0,56.3,39.5768333333,-104.0,3.12,5.03,56.66,13.7,286.85,48550.0,0.48,0.00114406,0.58962628,0.00016667,5e-05,21.93333333,6.68533333,high Re,0.0,19.46625,0.019138,4.359445,0.082853,0.565917,-0.230987,22.464111,0.0,5.933312,0.005833,1.328783,0.025254,0.565947,-0.230973,6.847061,
EOSS-316,AE0SS-13,2021-10-10 07:52:12.314,2021-10-10 07:52:11,19560.0,5961.89,1305.0,701.0,ascending,/135211h3934.65N/10359.89WO058/038EOSS Baloon/A=019560!W54!,"AE0SS-13>APTT4,EOSS,qAO,KB0TVJ-1:/135211h3934.65N/10359.89WO058/038EOSS Baloon/A=019560!W54!",58.0,44.0,70.8,39.5775833333,-103.9982333333,3.16,5.08,,,,,,,,0.00013944,1.315e-05,21.75,6.62938889,high Re,-0.001019,19.521951,0.018634,4.319358,0.081846,0.515829,-0.240122,22.561565,-0.000311,5.95029,0.00568,1.316564,0.024947,0.515812,-0.240149,6.876765,
EOSS-316,KC0D-14,2021-10-10 07:52:31.702,2021-10-10 07:52:30,20052.0,6111.85,1368.0,720.0,ascending,/135230h3934.73N/10359.69WO061/040/A=020052 134T4719P EOSS BALLOON,"KC0D-14>APZEOS,EOSS,WIDE2-1,qAO,N6BA-10:/135230h3934.73N/10359.69WO061/040/A=020052 134T4719P EOSS BALLOON",61.0,46.0,74.0,39.5788333333,-103.9948333333,3.24,5.21,56.12,13.4,286.55,47190.0,0.47,0.00111318,0.57370946,0.00017222,6.667e-05,22.8,6.94933333,high Re,0.035,19.6,0.019033,4.296237,0.080857,0.744838,0.197472,22.798351,0.010665,5.974077,0.005801,1.309515,0.024646,0.744746,0.197355,6.948937,
EOSS-316,AE0SS-13,2021-10-10 07:52:42.175,2021-10-10 07:52:41,20235.0,6167.63,1350.0,731.0,ascending,/135241h3934.78N/10359.57WO054/036EOSS Baloon/A=020235!W50!,"AE0SS-13>APTT4,EOSS,qAO,W0ARP-1:/135241h3934.78N/10359.57WO054/036EOSS Baloon/A=020235!W50!",54.0,41.0,66.0,39.57975,-103.9928333333,3.28,5.28,,,,,,,,0.00018,7.222e-05,22.5,6.858,high Re,-0.01,19.667442,0.018342,4.267759,0.07999,0.663711,-0.354319,22.881195,-0.003044,5.994633,0.005591,1.300834,0.024382,0.663703,-0.354155,6.974189,
EOSS-316,KC0D-14,2021-10-10 07:53:01.695,2021-10-10 07:53:00,20738.0,6320.94,1372.0,750.0,ascending,/135300h3934.90N/10359.36WO054/033/A=020738 131T4587P EOSS BALLOON,"KC0D-14>APZEOS,EOSS,WIDE2-1,qAO,N6BA-10:/135300h3934.90N/10359.36WO054/033/A=020738 131T4587P EOSS BALLOON",54.0,38.0,61.2,39.5816666667,-103.9893333333,3.36,5.41,55.58,13.1,286.25,45870.0,0.45,0.00108318,0.55824609,0.00018333,9.444e-05,22.86666667,6.96966667,high Re,0.012222,19.740152,0.0182,4.245328,0.079037,0.73646,-0.075635,23.09282,0.003722,6.016793,0.005547,1.293995,0.024091,0.736381,-0.075754,7.038691,
EOSS-316,AE0SS-13,2021-10-10 07:53:12.248,2021-10-10 07:53:11,20902.0,6370.93,1334.0,761.0,ascending,/135311h3934.96N/10359.24WO053/045EOSS Baloon/A=020902!W62!,"AE0SS-13>APTT4,EOSS,qAO,N6BA-10:/135311h3934.96N/10359.24WO053/045EOSS Baloon/A=020902!W62!",53.0,52.0,83.7,39.5827666667,-103.9873666667,3.41,5.49,,,,,,,,0.00018222,0.00010056,22.23333333,6.77666667,high Re,-0.021111,19.795556,0.017306,4.213233,0.078338,0.5786,-0.490401,23.156454,-0.006433,6.033679,0.005275,1.284212,0.023878,0.578555,-0.490326,7.058088,
EOSS-316,KC0D-14,2021-10-10 07:53:31.684,2021-10-10 07:53:30,21403.0,6523.63,1330.0,780.0,ascending,/135330h3935.11N/10359.04WO047/037/A=021403 128T4461P EOSS BALLOON,"KC0D-14>APZEOS,EOSS,WIDE2-1,qAO,N6BA-10:/135330h3935.11N/10359.04WO047/037/A=021403 128T4461P EOSS BALLOON",47.0,43.0,69.2,39.5851666667,-103.984,3.48,5.61,55.04,12.8,285.95,44610.0,0.44,0.00105453,0.54348126,0.00017778,0.00011667,22.16666667,6.75633333,high Re,-0.002222,19.847101,0.016872,4.180799,0.077497,0.554814,-0.246384,23.333689,-0.000678,6.049389,0.005143,1.274325,0.023622,0.55476,-0.246423,7.112108,
EOSS-316,AE0SS-13,2021-10-10 07:53:42.729,2021-10-10 07:53:41,21594.0,6581.85,1384.0,791.0,ascending,/135341h3935.19N/10358.91WO047/045EOSS Baloon/A=021594!W87!,"AE0SS-13>APTT4,EOSS,qAO,N6BA-10:/135341h3935.19N/10358.91WO047/045EOSS Baloon/A=021594!W87!",47.0,52.0,83.7,39.5866333333,-103.98195,3.54,5.69,,,,,,,,0.00018056,0.00012889,23.06666667,7.03066667,high Re,0.03,19.915603,0.017158,4.161687,0.076655,0.75716,0.16753,23.394293,0.009144,6.070267,0.00523,1.268499,0.023365,0.757115,0.167516,7.130581,
EOSS-316,KC0D-14,2021-10-10 07:54:01.709,2021-10-10 07:54:00,22103.0,6736.99,1400.0,810.0,ascending,/135400h3935.34N/10358.72WO045/037/A=022103 125T4331P EOSS BALLOON,"KC0D-14>APZEOS,EOSS,WIDE2-1,qAO,N6BA-10:/135400h3935.34N/10358.72WO045/037/A=022103 125T4331P EOSS BALLOON",45.0,43.0,69.2,39.589,-103.9786666667,3.63,5.85,54.5,12.5,285.65,43310.0,0.43,0.00102487,0.52819758,0.00017778,0.00012778,23.33333333,7.112,high Re,0.008889,19.986806,0.016982,4.146624,0.075827,0.807049,-0.10673,23.536728,0.002711,6.09197,0.005176,1.263907,0.023113,0.807045,-0.10665,7.173995,
EOSS-316,AE0SS-13,2021-10-10 07:54:12.332,2021-10-10 07:54:11,22306.0,6798.87,1424.0,821.0,ascending,/135411h3935.40N/10358.62WO052/029EOSS Baloon/A=022306!W69!,"AE0SS-13>APTT4,EOSS,qAO,N6BA-10:/135411h3935.40N/10358.62WO052/029EOSS Baloon/A=022306!W69!",52.0,33.0,53.1,39.5901,-103.97715,3.68,5.92,,,,,,,,0.00016,0.00011556,23.73333333,7.234,high Re,0.013333,20.063265,0.016906,4.137962,0.075018,0.886927,-0.047629,23.585792,0.004067,6.115277,0.005153,1.261268,0.022866,0.886983,-0.047494,7.188952,
EOSS-316,KC0D-14,2021-10-10 07:54:31.694,2021-10-10 07:54:30,22828.0,6957.97,1450.0,840.0,ascending,/135430h3935.50N/10358.48WO053/022/A=022828 121T4201P EOSS BALLOON,"KC0D-14>APZEOS,EOSS,WIDE2-1,qAO,N6BA-10:/135430h3935.50N/10358.48WO053/022/A=022828 121T4201P EOSS BALLOON",53.0,25.0,40.2,39.5916666667,-103.9746666667,3.77,6.07,53.78,12.1,285.25,42010.0,0.41,0.0009955,0.51306156,0.00013333,8.889e-05,24.16666667,7.366,high Re,0.014444,20.145333,0.016856,4.136429,0.074233,0.972175,-0.032492,23.691947,0.0044,6.140291,0.005138,1.260801,0.022627,0.972167,-0.032616,7.221307,
EOSS-316,AE0SS-13,2021-10-10 07:54:42.258,2021-10-10 07:54:41,23021.0,7016.8,1430.0,851.0,ascending,/135441h3935.54N/10358.39WO055/030EOSS Baloon/A=023021!W36!,"AE0SS-13>APTT4,EOSS,qAO,N6BA-10:/135441h3935.54N/10358.39WO055/030EOSS Baloon/A=023021!W36!",55.0,35.0,56.3,39.5923833333,-103.9732666667,3.83,6.16,,,,,,,,0.00012944,7.611e-05,23.83333333,7.26433333,high Re,-0.011111,20.217647,0.016296,4.127292,0.073578,0.876043,-0.372489,23.724043,-0.003389,6.162331,0.004967,1.258014,0.022427,0.875986,-0.372587,7.231091,
EOSS-316,KC0D-14,2021-10-10 07:55:01.806,2021-10-10 07:55:00,23416.0,7137.2,1176.0,870.0,ascending,/135500h3935.61N/10358.28WO051/016/A=023416 118T4082P EOSS BALLOON,"KC0D-14>APZEOS,EOSS,WIDE2-1,qAO,N6BA-10:/135500h3935.61N/10358.28WO051/016/A=023416 118T4082P EOSS BALLOON",51.0,18.0,29.0,39.5935,-103.9713333333,3.9,6.28,53.24,11.8,284.95,40820.0,0.4,0.00096832,0.49905313,0.00011111,6.111e-05,19.6,5.97433333,high Re,-0.141111,20.205769,0.01321,4.087525,0.076101,-0.148199,-2.027845,23.778104,-0.043,6.158716,0.004027,1.245893,0.023196,-0.147992,-2.027375,7.247569,
EOSS-316,KC0D-14,2021-10-10 07:55:31.704,2021-10-10 07:55:30,24173.0,7367.93,1514.0,900.0,ascending,/135530h3935.65N/10358.13WO071/013/A=024173 114T3964P EOSS BALLOON,"KC0D-14>APZEOS,EOSS,WIDE2-1,qAO,N6BA-10:/135530h3935.65N/10358.13WO071/013/A=024173 114T3964P EOSS BALLOON",71.0,15.0,24.1,39.5941666667,-103.9688333333,4.02,6.47,52.52,11.4,284.55,39640.0,0.39,0.00094165,0.48530806,8.333e-05,2.222e-05,25.23333333,7.691,high Re,0.187778,20.300629,0.016567,4.106516,0.079144,1.20119,2.163285,23.840581,0.057222,6.187627,0.00505,1.251678,0.024123,1.201086,2.162749,7.266613,
EOSS-316,KC0D-14,2021-10-10 07:56:01.844,2021-10-10 07:56:00,24881.0,7583.73,1416.0,930.0,ascending,/135600h3935.69N/10357.98WO056/016/A=024881 110T3848P EOSS BALLOON,"KC0D-14>APZEOS,EOSS,WIDE2-1,qAO,N6BA-10:/135600h3935.69N/10357.98WO056/016/A=024881 110T3848P EOSS BALLOON",56.0,18.0,29.0,39.5948333333,-103.9663333333,4.14,6.66,51.8,11.0,284.15,38480.0,0.38,0.00091538,0.47176949,8.333e-05,2.222e-05,23.6,7.19333333,high Re,-0.054444,20.361728,0.015227,4.092296,0.078984,0.791309,-0.88209,23.855247,-0.016589,6.206251,0.004641,1.247344,0.024074,0.791347,-0.881864,7.271083,
EOSS-316,KC0D-14,2021-10-10 07:56:31.701,2021-10-10 07:56:30,25519.0,7778.19,1276.0,960.0,ascending,/135630h3935.74N/10357.81WO053/016/A=025519 106T3744P EOSS BALLOON,"KC0D-14>APZEOS,EOSS,WIDE2-1,qAO,N6BA-10:/135630h3935.74N/10357.81WO053/016/A=025519 106T3744P EOSS BALLOON",53.0,18.0,29.0,39.5956666667,-103.9635,4.28,6.88,51.08,10.6,283.75,37440.0,0.37,0.0008919,0.45966604,9.444e-05,2.778e-05,21.26666667,6.482,high Re,-0.077778,20.378182,0.013505,4.056063,0.079253,0.219051,-1.151792,23.837904,-0.023711,6.211265,0.004116,1.2363,0.024156,0.218988,-1.151971,7.265798,
EOSS-316,AE0SS-13,2021-10-10 07:56:42.303,2021-10-10 07:56:41,25705.0,7834.88,1342.0,971.0,ascending,/135641h3935.76N/10357.73WO061/027EOSS Baloon/A=025705!W47!,"AE0SS-13>APTT4,EOSS,qAO,KB0TVJ-1:/135641h3935.76N/10357.73WO061/027EOSS Baloon/A=025705!W47!",61.0,31.0,49.9,39.5960666667,-103.9622833333,4.33,6.97,,,,,,,,9.153e-05,3.069e-05,22.36666667,6.81733333,high Re,0.009167,20.41369,0.013426,4.027795,0.078517,0.484875,-0.054243,23.828203,0.002794,6.222087,0.004092,1.227684,0.023932,0.484853,-0.054237,7.262841,
EOSS-316,KC0D-14,2021-10-10 07:57:01.785,2021-10-10 07:57:00,26240.0,7997.95,1442.0,990.0,ascending,/135700h3935.82N/10357.60WO055/023/A=026240 102T3629P EOSS BALLOON,"KC0D-14>APZEOS,EOSS,WIDE2-1,qAO,N6BA-10:/135700h3935.82N/10357.60WO055/023/A=026240 102T3629P EOSS BALLOON",55.0,26.0,41.8,39.597,-103.96,4.44,7.15,50.36,10.2,283.35,36290.0,0.36,0.00086572,0.44617599,0.00011667,4.444e-05,24.03333333,7.32533333,high Re,0.055556,20.477193,0.014178,4.020359,0.078004,0.884533,0.53046,23.790502,0.016933,6.241442,0.004322,1.225417,0.023775,0.884508,0.530431,7.25135,
EOSS-316,AE0SS-13,2021-10-10 07:57:12.291,2021-10-10 07:57:11,26447.0,8061.05,1484.0,1001.0,ascending,/135711h3935.85N/10357.51WO051/027EOSS Baloon/A=026447!W85!,"AE0SS-13>APTT4,EOSS,qAO,N6BA-10:/135711h3935.85N/10357.51WO051/027EOSS Baloon/A=026447!W85!",51.0,31.0,49.9,39.5976333333,-103.9585833333,4.51,7.25,,,,,,,,0.00012333,5.222e-05,24.73333333,7.539,high Re,0.023333,20.550575,0.014339,4.023934,0.077314,1.03947,0.116331,23.772536,0.007122,6.263814,0.004371,1.226511,0.023565,1.039686,0.116741,7.245873,
EOSS-316,KC0D-14,2021-10-10 07:57:31.756,2021-10-10 07:57:30,26996.0,8228.38,1512.0,1020.0,ascending,/135730h3935.93N/10357.36WO062/032/A=026996 98T3511P EOSS BALLOON,"KC0D-14>APZEOS,EOSS,WIDE2-1,qAO,N6BA-10:/135730h3935.93N/10357.36WO062/032/A=026996 98T3511P EOSS BALLOON",62.0,37.0,59.5,39.5988333333,-103.956,4.63,7.45,49.64,9.8,282.95,35110.0,0.35,0.00083876,0.43227844,0.00013333,6.111e-05,25.2,7.681,high Re,0.015556,20.629379,0.01436,4.034757,0.076633,1.132812,0.015607,23.717723,0.004733,6.287834,0.004377,1.229811,0.023357,1.132829,0.015242,7.229167,
EOSS-316,AE0SS-13,2021-10-10 07:57:42.296,2021-10-10 07:57:41,27156.0,8277.15,1418.0,1031.0,ascending,/135741h3935.95N/10357.27WO066/019EOSS Baloon/A=027156!W80!,"AE0SS-13>APTT4,EOSS,qAO,N6BA-10:/135741h3935.95N/10357.27WO066/019EOSS Baloon/A=027156!W80!",66.0,22.0,35.4,39.5993,-103.9545,4.71,7.57,,,,,,,,0.00013611,5.556e-05,23.63333333,7.20333333,high Re,-0.052222,20.679444,0.013231,4.019172,0.076462,0.73495,-0.85602,23.700168,-0.015922,6.303093,0.004033,1.225059,0.023305,0.734855,-0.856254,7.223816,
EOSS-316,KC0D-14,2021-10-10 07:58:01.760,2021-10-10 07:58:00,27674.0,8435.04,1356.0,1050.0,ascending,/135800h3936.01N/10357.14WO065/023/A=027674 93T3406P EOSS BALLOON,"KC0D-14>APZEOS,EOSS,WIDE2-1,qAO,N6BA-10:/135800h3936.01N/10357.14WO065/023/A=027674 93T3406P EOSS BALLOON",65.0,26.0,41.8,39.6001666667,-103.9523333333,4.81,7.74,48.74,9.3,282.45,34060.0,0.34,0.00081512,0.42009307,0.00012222,4.444e-05,22.6,6.88866667,high Re,-0.034444,20.710929,0.012437,3.993117,0.076061,0.473082,-0.616361,23.639972,-0.010489,6.312692,0.003791,1.217118,0.023183,0.473228,-0.615969,7.205468,
EOSS-316,AE0SS-13,2021-10-10 07:58:12.289,2021-10-10 07:58:11,27874.0,8496.0,1436.0,1061.0,ascending,/135811h3936.05N/10357.05WO058/021EOSS Baloon/A=027874!W63!,"AE0SS-13>APTT4,EOSS,qAO,N6BA-10:/135811h3936.05N/10357.05WO058/021EOSS Baloon/A=027874!W63!",58.0,24.0,38.6,39.6009333333,-103.9508833333,4.88,7.86,,,,,,,,0.00012056,5.444e-05,23.93333333,7.295,high Re,0.044444,20.762903,0.012961,3.98134,0.075536,0.796322,0.416795,23.615793,0.013544,6.328536,0.003951,1.21353,0.023023,0.796407,0.41667,7.198098,
EOSS-316,KC0D-14,2021-10-10 07:58:31.797,2021-10-10 07:58:30,28410.0,8659.37,1472.0,1080.0,ascending,/135830h3936.15N/10356.91WO047/030/A=028410 89T3298P EOSS BALLOON,"KC0D-14>APZEOS,EOSS,WIDE2-1,qAO,N6BA-10:/135830h3936.15N/10356.91WO047/030/A=028410 89T3298P EOSS BALLOON",47.0,35.0,56.3,39.6025,-103.9485,5.0,8.05,48.02,8.9,282.05,32980.0,0.33,0.00079039,0.40734932,0.00012778,7.778e-05,24.53333333,7.47766667,high Re,0.02,20.822751,0.013075,3.97757,0.074919,0.932877,0.092433,23.550058,0.006089,6.346776,0.003985,1.212379,0.022835,0.932786,0.092139,7.178062,
EOSS-316,AE0SS-13,2021-10-10 07:58:42.129,2021-10-10 07:58:41,28622.0,8723.99,1496.0,1091.0,ascending,/135841h3936.20N/10356.81WO056/035EOSS Baloon/A=028622!W38!,"AE0SS-13>APTT4,EOSS,qAO,W0ARP-1:/135841h3936.20N/10356.81WO056/035EOSS Baloon/A=028622!W38!",56.0,40.0,64.4,39.6033833333,-103.9469666667,5.08,8.17,,,,,,,,0.00013056,8.167e-05,24.93333333,7.59966667,high Re,0.013333,20.886979,0.013079,3.979189,0.074313,1.016879,0.003418,23.524157,0.004067,6.366352,0.003987,1.212872,0.02265,1.016855,0.003532,7.170167,
EOSS-316,KC0D-14,2021-10-10 07:59:01.734,2021-10-10 07:59:00,29158.0,8887.36,1496.0,1110.0,ascending,/135900h3936.29N/10356.62WO062/036/A=029158 84T3189P EOSS BALLOON,"KC0D-14>APZEOS,EOSS,WIDE2-1,qAO,N6BA-10:/135900h3936.29N/10356.62WO062/036/A=029158 84T3189P EOSS BALLOON",62.0,41.0,66.0,39.6048333333,-103.9436666667,5.25,8.44,47.12,8.4,281.55,31890.0,0.31,0.00076562,0.39458579,0.00016111,7.778e-05,24.93333333,7.59966667,high Re,0.0,20.949231,0.012875,3.979753,0.073739,1.001093,-0.174602,23.460451,0.0,6.385326,0.003924,1.213044,0.022475,1.001069,-0.174594,7.15075,
EOSS-316,AE0SS-13,2021-10-10 07:59:12.284,2021-10-10 07:59:11,29367.0,8951.06,1490.0,1121.0,ascending,/135911h3936.34N/10356.50WO058/034EOSS Baloon/A=029367!W79!,"AE0SS-13>APTT4,EOSS,qAO,N6BA-10:/135911h3936.34N/10356.50WO058/034EOSS Baloon/A=029367!W79!",58.0,39.0,62.8,39.6057833333,-103.9418166667,5.34,8.6,,,,,,,,0.00017167,8e-05,24.83333333,7.569,high Re,-0.003333,21.008081,0.012625,3.977857,0.073188,0.961636,-0.218041,23.43671,-0.001022,6.403261,0.003848,1.212463,0.022307,0.961464,-0.218317,7.143514,
EOSS-316,KC0D-14,2021-10-10 07:59:31.780,2021-10-10 07:59:30,29915.0,9118.09,1514.0,1140.0,ascending,/135930h3936.44N/10356.30WO056/036/A=029915 80T3083P EOSS BALLOON,"KC0D-14>APZEOS,EOSS,WIDE2-1,qAO,N6BA-10:/135930h3936.44N/10356.30WO056/036/A=029915 80T3083P EOSS BALLOON",56.0,41.0,66.0,39.6073333333,-103.9383333333,5.52,8.89,46.4,8.0,281.15,30830.0,0.3,0.00074123,0.38201277,0.00017778,8.333e-05,25.23333333,7.691,high Re,0.013333,21.071144,0.012636,3.981213,0.072623,1.045458,0.009598,23.378743,0.004067,6.422481,0.003851,1.213484,0.022135,1.045353,0.009758,7.125846,
EOSS-316,AE0SS-13,2021-10-10 07:59:42.310,2021-10-10 07:59:41,30122.0,9181.19,1510.0,1151.0,ascending,/135941h3936.51N/10356.16WO043/050EOSS Baloon/A=030122!W95!,"AE0SS-13>APTT4,EOSS,qAO,N6BA-10:/135941h3936.51N/10356.16WO043/050EOSS Baloon/A=030122!W95!",43.0,58.0,93.3,39.60865,-103.9360833333,5.64,9.08,,,,,,,,0.00019111,9.556e-05,25.16666667,7.671,high Re,-0.002222,21.131373,0.012414,3.982481,0.072093,1.013261,-0.203016,23.358802,-0.000667,6.440842,0.003784,1.213873,0.021974,1.013416,-0.202558,7.119767,
EOSS-316,KC0D-14,2021-10-10 08:00:01.733,2021-10-10 08:00:00,30635.0,9337.55,1440.0,1170.0,ascending,/140000h3936.68N/10355.90WO045/047/A=030635 75T2985P EOSS BALLOON,"KC0D-14>APZEOS,EOSS,WIDE2-1,qAO,N6BA-10:/140000h3936.68N/10355.90WO045/047/A=030635 75T2985P EOSS BALLOON",45.0,54.0,86.9,39.6113333333,-103.9316666667,5.88,9.47,45.5,7.5,280.65,29850.0,0.29,0.00071894,0.3705286,0.00022222,0.00013333,24.0,7.31533333,high Re,-0.038889,21.172947,0.01166,3.968145,0.071823,0.712437,-0.7038,23.314947,-0.011856,6.453515,0.003554,1.209505,0.021891,0.712538,-0.703942,7.1064,
EOSS-316,AE0SS-13,2021-10-10 08:00:12.129,2021-10-10 08:00:11,30837.0,9399.12,1430.0,1181.0,ascending,/140011h3936.76N/10355.77WO043/039EOSS Baloon/A=030837!W99!,"AE0SS-13>APTT4,EOSS,qAO,W0ARP-1:/140011h3936.76N/10355.77WO043/039EOSS Baloon/A=030837!W99!",43.0,45.0,72.4,39.6128166667,-103.92965,5.99,9.64,,,,,,,,0.00021444,0.00013889,23.83333333,7.26433333,high Re,-0.005556,21.210952,0.01141,3.952098,0.071323,0.663542,-0.237876,23.300089,-0.0017,6.465098,0.003478,1.204613,0.021739,0.663479,-0.238189,7.101871,
EOSS-316,KC0D-14,2021-10-10 08:00:31.724,2021-10-10 08:00:30,31322.0,9546.95,1374.0,1200.0,ascending,/140030h3936.94N/10355.53WO053/053/A=031322 70T2895P EOSS BALLOON,"KC0D-14>APZEOS,EOSS,WIDE2-1,qAO,N6BA-10:/140030h3936.94N/10355.53WO053/053/A=031322 70T2895P EOSS BALLOON",53.0,61.0,98.2,39.6156666667,-103.9255,6.23,10.02,44.6,7.0,280.15,28950.0,0.29,0.00069851,0.35999825,0.00020556,0.00014444,22.9,6.98,high Re,-0.031111,21.234742,0.010803,3.928884,0.070987,0.42385,-0.590446,23.270574,-0.009478,6.472351,0.003293,1.197538,0.021636,0.423911,-0.590266,7.092875,
EOSS-316,AE0SS-13,2021-10-10 08:00:42.294,2021-10-10 08:00:41,31539.0,9613.09,1404.0,1211.0,ascending,/140041h3937.04N/10355.36WO048/052EOSS Baloon/A=031539!W87!,"AE0SS-13>APTT4,EOSS,qAO,N6BA-10:/140041h3937.04N/10355.36WO048/052EOSS Baloon/A=031539!W87!",48.0,60.0,96.6,39.6174666667,-103.9227833333,6.38,10.27,,,,,,,,0.00022889,0.000155,23.4,7.13233333,high Re,0.016667,21.264815,0.010885,3.909455,0.070481,0.546159,0.082036,23.260356,0.005078,6.481517,0.003318,1.191616,0.021482,0.546163,0.081929,7.08976,
EOSS-316,KC0D-14,2021-10-10 08:01:01.759,2021-10-10 08:01:00,32025.0,9761.22,1406.0,1230.0,ascending,/140100h3937.18N/10355.11WO053/044/A=032025 66T2805P EOSS BALLOON,"KC0D-14>APZEOS,EOSS,WIDE2-1,qAO,N6BA-10:/140100h3937.18N/10355.11WO053/044/A=032025 66T2805P EOSS BALLOON",53.0,51.0,82.1,39.6196666667,-103.9185,6.62,10.66,43.88,6.6,279.75,28050.0,0.28,0.00067776,0.34930534,0.00023333,0.00013333,23.43333333,7.14233333,high Re,0.001111,21.294521,0.01075,3.890499,0.069993,0.549753,-0.137714,23.244575,0.000333,6.490569,0.003276,1.185836,0.021333,0.549624,-0.137955,7.08495,
EOSS-316,AE0SS-13,2021-10-10 08:01:12.296,2021-10-10 08:01:11,32196.0,9813.34,1314.0,1241.0,ascending,/140111h3937.24N/10354.97WO056/040EOSS Baloon/A=032196!W74!,"AE0SS-13>APTT4,EOSS,qAO,N6BA-10:/140111h3937.24N/10354.97WO056/040EOSS Baloon/A=032196!W74!",56.0,46.0,74.0,39.6207833333,-103.9162333333,6.75,10.87,,,,,,,,0.00021833,0.00011056,21.9,6.675,high Re,-0.051111,21.302703,0.009902,3.864401,0.069881,0.154564,-0.873099,23.241432,-0.015578,6.493062,0.003018,1.177881,0.021299,0.154462,-0.873093,7.083992,
EOSS-316,KC0D-14,2021-10-10 08:01:31.683,2021-10-10 08:01:30,32725.0,9974.58,1400.0,1260.0,ascending,/140130h3937.39N/10354.72WO057/049/A=032725 61T2718P EOSS BALLOON,"KC0D-14>APZEOS,EOSS,WIDE2-1,qAO,N6BA-10:/140130h3937.39N/10354.72WO057/049/A=032725 61T2718P EOSS BALLOON",57.0,56.0,90.1,39.6231666667,-103.912,7.0,11.26,42.98,6.1,279.25,27180.0,0.27,0.00065792,0.3390773,0.00021667,0.00011667,23.33333333,7.112,high Re,0.047778,21.329778,0.010414,3.845356,0.06954,0.521032,0.537302,23.239867,0.014567,6.501314,0.003174,1.172077,0.021195,0.521029,0.537532,7.083515,
EOSS-316,KC0D-14,2021-10-10 08:02:01.750,2021-10-10 08:02:00,33428.0,10188.85,1406.0,1290.0,ascending,/140200h3937.66N/10354.26WO048/060/A=033428 57T2634P EOSS BALLOON,"KC0D-14>APZEOS,EOSS,WIDE2-1,qAO,N6BA-10:/140200h3937.66N/10354.26WO048/060/A=033428 57T2634P EOSS BALLOON",48.0,69.0,111.0,39.6276666667,-103.9043333333,7.45,11.99,42.26,5.7,278.85,26340.0,0.26,0.0006385,0.32906945,0.00025556,0.00015,23.43333333,7.14233333,high Re,0.003333,21.357456,0.01032,3.827249,0.069074,0.542394,-0.101152,23.257084,0.001011,6.509749,0.003145,1.166556,0.021053,0.542267,-0.101363,7.088762,
EOSS-316,AE0SS-13,2021-10-10 08:02:12.310,2021-10-10 08:02:11,33643.0,10254.39,1447.0,1301.0,ascending,/140211h3937.77N/10354.07WO059/065EOSS Baloon/A=033643!W52!,"AE0SS-13>APTT4,EOSS,qAO,N6BA-10:/140211h3937.77N/10354.07WO059/065EOSS Baloon/A=033643!W52!",59.0,75.0,120.7,39.6295833333,-103.9012,7.64,12.29,,,,,,,,0.00025056,0.00014667,24.11666667,7.35083333,high Re,0.011389,21.39329,0.010334,3.814967,0.068612,0.713866,0.015376,23.266721,0.003475,6.520672,0.00315,1.162813,0.020912,0.713925,0.015541,7.0917,
EOSS-316,KC0D-14,2021-10-10 08:02:31.767,2021-10-10 08:02:30,34144.0,10407.09,1432.0,1320.0,ascending,/140230h3937.97N/10353.78WO054/062/A=034144 52T2550P EOSS BALLOON,"KC0D-14>APZEOS,EOSS,WIDE2-1,qAO,N6BA-10:/140230h3937.97N/10353.78WO054/062/A=034144 52T2550P EOSS BALLOON",54.0,71.0,114.3,39.6328333333,-103.8963333333,7.94,12.78,41.36,5.2,278.35,25500.0,0.25,0.00061925,0.31914747,0.00026667,0.00017222,23.86666667,7.27466667,high Re,-0.008333,21.425,0.010091,3.800446,0.068192,0.642468,-0.270178,23.296921,-0.002539,6.530338,0.003076,1.158388,0.020785,0.642556,-0.270147,7.100904,
EOSS-316,KC0D-14,2021-10-10 08:03:01.914,2021-10-10 08:03:00,34847.0,10621.37,1406.0,1350.0,ascending,/140300h3938.27N/10353.26WO054/055/A=034847 48T2470P EOSS BALLOON,"KC0D-14>APZEOS,EOSS,WIDE2-1,qAO,N6BA-10:/140300h3938.27N/10353.26WO054/055/A=034847 48T2470P EOSS BALLOON",54.0,63.0,101.4,39.6378333333,-103.8876666667,8.47,13.62,40.64,4.8,277.95,24700.0,0.24,0.00060068,0.30957988,0.00028889,0.00016667,23.43333333,7.14266667,high Re,-0.014444,21.450422,0.009777,3.78276,0.067805,0.524197,-0.357216,23.356727,-0.0044,6.538089,0.00298,1.152999,0.020666,0.524352,-0.357108,7.119133,
EOSS-316,AE0SS-13,2021-10-10 08:03:12.331,2021-10-10 08:03:11,35050.0,10683.24,1407.0,1361.0,ascending,/140311h3938.37N/10353.09WO041/061EOSS Baloon/A=035050!W63!,"AE0SS-13>APTT4,EOSS,qAO,N6BA-10:/140311h3938.37N/10353.09WO041/061EOSS Baloon/A=035050!W63!",41.0,70.0,112.7,39.6396,-103.8848833333,8.64,13.9,,,,,,,,0.00027194,0.00016694,23.45,7.1475,high Re,0.000278,21.475417,0.009657,3.765385,0.067377,0.524404,-0.139202,23.377548,8.1e-05,6.545707,0.002943,1.147702,0.020536,0.524346,-0.139365,7.125479,
EOSS-316,KC0D-14,2021-10-10 08:03:32.146,2021-10-10 08:03:30,35524.0,10827.72,1354.0,1380.0,ascending,/140330h3938.55N/10352.78WO051/061/A=035524 44T2394P EOSS BALLOON,"KC0D-14>APZEOS,EOSS,WIDE2-1,qAO,N6BA-10:/140330h3938.55N/10352.78WO051/061/A=035524 44T2394P EOSS BALLOON",51.0,70.0,112.7,39.6425,-103.8796666667,8.96,14.42,39.92,4.4,277.55,23940.0,0.24,0.00058304,0.30048678,0.00026667,0.00015556,22.56666667,6.87833333,high Re,-0.029444,21.488889,0.009168,3.743741,0.067092,0.287888,-0.575508,23.431854,-0.008972,6.549813,0.002794,1.141105,0.020449,0.287897,-0.575383,7.142032,
EOSS-316,AE0SS-13,2021-10-10 08:03:42.343,2021-10-10 08:03:41,35697.0,10880.45,1294.0,1391.0,ascending,/140341h3938.64N/10352.58WO063/054EOSS Baloon/A=035697!W45!,"AE0SS-13>APTT4,EOSS,qAO,KB0TVJ-1:/140341h3938.64N/10352.58WO063/054EOSS Baloon/A=035697!W45!",63.0,62.0,99.8,39.6440666667,-103.8764166667,9.15,14.73,,,,,,,,0.00028222,0.00014889,21.56666667,6.57366667,high Re,-0.033333,21.489837,0.008643,3.72057,0.066838,0.02065,-0.628026,23.453535,-0.010156,6.550104,0.002635,1.134042,0.020372,0.020778,-0.627872,7.14864,
EOSS-316,KC0D-14,2021-10-10 08:04:01.792,2021-10-10 08:04:00,36202.0,11034.37,1356.0,1410.0,ascending,/140400h3938.82N/10352.28WO054/063/A=036202 40T2322P EOSS BALLOON,"KC0D-14>APZEOS,EOSS,WIDE2-1,qAO,N6BA-10:/140400h3938.82N/10352.28WO054/063/A=036202 40T2322P EOSS BALLOON",54.0,72.0,115.9,39.647,-103.8713333333,9.47,15.24,39.2,4.0,277.15,23220.0,0.23,0.00056632,0.29187022,0.00027778,0.00015,22.6,6.88833333,high Re,0.034444,21.503213,0.008958,3.699821,0.066485,0.296443,0.383335,23.521946,0.010489,6.554179,0.00273,1.127718,0.020264,0.29631,0.382896,7.169491,
EOSS-316,AE0SS-13,2021-10-10 08:04:12.356,2021-10-10 08:04:11,36376.0,11087.4,1358.0,1421.0,ascending,/140411h3938.91N/10352.08WO060/051EOSS Baloon/A=036376!W25!,"AE0SS-13>APTT4,EOSS,qAO,KB0TVJ-1:/140411h3938.91N/10352.08WO060/051EOSS Baloon/A=036376!W25!",60.0,59.0,95.0,39.6485333333,-103.8680833333,9.66,15.55,,,,,,,,0.00027778,0.00014889,22.63333333,6.89833333,high Re,0.001111,21.516667,0.008863,3.679532,0.066084,0.303481,-0.117305,23.547129,0.000333,6.558276,0.002701,1.121532,0.020142,0.303208,-0.117565,7.177166,
EOSS-316,KC0D-14,2021-10-10 08:04:32.010,2021-10-10 08:04:30,36873.0,11238.89,1342.0,1440.0,ascending,/140430h3939.07N/10351.77WO058/050/A=036873 36T2251P EOSS BALLOON,"KC0D-14>APZEOS,EOSS,WIDE2-1,qAO,N6BA-10:/140430h3939.07N/10351.77WO058/050/A=036873 36T2251P EOSS BALLOON",58.0,58.0,93.3,39.6511666667,-103.8628333333,9.98,16.07,38.48,3.6,276.75,22510.0,0.22,0.0005498,0.28335463,0.00028333,0.00013889,22.36666667,6.81733333,high Re,-0.008889,21.526667,0.008652,3.658726,0.065714,0.229588,-0.266929,23.622959,-0.0027,6.561324,0.002637,1.115191,0.020029,0.229565,-0.266464,7.200279,
EOSS-316,AE0SS-13,2021-10-10 08:04:42.313,2021-10-10 08:04:41,37072.0,11299.55,1392.0,1451.0,ascending,/140441h3939.15N/10351.59WO053/054EOSS Baloon/A=037072!W03!,"AE0SS-13>APTT4,EOSS,qAO,KB0TVJ-1:/140441h3939.15N/10351.59WO053/054EOSS Baloon/A=037072!W03!",53.0,62.0,99.8,39.6525,-103.8598833333,10.16,16.35,,,,,,,,0.00027333,0.00013222,23.2,7.07166667,high Re,0.027778,21.546124,0.008877,3.641614,0.065354,0.45416,0.28921,23.654732,0.008478,6.567258,0.002706,1.109976,0.01992,0.454432,0.289759,7.209964,
EOSS-316,KC0D-14,2021-10-10 08:05:01.896,2021-10-10 08:05:00,37604.0,11461.7,1462.0,1470.0,ascending,/140500h3939.27N/10351.28WO057/053/A=037604 31T2177P EOSS BALLOON,"KC0D-14>APZEOS,EOSS,WIDE2-1,qAO,N6BA-10:/140500h3939.27N/10351.28WO057/053/A=037604 31T2177P EOSS BALLOON",57.0,61.0,98.2,39.6545,-103.8546666667,10.47,16.85,37.58,3.1,276.25,21770.0,0.21,0.00053269,0.27453555,0.00027222,0.00011111,24.36666667,7.427,high Re,0.038889,21.578544,0.009226,3.632987,0.065049,0.767446,0.45601,23.742762,0.011844,6.57714,0.002812,1.107347,0.019827,0.767474,0.45554,7.236795,
EOSS-316,AE0SS-13,2021-10-10 08:05:12.346,2021-10-10 08:05:11,37764.0,11510.47,1384.0,1481.0,ascending,/140511h3939.34N/10351.08WO069/052EOSS Baloon/A=037764!W77!,"AE0SS-13>APTT4,EOSS,qAO,N6BA-10:/140511h3939.34N/10351.08WO069/052EOSS Baloon/A=037764!W77!",69.0,60.0,96.6,39.6557833333,-103.85145,10.66,17.15,,,,,,,,0.00028111,0.00010944,23.06666667,7.03066667,high Re,-0.043333,21.595455,0.008622,3.615529,0.064915,0.406915,-0.800354,23.769932,-0.013211,6.582294,0.002628,1.102025,0.019786,0.406863,-0.800516,7.245077,
EOSS-316,KC0D-14,2021-10-10 08:05:31.671,2021-10-10 08:05:30,38272.0,11665.31,1336.0,1500.0,ascending,/140530h3939.47N/10350.82WO059/042/A=038272 28T2111P EOSS BALLOON,"KC0D-14>APZEOS,EOSS,WIDE2-1,qAO,N6BA-10:/140530h3939.47N/10350.82WO059/042/A=038272 28T2111P EOSS BALLOON",59.0,48.0,77.2,39.6578333333,-103.847,10.93,17.58,37.04,2.8,275.95,21110.0,0.21,0.0005171,0.26650188,0.00025556,0.00011111,22.26666667,6.787,high Re,-0.026667,21.602996,0.008221,3.595631,0.06465,0.184577,-0.539644,23.857543,-0.008122,6.584594,0.002506,1.095961,0.019705,0.184684,-0.539355,7.271781,
EOSS-316,AE0SS-13,2021-10-10 08:05:42.173,2021-10-10 08:05:41,38473.0,11726.57,1418.0,1511.0,ascending,/140541h3939.54N/10350.67WO049/045EOSS Baloon/A=038473!W29!,"AE0SS-13>APTT4,EOSS,qAR,W0ARP:/140541h3939.54N/10350.67WO049/045EOSS Baloon/A=038473!W29!",49.0,52.0,83.7,39.6590333333,-103.84465,11.07,17.82,,,,,,,,0.00022667,0.00010833,23.63333333,7.20333333,high Re,0.045556,21.625556,0.00864,3.581774,0.064404,0.560554,0.573194,23.892533,0.013878,6.591469,0.002634,1.091736,0.01963,0.560451,0.572797,7.282444,
EOSS-316,KC0D-14,2021-10-10 08:06:01.704,2021-10-10 08:06:00,38983.0,11882.02,1422.0,1530.0,ascending,/140600h3939.66N/10350.41WO057/048/A=038983 24T2042P EOSS BALLOON,"KC0D-14>APZEOS,EOSS,WIDE2-1,qAO,N6BA-10:/140600h3939.66N/10350.41WO057/048/A=038983 24T2042P EOSS BALLOON",57.0,55.0,88.5,39.661,-103.8401666667,11.34,18.25,36.32,2.4,275.55,20420.0,0.2,0.00050092,0.25816524,0.00022778,0.00010556,23.7,7.22366667,high Re,0.002222,21.648352,0.008569,3.568451,0.064044,0.574941,-0.099104,23.981267,0.000678,6.598416,0.002612,1.087675,0.01952,0.574851,-0.099078,7.309491,
EOSS-316,AE0SS-13,2021-10-10 08:06:12.348,2021-10-10 08:06:11,39198.0,11947.55,1450.0,1541.0,ascending,/140611h3939.72N/10350.25WO076/043EOSS Baloon/A=039198!W52!,"AE0SS-13>APTT4,EOSS,qAO,N6BA-10:/140611h3939.72N/10350.25WO076/043EOSS Baloon/A=039198!W52!",76.0,49.0,78.9,39.6620833333,-103.8375333333,11.5,18.5,,,,,,,,0.00023722,0.00010167,24.16666667,7.366,high Re,0.015556,21.675725,0.008646,3.558489,0.063692,0.7,0.108491,24.018371,0.004744,6.60676,0.002635,1.084639,0.019413,0.699993,0.108639,7.320799,
EOSS-316,KC0D-14,2021-10-10 08:06:31.686,2021-10-10 08:06:30,39676.0,12093.24,1386.0,1560.0,ascending,/140630h3939.81N/10350.01WO067/045/A=039676 20T1975P EOSS BALLOON,"KC0D-14>APZEOS,EOSS,WIDE2-1,qAO,N6BA-10:/140630h3939.81N/10350.01WO067/045/A=039676 20T1975P EOSS BALLOON",67.0,52.0,83.7,39.6635,-103.8335,11.73,18.88,35.6,2.0,275.15,19750.0,0.19,0.00048519,0.25005758,0.00022222,8.333e-05,23.1,7.04066667,high Re,-0.035556,21.691039,0.008165,3.542177,0.063508,0.397767,-0.688433,24.099438,-0.010844,6.611425,0.002489,1.079666,0.019357,0.397569,-0.688795,7.345508,
EOSS-316,AE0SS-13,2021-10-10 08:06:42.261,2021-10-10 08:06:41,39867.0,12151.46,1338.0,1571.0,ascending,/140641h3939.84N/10349.85WO084/034EOSS Baloon/A=039867!W54!,"AE0SS-13>APTT4,EOSS,qAO,N6BA-10:/140641h3939.84N/10349.85WO084/034EOSS Baloon/A=039867!W54!",84.0,39.0,62.8,39.6640833333,-103.8309,11.87,19.11,,,,,,,,0.00022111,6.667e-05,22.3,6.797,high Re,-0.026667,21.697518,0.007791,3.523642,0.063265,0.170983,-0.544661,24.131063,-0.008122,6.6134,0.002375,1.074016,0.019283,0.170947,-0.544366,7.355148,
EOSS-316,KC0D-14,2021-10-10 08:07:01.662,2021-10-10 08:07:00,40416.0,12318.8,1480.0,1590.0,ascending,/140700h3939.93N/10349.62WO069/043/A=040416 16T1909P EOSS BALLOON,"KC0D-14>APZEOS,EOSS,WIDE2-1,qAO,N6BA-10:/140700h3939.93N/10349.62WO069/043/A=040416 16T1909P EOSS BALLOON",69.0,49.0,78.9,39.6655,-103.827,12.1,19.48,34.88,1.6,274.75,19090.0,0.19,0.00046966,0.24205312,0.00021667,6.667e-05,24.66666667,7.51866667,high Re,0.078889,21.728772,0.008547,3.518063,0.06335,0.835089,1.110371,24.218587,0.024056,6.622929,0.002605,1.072318,0.019309,0.835328,1.110933,7.381825,
EOSS-316,AE0SS-13,2021-10-10 08:07:12.400,2021-10-10 08:07:11,40605.0,12376.4,1476.0,1601.0,ascending,/140711h3939.97N/10349.45WO070/050EOSS Baloon/A=040605!W51!,"AE0SS-13>APTT4,EOSS,qAO,N6BA-10:/140711h3939.97N/10349.45WO070/050EOSS Baloon/A=040605!W51!",70.0,58.0,93.3,39.66625,-103.8241833333,12.26,19.73,,,,,,,,0.00022389,7.222e-05,24.6,7.498,high Re,-0.002222,21.758681,0.008434,3.511746,0.063022,0.80909,-0.169084,24.247319,-0.000689,6.632044,0.002571,1.070391,0.019209,0.809009,-0.169712,7.390582,
EOSS-316,KC0D-14,2021-10-10 08:07:31.896,2021-10-10 08:07:30,41133.0,12537.34,1434.0,1620.0,ascending,/140730h3940.02N/10349.23WO065/028/A=041133 12T1847P EOSS BALLOON,"KC0D-14>APZEOS,EOSS,WIDE2-1,qAO,N6BA-10:/140730h3940.02N/10349.23WO065/028/A=041133 12T1847P EOSS BALLOON",65.0,32.0,51.5,39.667,-103.8205,12.46,20.06,34.16,1.2,274.35,18470.0,0.18,0.00045507,0.23453323,0.00021667,5e-05,23.9,7.28466667,high Re,-0.023333,21.780756,0.008103,3.500166,0.062773,0.60547,-0.500789,24.322934,-0.007111,6.638772,0.00247,1.066862,0.019133,0.605415,-0.500758,7.41363,
EOSS-316,AE0SS-13,2021-10-10 08:07:42.280,2021-10-10 08:07:41,41324.0,12595.56,1438.0,1631.0,ascending,/140741h3940.05N/10349.11WO091/032EOSS Baloon/A=041324!W10!,"AE0SS-13>APTT4,EOSS,qAO,N6BA-10:/140741h3940.05N/10349.11WO091/032EOSS Baloon/A=041324!W10!",91.0,37.0,59.5,39.6675166667,-103.8185,12.58,20.24,,,,,,,,0.00018944,4.222e-05,23.96666667,7.30533333,high Re,0.002222,21.803061,0.008042,3.489072,0.062448,0.620109,-0.093198,24.348386,0.000689,6.645574,0.002451,1.063482,0.019034,0.620377,-0.092571,7.421388,
EOSS-316,KC0D-14,2021-10-10 08:08:01.677,2021-10-10 08:08:00,41888.0,12767.46,1510.0,1650.0,ascending,/140800h3940.10N/10348.92WO078/033/A=041888 9T1782P EOSS BALLOON,"KC0D-14>APZEOS,EOSS,WIDE2-1,qAO,N6BA-10:/140800h3940.10N/10348.92WO078/033/A=041888 9T1782P EOSS BALLOON",78.0,38.0,61.2,39.6683333333,-103.8153333333,12.75,20.52,33.62,0.9,274.05,17820.0,0.18,0.00043954,0.22652719,0.00017222,4.444e-05,25.16666667,7.67066667,high Re,0.04,21.837037,0.008368,3.487647,0.062209,0.954692,0.508479,24.416757,0.012178,6.655928,0.002551,1.063046,0.018961,0.954558,0.507726,7.442226,
EOSS-316,KC0D-14,2021-10-10 08:08:31.679,2021-10-10 08:08:30,42644.0,12997.89,1512.0,1680.0,ascending,/140830h3940.17N/10348.63WO071/019/A=042644 5T1719P EOSS BALLOON,"KC0D-14>APZEOS,EOSS,WIDE2-1,qAO,N6BA-10:/140830h3940.17N/10348.63WO071/019/A=042644 5T1719P EOSS BALLOON",71.0,22.0,35.4,39.6695,-103.8105,13.02,20.96,32.9,0.5,273.65,17190.0,0.17,0.00042462,0.21883807,0.00016111,3.889e-05,25.2,7.681,high Re,0.001111,21.870667,0.008295,3.486246,0.061896,0.954991,-0.116066,24.490244,0.000344,6.666179,0.002528,1.062619,0.018865,0.955019,-0.11577,7.464625,
EOSS-316,AE0SS-13,2021-10-10 08:08:42.266,2021-10-10 08:08:41,42856.0,13062.51,1532.0,1691.0,ascending,/140841h3940.20N/10348.54WO057/035EOSS Baloon/A=042856!W75!,"AE0SS-13>APTT4,EOSS,qAO,N6BA-10:/140841h3940.20N/10348.54WO057/035EOSS Baloon/A=042856!W75!",57.0,40.0,64.4,39.6701166667,-103.8090833333,13.11,21.09,,,,,,,,0.00015694,4.333e-05,25.53333333,7.7825,high Re,0.005556,21.906931,0.008268,3.487864,0.061583,1.03972,-0.044038,24.506684,0.001692,6.677232,0.00252,1.063112,0.01877,1.039653,-0.044113,7.469636,
EOSS-316,KC0D-14,2021-10-10 08:09:01.725,2021-10-10 08:09:00,43417.0,13233.5,1546.0,1710.0,ascending,/140900h3940.26N/10348.37WO060/029/A=043417 1T1656P EOSS BALLOON,"KC0D-14>APZEOS,EOSS,WIDE2-1,qAO,N6BA-10:/140900h3940.26N/10348.37WO060/029/A=043417 1T1656P EOSS BALLOON",60.0,33.0,53.1,39.671,-103.8061666667,13.27,21.36,32.18,0.1,273.25,16560.0,0.16,0.00040965,0.21112643,0.00014444,5e-05,25.76666667,7.85366667,high Re,0.007778,21.944771,0.008263,3.491533,0.061274,1.094618,-0.007915,24.540571,0.002372,6.688765,0.002519,1.06423,0.018676,1.094596,-0.007871,7.479964,
EOSS-316,KC0D-14,2021-10-10 08:09:31.679,2021-10-10 08:09:30,44189.0,13468.81,1544.0,1740.0,ascending,/140930h3940.31N/10348.07WO085/026/A=044189 -1T1597P EOSS BALLOON,"KC0D-14>APZEOS,EOSS,WIDE2-1,qAO,N6BA-10:/140930h3940.31N/10348.07WO085/026/A=044189 -1T1597P EOSS BALLOON",85.0,30.0,48.3,39.6718333333,-103.8011666667,13.54,21.8,31.82,-0.1,273.05,15970.0,0.16,0.00039535,0.20375355,0.00016667,2.778e-05,25.73333333,7.84366667,high Re,-0.001111,21.981553,0.008171,3.494372,0.060977,1.073664,-0.152221,24.562743,-0.000333,6.699978,0.002491,1.065097,0.018585,1.073788,-0.15195,7.486722,
EOSS-316,AE0SS-13,2021-10-10 08:09:42.239,2021-10-10 08:09:41,44379.0,13526.72,1523.0,1751.0,ascending,/140941h3940.31N/10347.94WO069/033EOSS Baloon/A=044379!W77!,"AE0SS-13>APTT4,EOSS,qAR,W0ARP:/140941h3940.31N/10347.94WO069/033EOSS Baloon/A=044379!W77!",69.0,38.0,61.2,39.67195,-103.7991166667,13.65,21.97,,,,,,,,0.00016611,3.056e-05,25.38333333,7.73683333,high Re,-0.005833,22.014263,0.008035,3.49333,0.060693,0.964429,-0.228494,24.563607,-0.001781,6.709948,0.002449,1.064779,0.018499,0.964412,-0.228661,7.486985,
EOSS-316,KC0D-14,2021-10-10 08:10:01.910,2021-10-10 08:10:00,44943.0,13698.63,1508.0,1770.0,ascending,/141000h3940.33N/10347.78WO096/033/A=044943 -5T1541P EOSS BALLOON,"KC0D-14>APZEOS,EOSS,WIDE2-1,qAO,N6BA-10:/141000h3940.33N/10347.78WO096/033/A=044943 -5T1541P EOSS BALLOON",96.0,38.0,61.2,39.6721666667,-103.7963333333,13.79,22.2,31.1,-0.5,272.65,15410.0,0.15,0.00038204,0.19689722,0.00016111,1.111e-05,25.13333333,7.66066667,high Re,-0.008333,22.043968,0.007877,3.489795,0.060419,0.885257,-0.268293,24.555031,-0.002539,6.719002,0.002401,1.063702,0.018415,0.885271,-0.26826,7.484371,
EOSS-316,AE0SS-13,2021-10-10 08:10:12.222,2021-10-10 08:10:11,45173.0,13768.73,1588.0,1781.0,ascending,/141011h3940.31N/10347.65WO091/028EOSS Baloon/A=045173!W25!,"AE0SS-13>APTT4,EOSS,qAR,W0ARP:/141011h3940.31N/10347.65WO091/028EOSS Baloon/A=045173!W25!",91.0,32.0,51.5,39.6718666667,-103.79425,13.89,22.36,,,,,,,,0.00016222,-2.78e-06,26.46666667,8.067,high Re,0.044444,22.085692,0.008226,3.499602,0.060234,1.251849,0.601288,24.54665,0.013544,6.731719,0.002507,1.06669,0.018359,1.251799,0.601177,7.481816,
EOSS-316,KC0D-14,2021-10-10 08:10:31.670,2021-10-10 08:10:30,45710.0,13932.41,1534.0,1800.0,ascending,/141030h3940.31N/10347.50WO115/019/A=045710 -8T1485P EOSS BALLOON,"KC0D-14>APZEOS,EOSS,WIDE2-1,qAO,N6BA-10:/141030h3940.31N/10347.50WO115/019/A=045710 -8T1485P EOSS BALLOON",115.0,22.0,35.4,39.6718333333,-103.7916666667,14.02,22.57,30.56,-0.8,272.35,14850.0,0.15,0.00036857,0.18995097,0.00015556,-1.111e-05,25.56666667,7.79266667,high Re,-0.03,22.118224,0.007865,3.499274,0.060061,0.985474,-0.630442,24.515832,-0.009144,6.741634,0.002397,1.06659,0.018306,0.985414,-0.630449,7.472422,
EOSS-316,KC0D-14,2021-10-10 08:11:01.678,2021-10-10 08:11:00,46442.0,14155.52,1464.0,1830.0,ascending,/141100h3940.24N/10347.34WO144/013/A=046442 -12T1434P EOSS BALLOON,"KC0D-14>APZEOS,EOSS,WIDE2-1,qAO,N6BA-10:/141100h3940.24N/10347.34WO144/013/A=046442 -12T1434P EOSS BALLOON",144.0,15.0,24.1,39.6706666667,-103.789,14.13,22.74,29.84,-1.2,271.95,14340.0,0.14,0.00035643,0.1836972,8.889e-05,-3.889e-05,24.4,7.437,high Re,-0.038889,22.139352,0.007428,3.489798,0.059948,0.647788,-0.77262,24.448119,-0.011856,6.748073,0.002264,1.0637,0.018272,0.64767,-0.772767,7.451783,
EOSS-316,AE0SS-13,2021-10-10 08:11:12.283,2021-10-10 08:11:11,46666.0,14223.8,1493.0,1841.0,ascending,/141111h3940.21N/10347.29WO097/015EOSS Baloon/A=046666!W41!,"AE0SS-13>APTT4,EOSS,qAR,W0ARP:/141111h3940.21N/10347.29WO097/015EOSS Baloon/A=046666!W41!",97.0,17.0,27.4,39.6702333333,-103.7881833333,14.16,22.8,,,,,,,,0.00010111,-2.722e-05,24.88333333,7.5845,high Re,0.008056,22.164526,0.007434,3.483533,0.059667,0.780474,0.010425,24.421441,0.002458,6.755747,0.002266,1.061791,0.018186,0.780524,0.010558,7.443652,
EOSS-316,KC0D-14,2021-10-10 08:11:31.654,2021-10-10 08:11:30,47195.0,14385.04,1506.0,1860.0,ascending,/141130h3940.21N/10347.21WO088/017/A=047195 -15T1382P EOSS BALLOON,"KC0D-14>APZEOS,EOSS,WIDE2-1,qAO,N6BA-10:/141130h3940.21N/10347.21WO088/017/A=047195 -15T1382P EOSS BALLOON",88.0,20.0,32.2,39.6701666667,-103.7868333333,14.23,22.9,29.3,-1.5,271.65,13820.0,0.14,0.00034389,0.17723145,7.222e-05,-1.667e-05,25.1,7.65066667,high Re,0.007222,22.191212,0.007432,3.478794,0.05939,0.836148,-0.003536,24.347402,0.002206,6.763882,0.002265,1.060348,0.018102,0.836315,-0.003259,7.421084,
EOSS-316,AE0SS-13,2021-10-10 08:11:42.261,2021-10-10 08:11:41,47414.0,14451.79,1496.0,1871.0,ascending,/141141h3940.21N/10347.12WO085/017EOSS Baloon/A=047414!W68!,"AE0SS-13>APTT4,EOSS,qAO,N6BA-10:/141141h3940.21N/10347.12WO085/017EOSS Baloon/A=047414!W68!",85.0,20.0,32.2,39.6702666667,-103.7854666667,14.3,23.02,,,,,,,,9.056e-05,1.11e-06,24.93333333,7.59966667,high Re,-0.005556,22.215916,0.007314,3.472712,0.05913,0.782506,-0.217656,24.312245,-0.0017,6.771412,0.002229,1.058494,0.018022,0.782484,-0.218011,7.410368,
EOSS-316,KC0D-14,2021-10-10 08:12:01.715,2021-10-10 08:12:00,47935.0,14610.59,1480.0,1890.0,ascending,/141200h3940.23N/10347.02WO063/021/A=047935 -19T1334P EOSS BALLOON,"KC0D-14>APZEOS,EOSS,WIDE2-1,qAO,N6BA-10:/141200h3940.23N/10347.02WO063/021/A=047935 -19T1334P EOSS BALLOON",63.0,24.0,38.6,39.6705,-103.7836666667,14.4,23.17,28.58,-1.9,271.25,13340.0,0.13,0.00033243,0.17132807,0.00010556,1.111e-05,24.66666667,7.51833333,high Re,-0.008889,22.237798,0.007168,3.464781,0.058881,0.701017,-0.272703,24.218158,-0.002711,6.778081,0.002185,1.056076,0.017946,0.700946,-0.272818,7.38169,
EOSS-316,AE0SS-13,2021-10-10 08:12:12.339,2021-10-10 08:12:11,48149.0,14675.82,1470.0,1901.0,ascending,/141211h3940.25N/10346.93WO053/026EOSS Baloon/A=048149!W96!,"AE0SS-13>APTT4,EOSS,qAO,N6BA-10:/141211h3940.25N/10346.93WO053/026EOSS Baloon/A=048149!W96!",53.0,30.0,48.3,39.6709833333,-103.7822666667,14.48,23.3,,,,,,,,0.00010667,2.389e-05,24.5,7.46766667,high Re,-0.005556,22.257817,0.007054,3.455838,0.058627,0.64881,-0.215089,24.175314,-0.001689,6.784183,0.00215,1.053351,0.017869,0.648866,-0.214841,7.368631,
EOSS-316,KC0D-14,2021-10-10 08:12:31.854,2021-10-10 08:12:30,48717.0,14848.94,1564.0,1920.0,ascending,/141230h3940.33N/10346.87WO037/023/A=048717 -22T1284P EOSS BALLOON,"KC0D-14>APZEOS,EOSS,WIDE2-1,qAO,N6BA-10:/141230h3940.33N/10346.87WO037/023/A=048717 -22T1284P EOSS BALLOON",37.0,26.0,41.8,39.6721666667,-103.7811666667,14.56,23.43,28.04,-2.2,270.95,12840.0,0.13,0.00032033,0.16508907,8.333e-05,5.556e-05,26.06666667,7.945,high Re,0.052222,22.291228,0.007454,3.458957,0.058519,1.091496,0.765016,24.050051,0.015911,6.794366,0.002272,1.0543,0.017836,1.091372,0.764689,7.330452,
EOSS-316,AE0SS-13,2021-10-10 08:12:42.262,2021-10-10 08:12:41,48927.0,14912.95,1556.0,1931.0,ascending,/141241h3940.35N/10346.80WO071/014EOSS Baloon/A=048927!W65!,"AE0SS-13>APTT4,EOSS,qAO,N6BA-10:/141241h3940.35N/10346.80WO071/014EOSS Baloon/A=048927!W65!",71.0,16.0,25.7,39.6726,-103.7800833333,14.62,23.54,,,,,,,,7.278e-05,5.389e-05,25.93333333,7.90433333,high Re,-0.004444,22.322899,0.00735,3.460459,0.05827,1.04334,-0.202403,23.999596,-0.001356,6.804018,0.00224,1.054757,0.01776,1.043193,-0.202477,7.315072,
EOSS-316,KC0D-14,2021-10-10 08:13:01.709,2021-10-10 08:13:00,49448.0,15071.75,1462.0,1950.0,ascending,/141300h3940.36N/10346.69WO081/021/A=049448 -25T1239P EOSS BALLOON,"KC0D-14>APZEOS,EOSS,WIDE2-1,qAO,N6BA-10:/141300h3940.36N/10346.69WO081/021/A=049448 -25T1239P EOSS BALLOON",81.0,24.0,38.6,39.6726666667,-103.7781666667,14.72,23.69,27.5,-2.5,270.65,12390.0,0.12,0.00030944,0.15947982,0.0001,1.667e-05,24.36666667,7.427,high Re,-0.052222,22.340517,0.006832,3.450603,0.05828,0.587187,-1.013281,23.865117,-0.015911,6.809388,0.002082,1.051752,0.017763,0.587222,-1.012948,7.274083,
EOSS-316,AE0SS-13,2021-10-10 08:13:12.246,2021-10-10 08:13:11,49629.0,15126.92,1404.0,1961.0,ascending,/141311h3940.36N/10346.63WO130/014EOSS Baloon/A=049629!W41!,"AE0SS-13>APTT4,EOSS,qAO,N6BA-10:/141311h3940.36N/10346.63WO130/014EOSS Baloon/A=049629!W41!",130.0,16.0,25.7,39.6727333333,-103.7771833333,14.77,23.78,,,,,,,,9.667e-05,4.44e-06,23.4,7.13233333,high Re,-0.032222,22.349573,0.006495,3.437093,0.058139,0.305615,-0.665939,23.815388,-0.009822,6.812149,0.00198,1.047635,0.01772,0.305626,-0.666027,7.258925,
EOSS-316,KC0D-14,2021-10-10 08:13:31.668,2021-10-10 08:13:30,50142.0,15283.28,1388.0,1980.0,ascending,/141330h3940.37N/10346.51WO088/011/A=050142 -28T1198P EOSS BALLOON,"KC0D-14>APZEOS,EOSS,WIDE2-1,qAO,N6BA-10:/141330h3940.37N/10346.51WO088/011/A=050142 -28T1198P EOSS BALLOON",88.0,13.0,20.9,39.6728333333,-103.7751666667,14.88,23.94,26.96,-2.8,270.35,11980.0,0.12,0.00029953,0.15437355,0.0001,5.56e-06,23.13333333,7.051,high Re,-0.008889,22.356215,0.006364,3.423134,0.057905,0.22702,-0.263414,23.666395,-0.002711,6.814173,0.00194,1.04338,0.017649,0.226981,-0.263528,7.213513,
EOSS-316,AE0SS-13,2021-10-10 08:13:42.546,2021-10-10 08:13:41,50298.0,15330.83,1338.0,1991.0,ascending,/141341h3940.35N/10346.45WO082/010EOSS Baloon/A=050298!W50!,"AE0SS-13>APTT4,EOSS,qAO,N6BA-10:/141341h3940.35N/10346.45WO082/010EOSS Baloon/A=050298!W50!",82.0,12.0,19.3,39.6725833333,-103.7741666667,14.92,24.02,,,,,,,,0.00010056,-5e-06,22.3,6.797,high Re,-0.027778,22.355742,0.006074,3.408602,0.057743,-0.016353,-0.586253,23.618811,-0.008467,6.814028,0.001851,1.03895,0.0176,-0.01639,-0.58625,7.199009,
EOSS-316,KC0D-14,2021-10-10 08:14:01.658,2021-10-10 08:14:00,50683.0,15448.18,1082.0,2010.0,ascending,/141400h3940.36N/10346.35WO105/014/A=050683 -31T1167P EOSS BALLOON,"KC0D-14>APZEOS,EOSS,WIDE2-1,qAO,N6BA-10:/141400h3940.36N/10346.35WO105/014/A=050683 -31T1167P EOSS BALLOON",105.0,16.0,25.7,39.6726666667,-103.7725,15.01,24.16,26.42,-3.1,270.05,11670.0,0.12,0.00029211,0.15054597,8.889e-05,-5.56e-06,18.03333333,5.49666667,high Re,-0.142222,22.319722,0.004828,3.417108,0.059083,-1.254391,-2.488872,23.497055,-0.043344,6.80305,0.001472,1.041542,0.018008,-1.254278,-2.488672,7.161897,
EOSS-316,AE0SS-13,2021-10-10 08:14:12.318,2021-10-10 08:14:11,50771.0,15475.0,946.0,2021.0,ascending,/141411h3940.34N/10346.28WO109/020EOSS Baloon/A=050771!W61!,"AE0SS-13>APTT4,EOSS,qAO,N6BA-10:/141411h3940.34N/10346.28WO109/020EOSS Baloon/A=050771!W61!",109.0,23.0,37.0,39.6724333333,-103.77135,15.06,24.24,,,,,,,,9.389e-05,-5e-06,15.76666667,4.80566667,high Re,-0.075556,22.265565,0.004158,3.454594,0.05929,-1.881234,-1.344476,23.468388,-0.023033,6.786543,0.001267,1.052968,0.018071,-1.881231,-1.344696,7.15316,
EOSS-316,KC0D-14,2021-10-10 08:14:31.699,2021-10-10 08:14:30,51197.0,15604.85,1028.0,2040.0,ascending,/141430h3940.35N/10346.19WO102/015/A=051197 -34T1138P EOSS BALLOON,"KC0D-14>APZEOS,EOSS,WIDE2-1,qAO,N6BA-10:/141430h3940.35N/10346.19WO102/015/A=051197 -34T1138P EOSS BALLOON",102.0,17.0,27.4,39.6725,-103.7698333333,15.14,24.37,25.88,-3.4,269.75,11380.0,0.11,0.00028517,0.14696816,8.889e-05,-5.56e-06,17.13333333,5.22233333,high Re,0.045556,22.223497,0.0045,3.471525,0.059162,-1.466262,0.693959,23.325429,0.013889,6.773722,0.001372,1.058127,0.018032,-1.466165,0.694155,7.109584,
EOSS-316,KC0D-14,2021-10-10 08:15:01.677,2021-10-10 08:15:00,52004.0,15850.82,1614.0,2070.0,ascending,/141500h3940.41N/10346.04WO067/023/A=052004 -37T1093P EOSS BALLOON,"KC0D-14>APZEOS,EOSS,WIDE2-1,qAO,N6BA-10:/141500h3940.41N/10346.04WO067/023/A=052004 -37T1093P EOSS BALLOON",67.0,26.0,41.8,39.6735,-103.7673333333,15.29,24.61,25.34,-3.7,269.45,10930.0,0.11,0.00027419,0.14131375,8.333e-05,3.333e-05,26.9,8.199,high Re,0.325556,22.261518,0.007132,3.482888,0.065697,1.331792,4.846858,23.037071,0.099222,6.785309,0.002174,1.061589,0.020024,1.331674,4.846584,7.021694,
EOSS-316,KC0D-14,2021-10-10 08:15:31.739,2021-10-10 08:15:30,52757.0,16080.33,1506.0,2100.0,ascending,/141530h3940.53N/10345.82WO058/029/A=052757 -40T1054P EOSS BALLOON,"KC0D-14>APZEOS,EOSS,WIDE2-1,qAO,N6BA-10:/141530h3940.53N/10345.82WO058/029/A=052757 -40T1054P EOSS BALLOON",58.0,33.0,53.1,39.6755,-103.7636666667,15.52,24.97,24.8,-4.0,269.15,10540.0,0.1,0.0002647,0.13642334,0.00012222,6.667e-05,25.1,7.65033333,high Re,-0.06,22.284409,0.006586,3.478054,0.065707,0.809531,-1.013378,22.75005,-0.018289,6.792285,0.002007,1.060115,0.020027,0.809392,-1.013432,6.934211,
EOSS-316,KC0D-14,2021-10-10 08:16:01.681,2021-10-10 08:16:00,53566.0,16326.92,1618.0,2130.0,ascending,/141600h3940.60N/10345.57WO065/020/A=053566 -43T1012P EOSS BALLOON,"KC0D-14>APZEOS,EOSS,WIDE2-1,qAO,N6BA-10:/141600h3940.60N/10345.57WO065/020/A=053566 -43T1012P EOSS BALLOON",65.0,23.0,37.0,39.6766666667,-103.7595,15.75,25.35,24.26,-4.3,268.85,10120.0,0.1,0.00025444,0.13113328,0.00013889,3.889e-05,26.96666667,8.21966667,high Re,0.062222,22.321867,0.007035,3.489225,0.06563,1.331184,0.840881,22.426024,0.018978,6.803704,0.002144,1.063522,0.020003,1.33139,0.841574,6.835445,
EOSS-316,KC0D-14,2021-10-10 08:16:31.858,2021-10-10 08:16:30,54351.0,16566.18,1570.0,2160.0,ascending,/141630h3940.66N/10345.30WO083/033/A=054351 -45T973P EOSS BALLOON,"KC0D-14>APZEOS,EOSS,WIDE2-1,qAO,N6BA-10:/141630h3940.66N/10345.30WO083/033/A=054351 -45T973P EOSS BALLOON",83.0,38.0,61.2,39.6776666667,-103.755,16.0,25.75,23.9,-4.5,268.65,9730.0,0.1,0.00024482,0.12617359,0.00015,3.333e-05,26.16666667,7.97533333,high Re,-0.026667,22.352381,0.006765,3.492079,0.065434,1.092268,-0.510927,22.099748,-0.008144,6.813003,0.002062,1.06439,0.019944,1.092015,-0.511733,6.735999,
EOSS-316,AE0SS-13,2021-10-10 08:16:42.542,2021-10-10 08:16:41,54518.0,16617.09,1498.8,2171.0,ascending,/141641h3940.68N/10345.17WO075/030EOSS Baloon/A=054518!W28!,"AE0SS-13>APTT4,EOSS,qAO,N6BA-10:/141641h3940.68N/10345.17WO075/030EOSS Baloon/A=054518!W28!",75.0,35.0,56.3,39.6780333333,-103.7529666667,16.11,25.93,,,,,,,,0.00012256,3.733e-05,24.98,7.61393333,high Re,-0.007911,22.373071,0.006649,3.486,0.065185,0.747828,-0.223364,22.029174,-0.002409,6.81931,0.002027,1.062537,0.019868,0.747855,-0.223274,6.714485,
EOSS-316,KC0D-14,2021-10-10 08:17:01.686,2021-10-10 08:17:00,54882.0,16728.03,1062.0,2190.0,ascending,/141700h3940.69N/10344.96WO090/029/A=054882 -48T948P EOSS BALLOON,"KC0D-14>APZEOS,EOSS,WIDE2-1,qAO,N6BA-10:/141700h3940.69N/10344.96WO090/029/A=054882 -48T948P EOSS BALLOON",90.0,33.0,53.1,39.6781666667,-103.7493333333,16.3,26.23,23.36,-4.8,268.35,9480.0,0.09,0.00023879,0.12306915,0.00018889,1.667e-05,17.7,5.395,high Re,-0.242667,22.336562,0.004686,3.49673,0.068591,-1.325971,-3.606202,21.874248,-0.073964,6.808182,0.001428,1.065807,0.020906,-1.325927,-3.606237,6.667266,
EOSS-316,AE0SS-13,2021-10-10 08:17:12.287,2021-10-10 08:17:11,55004.0,16765.22,972.0,2201.0,ascending,/141711h3940.68N/10344.84WO101/021EOSS Baloon/A=055004!W45!,"AE0SS-13>APTT4,EOSS,qAO,N6BA-10:/141711h3940.68N/10344.84WO101/021EOSS Baloon/A=055004!W45!",101.0,24.0,38.6,39.6780666667,-103.7474166667,16.39,26.38,,,,,,,,0.000185,1.11e-06,16.2,4.93766667,high Re,-0.05,22.288992,0.004258,3.5247,0.068492,-1.727521,-0.79218,21.82203,-0.015244,6.793682,0.001298,1.074333,0.020876,-1.727598,-0.792393,6.651349,
EOSS-316,KC0D-14,2021-10-10 08:17:31.701,2021-10-10 08:17:30,55381.0,16880.13,998.0,2220.0,ascending,/141730h3940.68N/10344.67WO092/024/A=055381 -50T925P EOSS BALLOON,"KC0D-14>APZEOS,EOSS,WIDE2-1,qAO,N6BA-10:/141730h3940.68N/10344.67WO092/024/A=055381 -50T925P EOSS BALLOON",92.0,28.0,45.1,39.678,-103.7445,16.54,26.62,23.0,-5.0,268.15,9250.0,0.09,0.00023317,0.12017286,0.00016111,-5.56e-06,16.63333333,5.07,high Re,0.014444,22.245487,0.004337,3.545879,0.068229,-1.582726,0.148133,21.659933,0.004411,6.780423,0.001322,1.080787,0.020796,-1.582572,0.148538,6.601941,
EOSS-316,AE0SS-13,2021-10-10 08:17:42.490,2021-10-10 08:17:41,55529.0,16925.24,1050.0,2231.0,ascending,/141741h3940.68N/10344.58WO108/038EOSS Baloon/A=055529!W21!,"AE0SS-13>APTT4,EOSS,qAO,N6BA-10:/141741h3940.68N/10344.58WO108/038EOSS Baloon/A=055529!W21!",108.0,44.0,70.8,39.6780333333,-103.7430166667,16.62,26.74,,,,,,,,0.00014667,-1.11e-06,17.5,5.334,high Re,0.028889,22.209262,0.004526,3.556465,0.067999,-1.324141,0.358285,21.596054,0.0088,6.769382,0.00138,1.084013,0.020725,-1.324137,0.358022,6.582471,
EOSS-316,KC0D-14,2021-10-10 08:18:01.690,2021-10-10 08:18:00,56038.0,17080.38,1314.0,2250.0,ascending,/141800h3940.63N/10344.40WO125/028/A=056038 -53T895P EOSS BALLOON,"KC0D-14>APZEOS,EOSS,WIDE2-1,qAO,N6BA-10:/141800h3940.63N/10344.40WO125/028/A=056038 -53T895P EOSS BALLOON",125.0,32.0,51.5,39.6771666667,-103.74,16.75,26.96,22.46,-5.3,267.85,8950.0,0.09,0.00022586,0.11640559,0.00015,-2.778e-05,21.9,6.675,high Re,0.146667,22.206919,0.005611,3.542967,0.068866,-0.086628,2.048268,21.375698,0.0447,6.768667,0.00171,1.079899,0.02099,-0.086737,2.048118,6.515308,
EOSS-316,AE0SS-13,2021-10-10 08:18:12.264,2021-10-10 08:18:11,56290.0,17157.19,1522.0,2261.0,ascending,/141811h3940.59N/10344.33WO106/013EOSS Baloon/A=056290!W30!,"AE0SS-13>APTT4,EOSS,qAO,N6BA-10:/141811h3940.59N/10344.33WO106/013EOSS Baloon/A=056290!W30!",106.0,15.0,24.1,39.67655,-103.7388333333,16.8,27.04,,,,,,,,0.00013944,-4.944e-05,25.36666667,7.73166667,high Re,0.115556,22.230677,0.006444,3.540139,0.069266,0.885838,1.575261,21.266416,0.035222,6.775907,0.001964,1.079037,0.021112,0.885752,1.575313,6.481999,
EOSS-316,KC0D-14,2021-10-10 08:18:31.718,2021-10-10 08:18:30,56867.0,17333.06,1658.0,2280.0,ascending,/141830h3940.53N/10344.25WO141/009/A=056867 -55T858P EOSS BALLOON,"KC0D-14>APZEOS,EOSS,WIDE2-1,qAO,N6BA-10:/141830h3940.53N/10344.25WO141/009/A=056867 -55T858P EOSS BALLOON",141.0,10.0,16.1,39.6755,-103.7375,16.85,27.12,22.1,-5.5,267.65,8580.0,0.08,0.00021669,0.11167668,8.333e-05,-5.556e-05,27.63333333,8.42266667,high Re,0.075556,22.270995,0.006964,3.557553,0.069263,1.507311,0.990312,21.01641,0.023033,6.788196,0.002123,1.084345,0.021111,1.507335,0.990479,6.405797,
EOSS-316,AE0SS-13,2021-10-10 08:18:42.316,2021-10-10 08:18:41,57097.0,17403.17,1614.0,2291.0,ascending,/141841h3940.48N/10344.21WO150/024EOSS Baloon/A=057097!W49!,"AE0SS-13>APTT4,EOSS,qAO,N6BA-10:/141841h3940.48N/10344.21WO150/024EOSS Baloon/A=057097!W49!",150.0,28.0,45.1,39.6747333333,-103.7369833333,16.86,27.14,,,,,,,,6.167e-05,-6.056e-05,26.9,8.19933333,high Re,-0.024444,22.305284,0.006729,3.566575,0.069056,1.288271,-0.451416,20.917039,-0.007444,6.798649,0.002051,1.087097,0.021048,1.288463,-0.451112,6.375506,
EOSS-316,KC0D-14,2021-10-10 08:19:01.880,2021-10-10 08:19:00,57417.0,17500.7,1100.0,2310.0,ascending,/141900h3940.44N/10344.10WO131/019/A=057417 -58T835P EOSS BALLOON,"KC0D-14>APZEOS,EOSS,WIDE2-1,qAO,N6BA-10:/141900h3940.44N/10344.10WO131/019/A=057417 -58T835P EOSS BALLOON",131.0,22.0,35.4,39.674,-103.735,16.95,27.28,21.56,-5.8,267.35,8350.0,0.08,0.00021112,0.10880497,8.333e-05,-5e-05,18.33333333,5.588,high Re,-0.285556,22.276078,0.004564,3.569627,0.073252,-1.104526,-3.960574,20.779246,-0.087044,6.789747,0.001391,1.088027,0.022327,-1.104519,-3.960899,6.333509,
EOSS-316,AE0SS-13,2021-10-10 08:19:12.332,2021-10-10 08:19:11,57527.0,17534.23,860.0,2321.0,ascending,/141911h3940.41N/10344.04WO110/019EOSS Baloon/A=057527!W15!,"AE0SS-13>APTT4,EOSS,qAO,N6BA-10:/141911h3940.41N/10344.04WO110/019EOSS Baloon/A=057527!W15!",110.0,22.0,35.4,39.6735166667,-103.7340833333,16.99,27.34,,,,,,,,9.667e-05,-4.056e-05,14.33333333,4.36866667,high Re,-0.133333,22.218102,0.00355,3.62064,0.073932,-2.177728,-1.851472,20.732033,-0.040644,6.772075,0.001082,1.103577,0.022534,-2.177835,-1.851691,6.319118,
EOSS-316,KC0D-14,2021-10-10 08:19:31.683,2021-10-10 08:19:30,57906.0,17649.75,978.0,2340.0,ascending,/141930h3940.36N/10343.93WO131/019/A=057906 -60T815P EOSS BALLOON,"KC0D-14>APZEOS,EOSS,WIDE2-1,qAO,N6BA-10:/141930h3940.36N/10343.93WO131/019/A=057906 -60T815P EOSS BALLOON",131.0,22.0,35.4,39.6726666667,-103.7321666667,17.07,27.47,21.2,-6.0,267.15,8150.0,0.08,0.00020621,0.10627837,9.444e-05,-4.444e-05,16.3,4.96833333,high Re,0.065556,22.175217,0.004003,3.642409,0.07385,-1.613003,0.833487,20.570101,0.019989,6.759005,0.00122,1.110211,0.022509,-1.612911,0.833844,6.269761,
EOSS-316,AE0SS-13,2021-10-10 08:19:42.280,2021-10-10 08:19:41,58095.0,17707.36,1136.0,2351.0,ascending,/141941h3940.32N/10343.88WO143/008EOSS Baloon/A=058095!W69!,"AE0SS-13>APTT4,EOSS,qAO,N6BA-10:/141941h3940.32N/10343.88WO143/008EOSS Baloon/A=058095!W69!",143.0,9.0,14.5,39.6721,-103.7314833333,17.1,27.51,,,,,,,,8.667e-05,-4.722e-05,18.93333333,5.771,high Re,0.087778,22.151894,0.00461,3.63959,0.073925,-0.88432,1.125032,20.489839,0.026756,6.751897,0.001405,1.109351,0.022532,-0.884208,1.125111,6.245296,
EOSS-316,KC0D-14,2021-10-10 08:20:01.698,2021-10-10 08:20:00,58797.0,17921.33,1782.0,2370.0,ascending,/142000h3940.27N/10343.85WO111/020/A=058797 -62T779P EOSS BALLOON,"KC0D-14>APZEOS,EOSS,WIDE2-1,qAO,N6BA-10:/142000h3940.27N/10343.85WO111/020/A=058797 -62T779P EOSS BALLOON",111.0,23.0,37.0,39.6711666667,-103.7308333333,17.11,27.54,20.84,-6.2,266.95,7790.0,0.08,0.00019725,0.10165997,4.444e-05,-5e-05,29.7,9.05266667,high Re,0.358889,22.20581,0.007159,3.682156,0.079551,2.035272,4.42144,20.195227,0.109389,6.768331,0.002182,1.122327,0.024247,2.035357,4.421454,6.155498,
EOSS-316,AE0SS-13,2021-10-10 08:20:12.499,2021-10-10 08:20:11,58974.0,17975.28,1758.0,2381.0,ascending,/142011h3940.25N/10343.78WO094/018EOSS Baloon/A=058974!W31!,"AE0SS-13>APTT4,EOSS,qAO,N6BA-10:/142011h3940.25N/10343.78WO094/018EOSS Baloon/A=058974!W31!",94.0,21.0,33.8,39.6708833333,-103.7296833333,17.17,27.63,,,,,,,,6e-05,-4.056e-05,29.3,8.93066667,high Re,-0.013333,22.256123,0.007012,3.717305,0.079283,1.894888,-0.256612,20.121943,-0.004067,6.783667,0.002137,1.133041,0.024165,1.8949,-0.256735,6.133161,
EOSS-316,KC0D-14,2021-10-10 08:20:31.704,2021-10-10 08:20:30,59321.0,18081.04,1048.0,2400.0,ascending,/142030h3940.20N/10343.72WO147/013/A=059321 -64T759P EOSS BALLOON,"KC0D-14>APZEOS,EOSS,WIDE2-1,qAO,N6BA-10:/142030h3940.20N/10343.72WO147/013/A=059321 -64T759P EOSS BALLOON",147.0,15.0,24.1,39.67,-103.7286666667,17.2,27.69,20.48,-6.4,266.75,7590.0,0.07,0.00019233,0.09912422,7.222e-05,-3.889e-05,17.46666667,5.32366667,high Re,-0.394444,22.222394,0.004165,3.725842,0.08593,-1.276417,-4.638764,19.979598,-0.120233,6.773385,0.00127,1.135644,0.026191,-1.276561,-4.639113,6.089777,
EOSS-316,AE0SS-13,2021-10-10 08:20:42.298,2021-10-10 08:20:41,59446.0,18119.14,944.0,2411.0,ascending,/142041h3940.18N/10343.68WO139/006EOSS Baloon/A=059446!W31!,"AE0SS-13>APTT4,EOSS,qAO,N6BA-10:/142041h3940.18N/10343.68WO139/006EOSS Baloon/A=059446!W31!",139.0,7.0,11.3,39.6697166667,-103.7280166667,17.23,27.73,,,,,,,,5.556e-05,-3.889e-05,15.73333333,4.79533333,high Re,-0.057778,22.177016,0.003729,3.752146,0.085782,-1.717333,-0.717015,19.928776,-0.017611,6.759552,0.001137,1.143664,0.026146,-1.717479,-0.71705,6.074286,
EOSS-316,KC0D-14,2021-10-10 08:21:01.672,2021-10-10 08:21:00,59858.0,18244.72,1074.0,2430.0,ascending,/142100h3940.17N/10343.63WO096/009/A=059858 -66T739P EOSS BALLOON,"KC0D-14>APZEOS,EOSS,WIDE2-1,qAO,N6BA-10:/142100h3940.17N/10343.63WO096/009/A=059858 -66T739P EOSS BALLOON",96.0,10.0,16.1,39.6695,-103.7271666667,17.27,27.8,20.12,-6.6,266.55,7390.0,0.07,0.00018741,0.09658467,5e-05,-1.667e-05,17.9,5.456,high Re,0.072222,22.147315,0.004208,3.755953,0.085671,-1.130822,0.793898,19.763096,0.022022,6.7505,0.001283,1.144824,0.026113,-1.130741,0.794202,6.023786,
EOSS-316,KC0D-14,2021-10-10 08:21:31.944,2021-10-10 08:21:30,60585.0,18466.31,1454.0,2460.0,ascending,/142130h3940.18N/10343.59WO170/001/A=060585 -68T711P EOSS BALLOON,"KC0D-14>APZEOS,EOSS,WIDE2-1,qAO,N6BA-10:/142130h3940.18N/10343.59WO170/001/A=060585 -68T711P EOSS BALLOON",170.0,1.0,1.6,39.6696666667,-103.7265,17.31,27.86,19.76,-6.8,266.35,7110.0,0.07,0.00018044,0.09299495,2.222e-05,5.56e-06,24.23333333,7.38633333,high Re,0.211111,22.161701,0.005645,3.746895,0.087095,0.552893,2.359102,19.478172,0.064344,6.754885,0.001721,1.142063,0.026547,0.552901,2.358948,5.936941,
EOSS-316,AE0SS-13,2021-10-10 08:21:42.314,2021-10-10 08:21:41,60867.0,18552.26,1421.0,2471.0,ascending,/142141h3940.15N/10343.61WO227/018EOSS Baloon/A=060867!W76!,"AE0SS-13>APTT4,EOSS,qAO,N6BA-10:/142141h3940.15N/10343.61WO227/018EOSS Baloon/A=060867!W76!",227.0,21.0,33.8,39.6692833333,-103.7269333333,17.28,27.81,,,,,,,,1.806e-05,-7.22e-06,23.68333333,7.21866667,high Re,-0.009167,22.172123,0.005543,3.736076,0.086801,0.404491,-0.169468,19.370407,-0.002794,6.758062,0.001689,1.138765,0.026457,0.404477,-0.169445,5.904096,
EOSS-316,KC0D-14,2021-10-10 08:22:01.700,2021-10-10 08:22:00,61292.0,18681.8,1414.0,2490.0,ascending,/142200h3940.17N/10343.69WO245/013/A=061292 -70T687P EOSS BALLOON,"KC0D-14>APZEOS,EOSS,WIDE2-1,qAO,N6BA-10:/142200h3940.17N/10343.69WO245/013/A=061292 -70T687P EOSS BALLOON",245.0,15.0,24.1,39.6695,-103.7281666667,17.22,27.72,19.4,-7.0,266.15,6870.0,0.07,0.00017448,0.0899234,-5.556e-05,-5.56e-06,23.56666667,7.183,low Re,-0.003889,22.18161,0.005478,3.725035,0.086504,0.371824,-0.108284,19.211093,-0.001189,6.760952,0.00167,1.135399,0.026367,0.371718,-0.108431,5.855537,high_to_low
EOSS-316,AE0SS-13,2021-10-10 08:22:12.409,2021-10-10 08:22:11,61392.0,18712.28,1050.0,2501.0,ascending,/142211h3940.16N/10343.72WO319/013EOSS Baloon/A=061392!W09!,"AE0SS-13>APTT4,EOSS,qAO,N6BA-10:/142211h3940.16N/10343.72WO319/013EOSS Baloon/A=061392!W09!",319.0,15.0,24.1,39.6693333333,-103.7288166667,17.19,27.66,,,,,,,,-6.278e-05,1.67e-06,17.5,5.334,low Re,-0.202222,22.149977,0.004065,3.732236,0.087893,-1.245896,-2.347024,19.174165,-0.061633,6.751311,0.001239,1.137594,0.02679,-1.245885,-2.346846,5.844282,
EOSS-316,KC0D-14,2021-10-10 08:22:31.701,2021-10-10 08:22:30,61739.0,18818.05,894.0,2520.0,ascending,/142230h3940.14N/10343.79WO251/007/A=061739 -71T673P EOSS BALLOON,"KC0D-14>APZEOS,EOSS,WIDE2-1,qAO,N6BA-10:/142230h3940.14N/10343.79WO251/007/A=061739 -71T673P EOSS BALLOON",251.0,8.0,12.9,39.669,-103.7298333333,17.13,27.56,19.22,-7.1,266.05,6730.0,0.07,0.00017099,0.08812401,-5.556e-05,-1.667e-05,14.9,4.54166667,low Re,-0.086667,22.10132,0.003452,3.766727,0.087911,-1.911824,-1.025116,19.047717,-0.026411,6.736481,0.001052,1.148105,0.026795,-1.911684,-1.02493,5.805739,
EOSS-316,AE0SS-13,2021-10-10 08:22:42.317,2021-10-10 08:22:41,61858.0,18854.32,932.0,2531.0,ascending,/142241h3940.13N/10343.82WO249/015EOSS Baloon/A=061858!W35!,"AE0SS-13>APTT4,EOSS,qAO,N6BA-10:/142241h3940.13N/10343.82WO249/015EOSS Baloon/A=061858!W35!",249.0,17.0,27.4,39.6688833333,-103.7304166667,17.1,27.51,,,,,,,,-5.333e-05,-1.5e-05,15.53333333,4.73466667,low Re,0.021111,22.057533,0.003571,3.792176,0.087625,-1.720437,0.200171,19.004968,0.006433,6.723135,0.001088,1.15586,0.026708,-1.720337,0.200127,5.792709,
EOSS-316,KC0D-14,2021-10-10 08:23:01.681,2021-10-10 08:23:00,62203.0,18959.47,928.0,2550.0,ascending,/142300h3940.13N/10343.87WO280/010/A=062203 -73T657P EOSS BALLOON,"KC0D-14>APZEOS,EOSS,WIDE2-1,qAO,N6BA-10:/142300h3940.13N/10343.87WO280/010/A=062203 -73T657P EOSS BALLOON",280.0,12.0,19.3,39.6688333333,-103.7311666667,17.06,27.45,18.86,-7.3,265.85,6570.0,0.06,0.00016705,0.08609366,-4.444e-05,-5.56e-06,15.46666667,4.714,low Re,-0.002222,22.013885,0.003532,3.817382,0.087332,-1.715107,-0.065887,18.882843,-0.000689,6.70983,0.001076,1.163546,0.026619,-1.7153,-0.066306,5.755488,
EOSS-316,AE0SS-13,2021-10-10 08:23:12.303,2021-10-10 08:23:11,62304.0,18990.26,892.0,2561.0,ascending,/142311h3940.13N/10343.88WO046/008EOSS Baloon/A=062304!W43!,"AE0SS-13>APTT4,EOSS,qAO,N6BA-10:/142311h3940.13N/10343.88WO046/008EOSS Baloon/A=062304!W43!",46.0,9.0,14.5,39.6689,-103.7313833333,17.05,27.43,,,,,,,,-3.222e-05,5.6e-07,14.86666667,4.53133333,low Re,-0.02,21.966864,0.003376,3.848632,0.087061,-1.844863,-0.268501,18.847607,-0.006089,6.695498,0.001029,1.173071,0.026536,-1.844871,-0.268239,5.744746,
EOSS-316,KC0D-14,2021-10-10 08:23:31.769,2021-10-10 08:23:30,62881.0,19166.13,1356.0,2580.0,ascending,/142330h3940.15N/10343.87WO248/006/A=062881 -74T635P EOSS BALLOON,"KC0D-14>APZEOS,EOSS,WIDE2-1,qAO,N6BA-10:/142330h3940.15N/10343.87WO248/006/A=062881 -74T635P EOSS BALLOON",248.0,7.0,11.3,39.6691666667,-103.7311666667,17.06,27.46,18.68,-7.4,265.75,6350.0,0.06,0.00016152,0.08324208,0.0,1.111e-05,22.6,6.88866667,low Re,0.257778,21.971002,0.00505,3.836293,0.089192,0.16396,2.833528,18.650877,0.078578,6.69676,0.001539,1.16931,0.027186,0.16412,2.833775,5.684783,
EOSS-316,AE0SS-13,2021-10-10 08:23:42.370,2021-10-10 08:23:41,62997.0,19201.49,1386.0,2591.0,ascending,/142341h3940.13N/10343.87WO197/016EOSS Baloon/A=062997!W96!,"AE0SS-13>APTT4,EOSS,qAO,KB0TVJ-1:/142341h3940.13N/10343.87WO197/016EOSS Baloon/A=062997!W96!",197.0,18.0,29.0,39.6689833333,-103.7312666667,17.05,27.44,,,,,,,,3.89e-06,2.78e-06,23.1,7.041,low Re,0.016667,21.978333,0.005126,3.824818,0.088903,0.29326,0.129816,18.612277,0.005078,6.698996,0.001562,1.165813,0.027098,0.293361,0.129751,5.673017,
EOSS-316,KC0D-14,2021-10-10 08:24:01.921,2021-10-10 08:24:00,63366.0,19313.96,970.0,2610.0,ascending,/142400h3940.13N/10343.85WO068/002/A=063366 -76T619P EOSS BALLOON,"KC0D-14>APZEOS,EOSS,WIDE2-1,qAO,N0NDM-6:/142400h3940.13N/10343.85WO068/002/A=063366 -76T619P EOSS BALLOON",68.0,2.0,3.2,39.6688333333,-103.7308333333,17.07,27.48,18.32,-7.6,265.55,6190.0,0.06,0.00015757,0.08120575,1.111e-05,-1.111e-05,16.16666667,4.92766667,low Re,-0.231111,21.940839,0.003592,3.840852,0.090634,-1.503357,-2.589569,18.491636,-0.070444,6.687568,0.001095,1.170699,0.027625,-1.503291,-2.589647,5.636246,
EOSS-316,AE0SS-13,2021-10-10 08:24:12.373,2021-10-10 08:24:11,63456.0,19341.39,918.0,2621.0,ascending,/142411h3940.12N/10343.84WO207/002EOSS Baloon/A=063456!W74!,"AE0SS-13>APTT4,EOSS,qAO,KB0TVJ-1:/142411h3940.12N/10343.84WO207/002EOSS Baloon/A=063456!W74!",207.0,2.0,3.2,39.6687833333,-103.7307333333,17.08,27.48,,,,,,,,1.778e-05,-6.67e-06,15.3,4.66333333,low Re,-0.028889,21.898269,0.003382,3.865186,0.090377,-1.707103,-0.357071,18.462709,-0.008811,6.674592,0.001031,1.178118,0.027547,-1.707179,-0.35728,5.62743,
EOSS-316,KC0D-14,2021-10-10 08:24:31.725,2021-10-10 08:24:30,63876.0,19469.4,1020.0,2640.0,ascending,/142430h3940.09N/10343.80WO137/013/A=063876 -77T603P EOSS BALLOON,"KC0D-14>APZEOS,EOSS,WIDE2-1,qAO,N6BA-10:/142430h3940.09N/10343.80WO137/013/A=063876 -77T603P EOSS BALLOON",137.0,15.0,24.1,39.6681666667,-103.73,17.1,27.53,18.14,-7.7,265.45,6030.0,0.06,0.00015355,0.07913654,2.778e-05,-2.222e-05,17.0,5.18133333,low Re,0.056667,21.86707,0.003724,3.87256,0.090186,-1.256809,0.587042,18.330322,0.017267,6.665081,0.001135,1.180367,0.027489,-1.257022,0.586853,5.58708,
EOSS-316,AE0SS-13,2021-10-10 08:24:42.614,2021-10-10 08:24:41,63975.0,19499.58,1038.0,2651.0,ascending,/142441h3940.07N/10343.77WO097/006EOSS Baloon/A=063975!W67!,"AE0SS-13>APTT4,EOSS,qAO,KB0TVJ-1:/142441h3940.07N/10343.77WO097/006EOSS Baloon/A=063975!W67!",97.0,7.0,11.3,39.6679333333,-103.7296166667,17.12,27.55,,,,,,,,3.722e-05,-2.833e-05,17.3,5.273,low Re,0.01,21.838165,0.003764,3.877269,0.089898,-1.170454,0.069368,18.299743,0.003056,6.65627,0.001147,1.181803,0.027401,-1.170474,0.069669,5.577759,
EOSS-316,KC0D-14,2021-10-10 08:25:01.756,2021-10-10 08:25:00,64357.0,19616.01,962.0,2670.0,ascending,/142500h3940.02N/10343.77WO177/012/A=064357 -78T589P EOSS BALLOON,"KC0D-14>APZEOS,EOSS,WIDE2-1,qAO,N6BA-10:/142500h3940.02N/10343.77WO177/012/A=064357 -78T589P EOSS BALLOON",177.0,14.0,22.5,39.667,-103.7295,17.11,27.54,17.96,-7.8,265.35,5890.0,0.06,0.00015004,0.07732833,1.667e-05,-3.889e-05,16.03333333,4.887,low Re,-0.042222,21.801656,0.003473,3.892299,0.089686,-1.481983,-0.5095,18.184002,-0.012867,6.645142,0.001058,1.186383,0.027336,-1.481935,-0.509402,5.542482,
EOSS-316,AE0SS-13,2021-10-10 08:25:12.337,2021-10-10 08:25:11,64473.0,19651.37,996.0,2681.0,ascending,/142511h3940.00N/10343.76WO173/008EOSS Baloon/A=064473!W69!,"AE0SS-13>APTT4,EOSS,qAO,KB0TVJ-1:/142511h3940.00N/10343.76WO173/008EOSS Baloon/A=064473!W69!",173.0,9.0,14.5,39.6667666667,-103.7294833333,17.11,27.53,,,,,,,,4.44e-06,-3.889e-05,16.6,5.05966667,low Re,0.018889,21.769146,0.00357,3.901771,0.08941,-1.32482,0.171334,18.149564,0.005756,6.635233,0.001088,1.18927,0.027252,-1.324818,0.17129,5.531985,
EOSS-316,KC0D-14,2021-10-10 08:25:31.716,2021-10-10 08:25:30,64863.0,19770.24,1012.0,2700.0,ascending,/142530h3939.95N/10343.76WO187/010/A=064863 -79T574P EOSS BALLOON,"KC0D-14>APZEOS,EOSS,WIDE2-1,qAO,N6BA-10:/142530h3939.95N/10343.76WO187/010/A=064863 -79T574P EOSS BALLOON",187.0,12.0,19.3,39.6658333333,-103.7293333333,17.1,27.52,17.78,-7.9,265.25,5740.0,0.06,0.00014628,0.07538743,5.56e-06,-3.889e-05,16.86666667,5.141,low Re,0.008889,21.738696,0.003603,3.908701,0.089129,-1.246457,0.059307,18.036207,0.002711,6.625952,0.001098,1.191382,0.027167,-1.246411,0.059374,5.497434,
EOSS-316,AE0SS-13,2021-10-10 08:25:42.141,2021-10-10 08:25:41,65048.0,19826.63,1150.0,2711.0,ascending,/142541h3939.90N/10343.75WO157/011EOSS Baloon/A=065048!W59!,"AE0SS-13>APTT4,EOSS,qAO,W0ARP-1:/142541h3939.90N/10343.75WO157/011EOSS Baloon/A=065048!W59!",157.0,13.0,20.9,39.6650833333,-103.7293166667,17.09,27.5,,,,,,,,5.56e-06,-5.611e-05,19.16666667,5.842,low Re,0.076667,21.722819,0.004057,3.90178,0.089037,-0.655125,0.815504,17.983742,0.023367,6.621113,0.001236,1.189273,0.027138,-0.655117,0.815499,5.481442,
EOSS-316,KC0D-14,2021-10-10 08:26:01.726,2021-10-10 08:26:00,65650.0,20010.12,1574.0,2730.0,ascending,/142600h3939.89N/10343.77WO243/008/A=065650 -80T552P EOSS BALLOON,"KC0D-14>APZEOS,EOSS,WIDE2-1,qAO,N6BA-10:/142600h3939.89N/10343.77WO243/008/A=065650 -80T552P EOSS BALLOON",243.0,9.0,14.5,39.6648333333,-103.7295,17.08,27.48,17.6,-8.0,265.15,5520.0,0.05,0.00014072,0.07252536,-5.56e-06,-3.333e-05,26.23333333,7.996,low Re,0.235556,21.750491,0.005486,3.90573,0.090604,1.14776,2.539292,17.81883,0.0718,6.629548,0.001672,1.190477,0.027616,1.147819,2.539397,5.431178,
EOSS-316,AE0SS-13,2021-10-10 08:26:12.305,2021-10-10 08:26:11,65835.0,20066.51,1574.0,2741.0,ascending,/142611h3939.87N/10343.78WO215/015EOSS Baloon/A=065835!W86!,"AE0SS-13>APTT4,EOSS,qAO,KB0TVJ-1:/142611h3939.87N/10343.78WO215/015EOSS Baloon/A=065835!W86!",215.0,17.0,27.4,39.6646333333,-103.7297666667,17.06,27.46,,,,,,,,-1.5e-05,-1.5e-05,26.23333333,7.996,low Re,0.0,21.777825,0.005452,3.909434,0.090325,1.139681,-0.06036,17.769932,0.0,6.63788,0.001662,1.191607,0.027531,1.139738,-0.060368,5.416273,
EOSS-316,KC0D-14,2021-10-10 08:26:31.727,2021-10-10 08:26:30,66234.0,20188.12,1168.0,2760.0,ascending,/142630h3939.87N/10343.80WO242/003/A=066234 -81T535P EOSS BALLOON,"KC0D-14>APZEOS,EOSS,WIDE2-1,qAO,N6BA-10:/142630h3939.87N/10343.80WO242/003/A=066234 -81T535P EOSS BALLOON",242.0,3.0,4.8,39.6645,-103.73,17.05,27.43,17.42,-8.1,265.05,5350.0,0.05,0.00013644,0.07031831,-1.667e-05,-1.111e-05,19.46666667,5.93333333,low Re,-0.225556,21.763818,0.004043,3.901648,0.091836,-0.588764,-2.500098,17.667307,-0.068756,6.63361,0.001232,1.189234,0.027992,-0.588847,-2.500286,5.384994,
EOSS-316,AE0SS-13,2021-10-10 08:26:42.538,2021-10-10 08:26:41,66353.0,20224.39,1036.0,2771.0,ascending,/142641h3939.86N/10343.79WO063/014EOSS Baloon/A=066353!W47!,"AE0SS-13>APTT4,EOSS,qAO,N6BA-10:/142641h3939.86N/10343.79WO063/014EOSS Baloon/A=066353!W47!",63.0,16.0,25.7,39.6644,-103.72995,17.05,27.43,,,,,,,,-6.11e-06,-7.78e-06,17.26666667,5.26266667,low Re,-0.073333,21.736727,0.003575,3.905436,0.091754,-1.144574,-0.838198,17.637447,-0.022356,6.625351,0.001089,1.19039,0.027967,-1.144738,-0.838309,5.375894,
EOSS-316,KC0D-14,2021-10-10 08:27:01.694,2021-10-10 08:27:00,66713.0,20334.12,958.0,2790.0,ascending,/142700h3939.87N/10343.77WO081/005/A=066713 -82T522P EOSS BALLOON,"KC0D-14>APZEOS,EOSS,WIDE2-1,qAO,N6BA-10:/142700h3939.87N/10343.77WO081/005/A=066713 -82T522P EOSS BALLOON",81.0,6.0,9.7,39.6645,-103.7295,17.07,27.47,17.24,-8.2,264.95,5220.0,0.05,0.00013317,0.06863554,1.667e-05,0.0,15.96666667,4.86666667,low Re,-0.043333,21.702176,0.003292,3.919172,0.091548,-1.463449,-0.509296,17.549196,-0.0132,6.61482,0.001003,1.194576,0.027904,-1.463409,-0.508995,5.348994,
EOSS-316,KC0D-14,2021-10-10 08:27:31.711,2021-10-10 08:27:30,67178.0,20475.85,930.0,2820.0,ascending,/142730h3939.85N/10343.73WO151/008/A=067178 -83T510P EOSS BALLOON,"KC0D-14>APZEOS,EOSS,WIDE2-1,qAO,N6BA-10:/142730h3939.85N/10343.73WO151/008/A=067178 -83T510P EOSS BALLOON",151.0,9.0,14.5,39.6641666667,-103.7288333333,17.1,27.52,17.06,-8.3,264.85,5100.0,0.05,0.00013016,0.06708303,2.222e-05,-1.111e-05,15.5,4.72433333,low Re,-0.015556,21.665258,0.003179,3.936611,0.091283,-1.566133,-0.205241,17.439806,-0.004744,6.603567,0.000969,1.199892,0.027823,-1.566169,-0.205334,5.315653,
EOSS-316,KC0D-14,2021-10-10 08:28:01.806,2021-10-10 08:28:00,67636.0,20615.45,916.0,2850.0,ascending,/142800h3939.77N/10343.71WO208/009/A=067636 -84T498P EOSS BALLOON,"KC0D-14>APZEOS,EOSS,WIDE2-1,qAO,N6BA-10:/142800h3939.77N/10343.71WO208/009/A=067636 -84T498P EOSS BALLOON",208.0,10.0,16.1,39.6628333333,-103.7285,17.1,27.52,16.88,-8.4,264.75,4980.0,0.05,0.00012715,0.06552934,1.111e-05,-4.444e-05,15.26666667,4.65333333,low Re,-0.007778,21.627396,0.003114,3.955619,0.091014,-1.608024,-0.119674,17.33709,-0.002367,6.592028,0.000949,1.205685,0.027741,-1.607961,-0.119534,5.284345,
EOSS-316,AE0SS-13,2021-10-10 08:28:12.288,2021-10-10 08:28:11,67738.0,20646.54,923.3,2861.0,ascending,/142811h3939.74N/10343.71WO169/008EOSS Baloon/A=067738!W37!,"AE0SS-13>APTT4,EOSS,qAO,N6BA-10:/142811h3939.74N/10343.71WO169/008EOSS Baloon/A=067738!W37!",169.0,9.0,14.5,39.6623833333,-103.7286166667,17.08,27.5,,,,,,,,1.481e-05,-2.241e-05,15.38888889,4.69055556,low Re,0.001358,21.590699,0.003103,3.972817,0.090742,-1.561061,-0.01923,17.314889,0.000414,6.580842,0.000946,1.210926,0.027659,-1.561026,-0.019234,5.277578,
EOSS-316,KC0D-14,2021-10-10 08:28:31.679,2021-10-10 08:28:30,68095.0,20755.36,918.0,2880.0,ascending,/142830h3939.70N/10343.75WO222/013/A=068095 -84T486P EOSS BALLOON,"KC0D-14>APZEOS,EOSS,WIDE2-1,qAO,N6BA-10:/142830h3939.70N/10343.75WO222/013/A=068095 -84T486P EOSS BALLOON",222.0,15.0,24.1,39.6616666667,-103.7291666667,17.05,27.43,16.88,-8.4,264.75,4860.0,0.05,0.00012408,0.06395032,-2.222e-05,-3.889e-05,15.3,4.66366667,low Re,-0.002963,21.553912,0.003068,3.990219,0.090475,-1.56731,-0.066659,17.239106,-0.000896,6.569631,0.000935,1.216228,0.027577,-1.567111,-0.066396,5.254479,
EOSS-316,KC0D-14,2021-10-10 08:29:01.693,2021-10-10 08:29:00,68578.0,20902.57,966.0,2910.0,ascending,/142900h3939.65N/10343.82WO225/015/A=068578 -85T475P EOSS BALLOON,"KC0D-14>APZEOS,EOSS,WIDE2-1,qAO,N6BA-10:/142900h3939.65N/10343.82WO225/015/A=068578 -85T475P EOSS BALLOON",225.0,17.0,27.4,39.6608333333,-103.7303333333,16.97,27.32,16.7,-8.5,264.65,4750.0,0.05,0.00012132,0.06252651,-3.889e-05,-2.778e-05,16.1,4.907,low Re,0.026667,21.522203,0.003206,4.000209,0.090226,-1.35548,0.260025,17.141303,0.008111,6.559964,0.000977,1.219276,0.027501,-1.355693,0.259409,5.22467,
EOSS-316,AE0SS-13,2021-10-10 08:29:12.303,2021-10-10 08:29:11,68690.0,20936.71,952.0,2921.0,ascending,/142911h3939.62N/10343.85WO219/014EOSS Baloon/A=068690!W10!,"AE0SS-13>APTT4,EOSS,qAO,N6BA-10:/142911h3939.62N/10343.85WO219/014EOSS Baloon/A=068690!W10!",219.0,16.0,25.7,39.66035,-103.7308333333,16.94,27.26,,,,,,,,-3.694e-05,-3.389e-05,15.86666667,4.83616667,low Re,-0.003889,21.489512,0.003165,4.011674,0.089964,-1.401621,-0.078409,17.119395,-0.001181,6.55,0.000965,1.22277,0.027421,-1.401599,-0.078261,5.217992,
EOSS-316,KC0D-14,2021-10-10 08:29:31.691,2021-10-10 08:29:30,69065.0,21051.01,974.0,2940.0,ascending,/142930h3939.59N/10343.93WO236/013/A=069065 -85T463P EOSS BALLOON,"KC0D-14>APZEOS,EOSS,WIDE2-1,qAO,N6BA-10:/142930h3939.59N/10343.93WO236/013/A=069065 -85T463P EOSS BALLOON",236.0,15.0,24.1,39.6598333333,-103.7321666667,16.86,27.14,16.7,-8.5,264.65,4630.0,0.05,0.00011826,0.06094689,-6.111e-05,-3.333e-05,16.23333333,4.948,low Re,0.012222,21.459304,0.003217,4.019861,0.089704,-1.300038,0.100386,17.048144,0.003728,6.540793,0.000981,1.225264,0.027342,-1.299959,0.100468,5.196275,
EOSS-316,AE0SS-13,2021-10-10 08:29:42.514,2021-10-10 08:29:41,69185.0,21087.59,990.0,2951.0,ascending,/142941h3939.57N/10343.96WO282/013EOSS Baloon/A=069185!W71!,"AE0SS-13>APTT4,EOSS,qAO,KB0TVJ-1:/142941h3939.57N/10343.96WO282/013EOSS Baloon/A=069185!W71!",282.0,15.0,24.1,39.6596166667,-103.7326833333,16.83,27.09,,,,,,,,-6.167e-05,-2.444e-05,16.5,5.02933333,low Re,0.008889,21.430965,0.00325,4.025786,0.089446,-1.224845,0.063044,17.026024,0.002711,6.532156,0.00099,1.227069,0.027263,-1.224725,0.063126,5.189532,
EOSS-316,KC0D-14,2021-10-10 08:30:01.669,2021-10-10 08:30:00,69600.0,21214.08,1070.0,2970.0,ascending,/143000h3939.58N/10344.05WO292/011/A=069600 -86T450P EOSS BALLOON,"KC0D-14>APZEOS,EOSS,WIDE2-1,qAO,N6BA-10:/143000h3939.58N/10344.05WO292/011/A=069600 -86T450P EOSS BALLOON",292.0,13.0,20.9,39.6596666667,-103.7341666667,16.76,26.97,16.52,-8.6,264.55,4500.0,0.04,0.00011498,0.05925803,-6.667e-05,-5.56e-06,17.83333333,5.43566667,low Re,0.044444,21.410524,0.003485,4.023416,0.089243,-0.889093,0.45896,16.952057,0.013544,6.525926,0.001062,1.226347,0.027201,-0.88903,0.45888,5.166988,
EOSS-316,AE0SS-13,2021-10-10 08:30:12.349,2021-10-10 08:30:11,69713.0,21248.52,1056.0,2981.0,ascending,/143011h3939.58N/10344.10WO255/013EOSS Baloon/A=069713!W89!,"AE0SS-13>APTT4,EOSS,qAO,N6BA-10:/143011h3939.58N/10344.10WO255/013EOSS Baloon/A=069713!W89!",255.0,15.0,24.1,39.6598,-103.73515,16.71,26.89,,,,,,,,-8.222e-05,6.11e-06,17.6,5.36433333,low Re,-0.007778,21.388996,0.003421,4.022181,0.088992,-0.942025,-0.125843,16.932594,-0.002378,6.519364,0.001043,1.225971,0.027125,-0.942135,-0.12612,5.161056,
EOSS-316,KC0D-14,2021-10-10 08:30:31.671,2021-10-10 08:30:30,70078.0,21359.77,956.0,3000.0,ascending,/143030h3939.62N/10344.19WO278/009/A=070078 -86T440P EOSS BALLOON,"KC0D-14>APZEOS,EOSS,WIDE2-1,qAO,N6BA-10:/143030h3939.62N/10344.19WO278/009/A=070078 -86T440P EOSS BALLOON",278.0,10.0,16.1,39.6603333333,-103.7365,16.65,26.79,16.52,-8.6,264.55,4400.0,0.04,0.00011242,0.05794118,-7.778e-05,2.222e-05,15.93333333,4.85633333,low Re,-0.055556,21.358346,0.003088,4.031594,0.088849,-1.345625,-0.660041,16.871703,-0.016933,6.510021,0.000941,1.228841,0.027081,-1.34573,-0.66002,5.142497,
EOSS-316,AE0SS-13,2021-10-10 08:30:42.394,2021-10-10 08:30:41,70232.0,21406.71,1038.0,3011.0,ascending,/143041h3939.62N/10344.22WO300/010EOSS Baloon/A=070232!W70!,"AE0SS-13>APTT4,EOSS,qAO,KB0TVJ-1:/143041h3939.62N/10344.22WO300/010EOSS Baloon/A=070232!W70!",300.0,12.0,19.3,39.66045,-103.737,16.62,26.75,,,,,,,,-6.167e-05,2.167e-05,17.3,5.273,low Re,0.045556,21.335673,0.003326,4.031681,0.088655,-1.00099,0.476341,16.846913,0.013889,6.50311,0.001014,1.228868,0.027022,-1.001011,0.476464,5.134941,
EOSS-316,KC0D-14,2021-10-10 08:31:01.694,2021-10-10 08:31:00,70610.0,21521.93,1064.0,3030.0,ascending,/143100h3939.62N/10344.25WO236/006/A=070610 -86T427P EOSS BALLOON,"KC0D-14>APZEOS,EOSS,WIDE2-1,qAO,N6BA-10:/143100h3939.62N/10344.25WO236/006/A=070610 -86T427P EOSS BALLOON",236.0,7.0,11.3,39.6603333333,-103.7375,16.59,26.7,16.52,-8.6,264.55,4270.0,0.04,0.0001091,0.05622928,-3.333e-05,0.0,17.73333333,5.40533333,low Re,0.014444,21.31566,0.003388,4.029359,0.088409,-0.889056,0.125055,16.78833,0.004411,6.497011,0.001033,1.228159,0.026947,-0.888873,0.125357,5.117084,
EOSS-316,AE0SS-13,2021-10-10 08:31:12.346,2021-10-10 08:31:11,70714.0,21553.63,964.0,3041.0,ascending,/143111h3939.59N/10344.26WO170/010EOSS Baloon/A=070714!W90!,"AE0SS-13>APTT4,EOSS,qAO,N6BA-10:/143111h3939.59N/10344.26WO170/010EOSS Baloon/A=070714!W90!",170.0,12.0,19.3,39.6599833333,-103.7376666667,16.58,26.68,,,,,,,,-2.222e-05,-1.556e-05,16.06666667,4.89733333,low Re,-0.055556,21.286661,0.003061,4.037048,0.088271,-1.293023,-0.664057,16.772775,-0.016933,6.488173,0.000933,1.230501,0.026905,-1.292839,-0.66404,5.112343,
EOSS-316,KC0D-14,2021-10-10 08:31:31.682,2021-10-10 08:31:30,71076.0,21663.96,932.0,3060.0,ascending,/143130h3939.55N/10344.29WO198/009/A=071076 -86T417P EOSS BALLOON,"KC0D-14>APZEOS,EOSS,WIDE2-1,qAO,N6BA-10:/143130h3939.55N/10344.29WO198/009/A=071076 -86T417P EOSS BALLOON",198.0,10.0,16.1,39.6591666667,-103.7381666667,16.54,26.62,16.52,-8.6,264.55,4170.0,0.04,0.00010655,0.05491244,-2.222e-05,-3.889e-05,15.53333333,4.73433333,low Re,-0.017778,21.255049,0.002946,4.048406,0.08804,-1.413326,-0.235393,16.720522,-0.005433,6.478537,0.000898,1.233964,0.026835,-1.413496,-0.235923,5.096418,
EOSS-316,AE0SS-13,2021-10-10 08:31:42.322,2021-10-10 08:31:41,71170.0,21692.62,912.0,3071.0,ascending,/143141h3939.52N/10344.29WO172/014EOSS Baloon/A=071170!W26!,"AE0SS-13>APTT4,EOSS,qAO,N6BA-10:/143141h3939.52N/10344.29WO172/014EOSS Baloon/A=071170!W26!",172.0,16.0,25.7,39.6587,-103.7382666667,16.53,26.6,,,,,,,,-2e-05,-4.278e-05,15.2,4.633,low Re,-0.011111,21.221961,0.002869,4.062005,0.087802,-1.482509,-0.159222,16.707434,-0.003378,6.468452,0.000874,1.238109,0.026762,-1.482464,-0.158882,5.092428,
EOSS-316,KC0D-14,2021-10-10 08:32:02.138,2021-10-10 08:32:00,71534.0,21803.56,916.0,3090.0,ascending,/143200h3939.48N/10344.33WO204/008/A=071534 -87T408P EOSS BALLOON,"KC0D-14>APZEOS,EOSS,WIDE2-1,qAO,N6BA-10:/143200h3939.48N/10344.33WO204/008/A=071534 -87T408P EOSS BALLOON",204.0,9.0,14.5,39.658,-103.7388333333,16.49,26.54,16.34,-8.7,264.45,4080.0,0.04,0.00010429,0.0537476,-2.222e-05,-3.889e-05,15.26666667,4.65333333,low Re,0.002222,21.189595,0.002865,4.074613,0.087561,-1.453617,-0.007343,16.658619,0.000678,6.458587,0.000873,1.241951,0.026689,-1.453563,-0.007306,5.07755,
EOSS-316,AE0SS-13,2021-10-10 08:32:12.155,2021-10-10 08:32:11,71633.0,21833.74,926.0,3101.0,ascending,/143211h3939.45N/10344.35WO208/017EOSS Baloon/A=071633!W70!,"AE0SS-13>APTT4,EOSS,qAR,W0ARP:/143211h3939.45N/10344.35WO208/017EOSS Baloon/A=071633!W70!",208.0,20.0,32.2,39.6576166667,-103.7391666667,16.47,26.5,,,,,,,,-3e-05,-3.611e-05,15.43333333,4.704,low Re,0.005556,21.15848,0.00288,4.085504,0.087321,-1.401332,0.030646,16.645856,0.001689,6.449103,0.000878,1.245271,0.026616,-1.401384,0.03047,5.073659,
EOSS-316,KC0D-14,2021-10-10 08:32:31.913,2021-10-10 08:32:30,72004.0,21946.82,940.0,3120.0,ascending,/143230h3939.42N/10344.39WO243/008/A=072004 -87T398P EOSS BALLOON,"KC0D-14>APZEOS,EOSS,WIDE2-1,qAO,N6BA-10:/143230h3939.42N/10344.39WO243/008/A=072004 -87T398P EOSS BALLOON",243.0,9.0,14.5,39.657,-103.7398333333,16.42,26.43,16.34,-8.7,264.45,3980.0,0.04,0.00010173,0.05243025,-3.333e-05,-3.333e-05,15.66666667,4.77533333,low Re,0.007778,21.128955,0.002906,4.094297,0.087084,-1.334121,0.055946,16.599978,0.002378,6.440104,0.000886,1.247951,0.026544,-1.334003,0.056209,5.059676,
EOSS-316,AE0SS-13,2021-10-10 08:32:42.267,2021-10-10 08:32:41,72119.0,21981.87,972.0,3131.0,ascending,/143241h3939.39N/10344.42WO200/012EOSS Baloon/A=072119!W61!,"AE0SS-13>APTT4,EOSS,qAO,N6BA-10:/143241h3939.39N/10344.42WO200/012EOSS Baloon/A=072119!W61!",200.0,14.0,22.5,39.6566,-103.74035,16.39,26.38,,,,,,,,-3.944e-05,-3.389e-05,16.2,4.93766667,low Re,0.017778,21.102597,0.002986,4.099154,0.086856,-1.196002,0.170305,16.586383,0.005411,6.43207,0.00091,1.249431,0.026474,-1.196067,0.170016,5.055533,
EOSS-316,KC0D-14,2021-10-10 08:33:01.675,2021-10-10 08:33:00,72492.0,22095.56,976.0,3150.0,ascending,/143300h3939.37N/10344.44WO154/003/A=072492 -86T388P EOSS BALLOON,"KC0D-14>APZEOS,EOSS,WIDE2-1,qAO,N6BA-10:/143300h3939.37N/10344.44WO154/003/A=072492 -86T388P EOSS BALLOON",154.0,3.0,4.8,39.6561666667,-103.7406666667,16.37,26.34,16.52,-8.6,264.55,3880.0,0.04,9.914e-05,0.05109359,-2.778e-05,-2.778e-05,16.26666667,4.958,low Re,0.002222,21.076874,0.002982,4.103365,0.086622,-1.172259,-0.008774,16.544332,0.000678,6.424229,0.000909,1.250715,0.026403,-1.172313,-0.008749,5.042716,
EOSS-316,AE0SS-13,2021-10-10 08:33:12.264,2021-10-10 08:33:11,72594.0,22126.65,950.0,3161.0,ascending,/143311h3939.34N/10344.45WO155/009EOSS Baloon/A=072594!W33!,"AE0SS-13>APTT4,EOSS,qAO,N6BA-10:/143311h3939.34N/10344.45WO155/009EOSS Baloon/A=072594!W33!",155.0,10.0,16.1,39.6557166667,-103.7408833333,16.35,26.32,,,,,,,,-1.778e-05,-2.944e-05,15.83333333,4.826,low Re,-0.014444,21.04913,0.002889,4.110172,0.086399,-1.268997,-0.200616,16.533376,-0.0044,6.415773,0.000881,1.25279,0.026335,-1.268986,-0.200532,5.039377,
EOSS-316,KC0D-14,2021-10-10 08:33:31.696,2021-10-10 08:33:30,72969.0,22240.95,954.0,3180.0,ascending,/143330h3939.30N/10344.43WO152/007/A=072969 -86T379P EOSS BALLOON,"KC0D-14>APZEOS,EOSS,WIDE2-1,qAO,N6BA-10:/143330h3939.30N/10344.43WO152/007/A=072969 -86T379P EOSS BALLOON",152.0,8.0,12.9,39.655,-103.7405,16.36,26.33,16.52,-8.6,264.55,3790.0,0.04,9.684e-05,0.04990843,5.56e-06,-3.889e-05,15.9,4.84633333,low Re,0.002222,21.022029,0.002886,4.11627,0.086169,-1.244337,-0.007706,16.495112,0.000678,6.407513,0.00088,1.254648,0.026265,-1.244317,-0.007691,5.027714,
EOSS-316,AE0SS-13,2021-10-10 08:33:42.282,2021-10-10 08:33:41,73093.0,22278.75,998.0,3191.0,ascending,/143341h3939.26N/10344.41WO136/013EOSS Baloon/A=073093!W55!,"AE0SS-13>APTT4,EOSS,qAO,N6BA-10:/143341h3939.26N/10344.41WO136/013EOSS Baloon/A=073093!W55!",136.0,15.0,24.1,39.6544166667,-103.74025,16.37,26.34,,,,,,,,2.111e-05,-4.333e-05,16.63333333,5.07,low Re,0.024444,20.999052,0.002999,4.117686,0.085955,-1.060236,0.249491,16.483157,0.007456,6.40051,0.000914,1.255079,0.026199,-1.060101,0.249704,5.02407,
EOSS-316,KC0D-14,2021-10-10 08:34:01.676,2021-10-10 08:34:00,73456.0,22389.39,974.0,3210.0,ascending,/143400h3939.21N/10344.37WO147/012/A=073456 -86T369P EOSS BALLOON,"KC0D-14>APZEOS,EOSS,WIDE2-1,qAO,N6BA-10:/143400h3939.21N/10344.37WO147/012/A=073456 -86T369P EOSS BALLOON",147.0,14.0,22.5,39.6535,-103.7395,16.39,26.38,16.52,-8.6,264.55,3690.0,0.04,9.428e-05,0.04859158,3.333e-05,-5e-05,16.23333333,4.948,low Re,-0.013333,20.97423,0.002914,4.121269,0.085737,-1.150349,-0.189498,16.450158,-0.004067,6.392945,0.000888,1.256171,0.026133,-1.150277,-0.189607,5.014012,
EOSS-316,KC0D-14,2021-10-10 08:34:31.663,2021-10-10 08:34:30,73969.0,22545.75,1026.0,3240.0,ascending,/143430h3939.10N/10344.38WO191/017/A=073969 -86T359P EOSS BALLOON,"KC0D-14>APZEOS,EOSS,WIDE2-1,qAO,N6BA-10:/143430h3939.10N/10344.38WO191/017/A=073969 -86T359P EOSS BALLOON",191.0,20.0,32.2,39.6516666667,-103.7396666667,16.36,26.33,16.52,-8.6,264.55,3590.0,0.04,9.173e-05,0.04727474,-5.56e-06,-6.111e-05,17.1,5.212,low Re,0.028889,20.954157,0.003049,4.119972,0.085533,-0.935481,0.302106,16.408617,0.0088,6.386826,0.000929,1.255776,0.026071,-0.935538,0.301906,5.001351,
EOSS-316,KC0D-14,2021-10-10 08:35:01.654,2021-10-10 08:35:00,74499.0,22707.3,1060.0,3270.0,ascending,/143500h3938.97N/10344.45WO207/016/A=074499 -85T350P EOSS BALLOON,"KC0D-14>APZEOS,EOSS,WIDE2-1,qAO,N6BA-10:/143500h3938.97N/10344.45WO207/016/A=074499 -85T350P EOSS BALLOON",207.0,18.0,29.0,39.6495,-103.7408333333,16.27,26.19,16.7,-8.5,264.65,3500.0,0.03,8.939e-05,0.04607216,-3.889e-05,-7.222e-05,17.66666667,5.385,low Re,0.018889,20.937211,0.003131,4.116057,0.085317,-0.794582,0.184699,16.371998,0.005767,6.381662,0.000954,1.254582,0.026005,-0.794418,0.18508,4.990189,
EOSS-316,KC0D-14,2021-10-10 08:35:31.698,2021-10-10 08:35:30,75014.0,22864.27,1030.0,3300.0,ascending,/143530h3938.88N/10344.49WO181/011/A=075014 -85T340P EOSS BALLOON,"KC0D-14>APZEOS,EOSS,WIDE2-1,qAO,N6BA-10:/143530h3938.88N/10344.49WO181/011/A=075014 -85T340P EOSS BALLOON",181.0,13.0,20.9,39.648,-103.7415,16.22,26.11,16.7,-8.5,264.65,3400.0,0.03,8.684e-05,0.04475581,-2.222e-05,-5e-05,17.16666667,5.23233333,low Re,-0.016667,20.917875,0.003029,4.114305,0.085108,-0.911748,-0.231424,16.342576,-0.005089,6.375768,0.000923,1.254048,0.025941,-0.911795,-0.231757,4.981222,
EOSS-316,KC0D-14,2021-10-10 08:36:01.753,2021-10-10 08:36:00,75528.0,23020.93,1028.0,3330.0,ascending,/143600h3938.78N/10344.54WO183/015/A=075528 -85T332P EOSS BALLOON,"KC0D-14>APZEOS,EOSS,WIDE2-1,qAO,N6BA-10:/143600h3938.78N/10344.54WO183/015/A=075528 -85T332P EOSS BALLOON",183.0,17.0,27.4,39.6463333333,-103.7423333333,16.16,26.01,16.7,-8.5,264.65,3320.0,0.03,8.48e-05,0.04370274,-2.778e-05,-5.556e-05,17.13333333,5.222,low Re,-0.001111,20.898566,0.003008,4.112636,0.084889,-0.915528,-0.048522,16.31929,-0.000344,6.369881,0.000917,1.25354,0.025874,-0.915712,-0.048736,4.974125,
EOSS-316,KC0D-14,2021-10-10 08:36:31.653,2021-10-10 08:36:30,76042.0,23177.6,1028.0,3360.0,ascending,/143630h3938.71N/10344.59WO213/013/A=076042 -84T323P EOSS BALLOON,"KC0D-14>APZEOS,EOSS,WIDE2-1,qAO,N6BA-10:/143630h3938.71N/10344.59WO213/013/A=076042 -84T323P EOSS BALLOON",213.0,15.0,24.1,39.6451666667,-103.7431666667,16.1,25.91,16.88,-8.4,264.75,3230.0,0.03,8.247e-05,0.04250196,-2.778e-05,-3.889e-05,17.13333333,5.22233333,low Re,0.0,20.879453,0.002992,4.110893,0.084671,-0.911267,-0.035337,16.302087,1.1e-05,6.364056,0.000912,1.253009,0.025808,-0.911185,-0.034912,4.968881,
EOSS-316,AE0SS-13,2021-10-10 08:36:42.323,2021-10-10 08:36:41,76161.0,23213.87,1022.7,3371.0,ascending,/143641h3938.68N/10344.60WO219/002EOSS Baloon/A=076161!W29!,"AE0SS-13>APTT4,EOSS,qAO,N6BA-10:/143641h3938.68N/10344.60WO219/002EOSS Baloon/A=076161!W29!",219.0,2.0,3.2,39.6447,-103.7434833333,16.08,25.88,,,,,,,,-1.796e-05,-5.398e-05,17.04444444,5.19511111,low Re,-0.000494,20.860084,0.002975,4.109494,0.084455,-0.928494,-0.041075,16.298971,-0.000151,6.358152,0.000907,1.252582,0.025742,-0.928515,-0.0411,4.967932,
EOSS-316,KC0D-14,2021-10-10 08:37:01.691,2021-10-10 08:37:00,76529.0,23326.04,974.0,3390.0,ascending,/143700h3938.65N/10344.60WO163/009/A=076529 -83T315P EOSS BALLOON,"KC0D-14>APZEOS,EOSS,WIDE2-1,qAO,N6BA-10:/143700h3938.65N/10344.60WO163/009/A=076529 -83T315P EOSS BALLOON",163.0,10.0,16.1,39.6441666667,-103.7433333333,16.08,25.88,17.06,-8.3,264.85,3150.0,0.03,8.039e-05,0.04143363,-5.56e-06,-3.333e-05,16.23333333,4.948,low Re,-0.027037,20.836834,0.002823,4.112204,0.084267,-1.119473,-0.35435,16.291396,-0.008237,6.351066,0.000861,1.253408,0.025685,-1.119401,-0.354215,4.965623,
EOSS-316,AE0SS-13,2021-10-10 08:37:12.360,2021-10-10 08:37:11,76647.0,23362.01,972.0,3401.0,ascending,/143711h3938.62N/10344.59WO126/003EOSS Baloon/A=076647!W06!,"AE0SS-13>APTT4,EOSS,qAO,KB0TVJ-1:/143711h3938.62N/10344.59WO126/003EOSS Baloon/A=076647!W06!",126.0,3.0,4.8,39.6436666667,-103.7432666667,16.08,25.88,,,,,,,,7.22e-06,-3.444e-05,16.2,4.938,low Re,-0.001111,20.81365,0.002803,4.114941,0.084055,-1.121195,-0.046565,16.289625,-0.000333,6.344001,0.000855,1.254241,0.02562,-1.120997,-0.04637,4.965083,
EOSS-316,KC0D-14,2021-10-10 08:37:31.671,2021-10-10 08:37:30,76991.0,23466.86,924.0,3420.0,ascending,/143730h3938.58N/10344.59WO172/005/A=076991 -83T308P EOSS BALLOON,"KC0D-14>APZEOS,EOSS,WIDE2-1,qAO,N6BA-10:/143730h3938.58N/10344.59WO172/005/A=076991 -83T308P EOSS BALLOON",172.0,6.0,9.7,39.643,-103.7431666667,16.08,25.88,17.06,-8.3,264.85,3080.0,0.03,7.861e-05,0.04051289,5.56e-06,-3.889e-05,15.4,4.694,low Re,-0.026667,20.786716,0.002656,4.122364,0.083869,-1.306706,-0.349629,16.286279,-0.008133,6.335792,0.00081,1.256503,0.025564,-1.306636,-0.349828,4.964063,
EOSS-316,AE0SS-13,2021-10-10 08:37:42.370,2021-10-10 08:37:41,77103.0,23500.99,912.0,3431.0,ascending,/143741h3938.56N/10344.60WO141/002EOSS Baloon/A=077103!W67!,"AE0SS-13>APTT4,EOSS,qAO,N6BA-10:/143741h3938.56N/10344.60WO141/002EOSS Baloon/A=077103!W67!",141.0,2.0,3.2,39.6427666667,-103.74345,16.06,25.85,,,,,,,,-6.11e-06,-3e-05,15.2,4.63266667,low Re,-0.006667,20.759059,0.00261,4.130842,0.083662,-1.345745,-0.110887,16.285771,-0.002044,6.327361,0.000795,1.259088,0.0255,-1.34597,-0.111333,4.963909,
EOSS-316,KC0D-14,2021-10-10 08:38:01.737,2021-10-10 08:38:00,77476.0,23614.68,970.0,3450.0,ascending,/143800h3938.54N/10344.65WO223/012/A=077476 -82T299P EOSS BALLOON,"KC0D-14>APZEOS,EOSS,WIDE2-1,qAO,N6BA-10:/143800h3938.54N/10344.65WO223/012/A=077476 -82T299P EOSS BALLOON",223.0,14.0,22.5,39.6423333333,-103.7441666667,16.02,25.78,17.24,-8.2,264.95,2990.0,0.03,7.628e-05,0.03931422,-3.333e-05,-2.222e-05,16.16666667,4.92733333,low Re,0.032222,20.736437,0.002756,4.133191,0.08348,-1.105628,0.352971,16.286127,0.009822,6.320464,0.00084,1.259806,0.025445,-1.10583,0.352997,4.964017,
EOSS-316,AE0SS-13,2021-10-10 08:38:12.266,2021-10-10 08:38:11,77615.0,23657.05,1024.0,3461.0,ascending,/143811h3938.51N/10344.70WO225/021EOSS Baloon/A=077615!W58!,"AE0SS-13>APTT4,EOSS,qAO,N6BA-10:/143811h3938.51N/10344.70WO225/021EOSS Baloon/A=077615!W58!",225.0,24.0,38.6,39.6419166667,-103.7451333333,15.97,25.69,,,,,,,,-5.611e-05,-2.833e-05,17.06666667,5.202,low Re,0.03,20.718448,0.00289,4.130997,0.083295,-0.883995,0.32547,16.287061,0.009156,6.314981,0.000881,1.259137,0.025388,-0.883924,0.325941,4.964302,
EOSS-316,KC0D-14,2021-10-10 08:38:31.765,2021-10-10 08:38:30,77998.0,23773.79,1044.0,3480.0,ascending,/143830h3938.47N/10344.81WO248/014/A=077998 -81T292P EOSS BALLOON,"KC0D-14>APZEOS,EOSS,WIDE2-1,qAO,N6BA-10:/143830h3938.47N/10344.81WO248/014/A=077998 -81T292P EOSS BALLOON",248.0,16.0,25.7,39.6411666667,-103.7468333333,15.87,25.54,17.42,-8.1,265.05,2920.0,0.03,7.447e-05,0.03837934,-8.889e-05,-3.889e-05,17.4,5.30366667,low Re,0.011111,20.70226,0.002931,4.127372,0.083091,-0.800088,0.098446,16.291862,0.003389,6.310048,0.000893,1.258031,0.025326,-0.799965,0.098555,4.965765,
EOSS-316,AE0SS-13,2021-10-10 08:38:42.354,2021-10-10 08:38:41,78136.0,23815.85,1042.0,3491.0,ascending,/143841h3938.45N/10344.85WO227/010EOSS Baloon/A=078136!W16!,"AE0SS-13>APTT4,EOSS,qAO,KB0TVJ-1:/143841h3938.45N/10344.85WO227/010EOSS Baloon/A=078136!W16!",227.0,12.0,19.3,39.64085,-103.7476,15.83,25.47,,,,,,,,-8.222e-05,-3.556e-05,17.36666667,5.29333333,low Re,-0.001111,20.686068,0.002911,4.123846,0.082888,-0.804929,-0.048523,16.294386,-0.000344,6.305112,0.000887,1.256957,0.025264,-0.804943,-0.048725,4.966534,
EOSS-316,KC0D-14,2021-10-10 08:39:01.650,2021-10-10 08:39:00,78545.0,23940.52,1094.0,3510.0,ascending,/143900h3938.45N/10344.95WO290/016/A=078545 -80T284P EOSS BALLOON,"KC0D-14>APZEOS,EOSS,WIDE2-1,qAO,N6BA-10:/143900h3938.45N/10344.95WO290/016/A=078545 -80T284P EOSS BALLOON",290.0,18.0,29.0,39.6408333333,-103.7491666667,15.74,25.34,17.6,-8.0,265.15,2840.0,0.03,7.24e-05,0.03731377,-7.778e-05,-1.111e-05,18.23333333,5.55766667,low Re,0.028889,20.674219,0.003037,4.117356,0.082705,-0.592828,0.312581,16.304298,0.008811,6.301502,0.000926,1.254978,0.025209,-0.592708,0.312785,4.969556,
EOSS-316,AE0SS-13,2021-10-10 08:39:12.384,2021-10-10 08:39:11,78681.0,23981.97,1090.0,3521.0,ascending,/143911h3938.44N/10345.01WO260/020EOSS Baloon/A=078681!W51!,"AE0SS-13>APTT4,EOSS,qAO,KB0TVJ-1:/143911h3938.44N/10345.01WO260/020EOSS Baloon/A=078681!W51!",260.0,23.0,37.0,39.64075,-103.7501833333,15.69,25.25,,,,,,,,-8.611e-05,-3.33e-06,18.16666667,5.53733333,low Re,-0.002222,20.662163,0.003012,4.111077,0.082505,-0.607018,-0.063439,16.308389,-0.000678,6.297828,0.000918,1.253064,0.025148,-0.606908,-0.063464,4.970803,
EOSS-316,KC0D-14,2021-10-10 08:39:31.705,2021-10-10 08:39:30,79067.0,24099.62,1044.0,3540.0,ascending,/143930h3938.45N/10345.10WO256/010/A=079067 -79T276P EOSS BALLOON,"KC0D-14>APZEOS,EOSS,WIDE2-1,qAO,N6BA-10:/143930h3938.45N/10345.10WO256/010/A=079067 -79T276P EOSS BALLOON",256.0,12.0,19.3,39.6408333333,-103.7516666667,15.61,25.12,17.78,-7.9,265.25,2760.0,0.03,7.033e-05,0.03624901,-8.333e-05,0.0,17.4,5.30333333,low Re,-0.025556,20.646555,0.002874,4.107385,0.082329,-0.790419,-0.345322,16.322119,-0.0078,6.293069,0.000876,1.251939,0.025094,-0.790562,-0.34574,4.974988,
EOSS-316,AE0SS-13,2021-10-10 08:39:42.375,2021-10-10 08:39:41,79196.0,24138.94,1030.0,3551.0,ascending,/143941h3938.45N/10345.14WO305/012EOSS Baloon/A=079196!W37!,"AE0SS-13>APTT4,EOSS,qAO,N6BA-10:/143941h3938.45N/10345.14WO305/012EOSS Baloon/A=079196!W37!",305.0,14.0,22.5,39.6408833333,-103.75245,15.57,25.06,,,,,,,,-7.556e-05,4.44e-06,17.16666667,5.23233333,low Re,-0.007778,20.629984,0.002823,4.104578,0.082134,-0.843769,-0.12907,16.327395,-0.002367,6.288018,0.000861,1.251084,0.025035,-0.843816,-0.128939,4.976596,
EOSS-316,KC0D-14,2021-10-10 08:40:01.646,2021-10-10 08:40:00,79598.0,24261.47,1062.0,3570.0,ascending,/144000h3938.47N/10345.23WO275/016/A=079598 -79T269P EOSS BALLOON,"KC0D-14>APZEOS,EOSS,WIDE2-1,qAO,N6BA-10:/144000h3938.47N/10345.23WO275/016/A=079598 -79T269P EOSS BALLOON",275.0,18.0,29.0,39.6411666667,-103.7538333333,15.5,24.95,17.78,-7.9,265.25,2690.0,0.03,6.855e-05,0.03532965,-7.222e-05,1.111e-05,17.7,5.395,low Re,0.017778,20.616098,0.002895,4.099758,0.081944,-0.711285,0.181624,16.34598,0.005422,6.283786,0.000882,1.249615,0.024977,-0.711248,0.181767,4.982261,
EOSS-316,AE0SS-13,2021-10-10 08:40:12.458,2021-10-10 08:40:11,79728.0,24301.09,1064.0,3581.0,ascending,/144011h3938.46N/10345.28WO305/015EOSS Baloon/A=079728!W40!,"AE0SS-13>APTT4,EOSS,qAO,N6BA-10:/144011h3938.46N/10345.28WO305/015EOSS Baloon/A=079728!W40!",305.0,17.0,27.4,39.6410666667,-103.7546666667,15.46,24.87,,,,,,,,-7.389e-05,6.11e-06,17.73333333,5.405,low Re,0.001111,20.6025,0.002886,4.094821,0.081749,-0.700682,-0.021713,16.35267,0.000333,6.279641,0.00088,1.24811,0.024917,-0.700772,-0.021953,4.984299,
EOSS-316,KC0D-14,2021-10-10 08:40:31.678,2021-10-10 08:40:30,80111.0,24417.83,1026.0,3600.0,ascending,/144030h3938.47N/10345.34WO285/009/A=080111 -78T261P EOSS BALLOON,"KC0D-14>APZEOS,EOSS,WIDE2-1,qAO,N6BA-10:/144030h3938.47N/10345.34WO285/009/A=080111 -78T261P EOSS BALLOON",285.0,10.0,16.1,39.6411666667,-103.7556666667,15.4,24.79,17.96,-7.8,265.35,2610.0,0.03,6.649e-05,0.03426604,-6.111e-05,0.0,17.1,5.212,low Re,-0.021111,20.586056,0.002773,4.092195,0.081572,-0.851879,-0.292797,16.374245,-0.006433,6.274628,0.000845,1.24731,0.024863,-0.851936,-0.292724,4.990876,
EOSS-316,KC0D-14,2021-10-10 08:41:01.661,2021-10-10 08:41:00,80602.0,24567.49,982.0,3630.0,ascending,/144100h3938.51N/10345.43WO330/009/A=080602 -77T255P EOSS BALLOON,"KC0D-14>APZEOS,EOSS,WIDE2-1,qAO,N6BA-10:/144100h3938.51N/10345.43WO330/009/A=080602 -77T255P EOSS BALLOON",330.0,10.0,16.1,39.6418333333,-103.7571666667,15.33,24.67,18.14,-7.7,265.45,2550.0,0.03,6.493e-05,0.0334657,-5e-05,2.222e-05,16.36666667,4.98866667,low Re,-0.024444,20.56634,0.002645,4.092754,0.0814,-1.026124,-0.332789,16.405794,-0.007444,6.268619,0.000806,1.24748,0.024811,-1.02603,-0.332514,5.000492,
EOSS-316,AE0SS-13,2021-10-10 08:41:12.241,2021-10-10 08:41:11,80715.0,24601.93,987.0,3641.0,ascending,/144111h3938.53N/10345.45WO305/009EOSS Baloon/A=080715!W48!,"AE0SS-13>APTT4,EOSS,qAR,W0ARP:/144111h3938.53N/10345.45WO305/009EOSS Baloon/A=080715!W48!",305.0,10.0,16.1,39.6422333333,-103.7576333333,15.31,24.64,,,,,,,,-4.944e-05,1.944e-05,16.45,5.014,low Re,0.001389,20.547194,0.002639,4.092819,0.081209,-1.001069,-0.015392,16.413642,0.000422,6.262784,0.000805,1.247499,0.024753,-1.00103,-0.015473,5.002884,
EOSS-316,KC0D-14,2021-10-10 08:41:31.667,2021-10-10 08:41:30,81056.0,24705.87,908.0,3660.0,ascending,/144130h3938.55N/10345.47WO356/001/A=081056 -76T249P EOSS BALLOON,"KC0D-14>APZEOS,EOSS,WIDE2-1,qAO,N6BA-10:/144130h3938.55N/10345.47WO356/001/A=081056 -76T249P EOSS BALLOON",356.0,1.0,1.6,39.6425,-103.7578333333,15.3,24.63,18.32,-7.6,265.55,2490.0,0.02,6.338e-05,0.03266596,-2.222e-05,2.222e-05,15.13333333,4.61266667,low Re,-0.043889,20.52213,0.002423,4.099872,0.081081,-1.314382,-0.571182,16.438583,-0.013378,6.255144,0.000739,1.249649,0.024714,-1.314351,-0.571215,5.010486,
EOSS-316,AE0SS-13,2021-10-10 08:41:42.358,2021-10-10 08:41:41,81155.0,24736.04,880.0,3671.0,ascending,/144141h3938.56N/10345.48WO071/003EOSS Baloon/A=081155!W94!,"AE0SS-13>APTT4,EOSS,qAO,N6BA-10:/144141h3938.56N/10345.48WO071/003EOSS Baloon/A=081155!W94!",71.0,3.0,4.8,39.6428166667,-103.7580666667,15.3,24.62,,,,,,,,-1.444e-05,1.944e-05,14.66666667,4.47033333,low Re,-0.015556,20.495146,0.00234,4.109639,0.080902,-1.418246,-0.221206,16.446165,-0.004744,6.246919,0.000713,1.252626,0.024659,-1.418289,-0.221299,5.012796,
EOSS-316,KC0D-14,2021-10-10 08:42:01.647,2021-10-10 08:42:00,81515.0,24845.77,918.0,3690.0,ascending,/144200h3938.57N/10345.51WO255/007/A=081515 -75T243P EOSS BALLOON,"KC0D-14>APZEOS,EOSS,WIDE2-1,qAO,N6BA-10:/144200h3938.57N/10345.51WO255/007/A=081515 -75T243P EOSS BALLOON",255.0,8.0,12.9,39.6428333333,-103.7585,15.27,24.58,18.5,-7.5,265.65,2430.0,0.02,6.183e-05,0.03186683,-2.222e-05,1.111e-05,15.3,4.66333333,low Re,0.021111,20.471315,0.002426,4.115229,0.080724,-1.256629,0.231468,16.474947,0.006433,6.239655,0.00074,1.254331,0.024605,-1.256703,0.231376,5.021569,
EOSS-316,AE0SS-13,2021-10-10 08:42:12.302,2021-10-10 08:42:11,81618.0,24877.17,926.0,3701.0,ascending,/144211h3938.56N/10345.53WO249/011EOSS Baloon/A=081618!W48!,"AE0SS-13>APTT4,EOSS,qAO,N6BA-10:/144211h3938.56N/10345.53WO249/011EOSS Baloon/A=081618!W48!",249.0,13.0,20.9,39.6427333333,-103.7589666667,15.25,24.54,,,,,,,,-3e-05,-2.78e-06,15.43333333,4.70433333,low Re,0.004444,20.448311,0.002435,4.119869,0.080538,-1.217266,0.024945,16.483516,0.001367,6.232645,0.000742,1.255743,0.024548,-1.217058,0.02546,5.024181,
EOSS-316,KC0D-14,2021-10-10 08:42:31.708,2021-10-10 08:42:30,81974.0,24985.68,918.0,3720.0,ascending,/144230h3938.57N/10345.59WO276/010/A=081974 -74T237P EOSS BALLOON,"KC0D-14>APZEOS,EOSS,WIDE2-1,qAO,N6BA-10:/144230h3938.57N/10345.59WO276/010/A=081974 -74T237P EOSS BALLOON",276.0,12.0,19.3,39.6428333333,-103.7598333333,15.2,24.47,18.68,-7.4,265.75,2370.0,0.02,6.028e-05,0.0310683,-4.444e-05,0.0,15.3,4.66366667,low Re,-0.004444,20.424909,0.002404,4.125081,0.080355,-1.242378,-0.085222,16.514186,-0.001356,6.225513,0.000733,1.257331,0.024492,-1.242192,-0.085293,5.03353,
EOSS-316,AE0SS-13,2021-10-10 08:42:42.319,2021-10-10 08:42:41,82094.0,25022.25,952.0,3731.0,ascending,/144241h3938.56N/10345.62WO189/002EOSS Baloon/A=082094!W34!,"AE0SS-13>APTT4,EOSS,qAO,KB0TVJ-1:/144241h3938.56N/10345.62WO189/002EOSS Baloon/A=082094!W34!",189.0,2.0,3.2,39.6427166667,-103.7604,15.17,24.42,,,,,,,,-4.778e-05,-5.6e-07,15.86666667,4.836,low Re,0.018889,20.404284,0.002479,4.127101,0.080179,-1.099468,0.204667,16.524871,0.005744,6.219225,0.000756,1.257947,0.024439,-1.099589,0.2041,5.036786,
EOSS-316,KC0D-14,2021-10-10 08:43:01.664,2021-10-10 08:43:00,82482.0,25140.51,1016.0,3750.0,ascending,/144300h3938.56N/10345.65WO357/005/A=082482 -73T231P EOSS BALLOON,"KC0D-14>APZEOS,EOSS,WIDE2-1,qAO,N6BA-10:/144300h3938.56N/10345.65WO357/005/A=082482 -73T231P EOSS BALLOON",357.0,6.0,9.7,39.6426666667,-103.7608333333,15.15,24.38,18.86,-7.3,265.85,2310.0,0.02,5.873e-05,0.03027037,-3.333e-05,-5.56e-06,16.93333333,5.161,low Re,0.035556,20.388649,0.002629,4.124338,0.080027,-0.837787,0.411449,16.560485,0.010833,6.214459,0.000801,1.257106,0.024393,-0.838003,0.411266,5.04764,
EOSS-316,AE0SS-13,2021-10-10 08:43:12.315,2021-10-10 08:43:11,82596.0,25175.26,1004.0,3761.0,ascending,/144311h3938.56N/10345.65WO235/008EOSS Baloon/A=082596!W36!,"AE0SS-13>APTT4,EOSS,qAO,N6BA-10:/144311h3938.56N/10345.65WO235/008EOSS Baloon/A=082596!W36!",235.0,9.0,14.5,39.6427166667,-103.7609333333,15.14,24.37,,,,,,,,-1.778e-05,0.0,16.73333333,5.10033333,low Re,-0.006667,20.372257,0.002587,4.122312,0.079848,-0.882739,-0.115895,16.571231,-0.002022,6.209463,0.000788,1.256488,0.024338,-0.882722,-0.115457,5.050916,
EOSS-316,KC0D-14,2021-10-10 08:43:31.682,2021-10-10 08:43:30,82980.0,25292.3,996.0,3780.0,ascending,/144330h3938.55N/10345.67WO216/006/A=082980 -72T225P EOSS BALLOON,"KC0D-14>APZEOS,EOSS,WIDE2-1,qAO,N6BA-10:/144330h3938.55N/10345.67WO216/006/A=082980 -72T225P EOSS BALLOON",216.0,7.0,11.3,39.6425,-103.7611666667,15.13,24.35,19.04,-7.2,265.95,2250.0,0.02,5.719e-05,0.02947304,-1.111e-05,-5.56e-06,16.6,5.05966667,low Re,-0.004444,20.355417,0.002555,4.120774,0.07967,-0.911338,-0.08785,16.608239,-0.001356,6.20433,0.000779,1.25602,0.024284,-0.911342,-0.087918,5.062196,
EOSS-316,AE0SS-13,2021-10-10 08:43:42.394,2021-10-10 08:43:41,83114.0,25333.15,1036.0,3791.0,ascending,/144341h3938.54N/10345.67WO195/002EOSS Baloon/A=083114!W66!,"AE0SS-13>APTT4,EOSS,qAO,N6BA-10:/144341h3938.54N/10345.67WO195/002EOSS Baloon/A=083114!W66!",195.0,2.0,3.2,39.6424333333,-103.7612666667,15.12,24.34,,,,,,,,-1.111e-05,-9.44e-06,17.26666667,5.263,low Re,0.022222,20.341689,0.002643,4.116719,0.079502,-0.746959,0.246271,16.621409,0.006778,6.200146,0.000806,1.254783,0.024232,-0.746859,0.246451,5.06621,
EOSS-316,KC0D-14,2021-10-10 08:44:01.675,2021-10-10 08:44:00,83495.0,25449.28,1030.0,3810.0,ascending,/144400h3938.53N/10345.67WO114/006/A=083495 -71T219P EOSS BALLOON,"KC0D-14>APZEOS,EOSS,WIDE2-1,qAO,N6BA-10:/144400h3938.53N/10345.67WO114/006/A=083495 -71T219P EOSS BALLOON",114.0,7.0,11.3,39.6421666667,-103.7611666667,15.13,24.34,19.22,-7.1,266.05,2190.0,0.02,5.564e-05,0.02867631,0.0,-1.111e-05,17.16666667,5.23266667,low Re,-0.003333,20.32764,0.002617,4.112986,0.079325,-0.768535,-0.075008,16.659424,-0.001011,6.195865,0.000798,1.253645,0.024178,-0.768318,-0.07482,5.077797,
EOSS-316,AE0SS-13,2021-10-10 08:44:12.305,2021-10-10 08:44:11,83616.0,25486.16,1004.0,3821.0,ascending,/144411h3938.51N/10345.64WO166/011EOSS Baloon/A=083616!W25!,"AE0SS-13>APTT4,EOSS,qAO,N6BA-10:/144411h3938.51N/10345.64WO166/011EOSS Baloon/A=083616!W25!",166.0,13.0,20.9,39.6418666667,-103.76075,15.14,24.37,,,,,,,,1.722e-05,-1.889e-05,16.73333333,5.10033333,low Re,-0.014444,20.311806,0.002541,4.110805,0.079157,-0.870504,-0.214574,16.671637,-0.004411,6.191039,0.000775,1.25298,0.024127,-0.870489,-0.214946,5.08152,
EOSS-316,KC0D-14,2021-10-10 08:44:31.682,2021-10-10 08:44:30,84008.0,25605.64,1026.0,3840.0,ascending,/144430h3938.46N/10345.64WO185/010/A=084008 -70T213P EOSS BALLOON,"KC0D-14>APZEOS,EOSS,WIDE2-1,qAO,N6BA-10:/144430h3938.46N/10345.64WO185/010/A=084008 -70T213P EOSS BALLOON",185.0,12.0,19.3,39.641,-103.7606666667,15.14,24.36,19.4,-7.0,266.15,2130.0,0.02,5.41e-05,0.02788018,1.667e-05,-3.889e-05,17.1,5.212,low Re,0.012222,20.297719,0.002584,4.107252,0.078984,-0.778554,0.122025,16.711499,0.003722,6.186745,0.000788,1.251897,0.024075,-0.778614,0.121869,5.093669,
EOSS-316,AE0SS-13,2021-10-10 08:44:42.319,2021-10-10 08:44:41,84135.0,25644.35,1038.0,3851.0,ascending,/144441h3938.43N/10345.62WO199/014EOSS Baloon/A=084135!W57!,"AE0SS-13>APTT4,EOSS,qAO,KB0TVJ-1:/144441h3938.43N/10345.62WO199/014EOSS Baloon/A=084135!W57!",199.0,16.0,25.7,39.6405833333,-103.76045,15.15,24.38,,,,,,,,1e-05,-4.278e-05,17.3,5.273,low Re,0.006667,20.284629,0.002602,4.103019,0.07881,-0.727423,0.05158,16.724468,0.002033,6.182755,0.000793,1.250607,0.024022,-0.727451,0.051619,5.097622,
EOSS-316,KC0D-14,2021-10-10 08:45:01.657,2021-10-10 08:45:00,84526.0,25763.52,1036.0,3870.0,ascending,/144500h3938.36N/10345.65WO205/016/A=084526 -68T208P EOSS BALLOON,"KC0D-14>APZEOS,EOSS,WIDE2-1,qAO,N6BA-10:/144500h3938.36N/10345.65WO205/016/A=084526 -68T208P EOSS BALLOON",205.0,18.0,29.0,39.6393333333,-103.7608333333,15.11,24.32,19.76,-6.8,266.35,2080.0,0.02,5.279e-05,0.02720527,-5.56e-06,-5.556e-05,17.26666667,5.26266667,low Re,-0.001111,20.271507,0.002585,4.098884,0.078638,-0.733087,-0.047,16.764376,-0.000344,6.178754,0.000788,1.249347,0.023969,-0.733253,-0.047228,5.109785,
EOSS-316,AE0SS-13,2021-10-10 08:45:12.314,2021-10-10 08:45:11,84663.0,25805.28,1056.0,3881.0,ascending,/144511h3938.31N/10345.66WO184/016EOSS Baloon/A=084663!W12!,"AE0SS-13>APTT4,EOSS,qAO,N6BA-10:/144511h3938.31N/10345.66WO184/016EOSS Baloon/A=084663!W12!",184.0,18.0,29.0,39.6385166667,-103.7610333333,15.1,24.29,,,,,,,,-1.944e-05,-6.889e-05,17.6,5.36433333,low Re,0.011111,20.259942,0.002622,4.093739,0.078468,-0.649759,0.108184,16.778303,0.003389,6.175229,0.000799,1.247779,0.023917,-0.649871,0.108291,5.11403,
EOSS-316,KC0D-14,2021-10-10 08:45:31.687,2021-10-10 08:45:30,85040.0,25920.19,1028.0,3900.0,ascending,/144530h3938.24N/10345.70WO195/013/A=085040 -67T203P EOSS BALLOON,"KC0D-14>APZEOS,EOSS,WIDE2-1,qAO,N6BA-10:/144530h3938.24N/10345.70WO195/013/A=085040 -67T203P EOSS BALLOON",195.0,15.0,24.1,39.6373333333,-103.7616666667,15.05,24.22,19.94,-6.7,266.45,2030.0,0.02,5.15e-05,0.02654133,-2.778e-05,-6.667e-05,17.13333333,5.22233333,low Re,-0.015556,20.246466,0.002544,4.090023,0.078306,-0.761153,-0.231144,16.816285,-0.004733,6.171121,0.000775,1.246646,0.023868,-0.761072,-0.230769,5.125607,
EOSS-316,AE0SS-13,2021-10-10 08:45:42.283,2021-10-10 08:45:41,85162.0,25957.38,998.0,3911.0,ascending,/144541h3938.21N/10345.74WO240/015EOSS Baloon/A=085162!W01!,"AE0SS-13>APTT4,EOSS,qAO,N6BA-10:/144541h3938.21N/10345.74WO240/015EOSS Baloon/A=085162!W01!",240.0,17.0,27.4,39.6368333333,-103.76235,15.01,24.16,,,,,,,,-4.389e-05,-5.611e-05,16.63333333,5.07,low Re,-0.016667,20.230959,0.002461,4.088058,0.078147,-0.880033,-0.244769,16.828427,-0.005078,6.166396,0.00075,1.246047,0.023819,-0.879899,-0.244679,5.129308,
EOSS-316,KC0D-14,2021-10-10 08:46:01.668,2021-10-10 08:46:00,85532.0,26070.15,984.0,3930.0,ascending,/144600h3938.17N/10345.82WO256/014/A=085532 -66T197P EOSS BALLOON,"KC0D-14>APZEOS,EOSS,WIDE2-1,qAO,N6BA-10:/144600h3938.17N/10345.82WO256/014/A=085532 -66T197P EOSS BALLOON",256.0,16.0,25.7,39.6361666667,-103.7636666667,14.94,24.04,20.12,-6.6,266.55,1970.0,0.02,4.996e-05,0.0257472,-6.667e-05,-3.889e-05,16.4,4.99866667,low Re,-0.007778,20.214587,0.002417,4.086956,0.077981,-0.933357,-0.130737,16.864626,-0.002378,6.161405,0.000737,1.245711,0.023769,-0.933393,-0.131053,5.140341,
EOSS-316,AE0SS-13,2021-10-10 08:46:12.265,2021-10-10 08:46:11,85667.0,26111.3,1010.0,3941.0,ascending,/144611h3938.15N/10345.88WO248/013EOSS Baloon/A=085667!W88!,"AE0SS-13>APTT4,EOSS,qAO,N6BA-10:/144611h3938.15N/10345.88WO248/013EOSS Baloon/A=085667!W88!",248.0,15.0,24.1,39.6359666667,-103.7648,14.87,23.94,,,,,,,,-8.167e-05,-2.889e-05,16.83333333,5.13066667,low Re,0.014444,20.200199,0.002468,4.084174,0.077817,-0.824369,0.1539,16.877551,0.0044,6.157019,0.000752,1.244864,0.023719,-0.824469,0.153801,5.14428,
EOSS-316,KC0D-14,2021-10-10 08:46:31.668,2021-10-10 08:46:30,86025.0,26220.42,986.0,3960.0,ascending,/144630h3938.16N/10345.98WO277/011/A=086025 -64T192P EOSS BALLOON,"KC0D-14>APZEOS,EOSS,WIDE2-1,qAO,N6BA-10:/144630h3938.16N/10345.98WO277/011/A=086025 -64T192P EOSS BALLOON",277.0,13.0,20.9,39.636,-103.7663333333,14.79,23.81,20.48,-6.4,266.75,1920.0,0.02,4.865e-05,0.0250749,-8.889e-05,-5.56e-06,16.43333333,5.009,low Re,-0.013333,20.184237,0.002401,4.082845,0.077658,-0.918699,-0.202606,16.910917,-0.004056,6.152155,0.000732,1.244458,0.02367,-0.918597,-0.202281,5.15445,
EOSS-316,AE0SS-13,2021-10-10 08:46:42.263,2021-10-10 08:46:41,86149.0,26258.22,964.0,3971.0,ascending,/144641h3938.16N/10346.03WO260/010EOSS Baloon/A=086149!W27!,"AE0SS-13>APTT4,EOSS,qAO,N6BA-10:/144641h3938.16N/10346.03WO260/010EOSS Baloon/A=086149!W27!",260.0,12.0,19.3,39.6360333333,-103.7672833333,14.74,23.73,,,,,,,,-8.278e-05,2.22e-06,16.06666667,4.89733333,low Re,-0.012222,20.166864,0.002339,4.082955,0.077498,-1.004223,-0.187889,16.922124,-0.003722,6.14686,0.000713,1.244491,0.023622,-1.004046,-0.187749,5.157867,
EOSS-316,KC0D-14,2021-10-10 08:47:01.663,2021-10-10 08:47:00,86517.0,26370.38,984.0,3990.0,ascending,/144700h3938.17N/10346.10WO306/005/A=086517 -63T187P EOSS BALLOON,"KC0D-14>APZEOS,EOSS,WIDE2-1,qAO,N6BA-10:/144700h3938.17N/10346.10WO306/005/A=086517 -63T187P EOSS BALLOON",306.0,6.0,9.7,39.6361666667,-103.7683333333,14.69,23.64,20.66,-6.3,266.85,1870.0,0.02,4.737e-05,0.02441276,-6.667e-05,5.56e-06,16.4,4.99866667,low Re,0.011111,20.151036,0.002376,4.081642,0.077336,-0.919002,0.112949,16.954138,0.003378,6.142036,0.000724,1.244091,0.023572,-0.91904,0.112591,5.167624,
EOSS-316,KC0D-14,2021-10-10 08:47:31.701,2021-10-10 08:47:30,87004.0,26518.82,974.0,4020.0,ascending,/144730h3938.21N/10346.19WO303/009/A=087004 -61T182P EOSS BALLOON,"KC0D-14>APZEOS,EOSS,WIDE2-1,qAO,N6BA-10:/144730h3938.21N/10346.19WO303/009/A=087004 -61T182P EOSS BALLOON",303.0,10.0,16.1,39.6368333333,-103.7698333333,14.62,23.52,21.02,-6.1,267.05,1820.0,0.02,4.607e-05,0.02374222,-5e-05,2.222e-05,16.23333333,4.948,low Re,-0.005556,20.134644,0.002343,4.080934,0.077174,-0.955985,-0.102353,16.993161,-0.001689,6.13704,0.000714,1.243874,0.023523,-0.955917,-0.102155,5.179518,
EOSS-316,AE0SS-13,2021-10-10 08:47:42.341,2021-10-10 08:47:41,87130.0,26557.22,981.0,4031.0,ascending,/144741h3938.21N/10346.18WO344/007EOSS Baloon/A=087130!W57!,"AE0SS-13>APTT4,EOSS,qAO,KB0TVJ-1:/144741h3938.21N/10346.18WO344/007EOSS Baloon/A=087130!W57!",344.0,8.0,12.9,39.6369166667,-103.7697833333,14.62,23.53,,,,,,,,-4.167e-05,1.472e-05,16.35,4.98333333,low Re,0.001944,20.118875,0.002341,4.079709,0.077012,-0.92381,-0.005155,17.002547,0.000589,6.132233,0.000714,1.243501,0.023473,-0.923923,-0.005325,5.182378,
EOSS-316,KC0D-14,2021-10-10 08:48:01.757,2021-10-10 08:48:00,87511.0,26673.35,1014.0,4050.0,ascending,/144800h3938.22N/10346.18WO086/003/A=087511 -60T178P EOSS BALLOON,"KC0D-14>APZEOS,EOSS,WIDE2-1,qAO,N6BA-10:/144800h3938.22N/10346.18WO086/003/A=087511 -60T178P EOSS BALLOON",86.0,3.0,4.8,39.637,-103.7696666667,14.63,23.54,21.2,-6.0,267.15,1780.0,0.02,4.504e-05,0.02321172,5.56e-06,5.56e-06,16.9,5.151,low Re,0.018333,20.105519,0.002408,4.076477,0.076858,-0.786345,0.2072,17.028925,0.005589,6.128161,0.000734,1.242517,0.023426,-0.786437,0.207248,5.190418,
EOSS-316,AE0SS-13,2021-10-10 08:48:12.279,2021-10-10 08:48:11,87629.0,26709.32,998.0,4061.0,ascending,/144811h3938.23N/10346.17WO115/003EOSS Baloon/A=087629!W05!,"AE0SS-13>APTT4,EOSS,qAO,N6BA-10:/144811h3938.23N/10346.17WO115/003EOSS Baloon/A=087629!W05!",115.0,3.0,4.8,39.6371666667,-103.7695833333,14.63,23.55,,,,,,,,6.67e-06,8.33e-06,16.63333333,5.07,low Re,-0.008889,20.091171,0.002361,4.074129,0.076701,-0.848731,-0.146673,17.036441,-0.0027,6.123789,0.00072,1.241801,0.023379,-0.848597,-0.146285,5.192709,
EOSS-316,KC0D-14,2021-10-10 08:48:31.882,2021-10-10 08:48:30,88021.0,26828.8,1020.0,4080.0,ascending,/144830h3938.23N/10346.16WO151/002/A=088021 -58T173P EOSS BALLOON,"KC0D-14>APZEOS,EOSS,WIDE2-1,qAO,N6BA-10:/144830h3938.23N/10346.16WO151/002/A=088021 -58T173P EOSS BALLOON",151.0,2.0,3.2,39.6371666667,-103.7693333333,14.65,23.57,21.56,-5.8,267.35,1730.0,0.02,4.374e-05,0.02254283,1.111e-05,5.56e-06,17.0,5.18166667,low Re,0.012222,20.07845,0.002402,4.070536,0.076544,-0.756276,0.128292,17.058984,0.003722,6.119911,0.000732,1.240705,0.023331,-0.756219,0.128156,5.19958,
EOSS-316,AE0SS-13,2021-10-10 08:48:42.274,2021-10-10 08:48:41,88148.0,26867.51,1038.0,4091.0,ascending,/144841h3938.23N/10346.16WO311/005EOSS Baloon/A=088148!W21!,"AE0SS-13>APTT4,EOSS,qAO,N6BA-10:/144841h3938.23N/10346.16WO311/005EOSS Baloon/A=088148!W21!",311.0,6.0,9.7,39.6372,-103.76935,14.65,23.57,,,,,,,,7.78e-06,1.11e-06,17.3,5.273,low Re,0.01,20.067063,0.002433,4.066044,0.076387,-0.68053,0.099061,17.06544,0.003044,6.116441,0.000742,1.239336,0.023283,-0.680559,0.09887,5.201547,
EOSS-316,KC0D-14,2021-10-10 08:49:01.689,2021-10-10 08:49:00,88536.0,26985.77,1030.0,4110.0,ascending,/144900h3938.23N/10346.18WO306/001/A=088536 -57T168P EOSS BALLOON,"KC0D-14>APZEOS,EOSS,WIDE2-1,qAO,N6BA-10:/144900h3938.23N/10346.18WO306/001/A=088536 -57T168P EOSS BALLOON",306.0,1.0,1.6,39.6371666667,-103.7696666667,14.63,23.54,21.74,-5.7,267.45,1680.0,0.02,4.246e-05,0.02188311,-1.111e-05,0.0,17.16666667,5.23233333,low Re,-0.004444,20.055224,0.002405,4.061932,0.076231,-0.711129,-0.089845,17.08239,-0.001356,6.112832,0.000733,1.238083,0.023236,-0.711179,-0.089904,5.206714,
EOSS-316,AE0SS-13,2021-10-10 08:49:12.323,2021-10-10 08:49:11,88669.0,27026.31,1042.0,4121.0,ascending,/144911h3938.22N/10346.18WO159/003EOSS Baloon/A=088669!W51!,"AE0SS-13>APTT4,EOSS,qAO,N6BA-10:/144911h3938.22N/10346.18WO159/003EOSS Baloon/A=088669!W51!",159.0,3.0,4.8,39.6370833333,-103.7696833333,14.63,23.54,,,,,,,,-1.111e-05,-3.89e-06,17.36666667,5.29333333,low Re,0.006667,20.044295,0.002422,4.057257,0.076076,-0.65996,0.055799,17.08719,0.002033,6.109501,0.000738,1.236658,0.023188,-0.659978,0.055848,5.208177,
EOSS-316,KC0D-14,2021-10-10 08:49:31.680,2021-10-10 08:49:30,89033.0,27137.26,994.0,4140.0,ascending,/144930h3938.24N/10346.17WO048/009/A=089033 -55T164P EOSS BALLOON,"KC0D-14>APZEOS,EOSS,WIDE2-1,qAO,N6BA-10:/144930h3938.24N/10346.17WO048/009/A=089033 -55T164P EOSS BALLOON",48.0,10.0,16.1,39.6373333333,-103.7695,14.64,23.56,22.1,-5.5,267.65,1640.0,0.02,4.142e-05,0.02134613,5.56e-06,5.56e-06,16.56666667,5.04966667,low Re,-0.026667,20.030216,0.002304,4.055044,0.075943,-0.854134,-0.381483,17.097521,-0.008122,6.10521,0.000702,1.235983,0.023148,-0.854011,-0.381199,5.211325,
EOSS-316,AE0SS-13,2021-10-10 08:49:42.309,2021-10-10 08:49:41,89148.0,27172.31,958.0,4151.0,ascending,/144941h3938.26N/10346.15WO340/011EOSS Baloon/A=089148!W22!,"AE0SS-13>APTT4,EOSS,qAO,N6BA-10:/144941h3938.26N/10346.15WO340/011EOSS Baloon/A=089148!W22!",340.0,13.0,20.9,39.6377,-103.7692,14.66,23.59,,,,,,,,1.611e-05,2.056e-05,15.96666667,4.86666667,low Re,-0.02,20.013831,0.002214,4.055045,0.075802,-0.998057,-0.293053,17.099895,-0.0061,6.100216,0.000675,1.235983,0.023104,-0.998031,-0.293239,5.212049,
EOSS-316,KC0D-14,2021-10-10 08:50:01.674,2021-10-10 08:50:00,89529.0,27288.44,992.0,4170.0,ascending,/145000h3938.29N/10346.12WO009/004/A=089529 -54T159P EOSS BALLOON,"KC0D-14>APZEOS,EOSS,WIDE2-1,qAO,N6BA-10:/145000h3938.29N/10346.12WO009/004/A=089529 -54T159P EOSS BALLOON",9.0,5.0,8.0,39.6381666667,-103.7686666667,14.69,23.64,22.28,-5.4,267.75,1590.0,0.02,4.014e-05,0.0206876,2.778e-05,2.778e-05,16.53333333,5.03933333,low Re,0.018889,19.999853,0.002281,4.052868,0.075655,-0.855325,0.219523,17.104554,0.005756,6.095955,0.000695,1.23532,0.02306,-0.855342,0.219471,5.213469,
EOSS-316,AE0SS-13,2021-10-10 08:50:12.445,2021-10-10 08:50:11,89647.0,27324.41,998.0,4181.0,ascending,/145011h3938.30N/10346.10WO089/018EOSS Baloon/A=089647!W71!,"AE0SS-13>APTT4,EOSS,qAO,N6BA-10:/145011h3938.30N/10346.10WO089/018EOSS Baloon/A=089647!W71!",89.0,21.0,33.8,39.63845,-103.76835,14.71,23.67,,,,,,,,2.833e-05,2.5e-05,16.63333333,5.07,low Re,0.003333,19.986387,0.002285,4.050321,0.075503,-0.827849,0.01388,17.104963,0.001022,6.091851,0.000697,1.234543,0.023013,-0.827716,0.014122,5.213593,
EOSS-316,KC0D-14,2021-10-10 08:50:31.693,2021-10-10 08:50:30,90033.0,27442.06,1008.0,4200.0,ascending,/145030h3938.32N/10346.04WO103/013/A=090033 -52T155P EOSS BALLOON,"KC0D-14>APZEOS,EOSS,WIDE2-1,qAO,N6BA-10:/145030h3938.32N/10346.04WO103/013/A=090033 -52T155P EOSS BALLOON",103.0,15.0,24.1,39.6386666667,-103.7673333333,14.77,23.76,22.64,-5.2,267.95,1550.0,0.02,3.91e-05,0.0201521,4.444e-05,1.667e-05,16.8,5.12066667,low Re,0.005556,19.973692,0.002298,4.047213,0.075351,-0.784167,0.043238,17.102736,0.001689,6.087982,0.000701,1.233595,0.022967,-0.784143,0.043018,5.212914,
EOSS-316,AE0SS-13,2021-10-10 08:50:42.337,2021-10-10 08:50:41,90162.0,27481.38,1030.0,4211.0,ascending,/145041h3938.31N/10346.00WO082/002EOSS Baloon/A=090162!W04!,"AE0SS-13>APTT4,EOSS,qAO,N6BA-10:/145041h3938.31N/10346.00WO082/002EOSS Baloon/A=090162!W04!",82.0,2.0,3.2,39.6385,-103.7667333333,14.8,23.81,,,,,,,,5.389e-05,1.67e-06,17.16666667,5.23233333,low Re,0.012222,19.962553,0.002338,4.043012,0.075203,-0.691536,0.131431,17.100739,0.003722,6.084587,0.000713,1.232315,0.022922,-0.691588,0.131271,5.212305,
EOSS-316,KC0D-14,2021-10-10 08:51:01.696,2021-10-10 08:51:00,90542.0,27597.2,1018.0,4230.0,ascending,/145100h3938.29N/10345.90WO117/011/A=090542 -51T151P EOSS BALLOON,"KC0D-14>APZEOS,EOSS,WIDE2-1,qAO,N6BA-10:/145100h3938.29N/10345.90WO117/011/A=090542 -51T151P EOSS BALLOON",117.0,13.0,20.9,39.6381666667,-103.765,14.88,23.95,22.82,-5.1,268.05,1510.0,0.01,3.808e-05,0.01962473,7.778e-05,-1.667e-05,16.96666667,5.17133333,low Re,-0.006667,19.950711,0.002302,4.039375,0.075055,-0.738739,-0.119499,17.091077,-0.002033,6.080977,0.000702,1.231207,0.022877,-0.738823,-0.119552,5.20936,
EOSS-316,AE0SS-13,2021-10-10 08:51:12.327,2021-10-10 08:51:11,90668.0,27635.61,1012.0,4241.0,ascending,/145111h3938.26N/10345.84WO111/017EOSS Baloon/A=090668!W88!,"AE0SS-13>APTT4,EOSS,qAO,N6BA-10:/145111h3938.26N/10345.84WO111/017EOSS Baloon/A=090668!W88!",111.0,20.0,32.2,39.6378,-103.7641333333,14.93,24.02,,,,,,,,8.667e-05,-2.333e-05,16.86666667,5.141,low Re,-0.003333,19.93857,0.00228,4.036026,0.074907,-0.761121,-0.074933,17.086599,-0.001011,6.077276,0.000695,1.230186,0.022832,-0.761085,-0.07472,5.207995,
EOSS-316,KC0D-14,2021-10-10 08:51:31.665,2021-10-10 08:51:30,91035.0,27747.47,986.0,4260.0,ascending,/145130h3938.23N/10345.80WO152/012/A=091035 -49T147P EOSS BALLOON,"KC0D-14>APZEOS,EOSS,WIDE2-1,qAO,N6BA-10:/145130h3938.23N/10345.80WO152/012/A=091035 -49T147P EOSS BALLOON",152.0,14.0,22.5,39.6371666667,-103.7633333333,14.96,24.08,23.18,-4.9,268.25,1470.0,0.01,3.704e-05,0.01909062,5.556e-05,-3.333e-05,16.43333333,5.009,low Re,-0.014444,19.924824,0.002214,4.03405,0.074766,-0.865505,-0.222802,17.069844,-0.0044,6.073087,0.000675,1.229583,0.022789,-0.865405,-0.222695,5.202888,
EOSS-316,AE0SS-13,2021-10-10 08:51:42.258,2021-10-10 08:51:41,91160.0,27785.57,984.0,4271.0,ascending,/145141h3938.18N/10345.78WO158/011EOSS Baloon/A=091160!W32!,"AE0SS-13>APTT4,EOSS,qAO,W0ARP-1:/145141h3938.18N/10345.78WO158/011EOSS Baloon/A=091160!W32!",158.0,13.0,20.9,39.6363833333,-103.7630333333,14.97,24.09,,,,,,,,3.667e-05,-4.722e-05,16.4,4.99866667,low Re,-0.001111,19.911055,0.002201,4.032155,0.074619,-0.870764,-0.044385,17.062854,-0.000344,6.06889,0.000671,1.229006,0.022744,-0.870804,-0.044627,5.200758,
EOSS-316,KC0D-14,2021-10-10 08:52:01.702,2021-10-10 08:52:00,91529.0,27898.04,988.0,4290.0,ascending,/145200h3938.12N/10345.80WO187/014/A=091529 -48T144P EOSS BALLOON,"KC0D-14>APZEOS,EOSS,WIDE2-1,qAO,N6BA-10:/145200h3938.12N/10345.80WO187/014/A=091529 -48T144P EOSS BALLOON",187.0,16.0,25.7,39.6353333333,-103.7633333333,14.95,24.05,23.36,-4.8,268.35,1440.0,0.01,3.627e-05,0.01869405,0.0,-6.111e-05,16.46666667,5.019,low Re,0.002222,19.897652,0.002201,4.030003,0.074473,-0.85136,0.000282,17.038342,0.000678,6.064805,0.000671,1.22835,0.022699,-0.85139,0.000308,5.193286,
EOSS-316,AE0SS-13,2021-10-10 08:52:12.264,2021-10-10 08:52:11,91639.0,27931.57,958.0,4301.0,ascending,/145211h3938.09N/10345.79WO165/006EOSS Baloon/A=091639!W16!,"AE0SS-13>APTT4,EOSS,qAO,N6BA-10:/145211h3938.09N/10345.79WO165/006EOSS Baloon/A=091639!W16!",165.0,7.0,11.3,39.63485,-103.7632666667,14.95,24.05,,,,,,,,-7.78e-06,-5.111e-05,15.96666667,4.86666667,low Re,-0.016667,19.882416,0.002128,4.029594,0.074336,-0.971748,-0.252838,17.029902,-0.005078,6.060161,0.000648,1.228225,0.022658,-0.971723,-0.252714,5.190713,
EOSS-316,KC0D-14,2021-10-10 08:52:31.759,2021-10-10 08:52:30,92007.0,28043.73,956.0,4320.0,ascending,/145230h3938.04N/10345.78WO136/007/A=092007 -46T140P EOSS BALLOON,"KC0D-14>APZEOS,EOSS,WIDE2-1,qAO,N6BA-10:/145230h3938.04N/10345.78WO136/007/A=092007 -46T140P EOSS BALLOON",136.0,8.0,12.9,39.634,-103.763,14.95,24.06,23.72,-4.6,268.55,1400.0,0.01,3.524e-05,0.01816123,1.111e-05,-4.444e-05,15.93333333,4.85633333,low Re,-0.001111,19.867169,0.002115,4.029256,0.074192,-0.976318,-0.043482,16.997836,-0.000344,6.055513,0.000645,1.228123,0.022614,-0.976433,-0.043734,5.18094,
EOSS-316,AE0SS-13,2021-10-10 08:52:42.559,2021-10-10 08:52:41,92121.0,28078.48,964.0,4331.0,ascending,/145241h3938.01N/10345.75WO145/017EOSS Baloon/A=092121!W83!,"AE0SS-13>APTT4,EOSS,qAO,KB0TVJ-1:/145241h3938.01N/10345.75WO145/017EOSS Baloon/A=092121!W83!",145.0,20.0,32.2,39.6336333333,-103.76255,14.97,24.1,,,,,,,,2.389e-05,-4.056e-05,16.06666667,4.897,low Re,0.004444,19.852551,0.002124,4.028371,0.074048,-0.939805,0.031331,16.9867,0.001356,6.051057,0.000647,1.227853,0.02257,-0.939898,0.031413,5.177546,
EOSS-316,KC0D-14,2021-10-10 08:53:01.684,2021-10-10 08:53:00,92508.0,28196.44,1002.0,4350.0,ascending,/145300h3938.01N/10345.70WO127/007/A=092508 -45T136P EOSS BALLOON,"KC0D-14>APZEOS,EOSS,WIDE2-1,qAO,N6BA-10:/145300h3938.01N/10345.70WO127/007/A=092508 -45T136P EOSS BALLOON",127.0,8.0,12.9,39.6335,-103.7616666667,15.02,24.17,23.9,-4.5,268.65,1360.0,0.01,3.422e-05,0.01763577,4.444e-05,-1.667e-05,16.7,5.09033333,low Re,0.021111,19.840473,0.002197,4.025349,0.073914,-0.780174,0.255892,16.944628,0.006444,6.047376,0.00067,1.226932,0.022529,-0.780029,0.256292,5.164722,
EOSS-316,AE0SS-13,2021-10-10 08:53:12.265,2021-10-10 08:53:11,92626.0,28232.4,1010.0,4361.0,ascending,/145311h3938.00N/10345.68WO087/002EOSS Baloon/A=092626!W09!,"AE0SS-13>APTT4,EOSS,qAO,N6BA-10:/145311h3938.00N/10345.68WO087/002EOSS Baloon/A=092626!W09!",87.0,2.0,3.2,39.6333333333,-103.7614833333,15.03,24.18,,,,,,,,3.556e-05,-1e-05,16.83333333,5.13066667,low Re,0.004444,19.828995,0.002206,4.021924,0.073772,-0.744833,0.030337,16.930488,0.001344,6.043877,0.000672,1.225888,0.022486,-0.744938,0.029885,5.160413,
EOSS-316,KC0D-14,2021-10-10 08:53:31.671,2021-10-10 08:53:30,92999.0,28346.1,982.0,4380.0,ascending,/145330h3938.00N/10345.64WO080/009/A=092999 -43T133P EOSS BALLOON,"KC0D-14>APZEOS,EOSS,WIDE2-1,qAO,N6BA-10:/145330h3938.00N/10345.64WO080/009/A=092999 -43T133P EOSS BALLOON",80.0,10.0,16.1,39.6333333333,-103.7606666667,15.07,24.25,24.26,-4.3,268.85,1330.0,0.01,3.344e-05,0.01723392,3.333e-05,-5.56e-06,16.36666667,4.98866667,low Re,-0.015556,19.81583,0.002138,4.019914,0.073639,-0.858019,-0.24028,16.881768,-0.004733,6.039865,0.000652,1.225275,0.022445,-0.857928,-0.23992,5.145562,
EOSS-316,AE0SS-13,2021-10-10 08:53:42.260,2021-10-10 08:53:41,93138.0,28388.46,1024.0,4391.0,ascending,/145341h3937.99N/10345.61WO129/010EOSS Baloon/A=093138!W90!,"AE0SS-13>APTT4,EOSS,qAO,N6BA-10:/145341h3937.99N/10345.61WO129/010EOSS Baloon/A=093138!W90!",129.0,12.0,19.3,39.6333166667,-103.7601666667,15.1,24.3,,,,,,,,4.389e-05,-5.6e-07,17.06666667,5.202,low Re,0.023333,19.805417,0.002218,4.015831,0.07351,-0.681988,0.28724,16.862058,0.007111,6.036691,0.000676,1.22403,0.022406,-0.68192,0.2872,5.139555,
EOSS-316,KC0D-14,2021-10-10 08:54:01.700,2021-10-10 08:54:00,93528.0,28507.33,1058.0,4410.0,ascending,/145400h3937.99N/10345.54WO130/011/A=093528 -41T129P EOSS BALLOON,"KC0D-14>APZEOS,EOSS,WIDE2-1,qAO,N6BA-10:/145400h3937.99N/10345.54WO130/011/A=093528 -41T129P EOSS BALLOON",130.0,13.0,20.9,39.6331666667,-103.759,15.16,24.39,24.62,-4.1,269.05,1290.0,0.01,3.241e-05,0.01670318,5.556e-05,-5.56e-06,17.63333333,5.37433333,low Re,0.018889,19.79722,0.002282,4.010438,0.073377,-0.539564,0.226324,16.802301,0.005744,6.034192,0.000695,1.222387,0.022366,-0.539812,0.225744,5.121342,
EOSS-316,AE0SS-13,2021-10-10 08:54:12.325,2021-10-10 08:54:11,93667.0,28549.7,1058.0,4421.0,ascending,/145411h3937.97N/10345.49WO100/013EOSS Baloon/A=093667!W39!,"AE0SS-13>APTT4,EOSS,qAO,N6BA-10:/145411h3937.97N/10345.49WO100/013EOSS Baloon/A=093667!W39!",100.0,15.0,24.1,39.6328833333,-103.7583166667,15.19,24.45,,,,,,,,6.167e-05,-1.444e-05,17.63333333,5.37466667,low Re,0.0,19.789085,0.002273,4.005062,0.073238,-0.538257,-0.031036,16.779435,1.1e-05,6.031712,0.000693,1.220749,0.022323,-0.538231,-0.030551,5.114372,
EOSS-316,KC0D-14,2021-10-10 08:54:31.960,2021-10-10 08:54:30,94059.0,28669.18,1062.0,4440.0,ascending,/145430h3937.95N/10345.43WO123/009/A=094059 -39T125P EOSS BALLOON,"KC0D-14>APZEOS,EOSS,WIDE2-1,qAO,N6BA-10:/145430h3937.95N/10345.43WO123/009/A=094059 -39T125P EOSS BALLOON",123.0,10.0,16.1,39.6325,-103.7571666667,15.25,24.54,24.98,-3.9,269.25,1250.0,0.01,3.138e-05,0.01617323,6.111e-05,-2.222e-05,17.7,5.395,low Re,0.002222,19.781261,0.002273,3.999571,0.0731,-0.520371,-0.000698,16.710608,0.000678,6.029328,0.000693,1.219075,0.022281,-0.520336,-0.000673,5.093394,
EOSS-316,AE0SS-13,2021-10-10 08:54:42.400,2021-10-10 08:54:41,94215.0,28716.73,1096.0,4451.0,ascending,/145441h3937.93N/10345.40WO156/009EOSS Baloon/A=094215!W26!,"AE0SS-13>APTT4,EOSS,qAO,KB0TVJ-1:/145441h3937.93N/10345.40WO156/009EOSS Baloon/A=094215!W26!",156.0,10.0,16.1,39.6322,-103.7567666667,15.27,24.57,,,,,,,,5.167e-05,-2.278e-05,18.26666667,5.56766667,low Re,0.018889,19.775609,0.002335,3.993146,0.072969,-0.377883,0.226863,16.681471,0.005756,6.027605,0.000712,1.217116,0.022241,-0.377892,0.226788,5.084513,
EOSS-316,KC0D-14,2021-10-10 08:55:01.776,2021-10-10 08:55:00,94622.0,28840.79,1126.0,4470.0,ascending,/145500h3937.87N/10345.39WO185/010/A=094622 -38T121P EOSS BALLOON,"KC0D-14>APZEOS,EOSS,WIDE2-1,qAO,N6BA-10:/145500h3937.87N/10345.39WO185/010/A=094622 -38T121P EOSS BALLOON",185.0,12.0,19.3,39.6311666667,-103.7565,15.27,24.58,25.16,-3.8,269.35,1210.0,0.01,3.037e-05,0.01564987,2.222e-05,-4.444e-05,18.76666667,5.72033333,low Re,0.016667,19.771859,0.002388,3.986164,0.072838,-0.25217,0.196038,16.600939,0.005089,6.026463,0.000728,1.214988,0.022201,-0.251961,0.196433,5.059965,
EOSS-316,AE0SS-13,2021-10-10 08:55:12.411,2021-10-10 08:55:11,94769.0,28885.59,1108.0,4481.0,ascending,/145511h3937.82N/10345.40WO200/020EOSS Baloon/A=094769!W36!,"AE0SS-13>APTT4,EOSS,qAO,KB0TVJ-1:/145511h3937.82N/10345.40WO200/020EOSS Baloon/A=094769!W36!",200.0,23.0,37.0,39.6303833333,-103.7567666667,15.26,24.55,,,,,,,,0.0,-6.056e-05,18.46666667,5.62866667,low Re,-0.01,19.767025,0.002342,3.97954,0.072706,-0.326761,-0.169752,16.570298,-0.003056,6.024989,0.000714,1.212969,0.022161,-0.326737,-0.170119,5.050627,
EOSS-316,KC0D-14,2021-10-10 08:55:31.847,2021-10-10 08:55:30,95157.0,29003.85,1070.0,4500.0,ascending,/145530h3937.76N/10345.38WO160/008/A=095157 -36T118P EOSS BALLOON,"KC0D-14>APZEOS,EOSS,WIDE2-1,qAO,N6BA-10:/145530h3937.76N/10345.38WO160/008/A=095157 -36T118P EOSS BALLOON",160.0,9.0,14.5,39.6293333333,-103.7563333333,15.27,24.58,25.52,-3.6,269.55,1180.0,0.01,2.959e-05,0.01525054,5.56e-06,-6.111e-05,17.83333333,5.43533333,low Re,-0.021111,19.759889,0.002256,3.9739,0.072585,-0.484802,-0.321926,16.485654,-0.006444,6.022814,0.000687,1.211251,0.022124,-0.48502,-0.32232,5.024828,
EOSS-316,AE0SS-13,2021-10-10 08:55:42.302,2021-10-10 08:55:41,95320.0,29053.54,1102.0,4511.0,ascending,/145541h3937.74N/10345.35WO123/013EOSS Baloon/A=095320!W06!,"AE0SS-13>APTT4,EOSS,qAO,N6BA-10:/145541h3937.74N/10345.35WO123/013EOSS Baloon/A=095320!W06!",123.0,15.0,24.1,39.629,-103.7559333333,15.29,24.61,,,,,,,,2.778e-05,-4.611e-05,18.36666667,5.59833333,low Re,0.017778,19.754767,0.002313,3.967461,0.072456,-0.349871,0.21344,16.448533,0.005433,6.021253,0.000705,1.209288,0.022085,-0.349726,0.214082,5.013512,
EOSS-316,KC0D-14,2021-10-10 08:56:01.804,2021-10-10 08:56:00,95698.0,29168.75,1082.0,4530.0,ascending,/145600h3937.72N/10345.31WO109/010/A=095698 -34T114P EOSS BALLOON,"KC0D-14>APZEOS,EOSS,WIDE2-1,qAO,N6BA-10:/145600h3937.72N/10345.31WO109/010/A=095698 -34T114P EOSS BALLOON",109.0,12.0,19.3,39.6286666667,-103.7551666667,15.33,24.67,25.88,-3.4,269.75,1140.0,0.01,2.857e-05,0.01472265,3.889e-05,-2.222e-05,18.03333333,5.49666667,low Re,-0.011111,19.748462,0.002263,3.961532,0.072327,-0.432946,-0.18491,16.359124,-0.003389,6.019331,0.00069,1.20748,0.022045,-0.432855,-0.185031,4.986261,
EOSS-316,AE0SS-13,2021-10-10 08:56:12.364,2021-10-10 08:56:11,95829.0,29208.68,1018.0,4541.0,ascending,/145611h3937.71N/10345.28WO112/001EOSS Baloon/A=095829!W04!,"AE0SS-13>APTT4,EOSS,qAO,KB0TVJ-1:/145611h3937.71N/10345.28WO112/001EOSS Baloon/A=095829!W04!",112.0,1.0,1.6,39.6285,-103.7547333333,15.35,24.7,,,,,,,,4e-05,-1.667e-05,16.96666667,5.17133333,low Re,-0.035556,19.738309,0.002125,3.957839,0.07223,-0.700292,-0.521681,16.327114,-0.010844,6.016237,0.000648,1.206355,0.022016,-0.700377,-0.521984,4.976504,
EOSS-316,KC0D-14,2021-10-10 08:56:31.829,2021-10-10 08:56:30,96190.0,29318.71,984.0,4560.0,ascending,/145630h3937.68N/10345.24WO159/009/A=096190 -32T111P EOSS BALLOON,"KC0D-14>APZEOS,EOSS,WIDE2-1,qAO,N6BA-10:/145630h3937.68N/10345.24WO159/009/A=096190 -32T111P EOSS BALLOON",159.0,10.0,16.1,39.628,-103.754,15.39,24.76,26.24,-3.2,269.95,1110.0,0.01,2.779e-05,0.01432459,3.889e-05,-2.222e-05,16.4,4.99866667,low Re,-0.018889,19.72617,0.002048,3.955736,0.072109,-0.840847,-0.290352,16.236393,-0.005756,6.012536,0.000624,1.205714,0.021979,-0.840887,-0.290277,4.948854,
EOSS-316,AE0SS-13,2021-10-10 08:56:42.383,2021-10-10 08:56:41,96321.0,29358.64,984.0,4571.0,ascending,/145641h3937.64N/10345.21WO134/015EOSS Baloon/A=096321!W75!,"AE0SS-13>APTT4,EOSS,qAO,N6BA-10:/145641h3937.64N/10345.21WO134/015EOSS Baloon/A=096321!W75!",134.0,17.0,27.4,39.62745,-103.7535833333,15.41,24.79,,,,,,,,3.833e-05,-3.5e-05,16.4,4.99866667,low Re,0.0,19.714118,0.002041,3.953609,0.071977,-0.838251,-0.028356,16.202622,0.0,6.008863,0.000622,1.205066,0.021939,-0.838291,-0.028351,4.93856,
EOSS-316,KC0D-14,2021-10-10 08:57:01.719,2021-10-10 08:57:00,96677.0,29467.15,974.0,4590.0,ascending,/145700h3937.57N/10345.17WO148/011/A=096677 -30T108P EOSS BALLOON,"KC0D-14>APZEOS,EOSS,WIDE2-1,qAO,N6BA-10:/145700h3937.57N/10345.17WO148/011/A=096677 -30T108P EOSS BALLOON",148.0,13.0,20.9,39.6261666667,-103.7528333333,15.44,24.84,26.6,-3.0,270.15,1080.0,0.01,2.702e-05,0.01392712,3.889e-05,-6.111e-05,16.23333333,4.948,low Re,-0.005556,19.701552,0.002013,3.951978,0.071848,-0.877591,-0.105347,16.108795,-0.001689,6.005033,0.000614,1.204569,0.021899,-0.87752,-0.105165,4.909961,
EOSS-316,AE0SS-13,2021-10-10 08:57:12.250,2021-10-10 08:57:11,96807.0,29506.77,972.0,4601.0,ascending,/145711h3937.54N/10345.14WO134/011EOSS Baloon/A=096807!W73!,"AE0SS-13>APTT4,EOSS,qAO,N6BA-10:/145711h3937.54N/10345.14WO134/011EOSS Baloon/A=096807!W73!",134.0,13.0,20.9,39.6257833333,-103.7523833333,15.46,24.88,,,,,,,,4e-05,-5.556e-05,16.2,4.93766667,low Re,-0.001111,19.688957,0.002002,3.950424,0.071718,-0.883185,-0.043406,16.073849,-0.000344,6.001194,0.00061,1.204095,0.02186,-0.883259,-0.043641,4.899311,
EOSS-316,KC0D-14,2021-10-10 08:57:31.671,2021-10-10 08:57:30,97157.0,29613.45,960.0,4620.0,ascending,/145730h3937.48N/10345.11WO161/011/A=097157 -28T106P EOSS BALLOON,"KC0D-14>APZEOS,EOSS,WIDE2-1,qAO,N6BA-10:/145730h3937.48N/10345.11WO161/011/A=097157 -28T106P EOSS BALLOON",161.0,13.0,20.9,39.6246666667,-103.7518333333,15.48,24.92,26.96,-2.8,270.35,1060.0,0.01,2.65e-05,0.0136591,3.333e-05,-5e-05,16.0,4.87666667,low Re,-0.006667,19.675735,0.001971,3.949493,0.07159,-0.930685,-0.120659,15.978192,-0.002033,5.997163,0.000601,1.203812,0.021821,-0.93079,-0.120709,4.870155,
EOSS-316,AE0SS-13,2021-10-10 08:57:42.152,2021-10-10 08:57:41,97283.0,29651.86,952.0,4631.0,ascending,/145741h3937.43N/10345.09WO158/016EOSS Baloon/A=097283!W59!,"AE0SS-13>APTT4,EOSS,qAR,W0ARP:/145741h3937.43N/10345.09WO158/016EOSS Baloon/A=097283!W59!",158.0,18.0,29.0,39.6239166667,-103.75165,15.49,24.93,,,,,,,,2.444e-05,-6.222e-05,15.86666667,4.83633333,low Re,-0.004444,19.662131,0.001948,3.948975,0.071462,-0.961126,-0.089446,15.943259,-0.001344,5.993017,0.000594,1.203653,0.021782,-0.960978,-0.088973,4.859506,
EOSS-316,KC0D-14,2021-10-10 08:58:01.760,2021-10-10 08:58:00,97634.0,29758.84,954.0,4650.0,ascending,/145800h3937.38N/10345.04WO153/017/A=097634 -26T103P EOSS BALLOON,"KC0D-14>APZEOS,EOSS,WIDE2-1,qAO,N6BA-10:/145800h3937.38N/10345.04WO153/017/A=097634 -26T103P EOSS BALLOON",153.0,20.0,32.2,39.623,-103.7506666667,15.54,25.01,27.32,-2.6,270.55,1030.0,0.01,2.573e-05,0.01326271,3.889e-05,-5.556e-05,15.9,4.84633333,low Re,0.001111,19.648743,0.001945,3.9483,0.071334,-0.949457,-0.011691,15.844815,0.000333,5.988936,0.000593,1.203448,0.021743,-0.949441,-0.011958,4.829502,
EOSS-316,AE0SS-13,2021-10-10 08:58:12.354,2021-10-10 08:58:11,97752.0,29794.81,938.0,4661.0,ascending,/145811h3937.34N/10345.00WO135/011EOSS Baloon/A=097752!W58!,"AE0SS-13>APTT4,EOSS,qAO,KB0TVJ-1:/145811h3937.34N/10345.00WO135/011EOSS Baloon/A=097752!W58!",135.0,13.0,20.9,39.6224166667,-103.7501333333,15.56,25.05,,,,,,,,5.056e-05,-5e-05,15.63333333,4.765,low Re,-0.008889,19.634504,0.001906,3.948516,0.07121,-1.013335,-0.151594,15.811409,-0.002711,5.984596,0.000581,1.203513,0.021705,-1.013363,-0.15167,4.819318,
EOSS-316,KC0D-14,2021-10-10 08:58:31.718,2021-10-10 08:58:30,98091.0,29898.14,914.0,4680.0,ascending,/145830h3937.28N/10345.01WO185/009/A=098091 -24T100P EOSS BALLOON,"KC0D-14>APZEOS,EOSS,WIDE2-1,qAO,N6BA-10:/145830h3937.28N/10345.01WO185/009/A=098091 -24T100P EOSS BALLOON",185.0,10.0,16.1,39.6213333333,-103.7501666667,15.56,25.04,27.68,-2.4,270.75,1000.0,0.01,2.497e-05,0.0128669,1.667e-05,-5.556e-05,15.23333333,4.64333333,low Re,-0.013333,19.618952,0.001852,3.950182,0.071088,-1.110232,-0.213608,15.714802,-0.004056,5.979857,0.000565,1.20402,0.021668,-1.110051,-0.213264,4.789872,
EOSS-316,AE0SS-13,2021-10-10 08:58:42.370,2021-10-10 08:58:41,98201.0,29931.66,898.0,4691.0,ascending,/145841h3937.24N/10345.00WO156/009EOSS Baloon/A=098201!W94!,"AE0SS-13>APTT4,EOSS,qAO,KB0TVJ-1:/145841h3937.24N/10345.00WO156/009EOSS Baloon/A=098201!W94!",156.0,10.0,16.1,39.6208166667,-103.7500666667,15.56,25.04,,,,,,,,2.22e-06,-5.333e-05,14.96666667,4.56166667,low Re,-0.008889,19.60257,0.001814,3.952848,0.070965,-1.172801,-0.150821,15.683307,-0.002722,5.974863,0.000553,1.204834,0.02163,-1.172939,-0.15141,4.780275,
EOSS-316,KC0D-14,2021-10-10 08:59:01.666,2021-10-10 08:59:00,98541.0,30035.3,900.0,4710.0,ascending,/145900h3937.21N/10344.97WO139/011/A=098541 -22T98P EOSS BALLOON,"KC0D-14>APZEOS,EOSS,WIDE2-1,qAO,N6BA-10:/145900h3937.21N/10344.97WO139/011/A=098541 -22T98P EOSS BALLOON",139.0,13.0,20.9,39.6201666667,-103.7495,15.59,25.09,28.04,-2.2,270.95,980.0,0.01,2.445e-05,0.01260026,2.222e-05,-3.889e-05,15.0,4.572,low Re,0.001111,19.586421,0.001812,3.95529,0.07084,-1.159566,-0.009896,15.585734,0.000344,5.969941,0.000552,1.205578,0.021592,-1.159561,-0.009633,4.750532,
EOSS-316,AE0SS-13,2021-10-10 08:59:12.277,2021-10-10 08:59:11,98654.0,30069.74,906.0,4721.0,ascending,/145911h3937.17N/10344.94WO149/010EOSS Baloon/A=098654!W13!,"AE0SS-13>APTT4,EOSS,qAO,N6BA-10:/145911h3937.17N/10344.94WO149/010EOSS Baloon/A=098654!W13!",149.0,12.0,19.3,39.6195166667,-103.74905,15.61,25.12,,,,,,,,3.389e-05,-4.333e-05,15.1,4.60266667,low Re,0.003333,19.570734,0.001817,3.957247,0.070715,-1.129759,0.021438,15.553286,0.001022,5.96516,0.000554,1.206174,0.021554,-1.129599,0.021713,4.740642,
EOSS-316,KC0D-14,2021-10-10 08:59:32.163,2021-10-10 08:59:30,98978.0,30168.49,874.0,4740.0,ascending,/145930h3937.11N/10344.90WO151/016/A=098978 -20T95P EOSS BALLOON,"KC0D-14>APZEOS,EOSS,WIDE2-1,qAO,N6BA-10:/145930h3937.11N/10344.90WO151/016/A=098978 -20T95P EOSS BALLOON",151.0,18.0,29.0,39.6185,-103.7483333333,15.64,25.18,28.4,-2.0,271.15,950.0,0.01,2.368e-05,0.01220552,3.889e-05,-5.556e-05,14.56666667,4.43966667,low Re,-0.017778,19.553298,0.001749,3.961351,0.0706,-1.258821,-0.276586,15.460403,-0.005433,5.959845,0.000533,1.207426,0.021519,-1.259024,-0.277243,4.712333,
EOSS-316,AE0SS-13,2021-10-10 08:59:42.363,2021-10-10 08:59:41,99094.0,30203.85,880.0,4751.0,ascending,/145941h3937.08N/10344.86WO132/014EOSS Baloon/A=099094!W01!,"AE0SS-13>APTT4,EOSS,qAO,KB0TVJ-1:/145941h3937.08N/10344.86WO132/014EOSS Baloon/A=099094!W01!",132.0,16.0,25.7,39.618,-103.7476833333,15.68,25.23,,,,,,,,4.556e-05,-5.056e-05,14.66666667,4.47033333,low Re,0.003333,19.536331,0.001754,3.964913,0.070477,-1.228189,0.022404,15.427258,0.001022,5.954673,0.000535,1.208512,0.021482,-1.228237,0.02267,4.70223,
EOSS-316,KC0D-14,2021-10-10 09:00:01.727,2021-10-10 09:00:00,99427.0,30305.35,898.0,4770.0,ascending,/150000h3937.03N/10344.77WO132/020/A=099427 -18T94P EOSS BALLOON,"KC0D-14>APZEOS,EOSS,WIDE2-1,qAO,N6BA-10:/150000h3937.03N/10344.77WO132/020/A=099427 -18T94P EOSS BALLOON",132.0,23.0,37.0,39.6171666667,-103.7461666667,15.76,25.36,28.76,-1.8,271.35,940.0,0.01,2.342e-05,0.01206814,7.222e-05,-4.444e-05,14.96666667,4.562,low Re,0.01,19.520519,0.001783,3.967141,0.070356,-1.147893,0.116792,15.33264,0.003056,5.949854,0.000543,1.20919,0.021445,-1.147755,0.117183,4.67339,
EOSS-316,AE0SS-13,2021-10-10 09:00:12.350,2021-10-10 09:00:11,99543.0,30340.71,898.0,4781.0,ascending,/150011h3936.98N/10344.72WO140/018EOSS Baloon/A=099543!W81!,"AE0SS-13>APTT4,EOSS,qAO,KB0TVJ-1:/150011h3936.98N/10344.72WO140/018EOSS Baloon/A=099543!W81!",140.0,21.0,33.8,39.6164666667,-103.74535,15.8,25.42,,,,,,,,7.778e-05,-5.111e-05,14.96666667,4.562,low Re,0.0,19.504816,0.001777,3.969289,0.070233,-1.143315,-0.025301,15.299917,0.0,5.945068,0.000542,1.209844,0.021407,-1.143179,-0.025319,4.663415,
EOSS-316,KC0D-14,2021-10-10 09:00:31.763,2021-10-10 09:00:30,99870.0,30440.38,886.0,4800.0,ascending,/150030h3936.91N/10344.63WO129/017/A=099870 -16T91P EOSS BALLOON,"KC0D-14>APZEOS,EOSS,WIDE2-1,qAO,N6BA-10:/150030h3936.91N/10344.63WO129/017/A=099870 -16T91P EOSS BALLOON",129.0,20.0,32.2,39.6151666667,-103.7438333333,15.88,25.55,29.12,-1.6,271.55,910.0,0.01,2.265e-05,0.01167439,7.778e-05,-6.667e-05,14.76666667,4.501,low Re,-0.006667,19.488534,0.001747,3.972163,0.070114,-1.18874,-0.120005,15.208523,-0.002033,5.940106,0.000533,1.21072,0.021371,-1.188637,-0.120069,4.635558,
EOSS-316,AE0SS-13,2021-10-10 09:00:42.430,2021-10-10 09:00:41,99983.0,30474.82,880.0,4811.0,ascending,/150041h3936.87N/10344.58WO128/015EOSS Baloon/A=099983!W32!,"AE0SS-13>APTT4,EOSS,qAO,N6BA-10:/150041h3936.87N/10344.58WO128/015EOSS Baloon/A=099983!W32!",128.0,17.0,27.4,39.61455,-103.7430333333,15.92,25.62,,,,,,,,7.722e-05,-6.389e-05,14.66666667,4.47033333,low Re,-0.003333,19.472021,0.00173,3.975359,0.069993,-1.208785,-0.072336,15.177276,-0.001022,5.935072,0.000527,1.211694,0.021334,-1.208835,-0.072607,4.626034,
EOSS-316,KC0D-14,2021-10-10 09:01:01.686,2021-10-10 09:01:00,100303.0,30572.35,866.0,4830.0,ascending,/150100h3936.78N/10344.53WO152/018/A=100303 -14T89P EOSS BALLOON,"KC0D-14>APZEOS,EOSS,WIDE2-1,qAO,N6BA-10:/150100h3936.78N/10344.53WO152/018/A=100303 -14T89P EOSS BALLOON",152.0,21.0,33.8,39.613,-103.7421666667,15.96,25.69,29.48,-1.4,271.75,890.0,0.01,2.214e-05,0.0114094,5.556e-05,-7.222e-05,14.43333333,4.399,low Re,-0.007778,19.454824,0.001697,3.979448,0.069875,-1.261856,-0.135599,15.089883,-0.002378,5.92983,0.000517,1.212942,0.021298,-1.26208,-0.135928,4.599399,
EOSS-316,AE0SS-13,2021-10-10 09:01:12.470,2021-10-10 09:01:11,100426.0,30609.84,886.0,4841.0,ascending,/150111h3936.72N/10344.49WO162/027EOSS Baloon/A=100426!W30!,"AE0SS-13>APTT4,EOSS,qAO,KB0TVJ-1:/150111h3936.72N/10344.49WO162/027EOSS Baloon/A=100426!W30!",162.0,31.0,49.9,39.61205,-103.7415,16.0,25.74,,,,,,,,5.111e-05,-8.333e-05,14.76666667,4.50066667,low Re,0.011111,19.438878,0.00173,3.98205,0.069757,-1.173318,0.134481,15.056763,0.003389,5.924969,0.000527,1.213735,0.021262,-1.173487,0.134606,4.589304,
EOSS-316,KC0D-14,2021-10-10 09:01:31.862,2021-10-10 09:01:30,100751.0,30708.9,896.0,4860.0,ascending,/150130h3936.65N/10344.41WO139/019/A=100751 -12T87P EOSS BALLOON,"KC0D-14>APZEOS,EOSS,WIDE2-1,qAO,N6BA-10:/150130h3936.65N/10344.41WO139/019/A=100751 -12T87P EOSS BALLOON",139.0,22.0,35.4,39.6108333333,-103.7401666667,16.07,25.85,29.84,-1.2,271.95,870.0,0.01,2.162e-05,0.01114481,6.667e-05,-7.222e-05,14.93333333,4.55166667,low Re,0.005556,19.423605,0.001743,3.983917,0.069639,-1.1271,0.054754,14.970648,0.0017,5.920314,0.000531,1.214305,0.021226,-1.127103,0.055074,4.563056,
EOSS-316,AE0SS-13,2021-10-10 09:01:42.564,2021-10-10 09:01:41,100869.0,30744.87,886.0,4871.0,ascending,/150141h3936.60N/10344.35WO125/018EOSS Baloon/A=100869!W02!,"AE0SS-13>APTT4,EOSS,qAO,N6BA-10:/150141h3936.60N/10344.35WO125/018EOSS Baloon/A=100869!W02!",125.0,21.0,33.8,39.61,-103.7392,16.12,25.94,,,,,,,,7.667e-05,-6.833e-05,14.76666667,4.501,low Re,-0.005556,19.407872,0.001718,3.98636,0.069521,-1.164271,-0.10463,14.939914,-0.001689,5.915519,0.000524,1.215049,0.02119,-1.164166,-0.104436,4.553687,
EOSS-316,KC0D-14,2021-10-10 09:02:01.752,2021-10-10 09:02:00,101177.0,30838.75,852.0,4890.0,ascending,/150200h3936.53N/10344.23WO128/027/A=101177 -10T85P EOSS BALLOON,"KC0D-14>APZEOS,EOSS,WIDE2-1,qAO,N6BA-10:/150200h3936.53N/10344.23WO128/027/A=101177 -10T85P EOSS BALLOON",128.0,31.0,49.9,39.6088333333,-103.7371666667,16.22,26.11,30.2,-1.0,272.15,850.0,0.01,2.111e-05,0.0108806,0.0001,-6.667e-05,14.2,4.32833333,low Re,-0.018889,19.390337,0.001648,3.991077,0.069414,-1.300485,-0.295863,14.861117,-0.005756,5.910174,0.000502,1.216486,0.021158,-1.300336,-0.295775,4.529669,
EOSS-316,AE0SS-13,2021-10-10 09:02:12.442,2021-10-10 09:02:11,101286.0,30871.97,834.0,4901.0,ascending,/150211h3936.48N/10344.15WO123/026EOSS Baloon/A=101286!W61!,"AE0SS-13>APTT4,EOSS,qAO,W0ARP-1:/150211h3936.48N/10344.15WO123/026EOSS Baloon/A=101286!W61!",123.0,30.0,48.3,39.6081,-103.73585,16.29,26.22,,,,,,,,0.00011167,-6.333e-05,13.9,4.23666667,low Re,-0.01,19.371913,0.001609,3.997026,0.0693,-1.368996,-0.167518,14.833741,-0.003056,5.904559,0.00049,1.218299,0.021123,-1.369034,-0.167874,4.521325,
EOSS-316,KC0D-14,2021-10-10 09:02:31.660,2021-10-10 09:02:30,101596.0,30966.46,838.0,4920.0,ascending,/150230h3936.41N/10344.03WO135/025/A=101596 -8T83P EOSS BALLOON,"KC0D-14>APZEOS,EOSS,WIDE2-1,qAO,N6BA-10:/150230h3936.41N/10344.03WO135/025/A=101596 -8T83P EOSS BALLOON",135.0,29.0,46.7,39.6068333333,-103.7338333333,16.4,26.4,30.56,-0.8,272.35,830.0,0.01,2.06e-05,0.01061679,0.00011111,-6.667e-05,13.96666667,4.257,low Re,0.002222,19.353835,0.001611,4.002539,0.069183,-1.345938,0.008832,14.757381,0.000678,5.899048,0.000491,1.21998,0.021087,-1.345963,0.008868,4.49805,
EOSS-316,AE0SS-13,2021-10-10 09:02:42.415,2021-10-10 09:02:41,101709.0,31000.9,846.0,4931.0,ascending,/150241h3936.36N/10343.96WO134/019EOSS Baloon/A=101709!W47!,"AE0SS-13>APTT4,EOSS,qAO,KB0TVJ-1:/150241h3936.36N/10343.96WO134/019EOSS Baloon/A=101709!W47!",134.0,22.0,35.4,39.6060666667,-103.7327833333,16.46,26.49,,,,,,,,0.00010222,-6.778e-05,14.1,4.29766667,low Re,0.004444,19.336322,0.001621,4.007337,0.069067,-1.306684,0.040873,14.730104,0.001356,5.893711,0.000494,1.221442,0.021052,-1.306689,0.040946,4.489737,
EOSS-316,KC0D-14,2021-10-10 09:03:01.964,2021-10-10 09:03:00,102039.0,31101.49,886.0,4950.0,ascending,/150300h3936.27N/10343.85WO138/021/A=102039 -6T81P EOSS BALLOON,"KC0D-14>APZEOS,EOSS,WIDE2-1,qAO,N6BA-10:/150300h3936.27N/10343.85WO138/021/A=102039 -6T81P EOSS BALLOON",138.0,24.0,38.6,39.6045,-103.7308333333,16.56,26.66,30.92,-0.6,272.55,810.0,0.01,2.009e-05,0.01035336,0.0001,-7.778e-05,14.76666667,4.501,low Re,0.022222,19.321141,0.001689,4.009314,0.068962,-1.135973,0.297744,14.652147,0.006778,5.889084,0.000515,1.222044,0.02102,-1.135871,0.297954,4.465974,
EOSS-316,AE0SS-13,2021-10-10 09:03:12.310,2021-10-10 09:03:11,102162.0,31138.98,906.0,4961.0,ascending,/150311h3936.22N/10343.79WO138/022EOSS Baloon/A=102162!W02!,"AE0SS-13>APTT4,EOSS,qAO,N6BA-10:/150311h3936.22N/10343.79WO138/022EOSS Baloon/A=102162!W02!",138.0,25.0,40.2,39.6036666667,-103.7298666667,16.62,26.74,,,,,,,,9.722e-05,-8e-05,15.1,4.60266667,low Re,0.011111,19.307163,0.001721,4.010012,0.068849,-1.049165,0.136385,14.623728,0.003389,5.884824,0.000524,1.222256,0.020985,-1.049009,0.136526,4.457312,
EOSS-316,KC0D-14,2021-10-10 09:03:31.706,2021-10-10 09:03:30,102473.0,31233.77,868.0,4980.0,ascending,/150330h3936.12N/10343.71WO134/022/A=102473 -4T79P EOSS BALLOON,"KC0D-14>APZEOS,EOSS,WIDE2-1,qAO,N6BA-10:/150330h3936.12N/10343.71WO134/022/A=102473 -4T79P EOSS BALLOON",134.0,25.0,40.2,39.602,-103.7285,16.69,26.86,31.28,-0.4,272.75,790.0,0.01,1.958e-05,0.01009032,7.778e-05,-8.333e-05,14.46666667,4.40933333,low Re,-0.021111,19.291188,0.001645,4.013013,0.068747,-1.202219,-0.331011,14.553352,-0.006444,5.879954,0.000501,1.223171,0.020954,-1.202302,-0.33144,4.435861,
EOSS-316,AE0SS-13,2021-10-10 09:03:42.390,2021-10-10 09:03:41,102585.0,31267.91,846.0,4991.0,ascending,/150341h3936.08N/10343.65WO121/018EOSS Baloon/A=102585!W21!,"AE0SS-13>APTT4,EOSS,qAO,N6BA-10:/150341h3936.08N/10343.65WO121/018EOSS Baloon/A=102585!W21!",121.0,21.0,33.8,39.6013666667,-103.7275166667,16.75,26.95,,,,,,,,7.833e-05,-7.667e-05,14.1,4.29766667,low Re,-0.012222,19.274112,0.001599,4.017434,0.068638,-1.287915,-0.201361,14.528502,-0.003722,5.874749,0.000487,1.224519,0.020921,-1.28792,-0.201185,4.428286,
EOSS-316,KC0D-14,2021-10-10 09:04:01.838,2021-10-10 09:04:00,102891.0,31361.18,836.0,5010.0,ascending,/150400h3936.02N/10343.54WO115/024/A=102891 -1T77P EOSS BALLOON,"KC0D-14>APZEOS,EOSS,WIDE2-1,qAO,N6BA-10:/150400h3936.02N/10343.54WO115/024/A=102891 -1T77P EOSS BALLOON",115.0,28.0,45.1,39.6003333333,-103.7256666667,16.85,27.11,31.82,-0.1,273.05,770.0,0.01,1.906e-05,0.00982406,9.444e-05,-5.556e-05,13.93333333,4.247,low Re,-0.005556,19.256601,0.001576,4.022462,0.068526,-1.323385,-0.104077,14.461816,-0.001689,5.869413,0.00048,1.226051,0.020887,-1.323283,-0.103844,4.40796,
EOSS-316,AE0SS-13,2021-10-10 09:04:12.384,2021-10-10 09:04:11,103002.0,31395.01,834.0,5021.0,ascending,/150411h3935.99N/10343.46WO127/021EOSS Baloon/A=103002!W12!,"AE0SS-13>APTT4,EOSS,qAO,KB0TVJ-1:/150411h3935.99N/10343.46WO127/021EOSS Baloon/A=103002!W12!",127.0,24.0,38.6,39.59985,-103.7243666667,16.92,27.22,,,,,,,,0.000105,-5.056e-05,13.9,4.23666667,low Re,-0.001111,19.239096,0.001567,4.02752,0.068413,-1.325654,-0.039145,14.438022,-0.000344,5.864077,0.000478,1.227593,0.020852,-1.325692,-0.039421,4.400708,
EOSS-316,KC0D-14,2021-10-10 09:04:31.702,2021-10-10 09:04:30,103328.0,31494.37,874.0,5040.0,ascending,/150430h3935.93N/10343.30WO124/032/A=103328 0T75P EOSS BALLOON,"KC0D-14>APZEOS,EOSS,WIDE2-1,qAO,N6BA-10:/150430h3935.93N/10343.30WO124/032/A=103328 0T75P EOSS BALLOON",124.0,37.0,59.5,39.5988333333,-103.7216666667,17.06,27.46,32.0,0.0,273.15,750.0,0.01,1.856e-05,0.00956539,0.00013333,-5e-05,14.56666667,4.43966667,low Re,0.022222,19.223876,0.001634,4.029767,0.068311,-1.155702,0.301386,14.369136,0.006767,5.859437,0.000498,1.228279,0.020821,-1.155902,0.30109,4.379712,
EOSS-316,AE0SS-13,2021-10-10 09:04:42.332,2021-10-10 09:04:41,103458.0,31534.0,912.0,5051.0,ascending,/150441h3935.87N/10343.19WO109/029EOSS Baloon/A=103458!W81!,"AE0SS-13>APTT4,EOSS,qAO,KB0TVJ-1:/150441h3935.87N/10343.19WO109/029EOSS Baloon/A=103458!W81!",109.0,33.0,53.1,39.5979666667,-103.71985,17.16,27.62,,,,,,,,0.00015056,-6.278e-05,15.2,4.633,low Re,0.021111,19.210812,0.001698,4.029727,0.068208,-0.995306,0.284615,14.341996,0.006444,5.855455,0.000518,1.228266,0.02079,-0.995269,0.285041,4.371439,
EOSS-316,KC0D-14,2021-10-10 09:05:01.677,2021-10-10 09:05:00,103812.0,31641.9,968.0,5070.0,ascending,/150500h3935.77N/10343.04WO130/033/A=103812 2T73P EOSS BALLOON,"KC0D-14>APZEOS,EOSS,WIDE2-1,qAO,N6BA-10:/150500h3935.77N/10343.04WO130/033/A=103812 2T73P EOSS BALLOON",130.0,38.0,61.2,39.5961666667,-103.7173333333,17.3,27.84,32.36,0.2,273.35,730.0,0.01,1.805e-05,0.0093035,0.00014444,-8.889e-05,16.13333333,4.91766667,low Re,0.031111,19.200852,0.001793,4.026987,0.068118,-0.76174,0.4304,14.268624,0.009489,5.85242,0.000547,1.227431,0.020762,-0.761553,0.430691,4.349074,
EOSS-316,AE0SS-13,2021-10-10 09:05:12.395,2021-10-10 09:05:11,103920.0,31674.82,924.0,5081.0,ascending,/150511h3935.70N/10342.92WO135/038EOSS Baloon/A=103920!W49!,"AE0SS-13>APTT4,EOSS,qAO,N6BA-10:/150511h3935.70N/10342.92WO135/038EOSS Baloon/A=103920!W49!",135.0,44.0,70.8,39.5950666667,-103.7154833333,17.4,28.01,,,,,,,,0.00014556,-9.667e-05,15.4,4.694,low Re,-0.024444,19.188591,0.001708,4.026257,0.068023,-0.940971,-0.384458,14.246289,-0.007456,5.848683,0.000521,1.227208,0.020734,-0.940902,-0.38473,4.342266,
EOSS-316,KC0D-14,2021-10-10 09:05:31.763,2021-10-10 09:05:30,104250.0,31775.4,876.0,5100.0,ascending,/150530h3935.58N/10342.78WO131/029/A=104250 5T72P EOSS BALLOON,"KC0D-14>APZEOS,EOSS,WIDE2-1,qAO,N6BA-10:/150530h3935.58N/10342.78WO131/029/A=104250 5T72P EOSS BALLOON",131.0,33.0,53.1,39.593,-103.713,17.54,28.23,32.9,0.5,273.65,720.0,0.01,1.778e-05,0.00916599,0.00014444,-0.00010556,14.6,4.45,low Re,-0.026667,19.173837,0.001617,4.02817,0.067932,-1.135463,-0.416358,14.177724,-0.008133,5.844186,0.000493,1.227791,0.020706,-1.135524,-0.416594,4.321369,
EOSS-316,AE0SS-13,2021-10-10 09:05:42.333,2021-10-10 09:05:41,104354.0,31807.1,868.0,5111.0,ascending,/150541h3935.52N/10342.69WO135/027EOSS Baloon/A=104354!W16!,"AE0SS-13>APTT4,EOSS,qAO,KB0TVJ-1:/150541h3935.52N/10342.69WO135/027EOSS Baloon/A=104354!W16!",135.0,31.0,49.9,39.5920166667,-103.7116,17.62,28.36,,,,,,,,0.00012944,-0.00010167,14.46666667,4.40933333,low Re,-0.004444,19.15875,0.001597,4.030508,0.067824,-1.164142,-0.089069,14.155902,-0.001356,5.839587,0.000487,1.228504,0.020673,-1.164224,-0.08915,4.314717,
EOSS-316,KC0D-14,2021-10-10 09:06:01.692,2021-10-10 09:06:00,104679.0,31906.16,858.0,5130.0,ascending,/150600h3935.41N/10342.57WO133/026/A=104679 7T69P EOSS BALLOON,"KC0D-14>APZEOS,EOSS,WIDE2-1,qAO,N6BA-10:/150600h3935.41N/10342.57WO133/026/A=104679 7T69P EOSS BALLOON",133.0,30.0,48.3,39.5901666667,-103.7095,17.74,28.55,33.26,0.7,273.85,690.0,0.01,1.703e-05,0.00877766,0.00011667,-9.444e-05,14.3,4.35866667,low Re,-0.005556,19.143227,0.001574,4.033405,0.067716,-1.200779,-0.105293,14.086496,-0.001689,5.834856,0.00048,1.229387,0.02064,-1.200752,-0.105087,4.293562,
EOSS-316,AE0SS-13,2021-10-10 09:06:12.297,2021-10-10 09:06:11,104780.0,31936.94,852.0,5141.0,ascending,/150611h3935.34N/10342.49WO148/032EOSS Baloon/A=104780!W36!,"AE0SS-13>APTT4,EOSS,qAO,KB0TVJ-1:/150611h3935.34N/10342.49WO148/032EOSS Baloon/A=104780!W36!",148.0,37.0,59.5,39.58905,-103.7082666667,17.81,28.67,,,,,,,,0.00011111,-9.889e-05,14.2,4.328,low Re,-0.003333,19.127484,0.001559,4.036607,0.067608,-1.220699,-0.072358,14.064421,-0.001022,5.830057,0.000475,1.230364,0.020607,-1.220823,-0.072645,4.286835,
EOSS-316,KC0D-14,2021-10-10 09:06:31.679,2021-10-10 09:06:30,105113.0,32038.44,868.0,5160.0,ascending,/150630h3935.24N/10342.38WO141/025/A=105113 9T68P EOSS BALLOON,"KC0D-14>APZEOS,EOSS,WIDE2-1,qAO,N6BA-10:/150630h3935.24N/10342.38WO141/025/A=105113 9T68P EOSS BALLOON",141.0,29.0,46.7,39.5873333333,-103.7063333333,17.93,28.85,33.62,0.9,274.05,680.0,0.01,1.677e-05,0.00864414,0.00010556,-9.444e-05,14.46666667,4.40933333,low Re,0.008889,19.112688,0.001582,4.038721,0.067501,-1.150369,0.10825,13.989236,0.002711,5.825547,0.000482,1.231008,0.020574,-1.15045,0.108341,4.263918,
EOSS-316,AE0SS-13,2021-10-10 09:06:42.297,2021-10-10 09:06:41,105200.0,32064.96,840.0,5171.0,ascending,/150641h3935.17N/10342.32WO136/020EOSS Baloon/A=105200!W96!,"AE0SS-13>APTT4,EOSS,qAO,KB0TVJ-1:/150641h3935.17N/10342.32WO136/020EOSS Baloon/A=105200!W96!",136.0,23.0,37.0,39.5863166667,-103.7054333333,17.98,28.93,,,,,,,,9.444e-05,-9.111e-05,14.0,4.26733333,low Re,-0.015556,19.096508,0.001528,4.04255,0.0674,-1.260716,-0.253472,13.968852,-0.004733,5.820615,0.000466,1.232175,0.020544,-1.260602,-0.253067,4.257704,
EOSS-316,KC0D-14,2021-10-10 09:07:01.966,2021-10-10 09:07:00,105535.0,32167.07,844.0,5190.0,ascending,/150700h3935.08N/10342.22WO143/029/A=105535 11T66P EOSS BALLOON,"KC0D-14>APZEOS,EOSS,WIDE2-1,qAO,N6BA-10:/150700h3935.08N/10342.22WO143/029/A=105535 11T66P EOSS BALLOON",143.0,33.0,53.1,39.5846666667,-103.7036666667,18.08,29.1,33.98,1.1,274.25,660.0,0.01,1.627e-05,0.00838378,8.889e-05,-8.889e-05,14.06666667,4.28766667,low Re,0.002222,19.080641,0.00153,4.046023,0.067293,-1.239235,0.010283,13.886672,0.000678,5.81578,0.000466,1.233233,0.020511,-1.239112,0.010336,4.232656,
EOSS-316,AE0SS-13,2021-10-10 09:07:12.345,2021-10-10 09:07:11,105633.0,32196.94,866.0,5201.0,ascending,/150711h3935.00N/10342.15WO151/032EOSS Baloon/A=105633!W61!,"AE0SS-13>APTT4,EOSS,qAO,KB0TVJ-1:/150711h3935.00N/10342.15WO151/032EOSS Baloon/A=105633!W61!",151.0,37.0,59.5,39.5834333333,-103.7025166667,18.15,29.21,,,,,,,,9.722e-05,-9.611e-05,14.43333333,4.39933333,low Re,0.012222,19.066027,0.001564,4.048033,0.067189,-1.144431,0.158627,13.861339,0.003722,5.811325,0.000477,1.233845,0.020479,-1.144383,0.158455,4.224935,
EOSS-316,KC0D-14,2021-10-10 09:07:31.965,2021-10-10 09:07:30,105966.0,32298.44,862.0,5220.0,ascending,/150730h3934.90N/10342.03WO134/029/A=105966 13T65P EOSS BALLOON,"KC0D-14>APZEOS,EOSS,WIDE2-1,qAO,N6BA-10:/150730h3934.90N/10342.03WO134/029/A=105966 13T65P EOSS BALLOON",134.0,33.0,53.1,39.5816666667,-103.7005,18.27,29.4,34.34,1.3,274.45,650.0,0.01,1.601e-05,0.00825073,0.00010556,-0.0001,14.36666667,4.379,low Re,-0.002222,19.051296,0.001552,4.050219,0.067083,-1.156636,-0.056259,13.769893,-0.000678,5.806835,0.000473,1.234511,0.020447,-1.1566,-0.056292,4.197062,
EOSS-316,AE0SS-13,2021-10-10 09:07:42.366,2021-10-10 09:07:41,106053.0,32324.95,840.0,5231.0,ascending,/150741h3934.86N/10341.94WO108/022EOSS Baloon/A=106053!W18!,"AE0SS-13>APTT4,EOSS,qAO,KB0TVJ-1:/150741h3934.86N/10341.94WO108/022EOSS Baloon/A=106053!W18!",108.0,25.0,40.2,39.5810166667,-103.6991333333,18.35,29.53,,,,,,,,0.00011278,-8.056e-05,14.0,4.267,low Re,-0.012222,19.03551,0.001508,4.053713,0.066982,-1.242197,-0.20498,13.74445,-0.003733,5.802023,0.00046,1.235577,0.020416,-1.242353,-0.205378,4.18931,
EOSS-316,KC0D-14,2021-10-10 09:08:01.685,2021-10-10 09:08:00,106371.0,32421.88,810.0,5250.0,ascending,/150800h3934.78N/10341.83WO126/022/A=106371 16T63P EOSS BALLOON,"KC0D-14>APZEOS,EOSS,WIDE2-1,qAO,N6BA-10:/150800h3934.78N/10341.83WO126/022/A=106371 16T63P EOSS BALLOON",126.0,25.0,40.2,39.5796666667,-103.6971666667,18.46,29.71,34.88,1.6,274.75,630.0,0.01,1.55e-05,0.00798813,0.00011111,-6.667e-05,13.5,4.11466667,low Re,-0.016667,19.018266,0.001452,4.059149,0.066885,-1.359464,-0.270898,13.644982,-0.005078,5.796767,0.000442,1.237235,0.020387,-1.359564,-0.270761,4.158992,
EOSS-316,AE0SS-13,2021-10-10 09:08:12.329,2021-10-10 09:08:11,106450.0,32445.96,794.0,5261.0,ascending,/150811h3934.74N/10341.75WO132/022EOSS Baloon/A=106450!W57!,"AE0SS-13>APTT4,EOSS,qAO,N6BA-10:/150811h3934.74N/10341.75WO132/022EOSS Baloon/A=106450!W57!",132.0,25.0,40.2,39.5790833333,-103.69595,18.53,29.82,,,,,,,,0.00010611,-6.444e-05,13.23333333,4.03366667,low Re,-0.008889,19.0003,0.001419,4.065623,0.066783,-1.418471,-0.154351,13.618526,-0.0027,5.791291,0.000433,1.239207,0.020356,-1.418346,-0.15391,4.150929,
EOSS-316,KC0D-14,2021-10-10 09:08:31.630,2021-10-10 09:08:30,106751.0,32537.7,760.0,5280.0,ascending,/150830h3934.68N/10341.65WO120/022/A=106751 18T62P EOSS BALLOON,"KC0D-14>APZEOS,EOSS,WIDE2-1,qAO,N6BA-10:/150830h3934.68N/10341.65WO120/022/A=106751 18T62P EOSS BALLOON",120.0,25.0,40.2,39.578,-103.6941666667,18.63,29.99,35.24,1.8,274.95,620.0,0.01,1.524e-05,0.00785562,0.0001,-5.556e-05,12.66666667,3.86066667,low Re,-0.018889,18.980691,0.001356,4.074574,0.066688,-1.549616,-0.303578,13.510403,-0.005767,5.785314,0.000413,1.241936,0.020327,-1.549715,-0.304029,4.117976,
EOSS-316,AE0SS-13,2021-10-10 09:08:42.344,2021-10-10 09:08:41,106834.0,32563.0,768.0,5291.0,ascending,/150841h3934.64N/10341.57WO125/016EOSS Baloon/A=106834!W44!,"AE0SS-13>APTT4,EOSS,qAO,KB0TVJ-1:/150841h3934.64N/10341.57WO125/016EOSS Baloon/A=106834!W44!",125.0,18.0,29.0,39.5774,-103.6929,18.71,30.1,,,,,,,,0.00010167,-5.611e-05,12.8,3.90133333,low Re,0.004444,18.961615,0.001366,4.082727,0.066585,-1.509191,0.046227,13.47836,0.001356,5.779499,0.000416,1.244422,0.020295,-1.509267,0.046317,4.10821,
EOSS-316,KC0D-14,2021-10-10 09:09:01.707,2021-10-10 09:09:00,107131.0,32653.53,760.0,5310.0,ascending,/150900h3934.58N/10341.44WO115/024/A=107131 20T61P EOSS BALLOON,"KC0D-14>APZEOS,EOSS,WIDE2-1,qAO,N6BA-10:/150900h3934.58N/10341.44WO115/024/A=107131 20T61P EOSS BALLOON",115.0,28.0,45.1,39.5763333333,-103.6906666667,18.83,30.31,35.6,2.0,275.15,610.0,0.01,1.499e-05,0.0077233,0.00011667,-5.556e-05,12.66666667,3.861,low Re,-0.004444,18.942246,0.001348,4.091349,0.066483,-1.533866,-0.08712,13.354786,-0.001344,5.773596,0.000411,1.247049,0.020264,-1.533698,-0.086607,4.070545,
EOSS-316,AE0SS-13,2021-10-10 09:09:12.384,2021-10-10 09:09:11,107221.0,32680.96,774.0,5321.0,ascending,/150911h3934.55N/10341.36WO118/024EOSS Baloon/A=107221!W27!,"AE0SS-13>APTT4,EOSS,qAO,KB0TVJ-1:/150911h3934.55N/10341.36WO118/024EOSS Baloon/A=107221!W27!",118.0,28.0,45.1,39.5758666667,-103.68945,18.9,30.42,,,,,,,,0.000115,-5.111e-05,12.9,3.932,low Re,0.007778,18.923712,0.001368,4.098734,0.066381,-1.469652,0.096564,13.314355,0.002367,5.767947,0.000417,1.249299,0.020233,-1.469582,0.096377,4.058223,
EOSS-316,KC0D-14,2021-10-10 09:09:31.684,2021-10-10 09:09:30,107502.0,32766.61,742.0,5340.0,ascending,/150930h3934.51N/10341.23WO118/021/A=107502 23T59P EOSS BALLOON,"KC0D-14>APZEOS,EOSS,WIDE2-1,qAO,N6BA-10:/150930h3934.51N/10341.23WO118/021/A=107502 23T59P EOSS BALLOON",118.0,24.0,38.6,39.5751666667,-103.6871666667,19.03,30.62,36.14,2.3,275.45,590.0,0.01,1.448e-05,0.00746194,0.00011667,-3.889e-05,12.36666667,3.76933333,low Re,-0.017778,18.90366,0.001309,4.108476,0.066287,-1.591099,-0.287945,13.178158,-0.005422,5.761835,0.000399,1.252269,0.020205,-1.591113,-0.288097,4.016712,
EOSS-316,KC0D-14,2021-10-10 09:10:01.735,2021-10-10 09:10:00,107922.0,32894.63,840.0,5370.0,ascending,/151000h3934.47N/10341.04WO108/017/A=107922 25T58P EOSS BALLOON,"KC0D-14>APZEOS,EOSS,WIDE2-1,qAO,N6BA-10:/151000h3934.47N/10341.04WO108/017/A=107922 25T58P EOSS BALLOON",108.0,20.0,32.2,39.5745,-103.684,19.2,30.9,36.5,2.5,275.65,580.0,0.01,1.422e-05,0.00733014,0.00010556,-2.222e-05,14.0,4.26733333,low Re,0.054444,18.888709,0.001472,4.111115,0.066251,-1.189144,0.799565,12.942732,0.0166,5.757279,0.000449,1.253072,0.020193,-1.189034,0.799832,3.944958,
EOSS-316,KC0D-14,2021-10-10 09:10:31.713,2021-10-10 09:10:30,108310.0,33012.89,776.0,5400.0,ascending,/151030h3934.47N/10340.87WO088/016/A=108310 27T57P EOSS BALLOON,"KC0D-14>APZEOS,EOSS,WIDE2-1,qAO,N6BA-10:/151030h3934.47N/10340.87WO088/016/A=108310 27T57P EOSS BALLOON",88.0,18.0,29.0,39.5745,-103.6811666667,19.35,31.14,36.86,2.7,275.85,570.0,0.01,1.397e-05,0.00719854,9.444e-05,0.0,12.93333333,3.942,low Re,-0.035556,18.870608,0.001359,4.117953,0.066181,-1.441802,-0.557788,12.685484,-0.010844,5.751761,0.000414,1.255157,0.020172,-1.44186,-0.5581,3.866556,
EOSS-316,KC0D-14,2021-10-10 09:11:11.474,2021-10-10 09:11:00,107716.0,32831.84,-1188.0,0.0,descending,/151100h3934.51N/10340.69WO074/018/A=107716 29T57P EOSS BALLOON,"KC0D-14>APZEOS,EOSS,WIDE2-1,qAO,N6BA-10:/151100h3934.51N/10340.69WO074/018/A=107716 29T57P EOSS BALLOON",74.0,21.0,33.8,39.5751666667,-103.6781666667,19.5,31.39,37.22,2.9,276.05,570.0,0.01,1.396e-05,0.00719332,0.0001,2.222e-05,-19.8,-6.035,n/a,,-19.8,,,,,,-20.005062,,-6.035,,,,,,-6.097502,
EOSS-316,AE0SS-13,2021-10-10 09:11:12.309,2021-10-10 09:11:11,104406.0,31822.95,-1407.5,11.0,descending,/151111h3934.50N/10340.61WO105/018EOSS Baloon/A=104406!W57!,"AE0SS-13>APTT4,EOSS,qAO,KB0TVJ-1:/151111h3934.50N/10340.61WO105/018EOSS Baloon/A=104406!W57!",105.0,21.0,33.8,39.5750833333,-103.67695,19.57,31.49,,,,,,,,0.00010417,-6.53e-06,-23.45833333,-7.15008333,n/a,-0.030486,-21.629167,-0.030486,2.586832,,-0.707107,,-22.722545,-0.009292,-6.592542,-0.009292,0.788483,,-0.707106,,-6.925818,
EOSS-316,KC0D-14,2021-10-10 09:11:31.665,2021-10-10 09:11:30,96610.0,29446.73,-22212.0,30.0,descending,/151130h3934.46N/10340.51WO129/015/A=096610 33T106P EOSS BALLOON,"KC0D-14>APZEOS,EOSS,WIDE2-1,qAO,N6BA-10:/151130h3934.46N/10340.51WO129/015/A=096610 33T106P EOSS BALLOON",129.0,17.0,27.4,39.5743333333,-103.6751666667,19.67,31.65,37.94,3.3,276.45,1060.0,0.01,2.592e-05,0.0133577,0.0001,-2.778e-05,-370.2,-112.837,n/a,-11.558056,-137.819444,-5.794271,201.255777,8.151223,-1.154653,-0.707107,-374.307251,-3.522897,-42.007361,-1.766094,61.3428,2.484494,-1.154653,-0.707107,-114.088858,
EOSS-316,AE0SS-13,2021-10-10 09:11:42.366,2021-10-10 09:11:41,92282.0,28127.55,-24248.0,41.0,descending,/151141h3934.43N/10340.46WO120/010EOSS Baloon/A=092282!W04!,"AE0SS-13>APTT4,EOSS,qAO,N6BA-10:/151141h3934.43N/10340.46WO120/010EOSS Baloon/A=092282!W04!",120.0,12.0,19.3,39.5738333333,-103.6744,19.71,31.72,,,,,,,,8.5e-05,-4.167e-05,-404.13333333,-123.18,n/a,-1.131111,-204.397917,-4.239884,211.502633,6.36157,-0.944364,0.48868,-396.746414,-0.344767,-62.300521,-1.292319,64.46608,1.939006,-0.944365,0.488679,-120.92855,
EOSS-316,KC0D-14,2021-10-10 09:12:01.700,2021-10-10 09:12:00,86601.0,26395.98,-20018.0,60.0,descending,/151200h3934.42N/10340.42WO008/005/A=086601 36T185P EOSS BALLOON,"KC0D-14>APZEOS,EOSS,WIDE2-1,qAO,N6BA-10:/151200h3934.42N/10340.42WO008/005/A=086601 36T185P EOSS BALLOON",8.0,6.0,9.7,39.5736666667,-103.6736666667,19.75,31.79,38.48,3.6,276.75,1850.0,0.02,4.519e-05,0.0232877,5e-05,-2.222e-05,-333.63333333,-101.69166667,n/a,2.35,-230.245,-2.592413,192.068689,6.151127,-0.538288,0.803497,-335.467509,0.716278,-70.17875,-0.79017,58.542626,1.874863,-0.53829,0.803498,-102.250564,
EOSS-316,AE0SS-13,2021-10-10 09:12:12.302,2021-10-10 09:12:11,83521.0,25457.2,-17522.0,71.0,descending,/151211h3934.42N/10340.42WO272/005EOSS Baloon/A=083521!W28!,"AE0SS-13>APTT4,EOSS,qAO,N6BA-10:/151211h3934.42N/10340.42WO272/005EOSS Baloon/A=083521!W28!",272.0,6.0,9.7,39.5737,-103.6738,19.75,31.78,,,,,,,,2e-05,-4.44e-06,-292.03333333,-89.01166667,n/a,1.386667,-240.543056,-1.796597,173.633536,5.616394,-0.296546,0.566781,-299.516186,0.422667,-73.317569,-0.547602,52.923571,1.711879,-0.296543,0.566786,-91.292517,
EOSS-316,KC0D-14,2021-10-10 09:12:31.628,2021-10-10 09:12:30,78620.0,23963.38,-15962.0,90.0,descending,/151230h3934.40N/10340.44WO252/009/A=078620 38T283P EOSS BALLOON,"KC0D-14>APZEOS,EOSS,WIDE2-1,qAO,N6BA-10:/151230h3934.40N/10340.44WO252/009/A=078620 38T283P EOSS BALLOON",252.0,10.0,16.1,39.5733333333,-103.674,19.74,31.76,38.84,3.8,276.95,2830.0,0.03,6.907e-05,0.03559816,-1.111e-05,-1.111e-05,-266.03333333,-81.08666667,n/a,0.866667,-244.184524,-1.35272,158.797542,5.139773,-0.137589,0.431806,-260.484439,0.264167,-74.42744,-0.412307,48.401546,1.566605,-0.137583,0.431809,-79.395581,
EOSS-316,AE0SS-13,2021-10-10 09:12:42.320,2021-10-10 09:12:41,76086.0,23191.01,-14870.0,101.0,descending,/151241h3934.39N/10340.47WO222/007EOSS Baloon/A=076086!W42!,"AE0SS-13>APTT4,EOSS,qAO,KB0TVJ-1:/151241h3934.39N/10340.47WO222/007EOSS Baloon/A=076086!W42!",222.0,8.0,12.9,39.5732333333,-103.6745333333,19.71,31.72,,,,,,,,-2.444e-05,-1.556e-05,-247.83333333,-75.53966667,n/a,0.606667,-244.640625,-1.072807,147.023616,4.750037,-0.021716,0.353571,-248.508375,0.1849,-74.566469,-0.326992,44.81285,1.447812,-0.021717,0.353562,-75.745267,
EOSS-316,KC0D-14,2021-10-10 09:13:01.706,2021-10-10 09:13:00,71465.0,21782.53,-14310.0,120.0,descending,/151300h3934.35N/10340.51WO191/012/A=071465 37T407P EOSS BALLOON,"KC0D-14>APZEOS,EOSS,WIDE2-1,qAO,N6BA-10:/151300h3934.35N/10340.51WO191/012/A=071465 37T407P EOSS BALLOON",191.0,14.0,22.5,39.5725,-103.6751666667,19.68,31.68,38.66,3.7,276.85,4070.0,0.04,9.937e-05,0.05121443,-3.889e-05,-2.778e-05,-238.5,-72.695,n/a,0.311111,-243.958333,-0.899818,137.543231,4.424815,0.039684,0.273668,-233.964014,0.094822,-74.358528,-0.274265,41.923224,1.348684,0.03968,0.273665,-71.312242,
EOSS-316,AE0SS-13,2021-10-10 09:13:12.246,2021-10-10 09:13:11,69011.0,21034.55,-14150.0,131.0,descending,/151311h3934.32N/10340.52WO220/006EOSS Baloon/A=069011!W52!,"AE0SS-13>APTT4,EOSS,qAO,N6BA-10:/151311h3934.32N/10340.52WO220/006EOSS Baloon/A=069011!W52!",220.0,7.0,11.3,39.5720833333,-103.6753666667,19.68,31.67,,,,,,,,-2.778e-05,-3.833e-05,-235.83333333,-71.882,n/a,0.088889,-243.145833,-0.789961,129.702453,4.152136,0.056379,0.211662,-227.123095,0.0271,-74.110875,-0.24078,39.533352,1.265572,0.05638,0.211667,-69.227163,
EOSS-316,KC0D-14,2021-10-10 09:13:31.675,2021-10-10 09:13:30,65477.0,19957.39,-11976.0,150.0,descending,/151330h3934.29N/10340.55WO211/009/A=065477 36T555P EOSS BALLOON,"KC0D-14>APZEOS,EOSS,WIDE2-1,qAO,N6BA-10:/151330h3934.29N/10340.55WO211/009/A=065477 36T555P EOSS BALLOON",211.0,10.0,16.1,39.5715,-103.6758333333,19.66,31.63,38.48,3.6,276.75,5550.0,0.05,0.00013556,0.06986309,-2.222e-05,-3.333e-05,-199.6,-60.838,n/a,1.207778,-239.187121,-0.590187,123.745057,3.965318,0.319909,0.453423,-215.917087,0.368133,-72.90425,-0.179889,37.717539,1.20863,0.319911,0.453424,-65.811591,
EOSS-316,AE0SS-13,2021-10-10 09:13:42.269,2021-10-10 09:13:41,63121.0,19239.28,-11780.0,161.0,descending,/151341h3934.27N/10340.56WO189/007EOSS Baloon/A=063121!W72!,"AE0SS-13>APTT4,EOSS,qAO,N6BA-10:/151341h3934.27N/10340.56WO189/007EOSS Baloon/A=063121!W72!",189.0,8.0,12.9,39.5712833333,-103.6760333333,19.65,31.62,,,,,,,,-2.222e-05,-2.667e-05,-196.33333333,-59.84233333,n/a,0.108889,-235.615972,-0.526635,118.633048,3.767731,0.331127,0.168676,-207.217079,0.033189,-71.815757,-0.160518,36.159399,1.148405,0.331129,0.168675,-63.159803,
EOSS-316,KC0D-14,2021-10-10 09:14:01.675,2021-10-10 09:14:00,59388.0,18101.46,-12178.0,180.0,descending,/151400h3934.27N/10340.56WO130/004/A=059388 33T753P EOSS BALLOON,"KC0D-14>APZEOS,EOSS,WIDE2-1,qAO,N6BA-10:/151400h3934.27N/10340.56WO130/004/A=059388 33T753P EOSS BALLOON",130.0,5.0,8.0,39.5711666667,-103.676,19.65,31.63,37.94,3.3,276.45,7530.0,0.07,0.00018412,0.09489008,-5.56e-06,-1.111e-05,-202.96666667,-61.86433333,n/a,-0.221111,-233.104487,-0.501175,113.942888,3.593473,0.264499,0.077937,-192.009007,-0.0674,-71.050263,-0.152758,34.729834,1.095292,0.264497,0.077932,-58.524321,
EOSS-316,AE0SS-13,2021-10-10 09:14:12.370,2021-10-10 09:14:11,57369.0,17486.07,-11504.0,191.0,descending,/151411h3934.26N/10340.52WO123/011EOSS Baloon/A=057369!W09!,"AE0SS-13>APTT4,EOSS,qAO,N6BA-10:/151411h3934.26N/10340.52WO123/011EOSS Baloon/A=057369!W09!",123.0,13.0,20.9,39.571,-103.6754833333,19.68,31.67,,,,,,,,1.833e-05,-9.44e-06,-191.73333333,-58.44033333,n/a,0.374444,-230.149405,-0.433819,110.02975,3.449049,0.349143,0.234344,-183.583892,0.114133,-70.149554,-0.132228,33.537108,1.051271,0.349142,0.234346,-55.956323,
EOSS-316,KC0D-14,2021-10-10 09:14:31.650,2021-10-10 09:14:30,54166.0,16509.8,-10444.0,210.0,descending,/151430h3934.22N/10340.44WO094/023/A=054166 29T982P EOSS BALLOON,"KC0D-14>APZEOS,EOSS,WIDE2-1,qAO,N6BA-10:/151430h3934.22N/10340.44WO094/023/A=054166 29T982P EOSS BALLOON",94.0,26.0,41.8,39.5703333333,-103.674,19.76,31.81,37.22,2.9,276.05,9820.0,0.1,0.00024046,0.12392707,6.667e-05,-2.778e-05,-174.06666667,-53.05533333,n/a,0.588889,-226.410556,-0.360769,107.011577,3.324993,0.489142,0.285612,-170.783627,0.1795,-69.009939,-0.109962,32.617174,1.013459,0.489147,0.285618,-52.054792,
EOSS-316,AE0SS-13,2021-10-10 09:14:42.393,2021-10-10 09:14:41,52526.0,16009.92,-9686.0,221.0,descending,/151441h3934.24N/10340.33WO069/029EOSS Baloon/A=052526!W34!,"AE0SS-13>APTT4,EOSS,qAO,KB0TVJ-1:/151441h3934.24N/10340.33WO069/029EOSS Baloon/A=052526!W34!",69.0,33.0,53.1,39.5707166667,-103.6722333333,19.85,31.95,,,,,,,,0.00010833,-9.44e-06,-161.43333333,-49.205,n/a,0.421111,-222.349479,-0.308643,104.651437,3.210397,0.582086,0.22731,-164.717418,0.128344,-67.77213,-0.094075,31.897796,0.97853,0.582082,0.227299,-50.20578,
EOSS-316,KC0D-14,2021-10-10 09:15:01.688,2021-10-10 09:15:00,49664.0,15137.59,-9004.0,240.0,descending,/151500h3934.28N/10340.21WO087/017/A=049664 25T1223P EOSS BALLOON,"KC0D-14>APZEOS,EOSS,WIDE2-1,qAO,N6BA-10:/151500h3934.28N/10340.21WO087/017/A=049664 25T1223P EOSS BALLOON",87.0,20.0,32.2,39.5713333333,-103.6701666667,19.96,32.12,36.5,2.5,275.65,12230.0,0.12,0.00029991,0.15456491,0.00012778,3.333e-05,-150.06666667,-45.74033333,n/a,0.378889,-218.097549,-0.265673,102.833698,3.106297,0.661562,0.207502,-155.079728,0.115489,-66.476142,-0.080977,31.343748,0.9468,0.661561,0.207505,-47.268252,
EOSS-316,AE0SS-13,2021-10-10 09:15:12.385,2021-10-10 09:15:11,48041.0,14642.9,-8970.0,251.0,descending,/151511h3934.28N/10340.13WO076/019EOSS Baloon/A=048041!W06!,"AE0SS-13>APTT4,EOSS,qAO,N6BA-10:/151511h3934.28N/10340.13WO076/019EOSS Baloon/A=048041!W06!",76.0,22.0,35.4,39.5713333333,-103.6689333333,20.02,32.22,,,,,,,,0.00011,2.056e-05,-149.5,-45.56733333,n/a,0.018889,-214.286574,-0.248934,101.065067,3.008451,0.641038,0.089024,-150.116129,0.005767,-65.314542,-0.075875,30.804678,0.916977,0.641046,0.089034,-45.755363,
EOSS-316,KC0D-14,2021-10-10 09:15:32.032,2021-10-10 09:15:30,45349.0,13822.38,-8630.0,270.0,descending,/151530h3934.27N/10340.04WO110/018/A=045349 20T1512P EOSS BALLOON,"KC0D-14>APZEOS,EOSS,WIDE2-1,qAO,N6BA-10:/151530h3934.27N/10340.04WO110/018/A=045349 20T1512P EOSS BALLOON",110.0,21.0,33.8,39.5711666667,-103.6673333333,20.11,32.36,35.6,2.0,275.15,15120.0,0.15,0.00037145,0.19143649,9.444e-05,-5.56e-06,-143.83333333,-43.84033333,n/a,0.188889,-210.578509,-0.22461,99.538637,2.92045,0.670545,0.141587,-142.486173,0.057567,-64.18432,-0.068461,30.339422,0.890154,0.670546,0.14158,-43.429788,
EOSS-316,AE0SS-13,2021-10-10 09:15:42.334,2021-10-10 09:15:41,43870.0,13371.58,-8342.0,281.0,descending,/151541h3934.26N/10339.94WO091/029EOSS Baloon/A=043870!W69!,"AE0SS-13>APTT4,EOSS,qAO,N6BA-10:/151541h3934.26N/10339.94WO091/029EOSS Baloon/A=043870!W69!",91.0,33.0,53.1,39.5711,-103.6658166667,20.19,32.49,,,,,,,,0.00010389,-7.78e-06,-139.03333333,-42.37733333,n/a,0.16,-207.00125,-0.204368,98.19575,2.839539,0.692168,0.128319,-138.504672,0.048767,-63.093971,-0.062291,29.930109,0.865492,0.692167,0.128318,-42.216241,
EOSS-316,KC0D-14,2021-10-10 09:16:01.674,2021-10-10 09:16:00,41401.0,12619.02,-7896.0,300.0,descending,/151600h3934.32N/10339.77WO063/027/A=041401 14T1820P EOSS BALLOON,"KC0D-14>APZEOS,EOSS,WIDE2-1,qAO,N6BA-10:/151600h3934.32N/10339.77WO063/027/A=041401 14T1820P EOSS BALLOON",63.0,31.0,49.9,39.572,-103.6628333333,20.34,32.73,34.52,1.4,274.55,18200.0,0.18,0.00044809,0.2309364,0.00015,2.778e-05,-131.6,-40.112,n/a,0.247778,-203.410714,-0.18176,97.113418,2.765653,0.739452,0.155312,-132.015969,0.075511,-61.999591,-0.055401,29.6002,0.842971,0.739441,0.155298,-40.238483,
EOSS-316,AE0SS-13,2021-10-10 09:16:12.236,2021-10-10 09:16:11,40074.0,12214.56,-7592.0,311.0,descending,/151611h3934.35N/10339.66WO059/031EOSS Baloon/A=040074!W99!,"AE0SS-13>APTT4,EOSS,qAO,N6BA-10:/151611h3934.35N/10339.66WO059/031EOSS Baloon/A=040074!W99!",59.0,36.0,57.9,39.57265,-103.66115,20.42,32.87,,,,,,,,0.00015556,5.167e-05,-126.53333333,-38.56733333,n/a,0.168889,-199.916288,-0.165063,96.179844,2.696711,0.762976,0.123837,-128.568563,0.051489,-60.934489,-0.050311,29.315647,0.821958,0.762977,0.123851,-39.187745,
EOSS-316,KC0D-14,2021-10-10 09:16:31.673,2021-10-10 09:16:30,37800.0,11521.44,-7202.0,330.0,descending,/151630h3934.42N/10339.46WO060/037/A=037800 7T2150P EOSS BALLOON,"KC0D-14>APZEOS,EOSS,WIDE2-1,qAO,N6BA-10:/151630h3934.42N/10339.46WO060/037/A=037800 7T2150P EOSS BALLOON",60.0,43.0,69.2,39.5736666667,-103.6576666667,20.6,33.15,33.26,0.7,273.85,21500.0,0.21,0.00053069,0.27350682,0.00017222,5.556e-05,-120.03333333,-36.586,n/a,0.216667,-196.443116,-0.147711,95.433377,2.632978,0.800661,0.13839,-122.726345,0.066044,-59.875859,-0.045022,29.088129,0.802532,0.800665,0.138394,-37.407027,
EOSS-316,AE0SS-13,2021-10-10 09:16:42.153,2021-10-10 09:16:41,36494.0,11123.37,-7160.0,341.0,descending,/151641h3934.47N/10339.32WO062/039EOSS Baloon/A=036494!W42!,"AE0SS-13>APTT4,EOSS,qAO,W0ARP-1:/151641h3934.47N/10339.32WO062/039EOSS Baloon/A=036494!W42!",62.0,45.0,72.4,39.5745666667,-103.6553666667,20.71,33.33,,,,,,,,0.00019278,6.389e-05,-119.33333333,-36.373,n/a,0.023333,-193.230208,-0.140275,94.653561,2.572689,0.780709,0.063594,-119.445073,0.0071,-58.896573,-0.042756,28.850433,0.784156,0.780701,0.063579,-36.406889,
EOSS-316,KC0D-14,2021-10-10 09:17:01.722,2021-10-10 09:17:00,34307.0,10456.77,-6986.0,360.0,descending,/151700h3934.61N/10339.04WO049/055/A=034307 1T2525P EOSS BALLOON,"KC0D-14>APZEOS,EOSS,WIDE2-1,qAO,N6BA-10:/151700h3934.61N/10339.04WO049/055/A=034307 1T2525P EOSS BALLOON",49.0,63.0,101.4,39.5768333333,-103.6506666667,20.94,33.71,32.18,0.1,273.25,25250.0,0.25,0.00062462,0.32191681,0.00023333,0.00010556,-116.43333333,-35.489,n/a,0.096667,-190.158333,-0.130402,93.924986,2.516604,0.784935,0.090228,-114.193102,0.029467,-57.96027,-0.039747,28.628358,0.767062,0.78493,0.090233,-34.806069,
EOSS-316,AE0SS-13,2021-10-10 09:17:12.349,2021-10-10 09:17:11,33095.0,10087.36,-6798.0,371.0,descending,/151711h3934.70N/10338.88WO055/047EOSS Baloon/A=033095!W17!,"AE0SS-13>APTT4,EOSS,qAO,N6BA-10:/151711h3934.70N/10338.88WO055/047EOSS Baloon/A=033095!W17!",55.0,54.0,86.9,39.57835,-103.6481166667,21.07,33.9,,,,,,,,0.00024167,0.00012611,-113.3,-34.53366667,n/a,0.104444,-187.202244,-0.121008,93.253563,2.464065,0.792487,0.091496,-111.476547,0.031844,-57.059247,-0.036883,28.423713,0.751048,0.792493,0.091508,-33.978071,
EOSS-316,KC0D-14,2021-10-10 09:17:31.650,2021-10-10 09:17:30,31003.0,9449.71,-6608.0,390.0,descending,/151730h3934.83N/10338.64WO054/048/A=031003 -5T2937P EOSS BALLOON,"KC0D-14>APZEOS,EOSS,WIDE2-1,qAO,N6BA-10:/151730h3934.83N/10338.64WO054/048/A=031003 -5T2937P EOSS BALLOON",54.0,55.0,88.5,39.5805,-103.644,21.27,34.23,31.1,-0.5,272.65,29370.0,0.29,0.00072814,0.37526745,0.00022222,0.00012222,-110.13333333,-33.56866667,n/a,0.105556,-184.34784,-0.112294,92.637695,2.41469,0.801126,0.090219,-107.218108,0.032167,-56.189225,-0.034227,28.235995,0.735998,0.801125,0.090209,-32.680063,
EOSS-316,AE0SS-13,2021-10-10 09:17:42.371,2021-10-10 09:17:41,29866.0,9103.16,-6458.0,401.0,descending,/151741h3934.90N/10338.50WO057/036EOSS Baloon/A=029866!W93!,"AE0SS-13>APTT4,EOSS,qAO,N6BA-10:/151741h3934.90N/10338.50WO057/036EOSS Baloon/A=029866!W93!",57.0,41.0,66.0,39.5818166667,-103.6417166667,21.38,34.41,,,,,,,,0.00021333,0.00011556,-107.63333333,-32.80666667,n/a,0.083333,-181.608036,-0.105049,92.054782,2.368097,0.803594,0.07955,-105.15495,0.0254,-55.354134,-0.032019,28.058322,0.721797,0.803593,0.07955,-32.051218,
EOSS-316,KC0D-14,2021-10-10 09:18:01.774,2021-10-10 09:18:00,27941.0,8516.42,-6124.0,420.0,descending,/151800h3935.00N/10338.32WO052/025/A=027941 -12T3362P EOSS BALLOON,"KC0D-14>APZEOS,EOSS,WIDE2-1,qAO,N6BA-10:/151800h3935.00N/10338.32WO052/025/A=027941 -12T3362P EOSS BALLOON",52.0,29.0,46.7,39.5833333333,-103.6386666667,21.54,34.66,29.84,-1.2,271.95,33620.0,0.33,0.00083565,0.43067642,0.00017778,9.444e-05,-102.06666667,-31.10966667,n/a,0.185556,-178.86523,-0.09467,91.594779,2.324479,0.83846,0.120554,-102.042546,0.056567,-54.518118,-0.028855,27.91812,0.708502,0.838468,0.120567,-31.102545,
EOSS-316,AE0SS-13,2021-10-10 09:18:12.456,2021-10-10 09:18:11,26890.0,8196.07,-5952.0,431.0,descending,/151811h3935.05N/10338.24WO049/023EOSS Baloon/A=026890!W07!,"AE0SS-13>APTT4,EOSS,qAO,N6BA-10:/151811h3935.05N/10338.24WO049/023EOSS Baloon/A=026890!W07!",49.0,26.0,41.8,39.5841666667,-103.63745,21.6,34.76,,,,,,,,0.00014222,7.833e-05,-99.2,-30.23633333,n/a,0.095556,-176.209722,-0.088111,91.169395,2.282866,0.844688,0.080455,-100.503695,0.029111,-53.708725,-0.026856,27.788457,0.695818,0.844681,0.080433,-30.633492,
EOSS-316,KC0D-14,2021-10-10 09:18:31.727,2021-10-10 09:18:30,25089.0,7647.13,-5704.0,450.0,descending,/151830h3935.11N/10338.09WO067/026/A=025089 -19T3810P EOSS BALLOON,"KC0D-14>APZEOS,EOSS,WIDE2-1,qAO,N6BA-10:/151830h3935.11N/10338.09WO067/026/A=025089 -19T3810P EOSS BALLOON",67.0,30.0,48.3,39.5851666667,-103.6348333333,21.73,34.97,28.58,-1.9,271.25,38100.0,0.38,0.00094945,0.48932531,0.00012778,6.111e-05,-95.06666667,-28.97633333,n/a,0.137778,-173.592204,-0.080581,90.814041,2.24354,0.864685,0.097328,-97.995386,0.042,-52.910906,-0.024561,27.680144,0.683832,0.864684,0.097335,-29.868966,
EOSS-316,AE0SS-13,2021-10-10 09:18:42.144,2021-10-10 09:18:41,24042.0,7328.0,-5696.0,461.0,descending,/151841h3935.13N/10338.00WO065/018EOSS Baloon/A=024042!W94!,"AE0SS-13>APTT4,EOSS,qAO,W0ARP-1:/151841h3935.13N/10338.00WO065/018EOSS Baloon/A=024042!W94!",65.0,21.0,33.8,39.58565,-103.6334,21.8,35.09,,,,,,,,0.000135,4.944e-05,-94.93333333,-28.93566667,n/a,0.004444,-171.134115,-0.077838,90.412953,2.205884,0.842808,0.037301,-96.529628,0.001356,-52.16168,-0.023725,27.557892,0.672354,0.842808,0.037303,-29.422201,
EOSS-316,KC0D-14,2021-10-10 09:19:01.673,2021-10-10 09:19:00,22274.0,6789.12,-5630.0,480.0,descending,/151900h3935.23N/10337.87WO045/031/A=022274 -26T4295P EOSS BALLOON,"KC0D-14>APZEOS,EOSS,WIDE2-1,qAO,N6BA-10:/151900h3935.23N/10337.87WO045/031/A=022274 -26T4295P EOSS BALLOON",45.0,36.0,57.9,39.5871666667,-103.6311666667,21.91,35.27,27.32,-2.6,270.55,42950.0,0.42,0.00107308,0.55304195,0.00012222,6.667e-05,-93.83333333,-28.60033333,n/a,0.036667,-168.791667,-0.07426,90.000678,2.170108,0.832864,0.051116,-93.875239,0.011178,-51.447699,-0.022634,27.432232,0.661449,0.832866,0.051118,-28.613166,
EOSS-316,AE0SS-13,2021-10-10 09:19:12.336,2021-10-10 09:19:11,21285.0,6487.67,-5514.0,491.0,descending,/151911h3935.30N/10337.76WO044/043EOSS Baloon/A=021285!W28!,"AE0SS-13>APTT4,EOSS,qAO,N6BA-10:/151911h3935.30N/10337.76WO044/043EOSS Baloon/A=021285!W28!",44.0,49.0,78.9,39.5883666667,-103.6294666667,22.0,35.4,,,,,,,,0.00013111,9.056e-05,-91.9,-28.011,n/a,0.064444,-166.530147,-0.070057,89.602209,2.136067,0.832905,0.062967,-92.233272,0.019644,-50.758385,-0.021353,27.310781,0.651074,0.832909,0.062968,-28.1127,
EOSS-316,KC0D-14,2021-10-10 09:19:31.641,2021-10-10 09:19:30,19639.0,5985.97,-5270.0,510.0,descending,/151930h3935.43N/10337.57WO061/030/A=019639 -32T4793P EOSS BALLOON,"KC0D-14>APZEOS,EOSS,WIDE2-1,qAO,N6BA-10:/151930h3935.43N/10337.57WO061/030/A=019639 -32T4793P EOSS BALLOON",61.0,35.0,56.3,39.5905,-103.6261666667,22.17,35.67,26.24,-3.2,269.95,47930.0,0.47,0.00120016,0.61853823,0.00016667,0.00011111,-87.83333333,-26.77166667,n/a,0.135556,-164.281667,-0.064009,89.271328,2.103749,0.856359,0.094862,-89.214741,0.041311,-50.07305,-0.01951,27.209926,0.641223,0.856356,0.094852,-27.192674,
EOSS-316,AE0SS-13,2021-10-10 09:19:42.315,2021-10-10 09:19:41,18723.0,5706.77,-5124.0,521.0,descending,/151941h3935.46N/10337.45WO075/026EOSS Baloon/A=018723!W88!,"AE0SS-13>APTT4,EOSS,qAO,N6BA-10:/151941h3935.46N/10337.45WO075/026EOSS Baloon/A=018723!W88!",75.0,30.0,48.3,39.5911333333,-103.6243,22.26,35.83,,,,,,,,0.00017222,9.222e-05,-85.4,-26.03,n/a,0.081111,-162.090509,-0.059863,88.963565,2.072726,0.862044,0.068014,-87.412471,0.024722,-49.405187,-0.018246,27.116117,0.631767,0.86204,0.068012,-26.643347,
EOSS-316,KC0D-14,2021-10-10 09:20:01.649,2021-10-10 09:20:00,17123.0,5219.09,-5032.0,540.0,descending,/152000h3935.50N/10337.29WO082/022/A=017123 -38T5315P EOSS BALLOON,"KC0D-14>APZEOS,EOSS,WIDE2-1,qAO,N6BA-10:/152000h3935.50N/10337.29WO082/022/A=017123 -38T5315P EOSS BALLOON",82.0,25.0,40.2,39.5916666667,-103.6215,22.41,36.06,25.16,-3.8,269.35,53150.0,0.52,0.00133384,0.68743041,0.00015556,3.889e-05,-83.86666667,-25.56266667,n/a,0.051111,-159.976351,-0.05678,88.656899,2.042985,0.858474,0.05281,-84.240249,0.015578,-48.760795,-0.017307,27.022642,0.622702,0.85847,0.05281,-25.67647,
EOSS-316,AE0SS-13,2021-10-10 09:20:12.373,2021-10-10 09:20:11,16186.0,4933.49,-5074.0,551.0,descending,/152011h3935.48N/10337.21WO098/016EOSS Baloon/A=016186!W71!,"AE0SS-13>APTT4,EOSS,qAO,N6BA-10:/152011h3935.48N/10337.21WO098/016EOSS Baloon/A=016186!W71!",98.0,18.0,29.0,39.59145,-103.6201833333,22.48,36.18,,,,,,,,0.00013722,1.056e-05,-84.56666667,-25.776,n/a,-0.023333,-157.991886,-0.055876,88.302095,2.014417,0.831523,0.016155,-82.521374,-0.007111,-48.155932,-0.017031,26.914496,0.613995,0.83152,0.016156,-25.152559,
EOSS-316,KC0D-14,2021-10-10 09:20:31.671,2021-10-10 09:20:30,14610.0,4453.13,-5026.0,570.0,descending,/152030h3935.48N/10337.12WO072/018/A=014610 -42T5875P EOSS BALLOON,"KC0D-14>APZEOS,EOSS,WIDE2-1,qAO,N6BA-10:/152030h3935.48N/10337.12WO072/018/A=014610 -42T5875P EOSS BALLOON",72.0,21.0,33.8,39.5913333333,-103.6186666667,22.56,36.31,24.44,-4.2,268.95,58750.0,0.58,0.00147656,0.76098969,9.444e-05,-1.111e-05,-83.76666667,-25.532,n/a,0.026667,-156.088675,-0.053704,87.939384,1.987054,0.822407,0.040447,-80.257775,0.008133,-47.575831,-0.016369,26.803943,0.605655,0.82241,0.040455,-24.46262,
EOSS-316,AE0SS-13,2021-10-10 09:20:42.399,2021-10-10 09:20:41,13676.0,4168.44,-5020.0,581.0,descending,/152041h3935.47N/10337.06WO103/013EOSS Baloon/A=013676!W47!,"AE0SS-13>APTT4,EOSS,qAO,N6BA-10:/152041h3935.47N/10337.06WO103/013EOSS Baloon/A=013676!W47!",103.0,15.0,24.1,39.5912333333,-103.6177833333,22.61,36.38,,,,,,,,8e-05,-7.22e-06,-83.66666667,-25.50166667,n/a,0.003333,-154.278125,-0.052242,87.556657,1.960756,0.806466,0.028344,-79.491125,0.001011,-47.023977,-0.015923,26.687286,0.597639,0.806463,0.028335,-24.228933,
EOSS-316,KC0D-14,2021-10-10 09:21:01.665,2021-10-10 09:21:00,12160.0,3706.37,-4900.0,600.0,descending,/152100h3935.42N/10337.02WO168/013/A=012160 -43T6453P EOSS BALLOON,"KC0D-14>APZEOS,EOSS,WIDE2-1,qAO,N6BA-10:/152100h3935.42N/10337.02WO168/013/A=012160 -43T6453P EOSS BALLOON",168.0,15.0,24.1,39.5903333333,-103.617,22.65,36.46,24.26,-4.3,268.85,64530.0,0.64,0.00162244,0.83616902,5.556e-05,-3.333e-05,-81.66666667,-24.892,n/a,0.066667,-152.507114,-0.049269,87.195813,1.935546,0.812429,0.059898,-79.388401,0.020322,-46.484173,-0.015017,26.5773,0.589955,0.812429,0.059901,-24.197597,
EOSS-316,AE0SS-13,2021-10-10 09:21:12.453,2021-10-10 09:21:11,11301.0,3444.54,-4750.0,611.0,descending,/152111h3935.37N/10336.99WO159/016EOSS Baloon/A=011301!W79!,"AE0SS-13>APTT4,EOSS,qAO,N6BA-10:/152111h3935.37N/10336.99WO159/016EOSS Baloon/A=011301!W79!",159.0,18.0,29.0,39.5896166667,-103.61665,22.67,36.49,,,,,,,,3.778e-05,-5.389e-05,-79.16666667,-24.13,n/a,0.083333,-150.760913,-0.046035,86.866191,1.911311,0.82419,0.067685,-79.889881,0.0254,-45.951931,-0.014031,26.476831,0.582568,0.82419,0.067685,-24.35043,
EOSS-316,KC0D-14,2021-10-10 09:21:31.662,2021-10-10 09:21:30,9864.0,3006.55,-4592.0,630.0,descending,/152130h3935.29N/10336.95WO160/020/A=009864 -45T7052P EOSS BALLOON,"KC0D-14>APZEOS,EOSS,WIDE2-1,qAO,N6BA-10:/152130h3935.29N/10336.95WO160/020/A=009864 -45T7052P EOSS BALLOON",160.0,23.0,37.0,39.5881666667,-103.6158333333,22.72,36.57,23.9,-4.5,268.65,70520.0,0.7,0.00177436,0.91446673,3.889e-05,-7.222e-05,-76.53333333,-23.32733333,n/a,0.087778,-149.03469,-0.042849,86.569095,1.887971,0.837497,0.069189,-80.866437,0.026756,-45.425777,-0.01306,26.386277,0.575454,0.837498,0.069191,-24.648037,
EOSS-316,AE0SS-13,2021-10-10 09:21:42.551,2021-10-10 09:21:41,9096.0,2772.46,-4410.0,641.0,descending,/152141h3935.23N/10336.92WO168/015EOSS Baloon/A=009096!W83!,"AE0SS-13>APTT4,EOSS,qAO,KC0L-10:/152141h3935.23N/10336.92WO168/015EOSS Baloon/A=009096!W83!",168.0,17.0,27.4,39.5873,-103.6153833333,22.75,36.62,,,,,,,,4.222e-05,-7.722e-05,-73.5,-22.40266667,n/a,0.101111,-147.317992,-0.039501,86.311033,1.865489,0.855256,0.075375,-80.717109,0.030822,-44.902525,-0.01204,26.307622,0.568601,0.85526,0.075382,-24.602503,
EOSS-316,KC0D-14,2021-10-10 09:22:01.643,2021-10-10 09:22:00,7681.0,2341.17,-4366.0,660.0,descending,/152200h3935.12N/10336.91WO178/030/A=007681 -43T7654P EOSS BALLOON,"KC0D-14>APZEOS,EOSS,WIDE2-1,qAO,N6BA-10:/152200h3935.12N/10336.91WO178/030/A=007681 -43T7654P EOSS BALLOON",178.0,35.0,56.3,39.5853333333,-103.6151666667,22.77,36.65,24.26,-4.3,268.85,76540.0,0.76,0.0019244,0.99179261,2.222e-05,-9.444e-05,-72.76666667,-22.17933333,n/a,0.024444,-145.661296,-0.038048,86.045304,1.843695,0.847166,0.033895,-76.171212,0.007444,-44.397565,-0.011597,26.226626,0.561959,0.847163,0.033883,-23.216915,
EOSS-316,AE0SS-13,2021-10-10 09:22:12.561,2021-10-10 09:22:11,6881.0,2097.33,-4430.0,671.0,descending,/152211h3935.04N/10336.90WO181/025EOSS Baloon/A=006881!W48!,"AE0SS-13>APTT4,EOSS,qAO,KC0L-10:/152211h3935.04N/10336.90WO181/025EOSS Baloon/A=006881!W48!",181.0,29.0,46.7,39.5840666667,-103.6151333333,22.78,36.66,,,,,,,,8.33e-06,-0.00010778,-73.83333333,-22.50433333,n/a,-0.035556,-144.099819,-0.037992,85.740442,1.822623,0.819526,0.001337,-68.725974,-0.010833,-43.921625,-0.01158,26.133705,0.555536,0.819528,0.001345,-20.947645,
EOSS-316,KC0D-14,2021-10-10 09:22:31.999,2021-10-10 09:22:30,5507.0,1678.53,-4348.0,690.0,descending,/152230h3934.95N/10336.89WO166/009/A=005507 -42T8296P EOSS BALLOON,"KC0D-14>APZEOS,EOSS,WIDE2-1,qAO,N0RPF-6:/152230h3934.95N/10336.89WO166/009/A=005507 -42T8296P EOSS BALLOON",166.0,10.0,16.1,39.5825,-103.6148333333,22.81,36.7,24.44,-4.2,268.95,82960.0,0.82,0.00208503,1.0745822,1.111e-05,-9.444e-05,-72.46666667,-22.088,n/a,0.045556,-142.575709,-0.036176,85.444641,1.8023,0.82052,0.045349,-39.924518,0.013878,-43.45708,-0.011027,26.043542,0.549342,0.820514,0.045336,-12.169003,
EOSS-316,KC0D-14,2021-10-10 09:24:31.911,2021-10-10 09:24:30,5248.0,1599.59,-129.5,810.0,descending,/152430h3934.94N/10336.89WO356/000/A=005248 -14T8390P EOSS BALLOON,"KC0D-14>APZEOS,EOSS,WIDE2-1,qAO,KC0L-10:/152430h3934.94N/10336.89WO356/000/A=005248 -14T8390P EOSS BALLOON",356.0,0.0,0.0,39.5823333333,-103.6148333333,22.81,36.7,29.48,-1.4,271.75,83900.0,0.83,0.00208693,1.07556053,0.0,-1.39e-06,-2.15833333,-0.65783333,n/a,0.585903,-139.650347,-0.02294,86.926534,1.78491,1.581704,0.341106,-31.15727,0.178585,-42.565429,-0.006992,26.495223,0.544041,1.581704,0.341108,-9.496901,
