flightid,callsign,receivetime,packettime,altitude_ft,altitude_m,vert_rate_ftmin,elapsed_secs,flight_phase,info,raw,bearing,speed_mph,speed_kph,latitude,longitude,distance_from_launch_mi,distance_from_launch_km,temperature_f,temperature_c,temperature_k,pressure_pa,pressure_atm,airdensity_slugs,airdensity_kgm3,velocity_x_degs,velocity_y_degs,velocity_z_fts,velocity_z_ms,airflow,acceleration_fts2,velocity_mean_fts,acceleration_mean_fts2,velocity_std_fts,acceleration_std_fts2,velocity_norm_fts,acceleration_norm_fts2,velocity_curvefit_fts,acceleration_ms2,velocity_mean_ms,acceleration_mean_ms2,velocity_std_ms,acceleration_std_ms2,velocity_norm_ms,acceleration_norm_ms2,velocity_curvefit_ms,reynolds_transition
EOSS-297,K0SCC-14,2020-03-15 08:30:33.501,2020-03-15 08:30:17,5181.0,1579.17,467.6,0.0,ascending,/143017h4028.41N/10457.76WO193/003eEOSS.org Balloon/A=005181!W63!,"K0SCC-14>APTT4,EOSSD,EOSSD,qAO,KB0TVJ-1:/143017h4028.41N/10457.76WO193/003eEOSS.org Balloon/A=005181!W63!",193.0,3.0,4.8,40.4736,-104.9627166667,0.0,0.0,,,,,,,,-3.45e-06,1.72e-06,7.79310345,2.37551724,high Re,,7.793103,,,,,,12.906104,,2.375517,,,,,,3.93392,
EOSS-297,KC0D-2,2020-03-15 08:30:32.694,2020-03-15 08:30:30,5529.0,1685.24,1178.0,13.0,ascending,/143030h4028.40N/10457.77WO228/008/A=005529 In Memory K0YUK(SK) EOSS Original Balloonmeister,"KC0D-2>APZEOS,EOSS,WIDE2-1,qAR,W0ARP:/143030h4028.40N/10457.77WO228/008/A=005529 In Memory K0YUK(SK) EOSS Original Balloonmeister",228.0,9.0,14.5,40.4733333333,-104.9628333333,0.02,0.03,,,,,,,,-5.56e-06,-5.56e-06,19.63333333,5.98433333,high Re,0.394674,13.713218,0.394674,8.372307,,0.707107,,16.345009,0.120294,4.179925,0.120294,2.551818,,0.707107,,4.982045,
EOSS-297,K0SCC-14,2020-03-15 08:31:06.752,2020-03-15 08:30:46,5811.0,1771.19,1303.4,29.0,ascending,/143046h4028.39N/10457.77WO265/012eEOSS.org Balloon/A=005811!W79!,"K0SCC-14>APTT4,EOSSD,EOSSD,qAO,KB0TVJ-1:/143046h4028.39N/10457.77WO265/012eEOSS.org Balloon/A=005811!W79!",265.0,14.0,22.5,40.4732833333,-104.9629833333,0.03,0.04,,,,,,,,-9.2e-06,-1.092e-05,21.72413793,6.62137931,high Re,0.072097,16.383525,0.233386,7.512614,0.228096,0.710886,-0.70711,18.38232,0.021967,4.993743,0.07113,2.289713,0.069528,0.710847,-0.707096,5.602965,
EOSS-297,KC0D-2,2020-03-15 08:31:02.222,2020-03-15 08:31:00,6136.0,1870.25,1214.0,43.0,ascending,/143100h4028.40N/10457.78WO012/006/A=006136 In Memory K0YUK(SK) EOSS Original Balloonmeister,"KC0D-2>APZEOS,EOSS,WIDE2-1,qAR,W0ARP:/143100h4028.40N/10457.78WO012/006/A=006136 In Memory K0YUK(SK) EOSS Original Balloonmeister",12.0,7.0,11.3,40.4733333333,-104.963,0.02,0.04,,,,,,,,-5.56e-06,0.0,20.23333333,6.167,high Re,-0.049693,17.345977,0.139026,6.428958,0.22962,0.449117,-0.821875,20.063358,-0.015146,5.287057,0.042372,1.959419,0.069988,0.449084,-0.821827,6.115327,
EOSS-297,K0SCC-14,2020-03-15 08:31:40.762,2020-03-15 08:31:15,6441.0,1963.22,1303.4,58.0,ascending,/143115h4028.41N/10457.77WO074/004eEOSS.org Balloon/A=006441!W88!,"K0SCC-14>APTT4,EOSSD,EOSSD,qAO,KB0TVJ-1:/143115h4028.41N/10457.77WO074/004eEOSS.org Balloon/A=006441!W88!",74.0,5.0,8.0,40.4736333333,-104.9629666667,0.01,0.02,,,,,,,,5.7e-07,1.207e-05,21.72413793,6.62172414,high Re,0.051407,18.221609,0.117121,5.901888,0.192534,0.593459,-0.341311,21.121431,0.01568,5.553991,0.035699,1.798822,0.058682,0.593574,-0.341144,6.437832,
EOSS-297,KC0D-2,2020-03-15 08:31:32.324,2020-03-15 08:31:30,6820.0,2078.74,1368.0,73.0,ascending,/143130h4028.43N/10457.77WO311/002/A=006820 In Memory K0YUK(SK) EOSS Original Balloonmeister,"KC0D-2>APZEOS,EOSS,WIDE2-1,qAR,W0ARP:/143130h4028.43N/10457.77WO311/002/A=006820 In Memory K0YUK(SK) EOSS Original Balloonmeister",311.0,2.0,3.2,40.4738333333,-104.9628333333,0.02,0.03,,,,,,,,5.56e-06,1.667e-05,22.8,6.94966667,high Re,0.035862,18.984674,0.100869,5.59995,0.170654,0.681314,-0.380929,21.898008,0.010931,5.786603,0.030745,1.706828,0.052013,0.681418,-0.380943,6.674517,
EOSS-297,K0SCC-14,2020-03-15 08:31:47.149,2020-03-15 08:31:44,7120.0,2170.18,1404.8,87.0,ascending,/143144h4028.45N/10457.76WO352/009eEOSS.org Balloon/A=007120!W87!,"K0SCC-14>APTT4,EOSSD,EOSSD,qAO,KB0TVJ-1:/143144h4028.45N/10457.76WO352/009eEOSS.org Balloon/A=007120!W87!",352.0,10.0,16.1,40.4743,-104.9627833333,0.05,0.08,,,,,,,,6.32e-06,2.299e-05,23.4137931,7.13655172,high Re,0.021165,19.617406,0.087585,5.379155,0.156067,0.705759,-0.425586,22.193125,0.006444,5.979453,0.026695,1.639529,0.047568,0.705751,-0.425727,6.764459,
EOSS-297,KC0D-2,2020-03-15 08:32:02.249,2020-03-15 08:32:00,7466.0,2275.64,1292.0,103.0,ascending,/143200h4028.48N/10457.78WO001/005/A=007466 In Memory K0YUK(SK) EOSS Original Balloonmeister,"KC0D-2>APZEOS,EOSS,WIDE2-1,qAR,W0ARP:/143200h4028.48N/10457.78WO001/005/A=007466 In Memory K0YUK(SK) EOSS Original Balloonmeister",1.0,6.0,9.7,40.4746666667,-104.963,0.08,0.12,,,,,,,,-5.56e-06,2.778e-05,21.53333333,6.56333333,high Re,-0.062682,19.856897,0.066119,5.025986,0.153373,0.333554,-0.839789,22.279482,-0.019107,6.052438,0.020152,1.531881,0.046747,0.333508,-0.839819,6.790774,
EOSS-297,K0SCC-14,2020-03-15 08:32:21.352,2020-03-15 08:32:13,7727.0,2355.19,1255.9,116.0,ascending,/143213h4028.51N/10457.78WO034/008eEOSS.org Balloon/A=007727!W30!,"K0SCC-14>APTT4,EOSSD,EOSSD,qAO,KB0TVJ-1:/143213h4028.51N/10457.78WO034/008eEOSS.org Balloon/A=007727!W30!",34.0,9.0,14.5,40.4752166667,-104.963,0.11,0.18,,,,,,,,-7.47e-06,3.161e-05,20.93103448,6.37965517,high Re,-0.020769,19.976245,0.055258,4.714994,0.14528,0.202501,-0.523314,22.213975,-0.006334,6.088796,0.016841,1.437089,0.044281,0.202395,-0.523362,6.770806,
EOSS-297,KC0D-2,2020-03-15 08:32:32.284,2020-03-15 08:32:30,8066.0,2458.52,1200.0,133.0,ascending,/143230h4028.54N/10457.78WO016/009/A=008066 In Memory K0YUK(SK) EOSS Original Balloonmeister,"KC0D-2>APZEOS,EOSS,WIDE2-1,qAR,W0ARP:/143230h4028.54N/10457.78WO016/009/A=008066 In Memory K0YUK(SK) EOSS Original Balloonmeister",16.0,10.0,16.1,40.4756666667,-104.963,0.14,0.23,,,,,,,,0.0,3.333e-05,20.0,6.096,high Re,-0.031034,19.978621,0.04567,4.445345,0.138908,0.004809,-0.552193,22.0148,-0.009455,6.089516,0.013919,1.354902,0.042338,0.004786,-0.552081,6.710095,
EOSS-297,K0SCC-14,2020-03-15 08:32:55.641,2020-03-15 08:32:42,8308.0,2532.28,1202.1,145.0,ascending,/143242h4028.56N/10457.78WO027/008eEOSS.org Balloon/A=008308!W01!,"K0SCC-14>APTT4,EOSSD,EOSSD,qAO,KB0TVJ-1:/143242h4028.56N/10457.78WO027/008eEOSS.org Balloon/A=008308!W01!",27.0,9.0,14.5,40.476,-104.9630166667,0.17,0.27,,,,,,,,-5.7e-07,2.701e-05,20.03448276,6.10655172,high Re,0.001189,19.983699,0.041222,4.217259,0.131717,0.012042,-0.303932,21.820418,0.000364,6.091065,0.012564,1.285384,0.040147,0.012048,-0.303883,6.650849,
EOSS-297,KC0D-2,2020-03-15 08:33:02.188,2020-03-15 08:33:00,8730.0,2660.9,1328.0,163.0,ascending,/143300h4028.60N/10457.77WO001/008/A=008730 In Memory K0YUK(SK) EOSS Original Balloonmeister,"KC0D-2>APZEOS,EOSS,WIDE2-1,qAR,W0ARP:/143300h4028.60N/10457.77WO001/008/A=008730 In Memory K0YUK(SK) EOSS Original Balloonmeister",1.0,9.0,14.5,40.4766666667,-104.9628333333,0.21,0.34,,,,,,,,5.56e-06,3.333e-05,22.13333333,6.746,high Re,0.069962,20.162835,0.043834,4.0686,0.125258,0.484319,0.208593,21.427162,0.021315,6.145643,0.013359,1.240063,0.038178,0.484134,0.208392,6.530992,
EOSS-297,K0SCC-14,2020-03-15 08:33:28.860,2020-03-15 08:33:11,8932.0,2722.47,1291.0,174.0,ascending,/143311h4028.62N/10457.75WO004/011eEOSS.org Balloon/A=008932!W09!,"K0SCC-14>APTT4,EOSSD,EOSSD,qAO,KB0TVJ-1:/143311h4028.62N/10457.75WO004/011eEOSS.org Balloon/A=008932!W09!",4.0,13.0,20.9,40.477,-104.96265,0.23,0.38,,,,,,,,1.264e-05,3.448e-05,21.51724138,6.55827586,high Re,-0.021245,20.26702,0.038411,3.913458,0.120897,0.319467,-0.493445,21.229512,-0.006473,6.177384,0.011707,1.192772,0.036848,0.319333,-0.493378,6.47075,
EOSS-297,KC0D-2,2020-03-15 08:33:32.208,2020-03-15 08:33:30,9337.0,2845.92,1214.0,193.0,ascending,/143330h4028.65N/10457.75WO043/008/A=009337 In Memory K0YUK(SK) EOSS Original Balloonmeister,"KC0D-2>APZEOS,EOSS,WIDE2-1,qAR,W0ARP:/143330h4028.65N/10457.75WO043/008/A=009337 In Memory K0YUK(SK) EOSS Original Balloonmeister",43.0,9.0,14.5,40.4775,-104.9625,0.27,0.43,,,,,,,,1.111e-05,2.778e-05,20.23333333,6.16733333,high Re,-0.042797,20.264614,0.032164,3.75994,0.117921,-0.008319,-0.635688,20.840887,-0.013031,6.176666,0.009804,1.145982,0.035941,-0.008144,-0.635347,6.352293,
EOSS-297,K0SCC-14,2020-03-15 08:34:03.544,2020-03-15 08:33:40,9519.0,2901.39,1214.5,203.0,ascending,/143340h4028.66N/10457.74WO353/000eEOSS.org Balloon/A=009519!W83!,"K0SCC-14>APTT4,EOSSD,EOSSD,qAO,KB0TVJ-1:/143340h4028.66N/10457.74WO353/000eEOSS.org Balloon/A=009519!W83!",353.0,0.0,0.0,40.4778,-104.9623833333,0.29,0.47,,,,,,,,9.2e-06,2.759e-05,20.24137931,6.16965517,high Re,0.000277,20.263065,0.029887,3.623174,0.113615,-0.005985,-0.260617,20.675881,8e-05,6.176198,0.009109,1.104297,0.034628,-0.005925,-0.260743,6.302004,
EOSS-297,KC0D-2,2020-03-15 08:34:02.530,2020-03-15 08:34:00,9937.0,3028.8,1200.0,223.0,ascending,/143400h4028.70N/10457.73WO358/009/A=009937 In Memory K0YUK(SK) EOSS Original Balloonmeister,"KC0D-2>APZEOS,EOSS,WIDE2-1,qAR,W0ARP:/143400h4028.70N/10457.73WO358/009/A=009937 In Memory K0YUK(SK) EOSS Original Balloonmeister",358.0,10.0,16.1,40.4783333333,-104.9621666667,0.33,0.53,,,,,,,,1.111e-05,2.778e-05,20.0,6.096,high Re,-0.008046,20.246624,0.027358,3.500936,0.10992,-0.070445,-0.322089,20.332674,-0.002455,6.171186,0.008338,1.067041,0.033502,-0.070462,-0.32216,6.197394,
EOSS-297,KC0D-2,2020-03-15 08:34:32.259,2020-03-15 08:34:30,10500.0,3200.4,1126.0,253.0,ascending,/143430h4028.74N/10457.68WO067/007/A=010500 In Memory K0YUK(SK) EOSS Original Balloonmeister,"KC0D-2>APZEOS,EOSS,WIDE2-1,qAR,W0ARP:/143430h4028.74N/10457.68WO067/007/A=010500 In Memory K0YUK(SK) EOSS Original Balloonmeister",67.0,8.0,12.9,40.479,-104.9613333333,0.38,0.61,,,,,,,,2.778e-05,2.222e-05,18.76666667,5.72,high Re,-0.041111,20.159567,0.023078,3.408718,0.107563,-0.408629,-0.596757,19.967597,-0.012533,6.144646,0.007034,1.038937,0.032784,-0.408731,-0.596846,6.086123,
EOSS-297,K0SCC-14,2020-03-15 08:34:42.938,2020-03-15 08:34:38,10628.0,3239.41,1147.2,261.0,ascending,/143438h4028.76N/10457.66WO007/008eEOSS.org Balloon/A=010628!W04!,"K0SCC-14>APTT4,EOSSD,EOSSD,qAO,KB0TVJ-1:/143438h4028.76N/10457.66WO007/008eEOSS.org Balloon/A=010628!W04!",7.0,9.0,14.5,40.4793333333,-104.9610666667,0.41,0.65,,,,,,,,2.27e-05,2.644e-05,19.12068966,5.82793103,high Re,0.006104,20.101852,0.02208,3.315995,0.104229,-0.295888,-0.153278,19.901492,0.001861,6.12705,0.00673,1.010678,0.031768,-0.295959,-0.153267,6.065977,
EOSS-297,KC0D-2,2020-03-15 08:35:02.232,2020-03-15 08:35:00,11081.0,3377.49,1162.0,283.0,ascending,/143500h4028.80N/10457.64WO011/003/A=011081 In Memory K0YUK(SK) EOSS Original Balloonmeister,"KC0D-2>APZEOS,EOSS,WIDE2-1,qAR,W0ARP:/143500h4028.80N/10457.64WO011/003/A=011081 In Memory K0YUK(SK) EOSS Original Balloonmeister",11.0,3.0,4.8,40.48,-104.9606666667,0.45,0.73,,,,,,,,2.222e-05,3.333e-05,19.36666667,5.903,high Re,0.008199,20.063158,0.021309,3.226979,0.10117,-0.215834,-0.129584,19.71774,0.002502,6.115258,0.006495,0.983546,0.030835,-0.215809,-0.129496,6.009968,
EOSS-297,K0SCC-14,2020-03-15 08:35:17.332,2020-03-15 08:35:07,11205.0,3415.28,1193.8,290.0,ascending,/143507h4028.80N/10457.62WO032/012eEOSS.org Balloon/A=011205!W63!,"K0SCC-14>APTT4,EOSSD,EOSSD,qAO,KB0TVJ-1:/143507h4028.80N/10457.62WO032/012eEOSS.org Balloon/A=011205!W63!",32.0,14.0,22.5,40.4801,-104.9603833333,0.47,0.75,,,,,,,,2.356e-05,2.644e-05,19.89655172,6.06448276,high Re,0.018272,20.054828,0.021149,3.141132,0.098322,-0.050388,-0.029261,19.680652,0.005568,6.11272,0.006446,0.957381,0.029967,-0.050385,-0.029299,5.998666,
EOSS-297,KC0D-2,2020-03-15 08:35:32.655,2020-03-15 08:35:30,11681.0,3560.37,1200.0,313.0,ascending,/143530h4028.87N/10457.62WO349/007/A=011681 In Memory K0YUK(SK) EOSS Original Balloonmeister,"KC0D-2>APZEOS,EOSS,WIDE2-1,qAR,W0ARP:/143530h4028.87N/10457.62WO349/007/A=011681 In Memory K0YUK(SK) EOSS Original Balloonmeister",349.0,8.0,12.9,40.4811666667,-104.9603333333,0.54,0.86,,,,,,,,1.111e-05,3.889e-05,20.0,6.096,high Re,0.003448,20.052217,0.020264,3.06162,0.095781,-0.017055,-0.175567,19.586796,0.001051,6.111923,0.006176,0.933146,0.029193,-0.017064,-0.175556,5.970058,
EOSS-297,K0SCC-14,2020-03-15 08:35:50.244,2020-03-15 08:35:36,11786.0,3592.37,1202.1,319.0,ascending,/143536h4028.87N/10457.60WO038/012eEOSS.org Balloon/A=011786!W89!,"K0SCC-14>APTT4,EOSSD,EOSSD,qAR,W0ARP:/143536h4028.87N/10457.60WO038/012eEOSS.org Balloon/A=011786!W89!",38.0,14.0,22.5,40.4813,-104.96015,0.55,0.88,,,,,,,,8.05e-06,4.138e-05,20.03448276,6.10655172,high Re,0.001189,20.051411,0.019356,2.987837,0.093449,-0.005666,-0.194406,19.575685,0.000364,6.111679,0.005899,0.910658,0.028482,-0.00563,-0.194333,5.966672,
EOSS-297,KC0D-2,2020-03-15 08:36:02.239,2020-03-15 08:36:00,12273.0,3740.81,1184.0,343.0,ascending,/143600h4028.94N/10457.63WO333/012/A=012273 In Memory K0YUK(SK) EOSS Original Balloonmeister,"KC0D-2>APZEOS,EOSS,WIDE2-1,qAR,W0ARP:/143600h4028.94N/10457.63WO333/012/A=012273 In Memory K0YUK(SK) EOSS Original Balloonmeister",333.0,14.0,22.5,40.4823333333,-104.9605,0.61,0.99,,,,,,,,-5.56e-06,3.889e-05,19.73333333,6.01466667,high Re,-0.010038,20.037581,0.01802,2.919896,0.091412,-0.104198,-0.30694,19.563225,-0.003063,6.107461,0.005492,0.889951,0.027861,-0.104269,-0.30706,5.962873,
EOSS-297,K0SCC-14,2020-03-15 08:36:24.872,2020-03-15 08:36:05,12351.0,3764.58,1169.0,348.0,ascending,/143605h4028.95N/10457.63WO315/002eEOSS.org Balloon/A=012351!W42!,"K0SCC-14>APTT4,EOSSD,EOSSD,qAO,N6BA-10:/143605h4028.95N/10457.63WO315/002eEOSS.org Balloon/A=012351!W42!",315.0,2.0,3.2,40.4825666667,-104.9605333333,0.63,1.01,,,,,,,,-1.322e-05,4.368e-05,19.48275862,5.93827586,high Re,-0.008641,20.014464,0.01686,2.857959,0.089483,-0.186044,-0.284982,19.566562,-0.002634,6.100412,0.005139,0.871074,0.027273,-0.186134,-0.285007,5.96389,
EOSS-297,KC0D-2,2020-03-15 08:36:32.214,2020-03-15 08:36:30,12883.0,3926.74,1220.0,373.0,ascending,/143630h4029.04N/10457.61WO010/012/A=012883 In Memory K0YUK(SK) EOSS Original Balloonmeister,"KC0D-2>APZEOS,EOSS,WIDE2-1,qAR,W0ARP:/143630h4029.04N/10457.61WO010/012/A=012883 In Memory K0YUK(SK) EOSS Original Balloonmeister",10.0,14.0,22.5,40.484,-104.9601666667,0.73,1.18,,,,,,,,1.111e-05,5.556e-05,20.33333333,6.19766667,high Re,0.028352,20.027218,0.017339,2.798512,0.087547,0.109385,0.125795,19.620755,0.008646,6.104302,0.005285,0.852955,0.026683,0.10946,0.12596,5.980409,
EOSS-297,K0SCC-14,2020-03-15 08:36:58.516,2020-03-15 08:36:34,12958.0,3949.6,1255.9,377.0,ascending,/143634h4029.05N/10457.60WO033/018eEOSS.org Balloon/A=012958!W10!,"K0SCC-14>APTT4,EOSSD,EOSSD,qAR,W0ARP:/143634h4029.05N/10457.60WO033/018eEOSS.org Balloon/A=012958!W10!",33.0,21.0,33.8,40.4841833333,-104.96,0.74,1.2,,,,,,,,1.839e-05,5.575e-05,20.93103448,6.38,high Re,0.02061,20.061981,0.01747,2.747693,0.085707,0.316285,0.036636,19.63213,0.006287,6.114906,0.005325,0.837469,0.026122,0.316542,0.036827,5.983875,
EOSS-297,KC0D-2,2020-03-15 08:37:02.309,2020-03-15 08:37:00,13517.0,4119.98,1268.0,403.0,ascending,/143700h4029.14N/10457.58WO002/011/A=013517 In Memory K0YUK(SK) EOSS Original Balloonmeister,"KC0D-2>APZEOS,EOSS,WIDE2-1,qAR,W0ARP:/143700h4029.14N/10457.58WO002/011/A=013517 In Memory K0YUK(SK) EOSS Original Balloonmeister",2.0,13.0,20.9,40.4856666667,-104.9596666667,0.85,1.37,,,,,,,,1.667e-05,5.556e-05,21.13333333,6.44133333,high Re,0.006743,20.10166,0.017057,2.702212,0.084001,0.381788,-0.122784,19.737482,0.002044,6.126996,0.005199,0.823606,0.025603,0.38166,-0.123228,6.015986,
EOSS-297,KC0D-2,2020-03-15 08:37:32.251,2020-03-15 08:37:30,14125.0,4305.3,1216.0,433.0,ascending,/143730h4029.22N/10457.54WO042/011/A=014125 In Memory K0YUK(SK) EOSS Original Balloonmeister,"KC0D-2>APZEOS,EOSS,WIDE2-1,qAR,W0ARP:/143730h4029.22N/10457.54WO042/011/A=014125 In Memory K0YUK(SK) EOSS Original Balloonmeister",42.0,13.0,20.9,40.487,-104.959,0.95,1.52,,,,,,,,2.222e-05,4.444e-05,20.26666667,6.17733333,high Re,-0.028889,20.107553,0.015356,2.651883,0.082843,0.06,-0.534083,19.877208,-0.0088,6.128794,0.00468,0.808266,0.02525,0.060054,-0.533861,6.058574,
EOSS-297,K0SCC-14,2020-03-15 08:37:38.091,2020-03-15 08:37:32,14162.0,4316.58,1245.5,435.0,ascending,/143732h4029.22N/10457.53WO048/007eEOSS.org Balloon/A=014162!W21!,"K0SCC-14>APTT4,EOSSD,EOSSD,qAO,KB0TVJ-1:/143732h4029.22N/10457.53WO048/007eEOSS.org Balloon/A=014162!W21!",48.0,8.0,12.9,40.4870333333,-104.95885,0.95,1.53,,,,,,,,1.983e-05,4.914e-05,20.75862069,6.32724138,high Re,0.008482,20.130004,0.01511,2.606902,0.081305,0.241136,-0.08152,19.886093,0.002585,6.135637,0.004605,0.794556,0.024781,0.241146,-0.081514,6.061283,
EOSS-297,KC0D-2,2020-03-15 08:38:02.197,2020-03-15 08:38:00,14816.0,4515.92,1382.0,463.0,ascending,/143800h4029.27N/10457.35WO067/018/A=014816 In Memory K0YUK(SK) EOSS Original Balloonmeister,"KC0D-2>APZEOS,EOSS,WIDE2-1,qAR,W0ARP:/143800h4029.27N/10457.35WO067/018/A=014816 In Memory K0YUK(SK) EOSS Original Balloonmeister",67.0,21.0,33.8,40.4878333333,-104.9558333333,1.05,1.69,,,,,,,,0.00010556,2.778e-05,23.03333333,7.02066667,high Re,0.075824,20.226782,0.017204,2.615831,0.080632,1.07291,0.727007,20.042816,0.023114,6.165138,0.005244,0.797282,0.024576,1.073057,0.727132,6.109052,
EOSS-297,KC0D-2,2020-03-15 08:38:32.256,2020-03-15 08:38:30,15467.0,4714.34,1302.0,493.0,ascending,/143830h4029.34N/10457.13WO059/024/A=015467 In Memory K0YUK(SK) EOSS Original Balloonmeister,"KC0D-2>APZEOS,EOSS,WIDE2-1,qAR,W0ARP:/143830h4029.34N/10457.13WO059/024/A=015467 In Memory K0YUK(SK) EOSS Original Balloonmeister",59.0,28.0,45.1,40.489,-104.9521666667,1.2,1.93,,,,,,,,0.00012222,3.889e-05,21.7,6.614,high Re,-0.044444,20.274305,0.015149,2.58544,0.080025,0.551432,-0.74468,20.187667,-0.013556,6.179617,0.004617,0.788016,0.024391,0.551236,-0.74507,6.153202,
EOSS-297,K0SCC-14,2020-03-15 08:38:46.367,2020-03-15 08:38:30,15461.0,4712.51,1343.8,493.0,ascending,/143830h4029.34N/10457.13WO065/026eEOSS.org Balloon/A=015461!W21!,"K0SCC-14>APTT4,EOSSD,EOSSD,qAO,KB0TVJ-1:/143830h4029.34N/10457.13WO065/026eEOSS.org Balloon/A=015461!W21!",65.0,30.0,48.3,40.4890333333,-104.9521833333,1.2,1.93,,,,,,,,0.00011494,3.448e-05,22.39655172,6.82637931,high Re,0.01201,20.340625,0.015048,2.570918,0.078682,0.799686,-0.038611,20.186417,0.003662,6.199828,0.004586,0.783588,0.023982,0.799593,-0.038529,6.15282,
EOSS-297,K0SCC-14,2020-03-15 08:39:19.880,2020-03-15 08:38:59,16003.0,4877.71,1121.4,522.0,ascending,/143859h4029.41N/10456.89WO072/029eEOSS.org Balloon/A=016003!W83!,"K0SCC-14>APTT4,EOSSD,EOSSD,qAO,KB0TVJ-1:/143859h4029.41N/10456.89WO072/029eEOSS.org Balloon/A=016003!W83!",72.0,33.0,53.1,40.4903,-104.9482166667,1.38,2.22,,,,,,,,0.00013678,4.368e-05,18.68965517,5.69655172,high Re,-0.127824,20.290596,0.010583,2.546697,0.081419,-0.628634,-1.699935,20.291575,-0.03896,6.184577,0.003225,0.776207,0.024816,-0.628731,-1.699911,6.184873,
EOSS-297,KC0D-2,2020-03-15 08:39:02.191,2020-03-15 08:39:00,16037.0,4888.08,1140.0,523.0,ascending,/143900h4029.42N/10456.88WO062/030/A=016037 In Memory K0YUK(SK) EOSS Original Balloonmeister,"KC0D-2>APZEOS,EOSS,WIDE2-1,qAR,W0ARP:/143900h4029.42N/10456.88WO062/030/A=016037 In Memory K0YUK(SK) EOSS Original Balloonmeister",62.0,35.0,56.3,40.4903333333,-104.948,1.39,2.24,,,,,,,,0.00013889,4.444e-05,19.0,5.79133333,high Re,0.010345,20.252637,0.010576,2.517562,0.080137,-0.49756,-0.002883,20.297628,0.003159,6.173011,0.003223,0.767326,0.024425,-0.497413,-0.00262,6.186719,
EOSS-297,KC0D-2,2020-03-15 08:39:32.272,2020-03-15 08:39:30,16601.0,5059.98,1128.0,553.0,ascending,/143930h4029.50N/10456.64WO064/027/A=016601 In Memory K0YUK(SK) EOSS Original Balloonmeister,"KC0D-2>APZEOS,EOSS,WIDE2-1,qAR,W0ARP:/143930h4029.50N/10456.64WO064/027/A=016601 In Memory K0YUK(SK) EOSS Original Balloonmeister",64.0,31.0,49.9,40.4916666667,-104.944,1.59,2.56,,,,,,,,0.00013333,4.444e-05,18.8,5.73,high Re,-0.006667,20.211133,0.010069,2.492387,0.078969,-0.566177,-0.211931,20.388522,-0.002044,6.160354,0.003068,0.759657,0.024069,-0.566511,-0.212389,6.214423,
EOSS-297,K0SCC-14,2020-03-15 08:40:00.728,2020-03-15 08:39:57,17154.0,5228.54,1190.7,580.0,ascending,/143957h4029.56N/10456.43WO078/027eEOSS.org Balloon/A=017154!W61!,"K0SCC-14>APTT4,EOSSD,EOSSD,qAR,W0ARP:/143957h4029.56N/10456.43WO078/027eEOSS.org Balloon/A=017154!W61!",78.0,31.0,49.9,40.4927666667,-104.9405166667,1.76,2.84,,,,,,,,0.00013276,4.253e-05,19.84482759,6.0487931,high Re,0.018014,20.200958,0.010296,2.457282,0.07781,-0.144929,0.09919,20.461233,0.005496,6.157255,0.003138,0.748957,0.023716,-0.144817,0.099427,6.236587,
EOSS-297,KC0D-2,2020-03-15 08:40:02.200,2020-03-15 08:40:00,17234.0,5252.92,1266.0,583.0,ascending,/144000h4029.58N/10456.40WO061/026/A=017234 In Memory K0YUK(SK) EOSS Original Balloonmeister,"KC0D-2>APZEOS,EOSS,WIDE2-1,qAR,W0ARP:/144000h4029.58N/10456.40WO061/026/A=017234 In Memory K0YUK(SK) EOSS Original Balloonmeister",61.0,30.0,48.3,40.493,-104.94,1.79,2.89,,,,,,,,0.00013333,4.444e-05,21.1,6.43133333,high Re,0.041839,20.225256,0.011172,2.427417,0.076871,0.36036,0.398941,20.470565,0.012751,6.164663,0.003405,0.739855,0.02343,0.360436,0.39889,6.239431,
EOSS-297,K0SCC-14,2020-03-15 08:40:34.081,2020-03-15 08:40:26,17791.0,5422.7,1317.9,609.0,ascending,/144026h4029.66N/10456.17WO046/031eEOSS.org Balloon/A=017791!W23!,"K0SCC-14>APTT4,EOSSD,EOSSD,qAO,KB0TVJ-1:/144026h4029.66N/10456.17WO046/031eEOSS.org Balloon/A=017791!W23!",46.0,36.0,57.9,40.4943666667,-104.9362166667,2.0,3.22,,,,,,,,0.00014828,5.517e-05,21.96551724,6.69517241,high Re,0.029845,20.271053,0.011676,2.410974,0.075858,0.702813,0.239513,20.528863,0.009098,6.178623,0.003559,0.734845,0.023121,0.702937,0.239566,6.257202,
EOSS-297,KC0D-2,2020-03-15 08:40:32.253,2020-03-15 08:40:30,17886.0,5451.65,1304.0,613.0,ascending,/144030h4029.68N/10456.14WO064/028/A=017886 In Memory K0YUK(SK) EOSS Original Balloonmeister,"KC0D-2>APZEOS,EOSS,WIDE2-1,qAR,W0ARP:/144030h4029.68N/10456.14WO064/028/A=017886 In Memory K0YUK(SK) EOSS Original Balloonmeister",64.0,32.0,51.5,40.4946666667,-104.9356666667,2.03,3.27,,,,,,,,0.00014444,5.556e-05,21.73333333,6.62433333,high Re,-0.007739,20.308547,0.011166,2.390535,0.074892,0.596011,-0.25243,20.537847,-0.002361,6.190052,0.003403,0.728616,0.022826,0.596036,-0.252519,6.25994,
EOSS-297,K0SCC-14,2020-03-15 08:41:08.793,2020-03-15 08:40:55,18332.0,5587.59,1119.3,638.0,ascending,/144055h4029.77N/10455.90WO064/029eEOSS.org Balloon/A=018332!W94!,"K0SCC-14>APTT4,EOSSD,EOSSD,qAO,KB0TVJ-1:/144055h4029.77N/10455.90WO064/029eEOSS.org Balloon/A=018332!W94!",64.0,33.0,53.1,40.4963166667,-104.9317333333,2.26,3.64,,,,,,,,0.0001546,6.724e-05,18.65517241,5.68586207,high Re,-0.106143,20.267213,0.008158,2.374125,0.07625,-0.679004,-1.49903,20.577594,-0.032361,6.177447,0.002486,0.723618,0.023241,-0.679343,-1.499376,6.272056,
EOSS-297,KC0D-2,2020-03-15 08:41:02.203,2020-03-15 08:41:00,18450.0,5623.56,1128.0,643.0,ascending,/144100h4029.81N/10455.86WO048/035/A=018450 In Memory K0YUK(SK) EOSS Original Balloonmeister,"KC0D-2>APZEOS,EOSS,WIDE2-1,qAR,W0ARP:/144100h4029.81N/10455.86WO048/035/A=018450 In Memory K0YUK(SK) EOSS Original Balloonmeister",48.0,40.0,64.4,40.4968333333,-104.931,2.31,3.72,,,,,,,,0.00015556,7.222e-05,18.8,5.73033333,high Re,0.004828,20.231427,0.008074,2.355432,0.075268,-0.607713,-0.043126,20.587666,0.001482,6.166542,0.002461,0.71792,0.022941,-0.607601,-0.042675,6.275126,
EOSS-297,K0SCC-14,2020-03-15 08:41:42.959,2020-03-15 08:41:24,18867.0,5750.66,1106.9,667.0,ascending,/144124h4029.94N/10455.63WO047/034eEOSS.org Balloon/A=018867!W03!,"K0SCC-14>APTT4,EOSSD,EOSSD,qAO,KB0TVJ-1:/144124h4029.94N/10455.63WO047/034eEOSS.org Balloon/A=018867!W03!",47.0,39.0,62.8,40.499,-104.9272166667,2.56,4.12,,,,,,,,0.00015575,9.253e-05,18.44827586,5.62310345,high Re,-0.012128,20.188971,0.007582,2.342744,0.074388,-0.743016,-0.264962,20.622907,-0.003698,6.153603,0.002311,0.714051,0.022673,-0.742944,-0.265029,6.285868,
EOSS-297,KC0D-2,2020-03-15 08:41:32.288,2020-03-15 08:41:30,18991.0,5788.46,1082.0,673.0,ascending,/144130h4029.97N/10455.59WO052/025/A=018991 In Memory K0YUK(SK) EOSS Original Balloonmeister,"KC0D-2>APZEOS,EOSS,WIDE2-1,qAR,W0ARP:/144130h4029.97N/10455.59WO052/025/A=018991 In Memory K0YUK(SK) EOSS Original Balloonmeister",52.0,29.0,46.7,40.4995,-104.9265,2.61,4.2,,,,,,,,0.00015,8.889e-05,18.03333333,5.49666667,high Re,-0.013831,20.13884,0.007072,2.337913,0.073549,-0.900592,-0.284205,20.633506,-0.004215,6.138325,0.002155,0.712577,0.022418,-0.900476,-0.284147,6.289099,
EOSS-297,K0SCC-14,2020-03-15 08:42:17.333,2020-03-15 08:41:53,19395.0,5911.6,1092.4,696.0,ascending,/144153h4030.09N/10455.38WO052/034eEOSS.org Balloon/A=019395!W47!,"K0SCC-14>APTT4,EOSSD,EOSSD,qAO,N6BA-10:/144153h4030.09N/10455.38WO052/034eEOSS.org Balloon/A=019395!W47!",52.0,39.0,62.8,40.5015666667,-104.9231166667,2.84,4.57,,,,,,,,0.00014138,8.851e-05,18.20689655,5.54965517,high Re,0.005985,20.094932,0.007047,2.328852,0.072669,-0.810715,-0.014614,20.66941,0.001827,6.124946,0.002148,0.709812,0.022149,-0.810483,-0.014493,6.300044,
EOSS-297,KC0D-2,2020-03-15 08:42:02.249,2020-03-15 08:42:00,19543.0,5956.71,1104.0,703.0,ascending,/144200h4030.14N/10455.32WO044/035/A=019543 In Memory K0YUK(SK) EOSS Original Balloonmeister,"KC0D-2>APZEOS,EOSS,WIDE2-1,qAR,W0ARP:/144200h4030.14N/10455.32WO044/035/A=019543 In Memory K0YUK(SK) EOSS Original Balloonmeister",44.0,40.0,64.4,40.5023333333,-104.922,2.92,4.69,,,,,,,,0.00015,9.444e-05,18.4,5.60833333,high Re,0.006437,20.057267,0.007033,2.316059,0.071819,-0.715555,-0.008299,20.683341,0.001956,6.113466,0.002143,0.705913,0.02189,-0.715574,-0.008543,6.30429,
EOSS-297,KC0D-2,2020-03-15 08:42:32.345,2020-03-15 08:42:30,20198.0,6156.35,1310.0,733.0,ascending,/144230h4030.30N/10454.99WO068/035/A=020198 In Memory K0YUK(SK) EOSS Original Balloonmeister,"KC0D-2>APZEOS,EOSS,WIDE2-1,qAR,W0ARP:/144230h4030.30N/10454.99WO068/035/A=020198 In Memory K0YUK(SK) EOSS Original Balloonmeister",68.0,40.0,64.4,40.505,-104.9165,3.25,5.24,,,,,,,,0.00018333,8.889e-05,21.83333333,6.65466667,high Re,0.114444,20.095877,0.00942,2.305103,0.072781,0.753743,1.443014,20.752593,0.034878,6.125231,0.002871,0.702572,0.022183,0.753568,1.442862,6.325398,
EOSS-297,K0SCC-14,2020-03-15 08:42:55.945,2020-03-15 08:42:51,20623.0,6285.89,1270.3,754.0,ascending,/144251h4030.39N/10454.71WO079/039eEOSS.org Balloon/A=020623!W04!,"K0SCC-14>APTT4,EOSSD,EOSSD,qAO,KB0TVJ-1:/144251h4030.39N/10454.71WO079/039eEOSS.org Balloon/A=020623!W04!",79.0,45.0,72.4,40.5065,-104.9119,3.5,5.64,,,,,,,,0.00019339,8.506e-05,21.17241379,6.45327586,high Re,-0.011395,20.118782,0.008967,2.285311,0.072033,0.461045,-0.282676,20.806007,-0.003472,6.132211,0.002733,0.696539,0.021955,0.460943,-0.282624,6.341679,
EOSS-297,KC0D-2,2020-03-15 08:43:02.305,2020-03-15 08:43:00,20750.0,6324.6,1104.0,763.0,ascending,/144300h4030.41N/10454.58WO068/041/A=020750 In Memory K0YUK(SK) EOSS Original Balloonmeister,"KC0D-2>APZEOS,EOSS,WIDE2-1,qAR,W0ARP:/144300h4030.41N/10454.58WO068/041/A=020750 In Memory K0YUK(SK) EOSS Original Balloonmeister",68.0,47.0,75.6,40.5068333333,-104.9096666667,3.61,5.81,,,,,,,,0.00022778,6.111e-05,18.4,5.60833333,high Re,-0.092414,20.082974,0.00681,2.274439,0.072764,-0.739951,-1.363641,20.823478,-0.028165,6.121297,0.002075,0.693225,0.022178,-0.739967,-1.363513,6.347004,
EOSS-297,K0SCC-14,2020-03-15 08:43:29.947,2020-03-15 08:43:20,21207.0,6463.89,1208.3,783.0,ascending,/144320h4030.47N/10454.32WO084/040eEOSS.org Balloon/A=021207!W50!,"K0SCC-14>APTT4,EOSSD,EOSSD,qAO,KB0TVJ-1:/144320h4030.47N/10454.32WO084/040eEOSS.org Balloon/A=021207!W50!",84.0,46.0,74.0,40.5079166667,-104.9053333333,3.83,6.17,,,,,,,,0.00022644,4.885e-05,20.13793103,6.13793103,high Re,0.059929,20.084096,0.007917,2.250636,0.072393,0.02392,0.718467,20.8925,0.018262,6.121636,0.002413,0.68597,0.022065,0.023755,0.718287,6.368041,
EOSS-297,KC0D-2,2020-03-15 08:43:32.348,2020-03-15 08:43:30,21420.0,6528.82,1340.0,793.0,ascending,/144330h4030.51N/10454.19WO075/036/A=021420 In Memory K0YUK(SK) EOSS Original Balloonmeister,"KC0D-2>APZEOS,EOSS,WIDE2-1,qAR,W0ARP:/144330h4030.51N/10454.19WO075/036/A=021420 In Memory K0YUK(SK) EOSS Original Balloonmeister",75.0,41.0,66.0,40.5085,-104.9031666667,3.95,6.35,,,,,,,,0.00021667,5.556e-05,22.33333333,6.80733333,high Re,0.07318,20.12908,0.009249,2.250148,0.072239,0.979604,0.884993,20.928046,0.022313,6.13535,0.002819,0.685825,0.022018,0.979817,0.885367,6.378876,
EOSS-297,K0SCC-14,2020-03-15 08:44:04.528,2020-03-15 08:43:49,21837.0,6655.92,1303.4,812.0,ascending,/144349h4030.57N/10453.92WO072/042eEOSS.org Balloon/A=021837!W25!,"K0SCC-14>APTT4,EOSSD,EOSSD,qAO,KB0TVJ-1:/144349h4030.57N/10453.92WO072/042eEOSS.org Balloon/A=021837!W25!",72.0,48.0,77.2,40.5095333333,-104.89875,4.18,6.72,,,,,,,,0.00022701,5.575e-05,21.72413793,6.62172414,high Re,-0.021007,20.160356,0.008644,2.238703,0.071626,0.698521,-0.41397,21.003833,-0.0064,6.144887,0.002634,0.682339,0.021831,0.698827,-0.413815,6.401976,
EOSS-297,KC0D-2,2020-03-15 08:44:02.290,2020-03-15 08:44:00,22072.0,6727.55,1304.0,823.0,ascending,/144400h4030.60N/10453.79WO066/034/A=022072 In Memory K0YUK(SK) EOSS Original Balloonmeister,"KC0D-2>APZEOS,EOSS,WIDE2-1,qAR,W0ARP:/144400h4030.60N/10453.79WO066/034/A=022072 In Memory K0YUK(SK) EOSS Original Balloonmeister",66.0,39.0,62.8,40.51,-104.8965,4.29,6.9,,,,,,,,0.00022222,5e-05,21.73333333,6.62433333,high Re,0.000307,20.190606,0.00848,2.227353,0.070916,0.692628,-0.115249,21.050035,8.7e-05,6.154107,0.002584,0.67888,0.021615,0.69265,-0.115522,6.416058,
EOSS-297,K0SCC-14,2020-03-15 08:44:38.500,2020-03-15 08:44:18,22454.0,6843.98,1276.6,841.0,ascending,/144418h4030.67N/10453.54WO062/042eEOSS.org Balloon/A=022454!W08!,"K0SCC-14>APTT4,EOSSD,EOSSD,qAR,W0ARP:/144418h4030.67N/10453.54WO062/042eEOSS.org Balloon/A=022454!W08!",62.0,48.0,77.2,40.5111666667,-104.8924666667,4.51,7.26,,,,,,,,0.00021667,5.632e-05,21.27586207,6.48482759,high Re,-0.015775,20.211082,0.008014,2.210864,0.070298,0.481613,-0.338402,21.130088,-0.004811,6.160347,0.002442,0.673854,0.021427,0.48153,-0.338498,6.440457,
EOSS-297,KC0D-2,2020-03-15 08:44:32.388,2020-03-15 08:44:30,22703.0,6919.87,1262.0,853.0,ascending,/144430h4030.71N/10453.39WO065/043/A=022703 In Memory K0YUK(SK) EOSS Original Balloonmeister,"KC0D-2>APZEOS,EOSS,WIDE2-1,qAR,W0ARP:/144430h4030.71N/10453.39WO065/043/A=022703 In Memory K0YUK(SK) EOSS Original Balloonmeister",65.0,49.0,78.9,40.5118333333,-104.8898333333,4.65,7.48,,,,,,,,0.00022222,6.111e-05,21.03333333,6.41066667,high Re,-0.008084,20.226309,0.00771,2.192764,0.069654,0.36804,-0.226749,21.185228,-0.002472,6.164983,0.002349,0.668335,0.02123,0.367606,-0.227084,6.457261,
EOSS-297,KC0D-2,2020-03-15 08:45:02.262,2020-03-15 08:45:00,23459.0,7150.3,1512.0,883.0,ascending,/144500h4030.81N/10452.98WO082/038/A=023459 In Memory K0YUK(SK) EOSS Original Balloonmeister,"KC0D-2>APZEOS,EOSS,WIDE2-1,qAR,W0ARP:/144500h4030.81N/10452.98WO082/038/A=023459 In Memory K0YUK(SK) EOSS Original Balloonmeister",82.0,44.0,70.8,40.5135,-104.883,5.01,8.06,,,,,,,,0.00022778,5.556e-05,25.2,7.681,high Re,0.138889,20.31674,0.010139,2.273532,0.071266,2.147874,1.806612,21.363311,0.042344,6.192547,0.00309,0.692956,0.021722,2.147976,1.807108,6.511539,
EOSS-297,KC0D-2,2020-03-15 08:45:32.264,2020-03-15 08:45:30,24113.0,7349.64,1308.0,913.0,ascending,/144530h4030.90N/10452.54WO077/043/A=024113 In Memory K0YUK(SK) EOSS Original Balloonmeister,"KC0D-2>APZEOS,EOSS,WIDE2-1,qAR,W0ARP:/144530h4030.90N/10452.54WO077/043/A=024113 In Memory K0YUK(SK) EOSS Original Balloonmeister",77.0,49.0,78.9,40.515,-104.8756666667,5.39,8.68,,,,,,,,0.00024444,5e-05,21.8,6.64466667,high Re,-0.113333,20.343227,0.007894,2.261472,0.072539,0.64417,-1.671198,21.523474,-0.034544,6.20062,0.002406,0.68928,0.02211,0.644218,-1.67119,6.560355,
EOSS-297,K0SCC-14,2020-03-15 08:45:51.859,2020-03-15 08:45:45,24439.0,7449.01,1369.0,928.0,ascending,/144545h4030.95N/10452.33WO069/036eEOSS.org Balloon/A=024439!W69!,"K0SCC-14>APTT4,EOSSD,EOSSD,qAR,W0ARP:/144545h4030.95N/10452.33WO069/036eEOSS.org Balloon/A=024439!W69!",69.0,41.0,66.0,40.5159333333,-104.8723166667,5.57,8.97,,,,,,,,0.00023161,5.479e-05,22.81609195,6.95436782,high Re,0.011679,20.38661,0.007962,2.264997,0.071878,1.07262,0.051713,21.602484,0.00356,6.213844,0.002426,0.690355,0.021909,1.072671,0.05176,6.584437,
EOSS-297,KC0D-2,2020-03-15 08:46:02.242,2020-03-15 08:46:00,24792.0,7556.6,1358.0,943.0,ascending,/144600h4031.00N/10452.12WO065/045/A=024792 In Memory K0YUK(SK) EOSS Original Balloonmeister,"KC0D-2>APZEOS,EOSS,WIDE2-1,qAR,W0ARP:/144600h4031.00N/10452.12WO065/045/A=024792 In Memory K0YUK(SK) EOSS Original Balloonmeister",65.0,52.0,83.7,40.5166666667,-104.8686666667,5.76,9.28,,,,,,,,0.00023333,5.556e-05,22.63333333,6.89866667,high Re,-0.006092,20.425347,0.007715,2.26434,0.071258,0.975113,-0.193761,21.685505,-0.001857,6.225651,0.002351,0.690156,0.02172,0.975165,-0.193738,6.60974,
EOSS-297,K0SCC-14,2020-03-15 08:46:26.258,2020-03-15 08:46:14,25108.0,7652.92,1384.1,957.0,ascending,/144614h4031.06N/10451.91WO075/053eEOSS.org Balloon/A=025108!W23!,"K0SCC-14>APTT4,EOSSD,EOSSD,qAO,KB0TVJ-1:/144614h4031.06N/10451.91WO075/053eEOSS.org Balloon/A=025108!W23!",75.0,61.0,98.2,40.5177,-104.8652166667,5.96,9.59,,,,,,,,0.00024483,6.092e-05,23.06896552,7.03137931,high Re,0.015022,20.470154,0.007841,2.270966,0.070637,1.144364,0.101661,21.756258,0.004576,6.239308,0.00239,0.692175,0.02153,1.144322,0.101533,6.631304,
EOSS-297,KC0D-2,2020-03-15 08:46:32.286,2020-03-15 08:46:30,25462.0,7760.82,1340.0,973.0,ascending,/144630h4031.12N/10451.66WO069/047/A=025462 In Memory K0YUK(SK) EOSS Original Balloonmeister,"KC0D-2>APZEOS,EOSS,WIDE2-1,qAR,W0ARP:/144630h4031.12N/10451.66WO069/047/A=025462 In Memory K0YUK(SK) EOSS Original Balloonmeister",69.0,54.0,86.9,40.5186666667,-104.861,6.18,9.95,,,,,,,,0.00025556,6.667e-05,22.33333333,6.80733333,high Re,-0.024521,20.501207,0.007293,2.26445,0.070152,0.809082,-0.453501,21.829935,-0.007468,6.248775,0.002223,0.690191,0.021382,0.809281,-0.453232,6.65376,
EOSS-297,K0SCC-14,2020-03-15 08:47:00.603,2020-03-15 08:46:43,25751.0,7848.9,1330.3,986.0,ascending,/144643h4031.17N/10451.47WO071/039eEOSS.org Balloon/A=025751!W28!,"K0SCC-14>APTT4,EOSSD,EOSSD,qAO,KB0TVJ-1:/144643h4031.17N/10451.47WO071/039eEOSS.org Balloon/A=025751!W28!",71.0,45.0,72.4,40.5195333333,-104.8579666667,6.35,10.22,,,,,,,,0.00025,6.322e-05,22.17241379,6.75793103,high Re,-0.005549,20.528604,0.007079,2.255672,0.069575,0.728745,-0.181502,21.884537,-0.001704,6.257122,0.002157,0.687513,0.021206,0.728436,-0.182071,6.6704,
EOSS-297,KC0D-2,2020-03-15 08:47:02.530,2020-03-15 08:47:00,26204.0,7986.98,1484.0,1003.0,ascending,/144700h4031.24N/10451.21WO064/047/A=026204 In Memory K0YUK(SK) EOSS Original Balloonmeister,"KC0D-2>APZEOS,EOSS,WIDE2-1,qAR,W0ARP:/144700h4031.24N/10451.21WO064/047/A=026204 In Memory K0YUK(SK) EOSS Original Balloonmeister",64.0,54.0,86.9,40.5206666667,-104.8535,6.59,10.61,,,,,,,,0.00025,6.667e-05,24.73333333,7.53866667,high Re,0.085364,20.596422,0.008362,2.299957,0.069717,1.798691,1.104494,21.957679,0.026025,6.277792,0.002548,0.70101,0.02125,1.798654,1.1048,6.692693,
EOSS-297,K0SCC-14,2020-03-15 08:47:35.309,2020-03-15 08:47:12,26408.0,8049.16,1359.3,1015.0,ascending,/144712h4031.30N/10451.03WO061/047eEOSS.org Balloon/A=026408!W68!,"K0SCC-14>APTT4,EOSSD,EOSSD,qAO,N6BA-10:/144712h4031.30N/10451.03WO061/047eEOSS.org Balloon/A=026408!W68!",61.0,54.0,86.9,40.5217666667,-104.8506333333,6.76,10.88,,,,,,,,0.00025287,7.701e-05,22.65517241,6.90551724,high Re,-0.071661,20.629101,0.007071,2.296032,0.069886,0.882423,-1.126578,21.984842,-0.021833,6.287756,0.002155,0.699816,0.021301,0.882748,-1.126144,6.700972,
EOSS-297,KC0D-2,2020-03-15 08:47:32.162,2020-03-15 08:47:30,26746.0,8152.18,1084.0,1033.0,ascending,/144730h4031.41N/10450.73WO064/052/A=026746 In Memory K0YUK(SK) EOSS Original Balloonmeister,"KC0D-2>APZEOS,EOSS,WIDE2-1,qAR,W0ARP:/144730h4031.41N/10450.73WO064/052/A=026746 In Memory K0YUK(SK) EOSS Original Balloonmeister",64.0,60.0,96.6,40.5235,-104.8455,7.05,11.35,,,,,,,,0.00026667,9.444e-05,18.06666667,5.50666667,high Re,-0.15295,20.589062,0.004531,2.300147,0.072192,-1.096624,-2.181419,22.020823,-0.046628,6.275551,0.001381,0.701072,0.022005,-1.096727,-2.181731,6.711937,
EOSS-297,KC0D-2,2020-03-15 08:48:02.246,2020-03-15 08:48:00,27324.0,8328.36,1156.0,1063.0,ascending,/144800h4031.57N/10450.22WO076/051/A=027324 In Memory K0YUK(SK) EOSS Original Balloonmeister,"KC0D-2>APZEOS,EOSS,WIDE2-1,qAR,W0ARP:/144800h4031.57N/10450.22WO076/051/A=027324 In Memory K0YUK(SK) EOSS Original Balloonmeister",76.0,59.0,95.0,40.5261666667,-104.837,7.53,12.12,,,,,,,,0.00028333,8.889e-05,19.26666667,5.87266667,high Re,0.04,20.568718,0.005085,2.287994,0.071754,-0.56908,0.486593,22.052831,0.0122,6.269353,0.00155,0.697366,0.021871,-0.568835,0.486946,6.721692,
EOSS-297,K0SCC-14,2020-03-15 08:48:15.892,2020-03-15 08:48:10,27625.0,8420.1,1259.0,1073.0,ascending,/144810h4031.60N/10450.01WO070/055eEOSS.org Balloon/A=027625!W43!,"K0SCC-14>APTT4,EOSSD,EOSSD,qAO,N6BA-10:/144810h4031.60N/10450.01WO070/055eEOSS.org Balloon/A=027625!W43!",70.0,63.0,101.4,40.5267333333,-104.83355,7.71,12.41,,,,,,,,0.00029454,8.563e-05,20.98275862,6.39551724,high Re,0.029588,20.574991,0.005462,2.270897,0.071256,0.179562,0.338582,22.053021,0.009015,6.271264,0.001665,0.692155,0.021719,0.179516,0.338413,6.721749,
EOSS-297,KC0D-2,2020-03-15 08:48:32.258,2020-03-15 08:48:30,28098.0,8564.27,1548.0,1093.0,ascending,/144830h4031.73N/10449.66WO058/054/A=028098 In Memory K0YUK(SK) EOSS Original Balloonmeister,"KC0D-2>APZEOS,EOSS,WIDE2-1,qAR,W0ARP:/144830h4031.73N/10449.66WO058/054/A=028098 In Memory K0YUK(SK) EOSS Original Balloonmeister",58.0,62.0,99.8,40.5288333333,-104.8276666667,8.05,12.96,,,,,,,,0.00031111,8.889e-05,25.8,7.86366667,high Re,0.160575,20.652976,0.007813,2.342288,0.073238,2.197434,2.08583,22.028182,0.048938,6.295032,0.002381,0.71391,0.022323,2.197244,2.085607,6.714177,
EOSS-297,K0SCC-14,2020-03-15 08:48:51.663,2020-03-15 08:48:39,28343.0,8638.95,1485.5,1102.0,ascending,/144839h4031.76N/10449.49WO070/053eEOSS.org Balloon/A=028343!W75!,"K0SCC-14>APTT4,EOSSD,EOSSD,qAO,KB0TVJ-1:/144839h4031.76N/10449.49WO070/053eEOSS.org Balloon/A=028343!W75!",70.0,61.0,98.2,40.52945,-104.8249166667,8.2,13.19,,,,,,,,0.0002977,9.368e-05,24.75862069,7.54655172,high Re,-0.03591,20.713354,0.00716,2.37746,0.072877,1.701508,-0.590996,22.002519,-0.010935,6.313436,0.002182,0.724634,0.022213,1.701708,-0.59051,6.706353,
EOSS-297,K0SCC-14,2020-03-15 08:49:26.836,2020-03-15 08:49:08,29046.0,8853.22,1454.5,1131.0,ascending,/144908h4031.91N/10448.98WO076/057eEOSS.org Balloon/A=029046!W10!,"K0SCC-14>APTT4,EOSSD,EOSSD,qAO,KB0TVJ-1:/144908h4031.91N/10448.98WO076/057eEOSS.org Balloon/A=029046!W10!",76.0,66.0,106.2,40.53185,-104.8163333333,8.67,13.96,,,,,,,,0.00029598,8.276e-05,24.24137931,7.38862069,high Re,-0.017836,20.764484,0.006792,2.397829,0.072395,1.450018,-0.340189,21.877404,-0.005446,6.329019,0.00207,0.730839,0.022066,1.449843,-0.340615,6.668218,
EOSS-297,KC0D-2,2020-03-15 08:49:32.209,2020-03-15 08:49:30,29251.0,8915.7,1153.0,1153.0,ascending,/144930h4032.05N/10448.56WO067/046/A=029251 In Memory K0YUK(SK) EOSS Original Balloonmeister,"KC0D-2>APZEOS,EOSS,WIDE2-1,qAR,W0ARP:/144930h4032.05N/10448.56WO067/046/A=029251 In Memory K0YUK(SK) EOSS Original Balloonmeister",67.0,53.0,85.3,40.5341666667,-104.8093333333,9.07,14.6,,,,,,,,0.00030556,8.889e-05,19.21666667,5.85716667,high Re,-0.083745,20.742373,0.00548,2.387568,0.072683,-0.639021,-1.227591,21.826051,-0.025524,6.322278,0.00167,0.727713,0.022154,-0.639141,-1.227498,6.652567,
EOSS-297,K0SCC-14,2020-03-15 08:51:17.760,2020-03-15 08:51:04,31513.0,9605.16,1276.0,1247.0,ascending,/145104h4032.57N/10446.89WO066/050eEOSS.org Balloon/A=031513!W85!,"K0SCC-14>APTT4,EOSSD,EOSSD,qAO,KB0TVJ-1:/145104h4032.57N/10446.89WO066/050eEOSS.org Balloon/A=031513!W85!",66.0,58.0,93.3,40.5429666667,-104.7815833333,10.65,17.13,,,,,,,,0.00029957,9.583e-05,21.26724138,6.48224138,high Re,0.017677,20.749765,0.005655,2.371271,0.072169,0.218227,0.166581,20.808252,0.005389,6.324531,0.001723,0.722745,0.021997,0.21821,0.166659,6.342343,
EOSS-297,K0SCC-14,2020-03-15 08:51:52.500,2020-03-15 08:51:33,32146.0,9798.1,1309.7,1276.0,ascending,/145133h4032.75N/10446.33WO071/061eEOSS.org Balloon/A=032146!W61!,"K0SCC-14>APTT4,EOSSD,EOSSD,qAO,KB0TVJ-1:/145133h4032.75N/10446.33WO071/061eEOSS.org Balloon/A=032146!W61!",71.0,70.0,112.7,40.5459333333,-104.7721833333,11.18,17.99,,,,,,,,0.00032414,0.0001023,21.82758621,6.65310345,high Re,0.019322,20.764735,0.005847,2.357936,0.07167,0.450755,0.188015,20.386247,0.005892,6.329094,0.001782,0.718681,0.021845,0.450839,0.188144,6.213716,
EOSS-297,K0SCC-14,2020-03-15 08:52:26.878,2020-03-15 08:52:02,32694.0,9965.13,1133.8,1305.0,ascending,/145202h4032.93N/10445.82WO064/058eEOSS.org Balloon/A=032694!W80!,"K0SCC-14>APTT4,EOSSD,EOSSD,qAO,KB0TVJ-1:/145202h4032.93N/10445.82WO064/058eEOSS.org Balloon/A=032694!W80!",64.0,67.0,107.8,40.5489666667,-104.7636666667,11.67,18.79,,,,,,,,0.00029368,0.0001046,18.89655172,5.75965517,low Re,-0.10107,20.739143,0.004362,2.351691,0.07227,-0.783518,-1.458863,19.981292,-0.030809,6.321294,0.001329,0.716778,0.022028,-0.78356,-1.458961,6.090288,high_to_low
EOSS-297,K0SCC-14,2020-03-15 08:53:07.885,2020-03-15 08:53:00,33695.0,10270.24,1035.5,1363.0,ascending,/145300h4033.24N/10444.70WO060/064eEOSS.org Balloon/A=033695!W88!,"K0SCC-14>APTT4,EOSSD,EOSSD,qAO,W9CN-9:/145300h4033.24N/10444.70WO060/064eEOSS.org Balloon/A=033695!W88!",60.0,74.0,119.1,40.5541333333,-104.7451333333,12.7,20.44,,,,,,,,0.00031954,8.908e-05,17.25862069,5.26051724,low Re,-0.02824,20.692109,0.003916,2.370316,0.071868,-1.448536,-0.447431,19.1673,-0.008606,6.306959,0.001193,0.722454,0.021905,-1.448455,-0.447341,5.842182,
EOSS-297,K0SCC-14,2020-03-15 08:53:42.337,2020-03-15 08:53:29,34223.0,10431.17,1092.4,1392.0,ascending,/145329h4033.46N/10444.09WO067/068eEOSS.org Balloon/A=034223!W43!,"K0SCC-14>APTT4,EOSSD,EOSSD,qAO,W9CN-9:/145329h4033.46N/10444.09WO067/068eEOSS.org Balloon/A=034223!W43!",67.0,78.0,125.5,40.5577333333,-104.7348833333,13.3,21.4,,,,,,,,0.00035345,0.00012414,18.20689655,5.54931034,low Re,0.032699,20.658973,0.004304,2.371671,0.071452,-1.033902,0.3974,18.71112,0.009958,6.296857,0.001312,0.722869,0.021779,-1.034138,0.396988,5.703144,
EOSS-297,K0SCC-14,2020-03-15 08:54:16.990,2020-03-15 08:53:58,34561.0,10534.19,699.3,1421.0,ascending,/145358h4033.64N/10443.50WO068/062eEOSS.org Balloon/A=034561!W82!,"K0SCC-14>APTT4,EOSSD,EOSSD,qAO,KB0TVJ-1:/145358h4033.64N/10443.50WO068/062eEOSS.org Balloon/A=034561!W82!",68.0,71.0,114.3,40.5608,-104.7250333333,13.85,22.29,,,,,,,,0.00033966,0.00010575,11.65517241,3.55241379,low Re,-0.225922,20.540502,0.001235,2.572259,0.075784,-3.45429,-2.997427,18.413589,-0.068859,6.260746,0.000376,0.784014,0.023099,-3.454444,-2.997316,5.61246,
EOSS-297,K0SCC-14,2020-03-15 08:54:51.397,2020-03-15 08:54:27,34883.0,10632.34,666.2,1450.0,ascending,/145427h4033.84N/10442.91WO063/059eEOSS.org Balloon/A=034883!W41!,"K0SCC-14>APTT4,EOSSD,EOSSD,qAO,KB0TVJ-1:/145427h4033.84N/10442.91WO063/059eEOSS.org Balloon/A=034883!W41!",63.0,68.0,109.4,40.5640666667,-104.7151833333,14.42,23.2,,,,,,,,0.00033966,0.00011264,11.10344828,3.38448276,low Re,-0.019025,20.417943,0.000968,2.772373,0.075313,-3.359755,-0.265465,18.128193,-0.005791,6.223392,0.000295,0.845003,0.022955,-3.359644,-0.265127,5.525469,
EOSS-297,K0SCC-14,2020-03-15 08:55:31.793,2020-03-15 08:55:25,35654.0,10867.34,797.6,1508.0,ascending,/145525h4034.27N/10441.63WO065/067eEOSS.org Balloon/A=035654!W36!,"K0SCC-14>APTT4,EOSSD,EOSSD,qAO,N6BA-10:/145525h4034.27N/10441.63WO065/067eEOSS.org Balloon/A=035654!W36!",65.0,77.0,123.9,40.5712166667,-104.6939333333,15.63,25.16,,,,,,,,0.00036638,0.00012328,13.29310345,4.05172414,low Re,0.037753,20.326599,0.001446,2.870025,0.074933,-2.450674,0.484526,17.447072,0.011504,6.19555,0.000441,0.874769,0.02284,-2.450734,0.48437,5.317866,
EOSS-297,K0SCC-14,2020-03-15 08:56:06.584,2020-03-15 08:55:54,36071.0,10994.44,862.8,1537.0,ascending,/145554h4034.48N/10440.92WO072/071eEOSS.org Balloon/A=036071!W17!,"K0SCC-14>APTT4,EOSSD,EOSSD,qAO,KB0TVJ-1:/145554h4034.48N/10440.92WO072/071eEOSS.org Balloon/A=036071!W17!",72.0,82.0,132.0,40.5746833333,-104.6821166667,16.3,26.23,,,,,,,,0.00040747,0.00011954,14.37931034,4.38275862,low Re,0.037455,20.251317,0.001908,2.929022,0.074556,-2.004767,0.476783,17.08618,0.011415,6.172603,0.000581,0.892753,0.022725,-2.00486,0.476744,5.207869,
EOSS-297,K0SCC-14,2020-03-15 08:56:41.423,2020-03-15 08:56:23,36724.0,11193.48,1351.0,1566.0,ascending,/145623h4034.66N/10440.23WO066/084eEOSS.org Balloon/A=036724!W73!,"K0SCC-14>APTT4,EOSSD,EOSSD,qAO,KB0TVJ-1:/145623h4034.66N/10440.23WO066/084eEOSS.org Balloon/A=036724!W73!",66.0,97.0,156.1,40.5777833333,-104.67055,16.94,27.26,,,,,,,,0.00039885,0.0001069,22.51724138,6.86344828,low Re,0.280618,20.279641,0.005436,2.921429,0.08044,0.765927,3.42096,16.542,0.085541,6.181239,0.001657,0.890441,0.024519,0.766148,3.421184,5.042001,
EOSS-297,K0SCC-14,2020-03-15 08:57:15.849,2020-03-15 08:56:52,37252.0,11354.41,1092.4,1595.0,ascending,/145652h4034.93N/10439.51WO066/081eEOSS.org Balloon/A=037252!W64!,"K0SCC-14>APTT4,EOSSD,EOSSD,qAO,KB0TVJ-1:/145652h4034.93N/10439.51WO066/081eEOSS.org Balloon/A=037252!W64!",66.0,93.0,149.7,40.5822666667,-104.6585666667,17.64,28.38,,,,,,,,0.00041322,0.0001546,18.20689655,5.54931034,low Re,-0.148633,20.254051,0.00351,2.912234,0.081765,-0.70295,-1.860735,16.128334,-0.045315,6.173437,0.00107,0.887639,0.024922,-0.703131,-1.861207,4.91592,
EOSS-297,K0SCC-14,2020-03-15 08:57:56.960,2020-03-15 08:57:50,38332.0,11683.59,1117.2,1653.0,ascending,/145750h4035.42N/10438.02WO056/060eEOSS.org Balloon/A=038332!W02!,"K0SCC-14>APTT4,EOSSD,EOSSD,qAO,KB0TVJ-1:/145750h4035.42N/10438.02WO056/060eEOSS.org Balloon/A=038332!W02!",56.0,69.0,111.0,40.5903333333,-104.6337,19.05,30.67,,,,,,,,0.00042874,0.00013908,18.62068966,5.67551724,low Re,0.007134,20.234132,0.003554,2.899817,0.081253,-0.556395,0.04406,15.382758,0.002176,6.167365,0.001083,0.883855,0.024767,-0.55648,0.044131,4.688673,
EOSS-297,K0SCC-14,2020-03-15 08:58:31.854,2020-03-15 08:58:19,38876.0,11849.4,1125.5,1682.0,ascending,/145819h4035.68N/10437.35WO072/080eEOSS.org Balloon/A=038876!W39!,"K0SCC-14>APTT4,EOSSD,EOSSD,qAO,KB0TVJ-1:/145819h4035.68N/10437.35WO072/080eEOSS.org Balloon/A=038876!W39!",72.0,92.0,148.1,40.5947166667,-104.62265,19.71,31.72,,,,,,,,0.00038103,0.00015115,18.75862069,5.71758621,low Re,0.004756,20.216355,0.003569,2.886628,0.08075,-0.504996,0.0147,15.069604,0.001451,6.161946,0.001088,0.879835,0.024613,-0.505049,0.014748,4.593224,
EOSS-297,K0SCC-14,2020-03-15 08:59:06.016,2020-03-15 08:58:48,39339.0,11990.53,957.9,1711.0,ascending,/145848h4035.88N/10436.52WO073/076eEOSS.org Balloon/A=039339!W89!,"K0SCC-14>APTT4,EOSSD,EOSSD,qAO,N6BA-10:/145848h4035.88N/10436.52WO073/076eEOSS.org Balloon/A=039339!W89!",73.0,87.0,140.0,40.5981333333,-104.6088166667,20.46,32.93,,,,,,,,0.00047701,0.00011782,15.96551724,4.86655172,low Re,-0.096314,20.16575,0.002366,2.906431,0.081001,-1.445151,-1.218257,14.840657,-0.029346,6.146525,0.000721,0.885867,0.02469,-1.444882,-1.21778,4.523437,
EOSS-297,K0SCC-14,2020-03-15 08:59:40.908,2020-03-15 08:59:17,39907.0,12163.65,1175.2,1740.0,ascending,/145917h4036.09N/10435.76WO064/080eEOSS.org Balloon/A=039907!W92!,"K0SCC-14>APTT4,EOSSD,EOSSD,qAO,KB0TVJ-1:/145917h4036.09N/10435.76WO064/080eEOSS.org Balloon/A=039907!W92!",64.0,92.0,148.1,40.60165,-104.5960333333,21.18,34.08,,,,,,,,0.0004408,0.00012126,19.5862069,5.96965517,low Re,0.124851,20.158932,0.003824,2.889763,0.081614,-0.198191,1.48292,14.610201,0.038038,6.144444,0.001165,0.880787,0.024876,-0.198446,1.482272,4.453197,
EOSS-297,K0SCC-14,2020-03-15 09:00:26.491,2020-03-15 09:00:19,40655.0,12391.64,723.9,1802.0,ascending,/150019h4036.60N/10434.18WO071/079eEOSS.org Balloon/A=040655!W33!,"K0SCC-14>APTT4,EOSSD,EOSSD,qAO,KB0TVJ-1:/150019h4036.60N/10434.18WO071/079eEOSS.org Balloon/A=040655!W33!",71.0,91.0,146.5,40.61005,-104.5697166667,22.67,36.49,,,,,,,,0.00042446,0.00013548,12.06451613,3.67725806,low Re,-0.121318,20.064811,0.002352,3.002389,0.082254,-2.664643,-1.503514,14.395406,-0.036974,6.115756,0.000717,0.915116,0.025071,-2.664687,-1.50337,4.387726,
EOSS-297,K0SCC-14,2020-03-15 09:01:01.132,2020-03-15 09:00:48,41071.0,12518.44,860.7,1831.0,ascending,/150048h4036.86N/10433.48WO066/082eEOSS.org Balloon/A=041071!W43!,"K0SCC-14>APTT4,EOSSD,EOSSD,qAO,KB0TVJ-1:/150048h4036.86N/10433.48WO066/082eEOSS.org Balloon/A=041071!W43!",66.0,94.0,151.3,40.6144,-104.55805,23.35,37.58,,,,,,,,0.0004023,0.00015,14.34482759,4.37241379,low Re,0.078631,19.999064,0.003239,3.047227,0.082181,-1.855535,0.91739,14.320467,0.023971,6.095717,0.000987,0.928781,0.025049,-1.855446,0.917562,4.364883,
EOSS-297,K0SCC-14,2020-03-15 09:01:36.581,2020-03-15 09:01:17,41501.0,12649.5,889.7,1860.0,ascending,/150117h4037.09N/10432.74WO070/069eEOSS.org Balloon/A=041501!W19!,"K0SCC-14>APTT4,EOSSD,EOSSD,qAO,N6BA-10:/150117h4037.09N/10432.74WO070/069eEOSS.org Balloon/A=041501!W19!",70.0,79.0,127.1,40.6181833333,-104.5458166667,24.04,38.69,,,,,,,,0.00042184,0.00013046,14.82758621,4.51931034,low Re,0.016647,19.940297,0.003393,3.079411,0.081715,-1.660289,0.162198,14.276381,0.005065,6.077804,0.001034,0.938594,0.024907,-1.660456,0.161842,4.351445,
EOSS-297,K0SCC-14,2020-03-15 09:02:10.854,2020-03-15 09:01:46,41984.0,12796.72,999.3,1889.0,ascending,/150146h4037.28N/10431.98WO073/086eEOSS.org Balloon/A=041984!W15!,"K0SCC-14>APTT4,EOSSD,EOSSD,qAO,KB0TVJ-1:/150146h4037.28N/10431.98WO073/086eEOSS.org Balloon/A=041984!W15!",73.0,99.0,159.3,40.62135,-104.5330833333,24.74,39.82,,,,,,,,0.00043908,0.0001092,16.65517241,5.07655172,low Re,0.06302,19.903385,0.00407,3.081602,0.081492,-1.054066,0.723384,14.266591,0.019215,6.066554,0.00124,0.939261,0.024839,-1.054023,0.72366,4.34846,
EOSS-297,K0SCC-14,2020-03-15 09:02:17.754,2020-03-15 09:02:15,42453.0,12939.67,970.3,1918.0,ascending,/150215h4037.49N/10431.27WO056/061eEOSS.org Balloon/A=042453!W75!,"K0SCC-14>APTT4,EOSSD,EOSSD,qAO,KB0TVJ-1:/150215h4037.49N/10431.27WO056/061eEOSS.org Balloon/A=042453!W75!",56.0,70.0,112.7,40.62495,-104.52125,25.41,40.89,,,,,,,,0.00040805,0.00012414,16.17241379,4.92931034,low Re,-0.016647,19.86193,0.003837,3.089376,0.081058,-1.194259,-0.252708,14.29597,-0.005077,6.053917,0.001169,0.941631,0.024707,-1.194318,-0.252803,4.357413,
EOSS-297,K0SCC-14,2020-03-15 09:02:52.851,2020-03-15 09:02:44,42975.0,13098.78,1080.0,1947.0,ascending,/150244h4037.71N/10430.57WO077/065eEOSS.org Balloon/A=042975!W74!,"K0SCC-14>APTT4,EOSSD,EOSSD,qAO,KB0TVJ-1:/150244h4037.71N/10430.57WO077/065eEOSS.org Balloon/A=042975!W74!",77.0,75.0,120.7,40.6286166667,-104.5095666667,26.07,41.96,,,,,,,,0.00040287,0.00012644,18.0,5.48655172,low Re,0.06302,19.841469,0.004495,3.078359,0.080842,-0.598198,0.723943,14.371352,0.019215,6.047683,0.00137,0.938272,0.024641,-0.598048,0.7242,4.380388,
EOSS-297,K0SCC-14,2020-03-15 09:03:27.853,2020-03-15 09:03:13,43418.0,13233.81,916.6,1976.0,ascending,/150313h4037.94N/10429.87WO063/078eEOSS.org Balloon/A=043418!W31!,"K0SCC-14>APTT4,EOSSD,EOSSD,qAR,W0ARP:/150313h4037.94N/10429.87WO063/078eEOSS.org Balloon/A=043418!W31!",63.0,90.0,144.8,40.6323833333,-104.49785,26.74,43.03,,,,,,,,0.00040402,0.00012989,15.27586207,4.6562069,low Re,-0.093936,19.791843,0.003413,3.098182,0.081051,-1.457623,-1.201083,14.46816,-0.028633,6.032558,0.00104,0.944313,0.024705,-1.457516,-1.201093,4.409895,
EOSS-297,K0SCC-14,2020-03-15 09:04:03.568,2020-03-15 09:03:42,43808.0,13352.68,806.9,2005.0,ascending,/150342h4038.18N/10429.12WO058/068eEOSS.org Balloon/A=043808!W46!,"K0SCC-14>APTT4,EOSSD,EOSSD,qAO,KB0TVJ-1:/150342h4038.18N/10429.12WO058/068eEOSS.org Balloon/A=043808!W46!",58.0,78.0,125.5,40.6364,-104.4854333333,27.45,44.17,,,,,,,,0.00042816,0.00013851,13.44827586,4.09896552,low Re,-0.06302,19.723633,0.002691,3.150729,0.080902,-1.991716,-0.81223,14.576259,-0.019215,6.011767,0.00082,0.960331,0.024659,-1.991815,-0.812482,4.442842,
EOSS-297,K0SCC-14,2020-03-15 09:04:43.864,2020-03-15 09:04:40,44497.0,13562.69,712.8,2063.0,ascending,/150440h4038.67N/10427.58WO062/090eEOSS.org Balloon/A=044497!W86!,"K0SCC-14>APTT4,EOSSD,EOSSD,qAO,KB0TVJ-1:/150440h4038.67N/10427.58WO062/090eEOSS.org Balloon/A=044497!W86!",62.0,104.0,167.4,40.6446333333,-104.4597666667,28.91,46.52,,,,,,,,0.00044253,0.00014195,11.87931034,3.62086207,low Re,-0.027051,19.640183,0.002372,3.236504,0.08052,-2.397918,-0.365412,14.813411,-0.008243,5.986331,0.000723,0.986475,0.024543,-2.397901,-0.365318,4.515125,
EOSS-297,K0SCC-14,2020-03-15 09:05:18.457,2020-03-15 09:05:09,44904.0,13686.74,842.1,2092.0,ascending,/150509h4038.87N/10426.79WO070/065eEOSS.org Balloon/A=044904!W07!,"K0SCC-14>APTT4,EOSSD,EOSSD,qAO,KB0TVJ-1:/150509h4038.87N/10426.79WO070/065eEOSS.org Balloon/A=044904!W07!",70.0,75.0,120.7,40.6478333333,-104.4466166667,29.62,47.68,,,,,,,,0.00045345,0.00011034,14.03448276,4.27758621,low Re,0.074316,19.581175,0.003137,3.270214,0.080429,-1.696125,0.884992,14.977218,0.022646,5.968345,0.000956,0.996752,0.024515,-1.696268,0.884764,4.565051,
EOSS-297,K0SCC-14,2020-03-15 09:05:52.894,2020-03-15 09:05:38,45357.0,13824.81,937.2,2121.0,ascending,/150538h4039.04N/10426.05WO073/080eEOSS.org Balloon/A=045357!W40!,"K0SCC-14>APTT4,EOSSD,EOSSD,qAO,KB0TVJ-1:/150538h4039.04N/10426.05WO073/080eEOSS.org Balloon/A=045357!W40!",73.0,92.0,148.1,40.6507333333,-104.4341666667,30.3,48.77,,,,,,,,0.00042931,0.0001,15.62068966,4.76103448,low Re,0.054697,19.53992,0.00368,3.277975,0.080175,-1.195625,0.636321,15.176354,0.016671,5.955769,0.001121,0.999119,0.024437,-1.195788,0.63633,4.625745,
EOSS-297,K0SCC-14,2020-03-15 09:06:27.964,2020-03-15 09:06:07,45869.0,13980.87,1059.3,2150.0,ascending,/150607h4039.21N/10425.36WO059/066eEOSS.org Balloon/A=045869!W42!,"K0SCC-14>APTT4,EOSSD,EOSSD,qAR,W0ARP:/150607h4039.21N/10425.36WO059/066eEOSS.org Balloon/A=045869!W42!",59.0,76.0,122.3,40.6535666667,-104.4227,30.93,49.78,,,,,,,,0.0003954,9.77e-05,17.65517241,5.38137931,low Re,0.070155,19.52049,0.004372,3.266468,0.08004,-0.57105,0.821877,15.418143,0.021391,5.949847,0.001332,0.995612,0.024396,-0.570973,0.822225,4.699442,
EOSS-297,K0SCC-14,2020-03-15 09:07:08.567,2020-03-15 09:07:05,46873.0,14286.89,1038.6,2208.0,ascending,/150705h4039.52N/10424.08WO060/061eEOSS.org Balloon/A=046873!W85!,"K0SCC-14>APTT4,EOSSD,EOSSD,qAR,W0ARP:/150705h4039.52N/10424.08WO060/061eEOSS.org Balloon/A=046873!W85!",60.0,70.0,112.7,40.6588,-104.4014166667,32.1,51.66,,,,,,,,0.00036695,9.023e-05,17.31034483,5.2762069,low Re,-0.005945,19.497937,0.004266,3.257247,0.079628,-0.671608,-0.128234,15.922903,-0.001813,5.942973,0.0013,0.992801,0.024271,-0.671601,-0.12826,4.853292,
EOSS-297,K0SCC-14,2020-03-15 09:08:16.591,2020-03-15 09:08:03,47834.0,14579.8,994.1,2266.0,ascending,/150803h4039.80N/10422.69WO077/080eEOSS.org Balloon/A=047834!W37!,"K0SCC-14>APTT4,EOSSD,EOSSD,qAO,KB0TVJ-1:/150803h4039.80N/10422.69WO077/080eEOSS.org Balloon/A=047834!W37!",77.0,92.0,148.1,40.6633833333,-104.3782833333,33.34,53.65,,,,,,,,0.00039885,7.902e-05,16.56896552,5.05017241,low Re,-0.012782,19.468352,0.004092,3.253929,0.079236,-0.891042,-0.212959,16.411842,-0.003897,5.933955,0.001247,0.99179,0.024151,-0.891099,-0.212993,5.002319,
EOSS-297,K0SCC-14,2020-03-15 09:08:50.911,2020-03-15 09:08:32,48218.0,14696.85,794.5,2295.0,ascending,/150832h4039.94N/10422.00WO081/069eEOSS.org Balloon/A=048218!W38!,"K0SCC-14>APTT4,EOSSD,EOSSD,qAO,KB0TVJ-1:/150832h4039.94N/10422.00WO081/069eEOSS.org Balloon/A=048218!W38!",81.0,79.0,127.1,40.6657166667,-104.3668,33.95,54.64,,,,,,,,0.00039598,8.046e-05,13.24137931,4.0362069,low Re,-0.114744,19.406082,0.002891,3.296795,0.07973,-1.869908,-1.475417,16.600876,-0.034964,5.914977,0.000881,1.004851,0.024302,-1.8697,-1.474981,5.05994,
EOSS-297,K0SCC-14,2020-03-15 09:09:24.774,2020-03-15 09:09:01,48513.0,14786.76,610.3,2324.0,ascending,/150901h4040.06N/10421.30WO079/073eEOSS.org Balloon/A=048513!W66!,"K0SCC-14>APTT4,EOSSD,EOSSD,qAO,W9CN-9:/150901h4040.06N/10421.30WO079/073eEOSS.org Balloon/A=048513!W66!",79.0,84.0,135.2,40.6677666667,-104.3551,34.57,55.64,,,,,,,,0.00040345,7.069e-05,10.17241379,3.10034483,low Re,-0.105826,19.314659,0.001804,3.406513,0.080068,-2.683755,-1.344232,16.741677,-0.032271,5.88711,0.00055,1.0383,0.024405,-2.683969,-1.344847,5.102854,
EOSS-297,K0SCC-14,2020-03-15 09:10:04.530,2020-03-15 09:09:59,49071.0,14956.84,577.2,2382.0,ascending,/150959h4040.29N/10419.90WO074/066eEOSS.org Balloon/A=049071!W67!,"K0SCC-14>APTT4,EOSSD,EOSSD,qAO,KB0TVJ-1:/150959h4040.29N/10419.90WO074/066eEOSS.org Balloon/A=049071!W67!",74.0,76.0,122.3,40.6716,-104.3317833333,35.8,57.62,,,,,,,,0.00040201,6.609e-05,9.62068966,2.93241379,low Re,-0.009512,19.219621,0.001692,3.522888,0.079674,-2.724734,-0.140623,16.994359,-0.002895,5.858142,0.000516,1.07377,0.024285,-2.724725,-0.140457,5.179873,
EOSS-297,K0SCC-14,2020-03-15 09:10:38.723,2020-03-15 09:10:28,49409.0,15059.86,699.3,2411.0,ascending,/151028h4040.43N/10419.23WO074/064eEOSS.org Balloon/A=049409!W54!,"K0SCC-14>APTT4,EOSSD,EOSSD,qAR,W0ARP:/151028h4040.43N/10419.23WO074/064eEOSS.org Balloon/A=049409!W54!",74.0,74.0,119.1,40.6739166667,-104.3205666667,36.41,58.59,,,,,,,,0.00038678,7.989e-05,11.65517241,3.55241379,low Re,0.070155,19.146179,0.002363,3.583938,0.079568,-2.090161,0.852001,17.137006,0.021379,5.835756,0.00072,1.09238,0.024253,-2.090245,0.851812,5.223351,
EOSS-297,K0SCC-14,2020-03-15 09:11:45.753,2020-03-15 09:11:26,50325.0,15339.06,947.6,2469.0,ascending,/151126h4040.60N/10417.97WO083/047eEOSS.org Balloon/A=050325!W76!,"K0SCC-14>APTT4,EOSSD,EOSSD,qAO,KB0TVJ-1:/151126h4040.60N/10417.97WO083/047eEOSS.org Balloon/A=050325!W76!",83.0,54.0,86.9,40.6767833333,-104.2996,37.5,60.35,,,,,,,,0.00036149,4.943e-05,15.79310345,4.8137931,low Re,0.071344,19.113938,0.003033,3.581621,0.079468,-0.927188,0.859604,17.475845,0.021748,5.82593,0.000924,1.091674,0.024222,-0.927142,0.859714,5.326633,
EOSS-297,K0SCC-14,2020-03-15 09:12:19.407,2020-03-15 09:11:55,50902.0,15514.93,1193.8,2498.0,ascending,/151155h4040.76N/10417.35WO065/072eEOSS.org Balloon/A=050902!W16!,"K0SCC-14>APTT4,EOSSD,EOSSD,qAO,KB0TVJ-1:/151155h4040.76N/10417.35WO065/072eEOSS.org Balloon/A=050902!W16!",65.0,83.0,133.6,40.67935,-104.2892666667,38.07,61.26,,,,,,,,0.00035632,8.851e-05,19.89655172,6.06448276,low Re,0.141498,19.121392,0.004364,3.565179,0.080239,0.217425,1.709069,17.64885,0.043127,5.828202,0.00133,1.086662,0.024457,0.217437,1.708999,5.379367,
EOSS-297,K0SCC-14,2020-03-15 09:12:58.817,2020-03-15 09:12:53,52110.0,15883.13,1249.7,2556.0,ascending,/151253h4040.99N/10416.15WO060/053eEOSS.org Balloon/A=052110!W91!,"K0SCC-14>APTT4,EOSSD,EOSSD,qAO,W9CN-9:/151253h4040.99N/10416.15WO060/053eEOSS.org Balloon/A=052110!W91!",60.0,61.0,98.2,40.6833166667,-104.2691833333,39.15,63.0,,,,,,,,0.00034626,6.839e-05,20.82758621,6.34827586,low Re,0.016052,19.137488,0.004476,3.552029,0.07986,0.475812,0.144954,17.900997,0.004893,5.833108,0.001364,1.082654,0.024342,0.475838,0.144976,5.456227,
EOSS-297,K0SCC-14,2020-03-15 09:14:05.616,2020-03-15 09:13:51,53442.0,16289.12,1377.9,2614.0,ascending,/151351h4041.26N/10414.95WO065/047eEOSS.org Balloon/A=053442!W28!,"K0SCC-14>APTT4,EOSSD,EOSSD,qAO,N6BA-10:/151351h4041.26N/10414.95WO065/047eEOSS.org Balloon/A=053442!W28!",65.0,54.0,86.9,40.6877,-104.2493,40.23,64.74,,,,,,,,0.00034282,7.557e-05,22.96551724,6.99982759,low Re,0.036861,19.173264,0.004781,3.554551,0.079541,1.066873,0.403314,18.010593,0.011234,5.844012,0.001457,1.083422,0.024244,1.066819,0.403275,5.489638,
EOSS-297,K0SCC-14,2020-03-15 09:14:39.591,2020-03-15 09:14:20,54111.0,16493.03,1384.1,2643.0,ascending,/151420h4041.37N/10414.31WO078/078eEOSS.org Balloon/A=054111!W28!,"K0SCC-14>APTT4,EOSSD,EOSSD,qAO,KB0TVJ-1:/151420h4041.37N/10414.31WO078/078eEOSS.org Balloon/A=054111!W28!",78.0,90.0,144.8,40.6895333333,-104.2386333333,40.79,65.65,,,,,,,,0.00036782,6.322e-05,23.06896552,7.03137931,low Re,0.003567,19.209335,0.00477,3.557706,0.079165,1.084865,-0.015196,18.008085,0.001088,5.855006,0.001454,1.084384,0.02413,1.084831,-0.015168,5.488877,
EOSS-297,K0SCC-14,2020-03-15 09:15:13.489,2020-03-15 09:14:49,54810.0,16706.09,1446.2,2672.0,ascending,/151449h4041.40N/10413.66WO102/070eEOSS.org Balloon/A=054810!W44!,"K0SCC-14>APTT4,EOSSD,EOSSD,qAR,W0ARP:/151449h4041.40N/10413.66WO102/070eEOSS.org Balloon/A=054810!W44!",102.0,81.0,130.4,40.6900666667,-104.2277333333,41.34,66.53,,,,,,,,0.00037586,1.839e-05,24.10344828,7.34689655,low Re,0.035672,19.254235,0.005056,3.57209,0.078851,1.357528,0.388277,17.973803,0.01088,5.868693,0.001541,1.08877,0.024034,1.357682,0.388575,5.47843,
EOSS-297,K0SCC-14,2020-03-15 09:15:53.358,2020-03-15 09:15:47,55696.0,16976.14,916.6,2730.0,ascending,/151547h4041.41N/10412.51WO084/049eEOSS.org Balloon/A=055696!W71!,"K0SCC-14>APTT4,EOSSD,EOSSD,qAR,W0ARP:/151547h4041.41N/10412.51WO084/049eEOSS.org Balloon/A=055696!W71!",84.0,56.0,90.1,40.6902833333,-104.2085166667,42.28,68.05,,,,,,,,0.00033132,3.74e-06,15.27586207,4.65603448,low Re,-0.1522,19.218068,0.003613,3.575842,0.079917,-1.102455,-1.949685,17.898831,-0.046394,5.857669,0.001101,1.089914,0.024359,-1.102504,-1.949793,5.455582,
EOSS-297,K0SCC-14,2020-03-15 09:16:26.497,2020-03-15 09:16:16,56172.0,17121.23,984.8,2759.0,ascending,/151616h4041.46N/10412.01WO074/047eEOSS.org Balloon/A=056172!W12!,"K0SCC-14>APTT4,EOSSD,EOSSD,qAO,KB0TVJ-1:/151616h4041.46N/10412.01WO074/047eEOSS.org Balloon/A=056172!W12!",74.0,54.0,86.9,40.6910166667,-104.2002,42.71,68.73,,,,,,,,0.00028678,2.529e-05,16.4137931,5.00310345,low Re,0.039239,19.192804,0.003937,3.569489,0.079622,-0.778546,0.44337,17.85103,0.011968,5.84997,0.0012,1.087976,0.024269,-0.778387,0.443694,5.441013,
EOSS-297,K0SCC-14,2020-03-15 09:16:59.500,2020-03-15 09:16:45,56723.0,17289.17,1140.0,2788.0,ascending,/151645h4041.54N/10411.54WO089/063eEOSS.org Balloon/A=056723!W97!,"K0SCC-14>APTT4,EOSSD,EOSSD,qAO,KB0TVJ-1:/151645h4041.54N/10411.54WO089/063eEOSS.org Balloon/A=056723!W97!",89.0,72.0,115.9,40.6924833333,-104.19245,43.13,69.4,,,,,,,,0.00026724,5.057e-05,19.0,5.79103448,low Re,0.08918,19.191083,0.004705,3.55342,0.079671,-0.053774,1.060298,17.795099,0.02717,5.849444,0.001434,1.083079,0.024284,-0.053929,1.059792,5.423967,
EOSS-297,K0SCC-14,2020-03-15 09:18:06.702,2020-03-15 09:17:43,57566.0,17546.12,872.1,2846.0,ascending,/151743h4041.83N/10410.61WO062/058eEOSS.org Balloon/A=057566!W50!,"K0SCC-14>APTT4,EOSSD,EOSSD,qAO,KB0TVJ-1:/151743h4041.83N/10410.61WO062/058eEOSS.org Balloon/A=057566!W50!",62.0,67.0,107.8,40.69725,-104.1768333333,44.01,70.82,,,,,,,,0.00026925,8.218e-05,14.53448276,4.43017241,low Re,-0.076992,19.149874,0.003976,3.564541,0.079686,-1.294807,-1.016088,17.720302,-0.023463,5.836884,0.001212,1.086468,0.024289,-1.294757,-1.015892,5.401169,
EOSS-297,K0SCC-14,2020-03-15 09:18:44.659,2020-03-15 09:18:41,58629.0,17870.12,1099.7,2904.0,ascending,/151841h4042.13N/10409.49WO060/064eEOSS.org Balloon/A=058629!W94!,"K0SCC-14>APTT4,EOSSD,EOSSD,qAO,W9CN-9:/151841h4042.13N/10409.49WO060/064eEOSS.org Balloon/A=058629!W94!",60.0,74.0,119.1,40.7023166667,-104.1582333333,45.04,72.49,,,,,,,,0.00032069,8.736e-05,18.32758621,5.5862069,low Re,0.065398,19.142661,0.004519,3.549569,0.07954,-0.229626,0.765388,17.669733,0.019932,5.834685,0.001377,1.081904,0.024244,-0.229667,0.765344,5.385754,
EOSS-297,K0SCC-14,2020-03-15 09:19:17.925,2020-03-15 09:19:10,59223.0,18051.17,1229.0,2933.0,ascending,/151910h4042.35N/10408.96WO060/051eEOSS.org Balloon/A=059223!W29!,"K0SCC-14>APTT4,EOSSD,EOSSD,qAO,N6BA-10:/151910h4042.35N/10408.96WO060/051eEOSS.org Balloon/A=059223!W29!",60.0,59.0,95.0,40.7058666667,-104.1494833333,45.56,73.31,,,,,,,,0.00030172,0.00012241,20.48275862,6.24310345,low Re,0.074316,19.154314,0.005132,3.536175,0.079457,0.375673,0.87071,17.673266,0.022652,5.838237,0.001564,1.077822,0.024219,0.375634,0.870721,5.38683,
EOSS-297,K0SCC-14,2020-03-15 09:19:51.723,2020-03-15 09:19:39,59971.0,18279.16,1547.6,2962.0,ascending,/151939h4042.57N/10408.37WO065/071eEOSS.org Balloon/A=059971!W23!,"K0SCC-14>APTT4,EOSSD,EOSSD,qAO,KB0TVJ-1:/151939h4042.57N/10408.37WO065/071eEOSS.org Balloon/A=059971!W23!",65.0,82.0,132.0,40.7095333333,-104.13955,46.13,74.24,,,,,,,,0.00034253,0.00012644,25.79310345,7.86172414,low Re,0.183115,19.211545,0.006679,3.574317,0.08083,1.841347,2.182803,17.71761,0.055815,5.855681,0.002036,1.089447,0.024637,1.841341,2.182855,5.400343,
EOSS-297,K0SCC-14,2020-03-15 09:20:25.754,2020-03-15 09:20:08,60575.0,18463.26,1249.7,2991.0,ascending,/152008h4042.75N/10407.69WO075/081eEOSS.org Balloon/A=060575!W83!,"K0SCC-14>APTT4,EOSSD,EOSSD,qAO,KB0TVJ-1:/152008h4042.75N/10407.69WO075/081eEOSS.org Balloon/A=060575!W83!",75.0,93.0,149.7,40.7126333333,-104.1282166667,46.76,75.26,,,,,,,,0.0003908,0.0001069,20.82758621,6.34827586,low Re,-0.171225,19.225357,0.005146,3.562012,0.082155,0.44981,-2.146808,17.788574,-0.052188,5.859891,0.001568,1.085697,0.025041,0.449835,-2.146719,5.42197,
EOSS-297,K0SCC-14,2020-03-15 09:20:59.561,2020-03-15 09:20:37,61097.0,18622.37,1080.0,3020.0,ascending,/152037h4042.89N/10406.97WO083/073eEOSS.org Balloon/A=061097!W26!,"K0SCC-14>APTT4,EOSSD,EOSSD,qAO,KB0TVJ-1:/152037h4042.89N/10406.97WO083/073eEOSS.org Balloon/A=061097!W26!",83.0,84.0,135.2,40.7148666667,-104.1162666667,47.4,76.29,,,,,,,,0.00041207,7.701e-05,18.0,5.48655172,low Re,-0.097503,19.214973,0.004268,3.54855,0.082349,-0.342386,-1.23585,17.875638,-0.029715,5.856727,0.001301,1.081593,0.0251,-0.34225,-1.235697,5.448506,
EOSS-297,K0SCC-14,2020-03-15 09:21:37.985,2020-03-15 09:21:35,61809.0,18839.38,736.6,3078.0,ascending,/152135h4043.08N/10405.60WO079/051eEOSS.org Balloon/A=061809!W26!,"K0SCC-14>APTT4,EOSSD,EOSSD,qAO,KB0TVJ-1:/152135h4043.08N/10405.60WO079/051eEOSS.org Balloon/A=061809!W26!",79.0,59.0,95.0,40.7180333333,-104.0934333333,48.6,78.21,,,,,,,,0.00039368,5.46e-05,12.27586207,3.74155172,low Re,-0.098692,19.156661,0.003396,3.590283,0.082542,-1.916506,-1.236801,18.031104,-0.030086,5.838952,0.001035,1.094316,0.025159,-1.916631,-1.236973,5.495886,
EOSS-297,K0SCC-14,2020-03-15 09:22:10.903,2020-03-15 09:22:04,62055.0,18914.36,509.0,3107.0,ascending,/152204h4043.19N/10404.96WO072/059eEOSS.org Balloon/A=062055!W36!,"K0SCC-14>APTT4,EOSSD,EOSSD,qAO,KB0TVJ-1:/152204h4043.19N/10404.96WO072/059eEOSS.org Balloon/A=062055!W36!",72.0,68.0,109.4,40.7198833333,-104.0827666667,49.17,79.13,,,,,,,,0.00036782,6.379e-05,8.48275862,2.58551724,low Re,-0.130797,19.067712,0.002268,3.705569,0.083107,-2.856499,-1.601129,18.093859,-0.039863,5.81184,0.000691,1.129456,0.025331,-2.856528,-1.600963,5.515012,
EOSS-297,K0SCC-14,2020-03-15 09:22:45.016,2020-03-15 09:22:33,62416.0,19024.4,746.9,3136.0,ascending,/152233h4043.29N/10404.35WO079/054eEOSS.org Balloon/A=062416!W14!,"K0SCC-14>APTT4,EOSSD,EOSSD,qAO,W9CN-9:/152233h4043.29N/10404.35WO079/054eEOSS.org Balloon/A=062416!W14!",79.0,62.0,99.8,40.7215166667,-104.0725666667,49.71,80.0,,,,,,,,0.00035172,5.632e-05,12.44827586,3.79448276,low Re,0.136742,19.013006,0.003389,3.738842,0.083663,-1.755819,1.59393,18.193376,0.041688,5.795168,0.001033,1.139594,0.025501,-1.755612,1.594251,5.545345,
EOSS-297,K0SCC-14,2020-03-15 09:23:18.580,2020-03-15 09:23:02,62898.0,19171.31,997.2,3165.0,ascending,/152302h4043.33N/10403.79WO084/055eEOSS.org Balloon/A=062898!W84!,"K0SCC-14>APTT4,EOSSD,EOSSD,qAO,KB0TVJ-1:/152302h4043.33N/10403.79WO084/055eEOSS.org Balloon/A=062898!W84!",84.0,63.0,101.4,40.7223,-104.0632333333,50.18,80.76,,,,,,,,0.00032184,2.701e-05,16.62068966,5.06586207,low Re,0.143876,18.993397,0.00455,3.729655,0.084287,-0.636173,1.652995,18.338069,0.043841,5.78919,0.001387,1.136794,0.025691,-0.636288,1.652485,5.589443,
EOSS-297,K0SCC-14,2020-03-15 09:23:51.521,2020-03-15 09:23:31,63394.0,19322.49,1026.2,3194.0,ascending,/152331h4043.37N/10403.17WO075/065eEOSS.org Balloon/A=063394!W89!,"K0SCC-14>APTT4,EOSSD,EOSSD,qAO,KB0TVJ-1:/152331h4043.37N/10403.17WO075/065eEOSS.org Balloon/A=063394!W89!",75.0,75.0,120.7,40.7229666667,-104.0529833333,50.71,81.6,,,,,,,,0.00035345,2.299e-05,17.10344828,5.21310345,low Re,0.016647,18.978031,0.004649,3.718245,0.083945,-0.504158,0.142927,18.497658,0.005077,5.784506,0.001417,1.133317,0.025586,-0.504186,0.143047,5.638083,
EOSS-297,K0SCC-14,2020-03-15 09:24:25.707,2020-03-15 09:24:00,64014.0,19511.47,1282.8,3223.0,ascending,/152400h4043.47N/10402.57WO076/072eEOSS.org Balloon/A=064014!W85!,"K0SCC-14>APTT4,EOSSD,EOSSD,qAO,KB0TVJ-1:/152400h4043.47N/10402.57WO076/072eEOSS.org Balloon/A=064014!W85!",76.0,83.0,133.6,40.7246333333,-104.0429166667,51.24,82.46,,,,,,,,0.00034713,5.747e-05,21.37931034,6.51655172,low Re,0.147444,18.997396,0.00581,3.709372,0.084586,0.642134,1.674438,18.705523,0.044946,5.79041,0.001771,1.130613,0.025782,0.642255,1.674618,5.701438,
EOSS-297,K0SCC-14,2020-03-15 09:24:31.868,2020-03-15 09:24:29,64657.0,19707.45,1330.3,3252.0,ascending,/152429h4043.60N/10401.97WO078/058eEOSS.org Balloon/A=064657!W41!,"K0SCC-14>APTT4,EOSSD,EOSSD,qAO,W9CN-9:/152429h4043.60N/10401.97WO078/058eEOSS.org Balloon/A=064657!W41!",78.0,67.0,107.8,40.7267333333,-104.03285,51.79,83.34,,,,,,,,0.00034713,7.241e-05,22.17241379,6.75793103,low Re,0.027348,19.022797,0.005984,3.705284,0.084263,0.850034,0.25354,18.920712,0.008323,5.79815,0.001824,1.129365,0.025684,0.849841,0.253037,5.767023,
EOSS-297,K0SCC-14,2020-03-15 09:25:05.420,2020-03-15 09:24:58,65248.0,19887.59,1222.8,3281.0,ascending,/152458h4043.70N/10401.39WO094/054eEOSS.org Balloon/A=065248!W67!,"K0SCC-14>APTT4,EOSSD,EOSSD,qAO,KB0TVJ-1:/152458h4043.70N/10401.39WO094/054eEOSS.org Balloon/A=065248!W67!",94.0,62.0,99.8,40.7284333333,-104.0232833333,52.3,84.16,,,,,,,,0.00032989,5.862e-05,20.37931034,6.21172414,low Re,-0.061831,19.033563,0.005441,3.692411,0.084142,0.364463,-0.799506,19.107463,-0.018835,5.801433,0.001658,1.125442,0.025646,0.36456,-0.799072,5.823944,
EOSS-297,K0SCC-14,2020-03-15 09:26:47.024,2020-03-15 09:26:25,66734.0,20340.52,1024.8,3368.0,ascending,/152625h4043.89N/10359.47WO090/073eEOSS.org Balloon/A=066734!W18!,"K0SCC-14>APTT4,EOSSD,EOSSD,qAO,KB0TVJ-1:/152625h4043.89N/10359.47WO090/073eEOSS.org Balloon/A=066734!W18!",90.0,84.0,135.2,40.7315166667,-103.9913,53.95,86.82,,,,,,,,0.00036762,3.544e-05,17.08045977,5.20609195,low Re,-0.037918,19.018184,0.005097,3.68181,0.083894,-0.526297,-0.51273,19.459622,-0.011559,5.796745,0.001553,1.122211,0.025571,-0.52633,-0.512768,5.931279,
EOSS-297,K0SCC-14,2020-03-15 09:27:26.981,2020-03-15 09:27:23,67463.0,20562.72,754.1,3426.0,ascending,/152723h4043.90N/10357.99WO085/057eEOSS.org Balloon/A=067463!W68!,"K0SCC-14>APTT4,EOSSD,EOSSD,qAO,N6BA-10:/152723h4043.90N/10357.99WO085/057eEOSS.org Balloon/A=067463!W68!",85.0,66.0,106.2,40.7317666667,-103.9666333333,55.17,88.8,,,,,,,,0.00042529,4.31e-06,12.56896552,3.83103448,low Re,-0.077784,18.967799,0.004444,3.711325,0.083883,-1.724137,-0.98027,19.533588,-0.023708,5.781388,0.001354,1.131207,0.025568,-1.724135,-0.98021,5.953825,
EOSS-297,K0SCC-14,2020-03-15 09:28:00.919,2020-03-15 09:27:52,68161.0,20775.47,1444.1,3455.0,ascending,/152752h4043.92N/10357.33WO081/059eEOSS.org Balloon/A=068161!W08!,"K0SCC-14>APTT4,EOSSD,EOSSD,qAO,W9CN-9:/152752h4043.92N/10357.33WO081/059eEOSS.org Balloon/A=068161!W08!",81.0,68.0,109.4,40.732,-103.9556333333,55.73,89.68,,,,,,,,0.00037931,8.05e-06,24.06896552,7.3362069,low Re,0.396552,19.007343,0.007508,3.723982,0.090455,1.359196,4.300967,19.522378,0.120868,5.793441,0.002288,1.135065,0.027571,1.359187,4.300896,5.950411,
EOSS-297,K0SCC-14,2020-03-15 09:28:34.539,2020-03-15 09:28:21,68870.0,20991.58,1466.9,3484.0,ascending,/152821h4043.82N/10356.68WO088/059eEOSS.org Balloon/A=068870!W47!,"K0SCC-14>APTT4,EOSSD,EOSSD,qAO,W9CN-9:/152821h4043.82N/10356.68WO088/059eEOSS.org Balloon/A=068870!W47!",88.0,68.0,109.4,40.7304,-103.9447833333,56.23,90.49,,,,,,,,0.00037414,-5.517e-05,24.44827586,7.45206897,low Re,0.01308,19.049197,0.007551,3.740088,0.090102,1.44357,0.061364,19.417351,0.003995,5.806199,0.002301,1.139977,0.027463,1.443775,0.061683,5.918401,
EOSS-297,K0SCC-14,2020-03-15 09:29:07.962,2020-03-15 09:28:50,69563.0,21202.8,1433.8,3513.0,ascending,/152850h4043.76N/10355.99WO092/052eEOSS.org Balloon/A=069563!W44!,"K0SCC-14>APTT4,EOSSD,EOSSD,qAO,N6BA-10:/152850h4043.76N/10355.99WO092/052eEOSS.org Balloon/A=069563!W44!",92.0,60.0,96.6,40.7294,-103.9332333333,56.78,91.39,,,,,,,,0.00039828,-3.448e-05,23.89655172,7.28344828,low Re,-0.019025,19.086199,0.007346,3.74967,0.089783,1.282874,-0.293719,19.21683,-0.005815,5.817476,0.002239,1.142895,0.027366,1.282683,-0.294307,5.857287,
EOSS-297,K0SCC-14,2020-03-15 09:30:21.781,2020-03-15 09:30:17,71846.0,21898.66,1574.5,3600.0,ascending,/153017h4043.71N/10353.83WO103/055eEOSS.org Balloon/A=071846!W67!,"K0SCC-14>APTT4,EOSSD,EOSSD,qAO,KB0TVJ-1:/153017h4043.71N/10353.83WO103/055eEOSS.org Balloon/A=071846!W67!",103.0,63.0,101.4,40.7286,-103.8972833333,58.56,94.25,,,,,,,,0.00041322,-9.2e-06,26.24137931,7.9983908,low Re,0.026952,19.140405,0.007496,3.786892,0.089453,1.875146,0.2175,17.895666,0.008218,5.833998,0.002285,1.15424,0.027265,1.875167,0.217605,5.454611,
EOSS-297,K0SCC-14,2020-03-15 09:30:55.541,2020-03-15 09:30:46,72394.0,22065.69,1133.8,3629.0,ascending,/153046h4043.66N/10353.12WO104/076eEOSS.org Balloon/A=072394!W42!,"K0SCC-14>APTT4,EOSSD,EOSSD,qAO,KB0TVJ-1:/153046h4043.66N/10353.12WO104/076eEOSS.org Balloon/A=072394!W42!",104.0,87.0,140.0,40.7277333333,-103.8853666667,59.14,95.18,,,,,,,,0.00041092,-2.989e-05,18.89655172,5.75965517,low Re,-0.25327,19.138572,0.005521,3.772579,0.091956,-0.064152,-2.814292,17.457693,-0.077198,5.833439,0.001682,1.149878,0.028028,-0.064167,-2.814329,5.32112,
EOSS-297,K0SCC-14,2020-03-15 09:31:29.521,2020-03-15 09:31:15,72726.0,22166.88,686.9,3658.0,ascending,/153115h4043.68N/10352.44WO085/076eEOSS.org Balloon/A=072726!W23!,"K0SCC-14>APTT4,EOSSD,EOSSD,qAO,KB0TVJ-1:/153115h4043.68N/10352.44WO085/076eEOSS.org Balloon/A=072726!W23!",85.0,87.0,140.0,40.7280333333,-103.87405,59.71,96.1,,,,,,,,0.00039023,1.034e-05,11.44827586,3.48931034,low Re,-0.256837,19.081181,0.003548,3.816634,0.09439,-1.999905,-2.758608,17.17846,-0.078288,5.815946,0.001081,1.163308,0.02877,-2.000017,-2.758742,5.236014,
EOSS-297,K0SCC-14,2020-03-15 09:32:03.441,2020-03-15 09:31:44,72978.0,22243.69,521.4,3687.0,ascending,/153144h4043.71N/10351.75WO085/070eEOSS.org Balloon/A=072978!W91!,"K0SCC-14>APTT4,EOSSD,EOSSD,qAO,KB0TVJ-1:/153144h4043.71N/10351.75WO085/070eEOSS.org Balloon/A=072978!W91!",85.0,81.0,130.4,40.72865,-103.8625166667,60.3,97.05,,,,,,,,0.0003977,2.126e-05,8.68965517,2.64862069,low Re,-0.095125,19.004207,0.002812,3.906132,0.09442,-2.640605,-1.037248,16.961655,-0.028989,5.792484,0.000857,1.190587,0.028779,-2.640599,-1.037076,5.169932,
EOSS-297,K0SCC-14,2020-03-15 09:33:15.972,2020-03-15 09:33:11,74189.0,22612.81,835.2,3774.0,ascending,/153311h4043.69N/10349.41WO098/068eEOSS.org Balloon/A=074189!W04!,"K0SCC-14>APTT4,EOSSD,EOSSD,qAO,KB0TVJ-1:/153311h4043.69N/10349.41WO098/068eEOSS.org Balloon/A=074189!W04!",98.0,78.0,125.5,40.7281666667,-103.8235666667,62.25,100.18,,,,,,,,0.0004477,-5.56e-06,13.91954023,4.24275862,low Re,0.060114,18.96682,0.003236,3.915986,0.094196,-1.288891,0.603826,15.907241,0.018323,5.781089,0.000986,1.193589,0.028711,-1.288828,0.603845,4.848541,
EOSS-297,K0SCC-14,2020-03-15 09:34:24.542,2020-03-15 09:34:09,75367.0,22971.86,1218.6,3832.0,ascending,/153409h4043.53N/10348.00WO106/066eEOSS.org Balloon/A=075367!W37!,"K0SCC-14>APTT4,EOSSD,EOSSD,qAO,KB0TVJ-1:/153409h4043.53N/10348.00WO106/066eEOSS.org Balloon/A=075367!W37!",106.0,76.0,122.3,40.72555,-103.8001166667,63.38,102.0,,,,,,,,0.00040431,-4.511e-05,20.31034483,6.19051724,low Re,0.110186,18.976627,0.004022,3.90325,0.094293,0.341694,1.125895,14.976559,0.033582,5.784077,0.001226,1.189707,0.028741,0.341631,1.125779,4.564869,
EOSS-297,K0SCC-14,2020-03-15 09:34:58.824,2020-03-15 09:34:38,75899.0,23134.02,1100.7,3861.0,ascending,/153438h4043.42N/10347.35WO110/060eEOSS.org Balloon/A=075899!W40!,"K0SCC-14>APTT4,EOSSD,EOSSD,qAO,KB0TVJ-1:/153438h4043.42N/10347.35WO110/060eEOSS.org Balloon/A=075899!W40!",110.0,69.0,111.0,40.7237333333,-103.7891666667,63.9,102.84,,,,,,,,0.00037759,-6.264e-05,18.34482759,5.59172414,low Re,-0.067776,18.972048,0.003498,3.889351,0.094146,-0.161266,-0.757058,14.627486,-0.020648,5.782684,0.001066,1.185471,0.028696,-0.161084,-0.756691,4.458463,
EOSS-297,K0SCC-14,2020-03-15 09:35:39.586,2020-03-15 09:35:36,76876.0,23431.8,1010.7,3919.0,ascending,/153536h4043.12N/10346.18WO099/060eEOSS.org Balloon/A=076876!W12!,"K0SCC-14>APTT4,EOSSD,EOSSD,qAO,KB0TVJ-1:/153536h4043.12N/10346.18WO099/060eEOSS.org Balloon/A=076876!W12!",99.0,69.0,111.0,40.7186833333,-103.7697,64.79,104.28,,,,,,,,0.00033563,-8.707e-05,16.84482759,5.13413793,low Re,-0.025862,18.956745,0.003286,3.879431,0.093835,-0.544388,-0.31063,14.152669,-0.007889,5.778018,0.001001,1.182448,0.028601,-0.544531,-0.310828,4.313736,
EOSS-297,K0SCC-14,2020-03-15 09:36:14.835,2020-03-15 09:36:05,77116.0,23504.96,496.6,3948.0,ascending,/153605h4043.02N/10345.48WO092/066eEOSS.org Balloon/A=077116!W45!,"K0SCC-14>APTT4,EOSSD,EOSSD,qAO,KB0TVJ-1:/153605h4043.02N/10345.48WO092/066eEOSS.org Balloon/A=077116!W45!",92.0,76.0,122.3,40.7170666667,-103.7580833333,65.35,105.18,,,,,,,,0.00040057,-5.575e-05,8.27586207,2.52275862,low Re,-0.295482,18.880453,0.001136,3.969456,0.096868,-2.671548,-3.062084,14.073722,-0.090048,5.754766,0.000346,1.209882,0.029525,-2.671341,-3.061609,4.289668,
EOSS-297,K0SCC-14,2020-03-15 09:36:49.749,2020-03-15 09:36:34,77277.0,23554.03,333.1,3977.0,ascending,/153634h4042.95N/10344.75WO088/068eEOSS.org Balloon/A=077277!W35!,"K0SCC-14>APTT4,EOSSD,EOSSD,qAO,KB0TVJ-1:/153634h4042.95N/10344.75WO088/068eEOSS.org Balloon/A=077277!W35!",88.0,78.0,125.5,40.7158833333,-103.7459166667,65.95,106.14,,,,,,,,0.00041954,-4.08e-05,5.55172414,1.69206897,low Re,-0.093936,18.785923,0.000457,4.111447,0.096853,-3.218866,-0.974601,14.029649,-0.028644,5.725952,0.000139,1.253164,0.029521,-3.218959,-0.975001,4.276234,
EOSS-297,K0SCC-14,2020-03-15 09:37:24.640,2020-03-15 09:37:03,77588.0,23648.82,643.4,4006.0,ascending,/153703h4042.89N/10344.03WO103/076eEOSS.org Balloon/A=077588!W96!,"K0SCC-14>APTT4,EOSSD,EOSSD,qAO,KB0TVJ-1:/153703h4042.89N/10344.03WO103/076eEOSS.org Balloon/A=077588!W96!",103.0,87.0,140.0,40.7149833333,-103.7339333333,66.54,107.09,,,,,,,,0.00041322,-3.103e-05,10.72413793,3.26862069,low Re,0.178359,18.729149,0.001719,4.152325,0.097662,-1.927838,1.808687,13.965046,0.054364,5.708647,0.000524,1.265625,0.029767,-1.927922,1.808714,4.25654,
EOSS-297,K0SCC-14,2020-03-15 09:38:05.461,2020-03-15 09:38:01,78563.0,23946.0,1008.6,4064.0,ascending,/153801h4042.71N/10342.89WO103/042eEOSS.org Balloon/A=078563!W82!,"K0SCC-14>APTT4,EOSSD,EOSSD,qAO,KB0TVJ-1:/153801h4042.71N/10342.89WO103/042eEOSS.org Balloon/A=078563!W82!",103.0,48.0,77.2,40.7119666667,-103.7148666667,67.46,108.57,,,,,,,,0.00032874,-5.201e-05,16.81034483,5.1237931,low Re,0.104935,18.715731,0.002446,4.140789,0.0977,-0.460151,1.049017,13.937359,0.031986,5.704557,0.000745,1.262108,0.029779,-0.460154,1.049095,4.248094,
EOSS-297,K0SCC-14,2020-03-15 09:38:41.119,2020-03-15 09:38:30,79016.0,24084.08,937.2,4093.0,ascending,/153830h4042.65N/10342.43WO097/041eEOSS.org Balloon/A=079016!W44!,"K0SCC-14>APTT4,EOSSD,EOSSD,qAO,KB0TVJ-1:/153830h4042.65N/10342.43WO097/041eEOSS.org Balloon/A=079016!W44!",97.0,47.0,75.6,40.7109,-103.7072333333,67.83,109.17,,,,,,,,0.00026322,-3.678e-05,15.62068966,4.76137931,low Re,-0.041023,18.694238,0.002142,4.134338,0.097423,-0.74342,-0.443068,14.009978,-0.012497,5.698008,0.000653,1.260141,0.029694,-0.743273,-0.44285,4.270228,
EOSS-297,K0SCC-14,2020-03-15 09:39:16.238,2020-03-15 09:38:59,79501.0,24231.9,1003.4,4122.0,ascending,/153859h4042.60N/10341.98WO096/047eEOSS.org Balloon/A=079501!W91!,"K0SCC-14>APTT4,EOSSD,EOSSD,qAO,KB0TVJ-1:/153859h4042.60N/10341.98WO096/047eEOSS.org Balloon/A=079501!W91!",96.0,54.0,86.9,40.71015,-103.6996833333,68.21,109.77,,,,,,,,0.00026034,-2.586e-05,16.72413793,5.09724138,low Re,0.03805,18.680651,0.002391,4.123205,0.097128,-0.474513,0.367134,14.140483,0.011581,5.693864,0.000729,1.256749,0.029604,-0.474735,0.366572,4.310004,
EOSS-297,K0SCC-14,2020-03-15 09:39:50.928,2020-03-15 09:39:28,80003.0,24384.91,1038.6,4151.0,ascending,/153928h4042.56N/10341.57WO095/042eEOSS.org Balloon/A=080003!W42!,"K0SCC-14>APTT4,EOSSD,EOSSD,qAO,KB0TVJ-1:/153928h4042.56N/10341.57WO095/042eEOSS.org Balloon/A=080003!W42!",95.0,48.0,77.2,40.7094,-103.6928666667,68.54,110.3,,,,,,,,0.00023506,-2.586e-05,17.31034483,5.2762069,low Re,0.020214,18.671265,0.002514,4.110527,0.096802,-0.331082,0.182847,14.324411,0.006171,5.691004,0.000766,1.252885,0.029505,-0.331074,0.183189,4.366068,
EOSS-297,K0SCC-14,2020-03-15 09:40:33.245,2020-03-15 09:40:26,81044.0,24702.21,1076.9,4209.0,ascending,/154026h4042.52N/10340.78WO092/042eEOSS.org Balloon/A=081044!W57!,"K0SCC-14>APTT4,EOSSD,EOSSD,qAO,KB0TVJ-1:/154026h4042.52N/10340.78WO092/042eEOSS.org Balloon/A=081044!W57!",92.0,48.0,77.2,40.70875,-103.6797833333,69.2,111.36,,,,,,,,0.00022557,-1.121e-05,17.94827586,5.47068966,low Re,0.010999,18.666347,0.002572,4.09686,0.09647,-0.175274,0.087354,14.821875,0.003353,5.689505,0.000784,1.248719,0.029404,-0.175232,0.087369,4.517711,
EOSS-297,K0SCC-14,2020-03-15 09:41:08.673,2020-03-15 09:40:55,81490.0,24838.15,922.8,4238.0,ascending,/154055h4042.51N/10340.37WO095/040eEOSS.org Balloon/A=081490!W60!,"K0SCC-14>APTT4,EOSSD,EOSSD,qAO,KB0TVJ-1:/154055h4042.51N/10340.37WO095/040eEOSS.org Balloon/A=081490!W60!",95.0,46.0,74.0,40.7086,-103.6728333333,69.55,111.93,,,,,,,,0.00023966,-5.17e-06,15.37931034,4.68758621,low Re,-0.088585,18.644137,0.001952,4.091831,0.096432,-0.797889,-0.938869,15.069904,-0.027004,5.682735,0.000595,1.247186,0.029392,-0.797915,-0.938997,4.59332,
EOSS-297,K0SCC-14,2020-03-15 09:41:43.778,2020-03-15 09:41:24,81933.0,24973.18,916.6,4267.0,ascending,/154124h4042.50N/10339.90WO090/041eEOSS.org Balloon/A=081933!W25!,"K0SCC-14>APTT4,EOSSD,EOSSD,qAO,KB0TVJ-1:/154124h4042.50N/10339.90WO090/041eEOSS.org Balloon/A=081933!W25!",90.0,47.0,75.6,40.7083666667,-103.6650833333,69.94,112.56,,,,,,,,0.00026724,-8.05e-06,15.27586207,4.6562069,low Re,-0.003567,18.621532,0.001915,4.087309,0.096105,-0.818551,-0.057042,15.336232,-0.001082,5.675846,0.000584,1.245807,0.029293,-0.818457,-0.056874,4.67451,
EOSS-297,K0SCC-14,2020-03-15 09:42:25.459,2020-03-15 09:42:22,82638.0,25188.06,729.3,4325.0,ascending,/154222h4042.46N/10338.80WO089/056eEOSS.org Balloon/A=082638!W59!,"K0SCC-14>APTT4,EOSSD,EOSSD,qAO,KB0TVJ-1:/154222h4042.46N/10338.80WO089/056eEOSS.org Balloon/A=082638!W59!",89.0,64.0,103.0,40.70775,-103.6468166667,70.86,114.04,,,,,,,,0.00031494,-1.063e-05,12.15517241,3.70482759,low Re,-0.053805,18.578422,0.001541,4.107644,0.095888,-1.563731,-0.577194,15.824733,-0.016403,5.662706,0.00047,1.252006,0.029227,-1.563793,-0.577309,4.823421,
EOSS-297,K0SCC-14,2020-03-15 09:42:59.723,2020-03-15 09:42:51,82980.0,25292.3,707.6,4354.0,ascending,/154251h4042.50N/10338.16WO087/061eEOSS.org Balloon/A=082980!W63!,"K0SCC-14>APTT4,EOSSD,EOSSD,qAO,KB0TVJ-1:/154251h4042.50N/10338.16WO087/061eEOSS.org Balloon/A=082980!W63!",87.0,70.0,112.7,40.7084333333,-103.63605,71.42,114.94,,,,,,,,0.00037126,2.356e-05,11.79310345,3.59448276,low Re,-0.012485,18.533487,0.001447,4.130999,0.095573,-1.631659,-0.145773,16.112538,-0.003805,5.649009,0.000441,1.259126,0.02913,-1.631708,-0.14576,4.911149,
EOSS-297,K0SCC-14,2020-03-15 09:43:35.777,2020-03-15 09:43:20,83498.0,25450.19,1071.7,4383.0,ascending,/154320h4042.59N/10337.48WO079/067eEOSS.org Balloon/A=083498!W96!,"K0SCC-14>APTT4,EOSSD,EOSSD,qAO,N6BA-10:/154320h4042.59N/10337.48WO079/067eEOSS.org Balloon/A=083498!W96!",79.0,77.0,123.9,40.7099833333,-103.6247666667,72.02,115.91,,,,,,,,0.00038908,5.345e-05,17.86206897,5.44448276,low Re,0.209275,18.529069,0.002824,4.117658,0.096744,-0.161985,2.133993,16.664824,0.063793,5.647663,0.000861,1.255059,0.029487,-0.161889,2.134229,5.079496,
EOSS-297,K0SCC-14,2020-03-15 09:44:10.934,2020-03-15 09:43:49,84072.0,25625.15,1187.6,4412.0,ascending,/154349h4042.74N/10336.75WO076/066eEOSS.org Balloon/A=084072!W23!,"K0SCC-14>APTT4,EOSSD,EOSSD,qAO,KB0TVJ-1:/154349h4042.74N/10336.75WO076/066eEOSS.org Balloon/A=084072!W23!",76.0,76.0,122.3,40.7123666667,-103.61255,72.68,116.97,,,,,,,,0.00042126,8.218e-05,19.79310345,6.03310345,low Re,0.066587,18.537331,0.003243,4.105363,0.096561,0.305886,0.656,17.555235,0.020297,5.650182,0.000988,1.251312,0.029432,0.306016,0.656055,5.350895,
EOSS-297,K0SCC-14,2020-03-15 09:44:52.636,2020-03-15 09:44:47,85332.0,26009.19,1303.4,4470.0,ascending,/154447h4042.93N/10335.21WO088/068eEOSS.org Balloon/A=085332!W92!,"K0SCC-14>APTT4,EOSSD,EOSSD,qAO,KB0TVJ-1:/154447h4042.93N/10335.21WO088/068eEOSS.org Balloon/A=085332!W92!",88.0,78.0,125.5,40.71565,-103.5868666667,74.04,119.16,,,,,,,,0.00044282,5.661e-05,21.72413793,6.62137931,low Re,0.033294,18.558025,0.003439,4.099975,0.096274,0.772227,0.310104,21.753608,0.010143,5.656489,0.001048,1.249669,0.029344,0.772117,0.309944,6.630406,
EOSS-297,K0SCC-14,2020-03-15 09:45:26.813,2020-03-15 09:45:16,84689.0,25813.21,-1330.3,0.0,descending,/154516h4042.88N/10334.50WO078/089eEOSS.org Balloon/A=084689!W90!,"K0SCC-14>APTT4,EOSSD,EOSSD,qAO,W9CN-9:/154516h4042.88N/10334.50WO078/089eEOSS.org Balloon/A=084689!W90!",78.0,102.0,164.2,40.7148166667,-103.575,74.64,120.12,,,,,,,,0.0004092,-2.874e-05,-22.17241379,-6.75793103,n/a,,-22.172414,,,,,,-22.187358,,-6.757931,,,,,,-6.762484,
EOSS-297,K0SCC-14,2020-03-15 09:46:01.873,2020-03-15 09:45:45,81743.0,24915.27,-6095.2,29.0,descending,/154545h4043.01N/10333.85WO089/068eEOSS.org Balloon/A=081743!W18!,"K0SCC-14>APTT4,EOSSD,EOSSD,qAO,N6BA-10:/154545h4043.01N/10333.85WO089/068eEOSS.org Balloon/A=081743!W18!",89.0,78.0,125.5,40.71685,-103.5643,75.21,121.05,,,,,,,,0.00036897,7.011e-05,-101.5862069,-30.96344828,n/a,-2.738407,-61.87931,-2.738407,56.154032,,-0.707107,,-101.322496,-0.834673,-18.86069,-0.834673,17.115885,,-0.707107,,-30.883083,
EOSS-297,K0SCC-14,2020-03-15 09:46:36.632,2020-03-15 09:46:14,79121.0,24116.08,-5424.8,58.0,descending,/154614h4042.91N/10333.40WO119/064eEOSS.org Balloon/A=079121!W26!,"K0SCC-14>APTT4,EOSSD,EOSSD,qAR,W0ARP:/154614h4042.91N/10333.40WO119/064eEOSS.org Balloon/A=079121!W26!",119.0,74.0,119.1,40.7152,-103.5567666667,75.57,121.63,,,,,,,,0.00025977,-5.69e-05,-90.4137931,-27.55827586,n/a,0.385256,-71.390805,-1.176576,42.988873,2.208763,-0.44251,0.707107,-91.32858,0.11742,-21.759885,-0.358626,13.103159,0.673231,-0.442519,0.707106,-27.837077,
EOSS-297,K0SCC-14,2020-03-15 09:47:19.036,2020-03-15 09:47:12,74356.0,22663.71,-4929.3,116.0,descending,/154712h4042.69N/10332.16WO117/070eEOSS.org Balloon/A=074356!W41!,"K0SCC-14>APTT4,EOSSD,EOSSD,qAO,KB0TVJ-1:/154712h4042.69N/10332.16WO117/070eEOSS.org Balloon/A=074356!W41!",117.0,81.0,130.4,40.7115666667,-103.5360166667,76.58,123.25,,,,,,,,0.00035776,-6.264e-05,-82.15517241,-25.04086207,n/a,0.14239,-74.081897,-0.73692,35.510515,1.737587,-0.227349,0.506052,-78.37444,0.043404,-22.580129,-0.224616,10.823726,0.529619,-0.227346,0.506062,-23.888559,
EOSS-297,K0SCC-14,2020-03-15 09:47:52.930,2020-03-15 09:47:41,72217.0,22011.74,-4425.5,145.0,descending,/154741h4042.62N/10331.48WO108/049eEOSS.org Balloon/A=072217!W22!,"K0SCC-14>APTT4,EOSSD,EOSSD,qAO,KB0TVJ-1:/154741h4042.62N/10331.48WO108/049eEOSS.org Balloon/A=072217!W22!",108.0,56.0,90.1,40.7103666667,-103.5247,77.15,124.16,,,,,,,,0.00039023,-4.138e-05,-73.75862069,-22.48172414,n/a,0.289536,-74.017241,-0.480306,30.753348,1.508711,0.00841,0.510265,-76.682529,0.088246,-22.560448,-0.146401,9.373725,0.459857,0.008398,0.510261,-23.372835,
EOSS-297,K0SCC-14,2020-03-15 09:48:28.052,2020-03-15 09:48:10,70150.0,21381.72,-4276.6,174.0,descending,/154810h4042.57N/10330.87WO073/078eEOSS.org Balloon/A=070150!W61!,"K0SCC-14>APTT4,EOSSD,EOSSD,qAO,KB0TVJ-1:/154810h4042.57N/10330.87WO073/078eEOSS.org Balloon/A=070150!W61!",73.0,90.0,144.8,40.7096,-103.5145166667,77.66,124.98,,,,,,,,0.00035115,-2.644e-05,-71.27586207,-21.72482759,n/a,0.085612,-73.560345,-0.367123,27.529389,1.330868,0.082983,0.34018,-74.001594,0.0261,-22.421178,-0.111901,8.391052,0.405651,0.082987,0.340196,-22.555694,
EOSS-297,K0SCC-14,2020-03-15 09:49:44.714,2020-03-15 09:49:37,64152.0,19553.53,-4136.6,261.0,descending,/154937h4042.57N/10328.88WO087/043eEOSS.org Balloon/A=064152!W75!,"K0SCC-14>APTT4,EOSSD,EOSSD,qAO,KB0TVJ-1:/154937h4042.57N/10328.88WO087/043eEOSS.org Balloon/A=064152!W75!",87.0,49.0,78.9,40.7096166667,-103.4814166667,79.36,127.71,,,,,,,,0.00038046,1.9e-07,-68.94252874,-21.01367816,n/a,0.02682,-72.900657,-0.301466,25.191316,1.20118,0.157123,0.273303,-60.586489,0.008174,-22.220107,-0.091888,7.678399,0.366122,0.15712,0.273302,-18.466787,
EOSS-297,K0SCC-14,2020-03-15 09:50:18.688,2020-03-15 09:50:06,62505.0,19051.52,-3407.6,290.0,descending,/155006h4042.64N/10328.21WO084/082eEOSS.org Balloon/A=062505!W56!,"K0SCC-14>APTT4,EOSSD,EOSSD,qAO,KB0TVJ-1:/155006h4042.64N/10328.21WO084/082eEOSS.org Balloon/A=062505!W56!",84.0,94.0,151.3,40.71075,-103.4702666667,79.94,128.66,,,,,,,,0.00038448,3.908e-05,-56.79310345,-17.31068966,n/a,0.418946,-70.887213,-0.19855,24.007844,1.129824,0.587063,0.546542,-57.268818,0.127689,-21.60643,-0.06052,7.317654,0.344372,0.587038,0.546528,-17.455535,
EOSS-297,K0SCC-14,2020-03-15 09:50:54.115,2020-03-15 09:50:35,60953.0,18578.47,-3211.0,319.0,descending,/155035h4042.69N/10327.55WO093/090eEOSS.org Balloon/A=060953!W70!,"K0SCC-14>APTT4,EOSSD,EOSSD,qAO,W9CN-9:/155035h4042.69N/10327.55WO093/090eEOSS.org Balloon/A=060953!W70!",93.0,104.0,167.4,40.7116166667,-103.4591666667,80.52,129.59,,,,,,,,0.00038276,2.989e-05,-53.51724138,-16.31206897,n/a,0.112961,-68.957216,-0.159611,23.191668,1.051796,0.665755,0.259149,-54.714515,0.034435,-21.018167,-0.048651,7.068877,0.320589,0.665749,0.259167,-16.676964,
EOSS-297,K0SCC-14,2020-03-15 09:51:28.702,2020-03-15 09:51:04,59591.0,18163.34,-2817.9,348.0,descending,/155104h4042.82N/10326.79WO053/071eEOSS.org Balloon/A=059591!W96!,"K0SCC-14>APTT4,EOSSD,EOSSD,qAO,KB0TVJ-1:/155104h4042.82N/10326.79WO053/071eEOSS.org Balloon/A=059591!W96!",53.0,82.0,132.0,40.7138166667,-103.4466,81.2,130.68,,,,,,,,0.00043333,7.586e-05,-46.96551724,-14.31482759,n/a,0.225922,-66.758046,-0.116774,22.944617,0.992222,0.862622,0.345382,-52.898122,0.06887,-20.347833,-0.035593,6.993596,0.302431,0.862647,0.345411,-16.123321,
EOSS-297,K0SCC-14,2020-03-15 09:52:09.842,2020-03-15 09:52:02,56930.0,17352.26,-2752.8,406.0,descending,/155202h4043.15N/10325.69WO060/042eEOSS.org Balloon/A=056930!W85!,"K0SCC-14>APTT4,EOSSD,EOSSD,qAO,KB0TVJ-1:/155202h4043.15N/10325.69WO060/042eEOSS.org Balloon/A=056930!W85!",60.0,48.0,77.2,40.7193,-103.42825,82.22,132.31,,,,,,,,0.00031638,9.454e-05,-45.87931034,-13.98413793,n/a,0.018728,-64.859979,-0.103224,22.659196,0.936457,0.837659,0.130227,-50.087159,0.005702,-19.769316,-0.031463,6.906581,0.285434,0.837633,0.130205,-15.266512,
EOSS-297,K0SCC-14,2020-03-15 09:52:44.065,2020-03-15 09:52:31,55535.0,16927.07,-2886.2,435.0,descending,/155231h4043.21N/10325.16WO065/053eEOSS.org Balloon/A=055535!W06!,"K0SCC-14>APTT4,EOSSD,EOSSD,qAO,W9CN-9:/155231h4043.21N/10325.16WO065/053eEOSS.org Balloon/A=055535!W06!",65.0,61.0,98.2,40.7201666667,-103.4194333333,82.68,133.06,,,,,,,,0.00030402,2.989e-05,-48.10344828,-14.66172414,n/a,-0.076694,-63.463602,-0.100812,22.139587,0.888437,0.693787,0.027147,-48.741655,-0.023365,-19.343683,-0.030727,6.748213,0.270797,0.693807,0.027186,-14.856408,
EOSS-297,K0SCC-14,2020-03-15 09:53:19.754,2020-03-15 09:53:00,54062.0,16478.1,-3047.6,464.0,descending,/155300h4043.19N/10324.58WO083/077eEOSS.org Balloon/A=054062!W48!,"K0SCC-14>APTT4,EOSSD,EOSSD,qAO,KB0TVJ-1:/155300h4043.19N/10324.58WO083/077eEOSS.org Balloon/A=054062!W48!",83.0,89.0,143.2,40.7199,-103.4098,83.17,133.85,,,,,,,,0.00033218,-9.2e-06,-50.79310345,-15.48172414,n/a,-0.092747,-62.488948,-0.10014,21.486365,0.847095,0.544338,0.008727,-47.243447,-0.028276,-19.046609,-0.030523,6.549107,0.258196,0.544331,0.008703,-14.399761,
EOSS-297,K0SCC-14,2020-03-15 09:53:54.722,2020-03-15 09:53:29,52618.0,16037.97,-2987.6,493.0,descending,/155329h4043.29N/10324.00WO092/063eEOSS.org Balloon/A=052618!W76!,"K0SCC-14>APTT4,EOSSD,EOSSD,qAO,KB0TVJ-1:/155329h4043.29N/10324.00WO092/063eEOSS.org Balloon/A=052618!W76!",92.0,72.0,115.9,40.7216166667,-103.4001,83.69,134.69,,,,,,,,0.00033448,5.92e-05,-49.79310345,-15.17689655,n/a,0.034483,-61.582102,-0.089784,20.920431,0.811891,0.563516,0.153059,-45.618117,0.010511,-18.770201,-0.027366,6.376608,0.247466,0.563513,0.153059,-13.904373,
EOSS-297,K0SCC-14,2020-03-15 09:54:00.995,2020-03-15 09:53:58,51250.0,15621.0,-2830.3,522.0,descending,/155358h4043.45N/10323.41WO057/055eEOSS.org Balloon/A=051250!W06!,"K0SCC-14>APTT4,EOSSD,EOSSD,qAO,KB0TVJ-1:/155358h4043.45N/10323.41WO057/055eEOSS.org Balloon/A=051250!W06!",57.0,63.0,101.4,40.7241666667,-103.3902666667,84.23,135.56,,,,,,,,0.00033908,8.793e-05,-47.17241379,-14.37827586,n/a,0.090369,-60.621456,-0.076916,20.499886,0.781524,0.656054,0.21405,-43.914701,0.027539,-18.477406,-0.023445,6.248415,0.23821,0.656027,0.21403,-13.385181,
EOSS-297,K0SCC-14,2020-03-15 09:54:35.677,2020-03-15 09:54:27,50016.0,15244.88,-2553.1,551.0,descending,/155427h4043.51N/10322.83WO080/053eEOSS.org Balloon/A=050016!W20!,"K0SCC-14>APTT4,EOSSD,EOSSD,qAO,KB0TVJ-1:/155427h4043.51N/10322.83WO080/053eEOSS.org Balloon/A=050016!W20!",80.0,61.0,98.2,40.7252,-103.3805,84.75,136.38,,,,,,,,0.00033678,3.563e-05,-42.55172414,-12.96965517,n/a,0.159334,-59.492098,-0.061166,20.313448,0.755562,0.833949,0.291836,-42.262451,0.048573,-18.133172,-0.018643,6.191591,0.230297,0.833956,0.291867,-12.881591,
EOSS-297,K0SCC-14,2020-03-15 09:55:09.773,2020-03-15 09:54:56,48766.0,14863.88,-2586.2,580.0,descending,/155456h4043.64N/10322.16WO084/061eEOSS.org Balloon/A=048766!W01!,"K0SCC-14>APTT4,EOSSD,EOSSD,qAO,KB0TVJ-1:/155456h4043.64N/10322.16WO084/061eEOSS.org Balloon/A=048766!W01!",84.0,70.0,112.7,40.7273333333,-103.36935,85.35,137.35,,,,,,,,0.00038448,7.356e-05,-43.10344828,-13.13793103,n/a,-0.019025,-58.52806,-0.058532,20.066033,0.730018,0.768693,0.054118,-40.521737,-0.005803,-17.839334,-0.017841,6.116176,0.222511,0.768683,0.054101,-12.351032,
EOSS-297,K0SCC-14,2020-03-15 09:55:44.837,2020-03-15 09:55:25,47693.0,14536.83,-2220.0,609.0,descending,/155525h4043.80N/10321.43WO074/070eEOSS.org Balloon/A=047693!W86!,"K0SCC-14>APTT4,EOSSD,EOSSD,qAO,KB0TVJ-1:/155525h4043.80N/10321.43WO074/070eEOSS.org Balloon/A=047693!W86!",74.0,81.0,130.4,40.7301333333,-103.3572666667,86.0,138.41,,,,,,,,0.00041667,9.655e-05,-37.0,-11.27758621,n/a,0.210464,-57.332056,-0.042709,20.117362,0.709841,1.010672,0.356662,-39.017793,0.06415,-17.474792,-0.013018,6.131818,0.216361,1.010664,0.356663,-11.892637,
EOSS-297,K0SCC-14,2020-03-15 09:56:18.950,2020-03-15 09:55:54,46653.0,14219.83,-2151.7,638.0,descending,/155554h4043.90N/10320.79WO089/064eEOSS.org Balloon/A=046653!W76!,"K0SCC-14>APTT4,EOSSD,EOSSD,qAO,KB0TVJ-1:/155554h4043.90N/10320.79WO089/064eEOSS.org Balloon/A=046653!W76!",89.0,74.0,119.1,40.7317833333,-103.3466,86.57,139.33,,,,,,,,0.00036782,5.69e-05,-35.86206897,-10.93103448,n/a,0.039239,-56.202057,-0.038156,20.161487,0.688918,1.008854,0.112343,-37.591177,0.01195,-17.130384,-0.011631,6.145248,0.209983,1.008804,0.1123,-11.457798,
EOSS-297,K0SCC-14,2020-03-15 09:56:25.842,2020-03-15 09:56:23,45652.0,13914.73,-2071.0,667.0,descending,/155623h4044.01N/10320.10WO086/065eEOSS.org Balloon/A=045652!W19!,"K0SCC-14>APTT4,EOSSD,EOSSD,qAO,KB0TVJ-1:/155623h4044.01N/10320.10WO086/065eEOSS.org Balloon/A=045652!W19!",86.0,75.0,120.7,40.7335166667,-103.33515,87.18,140.31,,,,,,,,0.00039483,5.977e-05,-34.51724138,-10.52068966,n/a,0.046373,-55.117816,-0.033707,20.213934,0.669789,1.019127,0.11956,-36.279249,0.01415,-16.799899,-0.010274,6.161241,0.204153,1.019147,0.119636,-11.05793,
EOSS-297,K0SCC-14,2020-03-15 09:57:00.579,2020-03-15 09:56:52,44733.0,13634.62,-1901.4,696.0,descending,/155652h4044.12N/10319.35WO080/085eEOSS.org Balloon/A=044733!W70!,"K0SCC-14>APTT4,EOSSD,EOSSD,qAO,KB0TVJ-1:/155652h4044.12N/10319.35WO080/085eEOSS.org Balloon/A=044733!W70!",80.0,98.0,157.7,40.73545,-103.3225,87.86,141.4,,,,,,,,0.00043621,6.667e-05,-31.68965517,-9.65896552,n/a,0.097503,-54.002189,-0.027147,20.354608,0.652584,1.096191,0.19101,-35.15015,0.029715,-16.459855,-0.008274,6.204118,0.198909,1.09619,0.190987,-10.713782,
EOSS-297,K0SCC-14,2020-03-15 09:57:34.547,2020-03-15 09:57:21,43877.0,13373.71,-1771.0,725.0,descending,/155721h4044.32N/10318.55WO071/087eEOSS.org Balloon/A=043877!W23!,"K0SCC-14>APTT4,EOSSD,EOSSD,qAO,KB0TVJ-1:/155721h4044.32N/10318.55WO071/087eEOSS.org Balloon/A=043877!W23!",71.0,100.0,160.9,40.7387,-103.3092166667,88.59,142.56,,,,,,,,0.00045805,0.00011207,-29.51724138,-8.99689655,n/a,0.074911,-52.889237,-0.022287,20.538539,0.63645,1.137958,0.152719,-34.177011,0.02283,-16.12063,-0.006793,6.260175,0.193991,1.137945,0.152703,-10.417167,
EOSS-297,K0SCC-14,2020-03-15 09:58:09.479,2020-03-15 09:57:50,42981.0,13100.61,-1853.8,754.0,descending,/155750h4044.51N/10317.75WO069/088eEOSS.org Balloon/A=042981!W06!,"K0SCC-14>APTT4,EOSSD,EOSSD,qAO,KB0TVJ-1:/155750h4044.51N/10317.75WO069/088eEOSS.org Balloon/A=042981!W06!",69.0,101.0,162.5,40.7418333333,-103.2959333333,89.31,143.73,,,,,,,,0.00045805,0.00010805,-30.89655172,-9.41724138,n/a,-0.047562,-51.933033,-0.023436,20.583656,0.621135,1.021999,-0.038842,-33.247922,-0.014495,-15.829178,-0.007143,6.273927,0.189323,1.021997,-0.038833,-10.13398,
EOSS-297,K0SCC-14,2020-03-15 09:58:43.927,2020-03-15 09:58:19,42030.0,12810.74,-1967.6,783.0,descending,/155819h4044.73N/10316.89WO076/085eEOSS.org Balloon/A=042030!W29!,"K0SCC-14>APTT4,EOSSD,EOSSD,qAO,KB0TVJ-1:/155819h4044.73N/10316.89WO076/085eEOSS.org Balloon/A=042030!W29!",76.0,98.0,157.7,40.7455333333,-103.28165,90.09,144.99,,,,,,,,0.00049253,0.00012759,-32.79310345,-9.99551724,n/a,-0.065398,-51.135536,-0.02526,20.506823,0.606917,0.894455,-0.066134,-32.365142,-0.019941,-15.586109,-0.0077,6.250499,0.18499,0.894423,-0.066171,-9.864901,
EOSS-297,K0SCC-14,2020-03-15 09:58:50.886,2020-03-15 09:58:48,41039.0,12508.69,-2050.3,812.0,descending,/155848h4044.95N/10316.10WO072/085eEOSS.org Balloon/A=041039!W36!,"K0SCC-14>APTT4,EOSSD,EOSSD,qAO,KB0TVJ-1:/155848h4044.95N/10316.10WO072/085eEOSS.org Balloon/A=041039!W36!",72.0,98.0,157.7,40.7492166667,-103.2684333333,90.82,146.16,,,,,,,,0.00045575,0.00012701,-34.17241379,-10.41551724,n/a,-0.047562,-50.457011,-0.02619,20.359705,0.593594,0.799844,-0.036004,-31.554767,-0.014483,-15.379285,-0.007982,6.205665,0.180929,0.799877,-0.035931,-9.617901,
EOSS-297,K0SCC-14,2020-03-15 09:59:25.784,2020-03-15 09:59:17,40025.0,12199.62,-2097.9,841.0,descending,/155917h4045.18N/10315.29WO065/082eEOSS.org Balloon/A=040025!W89!,"K0SCC-14>APTT4,EOSSD,EOSSD,qAO,KB0TVJ-1:/155917h4045.18N/10315.29WO065/082eEOSS.org Balloon/A=040025!W89!",65.0,94.0,151.3,40.7531333333,-103.2549833333,91.56,147.36,,,,,,,,0.00046379,0.00013506,-34.96551724,-10.65758621,n/a,-0.027348,-49.861185,-0.026236,20.178383,0.581096,0.738199,-0.001914,-30.829581,-0.008347,-15.197681,-0.007997,6.150394,0.177119,0.73818,-0.001976,-9.39686,
EOSS-297,K0SCC-14,2020-03-15 09:59:59.783,2020-03-15 09:59:46,39034.0,11897.56,-2050.3,870.0,descending,/155946h4045.39N/10314.50WO061/087eEOSS.org Balloon/A=039034!W96!,"K0SCC-14>APTT4,EOSSD,EOSSD,qAO,KB0TVJ-1:/155946h4045.39N/10314.50WO061/087eEOSS.org Balloon/A=039034!W96!",61.0,100.0,160.9,40.75665,-103.2417666667,92.29,148.53,,,,,,,,0.00045575,0.00012126,-34.17241379,-10.41586207,n/a,0.027348,-49.280119,-0.024175,20.015571,0.569453,0.754798,0.090478,-30.204529,0.008335,-15.020577,-0.007369,6.100765,0.17357,0.754777,0.090476,-9.20634,
EOSS-297,K0SCC-14,2020-03-15 10:00:39.069,2020-03-15 10:00:19,37918.0,11557.41,-2029.1,903.0,descending,/160019h4045.68N/10313.61WO053/069eEOSS.org Balloon/A=037918!W66!,"K0SCC-14>APTT4,EOSSD,EOSSD,qAO,W9CN-9:/160019h4045.68N/10313.61WO053/069eEOSS.org Balloon/A=037918!W66!",53.0,79.0,127.1,40.7614333333,-103.2269333333,93.12,149.86,,,,,,,,0.00044949,0.00014495,-33.81818182,-10.30757576,n/a,0.010734,-48.727907,-0.022882,19.857579,0.558435,0.750833,0.060197,-29.571992,0.003281,-14.852255,-0.006974,6.052614,0.170212,0.750862,0.060248,-9.013546,
EOSS-297,K0SCC-14,2020-03-15 10:01:20.645,2020-03-15 10:01:17,36297.0,11063.33,-1676.9,961.0,descending,/160117h4046.20N/10311.95WO065/088eEOSS.org Balloon/A=036297!W19!,"K0SCC-14>APTT4,EOSSD,EOSSD,qAO,N6BA-10:/160117h4046.20N/10311.95WO065/088eEOSS.org Balloon/A=036297!W19!",65.0,101.0,162.5,40.7700166667,-103.1993166667,94.65,152.33,,,,,,,,0.00047615,0.00014799,-27.94827586,-8.51862069,n/a,0.101205,-48.011368,-0.01845,19.877874,0.548497,1.009318,0.218151,-28.720143,0.030844,-14.633854,-0.005624,6.058799,0.167183,1.009314,0.218132,-8.753905,
EOSS-297,K0SCC-14,2020-03-15 10:01:53.929,2020-03-15 10:01:46,35556.0,10837.47,-1533.1,990.0,descending,/160146h4046.42N/10311.24WO062/072eEOSS.org Balloon/A=035556!W01!,"K0SCC-14>APTT4,EOSSD,EOSSD,qAO,N6BA-10:/160146h4046.42N/10311.24WO062/072eEOSS.org Balloon/A=035556!W01!",62.0,83.0,133.6,40.7736666667,-103.18735,95.32,153.4,,,,,,,,0.00041264,0.00012586,-25.55172414,-7.78827586,n/a,0.08264,-47.262713,-0.014964,19.957937,0.538941,1.087837,0.181103,-28.333513,0.025184,-14.405668,-0.004561,6.083197,0.16427,1.087815,0.181074,-8.63606,
EOSS-297,K0SCC-14,2020-03-15 10:02:29.196,2020-03-15 10:02:15,34808.0,10609.48,-1547.6,1019.0,descending,/160215h4046.62N/10310.55WO065/066eEOSS.org Balloon/A=034808!W96!,"K0SCC-14>APTT4,EOSSD,EOSSD,qAO,KB0TVJ-1:/160215h4046.62N/10310.55WO065/066eEOSS.org Balloon/A=034808!W96!",65.0,76.0,122.3,40.77715,-103.1759333333,95.95,154.42,,,,,,,,0.00039368,0.00012011,-25.79310345,-7.86172414,n/a,-0.008323,-46.570145,-0.014743,19.997777,0.529569,1.038968,0.012123,-27.93377,-0.002533,-14.194573,-0.004494,6.09534,0.161413,1.038966,0.012149,-8.514221,
EOSS-297,K0SCC-14,2020-03-15 10:03:03.785,2020-03-15 10:02:44,34056.0,10380.27,-1555.9,1048.0,descending,/160244h4046.85N/10309.88WO064/062eEOSS.org Balloon/A=034056!W06!,"K0SCC-14>APTT4,EOSSD,EOSSD,qAO,W9CN-9:/160244h4046.85N/10309.88WO064/062eEOSS.org Balloon/A=034056!W06!",64.0,71.0,114.3,40.7808333333,-103.1647666667,96.57,155.42,,,,,,,,0.00038506,0.00012701,-25.93103448,-7.9037931,n/a,-0.004756,-45.925173,-0.014421,20.008058,0.520671,0.999304,0.018563,-27.516418,-0.001451,-13.997986,-0.004396,6.098472,0.158701,0.999298,0.018557,-8.387014,
EOSS-297,K0SCC-14,2020-03-15 10:03:38.248,2020-03-15 10:03:13,33292.0,10147.4,-1580.7,1077.0,descending,/160313h4047.06N/10309.28WO058/055eEOSS.org Balloon/A=033292!W40!,"K0SCC-14>APTT4,EOSSD,EOSSD,qAO,N6BA-10:/160313h4047.06N/10309.28WO058/055eEOSS.org Balloon/A=033292!W40!",58.0,63.0,101.4,40.7844,-103.1546666667,97.14,156.33,,,,,,,,0.00034828,0.00012299,-26.34482759,-8.03,n/a,-0.014269,-45.331829,-0.014416,19.98575,0.512204,0.950027,0.000287,-27.072732,-0.004352,-13.817138,-0.004394,6.091669,0.156121,0.950009,0.000269,-8.25178,
EOSS-297,K0SCC-14,2020-03-15 10:04:18.585,2020-03-15 10:04:11,31808.0,9695.08,-1535.2,1135.0,descending,/160411h4047.45N/10308.06WO060/066eEOSS.org Balloon/A=031808!W81!,"K0SCC-14>APTT4,EOSSD,EOSSD,qAO,W9CN-9:/160411h4047.45N/10308.06WO060/066eEOSS.org Balloon/A=031808!W81!",60.0,76.0,122.3,40.7909666667,-103.13435,98.28,158.16,,,,,,,,0.00035029,0.00011322,-25.5862069,-7.79862069,n/a,0.01308,-44.751076,-0.013583,19.969817,0.50416,0.959692,0.052886,-26.151917,0.003989,-13.640123,-0.00414,6.086814,0.153669,0.959698,0.052899,-7.971121,
EOSS-297,K0SCC-14,2020-03-15 10:04:53.805,2020-03-15 10:04:40,31057.0,9466.17,-1553.8,1164.0,descending,/160440h4047.62N/10307.53WO070/052eEOSS.org Balloon/A=031057!W10!,"K0SCC-14>APTT4,EOSSD,EOSSD,qAO,N6BA-10:/160440h4047.62N/10307.53WO070/052eEOSS.org Balloon/A=031057!W10!",70.0,60.0,96.6,40.7936833333,-103.1255,98.77,158.95,,,,,,,,0.00030517,9.368e-05,-25.89655172,-7.89344828,n/a,-0.010702,-44.212375,-0.013498,19.930412,0.496463,0.918989,0.005632,-25.661238,-0.00327,-13.475932,-0.004115,6.074798,0.151323,0.918958,0.005584,-7.82156,
EOSS-297,K0SCC-14,2020-03-15 10:05:27.810,2020-03-15 10:05:09,30309.0,9238.18,-1547.6,1193.0,descending,/160509h4047.79N/10306.96WO057/061eEOSS.org Balloon/A=030309!W77!,"K0SCC-14>APTT4,EOSSD,EOSSD,qAO,N6BA-10:/160509h4047.79N/10306.96WO057/061eEOSS.org Balloon/A=030309!W77!",57.0,70.0,112.7,40.7966166667,-103.1161166667,99.29,159.79,,,,,,,,0.00032356,0.00010115,-25.79310345,-7.86172414,n/a,0.003567,-43.700729,-0.013011,19.882059,0.489116,0.900693,0.033894,-25.16313,0.001094,-13.319982,-0.003966,6.06006,0.149083,0.900694,0.033941,-7.669737,
EOSS-297,K0SCC-14,2020-03-15 10:06:01.816,2020-03-15 10:05:38,29584.0,9017.2,-1500.0,1222.0,descending,/160538h4048.01N/10306.45WO063/061eEOSS.org Balloon/A=029584!W73!,"K0SCC-14>APTT4,EOSSD,EOSSD,qAO,W9CN-9:/160538h4048.01N/10306.45WO063/061eEOSS.org Balloon/A=029584!W73!",63.0,70.0,112.7,40.8002833333,-103.10755,99.78,160.58,,,,,,,,0.0002954,0.00012644,-25.0,-7.62,n/a,0.027348,-43.195303,-0.01189,19.84358,0.482125,0.916937,0.081386,-24.678642,0.008335,-13.165929,-0.003624,6.048331,0.146952,0.916935,0.08138,-7.522065,
EOSS-297,K0SCC-14,2020-03-15 10:06:41.160,2020-03-15 10:06:36,28140.0,8577.07,-1493.8,1280.0,descending,/160636h4048.43N/10305.35WO071/045eEOSS.org Balloon/A=028140!W31!,"K0SCC-14>APTT4,EOSSD,EOSSD,qAO,W9CN-9:/160636h4048.43N/10305.35WO071/045eEOSS.org Balloon/A=028140!W31!",71.0,52.0,83.7,40.8072166667,-103.0891833333,100.82,162.26,,,,,,,,0.00031667,0.00011954,-24.89655172,-7.58844828,n/a,0.001784,-42.713757,-0.01152,19.797398,0.475387,0.899977,0.027986,-23.741919,0.000544,-13.019153,-0.003511,6.034255,0.144899,0.899979,0.027985,-7.236549,
EOSS-297,K0SCC-14,2020-03-15 10:07:15.457,2020-03-15 10:07:05,27448.0,8366.15,-1431.7,1309.0,descending,/160705h4048.60N/10304.78WO057/049eEOSS.org Balloon/A=027448!W76!,"K0SCC-14>APTT4,EOSSD,EOSSD,qAO,KB0TVJ-1:/160705h4048.60N/10304.78WO057/049eEOSS.org Balloon/A=027448!W76!",57.0,56.0,90.1,40.8101166667,-103.0797666667,101.35,163.1,,,,,,,,0.00032471,0.0001,-23.86206897,-7.27310345,n/a,0.035672,-42.230381,-0.010278,19.767026,0.468981,0.92924,0.097978,-23.322666,0.010874,-12.871818,-0.003133,6.024999,0.142946,0.929247,0.097988,-7.10876,
EOSS-297,K0SCC-14,2020-03-15 10:07:48.886,2020-03-15 10:07:34,26785.0,8164.07,-1371.7,1338.0,descending,/160734h4048.74N/10304.31WO077/050eEOSS.org Balloon/A=026785!W37!,"K0SCC-14>APTT4,EOSSD,EOSSD,qAR,W0ARP:/160734h4048.74N/10304.31WO077/050eEOSS.org Balloon/A=026785!W37!",77.0,58.0,93.3,40.8123833333,-103.07195,101.78,163.8,,,,,,,,0.00026954,7.816e-05,-22.86206897,-6.96827586,n/a,0.034483,-41.746173,-0.00913,19.750816,0.462825,0.956118,0.094232,-22.948305,0.010511,-12.72423,-0.002783,6.02006,0.14107,0.956129,0.094237,-6.994653,
EOSS-297,K0SCC-14,2020-03-15 10:08:23.421,2020-03-15 10:08:03,26132.0,7965.03,-1351.0,1367.0,descending,/160803h4048.82N/10303.92WO080/034eEOSS.org Balloon/A=026132!W96!,"K0SCC-14>APTT4,EOSSD,EOSSD,qAO,N6BA-9:/160803h4048.82N/10303.92WO080/034eEOSS.org Balloon/A=026132!W96!",80.0,39.0,62.8,40.8138166667,-103.0654333333,102.13,164.37,,,,,,,,0.00022471,4.943e-05,-22.51724138,-6.86344828,n/a,0.011891,-41.277175,-0.008605,19.732225,0.456864,0.950726,0.044862,-22.611188,0.003615,-12.581284,-0.002623,6.014389,0.139253,0.950693,0.044796,-6.891894,
EOSS-297,K0SCC-14,2020-03-15 10:08:56.942,2020-03-15 10:08:32,25502.0,7773.01,-1303.4,1396.0,descending,/160832h4048.91N/10303.51WO079/048eEOSS.org Balloon/A=025502!W25!,"K0SCC-14>APTT4,EOSSD,EOSSD,qAO,N6BA-9:/160832h4048.91N/10303.51WO079/048eEOSS.org Balloon/A=025502!W25!",79.0,55.0,88.5,40.8152,-103.0585833333,102.5,164.96,,,,,,,,0.00023621,4.77e-05,-21.72413793,-6.62137931,n/a,0.027348,-40.811626,-0.007728,19.722246,0.451152,0.967815,0.077748,-22.319578,0.008347,-12.439381,-0.002356,6.01135,0.137512,0.967836,0.077833,-6.803011,
EOSS-297,K0SCC-14,2020-03-15 10:09:36.188,2020-03-15 10:09:30,24268.0,7396.89,-1276.6,1454.0,descending,/160930h4048.95N/10302.70WO090/032eEOSS.org Balloon/A=024268!W91!,"K0SCC-14>APTT4,EOSSD,EOSSD,qAO,KB0TVJ-1:/160930h4048.95N/10302.70WO090/032eEOSS.org Balloon/A=024268!W91!",90.0,37.0,59.5,40.8159833333,-103.0450166667,103.21,166.1,,,,,,,,0.00023391,1.351e-05,-21.27586207,-6.48482759,n/a,0.007729,-40.357306,-0.00736,19.712467,0.445623,0.967989,0.03386,-21.852151,0.002354,-12.300903,-0.002243,6.00837,0.135827,0.967996,0.033845,-6.660535,
EOSS-297,K0SCC-14,2020-03-15 10:10:09.964,2020-03-15 10:09:59,23645.0,7207.0,-1289.0,1483.0,descending,/160959h4049.00N/10302.28WO066/032eEOSS.org Balloon/A=023645!W96!,"K0SCC-14>APTT4,EOSSD,EOSSD,qAO,KB0TVJ-1:/160959h4049.00N/10302.28WO066/032eEOSS.org Balloon/A=023645!W96!",66.0,37.0,59.5,40.8168166667,-103.0381,103.57,166.68,,,,,,,,0.00023851,2.874e-05,-21.48275862,-6.54793103,n/a,-0.007134,-39.928339,-0.007355,19.688605,0.440286,0.936866,0.000502,-21.668635,-0.002176,-12.170154,-0.002242,6.001097,0.1342,0.936866,0.000492,-6.604598,
EOSS-297,K0SCC-14,2020-03-15 10:10:43.954,2020-03-15 10:10:28,23034.0,7020.76,-1264.1,1512.0,descending,/161028h4049.03N/10301.84WO077/050eEOSS.org Balloon/A=023034!W98!,"K0SCC-14>APTT4,EOSSD,EOSSD,qAO,W9CN-9:/161028h4049.03N/10301.84WO077/050eEOSS.org Balloon/A=023034!W98!",77.0,58.0,93.3,40.8173166667,-103.0308,103.95,167.3,,,,,,,,0.00025172,1.724e-05,-21.06896552,-6.42206897,n/a,0.014269,-39.509242,-0.006863,19.66558,0.435149,0.937693,0.048563,-21.520401,0.00434,-12.042419,-0.002092,5.994074,0.132634,0.937651,0.048494,-6.559414,
EOSS-297,K0SCC-14,2020-03-15 10:11:17.807,2020-03-15 10:10:57,22421.0,6833.92,-1268.3,1541.0,descending,/161057h4049.10N/10301.35WO066/042eEOSS.org Balloon/A=022421!W69!,"K0SCC-14>APTT4,EOSSD,EOSSD,qAO,N6BA-10:/161057h4049.10N/10301.35WO066/042eEOSS.org Balloon/A=022421!W69!",66.0,48.0,77.2,40.8184333333,-103.02265,104.39,167.99,,,,,,,,0.00028103,3.851e-05,-21.13793103,-6.44275862,n/a,-0.002378,-39.109866,-0.006764,19.633593,0.430176,0.915367,0.010196,-21.399439,-0.000713,-11.920687,-0.002062,5.984326,0.131118,0.915379,0.010288,-6.522545,
EOSS-297,K0SCC-14,2020-03-15 10:11:50.828,2020-03-15 10:11:26,21797.0,6643.73,-1291.0,1570.0,descending,/161126h4049.17N/10300.94WO081/051eEOSS.org Balloon/A=021797!W95!,"K0SCC-14>APTT4,EOSSD,EOSSD,qAO,N6BA-10:/161126h4049.17N/10300.94WO081/051eEOSS.org Balloon/A=021797!W95!",81.0,59.0,95.0,40.81965,-103.01575,104.76,168.59,,,,,,,,0.00023793,4.195e-05,-21.51724138,-6.55827586,n/a,-0.01308,-38.735554,-0.006901,19.587832,0.42537,0.879031,-0.014526,-21.299309,-0.003983,-11.806593,-0.002103,5.970381,0.129654,0.879059,-0.0145,-6.492027,
EOSS-297,K0SCC-14,2020-03-15 10:11:57.707,2020-03-15 10:11:55,21174.0,6453.84,-1289.0,1599.0,descending,/161155h4049.28N/10300.53WO065/031eEOSS.org Balloon/A=021174!W19!,"K0SCC-14>APTT4,EOSSD,EOSSD,qAO,W9CN-9:/161155h4049.28N/10300.53WO065/031eEOSS.org Balloon/A=021174!W19!",65.0,36.0,57.9,40.82135,-103.0089833333,105.13,169.18,,,,,,,,0.00023333,5.862e-05,-21.48275862,-6.54793103,n/a,0.001189,-38.376121,-0.006729,19.537679,0.420723,0.864656,0.01882,-21.215391,0.000357,-11.697038,-0.002051,5.955094,0.128237,0.864656,0.018778,-6.466451,
EOSS-297,K0SCC-14,2020-03-15 10:12:31.852,2020-03-15 10:12:24,20550.0,6263.64,-1291.0,1628.0,descending,/161224h4049.34N/10300.13WO072/040eEOSS.org Balloon/A=020550!W65!,"K0SCC-14>APTT4,EOSSD,EOSSD,qAR,W0ARP:/161224h4049.34N/10300.13WO072/040eEOSS.org Balloon/A=020550!W65!",72.0,46.0,74.0,40.8224333333,-103.00225,105.49,169.76,,,,,,,,0.00023218,3.736e-05,-21.51724138,-6.55862069,n/a,-0.001189,-38.032062,-0.006613,19.482526,0.416224,0.847673,0.013031,-21.139032,-0.000369,-11.592172,-0.002016,5.938281,0.126866,0.847645,0.012982,-6.443179,
EOSS-297,K0SCC-14,2020-03-15 10:13:05.880,2020-03-15 10:12:53,19920.0,6071.62,-1303.4,1657.0,descending,/161253h4049.42N/10259.75WO068/042eEOSS.org Balloon/A=019920!W77!,"K0SCC-14>APTT4,EOSSD,EOSSD,qAO,W9CN-9:/161253h4049.42N/10259.75WO068/042eEOSS.org Balloon/A=019920!W77!",68.0,48.0,77.2,40.8237833333,-102.99595,105.83,170.31,,,,,,,,0.00021724,4.655e-05,-21.72413793,-6.62137931,n/a,-0.007134,-37.705904,-0.006624,19.420131,0.411865,0.822948,-0.001238,-21.060307,-0.002164,-11.492756,-0.002019,5.919265,0.125537,0.82297,-0.001155,-6.419189,
EOSS-297,K0SCC-14,2020-03-15 10:13:40.152,2020-03-15 10:13:22,19294.0,5880.81,-1295.2,1686.0,descending,/161322h4049.50N/10259.40WO078/036eEOSS.org Balloon/A=019294!W22!,"K0SCC-14>APTT4,EOSSD,EOSSD,qAO,N6BA-9:/161322h4049.50N/10259.40WO078/036eEOSS.org Balloon/A=019294!W22!",78.0,41.0,66.0,40.8250333333,-102.9900333333,106.15,170.83,,,,,,,,0.00020402,4.31e-05,-21.5862069,-6.57965517,n/a,0.004756,-37.389831,-0.006396,19.357005,0.407644,0.816429,0.027357,-20.970617,0.001439,-11.396421,-0.00195,5.900021,0.124251,0.816398,0.027275,-6.391855,
EOSS-297,K0SCC-14,2020-03-15 10:14:53.779,2020-03-15 10:14:49,17466.0,5323.64,-1260.7,1773.0,descending,/161449h4049.85N/10258.37WO066/039eEOSS.org Balloon/A=017466!W04!,"K0SCC-14>APTT4,EOSSD,EOSSD,qAO,N6BA-10:/161449h4049.85N/10258.37WO066/039eEOSS.org Balloon/A=017466!W04!",66.0,45.0,72.4,40.8308333333,-102.9729,107.11,172.37,,,,,,,,0.00019693,6.667e-05,-21.01149425,-6.40425287,n/a,0.006606,-37.074863,-0.006141,19.300398,0.403551,0.832282,0.031587,-20.556465,0.002016,-11.300418,-0.001872,5.882768,0.123003,0.832289,0.031609,-6.265637,
EOSS-297,K0SCC-14,2020-03-15 10:15:28.137,2020-03-15 10:15:18,16866.0,5140.76,-1241.4,1802.0,descending,/161518h4049.90N/10258.13WO070/020eEOSS.org Balloon/A=016866!W41!,"K0SCC-14>APTT4,EOSSD,EOSSD,qAR,W0ARP:/161518h4049.90N/10258.13WO070/020eEOSS.org Balloon/A=016866!W41!",70.0,23.0,37.0,40.8317333333,-102.96885,107.33,172.73,,,,,,,,0.00013966,3.103e-05,-20.68965517,-6.3062069,n/a,0.011098,-36.765708,-0.00581,19.24597,0.399582,0.835294,0.042314,-20.348942,0.003381,-11.206187,-0.001771,5.866178,0.121793,0.835293,0.042301,-6.202389,
EOSS-297,K0SCC-14,2020-03-15 10:16:00.700,2020-03-15 10:15:47,16278.0,4961.53,-1216.6,1831.0,descending,/161547h4049.97N/10257.85WO041/025eEOSS.org Balloon/A=016278!W51!,"K0SCC-14>APTT4,EOSSD,EOSSD,qAR,W0ARP:/161547h4049.97N/10257.85WO041/025eEOSS.org Balloon/A=016278!W51!",41.0,29.0,46.7,40.8329166667,-102.9641833333,107.58,173.14,,,,,,,,0.00016092,4.08e-05,-20.27586207,-6.18034483,n/a,0.014269,-36.460341,-0.005431,19.195156,0.395731,0.843154,0.049781,-20.105489,0.00434,-11.113116,-0.001656,5.850686,0.12062,0.84311,0.04971,-6.128184,
EOSS-297,K0SCC-14,2020-03-15 10:16:33.533,2020-03-15 10:16:16,15727.0,4793.59,-1140.0,1860.0,descending,/161616h4050.12N/10257.61WO053/030eEOSS.org Balloon/A=015727!W65!,"K0SCC-14>APTT4,EOSSD,EOSSD,qAO,N6BA-9:/161616h4050.12N/10257.61WO053/030eEOSS.org Balloon/A=015727!W65!",53.0,35.0,56.3,40.8354333333,-102.96025,107.82,173.52,,,,,,,,0.00013563,8.678e-05,-19.0,-5.79103448,n/a,0.043995,-36.14288,-0.004516,19.161779,0.392038,0.894639,0.123741,-19.841752,0.013424,-11.016351,-0.001377,5.840515,0.119494,0.894667,0.123864,-6.047801,
EOSS-297,K0SCC-14,2020-03-15 10:17:06.828,2020-03-15 10:16:45,15182.0,4627.47,-1127.6,1889.0,descending,/161645h4050.22N/10257.38WO069/021eEOSS.org Balloon/A=015182!W05!,"K0SCC-14>APTT4,EOSSD,EOSSD,qAO,N6BA-10:/161645h4050.22N/10257.38WO069/021eEOSS.org Balloon/A=015182!W05!",69.0,24.0,38.6,40.837,-102.9564166667,108.04,173.88,,,,,,,,0.00013218,5.402e-05,-18.79310345,-5.72827586,n/a,0.007134,-35.833063,-0.004304,19.127811,0.388394,0.890847,0.029449,-19.549874,0.002164,-10.921921,-0.001312,5.830159,0.118383,0.890824,0.029362,-5.958834,
EOSS-297,K0SCC-14,2020-03-15 10:17:39.843,2020-03-15 10:17:14,14651.0,4465.62,-1098.6,1918.0,descending,/161714h4050.28N/10257.18WO098/015eEOSS.org Balloon/A=014651!W87!,"K0SCC-14>APTT4,EOSSD,EOSSD,qAO,N6BA-10:/161714h4050.28N/10257.18WO098/015eEOSS.org Balloon/A=014651!W87!",98.0,17.0,27.4,40.8381333333,-102.9531166667,108.23,174.18,,,,,,,,0.00011379,3.908e-05,-18.31034483,-5.58103448,n/a,0.016647,-35.525647,-0.00393,19.097813,0.384857,0.901428,0.053467,-19.240939,0.005077,-10.828221,-0.001198,5.821015,0.117305,0.901421,0.053493,-5.864669,
EOSS-297,K0SCC-14,2020-03-15 10:18:17.981,2020-03-15 10:18:12,13584.0,4140.4,-1103.8,1976.0,descending,/161812h4050.33N/10256.97WO064/011eEOSS.org Balloon/A=013584!W75!,"K0SCC-14>APTT4,EOSSD,EOSSD,qAO,W9CN-9:/161812h4050.33N/10256.97WO064/011eEOSS.org Balloon/A=013584!W75!",64.0,13.0,20.9,40.83895,-102.9495833333,108.42,174.49,,,,,,,,6.092e-05,1.408e-05,-18.39655172,-5.60724138,n/a,-0.001486,-35.230317,-0.003887,19.062699,0.381406,0.883074,0.006295,-18.579271,-0.000452,-10.738204,-0.001185,5.810313,0.116253,0.883079,0.006305,-5.662986,
EOSS-297,K0SCC-14,2020-03-15 10:18:51.227,2020-03-15 10:18:41,13069.0,3983.43,-1065.5,2005.0,descending,/161841h4050.31N/10256.91WO093/008eEOSS.org Balloon/A=013069!W86!,"K0SCC-14>APTT4,EOSSD,EOSSD,qAO,W9CN-9:/161841h4050.31N/10256.91WO093/008eEOSS.org Balloon/A=013069!W86!",93.0,9.0,14.5,40.8386333333,-102.9486,108.47,174.56,,,,,,,,3.391e-05,-1.092e-05,-17.75862069,-5.41275862,n/a,0.021998,-34.934187,-0.003441,19.034051,0.37806,0.90236,0.067288,-18.26118,0.006706,-10.647943,-0.001049,5.801582,0.115234,0.902372,0.067298,-5.566027,
EOSS-297,K0SCC-14,2020-03-15 10:19:57.757,2020-03-15 10:19:39,11996.0,3656.38,-1110.0,2063.0,descending,/161939h4050.19N/10256.76WO101/016eEOSS.org Balloon/A=011996!W96!,"K0SCC-14>APTT4,EOSSD,EOSSD,qAO,W9CN-9:/161939h4050.19N/10256.76WO101/016eEOSS.org Balloon/A=011996!W96!",101.0,18.0,29.0,40.83665,-102.9461,108.56,174.71,,,,,,,,4.31e-05,-3.42e-05,-18.5,-5.6387931,n/a,-0.012782,-34.660284,-0.003599,18.990942,0.374789,0.850947,-0.024502,-17.67038,-0.003897,-10.564457,-0.001097,5.788443,0.114236,0.850948,-0.024511,-5.385936,
EOSS-297,K0SCC-14,2020-03-15 10:21:04.031,2020-03-15 10:20:37,10982.0,3347.31,-1049.0,2121.0,descending,/162037h4050.18N/10256.63WO177/006eEOSS.org Balloon/A=010982!W64!,"K0SCC-14>APTT4,EOSSD,EOSSD,qAO,W9CN-9:/162037h4050.18N/10256.63WO177/006eEOSS.org Balloon/A=010982!W64!",177.0,7.0,11.3,40.8364333333,-102.9439,108.67,174.89,,,,,,,,3.793e-05,-3.74e-06,-17.48275862,-5.3287931,n/a,0.017539,-34.378685,-0.003247,18.960014,0.371609,0.891135,0.055935,-17.296431,0.005345,-10.478626,-0.00099,5.779015,0.113267,0.891126,0.05593,-5.27194,
EOSS-297,K0SCC-14,2020-03-15 10:22:14.350,2020-03-15 10:22:04,9417.0,2870.3,-1079.3,2208.0,descending,/162204h4050.16N/10256.53WO202/004eEOSS.org Balloon/A=009417!W10!,"K0SCC-14>APTT4,EOSSD,EOSSD,qAO,W9CN-9:/162204h4050.16N/10256.53WO202/004eEOSS.org Balloon/A=009417!W10!",202.0,5.0,8.0,40.8360166667,-102.9421666667,108.75,175.02,,,,,,,,1.992e-05,-4.79e-06,-17.98850575,-5.48287356,n/a,-0.005813,-34.114327,-0.003289,18.918822,0.3685,0.852369,-0.006849,-17.288617,-0.001771,-10.39805,-0.001003,5.76646,0.112319,0.852373,-0.006838,-5.269547,
EOSS-297,K0SCC-14,2020-03-15 10:22:47.699,2020-03-15 10:22:33,8889.0,2709.37,-1092.4,2237.0,descending,/162233h4050.12N/10256.51WO214/011eEOSS.org Balloon/A=008889!W68!,"K0SCC-14>APTT4,EOSSD,EOSSD,qAO,W9CN-9:/162233h4050.12N/10256.51WO214/011eEOSS.org Balloon/A=008889!W68!",214.0,13.0,20.9,40.8354333333,-102.9419666667,108.75,175.02,,,,,,,,6.9e-06,-2.011e-05,-18.20689655,-5.54931034,n/a,-0.007531,-33.861828,-0.003357,18.872348,0.365467,0.829517,-0.011421,-17.460969,-0.002291,-10.321085,-0.001023,5.752297,0.111395,0.829542,-0.011383,-5.322081,
EOSS-297,K0SCC-14,2020-03-15 10:23:20.942,2020-03-15 10:23:02,8387.0,2556.36,-1038.6,2266.0,descending,/162302h4050.08N/10256.52WO160/004eEOSS.org Balloon/A=008387!W86!,"K0SCC-14>APTT4,EOSSD,EOSSD,qAO,W9CN-9:/162302h4050.08N/10256.52WO160/004eEOSS.org Balloon/A=008387!W86!",160.0,5.0,8.0,40.8348,-102.9421,108.74,175.0,,,,,,,,-4.6e-06,-2.184e-05,-17.31034483,-5.2762069,n/a,0.030916,-33.603212,-0.002813,18.835939,0.362534,0.864988,0.093037,-17.69254,0.009417,-10.242259,-0.000858,5.741199,0.110501,0.864985,0.092986,-5.39267,
EOSS-297,K0SCC-14,2020-03-15 10:23:53.090,2020-03-15 10:23:31,7859.0,2395.42,-1092.4,2295.0,descending,/162331h4050.01N/10256.51WO161/009eEOSS.org Balloon/A=007859!W95!,"K0SCC-14>APTT4,EOSSD,EOSSD,qAO,N6BA-9:/162331h4050.01N/10256.51WO161/009eEOSS.org Balloon/A=007859!W95!",161.0,10.0,16.1,40.83365,-102.9419166667,108.73,174.99,,,,,,,,6.32e-06,-3.966e-05,-18.20689655,-5.54965517,n/a,-0.030916,-33.366345,-0.003252,18.785522,0.359662,0.806975,-0.076917,-17.979399,-0.009429,-10.170065,-0.000992,5.725829,0.109626,0.806942,-0.076962,-5.480119,
EOSS-297,K0SCC-14,2020-03-15 10:25:06.154,2020-03-15 10:24:58,6310.0,1923.29,-1068.3,2382.0,descending,/162458h4050.10N/10256.44WO066/007eEOSS.org Balloon/A=006310!W27!,"K0SCC-14>APTT4,EOSSD,EOSSD,qAO,N6BA-9:/162458h4050.10N/10256.44WO066/007eEOSS.org Balloon/A=006310!W27!",66.0,8.0,12.9,40.8350333333,-102.9407833333,108.81,175.11,,,,,,,,1.303e-05,1.59e-05,-17.8045977,-5.42678161,n/a,0.004624,-33.130561,-0.003131,18.73862,0.356842,0.817881,0.021732,-18.513646,0.001412,-10.098197,-0.000955,5.711534,0.108766,0.817892,0.021762,-5.643014,
EOSS-297,K0SCC-14,2020-03-15 10:25:38.876,2020-03-15 10:25:27,5821.0,1774.24,-1011.7,2411.0,descending,/162527h4050.18N/10256.36WO009/019eEOSS.org Balloon/A=005821!W67!,"K0SCC-14>APTT4,EOSSD,EOSSD,qAO,N6BA-9:/162527h4050.18N/10256.36WO009/019eEOSS.org Balloon/A=005821!W67!",9.0,22.0,35.4,40.8364333333,-102.93945,108.9,175.25,,,,,,,,4.598e-05,4.828e-05,-16.86206897,-5.13965517,n/a,0.032501,-32.887748,-0.002591,18.702028,0.354114,0.856895,0.099098,-18.29395,0.009901,-10.024189,-0.00079,5.70038,0.107935,0.856879,0.09905,-5.57607,
EOSS-297,K0SCC-14,2020-03-15 10:26:12.028,2020-03-15 10:25:56,5309.0,1618.18,-1059.3,2440.0,descending,/162556h4050.35N/10256.33WO013/021eEOSS.org Balloon/A=005309!W72!,"K0SCC-14>APTT4,EOSSD,EOSSD,qAO,N6BA-9:/162556h4050.35N/10256.33WO013/021eEOSS.org Balloon/A=005309!W72!",13.0,24.0,38.6,40.8392833333,-102.9388666667,108.97,175.37,,,,,,,,2.011e-05,9.828e-05,-17.65517241,-5.38137931,n/a,-0.027348,-32.663739,-0.002961,18.653624,0.351434,0.804593,-0.069393,-17.634165,-0.008335,-9.955913,-0.000903,5.685625,0.107118,0.804579,-0.069381,-5.374976,
EOSS-297,K0SCC-14,2020-03-15 10:27:18.909,2020-03-15 10:26:54,4328.0,1319.17,-1014.8,2498.0,descending,/162654h4050.70N/10256.30WO008/022eEOSS.org Balloon/A=004328!W05!,"K0SCC-14>APTT4,EOSSD,EOSSD,qAO,N6BA-9:/162654h4050.70N/10256.30WO008/022eEOSS.org Balloon/A=004328!W05!",8.0,25.0,40.2,40.845,-102.9384166667,109.08,175.55,,,,,,,,7.76e-06,9.856e-05,-16.9137931,-5.15534483,n/a,0.012782,-32.435479,-0.002729,18.612784,0.348807,0.833926,0.044469,-14.361175,0.003897,-9.886339,-0.000832,5.673177,0.106317,0.833923,0.04448,-4.377331,
EOSS-297,K0SCC-14,2020-03-15 10:27:58.797,2020-03-15 10:27:52,3780.0,1152.14,-566.9,2556.0,descending,/162752h4050.88N/10256.32WO356/000eEOSS.org Balloon/A=003780!W61!,"K0SCC-14>APTT4,EOSSD,EOSSD,qAO,N6BA-9:/162752h4050.88N/10256.32WO356/000eEOSS.org Balloon/A=003780!W61!",356.0,0.0,0.0,40.8481,-102.9386833333,109.12,175.61,,,,,,,,-4.6e-06,5.345e-05,-9.44827586,-2.87982759,n/a,0.128716,-32.107091,-0.000824,18.680569,0.346594,1.212962,0.373751,-10.777196,0.039233,-9.786246,-0.000252,5.693838,0.105642,1.212964,0.373762,-3.284859,
