flightid,callsign,receivetime,packettime,altitude_ft,altitude_m,vert_rate_ftmin,elapsed_secs,flight_phase,info,raw,bearing,speed_mph,speed_kph,latitude,longitude,distance_from_launch_mi,distance_from_launch_km,temperature_f,temperature_c,temperature_k,pressure_pa,pressure_atm,airdensity_slugs,airdensity_kgm3,velocity_x_degs,velocity_y_degs,velocity_z_fts,velocity_z_ms,airflow,acceleration_fts2,velocity_mean_fts,acceleration_mean_fts2,velocity_std_fts,acceleration_std_fts2,velocity_norm_fts,acceleration_norm_fts2,velocity_curvefit_fts,acceleration_ms2,velocity_mean_ms,acceleration_mean_ms2,velocity_std_ms,acceleration_std_ms2,velocity_norm_ms,acceleration_norm_ms2,velocity_curvefit_ms,reynolds_transition
EOSS-337,KC0D-1,2023-04-01 07:16:01.812,2023-04-01 07:16:00,5367.0,1635.86,290.0,0.0,ascending,/131600h3936.50N/10402.55WO348/012/A=005367 228T8384P EOSS BALLOON,"KC0D-1>APZEOS,EOSS,WIDE2-1,qAO,AE0SS-9:/131600h3936.50N/10402.55WO348/012/A=005367 228T8384P EOSS BALLOON",348.0,14.0,22.5,39.6083333333,-104.0425,0.0,0.0,73.04,22.8,295.95,83840.0,0.83,0.00191491,0.98690506,0.0,5.56e-06,4.83333333,1.473,low Re,,4.833333,,,,,,6.932859,,1.473,,,,,,2.112945,
EOSS-337,AE0SS-13,2023-04-01 07:16:12.091,2023-04-01 07:16:11,5509.0,1679.14,570.0,11.0,ascending,/131611h3936.53N/10402.56WO296/002EOSS Baloon/A=005509!W88!,"AE0SS-13>APTT4,EOSS,qAO,W0ARP-2:/131611h3936.53N/10402.56WO296/002EOSS Baloon/A=005509!W88!",296.0,2.0,3.2,39.6089666667,-104.0428,0.05,0.07,,,,,,,,-7.22e-06,2.222e-05,9.5,2.89533333,low Re,0.155556,7.166667,0.155556,3.299832,,0.707107,,9.756754,0.047411,2.184167,0.047411,1.005742,,0.707106,,2.973684,
EOSS-337,KC0D-1,2023-04-01 07:16:31.698,2023-04-01 07:16:30,5935.0,1808.99,1136.0,30.0,ascending,/131630h3936.62N/10402.48WO034/022/A=005935 226T8205P EOSS BALLOON,"KC0D-1>APZEOS,EOSS,WIDE2-1,qAO,N6BA-10:/131630h3936.62N/10402.48WO034/022/A=005935 226T8205P EOSS BALLOON",34.0,25.0,40.2,39.6103333333,-104.0413333333,0.15,0.24,72.68,22.6,295.75,82050.0,0.81,0.0018753,0.96648759,3.889e-05,6.667e-05,18.93333333,5.771,low Re,0.314444,11.088889,0.235,7.18303,0.112351,1.09208,0.707105,15.695625,0.095856,3.379778,0.071634,2.18957,0.034256,1.092097,0.707088,4.784014,
EOSS-337,AE0SS-13,2023-04-01 07:16:42.211,2023-04-01 07:16:41,6090.0,1856.23,1162.0,41.0,ascending,/131641h3936.66N/10402.43WO024/012EOSS Baloon/A=006090!W60!,"AE0SS-13>APTT4,EOSS,qAO,W0ARP-2:/131641h3936.66N/10402.43WO024/012EOSS Baloon/A=006090!W60!",24.0,14.0,22.5,39.6111,-104.0405,0.22,0.35,,,,,,,,7.667e-05,7.111e-05,19.36666667,5.903,low Re,0.014444,13.158333,0.161481,7.178279,0.150088,0.864878,-0.979672,17.097855,0.0044,4.010583,0.049222,2.188106,0.045755,0.864865,-0.979609,5.211397,
EOSS-337,KC0D-1,2023-04-01 07:17:01.681,2023-04-01 07:17:00,6468.0,1971.45,1066.0,60.0,ascending,/131700h3936.72N/10402.36WO048/021/A=006468 226T8043P EOSS BALLOON,"KC0D-1>APZEOS,EOSS,WIDE2-1,qAO,N6BA-10:/131700h3936.72N/10402.36WO048/021/A=006468 226T8043P EOSS BALLOON",48.0,24.0,38.6,39.612,-104.0393333333,0.3,0.49,72.68,22.6,295.75,80430.0,0.79,0.00183827,0.9474052,6.667e-05,5.556e-05,17.76666667,5.41533333,low Re,-0.053333,14.08,0.107778,6.549283,0.162954,0.562911,-0.98869,19.273462,-0.016256,4.291533,0.032853,1.996377,0.049674,0.56292,-0.988626,5.874581,
EOSS-337,KC0D-1,2023-04-01 07:17:31.819,2023-04-01 07:17:30,7054.0,2150.06,1172.0,90.0,ascending,/131730h3936.79N/10402.21WO086/017/A=007054 227T7867P EOSS BALLOON,"KC0D-1>APZEOS,EOSS,WIDE2-1,qAO,N6BA-10:/131730h3936.79N/10402.21WO086/017/A=007054 227T7867P EOSS BALLOON",86.0,20.0,32.2,39.6131666667,-104.0368333333,0.45,0.72,72.86,22.7,295.85,78670.0,0.78,0.00179744,0.92636049,8.333e-05,3.889e-05,19.53333333,5.95366667,low Re,0.058889,14.988889,0.098,6.266655,0.142806,0.725179,-0.273875,20.284419,0.017944,4.568556,0.029871,1.9102,0.043533,0.725113,-0.273976,6.18272,
EOSS-337,AE0SS-13,2023-04-01 07:17:42.111,2023-04-01 07:17:41,7206.0,2196.39,1116.0,101.0,ascending,/131741h3936.80N/10402.14WO071/017EOSS Baloon/A=007206!W11!,"AE0SS-13>APTT4,EOSS,qAO,W0ARP-2:/131741h3936.80N/10402.14WO071/017EOSS Baloon/A=007206!W11!",71.0,20.0,32.2,39.61335,-104.0356833333,0.5,0.81,,,,,,,,8.028e-05,3.75e-05,18.6,5.66933333,low Re,-0.015556,15.504762,0.079074,5.881214,0.135882,0.526292,-0.696413,20.252692,-0.004739,4.72581,0.024103,1.792713,0.041421,0.52631,-0.696313,6.173048,
EOSS-337,KC0D-1,2023-04-01 07:18:01.741,2023-04-01 07:18:00,7675.0,2339.34,1242.0,120.0,ascending,/131800h3936.82N/10402.05WO070/017/A=007675 227T7683P EOSS BALLOON,"KC0D-1>APZEOS,EOSS,WIDE2-1,qAO,N6BA-10:/131800h3936.82N/10402.05WO070/017/A=007675 227T7683P EOSS BALLOON",70.0,20.0,32.2,39.6136666667,-104.0341666667,0.58,0.93,72.86,22.7,295.85,76830.0,0.76,0.0017554,0.904694,8.889e-05,1.667e-05,20.7,6.30933333,low Re,0.07,16.154167,0.077778,5.746412,0.12409,0.791073,-0.06268,19.745803,0.021333,4.92375,0.023707,1.751613,0.037827,0.791033,-0.062759,6.01854,
EOSS-337,AE0SS-13,2023-04-01 07:18:12.096,2023-04-01 07:18:11,7832.0,2387.19,1252.0,131.0,ascending,/131811h3936.82N/10402.01WO103/011EOSS Baloon/A=007832!W91!,"AE0SS-13>APTT4,EOSS,qAO,W0ARP-2:/131811h3936.82N/10402.01WO103/011EOSS Baloon/A=007832!W91!",103.0,13.0,20.9,39.6138166667,-104.0335166667,0.61,0.98,,,,,,,,7.222e-05,1.556e-05,20.86666667,6.36,low Re,0.005556,16.677778,0.06875,5.600099,0.117688,0.748003,-0.536962,19.494432,0.001689,5.083333,0.020955,1.706995,0.035876,0.747903,-0.537016,5.941924,
EOSS-337,KC0D-1,2023-04-01 07:18:31.766,2023-04-01 07:18:30,8217.0,2504.54,1084.0,150.0,ascending,/131830h3936.83N/10401.96WO093/009/A=008217 228T7527P EOSS BALLOON,"KC0D-1>APZEOS,EOSS,WIDE2-1,qAO,N6BA-10:/131830h3936.83N/10401.96WO093/009/A=008217 228T7527P EOSS BALLOON",93.0,10.0,16.1,39.6138333333,-104.0326666667,0.65,1.04,73.04,22.8,295.95,75270.0,0.74,0.00171917,0.88602509,5e-05,5.56e-06,18.06666667,5.50666667,low Re,-0.093333,16.816667,0.050741,5.29806,0.122631,0.235935,-1.174858,18.821192,-0.028444,5.125667,0.015466,1.614928,0.037381,0.235924,-1.174661,5.736707,
EOSS-337,AE0SS-13,2023-04-01 07:18:42.097,2023-04-01 07:18:41,8393.0,2558.19,1122.0,161.0,ascending,/131841h3936.84N/10401.90WO067/023EOSS Baloon/A=008393!W01!,"AE0SS-13>APTT4,EOSS,qAO,W0ARP-2:/131841h3936.84N/10401.90WO067/023EOSS Baloon/A=008393!W01!",67.0,26.0,41.8,39.614,-104.0316833333,0.7,1.12,,,,,,,,6.111e-05,6.11e-06,18.7,5.7,low Re,0.021111,16.987879,0.047778,5.058157,0.115996,0.338487,-0.229896,18.514645,0.006444,5.177879,0.014564,1.541811,0.035358,0.338641,-0.229651,5.643258,
EOSS-337,KC0D-1,2023-04-01 07:19:01.860,2023-04-01 07:19:00,8733.0,2661.82,1032.0,180.0,ascending,/131900h3936.87N/10401.82WO056/013/A=008733 226T7381P EOSS BALLOON,"KC0D-1>APZEOS,EOSS,WIDE2-1,qAO,N6BA-10:/131900h3936.87N/10401.82WO056/013/A=008733 226T7381P EOSS BALLOON",56.0,15.0,24.1,39.6145,-104.0303333333,0.77,1.25,72.68,22.6,295.75,73810.0,0.73,0.00168697,0.86942656,7.778e-05,2.222e-05,17.2,5.24266667,low Re,-0.05,17.005556,0.038889,4.823152,0.113924,0.040315,-0.780248,17.969628,-0.015244,5.183278,0.011854,1.470178,0.034727,0.040396,-0.780315,5.477133,
EOSS-337,AE0SS-13,2023-04-01 07:19:12.109,2023-04-01 07:19:11,8856.0,2699.31,926.0,191.0,ascending,/131911h3936.88N/10401.76WO074/019EOSS Baloon/A=008856!W78!,"AE0SS-13>APTT4,EOSS,qAO,W0ARP-2:/131911h3936.88N/10401.76WO074/019EOSS Baloon/A=008856!W78!",74.0,22.0,35.4,39.6147833333,-104.0294666667,0.82,1.33,,,,,,,,7.389e-05,2.611e-05,15.43333333,4.704,low Re,-0.058889,16.884615,0.030741,4.638359,0.11223,-0.312887,-0.798628,17.794852,-0.017956,5.14641,0.00937,1.413851,0.034211,-0.312911,-0.798749,5.423859,
EOSS-337,KC0D-1,2023-04-01 07:19:31.702,2023-04-01 07:19:30,9223.0,2811.17,980.0,210.0,ascending,/131930h3936.91N/10401.70WO057/010/A=009223 228T7244P EOSS BALLOON,"KC0D-1>APZEOS,EOSS,WIDE2-1,qAO,N6BA-10:/131930h3936.91N/10401.70WO057/010/A=009223 228T7244P EOSS BALLOON",57.0,12.0,19.3,39.6151666667,-104.0283333333,0.89,1.43,73.04,22.8,295.95,72440.0,0.71,0.00165454,0.85271234,6.667e-05,2.222e-05,16.33333333,4.97833333,low Re,0.03,16.845238,0.030684,4.458826,0.107452,-0.114807,-0.006366,17.362546,0.009144,5.134405,0.009352,1.359126,0.032754,-0.114832,-0.00635,5.292088,
EOSS-337,AE0SS-13,2023-04-01 07:19:42.155,2023-04-01 07:19:41,9375.0,2857.5,1038.0,221.0,ascending,/131941h3936.93N/10401.63WO066/017EOSS Baloon/A=009375!W39!,"AE0SS-13>APTT4,EOSS,qAO,W0ARP-2:/131941h3936.93N/10401.63WO066/017EOSS Baloon/A=009375!W39!",66.0,20.0,32.2,39.61555,-104.0273166667,0.95,1.53,,,,,,,,7.167e-05,2.556e-05,17.3,5.273,low Re,0.032222,16.875556,0.030794,4.298236,0.103238,0.098748,0.013832,17.226029,0.009822,5.143644,0.009386,1.310176,0.03147,0.098732,0.013854,5.250476,
EOSS-337,KC0D-1,2023-04-01 07:20:01.757,2023-04-01 07:20:00,9753.0,2972.71,1060.0,240.0,ascending,/132000h3936.95N/10401.57WO092/020/A=009753 225T7098P EOSS BALLOON,"KC0D-1>APZEOS,EOSS,WIDE2-1,qAO,N6BA-10:/132000h3936.95N/10401.57WO092/020/A=009753 225T7098P EOSS BALLOON",92.0,23.0,37.0,39.6158333333,-104.0261666667,1.01,1.63,72.5,22.5,295.65,70980.0,0.7,0.00162283,0.83637407,7.222e-05,2.222e-05,17.66666667,5.38466667,low Re,0.012222,16.925,0.029556,4.157198,0.099598,0.178405,-0.17404,16.998463,0.003722,5.158708,0.009008,1.267184,0.03036,0.178316,-0.174111,5.181112,
EOSS-337,AE0SS-13,2023-04-01 07:20:12.098,2023-04-01 07:20:11,9896.0,3016.3,1042.0,251.0,ascending,/132011h3936.93N/10401.50WO095/014EOSS Baloon/A=009896!W85!,"AE0SS-13>APTT4,EOSS,qAO,W0ARP-2:/132011h3936.93N/10401.50WO095/014EOSS Baloon/A=009896!W85!",95.0,16.0,25.7,39.6156333333,-104.0250833333,1.05,1.7,,,,,,,,7.444e-05,2.78e-06,17.36666667,5.29333333,low Re,-0.01,16.95098,0.027083,4.026615,0.096727,0.103235,-0.383378,16.953263,-0.003044,5.166627,0.008255,1.22738,0.029485,0.103233,-0.383212,5.167333,
EOSS-337,KC0D-1,2023-04-01 07:20:31.733,2023-04-01 07:20:30,10231.0,3118.41,956.0,270.0,ascending,/132030h3936.90N/10401.35WO110/024/A=010231 225T6968P EOSS BALLOON,"KC0D-1>APZEOS,EOSS,WIDE2-1,qAO,N6BA-10:/132030h3936.90N/10401.35WO110/024/A=010231 225T6968P EOSS BALLOON",110.0,28.0,45.1,39.615,-104.0225,1.16,1.87,72.5,22.5,295.65,69680.0,0.69,0.00159311,0.82105586,0.00012222,-2.778e-05,15.93333333,4.85666667,low Re,-0.047778,16.894444,0.02268,3.913747,0.0954,-0.245573,-0.738553,16.929712,-0.014556,5.149407,0.006913,1.192972,0.02908,-0.245387,-0.738274,5.160154,
EOSS-337,AE0SS-13,2023-04-01 07:20:42.215,2023-04-01 07:20:41,10418.0,3175.41,1044.0,281.0,ascending,/132041h3936.86N/10401.25WO105/023EOSS Baloon/A=010418!W97!,"AE0SS-13>APTT4,EOSS,qAR,W0ARP:/132041h3936.86N/10401.25WO105/023EOSS Baloon/A=010418!W97!",105.0,26.0,41.8,39.6144833333,-104.02095,1.22,1.97,,,,,,,,0.00013778,-3.833e-05,17.4,5.30366667,low Re,0.048889,16.921053,0.024136,3.805247,0.092757,0.125865,0.266859,16.962869,0.0149,5.157526,0.007357,1.159901,0.028274,0.125994,0.266782,5.170262,
EOSS-337,KC0D-1,2023-04-01 07:21:01.735,2023-04-01 07:21:00,10788.0,3288.18,1114.0,300.0,ascending,/132100h3936.86N/10401.09WO098/031/A=010788 223T6821P EOSS BALLOON,"KC0D-1>APZEOS,EOSS,WIDE2-1,qAO,N6BA-10:/132100h3936.86N/10401.09WO098/031/A=010788 223T6821P EOSS BALLOON",98.0,36.0,57.9,39.6143333333,-104.0181666667,1.36,2.19,72.14,22.3,295.45,68210.0,0.67,0.00156056,0.80427858,0.00014444,-2.222e-05,18.56666667,5.659,low Re,0.038889,17.003333,0.024912,3.721989,0.090207,0.420026,0.154944,17.112967,0.011844,5.1826,0.007593,1.134519,0.027497,0.419914,0.154599,5.216011,
EOSS-337,AE0SS-13,2023-04-01 07:21:12.131,2023-04-01 07:21:11,10933.0,3332.38,1030.0,311.0,ascending,/132111h3936.85N/10400.98WO103/026EOSS Baloon/A=010933!W01!,"AE0SS-13>APTT4,EOSS,qAO,W0ARP-2:/132111h3936.85N/10400.98WO103/026EOSS Baloon/A=010933!W01!",103.0,30.0,48.3,39.6141666667,-104.01635,1.45,2.33,,,,,,,,0.00015333,-1.056e-05,17.16666667,5.23233333,low Re,-0.046667,17.011111,0.021333,3.627922,0.089248,0.042877,-0.761922,17.198228,-0.014222,5.184968,0.006502,1.105846,0.027204,0.042832,-0.7618,5.242002,
EOSS-337,KC0D-1,2023-04-01 07:21:31.670,2023-04-01 07:21:30,11353.0,3460.39,1130.0,330.0,ascending,/132130h3936.78N/10400.80WO120/029/A=011353 224T6672P EOSS BALLOON,"KC0D-1>APZEOS,EOSS,WIDE2-1,qAO,N6BA-10:/132130h3936.78N/10400.80WO120/029/A=011353 224T6672P EOSS BALLOON",120.0,33.0,53.1,39.613,-104.0133333333,1.58,2.55,72.32,22.4,295.55,66720.0,0.66,0.00152595,0.78644349,0.00016111,-4.444e-05,18.83333333,5.74033333,low Re,0.055556,17.093939,0.022963,3.56174,0.087308,0.488355,0.373311,17.510894,0.016933,5.210212,0.006999,1.085671,0.026613,0.488289,0.373276,5.337302,
EOSS-337,AE0SS-13,2023-04-01 07:21:42.111,2023-04-01 07:21:41,11488.0,3501.54,1110.0,341.0,ascending,/132141h3936.73N/10400.70WO121/027EOSS Baloon/A=011488!W92!,"AE0SS-13>APTT4,EOSS,qAO,W0ARP-2:/132141h3936.73N/10400.70WO121/027EOSS Baloon/A=011488!W92!",121.0,31.0,49.9,39.6123166667,-104.0117,1.66,2.67,,,,,,,,0.000155,-6.167e-05,18.5,5.63866667,low Re,-0.011111,17.155072,0.021414,3.492179,0.085513,0.385126,-0.380352,17.627838,-0.003389,5.228841,0.006527,1.064466,0.026066,0.385006,-0.380419,5.37295,
EOSS-337,AE0SS-13,2023-04-01 07:22:12.169,2023-04-01 07:22:11,12085.0,3683.51,1194.0,371.0,ascending,/132211h3936.58N/10400.47WO120/033EOSS Baloon/A=012085!W96!,"AE0SS-13>APTT4,EOSS,qAO,W0ARP-2:/132211h3936.58N/10400.47WO120/033EOSS Baloon/A=012085!W96!",120.0,38.0,61.2,39.6098166667,-104.0079333333,1.84,2.96,,,,,,,,0.00012556,-8.333e-05,19.9,6.06566667,low Re,0.046667,17.269444,0.022512,3.461073,0.083713,0.760041,0.288545,18.201978,0.014233,5.263708,0.006862,1.054988,0.025517,0.760159,0.288866,5.547959,
EOSS-337,AE0SS-13,2023-04-01 07:22:42.276,2023-04-01 07:22:41,12692.0,3868.52,1214.0,401.0,ascending,/132241h3936.42N/10400.21WO126/038EOSS Baloon/A=012692!W63!,"AE0SS-13>APTT4,EOSS,qAO,N6BA-10:/132241h3936.42N/10400.21WO126/038EOSS Baloon/A=012692!W63!",126.0,44.0,70.8,39.6071,-104.00355,2.07,3.34,,,,,,,,0.00014611,-9.056e-05,20.23333333,6.167,low Re,0.011111,17.388,0.022037,3.439664,0.081906,0.827213,-0.133397,18.815403,0.003378,5.29984,0.006717,1.048457,0.024967,0.827082,-0.133737,5.734935,
EOSS-337,KC0D-1,2023-04-01 07:23:01.692,2023-04-01 07:23:00,13107.0,3995.01,1169.3,420.0,ascending,/132300h3936.37N/10400.03WO119/026/A=013107 229T6229P EOSS BALLOON,"KC0D-1>APZEOS,EOSS,WIDE2-1,qAO,N6BA-10:/132300h3936.37N/10400.03WO119/026/A=013107 229T6229P EOSS BALLOON",119.0,30.0,48.3,39.6061666667,-104.0005,2.24,3.6,73.22,22.9,296.05,62290.0,0.61,0.00142223,0.73298606,0.00014259,-7.593e-05,19.48888889,5.94022222,low Re,-0.008272,17.468803,0.020825,3.39526,0.08041,0.594972,-0.361858,19.21469,-0.00252,5.32447,0.006347,1.034923,0.024511,0.594974,-0.361756,5.85664,
EOSS-337,AE0SS-13,2023-04-01 07:23:12.095,2023-04-01 07:23:11,13260.0,4041.65,1136.0,431.0,ascending,/132311h3936.33N/10359.94WO113/020EOSS Baloon/A=013260!W83!,"AE0SS-13>APTT4,EOSS,qAO,W0ARP-2:/132311h3936.33N/10359.94WO113/020EOSS Baloon/A=013260!W83!",113.0,23.0,37.0,39.6056333333,-103.99905,2.32,3.73,,,,,,,,0.00015,-4.889e-05,18.93333333,5.771,low Re,-0.018519,17.523045,0.019311,3.341236,0.079163,0.422086,-0.477875,19.353624,-0.005641,5.341008,0.005886,1.018457,0.02413,0.422199,-0.477704,5.898993,
EOSS-337,KC0D-1,2023-04-01 07:23:31.709,2023-04-01 07:23:30,13702.0,4176.37,1190.0,450.0,ascending,/132330h3936.27N/10359.74WO111/031/A=013702 233T6083P EOSS BALLOON,"KC0D-1>APZEOS,EOSS,WIDE2-1,qAO,N6BA-10:/132330h3936.27N/10359.74WO111/031/A=013702 233T6083P EOSS BALLOON",111.0,36.0,57.9,39.6045,-103.9956666667,2.51,4.03,73.94,23.3,296.45,60830.0,0.6,0.00138702,0.71483994,0.00016111,-5.556e-05,19.83333333,6.04533333,low Re,0.03,17.605556,0.019707,3.307718,0.077653,0.673509,0.132551,19.722395,0.009144,5.366163,0.006007,1.008244,0.02367,0.673617,0.132531,6.011396,
EOSS-337,KC0D-1,2023-04-01 07:24:01.674,2023-04-01 07:24:00,14217.0,4333.34,1030.0,480.0,ascending,/132400h3936.16N/10359.32WO109/044/A=014217 237T5960P EOSS BALLOON,"KC0D-1>APZEOS,EOSS,WIDE2-1,qAO,N6BA-10:/132400h3936.16N/10359.32WO109/044/A=014217 237T5960P EOSS BALLOON",109.0,51.0,82.1,39.6026666667,-103.9886666667,2.89,4.65,74.66,23.7,296.85,59600.0,0.59,0.00135714,0.69944192,0.00023333,-6.111e-05,17.16666667,5.23233333,low Re,-0.088889,17.590421,0.015829,3.249137,0.078916,-0.130421,-1.326955,20.081215,-0.0271,5.361548,0.004825,0.990387,0.024055,-0.130469,-1.327167,6.120766,
EOSS-337,AE0SS-13,2023-04-01 07:24:12.218,2023-04-01 07:24:11,14362.0,4377.54,1102.0,491.0,ascending,/132411h3936.10N/10359.15WO119/045EOSS Baloon/A=014362!W38!,"AE0SS-13>APTT4,EOSS,qAO,W0ARP-2:/132411h3936.10N/10359.15WO119/045EOSS Baloon/A=014362!W38!",119.0,52.0,83.7,39.6017166667,-103.9859666667,3.04,4.9,,,,,,,,0.00021806,-6.528e-05,18.36666667,5.59816667,low Re,0.02,17.616296,0.015973,3.19577,0.077498,0.234801,0.051963,20.167419,0.006097,5.369435,0.004868,0.97412,0.023623,0.234809,0.052026,6.147044,
EOSS-337,KC0D-1,2023-04-01 07:24:31.775,2023-04-01 07:24:30,14857.0,4528.41,1280.0,510.0,ascending,/132430h3936.00N/10358.92WO112/042/A=014857 237T5811P EOSS BALLOON,"KC0D-1>APZEOS,EOSS,WIDE2-1,qAO,N6BA-10:/132430h3936.00N/10358.92WO112/042/A=014857 237T5811P EOSS BALLOON",112.0,48.0,77.2,39.6,-103.982,3.27,5.26,74.66,23.7,296.85,58110.0,0.57,0.00132321,0.68195587,0.00022222,-8.889e-05,21.33333333,6.50233333,low Re,0.098889,17.736201,0.018737,3.212196,0.07764,1.119836,1.032354,20.41204,0.030139,5.40598,0.005711,0.979123,0.023666,1.11973,1.032198,6.221602,
EOSS-337,AE0SS-13,2023-04-01 07:24:42.277,2023-04-01 07:24:41,14982.0,4566.51,1240.0,521.0,ascending,/132441h3935.95N/10358.78WO116/036EOSS Baloon/A=014982!W78!,"AE0SS-13>APTT4,EOSS,qAO,N6BA-10:/132441h3935.95N/10358.78WO116/036EOSS Baloon/A=014982!W78!",116.0,41.0,66.0,39.5992833333,-103.9798,3.39,5.46,,,,,,,,0.00020556,-8.111e-05,20.66666667,6.299,low Re,-0.022222,17.827778,0.017415,3.202144,0.076689,0.886559,-0.516854,20.461902,-0.006778,5.433887,0.005308,0.976052,0.023376,0.886339,-0.517026,6.2368,
EOSS-337,KC0D-1,2023-04-01 07:25:01.863,2023-04-01 07:25:00,15361.0,4682.03,1008.0,540.0,ascending,/132500h3935.86N/10358.60WO119/033/A=015361 235T5695P EOSS BALLOON,"KC0D-1>APZEOS,EOSS,WIDE2-1,qAO,N6BA-10:/132500h3935.86N/10358.60WO119/033/A=015361 235T5695P EOSS BALLOON",119.0,38.0,61.2,39.5976666667,-103.9766666667,3.58,5.76,74.3,23.5,296.65,56950.0,0.56,0.00129767,0.66879316,0.00017778,-7.778e-05,16.8,5.12066667,low Re,-0.128889,17.796633,0.012843,3.156787,0.079752,-0.315711,-1.777159,20.585252,-0.039278,5.424396,0.003915,0.962227,0.024309,-0.315652,-1.776832,6.274397,
EOSS-337,AE0SS-13,2023-04-01 07:25:12.417,2023-04-01 07:25:11,15510.0,4727.45,1056.0,551.0,ascending,/132511h3935.81N/10358.48WO106/037EOSS Baloon/A=015510!W62!,"AE0SS-13>APTT4,EOSS,qAO,W0ARP-2:/132511h3935.81N/10358.48WO106/037EOSS Baloon/A=015510!W62!",106.0,43.0,69.2,39.5969333333,-103.9747,3.69,5.94,,,,,,,,0.00017,-7.833e-05,17.6,5.36466667,low Re,0.026667,17.79085,0.013262,3.108772,0.078533,-0.061391,0.170693,20.622862,0.008133,5.422639,0.004042,0.947591,0.023938,-0.061179,0.1709,6.285862,
EOSS-337,KC0D-1,2023-04-01 07:25:31.726,2023-04-01 07:25:30,16039.0,4888.69,1356.0,570.0,ascending,/132530h3935.72N/10358.26WO111/042/A=016039 235T5543P EOSS BALLOON,"KC0D-1>APZEOS,EOSS,WIDE2-1,qAO,N6BA-10:/132530h3935.72N/10358.26WO111/042/A=016039 235T5543P EOSS BALLOON",111.0,48.0,77.2,39.5953333333,-103.971,3.91,6.29,74.3,23.5,296.65,55430.0,0.55,0.00126304,0.65094302,0.00018889,-7.778e-05,22.6,6.88866667,low Re,0.166667,17.928254,0.017774,3.168756,0.081687,1.474315,1.822726,20.711913,0.0508,5.464525,0.005418,0.96588,0.024899,1.47445,1.822643,6.313002,
EOSS-337,AE0SS-13,2023-04-01 07:25:42.105,2023-04-01 07:25:41,16206.0,4939.59,1392.0,581.0,ascending,/132541h3935.65N/10358.10WO109/045EOSS Baloon/A=016206!W70!,"AE0SS-13>APTT4,EOSS,qAO,W0ARP-2:/132541h3935.65N/10358.10WO109/045EOSS Baloon/A=016206!W70!",109.0,52.0,83.7,39.5942833333,-103.9683333333,4.06,6.54,,,,,,,,0.00021222,-8.833e-05,23.2,7.07133333,low Re,0.02,18.074691,0.017838,3.244396,0.080477,1.579742,0.026865,20.727111,0.006089,5.509159,0.005437,0.988933,0.02453,1.579656,0.02658,6.317634,
EOSS-337,KC0D-1,2023-04-01 07:26:01.922,2023-04-01 07:26:00,16652.0,5075.53,1226.0,600.0,ascending,/132600h3935.57N/10357.80WO114/050/A=016652 232T5408P EOSS BALLOON,"KC0D-1>APZEOS,EOSS,WIDE2-1,qAO,N6BA-10:/132600h3935.57N/10357.80WO114/050/A=016652 232T5408P EOSS BALLOON",114.0,58.0,93.3,39.5928333333,-103.9633333333,4.35,6.99,73.76,23.2,296.35,54080.0,0.53,0.00123352,0.63573219,0.00025556,-8.333e-05,20.43333333,6.228,low Re,-0.092222,18.138438,0.014781,3.222433,0.081413,0.712162,-1.314323,20.742359,-0.028111,5.528587,0.004505,0.982236,0.024816,0.712062,-1.314313,6.322279,
EOSS-337,AE0SS-13,2023-04-01 07:26:12.152,2023-04-01 07:26:11,16813.0,5124.6,1214.0,611.0,ascending,/132611h3935.50N/10357.62WO114/051EOSS Baloon/A=016813!W24!,"AE0SS-13>APTT4,EOSS,qAO,W0ARP-2:/132611h3935.50N/10357.62WO114/051EOSS Baloon/A=016813!W24!",114.0,59.0,95.0,39.5917,-103.9604,4.52,7.27,,,,,,,,0.00026444,-8.611e-05,20.23333333,6.167,low Re,-0.006667,18.193567,0.014201,3.196703,0.080351,0.638084,-0.259711,20.740039,-0.002033,5.545387,0.004328,0.974391,0.024492,0.63795,-0.259717,6.321571,
EOSS-337,KC0D-1,2023-04-01 07:26:31.733,2023-04-01 07:26:30,17271.0,5264.2,1238.0,630.0,ascending,/132630h3935.40N/10357.34WO113/048/A=017271 230T5274P EOSS BALLOON,"KC0D-1>APZEOS,EOSS,WIDE2-1,qAO,N6BA-10:/132630h3935.40N/10357.34WO113/048/A=017271 230T5274P EOSS BALLOON",113.0,55.0,88.5,39.59,-103.9556666667,4.79,7.71,73.4,23.0,296.15,52740.0,0.52,0.00120377,0.62039864,0.00025556,-9.444e-05,20.63333333,6.289,low Re,0.013333,18.256125,0.014178,3.178462,0.079258,0.747912,-0.010661,20.71553,0.004067,5.564454,0.004321,0.968829,0.024159,0.747857,-0.010514,6.314098,
EOSS-337,AE0SS-13,2023-04-01 07:26:42.279,2023-04-01 07:26:41,17476.0,5326.68,1326.0,641.0,ascending,/132641h3935.33N/10357.16WO112/049EOSS Baloon/A=017476!W83!,"AE0SS-13>APTT4,EOSS,qAO,N6BA-10:/132641h3935.33N/10357.16WO112/049EOSS Baloon/A=017476!W83!",112.0,56.0,90.1,39.5889666667,-103.9527166667,4.96,7.98,,,,,,,,0.00025611,-9.111e-05,22.1,6.736,low Re,0.048889,18.352222,0.015068,3.195772,0.078406,1.17273,0.431357,20.697641,0.0149,5.593743,0.004593,0.974103,0.023899,1.172624,0.431273,6.308645,
EOSS-337,KC0D-1,2023-04-01 07:27:01.692,2023-04-01 07:27:00,17940.0,5468.11,1338.0,660.0,ascending,/132700h3935.26N/10356.88WO108/045/A=017940 225T5133P EOSS BALLOON,"KC0D-1>APZEOS,EOSS,WIDE2-1,qAO,N6BA-10:/132700h3935.26N/10356.88WO108/045/A=017940 225T5133P EOSS BALLOON",108.0,52.0,83.7,39.5876666667,-103.948,5.23,8.41,72.5,22.5,295.65,51330.0,0.51,0.00117357,0.60483349,0.00025556,-7.778e-05,22.3,6.797,low Re,0.006667,18.448509,0.014858,3.215238,0.077405,1.197887,-0.10582,20.646079,0.002033,5.623091,0.004529,0.980034,0.023594,1.197825,-0.10579,6.292926,
EOSS-337,AE0SS-13,2023-04-01 07:27:12.108,2023-04-01 07:27:11,18096.0,5515.66,1240.0,671.0,ascending,/132711h3935.22N/10356.72WO100/045EOSS Baloon/A=018096!W60!,"AE0SS-13>APTT4,EOSS,qAO,W0ARP-2:/132711h3935.22N/10356.72WO100/045EOSS Baloon/A=018096!W60!",100.0,52.0,83.7,39.5871,-103.9453333333,5.37,8.65,,,,,,,,0.00024611,-6.222e-05,20.66666667,6.29933333,low Re,-0.054444,18.501323,0.013168,3.194177,0.077194,0.677903,-0.875871,20.62624,-0.016589,5.639192,0.004014,0.973616,0.023529,0.67803,-0.875643,6.286878,
EOSS-337,KC0D-1,2023-04-01 07:27:31.692,2023-04-01 07:27:30,18591.0,5666.54,1302.0,690.0,ascending,/132730h3935.14N/10356.44WO110/047/A=018591 224T4999P EOSS BALLOON,"KC0D-1>APZEOS,EOSS,WIDE2-1,qAO,N6BA-10:/132730h3935.14N/10356.44WO110/047/A=018591 224T4999P EOSS BALLOON",110.0,54.0,86.9,39.5856666667,-103.9406666667,5.64,9.08,72.32,22.4,295.55,49990.0,0.49,0.00114332,0.58924326,0.00024444,-6.667e-05,21.7,6.61433333,low Re,0.034444,18.575711,0.013674,3.193397,0.076317,0.978359,0.272154,20.558524,0.0105,5.66187,0.004168,0.973382,0.023262,0.978509,0.272204,6.266235,
EOSS-337,AE0SS-13,2023-04-01 07:27:42.146,2023-04-01 07:27:41,18733.0,5709.82,1274.0,701.0,ascending,/132741h3935.07N/10356.28WO122/044EOSS Baloon/A=018733!W29!,"AE0SS-13>APTT4,EOSS,qAO,W0ARP-2:/132741h3935.07N/10356.28WO122/044EOSS Baloon/A=018733!W29!",122.0,51.0,82.1,39.5845333333,-103.93815,5.79,9.32,,,,,,,,0.00023944,-8.556e-05,21.23333333,6.472,low Re,-0.015556,18.636111,0.012995,3.181375,0.075535,0.816384,-0.377984,20.538338,-0.004744,5.680282,0.003961,0.969719,0.023024,0.816441,-0.378084,6.260082,
EOSS-337,KC0D-1,2023-04-01 07:28:01.690,2023-04-01 07:28:00,19152.0,5837.53,1122.0,720.0,ascending,/132800h3934.96N/10356.04WO111/037/A=019152 220T4884P EOSS BALLOON,"KC0D-1>APZEOS,EOSS,WIDE2-1,qAO,N6BA-10:/132800h3934.96N/10356.04WO111/037/A=019152 220T4884P EOSS BALLOON",111.0,43.0,69.2,39.5826666667,-103.934,6.04,9.72,71.6,22.0,295.15,48840.0,0.48,0.00111853,0.57646815,0.00022222,-0.0001,18.7,5.69966667,low Re,-0.084444,18.637531,0.01078,3.14503,0.076083,0.019863,-1.251581,20.47834,-0.025744,5.680712,0.003286,0.958641,0.023191,0.019772,-1.251779,6.241793,
EOSS-337,AE0SS-13,2023-04-01 07:28:12.118,2023-04-01 07:28:11,19323.0,5889.65,1180.0,731.0,ascending,/132811h3934.91N/10355.87WO102/046EOSS Baloon/A=019323!W29!,"AE0SS-13>APTT4,EOSS,qAO,W0ARP-2:/132811h3934.91N/10355.87WO102/046EOSS Baloon/A=019323!W29!",102.0,53.0,85.3,39.5818666667,-103.9313166667,6.19,9.96,,,,,,,,0.00022778,-8.889e-05,19.66666667,5.99433333,low Re,0.032222,18.659903,0.011257,3.113589,0.075281,0.323345,0.27849,20.453991,0.009822,5.68753,0.003431,0.949056,0.022947,0.323272,0.278511,6.234371,
EOSS-337,KC0D-1,2023-04-01 07:28:31.664,2023-04-01 07:28:30,19743.0,6017.67,1182.0,750.0,ascending,/132830h3934.83N/10355.54WO111/052/A=019743 219T4766P EOSS BALLOON,"KC0D-1>APZEOS,EOSS,WIDE2-1,qAO,N6BA-10:/132830h3934.83N/10355.54WO111/052/A=019743 219T4766P EOSS BALLOON",111.0,60.0,96.6,39.5805,-103.9256666667,6.51,10.47,71.42,21.9,295.05,47660.0,0.47,0.00109188,0.56273104,0.00027778,-7.222e-05,19.7,6.00466667,low Re,0.001111,18.682033,0.011036,3.083294,0.074455,0.330156,-0.133302,20.395221,0.000344,5.694278,0.003364,0.939823,0.022695,0.330263,-0.133069,6.216456,
EOSS-337,AE0SS-13,2023-04-01 07:28:42.311,2023-04-01 07:28:41,19891.0,6062.78,1136.0,761.0,ascending,/132841h3934.77N/10355.35WO109/055EOSS Baloon/A=019891!W36!,"AE0SS-13>APTT4,EOSS,qAO,N6BA-10:/132841h3934.77N/10355.35WO109/055EOSS Baloon/A=019891!W36!",109.0,63.0,101.4,39.57955,-103.9226,6.68,10.75,,,,,,,,0.00029056,-7.722e-05,18.93333333,5.771,low Re,-0.025556,18.687269,0.010257,3.050532,0.073835,0.080663,-0.485041,20.374942,-0.007789,5.695876,0.003126,0.929837,0.022506,0.080793,-0.484982,6.210275,
EOSS-337,KC0D-1,2023-04-01 07:29:01.739,2023-04-01 07:29:00,20415.0,6222.49,1344.0,780.0,ascending,/132900h3934.71N/10355.06WO109/041/A=020415 215T4635P EOSS BALLOON,"KC0D-1>APZEOS,EOSS,WIDE2-1,qAO,N6BA-10:/132900h3934.71N/10355.06WO109/041/A=020415 215T4635P EOSS BALLOON",109.0,47.0,75.6,39.5785,-103.9176666667,6.95,11.19,70.7,21.5,294.65,46350.0,0.46,0.00106331,0.54800654,0.00026667,-6.667e-05,22.4,6.82733333,low Re,0.115556,18.763039,0.012451,3.064831,0.07461,1.186676,1.381919,20.304895,0.035211,5.718967,0.003795,0.93419,0.022741,1.186446,1.38147,6.188925,
EOSS-337,AE0SS-13,2023-04-01 07:29:12.205,2023-04-01 07:29:11,20567.0,6268.82,1352.0,791.0,ascending,/132911h3934.66N/10354.90WO109/043EOSS Baloon/A=020567!W82!,"AE0SS-13>APTT4,EOSS,qAO,W0ARP-2:/132911h3934.66N/10354.90WO109/043EOSS Baloon/A=020567!W82!",109.0,49.0,78.9,39.5778,-103.9150333333,7.1,11.43,,,,,,,,0.00025222,-5.833e-05,22.53333333,6.868,low Re,0.004444,18.838444,0.012288,3.079902,0.073837,1.199678,-0.106234,20.284976,0.001356,5.741948,0.003745,0.938779,0.022506,1.199486,-0.106149,6.182853,
EOSS-337,KC0D-1,2023-04-01 07:29:31.612,2023-04-01 07:29:30,21046.0,6414.82,1262.0,810.0,ascending,/132930h3934.60N/10354.61WO099/049/A=021046 214T4515P EOSS BALLOON,"KC0D-1>APZEOS,EOSS,WIDE2-1,qAO,N6BA-10:/132930h3934.60N/10354.61WO099/049/A=021046 214T4515P EOSS BALLOON",99.0,56.0,90.1,39.5766666667,-103.9101666667,7.37,11.87,70.52,21.4,294.55,45150.0,0.45,0.00103613,0.5339999,0.00025,-6.111e-05,21.03333333,6.411,low Re,-0.05,18.881481,0.011042,3.064399,0.073609,0.70221,-0.829274,20.222576,-0.015233,5.755066,0.003366,0.934054,0.022436,0.702244,-0.82898,6.163833,
EOSS-337,AE0SS-13,2023-04-01 07:29:42.109,2023-04-01 07:29:41,21217.0,6466.94,1300.0,821.0,ascending,/132941h3934.57N/10354.43WO100/047EOSS Baloon/A=021217!W36!,"AE0SS-13>APTT4,EOSS,qAO,W0ARP-2:/132941h3934.57N/10354.43WO100/047EOSS Baloon/A=021217!W36!",100.0,54.0,86.9,39.5762166667,-103.9072666667,7.53,12.12,,,,,,,,0.00025889,-5.278e-05,21.66666667,6.604,low Re,0.021111,18.935043,0.011239,3.058691,0.072883,0.89307,0.13545,20.200165,0.006433,5.771392,0.003426,0.932314,0.022215,0.893055,0.135359,6.157003,
EOSS-337,KC0D-1,2023-04-01 07:30:01.820,2023-04-01 07:30:00,21649.0,6598.62,1206.0,840.0,ascending,/133000h3934.52N/10354.09WO102/051/A=021649 210T4402P EOSS BALLOON,"KC0D-1>APZEOS,EOSS,WIDE2-1,qAO,N6BA-10:/133000h3934.52N/10354.09WO102/051/A=021649 210T4402P EOSS BALLOON",102.0,59.0,95.0,39.5753333333,-103.9015,7.84,12.62,69.8,21.0,294.15,44020.0,0.43,0.00101157,0.52134311,0.00028889,-4.444e-05,20.1,6.12666667,low Re,-0.052222,18.957023,0.010019,3.033362,0.072699,0.376802,-0.856147,20.142259,-0.015911,5.778095,0.003054,0.924595,0.022159,0.376999,-0.85586,6.139353,
EOSS-337,KC0D-1,2023-04-01 07:30:31.657,2023-04-01 07:30:30,22240.0,6778.75,1182.0,870.0,ascending,/133030h3934.43N/10353.58WO104/045/A=022240 209T4293P EOSS BALLOON,"KC0D-1>APZEOS,EOSS,WIDE2-1,qAO,N6BA-10:/133030h3934.43N/10353.58WO104/045/A=022240 209T4293P EOSS BALLOON",104.0,52.0,83.7,39.5738333333,-103.893,8.3,13.36,69.62,20.9,294.05,42930.0,0.42,0.00098686,0.50860679,0.00028333,-5e-05,19.7,6.00433333,low Re,-0.013333,18.970782,0.009578,3.006309,0.072068,0.242563,-0.317908,20.057422,-0.004078,5.782285,0.002919,0.916348,0.021967,0.242319,-0.318523,6.113497,
EOSS-337,AE0SS-13,2023-04-01 07:30:42.254,2023-04-01 07:30:41,22395.0,6826.0,1178.0,881.0,ascending,/133041h3934.38N/10353.40WO117/052EOSS Baloon/A=022395!W34!,"AE0SS-13>APTT4,EOSS,qAO,N6BA-10:/133041h3934.38N/10353.40WO117/052EOSS Baloon/A=022395!W34!",117.0,60.0,96.6,39.57305,-103.8900666667,8.47,13.63,,,,,,,,0.00028667,-5.278e-05,19.63333333,5.98433333,low Re,-0.001111,18.982828,0.00938,2.979683,0.0714,0.218314,-0.146933,20.033623,-0.000333,5.785959,0.002859,0.908232,0.021763,0.218418,-0.146671,6.106242,
EOSS-337,KC0D-1,2023-04-01 07:31:01.729,2023-04-01 07:31:00,22799.0,6949.14,1118.0,900.0,ascending,/133100h3934.28N/10353.06WO114/050/A=022799 205T4193P EOSS BALLOON,"KC0D-1>APZEOS,EOSS,WIDE2-1,qAO,N6BA-10:/133100h3934.28N/10353.06WO114/050/A=022799 205T4193P EOSS BALLOON",114.0,58.0,93.3,39.5713333333,-103.8843333333,8.79,14.15,68.9,20.5,293.65,41930.0,0.41,0.00096519,0.49743611,0.00028889,-8.333e-05,18.63333333,5.67966667,low Re,-0.033333,18.976587,0.008604,2.95284,0.07097,-0.116245,-0.590912,19.967783,-0.010156,5.784061,0.002622,0.90005,0.021632,-0.115987,-0.590699,6.086175,
EOSS-337,AE0SS-13,2023-04-01 07:31:12.212,2023-04-01 07:31:11,22926.0,6987.84,1062.0,911.0,ascending,/133111h3934.21N/10352.87WO114/052EOSS Baloon/A=022926!W84!,"AE0SS-13>APTT4,EOSS,qAO,W0ARP-2:/133111h3934.21N/10352.87WO114/052EOSS Baloon/A=022926!W84!",114.0,60.0,96.6,39.5703,-103.8812333333,8.97,14.44,,,,,,,,0.00029444,-9.167e-05,17.7,5.39466667,low Re,-0.031111,18.954191,0.007895,2.931237,0.070522,-0.427871,-0.553104,19.945835,-0.0095,5.777229,0.002406,0.893467,0.021495,-0.428177,-0.553896,6.079487,
EOSS-337,KC0D-1,2023-04-01 07:31:32.935,2023-04-01 07:31:30,23346.0,7115.86,1094.0,930.0,ascending,/133130h3934.12N/10352.55WO106/059/A=023346 203T4095P EOSS BALLOON,"KC0D-1>APZEOS,EOSS,WIDE2-1,qAO,N6BA-10:/133130h3934.12N/10352.55WO106/059/A=023346 203T4095P EOSS BALLOON",106.0,68.0,109.4,39.5686666667,-103.8758333333,9.28,14.94,68.54,20.3,293.45,40950.0,0.4,0.00094327,0.48614099,0.00028333,-8.889e-05,18.23333333,5.55733333,low Re,0.017778,18.941762,0.008068,2.906952,0.069901,-0.243702,0.138911,19.868601,0.005422,5.773438,0.002459,0.886066,0.021306,-0.243892,0.139069,6.055946,
EOSS-337,AE0SS-13,2023-04-01 07:31:42.102,2023-04-01 07:31:41,23520.0,7168.9,1188.0,941.0,ascending,/133141h3934.07N/10352.33WO094/052EOSS Baloon/A=023520!W16!,"AE0SS-13>APTT4,EOSS,qAO,W0ARP-2:/133141h3934.07N/10352.33WO094/052EOSS Baloon/A=023520!W16!",94.0,60.0,96.6,39.56785,-103.8722666667,9.48,15.26,,,,,,,,0.00029889,-8.167e-05,19.8,6.03533333,low Re,0.052222,18.956309,0.008829,2.883949,0.069528,0.292547,0.624108,19.834434,0.015933,5.777877,0.002691,0.879056,0.021193,0.292878,0.624829,6.045532,
EOSS-337,KC0D-1,2023-04-01 07:32:01.705,2023-04-01 07:32:00,23960.0,7303.01,1228.0,960.0,ascending,/133200h3933.96N/10351.99WO110/060/A=023960 199T3988P EOSS BALLOON,"KC0D-1>APZEOS,EOSS,WIDE2-1,qAO,N6BA-10:/133200h3933.96N/10351.99WO110/060/A=023960 199T3988P EOSS BALLOON",110.0,69.0,111.0,39.566,-103.8665,9.81,15.79,67.82,19.9,293.05,39880.0,0.39,0.00091988,0.47408463,0.00031111,-8.889e-05,20.46666667,6.23833333,low Re,0.022222,18.981481,0.009056,2.866044,0.068948,0.518201,0.190956,19.742319,0.006767,5.785551,0.00276,0.873599,0.021016,0.518295,0.190664,6.017457,
EOSS-337,AE0SS-13,2023-04-01 07:32:12.098,2023-04-01 07:32:11,24140.0,7357.87,1240.0,971.0,ascending,/133211h3933.89N/10351.78WO100/053EOSS Baloon/A=024140!W56!,"AE0SS-13>APTT4,EOSS,qAO,W0ARP-2:/133211h3933.89N/10351.78WO100/053EOSS Baloon/A=024140!W56!",100.0,61.0,98.2,39.5649166667,-103.8631,10.01,16.1,,,,,,,,0.00030556,-9.778e-05,20.66666667,6.299,low Re,0.006667,19.009107,0.009016,2.850239,0.068362,0.581551,-0.034361,19.702343,0.002022,5.793968,0.002748,0.868779,0.020837,0.581312,-0.034842,6.005273,
EOSS-337,KC0D-1,2023-04-01 07:32:31.804,2023-04-01 07:32:30,24593.0,7495.95,1266.0,990.0,ascending,/133230h3933.83N/10351.47WO109/047/A=024593 198T3880P EOSS BALLOON,"KC0D-1>APZEOS,EOSS,WIDE2-1,qAO,N6BA-10:/133230h3933.83N/10351.47WO109/047/A=024593 198T3880P EOSS BALLOON",109.0,54.0,86.9,39.5638333333,-103.8578333333,10.3,16.57,67.64,19.8,292.95,38800.0,0.38,0.00089527,0.46140327,0.00028889,-7.222e-05,21.1,6.43133333,low Re,0.014444,19.042832,0.009105,2.839225,0.067793,0.724553,0.078754,19.596402,0.004411,5.804248,0.002775,0.865423,0.020664,0.7246,0.079172,5.972982,
EOSS-337,AE0SS-13,2023-04-01 07:32:42.255,2023-04-01 07:32:41,24770.0,7549.9,1260.0,1001.0,ascending,/133241h3933.79N/10351.28WO103/056EOSS Baloon/A=024770!W52!,"AE0SS-13>APTT4,EOSS,qAO,N6BA-10:/133241h3933.79N/10351.28WO103/056EOSS Baloon/A=024770!W52!",103.0,64.0,103.0,39.56325,-103.8547,10.47,16.84,,,,,,,,0.00028,-5.556e-05,21.0,6.401,low Re,-0.003333,19.073898,0.008905,2.827009,0.067254,0.681321,-0.181967,19.553189,-0.001011,5.81372,0.002714,0.861701,0.020499,0.681536,-0.181716,5.959811,
EOSS-337,KC0D-1,2023-04-01 07:33:01.693,2023-04-01 07:33:00,25148.0,7665.11,1110.0,1020.0,ascending,/133300h3933.70N/10350.90WO110/057/A=025148 194T3788P EOSS BALLOON,"KC0D-1>APZEOS,EOSS,WIDE2-1,qAO,N6BA-10:/133300h3933.70N/10350.90WO110/057/A=025148 194T3788P EOSS BALLOON",110.0,66.0,106.2,39.5616666667,-103.8483333333,10.82,17.42,66.92,19.4,292.55,37880.0,0.37,0.00087524,0.4510787,0.00031667,-7.222e-05,18.5,5.63866667,low Re,-0.083333,19.064931,0.007441,2.8054,0.067714,-0.201373,-1.34055,19.458281,-0.025411,5.810985,0.002268,0.855115,0.02064,-0.201515,-1.341037,5.930885,
EOSS-337,AE0SS-13,2023-04-01 07:33:12.122,2023-04-01 07:33:11,25289.0,7708.09,1038.0,1031.0,ascending,/133311h3933.63N/10350.69WO110/058EOSS Baloon/A=025289!W84!,"AE0SS-13>APTT4,EOSS,qAO,W0ARP-2:/133311h3933.63N/10350.69WO110/058EOSS Baloon/A=025289!W84!",110.0,67.0,107.8,39.5606333333,-103.8449,11.02,17.73,,,,,,,,0.00032667,-8.722e-05,17.3,5.273,low Re,-0.04,19.037778,0.006699,2.791992,0.067435,-0.622415,-0.692504,19.4222,-0.012189,5.802709,0.002042,0.851028,0.020555,-0.622434,-0.692338,5.919887,
EOSS-337,KC0D-1,2023-04-01 07:33:31.718,2023-04-01 07:33:30,25700.0,7833.36,1104.0,1050.0,ascending,/133330h3933.53N/10350.36WO107/047/A=025700 192T3696P EOSS BALLOON,"KC0D-1>APZEOS,EOSS,WIDE2-1,qAO,N6BA-10:/133330h3933.53N/10350.36WO107/047/A=025700 192T3696P EOSS BALLOON",107.0,54.0,86.9,39.5588333333,-103.8393333333,11.34,18.25,66.56,19.2,292.35,36960.0,0.36,0.00085456,0.44042434,0.0003,-9.444e-05,18.4,5.60833333,low Re,0.036667,19.028114,0.007161,2.771544,0.06701,-0.22663,0.440322,19.316074,0.011178,5.799763,0.002182,0.844795,0.020425,-0.226599,0.440441,5.88754,
EOSS-337,AE0SS-13,2023-04-01 07:33:42.116,2023-04-01 07:33:41,25817.0,7869.02,1056.0,1061.0,ascending,/133341h3933.48N/10350.18WO106/048EOSS Baloon/A=025817!W13!,"AE0SS-13>APTT4,EOSS,qAO,W0ARP-2:/133341h3933.48N/10350.18WO106/048EOSS Baloon/A=025817!W13!",106.0,55.0,88.5,39.5580166667,-103.8363833333,11.51,18.52,,,,,,,,0.00028389,-8.722e-05,17.6,5.36433333,low Re,-0.026667,19.006799,0.006648,2.755995,0.066622,-0.51045,-0.50006,19.285854,-0.008133,5.793265,0.002026,0.840057,0.020307,-0.510598,-0.500271,5.87833,
EOSS-337,KC0D-1,2023-04-01 07:34:01.710,2023-04-01 07:34:00,26250.0,8001.0,1100.0,1080.0,ascending,/133400h3933.38N/10349.83WO114/059/A=026250 187T3608P EOSS BALLOON,"KC0D-1>APZEOS,EOSS,WIDE2-1,qAO,N6BA-10:/133400h3933.38N/10349.83WO114/059/A=026250 187T3608P EOSS BALLOON",114.0,68.0,109.4,39.5563333333,-103.8305,11.84,19.05,65.66,18.7,291.85,36080.0,0.36,0.00083565,0.43067462,0.00029444,-8.333e-05,18.33333333,5.588,low Re,0.024444,18.996895,0.006914,2.73657,0.066152,-0.242479,0.264996,19.175516,0.007456,5.790246,0.002107,0.834136,0.020164,-0.242462,0.265275,5.844699,
EOSS-337,AE0SS-13,2023-04-01 07:34:12.105,2023-04-01 07:34:11,26411.0,8050.07,1188.0,1091.0,ascending,/133411h3933.31N/10349.63WO120/046EOSS Baloon/A=026411!W07!,"AE0SS-13>APTT4,EOSS,qAO,W0ARP-2:/133411h3933.31N/10349.63WO120/046EOSS Baloon/A=026411!W07!",120.0,53.0,85.3,39.5551666667,-103.8272833333,12.03,19.35,,,,,,,,0.00030333,-9.5e-05,19.8,6.035,low Re,0.048889,19.008535,0.007531,2.718094,0.065853,0.291184,0.628035,19.135583,0.0149,5.793793,0.002295,0.828504,0.020073,0.291136,0.627958,5.832528,
EOSS-337,KC0D-1,2023-04-01 07:34:31.735,2023-04-01 07:34:30,26777.0,8161.63,1054.0,1110.0,ascending,/133430h3933.17N/10349.30WO116/061/A=026777 186T3525P EOSS BALLOON,"KC0D-1>APZEOS,EOSS,WIDE2-1,qAO,N6BA-10:/133430h3933.17N/10349.30WO116/061/A=026777 186T3525P EOSS BALLOON",116.0,70.0,112.7,39.5528333333,-103.8216666667,12.36,19.89,65.48,18.6,291.75,35250.0,0.35,0.0008167,0.42091142,0.00029444,-0.00011667,17.56666667,5.35433333,low Re,-0.074444,18.987937,0.006343,2.703823,0.066108,-0.525652,-1.222046,19.048416,-0.022689,5.787515,0.001933,0.824154,0.02015,-0.525608,-1.221935,5.805958,
EOSS-337,AE0SS-13,2023-04-01 07:34:42.648,2023-04-01 07:34:41,26877.0,8192.11,932.0,1121.0,ascending,/133441h3933.09N/10349.07WO111/063EOSS Baloon/A=026877!W47!,"AE0SS-13>APTT4,EOSS,qAO,W0ARP-1:/133441h3933.09N/10349.07WO111/063EOSS Baloon/A=026877!W47!",111.0,72.0,115.9,39.5515666667,-103.81795,12.58,20.24,,,,,,,,0.00031111,-0.00012,15.53333333,4.73466667,low Re,-0.067778,18.93928,0.005284,2.715568,0.066222,-1.25423,-1.103289,19.025702,-0.020656,5.772686,0.00161,0.827731,0.020185,-1.254054,-1.103096,5.799035,
EOSS-337,KC0D-1,2023-04-01 07:35:01.700,2023-04-01 07:35:00,27365.0,8340.85,1176.0,1140.0,ascending,/133500h3932.97N/10348.71WO106/055/A=027365 181T3433P EOSS BALLOON,"KC0D-1>APZEOS,EOSS,WIDE2-1,qAO,N6BA-10:/133500h3932.97N/10348.71WO106/055/A=027365 181T3433P EOSS BALLOON",106.0,63.0,101.4,39.5495,-103.8118333333,12.93,20.81,64.58,18.1,291.25,34330.0,0.34,0.00079675,0.41062966,0.00032778,-0.00011111,19.6,5.974,low Re,0.135556,18.948457,0.007119,2.697501,0.067541,0.241536,1.901615,18.923838,0.041311,5.775482,0.00217,0.822224,0.020587,0.24144,1.901248,5.767987,
EOSS-337,AE0SS-13,2023-04-01 07:35:12.123,2023-04-01 07:35:11,27530.0,8391.14,1306.0,1151.0,ascending,/133511h3932.90N/10348.49WO113/072EOSS Baloon/A=027530!W03!,"AE0SS-13>APTT4,EOSS,qAO,W0ARP-2:/133511h3932.90N/10348.49WO113/072EOSS Baloon/A=027530!W03!",113.0,83.0,133.6,39.5483333333,-103.8082166667,13.14,21.14,,,,,,,,0.00032444,-0.00010778,21.76666667,6.63433333,low Re,0.072222,18.987062,0.008023,2.698934,0.067501,1.02989,0.951082,18.893417,0.022011,5.787247,0.002445,0.822658,0.020575,1.029694,0.95096,5.758715,
EOSS-337,KC0D-1,2023-04-01 07:35:31.666,2023-04-01 07:35:30,27991.0,8531.66,1252.0,1170.0,ascending,/133530h3932.79N/10348.14WO107/058/A=027991 179T3337P EOSS BALLOON,"KC0D-1>APZEOS,EOSS,WIDE2-1,qAO,N6BA-10:/133530h3932.79N/10348.14WO107/058/A=027991 179T3337P EOSS BALLOON",107.0,67.0,107.8,39.5465,-103.8023333333,13.48,21.69,64.22,17.9,291.05,33370.0,0.33,0.000775,0.39942114,0.00031667,-0.0001,20.86666667,6.36033333,low Re,-0.03,19.012462,0.007502,2.689276,0.067178,0.689481,-0.558248,18.821719,-0.009133,5.794992,0.002287,0.819716,0.020476,0.68968,-0.557726,5.73686,
EOSS-337,AE0SS-13,2023-04-01 07:35:42.122,2023-04-01 07:35:41,28196.0,8594.14,1332.0,1181.0,ascending,/133541h3932.73N/10347.91WO106/057EOSS Baloon/A=028196!W40!,"AE0SS-13>APTT4,EOSS,qAO,W0ARP-2:/133541h3932.73N/10347.91WO106/057EOSS Baloon/A=028196!W40!",106.0,66.0,106.2,39.5455666667,-103.7985,13.69,22.03,,,,,,,,0.00032389,-9.222e-05,22.2,6.76666667,low Re,0.044444,19.054963,0.008001,2.696283,0.066854,1.166434,0.545113,18.796979,0.013544,5.807947,0.002439,0.821853,0.020378,1.166534,0.54495,5.729319,
EOSS-337,KC0D-1,2023-04-01 07:36:01.763,2023-04-01 07:36:00,28663.0,8736.48,1344.0,1200.0,ascending,/133600h3932.60N/10347.55WO110/052/A=028663 174T3237P EOSS BALLOON,"KC0D-1>APZEOS,EOSS,WIDE2-1,qAO,N6BA-10:/133600h3932.60N/10347.55WO110/052/A=028663 174T3237P EOSS BALLOON",110.0,60.0,96.6,39.5433333333,-103.7925,14.04,22.6,63.32,17.4,290.55,32370.0,0.32,0.00075307,0.38811843,0.00032778,-0.00010556,22.4,6.82733333,low Re,0.006667,19.098977,0.007984,2.705594,0.066401,1.220073,-0.019834,18.759519,0.002022,5.82136,0.002433,0.824688,0.020239,1.219823,-0.020307,5.7179,
EOSS-337,AE0SS-13,2023-04-01 07:36:12.100,2023-04-01 07:36:11,28823.0,8785.25,1254.0,1211.0,ascending,/133611h3932.54N/10347.34WO115/047EOSS Baloon/A=028823!W96!,"AE0SS-13>APTT4,EOSS,qAO,W0ARP-2:/133611h3932.54N/10347.34WO115/047EOSS Baloon/A=028823!W96!",115.0,54.0,86.9,39.5424833333,-103.7891,14.23,22.9,,,,,,,,0.00031333,-0.00010278,20.9,6.37033333,low Re,-0.05,19.122367,0.007221,2.69556,0.066292,0.659467,-0.863166,18.753251,-0.015233,5.82849,0.002201,0.821629,0.020206,0.659474,-0.862813,5.71599,
EOSS-337,KC0D-1,2023-04-01 07:36:31.671,2023-04-01 07:36:30,29236.0,8911.13,1146.0,1230.0,ascending,/133630h3932.44N/10347.01WO117/055/A=029236 172T3154P EOSS BALLOON,"KC0D-1>APZEOS,EOSS,WIDE2-1,qAO,N6BA-10:/133630h3932.44N/10347.01WO117/055/A=029236 172T3154P EOSS BALLOON",117.0,63.0,101.4,39.5406666667,-103.7835,14.55,23.42,62.96,17.2,290.35,31540.0,0.31,0.00073427,0.37842717,0.0003,-8.889e-05,19.1,5.82166667,low Re,-0.06,19.12208,0.006348,2.678001,0.066298,-0.008245,-1.000754,18.75391,-0.018289,5.828402,0.001935,0.816277,0.020208,-0.008251,-1.000792,5.71619,
EOSS-337,KC0D-1,2023-04-01 07:37:01.687,2023-04-01 07:37:00,29740.0,9064.75,1008.0,1260.0,ascending,/133700h3932.26N/10346.49WO118/060/A=029740 167T3081P EOSS BALLOON,"KC0D-1>APZEOS,EOSS,WIDE2-1,qAO,N6BA-10:/133700h3932.26N/10346.49WO118/060/A=029740 167T3081P EOSS BALLOON",118.0,69.0,111.0,39.5376666667,-103.7748333333,15.06,24.23,62.06,16.7,289.85,30810.0,0.3,0.00071851,0.37030608,0.00028889,-0.0001,16.8,5.12066667,low Re,-0.076667,19.092686,0.005283,2.673574,0.066534,-0.857536,-1.231701,18.789715,-0.023367,5.819444,0.00161,0.814927,0.02028,-0.857472,-1.231607,5.727102,
EOSS-337,AE0SS-13,2023-04-01 07:37:12.230,2023-04-01 07:37:11,29846.0,9097.06,1023.0,1271.0,ascending,/133711h3932.17N/10346.27WO117/058EOSS Baloon/A=029846!W23!,"AE0SS-13>APTT4,EOSS,qAO,W0ARP-2:/133711h3932.17N/10346.27WO117/058EOSS Baloon/A=029846!W23!",117.0,67.0,107.8,39.5362,-103.7712166667,15.27,24.58,,,,,,,,0.00029806,-0.00010472,17.05,5.19683333,low Re,0.004167,19.067153,0.005269,2.666397,0.066106,-0.756509,-0.01667,18.802355,0.001269,5.811661,0.001606,0.812739,0.020149,-0.756488,-0.016725,5.730955,
EOSS-337,KC0D-1,2023-04-01 07:37:31.668,2023-04-01 07:37:30,30235.0,9215.63,990.0,1290.0,ascending,/133730h3932.05N/10345.96WO118/057/A=030235 164T3011P EOSS BALLOON,"KC0D-1>APZEOS,EOSS,WIDE2-1,qAO,N6BA-10:/133730h3932.05N/10345.96WO118/057/A=030235 164T3011P EOSS BALLOON",118.0,66.0,106.2,39.5341666667,-103.766,15.58,25.08,61.52,16.4,289.55,30110.0,0.3,0.00070292,0.36226772,0.00029444,-0.00011667,16.5,5.02933333,low Re,-0.018333,19.03546,0.004974,2.664988,0.065739,-0.951396,-0.354538,18.864319,-0.005583,5.802003,0.001516,0.812308,0.020038,-0.951203,-0.354277,5.749841,
EOSS-337,AE0SS-13,2023-04-01 07:37:42.415,2023-04-01 07:37:41,30414.0,9270.19,1136.0,1301.0,ascending,/133741h3931.99N/10345.75WO108/057EOSS Baloon/A=030414!W07!,"AE0SS-13>APTT4,EOSS,qAO,W0ARP-2:/133741h3931.99N/10345.75WO108/057EOSS Baloon/A=030414!W07!",108.0,66.0,106.2,39.5331666667,-103.7626166667,15.77,25.39,,,,,,,,0.00028667,-0.00010111,18.93333333,5.771,low Re,0.081111,19.034214,0.005914,2.648511,0.065872,-0.03809,1.141562,18.901101,0.024722,5.801625,0.001803,0.807285,0.020078,-0.037936,1.141498,5.761053,
EOSS-337,KC0D-1,2023-04-01 07:38:01.645,2023-04-01 07:38:00,30817.0,9393.02,1164.0,1320.0,ascending,/133800h3931.97N/10345.37WO091/059/A=030817 159T2931P EOSS BALLOON,"KC0D-1>APZEOS,EOSS,WIDE2-1,qAO,N6BA-10:/133800h3931.97N/10345.37WO091/059/A=030817 159T2931P EOSS BALLOON",91.0,68.0,109.4,39.5328333333,-103.7561666667,16.11,25.92,60.62,15.9,289.05,29310.0,0.29,0.00068542,0.35325254,0.00032778,-4.444e-05,19.4,5.913,low Re,0.015556,19.038621,0.006032,2.632618,0.065473,0.13727,0.145465,19.00288,0.004733,5.802967,0.001838,0.802441,0.019956,0.137123,0.145069,5.792073,
EOSS-337,AE0SS-13,2023-04-01 07:38:12.215,2023-04-01 07:38:11,30995.0,9447.28,1162.0,1331.0,ascending,/133811h3931.97N/10345.12WO084/067EOSS Baloon/A=030995!W18!,"AE0SS-13>APTT4,EOSS,qAO,W0ARP-2:/133811h3931.97N/10345.12WO084/067EOSS Baloon/A=030995!W18!",84.0,77.0,123.9,39.53285,-103.7521333333,16.31,26.25,,,,,,,,0.00034944,-1.056e-05,19.36666667,5.903,low Re,-0.001111,19.042526,0.005946,2.616955,0.065077,0.123862,-0.108441,19.056062,-0.000333,5.804157,0.001812,0.797667,0.019836,0.123915,-0.108137,5.808285,
EOSS-337,KC0D-1,2023-04-01 07:38:31.676,2023-04-01 07:38:30,31386.0,9566.45,1138.0,1350.0,ascending,/133830h3931.99N/10344.66WO093/071/A=031386 156T2855P EOSS BALLOON,"KC0D-1>APZEOS,EOSS,WIDE2-1,qAO,N6BA-10:/133830h3931.99N/10344.66WO093/071/A=031386 156T2855P EOSS BALLOON",93.0,82.0,132.0,39.5331666667,-103.7443333333,16.7,26.87,60.08,15.6,288.75,28550.0,0.28,0.00066834,0.3444503,0.00039444,1.111e-05,18.96666667,5.781,low Re,-0.013333,19.041634,0.005716,2.601345,0.064718,-0.028819,-0.294339,19.189936,-0.004067,5.803885,0.001742,0.792909,0.019726,-0.028862,-0.294484,5.849087,
EOSS-337,AE0SS-13,2023-04-01 07:38:42.261,2023-04-01 07:38:41,31549.0,9616.14,1108.0,1361.0,ascending,/133841h3931.97N/10344.40WO084/056EOSS Baloon/A=031549!W77!,"AE0SS-13>APTT4,EOSS,qAO,N6BA-10:/133841h3931.97N/10344.40WO084/056EOSS Baloon/A=031549!W77!",84.0,64.0,103.0,39.53295,-103.7401166667,16.91,27.22,,,,,,,,0.00040056,3.33e-06,18.46666667,5.62866667,low Re,-0.016667,19.034948,0.005453,2.586741,0.064378,-0.21969,-0.343596,19.252389,-0.005078,5.801848,0.001662,0.788457,0.019623,-0.219646,-0.343474,5.868126,
EOSS-337,KC0D-1,2023-04-01 07:39:01.653,2023-04-01 07:39:00,31973.0,9745.37,1174.0,1380.0,ascending,/133900h3932.01N/10343.98WO087/063/A=031973 150T2778P EOSS BALLOON,"KC0D-1>APZEOS,EOSS,WIDE2-1,qAO,N6BA-10:/133900h3932.01N/10343.98WO087/063/A=031973 150T2778P EOSS BALLOON",87.0,72.0,115.9,39.5335,-103.733,17.26,27.78,59.0,15.0,288.15,27780.0,0.27,0.00065167,0.33585829,0.00037778,1.111e-05,19.56666667,5.964,low Re,0.036667,19.04106,0.005816,2.572289,0.064086,0.204334,0.4814,19.431829,0.011178,5.803711,0.001773,0.784053,0.019534,0.204436,0.481468,5.922817,
EOSS-337,AE0SS-13,2023-04-01 07:39:12.100,2023-04-01 07:39:11,32222.0,9821.27,1346.0,1391.0,ascending,/133911h3932.01N/10343.70WO084/082EOSS Baloon/A=032222!W56!,"AE0SS-13>APTT4,EOSS,qAO,W0ARP-2:/133911h3932.01N/10343.70WO084/082EOSS Baloon/A=032222!W56!",84.0,94.0,151.3,39.5335833333,-103.7284333333,17.49,28.15,,,,,,,,0.00038944,2.111e-05,22.43333333,6.83766667,low Re,0.095556,19.079609,0.006847,2.582902,0.064435,1.298433,1.376721,19.547707,0.029122,5.815461,0.002087,0.787287,0.01964,1.29839,1.376527,5.958139,
EOSS-337,KC0D-1,2023-04-01 07:39:31.716,2023-04-01 07:39:30,32618.0,9941.97,1290.0,1410.0,ascending,/133930h3931.98N/10343.22WO093/076/A=032618 148T2695P EOSS BALLOON,"KC0D-1>APZEOS,EOSS,WIDE2-1,qAO,N6BA-10:/133930h3931.98N/10343.22WO093/076/A=032618 148T2695P EOSS BALLOON",93.0,87.0,140.0,39.533,-103.7203333333,17.92,28.84,58.64,14.8,287.95,26950.0,0.27,0.00063264,0.32604995,0.00042222,-1.667e-05,21.5,6.55333333,low Re,-0.031111,19.106804,0.006416,2.580968,0.064191,0.927247,-0.584615,19.745853,-0.009478,5.823752,0.001956,0.786699,0.019566,0.927396,-0.584381,6.018534,
EOSS-337,AE0SS-13,2023-04-01 07:39:42.125,2023-04-01 07:39:41,32757.0,9984.33,1070.0,1421.0,ascending,/133941h3931.96N/10342.94WO091/064EOSS Baloon/A=032757!W92!,"AE0SS-13>APTT4,EOSS,qAO,W0ARP-2:/133941h3931.96N/10342.94WO091/064EOSS Baloon/A=032757!W92!",91.0,74.0,119.1,39.5328166667,-103.7157,18.16,29.22,,,,,,,,0.00042444,-2.556e-05,17.83333333,5.43533333,low Re,-0.122222,19.092654,0.004971,2.569936,0.065266,-0.49002,-1.94884,19.818919,-0.037267,5.819436,0.001515,0.783337,0.019893,-0.490342,-1.94953,6.040801,
EOSS-337,KC0D-1,2023-04-01 07:40:01.634,2023-04-01 07:40:00,33216.0,10124.24,1196.0,1440.0,ascending,/134000h3931.96N/10342.42WO084/078/A=033216 142T2621P EOSS BALLOON,"KC0D-1>APZEOS,EOSS,WIDE2-1,qAO,N6BA-10:/134000h3931.96N/10342.42WO084/078/A=033216 142T2621P EOSS BALLOON",84.0,90.0,144.8,39.5326666667,-103.707,18.6,29.94,57.56,14.2,287.35,26210.0,0.26,0.00061655,0.3177593,0.00044444,-1.111e-05,19.93333333,6.07566667,low Re,0.07,19.101893,0.005693,2.557137,0.065259,0.325145,0.985412,20.070462,0.021344,5.822252,0.001735,0.779436,0.019892,0.325126,0.985773,6.117476,
EOSS-337,AE0SS-13,2023-04-01 07:40:12.362,2023-04-01 07:40:11,33341.0,10162.34,1168.0,1451.0,ascending,/134011h3931.96N/10342.10WO089/078EOSS Baloon/A=033341!W95!,"AE0SS-13>APTT4,EOSS,qAO,W0ARP-2:/134011h3931.96N/10342.10WO089/078EOSS Baloon/A=033341!W95!",89.0,90.0,144.8,39.5328166667,-103.70175,18.87,30.37,,,,,,,,0.000465,0.0,19.46666667,5.93366667,low Re,-0.015556,19.105857,0.00546,2.543333,0.064934,0.141865,-0.323652,20.141133,-0.004733,5.823463,0.001664,0.775229,0.019792,0.142156,-0.323211,6.139017,
EOSS-337,KC0D-1,2023-04-01 07:40:31.683,2023-04-01 07:40:30,33768.0,10292.49,1104.0,1470.0,ascending,/134030h3931.97N/10341.55WO088/077/A=033768 140T2553P EOSS BALLOON,"KC0D-1>APZEOS,EOSS,WIDE2-1,qAO,N6BA-10:/134030h3931.97N/10341.55WO088/077/A=033768 140T2553P EOSS BALLOON",88.0,89.0,143.2,39.5328333333,-103.6925,19.34,31.13,57.2,14.0,287.15,25530.0,0.25,0.00060098,0.30973083,0.00048333,5.56e-06,18.4,5.60833333,low Re,-0.035556,19.098268,0.005014,2.530531,0.064718,-0.275937,-0.626874,20.38685,-0.010844,5.821149,0.001528,0.771327,0.019726,-0.275908,-0.627193,6.213912,
EOSS-337,AE0SS-13,2023-04-01 07:40:42.293,2023-04-01 07:40:41,33938.0,10344.3,1194.0,1481.0,ascending,/134041h3931.95N/10341.23WO096/091EOSS Baloon/A=033938!W81!,"AE0SS-13>APTT4,EOSS,qAO,N6BA-10:/134041h3931.95N/10341.23WO096/091EOSS Baloon/A=033938!W81!",96.0,105.0,169.0,39.5326333333,-103.6871833333,19.62,31.58,,,,,,,,0.00048556,-6.11e-06,19.9,6.06533333,low Re,0.05,19.106797,0.005497,2.518248,0.064534,0.314982,0.689605,20.48566,0.015233,5.823747,0.001675,0.767582,0.01967,0.314737,0.689273,6.244027,
EOSS-337,KC0D-1,2023-04-01 07:41:01.841,2023-04-01 07:41:00,34295.0,10453.12,1054.0,1500.0,ascending,/134100h3931.90N/10340.74WO093/072/A=034295 135T2490P EOSS BALLOON,"KC0D-1>APZEOS,EOSS,WIDE2-1,qAO,N6BA-10:/134100h3931.90N/10340.74WO093/072/A=034295 135T2490P EOSS BALLOON",93.0,83.0,133.6,39.5316666667,-103.679,20.06,32.28,56.3,13.5,286.65,24900.0,0.25,0.00058717,0.30261458,0.00045,-3.889e-05,17.56666667,5.35433333,low Re,-0.077778,19.090585,0.004612,2.509796,0.064758,-0.607188,-1.272275,20.692798,-0.0237,5.818806,0.001406,0.765006,0.019739,-0.607149,-1.271898,6.307167,
EOSS-337,AE0SS-13,2023-04-01 07:41:12.171,2023-04-01 07:41:11,34496.0,10514.38,1116.0,1511.0,ascending,/134111h3931.87N/10340.43WO100/079EOSS Baloon/A=034496!W36!,"AE0SS-13>APTT4,EOSS,qAO,W0ARP-2:/134111h3931.87N/10340.43WO100/079EOSS Baloon/A=034496!W36!",100.0,91.0,146.5,39.5312166667,-103.6739333333,20.33,32.71,,,,,,,,0.00044167,-4.722e-05,18.6,5.66933333,high Re,0.034444,19.085475,0.004926,2.497054,0.064485,-0.194419,0.45775,20.808189,0.0105,5.817249,0.001501,0.761122,0.019655,-0.194339,0.457848,6.342336,low_to_high
EOSS-337,KC0D-1,2023-04-01 07:41:31.810,2023-04-01 07:41:30,34976.0,10660.68,1362.0,1530.0,ascending,/134130h3931.87N/10339.92WO090/082/A=034976 132T2409P EOSS BALLOON,"KC0D-1>APZEOS,EOSS,WIDE2-1,qAO,N6BA-10:/134130h3931.87N/10339.92WO090/082/A=034976 132T2409P EOSS BALLOON",90.0,94.0,151.3,39.5311666667,-103.6653333333,20.77,33.42,55.76,13.2,286.35,24090.0,0.24,0.00056866,0.29307722,0.00045556,-1.667e-05,22.7,6.91866667,high Re,0.136667,19.122738,0.006298,2.510979,0.065539,1.424648,1.989182,21.07593,0.041644,5.828604,0.001919,0.765361,0.019976,1.424246,1.988636,6.423943,
EOSS-337,AE0SS-13,2023-04-01 07:41:42.100,2023-04-01 07:41:41,35132.0,10708.23,1272.0,1541.0,ascending,/134141h3931.86N/10339.60WO084/081EOSS Baloon/A=035132!W81!,"AE0SS-13>APTT4,EOSS,qAO,W0ARP-2:/134141h3931.86N/10339.60WO084/081EOSS Baloon/A=035132!W81!",84.0,93.0,149.7,39.5311333333,-103.6600166667,21.04,33.87,,,,,,,,0.00046389,-2.78e-06,21.2,6.46166667,high Re,-0.05,19.143934,0.005718,2.5068,0.065447,0.820195,-0.851345,21.159546,-0.015233,5.835063,0.001743,0.764087,0.019948,0.820068,-0.851013,6.44943,
EOSS-337,KC0D-1,2023-04-01 07:42:01.664,2023-04-01 07:42:00,35635.0,10861.55,1318.0,1560.0,ascending,/134200h3931.86N/10339.07WO091/085/A=035635 127T2334P EOSS BALLOON,"KC0D-1>APZEOS,EOSS,WIDE2-1,qAO,N6BA-10:/134200h3931.86N/10339.07WO091/085/A=035635 127T2334P EOSS BALLOON",91.0,98.0,157.7,39.531,-103.6511666667,21.5,34.6,54.86,12.7,285.85,23340.0,0.23,0.00055192,0.28444945,0.00047222,-5.56e-06,21.96666667,6.69566667,high Re,0.025556,19.172447,0.00592,2.510061,0.06514,1.113208,0.301443,21.41327,0.0078,5.843756,0.001804,0.765083,0.019855,1.113488,0.301989,6.526769,
EOSS-337,AE0SS-13,2023-04-01 07:42:12.148,2023-04-01 07:42:11,35759.0,10899.34,1254.0,1571.0,ascending,/134211h3931.83N/10338.74WO095/079EOSS Baloon/A=035759!W87!,"AE0SS-13>APTT4,EOSS,qAO,W0ARP-2:/134211h3931.83N/10338.74WO095/079EOSS Baloon/A=035759!W87!",95.0,91.0,146.5,39.5306333333,-103.6457833333,21.79,35.06,,,,,,,,0.00047444,-1.667e-05,20.9,6.37033333,high Re,-0.035556,19.189722,0.005501,2.50332,0.06494,0.683204,-0.63223,21.471394,-0.010844,5.849022,0.001677,0.763028,0.019794,0.683214,-0.632565,6.544483,
EOSS-337,KC0D-1,2023-04-01 07:42:31.665,2023-04-01 07:42:30,36152.0,11019.13,1034.0,1590.0,ascending,/134230h3931.81N/10338.27WO088/071/A=036152 125T2275P EOSS BALLOON,"KC0D-1>APZEOS,EOSS,WIDE2-1,qAO,N6BA-10:/134230h3931.81N/10338.27WO088/071/A=036152 125T2275P EOSS BALLOON",88.0,82.0,132.0,39.5301666667,-103.6378333333,22.2,35.73,54.5,12.5,285.65,22750.0,0.22,0.00053835,0.27745313,0.00044444,-2.778e-05,17.23333333,5.25266667,high Re,-0.122222,19.170352,0.004224,2.498367,0.065862,-0.775314,-1.919863,21.64181,-0.037256,5.843118,0.001287,0.761519,0.020075,-0.77536,-1.91995,6.596429,
EOSS-337,AE0SS-13,2023-04-01 07:42:42.355,2023-04-01 07:42:41,36317.0,11069.42,1116.0,1601.0,ascending,/134241h3931.81N/10337.96WO092/085EOSS Baloon/A=036317!W22!,"AE0SS-13>APTT4,EOSS,qAO,N6BA-10:/134241h3931.81N/10337.96WO092/085EOSS Baloon/A=036317!W22!",92.0,98.0,157.7,39.5302,-103.6327,22.47,36.16,,,,,,,,0.00043611,-1.444e-05,18.6,5.66933333,high Re,0.045556,19.16476,0.004633,2.48661,0.065661,-0.22712,0.623247,21.70648,0.013889,5.841414,0.001412,0.757935,0.020013,-0.227039,0.623445,6.61614,
EOSS-337,KC0D-1,2023-04-01 07:43:01.741,2023-04-01 07:43:00,36790.0,11213.59,1276.0,1620.0,ascending,/134300h3931.82N/10337.45WO090/074/A=036790 119T2206P EOSS BALLOON,"KC0D-1>APZEOS,EOSS,WIDE2-1,qAO,N6BA-10:/134300h3931.82N/10337.45WO090/074/A=036790 119T2206P EOSS BALLOON",90.0,85.0,136.8,39.5303333333,-103.6241666667,22.91,36.87,53.42,11.9,285.05,22060.0,0.22,0.00052312,0.26960436,0.00045556,5.56e-06,21.26666667,6.482,high Re,0.088889,19.185167,0.005459,2.483043,0.065865,0.838286,1.266682,21.866517,0.027089,5.847633,0.001664,0.756847,0.020076,0.838171,1.266438,6.664921,
EOSS-337,KC0D-1,2023-04-01 07:43:31.671,2023-04-01 07:43:30,37583.0,11455.3,1586.0,1650.0,ascending,/134330h3931.81N/10336.57WO085/090/A=037583 117T2121P EOSS BALLOON,"KC0D-1>APZEOS,EOSS,WIDE2-1,qAO,N6BA-10:/134330h3931.81N/10336.57WO085/090/A=037583 117T2121P EOSS BALLOON",85.0,104.0,167.4,39.5301666667,-103.6095,23.67,38.09,53.06,11.7,284.85,21210.0,0.21,0.00050332,0.25939816,0.00048889,-5.56e-06,26.43333333,8.057,high Re,0.172222,19.254861,0.007078,2.571147,0.06757,2.791934,2.444043,22.040143,0.0525,5.868877,0.002157,0.783704,0.020596,2.792027,2.44431,6.717844,
EOSS-337,AE0SS-13,2023-04-01 07:43:42.296,2023-04-01 07:43:41,37803.0,11522.35,1486.0,1661.0,ascending,/134341h3931.80N/10336.22WO092/085EOSS Baloon/A=037803!W91!,"AE0SS-13>APTT4,EOSS,qAO,N6BA-10:/134341h3931.80N/10336.22WO092/085EOSS Baloon/A=037803!W91!",92.0,98.0,157.7,39.53015,-103.6036833333,23.97,38.58,,,,,,,,0.00048361,-8.3e-07,24.76666667,7.54883333,high Re,-0.027778,19.307354,0.006743,2.614682,0.067328,2.087945,-0.512729,22.065521,-0.008469,5.884877,0.002055,0.796972,0.020522,2.087848,-0.512816,6.725579,
EOSS-337,KC0D-1,2023-04-01 07:44:01.653,2023-04-01 07:44:00,38397.0,11703.41,1628.0,1680.0,ascending,/134400h3931.83N/10335.64WO086/085/A=038397 111T2038P EOSS BALLOON,"KC0D-1>APZEOS,EOSS,WIDE2-1,qAO,N6BA-10:/134400h3931.83N/10335.64WO086/085/A=038397 111T2038P EOSS BALLOON",86.0,98.0,157.7,39.5305,-103.594,24.47,39.38,51.98,11.1,284.25,20380.0,0.2,0.00048464,0.24977338,0.00051667,1.111e-05,27.13333333,8.27033333,high Re,0.078889,19.381184,0.00743,2.710949,0.067372,2.85957,1.060663,22.082433,0.02405,5.907381,0.002265,0.826316,0.020535,2.859623,1.060872,6.730734,
EOSS-337,AE0SS-13,2023-04-01 07:44:12.109,2023-04-01 07:44:11,38686.0,11791.49,1766.0,1691.0,ascending,/134411h3931.82N/10335.29WO097/100EOSS Baloon/A=038686!W22!,"AE0SS-13>APTT4,EOSS,qAO,W0ARP-2:/134411h3931.82N/10335.29WO097/100EOSS Baloon/A=038686!W22!",97.0,115.0,185.1,39.5303666667,-103.5882,24.77,39.87,,,,,,,,0.00051611,7.22e-06,29.43333333,8.97133333,high Re,0.076667,19.47513,0.008083,2.867798,0.067387,3.472421,1.017763,22.063343,0.023367,5.936016,0.002464,0.874125,0.02054,3.472406,1.017673,6.724916,
EOSS-337,KC0D-1,2023-04-01 07:44:31.713,2023-04-01 07:44:30,39227.0,11956.39,1660.0,1710.0,ascending,/134430h3931.83N/10334.66WO092/089/A=039227 109T1957P EOSS BALLOON,"KC0D-1>APZEOS,EOSS,WIDE2-1,qAO,N6BA-10:/134430h3931.83N/10334.66WO092/089/A=039227 109T1957P EOSS BALLOON",92.0,102.0,164.2,39.5305,-103.5776666667,25.32,40.74,51.62,10.9,284.05,19570.0,0.19,0.00046571,0.24001505,0.00054444,0.0,27.66666667,8.43266667,high Re,-0.058889,19.550977,0.007457,2.961201,0.06738,2.740675,-0.984654,21.980773,-0.017956,5.959133,0.002273,0.90259,0.020538,2.740484,-0.984955,6.699748,
EOSS-337,AE0SS-13,2023-04-01 07:44:42.171,2023-04-01 07:44:41,39503.0,12040.51,1634.0,1721.0,ascending,/134441h3931.83N/10334.29WO081/085EOSS Baloon/A=039503!W90!,"AE0SS-13>APTT4,EOSS,qAO,W0ARP-2:/134441h3931.83N/10334.29WO081/085EOSS Baloon/A=039503!W90!",81.0,98.0,157.7,39.53065,-103.5715,25.64,41.26,,,,,,,,0.00055667,9.44e-06,27.23333333,8.30066667,high Re,-0.014444,19.621458,0.007255,3.037923,0.067098,2.505618,-0.323393,21.91618,-0.0044,5.980615,0.002211,0.925973,0.020452,2.505528,-0.323245,6.680061,
EOSS-337,KC0D-1,2023-04-01 07:45:01.993,2023-04-01 07:45:00,39999.0,12191.7,1544.0,1740.0,ascending,/134500h3931.88N/10333.67WO086/102/A=039999 103T1885P EOSS BALLOON,"KC0D-1>APZEOS,EOSS,WIDE2-1,qAO,N6BA-10:/134500h3931.88N/10333.67WO086/102/A=039999 103T1885P EOSS BALLOON",86.0,117.0,188.3,39.5313333333,-103.5611666667,26.16,42.11,50.54,10.3,283.45,18850.0,0.19,0.00044952,0.23167402,0.00055,2.778e-05,25.73333333,7.84366667,high Re,-0.05,19.67702,0.006729,3.079593,0.067011,1.966595,-0.846563,21.765098,-0.015233,5.997552,0.002051,0.938677,0.020425,1.96672,-0.846218,6.634008,
EOSS-337,AE0SS-13,2023-04-01 07:45:12.157,2023-04-01 07:45:11,40176.0,12245.64,1346.0,1751.0,ascending,/134511h3931.89N/10333.30WO087/086EOSS Baloon/A=040176!W44!,"AE0SS-13>APTT4,EOSS,qAO,W0ARP-2:/134511h3931.89N/10333.30WO087/086EOSS Baloon/A=040176!W44!",87.0,99.0,159.3,39.5315666667,-103.5550666667,26.48,42.61,,,,,,,,0.00054778,3.056e-05,22.43333333,6.83766667,high Re,-0.11,19.701852,0.005668,3.076706,0.067625,0.887794,-1.710433,21.701207,-0.033533,6.005121,0.001728,0.937796,0.020613,0.887768,-1.71062,6.614537,
EOSS-337,KC0D-1,2023-04-01 07:45:31.704,2023-04-01 07:45:30,40561.0,12362.99,1124.0,1770.0,ascending,/134530h3931.91N/10332.72WO085/085/A=040561 101T1835P EOSS BALLOON,"KC0D-1>APZEOS,EOSS,WIDE2-1,qAO,N6BA-10:/134530h3931.91N/10332.72WO085/085/A=040561 101T1835P EOSS BALLOON",85.0,98.0,157.7,39.5318333333,-103.5453333333,26.98,43.42,50.18,10.1,283.25,18350.0,0.18,0.00043791,0.22568807,0.00052778,1.667e-05,18.73333333,5.70966667,high Re,-0.123333,19.693204,0.004506,3.064183,0.068422,-0.313255,-1.86839,21.546299,-0.0376,6.002483,0.001373,0.93398,0.020855,-0.313515,-1.86876,6.56732,
EOSS-337,AE0SS-13,2023-04-01 07:45:42.127,2023-04-01 07:45:41,40697.0,12404.45,1042.0,1781.0,ascending,/134541h3931.94N/10332.37WO081/091EOSS Baloon/A=040697!W31!,"AE0SS-13>APTT4,EOSS,qAO,W0ARP-2:/134541h3931.94N/10332.37WO081/091EOSS Baloon/A=040697!W31!",81.0,105.0,169.0,39.5323833333,-103.5395166667,27.28,43.9,,,,,,,,0.00051833,2.722e-05,17.36666667,5.29366667,high Re,-0.045556,19.672616,0.004059,3.058314,0.068277,-0.753994,-0.726672,21.48689,-0.013867,5.99621,0.001237,0.932189,0.020811,-0.753649,-0.72577,6.549208,
EOSS-337,KC0D-1,2023-04-01 07:46:01.682,2023-04-01 07:46:00,41131.0,12536.73,1140.0,1800.0,ascending,/134600h3931.95N/10331.79WO083/088/A=041131 95T1783P EOSS BALLOON,"KC0D-1>APZEOS,EOSS,WIDE2-1,qAO,N6BA-10:/134600h3931.95N/10331.79WO083/088/A=041131 95T1783P EOSS BALLOON",83.0,101.0,162.5,39.5325,-103.5298333333,27.78,44.71,49.1,9.5,282.65,17830.0,0.18,0.0004264,0.21975805,0.00051667,2.222e-05,19.0,5.79133333,high Re,0.054444,19.666715,0.004505,3.045403,0.068136,-0.218925,0.732931,21.283701,0.016589,5.994413,0.001373,0.928253,0.020768,-0.218776,0.732666,6.487276,
EOSS-337,AE0SS-13,2023-04-01 07:46:12.104,2023-04-01 07:46:11,41295.0,12586.72,1196.0,1811.0,ascending,/134611h3931.95N/10331.47WO095/086EOSS Baloon/A=041295!W62!,"AE0SS-13>APTT4,EOSS,qAO,W0ARP-2:/134611h3931.95N/10331.47WO095/086EOSS Baloon/A=041295!W62!",95.0,99.0,159.3,39.5326,-103.5245333333,28.06,45.16,,,,,,,,0.00049944,7.22e-06,19.93333333,6.07566667,high Re,0.031111,19.669034,0.004738,3.032119,0.06788,0.087167,0.388524,21.202427,0.009478,5.995119,0.001444,0.924204,0.02069,0.087154,0.388304,6.462502,
EOSS-337,KC0D-1,2023-04-01 07:46:31.783,2023-04-01 07:46:30,41660.0,12697.97,1058.0,1830.0,ascending,/134630h3931.95N/10330.90WO091/075/A=041660 93T1738P EOSS BALLOON,"KC0D-1>APZEOS,EOSS,WIDE2-1,qAO,N6BA-10:/134630h3931.95N/10330.90WO091/075/A=041660 93T1738P EOSS BALLOON",91.0,86.0,138.4,39.5325,-103.515,28.56,45.96,48.74,9.3,282.45,17380.0,0.17,0.00041593,0.2143634,0.00049444,0.0,17.63333333,5.37466667,high Re,-0.076667,19.651485,0.00403,3.024818,0.068007,-0.667198,-1.186598,21.015144,-0.023367,5.989771,0.001228,0.921978,0.020729,-0.667157,-1.186502,6.405418,
EOSS-337,AE0SS-13,2023-04-01 07:46:42.505,2023-04-01 07:46:41,41718.0,12715.65,846.0,1841.0,ascending,/134641h3931.93N/10330.60WO090/073EOSS Baloon/A=041718!W91!,"AE0SS-13>APTT4,EOSS,qAO,N6BA-10:/134641h3931.93N/10330.60WO090/073EOSS Baloon/A=041718!W91!",90.0,84.0,135.2,39.5323166667,-103.5100166667,28.82,46.38,,,,,,,,0.00048389,-9.44e-06,14.1,4.29766667,high Re,-0.117778,19.604036,0.00298,3.055169,0.068648,-1.801549,-1.75909,20.984767,-0.0359,5.975308,0.000908,0.931229,0.020924,-1.801535,-1.759128,6.396158,
EOSS-337,KC0D-1,2023-04-01 07:47:01.825,2023-04-01 07:47:00,42047.0,12815.93,774.0,1860.0,ascending,/134700h3931.93N/10330.08WO084/071/A=042047 88T1705P EOSS BALLOON,"KC0D-1>APZEOS,EOSS,WIDE2-1,qAO,N6BA-10:/134700h3931.93N/10330.08WO084/071/A=042047 88T1705P EOSS BALLOON",84.0,82.0,132.0,39.5321666667,-103.5013333333,29.28,47.12,47.84,8.8,281.95,17050.0,0.17,0.00040876,0.21066614,0.00045556,-1.111e-05,12.9,3.932,high Re,-0.04,19.547222,0.002613,3.104056,0.068467,-2.141463,-0.622387,20.810581,-0.012189,5.957992,0.000796,0.946128,0.020869,-2.141351,-0.622215,6.343065,
EOSS-337,AE0SS-13,2023-04-01 07:47:12.154,2023-04-01 07:47:11,42135.0,12842.75,834.0,1871.0,ascending,/134711h3931.93N/10329.81WO095/065EOSS Baloon/A=042135!W94!,"AE0SS-13>APTT4,EOSS,qAO,W0ARP-2:/134711h3931.93N/10329.81WO095/065EOSS Baloon/A=042135!W94!",95.0,75.0,120.7,39.5323166667,-103.4969,29.51,47.49,,,,,,,,0.00043722,0.0,13.9,4.23666667,high Re,0.033333,19.499767,0.002873,3.133927,0.068233,-1.786821,0.446412,20.763694,0.010156,5.943527,0.000876,0.955234,0.020798,-1.78685,0.446197,6.328774,
EOSS-337,KC0D-1,2023-04-01 07:47:31.813,2023-04-01 07:47:30,42469.0,12944.55,844.0,1890.0,ascending,/134730h3931.95N/10329.39WO089/064/A=042469 86T1671P EOSS BALLOON,"KC0D-1>APZEOS,EOSS,WIDE2-1,qAO,N6BA-10:/134730h3931.95N/10329.39WO089/064/A=042469 86T1671P EOSS BALLOON",89.0,74.0,119.1,39.5325,-103.4898333333,29.88,48.08,47.48,8.6,281.75,16710.0,0.16,0.00040089,0.20661173,0.00038333,1.111e-05,14.06666667,4.28733333,high Re,0.005556,19.454491,0.002896,3.159898,0.067943,-1.705063,0.03915,20.586087,0.001689,5.929725,0.000883,0.963152,0.020709,-1.705226,0.03892,6.27464,
EOSS-337,AE0SS-13,2023-04-01 07:47:42.101,2023-04-01 07:47:41,42604.0,12985.7,938.0,1901.0,ascending,/134741h3931.96N/10329.12WO083/075EOSS Baloon/A=042604!W82!,"AE0SS-13>APTT4,EOSS,qAO,W0ARP-2:/134741h3931.96N/10329.12WO083/075EOSS Baloon/A=042604!W82!",83.0,86.0,138.4,39.5328,-103.4853666667,30.11,48.45,,,,,,,,0.00038444,1.611e-05,15.63333333,4.765,high Re,0.052222,19.422911,0.003307,3.16582,0.067807,-1.197029,0.721386,20.514949,0.015922,5.9201,0.001008,0.964957,0.020668,-1.197048,0.721599,6.252956,
EOSS-337,KC0D-1,2023-04-01 07:48:01.643,2023-04-01 07:48:00,43056.0,13123.47,1174.0,1920.0,ascending,/134800h3931.99N/10328.65WO086/066/A=043056 81T1625P EOSS BALLOON,"KC0D-1>APZEOS,EOSS,WIDE2-1,qAO,N6BA-10:/134800h3931.99N/10328.65WO086/066/A=043056 81T1625P EOSS BALLOON",86.0,76.0,122.3,39.5331666667,-103.4775,30.52,49.11,46.58,8.1,281.25,16250.0,0.16,0.00039055,0.20128123,0.00041111,2.222e-05,19.56666667,5.964,high Re,0.131111,19.424089,0.004363,3.152738,0.068516,0.045223,1.849904,20.282825,0.039967,5.920459,0.00133,0.96097,0.020884,0.045309,1.850077,6.182203,
EOSS-337,AE0SS-13,2023-04-01 07:48:12.494,2023-04-01 07:48:11,43293.0,13195.71,1378.0,1931.0,ascending,/134811h3931.97N/10328.39WO098/058EOSS Baloon/A=043293!W77!,"AE0SS-13>APTT4,EOSS,qAO,N6BA-10:/134811h3931.97N/10328.39WO098/058EOSS Baloon/A=043293!W77!",98.0,67.0,107.8,39.53295,-103.4732833333,30.74,49.47,,,,,,,,0.00040278,5e-06,22.96666667,7.00033333,high Re,0.113333,19.452891,0.005256,3.155997,0.068942,1.113365,1.567651,20.166615,0.034544,5.929239,0.001602,0.961964,0.021014,1.113445,1.567622,6.14678,
EOSS-337,KC0D-1,2023-04-01 07:48:31.634,2023-04-01 07:48:30,43836.0,13361.21,1560.0,1950.0,ascending,/134830h3932.00N/10327.97WO084/062/A=043836 79T1565P EOSS BALLOON,"KC0D-1>APZEOS,EOSS,WIDE2-1,qAO,N6BA-10:/134830h3932.00N/10327.97WO084/062/A=043836 79T1565P EOSS BALLOON",84.0,71.0,114.3,39.5333333333,-103.4661666667,31.11,50.06,46.22,7.9,281.05,15650.0,0.15,0.0003764,0.19398726,0.00037778,5.56e-06,26.0,7.92466667,high Re,0.101111,19.50569,0.006036,3.197659,0.069201,2.030958,1.373896,19.921037,0.030811,5.945331,0.00184,0.97466,0.021093,2.030796,1.373489,6.071929,
EOSS-337,AE0SS-13,2023-04-01 07:48:42.129,2023-04-01 07:48:41,44107.0,13443.81,1628.0,1961.0,ascending,/134841h3931.99N/10327.69WO086/068EOSS Baloon/A=044107!W98!,"AE0SS-13>APTT4,EOSS,qAO,W0ARP-2:/134841h3931.99N/10327.69WO086/068EOSS Baloon/A=044107!W98!",86.0,78.0,125.5,39.5333166667,-103.4616333333,31.35,50.45,,,,,,,,0.00038833,1.222e-05,27.13333333,8.27,high Re,0.037778,19.566711,0.006292,3.256994,0.068978,2.323192,0.456464,19.811796,0.011511,5.963928,0.001918,0.99274,0.021025,2.322937,0.456266,6.038631,
EOSS-337,KC0D-1,2023-04-01 07:49:01.656,2023-04-01 07:49:00,44564.0,13583.11,1456.0,1980.0,ascending,/134900h3932.02N/10327.21WO088/069/A=044564 74T1511P EOSS BALLOON,"KC0D-1>APZEOS,EOSS,WIDE2-1,qAO,N6BA-10:/134900h3932.02N/10327.21WO088/069/A=044564 74T1511P EOSS BALLOON",88.0,79.0,127.1,39.5336666667,-103.4535,31.77,51.13,45.32,7.4,280.55,15110.0,0.15,0.00036406,0.18762756,0.00042222,1.111e-05,24.26666667,7.39666667,high Re,-0.095556,19.604012,0.005477,3.27085,0.0693,1.425518,-1.457908,19.651639,-0.029111,5.975299,0.001669,0.996966,0.021123,1.425693,-1.457179,5.989812,
EOSS-337,AE0SS-13,2023-04-01 07:49:12.167,2023-04-01 07:49:11,44763.0,13643.76,1312.0,1991.0,ascending,/134911h3932.02N/10326.92WO082/067EOSS Baloon/A=044763!W63!,"AE0SS-13>APTT4,EOSS,qAO,W0ARP-2:/134911h3932.02N/10326.92WO082/067EOSS Baloon/A=044763!W63!",82.0,77.0,123.9,39.5337666667,-103.4487166667,32.02,51.53,,,,,,,,0.00043056,1.5e-05,21.86666667,6.665,high Re,-0.08,19.621829,0.004798,3.264025,0.069441,0.687751,-1.221152,19.592255,-0.024389,5.98073,0.001463,0.994886,0.021166,0.687787,-1.221393,5.971712,
EOSS-337,KC0D-1,2023-04-01 07:49:31.686,2023-04-01 07:49:30,45247.0,13791.29,1366.0,2010.0,ascending,/134930h3932.02N/10326.43WO089/072/A=045247 73T1462P EOSS BALLOON,"KC0D-1>APZEOS,EOSS,WIDE2-1,qAO,N6BA-10:/134930h3932.02N/10326.43WO089/072/A=045247 73T1462P EOSS BALLOON",89.0,83.0,133.6,39.5336666667,-103.4405,32.45,52.23,45.14,7.3,280.45,14620.0,0.14,0.00035238,0.18160775,0.00043333,0.0,22.76666667,6.93933333,high Re,0.03,19.646398,0.004997,3.263011,0.069201,0.956254,0.36131,19.476141,0.009144,5.988219,0.001523,0.994577,0.021093,0.9563,0.361305,5.936318,
EOSS-337,KC0D-1,2023-04-01 07:50:01.673,2023-04-01 07:50:00,45866.0,13979.96,1238.0,2040.0,ascending,/135000h3932.03N/10325.68WO086/068/A=045866 68T1419P EOSS BALLOON,"KC0D-1>APZEOS,EOSS,WIDE2-1,qAO,N6BA-10:/135000h3932.03N/10325.68WO086/068/A=045866 68T1419P EOSS BALLOON",86.0,78.0,125.5,39.5338333333,-103.428,33.11,53.28,44.24,6.8,279.95,14190.0,0.14,0.00034262,0.17658116,0.00041667,5.56e-06,20.63333333,6.289,high Re,-0.071111,19.654048,0.004402,3.251401,0.069256,0.301189,-1.090346,19.388624,-0.021678,5.990551,0.001342,0.991038,0.021109,0.301148,-1.09053,5.909642,
EOSS-337,AE0SS-13,2023-04-01 07:50:12.312,2023-04-01 07:50:11,46095.0,14049.76,1332.0,2051.0,ascending,/135011h3932.02N/10325.41WO086/083EOSS Baloon/A=046095!W40!,"AE0SS-13>APTT4,EOSS,qAO,N6BA-10:/135011h3932.02N/10325.41WO086/083EOSS Baloon/A=046095!W40!",86.0,96.0,154.5,39.5337333333,-103.4235,33.34,53.66,,,,,,,,0.00042028,-5.6e-07,22.2,6.76666667,high Re,0.026111,19.673632,0.004571,3.246462,0.069011,0.778191,0.312124,19.373665,0.007961,5.996521,0.001393,0.989534,0.021035,0.778291,0.312242,5.905083,
EOSS-337,KC0D-1,2023-04-01 07:50:31.634,2023-04-01 07:50:30,46567.0,14193.62,1402.0,2070.0,ascending,/135030h3932.04N/10325.00WO083/057/A=046567 67T1371P EOSS BALLOON,"KC0D-1>APZEOS,EOSS,WIDE2-1,qAO,N6BA-10:/135030h3932.04N/10325.00WO083/057/A=046567 67T1371P EOSS BALLOON",83.0,66.0,106.2,39.534,-103.4166666667,33.7,54.24,44.06,6.7,279.85,13710.0,0.14,0.00033115,0.17066898,0.00037778,5.56e-06,23.36666667,7.122,high Re,0.038889,19.701824,0.004835,3.250009,0.068809,1.127641,0.494906,19.371302,0.011844,6.005112,0.001473,0.990613,0.020973,1.127472,0.494493,5.904362,
EOSS-337,AE0SS-13,2023-04-01 07:50:42.121,2023-04-01 07:50:41,46682.0,14228.67,1174.0,2081.0,ascending,/135041h3932.04N/10324.77WO086/063EOSS Baloon/A=046682!W75!,"AE0SS-13>APTT4,EOSS,qAO,W0ARP-2:/135041h3932.04N/10324.77WO086/063EOSS Baloon/A=046682!W75!",86.0,72.0,115.9,39.5341166667,-103.4129166667,33.9,54.55,,,,,,,,0.00035278,1.278e-05,19.56666667,5.96366667,high Re,-0.126667,19.7008,0.003831,3.237602,0.0695,-0.04143,-1.877669,19.376249,-0.038611,6.004798,0.001167,0.986831,0.021184,-0.04168,-1.877738,5.90587,
EOSS-337,KC0D-1,2023-04-01 07:51:01.697,2023-04-01 07:51:00,47174.0,14378.64,1214.0,2100.0,ascending,/135100h3932.08N/10324.37WO075/063/A=047174 63T1331P EOSS BALLOON,"KC0D-1>APZEOS,EOSS,WIDE2-1,qAO,N6BA-10:/135100h3932.08N/10324.37WO075/063/A=047174 63T1331P EOSS BALLOON",75.0,72.0,115.9,39.5346666667,-103.4061666667,34.25,55.11,43.34,6.3,279.45,13310.0,0.13,0.00032195,0.16592674,0.00035,2.222e-05,20.23333333,6.16733333,high Re,0.022222,19.704804,0.00397,3.225645,0.069253,0.163852,0.263555,19.419492,0.006789,6.00602,0.00121,0.983187,0.021108,0.164072,0.264307,5.919051,
EOSS-337,AE0SS-13,2023-04-01 07:51:12.302,2023-04-01 07:51:11,47378.0,14440.81,1392.0,2111.0,ascending,/135111h3932.09N/10324.13WO090/070EOSS Baloon/A=047378!W61!,"AE0SS-13>APTT4,EOSS,qAO,N6BA-10:/135111h3932.09N/10324.13WO090/070EOSS Baloon/A=047378!W61!",90.0,81.0,130.4,39.5349333333,-103.4021833333,34.45,55.45,,,,,,,,0.00035778,2.722e-05,23.2,7.07133333,high Re,0.098889,19.730887,0.004684,3.22765,0.069479,1.074811,1.355877,19.446851,0.030133,6.013971,0.001428,0.983798,0.021177,1.074776,1.35548,5.927389,
EOSS-337,KC0D-1,2023-04-01 07:51:31.704,2023-04-01 07:51:30,47820.0,14575.54,1292.0,2130.0,ascending,/135130h3932.12N/10323.75WO091/053/A=047820 61T1289P EOSS BALLOON,"KC0D-1>APZEOS,EOSS,WIDE2-1,qAO,N6BA-10:/135130h3932.12N/10323.75WO091/053/A=047820 61T1289P EOSS BALLOON",91.0,61.0,98.2,39.5353333333,-103.3958333333,34.78,55.98,42.98,6.1,279.25,12890.0,0.13,0.00031202,0.16080598,0.00034444,2.222e-05,21.53333333,6.56333333,high Re,-0.055556,19.744239,0.004234,3.219323,0.069413,0.555736,-0.861366,19.521524,-0.016933,6.01804,0.00129,0.98126,0.021157,0.555707,-0.861322,5.950151,
EOSS-337,AE0SS-13,2023-04-01 07:51:42.108,2023-04-01 07:51:41,47923.0,14606.93,1090.0,2141.0,ascending,/135141h3932.11N/10323.52WO111/057EOSS Baloon/A=047923!W05!,"AE0SS-13>APTT4,EOSS,qAO,W0ARP-2:/135141h3932.11N/10323.52WO111/057EOSS Baloon/A=047923!W05!",111.0,66.0,106.2,39.5351666667,-103.3920833333,34.98,56.3,,,,,,,,0.00033667,7.78e-06,18.16666667,5.53733333,high Re,-0.112222,19.732639,0.003372,3.210229,0.069876,-0.487807,-1.654273,19.541425,-0.0342,6.014505,0.001028,0.978487,0.021298,-0.487663,-1.654052,5.956216,
EOSS-337,KC0D-1,2023-04-01 07:52:01.698,2023-04-01 07:52:00,48198.0,14690.75,756.0,2160.0,ascending,/135200h3932.13N/10323.15WO089/054/A=048198 57T1265P EOSS BALLOON,"KC0D-1>APZEOS,EOSS,WIDE2-1,qAO,N6BA-10:/135200h3932.13N/10323.15WO089/054/A=048198 57T1265P EOSS BALLOON",89.0,62.0,99.8,39.5355,-103.3858333333,35.31,56.82,42.26,5.7,278.85,12650.0,0.12,0.00030664,0.15803829,0.00033333,5.56e-06,12.6,3.84033333,high Re,-0.185556,19.680576,0.001982,3.25594,0.071477,-2.174664,-2.623753,19.598031,-0.056567,5.998635,0.000604,0.992422,0.021786,-2.174782,-2.624208,5.97347,
EOSS-337,AE0SS-13,2023-04-01 07:52:12.233,2023-04-01 07:52:11,48313.0,14725.8,780.0,2171.0,ascending,/135211h3932.12N/10322.93WO104/064EOSS Baloon/A=048313!W85!,"AE0SS-13>APTT4,EOSS,qAO,N6BA-10:/135211h3932.12N/10322.93WO104/064EOSS Baloon/A=048313!W85!",104.0,74.0,119.1,39.5354666667,-103.38225,35.5,57.13,,,,,,,,0.00032778,1e-05,13.0,3.96233333,high Re,0.013333,19.632166,0.002065,3.293504,0.07122,-2.013711,0.158214,19.622882,0.004067,5.98388,0.000629,1.003872,0.021708,-2.013749,0.158375,5.981044,
EOSS-337,KC0D-1,2023-04-01 07:52:31.861,2023-04-01 07:52:30,48764.0,14863.27,1132.0,2190.0,ascending,/135230h3932.16N/10322.48WO086/072/A=048764 56T1231P EOSS BALLOON,"KC0D-1>APZEOS,EOSS,WIDE2-1,qAO,N6BA-10:/135230h3932.16N/10322.48WO086/072/A=048764 56T1231P EOSS BALLOON",86.0,83.0,133.6,39.536,-103.3746666667,35.89,57.76,42.08,5.6,278.75,12310.0,0.12,0.00029851,0.15384579,0.00037222,1.667e-05,18.86666667,5.75066667,high Re,0.195556,19.626659,0.003467,3.282192,0.072846,-0.23155,2.636919,19.723847,0.059611,5.982202,0.001057,1.000424,0.022204,-0.231437,2.637092,6.01182,
EOSS-337,AE0SS-13,2023-04-01 07:52:42.155,2023-04-01 07:52:41,48914.0,14908.99,1202.0,2201.0,ascending,/135241h3932.19N/10322.20WO080/073EOSS Baloon/A=048914!W05!,"AE0SS-13>APTT4,EOSS,qAO,W0ARP-2:/135241h3932.19N/10322.20WO080/073EOSS Baloon/A=048914!W05!",80.0,84.0,135.2,39.5365,-103.3700833333,36.13,58.14,,,,,,,,0.00040556,3.444e-05,20.03333333,6.10633333,high Re,0.038889,19.629563,0.003722,3.270544,0.072644,0.123457,0.484101,19.75767,0.011856,5.983088,0.001134,0.996874,0.022142,0.123632,0.484238,6.02213,
EOSS-337,KC0D-1,2023-04-01 07:53:01.715,2023-04-01 07:53:00,49240.0,15008.35,952.0,2220.0,ascending,/135300h3932.24N/10321.78WO085/063/A=049240 52T1202P EOSS BALLOON,"KC0D-1>APZEOS,EOSS,WIDE2-1,qAO,N6BA-10:/135300h3932.24N/10321.78WO085/063/A=049240 52T1202P EOSS BALLOON",85.0,72.0,115.9,39.5373333333,-103.363,36.49,58.73,41.36,5.2,278.35,12020.0,0.12,0.0002919,0.15043736,0.00038889,4.444e-05,15.86666667,4.836,high Re,-0.138889,19.602876,0.002703,3.274214,0.073379,-1.141101,-1.929598,19.829355,-0.042344,5.974953,0.000824,0.997994,0.022366,-1.141242,-1.930072,6.043979,
EOSS-337,AE0SS-13,2023-04-01 07:53:12.114,2023-04-01 07:53:11,49357.0,15044.01,886.0,2231.0,ascending,/135311h3932.24N/10321.53WO088/050EOSS Baloon/A=049357!W95!,"AE0SS-13>APTT4,EOSS,qAO,W0ARP-2:/135311h3932.24N/10321.53WO088/050EOSS Baloon/A=049357!W95!",88.0,58.0,93.3,39.5374833333,-103.3589166667,36.71,59.08,,,,,,,,0.00037222,3.278e-05,14.76666667,4.50066667,high Re,-0.036667,19.568818,0.002424,3.287728,0.073192,-1.460629,-0.534088,19.853997,-0.011178,5.964571,0.000739,1.002115,0.022309,-1.460815,-0.534179,6.05149,
EOSS-337,KC0D-1,2023-04-01 07:53:31.881,2023-04-01 07:53:30,49762.0,15167.46,1044.0,2250.0,ascending,/135330h3932.26N/10321.10WO090/060/A=049762 52T1171P EOSS BALLOON,"KC0D-1>APZEOS,EOSS,WIDE2-1,qAO,N6BA-10:/135330h3932.26N/10321.10WO090/060/A=049762 52T1171P EOSS BALLOON",90.0,69.0,111.0,39.5376666667,-103.3516666667,37.09,59.69,41.36,5.2,278.35,11710.0,0.12,0.00028437,0.14655752,0.00037778,1.111e-05,17.4,5.30366667,high Re,0.087778,19.553652,0.003025,3.281148,0.073282,-0.656371,1.156532,19.93216,0.026767,5.959949,0.000922,1.000109,0.022337,-0.656211,1.157049,6.075316,
EOSS-337,AE0SS-13,2023-04-01 07:53:42.109,2023-04-01 07:53:41,49918.0,15215.01,1122.0,2261.0,ascending,/135341h3932.27N/10320.86WO083/051EOSS Baloon/A=049918!W14!,"AE0SS-13>APTT4,EOSS,qAO,W0ARP-2:/135341h3932.27N/10320.86WO083/051EOSS Baloon/A=049918!W14!",83.0,59.0,95.0,39.53785,-103.3477333333,37.29,60.02,,,,,,,,0.00037278,1.222e-05,18.7,5.7,high Re,0.043333,19.547724,0.003307,3.270429,0.073102,-0.259209,0.547536,19.958454,0.013211,5.958144,0.001008,0.996841,0.022282,-0.258962,0.547662,6.083331,
EOSS-337,KC0D-1,2023-04-01 07:54:01.700,2023-04-01 07:54:00,50347.0,15345.77,1170.0,2280.0,ascending,/135400h3932.27N/10320.45WO092/059/A=050347 48T1138P EOSS BALLOON,"KC0D-1>APZEOS,EOSS,WIDE2-1,qAO,N6BA-10:/135400h3932.27N/10320.45WO092/059/A=050347 48T1138P EOSS BALLOON",92.0,68.0,109.4,39.5378333333,-103.3408333333,37.66,60.61,40.64,4.8,277.95,11380.0,0.11,0.00027675,0.14263235,0.00036111,5.56e-06,19.5,5.94366667,high Re,0.026667,19.547395,0.003469,3.259056,0.072872,-0.014543,0.318339,20.016505,0.008122,5.958044,0.001057,0.993374,0.022212,-0.014473,0.318071,6.101025,
EOSS-337,AE0SS-13,2023-04-01 07:54:12.335,2023-04-01 07:54:11,50528.0,15400.93,1220.0,2291.0,ascending,/135411h3932.26N/10320.21WO089/049EOSS Baloon/A=050528!W12!,"AE0SS-13>APTT4,EOSS,qAO,N6BA-10:/135411h3932.26N/10320.21WO089/049EOSS Baloon/A=050528!W12!",89.0,56.0,90.1,39.5376833333,-103.3368666667,37.87,60.95,,,,,,,,0.00036222,-5.56e-06,20.33333333,6.19733333,high Re,0.027778,19.552778,0.003637,3.248449,0.072646,0.240286,0.33231,20.033721,0.008456,5.959683,0.001108,0.990141,0.022143,0.240017,0.331843,6.106272,
EOSS-337,KC0D-1,2023-04-01 07:54:31.814,2023-04-01 07:54:30,51001.0,15545.1,1308.0,2310.0,ascending,/135430h3932.22N/10319.80WO097/061/A=051001 47T1102P EOSS BALLOON,"KC0D-1>APZEOS,EOSS,WIDE2-1,qAO,N6BA-10:/135430h3932.22N/10319.80WO097/061/A=051001 47T1102P EOSS BALLOON",97.0,70.0,112.7,39.537,-103.33,38.24,61.54,40.46,4.7,277.85,11020.0,0.11,0.00026809,0.13816996,0.00036111,-2.778e-05,21.8,6.64433333,high Re,0.048889,19.568065,0.003947,3.242607,0.072492,0.688315,0.619958,20.055028,0.0149,5.964341,0.001203,0.988359,0.022096,0.688001,0.619886,6.112768,
EOSS-337,AE0SS-13,2023-04-01 07:54:42.126,2023-04-01 07:54:41,51188.0,15602.1,1320.0,2321.0,ascending,/135441h3932.19N/10319.56WO103/047EOSS Baloon/A=051188!W29!,"AE0SS-13>APTT4,EOSS,qAO,W0ARP-2:/135441h3932.19N/10319.56WO103/047EOSS Baloon/A=051188!W29!",103.0,54.0,86.9,39.5365333333,-103.32615,38.45,61.87,,,,,,,,0.00035722,-3.833e-05,22.0,6.70566667,high Re,0.006667,19.584497,0.003966,3.237736,0.072244,0.746047,0.037387,20.053245,0.002044,5.969349,0.001209,0.986874,0.02202,0.746111,0.03792,6.112225,
EOSS-337,KC0D-1,2023-04-01 07:55:01.659,2023-04-01 07:55:00,51659.0,15745.66,1316.0,2340.0,ascending,/135500h3932.15N/10319.16WO099/058/A=051659 44T1066P EOSS BALLOON,"KC0D-1>APZEOS,EOSS,WIDE2-1,qAO,N6BA-10:/135500h3932.15N/10319.16WO099/058/A=051659 44T1066P EOSS BALLOON",99.0,67.0,107.8,39.5358333333,-103.3193333333,38.81,62.46,39.92,4.4,277.55,10660.0,0.11,0.00025962,0.13380071,0.00035556,-3.889e-05,21.93333333,6.68533333,high Re,-0.002222,19.600261,0.003924,3.232512,0.071999,0.721752,-0.085362,20.02163,-0.000678,5.974155,0.001196,0.985282,0.021946,0.721802,-0.085391,6.10259,
EOSS-337,AE0SS-13,2023-04-01 07:55:12.212,2023-04-01 07:55:11,51870.0,15809.98,1364.0,2351.0,ascending,/135511h3932.12N/10318.92WO104/046EOSS Baloon/A=051870!W26!,"AE0SS-13>APTT4,EOSS,qAO,W0ARP-2:/135511h3932.12N/10318.92WO104/046EOSS Baloon/A=051870!W26!",104.0,53.0,85.3,39.5353666667,-103.3154333333,39.02,62.8,,,,,,,,0.00035722,-3.889e-05,22.73333333,6.92933333,high Re,0.026667,19.621148,0.004076,3.231787,0.07178,0.962992,0.314726,19.994779,0.008133,5.980523,0.001242,0.985063,0.021879,0.963198,0.31496,6.094405,
EOSS-337,KC0D-1,2023-04-01 07:55:31.936,2023-04-01 07:55:30,52349.0,15955.98,1380.0,2370.0,ascending,/135530h3932.08N/10318.53WO092/058/A=052349 43T1031P EOSS BALLOON,"KC0D-1>APZEOS,EOSS,WIDE2-1,qAO,N6BA-10:/135530h3932.08N/10318.53WO092/058/A=052349 43T1031P EOSS BALLOON",92.0,67.0,107.8,39.5346666667,-103.3088333333,39.38,63.37,39.74,4.3,277.45,10310.0,0.1,0.00025118,0.12945427,0.00035,-3.889e-05,23.0,7.01066667,high Re,0.008889,19.643525,0.004108,3.232711,0.07154,1.038285,0.06683,19.905889,0.002711,5.987345,0.001252,0.985346,0.021806,1.03854,0.066908,6.067312,
EOSS-337,AE0SS-13,2023-04-01 07:55:42.116,2023-04-01 07:55:41,52684.0,16058.08,1628.0,2381.0,ascending,/135541h3932.07N/10318.29WO073/058EOSS Baloon/A=052684!W63!,"AE0SS-13>APTT4,EOSS,qAO,W0ARP-2:/135541h3932.07N/10318.29WO073/058EOSS Baloon/A=052684!W63!",73.0,67.0,107.8,39.5346,-103.3048833333,39.59,63.71,,,,,,,,0.00035167,-2.556e-05,27.13333333,8.27,high Re,0.137778,19.6928,0.004994,3.278761,0.072126,2.269313,1.841,19.822839,0.041978,6.002362,0.001522,0.999378,0.021984,2.269049,1.840247,6.042,
EOSS-337,KC0D-1,2023-04-01 07:56:01.689,2023-04-01 07:56:00,53250.0,16230.6,1802.0,2400.0,ascending,/135600h3932.11N/10317.89WO085/058/A=053250 40T985P EOSS BALLOON,"KC0D-1>APZEOS,EOSS,WIDE2-1,qAO,N6BA-10:/135600h3932.11N/10317.89WO085/058/A=053250 40T985P EOSS BALLOON",85.0,67.0,107.8,39.5351666667,-103.2981666667,39.94,64.27,39.2,4.0,277.15,9850.0,0.1,0.00024024,0.1238123,0.00035556,1.667e-05,30.03333333,9.154,high Re,0.096667,19.760385,0.005597,3.373191,0.07227,3.045469,1.260136,19.652497,0.029467,6.022961,0.001706,1.028157,0.022028,3.045293,1.26026,5.99008,
EOSS-337,KC0D-1,2023-04-01 07:56:31.710,2023-04-01 07:56:30,53776.0,16390.92,1052.0,2430.0,ascending,/135630h3932.11N/10317.28WO089/058/A=053776 40T960P EOSS BALLOON,"KC0D-1>APZEOS,EOSS,WIDE2-1,qAO,N6BA-10:/135630h3932.11N/10317.28WO089/058/A=053776 40T960P EOSS BALLOON",89.0,67.0,107.8,39.5351666667,-103.288,40.47,65.13,39.2,4.0,277.15,9600.0,0.09,0.00023414,0.12066986,0.00033889,0.0,17.53333333,5.344,high Re,-0.416667,19.745924,0.002837,3.366935,0.079712,-0.657153,-5.262746,19.475817,-0.127,6.018552,0.000865,1.026251,0.024297,-0.657297,-5.262584,5.93623,
EOSS-337,AE0SS-13,2023-04-01 07:56:42.099,2023-04-01 07:56:41,53921.0,16435.12,1237.0,2441.0,ascending,/135641h3932.11N/10317.04WO099/067EOSS Baloon/A=053921!W67!,"AE0SS-13>APTT4,EOSS,qAO,W0ARP-2:/135641h3932.11N/10317.04WO099/067EOSS Baloon/A=053921!W67!",99.0,77.0,123.9,39.5352666667,-103.2841166667,40.68,65.46,,,,,,,,0.00034611,1.111e-05,20.61666667,6.284,high Re,0.051389,19.751541,0.003152,3.356715,0.079547,0.25773,0.606396,19.426828,0.015667,6.020265,0.000961,1.023136,0.024246,0.257771,0.606533,5.921297,
EOSS-337,KC0D-1,2023-04-01 07:57:01.673,2023-04-01 07:57:00,54272.0,16542.11,992.0,2460.0,ascending,/135700h3932.11N/10316.66WO086/058/A=054272 37T936P EOSS BALLOON,"KC0D-1>APZEOS,EOSS,WIDE2-1,qAO,N6BA-10:/135700h3932.11N/10316.66WO086/058/A=054272 37T936P EOSS BALLOON",86.0,67.0,107.8,39.5351666667,-103.2776666667,41.02,66.01,38.66,3.7,276.85,9360.0,0.09,0.00022853,0.1177806,0.00034444,0.0,16.53333333,5.03966667,high Re,-0.136111,19.730912,0.002254,3.355775,0.080074,-0.952858,-1.727964,19.31265,-0.041478,6.013979,0.000687,1.022847,0.024407,-0.952549,-1.727578,5.886495,
EOSS-337,AE0SS-13,2023-04-01 07:57:12.097,2023-04-01 07:57:11,54423.0,16588.13,1004.0,2471.0,ascending,/135711h3932.11N/10316.45WO070/039EOSS Baloon/A=054423!W77!,"AE0SS-13>APTT4,EOSS,qAO,W0ARP-2:/135711h3932.11N/10316.45WO070/039EOSS Baloon/A=054423!W77!",70.0,45.0,72.4,39.5352833333,-103.2742833333,41.2,66.3,,,,,,,,0.00032778,5.6e-07,16.73333333,5.10033333,high Re,0.006667,19.711819,0.002282,3.353546,0.079816,-0.88816,0.054939,19.26693,0.002022,6.00816,0.000695,1.022168,0.024328,-0.888138,0.054546,5.872561,
EOSS-337,KC0D-1,2023-04-01 07:57:32.079,2023-04-01 07:57:30,54728.0,16681.09,912.0,2490.0,ascending,/135730h3932.12N/10316.10WO089/051/A=054728 37T915P EOSS BALLOON,"KC0D-1>APZEOS,EOSS,WIDE2-1,qAO,N6BA-10:/135730h3932.12N/10316.10WO089/051/A=054728 37T915P EOSS BALLOON",89.0,59.0,95.0,39.5353333333,-103.2683333333,41.51,66.8,38.66,3.7,276.85,9150.0,0.09,0.0002234,0.11513809,0.00031111,5.56e-06,15.2,4.63266667,high Re,-0.051111,19.683263,0.001942,3.362065,0.079674,-1.333485,-0.665876,19.184381,-0.015589,5.999454,0.000592,1.024767,0.024285,-1.333754,-0.666296,5.847401,
EOSS-337,AE0SS-13,2023-04-01 07:57:42.123,2023-04-01 07:57:41,54882.0,16728.03,918.0,2501.0,ascending,/135741h3932.12N/10315.91WO092/024EOSS Baloon/A=054882!W86!,"AE0SS-13>APTT4,EOSS,qAO,W0ARP-2:/135741h3932.12N/10315.91WO092/024EOSS Baloon/A=054882!W86!",92.0,28.0,45.1,39.5354666667,-103.2652666667,41.67,67.06,,,,,,,,0.00030056,6.11e-06,15.3,4.66333333,high Re,0.003333,19.655695,0.001951,3.369388,0.07942,-1.292726,0.017401,19.149097,0.001022,5.991051,0.000594,1.027,0.024207,-1.292812,0.017681,5.836647,
EOSS-337,KC0D-1,2023-04-01 07:58:01.757,2023-04-01 07:58:00,55265.0,16844.77,1074.0,2520.0,ascending,/135800h3932.18N/10315.63WO084/050/A=055265 33T891P EOSS BALLOON,"KC0D-1>APZEOS,EOSS,WIDE2-1,qAO,N6BA-10:/135800h3932.18N/10315.63WO084/050/A=055265 33T891P EOSS BALLOON",84.0,58.0,93.3,39.5363333333,-103.2605,41.91,67.46,37.94,3.3,276.45,8910.0,0.09,0.00021786,0.1122803,0.00026111,3.333e-05,17.9,5.456,high Re,0.086667,19.644722,0.002484,3.361642,0.079453,-0.519009,1.059532,19.085735,0.026422,5.987707,0.000757,1.024638,0.024217,-0.518922,1.059793,5.817334,
EOSS-337,AE0SS-13,2023-04-01 07:58:12.166,2023-04-01 07:58:11,55355.0,16872.2,946.0,2531.0,ascending,/135811h3932.18N/10315.42WO101/053EOSS Baloon/A=055355!W64!,"AE0SS-13>APTT4,EOSS,qAO,W0ARP-1:/135811h3932.18N/10315.42WO101/053EOSS Baloon/A=055355!W64!",101.0,61.0,98.2,39.5364333333,-103.2570666667,42.1,67.75,,,,,,,,0.00027333,3.222e-05,15.76666667,4.80566667,high Re,-0.071111,19.620635,0.002024,3.365029,0.079416,-1.1453,-0.92091,19.076782,-0.021678,5.980365,0.000617,1.025671,0.024206,-1.145297,-0.921053,5.814605,
EOSS-337,KC0D-1,2023-04-01 07:58:31.648,2023-04-01 07:58:30,55618.0,16952.37,706.0,2550.0,ascending,/135830h3932.21N/10315.07WO089/054/A=055618 33T875P EOSS BALLOON,"KC0D-1>APZEOS,EOSS,WIDE2-1,qAO,N6BA-10:/135830h3932.21N/10315.07WO089/054/A=055618 33T875P EOSS BALLOON",89.0,62.0,99.8,39.5368333333,-103.2511666667,42.4,68.24,37.94,3.3,276.45,8750.0,0.09,0.00021395,0.11026404,0.00031111,1.667e-05,11.76666667,3.58666667,high Re,-0.133333,19.572154,0.001183,3.410845,0.079883,-2.288432,-1.683913,19.065793,-0.040633,5.965589,0.00036,1.039632,0.024348,-2.288235,-1.683629,5.811256,
EOSS-337,AE0SS-13,2023-04-01 07:58:42.214,2023-04-01 07:58:41,55716.0,16982.24,722.0,2561.0,ascending,/135841h3932.21N/10314.85WO104/044EOSS Baloon/A=055716!W00!,"AE0SS-13>APTT4,EOSS,qAO,W0ARP-2:/135841h3932.21N/10314.85WO104/044EOSS Baloon/A=055716!W00!",104.0,51.0,82.1,39.5368333333,-103.2475,42.6,68.55,,,,,,,,0.00031889,1.333e-05,12.03333333,3.668,high Re,0.008889,19.525903,0.00123,3.451191,0.079636,-2.17101,0.096175,19.067982,0.002711,5.951493,0.000375,1.051927,0.024273,-2.170771,0.096239,5.811924,
EOSS-337,KC0D-1,2023-04-01 07:59:01.616,2023-04-01 07:59:00,56094.0,17097.45,952.0,2580.0,ascending,/135900h3932.20N/10314.52WO101/046/A=056094 30T854P EOSS BALLOON,"KC0D-1>APZEOS,EOSS,WIDE2-1,qAO,N6BA-10:/135900h3932.20N/10314.52WO101/046/A=056094 30T854P EOSS BALLOON",101.0,53.0,85.3,39.5366666667,-103.242,42.89,69.02,37.4,3.0,276.15,8540.0,0.08,0.00020904,0.10773462,0.00030556,-5.56e-06,15.86666667,4.836,high Re,0.127778,19.503591,0.002007,3.452433,0.080007,-1.053438,1.572,19.112299,0.038933,5.944691,0.000612,1.052306,0.024386,-1.053582,1.571434,5.825432,
EOSS-337,AE0SS-13,2023-04-01 07:59:12.139,2023-04-01 07:59:11,56333.0,17170.3,1234.0,2591.0,ascending,/135911h3932.16N/10314.37WO116/038EOSS Baloon/A=056333!W86!,"AE0SS-13>APTT4,EOSS,qAO,W0ARP-2:/135911h3932.16N/10314.37WO116/038EOSS Baloon/A=056333!W86!",116.0,44.0,70.8,39.5361333333,-103.2396,43.02,69.24,,,,,,,,0.00026333,-2.333e-05,20.56666667,6.26866667,high Re,0.156667,19.510034,0.00295,3.442886,0.08067,0.306903,1.905504,19.172515,0.047756,5.946655,0.000899,1.049396,0.024588,0.306854,1.905686,5.843786,
EOSS-337,KC0D-1,2023-04-01 07:59:31.778,2023-04-01 07:59:30,56811.0,17315.99,1434.0,2610.0,ascending,/135930h3932.16N/10314.15WO101/038/A=056811 30T825P EOSS BALLOON,"KC0D-1>APZEOS,EOSS,WIDE2-1,qAO,N6BA-10:/135930h3932.16N/10314.15WO101/038/A=056811 30T825P EOSS BALLOON",101.0,44.0,70.8,39.536,-103.2358333333,43.22,69.56,37.4,3.0,276.15,8250.0,0.08,0.00020194,0.10407618,0.00020556,-2.222e-05,23.9,7.28466667,high Re,0.111111,19.536479,0.003605,3.449308,0.080863,1.265042,1.329483,19.375818,0.033867,5.954715,0.001099,1.051353,0.024647,1.264991,1.329492,5.905752,
EOSS-337,AE0SS-13,2023-04-01 07:59:42.105,2023-04-01 07:59:41,56979.0,17367.2,1292.0,2621.0,ascending,/135941h3932.14N/10314.00WO100/056EOSS Baloon/A=056979!W71!,"AE0SS-13>APTT4,EOSS,qAO,W0ARP-2:/135941h3932.14N/10314.00WO100/056EOSS Baloon/A=056979!W71!",100.0,64.0,103.0,39.5357833333,-103.23335,43.35,69.77,,,,,,,,0.00020833,-1.167e-05,21.53333333,6.56333333,high Re,-0.078889,19.548436,0.003108,3.442372,0.080872,0.576607,-1.013911,19.474927,-0.024044,5.95836,0.000947,1.049239,0.02465,0.576583,-1.013834,5.935962,
EOSS-337,KC0D-1,2023-04-01 08:00:01.672,2023-04-01 08:00:00,57539.0,17537.89,1456.0,2640.0,ascending,/140000h3932.12N/10313.72WO086/042/A=057539 27T795P EOSS BALLOON,"KC0D-1>APZEOS,EOSS,WIDE2-1,qAO,N6BA-10:/140000h3932.12N/10313.72WO086/042/A=057539 27T795P EOSS BALLOON",86.0,48.0,77.2,39.5353333333,-103.2286666667,43.61,70.18,36.86,2.7,275.85,7950.0,0.08,0.00019481,0.10040066,0.00023889,-2.222e-05,24.26666667,7.39666667,high Re,0.091111,19.576521,0.003635,3.451301,0.080915,1.35895,1.081085,19.911555,0.027778,5.966921,0.001108,1.051962,0.024663,1.359123,1.081377,6.069049,
EOSS-337,AE0SS-13,2023-04-01 08:00:12.246,2023-04-01 08:00:11,57806.0,17619.27,1654.0,2651.0,ascending,/140011h3932.13N/10313.52WO092/064EOSS Baloon/A=057806!W68!,"AE0SS-13>APTT4,EOSS,qAO,N6BA-10:/140011h3932.13N/10313.52WO092/064EOSS Baloon/A=057806!W68!",92.0,74.0,119.1,39.5356,-103.2254666667,43.77,70.45,,,,,,,,0.00026278,-6.11e-06,27.56666667,8.40233333,high Re,0.11,19.6238,0.004268,3.495475,0.081089,2.272328,1.303901,20.175699,0.033522,5.981332,0.001301,1.065426,0.024716,2.272332,1.303649,6.149558,
EOSS-337,KC0D-1,2023-04-01 08:00:31.639,2023-04-01 08:00:30,58335.0,17780.51,1592.0,2670.0,ascending,/140030h3932.18N/10313.22WO077/049/A=058335 27T764P EOSS BALLOON,"KC0D-1>APZEOS,EOSS,WIDE2-1,qAO,N6BA-10:/140030h3932.18N/10313.22WO077/049/A=058335 27T764P EOSS BALLOON",77.0,56.0,90.1,39.5363333333,-103.2203333333,44.04,70.87,36.86,2.7,275.85,7640.0,0.08,0.00018721,0.09648567,0.00027778,3.333e-05,26.53333333,8.08733333,high Re,-0.034444,19.664444,0.004039,3.525178,0.080902,1.948523,-0.475674,20.793231,-0.0105,5.99372,0.001231,1.074479,0.024659,1.948492,-0.475729,6.337781,
EOSS-337,AE0SS-13,2023-04-01 08:00:42.141,2023-04-01 08:00:41,58528.0,17839.33,1444.0,2681.0,ascending,/140041h3932.21N/10313.05WO046/020EOSS Baloon/A=058528!W55!,"AE0SS-13>APTT4,EOSS,qAO,W0ARP-2:/140041h3932.21N/10313.05WO046/020EOSS Baloon/A=058528!W55!",46.0,23.0,37.0,39.5369166667,-103.2175833333,44.18,71.1,,,,,,,,0.00026278,4.389e-05,24.06666667,7.33533333,high Re,-0.082222,19.690188,0.003532,3.530879,0.080933,1.239487,-1.059568,21.044392,-0.025067,6.001566,0.001076,1.076216,0.024669,1.239312,-1.059751,6.414326,
EOSS-337,KC0D-1,2023-04-01 08:01:01.689,2023-04-01 08:01:00,59115.0,18018.25,1560.0,2700.0,ascending,/140100h3932.34N/10312.76WO055/040/A=059115 25T734P EOSS BALLOON,"KC0D-1>APZEOS,EOSS,WIDE2-1,qAO,N6BA-10:/140100h3932.34N/10312.76WO055/040/A=059115 25T734P EOSS BALLOON",55.0,46.0,74.0,39.539,-103.2126666667,44.42,71.49,36.5,2.5,275.65,7340.0,0.07,0.00017999,0.09276422,0.00025556,8.889e-05,26.0,7.92466667,high Re,0.064444,19.726873,0.003888,3.553263,0.080829,1.765455,0.749187,21.859312,0.019644,6.012746,0.001185,1.083037,0.024637,1.765333,0.749239,6.662713,
EOSS-337,AE0SS-13,2023-04-01 08:01:12.161,2023-04-01 08:01:11,59315.0,18079.21,1574.0,2711.0,ascending,/140111h3932.41N/10312.62WO077/045EOSS Baloon/A=059315!W05!,"AE0SS-13>APTT4,EOSS,qAO,W0ARP-2:/140111h3932.41N/10312.62WO077/045EOSS Baloon/A=059315!W05!",77.0,52.0,83.7,39.5401666667,-103.2104166667,44.53,71.67,,,,,,,,0.00023889,0.00010833,26.23333333,7.996,high Re,0.007778,19.764483,0.003911,3.577286,0.080593,1.808312,0.047982,22.143068,0.002378,6.02421,0.001192,1.09036,0.024565,1.808384,0.04828,6.749201,
EOSS-337,KC0D-1,2023-04-01 08:01:31.602,2023-04-01 08:01:30,59646.0,18180.1,1062.0,2730.0,ascending,/140130h3932.59N/10312.32WO051/067/A=059646 25T716P EOSS BALLOON,"KC0D-1>APZEOS,EOSS,WIDE2-1,qAO,N6BA-10:/140130h3932.59N/10312.32WO051/067/A=059646 25T716P EOSS BALLOON",51.0,77.0,123.9,39.5431666667,-103.2053333333,44.78,72.07,36.5,2.5,275.65,7160.0,0.07,0.00017558,0.09048935,0.00024444,0.00013889,17.7,5.395,high Re,-0.284444,19.752618,0.002244,3.570364,0.083295,-0.574904,-3.441839,22.602082,-0.0867,6.020594,0.000684,1.08825,0.025388,-0.574862,-3.441941,6.889107,
EOSS-337,AE0SS-13,2023-04-01 08:01:42.233,2023-04-01 08:01:41,59794.0,18225.21,958.0,2741.0,ascending,/140141h3932.73N/10312.11WO041/077EOSS Baloon/A=059794!W89!,"AE0SS-13>APTT4,EOSS,qAO,W0ARP-2:/140141h3932.73N/10312.11WO041/077EOSS Baloon/A=059794!W89!",41.0,89.0,143.2,39.5456333333,-103.2019833333,44.94,72.32,,,,,,,,0.00028111,0.00018222,15.96666667,4.86666667,high Re,-0.057778,19.730984,0.001899,3.571575,0.083178,-1.053966,-0.717461,22.798179,-0.017611,6.014,0.000579,1.088619,0.025353,-1.053935,-0.717469,6.948876,
EOSS-337,KC0D-1,2023-04-01 08:02:01.799,2023-04-01 08:02:00,60118.0,18323.97,944.0,2760.0,ascending,/140200h3932.93N/10311.79WO059/054/A=060118 22T699P EOSS BALLOON,"KC0D-1>APZEOS,EOSS,WIDE2-1,qAO,N6BA-10:/140200h3932.93N/10311.79WO059/054/A=060118 22T699P EOSS BALLOON",59.0,62.0,99.8,39.5488333333,-103.1965,45.21,72.76,35.96,2.2,275.35,6990.0,0.07,0.0001716,0.08843711,0.00029444,0.00018889,15.73333333,4.79566667,high Re,-0.007778,19.70827,0.001844,3.574081,0.082942,-1.112156,-0.116009,23.194383,-0.002367,6.007078,0.000562,1.089382,0.025281,-1.112017,-0.115858,7.069641,
EOSS-337,AE0SS-13,2023-04-01 08:02:12.340,2023-04-01 08:02:11,60316.0,18384.32,1044.0,2771.0,ascending,/140211h3932.99N/10311.63WO059/037EOSS Baloon/A=060316!W61!,"AE0SS-13>APTT4,EOSS,qAO,N6BA-10:/140211h3932.99N/10311.63WO059/037EOSS Baloon/A=060316!W61!",59.0,43.0,69.2,39.5499333333,-103.19385,45.34,72.97,,,,,,,,0.00027111,0.00014333,17.4,5.30366667,high Re,0.055556,19.695229,0.002149,3.568134,0.082804,-0.643258,0.644981,23.40623,0.016933,6.003104,0.000655,1.087568,0.025239,-0.643121,0.644954,7.13421,
EOSS-337,KC0D-1,2023-04-01 08:02:31.829,2023-04-01 08:02:30,60880.0,18556.22,1524.0,2790.0,ascending,/140230h3933.06N/10311.38WO074/023/A=060880 23T674P EOSS BALLOON,"KC0D-1>APZEOS,EOSS,WIDE2-1,qAO,N6BA-10:/140230h3933.06N/10311.38WO074/023/A=060880 23T674P EOSS BALLOON",74.0,26.0,41.8,39.551,-103.1896666667,45.56,73.32,36.14,2.3,275.45,6740.0,0.07,0.0001654,0.08524317,0.00022778,7.222e-05,25.4,7.74166667,high Re,0.266667,19.727278,0.003643,3.583641,0.084928,1.582949,3.097023,23.82978,0.081267,6.012871,0.00111,1.092293,0.025886,1.582722,3.096539,7.263299,
EOSS-337,AE0SS-13,2023-04-01 08:02:42.139,2023-04-01 08:02:41,61130.0,18632.42,1628.0,2801.0,ascending,/140241h3933.06N/10311.30WO105/024EOSS Baloon/A=061130!W08!,"AE0SS-13>APTT4,EOSS,qAO,W0ARP-2:/140241h3933.06N/10311.30WO105/024EOSS Baloon/A=061130!W08!",105.0,28.0,45.1,39.551,-103.1884666667,45.62,73.42,,,,,,,,0.00017944,3.556e-05,27.13333333,8.27,high Re,0.057778,19.768653,0.003948,3.61618,0.084785,2.036591,0.6349,23.909681,0.017611,6.025481,0.001203,1.102208,0.025843,2.036384,0.634911,7.287654,
EOSS-337,KC0D-1,2023-04-01 08:03:01.659,2023-04-01 08:03:00,61563.0,18764.4,1366.0,2820.0,ascending,/140300h3933.06N/10311.11WO082/027/A=061563 20T653P EOSS BALLOON,"KC0D-1>APZEOS,EOSS,WIDE2-1,qAO,N6BA-10:/140300h3933.06N/10311.11WO082/027/A=061563 20T653P EOSS BALLOON",82.0,31.0,49.9,39.551,-103.1851666667,45.79,73.7,35.6,2.0,275.15,6530.0,0.06,0.00016042,0.08267727,0.00015,0.0,22.76666667,6.93933333,high Re,-0.145556,19.785309,0.003112,3.612981,0.085282,0.825179,-1.743252,23.857544,-0.044356,6.030558,0.000949,1.101233,0.025994,0.825234,-1.742902,7.271769,
EOSS-337,AE0SS-13,2023-04-01 08:03:12.094,2023-04-01 08:03:11,61773.0,18828.41,1286.0,2831.0,ascending,/140311h3933.07N/10311.01WO056/009EOSS Baloon/A=061773!W31!,"AE0SS-13>APTT4,EOSS,qAO,W0ARP-2:/140311h3933.07N/10311.01WO056/009EOSS Baloon/A=061773!W31!",56.0,10.0,16.1,39.5512166667,-103.1835166667,45.88,73.84,,,,,,,,0.000165,7.22e-06,21.43333333,6.533,high Re,-0.044444,19.794414,0.002848,3.605013,0.085117,0.454622,-0.555612,23.738246,-0.013544,6.033334,0.000868,1.098805,0.025944,0.454736,-0.555504,7.23541,
EOSS-337,KC0D-1,2023-04-01 08:03:31.638,2023-04-01 08:03:30,62425.0,19027.14,1724.0,2850.0,ascending,/140330h3933.04N/10310.90WO117/017/A=062425 21T626P EOSS BALLOON,"KC0D-1>APZEOS,EOSS,WIDE2-1,qAO,N6BA-10:/140330h3933.04N/10310.90WO117/017/A=062425 21T626P EOSS BALLOON",117.0,20.0,32.2,39.5506666667,-103.1816666667,45.98,74.0,35.78,2.1,275.25,6260.0,0.06,0.00015373,0.07922996,0.00011667,-1.111e-05,28.73333333,8.758,high Re,0.243333,19.843529,0.004177,3.655592,0.086742,2.431837,2.757096,22.979246,0.074167,6.048304,0.001273,1.114223,0.026439,2.431915,2.757063,7.0041,
EOSS-337,AE0SS-13,2023-04-01 08:03:42.128,2023-04-01 08:03:41,62619.0,19086.27,1692.0,2861.0,ascending,/140341h3932.99N/10310.85WO124/028EOSS Baloon/A=062619!W94!,"AE0SS-13>APTT4,EOSS,qAO,W0ARP-2:/140341h3932.99N/10310.85WO124/028EOSS Baloon/A=062619!W94!",124.0,32.0,51.5,39.5499833333,-103.1809,46.03,74.07,,,,,,,,8.722e-05,-4.111e-05,28.2,8.59533333,high Re,-0.017778,19.889192,0.004056,3.697501,0.086518,2.247682,-0.252364,22.65559,-0.005422,6.062223,0.001236,1.126996,0.02637,2.247666,-0.252484,6.90547,
EOSS-337,KC0D-1,2023-04-01 08:04:01.697,2023-04-01 08:04:00,63022.0,19209.11,1194.0,2880.0,ascending,/140400h3932.96N/10310.74WO116/020/A=063022 19T608P EOSS BALLOON,"KC0D-1>APZEOS,EOSS,WIDE2-1,qAO,N6BA-10:/140400h3932.96N/10310.74WO116/020/A=063022 19T608P EOSS BALLOON",116.0,23.0,37.0,39.5493333333,-103.179,46.13,74.24,35.42,1.9,275.05,6080.0,0.06,0.00014942,0.07700774,8.889e-05,-4.444e-05,19.9,6.06566667,high Re,-0.276667,19.889251,0.002522,3.687385,0.08874,0.002915,-3.146146,21.903274,-0.084322,6.062241,0.000769,1.123913,0.027048,0.003048,-3.145926,6.676206,
EOSS-337,AE0SS-13,2023-04-01 08:04:12.638,2023-04-01 08:04:11,63158.0,19250.56,1078.0,2891.0,ascending,/140411h3932.93N/10310.67WO120/015EOSS Baloon/A=063158!W74!,"AE0SS-13>APTT4,EOSS,qAO,W9CN-9:/140411h3932.93N/10310.67WO120/015EOSS Baloon/A=063158!W74!",120.0,17.0,27.4,39.54895,-103.1779,46.19,74.34,,,,,,,,0.0001,-3.444e-05,17.96666667,5.47633333,high Re,-0.064444,19.878859,0.002158,3.680067,0.088635,-0.519608,-0.751419,21.644378,-0.019644,6.059074,0.000658,1.121682,0.027016,-0.519524,-0.751481,6.597324,
EOSS-337,KC0D-1,2023-04-01 08:04:31.722,2023-04-01 08:04:30,62194.0,18956.73,-1656.0,0.0,descending,/140430h3932.92N/10310.57WO116/014/A=062194 20T632P EOSS BALLOON,"KC0D-1>APZEOS,EOSS,WIDE2-1,qAO,N6BA-10:/140430h3932.92N/10310.57WO116/014/A=062194 20T632P EOSS BALLOON",116.0,16.0,25.7,39.5486666667,-103.1761666667,46.29,74.49,35.6,2.0,275.15,6320.0,0.06,0.00015526,0.08001843,9.444e-05,-2.222e-05,-27.6,-8.41266667,n/a,,-27.6,,,,,,-31.014661,,-8.412667,,,,,,-9.45348,
EOSS-337,AE0SS-13,2023-04-01 08:04:42.179,2023-04-01 08:04:41,61540.0,18757.39,-3236.0,11.0,descending,/140441h3932.92N/10310.47WO056/014EOSS Baloon/A=061540!W28!,"AE0SS-13>APTT4,EOSS,qAO,W0ARP-2:/140441h3932.92N/10310.47WO056/014EOSS Baloon/A=061540!W28!",56.0,16.0,25.7,39.5487,-103.1746333333,46.37,74.62,,,,,,,,0.00010889,-8.33e-06,-53.93333333,-16.439,n/a,-0.877778,-40.766667,-0.877778,18.620479,,-0.707107,,-46.598776,-0.267544,-12.425833,-0.267544,5.675475,,-0.707107,,-14.203393,
EOSS-337,KC0D-1,2023-04-01 08:05:01.659,2023-04-01 08:05:00,60644.0,18484.29,-3100.0,30.0,descending,/140500h3932.96N/10310.28WO068/034/A=060644 18T681P EOSS BALLOON,"KC0D-1>APZEOS,EOSS,WIDE2-1,qAO,N6BA-10:/140500h3932.96N/10310.28WO068/034/A=060644 18T681P EOSS BALLOON",68.0,39.0,62.8,39.5493333333,-103.1713333333,46.54,74.9,35.24,1.8,274.95,6810.0,0.07,0.00016742,0.08628511,0.00016111,2.222e-05,-51.66666667,-15.748,n/a,0.075556,-44.4,-0.401111,14.593301,0.674109,-0.497945,0.707107,-52.706331,0.023033,-13.533222,-0.122256,4.44797,0.205469,-0.49793,0.707109,-16.06488,
EOSS-337,AE0SS-13,2023-04-01 08:05:12.155,2023-04-01 08:05:11,60076.0,18311.16,-2928.0,41.0,descending,/140511h3933.01N/10310.13WO069/058EOSS Baloon/A=060076!W53!,"AE0SS-13>APTT4,EOSS,qAO,W0ARP-2:/140511h3933.01N/10310.13WO069/058EOSS Baloon/A=060076!W53!",69.0,67.0,107.8,39.55025,-103.1688833333,46.66,75.1,,,,,,,,0.00019167,5.167e-05,-48.8,-14.87433333,n/a,0.095556,-45.5,-0.235555,12.116777,0.556271,-0.27235,0.595233,-52.511665,0.029122,-13.8685,-0.071796,3.693138,0.16955,-0.272352,0.595211,-16.005522,
EOSS-337,KC0D-1,2023-04-01 08:05:31.675,2023-04-01 08:05:30,59197.0,18043.25,-2894.0,60.0,descending,/140530h3933.23N/10309.81WO058/064/A=059197 19T731P EOSS BALLOON,"KC0D-1>APZEOS,EOSS,WIDE2-1,qAO,N6BA-10:/140530h3933.23N/10309.81WO058/064/A=059197 19T731P EOSS BALLOON",58.0,74.0,119.1,39.5538333333,-103.1635,46.93,75.52,35.42,1.9,275.05,7310.0,0.07,0.00017965,0.09258661,0.00026111,0.00015,-48.23333333,-14.70133333,n/a,0.018889,-46.046667,-0.171944,10.564395,0.471675,-0.206985,0.404586,-50.545933,0.005767,-14.035067,-0.052406,3.219965,0.143766,-0.206917,0.404637,-15.406382,
EOSS-337,AE0SS-13,2023-04-01 08:05:42.129,2023-04-01 08:05:41,58593.0,17859.15,-2966.0,71.0,descending,/140541h3933.32N/10309.62WO067/045EOSS Baloon/A=058593!W13!,"AE0SS-13>APTT4,EOSS,qAO,W0ARP-2:/140541h3933.32N/10309.62WO067/045EOSS Baloon/A=058593!W13!",67.0,52.0,83.7,39.55535,-103.1603833333,47.08,75.77,,,,,,,,0.00028333,0.00017,-49.43333333,-15.067,n/a,-0.04,-46.611111,-0.145555,9.549698,0.412722,-0.29553,0.255753,-49.299525,-0.012189,-14.207056,-0.044362,2.910674,0.125798,-0.295445,0.255751,-15.026478,
EOSS-337,KC0D-1,2023-04-01 08:06:01.695,2023-04-01 08:06:00,57696.0,17585.74,-3002.0,90.0,descending,/140600h3933.42N/10309.28WO082/056/A=057696 17T787P EOSS BALLOON,"KC0D-1>APZEOS,EOSS,WIDE2-1,qAO,N6BA-10:/140600h3933.42N/10309.28WO082/056/A=057696 17T787P EOSS BALLOON",82.0,64.0,103.0,39.557,-103.1546666667,47.38,76.25,35.06,1.7,274.85,7870.0,0.08,0.00019355,0.09975196,0.00029444,0.00010556,-50.03333333,-15.25033333,n/a,-0.02,-47.1,-0.124629,8.81308,0.372692,-0.332839,0.280739,-48.315368,-0.006111,-14.356095,-0.037987,2.68617,0.113595,-0.332905,0.280611,-14.726509,
EOSS-337,AE0SS-13,2023-04-01 08:06:12.232,2023-04-01 08:06:11,57090.0,17401.03,-3006.0,101.0,descending,/140611h3933.43N/10309.07WO095/057EOSS Baloon/A=057090!W63!,"AE0SS-13>APTT4,EOSS,qAO,N6BA-10:/140611h3933.43N/10309.07WO095/057EOSS Baloon/A=057090!W63!",95.0,66.0,106.2,39.5572666667,-103.1512166667,47.56,76.54,,,,,,,,0.00030556,6.389e-05,-50.1,-15.27066667,n/a,-0.002222,-47.475,-0.107143,8.227977,0.343351,-0.319033,0.305579,-48.174715,-0.000678,-14.470417,-0.032657,2.507843,0.104652,-0.319099,0.305575,-14.683644,
EOSS-337,KC0D-1,2023-04-01 08:06:31.709,2023-04-01 08:06:30,56207.0,17131.89,-2978.0,120.0,descending,/140630h3933.46N/10308.73WO082/061/A=056207 17T848P EOSS BALLOON,"KC0D-1>APZEOS,EOSS,WIDE2-1,qAO,N6BA-10:/140630h3933.46N/10308.73WO082/061/A=056207 17T848P EOSS BALLOON",82.0,70.0,112.7,39.5576666667,-103.1455,47.86,77.02,35.06,1.7,274.85,8480.0,0.08,0.00020855,0.10748369,0.00030556,2.222e-05,-49.63333333,-15.12833333,n/a,0.015556,-47.714815,-0.091805,7.73012,0.320827,-0.248187,0.334638,-48.317852,0.004744,-14.543519,-0.027982,2.356101,0.097787,-0.248213,0.334666,-14.727279,
EOSS-337,AE0SS-13,2023-04-01 08:06:42.149,2023-04-01 08:06:41,55617.0,16952.06,-2946.0,131.0,descending,/140641h3933.47N/10308.51WO097/062EOSS Baloon/A=055617!W31!,"AE0SS-13>APTT4,EOSS,qAO,W0ARP-2:/140641h3933.47N/10308.51WO097/062EOSS Baloon/A=055617!W31!",97.0,71.0,114.3,39.5578833333,-103.14185,48.05,77.33,,,,,,,,0.00031222,2.056e-05,-49.1,-14.96566667,n/a,0.017778,-47.853333,-0.079629,7.301179,0.302321,-0.170749,0.322197,-48.384676,0.005422,-14.585733,-0.02427,2.225361,0.092147,-0.170729,0.322224,-14.747649,
EOSS-337,KC0D-1,2023-04-01 08:07:01.665,2023-04-01 08:07:00,54770.0,16693.9,-2874.0,150.0,descending,/140700h3933.51N/10308.19WO082/048/A=054770 15T911P EOSS BALLOON,"KC0D-1>APZEOS,EOSS,WIDE2-1,qAO,N6BA-10:/140700h3933.51N/10308.19WO082/048/A=054770 15T911P EOSS BALLOON",82.0,55.0,88.5,39.5585,-103.1365,48.33,77.79,34.7,1.5,274.65,9110.0,0.09,0.00022421,0.115553,0.0003,2.778e-05,-47.9,-14.59966667,n/a,0.04,-47.857576,-0.067666,6.926521,0.287531,-0.006125,0.37445,-48.128961,0.0122,-14.587,-0.020623,2.111167,0.087639,-0.006,0.374525,-14.669712,
EOSS-337,AE0SS-13,2023-04-01 08:07:12.413,2023-04-01 08:07:11,54226.0,16528.08,-2782.0,161.0,descending,/140711h3933.52N/10307.99WO097/048EOSS Baloon/A=054226!W15!,"AE0SS-13>APTT4,EOSS,qAO,W0ARP-2:/140711h3933.52N/10307.99WO097/048EOSS Baloon/A=054226!W15!",97.0,55.0,88.5,39.5586833333,-103.13325,48.5,78.06,,,,,,,,0.00028667,2.667e-05,-46.36666667,-14.13266667,n/a,0.051111,-47.733333,-0.056869,6.618187,0.275117,0.206502,0.392488,-47.6527,0.015567,-14.549139,-0.017333,2.017187,0.083855,0.206462,0.392344,-14.524542,
EOSS-337,KC0D-1,2023-04-01 08:07:31.636,2023-04-01 08:07:30,53437.0,16287.6,-2666.0,180.0,descending,/140730h3933.52N/10307.61WO099/059/A=053437 15T974P EOSS BALLOON,"KC0D-1>APZEOS,EOSS,WIDE2-1,qAO,N6BA-10:/140730h3933.52N/10307.61WO099/059/A=053437 15T974P EOSS BALLOON",99.0,68.0,109.4,39.5586666667,-103.1268333333,48.85,78.61,34.7,1.5,274.65,9740.0,0.1,0.00023972,0.12354404,0.00032222,5.56e-06,-44.43333333,-13.54333333,n/a,0.064444,-47.479487,-0.046759,6.402192,0.264641,0.475799,0.420203,-46.492646,0.019644,-14.471769,-0.014252,1.951352,0.080662,0.475791,0.420223,-14.170968,
EOSS-337,AE0SS-13,2023-04-01 08:07:42.164,2023-04-01 08:07:41,52887.0,16119.96,-2678.0,191.0,descending,/140741h3933.48N/10307.40WO118/062EOSS Baloon/A=052887!W33!,"AE0SS-13>APTT4,EOSS,qAO,W0ARP-2:/140741h3933.48N/10307.40WO118/062EOSS Baloon/A=052887!W33!",118.0,71.0,114.3,39.55805,-103.1233833333,49.03,78.91,,,,,,,,0.00032889,-2.111e-05,-44.63333333,-13.604,n/a,-0.006667,-47.27619,-0.043675,6.197883,0.253618,0.426413,0.14592,-45.387328,-0.002022,-14.409786,-0.013311,1.889089,0.077302,0.426547,0.146038,-13.834069,
EOSS-337,KC0D-1,2023-04-01 08:08:01.838,2023-04-01 08:08:00,52143.0,15893.19,-2588.0,210.0,descending,/140800h3933.43N/10307.03WO093/053/A=052143 12T1039P EOSS BALLOON,"KC0D-1>APZEOS,EOSS,WIDE2-1,qAO,N6BA-10:/140800h3933.43N/10307.03WO093/053/A=052143 12T1039P EOSS BALLOON",93.0,61.0,98.2,39.5571666667,-103.1171666667,49.37,79.45,34.16,1.2,274.35,10390.0,0.1,0.00025599,0.13193288,0.00032222,-5e-05,-43.13333333,-13.147,n/a,0.05,-47.0,-0.036984,6.067465,0.244951,0.637279,0.355108,-43.602717,0.015233,-14.3256,-0.011272,1.849341,0.07466,0.637308,0.355009,-13.290125,
EOSS-337,AE0SS-13,2023-04-01 08:08:12.428,2023-04-01 08:08:11,51634.0,15738.04,-2506.0,221.0,descending,/140811h3933.42N/10306.79WO080/060EOSS Baloon/A=051634!W44!,"AE0SS-13>APTT4,EOSS,qAO,N6BA-10:/140811h3933.42N/10306.79WO080/060EOSS Baloon/A=051634!W44!",80.0,69.0,111.0,39.5570666667,-103.1132333333,49.58,79.78,,,,,,,,0.00033833,-3.278e-05,-41.76666667,-12.73066667,n/a,0.045556,-46.672917,-0.031481,6.005963,0.237001,0.816897,0.325049,-42.263768,0.013878,-14.225917,-0.009596,1.830586,0.072237,0.816815,0.324958,-12.881995,
EOSS-337,KC0D-1,2023-04-01 08:08:31.838,2023-04-01 08:08:30,50906.0,15516.15,-2474.0,240.0,descending,/140830h3933.38N/10306.43WO099/065/A=050906 12T1103P EOSS BALLOON,"KC0D-1>APZEOS,EOSS,WIDE2-1,qAO,N6BA-10:/140830h3933.38N/10306.43WO099/065/A=050906 12T1103P EOSS BALLOON",99.0,75.0,120.7,39.5563333333,-103.1071666667,49.9,80.31,34.16,1.2,274.35,11030.0,0.11,0.00027176,0.14005964,0.00033333,-2.778e-05,-41.23333333,-12.568,n/a,0.017778,-46.352941,-0.028403,5.963023,0.229296,0.858559,0.201403,-40.304359,0.005422,-14.128392,-0.008657,1.817496,0.069888,0.858539,0.201451,-12.28478,
EOSS-337,AE0SS-13,2023-04-01 08:08:42.158,2023-04-01 08:08:41,50407.0,15364.05,-2454.0,251.0,descending,/140841h3933.35N/10306.20WO096/058EOSS Baloon/A=050407!W11!,"AE0SS-13>APTT4,EOSS,qAO,W0ARP-2:/140841h3933.35N/10306.20WO096/058EOSS Baloon/A=050407!W11!",96.0,67.0,107.8,39.55585,-103.10335,50.11,80.64,,,,,,,,0.00032944,-4.056e-05,-40.9,-12.46633333,n/a,0.011111,-46.05,-0.026078,5.926039,0.222221,0.869046,0.167351,-39.000486,0.003389,-14.036056,-0.007948,1.806225,0.067732,0.869063,0.16738,-11.887346,
EOSS-337,KC0D-1,2023-04-01 08:09:01.669,2023-04-01 08:09:00,49719.0,15154.35,-2374.0,270.0,descending,/140900h3933.34N/10305.75WO086/062/A=049719 9T1170P EOSS BALLOON,"KC0D-1>APZEOS,EOSS,WIDE2-1,qAO,N6BA-10:/140900h3933.34N/10305.75WO086/062/A=049719 9T1170P EOSS BALLOON",86.0,71.0,114.3,39.5556666667,-103.0958333333,50.51,81.28,33.62,0.9,274.05,11700.0,0.12,0.00028858,0.14872997,0.00037778,-2.222e-05,-39.56666667,-12.06,n/a,0.044444,-45.708772,-0.02216,5.948045,0.216226,1.032626,0.30803,-37.342694,0.013544,-13.932053,-0.006754,1.812931,0.065905,1.032611,0.307989,-11.382058,
EOSS-337,KC0D-1,2023-04-01 08:09:31.674,2023-04-01 08:09:30,48670.0,14834.62,-2098.0,300.0,descending,/140930h3933.38N/10305.09WO082/054/A=048670 8T1232P EOSS BALLOON,"KC0D-1>APZEOS,EOSS,WIDE2-1,qAO,N6BA-10:/140930h3933.38N/10305.09WO082/054/A=048670 8T1232P EOSS BALLOON",82.0,62.0,99.8,39.5563333333,-103.0848333333,51.09,82.22,33.44,0.8,273.95,12320.0,0.12,0.00030399,0.15666856,0.00036667,2.222e-05,-34.96666667,-10.65766667,n/a,0.153333,-45.171667,-0.012924,6.26792,0.213956,1.628132,0.777062,-35.289577,0.046744,-13.768333,-0.003939,1.910448,0.065213,1.628239,0.777192,-10.756275,
EOSS-337,AE0SS-13,2023-04-01 08:09:42.088,2023-04-01 08:09:41,48248.0,14705.99,-2159.0,311.0,descending,/140941h3933.39N/10304.89WO086/048EOSS Baloon/A=048248!W86!,"AE0SS-13>APTT4,EOSS,qAO,W0ARP-2:/140941h3933.39N/10304.89WO086/048EOSS Baloon/A=048248!W86!",86.0,55.0,88.5,39.5566333333,-103.0816,51.26,82.49,,,,,,,,0.0003625,1.306e-05,-35.98333333,-10.96766667,n/a,-0.016944,-44.734127,-0.013125,6.429832,0.208252,1.360968,-0.018338,-34.656411,-0.005167,-13.634968,-0.004,1.959804,0.063475,1.361004,-0.018385,-10.563278,
EOSS-337,KC0D-1,2023-04-01 08:10:01.682,2023-04-01 08:10:00,47664.0,14527.99,-2012.0,330.0,descending,/141000h3933.42N/10304.47WO090/065/A=047664 5T1294P EOSS BALLOON,"KC0D-1>APZEOS,EOSS,WIDE2-1,qAO,N6BA-10:/141000h3933.42N/10304.47WO090/065/A=047664 5T1294P EOSS BALLOON",90.0,75.0,120.7,39.557,-103.0745,51.63,83.09,32.9,0.5,273.65,12940.0,0.13,0.00031964,0.16473325,0.00034444,2.222e-05,-33.53333333,-10.221,n/a,0.081667,-44.225,-0.008611,6.713915,0.20403,1.592464,0.442474,-33.969887,0.024889,-13.479788,-0.002624,2.046391,0.062188,1.592456,0.442417,-10.354027,
EOSS-337,AE0SS-13,2023-04-01 08:10:12.413,2023-04-01 08:10:11,47263.0,14405.76,-1970.0,341.0,descending,/141011h3933.45N/10304.23WO072/074EOSS Baloon/A=047263!W52!,"AE0SS-13>APTT4,EOSS,qAO,N6BA-10:/141011h3933.45N/10304.23WO072/074EOSS Baloon/A=047263!W52!",72.0,85.0,136.8,39.5575833333,-103.0705333333,51.84,83.43,,,,,,,,0.00036889,3.167e-05,-32.83333333,-10.00766667,n/a,0.023333,-43.72971,-0.007159,6.976381,0.199229,1.561895,0.15305,-33.621509,0.007111,-13.328826,-0.002182,2.126388,0.060725,1.561878,0.153034,-10.247836,
EOSS-337,KC0D-1,2023-04-01 08:10:31.773,2023-04-01 08:10:30,46721.0,14240.56,-1886.0,360.0,descending,/141030h3933.50N/10303.81WO083/070/A=046721 4T1355P EOSS BALLOON,"KC0D-1>APZEOS,EOSS,WIDE2-1,qAO,N6BA-10:/141030h3933.50N/10303.81WO083/070/A=046721 4T1355P EOSS BALLOON",83.0,81.0,130.4,39.5583333333,-103.0635,52.21,84.02,32.72,0.4,273.55,13550.0,0.13,0.00033483,0.17256194,0.00036667,4.444e-05,-31.43333333,-9.581,n/a,0.046667,-43.217361,-0.004819,7.270065,0.194972,1.620897,0.264069,-33.296036,0.014222,-13.172667,-0.001469,2.215896,0.059427,1.620864,0.264038,-10.148632,
EOSS-337,AE0SS-13,2023-04-01 08:10:42.148,2023-04-01 08:10:41,46325.0,14119.86,-1876.0,371.0,descending,/141041h3933.49N/10303.54WO094/062EOSS Baloon/A=046325!W14!,"AE0SS-13>APTT4,EOSS,qAO,W0ARP-2:/141041h3933.49N/10303.54WO094/062EOSS Baloon/A=046325!W14!",94.0,71.0,114.3,39.5581833333,-103.0590666667,52.45,84.4,,,,,,,,0.00038222,2e-05,-31.26666667,-9.53,n/a,0.005556,-42.739333,-0.004386,7.507621,0.190698,1.528136,0.052135,-33.151281,0.0017,-13.02696,-0.001337,2.28831,0.058124,1.528185,0.05225,-10.10451,
EOSS-337,KC0D-1,2023-04-01 08:11:01.737,2023-04-01 08:11:00,45778.0,13953.13,-1886.0,390.0,descending,/141100h3933.52N/10303.07WO083/075/A=045778 1T1419P EOSS BALLOON,"KC0D-1>APZEOS,EOSS,WIDE2-1,qAO,N6BA-10:/141100h3933.52N/10303.07WO083/075/A=045778 1T1419P EOSS BALLOON",83.0,86.0,138.4,39.5586666667,-103.0511666667,52.86,85.07,32.18,0.1,273.25,14190.0,0.14,0.00035103,0.18091087,0.00041111,1.111e-05,-31.43333333,-9.581,n/a,-0.005556,-42.304487,-0.004433,7.682849,0.186683,1.41499,-0.006016,-33.056747,-0.0017,-12.894423,-0.001351,2.341714,0.056901,1.414956,-0.006133,-10.075694,
EOSS-337,AE0SS-13,2023-04-01 08:11:12.133,2023-04-01 08:11:11,45380.0,13831.82,-1890.0,401.0,descending,/141111h3933.55N/10302.76WO085/079EOSS Baloon/A=045380!W13!,"AE0SS-13>APTT4,EOSS,qAO,W0ARP-2:/141111h3933.55N/10302.76WO085/079EOSS Baloon/A=045380!W13!",85.0,91.0,146.5,39.5591833333,-103.04605,53.13,85.51,,,,,,,,0.00043389,3.333e-05,-31.5,-9.60133333,n/a,-0.002222,-41.904321,-0.004348,7.815339,0.182912,1.331269,0.011623,-33.047233,-0.000678,-12.772457,-0.001325,2.382092,0.055751,1.331235,0.011605,-10.072793,
EOSS-337,KC0D-1,2023-04-01 08:11:31.693,2023-04-01 08:11:30,44827.0,13663.27,-1902.0,420.0,descending,/141130h3933.59N/10302.32WO080/075/A=044827 1T1487P EOSS BALLOON,"KC0D-1>APZEOS,EOSS,WIDE2-1,qAO,N6BA-10:/141130h3933.59N/10302.32WO080/075/A=044827 1T1487P EOSS BALLOON",80.0,86.0,138.4,39.5598333333,-103.0386666667,53.52,86.13,32.18,0.1,273.25,14870.0,0.15,0.00036785,0.18958032,0.00041667,3.889e-05,-31.7,-9.662,n/a,-0.006667,-41.539881,-0.004434,7.907982,0.17936,1.244297,-0.01245,-33.087893,-0.002022,-12.661369,-0.001351,2.410339,0.054669,1.244376,-0.012274,-10.085185,
EOSS-337,AE0SS-13,2023-04-01 08:11:42.262,2023-04-01 08:11:41,44395.0,13531.6,-1970.0,431.0,descending,/141141h3933.61N/10302.02WO088/065EOSS Baloon/A=044395!W17!,"AE0SS-13>APTT4,EOSS,qAO,N6BA-10:/141141h3933.61N/10302.02WO088/065EOSS Baloon/A=044395!W17!",88.0,75.0,120.7,39.5601833333,-103.0337833333,53.78,86.55,,,,,,,,0.00040889,3.333e-05,-32.83333333,-10.00733333,n/a,-0.037778,-41.239655,-0.005625,7.932003,0.17612,1.059798,-0.182563,-33.141494,-0.011511,-12.569851,-0.001714,2.417672,0.053681,1.059911,-0.182504,-10.101521,
EOSS-337,KC0D-1,2023-04-01 08:12:01.800,2023-04-01 08:12:00,43794.0,13348.41,-2066.0,450.0,descending,/141200h3933.62N/10301.56WO097/066/A=043794 -2T1563P EOSS BALLOON,"KC0D-1>APZEOS,EOSS,WIDE2-1,qAO,N6BA-10:/141200h3933.62N/10301.56WO097/066/A=043794 -2T1563P EOSS BALLOON",97.0,76.0,122.3,39.5603333333,-103.026,54.19,87.21,31.64,-0.2,272.95,15630.0,0.15,0.00038707,0.19948871,0.00042222,1.667e-05,-34.43333333,-10.49533333,n/a,-0.053333,-41.012778,-0.00727,7.892486,0.173173,0.833634,-0.265994,-33.213144,-0.016267,-12.5007,-0.002216,2.405626,0.052783,0.833615,-0.266203,-10.12336,
EOSS-337,AE0SS-13,2023-04-01 08:12:12.215,2023-04-01 08:12:11,43349.0,13212.78,-2092.0,461.0,descending,/141211h3933.62N/10301.30WO085/057EOSS Baloon/A=043349!W65!,"AE0SS-13>APTT4,EOSS,qAO,N6BA-10:/141211h3933.62N/10301.30WO085/057EOSS Baloon/A=043349!W65!",85.0,66.0,106.2,39.5604333333,-103.02175,54.42,87.58,,,,,,,,0.00040111,8.33e-06,-34.86666667,-10.62733333,n/a,-0.014444,-40.814516,-0.007509,7.837952,0.170167,0.758852,-0.040754,-33.241914,-0.0044,-12.440269,-0.002289,2.389005,0.051866,0.758866,-0.040701,-10.132128,
EOSS-337,KC0D-1,2023-04-01 08:12:31.661,2023-04-01 08:12:30,42717.0,13020.14,-2154.0,480.0,descending,/141230h3933.62N/10300.86WO085/065/A=042717 -3T1648P EOSS BALLOON,"KC0D-1>APZEOS,EOSS,WIDE2-1,qAO,N6BA-10:/141230h3933.62N/10300.86WO085/065/A=042717 -3T1648P EOSS BALLOON",85.0,75.0,120.7,39.5603333333,-103.0143333333,54.81,88.21,31.46,-0.3,272.85,16480.0,0.16,0.00040827,0.21041452,0.00038889,0.0,-35.9,-10.94233333,n/a,-0.034444,-40.660937,-0.008378,7.759287,0.167376,0.613579,-0.155733,-33.216023,-0.0105,-12.393458,-0.002553,2.365028,0.051016,0.613576,-0.155775,-10.124236,
EOSS-337,AE0SS-13,2023-04-01 08:12:42.102,2023-04-01 08:12:41,42289.0,12889.69,-2120.0,491.0,descending,/141241h3933.60N/10300.56WO097/072EOSS Baloon/A=042289!W13!,"AE0SS-13>APTT4,EOSS,qAO,W0ARP-2:/141241h3933.60N/10300.56WO097/072EOSS Baloon/A=042289!W13!",97.0,83.0,133.6,39.5600166667,-103.0093833333,55.08,88.64,,,,,,,,0.00041222,-1.389e-05,-35.33333333,-10.76966667,n/a,0.018889,-40.499495,-0.007526,7.693191,0.164725,0.671524,0.160358,-33.139241,0.005756,-12.344253,-0.002294,2.34488,0.050208,0.6715,0.160333,-10.100834,
EOSS-337,KC0D-1,2023-04-01 08:13:01.685,2023-04-01 08:13:00,41686.0,12705.89,-2062.0,510.0,descending,/141300h3933.57N/10300.06WO090/074/A=041686 -7T1731P EOSS BALLOON,"KC0D-1>APZEOS,EOSS,WIDE2-1,qAO,N6BA-10:/141300h3933.57N/10300.06WO090/074/A=041686 -7T1731P EOSS BALLOON",90.0,85.0,136.8,39.5595,-103.001,55.52,89.36,30.74,-0.7,272.45,17310.0,0.17,0.00042946,0.22133633,0.00044444,-2.778e-05,-34.36666667,-10.475,n/a,0.032222,-40.319118,-0.006321,7.648393,0.162278,0.778262,0.237512,-32.934166,0.009822,-12.289275,-0.001927,2.331225,0.049462,0.77825,0.237536,-10.038325,
EOSS-337,AE0SS-13,2023-04-01 08:13:12.158,2023-04-01 08:13:11,41255.0,12574.52,-2068.0,521.0,descending,/141311h3933.56N/10259.74WO090/087EOSS Baloon/A=041255!W94!,"AE0SS-13>APTT4,EOSS,qAO,W0ARP-2:/141311h3933.56N/10259.74WO090/087EOSS Baloon/A=041255!W94!",90.0,100.0,160.9,39.5594833333,-102.9957333333,55.8,89.81,,,,,,,,0.000455,-1.778e-05,-34.46666667,-10.50566667,n/a,-0.003333,-40.151905,-0.006234,7.599736,0.159802,0.748084,0.018154,-32.712558,-0.001022,-12.238314,-0.0019,2.31639,0.048707,0.747995,0.018026,-9.970778,
EOSS-337,KC0D-1,2023-04-01 08:13:31.716,2023-04-01 08:13:30,40672.0,12396.83,-2028.0,540.0,descending,/141330h3933.56N/10259.14WO094/086/A=040672 -8T1819P EOSS BALLOON,"KC0D-1>APZEOS,EOSS,WIDE2-1,qAO,N6BA-10:/141330h3933.56N/10259.14WO094/086/A=040672 -8T1819P EOSS BALLOON",94.0,99.0,159.3,39.5593333333,-102.9856666667,56.34,90.67,30.56,-0.8,272.35,18190.0,0.18,0.00045146,0.23267395,0.00051111,-5.56e-06,-33.8,-10.302,n/a,0.022222,-39.975463,-0.005421,7.564824,0.157507,0.816339,0.175503,-32.311246,0.006789,-12.184528,-0.001652,2.305755,0.048008,0.816448,0.175825,-9.848465,
EOSS-337,AE0SS-13,2023-04-01 08:13:42.238,2023-04-01 08:13:41,40245.0,12266.68,-2020.0,551.0,descending,/141341h3933.56N/10258.79WO086/085EOSS Baloon/A=040245!W09!,"AE0SS-13>APTT4,EOSS,qAO,W0ARP-2:/141341h3933.56N/10258.79WO086/085EOSS Baloon/A=040245!W09!",86.0,98.0,157.7,39.5593333333,-102.9799833333,56.64,91.15,,,,,,,,0.000525,-5e-06,-33.66666667,-10.26133333,n/a,0.004444,-39.804955,-0.005147,7.530779,0.15525,0.815093,0.061778,-31.945696,0.001356,-12.13255,-0.001568,2.295384,0.04732,0.815209,0.061792,-9.737046,
EOSS-337,KC0D-1,2023-04-01 08:14:01.677,2023-04-01 08:14:00,39712.0,12104.22,-1920.0,570.0,descending,/141400h3933.57N/10258.21WO085/088/A=039712 -12T1906P EOSS BALLOON,"KC0D-1>APZEOS,EOSS,WIDE2-1,qAO,N6BA-10:/141400h3933.57N/10258.21WO085/088/A=039712 -12T1906P EOSS BALLOON",85.0,101.0,162.5,39.5595,-102.9701666667,57.16,91.99,29.84,-1.2,271.95,19060.0,0.19,0.00047375,0.24416099,0.00051667,5.56e-06,-32.0,-9.75366667,n/a,0.055556,-39.599561,-0.003506,7.535446,0.153403,1.008508,0.385012,-31.411732,0.016922,-12.069947,-0.001069,2.296805,0.046757,1.008479,0.384777,-9.574294,
EOSS-337,AE0SS-13,2023-04-01 08:14:12.357,2023-04-01 08:14:11,39316.0,11983.52,-1858.0,581.0,descending,/141411h3933.58N/10257.86WO088/078EOSS Baloon/A=039316!W21!,"AE0SS-13>APTT4,EOSS,qAO,N6BA-10:/141411h3933.58N/10257.86WO088/078EOSS Baloon/A=039316!W21!",88.0,90.0,144.8,39.5597,-102.96435,57.47,92.49,,,,,,,,0.00052111,1.222e-05,-30.96666667,-9.43866667,n/a,0.034444,-39.378205,-0.002507,7.563042,0.151441,1.11219,0.243996,-30.966032,0.0105,-12.002479,-0.000764,2.305215,0.046159,1.112179,0.244026,-9.438447,
EOSS-337,KC0D-1,2023-04-01 08:14:31.808,2023-04-01 08:14:30,38798.0,11825.63,-1828.0,600.0,descending,/141430h3933.60N/10257.24WO091/094/A=038798 -13T1993P EOSS BALLOON,"KC0D-1>APZEOS,EOSS,WIDE2-1,qAO,N6BA-10:/141430h3933.60N/10257.24WO091/094/A=038798 -13T1993P EOSS BALLOON",91.0,108.0,173.8,39.56,-102.954,58.02,93.37,29.66,-1.3,271.85,19930.0,0.2,0.00049556,0.25539972,0.00053889,1.667e-05,-30.46666667,-9.28633333,n/a,0.016667,-39.155417,-0.002016,7.597259,0.149467,1.143669,0.124997,-30.331804,0.005078,-11.934575,-0.000614,2.315642,0.045557,1.143632,0.124942,-9.245131,
EOSS-337,AE0SS-13,2023-04-01 08:14:42.099,2023-04-01 08:14:41,38433.0,11714.38,-1766.0,611.0,descending,/141441h3933.60N/10256.87WO089/094EOSS Baloon/A=038433!W46!,"AE0SS-13>APTT4,EOSS,qAO,W0ARP-2:/141441h3933.60N/10256.87WO089/094EOSS Baloon/A=038433!W46!",89.0,108.0,173.8,39.5600666667,-102.9479333333,58.34,93.89,,,,,,,,0.00054722,1.222e-05,-29.43333333,-8.97133333,n/a,0.034444,-38.918293,-0.001104,7.653804,0.147651,1.239248,0.240757,-29.858219,0.0105,-11.862301,-0.000336,2.332875,0.045004,1.23923,0.240779,-9.100786,
EOSS-337,KC0D-1,2023-04-01 08:15:01.699,2023-04-01 08:15:00,37973.0,11574.17,-1650.0,630.0,descending,/141500h3933.56N/10256.27WO095/095/A=037973 -17T2074P EOSS BALLOON,"KC0D-1>APZEOS,EOSS,WIDE2-1,qAO,N6BA-10:/141500h3933.56N/10256.27WO095/095/A=037973 -17T2074P EOSS BALLOON",95.0,109.0,175.4,39.5593333333,-102.9378333333,58.88,94.76,28.94,-1.7,271.45,20740.0,0.2,0.00051646,0.26617138,0.00053889,-2.222e-05,-27.5,-8.382,n/a,0.064444,-38.646429,0.000495,7.762483,0.146152,1.435936,0.437551,-29.240906,0.019644,-11.779437,0.000151,2.366001,0.044547,1.435941,0.437583,-8.912627,
EOSS-337,AE0SS-13,2023-04-01 08:15:12.205,2023-04-01 08:15:11,37646.0,11474.5,-1574.0,641.0,descending,/141511h3933.53N/10255.90WO087/092EOSS Baloon/A=037646!W91!,"AE0SS-13>APTT4,EOSS,qAO,W0ARP-2:/141511h3933.53N/10255.90WO087/092EOSS Baloon/A=037646!W91!",87.0,106.0,170.6,39.5589833333,-102.9316833333,59.21,95.29,,,,,,,,0.00054167,-3.611e-05,-26.23333333,-7.996,n/a,0.042222,-38.357752,0.001488,7.899674,0.144503,1.5348,0.28189,-28.794823,0.012867,-11.69145,0.000454,2.407814,0.044044,1.534774,0.281832,-8.776661,
EOSS-337,KC0D-1,2023-04-01 08:15:31.707,2023-04-01 08:15:30,37258.0,11356.24,-1430.0,660.0,descending,/141530h3933.54N/10255.29WO091/089/A=037258 -18T2147P EOSS BALLOON,"KC0D-1>APZEOS,EOSS,WIDE2-1,qAO,N6BA-10:/141530h3933.54N/10255.29WO091/089/A=037258 -18T2147P EOSS BALLOON",91.0,102.0,164.2,39.559,-102.9215,59.75,96.16,28.76,-1.8,271.35,21470.0,0.21,0.00053483,0.27564154,0.00054444,-1.111e-05,-23.83333333,-7.26433333,n/a,0.08,-38.027652,0.003314,8.108519,0.143273,1.750544,0.535244,-28.26503,0.024389,-11.590833,0.00101,2.471474,0.043669,1.750575,0.535368,-8.615185,
EOSS-337,AE0SS-13,2023-04-01 08:15:42.217,2023-04-01 08:15:41,36924.0,11254.44,-1444.0,671.0,descending,/141541h3933.55N/10254.96WO085/062EOSS Baloon/A=036924!W53!,"AE0SS-13>APTT4,EOSS,qAO,W0ARP-2:/141541h3933.55N/10254.96WO085/062EOSS Baloon/A=036924!W53!",85.0,71.0,114.3,39.55925,-102.91605,60.04,96.62,,,,,,,,0.00052111,8.89e-06,-24.06666667,-7.33533333,n/a,-0.007778,-37.717407,0.003062,8.281614,0.141607,1.648319,-0.07655,-27.814112,-0.002367,-11.496267,0.000934,2.52424,0.043162,1.648391,-0.076479,-8.477749,
EOSS-337,KC0D-1,2023-04-01 08:16:01.682,2023-04-01 08:16:00,36510.0,11128.25,-1496.0,690.0,descending,/141600h3933.55N/10254.42WO089/076/A=036510 -22T2227P EOSS BALLOON,"KC0D-1>APZEOS,EOSS,WIDE2-1,qAO,N6BA-10:/141600h3933.55N/10254.42WO089/076/A=036510 -22T2227P EOSS BALLOON",89.0,87.0,140.0,39.5591666667,-102.907,60.52,97.39,28.04,-2.2,270.95,22270.0,0.22,0.00055558,0.28633439,0.00048333,5.56e-06,-24.93333333,-7.59966667,n/a,-0.028889,-37.439493,0.002352,8.403207,0.14007,1.48826,-0.223038,-27.269201,-0.008811,-11.411558,0.000717,2.561302,0.042693,1.488263,-0.223175,-8.311657,
EOSS-337,AE0SS-13,2023-04-01 08:16:12.125,2023-04-01 08:16:11,36182.0,11028.27,-1484.0,701.0,descending,/141611h3933.53N/10254.12WO096/080EOSS Baloon/A=036182!W42!,"AE0SS-13>APTT4,EOSS,qAO,W0ARP-2:/141611h3933.53N/10254.12WO096/080EOSS Baloon/A=036182!W42!",96.0,92.0,148.1,39.5589,-102.9020333333,60.78,97.82,,,,,,,,0.00046722,-1.167e-05,-24.73333333,-7.539,n/a,0.006667,-37.169149,0.002446,8.515506,0.138506,1.460373,0.030475,-26.853644,0.002022,-11.329163,0.000745,2.595522,0.042216,1.46027,0.030249,-8.184989,
EOSS-337,KC0D-1,2023-04-01 08:16:31.650,2023-04-01 08:16:30,35760.0,10899.65,-1500.0,720.0,descending,/141630h3933.51N/10253.61WO091/073/A=035760 -23T2309P EOSS BALLOON,"KC0D-1>APZEOS,EOSS,WIDE2-1,qAO,N6BA-10:/141630h3933.51N/10253.61WO091/073/A=035760 -23T2309P EOSS BALLOON",91.0,84.0,135.2,39.5585,-102.8935,61.24,98.55,27.86,-2.3,270.85,23090.0,0.23,0.00057625,0.29698707,0.00045,-2.222e-05,-25.0,-7.62,n/a,-0.008889,-36.915625,0.002205,8.605589,0.137002,1.384638,-0.080977,-26.346565,-0.0027,-11.251889,0.000672,2.622979,0.041758,1.384643,-0.080751,-8.030439,
EOSS-337,AE0SS-13,2023-04-01 08:16:42.199,2023-04-01 08:16:41,35418.0,10795.41,-1528.0,731.0,descending,/141641h3933.51N/10253.29WO088/084EOSS Baloon/A=035418!W71!,"AE0SS-13>APTT4,EOSS,qAO,W0ARP-2:/141641h3933.51N/10253.29WO088/084EOSS Baloon/A=035418!W71!",88.0,97.0,156.1,39.5586166667,-102.8881833333,61.52,99.01,,,,,,,,0.00046167,-9.44e-06,-25.46666667,-7.762,n/a,-0.015556,-36.681973,0.001835,8.671125,0.135561,1.293408,-0.128289,-25.962811,-0.004733,-11.180667,0.000559,2.642961,0.041319,1.293499,-0.128077,-7.913472,
EOSS-337,KC0D-1,2023-04-01 08:17:01.886,2023-04-01 08:17:00,34988.0,10664.34,-1544.0,750.0,descending,/141700h3933.52N/10252.76WO091/080/A=034988 -27T2397P EOSS BALLOON,"KC0D-1>APZEOS,EOSS,WIDE2-1,qAO,N6BA-10:/141700h3933.52N/10252.76WO091/080/A=034988 -27T2397P EOSS BALLOON",91.0,92.0,148.1,39.5586666667,-102.8793333333,61.99,99.76,27.14,-2.7,270.45,23970.0,0.24,0.0005991,0.30876175,0.00047222,5.56e-06,-25.73333333,-7.84366667,n/a,-0.008889,-36.463,0.001616,8.720745,0.134151,1.230361,-0.078307,-25.520011,-0.002722,-11.113927,0.000492,2.658082,0.040889,1.230308,-0.078603,-7.778501,
EOSS-337,AE0SS-13,2023-04-01 08:17:12.125,2023-04-01 08:17:11,34640.0,10558.27,-1556.0,761.0,descending,/141711h3933.49N/10252.43WO101/083EOSS Baloon/A=034640!W26!,"AE0SS-13>APTT4,EOSS,qAO,W0ARP-2:/141711h3933.49N/10252.43WO101/083EOSS Baloon/A=034640!W26!",101.0,96.0,154.5,39.5582,-102.8739333333,62.28,100.23,,,,,,,,0.000475,-1.389e-05,-25.93333333,-7.90466667,n/a,-0.006667,-36.256536,0.00145,8.758103,0.13278,1.178703,-0.061131,-25.197105,-0.002033,-11.051,0.000442,2.669464,0.040471,1.178639,-0.061155,-7.68008,
EOSS-337,AE0SS-13,2023-04-01 08:17:42.124,2023-04-01 08:17:41,33856.0,10319.31,-1568.0,791.0,descending,/141741h3933.42N/10251.54WO087/075EOSS Baloon/A=033856!W39!,"AE0SS-13>APTT4,EOSS,qAO,W0ARP-2:/141741h3933.42N/10251.54WO087/075EOSS Baloon/A=033856!W39!",87.0,86.0,138.4,39.55705,-102.85915,63.07,101.5,,,,,,,,0.00049278,-3.833e-05,-26.13333333,-7.96533333,n/a,-0.006667,-36.061859,0.001291,8.784709,0.13145,1.130205,-0.06054,-24.594766,-0.002022,-10.99166,0.000394,2.677577,0.040066,1.130248,-0.060301,-7.496489,
EOSS-337,KC0D-1,2023-04-01 08:18:01.857,2023-04-01 08:18:00,33413.0,10184.28,-1575.0,810.0,descending,/141800h3933.40N/10251.00WO095/077/A=033413 -33T2584P EOSS BALLOON,"KC0D-1>APZEOS,EOSS,WIDE2-1,qAO,N6BA-10:/141800h3933.40N/10251.00WO095/077/A=033413 -33T2584P EOSS BALLOON",95.0,89.0,143.2,39.5566666667,-102.85,63.56,102.29,26.06,-3.3,269.85,25840.0,0.26,0.00064727,0.33358963,0.00048889,-3.333e-05,-26.25,-8.001,n/a,-0.001944,-35.87673,0.001229,8.803608,0.130156,1.093498,-0.024378,-24.333146,-0.000594,-10.935233,0.000375,2.683337,0.039671,1.093501,-0.024426,-7.416745,
EOSS-337,AE0SS-13,2023-04-01 08:18:12.178,2023-04-01 08:18:11,33065.0,10078.21,-1582.0,821.0,descending,/141811h3933.40N/10250.69WO086/084EOSS Baloon/A=033065!W78!,"AE0SS-13>APTT4,EOSS,qAO,W0ARP-2:/141811h3933.40N/10250.69WO086/084EOSS Baloon/A=033065!W78!",86.0,97.0,156.1,39.5567833333,-102.8449666667,63.82,102.71,,,,,,,,0.00047278,-8.89e-06,-26.36666667,-8.03666667,n/a,-0.003889,-35.700617,0.001132,8.815669,0.1289,1.058791,-0.038953,-24.166937,-0.001189,-10.881556,0.000345,2.687012,0.039289,1.058756,-0.039044,-7.366085,
EOSS-337,KC0D-1,2023-04-01 08:18:31.676,2023-04-01 08:18:30,32630.0,9945.62,-1566.0,840.0,descending,/141830h3933.39N/10250.17WO090/068/A=032630 -33T2682P EOSS BALLOON,"KC0D-1>APZEOS,EOSS,WIDE2-1,qAO,N6BA-10:/141830h3933.39N/10250.17WO090/068/A=032630 -33T2682P EOSS BALLOON",90.0,78.0,125.5,39.5565,-102.8361666667,64.29,103.47,26.06,-3.3,269.85,26820.0,0.26,0.00067182,0.34624124,0.00046111,-5.56e-06,-26.1,-7.95533333,n/a,0.008889,-35.526061,0.001276,8.829082,0.127683,1.067615,0.059624,-24.005723,0.002711,-10.828352,0.000389,2.691099,0.038917,1.067601,0.059665,-7.316946,
EOSS-337,AE0SS-13,2023-04-01 08:18:42.155,2023-04-01 08:18:41,32281.0,9839.25,-1568.0,851.0,descending,/141841h3933.40N/10249.87WO089/083EOSS Baloon/A=032281!W39!,"AE0SS-13>APTT4,EOSS,qAO,W0ARP-2:/141841h3933.40N/10249.87WO089/083EOSS Baloon/A=032281!W39!",89.0,96.0,154.5,39.5567166667,-102.8313166667,64.55,103.88,,,,,,,,0.000455,-2.22e-06,-26.13333333,-7.96533333,n/a,-0.001111,-35.358333,0.001232,8.838031,0.126495,1.043784,-0.018522,-23.911411,-0.000333,-10.777226,0.000376,2.693829,0.038556,1.043827,-0.018389,-7.2882,
EOSS-337,KC0D-1,2023-04-01 08:19:02.045,2023-04-01 08:19:00,31824.0,9699.96,-1612.0,870.0,descending,/141900h3933.41N/10249.37WO086/075/A=031824 -32T2784P EOSS BALLOON,"KC0D-1>APZEOS,EOSS,WIDE2-1,qAO,N6BA-10:/141900h3933.41N/10249.37WO086/075/A=031824 -32T2784P EOSS BALLOON",86.0,86.0,138.4,39.5568333333,-102.8228333333,65.0,104.61,26.24,-3.2,269.95,27840.0,0.27,0.00069711,0.35927612,0.00044444,1.111e-05,-26.86666667,-8.18866667,n/a,-0.024444,-35.209357,0.000774,8.830686,0.125387,0.944739,-0.201121,-23.830507,-0.007444,-10.731813,0.000236,2.691595,0.038218,0.944847,-0.200952,-7.263541,
EOSS-337,AE0SS-13,2023-04-01 08:19:12.096,2023-04-01 08:19:11,31507.0,9603.33,-1548.0,881.0,descending,/141911h3933.42N/10249.10WO089/062EOSS Baloon/A=031507!W01!,"AE0SS-13>APTT4,EOSS,qAO,W0ARP-2:/141911h3933.42N/10249.10WO089/062EOSS Baloon/A=031507!W01!",89.0,71.0,114.3,39.557,-102.81835,65.24,104.99,,,,,,,,0.00043222,9.44e-06,-25.8,-7.864,n/a,0.035556,-35.047126,0.001384,8.83965,0.124348,1.046096,0.274809,-23.799474,0.010822,-10.682368,0.000422,2.694324,0.037901,1.046039,0.274399,-7.25408,
EOSS-337,KC0D-1,2023-04-01 08:19:31.690,2023-04-01 08:19:30,31081.0,9473.49,-1486.0,900.0,descending,/141930h3933.36N/10248.66WO104/064/A=031081 -36T2882P EOSS BALLOON,"KC0D-1>APZEOS,EOSS,WIDE2-1,qAO,N6BA-10:/141930h3933.36N/10248.66WO104/064/A=031081 -36T2882P EOSS BALLOON",104.0,74.0,119.1,39.556,-102.811,65.63,105.62,25.52,-3.6,269.55,28820.0,0.28,0.00072272,0.37247497,0.00039444,-2.778e-05,-24.76666667,-7.549,n/a,0.034444,-34.872881,0.001954,8.864733,0.123329,1.140047,0.263442,-23.785006,0.0105,-10.62926,0.000596,2.701968,0.03759,1.140006,0.263474,-7.24967,
EOSS-337,AE0SS-13,2023-04-01 08:19:42.270,2023-04-01 08:19:41,30762.0,9376.26,-1490.0,911.0,descending,/141941h3933.30N/10248.42WO112/056EOSS Baloon/A=030762!W66!,"AE0SS-13>APTT4,EOSS,qAO,N6BA-10:/141941h3933.30N/10248.42WO112/056EOSS Baloon/A=030762!W66!",112.0,64.0,103.0,39.5551,-102.8071,65.84,105.96,,,,,,,,0.000375,-6.333e-05,-24.83333333,-7.569,n/a,-0.002222,-34.705556,0.001883,8.884337,0.122262,1.111194,-0.033575,-23.790933,-0.000667,-10.578256,0.000574,2.707947,0.037265,1.111268,-0.033302,-7.251476,
EOSS-337,KC0D-1,2023-04-01 08:20:01.678,2023-04-01 08:20:00,30351.0,9250.98,-1460.0,930.0,descending,/142000h3933.23N/10248.06WO106/065/A=030351 -37T2982P EOSS BALLOON,"KC0D-1>APZEOS,EOSS,WIDE2-1,qAO,N6BA-10:/142000h3933.23N/10248.06WO106/065/A=030351 -37T2982P EOSS BALLOON",106.0,75.0,120.7,39.5538333333,-102.801,66.17,106.49,25.34,-3.7,269.45,29820.0,0.29,0.00074808,0.38554218,0.00033333,-7.222e-05,-24.33333333,-7.417,n/a,0.016667,-34.535519,0.00213,8.909522,0.121237,1.145088,0.119906,-23.814415,0.005067,-10.526432,0.000649,2.715619,0.036953,1.145018,0.119557,-7.258633,
EOSS-337,AE0SS-13,2023-04-01 08:20:12.178,2023-04-01 08:20:11,30014.0,9148.27,-1496.0,941.0,descending,/142011h3933.15N/10247.82WO122/060EOSS Baloon/A=030014!W54!,"AE0SS-13>APTT4,EOSS,qAO,W0ARP-2:/142011h3933.15N/10247.82WO122/060EOSS Baloon/A=030014!W54!",122.0,69.0,111.0,39.5525833333,-102.7970666667,66.39,106.84,,,,,,,,0.00033444,-8.389e-05,-24.93333333,-7.59966667,n/a,-0.02,-34.380645,0.001767,8.919944,0.120255,1.059122,-0.181007,-23.842779,-0.006089,-10.479226,0.000539,2.718796,0.036653,1.05913,-0.180831,-7.267278,
EOSS-337,KC0D-1,2023-04-01 08:20:31.703,2023-04-01 08:20:30,29622.0,9028.79,-1458.0,960.0,descending,/142030h3933.02N/10247.45WO108/059/A=029622 -41T3084P EOSS BALLOON,"KC0D-1>APZEOS,EOSS,WIDE2-1,qAO,N6BA-10:/142030h3933.02N/10247.45WO108/059/A=029622 -41T3084P EOSS BALLOON",108.0,68.0,109.4,39.5503333333,-102.7908333333,66.73,107.39,24.62,-4.1,269.05,30840.0,0.3,0.00077481,0.39932254,0.00033889,-0.00011667,-24.3,-7.40633333,n/a,0.021111,-34.220635,0.002079,8.938406,0.119291,1.109889,0.159543,-23.88104,0.006444,-10.43045,0.000634,2.724429,0.03636,1.11,0.159791,-7.278939,
EOSS-337,AE0SS-13,2023-04-01 08:20:42.143,2023-04-01 08:20:41,29325.0,8938.26,-1378.0,971.0,descending,/142041h3932.94N/10247.22WO123/061EOSS Baloon/A=029325!W21!,"AE0SS-13>APTT4,EOSS,qAO,W0ARP-2:/142041h3932.94N/10247.22WO123/061EOSS Baloon/A=029325!W21!",123.0,70.0,112.7,39.5490333333,-102.7870166667,66.94,107.73,,,,,,,,0.000335,-0.00011833,-22.96666667,-7.00033333,n/a,0.044444,-34.044792,0.002751,8.978076,0.118445,1.233909,0.352003,-23.910634,0.013533,-10.376854,0.000839,2.736519,0.036102,1.233874,0.351615,-7.287959,
EOSS-337,KC0D-1,2023-04-01 08:21:01.819,2023-04-01 08:21:00,28924.0,8816.04,-1396.0,990.0,descending,/142100h3932.81N/10246.81WO112/065/A=028924 -41T3184P EOSS BALLOON,"KC0D-1>APZEOS,EOSS,WIDE2-1,qAO,N6BA-10:/142100h3932.81N/10246.81WO112/065/A=028924 -41T3184P EOSS BALLOON",112.0,75.0,120.7,39.5468333333,-102.7801666667,67.31,108.33,24.62,-4.1,269.05,31840.0,0.31,0.00079994,0.41227074,0.00035556,-0.00011667,-23.26666667,-7.09166667,n/a,-0.01,-33.878974,0.002552,9.007418,0.117512,1.178174,-0.106815,-23.947061,-0.003044,-10.326313,0.000778,2.745463,0.035817,1.178179,-0.106709,-7.299062,
EOSS-337,AE0SS-13,2023-04-01 08:21:12.081,2023-04-01 08:21:11,28626.0,8725.2,-1398.0,1001.0,descending,/142111h3932.74N/10246.58WO104/051EOSS Baloon/A=028626!W52!,"AE0SS-13>APTT4,EOSS,qAO,W0ARP-2:/142111h3932.74N/10246.58WO104/051EOSS Baloon/A=028626!W52!",104.0,59.0,95.0,39.54575,-102.7763666667,67.52,108.66,,,,,,,,0.000355,-0.00010944,-23.3,-7.102,n/a,-0.001111,-33.718687,0.002496,9.032223,0.116592,1.153502,-0.030937,-23.968761,-0.000344,-10.27746,0.000761,2.75302,0.035537,1.153446,-0.031094,-7.305676,
EOSS-337,KC0D-1,2023-04-01 08:21:31.663,2023-04-01 08:21:30,28235.0,8606.03,-1378.0,1020.0,descending,/142130h3932.64N/10246.17WO112/063/A=028235 -45T3286P EOSS BALLOON,"KC0D-1>APZEOS,EOSS,WIDE2-1,qAO,N6BA-10:/142130h3932.64N/10246.17WO112/063/A=028235 -45T3286P EOSS BALLOON",112.0,72.0,115.9,39.544,-102.7695,67.89,109.26,23.9,-4.5,268.65,32860.0,0.32,0.00082679,0.42611141,0.00035556,-9.444e-05,-22.96666667,-7.00033333,n/a,0.011111,-33.558209,0.002626,9.059274,0.115696,1.169138,0.073339,-23.986801,0.003389,-10.228547,0.000801,2.761264,0.035264,1.169107,0.073389,-7.311174,
EOSS-337,AE0SS-13,2023-04-01 08:21:42.307,2023-04-01 08:21:41,27937.0,8515.2,-1378.0,1031.0,descending,/142141h3932.56N/10245.92WO114/063EOSS Baloon/A=027937!W14!,"AE0SS-13>APTT4,EOSS,qAO,N6BA-10:/142141h3932.56N/10245.92WO114/063EOSS Baloon/A=027937!W14!",114.0,72.0,115.9,39.5426833333,-102.7654,68.12,109.62,,,,,,,,0.00036556,-0.00010222,-22.96666667,-7.0,n/a,0.0,-33.402451,0.002587,9.082688,0.114817,1.148975,-0.022532,-23.990508,1.1e-05,-10.181069,0.000789,2.768405,0.034996,1.149062,-0.022231,-7.312304,
EOSS-337,KC0D-1,2023-04-01 08:22:01.687,2023-04-01 08:22:00,27541.0,8394.5,-1388.0,1050.0,descending,/142200h3932.45N/10245.53WO111/059/A=027541 -45T3392P EOSS BALLOON,"KC0D-1>APZEOS,EOSS,WIDE2-1,qAO,N6BA-10:/142200h3932.45N/10245.53WO111/059/A=027541 -45T3392P EOSS BALLOON",111.0,68.0,109.4,39.5408333333,-102.7588333333,68.47,110.2,23.9,-4.5,268.65,33920.0,0.33,0.00085346,0.43985694,0.00035556,-0.00010556,-23.13333333,-7.051,n/a,-0.005556,-33.253623,0.002467,9.100021,0.113961,1.112117,-0.070401,-23.979441,-0.0017,-10.135705,0.000752,2.773688,0.034735,1.112131,-0.070592,-7.308931,
EOSS-337,AE0SS-13,2023-04-01 08:22:12.133,2023-04-01 08:22:11,27241.0,8303.06,-1392.0,1061.0,descending,/142211h3932.39N/10245.29WO111/068EOSS Baloon/A=027241!W11!,"AE0SS-13>APTT4,EOSS,qAO,W0ARP-2:/142211h3932.39N/10245.29WO111/068EOSS Baloon/A=027241!W11!",111.0,78.0,125.5,39.53985,-102.75485,68.69,110.55,,,,,,,,0.00035167,-9.444e-05,-23.2,-7.07133333,n/a,-0.002222,-33.11,0.002399,9.113406,0.113121,1.087409,-0.04085,-23.957525,-0.000678,-10.091929,0.000731,2.777769,0.034479,1.087418,-0.040865,-7.302251,
EOSS-337,KC0D-1,2023-04-01 08:22:31.652,2023-04-01 08:22:30,26872.0,8190.59,-1338.0,1080.0,descending,/142230h3932.27N/10244.90WO109/062/A=026872 -49T3495P EOSS BALLOON,"KC0D-1>APZEOS,EOSS,WIDE2-1,qAO,N6BA-10:/142230h3932.27N/10244.90WO109/062/A=026872 -49T3495P EOSS BALLOON",109.0,71.0,114.3,39.5378333333,-102.7483333333,69.05,111.12,23.18,-4.9,268.25,34950.0,0.34,0.00088069,0.45388925,0.00035,-0.0001,-22.3,-6.797,n/a,0.03,-32.957746,0.002794,9.138575,0.112347,1.166237,0.24216,-23.913334,0.009144,-10.045521,0.000852,2.785441,0.034243,1.16625,0.242152,-7.288783,
EOSS-337,AE0SS-13,2023-04-01 08:22:42.092,2023-04-01 08:22:41,26585.0,8103.11,-1312.0,1091.0,descending,/142241h3932.20N/10244.67WO110/061EOSS Baloon/A=026585!W08!,"AE0SS-13>APTT4,EOSS,qAO,W0ARP-2:/142241h3932.20N/10244.67WO110/061EOSS Baloon/A=026585!W08!",110.0,70.0,112.7,39.5366666667,-102.7446333333,69.25,111.45,,,,,,,,0.00034056,-0.00010611,-21.86666667,-6.665,n/a,0.014444,-32.803704,0.002958,9.16765,0.11155,1.193003,0.102967,-23.865337,0.0044,-9.998569,0.000902,2.794302,0.034,1.192988,0.102882,-7.274153,
EOSS-337,KC0D-1,2023-04-01 08:23:01.672,2023-04-01 08:23:00,26198.0,7985.15,-1348.0,1110.0,descending,/142300h3932.11N/10244.34WO108/053/A=026198 -49T3602P EOSS BALLOON,"KC0D-1>APZEOS,EOSS,WIDE2-1,qAO,N6BA-10:/142300h3932.11N/10244.34WO108/053/A=026198 -49T3602P EOSS BALLOON",108.0,61.0,98.2,39.5351666667,-102.739,69.56,111.94,23.18,-4.9,268.25,36020.0,0.36,0.00090765,0.46778515,0.00031111,-8.889e-05,-22.46666667,-6.848,n/a,-0.02,-32.6621,0.002639,9.183804,0.110795,1.110154,-0.204332,-23.781548,-0.0061,-9.955411,0.000804,2.799223,0.03377,1.110098,-0.204442,-7.248614,
EOSS-337,AE0SS-13,2023-04-01 08:23:12.097,2023-04-01 08:23:11,25909.0,7897.06,-1352.0,1121.0,descending,/142311h3932.05N/10244.13WO112/061EOSS Baloon/A=025909!W61!,"AE0SS-13>APTT4,EOSS,qAO,W0ARP-2:/142311h3932.05N/10244.13WO112/061EOSS Baloon/A=025909!W61!",112.0,70.0,112.7,39.5342666667,-102.7355166667,69.75,112.25,,,,,,,,0.00030389,-8e-05,-22.53333333,-6.86833333,n/a,-0.002222,-32.525225,0.002572,9.196372,0.110024,1.086504,-0.043572,-23.704926,-0.000678,-9.913694,0.000784,2.803051,0.033535,1.086445,-0.043596,-7.225259,
EOSS-337,KC0D-1,2023-04-01 08:23:31.666,2023-04-01 08:23:30,25531.0,7781.85,-1334.0,1140.0,descending,/142330h3931.96N/10243.78WO111/059/A=025531 -52T3712P EOSS BALLOON,"KC0D-1>APZEOS,EOSS,WIDE2-1,qAO,N6BA-10:/142330h3931.96N/10243.78WO111/059/A=025531 -52T3712P EOSS BALLOON",111.0,68.0,109.4,39.5326666667,-102.7296666667,70.07,112.76,22.64,-5.2,267.95,37120.0,0.37,0.00093642,0.48261038,0.00031111,-8.333e-05,-22.23333333,-6.77666667,n/a,0.01,-32.388,0.002673,9.211009,0.109271,1.102449,0.067053,-23.5874,0.003056,-9.871867,0.000815,2.807514,0.033306,1.10247,0.067285,-7.189439,
EOSS-337,AE0SS-13,2023-04-01 08:23:42.256,2023-04-01 08:23:41,25230.0,7690.1,-1358.0,1151.0,descending,/142341h3931.90N/10243.58WO096/050EOSS Baloon/A=025230!W05!,"AE0SS-13>APTT4,EOSS,qAO,N6BA-10:/142341h3931.90N/10243.58WO096/050EOSS Baloon/A=025230!W05!",96.0,58.0,93.3,39.5316666667,-102.7264166667,70.25,113.05,,,,,,,,0.00030333,-8.667e-05,-22.63333333,-6.89866667,n/a,-0.013333,-32.259649,0.002459,9.217563,0.108546,1.044345,-0.145487,-23.480741,-0.004067,-9.832746,0.00075,2.809511,0.033085,1.044338,-0.145595,-7.156927,
EOSS-337,KC0D-1,2023-04-01 08:24:01.636,2023-04-01 08:24:00,24856.0,7576.11,-1350.0,1170.0,descending,/142400h3931.80N/10243.23WO105/051/A=024856 -51T3822P EOSS BALLOON,"KC0D-1>APZEOS,EOSS,WIDE2-1,qAO,N6BA-10:/142400h3931.80N/10243.23WO105/051/A=024856 -51T3822P EOSS BALLOON",105.0,59.0,95.0,39.53,-102.7205,70.57,113.57,22.82,-5.1,268.05,38220.0,0.38,0.00096381,0.49672649,0.00030556,-8.889e-05,-22.5,-6.858,n/a,0.004444,-32.1329,0.002485,9.22402,0.107821,1.044328,0.018169,-23.333769,0.001356,-9.794113,0.000758,2.811479,0.032863,1.04433,0.018197,-7.112133,
EOSS-337,AE0SS-13,2023-04-01 08:24:12.117,2023-04-01 08:24:11,24560.0,7485.89,-1340.0,1181.0,descending,/142411h3931.77N/10243.01WO100/058EOSS Baloon/A=024560!W09!,"AE0SS-13>APTT4,EOSS,qAO,W0ARP-2:/142411h3931.77N/10243.01WO100/058EOSS Baloon/A=024560!W09!",100.0,67.0,107.8,39.5295,-102.7169833333,70.76,113.87,,,,,,,,0.00031444,-7.222e-05,-22.33333333,-6.807,n/a,0.005556,-32.007265,0.002525,9.230859,0.107109,1.047999,0.028298,-23.207595,0.0017,-9.755816,0.00077,2.813567,0.032647,1.04807,0.028487,-7.073675,
EOSS-337,KC0D-1,2023-04-01 08:24:31.697,2023-04-01 08:24:30,24176.0,7368.84,-1360.0,1200.0,descending,/142430h3931.69N/10242.64WO105/061/A=024176 -54T3937P EOSS BALLOON,"KC0D-1>APZEOS,EOSS,WIDE2-1,qAO,N6BA-10:/142430h3931.69N/10242.64WO105/061/A=024176 -54T3937P EOSS BALLOON",105.0,70.0,112.7,39.5281666667,-102.7106666667,71.1,114.43,22.28,-5.4,267.75,39370.0,0.39,0.00099392,0.51224577,0.00032778,-6.111e-05,-22.66666667,-6.909,n/a,-0.011111,-31.88903,0.00235,9.231507,0.106423,0.99901,-0.126486,-23.033377,-0.0034,-9.719781,0.000716,2.813762,0.032437,0.998941,-0.126892,-7.020571,
EOSS-337,AE0SS-13,2023-04-01 08:24:42.212,2023-04-01 08:24:41,23868.0,7274.97,-1384.0,1211.0,descending,/142441h3931.63N/10242.42WO101/060EOSS Baloon/A=023868!W75!,"AE0SS-13>APTT4,EOSS,qAO,W0ARP-2:/142441h3931.63N/10242.42WO101/060EOSS Baloon/A=023868!W75!",101.0,69.0,111.0,39.5272833333,-102.7070833333,71.3,114.74,,,,,,,,0.00033,-7.389e-05,-23.06666667,-7.03066667,n/a,-0.013333,-31.77875,0.002152,9.225774,0.105753,0.94432,-0.146426,-22.887089,-0.004056,-9.686167,0.000656,2.812015,0.032233,0.944341,-0.146186,-6.975987,
EOSS-337,KC0D-1,2023-04-01 08:25:01.888,2023-04-01 08:25:00,23477.0,7155.79,-1398.0,1230.0,descending,/142500h3931.56N/10242.06WO106/050/A=023477 -53T4058P EOSS BALLOON,"KC0D-1>APZEOS,EOSS,WIDE2-1,qAO,N6BA-10:/142500h3931.56N/10242.06WO106/050/A=023477 -53T4058P EOSS BALLOON",106.0,58.0,93.3,39.526,-102.701,71.63,115.27,22.46,-5.3,267.85,40580.0,0.4,0.00102409,0.52779205,0.00032222,-7.222e-05,-23.3,-7.10166667,n/a,-0.007778,-31.674074,0.002028,9.216208,0.105088,0.908625,-0.093312,-22.696021,-0.002367,-9.654259,0.000618,2.809101,0.03203,0.908687,-0.093194,-6.917748,
EOSS-337,AE0SS-13,2023-04-01 08:25:12.102,2023-04-01 08:25:11,23172.0,7062.83,-1392.0,1241.0,descending,/142511h3931.52N/10241.85WO101/056EOSS Baloon/A=023172!W53!,"AE0SS-13>APTT4,EOSS,qAO,W0ARP-2:/142511h3931.52N/10241.85WO101/056EOSS Baloon/A=023172!W53!",101.0,64.0,103.0,39.5254166667,-102.69755,71.81,115.57,,,,,,,,0.00031778,-6.222e-05,-23.2,-7.07133333,n/a,0.003333,-31.570732,0.002044,9.206824,0.104429,0.909188,0.012343,-22.545052,0.001011,-9.62276,0.000623,2.806241,0.03183,0.909197,0.01219,-6.871735,
EOSS-337,AE0SS-13,2023-04-01 08:25:42.382,2023-04-01 08:25:41,22486.0,6853.73,-1372.0,1271.0,descending,/142541h3931.37N/10241.25WO116/054EOSS Baloon/A=022486!W18!,"AE0SS-13>APTT4,EOSS,qAO,N6BA-10:/142541h3931.37N/10241.25WO116/054EOSS Baloon/A=022486!W18!",116.0,62.0,99.8,39.52285,-102.6876333333,72.36,116.44,,,,,,,,0.00033056,-8.556e-05,-22.86666667,-6.97,n/a,0.011111,-31.465863,0.002154,9.200253,0.103787,0.93467,0.086302,-22.208987,0.003378,-9.590799,0.000657,2.804236,0.031634,0.934586,0.086015,-6.769299,
EOSS-337,KC0D-1,2023-04-01 08:26:10.855,2023-04-01 08:26:00,22105.0,6737.6,-1372.0,1290.0,descending,/142600h3931.29N/10240.93WO106/056/A=022105 -52T4302P EOSS BALLOON,"KC0D-1>APZEOS,EOSS,WIDE2-1,qAO,N6BA-10:/142600h3931.29N/10240.93WO106/056/A=022105 -52T4302P EOSS BALLOON",106.0,64.0,103.0,39.5215,-102.6821666667,72.65,116.92,22.64,-5.2,267.95,43020.0,0.42,0.00108526,0.55931838,0.00031389,-7.5e-05,-22.86666667,-6.96983333,n/a,0.0,-31.363492,0.002129,9.192668,0.103152,0.924305,-0.020639,-22.029751,3e-06,-9.559597,0.000649,2.801923,0.031441,0.924281,-0.020546,-6.714668,
EOSS-337,AE0SS-13,2023-04-01 08:26:12.117,2023-04-01 08:26:11,21801.0,6644.94,-1370.0,1301.0,descending,/142611h3931.24N/10240.71WO104/054EOSS Baloon/A=021801!W25!,"AE0SS-13>APTT4,EOSS,qAO,W0ARP-2:/142611h3931.24N/10240.71WO104/054EOSS Baloon/A=021801!W25!",104.0,62.0,99.8,39.5207,-102.6785833333,72.85,117.24,,,,,,,,0.00030167,-7.167e-05,-22.83333333,-6.95966667,n/a,0.001111,-31.263137,0.002116,9.184508,0.102529,0.917829,-0.009802,-21.892925,0.000339,-9.52901,0.000645,2.799435,0.031251,0.917808,-0.009792,-6.672963,
EOSS-337,KC0D-1,2023-04-01 08:26:50.332,2023-04-01 08:26:30,21430.0,6531.86,-1350.0,1320.0,descending,/142630h3931.15N/10240.36WO102/051/A=021430 -48T4427P EOSS BALLOON,"KC0D-1>APZEOS,EOSS,WIDE2-1,qAO,N6BA-10:/142630h3931.15N/10240.36WO102/051/A=021430 -48T4427P EOSS BALLOON",102.0,59.0,95.0,39.5191666667,-102.6726666667,73.17,117.76,23.36,-4.8,268.35,44270.0,0.44,0.00111513,0.57471214,0.00031667,-7.778e-05,-22.5,-6.858,n/a,0.011111,-31.16124,0.002222,9.17909,0.101922,0.943584,0.087214,-21.735159,0.003389,-9.497952,0.000677,2.797784,0.031065,0.943587,0.087301,-6.624876,
EOSS-337,AE0SS-13,2023-04-01 08:26:42.276,2023-04-01 08:26:41,21131.0,6440.73,-1340.0,1331.0,descending,/142641h3931.11N/10240.15WO106/058EOSS Baloon/A=021131!W66!,"AE0SS-13>APTT4,EOSS,qAO,W0ARP-2:/142641h3931.11N/10240.15WO106/058EOSS Baloon/A=021131!W66!",106.0,67.0,107.8,39.5186,-102.6692666667,73.36,118.06,,,,,,,,0.00031056,-7e-05,-22.33333333,-6.807,n/a,0.005556,-31.05977,0.002261,9.174517,0.101321,0.95116,0.03252,-21.616381,0.0017,-9.467021,0.000689,2.796392,0.030882,0.951233,0.032738,-6.588675,
EOSS-337,KC0D-1,2023-04-01 08:27:15.865,2023-04-01 08:27:00,20750.0,6324.6,-1360.0,1350.0,descending,/142700h3931.03N/10239.81WO106/054/A=020750 -43T4556P EOSS BALLOON,"KC0D-1>APZEOS,EOSS,WIDE2-1,qAO,N6BA-10:/142700h3931.03N/10239.81WO106/054/A=020750 -43T4556P EOSS BALLOON",106.0,62.0,99.8,39.5171666667,-102.6635,73.67,118.56,24.26,-4.3,268.85,45560.0,0.45,0.00114549,0.59035891,0.00030556,-6.667e-05,-22.66666667,-6.90866667,n/a,-0.011111,-30.964394,0.002107,9.165411,0.100741,0.905331,-0.131208,-21.476754,-0.003389,-9.437949,0.000642,2.793618,0.030705,0.905379,-0.131282,-6.546116,
EOSS-337,AE0SS-13,2023-04-01 08:27:12.106,2023-04-01 08:27:11,20442.0,6230.72,-1378.0,1361.0,descending,/142711h3930.97N/10239.60WO111/050EOSS Baloon/A=020442!W18!,"AE0SS-13>APTT4,EOSS,qAO,W0ARP-2:/142711h3930.97N/10239.60WO111/050EOSS Baloon/A=020442!W18!",111.0,58.0,93.3,39.5161833333,-102.6601333333,73.86,118.86,,,,,,,,0.00030444,-8.056e-05,-22.96666667,-7.00033333,n/a,-0.01,-30.874532,0.00197,9.152533,0.100168,0.864008,-0.119499,-21.373763,-0.003056,-9.41056,0.0006,2.789692,0.030531,0.863976,-0.119747,-6.514724,
EOSS-337,KC0D-1,2023-04-01 08:27:31.834,2023-04-01 08:27:30,20057.0,6113.37,-1386.0,1380.0,descending,/142730h3930.90N/10239.29WO102/048/A=020057 -37T4693P EOSS BALLOON,"KC0D-1>APZEOS,EOSS,WIDE2-1,qAO,N6BA-10:/142730h3930.90N/10239.29WO102/048/A=020057 -37T4693P EOSS BALLOON",102.0,55.0,88.5,39.515,-102.6548333333,74.14,119.32,25.34,-3.7,269.45,46930.0,0.46,0.0011773,0.60675703,0.00028889,-7.222e-05,-23.1,-7.041,n/a,-0.004444,-30.788148,0.001898,9.137791,0.0996,0.841357,-0.063675,-21.257228,-0.001356,-9.384231,0.000578,2.785198,0.030358,0.841316,-0.063706,-6.479203,
EOSS-337,AE0SS-13,2023-04-01 08:27:42.266,2023-04-01 08:27:41,19750.0,6019.8,-1384.0,1391.0,descending,/142741h3930.86N/10239.10WO115/046EOSS Baloon/A=019750!W10!,"AE0SS-13>APTT4,EOSS,qAO,N6BA-10:/142741h3930.86N/10239.10WO115/046EOSS Baloon/A=019750!W10!",115.0,53.0,85.3,39.51435,-102.6516666667,74.32,119.6,,,,,,,,0.00028222,-6.111e-05,-23.06666667,-7.03066667,n/a,0.001111,-30.703297,0.001889,9.122863,0.099039,0.837087,-0.007855,-21.173394,0.000344,-9.358368,0.000576,2.780648,0.030187,0.837108,-0.007685,-6.453651,
EOSS-337,KC0D-1,2023-04-01 08:28:06.836,2023-04-01 08:28:00,19395.0,5911.6,-1324.0,1410.0,descending,/142800h3930.80N/10238.75WO105/053/A=019395 -32T4822P EOSS BALLOON,"KC0D-1>APZEOS,EOSS,WIDE2-1,qAO,N6BA-10:/142800h3930.80N/10238.75WO105/053/A=019395 -32T4822P EOSS BALLOON",105.0,61.0,98.2,39.5133333333,-102.6458333333,74.63,120.11,26.24,-3.2,269.95,48220.0,0.48,0.00120742,0.62228069,0.0003,-5.556e-05,-22.06666667,-6.72566667,n/a,0.033333,-30.60942,0.002234,9.117173,0.098542,0.936996,0.315591,-21.085262,0.010167,-9.329752,0.000681,2.778916,0.030035,0.937087,0.315832,-6.426789,
EOSS-337,AE0SS-13,2023-04-01 08:28:12.383,2023-04-01 08:28:11,19120.0,5827.78,-1260.0,1421.0,descending,/142811h3930.76N/10238.55WO105/044EOSS Baloon/A=019120!W42!,"AE0SS-13>APTT4,EOSS,qAO,W0ARP-2:/142811h3930.76N/10238.55WO105/044EOSS Baloon/A=019120!W42!",105.0,51.0,82.1,39.5127333333,-102.6425333333,74.81,120.4,,,,,,,,0.00030444,-5.389e-05,-21.0,-6.40066667,n/a,0.035556,-30.506093,0.002597,9.122074,0.098061,1.042098,0.336107,-21.022342,0.010833,-9.298256,0.000792,2.780412,0.029889,1.042144,0.335943,-6.407611,
EOSS-337,KC0D-1,2023-04-01 08:28:31.715,2023-04-01 08:28:30,18768.0,5720.49,-1254.0,1440.0,descending,/142830h3930.69N/10238.25WO105/045/A=018768 -29T4951P EOSS BALLOON,"KC0D-1>APZEOS,EOSS,WIDE2-1,qAO,N6BA-10:/142830h3930.69N/10238.25WO105/045/A=018768 -29T4951P EOSS BALLOON",105.0,52.0,83.7,39.5115,-102.6375,75.09,120.84,26.78,-2.9,270.25,49510.0,0.49,0.00123835,0.63821892,0.00027778,-6.111e-05,-20.9,-6.37033333,n/a,0.003333,-30.403901,0.002605,9.126837,0.097526,1.041314,0.007465,-20.946704,0.001011,-9.267108,0.000794,2.781863,0.029726,1.041307,0.0073,-6.384556,
EOSS-337,AE0SS-13,2023-04-01 08:28:42.203,2023-04-01 08:28:41,18490.0,5635.75,-1260.0,1451.0,descending,/142841h3930.63N/10238.07WO112/038EOSS Baloon/A=018490!W96!,"AE0SS-13>APTT4,EOSS,qAO,W0ARP-2:/142841h3930.63N/10238.07WO112/038EOSS Baloon/A=018490!W96!",112.0,44.0,70.8,39.51065,-102.6346,75.25,121.1,,,,,,,,0.00026444,-6.944e-05,-21.0,-6.401,n/a,-0.003333,-30.304912,0.002541,9.129286,0.097003,1.019238,-0.060555,-20.889202,-0.001022,-9.236939,0.000775,2.782608,0.029566,1.019166,-0.060779,-6.367028,
EOSS-337,KC0D-1,2023-04-01 08:29:01.742,2023-04-01 08:29:00,18150.0,5532.12,-1236.0,1470.0,descending,/142900h3930.56N/10237.79WO107/046/A=018150 -26T5077P EOSS BALLOON,"KC0D-1>APZEOS,EOSS,WIDE2-1,qAO,N6BA-10:/142900h3930.56N/10237.79WO107/046/A=018150 -26T5077P EOSS BALLOON",107.0,53.0,85.3,39.5093333333,-102.6298333333,75.51,121.52,27.32,-2.6,270.55,50770.0,0.5,0.00126846,0.65373551,0.00025556,-7.222e-05,-20.6,-6.279,n/a,0.013333,-30.203819,0.002655,9.134969,0.096492,1.051325,0.110662,-20.819166,0.004067,-9.206127,0.000809,2.784338,0.02941,1.051283,0.110779,-6.345681,
EOSS-337,AE0SS-13,2023-04-01 08:29:12.147,2023-04-01 08:29:11,17883.0,5450.74,-1214.0,1481.0,descending,/142911h3930.51N/10237.62WO121/047EOSS Baloon/A=017883!W15!,"AE0SS-13>APTT4,EOSS,qAO,W0ARP-2:/142911h3930.51N/10237.62WO121/047EOSS Baloon/A=017883!W15!",121.0,54.0,86.9,39.5085166667,-102.6270833333,75.66,121.76,,,,,,,,0.00025056,-7.111e-05,-20.23333333,-6.167,n/a,0.012222,-30.101031,0.002755,9.143482,0.095987,1.079206,0.098628,-20.762558,0.003733,-9.174796,0.00084,2.786935,0.029257,1.079249,0.098882,-6.328427,
EOSS-337,KC0D-1,2023-04-01 08:29:31.694,2023-04-01 08:29:30,17554.0,5350.46,-1192.0,1500.0,descending,/142930h3930.43N/10237.33WO104/043/A=017554 -26T5202P EOSS BALLOON,"KC0D-1>APZEOS,EOSS,WIDE2-1,qAO,N6BA-10:/142930h3930.43N/10237.33WO104/043/A=017554 -26T5202P EOSS BALLOON",104.0,49.0,78.9,39.5071666667,-102.6221666667,75.93,122.2,27.32,-2.6,270.55,52020.0,0.51,0.00129969,0.66983102,0.00025556,-7.222e-05,-19.86666667,-6.05533333,n/a,0.012222,-29.996599,0.002852,9.15479,0.095491,1.106517,0.098124,-20.68839,0.003722,-9.142964,0.000869,2.790381,0.029105,1.106527,0.098024,-6.30582,
EOSS-337,AE0SS-13,2023-04-01 08:29:42.186,2023-04-01 08:29:41,17276.0,5265.72,-1214.0,1511.0,descending,/142941h3930.38N/10237.15WO105/054EOSS Baloon/A=017276!W02!,"AE0SS-13>APTT4,EOSS,qAR,W0ARP:/142941h3930.38N/10237.15WO105/054EOSS Baloon/A=017276!W02!",105.0,62.0,99.8,39.5063333333,-102.6192,76.09,122.46,,,,,,,,0.00026278,-7.278e-05,-20.23333333,-6.16733333,n/a,-0.012222,-29.89798,0.002698,9.160667,0.09501,1.055016,-0.157036,-20.619886,-0.003733,-9.112907,0.000822,2.79217,0.028959,1.054941,-0.157291,-6.284939,
EOSS-337,KC0D-1,2023-04-01 08:30:01.753,2023-04-01 08:30:00,16957.0,5168.49,-1194.0,1530.0,descending,/143000h3930.30N/10236.84WO110/051/A=016957 -26T5332P EOSS BALLOON,"KC0D-1>APZEOS,EOSS,WIDE2-1,qAO,N6BA-10:/143000h3930.30N/10236.84WO110/051/A=016957 -26T5332P EOSS BALLOON",110.0,59.0,95.0,39.505,-102.614,76.38,122.92,27.32,-2.6,270.55,53320.0,0.53,0.00133217,0.68657036,0.00027222,-7.222e-05,-19.9,-6.06566667,n/a,0.011111,-29.798,0.002783,9.168956,0.094527,1.079512,0.088102,-20.532277,0.003389,-9.082435,0.000848,2.794695,0.028812,1.079462,0.088192,-6.258236,
EOSS-337,AE0SS-13,2023-04-01 08:30:12.565,2023-04-01 08:30:11,16672.0,5081.63,-1208.0,1541.0,descending,/143011h3930.26N/10236.65WO102/044EOSS Baloon/A=016672!W48!,"AE0SS-13>APTT4,EOSS,qAO,W0ARP-2:/143011h3930.26N/10236.65WO102/044EOSS Baloon/A=016672!W48!",102.0,51.0,82.1,39.5044,-102.6109666667,76.54,123.18,,,,,,,,0.00027444,-6.444e-05,-20.13333333,-6.13633333,n/a,-0.007778,-29.70231,0.002678,9.173542,0.094055,1.043106,-0.111169,-20.443857,-0.002356,-9.053266,0.000816,2.796096,0.028668,1.043216,-0.110646,-6.231288,
EOSS-337,KC0D-1,2023-04-01 08:30:31.742,2023-04-01 08:30:30,16369.0,4989.27,-1176.0,1560.0,descending,/143030h3930.17N/10236.35WO108/048/A=016369 -25T5460P EOSS BALLOON,"KC0D-1>APZEOS,EOSS,WIDE2-1,qAO,N6BA-10:/143030h3930.17N/10236.35WO108/048/A=016369 -25T5460P EOSS BALLOON",108.0,55.0,88.5,39.5028333333,-102.6058333333,76.83,123.64,27.5,-2.5,270.65,54600.0,0.54,0.00136364,0.70279241,0.00027222,-7.222e-05,-19.6,-5.974,n/a,0.017778,-29.603268,0.002827,9.182658,0.093595,1.089365,0.159741,-20.33735,0.005411,-9.023077,0.000862,2.798876,0.028528,1.089393,0.159457,-6.198823,
EOSS-337,AE0SS-13,2023-04-01 08:30:42.102,2023-04-01 08:30:41,16101.0,4907.58,-1142.0,1571.0,descending,/143041h3930.13N/10236.18WO110/042EOSS Baloon/A=016101!W65!,"AE0SS-13>APTT4,EOSS,qAO,W0ARP-2:/143041h3930.13N/10236.18WO110/042EOSS Baloon/A=016101!W65!",110.0,48.0,77.2,39.5022666667,-102.6030833333,76.98,123.88,,,,,,,,0.00026278,-7.111e-05,-19.03333333,-5.80166667,n/a,0.018889,-29.500647,0.002985,9.196697,0.093144,1.13816,0.170746,-20.230961,0.005744,-8.991801,0.00091,2.803152,0.02839,1.138053,0.170271,-6.166394,
EOSS-337,KC0D-1,2023-04-01 08:31:01.712,2023-04-01 08:31:00,15799.0,4815.54,-1140.0,1590.0,descending,/143100h3930.08N/10235.92WO111/036/A=015799 -24T5587P EOSS BALLOON,"KC0D-1>APZEOS,EOSS,WIDE2-1,qAO,N6BA-10:/143100h3930.08N/10235.92WO111/036/A=015799 -24T5587P EOSS BALLOON",111.0,41.0,66.0,39.5013333333,-102.5986666667,77.22,124.27,27.68,-2.4,270.75,55870.0,0.55,0.00139485,0.7188738,0.00023889,-5e-05,-19.0,-5.791,n/a,0.001111,-29.399679,0.002967,9.209685,0.092687,1.129211,-0.020024,-20.095961,0.000356,-8.961024,0.000904,2.807113,0.028251,1.129283,-0.019398,-6.125251,
EOSS-337,AE0SS-13,2023-04-01 08:31:12.102,2023-04-01 08:31:11,15527.0,4732.63,-1148.0,1601.0,descending,/143111h3930.04N/10235.75WO098/040EOSS Baloon/A=015527!W37!,"AE0SS-13>APTT4,EOSS,qAO,W0ARP-2:/143111h3930.04N/10235.75WO098/040EOSS Baloon/A=015527!W37!",98.0,46.0,74.0,39.5007166667,-102.59595,77.36,124.51,,,,,,,,0.00023778,-5.167e-05,-19.13333333,-5.83166667,n/a,-0.004444,-29.301905,0.002895,9.219899,0.092239,1.102894,-0.079565,-19.959709,-0.001356,-8.931221,0.000883,2.810228,0.028114,1.102955,-0.07964,-6.083719,
EOSS-337,KC0D-1,2023-04-01 08:31:31.932,2023-04-01 08:31:30,15221.0,4639.36,-1156.0,1620.0,descending,/143130h3929.98N/10235.50WO116/038/A=015221 -23T5717P EOSS BALLOON,"KC0D-1>APZEOS,EOSS,WIDE2-1,qAO,N6BA-10:/143130h3929.98N/10235.50WO116/038/A=015221 -23T5717P EOSS BALLOON",116.0,44.0,70.8,39.4996666667,-102.5916666667,77.6,124.88,27.86,-2.3,270.85,57170.0,0.56,0.00142677,0.73532918,0.00023333,-5.556e-05,-19.26666667,-5.87266667,n/a,-0.004444,-29.207233,0.002825,9.227513,0.091797,1.077275,-0.079186,-19.78907,-0.001367,-8.902366,0.000861,2.812547,0.027979,1.077208,-0.079631,-6.031708,
EOSS-337,AE0SS-13,2023-04-01 08:31:42.258,2023-04-01 08:31:41,14959.0,4559.5,-1136.0,1631.0,descending,/143141h3929.94N/10235.35WO114/031EOSS Baloon/A=014959!W48!,"AE0SS-13>APTT4,EOSS,qAO,N6BA-10:/143141h3929.94N/10235.35WO114/031EOSS Baloon/A=014959!W48!",114.0,36.0,57.9,39.4990666667,-102.5893,77.73,125.09,,,,,,,,0.00022167,-5.5e-05,-18.93333333,-5.771,n/a,0.011111,-29.111215,0.002904,9.237435,0.091362,1.101808,0.089829,-19.628114,0.003389,-8.873101,0.000885,2.815569,0.027847,1.101767,0.08992,-5.982647,
EOSS-337,KC0D-1,2023-04-01 08:32:01.660,2023-04-01 08:32:00,14662.0,4468.98,-1118.0,1650.0,descending,/143200h3929.85N/10235.11WO114/039/A=014662 -21T5847P EOSS BALLOON,"KC0D-1>APZEOS,EOSS,WIDE2-1,qAO,N6BA-10:/143200h3929.85N/10235.11WO114/039/A=014662 -21T5847P EOSS BALLOON",114.0,45.0,72.4,39.4975,-102.5851666667,77.96,125.46,28.22,-2.1,271.05,58470.0,0.58,0.00145814,0.75149506,0.00021667,-7.222e-05,-18.63333333,-5.67933333,n/a,0.01,-29.014198,0.00297,9.249284,0.090933,1.122343,0.07731,-19.429245,0.003056,-8.843529,0.000905,2.819182,0.027716,1.122381,0.077609,-5.922036,
EOSS-337,AE0SS-13,2023-04-01 08:32:12.120,2023-04-01 08:32:11,14382.0,4383.63,-1154.0,1661.0,descending,/143211h3929.79N/10234.98WO115/044EOSS Baloon/A=014382!W10!,"AE0SS-13>APTT4,EOSS,qAO,W0ARP-2:/143211h3929.79N/10234.98WO115/044EOSS Baloon/A=014382!W10!",115.0,51.0,82.1,39.4965166667,-102.583,78.08,125.66,,,,,,,,0.00021,-8.5e-05,-19.23333333,-5.86233333,n/a,-0.02,-28.924465,0.002757,9.253907,0.090534,1.047248,-0.251364,-19.226398,-0.0061,-8.816179,0.00084,2.820591,0.027595,1.047244,-0.251495,-5.860205,
EOSS-337,KC0D-1,2023-04-01 08:32:31.683,2023-04-01 08:32:30,14067.0,4287.62,-1190.0,1680.0,descending,/143230h3929.70N/10234.74WO117/042/A=014067 -19T5986P EOSS BALLOON,"KC0D-1>APZEOS,EOSS,WIDE2-1,qAO,N6BA-10:/143230h3929.70N/10234.74WO117/042/A=014067 -19T5986P EOSS BALLOON",117.0,48.0,77.2,39.495,-102.579,78.3,126.02,28.58,-1.9,271.25,59860.0,0.59,0.0014917,0.76879299,0.00020556,-8.333e-05,-19.83333333,-6.04533333,n/a,-0.02,-28.841818,0.002548,9.252055,0.09014,0.973674,-0.250144,-18.981731,-0.0061,-8.790989,0.000777,2.820025,0.027474,0.973628,-0.250309,-5.785632,
EOSS-337,AE0SS-13,2023-04-01 08:32:42.124,2023-04-01 08:32:41,13808.0,4208.68,-1148.0,1691.0,descending,/143241h3929.65N/10234.60WO099/035EOSS Baloon/A=013808!W59!,"AE0SS-13>APTT4,EOSS,qAO,W0ARP-2:/143241h3929.65N/10234.60WO099/035EOSS Baloon/A=013808!W59!",99.0,40.0,64.4,39.49425,-102.5768166667,78.43,126.21,,,,,,,,0.00020611,-7.556e-05,-19.13333333,-5.83166667,n/a,0.023333,-28.754354,0.002737,9.255888,0.089748,1.039449,0.229487,-18.769,0.007122,-8.764329,0.000834,2.821196,0.027355,1.03951,0.229867,-5.720795,
EOSS-337,AE0SS-13,2023-04-01 08:33:12.163,2023-04-01 08:33:11,13269.0,4044.39,-1078.0,1721.0,descending,/143311h3929.53N/10234.28WO116/024EOSS Baloon/A=013269!W46!,"AE0SS-13>APTT4,EOSS,qAO,W0ARP-2:/143311h3929.53N/10234.28WO116/024EOSS Baloon/A=013269!W46!",116.0,28.0,45.1,39.4922333333,-102.5714333333,78.73,126.7,,,,,,,,0.00017944,-6.722e-05,-17.96666667,-5.47633333,n/a,0.038889,-28.658036,0.003063,9.270313,0.089405,1.153291,0.400716,-18.300676,0.011844,-8.734972,0.000934,2.825591,0.02725,1.153259,0.400367,-5.578049,
EOSS-337,KC0D-1,2023-04-01 08:33:31.664,2023-04-01 08:33:30,12999.0,3962.1,-1068.0,1740.0,descending,/143330h3929.43N/10234.13WO137/033/A=012999 -15T6246P EOSS BALLOON,"KC0D-1>APZEOS,EOSS,WIDE2-1,qAO,N6BA-10:/143330h3929.43N/10234.13WO137/033/A=012999 -15T6246P EOSS BALLOON",137.0,38.0,61.2,39.4905,-102.5688333333,78.88,126.94,29.3,-1.5,271.65,62460.0,0.62,0.0015542,0.80100406,0.00016944,-7.5e-05,-17.8,-5.42533333,n/a,0.002778,-28.561947,0.003061,9.285189,0.089001,1.159044,-0.00318,-18.057906,0.00085,-8.705683,0.000933,2.830127,0.027127,1.159082,-0.00306,-5.504059,
EOSS-337,AE0SS-13,2023-04-01 08:33:42.620,2023-04-01 08:33:41,12761.0,3889.55,-1016.0,1751.0,descending,/143341h3929.35N/10234.02WO133/033EOSS Baloon/A=012761!W45!,"AE0SS-13>APTT4,EOSS,qAR,W0ARP:/143341h3929.35N/10234.02WO133/033EOSS Baloon/A=012761!W45!",133.0,38.0,61.2,39.4892333333,-102.5670833333,78.98,127.1,,,,,,,,0.000145,-0.0001,-16.93333333,-5.16133333,n/a,0.028889,-28.459942,0.003289,9.307951,0.088636,1.238362,0.288822,-17.842493,0.0088,-8.674592,0.001003,2.837064,0.027016,1.238343,0.288607,-5.438394,
EOSS-337,KC0D-1,2023-04-01 08:34:01.930,2023-04-01 08:34:00,12487.0,3806.04,-1024.0,1770.0,descending,/143400h3929.25N/10233.87WO133/033/A=012487 -12T6374P EOSS BALLOON,"KC0D-1>APZEOS,EOSS,WIDE2-1,qAO,N6BA-10:/143400h3929.25N/10233.87WO133/033/A=012487 -12T6374P EOSS BALLOON",133.0,38.0,61.2,39.4875,-102.5645,79.13,127.35,29.84,-1.2,271.95,63740.0,0.63,0.00158431,0.8165174,0.00014444,-0.0001,-17.06666667,-5.202,n/a,-0.004444,-28.36087,0.003221,9.32774,0.088246,1.210819,-0.086859,-17.595922,-0.001356,-8.644396,0.000982,2.843095,0.026897,1.210792,-0.086924,-5.363245,
EOSS-337,AE0SS-13,2023-04-01 08:34:12.119,2023-04-01 08:34:11,12242.0,3731.36,-1038.0,1781.0,descending,/143411h3929.19N/10233.76WO114/025EOSS Baloon/A=012242!W13!,"AE0SS-13>APTT4,EOSS,qAO,W0ARP-2:/143411h3929.19N/10233.76WO114/025EOSS Baloon/A=012242!W13!",114.0,29.0,46.7,39.4865166667,-102.5627166667,79.23,127.51,,,,,,,,0.00014556,-9.056e-05,-17.3,-5.273,n/a,-0.007778,-28.265517,0.003126,9.343705,0.087864,1.173573,-0.124101,-17.379641,-0.002367,-8.615332,0.000953,2.847961,0.026781,1.173588,-0.123968,-5.297319,
EOSS-337,KC0D-1,2023-04-01 08:34:31.818,2023-04-01 08:34:30,11965.0,3646.93,-1044.0,1800.0,descending,/143430h3929.09N/10233.62WO133/032/A=011965 -6T6507P EOSS BALLOON,"KC0D-1>APZEOS,EOSS,WIDE2-1,qAO,N6BA-10:/143430h3929.09N/10233.62WO133/032/A=011965 -6T6507P EOSS BALLOON",133.0,37.0,59.5,39.4848333333,-102.5603333333,79.37,127.74,30.92,-0.6,272.55,65070.0,0.64,0.0016138,0.83171985,0.00013889,-8.889e-05,-17.4,-5.30366667,n/a,-0.003333,-28.17265,0.00307,9.357417,0.087483,1.151242,-0.073191,-17.143537,-0.001022,-8.587027,0.000936,2.852139,0.026665,1.151192,-0.07343,-5.225355,
EOSS-337,AE0SS-13,2023-04-01 08:34:42.274,2023-04-01 08:34:41,11717.0,3571.34,-1050.0,1811.0,descending,/143441h3929.03N/10233.53WO116/028EOSS Baloon/A=011717!W80!,"AE0SS-13>APTT4,EOSS,qAO,N6BA-10:/143441h3929.03N/10233.53WO116/028EOSS Baloon/A=011717!W80!",116.0,32.0,51.5,39.4839666667,-102.5588333333,79.46,127.87,,,,,,,,0.00012944,-8.5e-05,-17.5,-5.334,n/a,-0.003333,-28.082203,0.003015,9.369,0.087107,1.129491,-0.072876,-16.943025,-0.001011,-8.559459,0.000919,2.85567,0.02655,1.129493,-0.072693,-5.16424,
EOSS-337,KC0D-1,2023-04-01 08:35:01.687,2023-04-01 08:35:00,11435.0,3485.39,-1060.0,1830.0,descending,/143500h3928.97N/10233.40WO125/026/A=011435 -3T6643P EOSS BALLOON,"KC0D-1>APZEOS,EOSS,WIDE2-1,qAO,N6BA-10:/143500h3928.97N/10233.40WO125/026/A=011435 -3T6643P EOSS BALLOON",125.0,30.0,48.3,39.4828333333,-102.5566666667,79.58,128.07,31.46,-0.3,272.85,66430.0,0.66,0.00164572,0.84816968,0.00012222,-6.667e-05,-17.66666667,-5.38466667,n/a,-0.005556,-27.994678,0.002943,9.377948,0.086738,1.101308,-0.097985,-16.731487,-0.001689,-8.53278,0.000897,2.858398,0.026437,1.101356,-0.097817,-5.099766,
EOSS-337,KC0D-1,2023-04-01 08:35:31.927,2023-04-01 08:35:30,10914.0,3326.59,-1042.0,1860.0,descending,/143530h3928.86N/10233.17WO105/024/A=010914 0T6780P EOSS BALLOON,"KC0D-1>APZEOS,EOSS,WIDE2-1,qAO,W9CN-9:/143530h3928.86N/10233.17WO105/024/A=010914 0T6780P EOSS BALLOON",105.0,28.0,45.1,39.481,-102.5528333333,79.8,128.42,32.0,0.0,273.15,67800.0,0.67,0.00167782,0.86471091,0.00012778,-6.111e-05,-17.36666667,-5.29333333,n/a,0.01,-27.906111,0.003002,9.388725,0.086372,1.122564,0.081022,-16.400788,0.003044,-8.505785,0.000915,2.861684,0.026326,1.122574,0.080871,-4.998969,
EOSS-337,AE0SS-13,2023-04-01 08:35:42.565,2023-04-01 08:35:41,10671.0,3252.52,-1046.0,1871.0,descending,/143541h3928.83N/10233.09WO114/016EOSS Baloon/A=010671!W50!,"AE0SS-13>APTT4,EOSS,qAO,W9CN-9:/143541h3928.83N/10233.09WO114/016EOSS Baloon/A=010671!W50!",114.0,18.0,29.0,39.4805833333,-102.5515,79.87,128.54,,,,,,,,0.00012222,-5.639e-05,-17.43333333,-5.31366667,n/a,-0.001111,-27.819559,0.002968,9.397873,0.086009,1.105168,-0.047425,-16.278922,-0.000339,-8.479404,0.000905,2.864472,0.026215,1.105173,-0.047454,-4.961821,
EOSS-337,AE0SS-13,2023-04-01 08:36:12.526,2023-04-01 08:36:11,10146.0,3092.5,-1050.0,1901.0,descending,/143611h3928.82N/10232.82WO077/028EOSS Baloon/A=010146!W60!,"AE0SS-13>APTT4,EOSS,qAO,W9CN-9:/143611h3928.82N/10232.82WO077/028EOSS Baloon/A=010146!W60!",77.0,32.0,51.5,39.4804333333,-102.547,80.11,128.93,,,,,,,,0.00015,-5e-06,-17.5,-5.334,n/a,-0.002222,-27.734973,0.002925,9.405477,0.085651,1.088193,-0.060093,-16.098295,-0.000678,-8.453622,0.000891,2.86679,0.026106,1.088193,-0.060101,-4.906765,
EOSS-337,KC0D-1,2023-04-01 08:37:01.938,2023-04-01 08:37:00,9365.0,2854.45,-1032.7,1950.0,descending,/143700h3928.89N/10232.38WO077/030/A=009365 12T7201P EOSS BALLOON,"KC0D-1>APZEOS,EOSS,WIDE2-1,qAO,W9CN-9:/143700h3928.89N/10232.38WO077/030/A=009365 12T7201P EOSS BALLOON",77.0,35.0,56.3,39.4815,-102.5396666667,80.49,129.54,34.16,1.2,274.35,72010.0,0.71,0.0017742,0.91438753,0.0001463,5.56e-06,-17.21111111,-5.246,n/a,0.00321,-27.649413,0.002927,9.414793,0.085297,1.108713,0.003318,-16.057437,0.000978,-8.427543,0.000892,2.869629,0.025998,1.108695,0.003308,-4.894308,
EOSS-337,KC0D-1,2023-04-01 08:37:31.946,2023-04-01 08:37:30,8880.0,2706.62,-970.0,1980.0,descending,/143730h3928.95N/10232.12WO081/026/A=008880 16T7336P EOSS BALLOON,"KC0D-1>APZEOS,EOSS,WIDE2-1,qAO,W9CN-9:/143730h3928.95N/10232.12WO081/026/A=008880 16T7336P EOSS BALLOON",81.0,30.0,48.3,39.4825,-102.5353333333,80.71,129.89,34.88,1.6,274.75,73360.0,0.72,0.00180483,0.93017373,0.00014444,3.333e-05,-16.16666667,-4.92766667,n/a,0.034815,-27.55681,0.003186,9.432975,0.084995,1.207482,0.372128,-16.163685,0.010611,-8.399319,0.000971,2.87517,0.025906,1.20746,0.372115,-4.926691,
EOSS-337,AE0SS-13,2023-04-01 08:37:42.843,2023-04-01 08:37:41,8646.0,2635.3,-1000.0,1991.0,descending,/143741h3928.97N/10232.01WO056/021EOSS Baloon/A=008646!W48!,"AE0SS-13>APTT4,EOSS,qAO,W9CN-9:/143741h3928.97N/10232.01WO056/021EOSS Baloon/A=008646!W48!",56.0,24.0,38.6,39.4829,-102.5336333333,80.8,130.03,,,,,,,,0.00014852,2.741e-05,-16.66666667,-5.08,n/a,-0.005556,-27.469689,0.003116,9.44522,0.084653,1.143756,-0.102442,-16.244349,-0.001693,-8.372764,0.00095,2.878902,0.025802,1.143757,-0.102434,-4.951274,
EOSS-337,KC0D-1,2023-04-01 08:38:01.988,2023-04-01 08:38:00,8392.0,2557.88,-976.0,2010.0,descending,/143800h3928.99N/10231.85WO072/023/A=008392 19T7475P EOSS BALLOON,"KC0D-1>APZEOS,EOSS,WIDE2-1,qAO,W9CN-9:/143800h3928.99N/10231.85WO072/023/A=008392 19T7475P EOSS BALLOON",72.0,26.0,41.8,39.4831666667,-102.5308333333,80.95,130.27,35.42,1.9,275.05,74750.0,0.74,0.00183703,0.94676457,0.00015,2.222e-05,-16.26666667,-4.958,n/a,0.013333,-27.380776,0.003198,9.460158,0.084315,1.174833,0.120204,-16.347712,0.004067,-8.345663,0.000975,2.883456,0.025699,1.174862,0.120316,-4.982778,
EOSS-337,AE0SS-13,2023-04-01 08:38:12.535,2023-04-01 08:38:11,8154.0,2485.34,-984.0,2021.0,descending,/143811h3929.01N/10231.77WO071/018EOSS Baloon/A=008154!W27!,"AE0SS-13>APTT4,EOSS,qAO,W9CN-9:/143811h3929.01N/10231.77WO071/018EOSS Baloon/A=008154!W27!",71.0,21.0,33.8,39.4835333333,-102.5296166667,81.01,130.37,,,,,,,,0.00013389,2.111e-05,-16.4,-4.99866667,n/a,-0.004444,-27.294313,0.003137,9.472789,0.08398,1.150064,-0.090271,-16.453914,-0.001356,-8.319308,0.000956,2.887307,0.025597,1.150083,-0.090323,-5.015146,
EOSS-337,KC0D-1,2023-04-01 08:38:31.967,2023-04-01 08:38:30,7896.0,2406.7,-992.0,2040.0,descending,/143830h3929.06N/10231.66WO060/018/A=007896 22T7618P EOSS BALLOON,"KC0D-1>APZEOS,EOSS,WIDE2-1,qAO,W9CN-9:/143830h3929.06N/10231.66WO060/018/A=007896 22T7618P EOSS BALLOON",60.0,21.0,33.8,39.4843333333,-102.5276666667,81.1,130.52,35.96,2.2,275.35,76180.0,0.75,0.00187013,0.96382533,0.00010556,3.889e-05,-16.53333333,-5.03933333,n/a,-0.004444,-27.210243,0.003077,9.483241,0.083649,1.125871,-0.089911,-16.571557,-0.001356,-8.293684,0.000938,2.890493,0.025496,1.125881,-0.089975,-5.051002,
EOSS-337,KC0D-1,2023-04-01 08:39:01.974,2023-04-01 08:39:00,7408.0,2257.96,-976.0,2070.0,descending,/143900h3929.15N/10231.54WO042/015/A=007408 26T7762P EOSS BALLOON,"KC0D-1>APZEOS,EOSS,WIDE2-1,qAO,W9CN-9:/143900h3929.15N/10231.54WO042/015/A=007408 26T7762P EOSS BALLOON",42.0,17.0,27.4,39.4858333333,-102.5256666667,81.2,130.68,36.68,2.6,275.75,77620.0,0.77,0.00190272,0.98061959,6.667e-05,5e-05,-16.26666667,-4.958,n/a,0.008889,-27.125409,0.003123,9.495138,0.083321,1.143611,0.069202,-16.765797,0.002711,-8.267826,0.000952,2.89412,0.025396,1.143638,0.069263,-5.110202,
EOSS-337,KC0D-1,2023-04-01 08:39:32.473,2023-04-01 08:39:30,6938.0,2114.7,-940.0,2100.0,descending,/143930h3929.22N/10231.42WO058/013/A=006938 29T7902P EOSS BALLOON,"KC0D-1>APZEOS,EOSS,WIDE2-1,qAO,W9CN-9:/143930h3929.22N/10231.42WO058/013/A=006938 29T7902P EOSS BALLOON",58.0,15.0,24.1,39.487,-102.5236666667,81.3,130.83,37.22,2.9,276.05,79020.0,0.78,0.00193493,0.99722171,6.667e-05,3.889e-05,-15.66666667,-4.77533333,n/a,0.02,-27.037265,0.003253,9.511507,0.083008,1.195457,0.201752,-16.852058,0.006089,-8.24096,0.000992,2.899108,0.025301,1.195411,0.201454,-5.136493,
EOSS-337,AE0SS-13,2023-04-01 08:39:42.566,2023-04-01 08:39:41,6710.0,2045.21,-962.7,2111.0,descending,/143941h3929.21N/10231.38WO088/004EOSS Baloon/A=006710!W90!,"AE0SS-13>APTT4,EOSS,qAO,W9CN-9:/143941h3929.21N/10231.38WO088/004EOSS Baloon/A=006710!W90!",88.0,5.0,8.0,39.4869833333,-102.523,81.33,130.89,,,,,,,,7.352e-05,3.833e-05,-16.04444444,-4.89033333,n/a,-0.004198,-26.95335,0.003196,9.523409,0.082688,1.145483,-0.08942,-16.831946,-0.001278,-8.215383,0.000974,2.902735,0.025203,1.145489,-0.089354,-5.130363,
EOSS-337,KC0D-1,2023-04-01 08:40:01.917,2023-04-01 08:40:00,6471.0,1972.36,-934.0,2130.0,descending,/144000h3929.22N/10231.34WO115/008/A=006471 33T8041P EOSS BALLOON,"KC0D-1>APZEOS,EOSS,WIDE2-1,qAO,W9CN-9:/144000h3929.22N/10231.34WO115/008/A=006471 33T8041P EOSS BALLOON",115.0,9.0,14.5,39.487,-102.5223333333,81.37,130.95,37.94,3.3,276.45,80410.0,0.79,0.00196612,1.01329504,4.444e-05,0.0,-15.56666667,-4.74466667,n/a,0.015926,-26.867088,0.003293,9.538618,0.082377,1.184702,0.153356,-16.751208,0.004856,-8.18909,0.001004,2.907372,0.025108,1.184721,0.153417,-5.105753,
EOSS-337,AE0SS-13,2023-04-01 08:40:12.749,2023-04-01 08:40:11,6251.0,1905.3,-918.0,2141.0,descending,/144011h3929.22N/10231.31WO074/015EOSS Baloon/A=006251!W21!,"AE0SS-13>APTT4,EOSS,qAO,W9CN-9:/144011h3929.22N/10231.31WO074/015EOSS Baloon/A=006251!W21!",74.0,17.0,27.4,39.4870333333,-102.52185,81.39,130.99,,,,,,,,3.833e-05,1.67e-06,-15.3,-4.66366667,n/a,0.008889,-26.780117,0.003336,9.555205,0.082063,1.201452,0.067668,-16.611601,0.0027,-8.162583,0.001017,2.912425,0.025013,1.201376,0.067285,-5.063198,
EOSS-337,KC0D-1,2023-04-01 08:40:31.942,2023-04-01 08:40:30,6006.0,1830.63,-930.0,2160.0,descending,/144030h3929.20N/10231.28WO173/004/A=006006 37T8184P EOSS BALLOON,"KC0D-1>APZEOS,EOSS,WIDE2-1,qAO,W9CN-9:/144030h3929.20N/10231.28WO173/004/A=006006 37T8184P EOSS BALLOON",173.0,5.0,8.0,39.4866666667,-102.5213333333,81.42,131.03,38.66,3.7,276.85,81840.0,0.81,0.00199819,1.02982526,3.333e-05,-1.111e-05,-15.5,-4.72433333,n/a,-0.006667,-26.695937,0.00326,9.568962,0.081757,1.170026,-0.121421,-16.369204,-0.002022,-8.136924,0.000994,2.916619,0.024919,1.17005,-0.121032,-4.989322,
EOSS-337,AE0SS-13,2023-04-01 08:40:42.513,2023-04-01 08:40:41,5785.0,1763.27,-932.0,2171.0,descending,/144041h3929.17N/10231.26WO185/014EOSS Baloon/A=005785!W12!,"AE0SS-13>APTT4,EOSS,qAO,W9CN-9:/144041h3929.17N/10231.26WO185/014EOSS Baloon/A=005785!W12!",185.0,16.0,25.7,39.4861833333,-102.5210333333,81.44,131.07,,,,,,,,2.722e-05,-2.833e-05,-15.53333333,-4.73433333,n/a,-0.001111,-26.613251,0.003228,9.581477,0.081449,1.156389,-0.053273,-16.060442,-0.000333,-8.11172,0.000984,2.920436,0.024826,1.156467,-0.053049,-4.895215,
EOSS-337,KC0D-1,2023-04-01 08:41:01.917,2023-04-01 08:41:00,5561.0,1694.99,-890.0,2190.0,descending,/144100h3929.15N/10231.25WO142/007/A=005561 41T8325P EOSS BALLOON,"KC0D-1>APZEOS,EOSS,WIDE2-1,qAO,W9CN-9:/144100h3929.15N/10231.25WO142/007/A=005561 41T8325P EOSS BALLOON",142.0,8.0,12.9,39.4858333333,-102.5208333333,81.45,131.09,39.38,4.1,277.25,83250.0,0.82,0.00202968,1.04605648,1.667e-05,-2.778e-05,-14.83333333,-4.52133333,n/a,0.023333,-26.526634,0.003377,9.599219,0.081163,1.218151,0.245876,-15.649574,0.0071,-8.08532,0.001029,2.925842,0.024738,1.218106,0.245412,-4.769977,
EOSS-337,AE0SS-13,2023-04-01 08:41:12.536,2023-04-01 08:41:11,5339.0,1627.33,-892.0,2201.0,descending,/144111h3929.14N/10231.23WO048/011EOSS Baloon/A=005339!W36!,"AE0SS-13>APTT4,EOSS,qAO,W9CN-9:/144111h3929.14N/10231.23WO048/011EOSS Baloon/A=005339!W36!",48.0,13.0,20.9,39.4857166667,-102.5206,81.47,131.11,,,,,,,,1.444e-05,-1.556e-05,-14.86666667,-4.53133333,n/a,-0.001111,-26.441525,0.003344,9.615604,0.080863,1.203758,-0.055093,-15.135779,-0.000333,-8.059378,0.001019,2.930837,0.024647,1.203767,-0.054855,-4.613389,
EOSS-337,KC0D-1,2023-04-01 08:41:31.952,2023-04-01 08:41:30,5110.0,1557.53,-902.0,2220.0,descending,/144130h3929.15N/10231.19WO077/010/A=005110 44T8467P EOSS BALLOON,"KC0D-1>APZEOS,EOSS,WIDE2-1,qAO,W9CN-9:/144130h3929.15N/10231.19WO077/010/A=005110 44T8467P EOSS BALLOON",77.0,12.0,19.3,39.4858333333,-102.5198333333,81.51,131.17,39.92,4.4,277.55,84670.0,0.84,0.00206207,1.06274918,3.333e-05,0.0,-15.03333333,-4.582,n/a,-0.005556,-26.358857,0.003279,9.62954,0.080569,1.176123,-0.109658,-14.486254,-0.001689,-8.03418,0.000999,2.935086,0.024557,1.176177,-0.10946,-4.415418,
EOSS-337,AE0SS-13,2023-04-01 08:41:42.510,2023-04-01 08:41:41,4879.0,1487.12,-920.0,2231.0,descending,/144141h3929.15N/10231.14WO055/013EOSS Baloon/A=004879!W87!,"AE0SS-13>APTT4,EOSS,qAO,W9CN-9:/144141h3929.15N/10231.14WO055/013EOSS Baloon/A=004879!W87!",55.0,15.0,24.1,39.4859666667,-102.5191166667,81.54,131.23,,,,,,,,4.944e-05,8.33e-06,-15.33333333,-4.67366667,n/a,-0.01,-26.279536,0.003183,9.640054,0.080282,1.135492,-0.164209,-13.701653,-0.003056,-8.010004,0.00097,2.93829,0.02447,1.135469,-0.164528,-4.176276,
EOSS-337,KC0D-1,2023-04-01 08:42:01.947,2023-04-01 08:42:00,4643.0,1415.19,-934.0,2250.0,descending,/144200h3929.21N/10231.06WO064/013/A=004643 49T8616P EOSS BALLOON,"KC0D-1>APZEOS,EOSS,WIDE2-1,qAO,W9CN-9:/144200h3929.21N/10231.06WO064/013/A=004643 49T8616P EOSS BALLOON",64.0,15.0,24.1,39.4868333333,-102.5176666667,81.61,131.35,40.82,4.9,278.05,86160.0,0.85,0.00209459,1.07950645,7.222e-05,3.333e-05,-15.56666667,-4.74466667,n/a,-0.007778,-26.203016,0.003104,9.647893,0.079996,1.102453,-0.136032,-12.762307,-0.002367,-7.98668,0.000946,2.940679,0.024383,1.102471,-0.135873,-3.889984,
EOSS-337,AE0SS-13,2023-04-01 08:42:12.626,2023-04-01 08:42:11,4403.0,1342.03,-952.0,2261.0,descending,/144211h3929.24N/10231.00WO056/019EOSS Baloon/A=004403!W09!,"AE0SS-13>APTT4,EOSS,qAO,W9CN-9:/144211h3929.24N/10231.00WO056/019EOSS Baloon/A=004403!W09!",56.0,22.0,35.4,39.4873333333,-102.5168166667,81.66,131.41,,,,,,,,7.667e-05,4.556e-05,-15.86666667,-4.83633333,n/a,-0.01,-26.129708,0.00301,9.652704,0.079716,1.06323,-0.163204,-11.665069,-0.003056,-7.964337,0.000917,2.942145,0.024297,1.063171,-0.163518,-3.55552,
EOSS-337,KC0D-1,2023-04-01 08:42:31.890,2023-04-01 08:42:30,4150.0,1264.92,-986.0,2280.0,descending,/144230h3929.27N/10230.94WO041/014/A=004150 52T8779P EOSS BALLOON,"KC0D-1>APZEOS,EOSS,WIDE2-1,qAO,W9CN-9:/144230h3929.27N/10230.94WO041/014/A=004150 52T8779P EOSS BALLOON",41.0,16.0,25.7,39.4878333333,-102.5156666667,81.71,131.5,41.36,5.2,278.35,87790.0,0.87,0.00213191,1.09874338,6.667e-05,3.333e-05,-16.43333333,-5.009,n/a,-0.018889,-26.061424,0.002855,9.652771,0.079452,0.997443,-0.273675,-10.36105,-0.005756,-7.943525,0.00087,2.942164,0.024217,0.997404,-0.273609,-3.158091,
EOSS-337,KC0D-1,2023-04-01 08:43:01.937,2023-04-01 08:43:00,4042.0,1232.0,-216.0,2310.0,descending,/144300h3929.29N/10230.93WO303/000/A=004042 57T8815P EOSS BALLOON,"KC0D-1>APZEOS,EOSS,WIDE2-1,qAO,W9CN-9:/144300h3929.29N/10230.93WO303/000/A=004042 57T8815P EOSS BALLOON",303.0,0.0,0.0,39.4881666667,-102.5155,81.72,131.51,42.26,5.7,278.85,88150.0,0.87,0.00213682,1.10127078,5.56e-06,1.111e-05,-3.6,-1.09733333,n/a,0.427778,-25.904351,0.005847,9.800403,0.08683,2.275861,4.859277,-9.762159,0.130389,-7.895649,0.001782,2.987162,0.026465,2.275844,4.859513,-2.975546,
EOSS-337,AE0SS-13,2023-04-01 08:43:12.577,2023-04-01 08:43:11,4075.0,1242.06,-328.0,2321.0,descending,/144311h3929.28N/10230.93WO000/000EOSS Baloon/A=004075!W33!,"AE0SS-13>APTT4,EOSS,qAO,W9CN-9:/144311h3929.28N/10230.93WO000/000EOSS Baloon/A=004075!W33!",0.0,0.0,0.0,39.48805,-102.51555,81.72,131.51,,,,,,,,2.111e-05,1.194e-05,-5.46666667,-1.66616667,n/a,-0.031111,-25.762423,0.005589,9.913472,0.086579,2.04729,-0.42389,-9.947652,-0.009481,-7.852389,0.001703,3.021626,0.026389,2.047316,-0.423813,-3.032091,
