flightid,callsign,receivetime,packettime,altitude,vert_rate_ftmin,elapsed_secs,flight_phase,info,raw,bearing,speed_mph,latitude,longitude,distance_from_launch,temperature_k,pressure_pa,airdensity_slugs,airdensity_kgm3,velocity_x,velocity_y,velocity_z,airflow,acceleration,velocity_mean,acceleration_mean,velocity_std,acceleration_std,velocity_norm,acceleration_norm,velocity_curvefit,reynolds_transition
EOSS-373,AE0SS-3,2025-04-12 06:45:52.605,2025-04-12 06:45:50,5284.0,142.0,0.0,ascending,/124550h3936.49N/10402.54WO334/013/A=005284 150T8340P EOSS BALLOON,"AE0SS-3>APZEOS,EOSS,WIDE2-1,qAO,KE0UWC-9:/124550h3936.49N/10402.54WO334/013/A=005284 150T8340P EOSS BALLOON",334.0,15.0,39.6081666667,-104.0423333333,0.0,288.15,83400.0,0.00195643,1.00830025,-5.56e-06,5.56e-06,2.36666667,high Re,,2.366667,,,,,,12.856589,
EOSS-373,KC0D-1,2025-04-12 06:46:02.072,2025-04-12 06:46:00,5552.0,666.0,10.0,ascending,/124600h3936.51N/10402.51WO057/011/A=005552 239T8295P EOSS BALLOON,"KC0D-1>APZEOS,EOSS,WIDE2-1,qAO,KE0UWC-9:/124600h3936.51N/10402.51WO057/011/A=005552 239T8295P EOSS BALLOON",57.0,13.0,39.6085,-104.0418333333,0.04,297.05,82950.0,0.00188757,0.97281281,1.667e-05,1.667e-05,11.1,high Re,0.291111,6.733333,0.291111,6.175399,,0.707107,,14.093804,
EOSS-373,AE0SS-3,2025-04-12 06:46:25.098,2025-04-12 06:46:20,5892.0,1216.0,30.0,ascending,/124620h3936.52N/10402.40WO110/012/A=005892 217T8163P EOSS BALLOON,"AE0SS-3>APZEOS,EOSS,WIDE2-1,qAO,KE0UWC-9:/124620h3936.52N/10402.40WO110/012/A=005892 217T8163P EOSS BALLOON",110.0,14.0,39.6086666667,-104.04,0.13,294.85,81630.0,0.00187139,0.96447531,7.778e-05,1.667e-05,20.26666667,high Re,0.305556,11.244444,0.298334,8.950874,0.010214,1.007971,0.707069,15.558571,
EOSS-373,KC0D-1,2025-04-12 06:46:32.066,2025-04-12 06:46:30,6193.0,1282.0,40.0,ascending,/124630h3936.51N/10402.36WO100/013/A=006193 240T8107P EOSS BALLOON,"KC0D-1>APZEOS,EOSS,WIDE2-1,qAO,KE0UWC-9:/124630h3936.51N/10402.36WO100/013/A=006193 240T8107P EOSS BALLOON",100.0,15.0,39.6085,-104.0393333333,0.16,297.15,81070.0,0.00184417,0.95044477,8.333e-05,0.0,21.36666667,high Re,0.036667,13.775,0.211111,8.88971,0.151246,0.853984,-1.153379,16.761815,
EOSS-373,AE0SS-3,2025-04-12 06:46:52.656,2025-04-12 06:46:50,6601.0,1418.0,60.0,ascending,/124650h3936.49N/10402.25WO104/015/A=006601 211T7960P EOSS BALLOON,"AE0SS-3>APZEOS,EOSS,WIDE2-1,qAO,KE0UWC-9:/124650h3936.49N/10402.25WO104/015/A=006601 211T7960P EOSS BALLOON",104.0,17.0,39.6081666667,-104.0375,0.26,294.25,79600.0,0.00182857,0.94240818,8.333e-05,-1.667e-05,23.63333333,high Re,0.075556,15.746667,0.177222,8.871728,0.140869,0.888966,-0.721706,18.259869,
EOSS-373,KC0D-1,2025-04-12 06:47:01.868,2025-04-12 06:47:00,6907.0,1428.0,70.0,ascending,/124700h3936.48N/10402.21WO116/014/A=006907 242T7904P EOSS BALLOON,"KC0D-1>APZEOS,EOSS,WIDE2-1,qAO,N0JD-10:/124700h3936.48N/10402.21WO116/014/A=006907 242T7904P EOSS BALLOON",116.0,16.0,39.608,-104.0368333333,0.29,297.35,79040.0,0.00179678,0.92602228,8.333e-05,-1.667e-05,23.8,high Re,0.005556,17.088889,0.142889,8.589261,0.144142,0.781337,-0.952762,19.288147,
EOSS-373,AE0SS-3,2025-04-12 06:47:24.907,2025-04-12 06:47:20,7282.0,1362.0,90.0,ascending,/124720h3936.45N/10402.14WO106/013/A=007282 193T7772P EOSS BALLOON,"AE0SS-3>APZEOS,EOSS,WIDE2-1,qAO,N0JD-10:/124720h3936.45N/10402.14WO106/013/A=007282 193T7772P EOSS BALLOON",106.0,15.0,39.6075,-104.0356666667,0.36,292.45,77720.0,0.00179638,0.92581373,6.111e-05,-2.222e-05,22.7,high Re,-0.036667,17.890476,0.112963,8.122641,0.148307,0.592113,-1.008921,20.443152,
EOSS-373,KC0D-1,2025-04-12 06:47:31.795,2025-04-12 06:47:30,7579.0,1344.0,100.0,ascending,/124730h3936.44N/10402.12WO113/008/A=007579 243T7718P EOSS BALLOON,"KC0D-1>APZEOS,EOSS,WIDE2-1,qAO,N0JD-10:/124730h3936.44N/10402.12WO113/008/A=007579 243T7718P EOSS BALLOON",113.0,9.0,39.6073333333,-104.0353333333,0.38,297.45,77180.0,0.00175391,0.90392677,5e-05,-2.222e-05,22.4,high Re,-0.01,18.454167,0.095397,7.687259,0.14314,0.513295,-0.736321,21.279948,
EOSS-373,AE0SS-3,2025-04-12 06:47:52.426,2025-04-12 06:47:50,7952.0,1340.0,120.0,ascending,/124750h3936.40N/10402.08WO182/004/A=007952 176T7587P EOSS BALLOON,"AE0SS-3>APZEOS,EOSS,WIDE2-1,qAO,N0JD-10:/124750h3936.40N/10402.08WO182/004/A=007952 176T7587P EOSS BALLOON",182.0,5.0,39.6066666667,-104.0346666667,0.42,290.75,75870.0,0.00176387,0.90906055,3.333e-05,-2.778e-05,22.33333333,high Re,-0.002222,18.885185,0.083195,7.306107,0.136943,0.471954,-0.623741,22.238668,
EOSS-373,KC0D-1,2025-04-12 06:48:01.901,2025-04-12 06:48:00,8252.0,1346.0,130.0,ascending,/124800h3936.39N/10402.06WO156/007/A=008252 243T7535P EOSS BALLOON,"KC0D-1>APZEOS,EOSS,WIDE2-1,qAO,N0JD-10:/124800h3936.39N/10402.06WO156/007/A=008252 243T7535P EOSS BALLOON",156.0,8.0,39.6065,-104.0343333333,0.44,297.45,75350.0,0.00171232,0.88249394,3.333e-05,-2.778e-05,22.43333333,high Re,0.003333,19.24,0.074321,6.979048,0.130835,0.45756,-0.542577,22.939189,
EOSS-373,AE0SS-3,2025-04-12 06:48:24.902,2025-04-12 06:48:20,8654.0,1404.0,150.0,ascending,/124820h3936.35N/10402.02WO162/005/A=008654 158T7397P EOSS BALLOON,"AE0SS-3>APZEOS,EOSS,WIDE2-1,qAO,N0JD-10:/124820h3936.35N/10402.02WO162/005/A=008654 158T7397P EOSS BALLOON",162.0,6.0,39.6058333333,-104.0336666667,0.49,288.95,73970.0,0.00173041,0.89181622,3.333e-05,-2.778e-05,23.4,high Re,0.032222,19.618182,0.070111,6.738667,0.124069,0.561212,-0.305387,23.785105,
EOSS-373,KC0D-1,2025-04-12 06:48:31.829,2025-04-12 06:48:30,8976.0,1448.0,160.0,ascending,/124830h3936.34N/10402.02WO146/008/A=008976 245T7342P EOSS BALLOON,"KC0D-1>APZEOS,EOSS,WIDE2-1,qAO,N0JD-10:/124830h3936.34N/10402.02WO146/008/A=008976 245T7342P EOSS BALLOON",146.0,9.0,39.6056666667,-104.0336666667,0.49,297.65,73420.0,0.00166734,0.85931213,2.222e-05,-2.778e-05,24.13333333,high Re,0.024444,19.994444,0.06596,6.555942,0.118504,0.631319,-0.350334,24.390465,
EOSS-373,AE0SS-3,2025-04-12 06:48:52.353,2025-04-12 06:48:50,9373.0,1438.0,180.0,ascending,/124850h3936.31N/10401.96WO153/006/A=009373 137T7209P EOSS BALLOON,"AE0SS-3>APZEOS,EOSS,WIDE2-1,qAO,N0JD-10:/124850h3936.31N/10401.96WO153/006/A=009373 137T7209P EOSS BALLOON",153.0,7.0,39.6051666667,-104.0326666667,0.55,286.85,72090.0,0.00169878,0.87551304,3.333e-05,-2.222e-05,23.96666667,high Re,-0.005556,20.3,0.06,6.372786,0.11486,0.575363,-0.570747,25.054116,
EOSS-373,KC0D-1,2025-04-12 06:49:01.861,2025-04-12 06:49:00,9673.0,1394.0,190.0,ascending,/124900h3936.30N/10401.95WO118/008/A=009673 245T7159P EOSS BALLOON,"KC0D-1>APZEOS,EOSS,WIDE2-1,qAO,N0JD-10:/124900h3936.30N/10401.95WO118/008/A=009673 245T7159P EOSS BALLOON",118.0,9.0,39.605,-104.0325,0.57,297.65,71590.0,0.00162578,0.8378937,3.889e-05,-2.222e-05,23.23333333,high Re,-0.024444,20.509524,0.053504,6.172761,0.112436,0.441263,-0.693266,25.498678,
EOSS-373,AE0SS-3,2025-04-12 06:49:24.903,2025-04-12 06:49:20,10036.0,1326.0,210.0,ascending,/124920h3936.26N/10401.89WO122/015/A=010036 118T7037P EOSS BALLOON,"AE0SS-3>APZEOS,EOSS,WIDE2-1,qAO,N0JD-10:/124920h3936.26N/10401.89WO122/015/A=010036 118T7037P EOSS BALLOON",122.0,17.0,39.6043333333,-104.0315,0.63,284.95,70370.0,0.0016693,0.86032261,3.889e-05,-2.778e-05,22.1,high Re,-0.037778,20.615556,0.046984,5.96238,0.110746,0.248968,-0.765373,25.975267,
EOSS-373,KC0D-1,2025-04-12 06:49:31.827,2025-04-12 06:49:30,10316.0,1286.0,220.0,ascending,/124930h3936.25N/10401.86WO132/014/A=010316 247T6993P EOSS BALLOON,"KC0D-1>APZEOS,EOSS,WIDE2-1,qAO,N0JD-10:/124930h3936.25N/10401.86WO132/014/A=010316 247T6993P EOSS BALLOON",132.0,16.0,39.6041666667,-104.031,0.66,297.85,69930.0,0.00158702,0.81791538,5e-05,-2.778e-05,21.43333333,high Re,-0.022222,20.666667,0.04237,5.763834,0.108203,0.133013,-0.596952,26.29969,
EOSS-373,AE0SS-3,2025-04-12 06:49:52.423,2025-04-12 06:49:50,10771.0,1470.0,240.0,ascending,/124950h3936.21N/10401.79WO114/012/A=010771 98T6849P EOSS BALLOON,"AE0SS-3>APZEOS,EOSS,WIDE2-1,qAO,N0JD-10:/124950h3936.21N/10401.79WO114/012/A=010771 98T6849P EOSS BALLOON",114.0,14.0,39.6035,-104.0298333333,0.74,282.95,68490.0,0.00163619,0.84325693,5.556e-05,-2.778e-05,24.5,high Re,0.102222,20.892157,0.046111,5.65772,0.1056,0.637685,0.531354,26.752223,
EOSS-373,KC0D-1,2025-04-12 06:50:01.845,2025-04-12 06:50:00,11132.0,1632.0,250.0,ascending,/125000h3936.20N/10401.76WO100/011/A=011132 248T6785P EOSS BALLOON,"KC0D-1>APZEOS,EOSS,WIDE2-1,qAO,N0JD-10:/125000h3936.20N/10401.76WO100/011/A=011132 248T6785P EOSS BALLOON",100.0,13.0,39.6033333333,-104.0293333333,0.77,297.95,67850.0,0.0015393,0.79332093,5.556e-05,-2.778e-05,27.2,high Re,0.09,21.242593,0.048693,5.686595,0.102799,1.047623,0.401823,27.050201,
EOSS-373,AE0SS-3,2025-04-12 06:50:24.914,2025-04-12 06:50:20,11575.0,1608.0,270.0,ascending,/125020h3936.16N/10401.70WO121/018/A=011575 76T6647P EOSS BALLOON,"AE0SS-3>APZEOS,EOSS,WIDE2-1,qAO,N0JD-10:/125020h3936.16N/10401.70WO121/018/A=011575 76T6647P EOSS BALLOON",121.0,21.0,39.6026666667,-104.0283333333,0.84,280.75,66470.0,0.00160038,0.82479945,5e-05,-2.778e-05,26.8,high Re,-0.013333,21.535088,0.045247,5.671539,0.100796,0.928304,-0.581174,27.348246,
EOSS-373,KC0D-1,2025-04-12 06:50:31.826,2025-04-12 06:50:30,11903.0,1542.0,280.0,ascending,/125030h3936.15N/10401.67WO117/015/A=011903 249T6594P EOSS BALLOON,"KC0D-1>APZEOS,EOSS,WIDE2-1,qAO,N0JD-10:/125030h3936.15N/10401.67WO117/015/A=011903 249T6594P EOSS BALLOON",117.0,17.0,39.6025,-104.0278333333,0.86,298.05,65940.0,0.00149546,0.77073,5e-05,-2.778e-05,25.7,high Re,-0.036667,21.743333,0.040936,5.598278,0.099742,0.706765,-0.778037,27.524687,
EOSS-373,AE0SS-3,2025-04-12 06:50:52.621,2025-04-12 06:50:50,12357.0,1564.0,300.0,ascending,/125050h3936.10N/10401.58WO139/011/A=012357 54T6458P EOSS BALLOON,"AE0SS-3>APZEOS,EOSS,WIDE2-1,qAO,N0JD-10:/125050h3936.10N/10401.58WO139/011/A=012357 54T6458P EOSS BALLOON",139.0,13.0,39.6016666667,-104.0263333333,0.96,278.55,64580.0,0.00156715,0.80767628,6.667e-05,-3.333e-05,26.06666667,high Re,0.012222,21.949206,0.0395,5.537485,0.097294,0.743562,-0.280367,27.712263,
EOSS-373,KC0D-1,2025-04-12 06:51:01.896,2025-04-12 06:51:00,12709.0,1612.0,310.0,ascending,/125100h3936.08N/10401.53WO123/015/A=012709 249T6399P EOSS BALLOON,"KC0D-1>APZEOS,EOSS,WIDE2-1,qAO,N0JD-10:/125100h3936.08N/10401.53WO123/015/A=012709 249T6399P EOSS BALLOON",123.0,17.0,39.6013333333,-104.0255,1.01,298.05,63990.0,0.00145124,0.74793771,7.778e-05,-3.889e-05,26.86666667,high Re,0.026667,22.172727,0.038889,5.50479,0.094872,0.852701,-0.128826,27.816262,
EOSS-373,AE0SS-3,2025-04-12 06:51:25.139,2025-04-12 06:51:20,13228.0,1742.0,330.0,ascending,/125120h3936.03N/10401.43WO119/019/A=013228 34T6250P EOSS BALLOON,"AE0SS-3>APZEOS,EOSS,WIDE2-1,qAO,N0JD-10:/125120h3936.03N/10401.43WO119/019/A=013228 34T6250P EOSS BALLOON",119.0,22.0,39.6005,-104.0238333333,1.12,276.55,62500.0,0.00152764,0.7873155,8.333e-05,-3.889e-05,29.03333333,high Re,0.072222,22.471014,0.040404,5.565227,0.092858,1.179165,0.342652,27.910337,
EOSS-373,KC0D-1,2025-04-12 06:51:31.858,2025-04-12 06:51:30,13605.0,1792.0,340.0,ascending,/125130h3936.01N/10401.39WO127/016/A=013605 250T6185P EOSS BALLOON,"KC0D-1>APZEOS,EOSS,WIDE2-1,qAO,N0JD-10:/125130h3936.01N/10401.39WO127/016/A=013605 250T6185P EOSS BALLOON",127.0,18.0,39.6001666667,-104.0231666667,1.16,298.15,61850.0,0.00140223,0.72268217,7.778e-05,-3.889e-05,29.86666667,high Re,0.027778,22.779167,0.039855,5.648375,0.090761,1.254786,-0.133064,27.938872,
EOSS-373,AE0SS-3,2025-04-12 06:51:52.611,2025-04-12 06:51:50,14175.0,1894.0,360.0,ascending,/125150h3935.97N/10401.28WO101/015/A=014175 12T6027P EOSS BALLOON,"AE0SS-3>APZEOS,EOSS,WIDE2-1,qAO,N0JD-10:/125150h3935.97N/10401.28WO101/015/A=014175 12T6027P EOSS BALLOON",101.0,17.0,39.5995,-104.0213333333,1.27,274.35,60270.0,0.00148495,0.76531227,8.333e-05,-3.333e-05,31.56666667,high Re,0.056667,23.130667,0.040556,5.802034,0.088832,1.453973,0.181365,27.926318,
EOSS-373,KC0D-1,2025-04-12 06:52:01.838,2025-04-12 06:52:00,14562.0,1914.0,370.0,ascending,/125200h3935.97N/10401.21WO101/022/A=014562 250T5964P EOSS BALLOON,"KC0D-1>APZEOS,EOSS,WIDE2-1,qAO,N0JD-10:/125200h3935.97N/10401.21WO101/022/A=014562 250T5964P EOSS BALLOON",101.0,25.0,39.5995,-104.0201666667,1.32,298.15,59640.0,0.00135213,0.69685957,0.0001,-2.222e-05,31.9,high Re,0.011111,23.467949,0.039378,5.939259,0.087161,1.419714,-0.324308,27.884196,
EOSS-373,AE0SS-3,2025-04-12 06:52:25.365,2025-04-12 06:52:20,15140.0,1930.0,390.0,ascending,/125220h3935.93N/10401.06WO110/023/A=015140 0T5810P EOSS BALLOON,"AE0SS-3>APZEOS,EOSS,WIDE2-1,qAO,KE0UWC-9:/125220h3935.93N/10401.06WO110/023/A=015140 0T5810P EOSS BALLOON",110.0,26.0,39.5988333333,-104.0176666667,1.46,273.15,58100.0,0.00143777,0.74099858,0.00012222,-2.222e-05,32.16666667,high Re,0.008889,23.790123,0.038205,6.059751,0.085609,1.382325,-0.342441,27.778142,
EOSS-373,KC0D-1,2025-04-12 06:52:31.805,2025-04-12 06:52:30,15555.0,1986.0,400.0,ascending,/125230h3935.92N/10400.98WO103/023/A=015555 250T5743P EOSS BALLOON,"KC0D-1>APZEOS,EOSS,WIDE2-1,qAO,N0JD-10:/125230h3935.92N/10400.98WO103/023/A=015555 250T5743P EOSS BALLOON",103.0,26.0,39.5986666667,-104.0163333333,1.53,298.15,57430.0,0.00130203,0.67103698,0.00012778,-2.778e-05,33.1,high Re,0.031111,24.122619,0.037942,6.201295,0.083958,1.447662,-0.081362,27.674718,
EOSS-373,AE0SS-3,2025-04-12 06:52:52.882,2025-04-12 06:52:50,16106.0,1932.0,420.0,ascending,/125250h3935.89N/10400.79WO080/023/A=016106 -26T5595P EOSS BALLOON,"AE0SS-3>APZEOS,EOSS,WIDE2-1,qAO,KE0UWC-9:/125250h3935.89N/10400.79WO080/023/A=016106 -26T5595P EOSS BALLOON",80.0,26.0,39.5981666667,-104.0131666667,1.7,270.55,55950.0,0.00139788,0.72043533,0.00015,-2.222e-05,32.2,high Re,-0.03,24.401149,0.035516,6.271556,0.083383,1.243527,-0.785724,27.50833,
EOSS-373,KC0D-1,2025-04-12 06:53:01.815,2025-04-12 06:53:00,16470.0,1830.0,430.0,ascending,/125300h3935.89N/10400.71WO096/029/A=016470 249T5543P EOSS BALLOON,"KC0D-1>APZEOS,EOSS,WIDE2-1,qAO,N0JD-10:/125300h3935.89N/10400.71WO096/029/A=016470 249T5543P EOSS BALLOON",96.0,33.0,39.5981666667,-104.0118333333,1.76,298.05,55430.0,0.00125711,0.64788541,0.00015,-1.667e-05,30.5,high Re,-0.056667,24.604444,0.032337,6.262268,0.08365,0.941441,-1.064005,27.383292,
EOSS-373,AE0SS-3,2025-04-12 06:53:25.138,2025-04-12 06:53:20,16966.0,1720.0,450.0,ascending,/125320h3935.88N/10400.53WO115/027/A=016966 -42T5412P EOSS BALLOON,"AE0SS-3>APZEOS,EOSS,WIDE2-1,qAO,N0JD-10:/125320h3935.88N/10400.53WO115/027/A=016966 -42T5412P EOSS BALLOON",115.0,31.0,39.598,-104.0088333333,1.92,268.95,54120.0,0.0013602,0.70101722,0.00014444,-5.56e-06,28.66666667,high Re,-0.061111,24.735484,0.029222,6.200089,0.083948,0.634053,-1.076059,27.197413,
EOSS-373,KC0D-1,2025-04-12 06:53:31.827,2025-04-12 06:53:30,17307.0,1674.0,460.0,ascending,/125330h3935.88N/10400.44WO089/022/A=017307 249T5365P EOSS BALLOON,"KC0D-1>APZEOS,EOSS,WIDE2-1,qAO,N0JD-10:/125330h3935.88N/10400.44WO089/022/A=017307 249T5365P EOSS BALLOON",89.0,25.0,39.598,-104.0073333333,1.99,298.05,53650.0,0.00121674,0.62708014,0.00015,-5.56e-06,27.9,high Re,-0.025556,24.834375,0.027455,6.124868,0.083121,0.500521,-0.637757,27.061291,
EOSS-373,AE0SS-3,2025-04-12 06:53:52.747,2025-04-12 06:53:50,17770.0,1608.0,480.0,ascending,/125350h3935.87N/10400.26WO098/029/A=017770 -64T5244P EOSS BALLOON,"AE0SS-3>APZEOS,EOSS,WIDE2-1,qAO,N0JD-10:/125350h3935.87N/10400.26WO098/029/A=017770 -64T5244P EOSS BALLOON",98.0,33.0,39.5978333333,-104.0043333333,2.14,266.75,52440.0,0.00132884,0.68485827,0.00015,-5.56e-06,26.8,high Re,-0.036667,24.893939,0.025451,6.038111,0.082551,0.315672,-0.75248,26.868276,
EOSS-373,KC0D-1,2025-04-12 06:54:01.778,2025-04-12 06:54:00,18105.0,1596.0,490.0,ascending,/125400h3935.88N/10400.17WO096/030/A=018105 248T5199P EOSS BALLOON,"KC0D-1>APZEOS,EOSS,WIDE2-1,qAO,N0JD-10:/125400h3935.88N/10400.17WO096/030/A=018105 248T5199P EOSS BALLOON",96.0,35.0,39.598,-104.0028333333,2.22,297.95,51990.0,0.00117948,0.60788143,0.00015,0.0,26.6,high Re,-0.006667,24.944118,0.024478,5.953115,0.081443,0.278154,-0.382415,26.724295,
EOSS-373,AE0SS-3,2025-04-12 06:54:25.113,2025-04-12 06:54:20,18523.0,1506.0,510.0,ascending,/125420h3935.88N/10359.97WO088/023/A=018523 -83T5090P EOSS BALLOON,"AE0SS-3>APZEOS,EOSS,WIDE2-1,qAO,N0JD-10:/125420h3935.88N/10359.97WO088/023/A=018523 -83T5090P EOSS BALLOON",88.0,26.0,39.598,-103.9995,2.38,264.85,50900.0,0.00129907,0.66951491,0.00016111,5.56e-06,25.1,high Re,-0.05,24.948571,0.022288,5.864975,0.08121,0.025819,-0.890137,26.54136,
EOSS-373,KC0D-1,2025-04-12 06:54:31.840,2025-04-12 06:54:30,18825.0,1440.0,520.0,ascending,/125430h3935.88N/10359.86WO083/031/A=018825 248T5054P EOSS BALLOON,"KC0D-1>APZEOS,EOSS,WIDE2-1,qAO,N0JD-10:/125430h3935.88N/10359.86WO083/031/A=018825 248T5054P EOSS BALLOON",83.0,36.0,39.598,-103.9976666667,2.48,297.95,50540.0,0.00114659,0.59092763,0.00017222,0.0,24.0,high Re,-0.036667,24.922222,0.020603,5.782744,0.080626,-0.159478,-0.710317,26.407934,
EOSS-373,AE0SS-3,2025-04-12 06:54:52.639,2025-04-12 06:54:50,19209.0,1372.0,540.0,ascending,/125450h3935.87N/10359.63WO098/039/A=019209 -94T4954P EOSS BALLOON,"AE0SS-3>APZEOS,EOSS,WIDE2-1,qAO,N0JD-10:/125450h3935.87N/10359.63WO098/039/A=019209 -94T4954P EOSS BALLOON",98.0,45.0,39.5978333333,-103.9938333333,2.68,263.75,49540.0,0.00126964,0.65434379,0.00018889,-5.56e-06,22.86666667,high Re,-0.037778,24.866667,0.018981,5.711868,0.080059,-0.350148,-0.708965,26.237938,
EOSS-373,KC0D-1,2025-04-12 06:55:01.809,2025-04-12 06:55:00,19505.0,1360.0,550.0,ascending,/125500h3935.87N/10359.52WO097/032/A=019505 246T4919P EOSS BALLOON,"KC0D-1>APZEOS,EOSS,WIDE2-1,qAO,N0JD-10:/125500h3935.87N/10359.52WO097/032/A=019505 246T4919P EOSS BALLOON",97.0,37.0,39.5978333333,-103.992,2.77,297.75,49190.0,0.00111671,0.57552938,0.00018889,-5.56e-06,22.66666667,high Re,-0.006667,24.808772,0.018288,5.645443,0.079052,-0.37944,-0.315678,26.107385,
EOSS-373,AE0SS-3,2025-04-12 06:55:24.637,2025-04-12 06:55:20,19860.0,1302.0,570.0,ascending,/125520h3935.87N/10359.28WO083/025/A=019860 -109T4828P EOSS BALLOON,"AE0SS-3>APZEOS,EOSS,WIDE2-1,qAO,N0JD-10:/125520h3935.87N/10359.28WO083/025/A=019860 -109T4828P EOSS BALLOON",83.0,29.0,39.5978333333,-103.988,2.98,262.25,48280.0,0.00124442,0.64134869,0.00019444,0.0,21.7,high Re,-0.032222,24.72906,0.016959,5.592864,0.078405,-0.541594,-0.627269,25.952205,
EOSS-373,KC0D-1,2025-04-12 06:55:31.803,2025-04-12 06:55:30,20161.0,1312.0,580.0,ascending,/125530h3935.87N/10359.19WO084/029/A=020161 245T4793P EOSS BALLOON,"KC0D-1>APZEOS,EOSS,WIDE2-1,qAO,N0JD-10:/125530h3935.87N/10359.19WO084/029/A=020161 245T4793P EOSS BALLOON",84.0,33.0,39.5978333333,-103.9865,3.05,297.65,47930.0,0.00108847,0.56097562,0.00018333,0.0,21.86666667,high Re,0.005556,24.6575,0.016667,5.539215,0.077388,-0.503832,-0.143575,25.822428,
EOSS-373,AE0SS-3,2025-04-12 06:55:52.202,2025-04-12 06:55:50,20529.0,1338.0,600.0,ascending,/125550h3935.88N/10358.98WO095/030/A=020529 -126T4699P EOSS BALLOON,"AE0SS-3>APZEOS,EOSS,WIDE2-1,qAO,N0JD-10:/125550h3935.88N/10358.98WO095/030/A=020529 -126T4699P EOSS BALLOON",95.0,35.0,39.598,-103.983,3.23,260.55,46990.0,0.00121907,0.62828518,0.00016667,5.56e-06,22.3,high Re,0.014444,24.6,0.016611,5.481915,0.076391,-0.419561,-0.028367,25.666758,
EOSS-373,KC0D-1,2025-04-12 06:56:01.836,2025-04-12 06:56:00,20835.0,1348.0,610.0,ascending,/125600h3935.89N/10358.88WO090/026/A=020835 243T4665P EOSS BALLOON,"KC0D-1>APZEOS,EOSS,WIDE2-1,qAO,N0JD-10:/125600h3935.89N/10358.88WO090/026/A=020835 243T4665P EOSS BALLOON",90.0,30.0,39.5981666667,-103.9813333333,3.32,297.45,46650.0,0.00106012,0.54636154,0.00017222,1.111e-05,22.46666667,high Re,0.005556,24.549206,0.016341,5.424646,0.075449,-0.383903,-0.142944,25.540373,
EOSS-373,AE0SS-3,2025-04-12 06:56:24.695,2025-04-12 06:56:20,21257.0,1456.0,630.0,ascending,/125620h3935.90N/10358.67WO086/029/A=021257 -148T4564P EOSS BALLOON,"AE0SS-3>APZEOS,EOSS,WIDE2-1,qAO,N0JD-10:/125620h3935.90N/10358.67WO086/029/A=021257 -148T4564P EOSS BALLOON",86.0,33.0,39.5983333333,-103.9778333333,3.5,258.35,45640.0,0.00119413,0.61543135,0.00017222,1.111e-05,24.26666667,high Re,0.06,24.542636,0.017381,5.359851,0.074828,-0.051488,0.56956,25.371469,
EOSS-373,KC0D-1,2025-04-12 06:56:31.880,2025-04-12 06:56:30,21571.0,1472.0,640.0,ascending,/125630h3935.92N/10358.59WO088/028/A=021571 241T4528P EOSS BALLOON,"KC0D-1>APZEOS,EOSS,WIDE2-1,qAO,N0JD-10:/125630h3935.92N/10358.59WO088/028/A=021571 241T4528P EOSS BALLOON",88.0,32.0,39.5986666667,-103.9765,3.56,297.25,45280.0,0.00102968,0.53067301,0.00016111,1.667e-05,24.53333333,high Re,0.008889,24.542424,0.017183,5.297161,0.073943,-0.001716,-0.112167,25.250388,
EOSS-373,AE0SS-3,2025-04-12 06:56:52.200,2025-04-12 06:56:50,21944.0,1374.0,660.0,ascending,/125650h3935.94N/10358.39WO074/025/A=021944 -164T4436P EOSS BALLOON,"AE0SS-3>APZEOS,EOSS,WIDE2-1,qAO,N0JD-10:/125650h3935.94N/10358.39WO074/025/A=021944 -164T4436P EOSS BALLOON",74.0,29.0,39.599,-103.9731666667,3.73,256.75,44360.0,0.00116788,0.60189888,0.00015556,2.222e-05,22.9,high Re,-0.054444,24.505926,0.015556,5.242341,0.073871,-0.306338,-0.947598,25.112226,
EOSS-373,KC0D-1,2025-04-12 06:57:01.835,2025-04-12 06:57:00,22256.0,1370.0,670.0,ascending,/125700h3935.96N/10358.29WO077/028/A=022256 238T4403P EOSS BALLOON,"KC0D-1>APZEOS,EOSS,WIDE2-1,qAO,N0JD-10:/125700h3935.96N/10358.29WO077/028/A=022256 238T4403P EOSS BALLOON",77.0,32.0,39.5993333333,-103.9715,3.82,296.95,44030.0,0.00100226,0.51654457,0.00016667,2.222e-05,22.83333333,high Re,-0.002222,24.469565,0.01516,5.189628,0.073075,-0.315289,-0.237865,25.001769,
EOSS-373,AE0SS-3,2025-04-12 06:57:24.737,2025-04-12 06:57:20,22649.0,1410.0,690.0,ascending,/125720h3935.99N/10358.08WO087/027/A=022649 -184T4308P EOSS BALLOON,"AE0SS-3>APZEOS,EOSS,WIDE2-1,qAO,N0JD-10:/125720h3935.99N/10358.08WO087/027/A=022649 -184T4308P EOSS BALLOON",87.0,31.0,39.5998333333,-103.968,4.0,254.75,43080.0,0.00114308,0.58912025,0.00017222,2.778e-05,23.5,high Re,0.022222,24.448936,0.015314,5.134857,0.072266,-0.184803,0.095591,24.869734,
EOSS-373,KC0D-1,2025-04-12 06:57:31.805,2025-04-12 06:57:30,22940.0,1368.0,700.0,ascending,/125730h3936.02N/10358.00WO073/030/A=022940 237T4280P EOSS BALLOON,"KC0D-1>APZEOS,EOSS,WIDE2-1,qAO,N0JD-10:/125730h3936.02N/10358.00WO073/030/A=022940 237T4280P EOSS BALLOON",73.0,35.0,39.6003333333,-103.9666666667,4.06,296.85,42800.0,0.00097459,0.50228379,0.00016111,3.333e-05,22.8,high Re,-0.023333,24.414583,0.014492,5.08551,0.071698,-0.317487,-0.52756,24.77734,
EOSS-373,AE0SS-3,2025-04-12 06:57:52.193,2025-04-12 06:57:50,23346.0,1394.0,720.0,ascending,/125750h3936.06N/10357.81WO075/028/A=023346 -202T4188P EOSS BALLOON,"AE0SS-3>APZEOS,EOSS,WIDE2-1,qAO,N0JD-10:/125750h3936.06N/10357.81WO075/028/A=023346 -202T4188P EOSS BALLOON",75.0,32.0,39.601,-103.9635,4.22,252.95,41880.0,0.00111915,0.57678564,0.00015,3.889e-05,23.23333333,high Re,0.014444,24.390476,0.014491,5.035085,0.070931,-0.229816,-0.000663,24.656441,
EOSS-373,KC0D-1,2025-04-12 06:58:01.842,2025-04-12 06:58:00,23647.0,1414.0,730.0,ascending,/125800h3936.08N/10357.71WO079/023/A=023647 233T4156P EOSS BALLOON,"KC0D-1>APZEOS,EOSS,WIDE2-1,qAO,N0JD-10:/125800h3936.08N/10357.71WO079/023/A=023647 233T4156P EOSS BALLOON",79.0,26.0,39.6013333333,-103.9618333333,4.31,296.45,41560.0,0.00094763,0.48838974,0.00016111,3.333e-05,23.56666667,high Re,0.011111,24.374,0.014422,4.984804,0.07019,-0.161959,-0.047172,24.573045,
EOSS-373,AE0SS-3,2025-04-12 06:58:24.741,2025-04-12 06:58:20,24045.0,1398.0,750.0,ascending,/125820h3936.11N/10357.51WO077/032/A=024045 -221T4066P EOSS BALLOON,"AE0SS-3>APZEOS,EOSS,WIDE2-1,qAO,N0JD-10:/125820h3936.11N/10357.51WO077/032/A=024045 -221T4066P EOSS BALLOON",77.0,37.0,39.6018333333,-103.9585,4.48,251.05,40660.0,0.00109477,0.56422146,0.00016667,2.778e-05,23.3,high Re,-0.008889,24.352941,0.013956,4.936995,0.069549,-0.213276,-0.328473,24.471182,
EOSS-373,KC0D-1,2025-04-12 06:58:31.826,2025-04-12 06:58:30,24365.0,1436.0,760.0,ascending,/125830h3936.13N/10357.41WO079/033/A=024365 231T4034P EOSS BALLOON,"KC0D-1>APZEOS,EOSS,WIDE2-1,qAO,N0JD-10:/125830h3936.13N/10357.41WO079/033/A=024365 231T4034P EOSS BALLOON",79.0,38.0,39.6021666667,-103.9568333333,4.57,296.25,40340.0,0.00092044,0.47437302,0.00016667,2.778e-05,23.93333333,high Re,0.021111,24.344872,0.014096,4.8887,0.068857,-0.084182,0.101878,24.396382,
EOSS-373,AE0SS-3,2025-04-12 06:58:52.317,2025-04-12 06:58:50,24775.0,1460.0,780.0,ascending,/125850h3936.15N/10357.21WO102/032/A=024775 -242T3943P EOSS BALLOON,"AE0SS-3>APZEOS,EOSS,WIDE2-1,qAO,N0JD-10:/125850h3936.15N/10357.21WO102/032/A=024775 -242T3943P EOSS BALLOON",102.0,37.0,39.6025,-103.9535,4.74,248.95,39430.0,0.00107061,0.55176874,0.00016667,2.222e-05,24.33333333,high Re,0.013333,24.344654,0.014081,4.841465,0.068179,-0.002338,-0.010971,24.309963,
EOSS-373,KC0D-1,2025-04-12 06:59:01.787,2025-04-12 06:59:00,25070.0,1410.0,790.0,ascending,/125900h3936.17N/10357.10WO089/028/A=025070 228T3915P EOSS BALLOON,"KC0D-1>APZEOS,EOSS,WIDE2-1,qAO,N0JD-10:/125900h3936.17N/10357.10WO089/028/A=025070 228T3915P EOSS BALLOON",89.0,32.0,39.6028333333,-103.9516666667,4.84,295.95,39150.0,0.00089419,0.46084605,0.00017222,2.222e-05,23.5,high Re,-0.027778,24.329012,0.013291,4.796951,0.067764,-0.172821,-0.606059,24.254402,
EOSS-373,AE0SS-3,2025-04-12 06:59:24.742,2025-04-12 06:59:20,25472.0,1394.0,810.0,ascending,/125920h3936.15N/10356.89WO101/028/A=025472 -254T3828P EOSS BALLOON,"AE0SS-3>APZEOS,EOSS,WIDE2-1,qAO,N0JD-10:/125920h3936.15N/10356.89WO101/028/A=025472 -254T3828P EOSS BALLOON",101.0,32.0,39.6025,-103.9481666667,5.02,247.75,38280.0,0.00104442,0.53827067,0.00017778,0.0,23.23333333,high Re,-0.008889,24.309091,0.012881,4.754623,0.06719,-0.226255,-0.324007,24.18767,
EOSS-373,KC0D-1,2025-04-12 06:59:31.815,2025-04-12 06:59:30,25789.0,1438.0,820.0,ascending,/125930h3936.16N/10356.78WO099/033/A=025789 225T3797P EOSS BALLOON,"KC0D-1>APZEOS,EOSS,WIDE2-1,qAO,N0JD-10:/125930h3936.16N/10356.78WO099/033/A=025789 225T3797P EOSS BALLOON",99.0,38.0,39.6026666667,-103.9463333333,5.12,295.65,37970.0,0.00086812,0.44740946,0.00017778,-5.56e-06,23.96666667,high Re,0.024444,24.302976,0.013091,4.711423,0.066583,-0.071382,0.170509,24.142368,
EOSS-373,AE0SS-3,2025-04-12 06:59:52.295,2025-04-12 06:59:50,26220.0,1496.0,840.0,ascending,/125950h3936.12N/10356.53WO089/031/A=026220 -269T3707P EOSS BALLOON,"AE0SS-3>APZEOS,EOSS,WIDE2-1,qAO,N0JD-10:/125950h3936.12N/10356.53WO089/031/A=026220 -269T3707P EOSS BALLOON",89.0,36.0,39.602,-103.9421666667,5.35,246.25,37070.0,0.00101757,0.52443153,0.0002,-1.667e-05,24.93333333,high Re,0.032222,24.314035,0.013432,4.669914,0.066024,0.132615,0.284593,24.091105,
EOSS-373,KC0D-1,2025-04-12 07:00:01.814,2025-04-12 07:00:00,26572.0,1566.0,850.0,ascending,/130000h3936.12N/10356.42WO091/036/A=026572 221T3672P EOSS BALLOON,"KC0D-1>APZEOS,EOSS,WIDE2-1,qAO,N0JD-10:/130000h3936.12N/10356.42WO091/036/A=026572 221T3672P EOSS BALLOON",91.0,41.0,39.602,-103.9403333333,5.44,295.25,36720.0,0.00084068,0.4332666,0.0002,-2.222e-05,26.1,high Re,0.038889,24.344828,0.013879,4.634705,0.065519,0.378702,0.381721,24.058011,
EOSS-373,AE0SS-3,2025-04-12 07:00:24.767,2025-04-12 07:00:20,27021.0,1602.0,870.0,ascending,/130020h3936.09N/10356.17WO103/035/A=027021 -291T3583P EOSS BALLOON,"AE0SS-3>APZEOS,EOSS,WIDE2-1,qAO,N0JD-10:/130020h3936.09N/10356.17WO103/035/A=027021 -291T3583P EOSS BALLOON",103.0,40.0,39.6015,-103.9361666667,5.67,244.05,35830.0,0.00099239,0.51145855,0.0002,-1.667e-05,26.7,high Re,0.02,24.384746,0.013985,4.604796,0.064947,0.502792,0.092614,24.027104,
EOSS-373,KC0D-1,2025-04-12 07:00:31.806,2025-04-12 07:00:30,27355.0,1566.0,880.0,ascending,/130030h3936.09N/10356.06WO093/039/A=027355 218T3550P EOSS BALLOON,"KC0D-1>APZEOS,EOSS,WIDE2-1,qAO,N0JD-10:/130030h3936.09N/10356.06WO093/039/A=027355 218T3550P EOSS BALLOON",93.0,45.0,39.6015,-103.9343333333,5.76,294.95,35500.0,0.00081357,0.41929762,0.0002,-1.667e-05,26.1,high Re,-0.02,24.413333,0.013409,4.570973,0.064536,0.368995,-0.51768,24.012204,
EOSS-373,AE0SS-3,2025-04-12 07:00:52.251,2025-04-12 07:00:50,27799.0,1556.0,900.0,ascending,/130050h3936.06N/10355.82WO103/044/A=027799 -309T3461P EOSS BALLOON,"AE0SS-3>APZEOS,EOSS,WIDE2-1,qAO,N0JD-10:/130050h3936.06N/10355.82WO103/044/A=027799 -309T3461P EOSS BALLOON",103.0,51.0,39.601,-103.9303333333,5.98,242.25,34610.0,0.00096573,0.49771446,0.00019444,-1.667e-05,25.93333333,high Re,-0.005556,24.438251,0.013093,4.536897,0.064034,0.329539,-0.291236,24.002855,
EOSS-373,KC0D-1,2025-04-12 07:01:01.835,2025-04-12 07:01:00,28126.0,1542.0,910.0,ascending,/130100h3936.04N/10355.71WO105/037/A=028126 213T3433P EOSS BALLOON,"KC0D-1>APZEOS,EOSS,WIDE2-1,qAO,N0JD-10:/130100h3936.04N/10355.71WO105/037/A=028126 213T3433P EOSS BALLOON",105.0,43.0,39.6006666667,-103.9285,6.08,294.45,34330.0,0.00078809,0.40616705,0.00019444,-2.778e-05,25.7,high Re,-0.007778,24.458602,0.01275,4.502409,0.063554,0.275719,-0.323001,24.003421,
EOSS-373,AE0SS-3,2025-04-12 07:01:24.804,2025-04-12 07:01:20,28603.0,1608.0,930.0,ascending,/130120h3936.00N/10355.47WO099/034/A=028603 -329T3342P EOSS BALLOON,"AE0SS-3>APZEOS,EOSS,WIDE2-1,qAO,N0JD-10:/130120h3936.00N/10355.47WO099/034/A=028603 -329T3342P EOSS BALLOON",99.0,39.0,39.6,-103.9245,6.29,240.25,33420.0,0.00094028,0.48460233,0.00019444,-3.333e-05,26.8,high Re,0.036667,24.495767,0.013136,4.475683,0.063104,0.514834,0.372892,24.015229,
EOSS-373,KC0D-1,2025-04-12 07:01:31.748,2025-04-12 07:01:30,28962.0,1672.0,940.0,ascending,/130130h3935.99N/10355.34WO096/030/A=028962 210T3309P EOSS BALLOON,"KC0D-1>APZEOS,EOSS,WIDE2-1,qAO,N0JD-10:/130130h3935.99N/10355.34WO096/030/A=028962 210T3309P EOSS BALLOON",96.0,35.0,39.5998333333,-103.9223333333,6.41,294.15,33090.0,0.0007604,0.39189558,0.00020556,-2.778e-05,27.86666667,high Re,0.035556,24.548438,0.013492,4.459969,0.062657,0.744003,0.352139,24.03242,
EOSS-373,AE0SS-3,2025-04-12 07:01:52.504,2025-04-12 07:01:50,29456.0,1706.0,960.0,ascending,/130150h3935.95N/10355.10WO101/038/A=029456 -351T3219P EOSS BALLOON,"AE0SS-3>APZEOS,EOSS*,WIDE2-1,qAO,W9CN-9:/130150h3935.95N/10355.10WO101/038/A=029456 -351T3219P EOSS BALLOON",101.0,44.0,39.5991666667,-103.9183333333,6.63,238.05,32190.0,0.00091405,0.47108062,0.00020556,-2.778e-05,28.43333333,high Re,0.018889,24.608205,0.013576,4.451147,0.062161,0.859358,0.085472,24.067226,
EOSS-373,KC0D-1,2025-04-12 07:02:01.831,2025-04-12 07:02:00,29758.0,1592.0,970.0,ascending,/130200h3935.93N/10354.98WO101/028/A=029758 205T3194P EOSS BALLOON,"KC0D-1>APZEOS,EOSS,WIDE2-1,qAO,N0JD-10:/130200h3935.93N/10354.98WO101/028/A=029758 205T3194P EOSS BALLOON",101.0,32.0,39.5988333333,-103.9163333333,6.73,293.65,31940.0,0.00073523,0.37891985,0.0002,-3.333e-05,26.53333333,high Re,-0.063333,24.637374,0.012393,4.423127,0.062407,0.428647,-1.213422,24.094592,
EOSS-373,AE0SS-3,2025-04-12 07:02:24.927,2025-04-12 07:02:20,30216.0,1520.0,990.0,ascending,/130220h3935.90N/10354.75WO091/036/A=030216 -372T3107P EOSS BALLOON,"AE0SS-3>APZEOS,EOSS,WIDE2-1,qAO,N0JD-10:/130220h3935.90N/10354.75WO091/036/A=030216 -372T3107P EOSS BALLOON",91.0,41.0,39.5983333333,-103.9125,6.94,235.95,31070.0,0.0008901,0.45873695,0.00019444,-2.778e-05,25.33333333,high Re,-0.04,24.647761,0.011599,4.390314,0.06226,0.156156,-0.828766,24.144451,
EOSS-373,KC0D-1,2025-04-12 07:02:31.846,2025-04-12 07:02:30,30566.0,1616.0,1000.0,ascending,/130230h3935.89N/10354.63WO103/037/A=030566 202T3081P EOSS BALLOON,"KC0D-1>APZEOS,EOSS,WIDE2-1,qAO,N0JD-10:/130230h3935.89N/10354.63WO103/037/A=030566 202T3081P EOSS BALLOON",103.0,43.0,39.5981666667,-103.9105,7.05,293.35,30810.0,0.00070994,0.36588791,0.00019444,-2.222e-05,26.93333333,high Re,0.053333,24.681373,0.012222,4.366233,0.061997,0.515767,0.663113,24.188994,
EOSS-373,AE0SS-3,2025-04-12 07:02:52.335,2025-04-12 07:02:50,31025.0,1618.0,1020.0,ascending,/130250h3935.86N/10354.39WO093/038/A=031025 -391T2997P EOSS BALLOON,"AE0SS-3>APZEOS,EOSS,WIDE2-1,qAO,N0JD-10:/130250h3935.86N/10354.39WO093/038/A=031025 -391T2997P EOSS BALLOON",93.0,44.0,39.5976666667,-103.9065,7.26,234.05,29970.0,0.00086555,0.44608801,0.0002,-2.222e-05,26.96666667,high Re,0.001111,24.714493,0.012059,4.342733,0.061547,0.518607,-0.17788,24.255323,
EOSS-373,KC0D-1,2025-04-12 07:03:01.831,2025-04-12 07:03:00,31375.0,1618.0,1030.0,ascending,/130300h3935.85N/10354.28WO095/037/A=031375 197T2970P EOSS BALLOON,"KC0D-1>APZEOS,EOSS,WIDE2-1,qAO,N0JD-10:/130300h3935.85N/10354.28WO095/037/A=031375 197T2970P EOSS BALLOON",95.0,43.0,39.5975,-103.9046666667,7.36,292.85,29700.0,0.00068553,0.35330816,0.00019444,-2.222e-05,26.96666667,high Re,0.0,24.746667,0.011884,4.319545,0.06111,0.513943,-0.194469,24.31154,
EOSS-373,AE0SS-3,2025-04-12 07:03:24.929,2025-04-12 07:03:20,31818.0,1586.0,1050.0,ascending,/130320h3935.82N/10354.01WO091/031/A=031818 -411T2892P EOSS BALLOON,"AE0SS-3>APZEOS,EOSS,WIDE2-1,qAO,N0JD-10:/130320h3935.82N/10354.01WO091/031/A=031818 -411T2892P EOSS BALLOON",91.0,36.0,39.597,-103.9001666667,7.6,232.05,28920.0,0.00084243,0.43416935,0.00021111,-2.222e-05,26.43333333,high Re,-0.017778,24.770423,0.01146,4.293249,0.060769,0.387331,-0.481133,24.389146,
EOSS-373,KC0D-1,2025-04-12 07:03:31.848,2025-04-12 07:03:30,32148.0,1546.0,1060.0,ascending,/130330h3935.81N/10353.91WO087/031/A=032148 193T2867P EOSS BALLOON,"KC0D-1>APZEOS,EOSS,WIDE2-1,qAO,N0JD-10:/130330h3935.81N/10353.91WO087/031/A=032148 193T2867P EOSS BALLOON",87.0,36.0,39.5968333333,-103.8985,7.69,292.45,28670.0,0.00066266,0.34152187,0.00020556,-2.222e-05,25.76666667,high Re,-0.022222,24.784259,0.010986,4.264524,0.060466,0.230367,-0.549201,24.451275,
EOSS-373,KC0D-1,2025-04-12 07:04:01.888,2025-04-12 07:04:00,32943.0,1590.0,1090.0,ascending,/130400h3935.77N/10353.58WO102/032/A=032943 188T2764P EOSS BALLOON,"KC0D-1>APZEOS,EOSS,WIDE2-1,qAO,N0JD-10:/130400h3935.77N/10353.58WO102/032/A=032943 188T2764P EOSS BALLOON",102.0,37.0,39.5961666667,-103.893,7.99,291.95,27640.0,0.00063995,0.32981622,0.00018333,-2.222e-05,26.5,high Re,0.024444,24.807763,0.011173,4.239564,0.060059,0.399154,0.220966,24.614259,
EOSS-373,AE0SS-3,2025-04-12 07:04:24.812,2025-04-12 07:04:20,33428.0,1610.0,1110.0,ascending,/130420h3935.73N/10353.32WO086/035/A=033428 -448T2684P EOSS BALLOON,"AE0SS-3>APZEOS,EOSS,WIDE2-1,qAO,N0JD-10:/130420h3935.73N/10353.32WO086/035/A=033428 -448T2684P EOSS BALLOON",86.0,40.0,39.5955,-103.8886666667,8.22,228.35,26840.0,0.00079451,0.40947175,0.00019167,-2.5e-05,26.83333333,high Re,0.005556,24.835135,0.011096,4.217005,0.059644,0.473843,-0.092884,24.721599,
EOSS-373,KC0D-1,2025-04-12 07:04:31.851,2025-04-12 07:04:30,33761.0,1636.0,1120.0,ascending,/130430h3935.72N/10353.20WO092/031/A=033761 183T2661P EOSS BALLOON,"KC0D-1>APZEOS,EOSS,WIDE2-1,qAO,N0JD-10:/130430h3935.72N/10353.20WO092/031/A=033761 183T2661P EOSS BALLOON",92.0,36.0,39.5953333333,-103.8866666667,8.33,291.45,26610.0,0.00061716,0.31807041,0.00021111,-2.778e-05,27.26666667,high Re,0.014444,24.867556,0.011141,4.197815,0.059236,0.571514,0.05576,24.798176,
EOSS-373,AE0SS-3,2025-04-12 07:04:52.288,2025-04-12 07:04:50,34167.0,1478.0,1140.0,ascending,/130450h3935.69N/10352.96WO084/031/A=034167 -467T2592P EOSS BALLOON,"AE0SS-3>APZEOS,EOSS,WIDE2-1,qAO,N0JD-10:/130450h3935.69N/10352.96WO084/031/A=034167 -467T2592P EOSS BALLOON",84.0,36.0,39.5948333333,-103.8826666667,8.54,226.45,25920.0,0.00077371,0.39875406,0.0002,-2.222e-05,24.63333333,high Re,-0.087778,24.864474,0.009822,4.169822,0.059933,-0.055432,-1.628485,24.894213,
EOSS-373,KC0D-1,2025-04-12 07:05:01.870,2025-04-12 07:05:00,34494.0,1466.0,1150.0,ascending,/130500h3935.68N/10352.83WO102/039/A=034494 178T2571P EOSS BALLOON,"KC0D-1>APZEOS,EOSS,WIDE2-1,qAO,N0JD-10:/130500h3935.68N/10352.83WO102/039/A=034494 178T2571P EOSS BALLOON",102.0,45.0,39.5946666667,-103.8805,8.66,290.95,25710.0,0.00059731,0.30784079,0.00020556,-2.222e-05,24.43333333,high Re,-0.006667,24.858874,0.009605,4.14259,0.059562,-0.102723,-0.273194,24.973349,
EOSS-373,AE0SS-3,2025-04-12 07:05:24.890,2025-04-12 07:05:20,34916.0,1498.0,1170.0,ascending,/130520h3935.67N/10352.56WO089/033/A=034916 -486T2502P EOSS BALLOON,"AE0SS-3>APZEOS,EOSS,WIDE2-1,qAO,N0JD-10:/130520h3935.67N/10352.56WO089/033/A=034916 -486T2502P EOSS BALLOON",89.0,38.0,39.5945,-103.876,8.9,224.55,25020.0,0.00075316,0.38816529,0.00022222,-1.111e-05,24.96666667,high Re,0.017778,24.860256,0.009711,4.11562,0.059176,0.025855,0.136322,25.077337,
EOSS-373,KC0D-1,2025-04-12 07:05:31.876,2025-04-12 07:05:30,35224.0,1460.0,1180.0,ascending,/130530h3935.68N/10352.43WO091/044/A=035224 174T2484P EOSS BALLOON,"KC0D-1>APZEOS,EOSS,WIDE2-1,qAO,N0JD-10:/130530h3935.68N/10352.43WO091/044/A=035224 174T2484P EOSS BALLOON",91.0,51.0,39.5946666667,-103.8738333333,9.01,290.55,24840.0,0.00057789,0.29783324,0.00022222,0.0,24.33333333,high Re,-0.021111,24.853586,0.009316,4.089582,0.058894,-0.127214,-0.51664,25.154236,
EOSS-373,AE0SS-3,2025-04-12 07:05:52.325,2025-04-12 07:05:50,35575.0,1318.0,1200.0,ascending,/130550h3935.65N/10352.11WO088/038/A=035575 -495T2424P EOSS BALLOON,"AE0SS-3>APZEOS,EOSS,WIDE2-1,qAO,N0JD-10:/130550h3935.65N/10352.11WO088/038/A=035575 -495T2424P EOSS BALLOON",88.0,44.0,39.5941666667,-103.8685,9.3,223.65,24240.0,0.00073262,0.37757755,0.00025,-1.111e-05,21.96666667,high Re,-0.078889,24.8175,0.0082,4.076415,0.059351,-0.699348,-1.467355,25.242567,
EOSS-373,KC0D-1,2025-04-12 07:06:01.843,2025-04-12 07:06:00,35930.0,1412.0,1210.0,ascending,/130600h3935.65N/10351.96WO100/042/A=035930 168T2402P EOSS BALLOON,"KC0D-1>APZEOS,EOSS,WIDE2-1,qAO,N0JD-10:/130600h3935.65N/10351.96WO100/042/A=035930 168T2402P EOSS BALLOON",100.0,48.0,39.5941666667,-103.866,9.43,289.95,24020.0,0.00055997,0.28859735,0.00026111,-1.667e-05,23.53333333,high Re,0.052222,24.801646,0.00875,4.053369,0.059179,-0.312903,0.734585,25.332319,
EOSS-373,AE0SS-3,2025-04-12 07:06:24.855,2025-04-12 07:06:20,36355.0,1560.0,1230.0,ascending,/130620h3935.61N/10351.65WO106/037/A=036355 -503T2335P EOSS BALLOON,"AE0SS-3>APZEOS,EOSS,WIDE2-1,qAO,N0JD-10:/130620h3935.61N/10351.65WO106/037/A=036355 -503T2335P EOSS BALLOON",106.0,43.0,39.5935,-103.8608333333,9.71,222.85,23350.0,0.00070826,0.36502003,0.00025556,-2.222e-05,26.0,high Re,0.082222,24.81626,0.009657,4.030444,0.059372,0.2937,1.222209,25.439825,
EOSS-373,KC0D-1,2025-04-12 07:06:31.841,2025-04-12 07:06:30,36631.0,1402.0,1240.0,ascending,/130630h3935.61N/10351.53WO090/036/A=036631 163T2323P EOSS BALLOON,"KC0D-1>APZEOS,EOSS,WIDE2-1,qAO,N0JD-10:/130630h3935.61N/10351.53WO090/036/A=036631 163T2323P EOSS BALLOON",90.0,41.0,39.5935,-103.8588333333,9.81,289.45,23230.0,0.00054249,0.27958773,0.00023889,-2.222e-05,23.36666667,high Re,-0.087778,24.798795,0.008469,4.008952,0.059977,-0.357233,-1.604732,25.509408,
EOSS-373,AE0SS-3,2025-04-12 07:06:52.354,2025-04-12 07:06:50,37013.0,1316.0,1260.0,ascending,/130650h3935.57N/10351.24WO101/038/A=037013 -516T2263P EOSS BALLOON,"AE0SS-3>APZEOS,EOSS,WIDE2-1,qAO,N0JD-10:/130650h3935.57N/10351.24WO101/038/A=037013 -516T2263P EOSS BALLOON",101.0,44.0,39.5928333333,-103.854,10.08,221.55,22630.0,0.00069044,0.3558404,0.00022778,-2.222e-05,21.93333333,high Re,-0.047778,24.764683,0.007791,3.996975,0.059929,-0.708373,-0.927247,25.605064,
EOSS-373,KC0D-1,2025-04-12 07:07:01.888,2025-04-12 07:07:00,37339.0,1416.0,1270.0,ascending,/130700h3935.55N/10351.08WO095/047/A=037339 157T2245P EOSS BALLOON,"KC0D-1>APZEOS,EOSS,WIDE2-1,qAO,N0JD-10:/130700h3935.55N/10351.08WO095/047/A=037339 157T2245P EOSS BALLOON",95.0,54.0,39.5925,-103.8513333333,10.22,288.85,22450.0,0.00052536,0.2707612,0.00025,-3.333e-05,23.6,high Re,0.055556,24.75098,0.00836,3.97512,0.059795,-0.289546,0.789297,25.685814,
EOSS-373,AE0SS-3,2025-04-12 07:07:24.911,2025-04-12 07:07:20,37754.0,1482.0,1290.0,ascending,/130720h3935.49N/10350.75WO094/040/A=037754 -527T2180P EOSS BALLOON,"AE0SS-3>APZEOS,EOSS,WIDE2-1,qAO,N0JD-10:/130720h3935.49N/10350.75WO094/040/A=037754 -527T2180P EOSS BALLOON",94.0,46.0,39.5915,-103.8458333333,10.52,220.45,21800.0,0.00066844,0.34449969,0.00027222,-4.444e-05,24.7,high Re,0.036667,24.750388,0.008693,3.951671,0.059517,-0.012751,0.470017,25.787007,
EOSS-373,KC0D-1,2025-04-12 07:07:31.831,2025-04-12 07:07:30,38097.0,1516.0,1300.0,ascending,/130730h3935.47N/10350.59WO100/053/A=038097 153T2163P EOSS BALLOON,"KC0D-1>APZEOS,EOSS,WIDE2-1,qAO,N0JD-10:/130730h3935.47N/10350.59WO100/053/A=038097 153T2163P EOSS BALLOON",100.0,61.0,39.5911666667,-103.8431666667,10.66,288.45,21630.0,0.00050688,0.26123323,0.00027222,-4.444e-05,25.26666667,high Re,0.018889,24.756322,0.008811,3.929019,0.059176,0.129891,0.170306,25.868951,
EOSS-373,AE0SS-3,2025-04-12 07:07:52.376,2025-04-12 07:07:50,38505.0,1502.0,1320.0,ascending,/130750h3935.41N/10350.25WO109/050/A=038505 -542T2103P EOSS BALLOON,"AE0SS-3>APZEOS,EOSS,WIDE2-1,qAO,N0JD-10:/130750h3935.41N/10350.25WO109/050/A=038505 -542T2103P EOSS BALLOON",109.0,58.0,39.5901666667,-103.8375,10.97,218.95,21030.0,0.00064925,0.33460835,0.00027778,-4.444e-05,25.03333333,high Re,-0.007778,24.75947,0.008621,3.906485,0.058858,0.070105,-0.27862,25.964009,
EOSS-373,KC0D-1,2025-04-12 07:08:01.836,2025-04-12 07:08:00,38792.0,1390.0,1330.0,ascending,/130800h3935.39N/10350.09WO103/052/A=038792 147T2091P EOSS BALLOON,"KC0D-1>APZEOS,EOSS,WIDE2-1,qAO,N0JD-10:/130800h3935.39N/10350.09WO103/052/A=038792 147T2091P EOSS BALLOON",103.0,60.0,39.5898333333,-103.8348333333,11.11,287.85,20910.0,0.00049103,0.25306393,0.00027778,-4.444e-05,23.16666667,high Re,-0.062222,24.741573,0.007816,3.887893,0.059004,-0.40508,-1.187004,26.029069,
EOSS-373,AE0SS-3,2025-04-12 07:08:24.815,2025-04-12 07:08:20,39232.0,1454.0,1350.0,ascending,/130820h3935.31N/10349.77WO106/050/A=039232 -555T2029P EOSS BALLOON,"AE0SS-3>APZEOS,EOSS,WIDE2-1,qAO,N0JD-10:/130820h3935.31N/10349.77WO106/050/A=039232 -555T2029P EOSS BALLOON",106.0,58.0,39.5885,-103.8295,11.4,217.65,20290.0,0.00063014,0.32476246,0.00026667,-5.556e-05,24.23333333,high Re,0.035556,24.735926,0.008127,3.866361,0.058741,-0.129991,0.466948,26.125511,
EOSS-373,KC0D-1,2025-04-12 07:08:31.917,2025-04-12 07:08:30,39607.0,1630.0,1360.0,ascending,/130830h3935.29N/10349.64WO095/040/A=039607 142T2009P EOSS BALLOON,"KC0D-1>APZEOS,EOSS,WIDE2-1,qAO,N0JD-10:/130830h3935.29N/10349.64WO095/040/A=039607 142T2009P EOSS BALLOON",95.0,46.0,39.5881666667,-103.8273333333,11.52,287.35,20090.0,0.00047259,0.24356293,0.00025,-5.556e-05,27.16666667,high Re,0.097778,24.762637,0.009123,3.853255,0.05917,0.623896,1.49831,26.204194,
EOSS-373,AE0SS-3,2025-04-12 07:08:52.351,2025-04-12 07:08:50,39992.0,1520.0,1380.0,ascending,/130850h3935.24N/10349.32WO102/040/A=039992 -566T1953P EOSS BALLOON,"AE0SS-3>APZEOS,EOSS,WIDE2-1,qAO,N0JD-10:/130850h3935.24N/10349.32WO102/040/A=039992 -566T1953P EOSS BALLOON",102.0,46.0,39.5873333333,-103.822,11.81,216.55,19530.0,0.00060962,0.31418576,0.00025,-3.889e-05,25.33333333,high Re,-0.061111,24.768841,0.008352,3.832487,0.059299,0.147291,-1.171403,26.28125,
EOSS-373,KC0D-1,2025-04-12 07:09:01.868,2025-04-12 07:09:00,40364.0,1514.0,1390.0,ascending,/130900h3935.21N/10349.14WO104/057/A=040364 136T1935P EOSS BALLOON,"KC0D-1>APZEOS,EOSS,WIDE2-1,qAO,N0JD-10:/130900h3935.21N/10349.14WO104/057/A=040364 136T1935P EOSS BALLOON",104.0,66.0,39.5868333333,-103.819,11.97,286.75,19350.0,0.00045614,0.23508233,0.00027778,-4.444e-05,25.23333333,high Re,-0.003333,24.773835,0.008225,3.811906,0.058985,0.120543,-0.195948,26.351807,
EOSS-373,AE0SS-3,2025-04-12 07:09:24.796,2025-04-12 07:09:20,40811.0,1638.0,1410.0,ascending,/130920h3935.15N/10348.79WO096/044/A=040811 -571T1876P EOSS BALLOON,"AE0SS-3>APZEOS,EOSS,WIDE2-1,qAO,N0JD-10:/130920h3935.15N/10348.79WO096/044/A=040811 -571T1876P EOSS BALLOON",96.0,51.0,39.5858333333,-103.8131666667,12.29,216.05,18760.0,0.00058694,0.30249696,0.00029444,-5e-05,27.3,high Re,0.068889,24.800709,0.008877,3.800299,0.059,0.657656,1.017153,26.431107,
EOSS-373,KC0D-1,2025-04-12 07:09:31.842,2025-04-12 07:09:30,41128.0,1528.0,1420.0,ascending,/130930h3935.12N/10348.62WO099/056/A=041128 131T1864P EOSS BALLOON,"KC0D-1>APZEOS,EOSS,WIDE2-1,qAO,N0JD-10:/130930h3935.12N/10348.62WO099/056/A=041128 131T1864P EOSS BALLOON",99.0,64.0,39.5853333333,-103.8103333333,12.44,286.25,18640.0,0.00044017,0.22685213,0.00028889,-5e-05,25.46666667,high Re,-0.061111,24.807719,0.008132,3.780648,0.059124,0.174295,-1.171149,26.483471,
EOSS-373,AE0SS-3,2025-04-12 07:09:52.347,2025-04-12 07:09:50,41603.0,1584.0,1440.0,ascending,/130950h3935.09N/10348.26WO090/054/A=041603 -554T1801P EOSS BALLOON,"AE0SS-3>APZEOS,EOSS,WIDE2-1,qAO,N0JD-10:/130950h3935.09N/10348.26WO090/054/A=041603 -554T1801P EOSS BALLOON",90.0,62.0,39.5848333333,-103.8043333333,12.76,217.75,18010.0,0.00055908,0.28813632,0.00029444,-3.333e-05,26.4,high Re,0.031111,24.824306,0.008374,3.764207,0.058856,0.418599,0.386316,26.555524,
EOSS-373,KC0D-1,2025-04-12 07:10:01.855,2025-04-12 07:10:00,41997.0,1738.0,1450.0,ascending,/131000h3935.08N/10348.04WO089/057/A=041997 125T1786P EOSS BALLOON,"KC0D-1>APZEOS,EOSS,WIDE2-1,qAO,N0JD-10:/131000h3935.08N/10348.04WO089/057/A=041997 125T1786P EOSS BALLOON",89.0,66.0,39.5846666667,-103.8006666667,12.96,285.65,17860.0,0.00042263,0.21781595,0.00032222,-2.222e-05,28.96666667,high Re,0.085556,24.86701,0.009178,3.768097,0.059073,1.087991,1.292943,26.609131,
EOSS-373,AE0SS-3,2025-04-12 07:10:25.408,2025-04-12 07:10:20,42474.0,1742.0,1470.0,ascending,/131020h3935.04N/10347.60WO095/078/A=042474 -532T1728P EOSS BALLOON,"AE0SS-3>APZEOS,EOSS,WIDE2-1,qAO,N0JD-10:/131020h3935.04N/10347.60WO095/078/A=042474 -532T1728P EOSS BALLOON",95.0,90.0,39.584,-103.7933333333,13.35,219.95,17280.0,0.00053105,0.27369207,0.00036667,-2.778e-05,29.03333333,high Re,0.002222,24.909524,0.009107,3.772175,0.058769,1.093218,-0.117154,26.666142,
EOSS-373,KC0D-1,2025-04-12 07:10:31.813,2025-04-12 07:10:30,42805.0,1616.0,1480.0,ascending,/131030h3935.01N/10347.36WO104/068/A=042805 120T1717P EOSS BALLOON,"KC0D-1>APZEOS,EOSS,WIDE2-1,qAO,N0JD-10:/131030h3935.01N/10347.36WO104/068/A=042805 120T1717P EOSS BALLOON",104.0,78.0,39.5835,-103.7893333333,13.57,285.15,17170.0,0.00040702,0.20976806,0.00037778,-3.889e-05,26.93333333,high Re,-0.07,24.929966,0.008299,3.758387,0.059009,0.533039,-1.326899,26.700404,
EOSS-373,AE0SS-3,2025-04-12 07:10:52.344,2025-04-12 07:10:50,43259.0,1570.0,1500.0,ascending,/131050h3934.93N/10346.88WO101/059/A=043259 -514T1663P EOSS BALLOON,"AE0SS-3>APZEOS,EOSS,WIDE2-1,qAO,N0JD-10:/131050h3934.93N/10346.88WO101/059/A=043259 -514T1663P EOSS BALLOON",101.0,68.0,39.5821666667,-103.7813333333,14.0,221.75,16630.0,0.00050693,0.26125889,0.0004,-6.111e-05,26.16666667,high Re,-0.025556,24.942333,0.007957,3.741402,0.058805,0.327239,-0.569901,26.74005,
EOSS-373,KC0D-1,2025-04-12 07:11:01.851,2025-04-12 07:11:00,43637.0,1664.0,1510.0,ascending,/131100h3934.89N/10346.65WO106/068/A=043637 114T1650P EOSS BALLOON,"KC0D-1>APZEOS,EOSS,WIDE2-1,qAO,N0JD-10:/131100h3934.89N/10346.65WO106/068/A=043637 114T1650P EOSS BALLOON",106.0,78.0,39.5815,-103.7775,14.21,284.55,16500.0,0.00039196,0.20200764,0.00039444,-6.667e-05,27.73333333,high Re,0.052222,24.969967,0.0084,3.732993,0.058675,0.740255,0.74686,26.766363,
EOSS-373,AE0SS-3,2025-04-12 07:11:25.867,2025-04-12 07:11:20,44075.0,1632.0,1530.0,ascending,/131120h3934.79N/10346.21WO109/069/A=044075 -506T1598P EOSS BALLOON,"AE0SS-3>APZEOS,EOSS,WIDE2-1,qAO,N0JD-10:/131120h3934.79N/10346.21WO109/069/A=044075 -506T1598P EOSS BALLOON",109.0,79.0,39.5798333333,-103.7701666667,14.61,222.55,15980.0,0.00048536,0.25014488,0.00037222,-7.778e-05,27.2,high Re,-0.017778,24.99183,0.008141,3.721024,0.058439,0.593431,-0.443522,26.789005,
EOSS-373,KC0D-1,2025-04-12 07:11:31.846,2025-04-12 07:11:30,44304.0,1334.0,1540.0,ascending,/131130h3934.74N/10346.00WO108/060/A=044304 109T1598P EOSS BALLOON,"KC0D-1>APZEOS,EOSS,WIDE2-1,qAO,N0JD-10:/131130h3934.74N/10346.00WO108/060/A=044304 109T1598P EOSS BALLOON",108.0,69.0,39.579,-103.7666666667,14.8,284.05,15980.0,0.00038028,0.19598572,0.00036111,-8.333e-05,22.23333333,high Re,-0.165556,24.965049,0.006438,3.712701,0.060639,-0.735776,-2.836359,26.797414,
EOSS-373,AE0SS-3,2025-04-12 07:11:52.348,2025-04-12 07:11:50,44711.0,1272.0,1560.0,ascending,/131150h3934.63N/10345.56WO112/061/A=044711 -506T1550P EOSS BALLOON,"AE0SS-3>APZEOS,EOSS,WIDE2-1,qAO,N0JD-10:/131150h3934.63N/10345.56WO112/061/A=044711 -506T1550P EOSS BALLOON",112.0,70.0,39.5771666667,-103.7593333333,15.21,222.55,15500.0,0.00047078,0.24263115,0.00036111,-8.889e-05,21.2,high Re,-0.034444,24.928846,0.006041,3.713034,0.060475,-1.004259,-0.66945,26.806427,
EOSS-373,KC0D-1,2025-04-12 07:12:01.895,2025-04-12 07:12:00,44992.0,1376.0,1570.0,ascending,/131200h3934.59N/10345.38WO102/057/A=044992 103T1545P EOSS BALLOON,"KC0D-1>APZEOS,EOSS,WIDE2-1,qAO,N0JD-10:/131200h3934.59N/10345.38WO102/057/A=044992 103T1545P EOSS BALLOON",102.0,66.0,39.5765,-103.7563333333,15.37,283.45,15450.0,0.00036844,0.18988667,0.00034444,-8.333e-05,22.93333333,high Re,0.057778,24.909841,0.006538,3.700268,0.060394,-0.534153,0.848429,26.808155,
EOSS-373,AE0SS-3,2025-04-12 07:12:24.933,2025-04-12 07:12:20,45319.0,1216.0,1590.0,ascending,/131220h3934.53N/10344.97WO106/052/A=045319 -511T1505P EOSS BALLOON,"AE0SS-3>APZEOS,EOSS,WIDE2-1,qAO,N0JD-10:/131220h3934.53N/10344.97WO106/052/A=045319 -511T1505P EOSS BALLOON",106.0,60.0,39.5755,-103.7495,15.74,222.05,15050.0,0.00045814,0.2361175,0.00032778,-5.556e-05,20.26666667,high Re,-0.088889,24.866038,0.00563,3.710118,0.060821,-1.239683,-1.554052,26.805473,
EOSS-373,KC0D-1,2025-04-12 07:12:31.807,2025-04-12 07:12:30,45691.0,1398.0,1600.0,ascending,/131230h3934.50N/10344.77WO098/062/A=045691 99T1494P EOSS BALLOON,"KC0D-1>APZEOS,EOSS,WIDE2-1,qAO,N0JD-10:/131230h3934.50N/10344.77WO098/062/A=045691 99T1494P EOSS BALLOON",98.0,71.0,39.575,-103.7461666667,15.92,283.05,14940.0,0.00035678,0.18387805,0.00033889,-5e-05,23.3,high Re,0.101111,24.851402,0.00653,3.695678,0.061237,-0.419788,1.544507,26.796212,
EOSS-373,AE0SS-3,2025-04-12 07:12:52.411,2025-04-12 07:12:50,46075.0,1512.0,1620.0,ascending,/131250h3934.41N/10344.35WO105/063/A=046075 -516T1449P EOSS BALLOON,"AE0SS-3>APZEOS,EOSS,WIDE2-1,qAO,N0JD-10:/131250h3934.41N/10344.35WO105/063/A=046075 -516T1449P EOSS BALLOON",105.0,72.0,39.5735,-103.7391666667,16.31,221.55,14490.0,0.00044209,0.22784478,0.00034444,-6.667e-05,25.2,high Re,0.063333,24.85463,0.007061,3.678521,0.061194,0.093888,0.919567,26.779645,
EOSS-373,KC0D-1,2025-04-12 07:13:01.793,2025-04-12 07:13:00,46456.0,1530.0,1630.0,ascending,/131300h3934.37N/10344.13WO105/067/A=046456 93T1440P EOSS BALLOON,"KC0D-1>APZEOS,EOSS,WIDE2-1,qAO,N0JD-10:/131300h3934.37N/10344.13WO105/067/A=046456 93T1440P EOSS BALLOON",105.0,77.0,39.5728333333,-103.7355,16.51,282.45,14400.0,0.00034462,0.17760834,0.00035556,-7.222e-05,25.5,high Re,0.01,24.86055,0.007088,3.661973,0.060908,0.174619,0.04781,26.756107,
EOSS-373,AE0SS-3,2025-04-12 07:13:24.847,2025-04-12 07:13:20,46950.0,1750.0,1650.0,ascending,/131320h3934.31N/10343.71WO094/055/A=046950 -528T1390P EOSS BALLOON,"AE0SS-3>APZEOS,EOSS,WIDE2-1,qAO,N0JD-10:/131320h3934.31N/10343.71WO094/055/A=046950 -528T1390P EOSS BALLOON",94.0,63.0,39.5718333333,-103.7285,16.89,220.35,13900.0,0.0004264,0.21975775,0.00035556,-5.556e-05,29.16666667,high Re,0.122222,24.899697,0.008145,3.668186,0.06162,1.163237,1.851298,26.714985,
EOSS-373,KC0D-1,2025-04-12 07:13:31.828,2025-04-12 07:13:30,47285.0,1658.0,1660.0,ascending,/131330h3934.27N/10343.50WO107/055/A=047285 89T1383P EOSS BALLOON,"KC0D-1>APZEOS,EOSS,WIDE2-1,qAO,N0JD-10:/131330h3934.27N/10343.50WO107/055/A=047285 89T1383P EOSS BALLOON",107.0,63.0,39.5711666667,-103.725,17.08,282.05,13830.0,0.00033145,0.17081992,0.00035,-5.556e-05,27.63333333,high Re,-0.051111,24.924324,0.007606,3.660681,0.061596,0.740029,-0.95326,26.680258,
EOSS-373,AE0SS-3,2025-04-12 07:13:52.369,2025-04-12 07:13:50,47740.0,1580.0,1680.0,ascending,/131350h3934.20N/10343.11WO105/058/A=047740 -536T1336P EOSS BALLOON,"AE0SS-3>APZEOS,EOSS,WIDE2-1,qAO,N0JD-10:/131350h3934.20N/10343.11WO105/058/A=047740 -536T1336P EOSS BALLOON",105.0,67.0,39.57,-103.7185,17.43,219.55,13360.0,0.00041133,0.21199004,0.00033333,-6.111e-05,26.33333333,high Re,-0.043333,24.936905,0.007147,3.646585,0.061506,0.382941,-0.820733,26.624226,
EOSS-373,KC0D-1,2025-04-12 07:14:01.858,2025-04-12 07:14:00,48115.0,1660.0,1690.0,ascending,/131400h3934.17N/10342.93WO099/050/A=048115 84T1328P EOSS BALLOON,"KC0D-1>APZEOS,EOSS,WIDE2-1,qAO,N0JD-10:/131400h3934.17N/10342.93WO099/050/A=048115 84T1328P EOSS BALLOON",99.0,58.0,39.5695,-103.7155,17.59,281.55,13280.0,0.00031883,0.16431794,0.00031667,-5.556e-05,27.66666667,high Re,0.044444,24.961062,0.00748,3.639341,0.06133,0.743433,0.602707,26.570378,
EOSS-373,AE0SS-3,2025-04-12 07:14:24.843,2025-04-12 07:14:20,48511.0,1542.0,1710.0,ascending,/131420h3934.14N/10342.53WO091/055/A=048511 -544T1286P EOSS BALLOON,"AE0SS-3>APZEOS,EOSS,WIDE2-1,qAO,N0JD-10:/131420h3934.14N/10342.53WO091/055/A=048511 -544T1286P EOSS BALLOON",91.0,63.0,39.569,-103.7088333333,17.95,218.75,12860.0,0.00039738,0.20480255,0.00032222,-3.333e-05,25.7,high Re,-0.065556,24.967544,0.006834,3.623862,0.061441,0.20212,-1.178203,26.506023,
EOSS-373,KC0D-1,2025-04-12 07:14:31.831,2025-04-12 07:14:30,48862.0,1494.0,1720.0,ascending,/131430h3934.13N/10342.34WO095/058/A=048862 80T1280P EOSS BALLOON,"KC0D-1>APZEOS,EOSS,WIDE2-1,qAO,N0JD-10:/131430h3934.13N/10342.34WO095/058/A=048862 80T1280P EOSS BALLOON",95.0,67.0,39.5688333333,-103.7056666667,18.12,281.15,12800.0,0.00030774,0.15860407,0.00032778,-2.222e-05,24.9,high Re,-0.026667,24.966957,0.00654,3.607939,0.061249,-0.018558,-0.542164,26.442586,
EOSS-373,AE0SS-3,2025-04-12 07:14:52.392,2025-04-12 07:14:50,49334.0,1646.0,1740.0,ascending,/131450h3934.09N/10341.93WO090/044/A=049334 -564T1236P EOSS BALLOON,"AE0SS-3>APZEOS,EOSS,WIDE2-1,qAO,N0JD-10:/131450h3934.09N/10341.93WO090/044/A=049334 -564T1236P EOSS BALLOON",90.0,51.0,39.5681666667,-103.6988333333,18.48,216.75,12360.0,0.00038546,0.19865606,0.00033333,-2.778e-05,27.43333333,high Re,0.084444,24.988218,0.007217,3.59951,0.061411,0.679291,1.257543,26.347887,
EOSS-373,KC0D-1,2025-04-12 07:15:01.835,2025-04-12 07:15:00,49678.0,1632.0,1750.0,ascending,/131500h3934.08N/10341.74WO092/055/A=049678 75T1229P EOSS BALLOON,"KC0D-1>APZEOS,EOSS,WIDE2-1,qAO,N0JD-10:/131500h3934.08N/10341.74WO092/055/A=049678 75T1229P EOSS BALLOON",92.0,63.0,39.568,-103.6956666667,18.65,280.65,12290.0,0.00029601,0.152556,0.00033333,-2.778e-05,27.2,high Re,-0.007778,25.007123,0.007088,3.589789,0.061159,0.610865,-0.243071,26.272156,
EOSS-373,AE0SS-3,2025-04-12 07:15:24.897,2025-04-12 07:15:20,50219.0,1770.0,1770.0,ascending,/131520h3934.06N/10341.38WO096/058/A=050219 -574T1183P EOSS BALLOON,"AE0SS-3>APZEOS,EOSS,WIDE2-1,qAO,N0JD-10:/131520h3934.06N/10341.38WO096/058/A=050219 -574T1183P EOSS BALLOON",96.0,67.0,39.5676666667,-103.6896666667,18.97,215.75,11830.0,0.00037064,0.19101892,0.00030556,-1.667e-05,29.5,high Re,0.076667,25.045198,0.007683,3.598265,0.061234,1.238042,1.126564,26.141786,
EOSS-373,KC0D-1,2025-04-12 07:15:31.826,2025-04-12 07:15:30,50606.0,1856.0,1780.0,ascending,/131530h3934.06N/10341.21WO095/042/A=050606 71T1174P EOSS BALLOON,"KC0D-1>APZEOS,EOSS,WIDE2-1,qAO,N0JD-10:/131530h3934.06N/10341.21WO095/042/A=050606 71T1174P EOSS BALLOON",95.0,48.0,39.5676666667,-103.6868333333,19.12,280.25,11740.0,0.00028316,0.14593684,0.00029444,-1.111e-05,30.93333333,high Re,0.047778,25.094678,0.008023,3.623415,0.061083,1.611368,0.650836,26.040223,
EOSS-373,AE0SS-3,2025-04-12 07:15:52.413,2025-04-12 07:15:50,51116.0,1794.0,1800.0,ascending,/131550h3934.05N/10340.89WO079/047/A=051116 -576T1130P EOSS BALLOON,"AE0SS-3>APZEOS,EOSS,WIDE2-1,qAO,N0JD-10:/131550h3934.05N/10340.89WO079/047/A=051116 -576T1130P EOSS BALLOON",79.0,54.0,39.5675,-103.6815,19.4,215.55,11300.0,0.00035436,0.18263031,0.00027222,-5.56e-06,29.9,high Re,-0.034444,25.134722,0.007666,3.634726,0.060948,1.311042,-0.690917,25.896049,
EOSS-373,KC0D-1,2025-04-12 07:16:01.858,2025-04-12 07:16:00,51444.0,1676.0,1810.0,ascending,/131600h3934.07N/10340.72WO082/043/A=051444 66T1125P EOSS BALLOON,"KC0D-1>APZEOS,EOSS,WIDE2-1,qAO,N0JD-10:/131600h3934.07N/10340.72WO082/043/A=051444 66T1125P EOSS BALLOON",82.0,49.0,39.5678333333,-103.6786666667,19.55,279.75,11250.0,0.00027183,0.14009572,0.00027222,5.56e-06,27.93333333,high Re,-0.065556,25.157851,0.007056,3.62848,0.061058,0.764916,-1.18923,25.797262,
EOSS-373,AE0SS-3,2025-04-12 07:16:24.898,2025-04-12 07:16:20,52002.0,1772.0,1830.0,ascending,/131620h3934.07N/10340.43WO071/043/A=052002 -579T1080P EOSS BALLOON,"AE0SS-3>APZEOS,EOSS,WIDE2-1,qAO,N0JD-10:/131620h3934.07N/10340.43WO071/043/A=052002 -579T1080P EOSS BALLOON",71.0,49.0,39.5678333333,-103.6738333333,19.8,215.25,10800.0,0.00033915,0.1747926,0.00025556,1.111e-05,29.53333333,high Re,0.053333,25.193716,0.007438,3.635104,0.060949,1.193808,0.753007,25.618621,
EOSS-373,KC0D-1,2025-04-12 07:16:31.841,2025-04-12 07:16:30,52427.0,1966.0,1840.0,ascending,/131630h3934.09N/10340.27WO089/056/A=052427 63T1072P EOSS BALLOON,"KC0D-1>APZEOS,EOSS,WIDE2-1,qAO,N0JD-10:/131630h3934.09N/10340.27WO089/056/A=052427 63T1072P EOSS BALLOON",89.0,64.0,39.5681666667,-103.6711666667,19.94,279.45,10720.0,0.0002593,0.13363897,0.00025,1.111e-05,32.76666667,high Re,0.107778,25.255285,0.00826,3.68401,0.061372,2.038915,1.621554,25.473902,
EOSS-373,AE0SS-3,2025-04-12 07:16:52.349,2025-04-12 07:16:50,52880.0,1756.0,1860.0,ascending,/131650h3934.08N/10339.87WO106/042/A=052880 -599T1031P EOSS BALLOON,"AE0SS-3>APZEOS,EOSS,WIDE2-1,qAO,N0JD-10:/131650h3934.08N/10339.87WO106/042/A=052880 -599T1031P EOSS BALLOON",106.0,48.0,39.568,-103.6645,20.29,213.25,10310.0,0.0003268,0.16842714,0.00031111,5.56e-06,29.26666667,high Re,-0.116667,25.287634,0.007245,3.686645,0.06215,1.07931,-1.993757,25.311724,
EOSS-373,KC0D-1,2025-04-12 07:17:01.815,2025-04-12 07:17:00,53187.0,1520.0,1870.0,ascending,/131700h3934.08N/10339.69WO088/050/A=053187 58T1031P EOSS BALLOON,"KC0D-1>APZEOS,EOSS,WIDE2-1,qAO,N0JD-10:/131700h3934.08N/10339.69WO088/050/A=053187 58T1031P EOSS BALLOON",88.0,58.0,39.568,-103.6615,20.45,278.95,10310.0,0.00024983,0.12875816,0.00032222,-5.56e-06,25.33333333,high Re,-0.131111,25.288,0.006129,3.671752,0.063131,0.012347,-2.173892,25.197333,
EOSS-373,AE0SS-3,2025-04-12 07:17:24.924,2025-04-12 07:17:20,53573.0,1386.0,1890.0,ascending,/131720h3934.07N/10339.36WO087/055/A=053573 -589T995P EOSS BALLOON,"AE0SS-3>APZEOS,EOSS,WIDE2-1,qAO,N0JD-10:/131720h3934.07N/10339.36WO087/055/A=053573 -589T995P EOSS BALLOON",87.0,63.0,39.5678333333,-103.656,20.74,214.25,9950.0,0.00031392,0.1617874,0.00028333,-5.56e-06,23.1,high Re,-0.074444,25.270635,0.005484,3.662227,0.063288,-0.592709,-1.262925,25.04856,
EOSS-373,KC0D-1,2025-04-12 07:17:31.832,2025-04-12 07:17:30,53915.0,1456.0,1900.0,ascending,/131730h3934.04N/10339.17WO101/058/A=053915 55T993P EOSS BALLOON,"KC0D-1>APZEOS,EOSS,WIDE2-1,qAO,N0JD-10:/131730h3934.04N/10339.17WO101/058/A=053915 55T993P EOSS BALLOON",101.0,67.0,39.5673333333,-103.6528333333,20.92,278.65,9930.0,0.00024088,0.12414598,0.00028889,-2.222e-05,24.26666667,high Re,0.038889,25.26273,0.00575,3.648753,0.063104,-0.272987,0.525149,24.912312,
EOSS-373,AE0SS-3,2025-04-12 07:17:52.357,2025-04-12 07:17:50,54311.0,1476.0,1920.0,ascending,/131750h3933.96N/10338.77WO093/048/A=054311 -594T961P EOSS BALLOON,"AE0SS-3>APZEOS,EOSS,WIDE2-1,qAO,N0JD-10:/131750h3933.96N/10338.77WO093/048/A=054311 -594T961P EOSS BALLOON",93.0,55.0,39.566,-103.6461666667,21.28,213.75,9610.0,0.0003039,0.15662451,0.00032778,-6.111e-05,24.6,high Re,0.011111,25.257552,0.005792,3.634831,0.062855,-0.180903,0.084623,24.749576,
EOSS-373,KC0D-1,2025-04-12 07:18:01.787,2025-04-12 07:18:00,54587.0,1344.0,1930.0,ascending,/131800h3933.96N/10338.62WO103/038/A=054587 50T960P EOSS BALLOON,"KC0D-1>APZEOS,EOSS,WIDE2-1,qAO,N0JD-10:/131800h3933.96N/10338.62WO103/038/A=054587 50T960P EOSS BALLOON",103.0,44.0,39.566,-103.6436666667,21.41,278.15,9600.0,0.0002333,0.12023603,0.00030556,-4.444e-05,22.4,high Re,-0.073333,25.235401,0.005174,3.629336,0.062997,-0.781245,-1.246202,24.633131,
EOSS-373,AE0SS-3,2025-04-12 07:18:24.944,2025-04-12 07:18:20,54884.0,1146.0,1950.0,ascending,/131820h3933.90N/10338.33WO118/038/A=054884 -589T930P EOSS BALLOON,"AE0SS-3>APZEOS,EOSS,WIDE2-1,qAO,N0JD-10:/131820h3933.90N/10338.33WO118/038/A=054884 -589T930P EOSS BALLOON",118.0,44.0,39.565,-103.6388333333,21.68,214.25,9300.0,0.00029341,0.15121837,0.00024444,-3.333e-05,19.1,high Re,-0.11,25.188205,0.004281,3.655069,0.063564,-1.665688,-1.797889,24.505173,
EOSS-373,KC0D-1,2025-04-12 07:18:31.773,2025-04-12 07:18:30,55170.0,1166.0,1960.0,ascending,/131830h3933.86N/10338.21WO114/032/A=055170 47T932P EOSS BALLOON,"KC0D-1>APZEOS,EOSS,WIDE2-1,qAO,N0JD-10:/131830h3933.86N/10338.21WO114/032/A=055170 47T932P EOSS BALLOON",114.0,37.0,39.5643333333,-103.6368333333,21.79,277.85,9320.0,0.00022674,0.11685518,0.00022778,-5.556e-05,19.43333333,high Re,0.011111,25.144275,0.004333,3.675538,0.06332,-1.55377,0.107044,24.379464,
EOSS-373,AE0SS-3,2025-04-12 07:18:52.375,2025-04-12 07:18:50,55535.0,1302.0,1980.0,ascending,/131850h3933.79N/10338.00WO111/042/A=055535 -580T901P EOSS BALLOON,"AE0SS-3>APZEOS,EOSS,WIDE2-1,qAO,N0JD-10:/131850h3933.79N/10338.00WO111/042/A=055535 -580T901P EOSS BALLOON",111.0,48.0,39.5631666667,-103.6333333333,21.98,215.15,9010.0,0.00028307,0.14589012,0.00018333,-6.111e-05,21.7,high Re,0.075556,25.118182,0.004877,3.673734,0.063382,-0.930438,1.115127,24.215658,
EOSS-373,KC0D-1,2025-04-12 07:19:01.863,2025-04-12 07:19:00,55886.0,1432.0,1990.0,ascending,/131900h3933.75N/10337.88WO117/034/A=055886 43T899P EOSS BALLOON,"KC0D-1>APZEOS,EOSS,WIDE2-1,qAO,N0JD-10:/131900h3933.75N/10337.88WO117/034/A=055886 43T899P EOSS BALLOON",117.0,39.0,39.5625,-103.6313333333,22.1,277.45,8990.0,0.00021902,0.11288011,0.00018333,-6.111e-05,23.86666667,high Re,0.072222,25.108772,0.005387,3.661401,0.063412,-0.339243,1.05398,24.054768,
EOSS-373,AE0SS-3,2025-04-12 07:19:24.912,2025-04-12 07:19:20,56328.0,1586.0,2010.0,ascending,/131920h3933.71N/10337.67WO094/034/A=056328 -600T868P EOSS BALLOON,"AE0SS-3>APZEOS,EOSS,WIDE2-1,qAO,N0JD-10:/131920h3933.71N/10337.67WO094/034/A=056328 -600T868P EOSS BALLOON",94.0,39.0,39.5618333333,-103.6278333333,22.29,213.15,8680.0,0.00027526,0.14186551,0.00018333,-4.444e-05,26.43333333,high Re,0.085556,25.118657,0.00599,3.649405,0.063552,0.360244,1.251983,23.8478,
EOSS-373,KC0D-1,2025-04-12 07:19:31.861,2025-04-12 07:19:30,56667.0,1562.0,2020.0,ascending,/131930h3933.70N/10337.56WO097/038/A=056667 40T864P EOSS BALLOON,"KC0D-1>APZEOS,EOSS,WIDE2-1,qAO,N0JD-10:/131930h3933.70N/10337.56WO097/038/A=056667 40T864P EOSS BALLOON",97.0,44.0,39.5616666667,-103.626,22.39,277.15,8640.0,0.00021072,0.10860287,0.00017778,-2.778e-05,26.03333333,high Re,-0.013333,25.125432,0.005846,3.636614,0.063335,0.249656,-0.302818,23.686014,
EOSS-373,AE0SS-3,2025-04-12 07:19:52.369,2025-04-12 07:19:50,57179.0,1702.0,2040.0,ascending,/131950h3933.68N/10337.34WO123/030/A=057179 -606T829P EOSS BALLOON,"AE0SS-3>APZEOS,EOSS,WIDE2-1,qAO,N0JD-10:/131950h3933.68N/10337.34WO123/030/A=057179 -606T829P EOSS BALLOON",123.0,35.0,39.5613333333,-103.6223333333,22.58,212.55,8290.0,0.00026364,0.13587385,0.00018333,-1.667e-05,28.36666667,high Re,0.077778,25.149265,0.006379,3.633765,0.063401,0.885418,1.126149,23.437127,
EOSS-373,KC0D-1,2025-04-12 07:20:01.938,2025-04-12 07:20:00,57537.0,1740.0,2050.0,ascending,/132000h3933.67N/10337.25WO096/032/A=057537 36T827P EOSS BALLOON,"KC0D-1>APZEOS,EOSS,WIDE2-1,qAO,N0JD-10:/132000h3933.67N/10337.25WO096/032/A=057537 36T827P EOSS BALLOON",96.0,37.0,39.5611666667,-103.6208333333,22.66,276.75,8270.0,0.00020199,0.1041023,0.00017222,-1.667e-05,29.0,high Re,0.021111,25.177372,0.006487,3.635298,0.063178,1.051531,0.231473,23.260184,
EOSS-373,AE0SS-3,2025-04-12 07:20:24.837,2025-04-12 07:20:20,57950.0,1542.0,2070.0,ascending,/132020h3933.65N/10337.00WO073/014/A=057950 -612T797P EOSS BALLOON,"AE0SS-3>APZEOS,EOSS,WIDE2-1,qAO,N0JD-10:/132020h3933.65N/10337.00WO073/014/A=057950 -612T797P EOSS BALLOON",73.0,16.0,39.5608333333,-103.6166666667,22.89,211.95,7970.0,0.00025418,0.13099881,0.00018889,-1.667e-05,25.7,high Re,-0.11,25.181159,0.005637,3.622279,0.063728,0.143236,-1.81454,23.053432,
EOSS-373,KC0D-1,2025-04-12 07:20:31.901,2025-04-12 07:20:30,58199.0,1324.0,2080.0,ascending,/132030h3933.64N/10336.91WO102/028/A=058199 33T799P EOSS BALLOON,"KC0D-1>APZEOS,EOSS,WIDE2-1,qAO,N0JD-10:/132030h3933.64N/10336.91WO102/028/A=058199 33T799P EOSS BALLOON",102.0,32.0,39.5606666667,-103.6151666667,22.97,276.45,7990.0,0.00019536,0.10068682,0.00018889,-1.667e-05,22.06666667,high Re,-0.121111,25.158753,0.004718,3.618786,0.064405,-0.854454,-1.953715,22.927571,
EOSS-373,KC0D-1,2025-04-12 07:21:01.766,2025-04-12 07:21:00,58672.0,946.0,2110.0,ascending,/132100h3933.59N/10336.59WO102/030/A=058672 29T779P EOSS BALLOON,"KC0D-1>APZEOS,EOSS,WIDE2-1,qAO,N0JD-10:/132100h3933.59N/10336.59WO102/030/A=058672 29T779P EOSS BALLOON",102.0,35.0,39.5598333333,-103.6098333333,23.26,276.05,7790.0,0.00019075,0.09830875,0.00017778,-2.778e-05,15.76666667,high Re,-0.21,25.091667,0.003173,3.692084,0.066705,-2.525674,-3.195757,22.686328,
EOSS-373,AE0SS-3,2025-04-12 07:21:24.923,2025-04-12 07:21:20,58888.0,938.0,2130.0,ascending,/132120h3933.55N/10336.38WO123/029/A=058888 -628T756P EOSS BALLOON,"AE0SS-3>APZEOS,EOSS,WIDE2-1,qAO,N0JD-10:/132120h3933.55N/10336.38WO123/029/A=058888 -628T756P EOSS BALLOON",123.0,33.0,39.5591666667,-103.6063333333,23.45,210.35,7560.0,0.00024294,0.12520502,0.00017222,-2.778e-05,15.63333333,high Re,-0.002222,25.024586,0.003135,3.764118,0.066467,-2.494941,-0.080596,22.575347,
EOSS-373,KC0D-1,2025-04-12 07:21:31.823,2025-04-12 07:21:30,59213.0,1082.0,2140.0,ascending,/132130h3933.53N/10336.28WO106/024/A=059213 27T757P EOSS BALLOON,"KC0D-1>APZEOS,EOSS,WIDE2-1,qAO,N0JD-10:/132130h3933.53N/10336.28WO106/024/A=059213 27T757P EOSS BALLOON",106.0,28.0,39.5588333333,-103.6046666667,23.54,275.85,7570.0,0.0001855,0.09560164,0.00017222,-3.333e-05,18.03333333,high Re,0.08,24.975352,0.00368,3.796354,0.066544,-1.828602,1.14691,22.407561,
EOSS-373,AE0SS-3,2025-04-12 07:21:52.414,2025-04-12 07:21:50,59648.0,1520.0,2160.0,ascending,/132150h3933.46N/10336.11WO110/024/A=059648 -612T726P EOSS BALLOON,"AE0SS-3>APZEOS,EOSS,WIDE2-1,qAO,N0JD-10:/132150h3933.46N/10336.11WO110/024/A=059648 -612T726P EOSS BALLOON",110.0,28.0,39.5576666667,-103.6018333333,23.7,211.95,7260.0,0.00023154,0.1193289,0.00015,-5e-05,25.33333333,high Re,0.243333,24.977855,0.005368,3.783081,0.069291,0.093965,3.434284,22.181772,
EOSS-373,KC0D-1,2025-04-12 07:22:01.781,2025-04-12 07:22:00,59961.0,1496.0,2170.0,ascending,/132200h3933.45N/10336.09WO122/011/A=059961 23T729P EOSS BALLOON,"KC0D-1>APZEOS,EOSS,WIDE2-1,qAO,N0JD-10:/132200h3933.45N/10336.09WO122/011/A=059961 23T729P EOSS BALLOON",122.0,13.0,39.5575,-103.6015,23.72,275.45,7290.0,0.0001789,0.09219921,0.00010556,-4.444e-05,24.93333333,high Re,-0.013333,24.977546,0.005237,3.769832,0.069064,-0.011728,-0.268881,22.018675,
EOSS-373,AE0SS-3,2025-04-12 07:22:24.981,2025-04-12 07:22:20,60250.0,1204.0,2190.0,ascending,/132220h3933.38N/10335.95WO116/026/A=060250 -592T706P EOSS BALLOON,"AE0SS-3>APZEOS,EOSS,WIDE2-1,qAO,N0JD-10:/132220h3933.38N/10335.95WO116/026/A=060250 -592T706P EOSS BALLOON",116.0,30.0,39.5563333333,-103.5991666667,23.85,213.95,7060.0,0.00022305,0.11495685,8.889e-05,-4.444e-05,20.06666667,high Re,-0.162222,24.943678,0.004074,3.778792,0.070223,-1.290627,-2.368113,21.867778,
EOSS-373,KC0D-1,2025-04-12 07:22:31.792,2025-04-12 07:22:30,60479.0,1036.0,2200.0,ascending,/132230h3933.36N/10335.88WO115/023/A=060479 21T709P EOSS BALLOON,"KC0D-1>APZEOS,EOSS,WIDE2-1,qAO,N0JD-10:/132230h3933.36N/10335.88WO115/023/A=060479 21T709P EOSS BALLOON",115.0,26.0,39.556,-103.598,23.92,275.25,7090.0,0.00017411,0.08973489,0.00011667,-5e-05,17.26666667,high Re,-0.093333,24.891096,0.003402,3.818961,0.070444,-1.996467,-1.373218,21.74809,
EOSS-373,AE0SS-3,2025-04-12 07:22:52.385,2025-04-12 07:22:50,60771.0,1042.0,2220.0,ascending,/132250h3933.32N/10335.74WO092/027/A=060771 -589T685P EOSS BALLOON,"AE0SS-3>APZEOS,EOSS,WIDE2-1,qAO,N0JD-10:/132250h3933.32N/10335.74WO092/027/A=060771 -589T685P EOSS BALLOON",92.0,31.0,39.5553333333,-103.5956666667,24.05,214.25,6850.0,0.00021612,0.11138128,0.00011667,-3.333e-05,17.36666667,high Re,0.003333,24.839909,0.003402,3.856128,0.070201,-1.938017,-0.000983,21.595431,
EOSS-373,KC0D-1,2025-04-12 07:23:01.802,2025-04-12 07:23:00,61078.0,1198.0,2230.0,ascending,/132300h3933.31N/10335.68WO109/014/A=061078 17T687P EOSS BALLOON,"KC0D-1>APZEOS,EOSS,WIDE2-1,qAO,N0JD-10:/132300h3933.31N/10335.68WO109/014/A=061078 17T687P EOSS BALLOON",109.0,16.0,39.5551666667,-103.5946666667,24.1,274.85,6870.0,0.00016896,0.087077,0.00011111,-2.778e-05,19.96666667,high Re,0.086667,24.806982,0.003968,3.86381,0.070297,-1.252731,1.176423,21.435015,
EOSS-373,AE0SS-3,2025-04-12 07:23:24.963,2025-04-12 07:23:20,61450.0,1358.0,2250.0,ascending,/132320h3933.26N/10335.64WO161/011/A=061450 -591T663P EOSS BALLOON,"AE0SS-3>APZEOS,EOSS,WIDE2-1,qAO,N0JD-10:/132320h3933.26N/10335.64WO161/011/A=061450 -591T663P EOSS BALLOON",161.0,13.0,39.5543333333,-103.594,24.15,214.05,6630.0,0.00020937,0.1079048,5.556e-05,-3.333e-05,22.63333333,high Re,0.088889,24.792394,0.004542,3.85485,0.070404,-0.560089,1.198043,21.240969,
EOSS-373,KC0D-1,2025-04-12 07:23:31.842,2025-04-12 07:23:30,61820.0,1484.0,2260.0,ascending,/132330h3933.23N/10335.62WO140/014/A=061820 15T662P EOSS BALLOON,"KC0D-1>APZEOS,EOSS,WIDE2-1,qAO,N0JD-10:/132330h3933.23N/10335.62WO140/014/A=061820 15T662P EOSS BALLOON",140.0,16.0,39.5538333333,-103.5936666667,24.17,274.65,6620.0,0.00016293,0.08396936,3.333e-05,-4.444e-05,24.73333333,high Re,0.07,24.792,0.004981,3.841895,0.07037,-0.01527,0.923959,21.048584,
EOSS-373,AE0SS-3,2025-04-12 07:23:52.396,2025-04-12 07:23:50,62220.0,1540.0,2280.0,ascending,/132350h3933.21N/10335.55WO141/016/A=062220 -605T635P EOSS BALLOON,"AE0SS-3>APZEOS,EOSS,WIDE2-1,qAO,N0JD-10:/132350h3933.21N/10335.55WO141/016/A=062220 -605T635P EOSS BALLOON",141.0,18.0,39.5535,-103.5925,24.23,212.65,6350.0,0.00020185,0.10402813,5e-05,-2.778e-05,25.66666667,high Re,0.031111,24.797792,0.005156,3.829729,0.070166,0.226876,0.369909,20.841599,
EOSS-373,KC0D-1,2025-04-12 07:24:01.744,2025-04-12 07:24:00,62492.0,1344.0,2290.0,ascending,/132400h3933.19N/10335.52WO150/013/A=062492 12T640P EOSS BALLOON,"KC0D-1>APZEOS,EOSS,WIDE2-1,qAO,N0JD-10:/132400h3933.19N/10335.52WO150/013/A=062492 12T640P EOSS BALLOON",150.0,15.0,39.5531666667,-103.592,24.26,274.35,6400.0,0.00015769,0.0812676,5.556e-05,-2.222e-05,22.4,high Re,-0.108889,24.782018,0.0044,3.821978,0.070545,-0.623242,-1.605911,20.701605,
EOSS-373,AE0SS-3,2025-04-12 07:24:24.931,2025-04-12 07:24:20,62975.0,1510.0,2310.0,ascending,/132420h3933.12N/10335.44WO171/014/A=062975 -601T612P EOSS BALLOON,"AE0SS-3>APZEOS,EOSS,WIDE2-1,qAO,N0JD-10:/132420h3933.12N/10335.44WO171/014/A=062975 -601T612P EOSS BALLOON",171.0,16.0,39.552,-103.5906666667,24.35,213.05,6120.0,0.00019417,0.10007194,6.111e-05,-5e-05,25.16666667,high Re,0.092222,24.784532,0.004978,3.809512,0.070671,0.100311,1.234509,20.454878,
EOSS-373,KC0D-1,2025-04-12 07:24:31.834,2025-04-12 07:24:30,63281.0,1578.0,2320.0,ascending,/132430h3933.08N/10335.41WO138/022/A=063281 10T614P EOSS BALLOON,"KC0D-1>APZEOS,EOSS,WIDE2-1,qAO,N0JD-10:/132430h3933.08N/10335.41WO138/022/A=063281 10T614P EOSS BALLOON",138.0,25.0,39.5513333333,-103.5901666667,24.38,274.15,6140.0,0.00015139,0.07802299,6.111e-05,-6.111e-05,26.3,high Re,0.037778,24.794372,0.005192,3.799006,0.070488,0.396322,0.462291,20.300013,
EOSS-373,AE0SS-3,2025-04-12 07:24:52.456,2025-04-12 07:24:50,63754.0,1558.0,2340.0,ascending,/132450h3933.01N/10335.27WO112/038/A=063754 -623T587P EOSS BALLOON,"AE0SS-3>APZEOS,EOSS,WIDE2-1,qAO,N0JD-10:/132450h3933.01N/10335.27WO112/038/A=063754 -623T587P EOSS BALLOON",112.0,44.0,39.5501666667,-103.5878333333,24.52,210.85,5870.0,0.00018818,0.09698553,9.444e-05,-6.111e-05,25.96666667,high Re,-0.011111,24.801935,0.005087,3.787822,0.07027,0.307494,-0.230511,20.063214,
EOSS-373,KC0D-1,2025-04-12 07:25:01.838,2025-04-12 07:25:00,64077.0,1592.0,2350.0,ascending,/132500h3932.96N/10335.23WO155/024/A=064077 8T589P EOSS BALLOON,"KC0D-1>APZEOS,EOSS,WIDE2-1,qAO,N0JD-10:/132500h3932.96N/10335.23WO155/024/A=064077 8T589P EOSS BALLOON",155.0,28.0,39.5493333333,-103.5871666667,24.56,273.95,5890.0,0.00014533,0.0749008,0.0001,-6.667e-05,26.53333333,high Re,0.018889,24.813034,0.005176,3.778127,0.07005,0.455331,0.19576,19.903535,
EOSS-373,AE0SS-3,2025-04-12 07:25:24.994,2025-04-12 07:25:20,64486.0,1464.0,2370.0,ascending,/132520h3932.90N/10335.13WO065/004/A=064486 -624T564P EOSS BALLOON,"AE0SS-3>APZEOS,EOSS,WIDE2-1,qAO,N0JD-10:/132520h3932.90N/10335.13WO065/004/A=064486 -624T564P EOSS BALLOON",65.0,5.0,39.5483333333,-103.5855,24.66,210.75,5640.0,0.0001809,0.09322963,7.778e-05,-6.111e-05,24.4,high Re,-0.071111,24.810403,0.004687,3.766143,0.07009,-0.108972,-1.081438,19.703977,
EOSS-373,KC0D-1,2025-04-12 07:25:31.806,2025-04-12 07:25:30,64800.0,1446.0,2380.0,ascending,/132530h3932.88N/10335.09WO130/011/A=064800 6T568P EOSS BALLOON,"KC0D-1>APZEOS,EOSS,WIDE2-1,qAO,N0JD-10:/132530h3932.88N/10335.09WO130/011/A=064800 6T568P EOSS BALLOON",130.0,13.0,39.548,-103.5848333333,24.7,273.75,5680.0,0.00014025,0.07228308,7.778e-05,-4.444e-05,24.1,low Re,-0.01,24.805907,0.004593,3.754555,0.069875,-0.188013,-0.208844,19.552945,high_to_low
EOSS-373,AE0SS-3,2025-04-12 07:25:52.421,2025-04-12 07:25:50,65095.0,1218.0,2400.0,ascending,/132550h3932.84N/10335.01WO099/014/A=065095 -617T546P EOSS BALLOON,"AE0SS-3>APZEOS,EOSS,WIDE2-1,qAO,N0JD-10:/132550h3932.84N/10335.01WO099/014/A=065095 -617T546P EOSS BALLOON",99.0,16.0,39.5473333333,-103.5835,24.78,211.45,5460.0,0.00017454,0.08995543,6.667e-05,-3.333e-05,20.3,low Re,-0.126667,24.777568,0.003762,3.759675,0.070431,-1.190945,-1.851869,19.412904,
EOSS-373,KC0D-1,2025-04-12 07:26:01.823,2025-04-12 07:26:00,65396.0,1192.0,2410.0,ascending,/132600h3932.82N/10334.96WO113/019/A=065396 3T551P EOSS BALLOON,"KC0D-1>APZEOS,EOSS,WIDE2-1,qAO,N0JD-10:/132600h3932.82N/10334.96WO113/019/A=065396 3T551P EOSS BALLOON",113.0,22.0,39.547,-103.5826666667,24.82,273.45,5510.0,0.0001362,0.07019661,7.222e-05,-3.333e-05,19.86666667,low Re,-0.014444,24.746875,0.003648,3.767889,0.070222,-1.29521,-0.25764,19.271978,
EOSS-373,AE0SS-3,2025-04-12 07:26:24.939,2025-04-12 07:26:20,65658.0,1126.0,2430.0,ascending,/132620h3932.77N/10334.82WO153/017/A=065658 -619T531P EOSS BALLOON,"AE0SS-3>APZEOS,EOSS,WIDE2-1,qAO,N0JD-10:/132620h3932.77N/10334.82WO153/017/A=065658 -619T531P EOSS BALLOON",153.0,20.0,39.5461666667,-103.5803333333,24.96,211.25,5310.0,0.00016991,0.08756696,0.00010556,-3.889e-05,18.76666667,low Re,-0.036667,24.709731,0.003396,3.785549,0.070073,-1.569935,-0.571732,19.15101,
EOSS-373,KC0D-1,2025-04-12 07:26:31.870,2025-04-12 07:26:30,65874.0,956.0,2440.0,ascending,/132630h3932.76N/10334.74WO109/025/A=065874 2T537P EOSS BALLOON,"KC0D-1>APZEOS,EOSS,WIDE2-1,qAO,N0JD-10:/132630h3932.76N/10334.74WO109/025/A=065874 2T537P EOSS BALLOON",109.0,29.0,39.546,-103.579,25.03,273.35,5370.0,0.00013279,0.06843805,0.00012222,-3.333e-05,15.93333333,low Re,-0.094444,24.655556,0.002788,3.836253,0.070278,-2.273631,-1.383534,19.052523,
EOSS-373,AE0SS-3,2025-04-12 07:26:52.400,2025-04-12 07:26:50,66110.0,904.0,2460.0,ascending,/132650h3932.69N/10334.56WO109/036/A=066110 -587T518P EOSS BALLOON,"AE0SS-3>APZEOS,EOSS,WIDE2-1,qAO,N0JD-10:/132650h3932.69N/10334.56WO109/036/A=066110 -587T518P EOSS BALLOON",109.0,41.0,39.5448333333,-103.576,25.2,214.45,5180.0,0.00016327,0.08414846,0.00014444,-4.444e-05,15.06666667,low Re,-0.028889,24.596728,0.002593,3.897446,0.070104,-2.445207,-0.449076,18.946248,
EOSS-373,KC0D-1,2025-04-12 07:27:01.761,2025-04-12 07:27:00,66327.0,906.0,2470.0,ascending,/132700h3932.65N/10334.48WO125/029/A=066327 0T525P EOSS BALLOON,"KC0D-1>APZEOS,EOSS,WIDE2-1,qAO,N0JD-10:/132700h3932.65N/10334.48WO125/029/A=066327 0T525P EOSS BALLOON",125.0,33.0,39.5441666667,-103.5746666667,25.28,273.15,5250.0,0.00012992,0.0669577,0.00014444,-6.111e-05,15.1,low Re,0.001111,24.538821,0.002583,3.955606,0.069887,-2.386188,-0.021063,18.849795,
EOSS-373,KC0D-1,2025-04-12 07:27:31.815,2025-04-12 07:27:30,66787.0,920.0,2500.0,ascending,/132730h3932.50N/10334.25WO131/027/A=066787 -1T512P EOSS BALLOON,"KC0D-1>APZEOS,EOSS,WIDE2-1,qAO,N0JD-10:/132730h3932.50N/10334.25WO131/027/A=066787 -1T512P EOSS BALLOON",131.0,31.0,39.5416666667,-103.5708333333,25.51,273.05,5120.0,0.00012675,0.06532362,0.00012778,-8.333e-05,15.33333333,low Re,0.007778,24.48303,0.002615,4.008116,0.069674,-2.282792,0.074102,18.649513,
EOSS-373,AE0SS-3,2025-04-12 07:27:52.399,2025-04-12 07:27:50,67049.0,939.0,2520.0,ascending,/132750h3932.40N/10334.12WO128/021/A=067049 -561T494P EOSS BALLOON,"AE0SS-3>APZEOS,EOSS,WIDE2-1,qAO,N0JD-10:/132750h3932.40N/10334.12WO128/021/A=067049 -561T494P EOSS BALLOON",128.0,24.0,39.54,-103.5686666667,25.64,217.05,4940.0,0.00015384,0.07928839,0.00012222,-8.056e-05,15.65,low Re,0.005278,24.429819,0.002631,4.054337,0.069461,-2.165538,0.038108,18.538079,
EOSS-373,KC0D-1,2025-04-12 07:28:01.766,2025-04-12 07:28:00,67292.0,1010.0,2530.0,ascending,/132800h3932.34N/10334.07WO145/025/A=067292 -3T499P EOSS BALLOON,"KC0D-1>APZEOS,EOSS,WIDE2-1,qAO,N0JD-10:/132800h3932.34N/10334.07WO145/025/A=067292 -3T499P EOSS BALLOON",145.0,29.0,39.539,-103.5678333333,25.7,272.85,4990.0,0.00012362,0.06371168,0.0001,-8.889e-05,16.83333333,low Re,0.039444,24.384331,0.002853,4.084626,0.06931,-1.848639,0.527932,18.4365,
EOSS-373,AE0SS-3,2025-04-12 07:28:24.959,2025-04-12 07:28:20,67503.0,908.0,2550.0,ascending,/132820h3932.23N/10333.98WO144/024/A=067503 -545T482P EOSS BALLOON,"AE0SS-3>APZEOS,EOSS,WIDE2-1,qAO,N0JD-10:/132820h3932.23N/10333.98WO144/024/A=067503 -545T482P EOSS BALLOON",144.0,28.0,39.5371666667,-103.5663333333,25.8,218.65,4820.0,0.00014901,0.07679625,7.778e-05,-9.444e-05,15.13333333,low Re,-0.056667,24.329266,0.002497,4.13445,0.069254,-2.224222,-0.854304,18.349718,
EOSS-373,KC0D-1,2025-04-12 07:28:31.843,2025-04-12 07:28:30,67745.0,906.0,2560.0,ascending,/132830h3932.20N/10333.95WO144/022/A=067745 -3T488P EOSS BALLOON,"KC0D-1>APZEOS,EOSS,WIDE2-1,qAO,N0JD-10:/132830h3932.20N/10333.95WO144/022/A=067745 -3T488P EOSS BALLOON",144.0,25.0,39.5366666667,-103.5658333333,25.84,272.85,4880.0,0.0001209,0.06230721,6.667e-05,-7.778e-05,15.1,low Re,-0.001111,24.274655,0.002475,4.182816,0.069047,-2.193416,-0.051936,18.251848,
EOSS-373,AE0SS-3,2025-04-12 07:28:52.495,2025-04-12 07:28:50,67994.0,982.0,2580.0,ascending,/132850h3932.10N/10333.89WO152/018/A=067994 -535T470P EOSS BALLOON,"AE0SS-3>APZEOS,EOSS,WIDE2-1,qAO,N0JD-10:/132850h3932.10N/10333.89WO152/018/A=067994 -535T470P EOSS BALLOON",152.0,21.0,39.535,-103.5648333333,25.91,219.65,4700.0,0.00014464,0.07454338,5e-05,-7.222e-05,16.36666667,low Re,0.042222,24.228137,0.00271,4.214295,0.068909,-1.86543,0.573394,18.153039,
EOSS-373,KC0D-1,2025-04-12 07:29:01.807,2025-04-12 07:29:00,68251.0,1012.0,2590.0,ascending,/132900h3932.07N/10333.88WO174/011/A=068251 -5T476P EOSS BALLOON,"KC0D-1>APZEOS,EOSS,WIDE2-1,qAO,N0JD-10:/132900h3932.07N/10333.88WO174/011/A=068251 -5T476P EOSS BALLOON",174.0,13.0,39.5345,-103.5646666667,25.93,272.65,4760.0,0.00011801,0.06081965,3.889e-05,-7.222e-05,16.86666667,low Re,0.016667,24.185088,0.002792,4.239424,0.068713,-1.726277,0.201927,18.053111,
EOSS-373,AE0SS-3,2025-04-12 07:29:24.955,2025-04-12 07:29:20,68658.0,1328.0,2610.0,ascending,/132920h3932.00N/10333.86WO173/014/A=068658 -547T454P EOSS BALLOON,"AE0SS-3>APZEOS,EOSS,WIDE2-1,qAO,N0JD-10:/132920h3932.00N/10333.86WO173/014/A=068658 -547T454P EOSS BALLOON",173.0,16.0,39.5333333333,-103.5643333333,25.96,218.45,4540.0,0.00014048,0.07240128,1.667e-05,-5.556e-05,22.13333333,low Re,0.175556,24.173159,0.003803,4.229904,0.069773,-0.482239,2.461597,17.899231,
EOSS-373,KC0D-1,2025-04-12 07:29:31.838,2025-04-12 07:29:30,68879.0,1256.0,2620.0,ascending,/132930h3931.98N/10333.87WO191/007/A=068879 -6T461P EOSS BALLOON,"KC0D-1>APZEOS,EOSS,WIDE2-1,qAO,N0JD-10:/132930h3931.98N/10333.87WO191/007/A=068879 -6T461P EOSS BALLOON",191.0,8.0,39.533,-103.5645,25.96,272.55,4610.0,0.00011433,0.05892467,5.56e-06,-5e-05,20.93333333,low Re,-0.04,24.154432,0.003548,4.224777,0.069649,-0.76243,-0.625249,17.817964,
EOSS-373,AE0SS-3,2025-04-12 07:29:52.442,2025-04-12 07:29:50,69110.0,904.0,2640.0,ascending,/132950h3931.93N/10333.89WO231/012/A=069110 -534T443P EOSS BALLOON,"AE0SS-3>APZEOS,EOSS,WIDE2-1,qAO,N0JD-10:/132950h3931.93N/10333.89WO231/012/A=069110 -534T443P EOSS BALLOON",231.0,14.0,39.5321666667,-103.5648333333,25.95,219.75,4430.0,0.00013627,0.07022913,-1.667e-05,-3.889e-05,15.06666667,low Re,-0.195556,24.102203,0.002397,4.268514,0.071077,-2.116787,-2.78505,17.734774,
EOSS-373,KC0D-1,2025-04-12 07:30:01.806,2025-04-12 07:30:00,69326.0,894.0,2650.0,ascending,/133000h3931.91N/10333.92WO204/012/A=069326 -7T451P EOSS BALLOON,"KC0D-1>APZEOS,EOSS,WIDE2-1,qAO,N0JD-10:/133000h3931.91N/10333.92WO204/012/A=069326 -7T451P EOSS BALLOON",204.0,14.0,39.5318333333,-103.5653333333,25.93,272.45,4510.0,0.00011189,0.05766764,-2.778e-05,-3.889e-05,14.9,low Re,-0.005556,24.049619,0.002352,4.3127,0.070873,-2.121552,-0.11158,17.658627,
EOSS-373,AE0SS-3,2025-04-12 07:30:24.959,2025-04-12 07:30:20,69571.0,922.0,2670.0,ascending,/133020h3931.87N/10333.91WO067/001/A=069571 -524T432P EOSS BALLOON,"AE0SS-3>APZEOS,EOSS,WIDE2-1,qAO,N0JD-10:/133020h3931.87N/10333.91WO067/001/A=069571 -524T432P EOSS BALLOON",67.0,1.0,39.5311666667,-103.5651666667,25.95,220.75,4320.0,0.00013228,0.06817505,-1.111e-05,-3.333e-05,15.36666667,low Re,0.015556,24.000284,0.002427,4.349882,0.070676,-1.984793,0.185763,17.5742,
EOSS-373,KC0D-1,2025-04-12 07:30:31.803,2025-04-12 07:30:30,69777.0,902.0,2680.0,ascending,/133030h3931.87N/10333.93WO225/002/A=069777 -7T440P EOSS BALLOON,"KC0D-1>APZEOS,EOSS*,WIDE2-1,qAO,W9CN-9:/133030h3931.87N/10333.93WO225/002/A=069777 -7T440P EOSS BALLOON",225.0,2.0,39.5311666667,-103.5655,25.93,272.45,4400.0,0.00010916,0.05626111,-5.56e-06,-2.222e-05,15.03333333,low Re,-0.011111,23.949623,0.00235,4.38956,0.070482,-2.031249,-0.190985,17.504826,
EOSS-373,AE0SS-3,2025-04-12 07:30:52.465,2025-04-12 07:30:50,69984.0,826.0,2700.0,ascending,/133050h3931.86N/10333.94WO181/007/A=069984 -522T425P EOSS BALLOON,"AE0SS-3>APZEOS,EOSS,WIDE2-1,qAO,N0JD-10:/133050h3931.86N/10333.94WO181/007/A=069984 -522T425P EOSS BALLOON",181.0,8.0,39.531,-103.5656666667,25.92,220.95,4250.0,0.00013002,0.06700965,-1.667e-05,-5.56e-06,13.76666667,low Re,-0.042222,23.892416,0.002098,4.443188,0.070361,-2.278938,-0.629894,17.436614,
EOSS-373,KC0D-1,2025-04-12 07:31:01.790,2025-04-12 07:31:00,70214.0,874.0,2710.0,ascending,/133100h3931.87N/10333.95WO290/008/A=070214 -9T431P EOSS BALLOON,"KC0D-1>APZEOS,EOSS,WIDE2-1,qAO,N0JD-10:/133100h3931.87N/10333.95WO290/008/A=070214 -9T431P EOSS BALLOON",290.0,9.0,39.5311666667,-103.5658333333,25.91,272.25,4310.0,0.00010701,0.0551508,-1.111e-05,0.0,14.56666667,low Re,0.026667,23.840317,0.002236,4.485184,0.070186,-2.067619,0.348089,17.362599,
EOSS-373,AE0SS-3,2025-04-12 07:31:24.964,2025-04-12 07:31:20,70423.0,878.0,2730.0,ascending,/133120h3931.86N/10333.99WO223/002/A=070423 -528T413P EOSS BALLOON,"AE0SS-3>APZEOS,EOSS,WIDE2-1,qAO,N0JD-10:/133120h3931.86N/10333.99WO223/002/A=070423 -528T413P EOSS BALLOON",223.0,2.0,39.531,-103.5665,25.88,220.35,4130.0,0.00012669,0.06529493,-2.778e-05,0.0,14.63333333,low Re,0.002222,23.789167,0.002236,4.524978,0.069989,-2.023398,-0.0002,17.296972,
EOSS-373,KC0D-1,2025-04-12 07:31:31.825,2025-04-12 07:31:30,70680.0,932.0,2740.0,ascending,/133130h3931.86N/10334.01WO203/004/A=070680 -9T421P EOSS BALLOON,"KC0D-1>APZEOS,EOSS,WIDE2-1,qAO,N0JD-10:/133130h3931.86N/10334.01WO203/004/A=070680 -9T421P EOSS BALLOON",203.0,5.0,39.531,-103.5668333333,25.86,272.25,4210.0,0.00010453,0.0538712,-3.333e-05,-5.56e-06,15.53333333,low Re,0.03,23.743554,0.00239,4.553926,0.069824,-1.802888,0.395423,17.218416,
EOSS-373,AE0SS-3,2025-04-12 07:31:52.453,2025-04-12 07:31:50,70926.0,1006.0,2760.0,ascending,/133150h3931.83N/10334.01WO170/008/A=070926 -529T405P EOSS BALLOON,"AE0SS-3>APZEOS,EOSS,WIDE2-1,qAO,N0JD-10:/133150h3931.83N/10334.01WO170/008/A=070926 -529T405P EOSS BALLOON",170.0,9.0,39.5305,-103.5668333333,25.87,220.25,4050.0,0.0001243,0.06405921,-1.111e-05,-1.667e-05,16.76666667,low Re,0.041111,23.70522,0.002604,4.570681,0.069689,-1.518057,0.552555,17.145447,
EOSS-373,KC0D-1,2025-04-12 07:32:01.787,2025-04-12 07:32:00,71144.0,928.0,2770.0,ascending,/133200h3931.81N/10334.03WO215/012/A=071144 -10T411P EOSS BALLOON,"KC0D-1>APZEOS,EOSS,WIDE2-1,qAO,N0JD-10:/133200h3931.81N/10334.03WO215/012/A=071144 -10T411P EOSS BALLOON",215.0,14.0,39.5301666667,-103.5671666667,25.86,272.15,4110.0,0.00010208,0.05261092,-1.111e-05,-2.778e-05,15.46666667,low Re,-0.043333,23.6602,0.002352,4.598612,0.069579,-1.781741,-0.656592,17.08261,
EOSS-373,AE0SS-3,2025-04-12 07:32:24.962,2025-04-12 07:32:20,71385.0,918.0,2790.0,ascending,/133220h3931.78N/10334.07WO288/009/A=071385 -522T393P EOSS BALLOON,"AE0SS-3>APZEOS,EOSS,WIDE2-1,qAO,N0JD-10:/133220h3931.78N/10334.07WO288/009/A=071385 -522T393P EOSS BALLOON",288.0,10.0,39.5296666667,-103.5678333333,25.83,220.95,3930.0,0.00012023,0.06196422,-3.333e-05,-2.778e-05,15.3,low Re,-0.005556,23.614764,0.002309,4.627259,0.06939,-1.796909,-0.113345,17.015144,
EOSS-373,KC0D-1,2025-04-12 07:32:31.816,2025-04-12 07:32:30,71621.0,954.0,2800.0,ascending,/133230h3931.79N/10334.10WO260/007/A=071621 -9T402P EOSS BALLOON,"KC0D-1>APZEOS,EOSS,WIDE2-1,qAO,N0JD-10:/133230h3931.79N/10334.10WO260/007/A=071621 -9T402P EOSS BALLOON",260.0,8.0,39.5298333333,-103.5683333333,25.8,272.25,4020.0,9.981e-05,0.05143996,-3.889e-05,-1.111e-05,15.9,low Re,0.02,23.573063,0.002405,4.649395,0.069213,-1.650336,0.254215,16.95112,
EOSS-373,AE0SS-3,2025-04-12 07:32:52.462,2025-04-12 07:32:50,71837.0,904.0,2820.0,ascending,/133250h3931.80N/10334.14WO274/008/A=071837 -512T385P EOSS BALLOON,"AE0SS-3>APZEOS,EOSS,WIDE2-1,qAO,N0JD-10:/133250h3931.80N/10334.14WO274/008/A=071837 -512T385P EOSS BALLOON",274.0,9.0,39.53,-103.569,25.76,221.95,3850.0,0.00011725,0.06042936,-3.889e-05,1.111e-05,15.06666667,low Re,-0.027778,23.52733,0.002242,4.678574,0.06906,-1.808385,-0.434694,16.894291,
EOSS-373,KC0D-1,2025-04-12 07:33:01.841,2025-04-12 07:33:00,72060.0,878.0,2830.0,ascending,/133300h3931.82N/10334.16WO323/004/A=072060 -10T393P EOSS BALLOON,"KC0D-1>APZEOS,EOSS,WIDE2-1,qAO,N0JD-10:/133300h3931.82N/10334.16WO323/004/A=072060 -10T393P EOSS BALLOON",323.0,5.0,39.5303333333,-103.5693333333,25.74,272.15,3930.0,9.761e-05,0.0503068,-3.333e-05,1.667e-05,14.63333333,low Re,-0.014444,23.479768,0.002152,4.711091,0.068884,-1.877789,-0.240927,16.837395,
EOSS-373,AE0SS-3,2025-04-12 07:33:24.928,2025-04-12 07:33:20,72304.0,934.0,2850.0,ascending,/133320h3931.82N/10334.19WO153/003/A=072304 -516T377P EOSS BALLOON,"AE0SS-3>APZEOS,EOSS,WIDE2-1,qAO,N0JD-10:/133320h3931.82N/10334.19WO153/003/A=072304 -516T377P EOSS BALLOON",153.0,3.0,39.5303333333,-103.5698333333,25.72,221.55,3770.0,0.00011502,0.05928053,-2.778e-05,1.111e-05,15.56666667,low Re,0.031111,23.437677,0.002307,4.73379,0.068731,-1.662729,0.419083,16.777203,
EOSS-373,KC0D-1,2025-04-12 07:33:31.822,2025-04-12 07:33:30,72522.0,924.0,2860.0,ascending,/133330h3931.81N/10334.21WO268/004/A=072522 -10T384P EOSS BALLOON,"KC0D-1>APZEOS,EOSS,WIDE2-1,qAO,N0JD-10:/133330h3931.81N/10334.21WO268/004/A=072522 -10T384P EOSS BALLOON",268.0,5.0,39.5301666667,-103.5701666667,25.7,272.15,3840.0,9.538e-05,0.04915473,-2.778e-05,-5.56e-06,15.4,low Re,-0.005556,23.39515,0.002265,4.757246,0.06855,-1.680626,-0.114092,16.725242,
EOSS-373,AE0SS-3,2025-04-12 07:33:52.797,2025-04-12 07:33:50,72764.0,920.0,2880.0,ascending,/133350h3931.79N/10334.20WO188/002/A=072764 -513T366P EOSS BALLOON,"AE0SS-3>APZEOS,EOSS,WIDE2-1,qAO,KB0TVJ-1:/133350h3931.79N/10334.20WO188/002/A=072764 -513T366P EOSS BALLOON",188.0,2.0,39.5298333333,-103.57,25.71,221.85,3660.0,0.00011152,0.05747303,-5.56e-06,-1.667e-05,15.33333333,low Re,-0.002222,23.352719,0.002241,4.780556,0.068368,-1.677501,-0.065279,16.66956,
EOSS-373,KC0D-1,2025-04-12 07:34:01.816,2025-04-12 07:34:00,73022.0,1000.0,2890.0,ascending,/133400h3931.78N/10334.21WO196/008/A=073022 -10T374P EOSS BALLOON,"KC0D-1>APZEOS,EOSS,WIDE2-1,qAO,N0JD-10:/133400h3931.78N/10334.21WO196/008/A=073022 -10T374P EOSS BALLOON",196.0,9.0,39.5296666667,-103.5701666667,25.71,272.15,3740.0,9.289e-05,0.04787466,0.0,-1.667e-05,16.66666667,low Re,0.044444,23.317714,0.002463,4.79244,0.068256,-1.387821,0.615052,16.612501,
EOSS-373,AE0SS-3,2025-04-12 07:34:25.010,2025-04-12 07:34:20,73335.0,1142.0,2910.0,ascending,/133420h3931.71N/10334.25WO157/009/A=073335 -507T358P EOSS BALLOON,"AE0SS-3>APZEOS,EOSS,WIDE2-1,qAO,N0JD-10:/133420h3931.71N/10334.25WO157/009/A=073335 -507T358P EOSS BALLOON",157.0,10.0,39.5285,-103.5708333333,25.69,222.45,3580.0,0.00010878,0.05606516,-2.778e-05,-4.444e-05,19.03333333,low Re,0.078889,23.295399,0.002864,4.789868,0.0683,-0.889809,1.113104,16.546448,
EOSS-373,KC0D-1,2025-04-12 07:34:31.822,2025-04-12 07:34:30,73563.0,1082.0,2920.0,ascending,/133430h3931.70N/10334.26WO232/007/A=073563 -9T365P EOSS BALLOON,"KC0D-1>APZEOS,EOSS,WIDE2-1,qAO,N0JD-10:/133430h3931.70N/10334.26WO232/007/A=073563 -9T365P EOSS BALLOON",232.0,8.0,39.5283333333,-103.571,25.68,272.25,3650.0,9.062e-05,0.04670544,-2.778e-05,-4.444e-05,18.03333333,low Re,-0.033333,23.268135,0.002675,4.79237,0.068171,-1.09232,-0.528201,16.5005,
EOSS-373,AE0SS-3,2025-04-12 07:34:52.481,2025-04-12 07:34:50,73834.0,998.0,2940.0,ascending,/133450h3931.68N/10334.33WO209/013/A=073834 -511T346P EOSS BALLOON,"AE0SS-3>APZEOS,EOSS,WIDE2-1,qAO,N0JD-10:/133450h3931.68N/10334.33WO209/013/A=073834 -511T346P EOSS BALLOON",209.0,15.0,39.528,-103.5721666667,25.63,222.05,3460.0,0.00010533,0.05428349,-4.444e-05,-1.667e-05,16.63333333,low Re,-0.046667,23.233935,0.002419,4.803615,0.068086,-1.37409,-0.720941,16.448237,
EOSS-373,KC0D-1,2025-04-12 07:35:01.784,2025-04-12 07:35:00,74071.0,1016.0,2950.0,ascending,/133500h3931.67N/10334.36WO264/011/A=074071 -10T355P EOSS BALLOON,"KC0D-1>APZEOS,EOSS,WIDE2-1,qAO,N0JD-10:/133500h3931.67N/10334.36WO264/011/A=074071 -10T355P EOSS BALLOON",264.0,13.0,39.5278333333,-103.5726666667,25.61,272.15,3550.0,8.817e-05,0.04544253,-5.556e-05,-1.667e-05,16.93333333,low Re,0.01,23.201624,0.002458,4.812417,0.067911,-1.302524,0.111057,16.404599,
EOSS-373,AE0SS-3,2025-04-12 07:35:24.956,2025-04-12 07:35:20,74350.0,1032.0,2970.0,ascending,/133520h3931.66N/10334.40WO309/006/A=074350 -516T337P EOSS BALLOON,"AE0SS-3>APZEOS,EOSS,WIDE2-1,qAO,N0JD-10:/133520h3931.66N/10334.40WO309/006/A=074350 -516T337P EOSS BALLOON",309.0,7.0,39.5276666667,-103.5733333333,25.57,221.55,3370.0,0.00010282,0.05299081,-3.889e-05,-1.111e-05,17.2,low Re,0.008889,23.171003,0.002491,4.819166,0.067738,-1.239012,0.094452,16.355666,
EOSS-373,KC0D-1,2025-04-12 07:35:31.812,2025-04-12 07:35:30,74589.0,1036.0,2980.0,ascending,/133530h3931.68N/10334.42WO293/006/A=074589 -9T346P EOSS BALLOON,"KC0D-1>APZEOS,EOSS,WIDE2-1,qAO,N0JD-10:/133530h3931.68N/10334.42WO293/006/A=074589 -9T346P EOSS BALLOON",293.0,7.0,39.528,-103.5736666667,25.55,272.25,3460.0,8.591e-05,0.04427419,-3.333e-05,5.56e-06,17.26666667,low Re,0.002222,23.141032,0.00249,4.825229,0.067564,-1.217427,-0.003967,16.315815,
EOSS-373,AE0SS-3,2025-04-12 07:35:52.495,2025-04-12 07:35:50,74859.0,1018.0,3000.0,ascending,/133550h3931.69N/10334.45WO227/009/A=074859 -528T328P EOSS BALLOON,"AE0SS-3>APZEOS,EOSS,WIDE2-1,qAO,N0JD-10:/133550h3931.69N/10334.45WO227/009/A=074859 -528T328P EOSS BALLOON",227.0,10.0,39.5281666667,-103.5741666667,25.52,220.35,3280.0,0.00010062,0.0518565,-2.778e-05,1.667e-05,16.96666667,low Re,-0.01,23.109848,0.002427,4.832927,0.067397,-1.27111,-0.184385,16.273049,
EOSS-373,KC0D-1,2025-04-12 07:36:01.856,2025-04-12 07:36:00,75106.0,1034.0,3010.0,ascending,/133600h3931.70N/10334.46WO353/007/A=075106 -9T337P EOSS BALLOON,"KC0D-1>APZEOS,EOSS,WIDE2-1,qAO,N0JD-10:/133600h3931.70N/10334.46WO353/007/A=075106 -9T337P EOSS BALLOON",353.0,8.0,39.5283333333,-103.5743333333,25.51,272.25,3370.0,8.367e-05,0.04312255,-2.222e-05,1.111e-05,17.23333333,low Re,0.008889,23.080318,0.002459,4.838673,0.067227,-1.208386,0.095646,16.235982,
EOSS-373,AE0SS-3,2025-04-12 07:36:25.004,2025-04-12 07:36:20,75403.0,1088.0,3030.0,ascending,/133620h3931.72N/10334.47WO022/013/A=075403 -540T320P EOSS BALLOON,"AE0SS-3>APZEOS,EOSS,WIDE2-1,qAO,N0JD-10:/133620h3931.72N/10334.47WO022/013/A=075403 -540T320P EOSS BALLOON",22.0,15.0,39.5286666667,-103.5745,25.5,219.15,3200.0,9.87e-05,0.05086874,-1.111e-05,1.667e-05,18.13333333,low Re,0.03,23.055583,0.002598,4.83916,0.067086,-1.01717,0.408461,16.193955,
EOSS-373,KC0D-1,2025-04-12 07:36:31.845,2025-04-12 07:36:30,75673.0,1134.0,3040.0,ascending,/133630h3931.74N/10334.47WO121/004/A=075673 -8T327P EOSS BALLOON,"KC0D-1>APZEOS,EOSS,WIDE2-1,qAO,N0JD-10:/133630h3931.74N/10334.47WO121/004/A=075673 -8T327P EOSS BALLOON",121.0,5.0,39.529,-103.5745,25.49,272.35,3270.0,8.116e-05,0.04182759,-5.56e-06,2.222e-05,18.9,low Re,0.025556,23.034909,0.002712,4.835938,0.066937,-0.855038,0.341276,16.158101,
EOSS-373,AE0SS-3,2025-04-12 07:36:52.420,2025-04-12 07:36:50,75950.0,1094.0,3060.0,ascending,/133650h3931.72N/10334.46WO181/008/A=075950 -541T312P EOSS BALLOON,"AE0SS-3>APZEOS,EOSS,WIDE2-1,qAO,N0JD-10:/133650h3931.72N/10334.46WO181/008/A=075950 -541T312P EOSS BALLOON",181.0,9.0,39.5286666667,-103.5743333333,25.51,219.05,3120.0,9.628e-05,0.04961966,5.56e-06,0.0,18.23333333,low Re,-0.022222,23.011139,0.002588,4.835709,0.066792,-0.988026,-0.371452,16.123582,
EOSS-373,KC0D-1,2025-04-12 07:37:01.805,2025-04-12 07:37:00,76204.0,1062.0,3070.0,ascending,/133700h3931.72N/10334.47WO192/007/A=076204 -9T319P EOSS BALLOON,"KC0D-1>APZEOS,EOSS,WIDE2-1,qAO,N0JD-10:/133700h3931.72N/10334.47WO192/007/A=076204 -9T319P EOSS BALLOON",192.0,8.0,39.5286666667,-103.5745,25.5,272.25,3190.0,7.92e-05,0.04081927,0.0,-1.111e-05,17.7,low Re,-0.017778,22.984975,0.002488,4.838106,0.066641,-1.092364,-0.304107,16.093886,
EOSS-373,AE0SS-3,2025-04-12 07:37:24.978,2025-04-12 07:37:20,76474.0,1048.0,3090.0,ascending,/133720h3931.68N/10334.49WO176/008/A=076474 -534T300P EOSS BALLOON,"AE0SS-3>APZEOS,EOSS,WIDE2-1,qAO,N0JD-10:/133720h3931.68N/10334.49WO176/008/A=076474 -534T300P EOSS BALLOON",176.0,9.0,39.528,-103.5748333333,25.49,219.75,3000.0,9.228e-05,0.04755923,-1.667e-05,-2.222e-05,17.46666667,low Re,-0.007778,22.957925,0.002437,4.841615,0.06648,-1.134179,-0.153655,16.06431,
EOSS-373,KC0D-1,2025-04-12 07:37:31.850,2025-04-12 07:37:30,76720.0,1032.0,3100.0,ascending,/133730h3931.67N/10334.51WO296/008/A=076720 -8T310P EOSS BALLOON,"KC0D-1>APZEOS,EOSS,WIDE2-1,qAO,N0JD-10:/133730h3931.67N/10334.51WO296/008/A=076720 -8T310P EOSS BALLOON",296.0,9.0,39.5278333333,-103.5751666667,25.48,272.35,3100.0,7.694e-05,0.03965307,-2.222e-05,-2.778e-05,17.2,low Re,-0.008889,22.929837,0.002382,4.846448,0.066321,-1.182276,-0.169946,16.03909,
EOSS-373,AE0SS-3,2025-04-12 07:37:52.446,2025-04-12 07:37:50,76976.0,1004.0,3120.0,ascending,/133750h3931.67N/10334.55WO260/011/A=076976 -531T293P EOSS BALLOON,"AE0SS-3>APZEOS,EOSS,WIDE2-1,qAO,N0JD-10:/133750h3931.67N/10334.55WO260/011/A=076976 -531T293P EOSS BALLOON",260.0,13.0,39.5278333333,-103.5758333333,25.44,220.05,2930.0,9e-05,0.04638619,-3.333e-05,-5.56e-06,16.73333333,low Re,-0.015556,22.899757,0.002294,4.853851,0.06617,-1.270419,-0.26976,16.014531,
EOSS-373,KC0D-1,2025-04-12 07:38:01.827,2025-04-12 07:38:00,77215.0,990.0,3130.0,ascending,/133800h3931.68N/10334.57WO266/006/A=077215 -8T303P EOSS BALLOON,"KC0D-1>APZEOS,EOSS,WIDE2-1,qAO,N0JD-10:/133800h3931.68N/10334.57WO266/006/A=077215 -8T303P EOSS BALLOON",266.0,7.0,39.528,-103.5761666667,25.42,272.35,3030.0,7.52e-05,0.03875767,-3.333e-05,5.56e-06,16.5,low Re,-0.007778,22.868841,0.002245,4.862444,0.066012,-1.309802,-0.151836,15.993098,
EOSS-373,AE0SS-3,2025-04-12 07:38:25.038,2025-04-12 07:38:20,77470.0,988.0,3150.0,ascending,/133820h3931.67N/10334.59WO242/011/A=077470 -519T286P EOSS BALLOON,"AE0SS-3>APZEOS,EOSS,WIDE2-1,qAO,N0JD-10:/133820h3931.67N/10334.59WO242/011/A=077470 -519T286P EOSS BALLOON",242.0,13.0,39.5278333333,-103.5765,25.41,221.25,2860.0,8.738e-05,0.04503241,-2.222e-05,0.0,16.46666667,low Re,-0.001111,22.838061,0.002229,4.870955,0.065852,-1.308038,-0.05072,15.971757,
EOSS-373,KC0D-1,2025-04-12 07:38:31.817,2025-04-12 07:38:30,77710.0,990.0,3160.0,ascending,/133830h3931.66N/10334.62WO231/006/A=077710 -7T295P EOSS BALLOON,"KC0D-1>APZEOS,EOSS,WIDE2-1,qAO,N0JD-10:/133830h3931.66N/10334.62WO231/006/A=077710 -7T295P EOSS BALLOON",231.0,7.0,39.5276666667,-103.577,25.38,272.45,2950.0,7.319e-05,0.03772052,-2.778e-05,-1.111e-05,16.5,low Re,0.001111,22.807735,0.002224,4.878969,0.065693,-1.292842,-0.016942,15.953051,
EOSS-373,AE0SS-3,2025-04-12 07:38:52.463,2025-04-12 07:38:50,77960.0,980.0,3180.0,ascending,/133850h3931.65N/10334.65WO313/006/A=077960 -498T279P EOSS BALLOON,"AE0SS-3>APZEOS,EOSS,WIDE2-1,qAO,N0JD-10:/133850h3931.65N/10334.65WO313/006/A=077960 -498T279P EOSS BALLOON",313.0,7.0,39.5275,-103.5775,25.36,223.35,2790.0,8.444e-05,0.04351718,-3.333e-05,-1.111e-05,16.33333333,low Re,-0.005556,22.776905,0.002186,4.887745,0.065537,-1.318312,-0.118132,15.934919,
EOSS-373,KC0D-1,2025-04-12 07:39:01.853,2025-04-12 07:39:00,78189.0,958.0,3190.0,ascending,/133900h3931.65N/10334.69WO267/009/A=078189 -7T288P EOSS BALLOON,"KC0D-1>APZEOS,EOSS,WIDE2-1,qAO,N0JD-10:/133900h3931.65N/10334.69WO267/009/A=078189 -7T288P EOSS BALLOON",267.0,10.0,39.5275,-103.5781666667,25.33,272.45,2880.0,7.145e-05,0.03682546,-3.889e-05,-5.56e-06,15.96666667,low Re,-0.012222,22.744629,0.002118,4.898581,0.065388,-1.383658,-0.219306,15.919463,
EOSS-373,AE0SS-3,2025-04-12 07:39:25.066,2025-04-12 07:39:20,78438.0,956.0,3210.0,ascending,/133920h3931.66N/10334.75WO260/013/A=078438 -478T273P EOSS BALLOON,"AE0SS-3>APZEOS,EOSS,WIDE2-1,qAO,N0JD-10:/133920h3931.66N/10334.75WO260/013/A=078438 -478T273P EOSS BALLOON",260.0,15.0,39.5276666667,-103.5791666667,25.27,225.35,2730.0,8.189e-05,0.04220341,-5.556e-05,5.56e-06,15.93333333,low Re,-0.001111,22.7125,0.002102,4.909298,0.065232,-1.380883,-0.049255,15.90384,
EOSS-373,KC0D-1,2025-04-12 07:39:31.794,2025-04-12 07:39:30,78656.0,934.0,3220.0,ascending,/133930h3931.68N/10334.78WO310/009/A=078656 -6T282P EOSS BALLOON,"KC0D-1>APZEOS,EOSS,WIDE2-1,qAO,N0JD-10:/133930h3931.68N/10334.78WO310/009/A=078656 -6T282P EOSS BALLOON",310.0,10.0,39.528,-103.5796666667,25.24,272.55,2820.0,6.994e-05,0.03604503,-5e-05,1.667e-05,15.56666667,low Re,-0.012222,22.678951,0.002035,4.922119,0.065085,-1.444964,-0.219052,15.891117,
EOSS-373,AE0SS-3,2025-04-12 07:39:52.458,2025-04-12 07:39:50,78908.0,940.0,3240.0,ascending,/133950h3931.69N/10334.84WO285/004/A=078908 -477T266P EOSS BALLOON,"AE0SS-3>APZEOS,EOSS,WIDE2-1,qAO,N0JD-10:/133950h3931.69N/10334.84WO285/004/A=078908 -477T266P EOSS BALLOON",285.0,5.0,39.5281666667,-103.5806666667,25.19,225.45,2660.0,7.975e-05,0.04110303,-5e-05,1.667e-05,15.66666667,low Re,0.003333,22.646184,0.002041,4.933892,0.064931,-1.414607,0.019898,15.877448,
EOSS-373,KC0D-1,2025-04-12 07:40:01.829,2025-04-12 07:40:00,79147.0,982.0,3250.0,ascending,/134000h3931.69N/10334.89WO265/015/A=079147 -6T275P EOSS BALLOON,"KC0D-1>APZEOS,EOSS,WIDE2-1,qAO,N0JD-10:/134000h3931.69N/10334.89WO265/015/A=079147 -6T275P EOSS BALLOON",265.0,17.0,39.5281666667,-103.5815,25.14,272.55,2750.0,6.82e-05,0.03515029,-6.111e-05,5.56e-06,16.36666667,low Re,0.023333,22.616977,0.00214,4.940945,0.064795,-1.265003,0.327078,15.865444,
EOSS-373,KC0D-1,2025-04-12 07:40:31.852,2025-04-12 07:40:30,79628.0,962.0,3280.0,ascending,/134030h3931.70N/10335.06WO269/018/A=079628 -4T268P EOSS BALLOON,"KC0D-1>APZEOS,EOSS,WIDE2-1,qAO,N0JD-10:/134030h3931.70N/10335.06WO269/018/A=079628 -4T268P EOSS BALLOON",269.0,21.0,39.5283333333,-103.5843333333,24.99,272.75,2680.0,6.642e-05,0.03423044,-9.444e-05,5.56e-06,16.03333333,low Re,-0.011111,22.586497,0.002079,4.949754,0.06465,-1.323937,-0.204022,15.843818,
EOSS-373,AE0SS-3,2025-04-12 07:40:52.731,2025-04-12 07:40:50,79886.0,978.0,3300.0,ascending,/134050h3931.72N/10335.17WO284/017/A=079886 -486T252P EOSS BALLOON,"AE0SS-3>APZEOS,EOSS,WIDE2-1,qAO,KE0UWC-9:/134050h3931.72N/10335.17WO284/017/A=079886 -486T252P EOSS BALLOON",284.0,20.0,39.5286666667,-103.5861666667,24.89,224.55,2520.0,7.586e-05,0.03909578,-9.167e-05,8.33e-06,16.3,low Re,0.004444,22.557527,0.00209,4.956688,0.064499,-1.262441,0.036497,15.833444,
EOSS-373,KC0D-1,2025-04-12 07:41:01.855,2025-04-12 07:41:00,80155.0,1054.0,3310.0,ascending,/134100h3931.74N/10335.21WO307/009/A=080155 -4T261P EOSS BALLOON,"KC0D-1>APZEOS,EOSS,WIDE2-1,qAO,N0JD-10:/134100h3931.74N/10335.21WO307/009/A=080155 -4T261P EOSS BALLOON",307.0,10.0,39.529,-103.5868333333,24.85,272.75,2610.0,6.468e-05,0.03333636,-8.333e-05,2.222e-05,17.56666667,low Re,0.042222,22.534633,0.002275,4.956793,0.064408,-1.002254,0.620218,15.823406,
EOSS-373,AE0SS-3,2025-04-12 07:41:25.028,2025-04-12 07:41:20,80413.0,1054.0,3330.0,ascending,/134120h3931.77N/10335.28WO293/004/A=080413 -500T246P EOSS BALLOON,"AE0SS-3>APZEOS,EOSS,WIDE2-1,qAO,N0JD-10:/134120h3931.77N/10335.28WO293/004/A=080413 -500T246P EOSS BALLOON",293.0,5.0,39.5295,-103.588,24.78,223.15,2460.0,7.452e-05,0.03840437,-6.111e-05,2.778e-05,17.56666667,low Re,0.0,22.511948,0.002264,4.956792,0.064259,-0.997678,-0.035232,15.814424,
EOSS-373,KC0D-1,2025-04-12 07:41:31.860,2025-04-12 07:41:30,80642.0,974.0,3340.0,ascending,/134130h3931.79N/10335.34WO287/016/A=080642 -2T255P EOSS BALLOON,"KC0D-1>APZEOS,EOSS,WIDE2-1,qAO,N0JD-10:/134130h3931.79N/10335.34WO287/016/A=080642 -2T255P EOSS BALLOON",287.0,18.0,39.5298333333,-103.589,24.73,272.95,2550.0,6.315e-05,0.03254614,-7.222e-05,2.778e-05,16.23333333,low Re,-0.044444,22.483409,0.002051,4.963545,0.064189,-1.259196,-0.724345,15.806898,
EOSS-373,AE0SS-3,2025-04-12 07:41:52.707,2025-04-12 07:41:50,80882.0,938.0,3360.0,ascending,/134150h3931.82N/10335.39WO319/016/A=080882 -494T240P EOSS BALLOON,"AE0SS-3>APZEOS,EOSS,WIDE2-1,qAO,KE0UWC-9:/134150h3931.82N/10335.39WO319/016/A=080882 -494T240P EOSS BALLOON",319.0,18.0,39.5303333333,-103.5898333333,24.68,223.75,2400.0,7.25e-05,0.03736721,-6.111e-05,2.778e-05,15.63333333,low Re,-0.02,22.452413,0.001951,4.973643,0.06406,-1.371043,-0.342663,15.799381,
EOSS-373,KC0D-1,2025-04-12 07:42:01.800,2025-04-12 07:42:00,81120.0,956.0,3370.0,ascending,/134200h3931.83N/10335.41WO283/001/A=081120 -2T249P EOSS BALLOON,"KC0D-1>APZEOS,EOSS,WIDE2-1,qAO,N0JD-10:/134200h3931.83N/10335.41WO283/001/A=081120 -2T249P EOSS BALLOON",283.0,1.0,39.5305,-103.5901666667,24.66,272.95,2490.0,6.166e-05,0.03178035,-3.889e-05,2.222e-05,15.93333333,low Re,0.01,22.423048,0.001987,4.981628,0.063916,-1.30273,0.125368,15.79222,
EOSS-373,AE0SS-3,2025-04-12 07:42:25.349,2025-04-12 07:42:20,81357.0,950.0,3390.0,ascending,/134220h3931.83N/10335.42WO213/006/A=081357 -494T233P EOSS BALLOON,"AE0SS-3>APZEOS,EOSS,WIDE2-1,qAO,KB0TVJ-1:/134220h3931.83N/10335.42WO213/006/A=081357 -494T233P EOSS BALLOON",213.0,7.0,39.5305,-103.5903333333,24.65,223.75,2330.0,7.039e-05,0.03627733,-1.667e-05,5.56e-06,15.83333333,low Re,-0.003333,22.393498,0.001963,4.989946,0.063773,-1.314676,-0.083045,15.785298,
EOSS-373,KC0D-1,2025-04-12 07:42:31.842,2025-04-12 07:42:30,81586.0,932.0,3400.0,ascending,/134230h3931.83N/10335.43WO358/001/A=081586 0T243P EOSS BALLOON,"KC0D-1>APZEOS,EOSS,WIDE2-1,qAO,N0JD-10:/134230h3931.83N/10335.43WO358/001/A=081586 0T243P EOSS BALLOON",358.0,1.0,39.5305,-103.5905,24.64,273.15,2430.0,6.013e-05,0.03099185,-1.111e-05,0.0,15.53333333,low Re,-0.01,22.362872,0.00191,4.9998,0.063634,-1.365962,-0.187164,15.77873,
EOSS-373,AE0SS-3,2025-04-12 07:42:52.672,2025-04-12 07:42:50,81808.0,902.0,3420.0,ascending,/134250h3931.79N/10335.41WO102/007/A=081808 -487T228P EOSS BALLOON,"AE0SS-3>APZEOS,EOSS,WIDE2-1,qAO,KE0UWC-9:/134250h3931.79N/10335.41WO102/007/A=081808 -487T228P EOSS BALLOON",102.0,8.0,39.5298333333,-103.5901666667,24.67,224.45,2280.0,6.866e-05,0.03538814,5.56e-06,-2.222e-05,15.03333333,low Re,-0.016667,22.330296,0.001827,5.012501,0.063503,-1.455753,-0.29123,15.772406,
EOSS-373,KC0D-1,2025-04-12 07:43:01.795,2025-04-12 07:43:00,82041.0,910.0,3430.0,ascending,/134300h3931.77N/10335.40WO167/014/A=082041 0T238P EOSS BALLOON,"KC0D-1>APZEOS,EOSS,WIDE2-1,qAO,N0JD-10:/134300h3931.77N/10335.40WO167/014/A=082041 0T238P EOSS BALLOON",167.0,16.0,39.5295,-103.59,24.68,273.15,2380.0,5.89e-05,0.03035416,1.667e-05,-3.333e-05,15.16666667,low Re,0.004444,22.298599,0.001838,5.024,0.063361,-1.419573,0.041129,15.765736,
EOSS-373,AE0SS-3,2025-04-12 07:43:25.139,2025-04-12 07:43:20,82305.0,994.0,3450.0,ascending,/134320h3931.70N/10335.38WO176/011/A=082305 -480T223P EOSS BALLOON,"AE0SS-3>APZEOS,EOSS,WIDE2-1,qAO,KE0UWC-9:/134320h3931.70N/10335.38WO176/011/A=082305 -480T223P EOSS BALLOON",176.0,13.0,39.5283333333,-103.5896666667,24.72,225.15,2230.0,6.695e-05,0.03450447,1.667e-05,-5e-05,16.56666667,low Re,0.046667,22.273348,0.002037,5.027288,0.063291,-1.135141,0.705156,15.75804,
EOSS-373,KC0D-1,2025-04-12 07:43:31.793,2025-04-12 07:43:30,82541.0,1000.0,3460.0,ascending,/134330h3931.69N/10335.38WO179/009/A=082541 1T232P EOSS BALLOON,"KC0D-1>APZEOS,EOSS,WIDE2-1,qAO,N0JD-10:/134330h3931.69N/10335.38WO179/009/A=082541 1T232P EOSS BALLOON",179.0,10.0,39.5281666667,-103.5896666667,24.72,273.25,2320.0,5.739e-05,0.0295781,1.111e-05,-4.444e-05,16.66666667,low Re,0.003333,22.248757,0.002042,5.029926,0.063151,-1.109776,0.020443,15.750944,
EOSS-373,AE0SS-3,2025-04-12 07:43:52.514,2025-04-12 07:43:50,82784.0,958.0,3480.0,ascending,/134350h3931.64N/10335.36WO205/007/A=082784 -465T215P EOSS BALLOON,"AE0SS-3>APZEOS,EOSS,WIDE2-1,qAO,N0JD-10:/134350h3931.64N/10335.36WO205/007/A=082784 -465T215P EOSS BALLOON",205.0,8.0,39.5273333333,-103.5893333333,24.75,226.65,2150.0,6.412e-05,0.03304648,1.111e-05,-3.333e-05,15.96666667,low Re,-0.023333,22.221325,0.001931,5.036023,0.063034,-1.241984,-0.4008,15.743332,
EOSS-373,KC0D-1,2025-04-12 07:44:01.800,2025-04-12 07:44:00,83017.0,952.0,3490.0,ascending,/134400h3931.64N/10335.37WO234/001/A=083017 1T226P EOSS BALLOON,"KC0D-1>APZEOS,EOSS,WIDE2-1,qAO,N0JD-10:/134400h3931.64N/10335.37WO234/001/A=083017 1T226P EOSS BALLOON",234.0,1.0,39.5273333333,-103.5895,24.74,273.25,2260.0,5.591e-05,0.02881315,5.56e-06,-2.778e-05,15.86666667,low Re,-0.003333,22.193696,0.001908,5.042455,0.062896,-1.254752,-0.083328,15.735657,
EOSS-373,AE0SS-3,2025-04-12 07:44:25.032,2025-04-12 07:44:20,83271.0,974.0,3510.0,ascending,/134420h3931.62N/10335.38WO276/001/A=083271 -456T211P EOSS BALLOON,"AE0SS-3>APZEOS,EOSS,WIDE2-1,qAO,N0JD-10:/134420h3931.62N/10335.38WO276/001/A=083271 -456T211P EOSS BALLOON",276.0,1.0,39.527,-103.5896666667,24.74,227.55,2110.0,6.268e-05,0.03230339,-1.111e-05,-1.111e-05,16.23333333,low Re,0.012222,22.167893,0.001953,5.046741,0.062763,-1.175919,0.163616,15.726775,
EOSS-373,KC0D-1,2025-04-12 07:44:31.835,2025-04-12 07:44:30,83522.0,1010.0,3520.0,ascending,/134430h3931.62N/10335.37WO174/009/A=083522 3T221P EOSS BALLOON,"KC0D-1>APZEOS,EOSS,WIDE2-1,qAO,N0JD-10:/134430h3931.62N/10335.37WO174/009/A=083522 3T221P EOSS BALLOON",174.0,10.0,39.527,-103.5895,24.75,273.45,2210.0,5.463e-05,0.02815508,0.0,-1.111e-05,16.83333333,low Re,0.02,22.144899,0.002031,5.04797,0.062637,-1.052218,0.286875,15.717367,
EOSS-373,AE0SS-3,2025-04-12 07:44:52.567,2025-04-12 07:44:50,83754.0,966.0,3540.0,ascending,/134450h3931.56N/10335.34WO163/016/A=083754 -436T204P EOSS BALLOON,"AE0SS-3>APZEOS,EOSS,WIDE2-1,qAO,N0JD-10:/134450h3931.56N/10335.34WO163/016/A=083754 -436T204P EOSS BALLOON",163.0,18.0,39.526,-103.589,24.79,229.55,2040.0,6.007e-05,0.0309596,2.222e-05,-3.333e-05,16.1,low Re,-0.024444,22.118956,0.001917,5.052622,0.062526,-1.191254,-0.421601,15.708027,
EOSS-373,KC0D-1,2025-04-12 07:45:01.785,2025-04-12 07:45:00,83961.0,878.0,3550.0,ascending,/134500h3931.53N/10335.34WO183/009/A=083961 3T216P EOSS BALLOON,"KC0D-1>APZEOS,EOSS,WIDE2-1,qAO,N0JD-10:/134500h3931.53N/10335.34WO183/009/A=083961 3T216P EOSS BALLOON",183.0,10.0,39.5255,-103.589,24.79,273.45,2160.0,5.339e-05,0.02751809,1.667e-05,-5e-05,14.63333333,low Re,-0.048889,22.086966,0.001699,5.06546,0.06248,-1.471462,-0.809667,15.699103,
EOSS-373,AE0SS-3,2025-04-12 07:45:25.199,2025-04-12 07:45:20,84208.0,908.0,3570.0,ascending,/134520h3931.50N/10335.33WO140/001/A=084208 -454T201P EOSS BALLOON,"AE0SS-3>APZEOS,EOSS*,WIDE2-1,qAO,N0JPS-9:/134520h3931.50N/10335.33WO140/001/A=084208 -454T201P EOSS BALLOON",140.0,1.0,39.525,-103.5888333333,24.81,227.75,2010.0,5.966e-05,0.0307454,5.56e-06,-3.333e-05,15.13333333,low Re,0.016667,22.057376,0.001763,5.074937,0.062353,-1.36436,0.239026,15.687645,
EOSS-373,KC0D-1,2025-04-12 07:45:31.828,2025-04-12 07:45:30,84436.0,950.0,3580.0,ascending,/134530h3931.50N/10335.33WO102/004/A=084436 5T211P EOSS BALLOON,"KC0D-1>APZEOS,EOSS,WIDE2-1,qAO,N0JD-10:/134530h3931.50N/10335.33WO102/004/A=084436 5T211P EOSS BALLOON",102.0,5.0,39.525,-103.5888333333,24.81,273.65,2110.0,5.212e-05,0.02686145,5.56e-06,-1.667e-05,15.83333333,low Re,0.023333,22.031003,0.001855,5.080309,0.062236,-1.21994,0.345106,15.676206,
EOSS-373,AE0SS-3,2025-04-12 07:45:52.525,2025-04-12 07:45:50,84664.0,912.0,3600.0,ascending,/134550h3931.47N/10335.34WO158/007/A=084664 -438T195P EOSS BALLOON,"AE0SS-3>APZEOS,EOSS,WIDE2-1,qAO,N0JD-10:/134550h3931.47N/10335.34WO158/007/A=084664 -438T195P EOSS BALLOON",158.0,8.0,39.5245,-103.589,24.81,229.35,1950.0,5.747e-05,0.02961954,-5.56e-06,-1.667e-05,15.2,low Re,-0.021111,22.00218,0.001757,5.088916,0.062121,-1.336666,-0.36812,15.663864,
EOSS-373,KC0D-1,2025-04-12 07:46:01.780,2025-04-12 07:46:00,84895.0,918.0,3610.0,ascending,/134600h3931.46N/10335.34WO202/007/A=084895 6T206P EOSS BALLOON,"KC0D-1>APZEOS,EOSS,WIDE2-1,qAO,N0JD-10:/134600h3931.46N/10335.34WO202/007/A=084895 6T206P EOSS BALLOON",202.0,8.0,39.5243333333,-103.589,24.81,273.75,2060.0,5.087e-05,0.02621534,-5.56e-06,-2.222e-05,15.3,low Re,0.003333,21.97402,0.001764,5.096718,0.061989,-1.309474,0.025311,15.650362,
EOSS-373,AE0SS-3,2025-04-12 07:46:25.229,2025-04-12 07:46:20,85116.0,904.0,3630.0,ascending,/134620h3931.45N/10335.34WO174/002/A=085116 -439T191P EOSS BALLOON,"AE0SS-3>APZEOS,EOSS*,WIDE2-1,qAO,N0JPS-9:/134620h3931.45N/10335.34WO174/002/A=085116 -439T191P EOSS BALLOON",174.0,2.0,39.5241666667,-103.589,24.82,229.25,1910.0,5.632e-05,0.02902462,0.0,-1.111e-05,15.06666667,low Re,-0.007778,21.945119,0.001724,5.105587,0.061861,-1.34724,-0.153602,15.636434,
EOSS-373,KC0D-1,2025-04-12 07:46:31.796,2025-04-12 07:46:30,85345.0,900.0,3640.0,ascending,/134630h3931.44N/10335.35WO110/001/A=085345 7T202P EOSS BALLOON,"KC0D-1>APZEOS,EOSS,WIDE2-1,qAO,N0JD-10:/134630h3931.44N/10335.35WO110/001/A=085345 7T202P EOSS BALLOON",110.0,1.0,39.524,-103.5891666667,24.81,273.85,2020.0,4.986e-05,0.02569692,-5.56e-06,-1.111e-05,15.0,low Re,-0.002222,21.916181,0.001707,5.11458,0.061732,-1.352248,-0.063646,15.620888,
EOSS-373,AE0SS-3,2025-04-12 07:46:52.896,2025-04-12 07:46:50,85583.0,934.0,3660.0,ascending,/134650h3931.42N/10335.35WO267/003/A=085583 -432T188P EOSS BALLOON,"AE0SS-3>APZEOS,EOSS,WIDE2-1,qAO,KB0TVJ-1:/134650h3931.42N/10335.35WO267/003/A=085583 -432T188P EOSS BALLOON",267.0,3.0,39.5236666667,-103.5891666667,24.82,229.95,1880.0,5.526e-05,0.02848176,-5.56e-06,-1.667e-05,15.56666667,low Re,0.018889,21.889834,0.001779,5.120276,0.061613,-1.234927,0.277701,15.603453,
EOSS-373,KC0D-1,2025-04-12 07:47:02.028,2025-04-12 07:47:00,85803.0,916.0,3670.0,ascending,/134700h3931.42N/10335.37WO209/008/A=085803 8T198P EOSS BALLOON,"KC0D-1>APZEOS,EOSS,WIDE2-1,qAO,KE0UWC-9:/134700h3931.42N/10335.37WO209/008/A=085803 8T198P EOSS BALLOON",209.0,9.0,39.5236666667,-103.5895,24.8,273.95,1980.0,4.886e-05,0.02517888,-1.111e-05,-1.111e-05,15.26666667,low Re,-0.01,21.862466,0.00173,5.127348,0.061489,-1.286396,-0.190766,15.586109,
EOSS-373,AE0SS-3,2025-04-12 07:47:25.135,2025-04-12 07:47:20,86019.0,872.0,3690.0,ascending,/134720h3931.38N/10335.41WO214/006/A=086019 -431T184P EOSS BALLOON,"AE0SS-3>APZEOS,EOSS,WIDE2-1,qAO,N0JD-10:/134720h3931.38N/10335.41WO214/006/A=086019 -431T184P EOSS BALLOON",214.0,7.0,39.523,-103.5901666667,24.78,230.05,1840.0,5.406e-05,0.02786365,-3.333e-05,-2.222e-05,14.53333333,low Re,-0.024444,21.832305,0.001622,5.138299,0.061384,-1.420503,-0.424638,15.567871,
EOSS-373,KC0D-1,2025-04-12 07:47:31.878,2025-04-12 07:47:30,86247.0,888.0,3700.0,ascending,/134730h3931.37N/10335.43WO220/006/A=086247 10T193P EOSS BALLOON,"KC0D-1>APZEOS,EOSS,WIDE2-1,qAO,N0JD-10:/134730h3931.37N/10335.43WO220/006/A=086247 10T193P EOSS BALLOON",220.0,7.0,39.5228333333,-103.5905,24.76,274.15,1930.0,4.759e-05,0.02452514,-3.333e-05,-2.778e-05,14.8,low Re,0.008889,21.803484,0.001652,5.147441,0.061259,-1.360576,0.118138,15.547257,
EOSS-373,AE0SS-3,2025-04-12 07:47:52.519,2025-04-12 07:47:50,86479.0,920.0,3720.0,ascending,/134750h3931.36N/10335.46WO282/004/A=086479 -431T177P EOSS BALLOON,"AE0SS-3>APZEOS,EOSS,WIDE2-1,qAO,N0JD-10:/134750h3931.36N/10335.46WO282/004/A=086479 -431T177P EOSS BALLOON",282.0,5.0,39.5226666667,-103.591,24.74,230.05,1770.0,5.201e-05,0.02680362,-2.778e-05,-1.111e-05,15.33333333,low Re,0.017778,21.777075,0.001718,5.153487,0.061142,-1.250365,0.262667,15.524776,
EOSS-373,KC0D-1,2025-04-12 07:48:01.820,2025-04-12 07:48:00,86707.0,920.0,3730.0,ascending,/134800h3931.37N/10335.48WO307/007/A=086707 11T189P EOSS BALLOON,"KC0D-1>APZEOS,EOSS,WIDE2-1,qAO,N0JD-10:/134800h3931.37N/10335.48WO307/007/A=086707 11T189P EOSS BALLOON",307.0,8.0,39.5228333333,-103.5913333333,24.72,274.25,1890.0,4.658e-05,0.02400809,-2.778e-05,0.0,15.33333333,low Re,0.0,21.750881,0.001711,5.159342,0.061016,-1.243869,-0.028042,15.501138,
EOSS-373,AE0SS-3,2025-04-12 07:48:25.255,2025-04-12 07:48:20,86937.0,916.0,3750.0,ascending,/134820h3931.37N/10335.47WO180/005/A=086937 -419T173P EOSS BALLOON,"AE0SS-3>APZEOS,EOSS,WIDE2-1,qAO,KE0UWC-9:/134820h3931.37N/10335.47WO180/005/A=086937 -419T173P EOSS BALLOON",180.0,6.0,39.5228333333,-103.5911666667,24.73,231.25,1730.0,5.057e-05,0.02606194,-5.56e-06,5.56e-06,15.26666667,low Re,-0.002222,21.724629,0.001695,5.165349,0.060892,-1.250247,-0.064327,15.475679,
EOSS-373,KC0D-1,2025-04-12 07:48:31.813,2025-04-12 07:48:30,87166.0,918.0,3760.0,ascending,/134830h3931.37N/10335.47WO102/005/A=087166 13T185P EOSS BALLOON,"KC0D-1>APZEOS,EOSS,WIDE2-1,qAO,N0JD-10:/134830h3931.37N/10335.47WO102/005/A=087166 13T185P EOSS BALLOON",102.0,6.0,39.5228333333,-103.5911666667,24.73,274.45,1850.0,4.556e-05,0.02348286,5.56e-06,0.0,15.3,low Re,0.001111,21.698723,0.001693,5.171,0.060768,-1.237425,-0.009577,15.448656,
EOSS-373,AE0SS-3,2025-04-12 07:48:52.764,2025-04-12 07:48:50,87409.0,944.0,3780.0,ascending,/134850h3931.34N/10335.45WO244/003/A=087409 -410T168P EOSS BALLOON,"AE0SS-3>APZEOS,EOSS,WIDE2-1,qAO,KE0UWC-9:/134850h3931.34N/10335.45WO244/003/A=087409 -410T168P EOSS BALLOON",244.0,3.0,39.5223333333,-103.5908333333,24.75,232.15,1680.0,4.892e-05,0.02521059,1.111e-05,-1.667e-05,15.73333333,low Re,0.014444,21.674766,0.001744,5.174393,0.06065,-1.148238,0.209398,15.418091,
EOSS-373,KC0D-1,2025-04-12 07:49:01.791,2025-04-12 07:49:00,87638.0,944.0,3790.0,ascending,/134900h3931.34N/10335.47WO194/005/A=087638 14T180P EOSS BALLOON,"KC0D-1>APZEOS,EOSS,WIDE2-1,qAO,N0JD-10:/134900h3931.34N/10335.47WO194/005/A=087638 14T180P EOSS BALLOON",194.0,6.0,39.5223333333,-103.5911666667,24.73,274.55,1800.0,4.432e-05,0.02283986,0.0,-1.667e-05,15.73333333,low Re,0.0,21.651,0.001737,5.177646,0.060528,-1.142926,-0.028697,15.387443,
EOSS-373,AE0SS-3,2025-04-12 07:49:25.055,2025-04-12 07:49:20,87868.0,918.0,3810.0,ascending,/134920h3931.33N/10335.50WO198/006/A=087868 -418T165P EOSS BALLOON,"AE0SS-3>APZEOS,EOSS,WIDE2-1,qAO,N0JD-10:/134920h3931.33N/10335.50WO198/006/A=087868 -418T165P EOSS BALLOON",198.0,7.0,39.5221666667,-103.5916666667,24.71,231.35,1650.0,4.821e-05,0.02484602,-2.778e-05,-5.56e-06,15.3,low Re,-0.014444,21.625697,0.001672,5.182806,0.060415,-1.220516,-0.266755,15.354807,
EOSS-373,KC0D-1,2025-04-12 07:49:31.805,2025-04-12 07:49:30,88093.0,910.0,3820.0,ascending,/134930h3931.33N/10335.52WO259/007/A=088093 16T177P EOSS BALLOON,"KC0D-1>APZEOS,EOSS,WIDE2-1,qAO,N0JD-10:/134930h3931.33N/10335.52WO259/007/A=088093 16T177P EOSS BALLOON",259.0,8.0,39.5221666667,-103.592,24.69,274.75,1770.0,4.355e-05,0.02244285,-2.778e-05,-5.56e-06,15.16666667,low Re,-0.004444,21.600066,0.001648,5.18845,0.060295,-1.239946,-0.101037,15.321031,
EOSS-373,AE0SS-3,2025-04-12 07:49:52.517,2025-04-12 07:49:50,88310.0,884.0,3840.0,ascending,/134950h3931.32N/10335.54WO317/006/A=088310 -418T160P EOSS BALLOON,"AE0SS-3>APZEOS,EOSS*,WIDE2-1,qAO,W9CN-9:/134950h3931.32N/10335.54WO317/006/A=088310 -418T160P EOSS BALLOON",317.0,7.0,39.522,-103.5923333333,24.68,231.35,1600.0,4.675e-05,0.02409311,-2.222e-05,-5.56e-06,14.73333333,low Re,-0.014444,21.572925,0.001584,5.19611,0.060184,-1.316291,-0.266317,15.286681,
EOSS-373,KC0D-1,2025-04-12 07:50:01.803,2025-04-12 07:50:00,88533.0,880.0,3850.0,ascending,/135000h3931.34N/10335.56WO356/004/A=088533 17T173P EOSS BALLOON,"KC0D-1>APZEOS,EOSS,WIDE2-1,qAO,N0JD-10:/135000h3931.34N/10335.56WO356/004/A=088533 17T173P EOSS BALLOON",356.0,5.0,39.5223333333,-103.5926666667,24.66,274.85,1730.0,4.255e-05,0.02192769,-2.222e-05,5.56e-06,14.66666667,low Re,-0.002222,21.545735,0.001569,5.203905,0.060065,-1.321905,-0.063115,15.249523,
EOSS-373,AE0SS-3,2025-04-12 07:50:25.331,2025-04-12 07:50:20,88743.0,866.0,3870.0,ascending,/135020h3931.33N/10335.57WO239/008/A=088743 -404T158P EOSS BALLOON,"AE0SS-3>APZEOS,EOSS,WIDE2-1,qAO,KE0UWC-9:/135020h3931.33N/10335.57WO239/008/A=088743 -404T158P EOSS BALLOON",239.0,9.0,39.5221666667,-103.5928333333,24.65,232.75,1580.0,4.589e-05,0.02364884,-1.667e-05,5.56e-06,14.43333333,low Re,-0.007778,21.517843,0.001532,5.212714,0.059949,-1.359083,-0.155299,15.212775,
EOSS-373,KC0D-1,2025-04-12 07:50:31.814,2025-04-12 07:50:30,88968.0,870.0,3880.0,ascending,/135030h3931.33N/10335.58WO199/005/A=088968 20T169P EOSS BALLOON,"KC0D-1>APZEOS,EOSS,WIDE2-1,qAO,N0JD-10:/135030h3931.33N/10335.58WO199/005/A=088968 20T169P EOSS BALLOON",199.0,6.0,39.5221666667,-103.593,24.64,275.15,1690.0,4.152e-05,0.02139733,-1.111e-05,-5.56e-06,14.5,low Re,0.002222,21.49043,0.001535,5.22094,0.059831,-1.338922,0.011482,15.171476,
EOSS-373,AE0SS-3,2025-04-12 07:50:52.538,2025-04-12 07:50:50,89188.0,890.0,3900.0,ascending,/135050h3931.30N/10335.59WO169/004/A=089188 -421T151P EOSS BALLOON,"AE0SS-3>APZEOS,EOSS*,WIDE2-1,qAO,W9CN-9:/135050h3931.30N/10335.59WO169/004/A=089188 -421T151P EOSS BALLOON",169.0,5.0,39.5216666667,-103.5931666667,24.64,231.05,1510.0,4.418e-05,0.0227674,-1.111e-05,-1.667e-05,14.83333333,low Re,0.011111,21.464527,0.001572,5.227253,0.059716,-1.268581,0.159739,15.129138,
EOSS-373,KC0D-1,2025-04-12 07:51:01.865,2025-04-12 07:51:00,89411.0,886.0,3910.0,ascending,/135100h3931.29N/10335.60WO207/006/A=089411 20T166P EOSS BALLOON,"KC0D-1>APZEOS,EOSS,WIDE2-1,qAO,N0JD-10:/135100h3931.29N/10335.60WO207/006/A=089411 20T166P EOSS BALLOON",207.0,7.0,39.5215,-103.5933333333,24.64,275.15,1660.0,4.078e-05,0.0210175,-1.111e-05,-2.222e-05,14.76666667,low Re,-0.002222,21.438566,0.001557,5.233711,0.0596,-1.274793,-0.063406,15.084218,
EOSS-373,AE0SS-3,2025-04-12 07:51:25.376,2025-04-12 07:51:20,89646.0,916.0,3930.0,ascending,/135120h3931.27N/10335.62WO270/009/A=089646 -382T150P EOSS BALLOON,"AE0SS-3>APZEOS,EOSS,WIDE2-1,qAO,KB0TVJ-1:/135120h3931.27N/10335.62WO270/009/A=089646 -382T150P EOSS BALLOON",270.0,10.0,39.5211666667,-103.5936666667,24.63,234.95,1500.0,4.316e-05,0.0222412,-1.667e-05,-1.667e-05,15.26666667,low Re,0.016667,21.414736,0.001616,5.237618,0.059491,-1.173829,0.252996,15.034669,
EOSS-373,KC0D-1,2025-04-12 07:51:31.843,2025-04-12 07:51:30,89866.0,910.0,3940.0,ascending,/135130h3931.27N/10335.65WO229/007/A=089866 23T162P EOSS BALLOON,"KC0D-1>APZEOS,EOSS,WIDE2-1,qAO,N0JD-10:/135130h3931.27N/10335.65WO229/007/A=089866 23T162P EOSS BALLOON",229.0,8.0,39.5211666667,-103.5941666667,24.6,275.45,1620.0,3.975e-05,0.02048871,-2.778e-05,-1.111e-05,15.16666667,low Re,-0.003333,21.390705,0.001597,5.241838,0.059377,-1.187377,-0.083029,14.986202,
EOSS-373,AE0SS-3,2025-04-12 07:51:52.559,2025-04-12 07:51:50,90095.0,898.0,3960.0,ascending,/135150h3931.24N/10335.72WO264/007/A=090095 -399T145P EOSS BALLOON,"AE0SS-3>APZEOS,EOSS*,WIDE2-1,qAO,W9CN-9:/135150h3931.24N/10335.72WO264/007/A=090095 -399T145P EOSS BALLOON",264.0,8.0,39.5206666667,-103.5953333333,24.55,233.25,1450.0,4.202e-05,0.02165653,-5.556e-05,-1.667e-05,14.96666667,low Re,-0.006667,21.366092,0.001565,5.246838,0.059264,-1.219673,-0.138904,14.933596,
EOSS-373,KC0D-1,2025-04-12 07:52:01.747,2025-04-12 07:52:00,90320.0,908.0,3970.0,ascending,/135200h3931.24N/10335.76WO271/013/A=090320 24T158P EOSS BALLOON,"KC0D-1>APZEOS,EOSS,WIDE2-1,qAO,N0JD-10:/135200h3931.24N/10335.76WO271/013/A=090320 24T158P EOSS BALLOON",271.0,15.0,39.5206666667,-103.596,24.51,275.55,1580.0,3.876e-05,0.01997557,-6.111e-05,-1.667e-05,15.13333333,low Re,0.005556,21.342303,0.00158,5.250914,0.059151,-1.182455,0.067218,14.879754,
EOSS-373,AE0SS-3,2025-04-12 07:52:25.410,2025-04-12 07:52:20,90541.0,892.0,3990.0,ascending,/135220h3931.24N/10335.81WO278/005/A=090541 -401T142P EOSS BALLOON,"AE0SS-3>APZEOS,EOSS,WIDE2-1,qAO,KB0TVJ-1:/135220h3931.24N/10335.81WO278/005/A=090541 -401T142P EOSS BALLOON",278.0,6.0,39.5206666667,-103.5968333333,24.47,233.05,1420.0,4.119e-05,0.02122666,-5e-05,0.0,14.86666667,low Re,-0.008889,21.317681,0.00154,5.256073,0.059041,-1.227345,-0.17664,14.824778,
EOSS-373,KC0D-1,2025-04-12 07:52:31.803,2025-04-12 07:52:30,90764.0,888.0,4000.0,ascending,/135230h3931.25N/10335.84WO304/006/A=090764 26T155P EOSS BALLOON,"KC0D-1>APZEOS,EOSS,WIDE2-1,qAO,N0JD-10:/135230h3931.25N/10335.84WO304/006/A=090764 26T155P EOSS BALLOON",304.0,7.0,39.5208333333,-103.5973333333,24.44,275.75,1550.0,3.8e-05,0.01958207,-4.444e-05,5.56e-06,14.8,low Re,-0.002222,21.292992,0.001526,5.261385,0.058928,-1.234084,-0.063603,14.767202,
EOSS-373,AE0SS-3,2025-04-12 07:52:52.649,2025-04-12 07:52:50,90960.0,838.0,4020.0,ascending,/135250h3931.28N/10335.86WO334/012/A=090960 -401T139P EOSS BALLOON,"AE0SS-3>APZEOS,EOSS*,WIDE2-1,qAO,W9CN-9:/135250h3931.28N/10335.86WO334/012/A=090960 -401T139P EOSS BALLOON",334.0,14.0,39.5213333333,-103.5976666667,24.42,233.05,1390.0,4.032e-05,0.02077821,-2.778e-05,2.222e-05,13.96666667,low Re,-0.027778,21.265346,0.001415,5.270661,0.058844,-1.384775,-0.496108,14.71485,
EOSS-373,KC0D-1,2025-04-12 07:53:01.767,2025-04-12 07:53:00,91171.0,814.0,4030.0,ascending,/135300h3931.31N/10335.87WO002/007/A=091171 27T152P EOSS BALLOON,"KC0D-1>APZEOS,EOSS,WIDE2-1,qAO,N0JD-10:/135300h3931.31N/10335.87WO002/007/A=091171 27T152P EOSS BALLOON",2.0,8.0,39.5218333333,-103.5978333333,24.4,275.85,1520.0,3.725e-05,0.0191961,-1.667e-05,3.333e-05,13.56666667,low Re,-0.013333,21.236404,0.00136,5.281842,0.058739,-1.452095,-0.25014,14.656671,
EOSS-373,KC0D-1,2025-04-12 07:53:31.868,2025-04-12 07:53:30,91599.0,856.0,4060.0,ascending,/135330h3931.34N/10335.86WO215/001/A=091599 29T149P EOSS BALLOON,"KC0D-1>APZEOS,EOSS,WIDE2-1,qAO,N0JD-10:/135330h3931.34N/10335.86WO215/001/A=091599 29T149P EOSS BALLOON",215.0,1.0,39.5223333333,-103.5976666667,24.4,276.05,1490.0,3.649e-05,0.0188036,5.56e-06,1.667e-05,14.26666667,low Re,0.023333,21.2103,0.001442,5.289131,0.058644,-1.312812,0.373286,14.532892,
EOSS-373,AE0SS-3,2025-04-12 07:53:52.658,2025-04-12 07:53:50,91810.0,850.0,4080.0,ascending,/135350h3931.31N/10335.85WO174/006/A=091810 -405T131P EOSS BALLOON,"AE0SS-3>APZEOS,EOSS*,WIDE2-1,qAO,W9CN-9:/135350h3931.31N/10335.85WO174/006/A=091810 -405T131P EOSS BALLOON",174.0,7.0,39.5218333333,-103.5975,24.42,232.65,1310.0,3.806e-05,0.01961601,2.78e-06,8.33e-06,14.16666667,low Re,-0.001667,21.184017,0.001431,5.296721,0.058534,-1.324848,-0.052927,14.469057,
EOSS-373,KC0D-1,2025-04-12 07:54:01.812,2025-04-12 07:54:00,92022.0,846.0,4090.0,ascending,/135400h3931.30N/10335.88WO211/008/A=092022 30T146P EOSS BALLOON,"KC0D-1>APZEOS,EOSS,WIDE2-1,qAO,N0JD-10:/135400h3931.30N/10335.88WO211/008/A=092022 30T146P EOSS BALLOON",211.0,9.0,39.5216666667,-103.598,24.39,276.15,1460.0,3.574e-05,0.01841833,-1.111e-05,-2.222e-05,14.1,low Re,-0.002222,21.157683,0.001417,5.304444,0.058425,-1.330523,-0.062285,14.403075,
EOSS-373,AE0SS-3,2025-04-12 07:54:25.411,2025-04-12 07:54:20,92236.0,852.0,4110.0,ascending,/135420h3931.26N/10335.91WO229/012/A=092236 -396T129P EOSS BALLOON,"AE0SS-3>APZEOS,EOSS,WIDE2-1,qAO,KB0TVJ-1:/135420h3931.26N/10335.91WO229/012/A=092236 -396T129P EOSS BALLOON",229.0,14.0,39.521,-103.5985,24.38,233.55,1290.0,3.734e-05,0.01924209,-3.333e-05,-2.778e-05,14.2,low Re,0.003333,21.131914,0.001424,5.31148,0.058316,-1.305081,0.032735,14.334622,
EOSS-373,KC0D-1,2025-04-12 07:54:31.839,2025-04-12 07:54:30,92461.0,878.0,4120.0,ascending,/135430h3931.25N/10335.93WO250/007/A=092461 32T143P EOSS BALLOON,"KC0D-1>APZEOS,EOSS,WIDE2-1,qAO,N0JD-10:/135430h3931.25N/10335.93WO250/007/A=092461 32T143P EOSS BALLOON",250.0,8.0,39.5208333333,-103.5988333333,24.36,276.35,1430.0,3.498e-05,0.01802682,-2.778e-05,-2.778e-05,14.63333333,low Re,0.014444,21.107934,0.001472,5.316312,0.058212,-1.217874,0.222841,14.260682,
EOSS-373,AE0SS-3,2025-04-12 07:54:52.819,2025-04-12 07:54:50,92669.0,866.0,4140.0,ascending,/135450h3931.24N/10335.98WO323/005/A=092669 -401T126P EOSS BALLOON,"AE0SS-3>APZEOS,EOSS*,WIDE2-1,qAO,W9CN-9:/135450h3931.24N/10335.98WO323/005/A=092669 -401T126P EOSS BALLOON",323.0,6.0,39.5206666667,-103.5996666667,24.32,233.05,1260.0,3.655e-05,0.01883492,-3.889e-05,-1.111e-05,14.43333333,low Re,-0.006667,21.083395,0.001442,5.321905,0.058107,-1.249564,-0.139553,14.190572,
EOSS-373,KC0D-1,2025-04-12 07:55:01.840,2025-04-12 07:55:00,92883.0,844.0,4150.0,ascending,/135500h3931.27N/10336.01WO308/010/A=092883 34T140P EOSS BALLOON,"KC0D-1>APZEOS,EOSS,WIDE2-1,qAO,N0JD-10:/135500h3931.27N/10336.01WO308/010/A=092883 34T140P EOSS BALLOON",308.0,12.0,39.5211666667,-103.6001666667,24.29,276.55,1400.0,3.422e-05,0.01763587,-4.444e-05,1.111e-05,14.06666667,low Re,-0.012222,21.057692,0.001392,5.329061,0.058005,-1.311868,-0.234704,14.116721,
EOSS-373,AE0SS-3,2025-04-12 07:55:25.487,2025-04-12 07:55:20,93095.0,852.0,4170.0,ascending,/135520h3931.30N/10336.06WO321/013/A=093095 -391T125P EOSS BALLOON,"AE0SS-3>APZEOS,EOSS,WIDE2-1,qAO,KB0TVJ-1:/135520h3931.30N/10336.06WO321/013/A=093095 -391T125P EOSS BALLOON",321.0,15.0,39.5216666667,-103.601,24.24,234.05,1250.0,3.61e-05,0.01860561,-4.444e-05,3.333e-05,14.2,low Re,0.004444,21.032664,0.001403,5.3354,0.057899,-1.280628,0.052522,14.041888,
EOSS-373,KC0D-1,2025-04-12 07:55:31.783,2025-04-12 07:55:30,93315.0,864.0,4180.0,ascending,/135530h3931.34N/10336.10WO320/013/A=093315 36T137P EOSS BALLOON,"KC0D-1>APZEOS,EOSS,WIDE2-1,qAO,N0JD-10:/135530h3931.34N/10336.10WO320/013/A=093315 36T137P EOSS BALLOON",320.0,15.0,39.5223333333,-103.6016666667,24.19,276.75,1370.0,3.346e-05,0.01724548,-5e-05,3.889e-05,14.4,low Re,0.006667,21.008545,0.001422,5.340653,0.057794,-1.237404,0.090753,13.96253,
EOSS-373,AE0SS-3,2025-04-12 07:55:52.874,2025-04-12 07:55:50,93551.0,912.0,4200.0,ascending,/135550h3931.39N/10336.11WO331/010/A=093551 -401T121P EOSS BALLOON,"AE0SS-3>APZEOS,EOSS*,WIDE2-1,qAO,W9CN-9:/135550h3931.39N/10336.11WO331/010/A=093551 -401T121P EOSS BALLOON",331.0,12.0,39.5231666667,-103.6018333333,24.17,233.05,1210.0,3.51e-05,0.01808751,-2.778e-05,5e-05,15.2,low Re,0.026667,20.9875,0.001514,5.342387,0.057708,-1.083317,0.435867,13.875548,
EOSS-373,KC0D-1,2025-04-12 07:56:01.850,2025-04-12 07:56:00,93764.0,898.0,4210.0,ascending,/135600h3931.42N/10336.11WO025/009/A=093764 37T134P EOSS BALLOON,"KC0D-1>APZEOS,EOSS,WIDE2-1,qAO,N0JD-10:/135600h3931.42N/10336.11WO025/009/A=093764 37T134P EOSS BALLOON",25.0,10.0,39.5236666667,-103.6018333333,24.16,276.85,1340.0,3.272e-05,0.01686175,-5.56e-06,4.444e-05,14.96666667,low Re,-0.007778,20.965764,0.00148,5.344956,0.057606,-1.122385,-0.160712,13.795471,
EOSS-373,AE0SS-3,2025-04-12 07:56:25.413,2025-04-12 07:56:20,93972.0,842.0,4230.0,ascending,/135620h3931.45N/10336.08WO027/007/A=093972 -413T119P EOSS BALLOON,"AE0SS-3>APZEOS,EOSS,WIDE2-1,qAO,KB0TVJ-1:/135620h3931.45N/10336.08WO027/007/A=093972 -413T119P EOSS BALLOON",27.0,8.0,39.5241666667,-103.6013333333,24.18,231.85,1190.0,3.469e-05,0.01788061,1.667e-05,3.333e-05,14.03333333,low Re,-0.031111,20.940827,0.001363,5.351476,0.057535,-1.290764,-0.564422,13.715906,
EOSS-373,KC0D-1,2025-04-12 07:56:31.827,2025-04-12 07:56:30,94185.0,842.0,4240.0,ascending,/135630h3931.47N/10336.07WO037/008/A=094185 40T132P EOSS BALLOON,"KC0D-1>APZEOS,EOSS,WIDE2-1,qAO,N0JD-10:/135630h3931.47N/10336.07WO037/008/A=094185 40T132P EOSS BALLOON",37.0,9.0,39.5245,-103.6011666667,24.18,277.15,1320.0,3.219e-05,0.01659211,2.222e-05,2.778e-05,14.03333333,low Re,0.0,20.916069,0.001358,5.357826,0.057431,-1.284614,-0.023646,13.633107,
EOSS-373,AE0SS-3,2025-04-12 07:56:52.794,2025-04-12 07:56:50,94399.0,854.0,4260.0,ascending,/135650h3931.48N/10336.06WO080/006/A=094399 -406T116P EOSS BALLOON,"AE0SS-3>APZEOS,EOSS*,WIDE2-1,qAO,W9CN-9:/135650h3931.48N/10336.06WO080/006/A=094399 -406T116P EOSS BALLOON",80.0,7.0,39.5246666667,-103.601,24.19,232.55,1160.0,3.372e-05,0.01737737,1.111e-05,1.667e-05,14.23333333,low Re,0.006667,20.892202,0.001377,5.363106,0.057328,-1.241607,0.092276,13.548659,
EOSS-373,KC0D-1,2025-04-12 07:57:01.785,2025-04-12 07:57:00,94612.0,854.0,4270.0,ascending,/135700h3931.49N/10336.06WO159/001/A=094612 41T128P EOSS BALLOON,"KC0D-1>APZEOS,EOSS,WIDE2-1,qAO,N0JD-10:/135700h3931.49N/10336.06WO159/001/A=094612 41T128P EOSS BALLOON",159.0,1.0,39.5248333333,-103.601,24.18,277.25,1280.0,3.121e-05,0.01608351,5.56e-06,1.111e-05,14.23333333,low Re,0.0,20.868505,0.001372,5.368237,0.057226,-1.236006,-0.023975,13.463446,
EOSS-373,AE0SS-3,2025-04-12 07:57:25.437,2025-04-12 07:57:20,94814.0,830.0,4290.0,ascending,/135720h3931.47N/10336.06WO342/002/A=094814 -408T112P EOSS BALLOON,"AE0SS-3>APZEOS,EOSS,WIDE2-1,qAO,KB0TVJ-1:/135720h3931.47N/10336.06WO342/002/A=094814 -408T112P EOSS BALLOON",342.0,2.0,39.5245,-103.601,24.19,232.35,1120.0,3.258e-05,0.01679259,0.0,-5.56e-06,13.83333333,low Re,-0.013333,20.843558,0.00132,5.375028,0.05713,-1.304221,-0.256485,13.381657,
EOSS-373,KC0D-1,2025-04-12 07:57:31.785,2025-04-12 07:57:30,95031.0,838.0,4300.0,ascending,/135730h3931.48N/10336.06WO322/004/A=095031 44T126P EOSS BALLOON,"KC0D-1>APZEOS,EOSS,WIDE2-1,qAO,N0JD-10:/135730h3931.48N/10336.06WO322/004/A=095031 44T126P EOSS BALLOON",322.0,5.0,39.5246666667,-103.601,24.19,277.55,1260.0,3.069e-05,0.01581509,0.0,-5.56e-06,13.96666667,low Re,0.004444,20.819258,0.001331,5.38104,0.057029,-1.27347,0.054586,13.292841,
EOSS-373,AE0SS-3,2025-04-12 07:57:52.781,2025-04-12 07:57:50,95237.0,846.0,4320.0,ascending,/135750h3931.49N/10336.05WO298/005/A=095237 -387T111P EOSS BALLOON,"AE0SS-3>APZEOS,EOSS*,WIDE2-1,qAO,W9CN-9:/135750h3931.49N/10336.05WO298/005/A=095237 -387T111P EOSS BALLOON",298.0,6.0,39.5248333333,-103.6008333333,24.19,234.45,1110.0,3.2e-05,0.01649359,5.56e-06,1.111e-05,14.1,low Re,0.004444,20.795599,0.001342,5.386301,0.056928,-1.243079,0.05449,13.207723,
EOSS-373,KC0D-1,2025-04-12 07:58:01.784,2025-04-12 07:58:00,95458.0,854.0,4330.0,ascending,/135800h3931.51N/10336.06WO003/002/A=095458 45T123P EOSS BALLOON,"KC0D-1>APZEOS,EOSS,WIDE2-1,qAO,N0JD-10:/135800h3931.51N/10336.06WO003/002/A=095458 45T123P EOSS BALLOON",3.0,2.0,39.5251666667,-103.601,24.18,277.65,1230.0,2.994e-05,0.01543298,0.0,1.667e-05,14.23333333,low Re,0.004444,20.772573,0.001353,5.390843,0.056827,-1.213027,0.054393,13.115665,
EOSS-373,AE0SS-3,2025-04-12 07:58:25.416,2025-04-12 07:58:20,95630.0,786.0,4350.0,ascending,/135820h3931.53N/10336.06WO001/008/A=095630 -386T107P EOSS BALLOON,"AE0SS-3>APZEOS,EOSS,WIDE2-1,qAO,KB0TVJ-1:/135820h3931.53N/10336.06WO001/008/A=095630 -386T107P EOSS BALLOON",1.0,9.0,39.5255,-103.601,24.17,234.55,1070.0,3.084e-05,0.01589245,-5.56e-06,2.222e-05,13.1,low Re,-0.037778,20.745746,0.001215,5.400468,0.056774,-1.415756,-0.686811,13.043579,
EOSS-373,KC0D-1,2025-04-12 07:58:31.825,2025-04-12 07:58:30,95829.0,742.0,4360.0,ascending,/135830h3931.56N/10336.06WO018/008/A=095829 47T122P EOSS BALLOON,"KC0D-1>APZEOS,EOSS,WIDE2-1,qAO,N0JD-10:/135830h3931.56N/10336.06WO018/008/A=095829 47T122P EOSS BALLOON",18.0,9.0,39.526,-103.601,24.17,277.85,1220.0,2.968e-05,0.01529649,0.0,2.778e-05,12.36666667,low Re,-0.024444,20.716551,0.001126,5.413659,0.056695,-1.542374,-0.45101,12.959803,
EOSS-373,AE0SS-3,2025-04-12 07:58:52.865,2025-04-12 07:58:50,95999.0,738.0,4380.0,ascending,/135850h3931.60N/10336.05WO352/008/A=095999 -382T106P EOSS BALLOON,"AE0SS-3>APZEOS,EOSS*,WIDE2-1,qAO,W9CN-9:/135850h3931.60N/10336.05WO352/008/A=095999 -382T106P EOSS BALLOON",352.0,9.0,39.5266666667,-103.6008333333,24.16,234.95,1060.0,3.05e-05,0.01571712,5.56e-06,3.889e-05,12.3,low Re,-0.002222,20.687326,0.001114,5.426929,0.056596,-1.545501,-0.058944,12.888002,
EOSS-373,KC0D-1,2025-04-12 07:59:01.821,2025-04-12 07:59:00,96203.0,748.0,4390.0,ascending,/135900h3931.62N/10336.04WO049/005/A=096203 49T120P EOSS BALLOON,"KC0D-1>APZEOS,EOSS,WIDE2-1,qAO,N0JD-10:/135900h3931.62N/10336.04WO049/005/A=096203 49T120P EOSS BALLOON",49.0,6.0,39.527,-103.6006666667,24.17,278.05,1200.0,2.917e-05,0.01503491,1.111e-05,3.333e-05,12.46666667,low Re,0.005556,20.658881,0.001129,5.439038,0.056498,-1.506188,0.078357,12.801673,
EOSS-373,AE0SS-3,2025-04-12 07:59:25.378,2025-04-12 07:59:20,96374.0,750.0,4410.0,ascending,/135920h3931.64N/10336.02WO074/011/A=096374 -374T103P EOSS BALLOON,"AE0SS-3>APZEOS,EOSS,WIDE2-1,qAO,KB0TVJ-1:/135920h3931.64N/10336.02WO074/011/A=096374 -374T103P EOSS BALLOON",74.0,13.0,39.5273333333,-103.6003333333,24.18,235.75,1030.0,2.953e-05,0.01522047,1.667e-05,2.222e-05,12.5,low Re,0.001111,20.630747,0.001129,5.450716,0.0564,-1.491684,-0.000319,12.729267,
EOSS-373,KC0D-1,2025-04-12 07:59:31.822,2025-04-12 07:59:30,96570.0,734.0,4420.0,ascending,/135930h3931.66N/10335.99WO050/011/A=096570 51T117P EOSS BALLOON,"KC0D-1>APZEOS,EOSS,WIDE2-1,qAO,N0JD-10:/135930h3931.66N/10335.99WO050/011/A=096570 51T117P EOSS BALLOON",50.0,13.0,39.5276666667,-103.5998333333,24.2,278.25,1170.0,2.842e-05,0.0146485,2.778e-05,2.222e-05,12.23333333,low Re,-0.008889,20.60189,0.001095,5.463532,0.056305,-1.531712,-0.17732,12.646348,
EOSS-373,AE0SS-3,2025-04-12 07:59:52.627,2025-04-12 07:59:50,96733.0,718.0,4440.0,ascending,/135950h3931.69N/10335.93WO063/007/A=096733 -364T103P EOSS BALLOON,"AE0SS-3>APZEOS,EOSS*,WIDE2-1,qAO,N0JPS-9:/135950h3931.69N/10335.93WO063/007/A=096733 -364T103P EOSS BALLOON",63.0,8.0,39.5281666667,-103.5988333333,24.24,236.75,1030.0,2.941e-05,0.01515618,5e-05,2.778e-05,11.96666667,low Re,-0.008889,20.572317,0.001061,5.477497,0.056211,-1.571092,-0.177012,12.577544,
EOSS-373,KC0D-1,2025-04-12 08:00:01.774,2025-04-12 08:00:00,96922.0,704.0,4450.0,ascending,/140000h3931.71N/10335.90WO056/009/A=096922 52T115P EOSS BALLOON,"KC0D-1>APZEOS,EOSS,WIDE2-1,qAO,N0JD-10:/140000h3931.71N/10335.90WO056/009/A=096922 52T115P EOSS BALLOON",56.0,10.0,39.5285,-103.5983333333,24.26,278.35,1150.0,2.793e-05,0.01439293,5e-05,2.778e-05,11.73333333,low Re,-0.007778,20.54215,0.00103,5.492438,0.056117,-1.603808,-0.156958,12.498057,
EOSS-373,AE0SS-3,2025-04-12 08:00:25.552,2025-04-12 08:00:20,97081.0,696.0,4470.0,ascending,/140020h3931.73N/10335.85WO065/009/A=097081 -344T99P EOSS BALLOON,"AE0SS-3>APZEOS,EOSS,WIDE2-1,qAO,KE0UWC-9:/140020h3931.73N/10335.85WO065/009/A=097081 -344T99P EOSS BALLOON",65.0,10.0,39.5288333333,-103.5975,24.3,238.75,990.0,2.803e-05,0.01444556,4.444e-05,2.222e-05,11.6,low Re,-0.004444,20.511735,0.001012,5.507803,0.056022,-1.61802,-0.09739,12.431524,
EOSS-373,KC0D-1,2025-04-12 08:00:31.843,2025-04-12 08:00:30,97273.0,702.0,4480.0,ascending,/140030h3931.75N/10335.83WO032/008/A=097273 55T113P EOSS BALLOON,"KC0D-1>APZEOS,EOSS,WIDE2-1,qAO,N0JD-10:/140030h3931.75N/10335.83WO032/008/A=097273 55T113P EOSS BALLOON",32.0,9.0,39.5291666667,-103.5971666667,24.31,278.65,1130.0,2.741e-05,0.01412739,3.889e-05,2.222e-05,11.7,low Re,0.003333,20.481864,0.001019,5.522311,0.055926,-1.590252,0.041376,12.351722,
EOSS-373,AE0SS-3,2025-04-12 08:00:52.706,2025-04-12 08:00:50,97433.0,704.0,4500.0,ascending,/140050h3931.79N/10335.81WO030/007/A=097433 -360T98P EOSS BALLOON,"AE0SS-3>APZEOS,EOSS*,WIDE2-1,qAO,N0JPS-9:/140050h3931.79N/10335.81WO030/007/A=097433 -360T98P EOSS BALLOON",30.0,8.0,39.5298333333,-103.5968333333,24.32,237.15,980.0,2.793e-05,0.01439612,2.222e-05,3.333e-05,11.73333333,low Re,0.001111,20.452309,0.00102,5.536345,0.055831,-1.574861,0.00163,12.285773,
EOSS-373,KC0D-1,2025-04-12 08:01:01.818,2025-04-12 08:01:00,97617.0,688.0,4510.0,ascending,/140100h3931.81N/10335.79WO031/008/A=097617 56T112P EOSS BALLOON,"KC0D-1>APZEOS,EOSS,WIDE2-1,qAO,N0JD-10:/140100h3931.81N/10335.79WO031/008/A=097617 56T112P EOSS BALLOON",31.0,9.0,39.5301666667,-103.5965,24.33,278.75,1120.0,2.716e-05,0.01399734,2.222e-05,3.333e-05,11.46666667,low Re,-0.008889,20.422054,0.000986,5.551524,0.055739,-1.61314,-0.177165,12.210684,
EOSS-373,AE0SS-3,2025-04-12 08:01:25.413,2025-04-12 08:01:20,97782.0,698.0,4530.0,ascending,/140120h3931.85N/10335.75WO043/010/A=097782 -360T95P EOSS BALLOON,"AE0SS-3>APZEOS,EOSS,WIDE2-1,qAO,KB0TVJ-1:/140120h3931.85N/10335.75WO043/010/A=097782 -360T95P EOSS BALLOON",43.0,12.0,39.5308333333,-103.5958333333,24.36,237.15,950.0,2.708e-05,0.01395542,3.333e-05,3.333e-05,11.63333333,low Re,0.005556,20.392562,0.001002,5.565505,0.055646,-1.573843,0.081839,12.144146,
EOSS-373,KC0D-1,2025-04-12 08:01:31.813,2025-04-12 08:01:30,97979.0,724.0,4540.0,ascending,/140130h3931.88N/10335.74WO011/008/A=097979 58T110P EOSS BALLOON,"KC0D-1>APZEOS,EOSS,WIDE2-1,qAO,N0JD-10:/140130h3931.88N/10335.74WO011/008/A=097979 58T110P EOSS BALLOON",11.0,9.0,39.5313333333,-103.5956666667,24.36,278.95,1100.0,2.666e-05,0.01373753,2.778e-05,3.889e-05,12.06666667,low Re,0.014444,20.364716,0.001047,5.576984,0.055557,-1.48791,0.24114,12.065851,
EOSS-373,AE0SS-3,2025-04-12 08:01:52.608,2025-04-12 08:01:50,98143.0,722.0,4560.0,ascending,/140150h3931.91N/10335.71WO041/006/A=098143 -338T95P EOSS BALLOON,"AE0SS-3>APZEOS,EOSS,WIDE2-1,qAO,N0JD-10:/140150h3931.91N/10335.71WO041/006/A=098143 -338T95P EOSS BALLOON",41.0,7.0,39.5318333333,-103.5951666667,24.38,239.35,950.0,2.683e-05,0.01382715,2.222e-05,3.333e-05,12.03333333,low Re,-0.001111,20.336944,0.00104,5.58839,0.055464,-1.485868,-0.038782,12.001756,
EOSS-373,KC0D-1,2025-04-12 08:02:01.819,2025-04-12 08:02:00,98342.0,726.0,4570.0,ascending,/140200h3931.92N/10335.72WO339/003/A=098342 59T108P EOSS BALLOON,"KC0D-1>APZEOS,EOSS,WIDE2-1,qAO,N0JD-10:/140200h3931.92N/10335.72WO339/003/A=098342 59T108P EOSS BALLOON",339.0,3.0,39.532,-103.5953333333,24.37,279.05,1080.0,2.616e-05,0.01348293,1.111e-05,2.222e-05,12.1,low Re,0.002222,20.309579,0.001044,5.599233,0.055371,-1.466197,0.021275,11.925484,
EOSS-373,AE0SS-3,2025-04-12 08:02:25.125,2025-04-12 08:02:20,98516.0,746.0,4590.0,ascending,/140220h3931.92N/10335.72WO248/005/A=098516 -369T92P EOSS BALLOON,"AE0SS-3>APZEOS,EOSS,WIDE2-1,qAO,N0JD-10:/140220h3931.92N/10335.72WO248/005/A=098516 -369T92P EOSS BALLOON",248.0,6.0,39.532,-103.5953333333,24.37,236.25,920.0,2.632e-05,0.01356621,-5.56e-06,5.56e-06,12.43333333,low Re,0.011111,20.283499,0.001077,5.608267,0.055282,-1.399749,0.181506,11.8603,
EOSS-373,KC0D-1,2025-04-12 08:02:31.855,2025-04-12 08:02:30,98690.0,696.0,4600.0,ascending,/140230h3931.93N/10335.76WO281/009/A=098690 62T106P EOSS BALLOON,"KC0D-1>APZEOS,EOSS,WIDE2-1,qAO,N0JD-10:/140230h3931.93N/10335.76WO281/009/A=098690 62T106P EOSS BALLOON",281.0,10.0,39.5321666667,-103.596,24.33,279.35,1060.0,2.565e-05,0.01321903,-2.222e-05,5.56e-06,11.6,low Re,-0.027778,20.25484,0.000981,5.621154,0.055215,-1.539691,-0.520855,11.796681,
EOSS-373,AE0SS-3,2025-04-12 08:02:52.587,2025-04-12 08:02:50,98836.0,640.0,4620.0,ascending,/140250h3931.94N/10335.80WO332/009/A=098836 -345T89P EOSS BALLOON,"AE0SS-3>APZEOS,EOSS,WIDE2-1,qAO,N0JD-10:/140250h3931.94N/10335.80WO332/009/A=098836 -345T89P EOSS BALLOON",332.0,10.0,39.5323333333,-103.5966666667,24.29,238.65,890.0,2.521e-05,0.01299185,-4.444e-05,1.111e-05,10.66666667,low Re,-0.031111,20.2233,0.000875,5.63875,0.055155,-1.694814,-0.579929,11.744619,
EOSS-373,KC0D-1,2025-04-12 08:03:01.791,2025-04-12 08:03:00,99039.0,698.0,4630.0,ascending,/140300h3931.97N/10335.81WO343/011/A=099039 63T104P EOSS BALLOON,"KC0D-1>APZEOS,EOSS,WIDE2-1,qAO,N0JD-10:/140300h3931.97N/10335.81WO343/011/A=099039 63T104P EOSS BALLOON",343.0,13.0,39.5328333333,-103.5968333333,24.27,279.45,1040.0,2.516e-05,0.01296497,-2.778e-05,2.222e-05,11.63333333,low Re,0.032222,20.195137,0.000979,5.650915,0.055093,-1.515118,0.567096,11.674419,
EOSS-373,AE0SS-3,2025-04-12 08:03:25.396,2025-04-12 08:03:20,99198.0,724.0,4650.0,ascending,/140320h3932.02N/10335.80WO029/007/A=099198 -342T87P EOSS BALLOON,"AE0SS-3>APZEOS,EOSS,WIDE2-1,qAO,KB0TVJ-1:/140320h3932.02N/10335.80WO029/007/A=099198 -342T87P EOSS BALLOON",29.0,8.0,39.5336666667,-103.5966666667,24.27,238.95,870.0,2.461e-05,0.01268395,0.0,4.444e-05,12.06666667,low Re,0.014444,20.168573,0.001023,5.660747,0.055007,-1.431243,0.243987,11.621367,
EOSS-373,KC0D-1,2025-04-12 08:03:32.044,2025-04-12 08:03:30,99393.0,708.0,4660.0,ascending,/140330h3932.05N/10335.79WO026/009/A=099393 66T103P EOSS BALLOON,"KC0D-1>APZEOS,EOSS*,WIDE2-1,qAO,W9CN-9:/140330h3932.05N/10335.79WO026/009/A=099393 66T103P EOSS BALLOON",26.0,10.0,39.5341666667,-103.5965,24.27,279.75,1030.0,2.489e-05,0.01282654,1.111e-05,4.444e-05,11.8,low Re,-0.008889,20.141314,0.00099,5.671637,0.05492,-1.470707,-0.17988,11.558829,
EOSS-373,AE0SS-3,2025-04-12 08:03:52.553,2025-04-12 08:03:50,99566.0,736.0,4680.0,ascending,/140350h3932.10N/10335.75WO031/015/A=099566 -326T87P EOSS BALLOON,"AE0SS-3>APZEOS,EOSS,WIDE2-1,qAO,N0JD-10:/140350h3932.10N/10335.75WO031/015/A=099566 -326T87P EOSS BALLOON",31.0,17.0,39.535,-103.5958333333,24.29,240.55,870.0,2.445e-05,0.01259959,2.778e-05,4.444e-05,12.26666667,low Re,0.015556,20.115747,0.001038,5.680142,0.054837,-1.381846,0.264748,11.505862,
EOSS-373,KC0D-1,2025-04-12 08:04:02.058,2025-04-12 08:04:00,99763.0,740.0,4690.0,ascending,/140400h3932.14N/10335.72WO049/015/A=099763 67T101P EOSS BALLOON,"KC0D-1>APZEOS,EOSS*,WIDE2-1,qAO,W9CN-9:/140400h3932.14N/10335.72WO049/015/A=099763 67T101P EOSS BALLOON",49.0,17.0,39.5356666667,-103.5953333333,24.31,279.85,1010.0,2.44e-05,0.01257299,3.889e-05,5e-05,12.33333333,low Re,0.002222,20.090561,0.001042,5.688169,0.054747,-1.363748,0.021554,11.448669,
EOSS-373,KC0D-1,2025-04-12 08:05:01.795,2025-04-12 08:05:00,91016.0,-8747.0,0.0,descending,/140500h3932.25N/10335.60WO357/004/A=091016 78T156P EOSS BALLOON,"KC0D-1>APZEOS,EOSS,WIDE2-1,qAO,N0JD-10:/140500h3932.25N/10335.60WO357/004/A=091016 78T156P EOSS BALLOON",357.0,5.0,39.5375,-103.5933333333,24.39,280.95,1560.0,3.753e-05,0.01934363,3.333e-05,3.056e-05,-145.78333333,n/a,,-145.783333,,,,,,-145.218455,
EOSS-373,AE0SS-3,2025-04-12 08:05:25.415,2025-04-12 08:05:20,88009.0,-7704.7,20.0,descending,/140520h3932.24N/10335.57WO145/015/A=088009 -454T165P EOSS BALLOON,"AE0SS-3>APZEOS,EOSS,WIDE2-1,qAO,KB0TVJ-1:/140520h3932.24N/10335.57WO145/015/A=088009 -454T165P EOSS BALLOON",145.0,17.0,39.5373333333,-103.5928333333,24.42,227.75,1650.0,4.897e-05,0.02523876,3.333e-05,2.593e-05,-128.41111111,n/a,0.193025,-137.097222,0.193025,12.284016,,0.707107,,-134.724477,
EOSS-373,KC0D-1,2025-04-12 08:05:31.881,2025-04-12 08:05:30,86762.0,-8508.0,30.0,descending,/140530h3932.18N/10335.60WO196/009/A=086762 82T193P EOSS BALLOON,"KC0D-1>APZEOS,EOSS,WIDE2-1,qAO,N0JD-10:/140530h3932.18N/10335.60WO196/009/A=086762 82T193P EOSS BALLOON",196.0,10.0,39.5363333333,-103.5933333333,24.41,281.35,1930.0,4.637e-05,0.02389752,0.0,-3.889e-05,-141.8,n/a,-0.446296,-138.664815,-0.126636,9.100581,0.452068,-0.344504,-0.707106,-133.718071,
EOSS-373,AE0SS-3,2025-04-12 08:05:52.937,2025-04-12 08:05:50,84172.0,-7674.0,50.0,descending,/140550h3932.11N/10335.63WO343/010/A=084172 -469T203P EOSS BALLOON,"AE0SS-3>APZEOS,EOSS,WIDE2-1,qAO,KB0TVJ-1:/140550h3932.11N/10335.63WO343/010/A=084172 -469T203P EOSS BALLOON",343.0,12.0,39.5351666667,-103.5938333333,24.4,226.25,2030.0,6.065e-05,0.03125719,-3.333e-05,-7.222e-05,-127.9,n/a,0.463333,-135.973611,0.070021,9.175185,0.467123,0.87994,0.841988,-128.405743,
EOSS-373,KC0D-1,2025-04-12 08:06:01.793,2025-04-12 08:06:00,83052.0,-7420.0,60.0,descending,/140600h3932.12N/10335.71WO307/005/A=083052 85T231P EOSS BALLOON,"KC0D-1>APZEOS,EOSS,WIDE2-1,qAO,N0JD-10:/140600h3932.12N/10335.71WO307/005/A=083052 85T231P EOSS BALLOON",307.0,6.0,39.5353333333,-103.5951666667,24.32,281.65,2310.0,5.544e-05,0.02857227,-6.111e-05,-3.333e-05,-123.66666667,n/a,0.141111,-133.512222,0.087793,9.665929,0.383057,1.018583,0.139191,-124.998514,
EOSS-373,KC0D-1,2025-04-12 08:06:31.820,2025-04-12 08:06:30,79699.0,-6706.0,90.0,descending,/140630h3932.11N/10335.75WO110/013/A=079699 86T273P EOSS BALLOON,"KC0D-1>APZEOS,EOSS,WIDE2-1,qAO,N0JD-10:/140630h3932.11N/10335.75WO110/013/A=079699 86T273P EOSS BALLOON",110.0,15.0,39.5351666667,-103.5958333333,24.29,281.75,2730.0,6.55e-05,0.03375524,-2.222e-05,-5.56e-06,-111.76666667,n/a,0.396667,-129.887963,0.149568,12.391759,0.359347,1.462367,0.687633,-114.337434,
EOSS-373,KC0D-1,2025-04-12 08:07:01.810,2025-04-12 08:07:00,76560.0,-6278.0,120.0,descending,/140700h3932.18N/10335.89WO286/014/A=076560 85T319P EOSS BALLOON,"KC0D-1>APZEOS,EOSS,WIDE2-1,qAO,N0JD-10:/140700h3932.18N/10335.89WO286/014/A=076560 85T319P EOSS BALLOON",286.0,16.0,39.5363333333,-103.5981666667,24.15,281.65,3190.0,7.656e-05,0.03945694,-7.778e-05,3.889e-05,-104.63333333,n/a,0.237778,-126.280159,0.16427,14.801244,0.323421,1.4625,0.227283,-106.06316,
EOSS-373,AE0SS-3,2025-04-12 08:07:25.641,2025-04-12 08:07:20,74548.0,-6416.0,140.0,descending,/140720h3932.20N/10335.92WO231/017/A=074548 -559T338P EOSS BALLOON,"AE0SS-3>APZEOS,EOSS,WIDE2-1,qAO,KE0UWC-9:/140720h3932.20N/10335.92WO231/017/A=074548 -559T338P EOSS BALLOON",231.0,20.0,39.5366666667,-103.5986666667,24.12,217.25,3380.0,0.00010517,0.05420001,-5.37e-05,1.667e-05,-106.93333333,n/a,-0.025556,-123.861806,0.137152,15.3156,0.303834,1.105309,-0.535516,-101.379087,
EOSS-373,KC0D-1,2025-04-12 08:07:31.733,2025-04-12 08:07:30,73545.0,-6030.0,150.0,descending,/140730h3932.22N/10335.95WO230/014/A=073545 84T370P EOSS BALLOON,"KC0D-1>APZEOS,EOSS,WIDE2-1,qAO,N0JD-10:/140730h3932.22N/10335.95WO230/014/A=073545 84T370P EOSS BALLOON",230.0,16.0,39.537,-103.5991666667,24.09,281.55,3700.0,8.883e-05,0.04578135,-3.333e-05,2.222e-05,-100.5,n/a,0.214444,-121.266049,0.146813,16.306079,0.28262,1.273516,0.2393,-99.046226,
EOSS-373,AE0SS-3,2025-04-12 08:07:53.109,2025-04-12 08:07:50,71701.0,-5694.0,170.0,descending,/140750h3932.12N/10336.01WO077/025/A=071701 -538T388P EOSS BALLOON,"AE0SS-3>APZEOS,EOSS,WIDE2-1,qAO,K0SCC-8:/140750h3932.12N/10336.01WO077/025/A=071701 -538T388P EOSS BALLOON",77.0,29.0,39.5353333333,-103.6001666667,24.06,219.35,3880.0,0.00011957,0.06162211,-5e-05,-4.444e-05,-94.9,n/a,0.186667,-118.629444,0.151241,17.488909,0.2647,1.356828,0.133835,-94.581882,
EOSS-373,KC0D-1,2025-04-12 08:08:01.753,2025-04-12 08:08:00,70837.0,-5416.0,180.0,descending,/140800h3932.14N/10336.03WO017/010/A=070837 83T424P EOSS BALLOON,"KC0D-1>APZEOS,EOSS,WIDE2-1,qAO,N0JD-10:/140800h3932.14N/10336.03WO017/010/A=070837 83T424P EOSS BALLOON",17.0,12.0,39.5356666667,-103.6005,24.04,281.45,4240.0,0.00010183,0.0524816,-4.444e-05,-4.444e-05,-90.26666667,n/a,0.154444,-116.05101,0.151562,18.665671,0.249564,1.381378,0.011548,-92.385159,
EOSS-373,AE0SS-3,2025-04-12 08:08:25.498,2025-04-12 08:08:20,69092.0,-5218.0,200.0,descending,/140820h3932.11N/10335.99WO100/008/A=069092 -554T445P EOSS BALLOON,"AE0SS-3>APZEOS,EOSS,WIDE2-1,qAO,KB0TVJ-1:/140820h3932.11N/10335.99WO100/008/A=069092 -554T445P EOSS BALLOON",100.0,9.0,39.5351666667,-103.5998333333,24.08,217.75,4450.0,0.00013814,0.07119415,1.111e-05,-5.56e-06,-86.96666667,n/a,0.11,-113.627315,0.147783,19.678046,0.237088,1.354842,-0.159363,-87.758021,
EOSS-373,KC0D-1,2025-04-12 08:08:31.742,2025-04-12 08:08:30,68364.0,-4946.0,210.0,descending,/140830h3932.05N/10336.00WO210/028/A=068364 81T478P EOSS BALLOON,"KC0D-1>APZEOS,EOSS,WIDE2-1,qAO,N0JD-10:/140830h3932.05N/10336.00WO210/028/A=068364 81T478P EOSS BALLOON",210.0,32.0,39.5341666667,-103.6,24.09,281.25,4780.0,0.00011488,0.05920765,1.667e-05,-5e-05,-82.43333333,n/a,0.151111,-111.227778,0.148061,20.731807,0.226057,1.388902,0.013492,-85.773741,
EOSS-373,AE0SS-3,2025-04-12 08:08:53.233,2025-04-12 08:08:50,66666.0,-4852.0,230.0,descending,/140850h3931.97N/10336.01WO117/046/A=066666 -537T502P EOSS BALLOON,"AE0SS-3>APZEOS,EOSS,WIDE2-1,qAO,K0SCC-8:/140850h3931.97N/10336.01WO117/046/A=066666 -537T502P EOSS BALLOON",117.0,53.0,39.5328333333,-103.6001666667,24.1,219.45,5020.0,0.00015463,0.07969124,-1.111e-05,-7.778e-05,-80.86666667,n/a,0.052222,-109.059127,0.140688,21.507866,0.218059,1.310798,-0.405698,-81.112714,
EOSS-373,KC0D-1,2025-04-12 08:09:01.830,2025-04-12 08:09:00,65891.0,-4946.0,240.0,descending,/140900h3931.92N/10335.95WO102/029/A=065891 79T541P EOSS BALLOON,"KC0D-1>APZEOS,EOSS,WIDE2-1,qAO,N0JD-10:/140900h3931.92N/10335.95WO102/029/A=065891 79T541P EOSS BALLOON",102.0,33.0,39.532,-103.5991666667,24.17,281.05,5410.0,0.00013012,0.06705885,2.778e-05,-7.222e-05,-82.43333333,n/a,-0.052222,-107.284074,0.126909,21.835945,0.215755,1.138066,-0.830252,-79.006346,
EOSS-373,AE0SS-3,2025-04-12 08:09:25.149,2025-04-12 08:09:20,64346.0,-4640.0,260.0,descending,/140920h3931.94N/10335.82WO062/029/A=064346 -529T570P EOSS BALLOON,"AE0SS-3>APZEOS,EOSS,WIDE2-1,qAO,N0JD-10:/140920h3931.94N/10335.82WO062/029/A=064346 -529T570P EOSS BALLOON",62.0,33.0,39.5323333333,-103.597,24.27,220.25,5700.0,0.00017493,0.0901574,0.00010556,-1.667e-05,-77.33333333,n/a,0.17,-105.412153,0.129782,22.384966,0.208204,1.254361,0.193166,-74.926694,
EOSS-373,KC0D-1,2025-04-12 08:09:31.799,2025-04-12 08:09:30,63736.0,-4310.0,270.0,descending,/140930h3931.91N/10335.72WO151/038/A=063736 76T603P EOSS BALLOON,"KC0D-1>APZEOS,EOSS,WIDE2-1,qAO,N0JD-10:/140930h3931.91N/10335.72WO151/038/A=063736 76T603P EOSS BALLOON",151.0,44.0,39.5318333333,-103.5953333333,24.37,280.75,6030.0,0.00014518,0.07482384,0.00012778,-5.56e-06,-71.83333333,n/a,0.183333,-103.436928,0.133129,23.153714,0.20159,1.364947,0.24904,-73.377534,
EOSS-373,AE0SS-3,2025-04-12 08:09:52.600,2025-04-12 08:09:50,62322.0,-4048.0,290.0,descending,/140950h3931.80N/10335.61WO143/033/A=062322 -548T633P EOSS BALLOON,"AE0SS-3>APZEOS,EOSS,WIDE2-1,qAO,N0JD-10:/140950h3931.80N/10335.61WO143/033/A=062322 -548T633P EOSS BALLOON",143.0,38.0,39.53,-103.5935,24.49,218.35,6330.0,0.00019596,0.10099339,0.00011667,-7.778e-05,-67.46666667,n/a,0.145556,-101.43858,0.13386,24.009178,0.195212,1.414955,0.059914,-69.954053,
EOSS-373,KC0D-1,2025-04-12 08:10:01.829,2025-04-12 08:10:00,61745.0,-3982.0,300.0,descending,/141000h3931.74N/10335.56WO178/026/A=061745 74T669P EOSS BALLOON,"KC0D-1>APZEOS,EOSS,WIDE2-1,qAO,N0JD-10:/141000h3931.74N/10335.56WO178/026/A=061745 74T669P EOSS BALLOON",178.0,30.0,39.529,-103.5926666667,24.55,280.55,6690.0,0.00016119,0.08307269,8.889e-05,-9.444e-05,-66.36666667,n/a,0.036667,-99.59269,0.12846,24.681066,0.190764,1.346215,-0.481186,-68.629824,
EOSS-373,AE0SS-3,2025-04-12 08:10:25.053,2025-04-12 08:10:20,60350.0,-3944.0,320.0,descending,/141020h3931.66N/10335.49WO222/013/A=060350 -568T700P EOSS BALLOON,"AE0SS-3>APZEOS,EOSS,WIDE2-1,qAO,N0JD-10:/141020h3931.66N/10335.49WO222/013/A=060350 -568T700P EOSS BALLOON",222.0,15.0,39.5276666667,-103.5915,24.63,216.35,7000.0,0.0002187,0.11271549,6.667e-05,-7.778e-05,-65.73333333,n/a,0.021111,-97.899722,0.12281,25.187637,0.187018,1.277071,-0.543793,-65.606938,
EOSS-373,KC0D-1,2025-04-12 08:10:31.831,2025-04-12 08:10:30,59752.0,-3986.0,330.0,descending,/141030h3931.68N/10335.49WO026/006/A=059752 71T739P EOSS BALLOON,"KC0D-1>APZEOS,EOSS,WIDE2-1,qAO,N0JD-10:/141030h3931.68N/10335.49WO026/006/A=059752 71T739P EOSS BALLOON",26.0,7.0,39.528,-103.5915,24.63,280.25,7390.0,0.00017824,0.09186314,3.889e-05,-3.333e-05,-66.43333333,n/a,-0.023333,-96.401323,0.115503,25.492066,0.18494,1.175581,-0.750708,-64.386174,
EOSS-373,KC0D-1,2025-04-12 08:11:01.859,2025-04-12 08:11:00,57943.0,-3618.0,360.0,descending,/141100h3931.60N/10335.35WO092/021/A=057943 68T809P EOSS BALLOON,"KC0D-1>APZEOS,EOSS,WIDE2-1,qAO,N0JD-10:/141100h3931.60N/10335.35WO092/021/A=057943 68T809P EOSS BALLOON",92.0,24.0,39.5266666667,-103.5891666667,24.77,279.95,8090.0,0.00019534,0.10067242,7.778e-05,-4.444e-05,-60.3,n/a,0.204444,-94.760354,0.119738,26.041151,0.181299,1.323304,0.467217,-60.937421,
EOSS-373,KC0D-1,2025-04-12 08:11:31.762,2025-04-12 08:11:30,56241.0,-3404.0,390.0,descending,/141130h3931.59N/10334.94WO092/043/A=056241 64T884P EOSS BALLOON,"KC0D-1>APZEOS,EOSS,WIDE2-1,qAO,N0JD-10:/141130h3931.59N/10334.94WO092/043/A=056241 64T884P EOSS BALLOON",92.0,49.0,39.5265,-103.5823333333,25.12,279.55,8840.0,0.00021375,0.11016286,0.00022778,-5.56e-06,-56.73333333,n/a,0.118889,-93.107005,0.1197,26.649369,0.176929,1.364898,-0.004584,-57.963608,
EOSS-373,AE0SS-3,2025-04-12 08:11:52.599,2025-04-12 08:11:50,55069.0,-3520.7,410.0,descending,/141150h3931.48N/10334.68WO117/053/A=055069 -412T921P EOSS BALLOON,"AE0SS-3>APZEOS,EOSS,WIDE2-1,qAO,N0JD-10:/141150h3931.48N/10334.68WO117/053/A=055069 -412T921P EOSS BALLOON",117.0,61.0,39.5246666667,-103.578,25.38,231.95,9210.0,0.0002684,0.13832724,0.00015,-3.333e-05,-58.67777778,n/a,-0.021605,-91.672454,0.113556,26.994473,0.175355,1.222275,-0.770785,-56.024673,
EOSS-373,KC0D-1,2025-04-12 08:12:01.858,2025-04-12 08:12:00,54578.0,-3326.0,420.0,descending,/141200h3931.43N/10334.49WO115/053/A=054578 61T961P EOSS BALLOON,"KC0D-1>APZEOS,EOSS,WIDE2-1,qAO,N0JD-10:/141200h3931.43N/10334.49WO115/053/A=054578 61T961P EOSS BALLOON",115.0,61.0,39.5238333333,-103.5748333333,25.56,279.25,9610.0,0.00023262,0.11988716,0.00025,-8.889e-05,-55.43333333,n/a,0.108148,-90.222889,0.113331,27.402006,0.171504,1.269599,-0.030221,-55.231932,
EOSS-373,AE0SS-3,2025-04-12 08:12:25.149,2025-04-12 08:12:20,53409.0,-3320.0,440.0,descending,/141220h3931.35N/10334.13WO073/045/A=053409 -548T1003P EOSS BALLOON,"AE0SS-3>APZEOS,EOSS,WIDE2-1,qAO,N0JD-10:/141220h3931.35N/10334.13WO073/045/A=053409 -548T1003P EOSS BALLOON",73.0,52.0,39.5225,-103.5688333333,25.89,218.35,10030.0,0.0003105,0.16002587,0.00030556,-7.222e-05,-55.33333333,n/a,0.003333,-88.880983,0.108931,27.706563,0.169328,1.21082,-0.62363,-53.380797,
EOSS-373,KC0D-1,2025-04-12 08:12:31.856,2025-04-12 08:12:30,52952.0,-3252.0,450.0,descending,/141230h3931.39N/10333.99WO076/049/A=052952 57T1043P EOSS BALLOON,"KC0D-1>APZEOS,EOSS,WIDE2-1,qAO,N0JD-10:/141230h3931.39N/10333.99WO076/049/A=052952 57T1043P EOSS BALLOON",76.0,56.0,39.5231666667,-103.5665,26.0,278.85,10430.0,0.00025283,0.13030351,0.00027778,-2.222e-05,-54.2,n/a,0.037778,-87.596502,0.106194,27.97634,0.166493,1.193741,-0.410924,-52.669022,
EOSS-373,AE0SS-3,2025-04-12 08:12:52.633,2025-04-12 08:12:50,51866.0,-3086.0,470.0,descending,/141250h3931.45N/10333.59WO063/055/A=051866 -589T1084P EOSS BALLOON,"AE0SS-3>APZEOS,EOSS,WIDE2-1,qAO,N0JD-10:/141250h3931.45N/10333.59WO063/055/A=051866 -589T1084P EOSS BALLOON",63.0,63.0,39.5241666667,-103.5598333333,26.33,214.25,10840.0,0.000342,0.17625884,0.0003,5.556e-05,-51.43333333,n/a,0.092222,-86.30496,0.105677,28.291232,0.163282,1.232595,-0.082403,-51.001526,
EOSS-373,KC0D-1,2025-04-12 08:13:01.858,2025-04-12 08:13:00,51427.0,-3050.0,480.0,descending,/141300h3931.51N/10333.43WO079/043/A=051427 53T1124P EOSS BALLOON,"KC0D-1>APZEOS,EOSS,WIDE2-1,qAO,N0JD-10:/141300h3931.51N/10333.43WO079/043/A=051427 53T1124P EOSS BALLOON",79.0,49.0,39.5251666667,-103.5571666667,26.45,278.45,11240.0,0.00027286,0.14062468,0.00031111,6.667e-05,-50.83333333,n/a,0.02,-85.081801,0.102617,28.551634,0.161045,1.199527,-0.513006,-50.337028,
EOSS-373,AE0SS-3,2025-04-12 08:13:25.206,2025-04-12 08:13:20,50383.0,-2966.0,500.0,descending,/141320h3931.50N/10333.13WO072/036/A=050383 -569T1173P EOSS BALLOON,"AE0SS-3>APZEOS,EOSS,WIDE2-1,qAO,N0JD-10:/141320h3931.50N/10333.13WO072/036/A=050383 -569T1173P EOSS BALLOON",72.0,41.0,39.525,-103.5521666667,26.71,216.25,11730.0,0.00036666,0.18896629,0.00025556,2.778e-05,-49.43333333,n/a,0.046667,-83.893519,0.100688,28.800105,0.158484,1.19653,-0.340861,-48.781137,
EOSS-373,KC0D-1,2025-04-12 08:13:31.819,2025-04-12 08:13:30,50002.0,-2850.0,510.0,descending,/141330h3931.55N/10332.98WO075/060/A=050002 49T1209P EOSS BALLOON,"KC0D-1>APZEOS,EOSS,WIDE2-1,qAO,N0JD-10:/141330h3931.55N/10332.98WO075/060/A=050002 49T1209P EOSS BALLOON",75.0,69.0,39.5258333333,-103.5496666667,26.83,278.05,12090.0,0.00029391,0.15147671,0.00025,2.222e-05,-47.5,n/a,0.064444,-82.719534,0.099479,29.060682,0.155868,1.211931,-0.224774,-48.22295,
EOSS-373,AE0SS-3,2025-04-12 08:13:52.602,2025-04-12 08:13:50,49041.0,-2684.0,530.0,descending,/141350h3931.56N/10332.53WO104/061/A=049041 -569T1253P EOSS BALLOON,"AE0SS-3>APZEOS,EOSS,WIDE2-1,qAO,N0JD-10:/141350h3931.56N/10332.53WO104/061/A=049041 -569T1253P EOSS BALLOON",104.0,70.0,39.526,-103.5421666667,27.22,216.25,12530.0,0.00039166,0.20185402,0.00033333,3.333e-05,-44.73333333,n/a,0.092222,-81.532465,0.099245,29.366185,0.153254,1.253112,-0.045826,-46.842348,
EOSS-373,KC0D-1,2025-04-12 08:14:01.858,2025-04-12 08:14:00,48652.0,-2700.0,540.0,descending,/141400h3931.51N/10332.36WO113/046/A=048652 45T1291P EOSS BALLOON,"KC0D-1>APZEOS,EOSS,WIDE2-1,qAO,N0JD-10:/141400h3931.51N/10332.36WO113/046/A=048652 45T1291P EOSS BALLOON",113.0,53.0,39.5251666667,-103.5393333333,27.38,277.65,12910.0,0.0003143,0.16198359,0.00034444,-2.222e-05,-45.0,n/a,-0.008889,-80.425421,0.095866,29.595046,0.151969,1.197005,-0.689318,-46.296197,
EOSS-373,AE0SS-3,2025-04-12 08:14:25.148,2025-04-12 08:14:20,47701.0,-2680.0,560.0,descending,/141420h3931.41N/10331.94WO111/061/A=047701 -541T1339P EOSS BALLOON,"AE0SS-3>APZEOS,EOSS,WIDE2-1,qAO,N0JD-10:/141420h3931.41N/10331.94WO111/061/A=047701 -541T1339P EOSS BALLOON",111.0,70.0,39.5235,-103.5323333333,27.77,219.05,13390.0,0.00041319,0.21295104,0.00032778,-8.333e-05,-44.66666667,n/a,0.011111,-79.373693,0.093298,29.781434,0.150302,1.165391,-0.546812,-44.997358,
EOSS-373,KC0D-1,2025-04-12 08:14:31.823,2025-04-12 08:14:30,47327.0,-2650.0,570.0,descending,/141430h3931.36N/10331.79WO097/037/A=047327 40T1377P EOSS BALLOON,"KC0D-1>APZEOS,EOSS,WIDE2-1,qAO,N0JD-10:/141430h3931.36N/10331.79WO097/037/A=047327 40T1377P EOSS BALLOON",97.0,43.0,39.5226666667,-103.5298333333,27.91,277.15,13770.0,0.00033584,0.17308583,0.00031667,-8.333e-05,-44.16666667,n/a,0.016667,-78.367778,0.091044,29.937648,0.148589,1.142411,-0.500555,-44.50235,
EOSS-373,AE0SS-3,2025-04-12 08:14:52.679,2025-04-12 08:14:50,46427.0,-2548.0,590.0,descending,/141450h3931.36N/10331.41WO091/068/A=046427 -535T1425P EOSS BALLOON,"AE0SS-3>APZEOS,EOSS,WIDE2-1,qAO,N0JD-10:/141450h3931.36N/10331.41WO091/068/A=046427 -535T1425P EOSS BALLOON",91.0,78.0,39.5226666667,-103.5235,28.24,219.65,14250.0,0.00043853,0.22600919,0.00029444,-2.778e-05,-42.46666667,n/a,0.056667,-77.370525,0.090062,30.107437,0.146503,1.15931,-0.227948,-43.352461,
EOSS-373,KC0D-1,2025-04-12 08:15:01.831,2025-04-12 08:15:00,46075.0,-2504.0,600.0,descending,/141500h3931.35N/10331.18WO097/067/A=046075 36T1464P EOSS BALLOON,"KC0D-1>APZEOS,EOSS,WIDE2-1,qAO,N0JD-10:/141500h3931.35N/10331.18WO097/067/A=046075 36T1464P EOSS BALLOON",97.0,77.0,39.5225,-103.5196666667,28.44,276.75,14640.0,0.00035758,0.18428751,0.00033889,-5.56e-06,-41.73333333,n/a,0.024444,-76.407357,0.088239,30.258932,0.144808,1.14591,-0.440549,-42.919827,
EOSS-373,AE0SS-3,2025-04-12 08:15:24.629,2025-04-12 08:15:20,45157.0,-2540.0,620.0,descending,/141520h3931.30N/10330.84WO104/040/A=045157 -510T1520P EOSS BALLOON,"AE0SS-3>APZEOS,EOSS,WIDE2-1,qAO,N0JD-10:/141520h3931.30N/10330.84WO104/040/A=045157 -510T1520P EOSS BALLOON",104.0,46.0,39.5216666667,-103.514,28.75,222.15,15200.0,0.0004625,0.23836348,0.00031667,-3.333e-05,-42.33333333,n/a,-0.02,-75.510673,0.085314,30.354746,0.143888,1.092987,-0.731916,-41.840421,
EOSS-373,KC0D-1,2025-04-12 08:15:31.836,2025-04-12 08:15:30,44796.0,-2558.0,630.0,descending,/141530h3931.26N/10330.71WO095/044/A=044796 31T1556P EOSS BALLOON,"KC0D-1>APZEOS,EOSS,WIDE2-1,qAO,N0JD-10:/141530h3931.26N/10330.71WO095/044/A=044796 31T1556P EOSS BALLOON",95.0,51.0,39.521,-103.5118333333,28.87,276.25,15560.0,0.00038074,0.19622293,0.00026111,-5e-05,-42.63333333,n/a,-0.01,-74.667664,0.082805,30.411821,0.14277,1.053351,-0.650032,-41.436133,
EOSS-373,AE0SS-3,2025-04-12 08:15:52.129,2025-04-12 08:15:50,43959.0,-2396.0,650.0,descending,/141550h3931.23N/10330.28WO093/067/A=043959 -505T1611P EOSS BALLOON,"AE0SS-3>APZEOS,EOSS,WIDE2-1,qAO,N0JD-10:/141550h3931.23N/10330.28WO093/067/A=043959 -505T1611P EOSS BALLOON",93.0,77.0,39.5205,-103.5046666667,29.25,222.65,16110.0,0.00048909,0.25206659,0.00031111,-3.889e-05,-39.93333333,n/a,0.09,-73.799306,0.08299,30.517632,0.140883,1.109718,0.049758,-40.544049,
EOSS-373,KC0D-1,2025-04-12 08:16:01.856,2025-04-12 08:16:00,43628.0,-2336.0,660.0,descending,/141600h3931.19N/10330.05WO111/068/A=043628 27T1644P EOSS BALLOON,"KC0D-1>APZEOS,EOSS,WIDE2-1,qAO,N0JD-10:/141600h3931.19N/10330.05WO111/068/A=043628 27T1644P EOSS BALLOON",111.0,78.0,39.5198333333,-103.5008333333,29.46,275.85,16440.0,0.00040285,0.207621,0.00036667,-3.889e-05,-38.93333333,n/a,0.033333,-72.948916,0.081748,30.621763,0.139287,1.11083,-0.347592,-40.208858,
EOSS-373,KC0D-1,2025-04-12 08:16:31.810,2025-04-12 08:16:30,42502.0,-2252.0,690.0,descending,/141630h3931.06N/10329.47WO092/070/A=042502 22T1737P EOSS BALLOON,"KC0D-1>APZEOS,EOSS,WIDE2-1,qAO,N0JD-10:/141630h3931.06N/10329.47WO092/070/A=042502 22T1737P EOSS BALLOON",92.0,81.0,39.5176666667,-103.4911666667,30.0,275.35,17370.0,0.00042641,0.21976432,0.00032222,-7.222e-05,-37.53333333,n/a,0.046667,-72.105688,0.080893,30.735732,0.137644,1.124826,-0.248656,-39.142076,
EOSS-373,AE0SS-3,2025-04-12 08:16:52.249,2025-04-12 08:16:50,41703.0,-2256.0,710.0,descending,/141650h3931.04N/10328.98WO098/067/A=041703 -524T1797P EOSS BALLOON,"AE0SS-3>APZEOS,EOSS,WIDE2-1,qAO,N0JD-10:/141650h3931.04N/10328.98WO098/067/A=041703 -524T1797P EOSS BALLOON",98.0,77.0,39.5173333333,-103.483,30.43,220.75,17970.0,0.00055025,0.28358928,0.00036111,-5.278e-05,-37.6,n/a,-0.001111,-71.30323,0.07894,30.820157,0.136542,1.093545,-0.586274,-38.450653,
EOSS-373,KC0D-1,2025-04-12 08:17:01.775,2025-04-12 08:17:00,41393.0,-2218.0,720.0,descending,/141700h3931.00N/10328.81WO119/041/A=041393 18T1831P EOSS BALLOON,"KC0D-1>APZEOS,EOSS,WIDE2-1,qAO,N0JD-10:/141700h3931.00N/10328.81WO119/041/A=041393 18T1831P EOSS BALLOON",119.0,47.0,39.5166666667,-103.4801666667,30.58,274.95,18310.0,0.00045014,0.23199417,0.00036667,-3.333e-05,-36.96666667,n/a,0.021111,-70.522854,0.077595,30.896395,0.135195,1.086087,-0.417797,-38.195903,
EOSS-373,KC0D-1,2025-04-12 08:17:31.773,2025-04-12 08:17:30,40272.0,-2242.0,750.0,descending,/141730h3930.94N/10328.41WO094/055/A=040272 13T1934P EOSS BALLOON,"KC0D-1>APZEOS,EOSS,WIDE2-1,qAO,N0JD-10:/141730h3930.94N/10328.41WO094/055/A=040272 13T1934P EOSS BALLOON",94.0,63.0,39.5156666667,-103.4735,30.94,274.45,19340.0,0.00047633,0.24549106,0.00022222,-3.333e-05,-37.36666667,n/a,-0.013333,-69.786049,0.075529,30.940616,0.134315,1.047794,-0.661594,-37.330159,
EOSS-373,AE0SS-3,2025-04-12 08:17:52.240,2025-04-12 08:17:50,39463.0,-2240.0,770.0,descending,/141750h3930.83N/10328.08WO093/031/A=039463 -562T2007P EOSS BALLOON,"AE0SS-3>APZEOS,EOSS,WIDE2-1,qAO,N0JD-10:/141750h3930.83N/10328.08WO093/031/A=039463 -562T2007P EOSS BALLOON",93.0,36.0,39.5138333333,-103.468,31.26,216.95,20070.0,0.00062532,0.32227763,0.00025,-5.833e-05,-37.33333333,n/a,0.000556,-69.080556,0.073863,30.966806,0.133249,1.025202,-0.55015,-36.750276,
EOSS-373,KC0D-1,2025-04-12 08:18:01.756,2025-04-12 08:18:00,39142.0,-2260.0,780.0,descending,/141800h3930.81N/10327.90WO114/059/A=039142 9T2046P EOSS BALLOON,"KC0D-1>APZEOS,EOSS,WIDE2-1,qAO,N0JD-10:/141800h3930.81N/10327.90WO114/059/A=039142 9T2046P EOSS BALLOON",114.0,68.0,39.5135,-103.465,31.42,274.05,20460.0,0.00050465,0.26008678,0.00028333,-7.222e-05,-37.66666667,n/a,-0.011111,-68.412175,0.072016,30.969225,0.132355,0.992776,-0.628061,-36.528244,
EOSS-373,AE0SS-3,2025-04-12 08:18:24.635,2025-04-12 08:18:20,38327.0,-2272.0,800.0,descending,/141820h3930.71N/10327.60WO123/035/A=038327 -546T2127P EOSS BALLOON,"AE0SS-3>APZEOS,EOSS,WIDE2-1,qAO,N0JD-10:/141820h3930.71N/10327.60WO123/035/A=038327 -546T2127P EOSS BALLOON",123.0,40.0,39.5118333333,-103.46,31.7,218.55,21270.0,0.00065786,0.33904639,0.00026667,-6.667e-05,-37.86666667,n/a,-0.006667,-67.77581,0.070341,30.95359,0.131411,0.966258,-0.586009,-35.979415,
EOSS-373,KC0D-1,2025-04-12 08:18:31.808,2025-04-12 08:18:30,38013.0,-2258.0,810.0,descending,/141830h3930.69N/10327.44WO103/059/A=038013 4T2162P EOSS BALLOON,"KC0D-1>APZEOS,EOSS,WIDE2-1,qAO,N0JD-10:/141830h3930.69N/10327.44WO103/059/A=038013 4T2162P EOSS BALLOON",103.0,68.0,39.5115,-103.4573333333,31.85,273.55,21620.0,0.00053424,0.275335,0.00025556,-6.667e-05,-37.63333333,n/a,0.007778,-67.160658,0.069038,30.930665,0.130318,0.954629,-0.470081,-35.772017,
EOSS-373,AE0SS-3,2025-04-12 08:18:52.241,2025-04-12 08:18:50,37216.0,-2222.0,830.0,descending,/141850h3930.60N/10327.10WO094/043/A=037216 -527T2245P EOSS BALLOON,"AE0SS-3>APZEOS,EOSS,WIDE2-1,qAO,N0JD-10:/141850h3930.60N/10327.10WO094/043/A=037216 -527T2245P EOSS BALLOON",94.0,49.0,39.51,-103.4516666667,32.16,220.45,22450.0,0.00068837,0.35477147,0.00027778,-6.111e-05,-37.03333333,n/a,0.02,-66.558111,0.068037,30.908487,0.129144,0.955232,-0.371965,-35.250319,
EOSS-373,KC0D-1,2025-04-12 08:19:01.774,2025-04-12 08:19:00,36916.0,-2194.0,840.0,descending,/141900h3930.58N/10326.92WO106/056/A=036916 0T2281P EOSS BALLOON,"KC0D-1>APZEOS,EOSS,WIDE2-1,qAO,N0JD-10:/141900h3930.58N/10326.92WO106/056/A=036916 0T2281P EOSS BALLOON",106.0,64.0,39.5096666667,-103.4486666667,32.33,273.15,22810.0,0.00056447,0.29091528,0.00028889,-6.111e-05,-36.56666667,n/a,0.015556,-65.970044,0.066988,30.884703,0.128035,0.952037,-0.401703,-35.054294,
EOSS-373,KC0D-1,2025-04-12 08:19:31.807,2025-04-12 08:19:30,35870.0,-2092.0,870.0,descending,/141930h3930.49N/10326.48WO084/053/A=035870 -4T2398P EOSS BALLOON,"KC0D-1>APZEOS,EOSS,WIDE2-1,qAO,N0JD-10:/141930h3930.49N/10326.48WO084/053/A=035870 -4T2398P EOSS BALLOON",84.0,61.0,39.5081666667,-103.4413333333,32.73,272.75,23980.0,0.00059429,0.3062858,0.00024444,-5e-05,-34.86666667,n/a,0.056667,-65.371902,0.066785,30.8831,0.126756,0.987765,-0.079823,-34.36404,
EOSS-373,AE0SS-3,2025-04-12 08:19:52.235,2025-04-12 08:19:50,35136.0,-2080.0,890.0,descending,/141950h3930.47N/10326.08WO108/051/A=035136 -493T2483P EOSS BALLOON,"AE0SS-3>APZEOS,EOSS,WIDE2-1,qAO,N0JD-10:/141950h3930.47N/10326.08WO108/051/A=035136 -493T2483P EOSS BALLOON",108.0,59.0,39.5078333333,-103.4346666667,33.08,223.85,24830.0,0.00074978,0.3864222,0.00028333,-3.611e-05,-34.66666667,n/a,0.003333,-64.792558,0.065565,30.874149,0.125815,0.975764,-0.494631,-33.867242,
EOSS-373,KC0D-1,2025-04-12 08:20:01.780,2025-04-12 08:20:00,34859.0,-2022.0,900.0,descending,/142000h3930.44N/10325.96WO100/030/A=034859 -9T2516P EOSS BALLOON,"KC0D-1>APZEOS,EOSS,WIDE2-1,qAO,N0JD-10:/142000h3930.44N/10325.96WO100/030/A=034859 -9T2516P EOSS BALLOON",100.0,35.0,39.5073333333,-103.4326666667,33.19,272.25,25160.0,0.00062468,0.3219476,0.00028889,-2.778e-05,-33.7,n/a,0.032222,-64.21677,0.064936,30.872814,0.124684,0.988467,-0.262375,-33.676084,
EOSS-373,AE0SS-3,2025-04-12 08:20:24.821,2025-04-12 08:20:20,34134.0,-2004.0,920.0,descending,/142020h3930.40N/10325.66WO115/033/A=034134 -471T2602P EOSS BALLOON,"AE0SS-3>APZEOS,EOSS,WIDE2-1,qAO,N0JD-10:/142020h3930.40N/10325.66WO115/033/A=034134 -471T2602P EOSS BALLOON",115.0,38.0,39.5066666667,-103.4276666667,33.46,226.05,26020.0,0.00077807,0.40100079,0.00023333,-3.889e-05,-33.4,n/a,0.01,-63.656465,0.063919,30.866598,0.123728,0.980233,-0.435787,-33.164908,
EOSS-373,KC0D-1,2025-04-12 08:20:31.817,2025-04-12 08:20:30,33876.0,-1966.0,930.0,descending,/142030h3930.38N/10325.56WO099/032/A=033876 -14T2636P EOSS BALLOON,"KC0D-1>APZEOS,EOSS,WIDE2-1,qAO,N0JD-10:/142030h3930.38N/10325.56WO099/032/A=033876 -14T2636P EOSS BALLOON",99.0,37.0,39.5063333333,-103.426,33.55,271.75,26360.0,0.00065568,0.33792343,0.00022222,-3.333e-05,-32.76666667,n/a,0.021111,-63.104861,0.06314,30.862002,0.122713,0.983027,-0.342498,-32.97906,
EOSS-373,AE0SS-3,2025-04-12 08:20:52.611,2025-04-12 08:20:50,33191.0,-1886.0,950.0,descending,/142050h3930.39N/10325.26WO100/056/A=033191 -462T2722P EOSS BALLOON,"AE0SS-3>APZEOS,EOSS*,WIDE2-1,qAO,W9CN-9:/142050h3930.39N/10325.26WO100/056/A=033191 -462T2722P EOSS BALLOON",100.0,64.0,39.5065,-103.421,33.81,226.95,27220.0,0.00081073,0.41783073,0.00022222,-5.56e-06,-31.43333333,n/a,0.044444,-62.54922,0.062806,30.871554,0.121618,1.007914,-0.150981,-32.475722,
EOSS-373,KC0D-1,2025-04-12 08:21:01.791,2025-04-12 08:21:00,32919.0,-1914.0,960.0,descending,/142100h3930.34N/10325.12WO110/044/A=032919 -18T2755P EOSS BALLOON,"KC0D-1>APZEOS,EOSS,WIDE2-1,qAO,N0JD-10:/142100h3930.34N/10325.12WO110/044/A=032919 -18T2755P EOSS BALLOON",110.0,51.0,39.5056666667,-103.4186666667,33.95,271.35,27550.0,0.00068629,0.35369932,0.00024444,-2.222e-05,-31.9,n/a,-0.015556,-62.020785,0.061432,30.863065,0.120973,0.975949,-0.636406,-32.272097,
EOSS-373,AE0SS-3,2025-04-12 08:21:24.762,2025-04-12 08:21:20,32198.0,-1986.0,980.0,descending,/142120h3930.30N/10324.86WO092/027/A=032198 -421T2855P EOSS BALLOON,"AE0SS-3>APZEOS,EOSS,WIDE2-1,qAO,N0JD-10:/142120h3930.30N/10324.86WO092/027/A=032198 -421T2855P EOSS BALLOON",92.0,31.0,39.505,-103.4143333333,34.18,231.05,28550.0,0.00083525,0.4304697,0.00022222,-5e-05,-33.1,n/a,-0.04,-61.530603,0.059683,30.82665,0.120645,0.922274,-0.826251,-31.723634,
EOSS-373,KC0D-1,2025-04-12 08:21:31.829,2025-04-12 08:21:30,31948.0,-1942.0,990.0,descending,/142130h3930.31N/10324.73WO097/045/A=031948 -23T2881P EOSS BALLOON,"KC0D-1>APZEOS,EOSS,WIDE2-1,qAO,N0JD-10:/142130h3930.31N/10324.73WO097/045/A=031948 -23T2881P EOSS BALLOON",97.0,52.0,39.5051666667,-103.4121666667,34.29,270.85,28810.0,0.000719,0.37055857,0.00021667,-1.667e-05,-32.36666667,n/a,0.024444,-61.044537,0.059086,30.795315,0.119688,0.931241,-0.289436,-31.5311,
EOSS-373,AE0SS-3,2025-04-12 08:21:52.282,2025-04-12 08:21:50,31298.0,-1800.0,1010.0,descending,/142150h3930.21N/10324.40WO123/039/A=031298 -410T2975P EOSS BALLOON,"AE0SS-3>APZEOS,EOSS,WIDE2-1,qAO,N0JD-10:/142150h3930.21N/10324.40WO123/039/A=031298 -410T2975P EOSS BALLOON",123.0,45.0,39.5035,-103.4066666667,34.6,232.15,29750.0,0.00086623,0.44643757,0.00025556,-5e-05,-30.0,n/a,0.078889,-60.53561,0.059416,30.79521,0.118697,0.99157,0.164056,-31.027228,
EOSS-373,KC0D-1,2025-04-12 08:22:01.836,2025-04-12 08:22:00,31064.0,-1768.0,1020.0,descending,/142200h3930.17N/10324.31WO110/028/A=031064 -27T2999P EOSS BALLOON,"KC0D-1>APZEOS,EOSS,WIDE2-1,qAO,N0JD-10:/142200h3930.17N/10324.31WO110/028/A=031064 -27T2999P EOSS BALLOON",110.0,32.0,39.5028333333,-103.4051666667,34.69,270.45,29990.0,0.00074956,0.38630642,0.00023333,-7.778e-05,-29.46666667,n/a,0.017778,-60.034498,0.058733,30.795574,0.117824,0.992605,-0.347595,-30.845391,
EOSS-373,AE0SS-3,2025-04-12 08:22:25.788,2025-04-12 08:22:20,30403.0,-1790.0,1040.0,descending,/142220h3930.12N/10324.04WO102/048/A=030403 -392T3096P EOSS BALLOON,"AE0SS-3>APZEOS,EOSS,WIDE2-1,qAO,N0JD-10:/142220h3930.12N/10324.04WO102/048/A=030403 -392T3096P EOSS BALLOON",102.0,55.0,39.502,-103.4006666667,34.94,233.95,30960.0,0.00089453,0.46102062,0.0002,-5e-05,-29.83333333,n/a,-0.012222,-59.555115,0.057589,30.782285,0.117201,0.965548,-0.595652,-30.333676,
EOSS-373,KC0D-1,2025-04-12 08:22:31.806,2025-04-12 08:22:30,30175.0,-1778.0,1050.0,descending,/142230h3930.08N/10323.90WO119/037/A=030175 -31T3121P EOSS BALLOON,"KC0D-1>APZEOS,EOSS,WIDE2-1,qAO,N0JD-10:/142230h3930.08N/10323.90WO119/037/A=030175 -31T3121P EOSS BALLOON",119.0,43.0,39.5013333333,-103.3983333333,35.07,270.05,31210.0,0.00078121,0.40261693,0.00022778,-5e-05,-29.63333333,n/a,0.006667,-59.087587,0.05678,30.765205,0.116429,0.957389,-0.430417,-30.158718,
EOSS-373,AE0SS-3,2025-04-12 08:22:52.261,2025-04-12 08:22:50,29530.0,-1746.0,1070.0,descending,/142250h3930.03N/10323.65WO102/051/A=029530 -369T3221P EOSS BALLOON,"AE0SS-3>APZEOS,EOSS,WIDE2-1,qAO,N0JD-10:/142250h3930.03N/10323.65WO102/051/A=029530 -369T3221P EOSS BALLOON",102.0,59.0,39.5005,-103.3941666667,35.3,236.25,32210.0,0.00092158,0.47496473,0.00021667,-5e-05,-29.1,n/a,0.017778,-58.626239,0.056171,30.749691,0.115604,0.960213,-0.332108,-29.67169,
EOSS-373,KC0D-1,2025-04-12 08:23:01.871,2025-04-12 08:23:00,29312.0,-1726.0,1080.0,descending,/142300h3929.98N/10323.50WO113/046/A=029312 -35T3245P EOSS BALLOON,"KC0D-1>APZEOS,EOSS,WIDE2-1,qAO,N0JD-10:/142300h3929.98N/10323.50WO113/046/A=029312 -35T3245P EOSS BALLOON",113.0,53.0,39.4996666667,-103.3916666667,35.44,269.65,32450.0,0.00081345,0.41923422,0.00022222,-5.556e-05,-28.76666667,n/a,0.011111,-58.173822,0.055478,30.732811,0.114834,0.956865,-0.386358,-29.51063,
EOSS-373,AE0SS-3,2025-04-12 08:23:25.764,2025-04-12 08:23:20,28665.0,-1730.0,1100.0,descending,/142320h3929.89N/10323.23WO101/025/A=028665 -341T3347P EOSS BALLOON,"AE0SS-3>APZEOS,EOSS,WIDE2-1,qAO,N0JD-10:/142320h3929.89N/10323.23WO101/025/A=028665 -341T3347P EOSS BALLOON",101.0,29.0,39.4981666667,-103.3871666667,35.7,239.05,33470.0,0.00094642,0.48776363,0.00023333,-7.778e-05,-28.83333333,n/a,-0.002222,-57.735904,0.054603,30.709017,0.114168,0.941175,-0.497731,-29.046984,
EOSS-373,KC0D-1,2025-04-12 08:23:31.806,2025-04-12 08:23:30,28448.0,-1728.0,1110.0,descending,/142330h3929.90N/10323.11WO085/040/A=028448 -39T3372P EOSS BALLOON,"KC0D-1>APZEOS,EOSS,WIDE2-1,qAO,N0JD-10:/142330h3929.90N/10323.11WO085/040/A=028448 -39T3372P EOSS BALLOON",85.0,46.0,39.4983333333,-103.3851666667,35.8,269.25,33720.0,0.00084654,0.43628904,0.00021667,-4.444e-05,-28.8,n/a,0.001111,-57.310376,0.053805,30.680311,0.113488,0.929273,-0.464313,-28.897206,
EOSS-373,AE0SS-3,2025-04-12 08:23:53.287,2025-04-12 08:23:50,27845.0,-1640.0,1130.0,descending,/142350h3929.85N/10322.81WO112/040/A=027845 -329T3474P EOSS BALLOON,"AE0SS-3>APZEOS,EOSS,WIDE2-1,qAO,N0JD-10:/142350h3929.85N/10322.81WO112/040/A=027845 -329T3474P EOSS BALLOON",112.0,46.0,39.4975,-103.3801666667,36.07,240.25,34740.0,0.00097742,0.50374282,0.00023333,-2.222e-05,-27.33333333,n/a,0.048889,-56.875926,0.053733,30.666963,0.11264,0.963336,-0.043004,-28.499286,
EOSS-373,KC0D-1,2025-04-12 08:24:01.774,2025-04-12 08:24:00,27623.0,-1650.0,1140.0,descending,/142400h3929.82N/10322.70WO098/026/A=027623 -42T3495P EOSS BALLOON,"KC0D-1>APZEOS,EOSS,WIDE2-1,qAO,N0JD-10:/142400h3929.82N/10322.70WO098/026/A=027623 -42T3495P EOSS BALLOON",98.0,30.0,39.497,-103.3783333333,36.17,268.95,34950.0,0.0008784,0.45270791,0.00022778,-4.444e-05,-27.5,n/a,-0.005556,-56.45627,0.052873,30.645726,0.112036,0.944871,-0.52152,-28.360357,
EOSS-373,AE0SS-3,2025-04-12 08:24:25.780,2025-04-12 08:24:20,27032.0,-1626.0,1160.0,descending,/142420h3929.81N/10322.40WO103/045/A=027032 -309T3599P EOSS BALLOON,"AE0SS-3>APZEOS,EOSS,WIDE2-1,qAO,N0JD-10:/142420h3929.81N/10322.40WO103/045/A=027032 -309T3599P EOSS BALLOON",103.0,52.0,39.4968333333,-103.3733333333,36.44,242.25,35990.0,0.00100423,0.51755977,0.00022778,-2.222e-05,-27.1,n/a,0.013333,-56.042801,0.052309,30.624857,0.111322,0.945075,-0.350119,-28.012969,
EOSS-373,KC0D-1,2025-04-12 08:24:31.782,2025-04-12 08:24:30,26825.0,-1596.0,1170.0,descending,/142430h3929.79N/10322.28WO093/029/A=026825 -45T3619P EOSS BALLOON,"KC0D-1>APZEOS,EOSS,WIDE2-1,qAO,N0JD-10:/142430h3929.79N/10322.28WO093/029/A=026825 -45T3619P EOSS BALLOON",93.0,33.0,39.4965,-103.3713333333,36.54,268.65,36190.0,0.00091058,0.46929312,0.00023333,-1.667e-05,-26.6,n/a,0.016667,-55.633873,0.051807,30.605755,0.110604,0.948641,-0.31771,-27.899588,
EOSS-373,AE0SS-3,2025-04-12 08:24:53.292,2025-04-12 08:24:50,26251.0,-1562.0,1190.0,descending,/142450h3929.82N/10322.01WO089/045/A=026251 -298T3724P EOSS BALLOON,"AE0SS-3>APZEOS,EOSS,WIDE2-1,qAO,N0JD-10:/142450h3929.82N/10322.01WO089/045/A=026251 -298T3724P EOSS BALLOON",89.0,52.0,39.497,-103.3668333333,36.77,243.35,37240.0,0.00103441,0.53311484,0.00021667,5.56e-06,-26.03333333,n/a,0.018889,-55.228387,0.051349,30.589295,0.109891,0.954421,-0.295384,-27.60944,
EOSS-373,KC0D-1,2025-04-12 08:25:01.841,2025-04-12 08:25:00,26036.0,-1578.0,1200.0,descending,/142500h3929.81N/10321.88WO105/032/A=026036 -48T3744P EOSS BALLOON,"KC0D-1>APZEOS,EOSS,WIDE2-1,qAO,N0JD-10:/142500h3929.81N/10321.88WO105/032/A=026036 -48T3744P EOSS BALLOON",105.0,37.0,39.4968333333,-103.3646666667,36.89,268.35,37440.0,0.00094308,0.48604523,0.00022222,1.111e-05,-26.3,n/a,-0.008889,-54.837462,0.050524,30.564618,0.109353,0.933676,-0.543314,-27.510307,
EOSS-373,AE0SS-3,2025-04-12 08:25:26.297,2025-04-12 08:25:20,25433.0,-1636.0,1220.0,descending,/142520h3929.83N/10321.68WO064/030/A=025433 -283T3855P EOSS BALLOON,"AE0SS-3>APZEOS,EOSS,WIDE2-1,qAO,KE0UWC-9:/142520h3929.83N/10321.68WO064/030/A=025433 -283T3855P EOSS BALLOON",64.0,35.0,39.4971666667,-103.3613333333,37.06,244.85,38550.0,0.00106424,0.54848749,0.00018333,5.56e-06,-27.26666667,n/a,-0.032222,-54.469852,0.049406,30.523875,0.109027,0.89121,-0.748695,-27.261004,
EOSS-373,KC0D-1,2025-04-12 08:25:31.771,2025-04-12 08:25:30,25218.0,-1636.0,1230.0,descending,/142530h3929.86N/10321.55WO092/036/A=025218 -50T3876P EOSS BALLOON,"KC0D-1>APZEOS,EOSS,WIDE2-1,qAO,N0JD-10:/142530h3929.86N/10321.55WO092/036/A=025218 -50T3876P EOSS BALLOON",92.0,41.0,39.4976666667,-103.3591666667,37.16,268.15,38760.0,0.00097706,0.50355674,0.00018333,2.778e-05,-27.26666667,n/a,0.0,-54.111915,0.048747,30.479849,0.108438,0.880754,-0.449538,-27.18246,
EOSS-373,AE0SS-3,2025-04-12 08:25:53.214,2025-04-12 08:25:50,24605.0,-1656.0,1250.0,descending,/142550h3929.89N/10321.35WO061/027/A=024605 -255T3996P EOSS BALLOON,"AE0SS-3>APZEOS,EOSS,WIDE2-1,qAO,N0JD-10:/142550h3929.89N/10321.35WO061/027/A=024605 -255T3996P EOSS BALLOON",61.0,31.0,39.4981666667,-103.3558333333,37.33,247.65,39960.0,0.00109069,0.56212072,0.00018333,3.333e-05,-27.6,n/a,-0.011111,-53.767605,0.04796,30.429025,0.107931,0.859955,-0.547303,-26.988074,
EOSS-373,KC0D-1,2025-04-12 08:26:01.814,2025-04-12 08:26:00,24393.0,-1650.0,1260.0,descending,/142600h3929.93N/10321.25WO063/033/A=024393 -52T4015P EOSS BALLOON,"KC0D-1>APZEOS,EOSS*,WIDE2-1,qAO,W9CN-9:/142600h3929.93N/10321.25WO063/033/A=024393 -52T4015P EOSS BALLOON",63.0,38.0,39.4988333333,-103.3541666667,37.4,267.95,40150.0,0.00101286,0.52200449,0.00016667,3.889e-05,-27.5,n/a,0.003333,-53.43084,0.04738,30.376743,0.107339,0.853641,-0.410354,-26.930764,
EOSS-373,AE0SS-3,2025-04-12 08:26:26.799,2025-04-12 08:26:20,23788.0,-1634.0,1280.0,descending,/142620h3929.95N/10321.05WO060/019/A=023788 -232T4135P EOSS BALLOON,"AE0SS-3>APZEOS,EOSS,WIDE2-1,qAO,KE0UWC-9:/142620h3929.95N/10321.05WO060/019/A=023788 -232T4135P EOSS BALLOON",60.0,22.0,39.4991666667,-103.3508333333,37.57,249.95,41350.0,0.00111825,0.5763215,0.00016667,3.333e-05,-27.23333333,n/a,0.008889,-53.099226,0.046887,30.324972,0.106729,0.852957,-0.356023,-26.793412,
EOSS-373,KC0D-1,2025-04-12 08:26:31.816,2025-04-12 08:26:30,23567.0,-1652.0,1290.0,descending,/142630h3929.99N/10320.96WO075/033/A=023567 -53T4156P EOSS BALLOON,"KC0D-1>APZEOS,EOSS*,WIDE2-1,qAO,W9CN-9:/142630h3929.99N/10320.96WO075/033/A=023567 -53T4156P EOSS BALLOON",75.0,38.0,39.4998333333,-103.3493333333,37.64,267.85,41560.0,0.00104882,0.54053813,0.00016111,3.333e-05,-27.53333333,n/a,-0.01,-52.779653,0.046167,30.267698,0.106235,0.834101,-0.528705,-26.752204,
EOSS-373,AE0SS-3,2025-04-12 08:26:53.916,2025-04-12 08:26:50,22973.0,-1630.0,1310.0,descending,/142650h3929.99N/10320.78WO059/023/A=022973 -216T4278P EOSS BALLOON,"AE0SS-3>APZEOS,EOSS,WIDE2-1,qAO,K0SCC-8:/142650h3929.99N/10320.78WO059/023/A=022973 -216T4278P EOSS BALLOON",59.0,26.0,39.4998333333,-103.3463333333,37.8,251.55,42780.0,0.00114956,0.59245983,0.00015,2.222e-05,-27.16666667,n/a,0.012222,-52.463443,0.045742,30.212265,0.105629,0.837302,-0.317337,-26.661841,
EOSS-373,KC0D-1,2025-04-12 08:27:01.769,2025-04-12 08:27:00,22755.0,-1624.0,1320.0,descending,/142700h3930.01N/10320.68WO093/029/A=022755 -54T4299P EOSS BALLOON,"KC0D-1>APZEOS,EOSS,WIDE2-1,qAO,N0JD-10:/142700h3930.01N/10320.68WO093/029/A=022755 -54T4299P EOSS BALLOON",93.0,33.0,39.5001666667,-103.3446666667,37.88,267.75,42990.0,0.00108531,0.55934584,0.00015556,1.111e-05,-27.06666667,n/a,0.003333,-52.153726,0.045219,30.155893,0.105072,0.831912,-0.398641,-26.635022,
EOSS-373,AE0SS-3,2025-04-12 08:27:25.819,2025-04-12 08:27:20,22163.0,-1620.0,1340.0,descending,/142720h3930.02N/10320.49WO094/011/A=022163 -188T4426P EOSS BALLOON,"AE0SS-3>APZEOS,EOSS*,WIDE2-1,qAO,W9CN-9:/142720h3930.02N/10320.49WO094/011/A=022163 -188T4426P EOSS BALLOON",94.0,13.0,39.5003333333,-103.3415,38.04,254.35,44260.0,0.00117624,0.60620863,0.00016111,1.667e-05,-27.0,n/a,0.002222,-51.850669,0.044694,30.098354,0.10453,0.825649,-0.406314,-26.574526,
EOSS-373,AE0SS-3,2025-04-12 08:27:52.437,2025-04-12 08:27:50,21276.0,-1774.0,1370.0,descending,/142750h3930.04N/10320.24WO105/024/A=021276 -161T4585P EOSS BALLOON,"AE0SS-3>APZEOS,EOSS*,WIDE2-1,qAO,N0JPS-9:/142750h3930.04N/10320.24WO105/024/A=021276 -161T4585P EOSS BALLOON",105.0,28.0,39.5006666667,-103.3373333333,38.26,257.05,45850.0,0.0012057,0.62138989,0.00013889,1.111e-05,-29.56666667,n/a,-0.085556,-51.585384,0.043125,30.015128,0.10487,0.733587,-1.227053,-26.498334,
EOSS-373,KC0D-1,2025-04-12 08:28:01.862,2025-04-12 08:28:00,21069.0,-1686.0,1380.0,descending,/142800h3930.06N/10320.14WO066/025/A=021069 -56T4608P EOSS BALLOON,"KC0D-1>APZEOS,EOSS,WIDE2-1,qAO,N0JD-10:/142800h3930.06N/10320.14WO066/025/A=021069 -56T4608P EOSS BALLOON",66.0,29.0,39.501,-103.3356666667,38.34,267.55,46080.0,0.00116419,0.59999822,0.00015,1.389e-05,-28.1,n/a,0.024444,-51.309085,0.042903,29.944479,0.104256,0.775071,-0.177055,-26.479338,
EOSS-373,AE0SS-3,2025-04-12 08:28:25.806,2025-04-12 08:28:20,20431.0,-1690.0,1400.0,descending,/142820h3930.07N/10319.94WO091/031/A=020431 -140T4744P EOSS BALLOON,"AE0SS-3>APZEOS,EOSS,WIDE2-1,qAO,N0JD-10:/142820h3930.07N/10319.94WO091/031/A=020431 -140T4744P EOSS BALLOON",91.0,36.0,39.5011666667,-103.3323333333,38.51,259.15,47440.0,0.0012374,0.63772863,0.00016667,1.667e-05,-28.16666667,n/a,-0.002222,-51.039987,0.042372,29.872233,0.103749,0.765705,-0.429826,-26.407891,
EOSS-373,KC0D-1,2025-04-12 08:28:31.821,2025-04-12 08:28:30,20214.0,-1710.0,1410.0,descending,/142830h3930.07N/10319.89WO068/018/A=020214 -54T4769P EOSS BALLOON,"KC0D-1>APZEOS,EOSS,WIDE2-1,qAO,N0JD-10:/142830h3930.07N/10319.89WO068/018/A=020214 -54T4769P EOSS BALLOON",68.0,21.0,39.5011666667,-103.3315,38.56,267.75,47690.0,0.00120396,0.62049787,0.00013889,5.56e-06,-28.5,n/a,-0.011111,-50.780907,0.04175,29.796205,0.103298,0.747777,-0.511733,-26.376933,
EOSS-373,AE0SS-3,2025-04-12 08:28:53.771,2025-04-12 08:28:50,19612.0,-1638.0,1430.0,descending,/142850h3930.08N/10319.69WO105/020/A=019612 -124T4903P EOSS BALLOON,"AE0SS-3>APZEOS,EOSS,WIDE2-1,qAO,N0JD-10:/142850h3930.08N/10319.69WO105/020/A=019612 -124T4903P EOSS BALLOON",105.0,23.0,39.5013333333,-103.3281666667,38.73,260.75,49030.0,0.00127102,0.65505841,0.00013889,5.56e-06,-27.3,n/a,0.04,-50.514078,0.04173,29.730026,0.102696,0.780829,-0.016846,-26.26517,
EOSS-373,KC0D-1,2025-04-12 08:29:01.760,2025-04-12 08:29:00,19406.0,-1616.0,1440.0,descending,/142900h3930.07N/10319.63WO092/014/A=019406 -53T4926P EOSS BALLOON,"KC0D-1>APZEOS,EOSS,WIDE2-1,qAO,N0JD-10:/142900h3930.07N/10319.63WO092/014/A=019406 -53T4926P EOSS BALLOON",92.0,16.0,39.5011666667,-103.3271666667,38.78,267.85,49260.0,0.00124314,0.64068596,0.00014444,0.0,-26.93333333,n/a,0.012222,-50.249126,0.041394,29.666112,0.102152,0.78594,-0.285574,-26.216266,
EOSS-373,AE0SS-3,2025-04-12 08:29:25.738,2025-04-12 08:29:20,18819.0,-1586.0,1460.0,descending,/142920h3930.12N/10319.48WO079/031/A=018819 -95T5059P EOSS BALLOON,"AE0SS-3>APZEOS,EOSS,WIDE2-1,qAO,N0JD-10:/142920h3930.12N/10319.48WO079/031/A=018819 -95T5059P EOSS BALLOON",79.0,36.0,39.502,-103.3246666667,38.9,263.65,50590.0,0.00129704,0.66846605,0.00011667,2.222e-05,-26.43333333,n/a,0.016667,-49.984506,0.041117,29.605604,0.101604,0.795497,-0.24064,-26.040099,
EOSS-373,KC0D-1,2025-04-12 08:29:31.816,2025-04-12 08:29:30,18630.0,-1552.0,1470.0,descending,/142930h3930.11N/10319.40WO103/017/A=018630 -53T5080P EOSS BALLOON,"KC0D-1>APZEOS,EOSS,WIDE2-1,qAO,N0JD-10:/142930h3930.11N/10319.40WO103/017/A=018630 -53T5080P EOSS BALLOON",103.0,20.0,39.5018333333,-103.3233333333,38.97,267.85,50800.0,0.001282,0.66071552,0.00012778,2.222e-05,-25.86666667,n/a,0.018889,-49.719475,0.04087,29.549027,0.101059,0.807228,-0.217507,-25.970339,
EOSS-373,AE0SS-3,2025-04-12 08:29:53.759,2025-04-12 08:29:50,18061.0,-1516.0,1490.0,descending,/142950h3930.14N/10319.27WO080/031/A=018061 -77T5212P EOSS BALLOON,"AE0SS-3>APZEOS,EOSS,WIDE2-1,qAO,N0JD-10:/142950h3930.14N/10319.27WO080/031/A=018061 -77T5212P EOSS BALLOON",80.0,36.0,39.5023333333,-103.3211666667,39.08,265.45,52120.0,0.0013272,0.68401264,0.00011667,1.111e-05,-25.26666667,n/a,0.02,-49.453684,0.04064,29.496598,0.10052,0.819993,-0.205332,-25.716857,
EOSS-373,KC0D-1,2025-04-12 08:30:01.760,2025-04-12 08:30:00,17876.0,-1508.0,1500.0,descending,/143000h3930.13N/10319.19WO103/016/A=017876 -52T5235P EOSS BALLOON,"KC0D-1>APZEOS,EOSS,WIDE2-1,qAO,N0JD-10:/143000h3930.13N/10319.19WO103/016/A=017876 -52T5235P EOSS BALLOON",103.0,18.0,39.5021666667,-103.3198333333,39.15,267.95,52350.0,0.00132062,0.68062104,0.00011667,1.111e-05,-25.13333333,n/a,0.004444,-49.192174,0.040247,29.444053,0.100037,0.817104,-0.357898,-25.619416,
EOSS-373,AE0SS-3,2025-04-12 08:30:25.956,2025-04-12 08:30:20,17318.0,-1486.0,1520.0,descending,/143020h3930.14N/10319.03WO107/026/A=017318 -68T5364P EOSS BALLOON,"AE0SS-3>APZEOS,EOSS,WIDE2-1,qAO,W9CN-9:/143020h3930.14N/10319.03WO107/026/A=017318 -68T5364P EOSS BALLOON",107.0,30.0,39.5023333333,-103.3171666667,39.29,266.35,53640.0,0.00136129,0.70158213,0.00013333,0.0,-24.76666667,n/a,0.012222,-48.932329,0.039946,29.393487,0.099534,0.822143,-0.278538,-25.277867,
EOSS-373,KC0D-1,2025-04-12 08:30:31.772,2025-04-12 08:30:30,17148.0,-1456.0,1530.0,descending,/143030h3930.12N/10318.98WO123/014/A=017148 -50T5386P EOSS BALLOON,"KC0D-1>APZEOS,EOSS,WIDE2-1,qAO,N0JD-10:/143030h3930.12N/10318.98WO123/014/A=017148 -50T5386P EOSS BALLOON",123.0,16.0,39.502,-103.3163333333,39.34,268.15,53860.0,0.0013577,0.69973081,0.00011667,-5.56e-06,-24.26666667,n/a,0.016667,-48.67269,0.039698,29.346038,0.099027,0.831663,-0.232573,-25.15921,
EOSS-373,AE0SS-3,2025-04-12 08:30:53.315,2025-04-12 08:30:50,16607.0,-1422.0,1550.0,descending,/143050h3930.11N/10318.85WO105/027/A=016607 -49T5518P EOSS BALLOON,"AE0SS-3>APZEOS,EOSS,WIDE2-1,qAO,N0JD-10:/143050h3930.11N/10318.85WO105/027/A=016607 -49T5518P EOSS BALLOON",105.0,31.0,39.5018333333,-103.3141666667,39.45,268.25,55180.0,0.00139046,0.71661256,0.0001,-1.667e-05,-23.7,n/a,0.018889,-48.412558,0.039479,29.302236,0.098522,0.843368,-0.208989,-24.735805,
EOSS-373,KC0D-1,2025-04-12 08:31:01.791,2025-04-12 08:31:00,16438.0,-1420.0,1560.0,descending,/143100h3930.09N/10318.79WO126/011/A=016438 -48T5537P EOSS BALLOON,"KC0D-1>APZEOS,EOSS,WIDE2-1,qAO,N0JD-10:/143100h3930.09N/10318.79WO126/011/A=016438 -48T5537P EOSS BALLOON",126.0,13.0,39.5015,-103.3131666667,39.51,268.35,55370.0,0.00139473,0.71881209,0.00010556,-1.667e-05,-23.66666667,n/a,0.001111,-48.157446,0.039079,29.257307,0.09808,0.837082,-0.387113,-24.589457,
EOSS-373,AE0SS-3,2025-04-12 08:31:25.814,2025-04-12 08:31:20,15916.0,-1382.0,1580.0,descending,/143120h3930.10N/10318.68WO080/022/A=015916 -35T5666P EOSS BALLOON,"AE0SS-3>APZEOS,EOSS,WIDE2-1,qAO,N0JD-10:/143120h3930.10N/10318.68WO080/022/A=015916 -35T5666P EOSS BALLOON",80.0,25.0,39.5016666667,-103.3113333333,39.6,269.65,56660.0,0.00142034,0.73201266,9.444e-05,-5.56e-06,-23.03333333,n/a,0.021111,-47.901077,0.038894,29.216543,0.097585,0.851153,-0.182231,-24.097288,
EOSS-373,KC0D-1,2025-04-12 08:31:31.821,2025-04-12 08:31:30,15763.0,-1350.0,1590.0,descending,/143130h3930.09N/10318.61WO119/019/A=015763 -46T5685P EOSS BALLOON,"KC0D-1>APZEOS,EOSS,WIDE2-1,qAO,N0JD-10:/143130h3930.09N/10318.61WO119/019/A=015763 -46T5685P EOSS BALLOON",119.0,22.0,39.5015,-103.3101666667,39.67,268.55,56850.0,0.00143094,0.73747578,0.0001,0.0,-22.5,n/a,0.017778,-47.644501,0.038678,29.17899,0.097104,0.861733,-0.215233,-23.942252,
EOSS-373,AE0SS-3,2025-04-12 08:31:53.845,2025-04-12 08:31:50,15276.0,-1280.0,1610.0,descending,/143150h3930.06N/10318.53WO061/007/A=015276 12T5808P EOSS BALLOON,"AE0SS-3>APZEOS,EOSS,WIDE2-1,qAO,N0JD-10:/143150h3930.06N/10318.53WO061/007/A=015276 12T5808P EOSS BALLOON",61.0,8.0,39.501,-103.3088333333,39.74,274.35,58080.0,0.00143099,0.73750351,8.333e-05,-2.222e-05,-21.33333333,n/a,0.038889,-47.381389,0.038681,29.150233,0.096607,0.89358,0.002153,-23.420402,
EOSS-373,KC0D-1,2025-04-12 08:32:01.850,2025-04-12 08:32:00,15126.0,-1274.0,1620.0,descending,/143200h3930.09N/10318.49WO069/021/A=015126 -43T5825P EOSS BALLOON,"KC0D-1>APZEOS,EOSS,WIDE2-1,qAO,N0JD-10:/143200h3930.09N/10318.49WO069/021/A=015126 -43T5825P EOSS BALLOON",69.0,24.0,39.5015,-103.3081666667,39.77,268.85,58250.0,0.00146454,0.75479382,6.667e-05,0.0,-21.23333333,n/a,0.003333,-47.122497,0.038327,29.120581,0.096183,0.889033,-0.363827,-23.252095,
EOSS-373,KC0D-1,2025-04-12 08:32:31.855,2025-04-12 08:32:30,14533.0,-1186.0,1650.0,descending,/143230h3930.12N/10318.38WO028/014/A=014533 -40T5960P EOSS BALLOON,"KC0D-1>APZEOS,EOSS,WIDE2-1,qAO,N0JD-10:/143230h3930.12N/10318.38WO028/014/A=014533 -40T5960P EOSS BALLOON",28.0,16.0,39.502,-103.3063333333,39.86,269.15,59600.0,0.00149681,0.77142609,6.111e-05,1.667e-05,-19.76666667,n/a,0.048889,-46.854303,0.038432,29.102385,0.095707,0.93077,0.109261,-22.561902,
EOSS-373,AE0SS-3,2025-04-12 08:32:54.292,2025-04-12 08:32:50,14045.0,-1231.0,1670.0,descending,/143250h3930.14N/10318.30WO147/010/A=014045 19T6086P EOSS BALLOON,"AE0SS-3>APZEOS,EOSS,WIDE2-1,qAO,N0JD-10:/143250h3930.14N/10318.30WO147/010/A=014045 19T6086P EOSS BALLOON",147.0,12.0,39.5023333333,-103.305,39.93,275.05,60860.0,0.00149567,0.77083735,6.389e-05,2.222e-05,-20.51666667,n/a,-0.0125,-46.598598,0.037932,29.07542,0.095365,0.897044,-0.528831,-21.979302,
EOSS-373,KC0D-1,2025-04-12 08:33:01.799,2025-04-12 08:33:00,13890.0,-1286.0,1680.0,descending,/143300h3930.14N/10318.32WO335/004/A=013890 -37T6107P EOSS BALLOON,"KC0D-1>APZEOS,EOSS,WIDE2-1,qAO,N0JD-10:/143300h3930.14N/10318.32WO335/004/A=013890 -37T6107P EOSS BALLOON",335.0,5.0,39.5023333333,-103.3053333333,39.91,269.45,61070.0,0.00153202,0.7895728,3.333e-05,1.111e-05,-21.43333333,n/a,-0.030556,-46.356624,0.037267,29.038971,0.095136,0.85827,-0.712906,-21.794808,
EOSS-373,AE0SS-3,2025-04-12 08:33:27.090,2025-04-12 08:33:20,13414.0,-1262.0,1700.0,descending,/143320h3930.13N/10318.28WO177/009/A=013414 28T6233P EOSS BALLOON,"AE0SS-3>APZEOS,EOSS*,WIDE2-1,qAO,W9CN-9:/143320h3930.13N/10318.28WO177/009/A=013414 28T6233P EOSS BALLOON",177.0,10.0,39.5021666667,-103.3046666667,39.95,275.95,62330.0,0.0015268,0.78688121,1.111e-05,-5.56e-06,-21.03333333,n/a,0.013333,-46.11545,0.037037,29.004497,0.094702,0.864766,-0.250301,-21.240347,
EOSS-373,KC0D-1,2025-04-12 08:33:31.845,2025-04-12 08:33:30,13247.0,-1286.0,1710.0,descending,/143330h3930.13N/10318.29WO173/008/A=013247 -33T6257P EOSS BALLOON,"KC0D-1>APZEOS,EOSS,WIDE2-1,qAO,N0JD-10:/143330h3930.13N/10318.29WO173/008/A=013247 -33T6257P EOSS BALLOON",173.0,9.0,39.5021666667,-103.3048333333,39.94,269.85,62570.0,0.00156733,0.80776714,1.667e-05,-5.56e-06,-21.43333333,n/a,-0.013333,-45.8826,0.036558,28.965429,0.094374,0.844084,-0.528652,-21.053054,
EOSS-373,AE0SS-3,2025-04-12 08:33:53.346,2025-04-12 08:33:50,12772.0,-1284.0,1730.0,descending,/143350h3930.14N/10318.27WO307/006/A=012772 51T6388P EOSS BALLOON,"AE0SS-3>APZEOS,EOSS,WIDE2-1,qAO,N0JD-10:/143350h3930.14N/10318.27WO307/006/A=012772 51T6388P EOSS BALLOON",307.0,7.0,39.5023333333,-103.3045,39.95,278.25,63880.0,0.00155184,0.79978303,5.56e-06,5.56e-06,-21.4,n/a,0.001111,-45.65379,0.036223,28.925471,0.093987,0.838492,-0.373584,-20.553181,
EOSS-373,KC0D-1,2025-04-12 08:34:01.801,2025-04-12 08:34:00,12606.0,-1282.0,1740.0,descending,/143400h3930.13N/10318.29WO187/008/A=012606 -30T6412P EOSS BALLOON,"KC0D-1>APZEOS,EOSS,WIDE2-1,qAO,N0JD-10:/143400h3930.13N/10318.29WO187/008/A=012606 -30T6412P EOSS BALLOON",187.0,9.0,39.5021666667,-103.3048333333,39.94,270.15,64120.0,0.00160437,0.82685811,0.0,0.0,-21.36666667,n/a,0.001111,-45.428909,0.035895,28.884687,0.093604,0.833045,-0.371608,-20.393194,
EOSS-373,AE0SS-3,2025-04-12 08:34:25.275,2025-04-12 08:34:20,12114.0,-1316.0,1760.0,descending,/143420h3930.13N/10318.27WO238/001/A=012114 79T6548P EOSS BALLOON,"AE0SS-3>APZEOS,EOSS*,WIDE2-1,qAO,W9CN-9:/143420h3930.13N/10318.27WO238/001/A=012114 79T6548P EOSS BALLOON",238.0,1.0,39.5021666667,-103.3045,39.95,281.05,65480.0,0.00157486,0.81164764,0.0,-5.56e-06,-21.93333333,n/a,-0.018889,-45.213354,0.035388,28.838594,0.093314,0.807252,-0.58166,-19.977865,
EOSS-373,KC0D-1,2025-04-12 08:34:31.816,2025-04-12 08:34:30,11952.0,-1308.0,1770.0,descending,/143430h3930.16N/10318.27WO002/008/A=011952 -26T6570P EOSS BALLOON,"KC0D-1>APZEOS,EOSS,WIDE2-1,qAO,N0JD-10:/143430h3930.16N/10318.27WO002/008/A=011952 -26T6570P EOSS BALLOON",2.0,9.0,39.5026666667,-103.3045,39.95,270.55,65700.0,0.00164147,0.84598036,1.111e-05,1.667e-05,-21.8,n/a,0.004444,-45.000505,0.035104,28.792673,0.092929,0.805778,-0.329929,-19.863691,
EOSS-373,AE0SS-3,2025-04-12 08:34:52.680,2025-04-12 08:34:50,11510.0,-1208.0,1790.0,descending,/143450h3930.19N/10318.26WO357/008/A=011510 73T6698P EOSS BALLOON,"AE0SS-3>APZEOS,EOSS*,WIDE2-1,qAO,N0JPS-9:/143450h3930.19N/10318.26WO357/008/A=011510 73T6698P EOSS BALLOON",357.0,9.0,39.5031666667,-103.3043333333,39.95,280.45,66980.0,0.00161438,0.8320169,5.56e-06,3.333e-05,-20.13333333,n/a,0.055556,-44.776476,0.03529,28.75852,0.092522,0.856899,0.21904,-19.619792,
EOSS-373,KC0D-1,2025-04-12 08:35:01.794,2025-04-12 08:35:00,11345.0,-1214.0,1800.0,descending,/143500h3930.22N/10318.25WO042/011/A=011345 -22T6720P EOSS BALLOON,"KC0D-1>APZEOS,EOSS,WIDE2-1,qAO,N0JD-10:/143500h3930.22N/10318.25WO042/011/A=011345 -22T6720P EOSS BALLOON",42.0,13.0,39.5036666667,-103.3041666667,39.95,270.95,67200.0,0.00167647,0.86401755,1.111e-05,3.333e-05,-20.23333333,n/a,-0.003333,-44.557341,0.034942,28.722462,0.092173,0.846864,-0.415252,-19.556702,
EOSS-373,AE0SS-3,2025-04-12 08:35:26.646,2025-04-12 08:35:20,10887.0,-1246.0,1820.0,descending,/143520h3930.24N/10318.19WO090/008/A=010887 81T6847P EOSS BALLOON,"AE0SS-3>APZEOS,EOSS*,WIDE2-1,qAO,N0JPS-9:/143520h3930.24N/10318.19WO090/008/A=010887 81T6847P EOSS BALLOON",90.0,9.0,39.504,-103.3031666667,40.0,281.25,68470.0,0.0016456,0.84810621,3.889e-05,2.778e-05,-20.76666667,n/a,-0.017778,-44.346804,0.034471,28.681401,0.091892,0.82214,-0.568591,-19.470008,
EOSS-373,KC0D-1,2025-04-12 08:35:31.858,2025-04-12 08:35:30,10742.0,-1206.0,1830.0,descending,/143530h3930.24N/10318.17WO124/007/A=010742 -17T6872P EOSS BALLOON,"KC0D-1>APZEOS,EOSS,WIDE2-1,qAO,N0JD-10:/143530h3930.24N/10318.17WO124/007/A=010742 -17T6872P EOSS BALLOON",124.0,8.0,39.504,-103.3028333333,40.02,271.45,68720.0,0.00171123,0.88193333,4.444e-05,1.111e-05,-20.1,n/a,0.022222,-44.134113,0.034363,28.644371,0.091489,0.839052,-0.132704,-19.471164,
EOSS-373,AE0SS-3,2025-04-12 08:35:54.200,2025-04-12 08:35:50,10270.0,-1234.0,1850.0,descending,/143550h3930.23N/10318.17WO287/004/A=010270 99T7007P EOSS BALLOON,"AE0SS-3>APZEOS,EOSS*,WIDE2-1,qAO,W9CN-9:/143550h3930.23N/10318.17WO287/004/A=010270 99T7007P EOSS BALLOON",287.0,5.0,39.5038333333,-103.3028333333,40.02,283.05,70070.0,0.00167334,0.86240528,1.111e-05,-5.56e-06,-20.56666667,n/a,-0.015556,-43.929179,0.033925,28.603014,0.091203,0.816785,-0.542537,-19.574346,
EOSS-373,KC0D-1,2025-04-12 08:36:01.824,2025-04-12 08:36:00,10099.0,-1286.0,1860.0,descending,/143600h3930.25N/10318.17WO008/009/A=010099 -12T7037P EOSS BALLOON,"KC0D-1>APZEOS,EOSS,WIDE2-1,qAO,N0JD-10:/143600h3930.25N/10318.17WO008/009/A=010099 -12T7037P EOSS BALLOON",8.0,10.0,39.5041666667,-103.3028333333,40.02,271.95,70370.0,0.0017491,0.90144853,0.0,5.56e-06,-21.43333333,n/a,-0.028889,-43.735249,0.033379,28.554874,0.090991,0.78102,-0.684331,-19.649395,
EOSS-373,AE0SS-3,2025-04-12 08:36:24.783,2025-04-12 08:36:20,9643.0,-1254.0,1880.0,descending,/143620h3930.26N/10318.12WO158/009/A=009643 112T7163P EOSS BALLOON,"AE0SS-3>APZEOS,EOSS,WIDE2-1,qAO,N0JD-10:/143620h3930.26N/10318.12WO158/009/A=009643 112T7163P EOSS BALLOON",158.0,10.0,39.5043333333,-103.302,40.06,284.35,71630.0,0.00170278,0.87757485,2.778e-05,1.667e-05,-20.9,n/a,0.017778,-43.540076,0.033244,28.509796,0.090606,0.794116,-0.170695,-19.943191,
EOSS-373,KC0D-1,2025-04-12 08:36:31.885,2025-04-12 08:36:30,9491.0,-1216.0,1890.0,descending,/143630h3930.25N/10318.13WO240/003/A=009491 -7T7196P EOSS BALLOON,"KC0D-1>APZEOS,EOSS,WIDE2-1,qAO,N0JD-10:/143630h3930.25N/10318.13WO240/003/A=009491 -7T7196P EOSS BALLOON",240.0,3.0,39.5041666667,-103.3021666667,40.05,272.45,71960.0,0.00178534,0.92012492,2.222e-05,0.0,-20.26666667,n/a,0.021111,-43.342844,0.03314,28.468433,0.090221,0.810588,-0.133328,-20.069083,
EOSS-373,AE0SS-3,2025-04-12 08:36:53.302,2025-04-12 08:36:50,9032.0,-1222.0,1910.0,descending,/143650h3930.26N/10318.08WO121/014/A=009032 111T7324P EOSS BALLOON,"AE0SS-3>APZEOS,EOSS,WIDE2-1,qAO,N0JD-10:/143650h3930.26N/10318.08WO121/014/A=009032 111T7324P EOSS BALLOON",121.0,16.0,39.5043333333,-103.3013333333,40.09,284.25,73240.0,0.00174166,0.89761543,2.222e-05,0.0,-20.36666667,n/a,-0.003333,-43.149767,0.032831,28.425686,0.089898,0.801497,-0.402278,-20.517648,
EOSS-373,KC0D-1,2025-04-12 08:37:02.403,2025-04-12 08:37:00,8878.0,-1226.0,1920.0,descending,/143700h3930.26N/10318.08WO155/005/A=008878 -1T7359P EOSS BALLOON,"KC0D-1>APZEOS,EOSS,WIDE2-1,qAO,KE0UWC-9:/143700h3930.26N/10318.08WO155/005/A=008878 -1T7359P EOSS BALLOON",155.0,6.0,39.5043333333,-103.3013333333,40.09,273.05,73590.0,0.00182177,0.93889942,2.778e-05,5.56e-06,-20.43333333,n/a,-0.002222,-42.960463,0.032537,28.381857,0.089574,0.793716,-0.388048,-20.685282,
EOSS-373,AE0SS-3,2025-04-12 08:37:24.852,2025-04-12 08:37:20,8407.0,-1250.0,1940.0,descending,/143720h3930.23N/10318.01WO150/010/A=008407 152T7493P EOSS BALLOON,"AE0SS-3>APZEOS,EOSS,WIDE2-1,qAO,N0JD-10:/143720h3930.23N/10318.01WO150/010/A=008407 152T7493P EOSS BALLOON",150.0,12.0,39.5038333333,-103.3001666667,40.16,288.35,74930.0,0.00175651,0.9052702,3.889e-05,-1.667e-05,-20.83333333,n/a,-0.013333,-42.777594,0.032155,28.334845,0.089295,0.774462,-0.509413,-21.214982,
EOSS-373,KC0D-1,2025-04-12 08:37:31.799,2025-04-12 08:37:30,8254.0,-1248.0,1950.0,descending,/143730h3930.21N/10318.01WO148/003/A=008254 3T7527P EOSS BALLOON,"KC0D-1>APZEOS,EOSS,WIDE2-1,qAO,N0JD-10:/143730h3930.21N/10318.01WO148/003/A=008254 3T7527P EOSS BALLOON",148.0,3.0,39.5035,-103.3001666667,40.16,273.45,75270.0,0.00186063,0.95892897,3.889e-05,-2.778e-05,-20.8,n/a,0.001111,-42.59745,0.031898,28.287583,0.088967,0.770566,-0.34605,-21.381272,
EOSS-373,AE0SS-3,2025-04-12 08:37:54.747,2025-04-12 08:37:50,7800.0,-1214.0,1970.0,descending,/143750h3930.21N/10317.97WO106/015/A=007800 172T7658P EOSS BALLOON,"AE0SS-3>APZEOS,EOSS*,WIDE2-1,qAO,N0JPS-9:/143750h3930.21N/10317.97WO106/015/A=007800 172T7658P EOSS BALLOON",106.0,17.0,39.5035,-103.2995,40.2,290.35,76580.0,0.00178283,0.91883172,2.222e-05,-1.111e-05,-20.23333333,n/a,0.018889,-42.415628,0.031791,28.24349,0.088606,0.785395,-0.145611,-21.799538,
EOSS-373,KC0D-1,2025-04-12 08:38:02.259,2025-04-12 08:38:00,7644.0,-1220.0,1980.0,descending,/143800h3930.18N/10317.94WO153/012/A=007644 9T7694P EOSS BALLOON,"KC0D-1>APZEOS,EOSS*,WIDE2-1,qAO,W9CN-9:/143800h3930.18N/10317.94WO153/012/A=007644 9T7694P EOSS BALLOON",153.0,14.0,39.503,-103.299,40.23,274.05,76940.0,0.00189775,0.97805848,3.889e-05,-1.667e-05,-20.33333333,n/a,-0.003333,-42.237545,0.031506,28.19826,0.088299,0.776793,-0.394557,-21.899274,
EOSS-373,AE0SS-3,2025-04-12 08:38:26.412,2025-04-12 08:38:20,7190.0,-1220.0,2000.0,descending,/143820h3930.17N/10317.89WO119/019/A=007190 166T7820P EOSS BALLOON,"AE0SS-3>APZEOS,EOSS,WIDE2-1,qAO,KE0UWC-9:/143820h3930.17N/10317.89WO119/019/A=007190 166T7820P EOSS BALLOON",119.0,22.0,39.5028333333,-103.2981666667,40.28,289.75,78200.0,0.00182431,0.94021193,4.444e-05,-2.222e-05,-20.33333333,n/a,0.0,-42.062311,0.031252,28.152581,0.087985,0.771829,-0.355197,-21.970839,
EOSS-373,KC0D-1,2025-04-12 08:38:32.319,2025-04-12 08:38:30,7046.0,-1196.0,2010.0,descending,/143830h3930.14N/10317.87WO173/006/A=007046 15T7859P EOSS BALLOON,"KC0D-1>APZEOS,EOSS*,WIDE2-1,qAO,W9CN-9:/143830h3930.14N/10317.87WO173/006/A=007046 15T7859P EOSS BALLOON",173.0,7.0,39.5023333333,-103.2978333333,40.3,274.65,78590.0,0.00193421,0.99685074,3.889e-05,-2.222e-05,-19.93333333,n/a,0.013333,-41.886684,0.031108,28.108961,0.087644,0.781009,-0.202809,-21.901223,
EOSS-373,AE0SS-3,2025-04-12 08:38:53.857,2025-04-12 08:38:50,6591.0,-1198.0,2030.0,descending,/143850h3930.13N/10317.79WO127/018/A=006591 176T7985P EOSS BALLOON,"AE0SS-3>APZEOS,EOSS,WIDE2-1,qAO,KE0UWC-9:/143850h3930.13N/10317.79WO127/018/A=006591 176T7985P EOSS BALLOON",127.0,21.0,39.5021666667,-103.2965,40.37,290.75,79850.0,0.0018564,0.95674818,5.556e-05,-2.222e-05,-19.96666667,n/a,-0.001111,-41.714086,0.030853,28.064681,0.08734,0.774903,-0.365972,-21.259438,
EOSS-373,KC0D-1,2025-04-12 08:39:02.302,2025-04-12 08:39:00,6449.0,-1194.0,2040.0,descending,/143900h3930.11N/10317.78WO097/004/A=006449 22T8028P EOSS BALLOON,"KC0D-1>APZEOS,EOSS*,WIDE2-1,qAO,W9CN-9:/143900h3930.11N/10317.78WO097/004/A=006449 22T8028P EOSS BALLOON",97.0,5.0,39.5018333333,-103.2963333333,40.39,275.35,80280.0,0.00197078,1.01569831,5e-05,-1.667e-05,-19.9,n/a,0.002222,-41.543663,0.030627,28.020388,0.08703,0.772426,-0.326382,-20.894187,
EOSS-373,AE0SS-3,2025-04-12 08:39:25.306,2025-04-12 08:39:20,5986.0,-1210.0,2060.0,descending,/143920h3930.09N/10317.68WO139/016/A=005986 212T8158P EOSS BALLOON,"AE0SS-3>APZEOS,EOSS,WIDE2-1,qAO,KE0UWC-9:/143920h3930.09N/10317.68WO139/016/A=005986 212T8158P EOSS BALLOON",139.0,18.0,39.5015,-103.2946666667,40.48,294.35,81580.0,0.00187342,0.96552186,6.111e-05,-2.222e-05,-20.16666667,n/a,-0.008889,-41.37795,0.030319,27.974107,0.086757,0.758247,-0.451929,-18.969318,
EOSS-373,KC0D-1,2025-04-12 08:39:32.336,2025-04-12 08:39:30,5844.0,-1210.0,2070.0,descending,/143930h3930.07N/10317.67WO109/006/A=005844 28T8200P EOSS BALLOON,"KC0D-1>APZEOS,EOSS,WIDE2-1,qAO,KE0UWC-9:/143930h3930.07N/10317.67WO109/006/A=005844 28T8200P EOSS BALLOON",109.0,7.0,39.5011666667,-103.2945,40.49,275.95,82000.0,0.00200863,1.03520391,6.111e-05,-2.222e-05,-20.16666667,n/a,0.0,-41.214786,0.030083,27.927501,0.086458,0.75367,-0.347949,-18.105999,
EOSS-373,AE0SS-3,2025-04-12 08:39:52.312,2025-04-12 08:39:50,5403.0,-1166.0,2090.0,descending,/143950h3930.06N/10317.56WO121/020/A=005403 224T8327P EOSS BALLOON,"AE0SS-3>APZEOS,EOSS*,WIDE2-1,qAO,W9CN-9:/143950h3930.06N/10317.56WO121/020/A=005403 224T8327P EOSS BALLOON",121.0,23.0,39.501,-103.2926666667,40.59,295.55,83270.0,0.00190447,0.98152203,6.667e-05,-1.667e-05,-19.43333333,n/a,0.024444,-41.048516,0.03004,27.884895,0.086124,0.775157,-0.064976,-14.374126,
EOSS-373,KC0D-1,2025-04-12 08:40:02.699,2025-04-12 08:40:00,5257.0,-1174.0,2100.0,descending,/144000h3930.04N/10317.54WO150/007/A=005257 35T8372P EOSS BALLOON,"KC0D-1>APZEOS,EOSS*,WIDE2-1,qAO,W9CN-9:/144000h3930.04N/10317.54WO150/007/A=005257 35T8372P EOSS BALLOON",150.0,8.0,39.5006666667,-103.2923333333,40.61,276.65,83720.0,0.00204557,1.05424365,7.222e-05,-1.667e-05,-19.56666667,n/a,-0.004444,-40.885774,0.029777,27.841115,0.085845,0.765742,-0.398637,-12.725518,
EOSS-373,AE0SS-3,2025-04-12 08:40:25.719,2025-04-12 08:40:20,5084.0,-638.0,2120.0,descending,/144020h3930.03N/10317.53WO047/000/A=005084 225T8420P EOSS BALLOON,"AE0SS-3>APZEOS,EOSS,WIDE2-1,qAO,W9CN-9:/144020h3930.03N/10317.53WO047/000/A=005084 225T8420P EOSS BALLOON",47.0,0.0,39.5005,-103.2921666667,40.62,295.65,84200.0,0.00192509,0.99214845,1.667e-05,-1.667e-05,-10.63333333,n/a,0.297778,-40.658312,0.031807,27.859232,0.088641,1.077739,3.000542,-10.458996,
EOSS-373,KC0D-1,2025-04-12 08:44:01.981,2025-04-12 08:44:00,5099.0,-39.5,2340.0,descending,/144400h3930.04N/10317.53WO100/000/A=005099 87T8428P EOSS BALLOON,"KC0D-1>APZEOS,EOSS*,WIDE2-1,qAO,N0JPS-9:/144400h3930.04N/10317.53WO100/000/A=005099 87T8428P EOSS BALLOON",100.0,0.0,39.5006666667,-103.2921666667,40.62,281.85,84280.0,0.00202126,1.04171505,6.9e-07,0.0,-0.65833333,n/a,0.041562,-40.359805,0.031881,27.96858,0.088309,1.419503,0.109626,-10.669839,
