flightid,callsign,receivetime,packettime,altitude_ft,altitude_m,vert_rate_ftmin,elapsed_secs,flight_phase,info,raw,bearing,speed_mph,speed_kph,latitude,longitude,distance_from_launch_mi,distance_from_launch_km,temperature_f,temperature_c,temperature_k,pressure_pa,pressure_atm,airdensity_slugs,airdensity_kgm3,velocity_x_degs,velocity_y_degs,velocity_z_fts,velocity_z_ms,airflow,acceleration_fts2,velocity_mean_fts,acceleration_mean_fts2,velocity_std_fts,acceleration_std_fts2,velocity_norm_fts,acceleration_norm_fts2,velocity_curvefit_fts,acceleration_ms2,velocity_mean_ms,acceleration_mean_ms2,velocity_std_ms,acceleration_std_ms2,velocity_norm_ms,acceleration_norm_ms2,velocity_curvefit_ms,reynolds_transition
EOSS-345,AE0SS-13,2023-07-29 06:40:11.609,2023-07-29 06:40:11,5362.0,1634.34,0.0,0.0,ascending,/124011h3914.17N/10341.80WO066/000EOSS Baloon/A=005362!W36!,"AE0SS-13>APTT4,EOSS,qAO,AE0SS-1:/124011h3914.17N/10341.80WO066/000EOSS Baloon/A=005362!W36!",66.0,0.0,0.0,39.2362166667,-103.6967666667,0.0,0.0,,,,,,,,0.0,0.0,0.0,0.0,low Re,,0.0,,,,,,4.137746,,0.0,,,,,,0.616956,
EOSS-345,AE0SS-13,2023-07-29 06:40:41.637,2023-07-29 06:40:41,5365.0,1635.25,6.0,30.0,ascending,/124041h3914.17N/10341.80WO066/000EOSS Baloon/A=005365!W36!,"AE0SS-13>APTT4,EOSS,qAO,AE0SS-1:/124041h3914.17N/10341.80WO066/000EOSS Baloon/A=005365!W36!",66.0,0.0,0.0,39.2362166667,-103.6967666667,0.0,0.0,,,,,,,,0.0,0.0,0.1,0.03033333,low Re,0.003333,0.05,0.003333,0.070711,,0.707104,,4.141209,0.001011,0.015167,0.001011,0.021449,,0.707088,,0.619296,
EOSS-345,AE0SS-13,2023-07-29 06:41:11.666,2023-07-29 06:41:11,5365.0,1635.25,0.0,60.0,ascending,/124111h3914.17N/10341.80WO066/000EOSS Baloon/A=005365!W36!,"AE0SS-13>APTT4,EOSS,qAO,AE0SS-1:/124111h3914.17N/10341.80WO066/000EOSS Baloon/A=005365!W36!",66.0,0.0,0.0,39.2362166667,-103.6967666667,0.0,0.0,,,,,,,,0.0,0.0,0.0,0.0,low Re,-0.003333,0.033333,0.0,0.057735,0.004714,-0.577345,-0.707043,4.141209,-0.001011,0.010111,0.0,0.017513,0.00143,-0.577343,-0.706993,0.619296,
EOSS-345,AE0SS-13,2023-07-29 06:41:41.684,2023-07-29 06:41:41,5368.0,1636.17,6.0,90.0,ascending,/124141h3914.17N/10341.80WO066/000EOSS Baloon/A=005368!W36!,"AE0SS-13>APTT4,EOSS,qAO,AE0SS-1:/124141h3914.17N/10341.80WO066/000EOSS Baloon/A=005368!W36!",66.0,0.0,0.0,39.2362166667,-103.6967666667,0.0,0.0,,,,,,,,0.0,0.0,0.1,0.03066667,low Re,0.003333,0.05,0.001111,0.057735,0.003849,0.866026,0.577293,4.144673,0.001022,0.01525,0.000341,0.01761,0.001171,0.87545,0.581554,0.621662,
EOSS-345,AE0SS-13,2023-07-29 06:42:11.586,2023-07-29 06:42:11,5368.0,1636.17,0.0,120.0,ascending,/124211h3914.17N/10341.80WO066/000EOSS Baloon/A=005368!W36!,"AE0SS-13>APTT4,EOSS,qAO,AE0SS-1:/124211h3914.17N/10341.80WO066/000EOSS Baloon/A=005368!W36!",66.0,0.0,0.0,39.2362166667,-103.6967666667,0.0,0.0,,,,,,,,0.0,0.0,0.0,0.0,low Re,-0.003333,0.04,0.0,0.054772,0.003849,-0.7303,-0.865939,4.144673,-0.001022,0.0122,0.0,0.016706,0.001174,-0.730277,-0.870528,0.621662,
EOSS-345,AE0SS-13,2023-07-29 06:42:41.634,2023-07-29 06:42:41,5368.0,1636.17,0.0,150.0,ascending,/124241h3914.17N/10341.80WO066/000EOSS Baloon/A=005368!W36!,"AE0SS-13>APTT4,EOSS,qAO,AE0SS-1:/124241h3914.17N/10341.80WO066/000EOSS Baloon/A=005368!W36!",66.0,0.0,0.0,39.2362166667,-103.6967666667,0.0,0.0,,,,,,,,0.0,0.0,0.0,0.0,low Re,0.0,0.033333,0.0,0.05164,0.003333,-0.645488,0.0,4.144673,0.0,0.010167,0.0,0.01575,0.001017,-0.645524,0.0,0.621662,
EOSS-345,KC0D-2,2023-07-29 06:42:46.821,2023-07-29 06:42:45,5401.0,1646.22,2.0,154.0,ascending,/124245h3914.17N/10341.80WO347/000/A=005401 228T8434P EOSS Balloon,"KC0D-2>APZEOS,EOSS,WIDE2-1,qAO,AE0SS-1:/124245h3914.17N/10341.80WO347/000/A=005401 228T8434P EOSS Balloon",347.0,0.0,0.0,39.2361666667,-103.6966666667,0.01,0.01,73.04,22.8,295.95,84340.0,0.83,0.00192633,0.9927907,0.0,0.0,0.03333333,0.01,low Re,0.001111,0.033333,0.000185,0.04714,0.003015,7e-06,0.307131,4.182759,0.000333,0.010143,5.6e-05,0.014378,0.000919,-0.009946,0.301415,0.647471,
EOSS-345,AE0SS-13,2023-07-29 06:43:11.612,2023-07-29 06:43:11,5388.0,1642.26,40.0,180.0,ascending,/124311h3914.17N/10341.80WO066/000EOSS Baloon/A=005388!W35!,"AE0SS-13>APTT4,EOSS,qAO,AE0SS-1:/124311h3914.17N/10341.80WO066/000EOSS Baloon/A=005388!W35!",66.0,0.0,0.0,39.2362166667,-103.69675,0.0,0.0,,,,,,,,5.6e-07,0.0,0.66666667,0.203,low Re,0.021111,0.1125,0.003175,0.228131,0.008375,2.42916,2.141612,4.167757,0.006433,0.03425,0.000967,0.069473,0.002552,2.429001,2.14185,0.637308,
EOSS-345,KC0D-2,2023-07-29 06:43:14.930,2023-07-29 06:43:15,5394.0,1644.09,-14.0,184.0,ascending,/124315h3914.17N/10341.80WO347/000/A=005394 237T8434P EOSS Balloon,"KC0D-2>APZEOS,EOSS,WIDE2-1,qAO,AE0SS-1:/124315h3914.17N/10341.80WO347/000/A=005394 237T8434P EOSS Balloon",347.0,0.0,0.0,39.2361666667,-103.6966666667,0.01,0.01,74.66,23.7,296.85,84340.0,0.83,0.00192049,0.98978073,0.0,0.0,-0.23333333,-0.071,low Re,-0.03,0.074074,-0.000972,0.242543,0.01406,-1.267434,-2.06458,4.174681,-0.009133,0.022556,-0.000296,0.073851,0.004282,-1.266821,-2.063755,0.642006,
EOSS-345,AE0SS-13,2023-07-29 06:43:41.674,2023-07-29 06:43:41,5388.0,1642.26,0.0,210.0,ascending,/124341h3914.17N/10341.80WO066/000EOSS Baloon/A=005388!W35!,"AE0SS-13>APTT4,EOSS,qAO,AE0SS-1:/124341h3914.17N/10341.80WO066/000EOSS Baloon/A=005388!W35!",66.0,0.0,0.0,39.2362166667,-103.69675,0.0,0.0,,,,,,,,0.0,0.0,0.0,0.0,low Re,0.007778,0.066667,0.0,0.229868,0.013471,-0.290023,0.577388,4.167757,0.002367,0.0203,0.0,0.069992,0.004102,-0.290033,0.577036,0.637308,
EOSS-345,KC0D-2,2023-07-29 06:43:44.960,2023-07-29 06:43:45,5395.0,1644.4,2.0,214.0,ascending,/124345h3914.17N/10341.80WO286/000/A=005395 242T8434P EOSS Balloon,"KC0D-2>APZEOS,EOSS,WIDE2-1,qAO,AE0SS-1:/124345h3914.17N/10341.80WO286/000/A=005395 242T8434P EOSS Balloon",286.0,0.0,0.0,39.2361666667,-103.6966666667,0.01,0.01,75.56,24.2,297.35,84340.0,0.83,0.00191726,0.98811639,0.0,0.0,0.03333333,0.01033333,low Re,0.001111,0.063636,0.000111,0.218304,0.012706,-0.13881,0.078703,4.175835,0.000344,0.019394,3.4e-05,0.066468,0.003869,-0.136316,0.080124,0.642801,
EOSS-345,AE0SS-13,2023-07-29 06:44:11.633,2023-07-29 06:44:11,5388.0,1642.26,0.0,240.0,ascending,/124411h3914.17N/10341.80WO066/000EOSS Baloon/A=005388!W35!,"AE0SS-13>APTT4,EOSS,qAO,AE0SS-1:/124411h3914.17N/10341.80WO066/000EOSS Baloon/A=005388!W35!",66.0,0.0,0.0,39.2362166667,-103.69675,0.0,0.0,,,,,,,,0.0,0.0,0.0,0.0,low Re,-0.001111,0.058333,0.0,0.208954,0.012059,-0.279167,-0.09213,4.167757,-0.000344,0.017778,0.0,0.063622,0.003673,-0.279432,-0.093656,0.637308,
EOSS-345,KC0D-2,2023-07-29 06:44:14.980,2023-07-29 06:44:15,5401.0,1646.22,12.0,244.0,ascending,/124415h3914.17N/10341.80WO286/000/A=005401 249T8434P EOSS Balloon,"KC0D-2>APZEOS,EOSS,WIDE2-1,qAO,AE0SS-1:/124415h3914.17N/10341.80WO286/000/A=005401 249T8434P EOSS Balloon",286.0,0.0,0.0,39.2361666667,-103.6966666667,0.01,0.01,76.82,24.9,298.05,84340.0,0.83,0.00191276,0.9857957,0.0,0.0,0.2,0.06066667,low Re,0.006667,0.069231,0.000556,0.20388,0.011658,0.641402,0.524189,4.182759,0.002022,0.021077,0.000168,0.062064,0.00355,0.637885,0.522254,0.647471,
EOSS-345,AE0SS-13,2023-07-29 06:44:41.657,2023-07-29 06:44:41,5388.0,1642.26,0.0,270.0,ascending,/124441h3914.17N/10341.80WO066/000EOSS Baloon/A=005388!W35!,"AE0SS-13>APTT4,EOSS,qAO,AE0SS-1:/124441h3914.17N/10341.80WO066/000EOSS Baloon/A=005388!W35!",66.0,0.0,0.0,39.2362166667,-103.69675,0.0,0.0,,,,,,,,0.0,0.0,0.0,0.0,low Re,-0.006667,0.064286,0.0,0.196753,0.01134,-0.326735,-0.587919,4.167757,-0.002022,0.019571,0.0,0.059894,0.003453,-0.326761,-0.585578,0.637308,
EOSS-345,KC0D-2,2023-07-29 06:44:44.988,2023-07-29 06:44:45,5400.0,1645.92,-2.0,274.0,ascending,/124445h3914.17N/10341.80WO167/000/A=005400 252T8434P EOSS Balloon,"KC0D-2>APZEOS,EOSS,WIDE2-1,qAO,AE0SS-1:/124445h3914.17N/10341.80WO167/000/A=005400 252T8434P EOSS Balloon",167.0,0.0,0.0,39.2361666667,-103.6966666667,0.01,0.01,77.36,25.2,298.35,84340.0,0.83,0.00191084,0.98480445,0.0,0.0,-0.03333333,-0.01,low Re,-0.001111,0.057778,-7.9e-05,0.191264,0.010899,-0.476364,-0.094688,4.181605,-0.000333,0.0176,-2.4e-05,0.058218,0.003318,-0.47408,-0.093128,0.646702,
EOSS-345,AE0SS-13,2023-07-29 06:45:11.693,2023-07-29 06:45:11,5385.0,1641.35,-6.0,300.0,ascending,/124511h3914.17N/10341.80WO066/000EOSS Baloon/A=005385!W35!,"AE0SS-13>APTT4,EOSS,qAO,AE0SS-1:/124511h3914.17N/10341.80WO066/000EOSS Baloon/A=005385!W35!",66.0,0.0,0.0,39.2362166667,-103.69675,0.0,0.0,,,,,,,,0.0,0.0,-0.1,-0.03033333,low Re,-0.002222,0.047917,-0.000222,0.188942,0.010517,-0.78287,-0.190168,4.164295,-0.000678,0.014604,-6.7e-05,0.057507,0.003202,-0.781424,-0.190818,0.634971,
EOSS-345,KC0D-2,2023-07-29 06:45:14.945,2023-07-29 06:45:15,5402.0,1646.53,4.0,304.0,ascending,/124515h3914.17N/10341.80WO168/000/A=005402 256T8434P EOSS Balloon,"KC0D-2>APZEOS,EOSS,WIDE2-1,qAO,AE0SS-1:/124515h3914.17N/10341.80WO168/000/A=005402 256T8434P EOSS Balloon",168.0,0.0,0.0,39.2361666667,-103.6966666667,0.01,0.01,78.08,25.6,298.75,84340.0,0.83,0.00190828,0.98348589,0.0,0.0,0.06666667,0.02033333,low Re,0.005556,0.04902,0.000139,0.182999,0.010263,0.09643,0.527818,4.183912,0.001689,0.014941,4.2e-05,0.055698,0.003125,0.096814,0.52704,0.648267,
EOSS-345,KC0D-2,2023-07-29 06:45:44.962,2023-07-29 06:45:45,5401.0,1646.22,-2.0,334.0,ascending,/124545h3914.17N/10341.80WO252/000/A=005401 258T8434P EOSS Balloon,"KC0D-2>APZEOS,EOSS,WIDE2-1,qAO,AE0SS-1:/124545h3914.17N/10341.80WO252/000/A=005401 258T8434P EOSS Balloon",252.0,0.0,0.0,39.2361666667,-103.6966666667,0.01,0.01,78.44,25.8,298.95,84340.0,0.83,0.001907,0.98282793,0.0,0.0,-0.03333333,-0.01033333,low Re,-0.003333,0.044444,-6.5e-05,0.178593,0.009973,-0.4355,-0.327685,4.182759,-0.001022,0.013537,-2e-05,0.054362,0.003036,-0.4391,-0.33004,0.647471,
EOSS-345,AE0SS-13,2023-07-29 06:46:11.673,2023-07-29 06:46:11,5385.0,1641.35,0.0,360.0,ascending,/124611h3914.17N/10341.80WO066/000EOSS Baloon/A=005385!W36!,"AE0SS-13>APTT4,EOSS,qAO,AE0SS-1:/124611h3914.17N/10341.80WO066/000EOSS Baloon/A=005385!W36!",66.0,0.0,0.0,39.2362166667,-103.6967666667,0.0,0.0,,,,,,,,-2.8e-07,0.0,0.0,0.0,low Re,0.000556,0.042105,-3.1e-05,0.17386,0.009676,-0.242178,0.060666,4.164295,0.000172,0.012825,-1e-05,0.052922,0.002946,-0.242338,0.061779,0.634971,
EOSS-345,KC0D-2,2023-07-29 06:46:14.928,2023-07-29 06:46:15,5402.0,1646.53,2.0,364.0,ascending,/124615h3914.17N/10341.80WO252/000/A=005402 261T8434P EOSS Balloon,"KC0D-2>APZEOS,EOSS,WIDE2-1,qAO,AE0SS-1:/124615h3914.17N/10341.80WO252/000/A=005402 261T8434P EOSS Balloon",252.0,0.0,0.0,39.2361666667,-103.6966666667,0.01,0.01,78.98,26.1,299.25,84340.0,0.83,0.00190509,0.98184263,0.0,0.0,0.03333333,0.01033333,low Re,0.001111,0.041667,2.9e-05,0.169235,0.009407,-0.049243,0.115021,4.183912,0.000344,0.0127,9e-06,0.051513,0.002864,-0.045943,0.116969,0.648267,
EOSS-345,AE0SS-13,2023-07-29 06:46:41.714,2023-07-29 06:46:41,5385.0,1641.35,0.0,390.0,ascending,/124641h3914.17N/10341.80WO066/000EOSS Baloon/A=005385!W36!,"AE0SS-13>APTT4,EOSS,qAO,AE0SS-1:/124641h3914.17N/10341.80WO066/000EOSS Baloon/A=005385!W36!",66.0,0.0,0.0,39.2362166667,-103.6967666667,0.0,0.0,,,,,,,,0.0,0.0,0.0,0.0,low Re,-0.001111,0.039683,-2.8e-05,0.1652,0.00916,-0.240212,-0.118231,4.164295,-0.000344,0.012095,-9e-06,0.050286,0.002789,-0.240524,-0.120115,0.634971,
EOSS-345,KC0D-2,2023-07-29 06:46:44.990,2023-07-29 06:46:45,5398.0,1645.31,-8.0,394.0,ascending,/124645h3914.17N/10341.80WO252/000/A=005398 264T8434P EOSS Balloon,"KC0D-2>APZEOS,EOSS,WIDE2-1,qAO,AE0SS-1:/124645h3914.17N/10341.80WO252/000/A=005398 264T8434P EOSS Balloon",252.0,0.0,0.0,39.2361666667,-103.6966666667,0.01,0.01,79.52,26.4,299.55,84340.0,0.83,0.00190318,0.98085932,0.0,0.0,-0.13333333,-0.04066667,low Re,-0.004444,0.031818,-0.000238,0.165385,0.00898,-0.998587,-0.468374,4.179297,-0.001356,0.009697,-7.3e-05,0.050346,0.002734,-1.000351,-0.469276,0.645137,
EOSS-345,AE0SS-13,2023-07-29 06:47:11.604,2023-07-29 06:47:11,5385.0,1641.35,0.0,420.0,ascending,/124711h3914.17N/10341.80WO066/000EOSS Baloon/A=005385!W36!,"AE0SS-13>APTT4,EOSS,qAO,AE0SS-1:/124711h3914.17N/10341.80WO066/000EOSS Baloon/A=005385!W36!",66.0,0.0,0.0,39.2362166667,-103.6967666667,0.0,0.0,,,,,,,,0.0,0.0,0.0,0.0,low Re,0.004444,0.030435,-2.5e-05,0.161718,0.00882,-0.188198,0.506689,4.164295,0.001356,0.009275,-8e-06,0.04923,0.002686,-0.188401,0.507818,0.634971,
EOSS-345,KC0D-2,2023-07-29 06:47:14.929,2023-07-29 06:47:15,5398.0,1645.31,0.0,424.0,ascending,/124715h3914.17N/10341.80WO252/000/A=005398 268T8434P EOSS Balloon,"KC0D-2>APZEOS,EOSS,WIDE2-1,qAO,AE0SS-1:/124715h3914.17N/10341.80WO252/000/A=005398 268T8434P EOSS Balloon",252.0,0.0,0.0,39.2361666667,-103.6966666667,0.01,0.01,80.24,26.8,299.95,84340.0,0.83,0.00190064,0.97955129,0.0,0.0,0.0,0.0,low Re,0.0,0.029167,-2.4e-05,0.158286,0.008617,-0.184268,0.002785,4.179297,0.0,0.008889,-7e-06,0.048185,0.002624,-0.184476,0.002668,0.645137,
EOSS-345,KC0D-2,2023-07-29 06:47:44.996,2023-07-29 06:47:45,5392.0,1643.48,-12.0,454.0,ascending,/124745h3914.17N/10341.80WO300/000/A=005392 270T8434P EOSS Balloon,"KC0D-2>APZEOS,EOSS,WIDE2-1,qAO,AE0SS-1:/124745h3914.17N/10341.80WO300/000/A=005392 270T8434P EOSS Balloon",300.0,0.0,0.0,39.2361666667,-103.6966666667,0.01,0.01,80.6,27.0,300.15,84340.0,0.83,0.00189938,0.97889858,0.0,0.0,-0.2,-0.061,low Re,-0.006667,0.02,-0.000301,0.161589,0.008536,-1.361479,-0.745783,4.172373,-0.002033,0.006093,-9.2e-05,0.049198,0.002599,-1.363734,-0.746826,0.64044,
EOSS-345,AE0SS-13,2023-07-29 06:48:11.603,2023-07-29 06:48:11,5388.0,1642.26,3.0,480.0,ascending,/124811h3914.17N/10341.80WO066/000EOSS Baloon/A=005388!W36!,"AE0SS-13>APTT4,EOSS,qAO,AE0SS-1:/124811h3914.17N/10341.80WO066/000EOSS Baloon/A=005388!W36!",66.0,0.0,0.0,39.2362166667,-103.6967666667,0.0,0.0,,,,,,,,0.0,0.0,0.05,0.01516667,low Re,0.004167,0.021154,-0.000122,0.158434,0.008404,0.18207,0.510352,4.167757,0.001269,0.006442,-3.7e-05,0.048237,0.002559,0.180871,0.510356,0.637308,
EOSS-345,KC0D-2,2023-07-29 06:48:15.330,2023-07-29 06:48:15,5390.0,1642.87,-4.0,484.0,ascending,/124815h3914.17N/10341.80WO299/000/A=005390 274T8434P EOSS Balloon,"KC0D-2>APZEOS,EOSS,WIDE2-1,qAO,AE0SS-1:/124815h3914.17N/10341.80WO299/000/A=005390 274T8434P EOSS Balloon",299.0,0.0,0.0,39.2361666667,-103.6966666667,0.01,0.01,81.32,27.4,300.55,84340.0,0.83,0.00189685,0.97759577,0.0,0.0,-0.06666667,-0.02033333,low Re,-0.003889,0.017901,-0.000267,0.156274,0.008267,-0.54115,-0.438127,4.170065,-0.001183,0.005451,-8.2e-05,0.04758,0.002517,-0.541915,-0.437426,0.638874,
EOSS-345,AE0SS-13,2023-07-29 06:48:42.656,2023-07-29 06:48:41,5388.0,1642.26,0.0,510.0,ascending,/124841h3914.17N/10341.80WO066/000EOSS Baloon/A=005388!W36!,"AE0SS-13>APTT4,EOSS,qAO,AE0SS-1:/124841h3914.17N/10341.80WO066/000EOSS Baloon/A=005388!W36!",66.0,0.0,0.0,39.2362166667,-103.6967666667,0.0,0.0,,,,,,,,0.0,0.0,0.0,0.0,low Re,0.002222,0.017262,-0.000175,0.15339,0.008121,-0.112537,0.295161,4.167757,0.000678,0.005256,-5.3e-05,0.046702,0.002473,-0.112543,0.295592,0.637308,
EOSS-345,KC0D-2,2023-07-29 06:48:46.941,2023-07-29 06:48:45,5390.0,1642.87,0.0,514.0,ascending,/124845h3914.17N/10341.80WO299/000/A=005390 275T8435P EOSS Balloon,"KC0D-2>APZEOS,EOSS,WIDE2-1,qAO,AE0SS-1:/124845h3914.17N/10341.80WO299/000/A=005390 275T8435P EOSS Balloon",299.0,0.0,0.0,39.2361666667,-103.6966666667,0.01,0.01,81.5,27.5,300.65,84350.0,0.83,0.00189644,0.97738648,0.0,0.0,0.0,0.0,low Re,0.0,0.016667,-0.000169,0.15066,0.007969,-0.110627,0.021207,4.170065,0.0,0.005075,-5.1e-05,0.045871,0.002427,-0.110636,0.021014,0.638874,
EOSS-345,AE0SS-13,2023-07-29 06:49:12.688,2023-07-29 06:49:11,5388.0,1642.26,0.0,540.0,ascending,/124911h3914.17N/10341.80WO066/000EOSS Baloon/A=005388!W36!,"AE0SS-13>APTT4,EOSS,qAO,AE0SS-1:/124911h3914.17N/10341.80WO066/000EOSS Baloon/A=005388!W36!",66.0,0.0,0.0,39.2362166667,-103.6967666667,0.0,0.0,,,,,,,,0.0,0.0,0.0,0.0,low Re,0.0,0.016111,-0.000163,0.148071,0.007826,-0.108806,0.020828,4.167757,0.0,0.004906,-5e-05,0.045083,0.002383,-0.108822,0.020982,0.637308,
EOSS-345,KC0D-2,2023-07-29 06:49:16.960,2023-07-29 06:49:15,5394.0,1644.09,8.0,544.0,ascending,/124915h3914.17N/10341.80WO299/000/A=005394 277T8434P EOSS Balloon,"KC0D-2>APZEOS,EOSS,WIDE2-1,qAO,AE0SS-1:/124915h3914.17N/10341.80WO299/000/A=005394 277T8434P EOSS Balloon",299.0,0.0,0.0,39.2361666667,-103.6966666667,0.01,0.01,81.86,27.7,300.85,84340.0,0.83,0.00189496,0.97662093,0.0,0.0,0.13333333,0.04066667,low Re,0.004444,0.019892,-9e-06,0.147097,0.007735,0.771201,0.575695,4.174681,0.001356,0.006059,-3e-06,0.044788,0.002356,0.7727,0.576825,0.642006,
EOSS-345,AE0SS-13,2023-07-29 06:49:42.563,2023-07-29 06:49:41,5388.0,1642.26,0.0,570.0,ascending,/124941h3914.17N/10341.80WO066/000EOSS Baloon/A=005388!W36!,"AE0SS-13>APTT4,EOSS,qAO,AE0SS-1:/124941h3914.17N/10341.80WO066/000EOSS Baloon/A=005388!W36!",66.0,0.0,0.0,39.2362166667,-103.6967666667,0.0,0.0,,,,,,,,0.0,0.0,0.0,0.0,low Re,-0.004444,0.019271,-0.000152,0.144747,0.007647,-0.133136,-0.561266,4.167757,-0.001356,0.00587,-4.6e-05,0.044073,0.002329,-0.133188,-0.562473,0.637308,
EOSS-345,KC0D-2,2023-07-29 06:49:47.091,2023-07-29 06:49:45,5399.0,1645.62,10.0,574.0,ascending,/124945h3914.17N/10341.80WO196/000/A=005399 278T8434P EOSS Balloon,"KC0D-2>APZEOS,EOSS,WIDE2-1,qAO,AE0SS-1:/124945h3914.17N/10341.80WO196/000/A=005399 278T8434P EOSS Balloon",196.0,0.0,0.0,39.2361666667,-103.6966666667,0.01,0.01,82.04,27.8,300.95,84340.0,0.83,0.00189433,0.97629642,0.0,0.0,0.16666667,0.051,low Re,0.005556,0.023737,2.6e-05,0.14476,0.00759,0.987356,0.72859,4.180451,0.0017,0.007237,8e-06,0.044084,0.002312,0.992718,0.731834,0.645932,
EOSS-345,AE0SS-13,2023-07-29 06:50:12.671,2023-07-29 06:50:11,5388.0,1642.26,0.0,600.0,ascending,/125011h3914.17N/10341.80WO066/000EOSS Baloon/A=005388!W36!,"AE0SS-13>APTT4,EOSS,qAO,AE0SS-1:/125011h3914.17N/10341.80WO066/000EOSS Baloon/A=005388!W36!",66.0,0.0,0.0,39.2362166667,-103.6967666667,0.0,0.0,,,,,,,,0.0,0.0,0.0,0.0,low Re,-0.005556,0.023039,-0.000143,0.142608,0.007533,-0.161555,-0.718572,4.167757,-0.0017,0.007025,-4.4e-05,0.043429,0.002294,-0.161758,-0.721883,0.637308,
EOSS-345,KC0D-2,2023-07-29 06:50:16.968,2023-07-29 06:50:15,5402.0,1646.53,6.0,604.0,ascending,/125015h3914.17N/10341.80WO196/000/A=005402 281T8435P EOSS Balloon,"KC0D-2>APZEOS,EOSS,WIDE2-1,qAO,AE0SS-1:/125015h3914.17N/10341.80WO196/000/A=005402 281T8435P EOSS Balloon",196.0,0.0,0.0,39.2361666667,-103.6966666667,0.01,0.01,82.58,28.1,301.25,84350.0,0.83,0.00189267,0.97543982,0.0,0.0,0.1,0.03033333,low Re,0.003333,0.025238,-4.1e-05,0.141096,0.007442,0.529866,0.453373,4.183912,0.001011,0.00769,-1.3e-05,0.042966,0.002267,0.527006,0.451698,0.648267,
EOSS-345,AE0SS-13,2023-07-29 06:50:42.693,2023-07-29 06:50:41,5388.0,1642.26,0.0,630.0,ascending,/125041h3914.17N/10341.80WO066/000EOSS Baloon/A=005388!W36!,"AE0SS-13>APTT4,EOSS,qAO,AE0SS-1:/125041h3914.17N/10341.80WO066/000EOSS Baloon/A=005388!W36!",66.0,0.0,0.0,39.2362166667,-103.6967666667,0.0,0.0,,,,,,,,0.0,0.0,0.0,0.0,low Re,-0.003333,0.024537,-0.000135,0.139129,0.007353,-0.176362,-0.434925,4.167757,-0.001011,0.007477,-4.1e-05,0.042368,0.002239,-0.176478,-0.433229,0.637308,
EOSS-345,AE0SS-13,2023-07-29 06:51:13.115,2023-07-29 06:51:11,5388.0,1642.26,0.0,660.0,ascending,/125111h3914.17N/10341.80WO066/000EOSS Baloon/A=005388!W27!,"AE0SS-13>APTT4,EOSS,qAO,AE0SS-1:/125111h3914.17N/10341.80WO066/000EOSS Baloon/A=005388!W27!",66.0,0.0,0.0,39.2362,-103.6967833333,0.0,0.0,,,,,,,,-5.6e-07,-5.6e-07,0.0,0.0,low Re,0.0,0.023874,-0.000131,0.137242,0.007247,-0.173955,0.018076,4.167757,0.0,0.007275,-4e-05,0.041793,0.002207,-0.174072,0.018124,0.637308,
EOSS-345,KC0D-2,2023-07-29 06:51:18.786,2023-07-29 06:51:15,5420.0,1652.02,18.0,664.0,ascending,/125115h3914.18N/10341.80WO227/000/A=005420 286T8434P EOSS Balloon,"KC0D-2>APZEOS,EOSS,WIDE2-1,qAO,AE0SS-1:/125115h3914.18N/10341.80WO227/000/A=005420 286T8434P EOSS Balloon",227.0,0.0,0.0,39.2363333333,-103.6966666667,0.01,0.02,83.48,28.6,301.75,84340.0,0.83,0.00188931,0.97370806,0.0,2.78e-06,0.3,0.0915,low Re,0.005,0.03114,8e-06,0.142593,0.007196,1.885506,0.693719,4.204678,0.001525,0.009491,2e-06,0.04343,0.002192,1.888303,0.694799,0.662343,
EOSS-345,AE0SS-13,2023-07-29 06:51:42.660,2023-07-29 06:51:41,5388.0,1642.26,0.0,690.0,ascending,/125141h3914.17N/10341.80WO066/000EOSS Baloon/A=005388!W27!,"AE0SS-13>APTT4,EOSS,qAO,AE0SS-1:/125141h3914.17N/10341.80WO066/000EOSS Baloon/A=005388!W27!",66.0,0.0,0.0,39.2362,-103.6967833333,0.0,0.0,,,,,,,,0.0,0.0,0.0,0.0,low Re,-0.01,0.030342,-0.000256,0.140793,0.007281,-0.215508,-1.338278,4.167757,-0.00305,0.009248,-7.8e-05,0.042881,0.002218,-0.215667,-1.339946,0.637308,
EOSS-345,KC0D-2,2023-07-29 06:51:46.985,2023-07-29 06:51:45,5404.0,1647.14,-32.0,694.0,ascending,/125145h3914.17N/10341.80WO196/000/A=005404 289T8435P EOSS Balloon,"KC0D-2>APZEOS,EOSS,WIDE2-1,qAO,AE0SS-1:/125145h3914.17N/10341.80WO196/000/A=005404 289T8435P EOSS Balloon",196.0,0.0,0.0,39.2361666667,-103.6966666667,0.01,0.01,84.02,28.9,302.05,84350.0,0.83,0.00188765,0.9728563,0.0,-5.56e-06,-0.53333333,-0.16266667,low Re,-0.017778,0.01625,-0.000705,0.165099,0.007713,-3.328811,-2.213536,4.18622,-0.005422,0.00495,-0.000215,0.050304,0.00235,-3.332074,-2.215745,0.649832,
EOSS-345,AE0SS-13,2023-07-29 06:52:12.614,2023-07-29 06:52:11,5388.0,1642.26,0.0,720.0,ascending,/125211h3914.17N/10341.80WO066/000EOSS Baloon/A=005388!W27!,"AE0SS-13>APTT4,EOSS,qAO,AE0SS-1:/125211h3914.17N/10341.80WO066/000EOSS Baloon/A=005388!W27!",66.0,0.0,0.0,39.2362,-103.6967833333,0.0,0.0,,,,,,,,0.0,0.0,0.0,0.0,low Re,0.017778,0.015854,-0.000243,0.163042,0.008155,-0.097239,2.20981,4.167757,0.005422,0.004829,-7.4e-05,0.049678,0.002485,-0.097206,2.21167,0.637308,
EOSS-345,KC0D-2,2023-07-29 06:52:16.982,2023-07-29 06:52:15,5407.0,1648.05,6.0,724.0,ascending,/125215h3914.17N/10341.80WO196/000/A=005407 292T8435P EOSS Balloon,"KC0D-2>APZEOS,EOSS,WIDE2-1,qAO,AE0SS-1:/125215h3914.17N/10341.80WO196/000/A=005407 292T8435P EOSS Balloon",196.0,0.0,0.0,39.2361666667,-103.6966666667,0.01,0.01,84.56,29.2,302.35,84350.0,0.83,0.00188578,0.97189101,0.0,0.0,0.1,0.03033333,low Re,0.003333,0.017857,-0.000156,0.161564,0.008072,0.508424,0.432235,4.189681,0.001011,0.005437,-4.8e-05,0.049226,0.002459,0.505756,0.430663,0.652166,
EOSS-345,AE0SS-13,2023-07-29 06:52:42.627,2023-07-29 06:52:41,5388.0,1642.26,0.0,750.0,ascending,/125241h3914.17N/10341.80WO066/000EOSS Baloon/A=005388!W27!,"AE0SS-13>APTT4,EOSS,qAO,AE0SS-1:/125241h3914.17N/10341.80WO066/000EOSS Baloon/A=005388!W27!",66.0,0.0,0.0,39.2362,-103.6967833333,0.0,0.0,,,,,,,,0.0,0.0,0.0,0.0,low Re,-0.003333,0.017442,-0.000231,0.159652,0.007988,-0.10925,-0.388332,4.167757,-0.001011,0.00531,-7.1e-05,0.048643,0.002434,-0.109163,-0.386196,0.637308,
EOSS-345,KC0D-2,2023-07-29 06:52:47.764,2023-07-29 06:52:45,5399.0,1645.62,-16.0,754.0,ascending,/125245h3914.17N/10341.80WO196/000/A=005399 293T8434P EOSS Balloon,"KC0D-2>APZEOS,EOSS,WIDE2-1,qAO,AE0SS-1:/125245h3914.17N/10341.80WO196/000/A=005399 293T8434P EOSS Balloon",196.0,0.0,0.0,39.2361666667,-103.6966666667,0.01,0.01,84.74,29.3,302.45,84340.0,0.83,0.00188493,0.97145448,0.0,0.0,-0.26666667,-0.081,low Re,-0.008889,0.010985,-0.000433,0.163495,0.008002,-1.698227,-1.056736,4.180451,-0.0027,0.003348,-0.000132,0.049804,0.002438,-1.693599,-1.053322,0.645932,
EOSS-345,AE0SS-13,2023-07-29 06:53:12.666,2023-07-29 06:53:11,5388.0,1642.26,0.0,780.0,ascending,/125311h3914.17N/10341.80WO066/000EOSS Baloon/A=005388!W27!,"AE0SS-13>APTT4,EOSS,qAO,AE0SS-1:/125311h3914.17N/10341.80WO066/000EOSS Baloon/A=005388!W27!",66.0,0.0,0.0,39.2362,-103.6967833333,0.0,0.0,,,,,,,,0.0,0.0,0.0,0.0,low Re,0.008889,0.010741,-0.000221,0.161634,0.008032,-0.066453,1.134213,4.167757,0.0027,0.003274,-6.7e-05,0.049237,0.002447,-0.066495,1.130772,0.637308,
EOSS-345,KC0D-2,2023-07-29 06:53:17.024,2023-07-29 06:53:15,5393.0,1643.79,-12.0,784.0,ascending,/125315h3914.17N/10341.80WO196/000/A=005393 296T8435P EOSS Balloon,"KC0D-2>APZEOS,EOSS,WIDE2-1,qAO,AE0SS-1:/125315h3914.17N/10341.80WO196/000/A=005393 296T8435P EOSS Balloon",196.0,0.0,0.0,39.2361666667,-103.6966666667,0.01,0.01,85.28,29.6,302.75,84350.0,0.83,0.00188329,0.97060692,0.0,0.0,-0.2,-0.061,low Re,-0.006667,0.006159,-0.000364,0.162821,0.007998,-1.26617,-0.788072,4.173527,-0.002033,0.001877,-0.000111,0.049601,0.002436,-1.267656,-0.788998,0.641236,
EOSS-345,AE0SS-13,2023-07-29 06:53:42.650,2023-07-29 06:53:41,5388.0,1642.26,0.0,810.0,ascending,/125341h3914.17N/10341.80WO066/000EOSS Baloon/A=005388!W27!,"AE0SS-13>APTT4,EOSS,qAO,AE0SS-1:/125341h3914.17N/10341.80WO066/000EOSS Baloon/A=005388!W27!",66.0,0.0,0.0,39.2362,-103.6967833333,0.0,0.0,,,,,,,,0.0,0.0,0.0,0.0,low Re,0.006667,0.006028,-0.000211,0.161044,0.007977,-0.037431,0.862229,4.167757,0.002033,0.001837,-6.4e-05,0.049059,0.00243,-0.037445,0.862963,0.637308,
EOSS-345,KC0D-2,2023-07-29 06:53:46.965,2023-07-29 06:53:45,5392.0,1643.48,-2.0,814.0,ascending,/125345h3914.17N/10341.80WO196/000/A=005392 297T8434P EOSS Balloon,"KC0D-2>APZEOS,EOSS,WIDE2-1,qAO,AE0SS-1:/125345h3914.17N/10341.80WO196/000/A=005392 297T8434P EOSS Balloon",196.0,0.0,0.0,39.2361666667,-103.6966666667,0.01,0.01,85.46,29.7,302.85,84340.0,0.83,0.00188244,0.9701714,0.0,0.0,-0.03333333,-0.01033333,low Re,-0.001111,0.005208,-0.00023,0.159423,0.00789,-0.241755,-0.11166,4.172373,-0.000344,0.001583,-7e-05,0.048567,0.002404,-0.245359,-0.113977,0.64044,
EOSS-345,AE0SS-13,2023-07-29 06:54:12.618,2023-07-29 06:54:11,5388.0,1642.26,0.0,840.0,ascending,/125411h3914.17N/10341.80WO066/000EOSS Baloon/A=005388!W27!,"AE0SS-13>APTT4,EOSS,qAO,AE0SS-1:/125411h3914.17N/10341.80WO066/000EOSS Baloon/A=005388!W27!",66.0,0.0,0.0,39.2362,-103.6967833333,0.0,0.0,,,,,,,,0.0,0.0,0.0,0.0,low Re,0.001111,0.005102,-0.000203,0.157755,0.007809,-0.032341,0.168267,4.167757,0.000344,0.001551,-6.2e-05,0.048059,0.002379,-0.032273,0.17066,0.637308,
EOSS-345,KC0D-2,2023-07-29 06:54:16.931,2023-07-29 06:54:15,5398.0,1645.31,12.0,844.0,ascending,/125415h3914.17N/10341.80WO196/000/A=005398 299T8435P EOSS Balloon,"KC0D-2>APZEOS,EOSS,WIDE2-1,qAO,AE0SS-1:/125415h3914.17N/10341.80WO196/000/A=005398 299T8435P EOSS Balloon",196.0,0.0,0.0,39.2361666667,-103.6966666667,0.01,0.01,85.82,29.9,303.05,84350.0,0.83,0.00188142,0.96964608,0.0,0.0,0.2,0.061,low Re,0.006667,0.009,-6.2e-05,0.158551,0.007789,1.20466,0.863911,4.179297,0.002033,0.00274,-1.9e-05,0.048303,0.002373,1.206136,0.864728,0.645137,
EOSS-345,AE0SS-13,2023-07-29 06:54:42.649,2023-07-29 06:54:41,5388.0,1642.26,0.0,870.0,ascending,/125441h3914.17N/10341.80WO066/000EOSS Baloon/A=005388!W27!,"AE0SS-13>APTT4,EOSS,qAO,AE0SS-1:/125441h3914.17N/10341.80WO066/000EOSS Baloon/A=005388!W27!",66.0,0.0,0.0,39.2362,-103.6967833333,0.0,0.0,,,,,,,,0.0,0.0,0.0,0.0,low Re,-0.006667,0.008824,-0.000194,0.156963,0.007765,-0.056217,-0.833612,4.167757,-0.002033,0.002686,-5.9e-05,0.047819,0.002366,-0.05617,-0.83432,0.637308,
EOSS-345,KC0D-2,2023-07-29 06:54:46.931,2023-07-29 06:54:45,5398.0,1645.31,0.0,874.0,ascending,/125445h3914.17N/10341.80WO196/000/A=005398 300T8435P EOSS Balloon,"KC0D-2>APZEOS,EOSS,WIDE2-1,qAO,AE0SS-1:/125445h3914.17N/10341.80WO196/000/A=005398 300T8435P EOSS Balloon",196.0,0.0,0.0,39.2361666667,-103.6966666667,0.01,0.01,86.0,30.0,303.15,84350.0,0.83,0.0018808,0.96932623,0.0,0.0,0.0,0.0,low Re,0.0,0.008654,-0.000191,0.155421,0.007687,-0.055681,0.024847,4.179297,0.0,0.002635,-5.8e-05,0.047349,0.002342,-0.055651,0.024765,0.645137,
EOSS-345,AE0SS-13,2023-07-29 06:55:12.624,2023-07-29 06:55:11,5391.0,1643.18,6.0,900.0,ascending,/125511h3914.17N/10341.80WO066/000EOSS Baloon/A=005391!W27!,"AE0SS-13>APTT4,EOSS,qAO,AE0SS-1:/125511h3914.17N/10341.80WO066/000EOSS Baloon/A=005391!W27!",66.0,0.0,0.0,39.2362,-103.6967833333,0.0,0.0,,,,,,,,0.0,0.0,0.1,0.03066667,low Re,0.003333,0.010377,-0.000123,0.15443,0.007627,0.580347,0.453127,4.171219,0.001022,0.003164,-3.7e-05,0.04705,0.002324,0.584541,0.45568,0.63967,
EOSS-345,KC0D-2,2023-07-29 06:55:16.934,2023-07-29 06:55:15,5390.0,1642.87,-16.0,904.0,ascending,/125515h3914.17N/10341.80WO196/000/A=005390 303T8434P EOSS Balloon,"KC0D-2>APZEOS,EOSS,WIDE2-1,qAO,AE0SS-1:/125515h3914.17N/10341.80WO196/000/A=005390 303T8434P EOSS Balloon",196.0,0.0,0.0,39.2361666667,-103.6966666667,0.01,0.01,86.54,30.3,303.45,84340.0,0.83,0.00187872,0.96825312,0.0,0.0,-0.26666667,-0.08133333,low Re,-0.012222,0.005247,-0.000351,0.157544,0.007734,-1.725954,-1.534911,4.170065,-0.003733,0.001599,-0.000107,0.048001,0.002356,-1.727721,-1.539049,0.638874,
EOSS-345,AE0SS-13,2023-07-29 06:55:42.677,2023-07-29 06:55:41,5391.0,1643.18,0.0,930.0,ascending,/125541h3914.17N/10341.80WO066/000EOSS Baloon/A=005391!W27!,"AE0SS-13>APTT4,EOSS,qAO,AE0SS-1:/125541h3914.17N/10341.80WO066/000EOSS Baloon/A=005391!W27!",66.0,0.0,0.0,39.2362,-103.6967833333,0.0,0.0,,,,,,,,0.0,0.0,0.0,0.0,low Re,0.008889,0.005152,-0.00018,0.15608,0.007763,-0.033009,1.168234,4.171219,0.002711,0.00157,-5.5e-05,0.047555,0.002365,-0.033014,1.169556,0.63967,
EOSS-345,KC0D-2,2023-07-29 06:55:46.951,2023-07-29 06:55:45,5394.0,1644.09,8.0,934.0,ascending,/125545h3914.17N/10341.80WO219/000/A=005394 303T8434P EOSS Balloon,"KC0D-2>APZEOS,EOSS,WIDE2-1,qAO,AE0SS-1:/125545h3914.17N/10341.80WO219/000/A=005394 303T8434P EOSS Balloon",219.0,0.0,0.0,39.2361666667,-103.6966666667,0.01,0.01,86.54,30.3,303.45,84340.0,0.83,0.00187872,0.96825312,0.0,0.0,0.13333333,0.04066667,low Re,0.004444,0.00744,-9.6e-05,0.1556,0.007716,0.809083,0.588388,4.174681,0.001356,0.002268,-2.9e-05,0.04741,0.002351,0.809928,0.589111,0.642006,
EOSS-345,AE0SS-13,2023-07-29 06:56:12.639,2023-07-29 06:56:11,5394.0,1644.09,6.0,960.0,ascending,/125611h3914.17N/10341.80WO066/000EOSS Baloon/A=005394!W37!,"AE0SS-13>APTT4,EOSS,qAO,AE0SS-1:/125611h3914.17N/10341.80WO066/000EOSS Baloon/A=005394!W37!",66.0,0.0,0.0,39.2362166667,-103.6967833333,0.0,0.0,,,,,,,,0.0,5.6e-07,0.1,0.03033333,low Re,-0.001111,0.009064,-0.000114,0.154691,0.007647,0.587856,-0.130378,4.174681,-0.000344,0.00276,-3.5e-05,0.047131,0.00233,0.585036,-0.132618,0.642006,
EOSS-345,KC0D-2,2023-07-29 06:56:16.963,2023-07-29 06:56:15,5402.0,1646.53,16.0,964.0,ascending,/125615h3914.17N/10341.80WO004/000/A=005402 306T8434P EOSS Balloon,"KC0D-2>APZEOS,EOSS,WIDE2-1,qAO,AE0SS-1:/125615h3914.17N/10341.80WO004/000/A=005402 306T8434P EOSS Balloon",4.0,0.0,0.0,39.2361666667,-103.6966666667,0.01,0.01,87.08,30.6,303.75,84340.0,0.83,0.00187687,0.96729682,0.0,0.0,0.26666667,0.08133333,low Re,0.005556,0.013506,-1.5e-05,0.157015,0.007616,1.612334,0.731486,4.183912,0.0017,0.004115,-4e-06,0.047842,0.002321,1.614028,0.734166,0.648267,
EOSS-345,AE0SS-13,2023-07-29 06:56:42.725,2023-07-29 06:56:41,5391.0,1643.18,-6.0,990.0,ascending,/125641h3914.17N/10341.80WO066/000EOSS Baloon/A=005391!W46!,"AE0SS-13>APTT4,EOSS,qAO,AE0SS-1:/125641h3914.17N/10341.80WO066/000EOSS Baloon/A=005391!W46!",66.0,0.0,0.0,39.2362333333,-103.6967666667,0.0,0.0,,,,,,,,5.6e-07,5.6e-07,-0.1,-0.03033333,low Re,-0.012222,0.011582,-0.000225,0.156355,0.007717,-0.713645,-1.55462,4.171219,-0.003722,0.003531,-6.9e-05,0.047639,0.002351,-0.710853,-1.553807,0.63967,
EOSS-345,KC0D-2,2023-07-29 06:56:47.001,2023-07-29 06:56:45,5383.0,1640.74,-38.0,994.0,ascending,/125645h3914.17N/10341.80WO248/000/A=005383 306T8434P EOSS Balloon,"KC0D-2>APZEOS,EOSS,WIDE2-1,qAO,AE0SS-1:/125645h3914.17N/10341.80WO248/000/A=005383 306T8434P EOSS Balloon",248.0,0.0,0.0,39.2361666667,-103.6966666667,0.01,0.01,87.08,30.6,303.75,84340.0,0.83,0.00187687,0.96729682,0.0,0.0,-0.63333333,-0.193,low Re,-0.017778,0.000833,-0.000523,0.175967,0.007984,-3.603894,-2.161197,4.161987,-0.005422,0.000256,-0.000159,0.053617,0.002433,-3.604379,-2.163173,0.633404,
EOSS-345,AE0SS-13,2023-07-29 06:57:12.708,2023-07-29 06:57:11,5388.0,1642.26,-6.0,1020.0,ascending,/125711h3914.17N/10341.80WO066/000EOSS Baloon/A=005388!W47!,"AE0SS-13>APTT4,EOSS,qAO,AE0SS-1:/125711h3914.17N/10341.80WO066/000EOSS Baloon/A=005388!W47!",66.0,0.0,0.0,39.2362333333,-103.6967833333,0.0,0.0,,,,,,,,-5.6e-07,0.0,-0.1,-0.03066667,low Re,0.017778,-0.00082,-0.000218,0.174972,0.008261,-0.566834,2.178429,4.167757,0.005411,-0.000251,-6.6e-05,0.053315,0.002517,-0.57049,2.176003,0.637308,
EOSS-345,KC0D-2,2023-07-29 06:57:16.973,2023-07-29 06:57:15,5392.0,1643.48,18.0,1024.0,ascending,/125715h3914.17N/10341.80WO248/000/A=005392 310T8433P EOSS Balloon,"KC0D-2>APZEOS,EOSS,WIDE2-1,qAO,AE0SS-1:/125715h3914.17N/10341.80WO248/000/A=005392 310T8433P EOSS Balloon",248.0,0.0,0.0,39.2361666667,-103.6966666667,0.01,0.01,87.8,31.0,304.15,84330.0,0.83,0.00187418,0.96591015,0.0,0.0,0.3,0.09133333,low Re,0.013333,0.004032,5e-06,0.177687,0.008374,1.665671,1.591593,4.172373,0.004067,0.001226,1e-06,0.054141,0.002552,1.664309,1.59326,0.64044,
EOSS-345,AE0SS-13,2023-07-29 06:57:42.612,2023-07-29 06:57:41,5388.0,1642.26,0.0,1050.0,ascending,/125741h3914.17N/10341.80WO066/000EOSS Baloon/A=005388!W46!,"AE0SS-13>APTT4,EOSS,qAO,AE0SS-1:/125741h3914.17N/10341.80WO066/000EOSS Baloon/A=005388!W46!",66.0,0.0,0.0,39.2362333333,-103.6967666667,0.0,0.0,,,,,,,,5.6e-07,0.0,0.0,0.0,low Re,-0.01,0.003968,-0.000157,0.176249,0.008401,-0.022514,-1.171646,4.167757,-0.003044,0.001206,-4.8e-05,0.053702,0.00256,-0.022457,-1.170312,0.637308,
EOSS-345,KC0D-2,2023-07-29 06:57:46.999,2023-07-29 06:57:45,5388.0,1642.26,-8.0,1054.0,ascending,/125745h3914.17N/10341.80WO248/000/A=005388 311T8434P EOSS Balloon,"KC0D-2>APZEOS,EOSS,WIDE2-1,qAO,AE0SS-1:/125745h3914.17N/10341.80WO248/000/A=005388 311T8434P EOSS Balloon",248.0,0.0,0.0,39.2361666667,-103.6966666667,0.01,0.01,87.98,31.1,304.25,84340.0,0.83,0.00187378,0.96570718,0.0,0.0,-0.13333333,-0.04066667,low Re,-0.004444,0.001823,-0.000225,0.175685,0.008351,-0.769311,-0.505209,4.167757,-0.001356,0.000552,-6.9e-05,0.053531,0.002545,-0.769996,-0.505697,0.637308,
EOSS-345,AE0SS-13,2023-07-29 06:58:12.653,2023-07-29 06:58:11,5388.0,1642.26,0.0,1080.0,ascending,/125811h3914.17N/10341.80WO066/000EOSS Baloon/A=005388!W46!,"AE0SS-13>APTT4,EOSS,qAO,AE0SS-1:/125811h3914.17N/10341.80WO066/000EOSS Baloon/A=005388!W46!",66.0,0.0,0.0,39.2362333333,-103.6967666667,0.0,0.0,,,,,,,,0.0,0.0,0.0,0.0,low Re,0.004444,0.001795,-0.000152,0.174307,0.008305,-0.010298,0.553402,4.167757,0.001356,0.000544,-4.6e-05,0.053111,0.002531,-0.010243,0.553931,0.637308,
EOSS-345,KC0D-2,2023-07-29 06:58:17.000,2023-07-29 06:58:15,5395.0,1644.4,14.0,1084.0,ascending,/125815h3914.17N/10341.80WO248/000/A=005395 315T8434P EOSS Balloon,"KC0D-2>APZEOS,EOSS,WIDE2-1,qAO,AE0SS-1:/125815h3914.17N/10341.80WO248/000/A=005395 315T8434P EOSS Balloon",248.0,0.0,0.0,39.2361666667,-103.6966666667,0.01,0.01,88.7,31.5,304.65,84340.0,0.83,0.00187132,0.96443922,0.0,0.0,0.23333333,0.07133333,low Re,0.007778,0.005303,-3e-05,0.175294,0.008298,1.300845,0.94095,4.175835,0.002378,0.001616,-9e-06,0.053417,0.002529,1.305152,0.943851,0.642801,
EOSS-345,AE0SS-13,2023-07-29 06:58:42.711,2023-07-29 06:58:41,5388.0,1642.26,0.0,1110.0,ascending,/125841h3914.17N/10341.80WO066/000EOSS Baloon/A=005388!W45!,"AE0SS-13>APTT4,EOSS,qAO,AE0SS-1:/125841h3914.17N/10341.80WO066/000EOSS Baloon/A=005388!W45!",66.0,0.0,0.0,39.2362333333,-103.69675,0.0,0.0,,,,,,,,5.6e-07,0.0,0.0,0.0,low Re,-0.007778,0.005224,-0.000147,0.173962,0.008289,-0.03003,-0.920618,4.167757,-0.002378,0.001592,-4.5e-05,0.053011,0.002526,-0.030032,-0.923595,0.637308,
EOSS-345,KC0D-2,2023-07-29 06:58:46.878,2023-07-29 06:58:45,5395.0,1644.4,0.0,1114.0,ascending,/125845h3914.17N/10341.80WO248/000/A=005395 316T8434P EOSS Balloon,"KC0D-2>APZEOS,EOSS,WIDE2-1,qAO,AE0SS-1:/125845h3914.17N/10341.80WO248/000/A=005395 316T8434P EOSS Balloon",248.0,0.0,0.0,39.2361666667,-103.6966666667,0.01,0.01,88.88,31.6,304.75,84340.0,0.83,0.00187071,0.96412275,0.0,0.0,0.0,0.0,low Re,0.0,0.005147,-0.000145,0.17266,0.008226,-0.02981,0.017627,4.175835,0.0,0.001569,-4.4e-05,0.052614,0.002507,-0.029821,0.017551,0.642801,
EOSS-345,AE0SS-13,2023-07-29 06:59:12.625,2023-07-29 06:59:11,5388.0,1642.26,0.0,1140.0,ascending,/125911h3914.17N/10341.80WO066/000EOSS Baloon/A=005388!W45!,"AE0SS-13>APTT4,EOSS,qAO,AE0SS-1:/125911h3914.17N/10341.80WO066/000EOSS Baloon/A=005388!W45!",66.0,0.0,0.0,39.2362333333,-103.69675,0.0,0.0,,,,,,,,0.0,0.0,0.0,0.0,low Re,0.0,0.005072,-0.000143,0.171387,0.008165,-0.029594,0.017514,4.167757,0.0,0.001546,-4.4e-05,0.052226,0.002488,-0.029602,0.017685,0.637308,
EOSS-345,KC0D-2,2023-07-29 06:59:17.002,2023-07-29 06:59:15,5396.0,1644.7,2.0,1144.0,ascending,/125915h3914.17N/10341.80WO248/000/A=005396 319T8435P EOSS Balloon,"KC0D-2>APZEOS,EOSS,WIDE2-1,qAO,AE0SS-1:/125915h3914.17N/10341.80WO248/000/A=005396 319T8435P EOSS Balloon",248.0,0.0,0.0,39.2361666667,-103.6966666667,0.01,0.01,89.42,31.9,305.05,84350.0,0.83,0.00186909,0.96328879,0.0,0.0,0.03333333,0.01,low Re,0.001111,0.005476,-0.000125,0.170174,0.008106,0.163699,0.15248,4.176989,0.000333,0.001667,-3.8e-05,0.051856,0.00247,0.160695,0.150202,0.643571,
EOSS-345,AE0SS-13,2023-07-29 06:59:42.678,2023-07-29 06:59:41,5391.0,1643.18,6.0,1170.0,ascending,/125941h3914.17N/10341.80WO066/000EOSS Baloon/A=005391!W45!,"AE0SS-13>APTT4,EOSS,qAO,AE0SS-1:/125941h3914.17N/10341.80WO066/000EOSS Baloon/A=005391!W45!",66.0,0.0,0.0,39.2362333333,-103.69675,0.0,0.0,,,,,,,,0.0,0.0,0.1,0.03066667,low Re,0.002222,0.006808,-9.1e-05,0.169326,0.008052,0.55037,0.287258,4.171219,0.000689,0.002075,-2.8e-05,0.051599,0.002454,0.554113,0.292176,0.63967,
EOSS-345,KC0D-2,2023-07-29 06:59:46.963,2023-07-29 06:59:45,5399.0,1645.62,6.0,1174.0,ascending,/125945h3914.17N/10341.80WO190/000/A=005399 319T8435P EOSS Balloon,"KC0D-2>APZEOS,EOSS,WIDE2-1,qAO,AE0SS-1:/125945h3914.17N/10341.80WO190/000/A=005399 319T8435P EOSS Balloon",190.0,0.0,0.0,39.2361666667,-103.6966666667,0.01,0.01,89.42,31.9,305.05,84350.0,0.83,0.00186909,0.96328879,0.0,0.0,0.1,0.03066667,low Re,0.0,0.008102,-9e-05,0.168488,0.007994,0.545428,0.011258,4.180451,0.0,0.002472,-2.7e-05,0.051345,0.002436,0.549122,0.011084,0.645932,
EOSS-345,AE0SS-13,2023-07-29 07:00:13.567,2023-07-29 07:00:11,5394.0,1644.09,6.0,1200.0,ascending,/130011h3914.17N/10341.80WO066/000EOSS Baloon/A=005394!W44!,"AE0SS-13>APTT4,EOSS,qAO,AE0SS-1:/130011h3914.17N/10341.80WO066/000EOSS Baloon/A=005394!W44!",66.0,0.0,0.0,39.2362333333,-103.6967333333,0.0,0.0,,,,,,,,5.6e-07,0.0,0.1,0.03033333,low Re,0.0,0.009361,-8.9e-05,0.167659,0.007938,0.540615,0.011212,4.174681,-1.1e-05,0.002854,-2.7e-05,0.051092,0.002419,0.53784,0.006614,0.642006,
EOSS-345,KC0D-2,2023-07-29 07:00:17.031,2023-07-29 07:00:15,5397.0,1645.01,-4.0,1204.0,ascending,/130015h3914.17N/10341.80WO205/000/A=005397 322T8434P EOSS Balloon,"KC0D-2>APZEOS,EOSS,WIDE2-1,qAO,AE0SS-1:/130015h3914.17N/10341.80WO205/000/A=005397 322T8434P EOSS Balloon",205.0,0.0,0.0,39.2361666667,-103.6966666667,0.01,0.01,89.96,32.2,305.35,84340.0,0.83,0.00186703,0.96222829,0.0,0.0,-0.06666667,-0.02033333,low Re,-0.005556,0.008333,-0.000164,0.166741,0.007908,-0.449797,-0.681841,4.178143,-0.001689,0.002541,-5e-05,0.050812,0.00241,-0.450176,-0.680083,0.644367,
EOSS-345,AE0SS-13,2023-07-29 07:00:42.790,2023-07-29 07:00:41,5391.0,1643.18,-6.0,1230.0,ascending,/130041h3914.17N/10341.80WO288/000EOSS Baloon/A=005391!W45!,"AE0SS-13>APTT4,EOSS,qAO,AE0SS-1:/130041h3914.17N/10341.80WO288/000EOSS Baloon/A=005391!W45!",288.0,0.0,0.0,39.2362333333,-103.69675,0.0,0.0,,,,,,,,-5.6e-07,0.0,-0.1,-0.03033333,low Re,-0.001111,0.006889,-0.000176,0.166082,0.007855,-0.643592,-0.119032,4.171219,-0.000333,0.002102,-5.4e-05,0.05061,0.002394,-0.640888,-0.116541,0.63967,
EOSS-345,KC0D-2,2023-07-29 07:00:46.984,2023-07-29 07:00:45,5392.0,1643.48,-10.0,1234.0,ascending,/130045h3914.16N/10341.81WO266/002/A=005392 323T8434P EOSS Balloon,"KC0D-2>APZEOS,EOSS,WIDE2-1,qAO,AE0SS-1:/130045h3914.16N/10341.81WO266/002/A=005392 323T8434P EOSS Balloon",266.0,2.0,3.2,39.236,-103.6968333333,0.02,0.02,90.14,32.3,305.45,84340.0,0.83,0.00186642,0.96191327,-5.56e-06,-5.56e-06,-0.16666667,-0.051,low Re,-0.002222,0.004605,-0.000204,0.166168,0.007805,-1.030714,-0.258552,4.172373,-0.000689,0.001404,-6.2e-05,0.050639,0.002378,-1.034855,-0.263667,0.64044,
EOSS-345,AE0SS-13,2023-07-29 07:01:12.608,2023-07-29 07:01:11,5394.0,1644.09,6.0,1260.0,ascending,/130111h3914.17N/10341.80WO288/000EOSS Baloon/A=005394!W36!,"AE0SS-13>APTT4,EOSS,qAO,AE0SS-1:/130111h3914.17N/10341.80WO288/000EOSS Baloon/A=005394!W36!",288.0,0.0,0.0,39.2362166667,-103.6967666667,0.0,0.0,,,,,,,,-5.6e-07,-5.6e-07,0.1,0.03033333,low Re,0.008889,0.005844,-8.4e-05,0.165429,0.007823,0.569163,1.147002,4.174681,0.002711,0.001779,-2.6e-05,0.050413,0.002384,0.566408,1.14807,0.642006,
EOSS-345,KC0D-2,2023-07-29 07:01:16.986,2023-07-29 07:01:15,5403.0,1646.83,22.0,1264.0,ascending,/130115h3914.16N/10341.82WO234/001/A=005403 326T8434P EOSS Balloon,"KC0D-2>APZEOS,EOSS,WIDE2-1,qAO,AE0SS-1:/130115h3914.16N/10341.82WO234/001/A=005403 326T8434P EOSS Balloon",234.0,1.0,1.6,39.236,-103.697,0.02,0.03,90.68,32.6,305.75,84340.0,0.83,0.00186459,0.96096945,-5.56e-06,0.0,0.36666667,0.11166667,low Re,0.008889,0.01047,3.2e-05,0.169353,0.007838,2.103279,1.130008,4.185066,0.002711,0.003188,1e-05,0.051607,0.002389,2.102015,1.130599,0.649036,
EOSS-345,AE0SS-13,2023-07-29 07:01:42.646,2023-07-29 07:01:41,5404.0,1647.14,20.0,1290.0,ascending,/130141h3914.16N/10341.81WO252/000EOSS Baloon/A=005404!W74!,"AE0SS-13>APTT4,EOSS,qAO,AE0SS-1:/130141h3914.16N/10341.81WO252/000EOSS Baloon/A=005404!W74!",252.0,0.0,0.0,39.2361166667,-103.6969,0.01,0.02,,,,,,,,-4.44e-06,-3.33e-06,0.33333333,0.10166667,low Re,-0.001111,0.014557,1.8e-05,0.17214,0.007788,1.851843,-0.144967,4.18622,-0.000333,0.004435,5e-06,0.052458,0.002373,1.853515,-0.142436,0.649832,
EOSS-345,KC0D-2,2023-07-29 07:01:46.979,2023-07-29 07:01:45,5416.0,1650.8,26.0,1294.0,ascending,/130145h3914.16N/10341.82WO284/000/A=005416 327T8435P EOSS Balloon,"KC0D-2>APZEOS,EOSS,WIDE2-1,qAO,AE0SS-1:/130145h3914.16N/10341.82WO284/000/A=005416 327T8435P EOSS Balloon",284.0,0.0,0.0,39.236,-103.697,0.02,0.03,90.86,32.7,305.85,84350.0,0.83,0.0018642,0.96076915,0.0,0.0,0.43333333,0.13233333,low Re,0.003333,0.019792,6e-05,0.17734,0.007747,2.331912,0.422486,4.200064,0.001022,0.006033,1.8e-05,0.054051,0.002361,2.336688,0.425244,0.659216,
EOSS-345,AE0SS-13,2023-07-29 07:02:12.577,2023-07-29 07:02:11,5404.0,1647.14,0.0,1320.0,ascending,/130211h3914.16N/10341.81WO252/000EOSS Baloon/A=005404!W74!,"AE0SS-13>APTT4,EOSS,qAO,AE0SS-1:/130211h3914.16N/10341.81WO252/000EOSS Baloon/A=005404!W74!",252.0,0.0,0.0,39.2361166667,-103.6969,0.01,0.02,,,,,,,,0.0,0.0,0.0,0.0,low Re,-0.014444,0.019547,-0.000122,0.176241,0.007867,-0.110911,-1.820516,4.18622,-0.004411,0.005959,-3.7e-05,0.053716,0.002398,-0.110935,-1.82402,0.649832,
EOSS-345,KC0D-2,2023-07-29 07:02:16.913,2023-07-29 07:02:15,5403.0,1646.83,-26.0,1324.0,ascending,/130215h3914.16N/10341.82WO284/000/A=005403 329T8434P EOSS Balloon,"KC0D-2>APZEOS,EOSS,WIDE2-1,qAO,AE0SS-1:/130215h3914.16N/10341.82WO284/000/A=005403 329T8434P EOSS Balloon",284.0,0.0,0.0,39.236,-103.697,0.02,0.03,91.22,32.9,306.05,84340.0,0.83,0.00186276,0.96002747,0.0,0.0,-0.43333333,-0.13233333,low Re,-0.014444,0.014024,-0.000298,0.18215,0.007978,-2.455983,-1.773126,4.185066,-0.004411,0.004272,-9.1e-05,0.055525,0.002432,-2.460249,-1.776316,0.649036,
EOSS-345,AE0SS-13,2023-07-29 07:02:42.581,2023-07-29 07:02:41,5404.0,1647.14,0.0,1350.0,ascending,/130241h3914.16N/10341.81WO252/000EOSS Baloon/A=005404!W74!,"AE0SS-13>APTT4,EOSS,qAO,AE0SS-1:/130241h3914.16N/10341.81WO252/000EOSS Baloon/A=005404!W74!",252.0,0.0,0.0,39.2361166667,-103.6969,0.01,0.02,,,,,,,,0.0,0.0,0.0,0.0,low Re,0.014444,0.013855,-0.000119,0.181043,0.008094,-0.076529,1.799234,4.18622,0.004411,0.004221,-3.6e-05,0.055188,0.002467,-0.076484,1.802594,0.649832,
EOSS-345,KC0D-2,2023-07-29 07:02:46.965,2023-07-29 07:02:45,5400.0,1645.92,-6.0,1354.0,ascending,/130245h3914.16N/10341.82WO284/000/A=005400 329T8434P EOSS Balloon,"KC0D-2>APZEOS,EOSS,WIDE2-1,qAO,AE0SS-1:/130245h3914.16N/10341.82WO284/000/A=005400 329T8434P EOSS Balloon",284.0,0.0,0.0,39.236,-103.697,0.02,0.03,91.22,32.9,306.05,84340.0,0.83,0.00186276,0.96002747,0.0,0.0,-0.1,-0.03033333,low Re,-0.003333,0.0125,-0.000157,0.180377,0.008052,-0.623694,-0.394436,4.181605,-0.001011,0.00381,-4.8e-05,0.054984,0.002454,-0.620968,-0.392421,0.646702,
EOSS-345,AE0SS-13,2023-07-29 07:03:12.586,2023-07-29 07:03:11,5404.0,1647.14,0.0,1380.0,ascending,/130311h3914.16N/10341.81WO252/000EOSS Baloon/A=005404!W74!,"AE0SS-13>APTT4,EOSS,qAO,AE0SS-1:/130311h3914.16N/10341.81WO252/000EOSS Baloon/A=005404!W74!",252.0,0.0,0.0,39.2361166667,-103.6969,0.01,0.02,,,,,,,,0.0,0.0,0.0,0.0,low Re,0.003333,0.012353,-0.000116,0.179306,0.008012,-0.068893,0.430479,4.18622,0.001011,0.003765,-3.5e-05,0.054657,0.002442,-0.068884,0.428337,0.649832,
EOSS-345,KC0D-2,2023-07-29 07:03:16.915,2023-07-29 07:03:15,5401.0,1646.22,2.0,1384.0,ascending,/130315h3914.16N/10341.82WO284/000/A=005401 331T8435P EOSS Balloon,"KC0D-2>APZEOS,EOSS,WIDE2-1,qAO,AE0SS-1:/130315h3914.16N/10341.82WO284/000/A=005401 331T8435P EOSS Balloon",284.0,0.0,0.0,39.236,-103.697,0.02,0.03,91.58,33.1,306.25,84350.0,0.83,0.00186177,0.95951427,0.0,0.0,0.03333333,0.01,low Re,0.001111,0.012597,-0.000101,0.178262,0.007966,0.116325,0.152147,4.182759,0.000333,0.003837,-3.1e-05,0.054339,0.002428,0.113418,0.149918,0.647471,
EOSS-345,KC0D-2,2023-07-29 07:03:46.943,2023-07-29 07:03:45,5416.0,1650.8,30.0,1414.0,ascending,/130345h3914.16N/10341.82WO284/000/A=005416 331T8434P EOSS Balloon,"KC0D-2>APZEOS,EOSS,WIDE2-1,qAO,AE0SS-1:/130345h3914.16N/10341.82WO284/000/A=005416 331T8434P EOSS Balloon",284.0,0.0,0.0,39.236,-103.697,0.02,0.03,91.58,33.1,306.25,84340.0,0.83,0.00186154,0.95940052,0.0,0.0,0.5,0.15266667,low Re,0.015556,0.018199,8.1e-05,0.184766,0.008097,2.607628,1.911202,4.200064,0.004756,0.005548,2.5e-05,0.056329,0.002468,2.611775,1.916937,0.659216,
EOSS-345,AE0SS-13,2023-07-29 07:04:12.680,2023-07-29 07:04:11,5404.0,1647.14,0.0,1440.0,ascending,/130411h3914.16N/10341.81WO252/000EOSS Baloon/A=005404!W74!,"AE0SS-13>APTT4,EOSS,qAO,AE0SS-1:/130411h3914.16N/10341.81WO252/000EOSS Baloon/A=005404!W74!",252.0,0.0,0.0,39.2361166667,-103.6969,0.01,0.02,,,,,,,,0.0,0.0,0.0,0.0,low Re,-0.008333,0.017992,-1.6e-05,0.183711,0.0081,-0.097936,-1.02679,4.18622,-0.002544,0.005485,-5e-06,0.056007,0.002469,-0.097934,-1.028352,0.649832,
EOSS-345,AE0SS-13,2023-07-29 07:04:42.611,2023-07-29 07:04:41,5404.0,1647.14,0.0,1470.0,ascending,/130441h3914.16N/10341.81WO252/000EOSS Baloon/A=005404!W75!,"AE0SS-13>APTT4,EOSS,qAO,AE0SS-1:/130441h3914.16N/10341.81WO252/000EOSS Baloon/A=005404!W75!",252.0,0.0,0.0,39.2361166667,-103.6969166667,0.01,0.02,,,,,,,,-5.6e-07,0.0,0.0,0.0,low Re,0.0,0.01779,-1.6e-05,0.182674,0.008053,-0.097387,0.001987,4.18622,0.0,0.005423,-5e-06,0.055691,0.002455,-0.097377,0.002037,0.649832,
EOSS-345,KC0D-2,2023-07-29 07:04:46.967,2023-07-29 07:04:45,5404.0,1647.14,-12.0,1474.0,ascending,/130445h3914.16N/10341.83WO284/000/A=005404 333T8435P EOSS Balloon,"KC0D-2>APZEOS,EOSS,WIDE2-1,qAO,AE0SS-1:/130445h3914.16N/10341.83WO284/000/A=005404 333T8435P EOSS Balloon",284.0,0.0,0.0,39.236,-103.6971666667,0.03,0.04,91.94,33.3,306.45,84350.0,0.83,0.00186055,0.95888806,-2.78e-06,0.0,-0.2,-0.061,low Re,-0.003333,0.01537,-5.3e-05,0.18309,0.008015,-1.176307,-0.409233,4.18622,-0.001017,0.004685,-1.6e-05,0.055818,0.002443,-1.176771,-0.409742,0.649832,
EOSS-345,AE0SS-13,2023-07-29 07:05:12.663,2023-07-29 07:05:11,5408.0,1648.36,8.0,1500.0,ascending,/130511h3914.16N/10341.81WO252/000EOSS Baloon/A=005408!W75!,"AE0SS-13>APTT4,EOSS,qAO,AE0SS-1:/130511h3914.16N/10341.81WO252/000EOSS Baloon/A=005408!W75!",252.0,0.0,0.0,39.2361166667,-103.6969166667,0.01,0.02,,,,,,,,0.0,0.0,0.13333333,0.04066667,low Re,0.011111,0.016667,7.1e-05,0.18249,0.008056,0.639303,1.370407,4.190835,0.003389,0.005081,2.2e-05,0.055635,0.002456,0.639627,1.370928,0.652961,
EOSS-345,KC0D-2,2023-07-29 07:05:16.974,2023-07-29 07:05:15,5404.0,1647.14,0.0,1504.0,ascending,/130515h3914.16N/10341.83WO284/000/A=005404 335T8434P EOSS Balloon,"KC0D-2>APZEOS,EOSS,WIDE2-1,qAO,AE0SS-1:/130515h3914.16N/10341.83WO284/000/A=005404 335T8434P EOSS Balloon",284.0,0.0,0.0,39.236,-103.6971666667,0.03,0.04,92.3,33.5,306.65,84340.0,0.83,0.00185912,0.95814906,0.0,0.0,0.0,0.0,low Re,-0.004444,0.016486,2.1e-05,0.181492,0.008025,-0.090836,-0.556386,4.18622,-0.001356,0.005025,7e-06,0.055331,0.002447,-0.090817,-0.557009,0.649832,
EOSS-345,AE0SS-13,2023-07-29 07:05:42.596,2023-07-29 07:05:41,5408.0,1648.36,0.0,1530.0,ascending,/130541h3914.16N/10341.81WO252/000EOSS Baloon/A=005408!W75!,"AE0SS-13>APTT4,EOSS,qAO,AE0SS-1:/130541h3914.16N/10341.81WO252/000EOSS Baloon/A=005408!W75!",252.0,0.0,0.0,39.2361166667,-103.6969166667,0.01,0.02,,,,,,,,0.0,0.0,0.0,0.0,low Re,0.0,0.016308,2.1e-05,0.180512,0.007981,-0.090343,-0.002631,4.190835,0.0,0.004971,6e-06,0.055032,0.002433,-0.090329,-0.002466,0.652961,
EOSS-345,KC0D-2,2023-07-29 07:05:46.979,2023-07-29 07:05:45,5412.0,1649.58,16.0,1534.0,ascending,/130545h3914.16N/10341.83WO284/000/A=005412 338T8435P EOSS Balloon,"KC0D-2>APZEOS,EOSS,WIDE2-1,qAO,AE0SS-1:/130545h3914.16N/10341.83WO284/000/A=005412 338T8435P EOSS Balloon",284.0,0.0,0.0,39.236,-103.6971666667,0.03,0.04,92.84,33.8,306.95,84350.0,0.83,0.00185752,0.9573261,0.0,0.0,0.26666667,0.08133333,low Re,0.008889,0.018972,0.000117,0.181386,0.007991,1.365567,1.097735,4.195449,0.002711,0.005784,3.6e-05,0.055299,0.002436,1.366197,1.098112,0.656089,
EOSS-345,AE0SS-13,2023-07-29 07:06:12.633,2023-07-29 07:06:11,5411.0,1649.27,6.0,1560.0,ascending,/130611h3914.16N/10341.81WO252/000EOSS Baloon/A=005411!W76!,"AE0SS-13>APTT4,EOSS,qAO,AE0SS-1:/130611h3914.16N/10341.81WO252/000EOSS Baloon/A=005411!W76!",252.0,0.0,0.0,39.2361166667,-103.6969333333,0.01,0.02,,,,,,,,-5.6e-07,0.0,0.1,0.03033333,low Re,-0.005556,0.019825,5.6e-05,0.18061,0.007969,0.443912,-0.704229,4.194296,-0.0017,0.006042,1.7e-05,0.055062,0.00243,0.441163,-0.706584,0.655294,
EOSS-345,KC0D-2,2023-07-29 07:06:16.952,2023-07-29 07:06:15,5423.0,1652.93,22.0,1564.0,ascending,/130615h3914.16N/10341.82WO242/000/A=005423 339T8434P EOSS Balloon,"KC0D-2>APZEOS,EOSS,WIDE2-1,qAO,AE0SS-1:/130615h3914.16N/10341.82WO242/000/A=005423 339T8434P EOSS Balloon",242.0,0.0,0.0,39.236,-103.697,0.02,0.03,93.02,33.9,307.05,84340.0,0.83,0.00185669,0.95690086,5.56e-06,0.0,0.36666667,0.11166667,low Re,0.008889,0.023438,0.000149,0.183111,0.007978,1.87443,1.095513,4.208138,0.002711,0.007142,4.5e-05,0.055822,0.002432,1.872464,1.096217,0.664675,
EOSS-345,AE0SS-13,2023-07-29 07:06:42.787,2023-07-29 07:06:41,5411.0,1649.27,0.0,1590.0,ascending,/130641h3914.16N/10341.81WO252/000EOSS Baloon/A=005411!W76!,"AE0SS-13>APTT4,EOSS,qAO,AE0SS-1:/130641h3914.16N/10341.81WO252/000EOSS Baloon/A=005411!W76!",252.0,0.0,0.0,39.2361166667,-103.6969333333,0.01,0.02,,,,,,,,0.0,0.0,0.0,0.0,low Re,-0.012222,0.023196,2e-05,0.182171,0.008036,-0.127331,-1.523395,4.194296,-0.003722,0.007069,6e-06,0.055536,0.00245,-0.127287,-1.521633,0.655294,
EOSS-345,KC0D-2,2023-07-29 07:06:46.951,2023-07-29 07:06:45,5433.0,1655.98,20.0,1594.0,ascending,/130645h3914.16N/10341.82WO097/000/A=005433 342T8434P EOSS Balloon,"KC0D-2>APZEOS,EOSS,WIDE2-1,qAO,AE0SS-1:/130645h3914.16N/10341.82WO097/000/A=005433 342T8434P EOSS Balloon",97.0,0.0,0.0,39.236,-103.697,0.02,0.03,93.56,34.2,307.35,84340.0,0.83,0.00185488,0.95596684,0.0,0.0,0.33333333,0.10166667,low Re,0.011111,0.026361,0.000135,0.183917,0.008073,1.669081,1.359594,4.219671,0.003389,0.008034,4.1e-05,0.056069,0.002461,1.669954,1.360423,0.672487,
EOSS-345,AE0SS-13,2023-07-29 07:07:12.720,2023-07-29 07:07:11,5408.0,1648.36,-6.0,1620.0,ascending,/130711h3914.16N/10341.81WO252/000EOSS Baloon/A=005408!W86!,"AE0SS-13>APTT4,EOSS,qAO,AE0SS-1:/130711h3914.16N/10341.81WO252/000EOSS Baloon/A=005408!W86!",252.0,0.0,0.0,39.2361333333,-103.6969333333,0.01,0.02,,,,,,,,0.0,5.6e-07,-0.1,-0.03033333,low Re,-0.014444,0.025084,-1.4e-05,0.183416,0.008165,-0.681969,-1.767299,4.190835,-0.0044,0.007646,-4e-06,0.055915,0.002489,-0.679233,-1.766171,0.652961,
EOSS-345,KC0D-2,2023-07-29 07:07:16.981,2023-07-29 07:07:15,5340.0,1627.63,-186.0,1624.0,ascending,/130715h3914.17N/10341.82WO003/004/A=005340 344T8433P EOSS Balloon,"KC0D-2>APZEOS,EOSS,WIDE2-1,qAO,AE0SS-1:/130715h3914.17N/10341.82WO003/004/A=005340 344T8433P EOSS Balloon",3.0,5.0,8.0,39.2361666667,-103.697,0.01,0.02,93.92,34.4,307.55,84330.0,0.83,0.00185346,0.9552319,0.0,5.56e-06,-3.1,-0.945,low Re,-0.1,-0.006167,-0.001024,0.361888,0.012922,-8.549145,-7.659495,4.112341,-0.030489,-0.00188,-0.000312,0.110319,0.00394,-8.549026,-7.659137,0.599689,
EOSS-345,AE0SS-13,2023-07-29 07:07:42.666,2023-07-29 07:07:41,5408.0,1648.36,0.0,1650.0,ascending,/130741h3914.16N/10341.81WO252/000EOSS Baloon/A=005408!W86!,"AE0SS-13>APTT4,EOSS,qAO,AE0SS-1:/130741h3914.16N/10341.81WO252/000EOSS Baloon/A=005408!W86!",252.0,0.0,0.0,39.2361333333,-103.6969333333,0.01,0.02,,,,,,,,0.0,0.0,0.0,0.0,low Re,0.103333,-0.006106,1.9e-05,0.360075,0.016559,0.016958,6.239145,4.190835,0.0315,-0.001861,6e-06,0.109766,0.005048,0.016954,6.238906,0.652961,
EOSS-345,KC0D-2,2023-07-29 07:07:46.946,2023-07-29 07:07:45,5391.0,1643.18,102.0,1654.0,ascending,/130745h3914.16N/10341.82WO003/000/A=005391 347T8433P EOSS Balloon,"KC0D-2>APZEOS,EOSS,WIDE2-1,qAO,AE0SS-1:/130745h3914.16N/10341.82WO003/000/A=005391 347T8433P EOSS Balloon",3.0,0.0,0.0,39.236,-103.697,0.02,0.03,94.46,34.7,307.85,84330.0,0.83,0.00185165,0.95430103,0.0,-5.56e-06,1.7,0.51833333,low Re,0.056667,0.010621,0.00058,0.396116,0.017413,4.264859,3.220984,4.171219,0.017278,0.003239,0.000177,0.120757,0.005309,4.265544,3.221134,0.63967,
EOSS-345,AE0SS-13,2023-07-29 07:08:12.626,2023-07-29 07:08:11,5795.0,1766.32,774.0,1680.0,ascending,/130811h3914.23N/10341.76WO029/017EOSS Baloon/A=005795!W85!,"AE0SS-13>APTT4,EOSS,qAO,AE0SS-1:/130811h3914.23N/10341.76WO029/017EOSS Baloon/A=005795!W85!",29.0,20.0,32.2,39.2373,-103.6960833333,0.08,0.13,,,,,,,,2.833e-05,3.889e-05,12.9,3.932,high Re,0.373333,0.135761,0.004235,1.32979,0.040773,9.598688,9.05251,4.635924,0.113789,0.041382,0.001291,0.405334,0.012428,9.598548,9.051979,0.951899,low_to_high
EOSS-345,KC0D-2,2023-07-29 07:08:16.940,2023-07-29 07:08:15,5943.0,1811.43,1104.0,1684.0,ascending,/130815h3914.26N/10341.76WO008/020/A=005943 348T8275P EOSS Balloon,"KC0D-2>APZEOS,EOSS,WIDE2-1,qAO,AE0SS-1:/130815h3914.26N/10341.76WO008/020/A=005943 348T8275P EOSS Balloon",8.0,23.0,37.0,39.2376666667,-103.696,0.11,0.17,94.64,34.8,307.95,82750.0,0.82,0.00181637,0.93611724,3.333e-05,5.556e-05,18.4,5.60833333,high Re,0.183333,0.311378,0.005974,2.226813,0.044244,8.123099,4.008657,4.805405,0.055878,0.09491,0.001821,0.678742,0.013486,8.123003,4.008379,1.064347,
EOSS-345,AE0SS-13,2023-07-29 07:08:42.349,2023-07-29 07:08:41,6480.0,1975.1,1370.0,1710.0,ascending,/130841h3914.39N/10341.75WO005/021EOSS Baloon/A=006480!W75!,"AE0SS-13>APTT4,EOSS,qAO,W0ARP-2:/130841h3914.39N/10341.75WO005/021EOSS Baloon/A=006480!W75!",5.0,24.0,38.6,39.23995,-103.6959166667,0.26,0.42,,,,,,,,5.56e-06,8.833e-05,22.83333333,6.95933333,high Re,0.147778,0.525873,0.007337,3.121195,0.046172,7.14709,3.041692,5.416939,0.045033,0.160286,0.002236,0.951328,0.014073,7.146901,3.041072,1.463767,
EOSS-345,KC0D-2,2023-07-29 07:08:46.948,2023-07-29 07:08:45,6620.0,2017.78,1354.0,1714.0,ascending,/130845h3914.41N/10341.76WO359/023/A=006620 350T8080P EOSS Balloon,"KC0D-2>APZEOS,EOSS,WIDE2-1,qAO,AE0SS-1:/130845h3914.41N/10341.76WO359/023/A=006620 350T8080P EOSS Balloon",359.0,26.0,41.8,39.2401666667,-103.696,0.28,0.44,95.0,35.0,308.15,80800.0,0.8,0.00177241,0.91346442,0.0,8.333e-05,22.56666667,6.87833333,high Re,-0.008889,0.733805,0.007183,3.772541,0.045977,5.787309,-0.349566,5.575492,-0.0027,0.223664,0.002189,1.149861,0.014014,5.787368,-0.348865,1.565739,
EOSS-345,AE0SS-13,2023-07-29 07:09:12.388,2023-07-29 07:09:11,7193.0,2192.43,1426.0,1740.0,ascending,/130911h3914.52N/10341.73WO038/020EOSS Baloon/A=007193!W55!,"AE0SS-13>APTT4,EOSS,qAO,W0ARP-2:/130911h3914.52N/10341.73WO038/020EOSS Baloon/A=007193!W55!",38.0,23.0,37.0,39.2420833333,-103.6955833333,0.41,0.66,,,,,,,,1.111e-05,7.111e-05,23.76666667,7.24433333,high Re,0.04,0.949065,0.007492,4.365302,0.045868,5.227039,0.708729,6.220642,0.0122,0.289277,0.002284,1.330549,0.013981,5.227208,0.709248,1.973765,
EOSS-345,KC0D-2,2023-07-29 07:09:16.898,2023-07-29 07:09:15,7338.0,2236.62,1436.0,1744.0,ascending,/130915h3914.55N/10341.74WO008/016/A=007338 351T7882P EOSS Balloon,"KC0D-2>APZEOS,EOSS,WIDE2-1,qAO,AE0SS-1:/130915h3914.55N/10341.74WO008/016/A=007338 351T7882P EOSS Balloon",8.0,18.0,29.0,39.2425,-103.6956666667,0.44,0.7,95.18,35.1,308.25,78820.0,0.78,0.00172842,0.89079095,1.111e-05,7.778e-05,23.93333333,7.29466667,high Re,0.005556,1.161883,0.007474,4.875369,0.045652,4.670713,-0.042013,6.382935,0.001678,0.354142,0.002278,1.486007,0.013915,4.670587,-0.043119,2.074674,
EOSS-345,AE0SS-13,2023-07-29 07:09:42.699,2023-07-29 07:09:41,7872.0,2399.39,1358.0,1770.0,ascending,/130941h3914.64N/10341.71WO039/028EOSS Baloon/A=007872!W92!,"AE0SS-13>APTT4,EOSS,qAO,AE0SS-1:/130941h3914.64N/10341.71WO039/028EOSS Baloon/A=007872!W92!",39.0,32.0,51.5,39.24415,-103.6952,0.55,0.89,,,,,,,,1.278e-05,6.889e-05,22.63333333,6.89866667,high Re,-0.043333,1.358869,0.007004,5.270551,0.0457,4.036478,-1.101466,6.977262,-0.0132,0.414183,0.002135,1.60646,0.013929,4.036505,-1.10094,2.438389,
EOSS-345,KC0D-2,2023-07-29 07:09:47.001,2023-07-29 07:09:45,8010.0,2441.45,1344.0,1774.0,ascending,/130945h3914.65N/10341.72WO334/009/A=008010 350T7694P EOSS Balloo,"KC0D-2>APZEOS,EOSS*,WIDE2-1,qAO,N6BA-10:/130945h3914.65N/10341.72WO334/009/A=008010 350T7694P EOSS Balloo",334.0,10.0,16.1,39.2441666667,-103.6953333333,0.55,0.89,95.0,35.0,308.15,76940.0,0.76,0.00168774,0.86982615,1.111e-05,5.556e-05,22.4,6.82766667,high Re,-0.007778,1.550152,0.006868,5.61682,0.04551,3.712038,-0.321819,7.129993,-0.002367,0.472488,0.002093,1.712008,0.013871,3.71212,-0.321534,2.530357,
EOSS-345,AE0SS-13,2023-07-29 07:10:12.345,2023-07-29 07:10:11,8541.0,2603.3,1338.0,1800.0,ascending,/131011h3914.73N/10341.72WO358/017EOSS Baloon/A=008541!W25!,"AE0SS-13>APTT4,EOSS,qAO,W0ARP-2:/131011h3914.73N/10341.72WO358/017EOSS Baloon/A=008541!W25!",358.0,20.0,32.2,39.2455333333,-103.6954166667,0.65,1.04,,,,,,,,-7.22e-06,4.611e-05,22.3,6.797,high Re,-0.003333,1.737087,0.006775,5.927963,0.045312,3.468799,-0.223076,7.714383,-0.001022,0.529465,0.002065,1.806843,0.013811,3.468777,-0.223517,2.87666,
EOSS-345,KC0D-2,2023-07-29 07:10:16.911,2023-07-29 07:10:15,8660.0,2639.57,1300.0,1804.0,ascending,/131015h3914.74N/10341.73WO003/009/A=008660 352T7514P EOSS Balloon,"KC0D-2>APZEOS,EOSS,WIDE2-1,qAO,AE0SS-1:/131015h3914.74N/10341.73WO003/009/A=008660 352T7514P EOSS Balloon",3.0,10.0,16.1,39.2456666667,-103.6955,0.66,1.06,95.36,35.2,308.35,75140.0,0.74,0.00164719,0.84892571,-5.56e-06,5e-05,21.66666667,6.604,high Re,-0.021111,1.91503,0.006524,6.194391,0.045183,3.188633,-0.611624,7.844631,-0.006433,0.583702,0.001989,1.88805,0.013771,3.188633,-0.611575,2.95263,
EOSS-345,AE0SS-13,2023-07-29 07:10:42.380,2023-07-29 07:10:41,9227.0,2812.39,1372.0,1830.0,ascending,/131041h3914.81N/10341.71WO069/015EOSS Baloon/A=009227!W24!,"AE0SS-13>APTT4,EOSS,qAO,W0ARP-2:/131041h3914.81N/10341.71WO069/015EOSS Baloon/A=009227!W24!",69.0,17.0,27.4,39.2468666667,-103.6952333333,0.74,1.19,,,,,,,,6.11e-06,4.444e-05,22.86666667,6.96966667,high Re,0.04,2.100442,0.006823,6.473993,0.04509,3.207638,0.735795,8.461622,0.012189,0.640215,0.00208,1.97327,0.013743,3.207595,0.735574,3.306532,
EOSS-345,KC0D-2,2023-07-29 07:10:46.950,2023-07-29 07:10:45,9368.0,2855.37,1416.0,1834.0,ascending,/131045h3914.83N/10341.71WO029/013/A=009368 352T7334P EOSS Balloon,"KC0D-2>APZEOS,EOSS*,WIDE2-1,qAO,N6BA-10:/131045h3914.83N/10341.71WO029/013/A=009368 352T7334P EOSS Balloon",29.0,15.0,24.1,39.2471666667,-103.6951666667,0.76,1.22,95.36,35.2,308.35,73340.0,0.72,0.00160773,0.82858945,1.111e-05,5e-05,23.6,7.19333333,high Re,0.024444,2.289035,0.006979,6.752506,0.044919,3.156008,0.388811,8.614129,0.007456,0.697699,0.002127,2.058163,0.013691,3.156035,0.389234,3.392497,
EOSS-345,AE0SS-13,2023-07-29 07:11:12.316,2023-07-29 07:11:11,9906.0,3019.35,1358.0,1860.0,ascending,/131111h3914.92N/10341.64WO041/022EOSS Baloon/A=009906!W26!,"AE0SS-13>APTT4,EOSS,qAO,W0ARP-2:/131111h3914.92N/10341.64WO041/022EOSS Baloon/A=009906!W26!",41.0,25.0,40.2,39.2487,-103.6941,0.87,1.41,,,,,,,,3.778e-05,6.111e-05,22.63333333,6.89866667,high Re,-0.032222,2.465942,0.006635,6.985372,0.04487,2.887089,-0.865991,9.192648,-0.009822,0.75162,0.002022,2.129141,0.013676,2.887102,-0.866043,3.713109,
EOSS-345,KC0D-2,2023-07-29 07:11:16.949,2023-07-29 07:11:15,10077.0,3071.47,1418.0,1864.0,ascending,/131115h3914.94N/10341.64WO029/026/A=010077 354T7155P EOSS Balloon,"KC0D-2>APZEOS,EOSS,WIDE2-1,qAO,AE0SS-1:/131115h3914.94N/10341.64WO029/026/A=010077 354T7155P EOSS Balloon",29.0,30.0,48.3,39.249,-103.694,0.89,1.44,95.72,35.4,308.55,71550.0,0.71,0.00156747,0.8078422,3.889e-05,6.111e-05,23.63333333,7.20333333,high Re,0.033333,2.64842,0.006867,7.227288,0.044742,2.903567,0.591525,9.375404,0.010156,0.807239,0.002093,2.202874,0.013637,2.903523,0.591259,3.812599,
EOSS-345,AE0SS-13,2023-07-29 07:11:42.609,2023-07-29 07:11:41,10621.0,3237.28,1430.0,1890.0,ascending,/131141h3915.00N/10341.52WO081/016EOSS Baloon/A=010621!W56!,"AE0SS-13>APTT4,EOSS,qAO,AE0SS-1:/131141h3915.00N/10341.52WO081/016EOSS Baloon/A=010621!W56!",81.0,18.0,29.0,39.2500833333,-103.6921,0.99,1.59,,,,,,,,6.667e-05,4.611e-05,23.83333333,7.26433333,high Re,0.006667,2.829487,0.006865,7.457835,0.044547,2.816346,-0.004445,9.953197,0.002033,0.862427,0.002093,2.273143,0.013578,2.816324,-0.004419,4.121505,
EOSS-345,KC0D-2,2023-07-29 07:11:46.993,2023-07-29 07:11:45,10762.0,3280.26,1370.0,1894.0,ascending,/131145h3915.02N/10341.51WO058/015/A=010762 353T6980P EOSS Balloon,"KC0D-2>APZEOS,EOSS*,WIDE2-1,qAO,N6BA-10:/131145h3915.02N/10341.51WO058/015/A=010762 353T6980P EOSS Balloon",58.0,17.0,27.4,39.2503333333,-103.6918333333,1.01,1.63,95.54,35.3,308.45,69800.0,0.69,0.00152963,0.78833915,7.222e-05,4.444e-05,22.83333333,6.95966667,high Re,-0.033333,2.999011,0.006522,7.65082,0.04451,2.592444,-0.895417,10.102061,-0.010156,0.914099,0.001988,2.331967,0.013566,2.592476,-0.895179,4.199712,
EOSS-345,AE0SS-13,2023-07-29 07:12:12.276,2023-07-29 07:12:11,11314.0,3448.51,1386.0,1920.0,ascending,/131211h3915.06N/10341.41WO063/032EOSS Baloon/A=011314!W31!,"AE0SS-13>APTT4,EOSS,qAO,W0ARP-1:/131211h3915.06N/10341.41WO063/032EOSS Baloon/A=011314!W31!",63.0,37.0,59.5,39.25105,-103.6901833333,1.08,1.74,,,,,,,,6.389e-05,3.222e-05,23.1,7.041,high Re,0.008889,3.167927,0.006542,7.838008,0.04432,2.543002,0.052956,10.681303,0.002711,0.965585,0.001994,2.389025,0.013508,2.543052,0.05308,4.498617,
EOSS-345,KC0D-2,2023-07-29 07:12:16.920,2023-07-29 07:12:15,11475.0,3497.58,1426.0,1924.0,ascending,/131215h3915.06N/10341.40WO066/010/A=011475 354T6807P EOSS Balloon,"KC0D-2>APZEOS,EOSS,WIDE2-1,qAO,AE0SS-1:/131215h3915.06N/10341.40WO066/010/A=011475 354T6807P EOSS Balloon",66.0,12.0,19.3,39.251,-103.69,1.08,1.74,95.72,35.4,308.55,68070.0,0.67,0.00149123,0.76855092,6.111e-05,2.222e-05,23.76666667,7.244,high Re,0.022222,3.339583,0.006674,8.028326,0.044155,2.544376,0.352123,10.849185,0.006767,1.017906,0.002034,2.447032,0.013458,2.544345,0.351687,4.583645,
EOSS-345,AE0SS-13,2023-07-29 07:12:42.387,2023-07-29 07:12:41,12009.0,3660.34,1390.0,1950.0,ascending,/131241h3915.07N/10341.29WO099/018EOSS Baloon/A=012009!W67!,"AE0SS-13>APTT4,EOSS,qAO,W0ARP-2:/131241h3915.07N/10341.29WO099/018EOSS Baloon/A=012009!W67!",99.0,21.0,33.8,39.2512666667,-103.6882833333,1.13,1.82,,,,,,,,6.333e-05,7.22e-06,23.16666667,7.061,high Re,-0.02,3.503444,0.006451,8.195472,0.044037,2.399279,-0.600654,11.402573,-0.0061,1.067848,0.001966,2.497974,0.013422,2.399205,-0.600954,4.858865,
EOSS-345,KC0D-2,2023-07-29 07:12:47.015,2023-07-29 07:12:45,12166.0,3708.2,1382.0,1954.0,ascending,/131245h3915.08N/10341.29WO059/016/A=012166 353T6638P EOSS Balloon,"KC0D-2>APZEOS,EOSS*,WIDE2-1,qAO,N6BA-10:/131245h3915.08N/10341.29WO059/016/A=012166 353T6638P EOSS Balloon",59.0,18.0,29.0,39.2513333333,-103.6881666667,1.14,1.84,95.54,35.3,308.45,66380.0,0.66,0.00145468,0.74971279,6.111e-05,1.111e-05,23.03333333,7.02066667,high Re,-0.004444,3.663525,0.006361,8.350871,0.043864,2.319496,-0.24633,11.564267,-0.001344,1.116642,0.001939,2.545342,0.013369,2.319541,-0.245568,4.937829,
EOSS-345,AE0SS-13,2023-07-29 07:13:12.422,2023-07-29 07:13:11,12675.0,3863.34,1332.0,1980.0,ascending,/131311h3915.09N/10341.21WO304/011EOSS Baloon/A=012675!W46!,"AE0SS-13>APTT4,EOSS,qAO,W0ARP-2:/131311h3915.09N/10341.21WO304/011EOSS Baloon/A=012675!W46!",304.0,13.0,20.9,39.2515666667,-103.6869333333,1.18,1.9,,,,,,,,4.5e-05,1e-05,22.2,6.76666667,high Re,-0.027778,3.814228,0.006082,8.482861,0.043792,2.167402,-0.773201,12.085347,-0.008467,1.162577,0.001854,2.585574,0.013347,2.167445,-0.773282,5.187768,
EOSS-345,KC0D-2,2023-07-29 07:13:16.998,2023-07-29 07:13:15,12841.0,3913.94,1350.0,1984.0,ascending,/131315h3915.09N/10341.22WO070/014/A=012841 354T6476P EOSS Balloon,"KC0D-2>APZEOS,EOSS,WIDE2-1,qAO,AE0SS-1:/131315h3915.09N/10341.22WO070/014/A=012841 354T6476P EOSS Balloon",70.0,16.0,25.7,39.2515,-103.687,1.18,1.89,95.72,35.4,308.55,64760.0,0.64,0.00141872,0.73117905,3.889e-05,5.56e-06,22.5,6.858,high Re,0.01,3.964919,0.006113,8.613344,0.043613,2.151903,0.089125,12.254248,0.003044,1.208508,0.001863,2.625345,0.013293,2.151905,0.088844,5.26732,
EOSS-345,AE0SS-13,2023-07-29 07:13:42.313,2023-07-29 07:13:41,13371.0,4075.48,1392.0,2010.0,ascending,/131341h3915.12N/10341.15WO140/015EOSS Baloon/A=013371!W42!,"AE0SS-13>APTT4,EOSS,qAO,W0ARP-1:/131341h3915.12N/10341.15WO140/015EOSS Baloon/A=013371!W42!",140.0,17.0,27.4,39.2520666667,-103.6858666667,1.24,2.0,,,,,,,,3.556e-05,1.667e-05,23.2,7.07133333,high Re,0.023333,4.1188,0.006252,8.74936,0.043463,2.180868,0.393001,12.790093,0.007111,1.255411,0.001906,2.666803,0.013247,2.180859,0.392919,5.514942,
EOSS-345,KC0D-2,2023-07-29 07:13:46.964,2023-07-29 07:13:45,13543.0,4127.91,1404.0,2014.0,ascending,/131345h3915.14N/10341.15WO029/012/A=013543 353T6313P EOSS Balloon,"KC0D-2>APZEOS,EOSS,WIDE2-1,qAO,AE0SS-1:/131345h3915.14N/10341.15WO029/012/A=013543 353T6313P EOSS Balloon",29.0,14.0,22.5,39.2523333333,-103.6858333333,1.26,2.02,95.54,35.3,308.45,63130.0,0.62,0.00138346,0.71300646,3.889e-05,2.778e-05,23.4,7.13233333,high Re,0.006667,4.271825,0.006256,8.88197,0.043287,2.153596,0.009495,12.962871,0.002033,1.302053,0.001907,2.707223,0.013194,2.153602,0.00955,5.59326,
EOSS-345,AE0SS-13,2023-07-29 07:14:12.341,2023-07-29 07:14:11,14096.0,4296.46,1450.0,2040.0,ascending,/131411h3915.16N/10341.09WO223/014EOSS Baloon/A=014096!W00!,"AE0SS-13>APTT4,EOSS,qAO,W0ARP-2:/131411h3915.16N/10341.09WO223/014EOSS Baloon/A=014096!W00!",223.0,16.0,25.7,39.2526666667,-103.6848333333,1.3,2.1,,,,,,,,3.444e-05,2e-05,24.16666667,7.366,high Re,0.025556,4.428478,0.006409,9.021079,0.043148,2.188008,0.443752,13.514657,0.007789,1.349801,0.001953,2.749623,0.013151,2.188009,0.443769,5.838364,
EOSS-345,KC0D-2,2023-07-29 07:14:16.970,2023-07-29 07:14:15,14234.0,4338.52,1382.0,2044.0,ascending,/131415h3915.16N/10341.08WO071/004/A=014234 354T6152P EOSS Balloon,"KC0D-2>APZEOS,EOSS,WIDE2-1,qAO,AE0SS-1:/131415h3915.16N/10341.08WO071/004/A=014234 354T6152P EOSS Balloon",71.0,5.0,8.0,39.2526666667,-103.6846666667,1.31,2.1,95.72,35.4,308.55,61520.0,0.61,0.00134774,0.69459751,3.889e-05,1.111e-05,23.03333333,7.02033333,high Re,-0.037778,4.573828,0.006061,9.134731,0.043155,2.020804,-1.01585,13.651471,-0.011522,1.394102,0.001847,2.78426,0.013153,2.020728,-1.016422,5.897963,
EOSS-345,AE0SS-13,2023-07-29 07:14:42.335,2023-07-29 07:14:41,14785.0,4506.47,1378.0,2070.0,ascending,/131441h3915.15N/10341.03WO200/008EOSS Baloon/A=014785!W54!,"AE0SS-13>APTT4,EOSS,qAO,W0ARP-2:/131441h3915.15N/10341.03WO200/008EOSS Baloon/A=014785!W54!",200.0,9.0,14.5,39.2525833333,-103.6839,1.32,2.13,,,,,,,,3.111e-05,-2.78e-06,22.96666667,7.00033333,high Re,-0.002222,4.716408,0.005996,9.241962,0.042991,1.974717,-0.191156,14.194216,-0.000667,1.437561,0.001828,2.816946,0.013103,1.974753,-0.190414,6.129842,
EOSS-345,KC0D-2,2023-07-29 07:14:46.912,2023-07-29 07:14:45,14941.0,4554.02,1414.0,2074.0,ascending,/131445h3915.16N/10341.01WO051/011/A=014941 352T5993P EOSS Balloon,"KC0D-2>APZEOS,EOSS,WIDE2-1,qAO,AE0SS-1:/131445h3915.16N/10341.01WO051/011/A=014941 352T5993P EOSS Balloon",51.0,13.0,20.9,39.2526666667,-103.6835,1.34,2.16,95.36,35.2,308.35,59930.0,0.59,0.00131376,0.67708435,3.889e-05,0.0,23.56666667,7.18333333,high Re,0.02,4.86141,0.006105,9.353345,0.042841,1.999847,0.324339,14.346857,0.0061,1.481759,0.001861,2.850899,0.013058,1.999922,0.324629,6.193743,
EOSS-345,AE0SS-13,2023-07-29 07:15:12.308,2023-07-29 07:15:11,15488.0,4720.74,1406.0,2100.0,ascending,/131511h3915.13N/10340.98WO222/015EOSS Baloon/A=015488!W91!,"AE0SS-13>APTT4,EOSS,qAO,W0ARP-1:/131511h3915.13N/10340.98WO222/015EOSS Baloon/A=015488!W91!",222.0,17.0,27.4,39.2523166667,-103.6830166667,1.33,2.14,,,,,,,,2.944e-05,-8.89e-06,23.43333333,7.14233333,high Re,-0.004444,5.003181,0.006024,9.457539,0.042684,1.948726,-0.245244,14.878515,-0.001367,1.524969,0.001836,2.882655,0.01301,1.948677,-0.246195,6.411823,
EOSS-345,KC0D-2,2023-07-29 07:15:16.966,2023-07-29 07:15:15,15638.0,4766.46,1394.0,2104.0,ascending,/131515h3915.14N/10340.97WO121/003/A=015638 352T5840P EOSS Balloon,"KC0D-2>APZEOS,EOSS,WIDE2-1,qAO,AE0SS-1:/131515h3915.14N/10340.97WO121/003/A=015638 352T5840P EOSS Balloon",121.0,3.0,4.8,39.2523333333,-103.6828333333,1.34,2.16,95.36,35.2,308.35,58400.0,0.58,0.00128022,0.65979853,2.222e-05,-1.111e-05,23.23333333,7.08133333,high Re,-0.006667,5.141288,0.005927,9.554055,0.042534,1.893651,-0.296093,15.023339,-0.002033,1.567063,0.001806,2.912071,0.012964,1.893591,-0.296128,6.470027,
EOSS-345,AE0SS-13,2023-07-29 07:15:42.648,2023-07-29 07:15:41,16180.0,4931.66,1384.0,2130.0,ascending,/131541h3915.08N/10340.92WO161/020EOSS Baloon/A=016180!W50!,"AE0SS-13>APTT4,EOSS,qAO,AE0SS-1:/131541h3915.08N/10340.92WO161/020EOSS Baloon/A=016180!W50!",161.0,23.0,37.0,39.2514166667,-103.682,1.31,2.11,,,,,,,,3.389e-05,-3e-05,23.06666667,7.03066667,high Re,-0.005556,5.276065,0.00584,9.643878,0.042383,1.844756,-0.268881,15.543162,-0.001689,1.608143,0.00178,2.939448,0.012918,1.844742,-0.26854,6.674717,
EOSS-345,KC0D-2,2023-07-29 07:15:46.943,2023-07-29 07:15:45,16340.0,4980.43,1404.0,2134.0,ascending,/131545h3915.08N/10340.91WO120/020/A=016340 349T5687P EOSS Balloon,"KC0D-2>APZEOS,EOSS,WIDE2-1,qAO,AE0SS-1:/131545h3915.08N/10340.91WO120/020/A=016340 349T5687P EOSS Balloon",120.0,23.0,37.0,39.2513333333,-103.6818333333,1.31,2.11,94.82,34.9,308.05,56870.0,0.56,0.00124789,0.64313843,3.333e-05,-3.333e-05,23.4,7.13233333,high Re,0.011111,5.411318,0.005879,9.734292,0.042225,1.84797,0.123908,15.695575,0.003389,1.649368,0.001792,2.967006,0.01287,1.847979,0.124087,6.733486,
EOSS-345,AE0SS-13,2023-07-29 07:16:12.355,2023-07-29 07:16:11,16918.0,5156.61,1476.0,2160.0,ascending,/131611h3915.02N/10340.85WO160/009EOSS Baloon/A=016918!W38!,"AE0SS-13>APTT4,EOSS,qAO,W0ARP-2:/131611h3915.02N/10340.85WO160/009EOSS Baloon/A=016918!W38!",160.0,10.0,16.1,39.2503833333,-103.6809666667,1.29,2.08,,,,,,,,3.444e-05,-3.444e-05,24.6,7.49833333,high Re,0.04,5.553457,0.006134,9.837517,0.042169,1.936113,0.803102,16.242213,0.0122,1.692694,0.00187,2.998473,0.012853,1.936199,0.803703,6.939627,
EOSS-345,KC0D-2,2023-07-29 07:16:16.990,2023-07-29 07:16:15,17068.0,5202.33,1456.0,2164.0,ascending,/131615h3915.01N/10340.84WO132/007/A=017068 349T5532P EOSS Balloon,"KC0D-2>APZEOS,EOSS,WIDE2-1,qAO,AE0SS-1:/131615h3915.01N/10340.84WO132/007/A=017068 349T5532P EOSS Balloon",132.0,8.0,12.9,39.2501666667,-103.6806666667,1.29,2.08,94.82,34.9,308.05,55320.0,0.55,0.00121388,0.6256096,3.889e-05,-3.889e-05,24.26666667,7.39666667,high Re,-0.011111,5.691054,0.006006,9.931503,0.042038,1.870373,-0.407179,16.383062,-0.003389,1.734635,0.001831,3.027123,0.012813,1.870433,-0.407399,6.991569,
EOSS-345,AE0SS-13,2023-07-29 07:16:42.335,2023-07-29 07:16:41,17656.0,5381.55,1476.0,2190.0,ascending,/131641h3914.94N/10340.77WO199/026EOSS Baloon/A=017656!W08!,"AE0SS-13>APTT4,EOSS,qAR,W0ARP:/131641h3914.94N/10340.77WO199/026EOSS Baloon/A=017656!W08!",199.0,30.0,48.3,39.249,-103.6796333333,1.27,2.05,,,,,,,,4.444e-05,-4.611e-05,24.6,7.498,high Re,0.011111,5.829075,0.006044,10.025934,0.041884,1.872237,0.120977,16.93117,0.003378,1.776703,0.001842,3.055904,0.012766,1.872211,0.12032,7.189152,
EOSS-345,KC0D-2,2023-07-29 07:16:46.961,2023-07-29 07:16:45,17816.0,5430.32,1496.0,2194.0,ascending,/131645h3914.93N/10340.77WO143/014/A=017816 346T5378P EOSS Balloon,"KC0D-2>APZEOS,EOSS,WIDE2-1,qAO,AE0SS-1:/131645h3914.93N/10340.77WO143/014/A=017816 346T5378P EOSS Balloon",143.0,16.0,25.7,39.2488333333,-103.6795,1.27,2.04,94.28,34.6,307.75,53780.0,0.53,0.00118124,0.60878674,3.889e-05,-4.444e-05,24.93333333,7.59966667,high Re,0.011111,5.967512,0.006081,10.120788,0.041732,1.873947,0.120531,17.079206,0.003389,1.818899,0.001853,3.084816,0.01272,1.873942,0.120755,7.241283,
EOSS-345,AE0SS-13,2023-07-29 07:17:12.409,2023-07-29 07:17:11,18447.0,5622.65,1582.0,2220.0,ascending,/131711h3914.83N/10340.67WO112/014EOSS Baloon/A=018447!W75!,"AE0SS-13>APTT4,EOSS,qAO,W0ARP-2:/131711h3914.83N/10340.67WO112/014EOSS Baloon/A=018447!W75!",112.0,16.0,25.7,39.2472833333,-103.6779166667,1.26,2.04,,,,,,,,5.722e-05,-5.722e-05,26.36666667,8.03666667,high Re,0.047778,6.114269,0.006383,10.231413,0.041731,1.979433,0.991948,17.658398,0.014567,1.863631,0.001946,3.118536,0.012719,1.979466,0.992295,7.440211,
EOSS-345,KC0D-2,2023-07-29 07:17:16.933,2023-07-29 07:17:15,18599.0,5668.98,1566.0,2224.0,ascending,/131715h3914.82N/10340.65WO128/025/A=018599 345T5218P EOSS Balloon,"KC0D-2>APZEOS,EOSS,WIDE2-1,qAO,AE0SS-1:/131715h3914.82N/10340.65WO128/025/A=018599 345T5218P EOSS Balloon",128.0,29.0,46.7,39.247,-103.6775,1.27,2.05,94.1,34.5,307.65,52180.0,0.51,0.00114647,0.59086682,6.667e-05,-6.111e-05,26.1,7.95533333,high Re,-0.008889,6.257024,0.006273,10.333527,0.041599,1.920252,-0.36448,17.796815,-0.002711,1.907143,0.001912,3.149661,0.012679,1.920267,-0.364619,7.486571,
EOSS-345,AE0SS-13,2023-07-29 07:17:42.641,2023-07-29 07:17:41,19212.0,5855.82,1530.0,2250.0,ascending,/131741h3914.74N/10340.57WO027/010EOSS Baloon/A=019212!W54!,"AE0SS-13>APTT4,EOSS,qAO,AE0SS-1:/131741h3914.74N/10340.57WO027/010EOSS Baloon/A=019212!W54!",27.0,12.0,19.3,39.24575,-103.6762333333,1.28,2.06,,,,,,,,5.611e-05,-5.111e-05,25.5,7.77233333,high Re,-0.02,6.393499,0.006085,10.423303,0.041509,1.833056,-0.628418,18.350693,-0.0061,1.94874,0.001855,3.177023,0.012652,1.833035,-0.628754,7.667544,
EOSS-345,KC0D-2,2023-07-29 07:17:47.035,2023-07-29 07:17:45,19387.0,5909.16,1576.0,2254.0,ascending,/131745h3914.73N/10340.57WO114/010/A=019387 341T5060P EOSS Balloon,"KC0D-2>APZEOS,EOSS,WIDE2-1,qAO,N0RPF-6:/131745h3914.73N/10340.57WO114/010/A=019387 341T5060P EOSS Balloon",114.0,12.0,19.3,39.2455,-103.6761666667,1.27,2.05,93.38,34.1,307.25,50600.0,0.5,0.0011132,0.57372143,4.444e-05,-5e-05,26.26666667,8.006,high Re,0.025556,6.533451,0.006223,10.519315,0.041393,1.875903,0.46706,18.507537,0.007789,1.991397,0.001897,3.206287,0.012616,1.875878,0.467026,7.717479,
EOSS-345,AE0SS-13,2023-07-29 07:18:12.337,2023-07-29 07:18:11,20035.0,6106.67,1646.0,2280.0,ascending,/131811h3914.66N/10340.47WO133/034EOSS Baloon/A=020035!W88!,"AE0SS-13>APTT4,EOSS,qAO,W0ARP-2:/131811h3914.66N/10340.47WO133/034EOSS Baloon/A=020035!W88!",133.0,39.0,62.8,39.2444666667,-103.6746333333,1.31,2.11,,,,,,,,5.333e-05,-4.278e-05,27.43333333,8.36166667,high Re,0.038889,6.679604,0.006453,10.626914,0.041337,1.95294,0.784672,19.083365,0.011856,2.035944,0.001967,3.239083,0.012599,1.952936,0.784904,7.895869,
EOSS-345,KC0D-2,2023-07-29 07:18:17.055,2023-07-29 07:18:15,20196.0,6155.74,1618.0,2284.0,ascending,/131815h3914.66N/10340.48WO149/004/A=020196 340T4903P EOSS Balloon,"KC0D-2>APZEOS,EOSS,WIDE2-1,qAO,N0RPF-6:/131815h3914.66N/10340.48WO149/004/A=020196 340T4903P EOSS Balloon",149.0,5.0,8.0,39.2443333333,-103.6746666667,1.31,2.1,93.2,34.0,307.15,49030.0,0.48,0.00107901,0.55610119,5e-05,-3.889e-05,26.96666667,8.21933333,high Re,-0.015556,6.820486,0.0063,10.72379,0.041232,1.878644,-0.530074,19.225227,-0.004744,2.078884,0.00192,3.268609,0.012567,1.878612,-0.530278,7.938629,
EOSS-345,AE0SS-13,2023-07-29 07:18:42.304,2023-07-29 07:18:41,20816.0,6344.72,1562.0,2310.0,ascending,/131841h3914.61N/10340.41WO036/018EOSS Baloon/A=020816!W21!,"AE0SS-13>APTT4,EOSS,qAO,W0ARP-2:/131841h3914.61N/10340.41WO036/018EOSS Baloon/A=020816!W21!",36.0,21.0,33.8,39.2435333333,-103.6735166667,1.34,2.16,,,,,,,,3.722e-05,-3.111e-05,26.03333333,7.935,high Re,-0.031111,6.952989,0.00604,10.804944,0.041206,1.76589,-0.901592,19.76704,-0.009478,2.119271,0.001841,3.293345,0.012559,1.765903,-0.901266,8.097666,
EOSS-345,KC0D-2,2023-07-29 07:18:47.050,2023-07-29 07:18:45,20982.0,6395.31,1572.0,2314.0,ascending,/131845h3914.59N/10340.40WO151/010/A=020982 336T4755P EOSS Balloon,"KC0D-2>APZEOS,EOSS,WIDE2-1,qAO,N0RPF-6:/131845h3914.59N/10340.40WO151/010/A=020982 336T4755P EOSS Balloon",151.0,12.0,19.3,39.2431666667,-103.6733333333,1.34,2.16,92.48,33.6,306.75,47550.0,0.47,0.00104781,0.5400182,4.444e-05,-3.889e-05,26.2,7.98566667,high Re,0.005556,7.084817,0.006036,10.884804,0.041062,1.756135,-0.01169,19.910897,0.001689,2.159452,0.00184,3.317686,0.012516,1.756108,-0.012065,8.138748,
EOSS-345,AE0SS-13,2023-07-29 07:19:12.397,2023-07-29 07:19:11,21617.0,6588.86,1602.0,2340.0,ascending,/131911h3914.53N/10340.30WO056/026EOSS Baloon/A=021617!W57!,"AE0SS-13>APTT4,EOSS,qAO,W0ARP-2:/131911h3914.53N/10340.30WO056/026EOSS Baloon/A=021617!W57!",56.0,30.0,48.3,39.24225,-103.6717833333,1.4,2.25,,,,,,,,5.778e-05,-4.278e-05,26.7,8.138,high Re,0.016667,7.218254,0.006109,10.967445,0.04093,1.776325,0.257953,20.456481,0.005078,2.200122,0.001862,3.342873,0.012475,1.77628,0.257796,8.290272,
EOSS-345,KC0D-2,2023-07-29 07:19:17.109,2023-07-29 07:19:15,21769.0,6635.19,1574.0,2344.0,ascending,/131915h3914.52N/10340.31WO081/008/A=021769 334T4609P EOSS Balloon,"KC0D-2>APZEOS,EOSS*,WIDE2-1,qAO,N6BA-10:/131915h3914.52N/10340.31WO081/008/A=021769 334T4609P EOSS Balloon",81.0,9.0,14.5,39.242,-103.6718333333,1.39,2.24,92.12,33.4,306.55,46090.0,0.45,0.0010163,0.5237787,5e-05,-3.889e-05,26.23333333,7.996,high Re,-0.015556,7.346734,0.005962,11.04127,0.040829,1.710546,-0.527027,20.585969,-0.004733,2.239284,0.001817,3.365376,0.012444,1.710571,-0.526358,8.325238,
EOSS-345,AE0SS-13,2023-07-29 07:19:42.660,2023-07-29 07:19:41,22395.0,6826.0,1556.0,2370.0,ascending,/131941h3914.46N/10340.20WO047/019EOSS Baloon/A=022395!W32!,"AE0SS-13>APTT4,EOSS,qAO,AE0SS-1:/131941h3914.46N/10340.20WO047/019EOSS Baloon/A=022395!W32!",47.0,22.0,35.4,39.24105,-103.6700333333,1.47,2.36,,,,,,,,5.833e-05,-4e-05,25.93333333,7.90466667,high Re,-0.01,7.471477,0.005854,11.108756,0.040711,1.661919,-0.389428,21.114742,-0.003044,2.277306,0.001784,3.385948,0.012409,1.661975,-0.389072,8.464089,
EOSS-345,KC0D-2,2023-07-29 07:19:46.968,2023-07-29 07:19:45,22558.0,6875.68,1578.0,2374.0,ascending,/131945h3914.45N/10340.17WO162/018/A=022558 329T4467P EOSS Balloon,"KC0D-2>APZEOS,EOSS,WIDE2-1,qAO,AE0SS-1:/131945h3914.45N/10340.17WO162/018/A=022558 329T4467P EOSS Balloon",162.0,21.0,33.8,39.2408333333,-103.6695,1.49,2.4,91.22,32.9,306.05,44670.0,0.44,0.0009866,0.5084708,7.778e-05,-3.889e-05,26.3,8.01633333,high Re,0.012222,7.597,0.005897,11.177642,0.040576,1.673251,0.15588,21.251234,0.003722,2.315567,0.001797,3.406945,0.012368,1.673278,0.155644,8.498905,
EOSS-345,AE0SS-13,2023-07-29 07:20:12.360,2023-07-29 07:20:11,23175.0,7063.74,1560.0,2400.0,ascending,/132011h3914.40N/10340.06WO071/018EOSS Baloon/A=023175!W00!,"AE0SS-13>APTT4,EOSS,qAO,W0ARP-2:/132011h3914.40N/10340.06WO071/018EOSS Baloon/A=023175!W00!",71.0,21.0,33.8,39.24,-103.6676666667,1.58,2.54,,,,,,,,7.889e-05,-3.5e-05,26.0,7.92466667,high Re,-0.01,7.718874,0.005791,11.240533,0.040461,1.626358,-0.390277,21.763435,-0.003056,2.352713,0.001765,3.426113,0.012332,1.626319,-0.390934,8.62585,
EOSS-345,KC0D-2,2023-07-29 07:20:16.983,2023-07-29 07:20:15,23337.0,7113.12,1558.0,2404.0,ascending,/132015h3914.39N/10340.03WO116/022/A=023337 327T4329P EOSS Balloon,"KC0D-2>APZEOS,EOSS,WIDE2-1,qAO,AE0SS-1:/132015h3914.39N/10340.03WO116/022/A=023337 327T4329P EOSS Balloon",116.0,25.0,40.2,39.2398333333,-103.6671666667,1.6,2.58,90.86,32.7,305.85,43290.0,0.43,0.00095674,0.49308473,7.778e-05,-3.333e-05,25.96666667,7.91466667,high Re,-0.001111,7.838925,0.005745,11.300598,0.04033,1.60414,-0.169998,21.896749,-0.000333,2.389305,0.001751,3.444421,0.012292,1.604148,-0.169541,8.657936,
EOSS-345,AE0SS-13,2023-07-29 07:20:42.315,2023-07-29 07:20:41,24006.0,7317.03,1662.0,2430.0,ascending,/132041h3914.36N/10339.91WO007/009EOSS Baloon/A=024006!W04!,"AE0SS-13>APTT4,EOSS,qAO,W0ARP-2:/132041h3914.36N/10339.91WO007/009EOSS Baloon/A=024006!W04!",7.0,10.0,16.1,39.2393333333,-103.6652333333,1.7,2.74,,,,,,,,8.111e-05,-2.222e-05,27.7,8.443,high Re,0.057778,7.968736,0.006087,11.377238,0.040417,1.734275,1.278942,22.442137,0.017611,2.428871,0.001855,3.467781,0.012319,1.734287,1.279,8.785112,
EOSS-345,KC0D-2,2023-07-29 07:20:46.955,2023-07-29 07:20:45,24163.0,7364.88,1652.0,2434.0,ascending,/132045h3914.36N/10339.88WO141/009/A=024163 322T4188P EOSS Balloon,"KC0D-2>APZEOS,EOSS,WIDE2-1,qAO,AE0SS-1:/132045h3914.36N/10339.88WO141/009/A=024163 322T4188P EOSS Balloon",141.0,10.0,16.1,39.2393333333,-103.6646666667,1.73,2.78,89.96,32.2,305.35,41880.0,0.41,0.0009271,0.47780556,8.333e-05,-1.667e-05,27.53333333,8.392,high Re,-0.005556,8.095779,0.006011,11.449064,0.040295,1.697742,-0.287058,22.568927,-0.0017,2.467593,0.001832,3.489672,0.012282,1.697697,-0.287575,8.813741,
EOSS-345,AE0SS-13,2023-07-29 07:21:12.310,2023-07-29 07:21:11,24823.0,7566.05,1634.0,2460.0,ascending,/132111h3914.30N/10339.73WO149/028EOSS Baloon/A=024823!W08!,"AE0SS-13>APTT4,EOSS,qAO,W0ARP-2:/132111h3914.30N/10339.73WO149/028EOSS Baloon/A=024823!W08!",149.0,32.0,51.5,39.2383333333,-103.6623,1.85,2.98,,,,,,,,9.778e-05,-3.333e-05,27.23333333,8.30066667,high Re,-0.01,8.219247,0.005907,11.514893,0.040183,1.65126,-0.395864,23.09693,-0.003044,2.505226,0.001801,3.509736,0.012248,1.651247,-0.395575,8.929218,
EOSS-345,KC0D-2,2023-07-29 07:21:16.966,2023-07-29 07:21:15,25006.0,7621.83,1686.0,2464.0,ascending,/132115h3914.30N/10339.72WO105/016/A=025006 320T4049P EOSS Balloon,"KC0D-2>APZEOS,EOSS,WIDE2-1,qAO,AE0SS-1:/132115h3914.30N/10339.72WO105/016/A=025006 320T4049P EOSS Balloon",105.0,18.0,29.0,39.2383333333,-103.662,1.86,3.0,89.6,32.0,305.15,40490.0,0.4,0.00089691,0.46224993,8.889e-05,-3.333e-05,28.1,8.565,high Re,0.028889,8.346688,0.006056,11.587534,0.040095,1.704704,0.569473,23.241902,0.008811,2.544071,0.001846,3.531878,0.012221,1.704739,0.569921,8.959871,
EOSS-345,AE0SS-13,2023-07-29 07:21:42.604,2023-07-29 07:21:41,25666.0,7823.0,1686.0,2490.0,ascending,/132141h3914.26N/10339.58WO094/037EOSS Baloon/A=025666!W19!,"AE0SS-13>APTT4,EOSS,qAO,AE0SS-1:/132141h3914.26N/10339.58WO094/037EOSS Baloon/A=025666!W19!",94.0,43.0,69.2,39.2376833333,-103.6598166667,1.98,3.18,,,,,,,,8.278e-05,-2.167e-05,28.1,8.565,high Re,0.0,8.472505,0.006017,11.657424,0.039969,1.683691,-0.150542,23.759594,0.0,2.58242,0.001834,3.553182,0.012182,1.683725,-0.15055,9.065665,
EOSS-345,KC0D-2,2023-07-29 07:21:46.897,2023-07-29 07:21:45,25844.0,7877.25,1676.0,2494.0,ascending,/132145h3914.24N/10339.56WO111/010/A=025844 314T3913P EOSS Balloon,"KC0D-2>APZEOS,EOSS,WIDE2-1,qAO,AE0SS-1:/132145h3914.24N/10339.56WO111/010/A=025844 314T3913P EOSS Balloon",111.0,12.0,19.3,39.2373333333,-103.6593333333,2.0,3.22,88.52,31.4,304.55,39130.0,0.39,0.00086849,0.44760373,8.889e-05,-3.333e-05,27.93333333,8.514,high Re,-0.005556,8.595675,0.005943,11.722924,0.039851,1.649559,-0.28855,23.897832,-0.0017,2.619962,0.001811,3.573146,0.012147,1.649537,-0.289043,9.092949,
EOSS-345,AE0SS-13,2023-07-29 07:22:12.376,2023-07-29 07:22:11,26486.0,8072.93,1640.0,2520.0,ascending,/132211h3914.21N/10339.45WO106/013EOSS Baloon/A=026486!W90!,"AE0SS-13>APTT4,EOSS,qAR,W0ARP:/132211h3914.21N/10339.45WO106/013EOSS Baloon/A=026486!W90!",106.0,15.0,24.1,39.2369833333,-103.6575,2.1,3.38,,,,,,,,7.722e-05,-2.333e-05,27.33333333,8.331,high Re,-0.02,8.713522,0.005779,11.77987,0.039778,1.580647,-0.648072,24.391543,-0.0061,2.655881,0.001761,3.590501,0.012124,1.580593,-0.648383,9.187123,
EOSS-345,KC0D-2,2023-07-29 07:22:16.989,2023-07-29 07:22:15,26658.0,8125.36,1628.0,2524.0,ascending,/132215h3914.21N/10339.43WO130/017/A=026658 311T3785P EOSS Balloon,"KC0D-2>APZEOS,EOSS,WIDE2-1,qAO,AE0SS-1:/132215h3914.21N/10339.43WO130/017/A=026658 311T3785P EOSS Balloon",130.0,20.0,32.2,39.2368333333,-103.6571666667,2.12,3.41,87.98,31.1,304.25,37850.0,0.37,0.00084091,0.43338886,7.222e-05,-1.667e-05,27.13333333,8.27033333,high Re,-0.006667,8.828646,0.005701,11.832715,0.039664,1.546956,-0.311819,24.522517,-0.002022,2.690971,0.001738,3.606609,0.012089,1.546983,-0.311027,9.211254,
EOSS-345,AE0SS-13,2023-07-29 07:22:42.355,2023-07-29 07:22:41,27316.0,8325.92,1660.0,2550.0,ascending,/132241h3914.18N/10339.30WO259/019EOSS Baloon/A=027316!W39!,"AE0SS-13>APTT4,EOSS,qAO,W0ARP-1:/132241h3914.18N/10339.30WO259/019EOSS Baloon/A=027316!W39!",259.0,22.0,35.4,39.2363833333,-103.65515,2.23,3.58,,,,,,,,7.833e-05,-2e-05,27.66666667,8.433,high Re,0.017778,8.945652,0.005776,11.888744,0.03955,1.574684,0.303464,25.018509,0.005422,2.726636,0.001761,3.623689,0.012055,1.574739,0.303691,9.299423,
EOSS-345,KC0D-2,2023-07-29 07:22:46.959,2023-07-29 07:22:45,27510.0,8385.05,1704.0,2554.0,ascending,/132245h3914.17N/10339.28WO120/025/A=027510 306T3656P EOSS Balloon,"KC0D-2>APZEOS,EOSS,WIDE2-1,qAO,AE0SS-1:/132245h3914.17N/10339.28WO120/025/A=027510 306T3656P EOSS Balloon",120.0,29.0,46.7,39.2361666667,-103.6546666667,2.25,3.62,87.08,30.6,303.75,36560.0,0.36,0.00081359,0.41930723,8.333e-05,-2.222e-05,28.4,8.65633333,high Re,0.024444,9.065741,0.005892,11.94992,0.039454,1.61794,0.470218,25.163212,0.007444,2.763239,0.001796,3.642335,0.012025,1.617944,0.469688,9.324196,
EOSS-345,AE0SS-13,2023-07-29 07:23:12.352,2023-07-29 07:23:11,28202.0,8595.97,1772.0,2580.0,ascending,/132311h3914.14N/10339.12WO086/030EOSS Baloon/A=028202!W49!,"AE0SS-13>APTT4,EOSS,qAO,W0ARP-2:/132311h3914.14N/10339.12WO086/030EOSS Baloon/A=028202!W49!",86.0,35.0,56.3,39.2357333333,-103.65215,2.39,3.84,,,,,,,,0.0001,-2.167e-05,29.53333333,9.00166667,high Re,0.037778,9.191309,0.006089,12.020365,0.039411,1.692297,0.804065,25.673688,0.011511,2.801511,0.001856,3.663806,0.012012,1.692272,0.80378,9.408209,
EOSS-345,KC0D-2,2023-07-29 07:23:16.990,2023-07-29 07:23:15,28378.0,8649.61,1736.0,2584.0,ascending,/132315h3914.12N/10339.12WO150/015/A=028378 303T3527P EOSS Balloon,"KC0D-2>APZEOS,EOSS,WIDE2-1,qAO,AE0SS-1:/132315h3914.12N/10339.12WO150/015/A=028378 303T3527P EOSS Balloon",150.0,17.0,27.4,39.2353333333,-103.652,2.39,3.85,86.54,30.3,303.45,35270.0,0.35,0.00078566,0.40491211,8.889e-05,-2.778e-05,28.93333333,8.81866667,high Re,-0.02,9.311687,0.005929,12.082187,0.039342,1.624014,-0.659067,25.802104,-0.0061,2.838201,0.001807,3.682647,0.011991,1.623958,-0.659411,9.428519,
EOSS-345,AE0SS-13,2023-07-29 07:23:42.617,2023-07-29 07:23:41,29049.0,8854.14,1694.0,2610.0,ascending,/132341h3914.06N/10338.99WO087/042EOSS Baloon/A=029049!W61!,"AE0SS-13>APTT4,EOSS,qAO,AE0SS-1:/132341h3914.06N/10338.99WO087/042EOSS Baloon/A=029049!W61!",87.0,48.0,77.2,39.2344333333,-103.64985,2.51,4.04,,,,,,,,7.667e-05,-4.333e-05,28.23333333,8.60566667,high Re,-0.023333,9.426364,0.00575,12.135032,0.039288,1.549808,-0.740251,26.286426,-0.0071,2.873156,0.001753,3.698756,0.011975,1.549848,-0.73929,9.502197,
EOSS-345,KC0D-2,2023-07-29 07:23:47.235,2023-07-29 07:23:45,29221.0,8906.56,1686.0,2614.0,ascending,/132345h3914.07N/10339.00WO160/010/A=029221 297T3405P EOSS Balloon,"KC0D-2>APZEOS,EOSS*,WIDE2-1,qAO,N6BA-10:/132345h3914.07N/10339.00WO160/010/A=029221 297T3405P EOSS Balloon",160.0,12.0,19.3,39.2345,-103.65,2.5,4.03,85.46,29.7,302.85,34050.0,0.34,0.00075999,0.39168053,6.667e-05,-2.778e-05,28.1,8.565,high Re,-0.004444,9.538855,0.005689,12.18471,0.039176,1.523314,-0.258653,26.409231,-0.001356,2.907444,0.001734,3.713899,0.011941,1.523347,-0.258772,9.520146,
EOSS-345,AE0SS-13,2023-07-29 07:24:12.349,2023-07-29 07:24:11,29925.0,9121.14,1752.0,2640.0,ascending,/132411h3914.02N/10338.87WO134/013EOSS Baloon/A=029925!W66!,"AE0SS-13>APTT4,EOSS,qAO,W0ARP-2:/132411h3914.02N/10338.87WO134/013EOSS Baloon/A=029925!W66!",134.0,15.0,24.1,39.2337666667,-103.6479333333,2.62,4.21,,,,,,,,6.389e-05,-2.222e-05,29.2,8.9,high Re,0.036667,9.656587,0.005875,12.242855,0.039131,1.596312,0.786895,26.906158,0.011167,2.943327,0.001791,3.73162,0.011927,1.59627,0.786116,9.589813,
EOSS-345,KC0D-2,2023-07-29 07:24:16.905,2023-07-29 07:24:15,30092.0,9172.04,1742.0,2644.0,ascending,/132415h3914.01N/10338.86WO128/012/A=030092 294T3282P EOSS Balloon,"KC0D-2>APZEOS,EOSS,WIDE2-1,qAO,AE0SS-1:/132415h3914.01N/10338.86WO128/012/A=030092 294T3282P EOSS Balloon",128.0,14.0,22.5,39.2335,-103.6476666667,2.63,4.24,84.92,29.4,302.55,32820.0,0.32,0.00073326,0.37790607,7.778e-05,-3.333e-05,29.03333333,8.84933333,high Re,-0.005556,9.771925,0.005807,12.297351,0.039023,1.566305,-0.291187,27.02269,-0.001689,2.978482,0.00177,3.74823,0.011894,1.5663,-0.290819,9.605467,
EOSS-345,AE0SS-13,2023-07-29 07:24:42.285,2023-07-29 07:24:41,30752.0,9373.21,1654.0,2670.0,ascending,/132441h3913.94N/10338.72WO105/016EOSS Baloon/A=030752!W98!,"AE0SS-13>APTT4,EOSS,qAO,W0ARP-1:/132441h3913.94N/10338.72WO105/016EOSS Baloon/A=030752!W98!",105.0,18.0,29.0,39.2324833333,-103.6454666667,2.76,4.43,,,,,,,,8.222e-05,-4.278e-05,27.56666667,8.40233333,high Re,-0.048889,9.877219,0.005481,12.336871,0.039134,1.433868,-1.389329,27.478175,-0.0149,3.010576,0.001671,3.760276,0.011928,1.433873,-1.389252,9.664208,
EOSS-345,KC0D-2,2023-07-29 07:24:47.016,2023-07-29 07:24:45,30923.0,9425.33,1662.0,2674.0,ascending,/132445h3913.92N/10338.72WO103/009/A=030923 288T3168P EOSS Balloon,"KC0D-2>APZEOS,EOSS,WIDE2-1,qAO,N0RPF-6:/132445h3913.92N/10338.72WO103/009/A=030923 288T3168P EOSS Balloon",103.0,10.0,16.1,39.232,-103.6453333333,2.77,4.45,83.84,28.8,301.95,31680.0,0.31,0.0007092,0.36550438,7.778e-05,-5e-05,27.7,8.443,high Re,0.004444,9.982059,0.005475,12.376039,0.039018,1.431633,-0.026424,27.59487,0.001356,3.042531,0.001669,3.772215,0.011892,1.431644,-0.02632,9.678636,
EOSS-345,AE0SS-13,2023-07-29 07:25:12.397,2023-07-29 07:25:11,31598.0,9631.07,1692.0,2700.0,ascending,/132511h3913.82N/10338.58WO096/007EOSS Baloon/A=031598!W67!,"AE0SS-13>APTT4,EOSS,qAO,W0ARP-2:/132511h3913.82N/10338.58WO096/007EOSS Baloon/A=031598!W67!",96.0,8.0,12.9,39.2304333333,-103.6431166667,2.9,4.66,,,,,,,,7.833e-05,-6.833e-05,28.2,8.59533333,high Re,0.016667,10.088596,0.005541,12.417981,0.038911,1.458482,0.285935,28.050219,0.005078,3.075004,0.001689,3.784998,0.01186,1.458476,0.28575,9.732558,
EOSS-345,KC0D-2,2023-07-29 07:25:16.933,2023-07-29 07:25:15,31773.0,9684.41,1700.0,2704.0,ascending,/132515h3913.82N/10338.54WO127/040/A=031773 285T3054P EOSS Balloon,"KC0D-2>APZEOS,EOSS,WIDE2-1,qAO,AE0SS-1:/132515h3913.82N/10338.54WO127/040/A=031773 285T3054P EOSS Balloon",127.0,46.0,74.0,39.2303333333,-103.6423333333,2.94,4.73,83.3,28.5,301.65,30540.0,0.3,0.00068436,0.35270219,0.0001,-5.556e-05,28.33333333,8.636,high Re,0.004444,10.194671,0.005534,12.459525,0.038797,1.455807,-0.028095,28.166894,0.001356,3.107335,0.001687,3.797661,0.011825,1.455808,-0.027992,9.745772,
EOSS-345,AE0SS-13,2023-07-29 07:25:42.432,2023-07-29 07:25:41,32501.0,9906.3,1806.0,2730.0,ascending,/132541h3913.68N/10338.31WO126/041EOSS Baloon/A=032501!W93!,"AE0SS-13>APTT4,EOSS,qAO,W0ARP-2:/132541h3913.68N/10338.31WO126/041EOSS Baloon/A=032501!W93!",126.0,47.0,75.6,39.22815,-103.63855,3.16,5.09,,,,,,,,0.00015222,-7.611e-05,30.1,9.17433333,high Re,0.058889,10.30973,0.005845,12.515091,0.038897,1.581313,1.363704,28.646171,0.017944,3.142405,0.001781,3.814596,0.011855,1.581276,1.363391,9.797526,
EOSS-345,KC0D-2,2023-07-29 07:25:47.017,2023-07-29 07:25:45,32666.0,9956.6,1786.0,2734.0,ascending,/132545h3913.67N/10338.30WO133/032/A=032666 279T2940P EOSS Balloon,"KC0D-2>APZEOS,EOSS,WIDE2-1,qAO,N0RPF-6:/132545h3913.67N/10338.30WO133/032/A=032666 279T2940P EOSS Balloon",133.0,37.0,59.5,39.2278333333,-103.6383333333,3.18,5.11,82.22,27.9,301.05,29400.0,0.29,0.00066012,0.34021319,0.00013333,-8.333e-05,29.76666667,9.073,high Re,-0.011111,10.421552,0.005747,12.565741,0.038805,1.539512,-0.434429,28.753433,-0.003378,3.176489,0.001752,3.830035,0.011827,1.539545,-0.433753,9.808562,
EOSS-345,AE0SS-13,2023-07-29 07:26:12.364,2023-07-29 07:26:11,33370.0,10171.18,1738.0,2760.0,ascending,/132611h3913.56N/10338.02WO101/048EOSS Baloon/A=033370!W69!,"AE0SS-13>APTT4,EOSS,qAO,W0ARP-2:/132611h3913.56N/10338.02WO101/048EOSS Baloon/A=033370!W69!",101.0,55.0,88.5,39.2261,-103.6338166667,3.44,5.53,,,,,,,,0.00015778,-6.833e-05,28.96666667,8.82933333,high Re,-0.026667,10.527524,0.00556,12.607762,0.03877,1.462523,-0.831235,29.205415,-0.008122,3.20879,0.001695,3.842846,0.011817,1.462599,-0.830752,9.852904,
EOSS-345,KC0D-2,2023-07-29 07:26:16.901,2023-07-29 07:26:15,33543.0,10223.91,1754.0,2764.0,ascending,/132615h3913.57N/10338.00WO128/021/A=033543 275T2829P EOSS Balloon,"KC0D-2>APZEOS,EOSS,WIDE2-1,qAO,AE0SS-1:/132615h3913.57N/10338.00WO128/021/A=033543 275T2829P EOSS Balloon",128.0,24.0,38.6,39.2261666667,-103.6333333333,3.46,5.57,81.5,27.5,300.65,28290.0,0.28,0.00063604,0.32780395,0.00016667,-5.556e-05,29.23333333,8.91033333,high Re,0.008889,10.633807,0.005579,12.650512,0.03866,1.470259,0.085618,29.315079,0.0027,3.241186,0.001701,3.855876,0.011783,1.470262,0.084783,9.863146,
EOSS-345,AE0SS-13,2023-07-29 07:26:42.362,2023-07-29 07:26:41,34230.0,10433.3,1720.0,2790.0,ascending,/132641h3913.50N/10337.72WO121/031EOSS Baloon/A=034230!W58!,"AE0SS-13>APTT4,EOSS,qAO,W0ARP-2:/132641h3913.50N/10337.72WO121/031EOSS Baloon/A=034230!W58!",121.0,36.0,57.9,39.2250833333,-103.6288,3.72,5.98,,,,,,,,0.00016722,-3.389e-05,28.66666667,8.73733333,high Re,-0.018889,10.735687,0.00544,12.687133,0.038593,1.41332,-0.630399,29.74509,-0.005767,3.272237,0.001658,3.867036,0.011763,1.413252,-0.631217,9.901403,
EOSS-345,KC0D-2,2023-07-29 07:26:46.972,2023-07-29 07:26:45,34404.0,10486.34,1722.0,2794.0,ascending,/132645h3913.49N/10337.67WO091/032/A=034404 268T2723P EOSS Balloon,"KC0D-2>APZEOS,EOSS,WIDE2-1,qAO,AE0SS-1:/132645h3913.49N/10337.67WO091/032/A=034404 268T2723P EOSS Balloon",91.0,37.0,59.5,39.2248333333,-103.6278333333,3.77,6.07,80.24,26.8,299.95,27230.0,0.27,0.00061364,0.31625778,0.00018333,-4.444e-05,28.7,8.74766667,high Re,0.001111,10.83661,0.005416,12.722695,0.038485,1.404057,-0.111862,29.852613,0.000344,3.302998,0.001651,3.877875,0.01173,1.404034,-0.111424,9.910506,
EOSS-345,AE0SS-13,2023-07-29 07:27:12.340,2023-07-29 07:27:11,35093.0,10696.35,1726.0,2820.0,ascending,/132711h3913.39N/10337.39WO080/031EOSS Baloon/A=035093!W80!,"AE0SS-13>APTT4,EOSS,qAO,W0ARP-2:/132711h3913.39N/10337.39WO080/031EOSS Baloon/A=035093!W80!",80.0,36.0,57.9,39.2233,-103.6231666667,4.04,6.5,,,,,,,,0.00018778,-5.944e-05,28.76666667,8.76833333,high Re,0.002222,10.936778,0.005398,12.757493,0.038377,1.397601,-0.082758,30.272869,0.000689,3.333531,0.001645,3.888483,0.011697,1.397666,-0.08173,9.944344,
EOSS-345,KC0D-2,2023-07-29 07:27:16.884,2023-07-29 07:27:15,35282.0,10753.95,1756.0,2824.0,ascending,/132715h3913.37N/10337.36WO131/049/A=035282 264T2618P EOSS Balloon,"KC0D-2>APZEOS,EOSS,WIDE2-1,qAO,AE0SS-1:/132715h3913.37N/10337.36WO131/049/A=035282 264T2618P EOSS Balloon",131.0,56.0,90.1,39.2228333333,-103.6226666667,4.07,6.55,79.52,26.4,299.55,26180.0,0.26,0.00059077,0.30446878,0.00017222,-6.667e-05,29.26666667,8.92033333,high Re,0.016667,11.038611,0.005461,12.794958,0.038278,1.424628,0.292753,30.386612,0.005067,3.364569,0.001664,3.899901,0.011667,1.424591,0.291677,9.953035,
EOSS-345,AE0SS-13,2023-07-29 07:27:42.420,2023-07-29 07:27:41,35966.0,10962.44,1746.0,2850.0,ascending,/132741h3913.22N/10337.05WO130/058EOSS Baloon/A=035966!W61!,"AE0SS-13>APTT4,EOSS,qAO,W0ARP-2:/132741h3913.22N/10337.05WO130/058EOSS Baloon/A=035966!W61!",130.0,67.0,107.8,39.2204333333,-103.6175166667,4.38,7.04,,,,,,,,0.00018833,-9.556e-05,29.1,8.86966667,high Re,-0.005556,11.138398,0.0054,12.829799,0.03818,1.399991,-0.286957,30.792721,-0.001689,3.394983,0.001646,3.910521,0.011637,1.399988,-0.286586,9.982501,
EOSS-345,KC0D-2,2023-07-29 07:27:47.296,2023-07-29 07:27:45,36126.0,11011.2,1688.0,2854.0,ascending,/132745h3913.20N/10337.01WO125/039/A=036126 257T2521P EOSS Balloon,"KC0D-2>APZEOS,EOSS*,WIDE2-1,qAO,N6BA-10:/132745h3913.20N/10337.01WO125/039/A=036126 257T2521P EOSS Balloon",125.0,45.0,72.4,39.22,-103.6168333333,4.42,7.11,78.26,25.7,298.85,25210.0,0.25,0.00057021,0.29387459,0.00019444,-9.444e-05,28.13333333,8.575,high Re,-0.032222,11.231777,0.005192,12.856177,0.038176,1.314664,-0.98004,30.886466,-0.009822,3.423445,0.001583,3.918561,0.011636,1.314655,-0.980148,9.988961,
EOSS-345,AE0SS-13,2023-07-29 07:28:12.261,2023-07-29 07:28:11,36780.0,11210.54,1628.0,2880.0,ascending,/132811h3913.09N/10336.73WO134/044EOSS Baloon/A=036780!W65!,"AE0SS-13>APTT4,EOSS,qAO,W0ARP-1:/132811h3913.09N/10336.73WO134/044EOSS Baloon/A=036780!W65!",134.0,51.0,82.1,39.2182666667,-103.61225,4.69,7.54,,,,,,,,0.00017556,-7.222e-05,27.13333333,8.27,high Re,-0.033333,11.31867,0.00498,12.874584,0.038177,1.228363,-1.003562,31.264716,-0.010167,3.449929,0.001518,3.924169,0.011636,1.228304,-1.004211,10.013778,
EOSS-345,KC0D-2,2023-07-29 07:28:16.996,2023-07-29 07:28:15,36975.0,11269.98,1698.0,2884.0,ascending,/132815h3913.08N/10336.68WO085/040/A=036975 253T2426P EOSS Balloon,"KC0D-2>APZEOS,EOSS,WIDE2-1,qAO,AE0SS-1:/132815h3913.08N/10336.68WO085/040/A=036975 253T2426P EOSS Balloon",85.0,46.0,74.0,39.218,-103.6113333333,4.74,7.63,77.54,25.3,298.45,24260.0,0.24,0.00054946,0.2831794,0.00018333,-6.667e-05,28.3,8.626,high Re,0.038889,11.41096,0.005165,12.900246,0.038155,1.309203,0.883868,31.375963,0.011867,3.47806,0.001574,3.931992,0.011629,1.309245,0.885115,10.020704,
EOSS-345,AE0SS-13,2023-07-29 07:28:42.308,2023-07-29 07:28:41,37623.0,11467.49,1686.0,2910.0,ascending,/132841h3912.99N/10336.44WO130/039EOSS Baloon/A=037623!W22!,"AE0SS-13>APTT4,EOSS,qAO,W0ARP-1:/132841h3912.99N/10336.44WO130/039EOSS Baloon/A=037623!W22!",130.0,45.0,72.4,39.2165333333,-103.6073666667,4.97,8.0,,,,,,,,0.00016278,-5.778e-05,28.1,8.565,high Re,-0.006667,11.501171,0.005101,12.923523,0.03806,1.284389,-0.309196,31.740583,-0.002033,3.505557,0.001555,3.939088,0.011601,1.28442,-0.309284,10.042263,
EOSS-345,KC0D-2,2023-07-29 07:28:46.876,2023-07-29 07:28:45,37802.0,11522.05,1654.0,2914.0,ascending,/132845h3912.97N/10336.39WO114/026/A=037802 246T2337P EOSS Balloon,"KC0D-2>APZEOS,EOSS,WIDE2-1,qAO,AE0SS-1:/132845h3912.97N/10336.39WO114/026/A=037802 246T2337P EOSS Balloon",114.0,30.0,48.3,39.2161666667,-103.6065,5.02,8.08,76.28,24.6,297.75,23370.0,0.23,0.00053055,0.27343203,0.00016111,-6.111e-05,27.56666667,8.40233333,high Re,-0.017778,11.587545,0.004977,12.942267,0.037994,1.234646,-0.59891,31.839932,-0.005422,3.531884,0.001517,3.944801,0.01158,1.23465,-0.599223,10.047843,
EOSS-345,AE0SS-13,2023-07-29 07:29:12.364,2023-07-29 07:29:11,38437.0,11715.6,1628.0,2940.0,ascending,/132911h3912.90N/10336.14WO088/043EOSS Baloon/A=038437!W56!,"AE0SS-13>APTT4,EOSS,qAO,W0ARP-2:/132911h3912.90N/10336.14WO088/043EOSS Baloon/A=038437!W56!",88.0,49.0,78.9,39.2150833333,-103.6024333333,5.25,8.45,,,,,,,,0.00016444,-4.833e-05,27.13333333,8.27033333,high Re,-0.014444,11.670677,0.004873,12.957395,0.037918,1.193346,-0.509441,32.187582,-0.0044,3.557223,0.001485,3.949413,0.011557,1.19337,-0.509215,10.066422,
EOSS-345,KC0D-2,2023-07-29 07:29:16.967,2023-07-29 07:29:15,38603.0,11766.19,1602.0,2944.0,ascending,/132915h3912.87N/10336.11WO148/029/A=038603 242T2252P EOSS Balloon,"KC0D-2>APZEOS,EOSS,WIDE2-1,qAO,N0RPF-6:/132915h3912.87N/10336.11WO148/029/A=038603 242T2252P EOSS Balloon",148.0,33.0,53.1,39.2145,-103.6018333333,5.29,8.52,75.56,24.2,297.35,22520.0,0.22,0.00051194,0.26384137,0.00015556,-5.556e-05,26.7,8.138,high Re,-0.014444,11.750621,0.00477,12.969108,0.037842,1.152691,-0.507743,32.277231,-0.004411,3.581589,0.001454,3.952982,0.011534,1.152652,-0.508497,10.070981,
EOSS-345,AE0SS-13,2023-07-29 07:29:42.317,2023-07-29 07:29:41,39303.0,11979.55,1732.0,2970.0,ascending,/132941h3912.76N/10335.87WO037/003EOSS Baloon/A=039303!W08!,"AE0SS-13>APTT4,EOSS,qAO,W0ARP-2:/132941h3912.76N/10335.87WO037/003EOSS Baloon/A=039303!W08!",37.0,3.0,4.8,39.2126666667,-103.5979666667,5.53,8.9,,,,,,,,0.00014889,-8.056e-05,28.86666667,8.79833333,high Re,0.072222,11.841182,0.005129,12.99435,0.03806,1.310222,1.762822,32.649655,0.022011,3.60919,0.001563,3.960674,0.011601,1.310167,1.762607,10.088962,
EOSS-345,KC0D-2,2023-07-29 07:29:46.895,2023-07-29 07:29:45,39471.0,12030.76,1736.0,2974.0,ascending,/132945h3912.74N/10335.86WO134/024/A=039471 235T2164P EOSS Balloon,"KC0D-2>APZEOS,EOSS,WIDE2-1,qAO,AE0SS-1:/132945h3912.74N/10335.86WO134/024/A=039471 235T2164P EOSS Balloon",134.0,28.0,45.1,39.2123333333,-103.5976666667,5.55,8.93,74.3,23.5,296.65,21640.0,0.21,0.00049309,0.25412966,0.00013889,-7.222e-05,28.93333333,8.819,high Re,0.002222,11.93114,0.005113,13.019113,0.03796,1.305941,-0.076159,32.737685,0.000689,3.636611,0.001559,3.968223,0.01157,1.305972,-0.075194,10.092996,
EOSS-345,AE0SS-13,2023-07-29 07:30:12.314,2023-07-29 07:30:11,40202.0,12253.57,1798.0,3000.0,ascending,/133011h3912.62N/10335.71WO168/019EOSS Baloon/A=040202!W16!,"AE0SS-13>APTT4,EOSS,qAO,W0ARP-2:/133011h3912.62N/10335.71WO168/019EOSS Baloon/A=040202!W16!",168.0,22.0,35.4,39.21035,-103.5952666667,5.72,9.2,,,,,,,,9e-05,-7.722e-05,29.96666667,9.134,high Re,0.034444,12.025567,0.005268,13.050221,0.037919,1.374774,0.76943,33.114633,0.0105,3.665393,0.001606,3.977706,0.011557,1.374814,0.769577,10.109395,
EOSS-345,KC0D-2,2023-07-29 07:30:17.013,2023-07-29 07:30:15,40375.0,12306.3,1808.0,3004.0,ascending,/133015h3912.60N/10335.71WO114/020/A=040375 230T2075P EOSS Balloon,"KC0D-2>APZEOS,EOSS,WIDE2-1,qAO,N0RPF-6:/133015h3912.60N/10335.71WO114/020/A=040375 230T2075P EOSS Balloon",114.0,23.0,37.0,39.21,-103.5951666667,5.73,9.22,73.4,23.0,296.15,20750.0,0.2,0.00047361,0.24408934,8.333e-05,-7.778e-05,30.13333333,9.18466667,high Re,0.005556,12.119878,0.005269,13.081451,0.037819,1.377023,0.007589,33.202394,0.001689,3.694139,0.001606,3.987225,0.011527,1.37703,0.0072,10.113021,
EOSS-345,AE0SS-13,2023-07-29 07:30:42.308,2023-07-29 07:30:41,41108.0,12529.72,1812.0,3030.0,ascending,/133041h3912.50N/10335.57WO182/027EOSS Baloon/A=041108!W51!,"AE0SS-13>APTT4,EOSS,qAO,W0ARP-2:/133041h3912.50N/10335.57WO182/027EOSS Baloon/A=041108!W51!",182.0,31.0,49.9,39.2084166667,-103.59285,5.88,9.46,,,,,,,,8.056e-05,-6.444e-05,30.2,9.205,high Re,0.002222,12.213558,0.005253,13.112087,0.03772,1.371745,-0.080355,33.56808,0.000678,3.722693,0.001601,3.996563,0.011497,1.371755,-0.080282,10.12742,
EOSS-345,KC0D-2,2023-07-29 07:30:46.941,2023-07-29 07:30:45,41294.0,12586.41,1838.0,3034.0,ascending,/133045h3912.50N/10335.55WO087/012/A=041294 223T1986P EOSS Balloon,"KC0D-2>APZEOS,EOSS,WIDE2-1,qAO,AE0SS-1:/133045h3912.50N/10335.55WO087/012/A=041294 223T1986P EOSS Balloon",87.0,14.0,22.5,39.2083333333,-103.5925,5.9,9.5,72.14,22.3,295.45,19860.0,0.2,0.00045437,0.23417347,8.889e-05,-5.556e-05,30.63333333,9.337,high Re,0.014444,12.308505,0.005301,13.144768,0.037628,1.394078,0.242984,33.659289,0.0044,3.751632,0.001616,4.006524,0.011469,1.394068,0.242741,10.130845,
EOSS-345,AE0SS-13,2023-07-29 07:31:12.383,2023-07-29 07:31:11,42108.0,12834.52,2000.0,3060.0,ascending,/133111h3912.41N/10335.43WO133/017EOSS Baloon/A=042108!W06!,"AE0SS-13>APTT4,EOSS,qAO,W0ARP-2:/133111h3912.41N/10335.43WO133/017EOSS Baloon/A=042108!W06!",133.0,20.0,32.2,39.2068333333,-103.5906,6.03,9.7,,,,,,,,7.5e-05,-5.278e-05,33.33333333,10.16,high Re,0.09,12.416325,0.005737,13.197014,0.03802,1.58498,2.216281,34.050911,0.027433,3.784496,0.001749,4.022448,0.011588,1.584981,2.216431,10.144893,
EOSS-345,KC0D-2,2023-07-29 07:31:17.386,2023-07-29 07:31:15,42249.0,12877.5,1910.0,3064.0,ascending,/133115h3912.39N/10335.43WO162/003/A=042249 218T1898P EOSS Balloon,"KC0D-2>APZEOS,EOSS*,WIDE2-1,qAO,N6BA-10:/133115h3912.39N/10335.43WO162/003/A=042249 218T1898P EOSS Balloon",162.0,3.0,4.8,39.2065,-103.5905,6.04,9.73,71.24,21.8,294.95,18980.0,0.19,0.00043497,0.22417659,6.667e-05,-6.111e-05,31.83333333,9.703,high Re,-0.05,12.515391,0.005452,13.235997,0.038131,1.4595,-1.45425,34.1175,-0.015233,3.814692,0.001662,4.034332,0.011622,1.45955,-1.453708,10.147186,
EOSS-345,AE0SS-13,2023-07-29 07:31:42.350,2023-07-29 07:31:41,43017.0,13111.58,1818.0,3090.0,ascending,/133141h3912.36N/10335.27WO066/047EOSS Baloon/A=043017!W29!,"AE0SS-13>APTT4,EOSS,qAO,W0ARP-2:/133141h3912.36N/10335.27WO066/047EOSS Baloon/A=043017!W29!",66.0,54.0,86.9,39.2060333333,-103.5879833333,6.18,9.95,,,,,,,,8.722e-05,-2.667e-05,30.3,9.23533333,high Re,-0.051111,12.605668,0.005163,13.262855,0.038247,1.334127,-1.471331,34.473726,-0.015589,3.842208,0.001574,4.042517,0.011658,1.334101,-1.472208,10.159063,
EOSS-345,KC0D-2,2023-07-29 07:31:47.444,2023-07-29 07:31:45,43215.0,13171.93,1932.0,3094.0,ascending,/133145h3912.36N/10335.28WO193/005/A=043215 210T1814P EOSS Balloon,"KC0D-2>APZEOS,EOSS*,WIDE2-1,qAO,N6BA-10:/133145h3912.36N/10335.28WO193/005/A=043215 210T1814P EOSS Balloon",193.0,6.0,9.7,39.206,-103.588,6.18,9.95,69.8,21.0,294.15,18140.0,0.18,0.00041685,0.21483789,8.333e-05,-1.667e-05,32.2,9.81433333,high Re,0.063333,12.70463,0.005458,13.302236,0.038374,1.465571,1.508183,34.563793,0.0193,3.87237,0.001664,4.054519,0.011696,1.465516,1.507866,10.161978,
EOSS-345,AE0SS-13,2023-07-29 07:32:12.338,2023-07-29 07:32:11,43952.0,13396.57,1870.0,3120.0,ascending,/133211h3912.32N/10335.15WO174/035EOSS Baloon/A=043952!W19!,"AE0SS-13>APTT4,EOSS,qAO,W0ARP-2:/133211h3912.32N/10335.15WO174/035EOSS Baloon/A=043952!W19!",174.0,40.0,64.4,39.20535,-103.5859833333,6.3,10.13,,,,,,,,6.667e-05,-2.278e-05,31.16666667,9.49966667,high Re,-0.034444,12.797404,0.005257,13.332989,0.038381,1.37773,-1.034392,34.892659,-0.010489,3.900648,0.001602,4.063893,0.011698,1.377748,-1.033595,10.172407,
EOSS-345,KC0D-2,2023-07-29 07:32:16.912,2023-07-29 07:32:15,44132.0,13451.43,1834.0,3124.0,ascending,/133215h3912.33N/10335.15WO048/016/A=044132 206T1736P EOSS Balloon,"KC0D-2>APZEOS,EOSS,WIDE2-1,qAO,AE0SS-1:/133215h3912.33N/10335.15WO048/016/A=044132 206T1736P EOSS Balloon",48.0,18.0,29.0,39.2055,-103.5858333333,6.3,10.14,69.08,20.6,293.75,17360.0,0.17,0.00039947,0.20588006,7.222e-05,-1.667e-05,30.56666667,9.31666667,high Re,-0.02,12.88625,0.00513,13.358668,0.038326,1.323516,-0.655691,34.971449,-0.0061,3.927728,0.001564,4.07172,0.011682,1.323504,-0.656052,10.174869,
EOSS-345,AE0SS-13,2023-07-29 07:32:42.402,2023-07-29 07:32:41,44933.0,13695.58,1962.0,3150.0,ascending,/133241h3912.24N/10335.01WO008/009EOSS Baloon/A=044933!W61!,"AE0SS-13>APTT4,EOSS,qAO,W0ARP-2:/133241h3912.24N/10335.01WO008/009EOSS Baloon/A=044933!W61!",8.0,10.0,16.1,39.2041,-103.5835166667,6.45,10.38,,,,,,,,8.222e-05,-4.167e-05,32.7,9.967,high Re,0.071111,12.984826,0.00546,13.398317,0.038513,1.471466,1.704645,35.314786,0.021678,3.957774,0.001664,4.083805,0.011739,1.471477,1.704915,10.185538,
EOSS-345,KC0D-2,2023-07-29 07:32:46.979,2023-07-29 07:32:45,45118.0,13751.97,1972.0,3154.0,ascending,/133245h3912.21N/10335.00WO167/032/A=045118 198T1655P EOSS Balloon,"KC0D-2>APZEOS,EOSS,WIDE2-1,qAO,AE0SS-1:/133245h3912.21N/10335.00WO167/032/A=045118 198T1655P EOSS Balloon",167.0,37.0,59.5,39.2035,-103.5833333333,6.47,10.42,67.64,19.8,292.95,16550.0,0.16,0.00038187,0.1968099,8.333e-05,-6.667e-05,32.86666667,10.018,high Re,0.005556,13.083251,0.00546,13.437956,0.038417,1.472204,0.002499,35.392393,0.0017,3.987776,0.001664,4.095889,0.011709,1.472263,0.003075,10.187954,
EOSS-345,AE0SS-13,2023-07-29 07:33:12.433,2023-07-29 07:33:11,45885.0,13985.75,1904.0,3180.0,ascending,/133311h3912.10N/10334.96WO065/026EOSS Baloon/A=045885!W97!,"AE0SS-13>APTT4,EOSS*,qAO,N6BA-10:/133311h3912.10N/10334.96WO065/026EOSS Baloon/A=045885!W97!",65.0,30.0,48.3,39.2018166667,-103.5827833333,6.54,10.53,,,,,,,,2.444e-05,-7.611e-05,31.73333333,9.67233333,high Re,-0.037778,13.175123,0.005246,13.468413,0.038442,1.377906,-1.119193,35.707383,-0.011522,4.015778,0.001599,4.105172,0.011717,1.377909,-1.119826,10.197875,
EOSS-345,KC0D-2,2023-07-29 07:33:16.944,2023-07-29 07:33:15,46075.0,14043.66,1914.0,3184.0,ascending,/133315h3912.08N/10334.97WO215/016/A=046075 193T1580P EOSS Balloon,"KC0D-2>APZEOS,EOSS,WIDE2-1,qAO,AE0SS-1:/133315h3912.08N/10334.97WO215/016/A=046075 193T1580P EOSS Balloon",215.0,18.0,29.0,39.2013333333,-103.5828333333,6.55,10.55,66.74,19.3,292.45,15800.0,0.16,0.00036519,0.18821226,1.667e-05,-7.222e-05,31.9,9.723,high Re,0.005556,13.266912,0.005248,13.499011,0.038346,1.38033,0.008032,35.783726,0.001689,4.043755,0.0016,4.114498,0.011688,1.380301,0.007615,10.200326,
EOSS-345,AE0SS-13,2023-07-29 07:33:42.244,2023-07-29 07:33:41,46810.0,14267.69,1850.0,3210.0,ascending,/133341h3911.95N/10334.99WO155/036EOSS Baloon/A=046810!W49!,"AE0SS-13>APTT4,EOSS,qAO,W0ARP-1:/133341h3911.95N/10334.99WO155/036EOSS Baloon/A=046810!W49!",155.0,41.0,66.0,39.1992333333,-103.5833166667,6.58,10.6,,,,,,,,-1.778e-05,-8.611e-05,30.83333333,9.398,high Re,-0.035556,13.352602,0.005048,13.52166,0.038358,1.292795,-1.058554,36.072757,-0.010833,4.069873,0.001539,4.121401,0.011692,1.292795,-1.058159,10.209867,
EOSS-345,KC0D-2,2023-07-29 07:33:47.432,2023-07-29 07:33:45,46998.0,14324.99,1846.0,3214.0,ascending,/133345h3911.93N/10335.00WO161/019/A=046998 186T1510P EOSS Balloo,"KC0D-2>APZEOS,EOSS*,WIDE2-1,qAO,N6BA-10:/133345h3911.93N/10335.00WO161/019/A=046998 186T1510P EOSS Balloo",161.0,22.0,35.4,39.1988333333,-103.5833333333,6.59,10.61,65.48,18.6,291.75,15100.0,0.15,0.00034985,0.18030532,-1.667e-05,-8.333e-05,30.76666667,9.37766667,high Re,-0.002222,13.437136,0.005012,13.543098,0.038268,1.279584,-0.189035,36.145078,-0.000678,4.095639,0.001528,4.127935,0.011664,1.279581,-0.189129,10.212336,
EOSS-345,AE0SS-13,2023-07-29 07:34:12.398,2023-07-29 07:34:11,47772.0,14560.91,1924.0,3240.0,ascending,/133411h3911.86N/10335.08WO220/020EOSS Baloon/A=047772!W70!,"AE0SS-13>APTT4,EOSS,qAO,W0ARP-2:/133411h3911.86N/10335.08WO220/020EOSS Baloon/A=047772!W70!",220.0,23.0,37.0,39.1977833333,-103.5846666667,6.56,10.55,,,,,,,,-4.5e-05,-4.833e-05,32.06666667,9.774,high Re,0.043333,13.527134,0.005198,13.572095,0.038268,1.366004,0.996525,36.435926,0.013211,4.123071,0.001584,4.136774,0.011664,1.366023,0.996828,10.222717,
EOSS-345,KC0D-2,2023-07-29 07:34:16.923,2023-07-29 07:34:15,47973.0,14622.17,1950.0,3244.0,ascending,/133415h3911.87N/10335.07WO330/012/A=047973 181T1438P EOSS Balloon,"KC0D-2>APZEOS,EOSS,WIDE2-1,qAO,AE0SS-1:/133415h3911.87N/10335.07WO330/012/A=047973 181T1438P EOSS Balloon",330.0,14.0,22.5,39.1978333333,-103.5845,6.56,10.56,64.58,18.1,291.25,14380.0,0.14,0.00033374,0.17200275,-3.889e-05,-3.333e-05,32.5,9.906,high Re,0.014444,13.618349,0.005243,13.603033,0.03818,1.388047,0.24099,36.509641,0.0044,4.150873,0.001598,4.146204,0.011637,1.388047,0.240784,10.225483,
EOSS-345,AE0SS-13,2023-07-29 07:34:42.266,2023-07-29 07:34:41,48769.0,14864.79,1994.0,3270.0,ascending,/133441h3911.85N/10335.08WO335/008EOSS Baloon/A=048769!W37!,"AE0SS-13>APTT4,EOSS,qAO,W0ARP-1:/133441h3911.85N/10335.08WO335/008EOSS Baloon/A=048769!W37!",335.0,9.0,14.5,39.19755,-103.5847833333,6.56,10.55,,,,,,,,-3.89e-06,-7.78e-06,33.23333333,10.12933333,high Re,0.024444,13.712201,0.005335,13.637954,0.038111,1.431383,0.501404,36.794211,0.007444,4.179478,0.001626,4.156847,0.011616,1.431339,0.500861,10.236817,
EOSS-345,KC0D-2,2023-07-29 07:34:46.921,2023-07-29 07:34:45,48972.0,14926.67,1998.0,3274.0,ascending,/133445h3911.85N/10335.11WO205/017/A=048972 174T1368P EOSS Balloon,"KC0D-2>APZEOS,EOSS,WIDE2-1,qAO,AE0SS-1:/133445h3911.85N/10335.11WO205/017/A=048972 174T1368P EOSS Balloon",205.0,20.0,32.2,39.1975,-103.5851666667,6.54,10.53,63.32,17.4,290.55,13680.0,0.14,0.00031826,0.1640241,-2.222e-05,-1.111e-05,33.3,10.15,high Re,0.002222,13.805476,0.00532,13.672268,0.03802,1.425844,-0.081483,36.864904,0.000689,4.20791,0.001622,4.167307,0.011588,1.425882,-0.080514,10.239819,
EOSS-345,AE0SS-13,2023-07-29 07:35:12.653,2023-07-29 07:35:11,49744.0,15161.97,1950.0,3300.0,ascending,/133511h3911.83N/10335.05WO234/019EOSS Baloon/A=049744!W74!,"AE0SS-13>APTT4,EOSS,qAO,AE0SS-1:/133511h3911.83N/10335.05WO234/019EOSS Baloon/A=049744!W74!",234.0,22.0,35.4,39.1972833333,-103.5842333333,6.59,10.61,,,,,,,,1.833e-05,-8.89e-06,32.5,9.906,high Re,-0.026667,13.894076,0.005168,13.700259,0.037993,1.358071,-0.837918,37.126774,-0.008133,4.234915,0.001575,4.175838,0.01158,1.358071,-0.838342,10.251722,
EOSS-345,KC0D-2,2023-07-29 07:35:16.964,2023-07-29 07:35:15,49960.0,15227.81,1976.0,3304.0,ascending,/133515h3911.81N/10335.06WO092/007/A=049960 169T1302P EOSS Balloon,"KC0D-2>APZEOS,EOSS,WIDE2-1,qAO,AE0SS-1:/133515h3911.81N/10335.06WO092/007/A=049960 169T1302P EOSS Balloon",92.0,8.0,12.9,39.1968333333,-103.5843333333,6.6,10.62,62.42,16.9,290.05,13020.0,0.13,0.00030343,0.15637977,2.778e-05,-2.222e-05,32.93333333,10.038,high Re,0.014444,13.983884,0.005212,13.730164,0.037908,1.380133,0.243537,37.198066,0.0044,4.262288,0.001589,4.184953,0.011554,1.380114,0.243292,10.255205,
EOSS-345,AE0SS-13,2023-07-29 07:35:42.372,2023-07-29 07:35:41,50859.0,15501.82,2230.0,3330.0,ascending,/133541h3911.79N/10335.03WO137/022EOSS Baloon/A=050859!W98!,"AE0SS-13>APTT4,EOSS,qAO,W0ARP-2:/133541h3911.79N/10335.03WO137/022EOSS Baloon/A=050859!W98!",137.0,25.0,40.2,39.19665,-103.5839666667,6.62,10.66,,,,,,,,8.89e-06,-2.111e-05,37.16666667,11.32833333,high Re,0.141111,14.092723,0.005853,13.789539,0.038952,1.673293,3.472428,37.485496,0.043011,4.295462,0.001784,4.20305,0.011873,1.673278,3.472332,10.270513,
EOSS-345,KC0D-2,2023-07-29 07:35:46.942,2023-07-29 07:35:45,51058.0,15562.48,2196.0,3334.0,ascending,/133545h3911.81N/10335.04WO320/013/A=051058 161T1231P EOSS Balloon,"KC0D-2>APZEOS,EOSS,WIDE2-1,qAO,AE0SS-1:/133545h3911.81N/10335.04WO320/013/A=051058 161T1231P EOSS Balloon",320.0,15.0,24.1,39.1968333333,-103.584,6.62,10.65,60.98,16.1,289.25,12310.0,0.12,0.00028767,0.14826107,1.111e-05,0.0,36.6,11.15566667,high Re,-0.018889,14.197897,0.005737,13.842898,0.038897,1.61831,-0.633108,37.547097,-0.005756,4.327519,0.001749,4.219314,0.011856,1.618308,-0.633013,10.274093,
EOSS-345,AE0SS-13,2023-07-29 07:36:12.342,2023-07-29 07:36:11,52021.0,15856.0,2324.0,3360.0,ascending,/133611h3911.76N/10334.99WO117/018EOSS Baloon/A=052021!W42!,"AE0SS-13>APTT4,EOSS,qAO,W0ARP-2:/133611h3911.76N/10334.99WO117/018EOSS Baloon/A=052021!W42!",117.0,21.0,33.8,39.1960666667,-103.5832,6.68,10.75,,,,,,,,2.556e-05,-1.944e-05,38.73333333,11.806,high Re,0.071111,14.312016,0.006042,13.911518,0.039063,1.755475,1.665745,37.834824,0.021678,4.362302,0.001842,4.24023,0.011906,1.755494,1.666051,10.292495,
EOSS-345,KC0D-2,2023-07-29 07:36:16.970,2023-07-29 07:36:15,52217.0,15915.74,2318.0,3364.0,ascending,/133615h3911.76N/10334.99WO242/009/A=052217 157T1160P EOSS Balloon,"KC0D-2>APZEOS,EOSS,WIDE2-1,qAO,AE0SS-1:/133615h3911.76N/10334.99WO242/009/A=052217 157T1160P EOSS Balloon",242.0,10.0,16.1,39.196,-103.5831666667,6.68,10.75,60.26,15.7,288.85,11600.0,0.11,0.00027146,0.13990333,2.778e-05,-2.778e-05,38.63333333,11.77533333,high Re,-0.003333,14.424614,0.005999,13.977437,0.038976,1.731986,-0.239429,37.89128,-0.001022,4.396622,0.001828,4.260321,0.01188,1.731961,-0.239899,10.296473,
EOSS-345,AE0SS-13,2023-07-29 07:36:42.358,2023-07-29 07:36:41,53107.0,16187.01,2172.0,3390.0,ascending,/133641h3911.78N/10334.97WO004/020EOSS Baloon/A=053107!W75!,"AE0SS-13>APTT4,EOSS,qAO,W0ARP-2:/133641h3911.78N/10334.97WO004/020EOSS Baloon/A=053107!W75!",4.0,23.0,37.0,39.19645,-103.5829166667,6.68,10.75,,,,,,,,9.44e-06,1.278e-05,36.2,11.03366667,high Re,-0.081111,14.524962,0.005595,14.023172,0.039335,1.545659,-2.204296,38.138682,-0.024722,4.427207,0.001706,4.27426,0.011989,1.545638,-2.204354,10.315598,
EOSS-345,KC0D-2,2023-07-29 07:36:46.962,2023-07-29 07:36:45,53334.0,16256.2,2234.0,3394.0,ascending,/133645h3911.77N/10334.97WO124/023/A=053334 149T1095P EOSS Balloon,"KC0D-2>APZEOS,EOSS,WIDE2-1,qAO,AE0SS-1:/133645h3911.77N/10334.97WO124/023/A=053334 149T1095P EOSS Balloon",124.0,26.0,41.8,39.1961666667,-103.5828333333,6.69,10.77,58.82,14.9,288.05,10950.0,0.11,0.00025696,0.1324307,1.111e-05,5.56e-06,37.23333333,11.34866667,high Re,0.034444,14.629128,0.005728,14.075106,0.039292,1.605971,0.730836,38.199434,0.0105,4.458957,0.001746,4.290089,0.011976,1.60596,0.730962,10.320766,
EOSS-345,AE0SS-13,2023-07-29 07:37:12.505,2023-07-29 07:37:11,54292.0,16548.2,2370.0,3420.0,ascending,/133711h3911.78N/10334.80WO153/012EOSS Baloon/A=054292!W25!,"AE0SS-13>APTT4,EOSS,qAO,KB0TVJ-1:/133711h3911.78N/10334.80WO153/012EOSS Baloon/A=054292!W25!",153.0,14.0,22.5,39.1963666667,-103.5800833333,6.82,10.98,,,,,,,,9.444e-05,-2.78e-06,39.5,12.03966667,high Re,0.075556,14.742694,0.006049,14.142995,0.039486,1.7505,1.760295,38.445304,0.023033,4.493572,0.001844,4.310783,0.012035,1.750516,1.760615,10.343951,
EOSS-345,KC0D-2,2023-07-29 07:37:16.974,2023-07-29 07:37:15,54496.0,16610.38,2324.0,3424.0,ascending,/133715h3911.77N/10334.76WO082/020/A=054496 144T1031P EOSS Balloon,"KC0D-2>APZEOS,EOSS,WIDE2-1,qAO,AE0SS-1:/133715h3911.77N/10334.76WO082/020/A=054496 144T1031P EOSS Balloon",82.0,23.0,37.0,39.1961666667,-103.5793333333,6.86,11.05,57.92,14.4,287.55,10310.0,0.1,0.00024236,0.12490728,0.00011667,0.0,38.73333333,11.806,high Re,-0.025556,14.851742,0.005904,14.203067,0.039453,1.681439,-0.797405,38.495464,-0.007789,4.526811,0.0018,4.329093,0.012025,1.681458,-0.797422,10.349184,
EOSS-345,AE0SS-13,2023-07-29 07:37:42.560,2023-07-29 07:37:41,55493.0,16914.27,2402.0,3450.0,ascending,/133741h3911.71N/10334.60WO113/043EOSS Baloon/A=055493!W25,"AE0SS-13>APTT4,EOSS*,qAO,N6BA-10:/133741h3911.71N/10334.60WO113/043EOSS Baloon/A=055493!W25",113.0,49.0,78.9,39.1951666667,-103.5766666667,7.02,11.3,,,,,,,,0.00011389,-4e-05,40.03333333,12.20233333,high Re,0.043333,14.965686,0.006074,14.271631,0.039444,1.756467,0.944605,38.729514,0.013211,4.561541,0.001852,4.349993,0.012022,1.756507,0.944851,10.376316,
EOSS-345,KC0D-2,2023-07-29 07:37:46.944,2023-07-29 07:37:45,55704.0,16978.58,2416.0,3454.0,ascending,/133745h3911.70N/10334.60WO197/016/A=055704 137T970P EOSS Balloon,"KC0D-2>APZEOS,EOSS,WIDE2-1,qAO,AE0SS-1:/133745h3911.70N/10334.60WO197/016/A=055704 137T970P EOSS Balloon",197.0,18.0,29.0,39.195,-103.5766666667,7.03,11.31,56.66,13.7,286.85,9700.0,0.1,0.00022858,0.11780381,8.889e-05,-3.889e-05,40.26666667,12.27333333,high Re,0.007778,15.079655,0.006082,14.3402,0.039354,1.756392,0.043096,38.776685,0.002367,4.596279,0.001854,4.370893,0.011995,1.756404,0.042768,10.382396,
EOSS-345,AE0SS-13,2023-07-29 07:38:12.331,2023-07-29 07:38:11,56621.0,17258.08,2256.0,3480.0,ascending,/133811h3911.64N/10334.48WO000/029EOSS Baloon/A=056621!W22!,"AE0SS-13>APTT4,EOSS,qAO,W0ARP-2:/133811h3911.64N/10334.48WO000/029EOSS Baloon/A=056621!W22!",0.0,33.0,53.1,39.1940333333,-103.5747,7.15,11.51,,,,,,,,6.833e-05,-3.889e-05,37.6,11.46033333,high Re,-0.088889,15.180643,0.005654,14.387123,0.039779,1.558293,-2.376706,38.972106,-0.0271,4.62706,0.001723,4.385194,0.012125,1.55826,-2.377155,10.410234,
EOSS-345,KC0D-2,2023-07-29 07:38:17.001,2023-07-29 07:38:15,56843.0,17325.75,2278.0,3484.0,ascending,/133815h3911.63N/10334.49WO191/015/A=056843 132T914P EOSS Balloon,"KC0D-2>APZEOS,EOSS,WIDE2-1,qAO,AE0SS-1:/133815h3911.63N/10334.49WO191/015/A=056843 132T914P EOSS Balloon",191.0,17.0,27.4,39.1938333333,-103.5748333333,7.15,11.51,55.76,13.2,286.35,9140.0,0.09,0.00021576,0.11119659,6.111e-05,-3.889e-05,37.96666667,11.57233333,high Re,0.012222,15.282366,0.005684,14.435338,0.039692,1.571442,0.164718,39.017073,0.003733,4.658065,0.001732,4.399891,0.012098,1.571464,0.165399,10.417323,
EOSS-345,AE0SS-13,2023-07-29 07:38:42.461,2023-07-29 07:38:41,57783.0,17612.26,2324.0,3510.0,ascending,/133841h3911.59N/10334.45WO351/017EOSS Baloon/A=057783!W02!,"AE0SS-13>APTT4,EOSS,qAO,W0ARP-2:/133841h3911.59N/10334.45WO351/017EOSS Baloon/A=057783!W02!",351.0,20.0,32.2,39.1931666667,-103.5742,7.2,11.59,,,,,,,,1.667e-05,-2.889e-05,38.73333333,11.806,high Re,0.025556,15.386593,0.005773,14.487682,0.039625,1.611489,0.499256,39.197354,0.007789,4.689834,0.00176,4.415846,0.012078,1.611507,0.499172,10.448874,
EOSS-345,KC0D-2,2023-07-29 07:38:47.517,2023-07-29 07:38:45,57975.0,17670.78,2264.0,3514.0,ascending,/133845h3911.58N/10334.48WO206/018/A=057975 125T862P EOSS Balloon,"KC0D-2>APZEOS,EOSS*,WIDE2-1,qAO,N6BA-10:/133845h3911.58N/10334.48WO206/018/A=057975 125T862P EOSS Balloon",206.0,21.0,33.8,39.193,-103.5746666667,7.18,11.56,54.5,12.5,285.65,8620.0,0.09,0.00020398,0.10512729,5.56e-06,-2.778e-05,37.73333333,11.501,high Re,-0.033333,15.485472,0.005599,14.531679,0.039622,1.53099,-0.982585,39.232163,-0.010167,4.719972,0.001707,4.429255,0.012077,1.530964,-0.983191,10.455625,
EOSS-345,AE0SS-13,2023-07-29 07:39:12.569,2023-07-29 07:39:11,58948.0,17967.35,2330.0,3540.0,ascending,/133911h3911.60N/10334.43WO309/015EOSS Baloon/A=058948!W35!,"AE0SS-13>APTT4,EOSS*,qAO,N6BA-10:/133911h3911.60N/10334.43WO309/015EOSS Baloon/A=058948!W35!",309.0,17.0,27.4,39.1933833333,-103.5739166667,7.21,11.6,,,,,,,,9.44e-06,7.22e-06,38.83333333,11.83633333,high Re,0.036667,15.588326,0.005736,14.582069,0.039588,1.594082,0.781323,39.398064,0.011178,4.751322,0.001748,4.444614,0.012067,1.594067,0.78147,10.491448,
EOSS-345,KC0D-2,2023-07-29 07:39:16.940,2023-07-29 07:39:15,59135.0,18024.35,2320.0,3544.0,ascending,/133915h3911.58N/10334.43WO108/010/A=059135 120T813P EOSS Balloon,"KC0D-2>APZEOS,EOSS,WIDE2-1,qAO,AE0SS-1:/133915h3911.58N/10334.43WO108/010/A=059135 120T813P EOSS Balloon",108.0,12.0,19.3,39.193,-103.5738333333,7.22,11.62,53.6,12.0,285.15,8130.0,0.08,0.00019272,0.09932524,2.778e-05,0.0,38.66666667,11.78566667,high Re,-0.005556,15.689547,0.005686,14.62997,0.039508,1.570551,-0.28455,39.427938,-0.001689,4.782174,0.001733,4.459214,0.012042,1.570567,-0.284172,10.498641,
EOSS-345,AE0SS-13,2023-07-29 07:39:42.364,2023-07-29 07:39:41,60044.0,18301.41,2192.0,3570.0,ascending,/133941h3911.59N/10334.40WO003/013EOSS Baloon/A=060044!W80!,"AE0SS-13>APTT4,EOSS,qAR,W0ARP:/133941h3911.59N/10334.40WO003/013EOSS Baloon/A=060044!W80!",3.0,15.0,24.1,39.1933,-103.5733333333,7.24,11.65,,,,,,,,1.944e-05,-2.78e-06,36.53333333,11.13533333,high Re,-0.071111,15.780568,0.00535,14.66269,0.039747,1.415345,-1.923692,39.563925,-0.021678,4.809917,0.001631,4.469187,0.012115,1.415339,-1.923979,10.53501,
EOSS-345,KC0D-2,2023-07-29 07:39:46.998,2023-07-29 07:39:45,60228.0,18357.49,2186.0,3574.0,ascending,/133945h3911.61N/10334.41WO182/003/A=060228 114T769P EOSS Balloon,"KC0D-2>APZEOS,EOSS,WIDE2-1,qAO,AE0SS-1:/133945h3911.61N/10334.41WO182/003/A=060228 114T769P EOSS Balloon",182.0,3.0,4.8,39.1935,-103.5735,7.22,11.63,52.52,11.4,284.55,7690.0,0.08,0.00018268,0.0941478,1.111e-05,1.667e-05,36.43333333,11.10466667,high Re,-0.003333,15.870362,0.005312,14.693882,0.039664,1.399424,-0.217956,39.589587,-0.001022,4.837286,0.001619,4.478693,0.01209,1.399377,-0.218445,10.542653,
EOSS-345,AE0SS-13,2023-07-29 07:40:12.344,2023-07-29 07:40:11,61159.0,18641.26,2230.0,3600.0,ascending,/134011h3911.58N/10334.36WO354/018EOSS Baloon/A=061159!W39!,"AE0SS-13>APTT4,EOSS,qAO,W0ARP-2:/134011h3911.58N/10334.36WO354/018EOSS Baloon/A=061159!W39!",354.0,21.0,33.8,39.19305,-103.5728166667,7.27,11.7,,,,,,,,1.722e-05,-8.33e-06,37.16666667,11.32833333,high Re,0.024444,15.962554,0.005395,14.728705,0.039598,1.439645,0.48106,39.709818,0.007456,4.865385,0.001644,4.489307,0.012069,1.439632,0.481564,10.582763,
EOSS-345,KC0D-2,2023-07-29 07:40:17.573,2023-07-29 07:40:15,61394.0,18712.89,2332.0,3604.0,ascending,/134015h3911.57N/10334.39WO169/019/A=061394 110T726P EOSS Balloon,"KC0D-2>APZEOS,EOSS*,WIDE2-1,qAO,N6BA-10:/134015h3911.57N/10334.39WO169/019/A=061394 110T726P EOSS Balloon",169.0,22.0,35.4,39.1928333333,-103.5731666667,7.26,11.68,51.8,11.0,284.15,7260.0,0.07,0.0001727,0.08900849,1.111e-05,-2.222e-05,38.86666667,11.84666667,high Re,0.056667,16.061279,0.005617,14.773519,0.039655,1.543667,1.287353,39.737627,0.017278,4.895477,0.001712,4.502967,0.012087,1.543691,1.28783,10.593261,
EOSS-345,AE0SS-13,2023-07-29 07:40:42.351,2023-07-29 07:40:41,62222.0,18965.27,2126.0,3630.0,ascending,/134041h3911.53N/10334.34WO010/016EOSS Baloon/A=062222!W31!,"AE0SS-13>APTT4,EOSS,qAO,W0ARP-2:/134041h3911.53N/10334.34WO010/016EOSS Baloon/A=062222!W31!",10.0,18.0,29.0,39.1922166667,-103.57235,7.32,11.77,,,,,,,,1.556e-05,-2.778e-05,35.43333333,10.80033333,high Re,-0.114444,16.144421,0.005099,14.796172,0.040347,1.303642,-2.962872,39.827454,-0.034878,4.92082,0.001554,4.509873,0.012298,1.303698,-2.962433,10.631418,
EOSS-345,KC0D-2,2023-07-29 07:40:47.547,2023-07-29 07:40:45,62453.0,19035.67,2118.0,3634.0,ascending,/134045h3911.53N/10334.37WO237/023/A=062453 103T688P EOSS Balloon,"KC0D-2>APZEOS,EOSS*,WIDE2-1,qAO,N6BA-10:/134045h3911.53N/10334.37WO237/023/A=062453 103T688P EOSS Balloon",237.0,26.0,41.8,39.1921666667,-103.5728333333,7.29,11.74,50.54,10.3,283.45,6880.0,0.07,0.00016407,0.08455795,1.111e-05,-2.222e-05,35.3,10.75933333,high Re,-0.004444,16.226282,0.005058,14.817396,0.040264,1.287252,-0.235992,39.850248,-0.001367,4.945771,0.001542,4.516342,0.012273,1.287228,-0.237024,10.64238,
EOSS-345,AE0SS-13,2023-07-29 07:41:12.524,2023-07-29 07:41:11,63505.0,19356.32,2566.0,3660.0,ascending,/134111h3911.58N/10334.42WO314/043EOSS Baloon/A=063505!W62!,"AE0SS-13>APTT4,EOSS,qAO,KB0TVJ-1:/134111h3911.58N/10334.42WO314/043EOSS Baloon/A=063505!W62!",314.0,49.0,78.9,39.1931,-103.5737,7.23,11.63,,,,,,,,-4.5e-05,2.944e-05,42.76666667,13.035,high Re,0.248889,16.33922,0.0061,14.886718,0.043224,1.775237,5.616995,39.941547,0.075856,4.980193,0.001859,4.537469,0.013175,1.775176,5.616471,10.693997,
EOSS-345,KC0D-2,2023-07-29 07:41:16.917,2023-07-29 07:41:15,63741.0,19428.26,2576.0,3664.0,ascending,/134115h3911.60N/10334.44WO298/023/A=063741 100T646P EOSS Balloon,"KC0D-2>APZEOS,EOSS,WIDE2-1,qAO,AE0SS-1:/134115h3911.60N/10334.44WO298/023/A=063741 100T646P EOSS Balloon",298.0,26.0,41.8,39.1933333333,-103.574,7.2,11.59,50.0,10.0,283.15,6460.0,0.06,0.00015422,0.0794801,-3.889e-05,3.889e-05,42.93333333,13.08633333,high Re,0.005556,16.451907,0.006098,14.955539,0.043132,1.770677,-0.012566,39.959212,0.001711,5.014541,0.001859,4.558447,0.013147,1.770733,-0.011257,10.705945,
EOSS-345,AE0SS-13,2023-07-29 07:41:42.406,2023-07-29 07:41:41,64710.0,19723.61,2410.0,3690.0,ascending,/134141h3911.68N/10334.46WO064/023EOSS Baloon/A=064710!W30!,"AE0SS-13>APTT4,EOSS,qAO,W0ARP-2:/134141h3911.68N/10334.46WO064/023EOSS Baloon/A=064710!W30!",64.0,26.0,41.8,39.1947166667,-103.5743333333,7.15,11.5,,,,,,,,-2.111e-05,5.389e-05,40.16666667,12.243,high Re,-0.092222,16.551969,0.005682,15.003111,0.043513,1.573987,-2.249994,40.020923,-0.028111,5.045041,0.001732,4.572949,0.013263,1.57403,-2.250094,10.756327,
EOSS-345,KC0D-2,2023-07-29 07:41:47.651,2023-07-29 07:41:45,64925.0,19789.14,2368.0,3694.0,ascending,/134145h3911.68N/10334.47WO093/019/A=064925 94T609P EOSS Balloon,"KC0D-2>APZEOS,EOSS*,WIDE2-1,qAO,N6BA-10:/134145h3911.68N/10334.47WO093/019/A=064925 94T609P EOSS Balloon",93.0,22.0,35.4,39.1946666667,-103.5745,7.14,11.49,48.92,9.4,282.55,6090.0,0.06,0.00014569,0.07508694,-1.667e-05,4.444e-05,39.46666667,12.02933333,high Re,-0.023333,16.648249,0.005559,15.044926,0.043462,1.516685,-0.664765,40.032257,-0.007122,5.074387,0.001694,4.585693,0.013247,1.516662,-0.665509,10.767782,
EOSS-345,AE0SS-13,2023-07-29 07:42:12.292,2023-07-29 07:42:11,65861.0,20074.43,2302.0,3720.0,ascending,/134211h3911.70N/10334.35WO129/031EOSS Baloon/A=065861!W28!,"AE0SS-13>APTT4,EOSS,qAO,W0ARP-1:/134211h3911.70N/10334.35WO129/031EOSS Baloon/A=065861!W28!",129.0,36.0,57.9,39.1950333333,-103.5726333333,7.22,11.63,,,,,,,,5.667e-05,1.056e-05,38.36666667,11.694,high Re,-0.036667,16.739121,0.005382,15.078871,0.043456,1.434295,-0.967622,40.071616,-0.011178,5.102084,0.00164,4.596039,0.013245,1.43426,-0.967761,10.818739,
EOSS-345,KC0D-2,2023-07-29 07:42:17.597,2023-07-29 07:42:15,66048.0,20131.43,2246.0,3724.0,ascending,/134215h3911.72N/10334.33WO039/018/A=066048 91T575P EOSS Balloon,"KC0D-2>APZEOS,EOSS*,WIDE2-1,qAO,N6BA-10:/134215h3911.72N/10334.33WO039/018/A=066048 91T575P EOSS Balloon",39.0,21.0,33.8,39.1953333333,-103.5721666667,7.24,11.65,48.38,9.1,282.25,5750.0,0.06,0.00013771,0.07097025,7.778e-05,2.222e-05,37.43333333,11.40966667,high Re,-0.031111,16.825347,0.005229,15.106468,0.043429,1.364183,-0.836768,40.077534,-0.009478,5.128365,0.001594,4.60445,0.013237,1.364181,-0.836443,10.82912,
EOSS-345,AE0SS-13,2023-07-29 07:42:42.387,2023-07-29 07:42:41,66977.0,20414.59,2232.0,3750.0,ascending,/134241h3911.74N/10334.37WO243/014EOSS Baloon/A=066977!W30!,"AE0SS-13>APTT4,EOSS,qAO,W0ARP-2:/134241h3911.74N/10334.37WO243/014EOSS Baloon/A=066977!W30!",243.0,16.0,25.7,39.1957166667,-103.5728333333,7.2,11.58,,,,,,,,-6.67e-06,2.278e-05,37.2,11.33866667,high Re,-0.007778,16.909889,0.005175,15.131988,0.043346,1.340875,-0.298828,40.097325,-0.002367,5.154134,0.001577,4.612229,0.013212,1.340899,-0.298517,10.881578,
EOSS-345,KC0D-2,2023-07-29 07:42:47.643,2023-07-29 07:42:45,67217.0,20487.74,2338.0,3754.0,ascending,/134245h3911.75N/10334.40WO230/016/A=067217 85T543P EOSS Balloon,"KC0D-2>APZEOS,EOSS*,WIDE2-1,qAO,N6BA-10:/134245h3911.75N/10334.40WO230/016/A=067217 85T543P EOSS Balloon",230.0,18.0,29.0,39.1958333333,-103.5733333333,7.17,11.54,47.3,8.5,281.65,5430.0,0.05,0.00013032,0.06716338,-3.889e-05,1.667e-05,38.96666667,11.877,high Re,0.058889,17.001033,0.005398,15.16698,0.043394,1.448254,1.232682,40.099838,0.017944,5.181915,0.001645,4.622895,0.013226,1.448245,1.232345,10.895351,
EOSS-345,AE0SS-13,2023-07-29 07:43:12.404,2023-07-29 07:43:11,68171.0,20778.52,2388.0,3780.0,ascending,/134311h3911.73N/10334.44WO270/005EOSS Baloon/A=068171!W01!,"AE0SS-13>APTT4,EOSS,qAO,W0ARP-1:/134311h3911.73N/10334.44WO270/005EOSS Baloon/A=068171!W01!",270.0,6.0,9.7,39.1955,-103.5740166667,7.14,11.5,,,,,,,,-3.944e-05,-7.22e-06,39.8,12.131,high Re,0.027778,17.094856,0.00549,15.20611,0.043328,1.493159,0.514402,40.099273,0.008467,5.210512,0.001673,4.634821,0.013206,1.493151,0.514463,10.950878,
EOSS-345,KC0D-2,2023-07-29 07:43:17.636,2023-07-29 07:43:15,68414.0,20852.59,2394.0,3784.0,ascending,/134315h3911.74N/10334.43WO053/010/A=068414 83T511P EOSS Balloon,"KC0D-2>APZEOS,EOSS*,WIDE2-1,qAO,N6BA-10:/134315h3911.74N/10334.43WO053/010/A=068414 83T511P EOSS Balloon",53.0,12.0,19.3,39.1956666667,-103.5738333333,7.15,11.5,46.94,8.3,281.45,5110.0,0.05,0.00012273,0.06325023,-1.667e-05,-5.56e-06,39.9,12.16166667,high Re,0.003333,17.18832,0.005481,15.244857,0.043238,1.489793,-0.049679,40.096434,0.001022,5.239,0.001671,4.646632,0.013179,1.489825,-0.049245,10.965196,
EOSS-345,AE0SS-13,2023-07-29 07:43:42.331,2023-07-29 07:43:41,69458.0,21170.8,2574.0,3810.0,ascending,/134341h3911.70N/10334.48WO175/019EOSS Baloon/A=069458!W47!,"AE0SS-13>APTT4,EOSS,qAO,W0ARP-2:/134341h3911.70N/10334.48WO175/019EOSS Baloon/A=069458!W47!",175.0,22.0,35.4,39.1950666667,-103.5747833333,7.12,11.45,,,,,,,,-2.556e-05,-1.444e-05,42.9,13.076,high Re,0.1,17.293265,0.005869,15.30201,0.043572,1.673423,2.160355,40.071787,0.030478,5.270988,0.001789,4.664053,0.013281,1.67344,2.160154,11.027336,
EOSS-345,KC0D-2,2023-07-29 07:43:47.655,2023-07-29 07:43:45,69650.0,21229.32,2472.0,3814.0,ascending,/134345h3911.68N/10334.55WO257/038/A=069650 78T481P EOSS Balloon,"KC0D-2>APZEOS,EOSS*,WIDE2-1,qAO,N6BA-10:/134345h3911.68N/10334.55WO257/038/A=069650 78T481P EOSS Balloon",257.0,44.0,70.8,39.1946666667,-103.5758333333,7.08,11.39,46.04,7.8,280.95,4810.0,0.05,0.00011573,0.05964286,-6.667e-05,-3.333e-05,41.2,12.55766667,high Re,-0.056667,17.390447,0.005613,15.346632,0.043665,1.551451,-1.426314,40.065055,-0.017278,5.300608,0.001711,4.677653,0.013309,1.551432,-1.426779,11.038852,
EOSS-345,AE0SS-13,2023-07-29 07:44:12.399,2023-07-29 07:44:11,70649.0,21533.82,2382.0,3840.0,ascending,/134411h3911.70N/10334.80WO252/069EOSS Baloon/A=070649!W82!,"AE0SS-13>APTT4,EOSS,qAO,W0ARP-2:/134411h3911.70N/10334.80WO252/069EOSS Baloon/A=070649!W82!",252.0,79.0,127.1,39.1951333333,-103.5800333333,6.86,11.04,,,,,,,,-0.000175,2.22e-06,39.7,12.10066667,high Re,-0.05,17.480769,0.005387,15.381052,0.04372,1.444585,-1.266857,40.019004,-0.015233,5.328139,0.001642,4.688145,0.013326,1.444607,-1.266321,11.099039,
EOSS-345,KC0D-2,2023-07-29 07:44:17.638,2023-07-29 07:44:15,70827.0,21588.07,2354.0,3844.0,ascending,/134415h3911.74N/10334.83WO318/030/A=070827 75T454P EOSS Balloon,"KC0D-2>APZEOS,EOSS*,WIDE2-1,qAO,N6BA-10:/134415h3911.74N/10334.83WO318/030/A=070827 75T454P EOSS Balloon",318.0,35.0,56.3,39.1956666667,-103.5805,6.82,10.98,45.5,7.5,280.65,4540.0,0.04,0.00010935,0.0563551,-0.00015556,3.333e-05,39.23333333,11.95833333,high Re,-0.015556,17.568481,0.005303,15.411908,0.043652,1.405722,-0.477848,40.008858,-0.004744,5.354874,0.001616,4.69755,0.013305,1.405724,-0.478016,11.109788,
EOSS-345,AE0SS-13,2023-07-29 07:44:42.363,2023-07-29 07:44:41,71656.0,21840.75,2014.0,3870.0,ascending,/134441h3911.82N/10334.93WO351/021EOSS Baloon/A=071656!W17!,"AE0SS-13>APTT4,EOSS,qAO,W0ARP-2:/134441h3911.82N/10334.93WO351/021EOSS Baloon/A=071656!W17!",351.0,24.0,38.6,39.1970166667,-103.5822833333,6.7,10.78,,,,,,,,-7.5e-05,6.278e-05,33.56666667,10.231,high Re,-0.188889,17.632731,0.004519,15.414182,0.045275,1.033719,-4.27185,39.953867,-0.057578,5.374456,0.001378,4.698243,0.0138,1.033694,-4.272174,11.159837,
EOSS-345,KC0D-2,2023-07-29 07:44:46.965,2023-07-29 07:44:45,71894.0,21913.29,2134.0,3874.0,ascending,/134445h3911.83N/10334.96WO312/016/A=071894 71T430P EOSS Balloon,"KC0D-2>APZEOS,EOSS,WIDE2-1,qAO,AE0SS-1:/134445h3911.83N/10334.96WO312/016/A=071894 71T430P EOSS Balloon",312.0,18.0,29.0,39.1971666667,-103.5826666667,6.67,10.74,44.78,7.1,280.25,4300.0,0.04,0.00010371,0.05345216,-7.222e-05,5e-05,35.56666667,10.84066667,high Re,0.066667,17.704467,0.004769,15.424958,0.045355,1.158006,1.364745,39.935727,0.020322,5.396321,0.001454,4.701527,0.013824,1.157995,1.364873,11.174174,
EOSS-345,AE0SS-13,2023-07-29 07:45:12.305,2023-07-29 07:45:11,72886.0,22215.65,2460.0,3900.0,ascending,/134511h3911.82N/10335.22WO272/035EOSS Baloon/A=072886!W21!,"AE0SS-13>APTT4,EOSS,qAO,W0ARP-1:/134511h3911.82N/10335.22WO272/035EOSS Baloon/A=072886!W21!",272.0,40.0,64.4,39.1970333333,-103.5870166667,6.46,10.4,,,,,,,,-0.00015778,5.6e-07,41.0,12.49666667,high Re,0.181111,17.797278,0.005474,15.464142,0.046617,1.500421,3.76766,39.84881,0.0552,5.42461,0.001669,4.713469,0.014209,1.500393,3.767401,11.233589,
EOSS-345,KC0D-2,2023-07-29 07:45:17.679,2023-07-29 07:45:15,73082.0,22275.39,2376.0,3904.0,ascending,/134515h3911.84N/10335.26WO287/033/A=073082 69T406P EOSS Balloon,"KC0D-2>APZEOS,EOSS*,WIDE2-1,qAO,N6BA-10:/134515h3911.84N/10335.26WO287/033/A=073082 69T406P EOSS Balloon",287.0,38.0,61.2,39.1973333333,-103.5876666667,6.42,10.34,44.42,6.9,280.05,4060.0,0.04,9.8e-05,0.05050483,-0.00016667,5.56e-06,39.6,12.07,high Re,-0.046667,17.883796,0.005267,15.494298,0.04664,1.401561,-1.113508,39.829479,-0.014222,5.45098,0.001605,4.722661,0.014216,1.401545,-1.113323,11.245234,
EOSS-345,AE0SS-13,2023-07-29 07:45:42.487,2023-07-29 07:45:41,74094.0,22583.85,2416.0,3930.0,ascending,/134541h3911.86N/10335.38WO048/008EOSS Baloon/A=074094!W61!,"AE0SS-13>APTT4,EOSS,qAO,W0ARP-2:/134541h3911.86N/10335.38WO048/008EOSS Baloon/A=074094!W61!",48.0,9.0,14.5,39.1977666667,-103.5896833333,6.31,10.16,,,,,,,,-8.889e-05,2.444e-05,40.26666667,12.27333333,high Re,0.022222,17.972266,0.005334,15.527421,0.04656,1.435808,0.362715,39.718343,0.006778,5.477946,0.001626,4.732757,0.014191,1.43582,0.363047,11.30463,
EOSS-345,KC0D-2,2023-07-29 07:45:46.943,2023-07-29 07:45:45,74246.0,22630.18,2328.0,3934.0,ascending,/134545h3911.85N/10335.40WO265/010/A=074246 65T384P EOSS Balloon,"KC0D-2>APZEOS,EOSS,WIDE2-1,qAO,AE0SS-1:/134545h3911.85N/10335.40WO265/010/A=074246 65T384P EOSS Balloon",265.0,12.0,19.3,39.1975,-103.59,6.31,10.15,43.7,6.5,279.65,3840.0,0.04,9.282e-05,0.04783644,-7.778e-05,5.56e-06,38.8,11.82633333,high Re,-0.048889,18.054265,0.00512,15.551711,0.046592,1.333984,-1.15919,39.700011,-0.0149,5.50294,0.001561,4.740161,0.014201,1.334004,-1.159144,11.313423,
EOSS-345,AE0SS-13,2023-07-29 07:46:12.416,2023-07-29 07:46:11,75210.0,22924.01,2232.0,3960.0,ascending,/134611h3911.83N/10335.51WO341/024EOSS Baloon/A=075210!W53!,"AE0SS-13>APTT4,EOSS,qAO,W0ARP-2:/134611h3911.83N/10335.51WO341/024EOSS Baloon/A=075210!W53!",341.0,28.0,45.1,39.19725,-103.5918833333,6.22,10.01,,,,,,,,-7.333e-05,-1.722e-05,37.2,11.33866667,high Re,-0.053333,18.129346,0.00489,15.567305,0.046644,1.225045,-1.248242,39.573779,-0.016256,5.525825,0.00149,4.744915,0.014217,1.225068,-1.248224,11.368197,
EOSS-345,KC0D-2,2023-07-29 07:46:17.653,2023-07-29 07:46:15,75412.0,22985.58,2332.0,3964.0,ascending,/134615h3911.83N/10335.55WO260/026/A=075412 63T362P EOSS Balloon,"KC0D-2>APZEOS,EOSS*,WIDE2-1,qAO,N6BA-10:/134615h3911.83N/10335.55WO260/026/A=075412 63T362P EOSS Balloon",260.0,30.0,48.3,39.1971666667,-103.5925,6.2,9.97,43.34,6.3,279.45,3620.0,0.04,8.756e-05,0.04512809,-8.333e-05,-1.111e-05,38.86666667,11.84666667,high Re,0.055556,18.210352,0.005088,15.590718,0.04666,1.324911,1.081612,39.545146,0.016933,5.550516,0.001551,4.752051,0.014222,1.324933,1.081564,11.379427,
EOSS-345,KC0D-2,2023-07-29 07:46:46.950,2023-07-29 07:46:45,76750.0,23393.4,2676.0,3994.0,ascending,/134645h3911.80N/10335.72WO297/024/A=076750 60T339P EOSS Balloon,"KC0D-2>APZEOS,EOSS,WIDE2-1,qAO,AE0SS-1:/134645h3911.80N/10335.72WO297/024/A=076750 60T339P EOSS Balloon",297.0,28.0,45.1,39.1966666667,-103.5953333333,6.07,9.78,42.8,6.0,279.15,3390.0,0.03,8.209e-05,0.04230625,-9.444e-05,-1.667e-05,44.6,13.594,high Re,0.191111,18.313035,0.005815,15.647069,0.047998,1.679993,3.860494,39.336393,0.058244,5.581813,0.001772,4.769226,0.01463,1.679976,3.860014,11.451108,
EOSS-345,AE0SS-13,2023-07-29 07:47:12.733,2023-07-29 07:47:11,77851.0,23728.98,2641.0,4020.0,ascending,/134711h3911.79N/10335.85WO273/045EOSS Baloon/A=077851!W72!,"AE0SS-13>APTT4,EOSS*,qAO,N6BA-10:/134711h3911.79N/10335.85WO273/045EOSS Baloon/A=077851!W72!",273.0,52.0,83.7,39.1966166667,-103.5975333333,5.97,9.61,,,,,,,,-9.417e-05,-1.056e-05,44.01666667,13.41616667,high Re,-0.009722,18.412661,0.005754,15.698372,0.047914,1.630998,-0.322995,39.139734,-0.002964,5.612179,0.001754,4.784863,0.014604,1.630974,-0.323062,11.505811,
EOSS-345,KC0D-2,2023-07-29 07:47:17.712,2023-07-29 07:47:15,77993.0,23772.27,2486.0,4024.0,ascending,/134715h3911.79N/10335.89WO274/018/A=077993 59T319P EOSS Balloon,"KC0D-2>APZEOS,EOSS*,WIDE2-1,qAO,N6BA-10:/134715h3911.79N/10335.89WO274/018/A=077993 59T319P EOSS Balloon",274.0,21.0,33.8,39.1965,-103.5981666667,5.94,9.57,42.62,5.9,279.05,3190.0,0.03,7.727e-05,0.03982457,-9.444e-05,-5.56e-06,41.43333333,12.629,high Re,-0.086111,18.501544,0.005398,15.733081,0.048162,1.457552,-1.900025,39.112734,-0.026239,5.639271,0.001645,4.795443,0.014679,1.457577,-1.899584,11.512535,
EOSS-345,AE0SS-13,2023-07-29 07:47:42.333,2023-07-29 07:47:41,78973.0,24070.97,2244.0,4050.0,ascending,/134741h3911.77N/10335.98WO008/050EOSS Baloon/A=078973!W52!,"AE0SS-13>APTT4,EOSS,qAO,W0ARP-2:/134741h3911.77N/10335.98WO008/050EOSS Baloon/A=078973!W52!",8.0,58.0,93.3,39.19625,-103.5997,5.88,9.46,,,,,,,,-7.222e-05,-1.222e-05,37.4,11.39966667,high Re,-0.134444,18.574231,0.004858,15.746357,0.048847,1.195563,-2.851803,38.916212,-0.040978,5.661426,0.001481,4.79949,0.014888,1.195594,-2.851894,11.556575,
EOSS-345,KC0D-2,2023-07-29 07:47:46.710,2023-07-29 07:47:45,79133.0,24119.74,2280.0,4054.0,ascending,/134745h3911.76N/10336.00WO296/025/A=079133 55T302P EOSS Balloon,"KC0D-2>APZEOS,EOSS*,WIDE2-1,qAO,N6BA-10:/134745h3911.76N/10336.00WO296/025/A=079133 55T302P EOSS Balloon",296.0,29.0,46.7,39.196,-103.6,5.87,9.45,41.9,5.5,278.65,3020.0,0.03,7.326e-05,0.03775638,-6.111e-05,-1.667e-05,38.0,11.58233333,high Re,0.02,18.648659,0.004917,15.761978,0.048762,1.227723,0.309319,38.882437,0.006089,5.684112,0.001499,4.804251,0.014862,1.227709,0.308841,11.563347,
EOSS-345,AE0SS-13,2023-07-29 07:48:12.415,2023-07-29 07:48:11,79869.0,24344.07,1792.0,4080.0,ascending,/134811h3911.74N/10336.09WO204/018EOSS Baloon/A=079869!W82!,"AE0SS-13>APTT4,EOSS,qAO,W0ARP-2:/134811h3911.74N/10336.09WO204/018EOSS Baloon/A=079869!W82!",204.0,21.0,33.8,39.1958,-103.6015333333,5.81,9.35,,,,,,,,-6.111e-05,-1.5e-05,29.86666667,9.10333333,high Re,-0.271111,18.691476,0.003859,15.747012,0.05158,0.709671,-5.330942,38.72096,-0.082633,5.697162,0.001176,4.799689,0.015721,0.709665,-5.331022,11.592824,
EOSS-345,KC0D-2,2023-07-29 07:48:16.741,2023-07-29 07:48:15,80050.0,24399.24,1834.0,4084.0,ascending,/134815h3911.75N/10336.10WO241/022/A=080050 55T288P EOSS Balloon,"KC0D-2>APZEOS,EOSS*,WIDE2-1,qAO,N6BA-10:/134815h3911.75N/10336.10WO241/022/A=080050 55T288P EOSS Balloon",241.0,25.0,40.2,39.1958333333,-103.6016666667,5.8,9.34,41.9,5.5,278.65,2880.0,0.03,6.986e-05,0.03600608,-5.556e-05,-5.56e-06,30.56666667,9.31666667,high Re,0.023333,18.736629,0.003933,15.733981,0.051495,0.751878,0.376736,38.679711,0.007111,5.710925,0.001199,4.795717,0.015696,0.751867,0.376656,11.59963,
EOSS-345,AE0SS-13,2023-07-29 07:48:42.379,2023-07-29 07:48:41,80925.0,24665.94,2112.0,4110.0,ascending,/134841h3911.71N/10336.25WO273/036EOSS Baloon/A=080925!W07!,"AE0SS-13>APTT4,EOSS,qAO,W0ARP-2:/134841h3911.71N/10336.25WO273/036EOSS Baloon/A=080925!W07!",273.0,41.0,66.0,39.1951666667,-103.6042833333,5.7,9.18,,,,,,,,-9.167e-05,-2.111e-05,35.2,10.729,high Re,0.154444,18.79899,0.004506,15.736694,0.052228,1.042214,2.870836,38.471741,0.047078,5.729932,0.001373,4.796544,0.015919,1.042223,2.871097,11.629855,
EOSS-345,KC0D-2,2023-07-29 07:48:46.745,2023-07-29 07:48:45,81108.0,24721.72,2116.0,4114.0,ascending,/134845h3911.69N/10336.27WO231/023/A=081108 52T274P EOSS Balloon,"KC0D-2>APZEOS,EOSS*,WIDE2-1,qAO,N6BA-10:/134845h3911.69N/10336.27WO231/023/A=081108 52T274P EOSS Balloon",231.0,26.0,41.8,39.1948333333,-103.6045,5.7,9.18,41.36,5.2,278.35,2740.0,0.03,6.654e-05,0.03429271,-9.444e-05,-3.333e-05,35.26666667,10.74933333,high Re,0.002222,18.861132,0.004497,15.739404,0.052129,1.042322,-0.043642,38.426452,0.000678,5.748874,0.001371,4.797371,0.015889,1.042333,-0.043615,11.635582,
EOSS-345,AE0SS-13,2023-07-29 07:49:12.396,2023-07-29 07:49:11,81903.0,24964.03,1956.0,4140.0,ascending,/134911h3911.64N/10336.44WO244/024EOSS Baloon/A=081903!W70!,"AE0SS-13>APTT4,EOSS,qAO,W0ARP-2:/134911h3911.64N/10336.44WO244/024EOSS Baloon/A=081903!W70!",244.0,28.0,45.1,39.1941166667,-103.6073333333,5.6,9.01,,,,,,,,-0.00010167,-3.5e-05,32.6,9.93633333,high Re,-0.088889,18.912782,0.004145,15.732248,0.052345,0.87001,-1.777324,38.222498,-0.0271,5.764616,0.001263,4.795189,0.015955,0.86998,-1.777687,11.657885,
EOSS-345,KC0D-2,2023-07-29 07:49:16.777,2023-07-29 07:49:15,82106.0,25025.91,1996.0,4144.0,ascending,/134915h3911.65N/10336.47WO267/028/A=082106 52T261P EOSS Balloon,"KC0D-2>APZEOS,EOSS*,WIDE2-1,qAO,N6BA-10:/134915h3911.65N/10336.47WO267/028/A=082106 52T261P EOSS Balloon",267.0,32.0,51.5,39.1941666667,-103.6078333333,5.57,8.97,41.36,5.2,278.35,2610.0,0.03,6.338e-05,0.03266568,-0.00011111,-2.222e-05,33.26666667,10.13966667,high Re,0.022222,18.966542,0.004213,15.7272,0.052258,0.909261,0.344617,38.168542,0.006778,5.781002,0.001284,4.79365,0.015928,0.909258,0.344927,11.662875,
EOSS-345,AE0SS-13,2023-07-29 07:49:42.356,2023-07-29 07:49:41,82989.0,25295.05,2172.0,4170.0,ascending,/134941h3911.60N/10336.69WO218/027EOSS Baloon/A=082989!W99!,"AE0SS-13>APTT4,EOSS,qAO,W0ARP-2:/134941h3911.60N/10336.69WO218/027EOSS Baloon/A=082989!W99!",218.0,31.0,49.9,39.1934833333,-103.61165,5.43,8.73,,,,,,,,-0.00014389,-2.111e-05,36.2,11.034,high Re,0.097778,19.030846,0.004563,15.732979,0.052473,1.091284,1.776437,37.924962,0.029811,5.800603,0.001391,4.795413,0.015994,1.091334,1.776916,11.680984,
EOSS-345,KC0D-2,2023-07-29 07:49:46.757,2023-07-29 07:49:45,83141.0,25341.38,2070.0,4174.0,ascending,/134945h3911.62N/10336.76WO279/026/A=083141 49T248P EOSS Balloon,"KC0D-2>APZEOS,EOSS*,WIDE2-1,qAO,N6BA-10:/134945h3911.62N/10336.76WO279/026/A=083141 49T248P EOSS Balloon",279.0,30.0,48.3,39.1936666667,-103.6126666667,5.37,8.65,40.82,4.9,278.05,2480.0,0.02,6.029e-05,0.03107214,-0.00016111,-1.667e-05,34.5,10.51566667,high Re,-0.056667,19.088352,0.004335,15.731897,0.052508,0.979643,-1.161766,37.881574,-0.017278,5.818131,0.001321,4.795083,0.016004,0.979657,-1.162147,11.683484,
EOSS-345,AE0SS-13,2023-07-29 07:50:12.337,2023-07-29 07:50:11,84026.0,25611.12,2074.0,4200.0,ascending,/135011h3911.58N/10336.92WO018/024EOSS Baloon/A=084026!W63!,"AE0SS-13>APTT4,EOSS,qAO,W0ARP-2:/135011h3911.58N/10336.92WO018/024EOSS Baloon/A=084026!W63!",18.0,28.0,45.1,39.1931,-103.6153833333,5.27,8.49,,,,,,,,-0.00012444,-1.278e-05,34.56666667,10.53566667,high Re,0.002222,19.145679,0.004327,15.730857,0.05241,0.980302,-0.040164,37.620451,0.000667,5.835603,0.001319,4.794765,0.015975,0.980249,-0.040814,11.694168,
EOSS-345,KC0D-2,2023-07-29 07:50:16.746,2023-07-29 07:50:15,84163.0,25652.88,2044.0,4204.0,ascending,/135015h3911.57N/10336.96WO269/021/A=084163 50T235P EOSS Balloon,"KC0D-2>APZEOS,EOSS*,WIDE2-1,qAO,N6BA-10:/135015h3911.57N/10336.96WO269/021/A=084163 50T235P EOSS Balloon",269.0,24.0,38.6,39.1928333333,-103.616,5.26,8.46,41.0,5.0,278.15,2350.0,0.02,5.711e-05,0.02943278,-0.00011111,-2.778e-05,34.06666667,10.38333333,high Re,-0.016667,19.200738,0.004249,15.727838,0.052328,0.945198,-0.39971,37.578731,-0.005078,5.852384,0.001295,4.793844,0.01595,0.94516,-0.399561,11.695207,
EOSS-345,AE0SS-13,2023-07-29 07:50:42.315,2023-07-29 07:50:41,84935.0,25888.19,1818.0,4230.0,ascending,/135041h3911.52N/10337.20WO304/042EOSS Baloon/A=084935!W61!,"AE0SS-13>APTT4,EOSS,qAO,W0ARP-2:/135041h3911.52N/10337.20WO304/042EOSS Baloon/A=084935!W61!",304.0,48.0,77.2,39.1921,-103.6200166667,5.11,8.23,,,,,,,,-0.00015444,-3.333e-05,30.3,9.23566667,high Re,-0.125556,19.241544,0.00377,15.713211,0.052823,0.703768,-2.44829,37.337136,-0.038256,5.864823,0.001149,4.789387,0.0161,0.703815,-2.447516,11.697787,
EOSS-345,KC0D-2,2023-07-29 07:50:46.730,2023-07-29 07:50:45,85109.0,25941.22,1892.0,4234.0,ascending,/135045h3911.51N/10337.25WO253/042/A=085109 47T225P EOSS Balloon,"KC0D-2>APZEOS,EOSS*,WIDE2-1,qAO,N6BA-10:/135045h3911.51N/10337.25WO253/042/A=085109 47T225P EOSS Balloon",253.0,48.0,77.2,39.1918333333,-103.6208333333,5.09,8.19,40.46,4.7,277.85,2250.0,0.02,5.474e-05,0.02821075,-0.00016111,-3.333e-05,31.53333333,9.61133333,high Re,0.041111,19.286569,0.003907,15.701933,0.052774,0.779953,0.704968,37.281158,0.012522,5.878546,0.001191,4.785949,0.016085,0.779947,0.704445,11.697572,
EOSS-345,AE0SS-13,2023-07-29 07:51:12.756,2023-07-29 07:51:11,85975.0,26205.18,2080.0,4260.0,ascending,/135111h3911.48N/10337.50WO210/024EOSS Baloon/A=085975!W90!,"AE0SS-13>APTT4,EOSS*,qAO,N6BA-10:/135111h3911.48N/10337.50WO210/024EOSS Baloon/A=085975!W90!",210.0,28.0,45.1,39.1914833333,-103.625,4.93,7.93,,,,,,,,-0.00016611,-2.056e-05,34.66666667,10.56633333,high Re,0.104444,19.342701,0.004276,15.700666,0.053027,0.976007,1.889,36.994209,0.031833,5.895655,0.001303,4.785563,0.016163,0.975993,1.888882,11.691882,
EOSS-345,KC0D-2,2023-07-29 07:51:16.795,2023-07-29 07:51:15,86165.0,26263.09,2112.0,4264.0,ascending,/135115h3911.50N/10337.53WO262/022/A=086165 48T214P EOSS Balloon,"KC0D-2>APZEOS,EOSS*,WIDE2-1,qAO,N6BA-10:/135115h3911.50N/10337.53WO262/022/A=086165 48T214P EOSS Balloon",262.0,25.0,40.2,39.1916666667,-103.6255,4.9,7.88,40.64,4.8,277.95,2140.0,0.02,5.204e-05,0.0268219,-0.00015556,-5.56e-06,35.2,10.729,high Re,0.017778,19.400364,0.004325,15.701134,0.052937,1.006274,0.254132,36.929394,0.005422,5.913231,0.001318,4.785705,0.016135,1.006282,0.254354,11.689564,
EOSS-345,AE0SS-13,2023-07-29 07:51:42.353,2023-07-29 07:51:41,87058.0,26535.28,2166.0,4290.0,ascending,/135141h3911.49N/10337.75WO284/016EOSS Baloon/A=087058!W42!,"AE0SS-13>APTT4,EOSS,qAO,W0ARP-2:/135141h3911.49N/10337.75WO284/016EOSS Baloon/A=087058!W42!",284.0,18.0,29.0,39.1915666667,-103.6292,4.75,7.65,,,,,,,,-0.00014,2.78e-06,36.1,11.00333333,high Re,0.03,19.46087,0.004418,15.704763,0.052863,1.059496,0.48393,36.6158,0.009144,5.931673,0.001347,4.786812,0.016112,1.059507,0.483925,11.673201,
EOSS-345,KC0D-2,2023-07-29 07:51:46.919,2023-07-29 07:51:45,87249.0,26593.5,2168.0,4294.0,ascending,/135145h3911.49N/10337.77WO270/030/A=087249 46T203P EOSS Balloon,"KC0D-2>APZEOS,EOSS*,WIDE2-1,qAO,N6BA-10:/135145h3911.49N/10337.77WO270/030/A=087249 46T203P EOSS Balloon",270.0,35.0,56.3,39.1915,-103.6295,4.74,7.63,40.28,4.6,277.75,2030.0,0.02,4.94e-05,0.02546153,-0.00013333,-5.56e-06,36.13333333,11.01366667,high Re,0.001111,19.521059,0.004406,15.708261,0.052767,1.05755,-0.062444,36.546808,0.000344,5.95002,0.001343,4.787879,0.016083,1.057597,-0.062115,11.668486,
EOSS-345,AE0SS-13,2023-07-29 07:52:12.592,2023-07-29 07:52:11,88075.0,26845.26,2034.0,4320.0,ascending,/135211h3911.49N/10338.03WO267/060EOSS Baloon/A=088075!W08!,"AE0SS-13>APTT4,EOSS,qAO,AE0SS-1:/135211h3911.49N/10338.03WO267/060EOSS Baloon/A=088075!W08!",267.0,69.0,111.0,39.1915,-103.6339666667,4.56,7.34,,,,,,,,-0.00015889,-2.22e-06,33.9,10.33266667,high Re,-0.074444,19.572782,0.004122,15.703579,0.052884,0.912354,-1.485629,36.240662,-0.0227,5.965785,0.001256,4.786451,0.016119,0.912342,-1.486196,11.642885,
EOSS-345,KC0D-2,2023-07-29 07:52:16.943,2023-07-29 07:52:15,88245.0,26897.08,1992.0,4324.0,ascending,/135215h3911.50N/10338.08WO269/028/A=088245 47T193P EOSS Balloon,"KC0D-2>APZEOS,EOSS,WIDE2-1,qAO,AE0SS-1:/135215h3911.50N/10338.08WO269/028/A=088245 47T193P EOSS Balloon",269.0,32.0,51.5,39.1916666667,-103.6346666667,4.53,7.29,40.46,4.7,277.85,1930.0,0.02,4.695e-05,0.02419855,-0.00017222,5.56e-06,33.2,10.11933333,high Re,-0.023333,19.621625,0.004023,15.696526,0.052814,0.865056,-0.517969,36.176085,-0.007111,5.980672,0.001226,4.784302,0.016098,0.86505,-0.51789,11.63653,
EOSS-345,AE0SS-13,2023-07-29 07:52:42.384,2023-07-29 07:52:41,89099.0,27157.38,2048.0,4350.0,ascending,/135241h3911.55N/10338.33WO345/005EOSS Baloon/A=089099!W49!,"AE0SS-13>APTT4,EOSS,qAO,W0ARP-2:/135241h3911.55N/10338.33WO345/005EOSS Baloon/A=089099!W49!",345.0,6.0,9.7,39.1925666667,-103.6389833333,4.32,6.95,,,,,,,,-0.00016722,3.556e-05,34.13333333,10.404,high Re,0.031111,19.673452,0.00412,15.692353,0.052744,0.92146,0.511736,35.843576,0.009489,5.99647,0.001256,4.78303,0.016076,0.921493,0.51213,11.598713,
EOSS-345,KC0D-2,2023-07-29 07:52:46.813,2023-07-29 07:52:45,89276.0,27211.32,2062.0,4354.0,ascending,/135245h3911.57N/10338.40WO285/035/A=089276 46T183P EOSS Balloon,"KC0D-2>APZEOS,EOSS*,WIDE2-1,qAO,N6BA-10:/135245h3911.57N/10338.40WO285/035/A=089276 46T183P EOSS Balloon",285.0,40.0,64.4,39.1928333333,-103.64,4.27,6.86,40.28,4.6,277.75,1830.0,0.02,4.454e-05,0.022953,-0.00017778,3.889e-05,34.36666667,10.47466667,high Re,0.007778,19.725741,0.004133,15.68881,0.052649,0.933208,0.069232,35.772969,0.002356,6.012406,0.00126,4.78195,0.016047,0.933147,0.068299,11.589606,
EOSS-345,AE0SS-13,2023-07-29 07:53:12.372,2023-07-29 07:53:11,90215.0,27497.53,2232.0,4380.0,ascending,/135311h3911.59N/10338.66WO267/030EOSS Baloon/A=090215!W36!,"AE0SS-13>APTT4,EOSS,qAO,W0ARP-2:/135311h3911.59N/10338.66WO267/030EOSS Baloon/A=090215!W36!",267.0,35.0,56.3,39.1932166667,-103.6444333333,4.08,6.57,,,,,,,,-0.00018167,2.167e-05,37.2,11.33833333,high Re,0.094444,19.787707,0.004454,15.695402,0.052831,1.109388,1.703356,35.388685,0.028789,6.031293,0.001358,4.783958,0.016103,1.109341,1.703471,11.53361,
EOSS-345,KC0D-2,2023-07-29 07:53:16.870,2023-07-29 07:53:15,90366.0,27543.56,2180.0,4384.0,ascending,/135315h3911.62N/10338.69WO274/026/A=090366 47T174P EOSS Balloon,"KC0D-2>APZEOS,EOSS*,WIDE2-1,qAO,N6BA-10:/135315h3911.62N/10338.69WO274/026/A=090366 47T174P EOSS Balloon",274.0,30.0,48.3,39.1936666667,-103.6448333333,4.04,6.51,40.46,4.7,277.85,1740.0,0.02,4.233e-05,0.02181631,-0.00016111,2.778e-05,36.33333333,11.07466667,high Re,-0.028889,19.846172,0.004336,15.698389,0.052774,1.050245,-0.629571,35.325364,-0.008789,6.049114,0.001322,4.784869,0.016085,1.050301,-0.628598,11.52336,
EOSS-345,AE0SS-13,2023-07-29 07:53:42.411,2023-07-29 07:53:41,91252.0,27813.61,2074.0,4410.0,ascending,/135341h3911.61N/10338.88WO252/007EOSS Baloon/A=091252!W75!,"AE0SS-13>APTT4,EOSS,qAO,W0ARP-2:/135341h3911.61N/10338.88WO252/007EOSS Baloon/A=091252!W75!",252.0,8.0,12.9,39.1936166667,-103.6480833333,3.93,6.32,,,,,,,,-0.00012167,1.333e-05,34.56666667,10.536,high Re,-0.058889,19.898005,0.004113,15.694955,0.052814,0.93461,-1.192903,34.945308,-0.017956,6.064913,0.001254,4.783823,0.016098,0.934626,-1.193316,11.455922,
EOSS-345,KC0D-2,2023-07-29 07:53:46.840,2023-07-29 07:53:45,91430.0,27867.86,2128.0,4414.0,ascending,/135345h3911.61N/10338.91WO254/036/A=091430 46T165P EOSS Balloon,"KC0D-2>APZEOS,EOSS*,WIDE2-1,qAO,N6BA-10:/135345h3911.61N/10338.91WO254/036/A=091430 46T165P EOSS Balloon",254.0,41.0,66.0,39.1935,-103.6485,3.92,6.31,40.28,4.6,277.75,1650.0,0.02,4.016e-05,0.02069533,-0.00012222,-5.56e-06,35.46666667,10.81,high Re,0.03,19.952632,0.004204,15.694416,0.052743,0.988507,0.489089,34.867199,0.009133,6.081562,0.001281,4.783658,0.016076,0.988457,0.48843,11.440825,
EOSS-345,AE0SS-13,2023-07-29 07:54:12.329,2023-07-29 07:54:11,92246.0,28116.58,1988.0,4440.0,ascending,/135411h3911.53N/10339.15WO218/043EOSS Baloon/A=092246!W54!,"AE0SS-13>APTT4,EOSS,qAO,W0ARP-2:/135411h3911.53N/10339.15WO218/043EOSS Baloon/A=092246!W54!",218.0,49.0,78.9,39.19225,-103.6525666667,3.85,6.19,,,,,,,,-0.00014944,-4.556e-05,33.13333333,10.099,high Re,-0.077778,19.998718,0.003916,15.686233,0.052874,0.837334,-1.545069,34.501609,-0.0237,6.095609,0.001194,4.781163,0.016116,0.837326,-1.544676,11.364674,
EOSS-345,KC0D-2,2023-07-29 07:54:16.871,2023-07-29 07:54:15,92445.0,28177.24,2030.0,4444.0,ascending,/135415h3911.52N/10339.20WO275/028/A=092445 47T158P EOSS Balloon,"KC0D-2>APZEOS,EOSS*,WIDE2-1,qAO,N6BA-10:/135415h3911.52N/10339.20WO275/028/A=092445 47T158P EOSS Balloon",275.0,32.0,51.5,39.192,-103.6533333333,3.84,6.17,40.46,4.7,277.85,1580.0,0.02,3.844e-05,0.01981021,-0.00016111,-5e-05,33.83333333,10.31266667,high Re,0.023333,20.046922,0.003984,15.680065,0.052793,0.879232,0.366507,34.410581,0.007122,6.110303,0.001214,4.779284,0.016091,0.879287,0.367162,11.344326,
EOSS-345,AE0SS-13,2023-07-29 07:54:42.628,2023-07-29 07:54:41,93279.0,28431.44,2066.0,4470.0,ascending,/135441h3911.48N/10339.50WO275/070EOSS Baloon/A=093279!W12!,"AE0SS-13>APTT4,EOSS,qAO,AE0SS-1:/135441h3911.48N/10339.50WO275/070EOSS Baloon/A=093279!W12!",275.0,81.0,130.4,39.19135,-103.6583666667,3.72,5.98,,,,,,,,-0.00019333,-3e-05,34.43333333,10.49533333,high Re,0.02,20.096875,0.00404,15.675663,0.05271,0.914568,0.302789,34.0211,0.006089,6.125528,0.001231,4.777943,0.016066,0.914579,0.302378,11.251153,
EOSS-345,KC0D-2,2023-07-29 07:54:46.932,2023-07-29 07:54:45,93459.0,28486.3,2028.0,4474.0,ascending,/135445h3911.47N/10339.53WO227/026/A=093459 47T150P EOSS Balloon,"KC0D-2>APZEOS,EOSS*,WIDE2-1,qAO,N6BA-10:/135445h3911.47N/10339.53WO227/026/A=093459 47T150P EOSS Balloon",227.0,30.0,48.3,39.1911666667,-103.6588333333,3.71,5.98,40.46,4.7,277.85,1500.0,0.01,3.649e-05,0.01880716,-0.00018333,-2.778e-05,33.8,10.302,high Re,-0.021111,20.144291,0.003953,15.669171,0.052639,0.871502,-0.476149,33.935348,-0.006444,6.13998,0.001205,4.775963,0.016044,0.871451,-0.476751,11.229326,
EOSS-345,AE0SS-13,2023-07-29 07:55:12.745,2023-07-29 07:55:11,94306.0,28744.47,2054.0,4500.0,ascending,/135511h3911.46N/10339.72WO047/018EOSS Baloon/A=094306!W85!,"AE0SS-13>APTT4,EOSS,qAO,AE0SS-1:/135511h3911.46N/10339.72WO047/018EOSS Baloon/A=094306!W85!",47.0,21.0,33.8,39.1911333333,-103.6620833333,3.62,5.83,,,,,,,,-0.00012389,-7.22e-06,34.23333333,10.43433333,high Re,0.014444,20.192874,0.003989,15.663903,0.052551,0.896358,0.19895,33.523779,0.004411,6.154788,0.001216,4.774358,0.016017,0.89636,0.199476,11.118069,
EOSS-345,KC0D-2,2023-07-29 07:55:16.841,2023-07-29 07:55:15,94493.0,28801.47,2068.0,4504.0,ascending,/135515h3911.45N/10339.77WO241/035/A=094493 48T143P EOSS Balloon,"KC0D-2>APZEOS,EOSS*,WIDE2-1,qAO,N6BA-10:/135515h3911.45N/10339.77WO241/035/A=094493 48T143P EOSS Balloon",241.0,40.0,64.4,39.1908333333,-103.6628333333,3.62,5.83,40.64,4.8,277.95,1430.0,0.01,3.478e-05,0.01792305,-0.00013333,-1.111e-05,34.46666667,10.50566667,high Re,0.007778,20.241924,0.004002,15.659245,0.05246,0.908393,0.071979,33.431121,0.002378,6.169739,0.00122,4.772938,0.01599,0.90844,0.07242,11.091558,
EOSS-345,AE0SS-13,2023-07-29 07:55:42.455,2023-07-29 07:55:41,95383.0,29072.74,2154.0,4530.0,ascending,/135541h3911.35N/10339.99WO215/039EOSS Baloon/A=095383!W11!,"AE0SS-13>APTT4,EOSS,qAO,KB0TVJ-1:/135541h3911.35N/10339.99WO215/039EOSS Baloon/A=095383!W11!",215.0,45.0,72.4,39.1891833333,-103.6665166667,3.63,5.84,,,,,,,,-0.00014778,-6.5e-05,35.9,10.94233333,high Re,0.047778,20.295548,0.004152,15.659148,0.052432,0.996507,0.832049,32.981248,0.014556,6.186084,0.001266,4.772909,0.015981,0.99651,0.831613,10.955332,
EOSS-345,KC0D-2,2023-07-29 07:55:46.871,2023-07-29 07:55:45,95541.0,29120.9,2096.0,4534.0,ascending,/135545h3911.36N/10340.03WO267/023/A=095541 48T135P EOSS Balloon,"KC0D-2>APZEOS,EOSS*,WIDE2-1,qAO,N6BA-10:/135545h3911.36N/10340.03WO267/023/A=095541 48T135P EOSS Balloon",267.0,26.0,41.8,39.1893333333,-103.6671666667,3.6,5.8,40.64,4.8,277.95,1350.0,0.01,3.283e-05,0.01692036,-0.00014444,-5e-05,34.93333333,10.64766667,high Re,-0.032222,20.345506,0.004028,15.655684,0.052386,0.931791,-0.691979,32.899849,-0.009822,6.201311,0.001228,4.771853,0.015967,0.931788,-0.692052,10.929365,
EOSS-345,KC0D-2,2023-07-29 07:56:16.921,2023-07-29 07:56:15,96572.0,29435.15,2062.0,4564.0,ascending,/135615h3911.29N/10340.31WO239/030/A=096572 50T129P EOSS Balloon,"KC0D-2>APZEOS,EOSS,WIDE2-1,qAO,AE0SS-1:/135615h3911.29N/10340.31WO239/030/A=096572 50T129P EOSS Balloon",239.0,35.0,56.3,39.1881666667,-103.6718333333,3.58,5.75,41.0,5.0,278.15,1290.0,0.01,3.135e-05,0.01615672,-0.00015556,-3.889e-05,34.36666667,10.475,high Re,-0.018889,20.393197,0.00395,15.650323,0.052313,0.892855,-0.436584,32.357333,-0.005756,6.215848,0.001204,4.770219,0.015945,0.892863,-0.4365,10.746168,
EOSS-345,AE0SS-13,2023-07-29 07:56:42.663,2023-07-29 07:56:41,97532.0,29727.75,2149.0,4590.0,ascending,/135641h3911.23N/10340.54WO210/049EOSS Baloon/A=097532!W01!,"AE0SS-13>APTT4,EOSS,qAO,AE0SS-1:/135641h3911.23N/10340.54WO210/049EOSS Baloon/A=097532!W01!",210.0,56.0,90.1,39.1871666667,-103.6756833333,3.57,5.74,,,,,,,,-0.00015278,-3.361e-05,35.81666667,10.91683333,high Re,0.024167,20.44548,0.004018,15.649469,0.052237,0.982218,0.385723,31.834468,0.007364,6.231783,0.001225,4.769959,0.015922,0.982199,0.385567,10.553203,
EOSS-345,KC0D-2,2023-07-29 07:56:46.889,2023-07-29 07:56:45,97693.0,29776.83,2242.0,4594.0,ascending,/135645h3911.24N/10340.60WO275/029/A=097693 49T122P EOSS Balloon,"KC0D-2>APZEOS,EOSS*,WIDE2-1,qAO,N6BA-10:/135645h3911.24N/10340.60WO275/029/A=097693 49T122P EOSS Balloon",275.0,33.0,53.1,39.1873333333,-103.6766666667,3.54,5.7,40.82,4.9,278.05,1220.0,0.01,2.966e-05,0.01528549,-0.00016111,-2.778e-05,37.36666667,11.38933333,high Re,0.051667,20.502646,0.00418,15.65385,0.052222,1.077308,0.909329,31.745107,0.01575,6.249207,0.001274,4.771294,0.015917,1.077302,0.909468,10.518631,
EOSS-345,AE0SS-13,2023-07-29 07:57:12.552,2023-07-29 07:57:11,98625.0,30060.9,2186.0,4620.0,ascending,/135711h3911.22N/10340.91WO346/043EOSS Baloon/A=098625!W32!,"AE0SS-13>APTT4,EOSS,qAO,W0ARP-2:/135711h3911.22N/10340.91WO346/043EOSS Baloon/A=098625!W32!",346.0,49.0,78.9,39.18705,-103.6818666667,3.49,5.61,,,,,,,,-0.00020611,-3.89e-06,36.43333333,11.105,high Re,-0.031111,20.556285,0.004061,15.654701,0.052173,1.014203,-0.674142,31.218372,-0.009478,6.265557,0.001238,4.771554,0.015902,1.014228,-0.673877,10.305598,
EOSS-345,KC0D-2,2023-07-29 07:57:16.960,2023-07-29 07:57:15,98806.0,30116.07,2226.0,4624.0,ascending,/135715h3911.21N/10340.98WO266/047/A=098806 51T116P EOSS Balloo,"KC0D-2>APZEOS,EOSS*,WIDE2-1,qAO,N6BA-10:/135715h3911.21N/10340.98WO266/047/A=098806 51T116P EOSS Balloo",266.0,54.0,86.9,39.1868333333,-103.683,3.49,5.61,41.18,5.1,278.25,1160.0,0.01,2.818e-05,0.0145233,-0.00021111,-1.667e-05,37.1,11.308,high Re,0.022222,20.611801,0.004122,15.657681,0.052096,1.053042,0.347436,31.11421,0.006767,6.282478,0.001256,4.772461,0.015879,1.053025,0.347062,10.261605,
EOSS-345,AE0SS-13,2023-07-29 07:57:42.973,2023-07-29 07:57:41,99734.0,30398.92,2218.0,4650.0,ascending,/135741h3911.23N/10341.31WO266/066EOSS Baloon/A=099734!W70!,"AE0SS-13>APTT4,EOSS*,qAO,N6BA-10:/135741h3911.23N/10341.31WO266/066EOSS Baloon/A=099734!W70!",266.0,76.0,122.3,39.1872833333,-103.6885,3.41,5.48,,,,,,,,-0.00022111,7.78e-06,36.96666667,11.26733333,high Re,-0.004444,20.666499,0.004093,15.659976,0.052011,1.040881,-0.164138,30.570629,-0.001356,6.299149,0.001248,4.773161,0.015853,1.040858,-0.164259,10.02217,
EOSS-345,KC0D-2,2023-07-29 07:57:46.934,2023-07-29 07:57:45,99950.0,30464.76,2288.0,4654.0,ascending,/135745h3911.25N/10341.35WO279/017/A=099950 51T110P EOSS Balloon,"KC0D-2>APZEOS,EOSS*,WIDE2-1,qAO,N6BA-10:/135745h3911.25N/10341.35WO279/017/A=099950 51T110P EOSS Balloon",279.0,20.0,32.2,39.1875,-103.6891666667,3.39,5.45,41.18,5.1,278.25,1100.0,0.01,2.672e-05,0.01377209,-0.00020556,2.222e-05,38.13333333,11.623,high Re,0.038889,20.724722,0.004209,15.666258,0.051962,1.111217,0.667411,30.441816,0.011856,6.316896,0.001283,4.775075,0.015838,1.111209,0.667572,9.96302,
EOSS-345,AE0SS-13,2023-07-29 07:58:12.286,2023-07-29 07:58:11,100862.0,30742.74,2256.0,4680.0,ascending,/135811h3911.31N/10341.54WO317/010EOSS Baloon/A=100862!W97!,"AE0SS-13>APTT4,EOSS,qAO,W0ARP-2:/135811h3911.31N/10341.54WO317/010EOSS Baloon/A=100862!W97!",317.0,12.0,19.3,39.18865,-103.69245,3.29,5.3,,,,,,,,-0.00013167,4.556e-05,37.6,11.46066667,high Re,-0.017778,20.780786,0.004136,15.670342,0.051891,1.073315,-0.422308,29.888407,-0.005411,6.333984,0.001261,4.776321,0.015816,1.073354,-0.421851,9.698539,
EOSS-345,KC0D-2,2023-07-29 07:58:16.906,2023-07-29 07:58:15,101060.0,30803.09,2220.0,4684.0,ascending,/135815h3911.32N/10341.58WO287/033/A=101060 54T104P EOSS Balloon,"KC0D-2>APZEOS,EOSS*,WIDE2-1,qAO,N6BA-10:/135815h3911.32N/10341.58WO287/033/A=101060 54T104P EOSS Balloon",287.0,38.0,61.2,39.1886666667,-103.693,3.29,5.29,41.72,5.4,278.55,1040.0,0.01,2.524e-05,0.01300686,-0.00012778,3.889e-05,37.0,11.27766667,high Re,-0.02,20.834492,0.004056,15.672105,0.051823,1.031483,-0.464195,29.766223,-0.0061,6.350354,0.001236,4.776859,0.015795,1.031496,-0.464451,9.637895,
EOSS-345,AE0SS-13,2023-07-29 07:58:42.488,2023-07-29 07:58:41,101912.0,31062.78,2100.0,4710.0,ascending,/135841h3911.37N/10341.84WO312/019EOSS Baloon/A=101912!W92!,"AE0SS-13>APTT4,EOSS,qAO,KB0TVJ-1:/135841h3911.37N/10341.84WO312/019EOSS Baloon/A=101912!W92!",312.0,22.0,35.4,39.18965,-103.6973666667,3.22,5.17,,,,,,,,-0.00016389,3.333e-05,35.0,10.668,high Re,-0.066667,20.881243,0.003822,15.667286,0.051897,0.901162,-1.358248,29.232171,-0.020322,6.364604,0.001165,4.775389,0.015818,0.901161,-1.358389,9.363369,
EOSS-345,KC0D-2,2023-07-29 07:58:46.966,2023-07-29 07:58:45,102087.0,31116.12,2054.0,4714.0,ascending,/135845h3911.40N/10341.89WO300/023/A=102087 54T99P EOSS Balloon,"KC0D-2>APZEOS,EOSS,WIDE2-1,qAO,AE0SS-1:/135845h3911.40N/10341.89WO300/023/A=102087 54T99P EOSS Balloon",300.0,26.0,41.8,39.19,-103.6981666667,3.19,5.14,41.72,5.4,278.55,990.0,0.01,2.402e-05,0.01238153,-0.00017222,4.444e-05,34.23333333,10.43433333,high Re,-0.025556,20.925164,0.003725,15.660146,0.051838,0.849811,-0.564856,29.120811,-0.007789,6.377991,0.001135,4.773213,0.0158,0.849814,-0.56481,9.304198,
EOSS-345,KC0D-2,2023-07-29 07:59:19.953,2023-07-29 07:59:15,100840.0,30736.03,-2494.0,0.0,descending,/135915h3911.48N/10342.16WO256/033/A=100840 57T104P EOSS Balloon,"KC0D-2>APZEOS,EOSS*,WIDE2-1,qAO,N6BA-10:/135915h3911.48N/10342.16WO256/033/A=100840 57T104P EOSS Balloon",256.0,38.0,61.2,39.1913333333,-103.7026666667,3.12,5.01,42.26,5.7,278.85,1040.0,0.01,2.521e-05,0.01299287,-0.00015,4.444e-05,-41.56666667,-12.66966667,n/a,,-41.566667,,,,,,-40.624357,,-12.669667,,,,,,-12.382447,
EOSS-345,AE0SS-13,2023-07-29 07:59:42.634,2023-07-29 07:59:41,97309.0,29659.78,-4603.0,26.0,descending,/135941h3911.45N/10342.47WO243/050EOSS Baloon/A=097309!W61!,"AE0SS-13>APTT4,EOSS,qAO,AE0SS-1:/135941h3911.45N/10342.47WO243/050EOSS Baloon/A=097309!W61!",243.0,58.0,93.3,39.1909333333,-103.70785,3.18,5.12,,,,,,,,-0.00017472,2.139e-05,-76.71666667,-23.38333333,n/a,-0.585833,-59.141667,-0.585833,24.854803,,-0.707107,,-101.584726,-0.178561,-18.0265,-0.178561,7.575706,,-0.707107,,-30.963116,
EOSS-345,KC0D-2,2023-07-29 07:59:47.055,2023-07-29 07:59:45,96821.0,29511.04,-8038.0,30.0,descending,/135945h3911.46N/10342.51WO259/032/A=096821 60T127P EOSS Balloon,"KC0D-2>APZEOS,EOSS*,WIDE2-1,qAO,N6BA-10:/135945h3911.46N/10342.51WO259/032/A=096821 60T127P EOSS Balloon",259.0,37.0,59.5,39.191,-103.7085,3.18,5.12,42.8,6.0,279.15,1270.0,0.01,3.075e-05,0.01584924,-0.00019444,-1.111e-05,-133.96666667,-40.833,n/a,-1.908333,-84.083333,-1.247083,46.638405,0.935149,-1.069576,-0.707107,-107.996802,-0.581656,-25.628667,-0.380108,14.21529,0.285031,-1.069576,-0.707109,-32.917463,
EOSS-345,AE0SS-13,2023-07-29 08:00:12.675,2023-07-29 08:00:11,93476.0,28491.48,-7666.0,56.0,descending,/140011h3911.40N/10342.73WO299/033EOSS Baloon/A=093476!W90!,"AE0SS-13>APTT4,EOSS,qAO,AE0SS-1:/140011h3911.40N/10342.73WO299/033EOSS Baloon/A=093476!W90!",299.0,38.0,61.2,39.19015,-103.7121666667,3.29,5.29,,,,,,,,-0.00014389,-2.611e-05,-127.76666667,-38.94333333,n/a,0.206667,-95.004167,-0.7625,43.899343,1.06851,-0.74631,0.907027,-126.737417,0.062989,-28.957333,-0.232409,13.380449,0.325679,-0.746313,0.907022,-38.629513,
EOSS-345,KC0D-2,2023-07-29 08:00:16.934,2023-07-29 08:00:15,93021.0,28352.8,-7600.0,60.0,descending,/140015h3911.40N/10342.75WO259/030/A=093021 64T153P EOSS Balloon,"KC0D-2>APZEOS,EOSS*,WIDE2-1,qAO,N6BA-10:/140015h3911.40N/10342.75WO259/030/A=093021 64T153P EOSS Balloon",259.0,35.0,56.3,39.19,-103.7125,3.3,5.31,43.52,6.4,279.55,1530.0,0.02,3.7e-05,0.01906665,-0.00013333,-3.333e-05,-126.66666667,-38.608,n/a,0.036667,-101.336667,-0.562708,40.569286,0.959588,-0.624364,0.624617,-126.493993,0.011178,-30.887467,-0.171512,12.365451,0.29248,-0.624363,0.624624,-38.555312,
EOSS-345,AE0SS-13,2023-07-29 08:00:43.024,2023-07-29 08:00:41,90051.0,27447.54,-6850.0,86.0,descending,/140041h3911.35N/10343.00WO265/035EOSS Baloon/A=090051!W31!,"AE0SS-13>APTT4,EOSS*,qAO,N6BA-10:/140041h3911.35N/10343.00WO265/035EOSS Baloon/A=090051!W31!",265.0,40.0,64.4,39.1892166667,-103.7166833333,3.42,5.5,,,,,,,,-0.00015056,-3.111e-05,-114.16666667,-34.798,n/a,0.416667,-103.475,-0.366833,36.662357,0.939384,-0.291625,0.834057,-116.76782,0.127,-31.539222,-0.11181,11.174624,0.286322,-0.291623,0.834061,-35.590756,
EOSS-345,KC0D-2,2023-07-29 08:00:47.000,2023-07-29 08:00:45,89670.0,27331.42,-6702.0,90.0,descending,/140045h3911.37N/10343.03WO287/023/A=089670 64T180P EOSS Balloon,"KC0D-2>APZEOS,EOSS*,WIDE2-1,qAO,N6BA-10:/140045h3911.37N/10343.03WO287/023/A=089670 64T180P EOSS Balloon",287.0,26.0,41.8,39.1895,-103.7171666667,3.41,5.48,43.52,6.4,279.55,1800.0,0.02,4.352e-05,0.02243135,-0.00015556,-1.667e-05,-111.7,-34.046,n/a,0.082222,-104.65,-0.29199,33.612072,0.859978,-0.209746,0.435141,-115.024828,0.025067,-31.897333,-0.088997,10.244895,0.26212,-0.209731,0.435159,-35.059535,
EOSS-345,AE0SS-13,2023-07-29 08:01:12.356,2023-07-29 08:01:11,86960.0,26505.41,-6182.0,116.0,descending,/140111h3911.44N/10343.29WO344/019EOSS Baloon/A=086960!W02!,"AE0SS-13>APTT4,EOSS,qAO,W0ARP-2:/140111h3911.44N/10343.29WO344/019EOSS Baloon/A=086960!W02!",344.0,22.0,35.4,39.1906666667,-103.7215333333,3.41,5.49,,,,,,,,-0.00016167,4.833e-05,-103.03333333,-31.40433333,n/a,0.288889,-104.447917,-0.209008,31.123981,0.815172,0.04545,0.610788,-103.155752,0.088056,-31.835708,-0.063704,9.486532,0.248463,0.045472,0.610795,-31.441857,
EOSS-345,KC0D-2,2023-07-29 08:01:16.986,2023-07-29 08:01:15,86643.0,26408.79,-6054.0,120.0,descending,/140115h3911.43N/10343.30WO233/024/A=086643 66T209P EOSS Balloon,"KC0D-2>APZEOS,EOSS,WIDE2-1,qAO,AE0SS-1:/140115h3911.43N/10343.30WO233/024/A=086643 66T209P EOSS Balloon",233.0,28.0,45.1,39.1905,-103.7216666667,3.43,5.51,43.88,6.6,279.75,2090.0,0.02,5.05e-05,0.02602667,-0.00015,3.333e-05,-100.9,-30.75433333,n/a,0.071111,-104.053704,-0.173993,29.137828,0.761173,0.108234,0.322008,-101.959762,0.021667,-31.715556,-0.053032,8.881156,0.232004,0.108232,0.321973,-31.077328,
EOSS-345,AE0SS-13,2023-07-29 08:01:42.291,2023-07-29 08:01:41,84095.0,25632.16,-5730.0,146.0,descending,/140141h3911.41N/10343.52WO229/016EOSS Baloon/A=084095!W72!,"AE0SS-13>APTT4,EOSS,qAO,W0ARP-2:/140141h3911.41N/10343.52WO229/016EOSS Baloon/A=084095!W72!",229.0,18.0,29.0,39.1902833333,-103.7253666667,3.52,5.67,,,,,,,,-0.00012778,-1.278e-05,-95.5,-29.10833333,n/a,0.18,-103.198333,-0.13466,27.604254,0.721723,0.278882,0.435984,-94.408807,0.054867,-31.454833,-0.041044,8.413727,0.21998,0.278889,0.435999,-28.775814,
EOSS-345,KC0D-2,2023-07-29 08:01:46.967,2023-07-29 08:01:45,83763.0,25530.96,-5760.0,150.0,descending,/140145h3911.41N/10343.57WO273/024/A=083763 65T241P EOSS Balloon,"KC0D-2>APZEOS,EOSS,WIDE2-1,qAO,AE0SS-1:/140145h3911.41N/10343.57WO273/024/A=083763 65T241P EOSS Balloon",273.0,28.0,45.1,39.1901666667,-103.7261666667,3.55,5.71,43.7,6.5,279.65,2410.0,0.02,5.825e-05,0.03002235,-0.00015,-1.111e-05,-96.0,-29.261,n/a,-0.016667,-102.543939,-0.122861,26.277479,0.681469,0.249032,0.155831,-93.682355,-0.005089,-31.255394,-0.037448,8.009323,0.207711,0.249009,0.155789,-28.55438,
EOSS-345,AE0SS-13,2023-07-29 08:02:12.375,2023-07-29 08:02:11,81378.0,24804.01,-5434.0,176.0,descending,/140211h3911.39N/10343.74WO327/001EOSS Baloon/A=081378!W53!,"AE0SS-13>APTT4,EOSS,qAO,W0ARP-2:/140211h3911.39N/10343.74WO327/001EOSS Baloon/A=081378!W53!",327.0,1.0,1.6,39.1899166667,-103.72905,3.63,5.85,,,,,,,,-0.00012278,-1.222e-05,-90.56666667,-27.605,n/a,0.181111,-101.545833,-0.095227,25.292039,0.652963,0.434096,0.423206,-89.735188,0.0552,-30.951194,-0.029026,7.708953,0.199022,0.434066,0.423199,-27.351291,
EOSS-345,KC0D-2,2023-07-29 08:02:17.030,2023-07-29 08:02:15,81043.0,24701.91,-5440.0,180.0,descending,/140215h3911.38N/10343.78WO247/022/A=081043 67T274P EOSS Balloon,"KC0D-2>APZEOS,EOSS*,WIDE2-1,qAO,N6BA-10:/140215h3911.38N/10343.78WO247/022/A=081043 67T274P EOSS Balloon",247.0,25.0,40.2,39.1896666667,-103.7296666667,3.66,5.9,44.06,6.7,279.85,2740.0,0.03,6.618e-05,0.0341089,-0.00011667,-1.667e-05,-90.66666667,-27.635,n/a,-0.003333,-100.708974,-0.087569,24.402547,0.623141,0.411527,0.13518,-89.30777,-0.001,-30.696103,-0.02669,7.437847,0.189932,0.411558,0.135259,-27.221025,
EOSS-345,AE0SS-13,2023-07-29 08:02:42.539,2023-07-29 08:02:41,78707.0,23989.89,-5342.0,206.0,descending,/140241h3911.34N/10343.92WO070/013EOSS Baloon/A=078707!W20!,"AE0SS-13>APTT4,EOSS,qAO,KB0TVJ-1:/140241h3911.34N/10343.92WO070/013EOSS Baloon/A=078707!W20!",70.0,15.0,24.1,39.1890333333,-103.732,3.76,6.06,,,,,,,,-9.833e-05,-2.944e-05,-89.03333333,-27.13733333,n/a,0.054444,-99.875,-0.076645,23.651955,0.59791,0.458384,0.219245,-86.619809,0.016589,-30.441905,-0.023361,7.20907,0.182242,0.458391,0.219214,-26.401723,
EOSS-345,KC0D-2,2023-07-29 08:02:47.992,2023-07-29 08:02:45,78404.0,23897.54,-5278.0,210.0,descending,/140245h3911.34N/10343.95WO248/016/A=078404 66T312P EOSS Balloon,"KC0D-2>APZEOS,EOSS*,WIDE2-1,qAO,N6BA-10:/140245h3911.34N/10343.95WO248/016/A=078404 66T312P EOSS Balloon",248.0,18.0,29.0,39.189,-103.7325,3.78,6.08,43.88,6.6,279.75,3120.0,0.03,7.539e-05,0.03885321,-9.444e-05,-2.222e-05,-87.96666667,-26.81233333,n/a,0.035556,-99.081111,-0.068631,22.998058,0.575236,0.483278,0.18112,-86.271422,0.010833,-30.199933,-0.020919,7.009761,0.175331,0.483269,0.181097,-26.295539,
EOSS-345,AE0SS-13,2023-07-29 08:03:12.381,2023-07-29 08:03:11,76240.0,23237.95,-4934.0,236.0,descending,/140311h3911.31N/10344.06WO343/020EOSS Baloon/A=076240!W62!,"AE0SS-13>APTT4,EOSS,qAO,W0ARP-2:/140311h3911.31N/10344.06WO343/020EOSS Baloon/A=076240!W62!",343.0,23.0,37.0,39.1886,-103.7343666667,3.85,6.2,,,,,,,,-7.889e-05,-1.444e-05,-82.23333333,-25.06466667,n/a,0.191111,-98.028125,-0.051315,22.613943,0.558353,0.698454,0.434181,-83.49108,0.058256,-29.878979,-0.01564,6.892688,0.170185,0.698467,0.43421,-25.44808,
EOSS-345,KC0D-2,2023-07-29 08:03:17.016,2023-07-29 08:03:15,75982.0,23159.31,-4844.0,240.0,descending,/140315h3911.31N/10344.08WO278/016/A=075982 67T353P EOSS Balloon,"KC0D-2>APZEOS,EOSS*,WIDE2-1,qAO,N6BA-10:/140315h3911.31N/10344.08WO278/016/A=075982 67T353P EOSS Balloon",278.0,18.0,29.0,39.1885,-103.7346666667,3.87,6.23,44.06,6.7,279.85,3530.0,0.03,8.526e-05,0.04394322,-7.222e-05,-1.667e-05,-80.73333333,-24.60766667,n/a,0.05,-97.010784,-0.044983,22.294018,0.540015,0.730126,0.17589,-83.113553,0.015233,-29.568902,-0.013711,6.795171,0.164596,0.730112,0.175849,-25.333006,
EOSS-345,AE0SS-13,2023-07-29 08:03:42.316,2023-07-29 08:03:41,73913.0,22528.68,-4654.0,266.0,descending,/140341h3911.30N/10344.16WO239/026EOSS Baloon/A=073913!W33!,"AE0SS-13>APTT4,EOSS,qAO,W0ARP-2:/140341h3911.30N/10344.16WO239/026EOSS Baloon/A=073913!W33!",239.0,30.0,48.3,39.1883833333,-103.73605,3.91,6.3,,,,,,,,-5.611e-05,-7.22e-06,-77.56666667,-23.64233333,n/a,0.105556,-95.930556,-0.036127,22.108611,0.52414,0.830622,0.270315,-79.668633,0.032178,-29.239648,-0.011011,6.738661,0.159757,0.830627,0.270342,-24.282987,
EOSS-345,KC0D-2,2023-07-29 08:03:46.977,2023-07-29 08:03:45,73624.0,22440.6,-4716.0,270.0,descending,/140345h3911.33N/10344.18WO307/020/A=073624 65T395P EOSS Balloon,"KC0D-2>APZEOS,EOSS,WIDE2-1,qAO,AE0SS-1:/140345h3911.33N/10344.18WO307/020/A=073624 65T395P EOSS Balloon",307.0,23.0,37.0,39.1888333333,-103.7363333333,3.9,6.27,43.7,6.5,279.65,3950.0,0.04,9.548e-05,0.04920675,-5.556e-05,1.111e-05,-78.6,-23.957,n/a,-0.034444,-95.018421,-0.036034,21.850479,0.508491,0.751399,0.003127,-79.129518,-0.010489,-28.961614,-0.010982,6.659997,0.154987,0.751444,0.003181,-24.118677,
EOSS-345,AE0SS-13,2023-07-29 08:04:12.340,2023-07-29 08:04:11,71685.0,21849.59,-4456.0,296.0,descending,/140411h3911.36N/10344.32WO129/016EOSS Baloon/A=071685!W23!,"AE0SS-13>APTT4,EOSS,qAO,W0ARP-2:/140411h3911.36N/10344.32WO129/016EOSS Baloon/A=071685!W23!",129.0,18.0,29.0,39.1893666667,-103.7387166667,3.94,6.34,,,,,,,,-8.889e-05,3.278e-05,-74.26666667,-22.63633333,n/a,0.144444,-93.980833,-0.026535,21.768018,0.495896,0.905648,0.344788,-75.20359,0.044022,-28.64535,-0.008087,6.634871,0.151148,0.905672,0.344755,-22.922044,
EOSS-345,KC0D-2,2023-07-29 08:04:16.970,2023-07-29 08:04:15,71441.0,21775.22,-4366.0,300.0,descending,/140415h3911.37N/10344.35WO326/019/A=071441 65T439P EOSS Balloon,"KC0D-2>APZEOS,EOSS,WIDE2-1,qAO,AE0SS-1:/140415h3911.37N/10344.35WO326/019/A=071441 65T439P EOSS Balloon",326.0,22.0,35.4,39.1895,-103.7391666667,3.94,6.35,43.7,6.5,279.65,4390.0,0.04,0.00010611,0.05468801,-9.444e-05,2.222e-05,-72.76666667,-22.17933333,n/a,0.05,-92.970635,-0.022708,21.716003,0.482973,0.930372,0.150543,-74.677983,0.015233,-28.337444,-0.006921,6.619015,0.147209,0.930367,0.150494,-22.761841,
EOSS-345,AE0SS-13,2023-07-29 08:04:43.122,2023-07-29 08:04:41,69608.0,21216.52,-4154.0,326.0,descending,/140441h3911.38N/10344.50WO272/046EOSS Baloon/A=069608!W24!,"AE0SS-13>APTT4,EOSS*,qAO,N6BA-10:/140441h3911.38N/10344.50WO272/046EOSS Baloon/A=069608!W24!",272.0,53.0,85.3,39.1897,-103.7417333333,4.01,6.46,,,,,,,,-0.00010056,1.111e-05,-69.23333333,-21.10233333,n/a,0.117778,-91.891667,-0.016018,21.788533,0.471741,1.03992,0.283622,-70.5919,0.0359,-28.008576,-0.004882,6.641122,0.143786,1.039921,0.28363,-21.516396,
EOSS-345,KC0D-2,2023-07-29 08:04:47.099,2023-07-29 08:04:45,69364.0,21142.15,-4154.0,330.0,descending,/140445h3911.37N/10344.52WO222/026/A=069364 63T487P EOSS Balloon,"KC0D-2>APZEOS,EOSS*,WIDE2-1,qAO,N6BA-10:/140445h3911.37N/10344.52WO222/026/A=069364 63T487P EOSS Balloon",222.0,30.0,48.3,39.1895,-103.742,4.03,6.49,43.34,6.3,279.45,4870.0,0.05,0.0001178,0.06071099,-9.444e-05,0.0,-69.23333333,-21.10233333,n/a,0.0,-90.906522,-0.01529,21.805568,0.460385,0.993929,0.033211,-70.036753,0.0,-27.708304,-0.00466,6.646315,0.140324,0.99393,0.033209,-21.34719,
EOSS-345,AE0SS-13,2023-07-29 08:05:12.523,2023-07-29 08:05:11,67597.0,20603.57,-4022.0,356.0,descending,/140511h3911.30N/10344.59WO126/027EOSS Baloon/A=067597!W99!,"AE0SS-13>APTT4,EOSS,qAO,W0ARP-2:/140511h3911.30N/10344.59WO126/027EOSS Baloon/A=067597!W99!",126.0,31.0,49.9,39.1884833333,-103.7433166667,4.13,6.65,,,,,,,,-5.278e-05,-4.056e-05,-67.03333333,-20.43166667,n/a,0.073333,-89.911806,-0.011437,21.875938,0.450179,1.045828,0.188303,-66.015255,0.022356,-27.405111,-0.003486,6.667769,0.137214,1.045844,0.188334,-20.121441,
EOSS-345,KC0D-2,2023-07-29 08:05:16.947,2023-07-29 08:05:15,67383.0,20538.34,-3962.0,360.0,descending,/140515h3911.30N/10344.62WO240/003/A=067383 63T537P EOSS Balloon,"KC0D-2>APZEOS,EOSS,WIDE2-1,qAO,AE0SS-1:/140515h3911.30N/10344.62WO240/003/A=067383 63T537P EOSS Balloon",240.0,3.0,4.8,39.1883333333,-103.7436666667,4.15,6.68,43.34,6.3,279.45,5370.0,0.05,0.00012989,0.06694415,-5.556e-05,-3.889e-05,-66.03333333,-20.127,n/a,0.033333,-88.956667,-0.009572,21.941378,0.440379,1.044754,0.097427,-65.532783,0.010156,-27.113987,-0.002917,6.687714,0.134227,1.04475,0.097395,-19.974378,
EOSS-345,AE0SS-13,2023-07-29 08:05:42.366,2023-07-29 08:05:41,65700.0,20025.36,-3794.0,386.0,descending,/140541h3911.25N/10344.72WO253/033EOSS Baloon/A=065700!W01!,"AE0SS-13>APTT4,EOSS,qAO,W0ARP-2:/140541h3911.25N/10344.72WO253/033EOSS Baloon/A=065700!W01!",253.0,38.0,61.2,39.1875,-103.74535,4.25,6.84,,,,,,,,-6.778e-05,-3.278e-05,-63.23333333,-19.27366667,n/a,0.093333,-87.967308,-0.005456,22.082045,0.431598,1.120094,0.228891,-61.820289,0.028444,-26.812436,-0.001663,6.730583,0.13155,1.120077,0.228864,-18.842808,
EOSS-345,KC0D-2,2023-07-29 08:05:46.943,2023-07-29 08:05:45,65491.0,19961.66,-3784.0,390.0,descending,/140545h3911.24N/10344.70WO152/007/A=065491 60T589P EOSS Balloon,"KC0D-2>APZEOS,EOSS,WIDE2-1,qAO,AE0SS-1:/140545h3911.24N/10344.70WO152/007/A=065491 60T589P EOSS Balloon",152.0,8.0,12.9,39.1873333333,-103.745,4.25,6.84,42.8,6.0,279.15,5890.0,0.06,0.00014262,0.07350555,-4.444e-05,-3.333e-05,-63.06666667,-19.22266667,n/a,0.005556,-87.045062,-0.005032,22.177167,0.422883,1.08122,0.025038,-61.371911,0.0017,-26.531333,-0.001533,6.759579,0.128894,1.081231,0.025083,-18.70615,
EOSS-345,AE0SS-13,2023-07-29 08:06:12.439,2023-07-29 08:06:11,63961.0,19495.31,-3478.0,416.0,descending,/140611h3911.29N/10344.71WO346/028EOSS Baloon/A=063961!W56!,"AE0SS-13>APTT4,EOSS,qAO,W0ARP-2:/140611h3911.29N/10344.71WO346/028EOSS Baloon/A=063961!W56!",346.0,32.0,51.5,39.18825,-103.7452666667,4.21,6.77,,,,,,,,2.78e-06,2.5e-05,-57.96666667,-17.66833333,n/a,0.17,-86.006548,0.001451,22.445696,0.416037,1.249232,0.40513,-58.192726,0.051811,-26.214798,0.000442,6.841424,0.126807,1.249223,0.405096,-17.737126,
EOSS-345,KC0D-2,2023-07-29 08:06:17.005,2023-07-29 08:06:15,63779.0,19439.84,-3424.0,420.0,descending,/140615h3911.30N/10344.71WO289/009/A=063779 60T641P EOSS Balloon,"KC0D-2>APZEOS,EOSS,WIDE2-1,qAO,AE0SS-1:/140615h3911.30N/10344.71WO289/009/A=063779 60T641P EOSS Balloon",289.0,10.0,16.1,39.1883333333,-103.7451666667,4.2,6.76,42.8,6.0,279.15,6410.0,0.06,0.00015522,0.079995,-5.56e-06,3.333e-05,-57.06666667,-17.394,n/a,0.03,-85.008621,0.00247,22.686912,0.408296,1.231633,0.067427,-57.827231,0.009144,-25.910632,0.000753,6.914944,0.124448,1.231627,0.067426,-17.625731,
EOSS-345,AE0SS-13,2023-07-29 08:06:42.450,2023-07-29 08:06:41,62235.0,18969.23,-3452.0,446.0,descending,/140641h3911.32N/10344.75WO052/023EOSS Baloon/A=062235!W12!,"AE0SS-13>APTT4,EOSS,qAO,W0ARP-2:/140641h3911.32N/10344.75WO052/023EOSS Baloon/A=062235!W12!",52.0,26.0,41.8,39.1886833333,-103.7458666667,4.2,6.77,,,,,,,,-2e-05,1.444e-05,-57.53333333,-17.536,n/a,-0.015556,-84.092778,0.001849,22.849746,0.400952,1.162352,-0.043409,-54.836365,-0.004733,-25.631478,0.000564,6.964583,0.122209,1.162378,-0.043344,-16.714122,
EOSS-345,KC0D-2,2023-07-29 08:06:46.929,2023-07-29 08:06:45,62073.0,18919.85,-3412.0,450.0,descending,/140645h3911.30N/10344.74WO224/008/A=062073 57T699P EOSS Balloon,"KC0D-2>APZEOS,EOSS,WIDE2-1,qAO,AE0SS-1:/140645h3911.30N/10344.74WO224/008/A=062073 57T699P EOSS Balloon",224.0,9.0,14.5,39.1883333333,-103.7456666667,4.22,6.78,42.26,5.7,278.85,6990.0,0.07,0.00016944,0.08732709,-1.667e-05,0.0,-56.86666667,-17.333,n/a,0.022222,-83.214516,0.002528,22.991712,0.393996,1.145972,0.049985,-54.533648,0.006767,-25.363785,0.000771,7.007854,0.120089,1.145969,0.04993,-16.62185,
EOSS-345,AE0SS-13,2023-07-29 08:07:12.585,2023-07-29 08:07:11,60660.0,18489.17,-3150.0,476.0,descending,/140711h3911.29N/10344.74WO316/018EOSS Baloon/A=060660!W89!,"AE0SS-13>APTT4,EOSS,qAO,AE0SS-1:/140711h3911.29N/10344.74WO316/018EOSS Baloon/A=060660!W89!",316.0,21.0,33.8,39.1883,-103.7458166667,4.22,6.8,,,,,,,,1.67e-06,-1.278e-05,-52.5,-16.002,n/a,0.145556,-82.254688,0.007142,23.260423,0.388225,1.279198,0.35653,-51.974949,0.044367,-25.071229,0.002177,7.089758,0.11833,1.279201,0.356545,-15.841967,
EOSS-345,KC0D-2,2023-07-29 08:07:16.967,2023-07-29 08:07:15,60479.0,18434.0,-3188.0,480.0,descending,/140715h3911.30N/10344.72WO107/014/A=060479 56T756P EOSS Balloon,"KC0D-2>APZEOS,EOSS,WIDE2-1,qAO,AE0SS-1:/140715h3911.30N/10344.72WO107/014/A=060479 56T756P EOSS Balloon",107.0,16.0,25.7,39.1883333333,-103.7453333333,4.2,6.77,42.08,5.6,278.75,7560.0,0.07,0.00018333,0.09448206,1.111e-05,0.0,-53.13333333,-16.195,n/a,-0.021111,-81.372222,0.006259,23.448628,0.381944,1.204287,-0.07166,-51.657019,-0.006433,-24.802253,0.001908,7.147125,0.116416,1.204296,-0.071648,-15.745061,
EOSS-345,AE0SS-13,2023-07-29 08:07:42.322,2023-07-29 08:07:41,59158.0,18031.36,-3004.0,506.0,descending,/140741h3911.33N/10344.65WO173/014EOSS Baloon/A=059158!W20!,"AE0SS-13>APTT4,EOSS,qAO,W0ARP-2:/140741h3911.33N/10344.65WO173/014EOSS Baloon/A=059158!W20!",173.0,16.0,25.7,39.1888666667,-103.7441666667,4.14,6.66,,,,,,,,5.5e-05,1.889e-05,-50.06666667,-15.26033333,n/a,0.102222,-80.451471,0.009167,23.706561,0.3763,1.281704,0.247289,-49.39445,0.031156,-24.521608,0.002794,7.225743,0.114695,1.281706,0.247282,-15.055435,
EOSS-345,KC0D-2,2023-07-29 08:07:46.946,2023-07-29 08:07:45,59014.0,17987.47,-2930.0,510.0,descending,/140745h3911.34N/10344.66WO022/019/A=059014 52T815P EOSS Balloon,"KC0D-2>APZEOS,EOSS,WIDE2-1,qAO,AE0SS-1:/140745h3911.34N/10344.66WO022/019/A=059014 52T815P EOSS Balloon",22.0,22.0,35.4,39.189,-103.7443333333,4.14,6.66,41.36,5.2,278.35,8150.0,0.08,0.00019792,0.10200203,3.333e-05,2.222e-05,-48.83333333,-14.88433333,n/a,0.041111,-79.548095,0.010106,23.95902,0.370595,1.281971,0.083663,-49.153341,0.012533,-24.246257,0.003081,7.302696,0.112957,1.281982,0.083678,-14.981947,
EOSS-345,AE0SS-13,2023-07-29 08:08:12.315,2023-07-29 08:08:11,57770.0,17608.3,-2776.0,536.0,descending,/140811h3911.37N/10344.62WO023/017EOSS Baloon/A=057770!W65!,"AE0SS-13>APTT4,EOSS,qAO,W0ARP-2:/140811h3911.37N/10344.62WO023/017EOSS Baloon/A=057770!W65!",23.0,20.0,32.2,39.1896,-103.74375,4.08,6.57,,,,,,,,1.389e-05,2.444e-05,-46.26666667,-14.102,n/a,0.085556,-78.623611,0.012262,24.256995,0.365327,1.333922,0.200626,-47.107718,0.026078,-23.964472,0.003738,7.393522,0.111351,1.333934,0.200627,-14.358446,
EOSS-345,KC0D-2,2023-07-29 08:08:17.009,2023-07-29 08:08:15,57633.0,17566.54,-2762.0,540.0,descending,/140815h3911.36N/10344.63WO222/021/A=057633 51T874P EOSS Balloon,"KC0D-2>APZEOS,EOSS,WIDE2-1,qAO,AE0SS-1:/140815h3911.36N/10344.63WO222/021/A=057633 51T874P EOSS Balloon",222.0,24.0,38.6,39.1893333333,-103.7438333333,4.1,6.6,41.18,5.1,278.25,8740.0,0.09,0.00021232,0.10942554,1.667e-05,1.111e-05,-46.03333333,-14.031,n/a,0.007778,-77.742793,0.012137,24.510475,0.360071,1.293711,-0.012106,-46.886075,0.002367,-23.696,0.0037,7.470782,0.109749,1.293707,-0.012146,-14.290886,
EOSS-345,AE0SS-13,2023-07-29 08:08:42.270,2023-07-29 08:08:41,56421.0,17197.12,-2698.0,566.0,descending,/140841h3911.29N/10344.66WO242/019EOSS Baloon/A=056421!W46!,"AE0SS-13>APTT4,EOSS,qAO,W0ARP-1:/140841h3911.29N/10344.66WO242/019EOSS Baloon/A=056421!W46!",242.0,22.0,35.4,39.1882333333,-103.7444333333,4.18,6.73,,,,,,,,-2.278e-05,-4.556e-05,-44.96666667,-13.706,n/a,0.035556,-76.880263,0.01277,24.754736,0.355056,1.289192,0.064176,-44.95118,0.010833,-23.433105,0.003892,7.545227,0.10822,1.289173,0.064138,-13.701128,
EOSS-345,KC0D-2,2023-07-29 08:08:46.982,2023-07-29 08:08:45,56307.0,17162.37,-2652.0,570.0,descending,/140845h3911.30N/10344.66WO117/012/A=056307 47T937P EOSS Balloon,"KC0D-2>APZEOS,EOSS,WIDE2-1,qAO,AE0SS-1:/140845h3911.30N/10344.66WO117/012/A=056307 47T937P EOSS Balloon",117.0,14.0,22.5,39.1883333333,-103.7443333333,4.17,6.71,40.46,4.7,277.85,9370.0,0.09,0.00022795,0.11748208,-1.667e-05,-3.333e-05,-44.2,-13.47233333,n/a,0.025556,-76.042308,0.013107,24.981099,0.350231,1.274656,0.035545,-44.77136,0.007789,-23.177701,0.003995,7.614217,0.10675,1.274638,0.035541,-13.646315,
EOSS-345,AE0SS-13,2023-07-29 08:09:12.306,2023-07-29 08:09:11,55164.0,16813.99,-2514.0,596.0,descending,/140911h3911.17N/10344.61WO091/023EOSS Baloon/A=055164!W23!,"AE0SS-13>APTT4,EOSS,qAO,W0ARP-2:/140911h3911.17N/10344.61WO091/023EOSS Baloon/A=055164!W23!",91.0,26.0,41.8,39.1862,-103.74355,4.26,6.86,,,,,,,,2.944e-05,-6.778e-05,-41.9,-12.771,n/a,0.076667,-75.18875,0.014737,25.242748,0.345742,1.318745,0.179122,-42.986742,0.023378,-22.917533,0.004492,7.693973,0.105381,1.318764,0.179216,-13.102374,
EOSS-345,KC0D-2,2023-07-29 08:09:17.143,2023-07-29 08:09:15,55043.0,16777.11,-2528.0,600.0,descending,/140915h3911.14N/10344.59WO161/024/A=055043 45T999P EOSS Balloon,"KC0D-2>APZEOS,EOSS*,WIDE2-1,qAO,N6BA-10:/140915h3911.14N/10344.59WO161/024/A=055043 45T999P EOSS Balloon",161.0,28.0,45.1,39.1856666667,-103.7431666667,4.28,6.89,40.1,4.5,277.65,9990.0,0.1,0.00024321,0.12534594,3.889e-05,-8.889e-05,-42.13333333,-12.842,n/a,-0.007778,-74.38252,0.014174,25.454207,0.341299,1.266949,-0.064319,-42.799708,-0.002367,-22.671789,0.00432,7.758434,0.104027,1.266981,-0.064281,-13.045368,
EOSS-345,AE0SS-13,2023-07-29 08:09:42.276,2023-07-29 08:09:41,53947.0,16443.05,-2434.0,626.0,descending,/140941h3911.08N/10344.46WO163/020EOSS Baloon/A=053947!W63!,"AE0SS-13>APTT4,EOSS,qAO,W0ARP-2:/140941h3911.08N/10344.46WO163/020EOSS Baloon/A=053947!W63!",163.0,23.0,37.0,39.1847666667,-103.74105,4.27,6.87,,,,,,,,8.333e-05,-4.778e-05,-40.56666667,-12.36466667,n/a,0.052222,-73.577381,0.015102,25.677622,0.337058,1.285583,0.110129,-41.122298,0.015911,-22.426381,0.004603,7.826533,0.102735,1.28559,0.11007,-12.534094,
EOSS-345,KC0D-2,2023-07-29 08:09:47.185,2023-07-29 08:09:45,53838.0,16409.82,-2410.0,630.0,descending,/140945h3911.10N/10344.46WO047/019/A=053838 41T1063P EOSS Balloon,"KC0D-2>APZEOS,EOSS*,WIDE2-1,qAO,N6BA-10:/140945h3911.10N/10344.46WO047/019/A=053838 41T1063P EOSS Balloon",47.0,22.0,35.4,39.185,-103.741,4.26,6.85,39.38,4.1,277.25,10630.0,0.1,0.00025917,0.13356853,7.222e-05,-2.222e-05,-40.16666667,-12.243,n/a,0.013333,-72.800388,0.01506,25.876662,0.332923,1.261126,-0.005187,-40.957199,0.004056,-22.189558,0.00459,7.887194,0.101474,1.261102,-0.005262,-12.483762,
EOSS-345,AE0SS-13,2023-07-29 08:10:12.307,2023-07-29 08:10:11,52825.0,16101.06,-2244.0,656.0,descending,/141011h3911.10N/10344.33WO147/014EOSS Baloon/A=052825!W98!,"AE0SS-13>APTT4,EOSS,qAO,W0ARP-2:/141011h3911.10N/10344.33WO147/014EOSS Baloon/A=052825!W98!",147.0,16.0,25.7,39.18515,-103.7389666667,4.19,6.74,,,,,,,,6.944e-05,1.278e-05,-37.4,-11.39966667,n/a,0.092222,-71.995833,0.016854,26.124912,0.329146,1.324247,0.22898,-39.439732,0.028111,-21.944333,0.005137,7.962857,0.100323,1.324232,0.229,-12.021241,
EOSS-345,KC0D-2,2023-07-29 08:10:17.188,2023-07-29 08:10:15,52721.0,16069.36,-2234.0,660.0,descending,/141015h3911.11N/10344.35WO341/011/A=052721 38T1126P EOSS Balloon,"KC0D-2>APZEOS,EOSS*,WIDE2-1,qAO,N6BA-10:/141015h3911.11N/10344.35WO341/011/A=052721 38T1126P EOSS Balloon",341.0,13.0,20.9,39.1851666667,-103.7391666667,4.19,6.75,38.84,3.8,276.95,11260.0,0.11,0.00027482,0.1416379,6.111e-05,5.56e-06,-37.23333333,-11.34866667,n/a,0.005556,-71.223333,0.016597,26.341098,0.3253,1.290379,-0.033941,-39.285825,0.0017,-21.708874,0.005059,8.028752,0.099151,1.290388,-0.033878,-11.974329,
EOSS-345,AE0SS-13,2023-07-29 08:10:42.349,2023-07-29 08:10:41,51690.0,15755.11,-2270.0,686.0,descending,/141041h3911.11N/10344.32WO229/019EOSS Baloon/A=051690!W69!,"AE0SS-13>APTT4,EOSS,qAO,W0ARP-2:/141041h3911.11N/10344.32WO229/019EOSS Baloon/A=051690!W69!",229.0,22.0,35.4,39.1852666667,-103.7388166667,4.18,6.72,,,,,,,,5e-06,3.89e-06,-37.83333333,-11.53166667,n/a,-0.02,-70.497464,0.015784,26.507947,0.321629,1.232239,-0.111259,-37.782508,-0.0061,-21.48763,0.004811,8.079606,0.098032,1.232234,-0.1113,-11.516116,
EOSS-345,KC0D-2,2023-07-29 08:10:47.191,2023-07-29 08:10:45,51585.0,15723.11,-2272.0,690.0,descending,/141045h3911.13N/10344.33WO057/013/A=051585 34T1193P EOSS Balloon,"KC0D-2>APZEOS,EOSS*,WIDE2-1,qAO,N6BA-10:/141045h3911.13N/10344.33WO057/013/A=051585 34T1193P EOSS Balloon",57.0,15.0,24.1,39.1855,-103.7388333333,4.16,6.7,38.12,3.4,276.55,11930.0,0.12,0.0002916,0.15028278,1.111e-05,1.111e-05,-37.86666667,-11.54166667,n/a,-0.001111,-69.803191,0.015417,26.646772,0.318045,1.198514,-0.051967,-37.631934,-0.000333,-21.276014,0.004699,8.121923,0.096939,1.198527,-0.051909,-11.470226,
EOSS-345,KC0D-2,2023-07-29 08:11:16.919,2023-07-29 08:11:15,50510.0,15395.45,-2150.0,720.0,descending,/141115h3911.12N/10344.32WO315/013/A=050510 31T1260P EOSS Balloon,"KC0D-2>APZEOS,EOSS,WIDE2-1,qAO,AE0SS-1:/141115h3911.12N/10344.32WO315/013/A=050510 31T1260P EOSS Balloon",315.0,15.0,24.1,39.1853333333,-103.7386666667,4.17,6.71,37.58,3.1,276.25,12600.0,0.12,0.00030831,0.15889517,5.56e-06,-5.56e-06,-35.83333333,-10.922,n/a,0.067778,-69.095486,0.016531,26.81387,0.314662,1.240483,0.162864,-36.12233,0.020656,-21.060306,0.005039,8.172855,0.095908,1.240485,0.162833,-11.010097,
EOSS-345,AE0SS-13,2023-07-29 08:11:42.355,2023-07-29 08:11:41,49534.0,15097.96,-2156.0,746.0,descending,/141141h3911.09N/10344.34WO223/019EOSS Baloon/A=049534!W71!,"AE0SS-13>APTT4,EOSS,qAO,W0ARP-2:/141141h3911.09N/10344.34WO223/019EOSS Baloon/A=049534!W71!",223.0,22.0,35.4,39.18495,-103.7390166667,4.2,6.76,,,,,,,,-3.33e-06,-5.28e-06,-35.93333333,-10.9525,n/a,-0.001667,-68.418707,0.016152,26.952704,0.311307,1.205273,-0.057239,-34.810942,-0.000508,-20.854024,0.004923,8.215172,0.094886,1.205273,-0.057237,-10.610377,
EOSS-345,KC0D-2,2023-07-29 08:11:46.993,2023-07-29 08:11:45,49452.0,15072.97,-2116.0,750.0,descending,/141145h3911.11N/10344.36WO353/005/A=049452 26T1331P EOSS Balloon,"KC0D-2>APZEOS,EOSS,WIDE2-1,qAO,AE0SS-1:/141145h3911.11N/10344.36WO353/005/A=049452 26T1331P EOSS Balloon",353.0,6.0,9.7,39.1851666667,-103.7393333333,4.2,6.75,36.68,2.6,275.75,13310.0,0.13,0.00032627,0.16815314,-2.222e-05,-5.56e-06,-35.26666667,-10.74933333,n/a,0.022222,-67.755667,0.016276,27.085124,0.308049,1.199515,0.019302,-34.703716,0.006772,-20.65193,0.004961,8.255532,0.093893,1.19951,0.019288,-10.577699,
EOSS-345,AE0SS-13,2023-07-29 08:12:12.296,2023-07-29 08:12:11,48536.0,14793.77,-1996.0,776.0,descending,/141211h3911.10N/10344.37WO060/007EOSS Baloon/A=048536!W10!,"AE0SS-13>APTT4,EOSS,qAO,W0ARP-2:/141211h3911.10N/10344.37WO060/007EOSS Baloon/A=048536!W10!",60.0,8.0,12.9,39.1850166667,-103.7395,4.21,6.78,,,,,,,,-1.611e-05,2.22e-06,-33.26666667,-10.13966667,n/a,0.066667,-67.079412,0.017283,27.244361,0.304972,1.241092,0.16193,-33.540824,0.020322,-20.445807,0.005268,8.304068,0.092955,1.241095,0.161949,-10.223244,
EOSS-345,KC0D-2,2023-07-29 08:12:17.208,2023-07-29 08:12:15,48459.0,14770.3,-1986.0,780.0,descending,/141215h3911.09N/10344.37WO208/012/A=048459 24T1398P EOSS Balloon,"KC0D-2>APZEOS,EOSS*,WIDE2-1,qAO,N6BA-10:/141215h3911.09N/10344.37WO208/012/A=048459 24T1398P EOSS Balloon",208.0,14.0,22.5,39.1848333333,-103.7395,4.22,6.79,36.32,2.4,275.55,13980.0,0.14,0.00034294,0.17674584,-5.56e-06,-1.111e-05,-33.1,-10.089,n/a,0.005556,-66.425962,0.017053,27.384394,0.301912,1.216969,-0.038081,-33.446158,0.001689,-20.246638,0.005198,8.346748,0.092022,1.216958,-0.038132,-10.194389,
EOSS-345,AE0SS-13,2023-07-29 08:12:42.615,2023-07-29 08:12:41,47572.0,14499.95,-1928.0,806.0,descending,/141241h3911.09N/10344.45WO266/020EOSS Baloon/A=047572!W18!,"AE0SS-13>APTT4,EOSS,qAO,AE0SS-1:/141241h3911.09N/10344.45WO266/020EOSS Baloon/A=047572!W18!",266.0,23.0,37.0,39.18485,-103.7409666667,4.26,6.86,,,,,,,,-4.889e-05,-5.56e-06,-32.13333333,-9.794,n/a,0.032222,-65.778931,0.017345,27.525846,0.298944,1.222327,0.049765,-32.393328,0.009833,-20.049418,0.005287,8.389869,0.091118,1.222357,0.049891,-9.873494,
EOSS-345,KC0D-2,2023-07-29 08:12:47.026,2023-07-29 08:12:45,47486.0,14473.73,-1946.0,810.0,descending,/141245h3911.11N/10344.47WO358/009/A=047486 18T1468P EOSS Balloon,"KC0D-2>APZEOS,EOSS,WIDE2-1,qAO,AE0SS-1:/141245h3911.11N/10344.47WO358/009/A=047486 18T1468P EOSS Balloon",358.0,10.0,16.1,39.1851666667,-103.7411666667,4.25,6.84,35.24,1.8,274.95,14680.0,0.14,0.0003609,0.18600079,-5.556e-05,1.111e-05,-32.43333333,-9.88566667,n/a,-0.01,-65.16142,0.016829,27.639967,0.29608,1.184086,-0.090614,-32.295096,-0.003056,-19.861201,0.00513,8.424653,0.090245,1.184088,-0.090709,-9.843544,
EOSS-345,AE0SS-13,2023-07-29 08:13:12.363,2023-07-29 08:13:11,46594.0,14201.85,-1956.0,836.0,descending,/141311h3911.07N/10344.54WO273/021EOSS Baloon/A=046594!W64!,"AE0SS-13>APTT4,EOSS,qAO,W0ARP-2:/141311h3911.07N/10344.54WO273/021EOSS Baloon/A=046594!W64!",273.0,24.0,38.6,39.1846,-103.7424,4.32,6.95,,,,,,,,-4.778e-05,-8.33e-06,-32.6,-9.93666667,n/a,-0.005556,-64.569394,0.016415,27.732605,0.293289,1.152773,-0.074912,-31.318986,-0.0017,-19.680755,0.005003,8.452886,0.089394,1.152753,-0.074983,-9.546026,
EOSS-345,KC0D-2,2023-07-29 08:13:16.983,2023-07-29 08:13:15,46515.0,14177.77,-1942.0,840.0,descending,/141315h3911.08N/10344.55WO177/003/A=046515 16T1540P EOSS Balloon,"KC0D-2>APZEOS,EOSS,WIDE2-1,qAO,AE0SS-1:/141315h3911.08N/10344.55WO177/003/A=046515 16T1540P EOSS Balloon",177.0,3.0,4.8,39.1846666667,-103.7425,4.32,6.95,34.88,1.6,274.75,15400.0,0.15,0.00037888,0.19526548,-4.444e-05,-1.667e-05,-32.36666667,-9.86533333,n/a,0.007778,-63.994345,0.016258,27.81424,0.290563,1.137104,-0.029185,-31.236412,0.002378,-19.505479,0.004955,8.477769,0.088563,1.137109,-0.029098,-9.520856,
EOSS-345,AE0SS-13,2023-07-29 08:13:42.300,2023-07-29 08:13:41,45655.0,13915.64,-1878.0,866.0,descending,/141341h3911.00N/10344.62WO163/023EOSS Baloon/A=045655!W91!,"AE0SS-13>APTT4,EOSS,qAO,W0ARP-2:/141341h3911.00N/10344.62WO163/023EOSS Baloon/A=045655!W91!",163.0,26.0,41.8,39.1834833333,-103.7436833333,4.42,7.12,,,,,,,,-4.278e-05,-3.722e-05,-31.3,-9.54033333,n/a,0.035556,-63.42076,0.016602,27.902869,0.287921,1.151163,0.065831,-30.380032,0.010833,-19.330652,0.00506,8.504781,0.087758,1.151155,0.065783,-9.259828,
EOSS-345,KC0D-2,2023-07-29 08:13:47.256,2023-07-29 08:13:45,45593.0,13896.75,-1844.0,870.0,descending,/141345h3910.98N/10344.63WO205/021/A=045593 11T1611P EOSS Balloon,"KC0D-2>APZEOS,EOSS*,WIDE2-1,qAO,N6BA-10:/141345h3910.98N/10344.63WO205/021/A=045593 11T1611P EOSS Balloon",205.0,24.0,38.6,39.183,-103.7438333333,4.45,7.17,33.98,1.1,274.25,16110.0,0.16,0.00039707,0.20464039,-4.444e-05,-5.556e-05,-30.73333333,-9.36733333,n/a,0.018889,-62.857184,0.016642,27.988083,0.285339,1.147769,0.007875,-30.321355,0.005767,-19.158871,0.005073,8.530759,0.086971,1.147792,0.00798,-9.24195,
EOSS-345,AE0SS-13,2023-07-29 08:14:12.228,2023-07-29 08:14:11,44760.0,13642.85,-1790.0,896.0,descending,/141411h3910.87N/10344.65WO216/018EOSS Baloon/A=044760!W72!,"AE0SS-13>APTT4,EOSS,qAO,W0ARP-1:/141411h3910.87N/10344.65WO216/018EOSS Baloon/A=044760!W72!",216.0,21.0,33.8,39.1812833333,-103.7442,4.56,7.34,,,,,,,,-1.722e-05,-7.333e-05,-29.83333333,-9.093,n/a,0.03,-62.297458,0.016873,28.076884,0.28283,1.156258,0.046413,-29.573731,0.009144,-18.988263,0.005143,8.557829,0.086206,1.156282,0.046412,-9.014071,
EOSS-345,KC0D-2,2023-07-29 08:14:16.950,2023-07-29 08:14:15,44700.0,13624.56,-1786.0,900.0,descending,/141415h3910.87N/10344.65WO130/006/A=044700 9T1682P EOSS Balloon,"KC0D-2>APZEOS,EOSS,WIDE2-1,qAO,AE0SS-1:/141415h3910.87N/10344.65WO130/006/A=044700 9T1682P EOSS Balloon",130.0,7.0,11.3,39.1811666667,-103.7441666667,4.57,7.35,33.62,0.9,274.05,16820.0,0.17,0.00041487,0.21381523,-1.111e-05,-6.111e-05,-29.76666667,-9.073,n/a,0.002222,-61.755278,0.016624,28.152935,0.280388,1.136244,-0.051365,-29.522823,0.000667,-18.823008,0.005067,8.581007,0.085462,1.136231,-0.051485,-8.998553,
EOSS-345,AE0SS-13,2023-07-29 08:14:42.242,2023-07-29 08:14:41,43926.0,13388.64,-1668.0,926.0,descending,/141441h3910.77N/10344.57WO103/023EOSS Baloon/A=043926!W68!,"AE0SS-13>APTT4,EOSS,qAO,W0ARP-1:/141441h3910.77N/10344.57WO103/023EOSS Baloon/A=043926!W68!",103.0,26.0,41.8,39.1796,-103.7429666667,4.62,7.44,,,,,,,,4.111e-05,-5.611e-05,-27.8,-8.47366667,n/a,0.065556,-61.198634,0.01744,28.25383,0.278074,1.182092,0.173033,-28.901576,0.019978,-18.653347,0.005316,8.611756,0.084756,1.182068,0.172991,-8.809192,
EOSS-345,KC0D-2,2023-07-29 08:14:46.954,2023-07-29 08:14:45,43870.0,13371.58,-1660.0,930.0,descending,/141445h3910.76N/10344.54WO128/028/A=043870 4T1751P EOSS Balloon,"KC0D-2>APZEOS,EOSS,WIDE2-1,qAO,AE0SS-1:/141445h3910.76N/10344.54WO128/028/A=043870 4T1751P EOSS Balloon",128.0,32.0,51.5,39.1793333333,-103.7423333333,4.62,7.44,32.72,0.4,273.55,17510.0,0.17,0.00043268,0.22299333,6.111e-05,-6.111e-05,-27.66666667,-8.43266667,n/a,0.004444,-60.657796,0.017227,28.343037,0.275752,1.163994,-0.046357,-28.859168,0.001367,-18.488497,0.005251,8.638949,0.084049,1.164011,-0.046211,-8.796273,
EOSS-345,AE0SS-13,2023-07-29 08:15:12.281,2023-07-29 08:15:11,43132.0,13146.63,-1588.0,956.0,descending,/141511h3910.73N/10344.38WO102/026EOSS Baloon/A=043132!W65!,"AE0SS-13>APTT4,EOSS,qAO,W0ARP-2:/141511h3910.73N/10344.38WO102/026EOSS Baloon/A=043132!W65!",102.0,30.0,48.3,39.1789333333,-103.73975,4.58,7.36,,,,,,,,0.00010722,-2.222e-05,-26.46666667,-8.067,n/a,0.04,-60.115079,0.017594,28.441641,0.273497,1.183069,0.081924,-28.331759,0.012189,-18.323077,0.005363,8.669004,0.083361,1.183074,0.081885,-8.635512,
EOSS-345,KC0D-2,2023-07-29 08:15:16.987,2023-07-29 08:15:15,43068.0,13127.13,-1604.0,960.0,descending,/141515h3910.72N/10344.37WO146/011/A=043068 2T1820P EOSS Balloon,"KC0D-2>APZEOS,EOSS,WIDE2-1,qAO,AE0SS-1:/141515h3910.72N/10344.37WO146/011/A=043068 2T1820P EOSS Balloon",146.0,13.0,20.9,39.1786666667,-103.7395,4.58,7.38,32.36,0.2,273.35,18200.0,0.18,0.00045006,0.2319502,9.444e-05,-2.222e-05,-26.73333333,-8.14833333,n/a,-0.008889,-59.59349,0.017174,28.521894,0.271303,1.152103,-0.096066,-28.288737,-0.002711,-18.164096,0.005235,8.693465,0.082693,1.152102,-0.09609,-8.622404,
EOSS-345,AE0SS-13,2023-07-29 08:15:42.209,2023-07-29 08:15:41,42308.0,12895.48,-1648.0,986.0,descending,/141541h3910.73N/10344.24WO170/004EOSS Baloon/A=042308!W07!,"AE0SS-13>APTT4,EOSS,qAO,W0ARP-1:/141541h3910.73N/10344.24WO170/004EOSS Baloon/A=042308!W07!",170.0,5.0,8.0,39.1788333333,-103.73745,4.52,7.28,,,,,,,,7.667e-05,-3.33e-06,-27.46666667,-8.37166667,n/a,-0.024444,-59.099231,0.016523,28.577377,0.269192,1.106909,-0.152185,-27.809813,-0.007444,-18.013444,0.005037,8.71038,0.082049,1.10693,-0.152116,-8.476425,
EOSS-345,KC0D-2,2023-07-29 08:15:46.941,2023-07-29 08:15:45,42249.0,12877.5,-1638.0,990.0,descending,/141545h3910.74N/10344.25WO038/014/A=042249 -2T1893P EOSS Balloon,"KC0D-2>APZEOS,EOSS,WIDE2-1,qAO,AE0SS-1:/141545h3910.74N/10344.25WO038/014/A=042249 -2T1893P EOSS Balloon",38.0,16.0,25.7,39.179,-103.7375,4.51,7.26,31.64,-0.2,272.95,18930.0,0.19,0.0004688,0.24160725,6.667e-05,1.111e-05,-27.3,-8.321,n/a,0.005556,-58.617424,0.016355,28.625573,0.267084,1.094037,-0.040433,-27.775035,0.001689,-17.866588,0.004985,8.725071,0.081407,1.094041,-0.040488,-8.465827,
EOSS-345,AE0SS-13,2023-07-29 08:16:12.380,2023-07-29 08:16:11,41482.0,12643.71,-1652.0,1016.0,descending,/141611h3910.72N/10344.14WO094/012EOSS Baloon/A=041482!W21!,"AE0SS-13>APTT4,EOSS,qAO,KB0TVJ-1:/141611h3910.72N/10344.14WO094/012EOSS Baloon/A=041482!W21!",94.0,14.0,22.5,39.1787,-103.7356833333,4.48,7.22,,,,,,,,5.889e-05,-4.44e-06,-27.53333333,-8.39233333,n/a,-0.007778,-58.153483,0.015989,28.660585,0.265038,1.068371,-0.089674,-27.352613,-0.002378,-17.725182,0.004874,8.73574,0.080783,1.068352,-0.089771,-8.337068,
EOSS-345,KC0D-2,2023-07-29 08:16:16.944,2023-07-29 08:16:15,41419.0,12624.51,-1660.0,1020.0,descending,/141615h3910.71N/10344.11WO126/024/A=041419 -4T1968P EOSS Balloon,"KC0D-2>APZEOS,EOSS,WIDE2-1,qAO,N0RPF-6:/141615h3910.71N/10344.11WO126/024/A=041419 -4T1968P EOSS Balloon",126.0,28.0,45.1,39.1785,-103.7351666667,4.48,7.22,31.28,-0.4,272.75,19680.0,0.19,0.00048773,0.25136383,7.778e-05,-1.667e-05,-27.66666667,-8.433,n/a,-0.004444,-57.705147,0.015684,28.685141,0.263034,1.047179,-0.076522,-27.320271,-0.001356,-17.588532,0.004781,8.743221,0.080172,1.047158,-0.076548,-8.327211,
EOSS-345,AE0SS-13,2023-07-29 08:16:43.319,2023-07-29 08:16:41,40648.0,12389.51,-1668.0,1046.0,descending,/141641h3910.62N/10344.01WO142/019EOSS Baloon/A=040648!W68!,"AE0SS-13>APTT4,EOSS*,qAO,N6BA-10:/141641h3910.62N/10344.01WO142/019EOSS Baloon/A=040648!W68!",142.0,22.0,35.4,39.1771,-103.7336333333,4.53,7.3,,,,,,,,6.833e-05,-5.333e-05,-27.8,-8.47333333,n/a,-0.004444,-57.271739,0.015388,28.700138,0.261075,1.026885,-0.075963,-26.951043,-0.001344,-17.456428,0.00469,8.747794,0.079575,1.026898,-0.075828,-8.214671,
EOSS-345,KC0D-2,2023-07-29 08:16:46.969,2023-07-29 08:16:45,40583.0,12369.7,-1672.0,1050.0,descending,/141645h3910.61N/10344.02WO182/011/A=040583 -8T2047P EOSS Balloon,"KC0D-2>APZEOS,EOSS,WIDE2-1,qAO,AE0SS-1:/141645h3910.61N/10344.02WO182/011/A=040583 -8T2047P EOSS Balloon",182.0,13.0,20.9,39.1768333333,-103.7336666667,4.55,7.32,30.56,-0.8,272.35,20470.0,0.2,0.00050805,0.26183814,5e-05,-5.556e-05,-27.86666667,-8.49366667,n/a,-0.002222,-56.851667,0.015133,28.70736,0.259157,1.009671,-0.066967,-26.922036,-0.000678,-17.328388,0.004613,8.749997,0.078991,1.009683,-0.066982,-8.20583,
EOSS-345,AE0SS-13,2023-07-29 08:17:12.260,2023-07-29 08:17:11,39795.0,12129.52,-1706.0,1076.0,descending,/141711h3910.51N/10343.92WO153/006EOSS Baloon/A=039795!W72!,"AE0SS-13>APTT4,EOSS,qAO,W0ARP-1:/141711h3910.51N/10343.92WO153/006EOSS Baloon/A=039795!W72!",153.0,7.0,11.3,39.1752833333,-103.7320333333,4.61,7.42,,,,,,,,5.333e-05,-6.056e-05,-28.43333333,-8.66633333,n/a,-0.018889,-56.451408,0.014647,28.700421,0.257305,0.976225,-0.130336,-26.593603,-0.005756,-17.206387,0.004465,8.747884,0.078426,0.976242,-0.130327,-8.105725,
EOSS-345,KC0D-2,2023-07-29 08:17:16.988,2023-07-29 08:17:15,39731.0,12110.01,-1704.0,1080.0,descending,/141715h3910.51N/10343.90WO123/021/A=039731 -9T2129P EOSS Balloon,"KC0D-2>APZEOS,EOSS,WIDE2-1,qAO,AE0SS-1:/141715h3910.51N/10343.90WO123/021/A=039731 -9T2129P EOSS Balloon",123.0,24.0,38.6,39.1751666667,-103.7316666667,4.61,7.42,30.38,-0.9,272.25,21290.0,0.21,0.0005286,0.27242705,6.667e-05,-5.556e-05,-28.4,-8.65633333,n/a,0.001111,-56.061806,0.014456,28.688699,0.255465,0.964206,-0.052238,-26.568664,0.000333,-17.087637,0.004406,8.744311,0.077865,0.964204,-0.052308,-8.098123,
EOSS-345,AE0SS-13,2023-07-29 08:17:42.401,2023-07-29 08:17:41,38955.0,11873.48,-1680.0,1106.0,descending,/141741h3910.37N/10343.74WO132/038EOSS Baloon/A=038955!W00!,"AE0SS-13>APTT4,EOSS,qAO,W0ARP-2:/141741h3910.37N/10343.74WO132/038EOSS Baloon/A=038955!W00!",132.0,44.0,70.8,39.1728333333,-103.729,4.7,7.57,,,,,,,,0.00010111,-8.167e-05,-28.0,-8.53466667,n/a,0.013333,-55.677397,0.014441,28.677474,0.25366,0.965127,-0.004368,-26.283743,0.004056,-16.970473,0.004401,8.740886,0.077315,0.965097,-0.004462,-8.011277,
EOSS-345,KC0D-2,2023-07-29 08:17:47.024,2023-07-29 08:17:45,38898.0,11856.11,-1666.0,1110.0,descending,/141745h3910.34N/10343.72WO147/029/A=038898 -13T2214P EOSS Balloon,"KC0D-2>APZEOS,EOSS,WIDE2-1,qAO,AE0SS-1:/141745h3910.34N/10343.72WO147/029/A=038898 -13T2214P EOSS Balloon",147.0,33.0,53.1,39.1723333333,-103.7286666667,4.73,7.61,29.66,-1.3,271.85,22140.0,0.22,0.00055051,0.28372051,0.0001,-9.444e-05,-27.76666667,-8.46333333,n/a,0.007778,-55.300225,0.014349,28.664594,0.251893,0.960542,-0.026086,-26.263948,0.002378,-16.855511,0.004374,8.73696,0.076777,0.960537,-0.025997,-8.005246,
EOSS-345,AE0SS-13,2023-07-29 08:18:12.390,2023-07-29 08:18:11,38145.0,11626.6,-1620.0,1136.0,descending,/141811h3910.21N/10343.49WO147/025EOSS Baloon/A=038145!W13!,"AE0SS-13>APTT4,EOSS*,qAO,N6BA-10:/141811h3910.21N/10343.49WO147/025EOSS Baloon/A=038145!W13!",147.0,29.0,46.7,39.1701833333,-103.7248833333,4.8,7.73,,,,,,,,0.00013722,-8.833e-05,-27.0,-8.22933333,n/a,0.025556,-54.922889,0.014501,28.657183,0.250165,0.974377,0.044191,-26.013832,0.0078,-16.740496,0.00442,8.734705,0.07625,0.974408,0.044328,-7.929012,
EOSS-345,KC0D-2,2023-07-29 08:18:17.018,2023-07-29 08:18:15,38092.0,11610.44,-1612.0,1140.0,descending,/141815h3910.20N/10343.47WO108/025/A=038092 -14T2298P EOSS Balloon,"KC0D-2>APZEOS,EOSS,WIDE2-1,qAO,AE0SS-1:/141815h3910.20N/10343.47WO108/025/A=038092 -14T2298P EOSS Balloon",108.0,29.0,46.7,39.17,-103.7245,4.81,7.74,29.48,-1.4,271.75,22980.0,0.23,0.00057161,0.29459334,0.00013889,-7.778e-05,-26.86666667,-8.189,n/a,0.004444,-54.553728,0.014367,28.646843,0.248472,0.966496,-0.039936,-25.9969,0.001344,-16.627976,0.004379,8.731552,0.075734,0.966492,-0.040074,-7.92385,
EOSS-345,AE0SS-13,2023-07-29 08:18:42.283,2023-07-29 08:18:41,37360.0,11387.33,-1570.0,1166.0,descending,/141841h3910.08N/10343.22WO100/028EOSS Baloon/A=037360!W80!,"AE0SS-13>APTT4,EOSS,qAO,W0ARP-2:/141841h3910.08N/10343.22WO100/028EOSS Baloon/A=037360!W80!",100.0,32.0,51.5,39.1681333333,-103.7203333333,4.87,7.83,,,,,,,,0.00015167,-6.833e-05,-26.16666667,-7.97566667,n/a,0.023333,-54.185065,0.014485,28.641036,0.246812,0.978261,0.035849,-25.76914,0.007111,-16.515608,0.004415,8.729782,0.075228,0.978254,0.035838,-7.854431,
EOSS-345,KC0D-2,2023-07-29 08:18:46.938,2023-07-29 08:18:45,37303.0,11369.95,-1578.0,1170.0,descending,/141845h3910.07N/10343.17WO122/040/A=037303 -17T2382P EOSS Balloon,"KC0D-2>APZEOS,EOSS,WIDE2-1,qAO,AE0SS-1:/141845h3910.07N/10343.17WO122/040/A=037303 -17T2382P EOSS Balloon",122.0,46.0,74.0,39.1678333333,-103.7195,4.88,7.85,28.94,-1.7,271.45,23820.0,0.24,0.00059315,0.30569924,0.00016667,-7.222e-05,-26.3,-8.01633333,n/a,-0.004444,-53.827564,0.014239,28.629085,0.245192,0.961524,-0.076197,-25.751755,-0.001356,-16.406643,0.00434,8.726138,0.074734,0.961515,-0.076217,-7.84913,
EOSS-345,AE0SS-13,2023-07-29 08:19:12.342,2023-07-29 08:19:11,36586.0,11151.41,-1548.0,1196.0,descending,/141911h3909.99N/10342.95WO098/032EOSS Baloon/A=036586!W85!,"AE0SS-13>APTT4,EOSS,qAO,W0ARP-2:/141911h3909.99N/10342.95WO098/032EOSS Baloon/A=036586!W85!",98.0,37.0,59.5,39.1666333333,-103.7159166667,4.91,7.91,,,,,,,,0.00014722,-5e-05,-25.8,-7.864,n/a,0.016667,-53.472785,0.01427,28.619226,0.243595,0.96693,0.00984,-25.534659,0.005078,-16.298508,0.00435,8.723131,0.074247,0.966913,0.009805,-7.782961,
EOSS-345,KC0D-2,2023-07-29 08:19:16.957,2023-07-29 08:19:15,36531.0,11134.65,-1544.0,1200.0,descending,/141915h3909.99N/10342.90WO107/042/A=036531 -18T2467P EOSS Balloon,"KC0D-2>APZEOS,EOSS,WIDE2-1,qAO,AE0SS-1:/141915h3909.99N/10342.90WO107/042/A=036531 -18T2467P EOSS Balloon",107.0,48.0,77.2,39.1665,-103.715,4.91,7.9,28.76,-1.8,271.35,24670.0,0.24,0.00061455,0.31672458,0.00015,-4.444e-05,-25.73333333,-7.84333333,n/a,0.002222,-53.126042,0.014117,28.606131,0.242033,0.957582,-0.049146,-25.518017,0.000689,-16.192819,0.004303,8.719142,0.073771,0.957604,-0.048989,-7.77789,
EOSS-345,AE0SS-13,2023-07-29 08:19:42.410,2023-07-29 08:19:41,35802.0,10912.45,-1568.0,1226.0,descending,/141941h3909.85N/10342.56WO133/033EOSS Baloon/A=035802!W67!,"AE0SS-13>APTT4,EOSS,qAO,W0ARP-2:/141941h3909.85N/10342.56WO133/033EOSS Baloon/A=035802!W67!",133.0,38.0,61.2,39.1642666667,-103.70945,5.01,8.07,,,,,,,,0.00021556,-7.889e-05,-26.13333333,-7.96533333,n/a,-0.013333,-52.792798,0.013774,28.584559,0.240515,0.932653,-0.112704,-25.29496,-0.004067,-16.091245,0.004199,8.712568,0.073309,0.932666,-0.112756,-7.709903,
EOSS-345,KC0D-2,2023-07-29 08:19:46.999,2023-07-29 08:19:45,35749.0,10896.3,-1564.0,1230.0,descending,/141945h3909.84N/10342.53WO108/028/A=035749 -21T2555P EOSS Balloon,"KC0D-2>APZEOS,EOSS,WIDE2-1,qAO,AE0SS-1:/141945h3909.84N/10342.53WO108/028/A=035749 -21T2555P EOSS Balloon",108.0,32.0,51.5,39.164,-103.7088333333,5.03,8.09,28.22,-2.1,271.05,25550.0,0.25,0.00063717,0.32838548,0.00020556,-8.333e-05,-26.06666667,-7.945,n/a,0.002222,-52.46687,0.013632,28.56047,0.239011,0.924362,-0.047738,-25.278465,0.000678,-15.9919,0.004155,8.705227,0.07285,0.924376,-0.047728,-7.704877,
EOSS-345,AE0SS-13,2023-07-29 08:20:12.407,2023-07-29 08:20:11,35057.0,10685.37,-1490.0,1256.0,descending,/142011h3909.78N/10342.24WO098/042EOSS Baloon/A=035057!W39!,"AE0SS-13>APTT4,EOSS*,qAO,N6BA-10:/142011h3909.78N/10342.24WO098/042EOSS Baloon/A=035057!W39!",98.0,48.0,77.2,39.16305,-103.70415,5.07,8.15,,,,,,,,0.00017667,-4.056e-05,-24.83333333,-7.56933333,n/a,0.041111,-52.133936,0.013967,28.547382,0.23755,0.956326,0.114266,-25.057607,0.012522,-15.890424,0.004257,8.701237,0.072405,0.956311,0.11415,-7.637558,
EOSS-345,KC0D-2,2023-07-29 08:20:17.003,2023-07-29 08:20:15,35006.0,10669.83,-1486.0,1260.0,descending,/142015h3909.77N/10342.18WO100/053/A=035006 -21T2641P EOSS Balloon,"KC0D-2>APZEOS,EOSS,WIDE2-1,qAO,N0RPF-6:/142015h3909.77N/10342.18WO100/053/A=035006 -21T2641P EOSS Balloon",100.0,61.0,98.2,39.1628333333,-103.703,5.08,8.17,28.22,-2.1,271.05,26410.0,0.26,0.00065862,0.33943876,0.00019444,-3.889e-05,-24.76666667,-7.549,n/a,0.002222,-51.808135,0.013825,28.531572,0.236101,0.947774,-0.049144,-25.040852,0.000678,-15.791121,0.004214,8.696416,0.071963,0.947761,-0.049136,-7.632453,
EOSS-345,AE0SS-13,2023-07-29 08:20:42.358,2023-07-29 08:20:41,34348.0,10469.27,-1418.0,1286.0,descending,/142041h3909.68N/10341.91WO099/029EOSS Baloon/A=034348!W11!,"AE0SS-13>APTT4,EOSS,qAO,W0ARP-2:/142041h3909.68N/10341.91WO099/029EOSS Baloon/A=034348!W11!",99.0,33.0,53.1,39.16135,-103.6985166667,5.17,8.32,,,,,,,,0.00018778,-5.667e-05,-23.63333333,-7.20333333,n/a,0.037778,-51.476667,0.01411,28.525402,0.234689,0.976089,0.100848,-24.817366,0.011522,-15.690088,0.004301,8.694537,0.071533,0.976102,0.100946,-7.564335,
EOSS-345,KC0D-2,2023-07-29 08:20:46.942,2023-07-29 08:20:45,34312.0,10458.3,-1388.0,1290.0,descending,/142045h3909.68N/10341.86WO101/036/A=034312 -24T2725P EOSS Balloon,"KC0D-2>APZEOS,EOSS,WIDE2-1,qAO,N0RPF-6:/142045h3909.68N/10341.86WO101/036/A=034312 -24T2725P EOSS Balloon",101.0,41.0,66.0,39.1613333333,-103.6976666667,5.17,8.32,27.68,-2.4,270.75,27250.0,0.27,0.00068032,0.35062307,0.00017778,-5e-05,-23.13333333,-7.051,n/a,0.016667,-51.147093,0.014141,28.52134,0.233288,0.982203,0.010828,-24.804711,0.005078,-15.589634,0.00431,8.6933,0.071106,0.982209,0.010801,-7.560479,
EOSS-345,KC0D-2,2023-07-29 08:21:16.994,2023-07-29 08:21:15,33623.0,10248.29,-1378.0,1320.0,descending,/142115h3909.54N/10341.55WO128/030/A=033623 -24T2809P EOSS Balloon,"KC0D-2>APZEOS,EOSS,WIDE2-1,qAO,AE0SS-1:/142115h3909.54N/10341.55WO128/030/A=033623 -24T2809P EOSS Balloon",128.0,35.0,56.3,39.159,-103.6925,5.34,8.59,27.68,-2.4,270.75,28090.0,0.28,0.00070129,0.36143127,0.00017222,-7.778e-05,-22.96666667,-7.00033333,n/a,0.005556,-50.82318,0.014041,28.515538,0.231913,0.976889,-0.036587,-24.552786,0.001689,-15.490906,0.00428,8.69153,0.070687,0.976879,-0.036655,-7.483693,
EOSS-345,AE0SS-13,2023-07-29 08:21:42.413,2023-07-29 08:21:41,32993.0,10056.27,-1355.0,1346.0,descending,/142141h3909.48N/10341.32WO102/027EOSS Baloon/A=032993!W34!,"AE0SS-13>APTT4,EOSS,qAO,W0ARP-2:/142141h3909.48N/10341.32WO102/027EOSS Baloon/A=032993!W34!",102.0,31.0,49.9,39.15805,-103.6887333333,5.41,8.71,,,,,,,,0.00016306,-5.5e-05,-22.58333333,-6.88333333,n/a,0.006389,-50.502273,0.013953,28.510558,0.230563,0.979249,-0.032807,-24.304878,0.00195,-15.393093,0.004253,8.690013,0.070275,0.979257,-0.032771,-7.408133,
EOSS-345,KC0D-2,2023-07-29 08:21:46.971,2023-07-29 08:21:45,32953.0,10044.07,-1340.0,1350.0,descending,/142145h3909.48N/10341.28WO094/029/A=032953 -26T2893P EOSS Balloon,"KC0D-2>APZEOS,EOSS,WIDE2-1,qAO,N0RPF-6:/142145h3909.48N/10341.28WO094/029/A=032953 -26T2893P EOSS Balloon",94.0,33.0,53.1,39.158,-103.688,5.42,8.72,27.32,-2.6,270.55,28930.0,0.29,0.0007228,0.37251464,0.00015,-3.333e-05,-22.33333333,-6.80733333,n/a,0.008333,-50.185768,0.013889,28.504922,0.229234,0.97711,-0.024237,-24.288538,0.002533,-15.296624,0.004233,8.688294,0.06987,0.977095,-0.024331,-7.40315,
EOSS-345,AE0SS-13,2023-07-29 08:22:12.413,2023-07-29 08:22:11,32317.0,9850.22,-1352.0,1376.0,descending,/142211h3909.40N/10340.97WO108/035EOSS Baloon/A=032317!W70!,"AE0SS-13>APTT4,EOSS*,qAO,N6BA-10:/142211h3909.40N/10340.97WO108/035EOSS Baloon/A=032317!W70!",108.0,40.0,64.4,39.1567833333,-103.6828333333,5.53,8.91,,,,,,,,0.00019667,-4.222e-05,-22.53333333,-6.86833333,n/a,-0.006667,-49.878519,0.013658,28.49381,0.227939,0.959689,-0.089169,-24.018835,-0.002033,-15.202976,0.004163,8.684905,0.069475,0.95967,-0.089183,-7.320946,
EOSS-345,KC0D-2,2023-07-29 08:22:16.931,2023-07-29 08:22:15,32265.0,9834.37,-1376.0,1380.0,descending,/142215h3909.41N/10340.92WO092/035/A=032265 -25T2981P EOSS Balloon,"KC0D-2>APZEOS,EOSS,WIDE2-1,qAO,AE0SS-1:/142215h3909.41N/10340.92WO092/035/A=032265 -25T2981P EOSS Balloon",92.0,40.0,64.4,39.1568333333,-103.682,5.54,8.91,27.5,-2.5,270.65,29810.0,0.29,0.00074451,0.38370406,0.0002,-3.889e-05,-22.93333333,-6.99,n/a,-0.013333,-49.582418,0.013358,28.475509,0.226672,0.93586,-0.117752,-23.995957,-0.004056,-15.112723,0.004072,8.679328,0.069089,0.93587,-0.117645,-7.313973,
EOSS-345,AE0SS-13,2023-07-29 08:22:42.405,2023-07-29 08:22:41,31602.0,9632.29,-1430.0,1406.0,descending,/142241h3909.35N/10340.64WO097/035EOSS Baloon/A=031602!W30!,"AE0SS-13>APTT4,EOSS,qAO,W0ARP-2:/142241h3909.35N/10340.64WO097/035EOSS Baloon/A=031602!W30!",97.0,40.0,64.4,39.1558833333,-103.6773333333,5.64,9.08,,,,,,,,0.00018333,-3e-05,-23.83333333,-7.26433333,n/a,-0.03,-49.302536,0.012882,28.445576,0.225455,0.895366,-0.190202,-23.693423,-0.009144,-15.027415,0.003926,8.670205,0.068718,0.895375,-0.190198,-7.221763,
EOSS-345,KC0D-2,2023-07-29 08:22:46.926,2023-07-29 08:22:45,31573.0,9623.45,-1384.0,1410.0,descending,/142245h3909.34N/10340.59WO112/036/A=031573 -27T3072P EOSS Balloon,"KC0D-2>APZEOS,EOSS,WIDE2-1,qAO,AE0SS-1:/142245h3909.34N/10340.59WO112/036/A=031573 -27T3072P EOSS Balloon",112.0,41.0,66.0,39.1556666667,-103.6765,5.67,9.12,27.14,-2.7,270.45,30720.0,0.3,0.0007678,0.39570968,0.00018333,-3.889e-05,-23.06666667,-7.03066667,n/a,0.025556,-49.02043,0.013019,28.421066,0.224217,0.913188,0.055915,-23.679739,0.007789,-14.941428,0.003968,8.662735,0.068341,0.913194,0.055911,-7.217591,
EOSS-345,AE0SS-13,2023-07-29 08:23:12.297,2023-07-29 08:23:11,30929.0,9427.16,-1346.0,1436.0,descending,/142311h3909.25N/10340.36WO105/029EOSS Baloon/A=030929!W60!,"AE0SS-13>APTT4,EOSS,qAO,W0ARP-1:/142311h3909.25N/10340.36WO105/029EOSS Baloon/A=030929!W60!",105.0,33.0,53.1,39.1542666667,-103.6726666667,5.8,9.34,,,,,,,,0.00015556,-5.389e-05,-22.43333333,-6.83766667,n/a,0.021111,-48.737589,0.013106,28.400552,0.222997,0.926188,0.035897,-23.366607,0.006433,-14.855218,0.003995,8.656483,0.067969,0.92619,0.035869,-7.12215,
EOSS-345,KC0D-2,2023-07-29 08:23:16.993,2023-07-29 08:23:15,30893.0,9416.19,-1360.0,1440.0,descending,/142315h3909.24N/10340.32WO121/032/A=030893 -26T3163P EOSS Balloon,"KC0D-2>APZEOS,EOSS,WIDE2-1,qAO,N0RPF-6:/142315h3909.24N/10340.32WO121/032/A=030893 -26T3163P EOSS Balloon",121.0,37.0,59.5,39.154,-103.672,5.83,9.38,27.32,-2.6,270.55,31630.0,0.31,0.00079026,0.40728096,0.00015,-5.556e-05,-22.66666667,-6.90866667,n/a,-0.007778,-48.463158,0.012884,28.375434,0.221805,0.909114,-0.093154,-23.3486,-0.002367,-14.77157,0.003927,8.648828,0.067606,0.909129,-0.093098,-7.116663,
EOSS-345,AE0SS-13,2023-07-29 08:23:42.303,2023-07-29 08:23:41,30260.0,9223.25,-1338.0,1466.0,descending,/142341h3909.15N/10340.15WO097/023EOSS Baloon/A=030260!W35!,"AE0SS-13>APTT4,EOSS,qAO,W0ARP-2:/142341h3909.15N/10340.15WO097/023EOSS Baloon/A=030260!W35!",97.0,26.0,41.8,39.15255,-103.66925,5.96,9.59,,,,,,,,0.00011389,-5.722e-05,-22.3,-6.797,n/a,0.012222,-48.190625,0.012877,28.351723,0.220622,0.913194,-0.002969,-23.024114,0.003722,-14.688502,0.003925,8.641601,0.067245,0.913199,-0.003019,-7.01776,
EOSS-345,KC0D-2,2023-07-29 08:23:46.898,2023-07-29 08:23:45,30224.0,9212.28,-1338.0,1470.0,descending,/142345h3909.15N/10340.11WO107/029/A=030224 -28T3255P EOSS Balloon,"KC0D-2>APZEOS,EOSS,WIDE2-1,qAO,AE0SS-1:/142345h3909.15N/10340.11WO107/029/A=030224 -28T3255P EOSS Balloon",107.0,33.0,53.1,39.1525,-103.6685,5.97,9.62,26.96,-2.8,270.35,32550.0,0.32,0.00081384,0.41943732,0.00011667,-5e-05,-22.3,-6.797,n/a,0.0,-47.923711,0.012743,28.325918,0.219462,0.904603,-0.058065,-23.005242,0.0,-14.607146,0.003884,8.633736,0.066892,0.904608,-0.058064,-7.012009,
EOSS-345,AE0SS-13,2023-07-29 08:24:12.406,2023-07-29 08:24:11,29597.0,9021.17,-1326.0,1496.0,descending,/142411h3909.04N/10339.88WO128/022EOSS Baloon/A=029597!W20!,"AE0SS-13>APTT4,EOSS,qAO,KB0TVJ-1:/142411h3909.04N/10339.88WO128/022EOSS Baloon/A=029597!W20!",128.0,25.0,40.2,39.1507,-103.6646666667,6.15,9.9,,,,,,,,0.00015278,-6.167e-05,-22.1,-6.736,n/a,0.006667,-47.660204,0.01268,28.300011,0.218317,0.903187,-0.027543,-22.670441,0.002033,-14.526828,0.003865,8.625841,0.066542,0.903196,-0.027531,-6.909962,
EOSS-345,KC0D-2,2023-07-29 08:24:16.958,2023-07-29 08:24:15,29562.0,9010.5,-1324.0,1500.0,descending,/142415h3909.02N/10339.86WO134/021/A=029562 -26T3347P EOSS Balloon,"KC0D-2>APZEOS,EOSS,WIDE2-1,qAO,N0RPF-6:/142415h3909.02N/10339.86WO134/021/A=029562 -26T3347P EOSS Balloon",134.0,24.0,38.6,39.1503333333,-103.6643333333,6.18,9.94,27.32,-2.6,270.55,33470.0,0.33,0.00083623,0.43097356,0.00013889,-7.222e-05,-22.06666667,-6.726,n/a,0.001111,-47.401684,0.012562,28.272508,0.217192,0.896101,-0.052723,-22.651448,0.000333,-14.448032,0.003829,8.617457,0.0662,0.896092,-0.05281,-6.904172,
EOSS-345,AE0SS-13,2023-07-29 08:24:42.411,2023-07-29 08:24:41,28921.0,8815.12,-1352.0,1526.0,descending,/142441h3908.98N/10339.66WO120/027EOSS Baloon/A=028921!W86!,"AE0SS-13>APTT4,EOSS,qAO,KB0TVJ-1:/142441h3908.98N/10339.66WO120/027EOSS Baloon/A=028921!W86!",120.0,31.0,49.9,39.1498,-103.6611,6.26,10.08,,,,,,,,0.00011889,-3e-05,-22.53333333,-6.86833333,n/a,-0.015556,-47.153,0.012278,28.239068,0.216099,0.87183,-0.128802,-22.299347,-0.004744,-14.372235,0.003742,8.607263,0.065867,0.87181,-0.128835,-6.79685,
EOSS-345,KC0D-2,2023-07-29 08:24:47.020,2023-07-29 08:24:45,28885.0,8804.15,-1354.0,1530.0,descending,/142445h3908.97N/10339.64WO131/020/A=028885 -27T3444P EOSS Balloon,"KC0D-2>APZEOS,EOSS,WIDE2-1,qAO,N0RPF-6:/142445h3908.97N/10339.64WO131/020/A=028885 -27T3444P EOSS Balloon",131.0,23.0,37.0,39.1495,-103.6606666667,6.29,10.12,27.14,-2.7,270.45,34440.0,0.34,0.00086078,0.44362765,0.00012222,-2.778e-05,-22.56666667,-6.87833333,n/a,-0.001111,-46.909571,0.012144,28.203822,0.215009,0.863107,-0.061649,-22.27938,-0.000333,-14.298038,0.003702,8.59652,0.065534,0.863106,-0.061571,-6.790765,
EOSS-345,AE0SS-13,2023-07-29 08:25:12.526,2023-07-29 08:25:11,28252.0,8611.21,-1338.0,1556.0,descending,/142511h3908.94N/10339.46WO115/029EOSS Baloon/A=028252!W67!,"AE0SS-13>APTT4,EOSS*,qAO,N6BA-10:/142511h3908.94N/10339.46WO115/029EOSS Baloon/A=028252!W67!",115.0,33.0,53.1,39.1491,-103.6577833333,6.37,10.25,,,,,,,,0.00011056,-2.333e-05,-22.3,-6.797,n/a,0.008889,-46.668301,0.012112,28.169439,0.213932,0.865062,-0.015066,-21.926562,0.002711,-14.224498,0.003692,8.58604,0.065206,0.865067,-0.015045,-6.683225,
EOSS-345,KC0D-2,2023-07-29 08:25:17.189,2023-07-29 08:25:15,28213.0,8599.32,-1344.0,1560.0,descending,/142515h3908.93N/10339.45WO131/019/A=028213 -26T3543P EOSS Balloon,"KC0D-2>APZEOS,EOSS,WIDE2-1,qAO,N0RPF-6:/142515h3908.93N/10339.45WO131/019/A=028213 -26T3543P EOSS Balloon",131.0,22.0,35.4,39.1488333333,-103.6575,6.39,10.28,27.32,-2.6,270.55,35430.0,0.35,0.0008852,0.45621133,0.00010556,-2.222e-05,-22.4,-6.82766667,n/a,-0.003333,-46.432686,0.011961,28.132823,0.212875,0.854258,-0.071845,-21.904774,-0.001022,-14.152684,0.003646,8.574878,0.064884,0.854242,-0.071944,-6.676583,
EOSS-345,AE0SS-13,2023-07-29 08:25:42.301,2023-07-29 08:25:41,27592.0,8410.04,-1320.0,1586.0,descending,/142541h3908.91N/10339.29WO091/022EOSS Baloon/A=027592!W31!,"AE0SS-13>APTT4,EOSS,qAO,W0ARP-2:/142541h3908.91N/10339.29WO091/022EOSS Baloon/A=027592!W31!",91.0,25.0,40.2,39.14855,-103.65485,6.46,10.39,,,,,,,,9.778e-05,-1.833e-05,-22.0,-6.70566667,n/a,0.013333,-46.197756,0.011974,28.09825,0.211829,0.861184,0.006416,-21.558735,0.004067,-14.081079,0.00365,8.56434,0.064565,0.861177,0.006459,-6.57111,
EOSS-345,KC0D-2,2023-07-29 08:25:46.994,2023-07-29 08:25:45,27552.0,8397.85,-1322.0,1590.0,descending,/142545h3908.90N/10339.26WO125/018/A=027552 -26T3641P EOSS Balloon,"KC0D-2>APZEOS,EOSS,WIDE2-1,qAO,AE0SS-1:/142545h3908.90N/10339.26WO125/018/A=027552 -26T3641P EOSS Balloon",125.0,21.0,33.8,39.1483333333,-103.6543333333,6.48,10.43,27.32,-2.6,270.55,36410.0,0.36,0.00090968,0.46883021,0.00010556,-1.667e-05,-22.03333333,-6.71566667,n/a,-0.001111,-45.967619,0.011848,28.062097,0.210802,0.852904,-0.061475,-21.536564,-0.000333,-14.010932,0.003611,8.553322,0.064252,0.852916,-0.061383,-6.564353,
EOSS-345,AE0SS-13,2023-07-29 08:26:12.413,2023-07-29 08:26:11,26942.0,8211.92,-1300.0,1616.0,descending,/142611h3908.88N/10339.16WO076/019EOSS Baloon/A=026942!W41!,"AE0SS-13>APTT4,EOSS,qAO,KB0TVJ-1:/142611h3908.88N/10339.16WO076/019EOSS Baloon/A=026942!W41!",76.0,22.0,35.4,39.1480666667,-103.6526833333,6.53,10.51,,,,,,,,7.222e-05,-1.611e-05,-21.66666667,-6.604,n/a,0.012222,-45.738365,0.011852,28.027711,0.209786,0.858854,0.001764,-21.20187,0.003722,-13.941055,0.003612,8.542841,0.063943,0.858854,0.00172,-6.462337,
EOSS-345,KC0D-2,2023-07-29 08:26:16.917,2023-07-29 08:26:15,26911.0,8202.47,-1282.0,1620.0,descending,/142615h3908.89N/10339.13WO084/020/A=026911 -24T3739P EOSS Balloon,"KC0D-2>APZEOS,EOSS,WIDE2-1,qAO,AE0SS-1:/142615h3908.89N/10339.13WO084/020/A=026911 -24T3739P EOSS Balloon",84.0,23.0,37.0,39.1481666667,-103.6521666667,6.53,10.51,27.68,-2.4,270.75,37390.0,0.37,0.00093348,0.48109346,7.222e-05,-5.56e-06,-21.36666667,-6.51266667,n/a,0.01,-45.510592,0.011834,27.994516,0.208785,0.862452,-0.008784,-21.185077,0.003044,-13.871631,0.003607,8.532722,0.063637,0.86244,-0.008847,-6.457218,
EOSS-345,AE0SS-13,2023-07-29 08:26:42.643,2023-07-29 08:26:41,26309.0,8018.98,-1266.0,1646.0,descending,/142641h3908.83N/10338.95WO126/013EOSS Baloon/A=026309!W49!,"AE0SS-13>APTT4,EOSS,qAO,N0RPF-6:/142641h3908.83N/10338.95WO126/013EOSS Baloon/A=026309!W49!",126.0,15.0,24.1,39.1472333333,-103.6493166667,6.65,10.7,,,,,,,,0.00011222,-2.778e-05,-21.1,-6.43133333,n/a,0.008889,-45.284568,0.011807,27.962226,0.207798,0.864901,-0.014042,-20.864656,0.002711,-13.802739,0.003599,8.52288,0.063336,0.864896,-0.01402,-6.359553,
EOSS-345,KC0D-2,2023-07-29 08:26:46.974,2023-07-29 08:26:45,26271.0,8007.4,-1280.0,1650.0,descending,/142645h3908.83N/10338.94WO093/016/A=026271 -24T3838P EOSS Balloon,"KC0D-2>APZEOS,EOSS,WIDE2-1,qAO,AE0SS-1:/142645h3908.83N/10338.94WO093/016/A=026271 -24T3838P EOSS Balloon",93.0,18.0,29.0,39.1471666667,-103.649,6.66,10.72,27.68,-2.4,270.75,38380.0,0.38,0.00095819,0.49383169,0.00010556,-3.333e-05,-21.33333333,-6.50233333,n/a,-0.007778,-45.064832,0.011626,27.926857,0.206834,0.849773,-0.093814,-20.844845,-0.002367,-13.735763,0.003544,8.5121,0.063042,0.849782,-0.093763,-6.353515,
EOSS-345,AE0SS-13,2023-07-29 08:27:12.433,2023-07-29 08:27:11,25695.0,7831.84,-1228.0,1676.0,descending,/142711h3908.78N/10338.74WO093/010EOSS Baloon/A=025695!W47!,"AE0SS-13>APTT4,EOSS,qAO,W0ARP-2:/142711h3908.78N/10338.74WO093/010EOSS Baloon/A=025695!W47!",93.0,12.0,19.3,39.1464,-103.6457833333,6.78,10.9,,,,,,,,0.00011778,-2.778e-05,-20.46666667,-6.238,n/a,0.028889,-44.841212,0.011784,27.897219,0.20588,0.873727,0.083082,-20.551909,0.008811,-13.667602,0.003592,8.503068,0.062752,0.873755,0.083169,-6.26423,
EOSS-345,KC0D-2,2023-07-29 08:27:16.933,2023-07-29 08:27:15,25659.0,7820.86,-1224.0,1680.0,descending,/142715h3908.79N/10338.73WO075/017/A=025659 -21T3937P EOSS Balloon,"KC0D-2>APZEOS,EOSS,WIDE2-1,qAO,AE0SS-1:/142715h3908.79N/10338.73WO075/017/A=025659 -21T3937P EOSS Balloon",75.0,20.0,32.2,39.1465,-103.6455,6.77,10.9,28.22,-2.1,271.05,39370.0,0.39,0.00098182,0.50600925,0.00011667,-2.222e-05,-20.4,-6.218,n/a,0.002222,-44.621021,0.011697,27.866854,0.204936,0.86917,-0.046234,-20.534101,0.000667,-13.600488,0.003565,8.493812,0.062464,0.869161,-0.046395,-6.258799,
EOSS-345,AE0SS-13,2023-07-29 08:27:42.446,2023-07-29 08:27:41,25075.0,7642.86,-1240.0,1706.0,descending,/142741h3908.76N/10338.55WO132/013EOSS Baloon/A=025075!W42!,"AE0SS-13>APTT4,EOSS,qAO,W0ARP-2:/142741h3908.76N/10338.55WO132/013EOSS Baloon/A=025075!W42!",132.0,15.0,24.1,39.1460666667,-103.6425333333,6.87,11.05,,,,,,,,0.00010833,-1.111e-05,-20.66666667,-6.29933333,n/a,-0.008889,-44.407143,0.011512,27.833232,0.204012,0.852954,-0.099999,-20.254632,-0.002711,-13.535299,0.003509,8.483563,0.062182,0.852939,-0.100029,-6.173617,
EOSS-345,KC0D-2,2023-07-29 08:27:46.932,2023-07-29 08:27:45,25044.0,7633.41,-1230.0,1710.0,descending,/142745h3908.76N/10338.54WO112/011/A=025044 -21T4037P EOSS Balloon,"KC0D-2>APZEOS,EOSS,WIDE2-1,qAO,AE0SS-1:/142745h3908.76N/10338.54WO112/011/A=025044 -21T4037P EOSS Balloon",112.0,13.0,20.9,39.146,-103.6423333333,6.88,11.07,28.22,-2.1,271.05,40370.0,0.4,0.00100676,0.51886191,0.00010556,-1.667e-05,-20.5,-6.24833333,n/a,0.005556,-44.195575,0.011458,27.799818,0.203091,0.852364,-0.029061,-20.240324,0.0017,-13.470813,0.003493,8.47338,0.061902,0.852373,-0.028965,-6.169256,
EOSS-345,AE0SS-13,2023-07-29 08:28:12.547,2023-07-29 08:28:11,24472.0,7459.07,-1206.0,1736.0,descending,/142811h3908.71N/10338.33WO123/023EOSS Baloon/A=024472!W99!,"AE0SS-13>APTT4,EOSS,qAO,KB0TVJ-1:/142811h3908.71N/10338.33WO123/023EOSS Baloon/A=024472!W99!",123.0,26.0,41.8,39.1453166667,-103.6389833333,7.0,11.26,,,,,,,,0.00011833,-2.5e-05,-20.1,-6.12633333,n/a,0.013333,-43.984211,0.011475,27.768393,0.202183,0.860122,0.00919,-19.986807,0.004067,-13.406387,0.003498,8.463802,0.061625,0.86014,0.009233,-6.091985,
EOSS-345,KC0D-2,2023-07-29 08:28:16.983,2023-07-29 08:28:15,24436.0,7448.09,-1216.0,1740.0,descending,/142815h3908.71N/10338.33WO124/013/A=024436 -18T4137P EOSS Balloon,"KC0D-2>APZEOS,EOSS,WIDE2-1,qAO,AE0SS-1:/142815h3908.71N/10338.33WO124/013/A=024436 -18T4137P EOSS Balloon",124.0,15.0,24.1,39.1451666667,-103.6388333333,7.01,11.28,28.76,-1.8,271.35,41370.0,0.41,0.00103056,0.53112671,0.00011667,-2.778e-05,-20.26666667,-6.17733333,n/a,-0.005556,-43.777971,0.011326,27.734658,0.201292,0.847723,-0.083868,-19.971544,-0.0017,-13.343526,0.003452,8.45352,0.061354,0.847717,-0.083972,-6.08733,
EOSS-345,AE0SS-13,2023-07-29 08:28:42.241,2023-07-29 08:28:41,23858.0,7271.92,-1228.0,1766.0,descending,/142841h3908.69N/10338.13WO113/026EOSS Baloon/A=023858!W37!,"AE0SS-13>APTT4,EOSS,qAO,W0ARP-1:/142841h3908.69N/10338.13WO113/026EOSS Baloon/A=023858!W37!",113.0,30.0,48.3,39.1448833333,-103.6356166667,7.1,11.43,,,,,,,,0.00011222,-1.444e-05,-20.46666667,-6.23833333,n/a,-0.006667,-43.577011,0.011169,27.698503,0.200415,0.834354,-0.088995,-19.73845,-0.002033,-13.282274,0.003404,8.442499,0.061086,0.834343,-0.089006,-6.016284,
EOSS-345,KC0D-2,2023-07-29 08:28:47.015,2023-07-29 08:28:45,23825.0,7261.86,-1222.0,1770.0,descending,/142845h3908.68N/10338.11WO119/023/A=023825 -17T4242P EOSS Balloon,"KC0D-2>APZEOS,EOSS,WIDE2-1,qAO,AE0SS-1:/142845h3908.68N/10338.11WO119/023/A=023825 -17T4242P EOSS Balloon",119.0,26.0,41.8,39.1446666667,-103.6351666667,7.13,11.47,28.94,-1.7,271.45,42420.0,0.42,0.00105632,0.54440646,0.00012222,-1.667e-05,-20.36666667,-6.20766667,n/a,0.003333,-43.378632,0.011102,27.662207,0.199543,0.831892,-0.038934,-19.725839,0.001022,-13.221808,0.003384,8.431436,0.06082,0.831904,-0.038836,-6.012439,
EOSS-345,AE0SS-13,2023-07-29 08:29:12.379,2023-07-29 08:29:11,23238.0,7082.94,-1240.0,1796.0,descending,/142911h3908.66N/10337.96WO076/021EOSS Baloon/A=023238!W20!,"AE0SS-13>APTT4,EOSS,qAO,W0ARP-2:/142911h3908.66N/10337.96WO076/021EOSS Baloon/A=023238!W20!",76.0,24.0,38.6,39.1443666667,-103.6326666667,7.21,11.6,,,,,,,,9.833e-05,-1.722e-05,-20.66666667,-6.29933333,n/a,-0.01,-43.186158,0.010921,27.62298,0.19869,0.815245,-0.105295,-19.51452,-0.003056,-13.163143,0.003329,8.419479,0.06056,0.81523,-0.105433,-5.948027,
EOSS-345,KC0D-2,2023-07-29 08:29:16.932,2023-07-29 08:29:15,23206.0,7073.19,-1238.0,1800.0,descending,/142915h3908.66N/10337.93WO111/022/A=023206 -14T4348P EOSS Balloon,"KC0D-2>APZEOS,EOSS,WIDE2-1,qAO,N0RPF-6:/142915h3908.66N/10337.93WO111/022/A=023206 -14T4348P EOSS Balloon",111.0,25.0,40.2,39.1443333333,-103.6321666667,7.22,11.63,29.48,-1.4,271.75,43480.0,0.43,0.00108152,0.55739418,0.0001,-1.111e-05,-20.63333333,-6.289,n/a,0.001111,-42.996639,0.010838,27.583271,0.197841,0.810756,-0.049166,-19.503716,0.000344,-13.105377,0.003303,8.407376,0.060302,0.810762,-0.04907,-5.944735,
EOSS-345,AE0SS-13,2023-07-29 08:29:42.378,2023-07-29 08:29:41,22634.0,6898.84,-1208.0,1826.0,descending,/142941h3908.62N/10337.81WO089/018EOSS Baloon/A=022634!W81!,"AE0SS-13>APTT4,EOSS,qAO,W0ARP-2:/142941h3908.62N/10337.81WO089/018EOSS Baloon/A=022634!W81!",89.0,21.0,33.8,39.1438,-103.6301833333,7.31,11.76,,,,,,,,8.278e-05,-1.889e-05,-20.13333333,-6.13666667,n/a,0.016667,-42.806111,0.010887,27.546313,0.197002,0.823078,0.02934,-19.323143,0.005078,-13.047304,0.003318,8.396111,0.060046,0.823076,0.029311,-5.889694,
EOSS-345,KC0D-2,2023-07-29 08:29:46.968,2023-07-29 08:29:45,22604.0,6889.7,-1204.0,1830.0,descending,/142945h3908.62N/10337.78WO108/019/A=022604 -13T4455P EOSS Balloon,"KC0D-2>APZEOS,EOSS,WIDE2-1,qAO,N0RPF-6:/142945h3908.62N/10337.78WO108/019/A=022604 -13T4455P EOSS Balloon",108.0,22.0,35.4,39.1436666667,-103.6296666667,7.33,11.8,29.66,-1.3,271.85,44550.0,0.44,0.00110773,0.57090102,8.333e-05,-2.222e-05,-20.06666667,-6.11633333,n/a,0.002222,-42.618182,0.010815,27.509079,0.196174,0.819784,-0.043803,-19.314325,0.000678,-12.990023,0.003296,8.384762,0.059793,0.819784,-0.043784,-5.887008,
EOSS-345,AE0SS-13,2023-07-29 08:30:12.251,2023-07-29 08:30:11,22040.0,6717.79,-1188.0,1856.0,descending,/143011h3908.60N/10337.69WO101/015EOSS Baloon/A=022040!W01!,"AE0SS-13>APTT4,EOSS,qAO,W0ARP-1:/143011h3908.60N/10337.69WO101/015EOSS Baloon/A=022040!W01!",101.0,17.0,27.4,39.1433333333,-103.6281833333,7.39,11.89,,,,,,,,6.667e-05,-1.556e-05,-19.8,-6.035,n/a,0.008889,-42.431148,0.010799,27.472952,0.195355,0.823761,-0.009777,-19.160403,0.002711,-12.933015,0.003292,8.373751,0.059544,0.823766,-0.009757,-5.840091,
EOSS-345,KC0D-2,2023-07-29 08:30:16.995,2023-07-29 08:30:15,22012.0,6709.26,-1184.0,1860.0,descending,/143015h3908.59N/10337.67WO128/017/A=022012 -9T4561P EOSS Balloon,"KC0D-2>APZEOS,EOSS,WIDE2-1,qAO,AE0SS-1:/143015h3908.59N/10337.67WO128/017/A=022012 -9T4561P EOSS Balloon",128.0,20.0,32.2,39.1431666667,-103.6278333333,7.41,11.92,30.38,-0.9,272.25,45610.0,0.45,0.00113242,0.583626,6.111e-05,-1.667e-05,-19.73333333,-6.01466667,n/a,0.002222,-42.246612,0.010729,27.436564,0.194548,0.820558,-0.043727,-19.153336,0.000678,-12.876768,0.00327,8.362661,0.059298,0.820564,-0.043711,-5.837938,
EOSS-345,AE0SS-13,2023-07-29 08:30:42.282,2023-07-29 08:30:41,21453.0,6538.87,-1174.0,1886.0,descending,/143041h3908.53N/10337.61WO054/004EOSS Baloon/A=021453!W87!,"AE0SS-13>APTT4,EOSS,qAO,W0ARP-2:/143041h3908.53N/10337.61WO054/004EOSS Baloon/A=021453!W87!",54.0,5.0,8.0,39.1423,-103.62695,7.48,12.04,,,,,,,,4.111e-05,-3.444e-05,-19.56666667,-5.964,n/a,0.005556,-42.06371,0.010687,27.400607,0.193749,0.821042,-0.026483,-19.023012,0.001689,-12.82102,0.003257,8.3517,0.059054,0.821033,-0.026552,-5.798213,
EOSS-345,KC0D-2,2023-07-29 08:30:46.924,2023-07-29 08:30:45,21431.0,6532.17,-1162.0,1890.0,descending,/143045h3908.54N/10337.61WO076/007/A=021431 -8T4668P EOSS Balloon,"KC0D-2>APZEOS,EOSS,WIDE2-1,qAO,AE0SS-1:/143045h3908.54N/10337.61WO076/007/A=021431 -8T4668P EOSS Balloon",76.0,8.0,12.9,39.1423333333,-103.6268333333,7.48,12.05,30.56,-0.8,272.35,46680.0,0.46,0.00115856,0.59709841,3.333e-05,-2.778e-05,-19.36666667,-5.903,n/a,0.006667,-41.882133,0.010654,27.365301,0.19296,0.822774,-0.020662,-19.018286,0.002033,-12.765676,0.003247,8.340939,0.058814,0.82277,-0.020641,-5.796774,
EOSS-345,KC0D-2,2023-07-29 08:31:16.996,2023-07-29 08:31:15,20840.0,6352.03,-1182.0,1920.0,descending,/143115h3908.52N/10337.52WO092/013/A=020840 -4T4780P EOSS Balloon,"KC0D-2>APZEOS,EOSS,WIDE2-1,qAO,N0RPF-6:/143115h3908.52N/10337.52WO092/013/A=020840 -4T4780P EOSS Balloon",92.0,15.0,24.1,39.142,-103.6253333333,7.55,12.14,31.28,-0.4,272.75,47800.0,0.47,0.00118462,0.610528,5e-05,-1.111e-05,-19.7,-6.00466667,n/a,-0.011111,-41.706085,0.01048,27.327165,0.192191,0.805282,-0.112341,-18.901731,-0.003389,-12.712017,0.003194,8.329314,0.058579,0.80527,-0.112378,-5.761247,
EOSS-345,AE0SS-13,2023-07-29 08:31:42.327,2023-07-29 08:31:41,20285.0,6182.87,-1168.0,1946.0,descending,/143141h3908.47N/10337.45WO070/010EOSS Baloon/A=020285!W63!,"AE0SS-13>APTT4,EOSS,qAO,W0ARP-2:/143141h3908.47N/10337.45WO070/010EOSS Baloon/A=020285!W63!",70.0,12.0,19.3,39.1412666667,-103.6242166667,7.62,12.26,,,,,,,,4.556e-05,-1.722e-05,-19.46666667,-5.93333333,n/a,0.003889,-41.530971,0.010428,27.289954,0.191421,0.808514,-0.03416,-18.808203,0.001189,-12.658642,0.003178,8.317973,0.058345,0.808527,-0.03409,-5.73274,
EOSS-345,KC0D-2,2023-07-29 08:31:46.995,2023-07-29 08:31:45,20265.0,6176.77,-1150.0,1950.0,descending,/143145h3908.48N/10337.44WO106/014/A=020265 -2T4888P EOSS Balloon,"KC0D-2>APZEOS,EOSS,WIDE2-1,qAO,AE0SS-1:/143145h3908.48N/10337.44WO106/014/A=020265 -2T4888P EOSS Balloon",106.0,16.0,25.7,39.1413333333,-103.624,7.62,12.27,31.64,-0.2,272.95,48880.0,0.48,0.0012105,0.62386489,4.444e-05,-2.222e-05,-19.16666667,-5.842,n/a,0.01,-41.35625,0.010424,27.254083,0.19066,0.814175,-0.002224,-18.805073,0.003044,-12.605387,0.003177,8.30704,0.058113,0.814175,-0.002289,-5.731785,
EOSS-345,AE0SS-13,2023-07-29 08:32:12.406,2023-07-29 08:32:11,19730.0,6013.7,-1110.0,1976.0,descending,/143211h3908.44N/10337.38WO051/008EOSS Baloon/A=019730!W18!,"AE0SS-13>APTT4,EOSS,qAO,W0ARP-2:/143211h3908.44N/10337.38WO051/008EOSS Baloon/A=019730!W18!",51.0,9.0,14.5,39.1406833333,-103.6231333333,7.68,12.37,,,,,,,,3.611e-05,-1.944e-05,-18.5,-5.639,n/a,0.022222,-41.17907,0.010517,27.221897,0.189911,0.833119,0.061634,-18.726244,0.006767,-12.551384,0.003205,8.297228,0.057884,0.833096,0.061537,-5.707758,
EOSS-345,KC0D-2,2023-07-29 08:32:16.937,2023-07-29 08:32:15,19714.0,6008.83,-1102.0,1980.0,descending,/143215h3908.44N/10337.37WO088/011/A=019714 1T4996P EOSS Balloon,"KC0D-2>APZEOS,EOSS,WIDE2-1,qAO,N0RPF-6:/143215h3908.44N/10337.37WO088/011/A=019714 1T4996P EOSS Balloon",88.0,13.0,20.9,39.1406666667,-103.6228333333,7.69,12.38,32.18,0.1,273.25,49960.0,0.49,0.00123589,0.63694907,3.889e-05,-2.222e-05,-18.36666667,-5.598,n/a,0.004444,-41.00359,0.010469,27.189895,0.189168,0.832549,-0.03185,-18.724009,0.001367,-12.497896,0.003191,8.287475,0.057658,0.832569,-0.031635,-5.707078,
EOSS-345,AE0SS-13,2023-07-29 08:32:42.385,2023-07-29 08:32:41,19195.0,5850.64,-1070.0,2006.0,descending,/143241h3908.37N/10337.30WO165/013EOSS Baloon/A=019195!W18!,"AE0SS-13>APTT4,EOSS,qAO,W0ARP-2:/143241h3908.37N/10337.30WO165/013EOSS Baloon/A=019195!W18!",165.0,15.0,24.1,39.1395166667,-103.6218,7.79,12.54,,,,,,,,4.444e-05,-3.889e-05,-17.83333333,-5.43533333,n/a,0.017778,-40.826718,0.010526,27.160664,0.188435,0.846569,0.038485,-18.654015,0.005422,-12.443983,0.003208,8.278567,0.057435,0.846602,0.038548,-5.685744,
EOSS-345,KC0D-2,2023-07-29 08:32:46.876,2023-07-29 08:32:45,19180.0,5846.06,-1068.0,2010.0,descending,/143245h3908.36N/10337.31WO170/010/A=019180 3T5101P EOSS Balloon,"KC0D-2>APZEOS,EOSS,WIDE2-1,qAO,N0RPF-6:/143245h3908.36N/10337.31WO170/010/A=019180 3T5101P EOSS Balloon",170.0,12.0,19.3,39.1393333333,-103.6218333333,7.8,12.55,32.54,0.3,273.45,51010.0,0.5,0.00126094,0.64986006,3.333e-05,-4.444e-05,-17.8,-5.42566667,n/a,0.001111,-40.652273,0.010454,27.130928,0.18771,0.842296,-0.049774,-18.652042,0.000322,-12.390814,0.003186,8.269502,0.057214,0.842269,-0.050058,-5.685141,
EOSS-345,AE0SS-13,2023-07-29 08:33:12.315,2023-07-29 08:33:11,18651.0,5684.82,-1088.0,2036.0,descending,/143311h3908.29N/10337.20WO122/016EOSS Baloon/A=018651!W91!,"AE0SS-13>APTT4,EOSS,qAO,W0ARP-2:/143311h3908.29N/10337.20WO122/016EOSS Baloon/A=018651!W91!",122.0,18.0,29.0,39.1383166667,-103.6200166667,7.91,12.73,,,,,,,,5.944e-05,-4e-05,-18.13333333,-5.52733333,n/a,-0.011111,-40.482957,0.01029,27.098407,0.187002,0.824758,-0.114443,-18.582719,-0.003389,-12.339209,0.003136,8.259588,0.056998,0.824723,-0.114478,-5.664012,
EOSS-345,KC0D-2,2023-07-29 08:33:16.869,2023-07-29 08:33:15,18636.0,5680.25,-1088.0,2040.0,descending,/143315h3908.28N/10337.19WO152/019/A=018636 7T5210P EOSS Balloon,"KC0D-2>APZEOS,EOSS,WIDE2-1,qAO,AE0SS-1:/143315h3908.28N/10337.19WO152/019/A=018636 7T5210P EOSS Balloon",152.0,22.0,35.4,39.138,-103.6198333333,7.93,12.77,33.26,0.7,273.85,52100.0,0.51,0.001286,0.662777,6.667e-05,-4.444e-05,-18.13333333,-5.527,n/a,0.0,-40.316169,0.010213,27.065293,0.186294,0.819604,-0.054822,-18.580737,1.1e-05,-12.288372,0.003113,8.249495,0.056782,0.81961,-0.05463,-5.663408,
EOSS-345,AE0SS-13,2023-07-29 08:33:42.270,2023-07-29 08:33:41,18099.0,5516.58,-1104.0,2066.0,descending,/143341h3908.20N/10337.16WO108/003EOSS Baloon/A=018099!W62!,"AE0SS-13>APTT4,EOSS,qAO,W0ARP-2:/143341h3908.20N/10337.16WO108/003EOSS Baloon/A=018099!W62!",108.0,3.0,4.8,39.1367666667,-103.6193666667,8.02,12.91,,,,,,,,2.167e-05,-5.167e-05,-18.4,-5.608,n/a,-0.008889,-40.153827,0.010071,27.030008,0.1856,0.804803,-0.102155,-18.507437,-0.0027,-12.238888,0.00307,8.238742,0.056571,0.804842,-0.101996,-5.641068,
EOSS-345,KC0D-2,2023-07-29 08:33:46.965,2023-07-29 08:33:45,18082.0,5511.39,-1108.0,2070.0,descending,/143345h3908.21N/10337.15WO107/009/A=018082 9T5323P EOSS Balloon,"KC0D-2>APZEOS,EOSS,WIDE2-1,qAO,N0RPF-6:/143345h3908.21N/10337.15WO107/009/A=018082 9T5323P EOSS Balloon",107.0,10.0,16.1,39.1368333333,-103.6191666667,8.02,12.91,33.62,0.9,274.05,53230.0,0.53,0.00131293,0.67665783,2.222e-05,-3.889e-05,-18.46666667,-5.62866667,n/a,-0.002222,-39.994363,0.009979,26.993845,0.184909,0.797504,-0.065984,-18.505014,-0.000689,-12.190283,0.003042,8.22772,0.05636,0.797501,-0.066199,-5.640328,
EOSS-345,AE0SS-13,2023-07-29 08:34:12.308,2023-07-29 08:34:11,17548.0,5348.63,-1102.0,2096.0,descending,/143411h3908.13N/10337.10WO205/010EOSS Baloon/A=017548!W81!,"AE0SS-13>APTT4,EOSS,qAO,W0ARP-2:/143411h3908.13N/10337.10WO205/010EOSS Baloon/A=017548!W81!",205.0,12.0,19.3,39.1356333333,-103.61835,8.11,13.06,,,,,,,,3.389e-05,-3.778e-05,-18.36666667,-5.59833333,n/a,0.003333,-39.836496,0.009931,26.957821,0.184224,0.796423,-0.035815,-18.423973,0.001011,-12.142167,0.003027,8.216739,0.056151,0.796403,-0.035903,-5.615628,
EOSS-345,KC0D-2,2023-07-29 08:34:16.943,2023-07-29 08:34:15,17538.0,5345.58,-1088.0,2100.0,descending,/143415h3908.13N/10337.11WO207/007/A=017538 14T5436P EOSS Balloon,"KC0D-2>APZEOS,EOSS,WIDE2-1,qAO,AE0SS-1:/143415h3908.13N/10337.11WO207/007/A=017538 14T5436P EOSS Balloon",207.0,8.0,12.9,39.1355,-103.6185,8.12,13.06,34.52,1.4,274.55,54360.0,0.54,0.00133836,0.68976388,2.222e-05,-4.444e-05,-18.13333333,-5.527,n/a,0.007778,-39.679227,0.009915,26.922719,0.183546,0.800287,-0.011643,-18.422348,0.002378,-12.094231,0.003022,8.20604,0.055944,0.800292,-0.011512,-5.615132,
EOSS-345,AE0SS-13,2023-07-29 08:34:42.311,2023-07-29 08:34:41,17017.0,5186.78,-1062.0,2126.0,descending,/143441h3908.12N/10337.08WO091/010EOSS Baloon/A=017017!W42!,"AE0SS-13>APTT4,EOSS,qAO,W0ARP-2:/143441h3908.12N/10337.08WO091/010EOSS Baloon/A=017017!W42!",91.0,12.0,19.3,39.1354,-103.6180333333,8.14,13.1,,,,,,,,1.056e-05,-7.78e-06,-17.7,-5.395,n/a,0.014444,-39.521103,0.009948,26.889697,0.182875,0.811504,0.024585,-18.330739,0.0044,-12.046035,0.003032,8.195975,0.05574,0.8115,0.024543,-5.58721,
EOSS-345,KC0D-2,2023-07-29 08:34:46.944,2023-07-29 08:34:45,17007.0,5183.73,-1062.0,2130.0,descending,/143445h3908.12N/10337.07WO125/013/A=017007 16T5547P EOSS Balloon,"KC0D-2>APZEOS,EOSS,WIDE2-1,qAO,N0RPF-6:/143445h3908.12N/10337.07WO125/013/A=017007 16T5547P EOSS Balloon",125.0,15.0,24.1,39.1353333333,-103.6178333333,8.15,13.11,34.88,1.6,274.75,55470.0,0.55,0.0013647,0.70333611,2.222e-05,-5.56e-06,-17.7,-5.395,n/a,0.0,-39.365238,0.009876,26.856194,0.182213,0.806713,-0.0542,-18.328833,0.0,-11.998527,0.00301,8.185762,0.055538,0.806709,-0.054197,-5.586629,
EOSS-345,AE0SS-13,2023-07-29 08:35:12.396,2023-07-29 08:35:11,16501.0,5029.5,-1032.0,2156.0,descending,/143511h3908.06N/10337.03WO282/004EOSS Baloon/A=016501!W69!,"AE0SS-13>APTT4,EOSS,qAO,W0ARP-2:/143511h3908.06N/10337.03WO282/004EOSS Baloon/A=016501!W69!",282.0,5.0,8.0,39.1344333333,-103.6173166667,8.21,13.22,,,,,,,,2.389e-05,-3.222e-05,-17.2,-5.24266667,n/a,0.016667,-39.208038,0.009925,26.825132,0.181557,0.820426,0.037134,-18.223881,0.005078,-11.950613,0.003025,8.176294,0.055338,0.820414,0.037099,-5.55464,
EOSS-345,KC0D-2,2023-07-29 08:35:16.728,2023-07-29 08:35:15,16491.0,5026.46,-1032.0,2160.0,descending,/143515h3908.07N/10337.04WO035/004/A=016491 21T5656P EOSS Balloon,"KC0D-2>APZEOS,EOSS*,WIDE2-1,qAO,N6BA-10:/143515h3908.07N/10337.04WO035/004/A=016491 21T5656P EOSS Balloon",35.0,5.0,8.0,39.1345,-103.6173333333,8.21,13.21,35.78,2.1,275.25,56560.0,0.56,0.00138899,0.71585411,1.667e-05,-2.778e-05,-17.2,-5.24233333,n/a,0.0,-39.053052,0.009854,26.793566,0.18091,0.815608,-0.054469,-18.221627,1.1e-05,-11.903372,0.003004,8.166674,0.055141,0.815637,-0.054279,-5.553955,
EOSS-345,AE0SS-13,2023-07-29 08:35:42.354,2023-07-29 08:35:41,15980.0,4870.7,-1042.0,2186.0,descending,/143541h3908.05N/10336.99WO261/005EOSS Baloon/A=015980!W54!,"AE0SS-13>APTT4,EOSS,qAO,W0ARP-2:/143541h3908.05N/10336.99WO261/005EOSS Baloon/A=015980!W54!",261.0,6.0,9.7,39.13425,-103.6165666667,8.25,13.27,,,,,,,,2.5e-05,-6.11e-06,-17.36666667,-5.29333333,n/a,-0.005556,-38.901399,0.009746,26.760575,0.180272,0.804719,-0.084883,-18.096133,-0.0017,-11.857148,0.00297,8.156619,0.054946,0.804722,-0.084993,-5.515703,
EOSS-345,KC0D-2,2023-07-29 08:35:46.789,2023-07-29 08:35:45,15969.0,4867.35,-1044.0,2190.0,descending,/143545h3908.06N/10337.00WO016/004/A=015969 24T5769P EOSS Balloon,"KC0D-2>APZEOS,EOSS*,WIDE2-1,qAO,N6BA-10:/143545h3908.06N/10337.00WO016/004/A=015969 24T5769P EOSS Balloon",16.0,5.0,8.0,39.1343333333,-103.6166666667,8.24,13.26,36.32,2.4,275.55,57690.0,0.57,0.00141519,0.72936106,2.222e-05,-5.56e-06,-17.4,-5.30366667,n/a,-0.001111,-38.752083,0.00967,26.726971,0.179638,0.798896,-0.060015,-18.093198,-0.000344,-11.811638,0.002947,8.146376,0.054753,0.798879,-0.060106,-5.514809,
EOSS-345,AE0SS-13,2023-07-29 08:36:12.267,2023-07-29 08:36:11,15455.0,4710.68,-1050.0,2216.0,descending,/143611h3908.05N/10336.95WO275/001EOSS Baloon/A=015455!W27!,"AE0SS-13>APTT4,EOSS,qAO,W0ARP-1:/143611h3908.05N/10336.95WO275/001EOSS Baloon/A=015455!W27!",275.0,1.0,1.6,39.1342,-103.61595,8.27,13.3,,,,,,,,2.056e-05,-1.67e-06,-17.5,-5.334,n/a,-0.003333,-38.605517,0.009579,26.692418,0.179012,0.790693,-0.072129,-17.94438,-0.001011,-11.766964,0.00292,8.135844,0.054563,0.790694,-0.072045,-5.469449,
EOSS-345,KC0D-2,2023-07-29 08:36:16.788,2023-07-29 08:36:15,15439.0,4705.81,-1060.0,2220.0,descending,/143615h3908.05N/10336.96WO190/003/A=015439 29T5886P EOSS Balloon,"KC0D-2>APZEOS,EOSS*,WIDE2-1,qAO,N6BA-10:/143615h3908.05N/10336.96WO190/003/A=015439 29T5886P EOSS Balloon",190.0,3.0,4.8,39.1341666667,-103.616,8.27,13.3,37.22,2.9,276.05,58860.0,0.58,0.00144128,0.74280523,2.222e-05,-5.56e-06,-17.66666667,-5.38466667,n/a,-0.005556,-38.4621,0.009475,26.656603,0.178394,0.780123,-0.084257,-17.939369,-0.001689,-11.72325,0.002888,8.124928,0.054374,0.78014,-0.084176,-5.467924,
EOSS-345,AE0SS-13,2023-07-29 08:36:42.229,2023-07-29 08:36:41,14956.0,4558.59,-998.0,2246.0,descending,/143641h3908.08N/10336.94WO042/012EOSS Baloon/A=014956!W70!,"AE0SS-13>APTT4,EOSS,qAO,W0ARP-1:/143641h3908.08N/10336.94WO042/012EOSS Baloon/A=014956!W70!",42.0,14.0,22.5,39.1347833333,-103.6156666667,8.24,13.26,,,,,,,,9.44e-06,1.944e-05,-16.63333333,-5.06966667,n/a,0.034444,-38.313605,0.009646,26.626096,0.17779,0.814249,0.139479,-17.777043,0.0105,-11.677988,0.00294,8.115631,0.05419,0.814271,0.139509,-5.418447,
EOSS-345,KC0D-2,2023-07-29 08:36:46.859,2023-07-29 08:36:45,14951.0,4557.06,-976.0,2250.0,descending,/143645h3908.09N/10336.92WO075/012/A=014951 32T5994P EOSS Balloon,"KC0D-2>APZEOS,EOSS*,WIDE2-1,qAO,N6BA-10:/143645h3908.09N/10336.92WO075/012/A=014951 32T5994P EOSS Balloon",75.0,14.0,22.5,39.1348333333,-103.6153333333,8.25,13.27,37.76,3.2,276.35,59940.0,0.59,0.00146613,0.75561352,2.222e-05,2.222e-05,-16.26666667,-4.95833333,n/a,0.012222,-38.16464,0.009664,26.597189,0.17718,0.823319,0.014437,-17.77525,0.003711,-11.632584,0.002945,8.106818,0.054004,0.823289,0.014184,-5.417898,
EOSS-345,AE0SS-13,2023-07-29 08:37:12.337,2023-07-29 08:37:11,14457.0,4406.49,-998.0,2276.0,descending,/143711h3908.07N/10336.87WO265/001EOSS Baloon/A=014457!W91!,"AE0SS-13>APTT4,EOSS,qAO,W0ARP-2:/143711h3908.07N/10336.87WO265/001EOSS Baloon/A=014457!W91!",265.0,1.0,1.6,39.13465,-103.6145166667,8.28,13.32,,,,,,,,3.833e-05,-4.44e-06,-16.63333333,-5.07,n/a,-0.012222,-38.020134,0.009516,26.565806,0.176585,0.80505,-0.123102,-17.586686,-0.003722,-11.58854,0.0029,8.097252,0.053823,0.805031,-0.123033,-5.360424,
EOSS-345,KC0D-2,2023-07-29 08:37:16.787,2023-07-29 08:37:15,14446.0,4403.14,-1010.0,2280.0,descending,/143715h3908.08N/10336.87WO001/007/A=014446 37T6108P EOSS Balloon,"KC0D-2>APZEOS,EOSS*,WIDE2-1,qAO,N6BA-10:/143715h3908.08N/10336.87WO001/007/A=014446 37T6108P EOSS Balloon",1.0,8.0,12.9,39.1346666667,-103.6145,8.28,13.32,38.66,3.7,276.85,61080.0,0.6,0.00149132,0.76859393,2.778e-05,-5.56e-06,-16.83333333,-5.13066667,n/a,-0.006667,-37.878889,0.009407,26.532962,0.175993,0.793185,-0.091333,-17.582233,-0.002022,-11.545488,0.002867,8.087242,0.053642,0.793203,-0.091141,-5.359068,
EOSS-345,AE0SS-13,2023-07-29 08:37:42.441,2023-07-29 08:37:41,13939.0,4248.61,-1036.0,2306.0,descending,/143741h3908.12N/10336.80WO075/012EOSS Baloon/A=013939!W91!,"AE0SS-13>APTT4,EOSS,qAO,W0ARP-2:/143741h3908.12N/10336.80WO075/012EOSS Baloon/A=013939!W91!",75.0,14.0,22.5,39.1354833333,-103.61335,8.26,13.3,,,,,,,,3.889e-05,2.778e-05,-17.26666667,-5.26266667,n/a,-0.014444,-37.742384,0.009248,26.497517,0.175412,0.772741,-0.135065,-17.365533,-0.0044,-11.50388,0.002819,8.076439,0.053465,0.772768,-0.135023,-5.29302,
EOSS-345,KC0D-2,2023-07-29 08:37:46.728,2023-07-29 08:37:45,13930.0,4245.86,-1032.0,2310.0,descending,/143745h3908.12N/10336.79WO106/008/A=013930 40T6227P EOSS Balloon,"KC0D-2>APZEOS,EOSS*,WIDE2-1,qAO,N6BA-10:/143745h3908.12N/10336.79WO106/008/A=013930 40T6227P EOSS Balloon",106.0,9.0,14.5,39.1353333333,-103.6131666667,8.28,13.32,39.2,4.0,277.15,62270.0,0.61,0.00151873,0.78272,4.444e-05,2.222e-05,-17.2,-5.24266667,n/a,0.002222,-37.607237,0.009202,26.46214,0.174827,0.771186,-0.039925,-17.36149,0.000667,-11.462687,0.002805,8.065656,0.053287,0.771174,-0.040122,-5.291784,
EOSS-345,AE0SS-13,2023-07-29 08:38:12.324,2023-07-29 08:38:11,13410.0,4087.37,-1058.0,2336.0,descending,/143811h3908.16N/10336.75WO074/009EOSS Baloon/A=013410!W70!,"AE0SS-13>APTT4,EOSS,qAO,W0ARP-2:/143811h3908.16N/10336.75WO074/009EOSS Baloon/A=013410!W70!",74.0,10.0,16.1,39.1361166667,-103.6125,8.25,13.28,,,,,,,,2.833e-05,2.111e-05,-17.63333333,-5.37466667,n/a,-0.014444,-37.476688,0.009046,26.424336,0.174258,0.75095,-0.1348,-17.117394,-0.0044,-11.422897,0.002757,8.054133,0.053114,0.750947,-0.134748,-5.217386,
EOSS-345,KC0D-2,2023-07-29 08:38:16.777,2023-07-29 08:38:15,13397.0,4083.41,-1066.0,2340.0,descending,/143815h3908.17N/10336.75WO100/002/A=013397 46T6350P EOSS Balloon,"KC0D-2>APZEOS,EOSS*,WIDE2-1,qAO,N6BA-10:/143815h3908.17N/10336.75WO100/002/A=013397 46T6350P EOSS Balloon",100.0,2.0,3.2,39.1361666667,-103.6125,8.25,13.28,40.28,4.6,277.75,63500.0,0.63,0.00154538,0.79645658,2.222e-05,2.778e-05,-17.76666667,-5.415,n/a,-0.004444,-37.348701,0.008958,26.385687,0.173687,0.742146,-0.077162,-17.111045,-0.001344,-11.383884,0.00273,8.042354,0.05294,0.742181,-0.076955,-5.215452,
EOSS-345,AE0SS-13,2023-07-29 08:38:42.320,2023-07-29 08:38:41,12889.0,3928.57,-1042.0,2366.0,descending,/143841h3908.20N/10336.71WO052/009EOSS Baloon/A=012889!W82!,"AE0SS-13>APTT4,EOSS,qAO,W0ARP-2:/143841h3908.20N/10336.71WO052/009EOSS Baloon/A=012889!W82!",52.0,10.0,16.1,39.1368,-103.6118666667,8.23,13.25,,,,,,,,2.111e-05,2.278e-05,-17.36666667,-5.29333333,n/a,0.013333,-37.219785,0.008986,26.348808,0.173119,0.753473,0.02511,-16.855184,0.004056,-11.34459,0.002739,8.031114,0.052766,0.753477,0.024959,-5.137464,
EOSS-345,KC0D-2,2023-07-29 08:38:46.794,2023-07-29 08:38:45,12874.0,3924.0,-1046.0,2370.0,descending,/143845h3908.21N/10336.70WO088/008/A=012874 50T6473P EOSS Balloon,"KC0D-2>APZEOS,EOSS*,WIDE2-1,qAO,N6BA-10:/143845h3908.21N/10336.70WO088/008/A=012874 50T6473P EOSS Balloon",88.0,9.0,14.5,39.1368333333,-103.6116666667,8.24,13.25,41.0,5.0,278.15,64730.0,0.64,0.00157305,0.81071646,2.778e-05,2.222e-05,-17.43333333,-5.31366667,n/a,-0.002222,-37.092949,0.008914,26.311409,0.172558,0.74719,-0.064535,-16.847428,-0.000678,-11.305931,0.002717,8.019715,0.052595,0.747192,-0.06455,-5.135101,
EOSS-345,AE0SS-13,2023-07-29 08:39:12.295,2023-07-29 08:39:11,12364.0,3768.55,-1050.0,2396.0,descending,/143911h3908.23N/10336.68WO031/008EOSS Baloon/A=012364!W88!,"AE0SS-13>APTT4,EOSS,qAO,W0ARP-2:/143911h3908.23N/10336.68WO031/008EOSS Baloon/A=012364!W88!",31.0,9.0,14.5,39.1373,-103.6114666667,8.21,13.22,,,,,,,,1.333e-05,1.667e-05,-17.5,-5.334,n/a,-0.002222,-36.968153,0.008843,26.273515,0.172003,0.74098,-0.06433,-16.579061,-0.000678,-11.267893,0.002695,8.008165,0.052426,0.74098,-0.064338,-5.053301,
EOSS-345,KC0D-2,2023-07-29 08:39:16.820,2023-07-29 08:39:15,12349.0,3763.98,-1050.0,2400.0,descending,/143915h3908.24N/10336.68WO068/009/A=012349 56T6598P EOSS Balloon,"KC0D-2>APZEOS,EOSS*,WIDE2-1,qAO,N6BA-10:/143915h3908.24N/10336.68WO068/009/A=012349 56T6598P EOSS Balloon",68.0,10.0,16.1,39.1373333333,-103.6113333333,8.22,13.22,42.08,5.6,278.75,65980.0,0.65,0.00159998,0.82459346,1.111e-05,1.667e-05,-17.5,-5.334,n/a,0.0,-36.844937,0.008786,26.235464,0.171453,0.737358,-0.051244,-16.571069,0.0,-11.230336,0.002678,7.996567,0.052258,0.737358,-0.051246,-5.050865,
EOSS-345,AE0SS-13,2023-07-29 08:39:42.898,2023-07-29 08:39:41,11852.0,3612.49,-1024.0,2426.0,descending,/143941h3908.21N/10336.63WO188/005EOSS Baloon/A=011852!W13!,"AE0SS-13>APTT4,EOSS*,qAO,N6BA-10:/143941h3908.21N/10336.63WO188/005EOSS Baloon/A=011852!W13!",188.0,6.0,9.7,39.13685,-103.61055,8.27,13.31,,,,,,,,3.056e-05,-1.5e-05,-17.06666667,-5.202,n/a,0.014444,-36.720545,0.008822,26.199303,0.170906,0.750168,0.032895,-16.305579,0.0044,-11.192422,0.002689,7.985545,0.052092,0.750158,0.032846,-4.96994,
EOSS-345,KC0D-2,2023-07-29 08:39:46.816,2023-07-29 08:39:45,11841.0,3609.14,-1016.0,2430.0,descending,/143945h3908.21N/10336.64WO314/004/A=011841 60T6721P EOSS Balloon,"KC0D-2>APZEOS,EOSS*,WIDE2-1,qAO,N6BA-10:/143945h3908.21N/10336.64WO314/004/A=011841 60T6721P EOSS Balloon",314.0,5.0,8.0,39.1368333333,-103.6106666667,8.27,13.3,42.8,6.0,279.15,67210.0,0.66,0.00162747,0.83876193,2.222e-05,-1.667e-05,-16.93333333,-5.16133333,n/a,0.004444,-36.596875,0.008795,26.163593,0.170365,0.751561,-0.025539,-16.299719,0.001356,-11.154728,0.002681,7.97466,0.051927,0.751555,-0.025517,-4.968155,
EOSS-345,AE0SS-13,2023-07-29 08:40:12.394,2023-07-29 08:40:11,11337.0,3455.52,-1030.0,2456.0,descending,/144011h3908.21N/10336.59WO139/009EOSS Baloon/A=011337!W10!,"AE0SS-13>APTT4,EOSS,qAO,W0ARP-2:/144011h3908.21N/10336.59WO139/009EOSS Baloon/A=011337!W10!",139.0,10.0,16.1,39.13685,-103.6098333333,8.29,13.34,,,,,,,,2.389e-05,0.0,-17.16666667,-5.23233333,n/a,-0.007778,-36.47619,0.008691,26.126618,0.169833,0.739075,-0.096972,-16.034857,-0.002367,-11.117943,0.002649,7.96339,0.051765,0.739083,-0.096899,-4.887423,
EOSS-345,KC0D-2,2023-07-29 08:40:16.855,2023-07-29 08:40:15,11330.0,3453.38,-1022.0,2460.0,descending,/144015h3908.20N/10336.59WO170/004/A=011330 66T6846P EOSS Balloon,"KC0D-2>APZEOS,EOSS*,WIDE2-1,qAO,N6BA-10:/144015h3908.20N/10336.59WO170/004/A=011330 66T6846P EOSS Balloon",170.0,5.0,8.0,39.1366666667,-103.6098333333,8.3,13.36,43.88,6.6,279.75,68460.0,0.68,0.00165418,0.85252917,2.778e-05,-5.56e-06,-17.03333333,-5.192,n/a,0.004444,-36.356173,0.008665,26.090111,0.169302,0.740619,-0.024932,-16.03125,0.001344,-11.081363,0.002641,7.952262,0.051603,0.74059,-0.025134,-4.88632,
EOSS-345,AE0SS-13,2023-07-29 08:40:42.670,2023-07-29 08:40:41,10841.0,3304.34,-992.0,2486.0,descending,/144041h3908.22N/10336.52WO087/016EOSS Baloon/A=010841!W86!,"AE0SS-13>APTT4,EOSS,qAO,N0RPF-6:/144041h3908.22N/10336.52WO087/016EOSS Baloon/A=010841!W86!",87.0,18.0,29.0,39.1371333333,-103.6087666667,8.31,13.37,,,,,,,,3.556e-05,9.44e-06,-16.53333333,-5.03933333,n/a,0.016667,-36.23456,0.008714,26.055763,0.168777,0.756118,0.047121,-15.786991,0.005089,-11.044296,0.002656,7.941793,0.051443,0.756122,0.047295,-4.811871,
EOSS-345,KC0D-2,2023-07-29 08:40:46.802,2023-07-29 08:40:45,10836.0,3302.81,-988.0,2490.0,descending,/144045h3908.22N/10336.51WO110/009/A=010836 70T6970P EOSS Balloon,"KC0D-2>APZEOS,EOSS*,WIDE2-1,qAO,N6BA-10:/144045h3908.22N/10336.51WO110/009/A=010836 70T6970P EOSS Balloon",110.0,10.0,16.1,39.137,-103.6085,8.32,13.39,44.6,7.0,280.15,69700.0,0.69,0.00168174,0.86673154,4.444e-05,1.111e-05,-16.46666667,-5.019,n/a,0.002222,-36.114024,0.008674,26.021539,0.168256,0.755042,-0.038346,-15.784586,0.000678,-11.007556,0.002644,7.931361,0.051284,0.755048,-0.038336,-4.811135,
EOSS-345,AE0SS-13,2023-07-29 08:41:12.332,2023-07-29 08:41:11,10359.0,3157.42,-964.0,2516.0,descending,/144111h3908.27N/10336.42WO072/016EOSS Baloon/A=010359!W16!,"AE0SS-13>APTT4,EOSS,qAO,W0ARP-2:/144111h3908.27N/10336.42WO072/016EOSS Baloon/A=010359!W16!",72.0,18.0,29.0,39.13785,-103.6071,8.32,13.38,,,,,,,,5.556e-05,2.389e-05,-16.06666667,-4.89733333,n/a,0.013333,-35.992525,0.008703,25.988987,0.167739,0.766704,0.027602,-15.566421,0.004056,-10.970524,0.002653,7.921439,0.051127,0.766678,0.027441,-4.744635,
EOSS-345,KC0D-2,2023-07-29 08:41:16.955,2023-07-29 08:41:15,10356.0,3156.51,-960.0,2520.0,descending,/144115h3908.27N/10336.41WO078/011/A=010356 76T7090P EOSS Balloon,"KC0D-2>APZEOS,EOSS,WIDE2-1,qAO,AE0SS-1:/144115h3908.27N/10336.41WO078/011/A=010356 76T7090P EOSS Balloon",78.0,13.0,20.9,39.1378333333,-103.6068333333,8.33,13.4,45.68,7.6,280.75,70900.0,0.7,0.00170703,0.87976954,5.556e-05,2.778e-05,-16.0,-4.87666667,n/a,0.002222,-35.872088,0.008663,25.956536,0.167228,0.765591,-0.038516,-15.565126,0.000689,-10.933814,0.002641,7.911548,0.050971,0.765608,-0.038296,-4.744243,
EOSS-345,AE0SS-13,2023-07-29 08:41:42.592,2023-07-29 08:41:41,9896.0,3016.3,-926.0,2546.0,descending,/144141h3908.33N/10336.31WO057/018EOSS Baloon/A=009896!W15!,"AE0SS-13>APTT4,EOSS,qAO,AE0SS-1:/144141h3908.33N/10336.31WO057/018EOSS Baloon/A=009896!W15!",57.0,21.0,33.8,39.13885,-103.60525,8.32,13.39,,,,,,,,6.167e-05,3.333e-05,-15.43333333,-4.704,n/a,0.018889,-35.749701,0.008725,25.926522,0.166722,0.783613,0.060964,-15.380214,0.005756,-10.89651,0.002659,7.9024,0.050817,0.783624,0.060944,-4.687878,
EOSS-345,KC0D-2,2023-07-29 08:41:46.975,2023-07-29 08:41:45,9888.0,3013.86,-936.0,2550.0,descending,/144145h3908.34N/10336.30WO068/013/A=009888 81T7209P EOSS Balloon,"KC0D-2>APZEOS,EOSS,WIDE2-1,qAO,AE0SS-1:/144145h3908.34N/10336.30WO068/013/A=009888 81T7209P EOSS Balloon",68.0,15.0,24.1,39.139,-103.605,8.32,13.38,46.58,8.1,281.25,72090.0,0.71,0.0017326,0.89294548,6.111e-05,3.889e-05,-15.6,-4.755,n/a,-0.005556,-35.629762,0.008639,25.895486,0.166223,0.773485,-0.085397,-15.377252,-0.0017,-10.859953,0.002633,7.89294,0.050664,0.77347,-0.085524,-4.686974,
EOSS-345,AE0SS-13,2023-07-29 08:42:12.665,2023-07-29 08:42:11,9450.0,2880.36,-892.0,2576.0,descending,/144211h3908.41N/10336.25WO034/017EOSS Baloon/A=009450!W20!,"AE0SS-13>APTT4,EOSS,qAO,AE0SS-1:/144211h3908.41N/10336.25WO034/017EOSS Baloon/A=009450!W20!",34.0,20.0,32.2,39.1402,-103.6041666667,8.28,13.32,,,,,,,,3.611e-05,4.5e-05,-14.86666667,-4.53133333,n/a,0.024444,-35.506903,0.008733,25.867656,0.165729,0.797917,0.094799,-15.229548,0.007456,-10.822506,0.002662,7.884458,0.050514,0.797921,0.094904,-4.641953,
EOSS-345,KC0D-2,2023-07-29 08:42:16.883,2023-07-29 08:42:15,9443.0,2878.23,-890.0,2580.0,descending,/144215h3908.43N/10336.23WO044/015/A=009443 87T7324P EOSS Balloon,"KC0D-2>APZEOS,EOSS*,WIDE2-1,qAO,N6BA-10:/144215h3908.43N/10336.23WO044/015/A=009443 87T7324P EOSS Balloon",44.0,17.0,27.4,39.1405,-103.6038333333,8.27,13.31,47.66,8.7,281.85,73240.0,0.72,0.00175649,0.90525878,3.889e-05,5e-05,-14.83333333,-4.521,n/a,0.001111,-35.385294,0.008688,25.839705,0.165236,0.795364,-0.045856,-15.227425,0.000344,-10.785438,0.002648,7.875939,0.050364,0.795389,-0.045747,-4.641307,
EOSS-345,AE0SS-13,2023-07-29 08:42:42.304,2023-07-29 08:42:41,8994.0,2741.37,-912.0,2606.0,descending,/144241h3908.49N/10336.22WO003/013EOSS Baloon/A=008994!W69!,"AE0SS-13>APTT4,EOSS,qAO,W0ARP-1:/144241h3908.49N/10336.22WO003/013EOSS Baloon/A=008994!W69!",3.0,15.0,24.1,39.1416,-103.6038166667,8.21,13.21,,,,,,,,1.167e-05,4.667e-05,-15.2,-4.633,n/a,-0.012222,-35.267251,0.008565,25.809794,0.164754,0.777505,-0.12617,-15.107457,-0.003733,-10.749459,0.002611,7.866822,0.050217,0.777501,-0.126332,-4.604738,
EOSS-345,KC0D-2,2023-07-29 08:42:46.985,2023-07-29 08:42:45,8989.0,2739.85,-908.0,2610.0,descending,/144245h3908.51N/10336.22WO010/014/A=008989 92T7443P EOSS Balloon,"KC0D-2>APZEOS,EOSS,WIDE2-1,qAO,N0RPF-6:/144245h3908.51N/10336.22WO010/014/A=008989 92T7443P EOSS Balloon",10.0,16.0,25.7,39.1418333333,-103.6036666667,8.2,13.2,48.56,9.2,282.35,74430.0,0.73,0.00178187,0.91833825,5.56e-06,4.444e-05,-15.13333333,-4.61266667,n/a,0.002222,-35.150194,0.008528,25.779967,0.16427,0.77645,-0.038388,-15.106299,0.000678,-10.71378,0.002599,7.857731,0.050069,0.776447,-0.038367,-4.604386,
EOSS-345,AE0SS-13,2023-07-29 08:43:12.375,2023-07-29 08:43:11,8548.0,2605.43,-892.0,2636.0,descending,/144311h3908.54N/10336.24WO301/014EOSS Baloon/A=008548!W96!,"AE0SS-13>APTT4,EOSS,qAO,W0ARP-2:/144311h3908.54N/10336.24WO301/014EOSS Baloon/A=008548!W96!",301.0,16.0,25.7,39.1424833333,-103.6041,8.15,13.12,,,,,,,,-9.44e-06,2.944e-05,-14.86666667,-4.53133333,n/a,0.008889,-35.032948,0.00853,25.751133,0.163789,0.783122,0.002192,-15.01902,0.002711,-10.678043,0.0026,7.848942,0.049922,0.783126,0.002223,-4.577782,
EOSS-345,KC0D-2,2023-07-29 08:43:17.001,2023-07-29 08:43:15,8538.0,2602.38,-902.0,2640.0,descending,/144315h3908.56N/10336.26WO326/016/A=008538 99T7564P EOSS Balloon,"KC0D-2>APZEOS,EOSS,WIDE2-1,qAO,AE0SS-1:/144315h3908.56N/10336.26WO326/016/A=008538 99T7564P EOSS Balloon",326.0,18.0,29.0,39.1426666667,-103.6043333333,8.14,13.09,49.82,9.9,283.05,75640.0,0.75,0.00180636,0.93095955,-2.222e-05,2.778e-05,-15.03333333,-4.58233333,n/a,-0.005556,-34.918008,0.008449,25.721325,0.163315,0.773081,-0.085755,-15.017363,-0.0017,-10.643011,0.002575,7.839856,0.049778,0.77306,-0.085881,-4.577277,
EOSS-345,AE0SS-13,2023-07-29 08:43:42.641,2023-07-29 08:43:41,8098.0,2468.27,-900.0,2666.0,descending,/144341h3908.63N/10336.30WO282/014EOSS Baloon/A=008098!W14!,"AE0SS-13>APTT4,EOSS,qAO,AE0SS-1:/144341h3908.63N/10336.30WO282/014EOSS Baloon/A=008098!W14!",282.0,16.0,25.7,39.14385,-103.6050666667,8.05,12.95,,,,,,,,-3.222e-05,4.556e-05,-15.0,-4.572,n/a,0.001111,-34.80419,0.008407,25.691465,0.162844,0.770847,-0.044804,-14.95627,0.000344,-10.608319,0.002562,7.830755,0.049634,0.770848,-0.044687,-4.558657,
EOSS-345,KC0D-2,2023-07-29 08:43:46.915,2023-07-29 08:43:45,8082.0,2463.39,-912.0,2670.0,descending,/144345h3908.64N/10336.32WO320/015/A=008082 103T7686P EOSS Balloon,"KC0D-2>APZEOS,EOSS,WIDE2-1,qAO,N0RPF-6:/144345h3908.64N/10336.32WO320/015/A=008082 103T7686P EOSS Balloon",320.0,17.0,27.4,39.144,-103.6053333333,8.03,12.92,50.54,10.3,283.45,76860.0,0.76,0.0018329,0.94464008,-3.333e-05,4.444e-05,-15.2,-4.633,n/a,-0.006667,-34.692803,0.008321,25.66054,0.162379,0.759641,-0.092303,-14.95442,-0.002033,-10.574368,0.002536,7.821329,0.049493,0.759637,-0.092316,-4.558093,
EOSS-345,AE0SS-13,2023-07-29 08:44:12.299,2023-07-29 08:44:11,7655.0,2333.24,-886.0,2696.0,descending,/144411h3908.73N/10336.35WO008/007EOSS Baloon/A=007655!W23!,"AE0SS-13>APTT4,EOSS,qAO,W0ARP-1:/144411h3908.73N/10336.35WO008/007EOSS Baloon/A=007655!W23!",8.0,8.0,12.9,39.1455333333,-103.6058833333,7.93,12.76,,,,,,,,-2.722e-05,5.611e-05,-14.76666667,-4.501,n/a,0.014444,-34.580226,0.008355,25.631333,0.161915,0.773021,0.037606,-14.91038,0.0044,-10.540056,0.002547,7.812426,0.049351,0.773006,0.037547,-4.544673,
EOSS-345,KC0D-2,2023-07-29 08:44:16.942,2023-07-29 08:44:15,7654.0,2332.94,-856.0,2700.0,descending,/144415h3908.73N/10336.36WO317/006/A=007654 111T7804P EOSS Balloon,"KC0D-2>APZEOS,EOSS,WIDE2-1,qAO,AE0SS-1:/144415h3908.73N/10336.36WO317/006/A=007654 111T7804P EOSS Balloon",317.0,7.0,11.3,39.1455,-103.606,7.93,12.76,51.98,11.1,284.25,78040.0,0.77,0.00185581,0.95644332,-2.222e-05,5e-05,-14.26666667,-4.34833333,n/a,0.016667,-34.466105,0.008402,25.604136,0.161456,0.788913,0.05119,-14.910282,0.005089,-10.505271,0.002561,7.804137,0.049211,0.788933,0.051371,-4.544644,
EOSS-345,AE0SS-13,2023-07-29 08:44:42.569,2023-07-29 08:44:41,7248.0,2209.19,-814.0,2726.0,descending,/144441h3908.81N/10336.39WO013/013EOSS Baloon/A=007248!W78!,"AE0SS-13>APTT4,EOSS,qAO,AE0SS-1:/144441h3908.81N/10336.39WO013/013EOSS Baloon/A=007248!W78!",13.0,15.0,24.1,39.14695,-103.6066333333,7.83,12.6,,,,,,,,-2.5e-05,4.722e-05,-13.56666667,-4.135,n/a,0.023333,-34.349348,0.008486,25.579854,0.161003,0.812463,0.092216,-14.867405,0.007111,-10.469682,0.002587,7.796736,0.049073,0.812479,0.092189,-4.531581,
EOSS-345,KC0D-2,2023-07-29 08:44:46.976,2023-07-29 08:44:45,7245.0,2208.28,-818.0,2730.0,descending,/144445h3908.83N/10336.39WO020/009/A=007245 115T7917P EOSS Balloon,"KC0D-2>APZEOS,EOSS,WIDE2-1,qAO,N0RPF-6:/144445h3908.83N/10336.39WO020/009/A=007245 115T7917P EOSS Balloon",20.0,10.0,16.1,39.1471666667,-103.6065,7.82,12.58,52.7,11.5,284.65,79170.0,0.78,0.00188003,0.96892889,-1.667e-05,5.556e-05,-13.63333333,-4.15533333,n/a,-0.002222,-34.234259,0.008426,25.554993,0.160552,0.806141,-0.066321,-14.867038,-0.000678,-10.434603,0.002568,7.789159,0.048936,0.806155,-0.066332,-4.531469,
EOSS-345,AE0SS-13,2023-07-29 08:45:12.729,2023-07-29 08:45:11,6818.0,2078.13,-860.0,2756.0,descending,/144511h3908.90N/10336.41WO359/015EOSS Baloon/A=006818!W08!,"AE0SS-13>APTT4,EOSS,qAO,N0RPF-6:/144511h3908.90N/10336.41WO359/015EOSS Baloon/A=006818!W08!",359.0,17.0,27.4,39.1483333333,-103.6069666667,7.74,12.46,,,,,,,,-1.111e-05,4.611e-05,-14.33333333,-4.36866667,n/a,-0.023333,-34.124309,0.00825,25.526803,0.16012,0.775302,-0.197246,-14.798145,-0.007111,-10.401089,0.002515,7.780567,0.048804,0.775319,-0.197238,-4.51048,
EOSS-345,KC0D-2,2023-07-29 08:45:16.955,2023-07-29 08:45:15,6822.0,2079.35,-846.0,2760.0,descending,/144515h3908.92N/10336.41WO012/012/A=006822 122T8035P EOSS Balloon,"KC0D-2>APZEOS,EOSS,WIDE2-1,qAO,N0RPF-6:/144515h3908.92N/10336.41WO012/012/A=006822 122T8035P EOSS Balloon",12.0,14.0,22.5,39.1486666667,-103.6068333333,7.73,12.43,53.96,12.2,285.35,80350.0,0.79,0.00190337,0.98095809,-1.111e-05,5e-05,-14.1,-4.29766667,n/a,0.007778,-34.014286,0.008247,25.499426,0.159675,0.78097,-0.002937,-14.798994,0.002367,-10.367554,0.002514,7.772223,0.048669,0.780972,-0.00302,-4.51074,
EOSS-345,AE0SS-13,2023-07-29 08:45:42.594,2023-07-29 08:45:41,6395.0,1949.2,-846.0,2786.0,descending,/144541h3908.98N/10336.45WO335/016EOSS Baloon/A=006395!W82!,"AE0SS-13>APTT4,EOSS,qAO,N0RPF-6:/144541h3908.98N/10336.45WO335/016EOSS Baloon/A=006395!W82!",335.0,18.0,29.0,39.1498,-103.6075333333,7.64,12.3,,,,,,,,-1.889e-05,4.889e-05,-14.1,-4.29766667,n/a,0.0,-33.905464,0.008202,25.471851,0.159234,0.777543,-0.051509,-14.673704,0.0,-10.334385,0.0025,7.763818,0.048534,0.777545,-0.05151,-4.472566,
EOSS-345,KC0D-2,2023-07-29 08:45:46.916,2023-07-29 08:45:45,6396.0,1949.5,-852.0,2790.0,descending,/144545h3909.01N/10336.46WO352/015/A=006396 127T8156P EOSS Balloon,"KC0D-2>APZEOS,EOSS,WIDE2-1,qAO,AE0SS-1:/144545h3909.01N/10336.46WO352/015/A=006396 127T8156P EOSS Balloon",352.0,17.0,27.4,39.1501666667,-103.6076666667,7.62,12.26,54.86,12.7,285.85,81560.0,0.8,0.00192866,0.99398875,-2.778e-05,5e-05,-14.2,-4.32833333,n/a,-0.003333,-33.79837,0.008139,25.443665,0.158799,0.770265,-0.072242,-14.674096,-0.001022,-10.301744,0.002481,7.755226,0.048401,0.770243,-0.072375,-4.472684,
EOSS-345,AE0SS-13,2023-07-29 08:46:12.629,2023-07-29 08:46:11,5949.0,1813.26,-892.0,2816.0,descending,/144611h3909.06N/10336.43WO331/004EOSS Baloon/A=005949!W43!,"AE0SS-13>APTT4,EOSS,qAO,N0RPF-6:/144611h3909.06N/10336.43WO331/004EOSS Baloon/A=005949!W43!",331.0,5.0,8.0,39.1510666667,-103.6072166667,7.58,12.21,,,,,,,,1.056e-05,4.222e-05,-14.86666667,-4.53133333,n/a,-0.022222,-33.696036,0.007974,25.412577,0.15838,0.740947,-0.190655,-14.432888,-0.006767,-10.270552,0.002431,7.745751,0.048274,0.740951,-0.190537,-4.399189,
EOSS-345,KC0D-2,2023-07-29 08:46:16.976,2023-07-29 08:46:15,5944.0,1811.73,-904.0,2820.0,descending,/144615h3909.06N/10336.44WO286/006/A=005944 134T8286P EOSS Balloon,"KC0D-2>APZEOS,EOSS,WIDE2-1,qAO,N0RPF-6:/144615h3909.06N/10336.44WO286/006/A=005944 134T8286P EOSS Balloon",286.0,7.0,11.3,39.151,-103.6073333333,7.58,12.21,56.12,13.4,286.55,82860.0,0.82,0.00195461,1.00736525,1.111e-05,2.778e-05,-15.06666667,-4.59233333,n/a,-0.006667,-33.595878,0.007895,25.380586,0.157953,0.730055,-0.092192,-14.429312,-0.002033,-10.240024,0.002406,7.736,0.048144,0.730053,-0.092203,-4.398095,
EOSS-345,AE0SS-13,2023-07-29 08:46:42.603,2023-07-29 08:46:41,5496.0,1675.18,-906.0,2846.0,descending,/144641h3909.10N/10336.47WO288/005EOSS Baloon/A=005496!W72!,"AE0SS-13>APTT4,EOSS,qAO,N0RPF-6:/144641h3909.10N/10336.47WO288/005EOSS Baloon/A=005496!W72!",288.0,6.0,9.7,39.1517833333,-103.6078666667,7.52,12.11,,,,,,,,-2.167e-05,2.389e-05,-15.1,-4.60266667,n/a,-0.001111,-33.49697,0.007846,25.348378,0.157527,0.725765,-0.05686,-14.002791,-0.000344,-10.209878,0.002392,7.726182,0.048014,0.725742,-0.056983,-4.268122,
EOSS-345,KC0D-2,2023-07-29 08:46:46.967,2023-07-29 08:46:45,5509.0,1679.14,-870.0,2850.0,descending,/144645h3909.11N/10336.49WO308/011/A=005509 139T8414P EOSS Balloon,"KC0D-2>APZEOS,EOSS,WIDE2-1,qAO,N0RPF-6:/144645h3909.11N/10336.49WO308/011/A=005509 139T8414P EOSS Balloon",308.0,13.0,20.9,39.1518333333,-103.6081666667,7.51,12.09,57.02,13.9,287.05,84140.0,0.83,0.00198135,1.02114498,-2.778e-05,2.778e-05,-14.5,-4.41966667,n/a,0.02,-33.395922,0.007911,25.318448,0.157105,0.74633,0.076949,-14.018547,0.0061,-10.179079,0.002411,7.717059,0.047885,0.746322,0.077039,-4.27292,
