flightid,callsign,receivetime,packettime,altitude_ft,altitude_m,vert_rate_ftmin,elapsed_secs,flight_phase,position_packet,info,raw,bearing,speed_mph,speed_kph,latitude,longitude,distance_from_launch_mi,distance_from_launch_km,temperature_f,temperature_c,temperature_k,pressure_pa,pressure_atm,airdensity_slugs,airdensity_kgm3,velocity_x_degs,velocity_y_degs,velocity_z_fts,velocity_z_ms,airflow,acceleration_fts2,velocity_mean_fts,acceleration_mean_fts2,velocity_std_fts,acceleration_std_fts2,velocity_norm_fts,acceleration_norm_fts2,velocity_curvefit_fts,acceleration_ms2,velocity_mean_ms,acceleration_mean_ms2,velocity_std_ms,acceleration_std_ms2,velocity_norm_ms,acceleration_norm_ms2,velocity_curvefit_ms,reynolds_transition
EOSS-398,KC0D-2,2026-05-02T07:01:17.008,2026-05-02T13:01:15.000,5222.0,1591.67,-4.0,0.0,ascending,true,/130115h3936.48N/10402.53WO101/000/A=005222 229T8465P EOSS Balloon,"KC0D-2>APZEOS,EOSS,WIDE2-1,qAO,AE0SS-11:/130115h3936.48N/10402.53WO101/000/A=005222 229T8465P EOSS Balloon",101.0,0.0,0.0,39.608,-104.04216666666666,0.0,0.0,73.22,22.9,296.05,84650.0,0.84,0.00193276,0.99610322,0.0,0.0,-0.06666667,-0.02033333,high Re,,-0.066667,,,,,,5.303122,,-0.020333,,,,,,1.616472,""
EOSS-398,K0SCC-13,2026-05-02T07:01:32.323,2026-05-02T13:01:30.000,5424.0,1653.24,426.0,15.0,ascending,true,/130130h3936.49N/10402.51WO103/015/A=005424!W41!,"K0SCC-13>APTT4,Z,Z,Z,qAO,N0JD:/130130h3936.49N/10402.51WO103/015/A=005424!W41!",103.0,17.0,27.4,39.60823333333334,-104.04185,0.02,0.03,,,,,,,,0.000015,1.67e-6,7.1,2.16433333,high Re,0.238889,3.516667,0.238889,5.067599,,0.707107,,8.777709,0.072822,1.072,0.072822,1.544793,,0.707107,,2.67551,""
EOSS-398,KC0D-2,2026-05-02T07:01:46.786,2026-05-02T13:01:45.000,5797.0,1766.93,1150.0,30.0,ascending,true,/130145h3936.48N/10402.42WO112/014/A=005797 231T8288P EOSS Balloon,"KC0D-2>APZEOS,EOSS,WIDE2-1,qAO,N0JD:/130145h3936.48N/10402.42WO112/014/A=005797 231T8288P EOSS Balloon",112.0,16.0,25.7,39.608,-104.04033333333334,0.1,0.16,73.58,23.1,296.25,82880.0,0.82,0.00189107,0.97461666,0.00006111,0.0,19.16666667,5.842,high Re,0.402222,8.733333,0.320556,9.720139,0.115494,1.073373,0.707102,13.907858,0.122589,2.662,0.097706,2.962683,0.035191,1.073351,0.707084,4.23914,""
EOSS-398,K0SCC-13,2026-05-02T07:02:02.854,2026-05-02T13:02:00.000,6051.0,1844.34,1254.0,45.0,ascending,true,/130200h3936.46N/10402.35WO114/008>K0SCC-13 EOSS Balloon BatVolt: 8.1V | Temp: 69F/A=006051!W25!,"K0SCC-13>APTT4,Z,Z,Z,qAO,AE0SS-11:/130200h3936.46N/10402.35WO114/008>K0SCC-13 EOSS Balloon BatVolt: 8.1V | Temp: 69F/A=006051!W25!",114.0,9.0,14.5,39.6077,-104.03925000000001,0.16,0.26,,,,,,,,0.00008667,-0.00001778,20.9,6.37,high Re,0.057778,11.775,0.232963,9.999718,0.172298,0.912526,-1.016756,16.588527,0.0176,3.589,0.071004,3.047782,0.052518,0.912467,-1.01687,5.056105,""
EOSS-398,KC0D-2,2026-05-02T07:02:16.727,2026-05-02T13:02:15.000,6452.0,1966.57,1310.0,60.0,ascending,true,/130215h3936.43N/10402.30WO132/010/A=006452 233T8089P EOSS Balloon,"KC0D-2>APZEOS,EOSS,WIDE2-1,qAO,N0JD:/130215h3936.43N/10402.30WO132/010/A=006452 233T8089P EOSS Balloon",132.0,12.0,19.3,39.607166666666664,-104.03833333333333,0.21,0.34,73.94,23.3,296.45,80890.0,0.8,0.00184442,0.95057378,0.00006667,-0.00002778,21.83333333,6.65466667,high Re,0.031111,13.786667,0.1825,9.758575,0.173139,0.824574,-0.874378,19.733014,0.009489,4.202133,0.055625,2.974289,0.052771,0.824578,-0.874268,6.014586,""
EOSS-398,K0SCC-13,2026-05-02T07:02:32.371,2026-05-02T13:02:30.000,6727.0,2050.39,1352.0,75.0,ascending,true,/130230h3936.41N/10402.23WO075/016/A=006727!W15!,"K0SCC-13>APTT4,Z,Z,Z,qAO,N0JD:/130230h3936.41N/10402.23WO075/016/A=006727!W15!",75.0,18.0,29.0,39.60685,-104.03725,0.27,0.43,,,,,,,,0.00006667,-0.00002833,22.53333333,6.86833333,high Re,0.023333,15.244444,0.150667,9.43051,0.165981,0.772905,-0.76716,21.258769,0.007122,4.6465,0.045924,2.87435,0.050587,0.772986,-0.767035,6.479635,""
EOSS-398,KC0D-2,2026-05-02T07:02:46.762,2026-05-02T13:02:45.000,7170.0,2185.42,1436.0,90.0,ascending,true,/130245h3936.40N/10402.17WO120/011/A=007170 234T7878P EOSS Balloon,"KC0D-2>APZEOS,EOSS,WIDE2-1,qAO,N0JD:/130245h3936.40N/10402.17WO120/011/A=007170 234T7878P EOSS Balloon",120.0,13.0,20.9,39.60666666666667,-104.03616666666667,0.33,0.53,74.12,23.4,296.55,78780.0,0.78,0.0017957,0.92546606,0.00007222,-0.00001667,23.93333333,7.295,high Re,0.046667,16.485714,0.133333,9.213976,0.15441,0.808296,-0.561272,22.880243,0.014222,5.024857,0.040641,2.808378,0.047061,0.808347,-0.561378,6.97387,""
EOSS-398,K0SCC-13,2026-05-02T07:03:02.434,2026-05-02T13:03:00.000,7422.0,2262.23,1390.0,105.0,ascending,true,/130300h3936.38N/10402.11WO137/013/A=007422!W10!,"K0SCC-13>APTT4,Z,Z,Z,qAO,KB0TVJ-1:/130300h3936.38N/10402.11WO137/013/A=007422!W10!",137.0,15.0,24.1,39.60635,-104.03516666666667,0.39,0.63,,,,,,,,0.00006944,-0.00001667,23.16666667,7.06133333,high Re,-0.025556,17.320833,0.110635,8.851472,0.153216,0.660436,-0.888882,23.439553,-0.007789,5.279417,0.033722,2.697902,0.046698,0.660482,-0.888925,7.144347,""
EOSS-398,KC0D-2,2026-05-02T07:03:16.767,2026-05-02T13:03:15.000,7827.0,2385.67,1314.0,120.0,ascending,true,/130315h3936.36N/10402.05WO145/008/A=007827 233T7688P EOSS Balloon,"KC0D-2>APZEOS,EOSS,WIDE2-1,qAO,N0JD:/130315h3936.36N/10402.05WO145/008/A=007827 233T7688P EOSS Balloon",145.0,9.0,14.5,39.606,-104.03416666666666,0.45,0.72,73.94,23.3,296.45,76880.0,0.76,0.00175298,0.90345051,0.00006667,-0.00002222,21.9,6.675,high Re,-0.042222,17.82963,0.091528,8.419314,0.151797,0.483456,-0.881111,23.927093,-0.012878,5.434481,0.027897,2.566174,0.046267,0.483412,-0.881298,7.292947,""
EOSS-398,K0SCC-13,2026-05-02T07:03:32.621,2026-05-02T13:03:30.000,8046.0,2452.42,1248.0,135.0,ascending,true,/130330h3936.33N/10402.00WO135/010>K0SCC-13 EOSS Balloon BatVolt: 8.1V | Temp: 69F/A=008046!W83!,"K0SCC-13>APTT4,Z,Z,Z,qAO,N0JD:/130330h3936.33N/10402.00WO135/010>K0SCC-13 EOSS Balloon BatVolt: 8.1V | Temp: 69F/A=008046!W83!",135.0,12.0,19.3,39.60563333333333,-104.03338333333333,0.49,0.79,,,,,,,,0.00005944,-0.00002389,20.8,6.33966667,high Re,-0.036667,18.126667,0.077284,7.993188,0.148284,0.334451,-0.768465,24.02726,-0.011178,5.525,0.023555,2.436286,0.045196,0.334389,-0.768497,7.32348,""
EOSS-398,KC0D-2,2026-05-02T07:03:46.762,2026-05-02T13:03:45.000,8461.0,2578.91,1268.0,150.0,ascending,true,/130345h3936.32N/10401.96WO139/011/A=008461 234T7507P EOSS Balloon,"KC0D-2>APZEOS,EOSS,WIDE2-1,qAO,N0JD:/130345h3936.32N/10401.96WO139/011/A=008461 234T7507P EOSS Balloon",139.0,13.0,20.9,39.605333333333334,-104.03266666666667,0.54,0.87,74.12,23.4,296.55,75070.0,0.74,0.00171114,0.88188293,0.00005,-0.00002222,21.13333333,6.44133333,high Re,0.011111,18.4,0.070667,7.637001,0.14136,0.357907,-0.421307,23.992967,0.003389,5.608303,0.021539,2.327719,0.043086,0.357874,-0.421251,7.313035,""
EOSS-398,K0SCC-13,2026-05-02T07:04:02.367,2026-05-02T13:04:00.000,8738.0,2663.34,1384.0,165.0,ascending,true,/130400h3936.29N/10401.91WO152/018/A=008738!W47!,"K0SCC-13>APTT4,Z,Z,Z,qAO,N0JD:/130400h3936.29N/10401.91WO152/018/A=008738!W47!",152.0,21.0,33.8,39.6049,-104.03195000000001,0.58,0.93,,,,,,,,0.00004778,-0.00002444,23.06666667,7.03066667,high Re,0.064444,18.788889,0.070101,7.405162,0.134119,0.577675,-0.042179,23.854137,0.019644,5.726833,0.021367,2.257055,0.040879,0.57767,-0.042149,7.270725,""
EOSS-398,K0SCC-13,2026-05-02T07:04:32.328,2026-05-02T13:04:30.000,9404.0,2866.34,1332.0,195.0,ascending,true,/130430h3936.21N/10401.82WO152/017/A=009404!W91!,"K0SCC-13>APTT4,Z,Z,Z,qAO,N0JD:/130430h3936.21N/10401.82WO152/017/A=009404!W91!",152.0,20.0,32.2,39.603649999999995,-104.03035,0.7,1.13,,,,,,,,0.00005333,-0.00004167,22.2,6.76666667,high Re,-0.028889,19.051282,0.061852,7.152746,0.131032,0.440211,-0.69251,23.319712,-0.0088,5.806821,0.018853,2.180125,0.039938,0.440271,-0.692398,7.107841,""
EOSS-398,K0SCC-13,2026-05-02T07:05:02.686,2026-05-02T13:05:00.000,10064.0,3067.51,1320.0,225.0,ascending,true,/130500h3936.10N/10401.77WO151/025>K0SCC-13 EOSS Balloon BatVolt: 8.1V | Temp: 68F/A=010064!W75!,"K0SCC-13>APTT4,Z,Z,Z,qAO,N0JD:/130500h3936.10N/10401.77WO151/025>K0SCC-13 EOSS Balloon BatVolt: 8.1V | Temp: 68F/A=010064!W75!",151.0,29.0,46.7,39.60178333333333,-104.02958333333333,0.8,1.29,,,,,,,,0.00002556,-0.00006222,22.0,6.70566667,high Re,-0.006667,19.261905,0.056581,6.917176,0.126885,0.39584,-0.498467,22.716289,-0.002033,5.871024,0.017246,2.108327,0.038674,0.395879,-0.4985,6.923926,""
EOSS-398,KC0D-2,2026-05-02T07:05:16.799,2026-05-02T13:05:15.000,10455.0,3186.68,1329.3,240.0,ascending,true,/130515h3936.07N/10401.74WO165/012/A=010455 233T6961P EOSS Balloon,"KC0D-2>APZEOS,EOSS,WIDE2-1,qAO,N0JD:/130515h3936.07N/10401.74WO165/012/A=010455 233T6961P EOSS Balloon",165.0,14.0,22.5,39.601166666666664,-104.029,0.84,1.35,73.94,23.3,296.45,69610.0,0.69,0.00158722,0.81801756,0.00004074,-0.0000463,22.15555556,6.753,high Re,0.001728,19.454815,0.052663,6.7073,0.122785,0.402657,-0.414831,22.392677,0.000526,5.929822,0.016052,2.044358,0.037424,0.402658,-0.414867,6.825299,""
EOSS-398,K0SCC-13,2026-05-02T07:05:32.363,2026-05-02T13:05:30.000,10700.0,3261.36,1272.0,255.0,ascending,true,/130530h3936.01N/10401.70WO161/019/A=010700!W45!,"K0SCC-13>APTT4,Z,Z,Z,qAO,N0JD:/130530h3936.01N/10401.70WO161/019/A=010700!W45!",161.0,22.0,35.4,39.600233333333335,-104.02841666666667,0.91,1.46,,,,,,,,0.00003889,-0.00005167,21.2,6.46166667,high Re,-0.031852,19.563889,0.047029,6.494539,0.120314,0.251921,-0.655626,22.214585,-0.009711,5.963063,0.014334,1.979508,0.036671,0.251883,-0.655695,6.771017,""
EOSS-398,KC0D-2,2026-05-02T07:05:46.736,2026-05-02T13:05:45.000,11115.0,3387.85,1320.0,270.0,ascending,true,/130545h3935.96N/10401.67WO163/017/A=011115 234T6789P EOSS Balloon,"KC0D-2>APZEOS,EOSS,WIDE2-1,qAO,N0JD:/130545h3935.96N/10401.67WO163/017/A=011115 234T6789P EOSS Balloon",163.0,20.0,32.2,39.599333333333334,-104.02783333333333,0.97,1.56,74.12,23.4,296.55,67890.0,0.67,0.00154748,0.79753606,0.00003889,-0.00006111,22.0,6.70566667,high Re,0.026667,19.70719,0.045756,6.316007,0.116346,0.363016,-0.164071,21.965834,0.008133,6.006745,0.013947,1.925094,0.035462,0.363058,-0.16395,6.695202,""
EOSS-398,K0SCC-13,2026-05-02T07:06:02.355,2026-05-02T13:06:00.000,11379.0,3468.32,1358.0,285.0,ascending,true,/130600h3935.90N/10401.63WO150/020/A=011379!W45!,"K0SCC-13>APTT4,Z,Z,Z,qAO,N0JD:/130600h3935.90N/10401.63WO150/020/A=011379!W45!",150.0,23.0,37.0,39.598400000000005,-104.02725000000001,1.03,1.66,,,,,,,,0.00003889,-0.00006111,22.63333333,6.89866667,high Re,0.021111,19.869753,0.044306,6.166121,0.11281,0.448188,-0.205611,21.845165,0.006433,6.056296,0.013505,1.87941,0.034384,0.44821,-0.205677,6.658423,""
EOSS-398,KC0D-2,2026-05-02T07:06:16.804,2026-05-02T13:06:15.000,11806.0,3598.47,1382.0,300.0,ascending,true,/130615h3935.83N/10401.60WO149/013/A=011806 233T6609P EOSS Balloon,"KC0D-2>APZEOS,EOSS,WIDE2-1,qAO,N0JD:/130615h3935.83N/10401.60WO149/013/A=011806 233T6609P EOSS Balloon",149.0,15.0,24.1,39.597166666666666,-104.02666666666667,1.11,1.79,73.94,23.3,296.45,66090.0,0.65,0.00150695,0.7766525,0.00003889,-0.00007222,23.03333333,7.02066667,high Re,0.013333,20.036257,0.042586,6.036184,0.109685,0.496518,-0.2667,21.713575,0.004067,6.107053,0.01298,1.839809,0.033431,0.496581,-0.266609,6.618318,""
EOSS-398,K0SCC-13,2026-05-02T07:06:32.624,2026-05-02T13:06:30.000,12075.0,3680.46,1392.0,315.0,ascending,true,/130630h3935.77N/10401.56WO164/022>K0SCC-13 EOSS Balloon BatVolt: 8.1V | Temp: 68F/A=012075!W44!,"K0SCC-13>APTT4,Z,Z,Z,qAO,N0JD:/130630h3935.77N/10401.56WO164/022>K0SCC-13 EOSS Balloon BatVolt: 8.1V | Temp: 68F/A=012075!W44!",164.0,25.0,40.2,39.59623333333334,-104.02606666666667,1.18,1.9,,,,,,,,0.00003944,-0.00007222,23.2,7.07133333,high Re,0.005556,20.194444,0.040637,5.917628,0.106933,0.507899,-0.328065,21.670187,0.001689,6.155267,0.012386,1.803674,0.032593,0.507889,-0.328199,6.605095,""
EOSS-398,K0SCC-13,2026-05-02T07:07:02.376,2026-05-02T13:07:00.000,12771.0,3892.6,1392.0,345.0,ascending,true,/130700h3935.66N/10401.56WO235/012/A=012771!W09!,"K0SCC-13>APTT4,Z,Z,Z,qAO,N0JD:/130700h3935.66N/10401.56WO235/012/A=012771!W09!",235.0,14.0,22.5,39.59433333333333,-104.02615,1.27,2.04,,,,,,,,-2.78e-6,-0.00006333,23.2,7.07133333,high Re,0.0,20.337566,0.038605,5.80496,0.104476,0.493101,-0.369511,21.687362,0.0,6.198889,0.011767,1.769332,0.031844,0.493092,-0.36952,6.610332,""
EOSS-398,K0SCC-13,2026-05-02T07:07:32.331,2026-05-02T13:07:30.000,13437.0,4095.6,1332.0,375.0,ascending,true,/130730h3935.54N/10401.62WO218/012/A=013437!W40!,"K0SCC-13>APTT4,Z,Z,Z,qAO,N0JD:/130730h3935.54N/10401.62WO218/012/A=013437!W40!",218.0,14.0,22.5,39.592400000000005,-104.027,1.35,2.17,,,,,,,,-0.00002833,-0.00006444,22.2,6.76666667,high Re,-0.033333,20.422222,0.035179,5.67896,0.103034,0.313046,-0.664946,21.849277,-0.010156,6.224697,0.010723,1.73093,0.031404,0.313109,-0.664852,6.659684,""
EOSS-398,K0SCC-13,2026-05-02T07:08:02.678,2026-05-02T13:08:00.000,14159.0,4315.66,1444.0,405.0,ascending,true,/130800h3935.40N/10401.66WO189/008>K0SCC-13 EOSS Balloon BatVolt: 8.1V | Temp: 68F/A=014159!W96!,"K0SCC-13>APTT4,Z,Z,Z,qAO,N0JD:/130800h3935.40N/10401.66WO189/008>K0SCC-13 EOSS Balloon BatVolt: 8.1V | Temp: 68F/A=014159!W96!",189.0,9.0,14.5,39.59015,-104.02776666666666,1.45,2.33,,,,,,,,-0.00002556,-0.000075,24.06666667,7.33533333,high Re,0.062222,20.580676,0.036408,5.60019,0.100716,0.622477,0.256305,22.136817,0.018956,6.272986,0.011097,1.706916,0.030698,0.622378,0.25601,6.747324,""
EOSS-398,KC0D-2,2026-05-02T07:08:16.741,2026-05-02T13:08:15.000,14611.0,4453.43,1402.5,420.0,ascending,true,/130815h3935.34N/10401.67WO180/024/A=014611 229T5922P EOSS Balloon,"KC0D-2>APZEOS,EOSS,WIDE2-1,qAO,N0JD:/130815h3935.34N/10401.67WO180/024/A=014611 229T5922P EOSS Balloon",180.0,28.0,45.1,39.589,-104.02783333333333,1.52,2.45,73.22,22.9,296.05,59220.0,0.58,0.00135213,0.6968604,-9.72e-6,-0.00006806,23.375,7.12466667,high Re,-0.005764,20.697106,0.034575,5.506714,0.098792,0.486296,-0.408323,22.352901,-0.001756,6.308472,0.010538,1.678424,0.030111,0.486286,-0.408289,6.813185,""
EOSS-398,K0SCC-13,2026-05-02T07:08:32.419,2026-05-02T13:08:30.000,14880.0,4535.42,1442.0,435.0,ascending,true,/130830h3935.25N/10401.66WO170/016/A=014880!W39!,"K0SCC-13>APTT4,Z,Z,Z,qAO,N0JD:/130830h3935.25N/10401.66WO170/016/A=014880!W39!",170.0,18.0,29.0,39.58755,-104.02781666666667,1.61,2.59,,,,,,,,-1.67e-6,-0.00008667,24.03333333,7.32533333,high Re,0.021944,20.830556,0.034049,5.431907,0.096655,0.589623,-0.125239,22.488457,0.006689,6.349147,0.010378,1.655623,0.02946,0.589619,-0.125221,6.854501,""
EOSS-398,KC0D-2,2026-05-02T07:08:47.018,2026-05-02T13:08:45.000,15318.0,4668.93,1414.0,450.0,ascending,true,/130845h3935.18N/10401.69WO202/016/A=015318 230T5760P EOSS Balloon,"KC0D-2>APZEOS,EOSS,WIDE2-1,qAO,AE0SS-11:/130845h3935.18N/10401.69WO202/016/A=015318 230T5760P EOSS Balloon",202.0,18.0,29.0,39.586333333333336,-104.02816666666666,1.67,2.69,73.4,23.0,296.15,57600.0,0.57,0.0013147,0.67756848,-0.00001111,-0.00008889,23.56666667,7.18333333,high Re,-0.015556,20.935791,0.032064,5.349143,0.095139,0.491831,-0.500531,22.713172,-0.004733,6.381231,0.009773,1.630402,0.028997,0.491966,-0.500259,6.922996,""
EOSS-398,K0SCC-13,2026-05-02T07:09:02.350,2026-05-02T13:09:00.000,15550.0,4739.64,1340.0,465.0,ascending,true,/130900h3935.09N/10401.72WO185/030/A=015550!W06!,"K0SCC-13>APTT4,Z,Z,Z,qAO,N0JD:/130900h3935.09N/10401.72WO185/030/A=015550!W06!",185.0,35.0,56.3,39.584833333333336,-104.02876666666667,1.75,2.82,,,,,,,,-0.00003167,-0.00009056,22.33333333,6.80733333,high Re,-0.041111,20.987551,0.02925,5.252157,0.094315,0.256234,-0.746021,22.831632,-0.012533,6.397012,0.008916,1.600842,0.028746,0.256316,-0.746156,6.9591,""
EOSS-398,K0SCC-13,2026-05-02T07:09:32.703,2026-05-02T13:09:30.000,16203.0,4938.67,1306.0,495.0,ascending,true,/130930h3934.93N/10401.80WO184/016>K0SCC-13 EOSS Balloon BatVolt: 8.1V | Temp: 68F/A=016203!W62!,"K0SCC-13>APTT4,Z,Z,Z,qAO,N0JD:/130930h3934.93N/10401.80WO184/016>K0SCC-13 EOSS Balloon BatVolt: 8.1V | Temp: 68F/A=016203!W62!",184.0,18.0,29.0,39.58226666666667,-104.03003333333334,1.89,3.04,,,,,,,,-0.00004222,-0.00008556,21.76666667,6.63433333,high Re,-0.018889,21.015377,0.027467,5.15608,0.092946,0.145709,-0.498741,23.151567,-0.005767,6.405488,0.008372,1.571557,0.028329,0.145617,-0.4991,7.056611,""
EOSS-398,K0SCC-13,2026-05-02T07:10:02.396,2026-05-02T13:10:00.000,16908.0,5153.56,1410.0,525.0,ascending,true,/131000h3934.77N/10401.89WO202/029/A=016908!W54!,"K0SCC-13>APTT4,Z,Z,Z,qAO,N0JD:/131000h3934.77N/10401.89WO202/029/A=016908!W54!",202.0,33.0,53.1,39.57958333333334,-104.03156666666666,2.04,3.28,,,,,,,,-0.00005111,-0.00008944,23.5,7.163,high Re,0.057778,21.101054,0.02855,5.084148,0.091388,0.471848,0.319823,23.457492,0.017622,6.431609,0.008702,1.549636,0.027855,0.471976,0.32023,7.149857,""
EOSS-398,KC0D-2,2026-05-02T07:10:16.744,2026-05-02T13:10:15.000,17365.0,5292.85,1364.7,540.0,ascending,true,/131015h3934.70N/10401.91WO191/019/A=017365 228T5308P EOSS Balloon,"KC0D-2>APZEOS,EOSS,WIDE2-1,qAO,N0JD:/131015h3934.70N/10401.91WO191/019/A=017365 228T5308P EOSS Balloon",191.0,22.0,35.4,39.57833333333333,-104.03183333333334,2.12,3.41,73.04,22.8,295.95,53080.0,0.52,0.00121235,0.62482014,-0.00004074,-0.00008889,22.74444444,6.93244444,high Re,-0.008395,21.155833,0.027276,5.004724,0.090004,0.317422,-0.396327,23.626493,-0.002562,6.448304,0.008314,1.525427,0.027433,0.31738,-0.396457,7.201365,""
EOSS-398,K0SCC-13,2026-05-02T07:10:32.334,2026-05-02T13:10:30.000,17607.0,5366.61,1398.0,555.0,ascending,true,/131030h3934.62N/10401.94WO195/013/A=017607!W43!,"K0SCC-13>APTT4,Z,Z,Z,qAO,N0JD:/131030h3934.62N/10401.94WO195/013/A=017607!W43!",195.0,15.0,24.1,39.57706666666667,-104.03238333333333,2.2,3.54,,,,,,,,-0.00002722,-0.00008389,23.3,7.10166667,high Re,0.018519,21.225,0.026984,4.935651,0.088453,0.420411,-0.095701,23.705633,0.005641,6.46938,0.008225,1.504371,0.02696,0.4203,-0.095846,7.225485,""
EOSS-398,KC0D-2,2026-05-02T07:10:46.745,2026-05-02T13:10:45.000,18074.0,5508.96,1418.0,570.0,ascending,true,/131045h3934.56N/10401.96WO181/016/A=018074 224T5159P EOSS Balloon,"KC0D-2>APZEOS,EOSS,WIDE2-1,qAO,N0JD:/131045h3934.56N/10401.96WO181/016/A=018074 224T5159P EOSS Balloon",181.0,18.0,29.0,39.576,-104.03266666666667,2.27,3.65,72.32,22.4,295.55,51590.0,0.51,0.00117991,0.60810281,-0.00002778,-0.00007778,23.63333333,7.20366667,high Re,0.011111,21.30026,0.026472,4.874021,0.087013,0.478675,-0.176537,23.837505,0.0034,6.492326,0.008069,1.48559,0.026521,0.478827,-0.176049,7.26568,""
EOSS-398,K0SCC-13,2026-05-02T07:11:02.710,2026-05-02T13:11:00.000,18323.0,5584.85,1432.0,585.0,ascending,true,/131100h3934.48N/10401.99WO171/018>K0SCC-13 EOSS Balloon BatVolt: 8.1V | Temp: 66F/A=018323!W32!,"K0SCC-13>APTT4,Z,Z,Z,qAO,N0JD:/131100h3934.48N/10401.99WO171/018>K0SCC-13 EOSS Balloon BatVolt: 8.1V | Temp: 66F/A=018323!W32!",171.0,21.0,33.8,39.57471666666667,-104.03320000000001,2.35,3.78,,,,,,,,-0.00002722,-0.00007833,23.86666667,7.27466667,high Re,0.007778,21.37803,0.025888,4.818017,0.085661,0.516527,-0.211415,23.896656,0.002367,6.516034,0.007891,1.468522,0.026109,0.516596,-0.211575,7.283707,""
EOSS-398,KC0D-2,2026-05-02T07:11:16.983,2026-05-02T13:11:15.000,18746.0,5713.78,1344.0,600.0,ascending,true,/131115h3934.43N/10402.02WO193/012/A=018746 224T5019P EOSS Balloon,"KC0D-2>APZEOS,EOSS,WIDE2-1,qAO,AE0SS-11:/131115h3934.43N/10402.02WO193/012/A=018746 224T5019P EOSS Balloon",193.0,14.0,22.5,39.57383333333333,-104.03366666666666,2.4,3.86,72.32,22.4,295.55,50190.0,0.5,0.00114789,0.5916007,-0.00003333,-0.00007222,22.4,6.82733333,high Re,-0.048889,21.408088,0.023622,4.747692,0.085311,0.208925,-0.849961,23.979979,-0.014911,6.52519,0.0072,1.447086,0.026003,0.208794,-0.850325,7.309103,""
EOSS-398,K0SCC-13,2026-05-02T07:11:32.285,2026-05-02T13:11:30.000,19025.0,5798.82,1404.0,615.0,ascending,true,/131130h3934.36N/10402.05WO249/008/A=019025!W65!,"K0SCC-13>APTT4,Z,Z,Z,qAO,N0JD:/131130h3934.36N/10402.05WO249/008/A=019025!W65!",249.0,9.0,14.5,39.572766666666666,-104.03425,2.47,3.98,,,,,,,,-0.000035,-0.000065,23.4,7.13233333,high Re,0.033333,21.465,0.023907,4.689454,0.084025,0.412628,0.112181,24.023744,0.010167,6.542537,0.007287,1.429335,0.025611,0.412637,0.112452,7.322441,""
EOSS-398,KC0D-2,2026-05-02T07:11:46.775,2026-05-02T13:11:45.000,19450.0,5928.36,1408.0,630.0,ascending,true,/131145h3934.32N/10402.07WO185/012/A=019450 222T4878P EOSS Balloon,"KC0D-2>APZEOS,EOSS,WIDE2-1,qAO,N0JD:/131145h3934.32N/10402.07WO185/012/A=019450 222T4878P EOSS Balloon",185.0,14.0,22.5,39.572,-104.0345,2.52,4.06,71.96,22.2,295.35,48780.0,0.48,0.0011164,0.57537007,-0.00002778,-0.00006111,23.46666667,7.15266667,high Re,0.002222,21.520602,0.023288,4.634001,0.082861,0.419953,-0.254233,24.074841,0.000678,6.559485,0.007098,1.412434,0.025256,0.419971,-0.254197,7.338014,""
EOSS-398,K0SCC-13,2026-05-02T07:12:02.341,2026-05-02T13:12:00.000,19704.0,6005.78,1358.0,645.0,ascending,true,/131200h3934.24N/10402.06WO178/014/A=019704!W87!,"K0SCC-13>APTT4,Z,Z,Z,qAO,N0JD:/131200h3934.24N/10402.06WO178/014/A=019704!W87!",178.0,16.0,25.7,39.5708,-104.03445,2.6,4.18,,,,,,,,-6.67e-6,-0.00006556,22.63333333,6.89866667,high Re,-0.027778,21.550676,0.021869,4.572847,0.082111,0.236758,-0.604633,24.097311,-0.008467,6.568652,0.006666,1.393794,0.025028,0.236774,-0.604643,7.344862,""
EOSS-398,KC0D-2,2026-05-02T07:12:16.776,2026-05-02T13:12:15.000,20162.0,6145.38,1424.0,660.0,ascending,true,/131215h3934.20N/10402.07WO192/018/A=020162 221T4737P EOSS Balloon,"KC0D-2>APZEOS,EOSS,WIDE2-1,qAO,N0JD:/131215h3934.20N/10402.07WO192/018/A=020162 221T4737P EOSS Balloon",192.0,21.0,33.8,39.57,-104.0345,2.66,4.28,71.78,22.1,295.25,47370.0,0.47,0.0010845,0.55892808,0.0,-0.00006667,23.73333333,7.234,high Re,0.036667,21.608114,0.022269,4.524504,0.081,0.469713,0.177753,24.124879,0.011178,6.586161,0.006788,1.37906,0.024689,0.469769,0.177812,7.353264,""
EOSS-398,K0SCC-13,2026-05-02T07:12:32.659,2026-05-02T13:12:30.000,20432.0,6227.67,1456.0,675.0,ascending,true,/131230h3934.13N/10402.08WO173/021>K0SCC-13 EOSS Balloon BatVolt: 8.1V | Temp: 65F/A=020432!W91!,"K0SCC-13>APTT4,Z,Z,Z,qAO,N0JD:/131230h3934.13N/10402.08WO173/021>K0SCC-13 EOSS Balloon BatVolt: 8.1V | Temp: 65F/A=020432!W91!",173.0,24.0,38.6,39.56898333333333,-104.03468333333333,2.72,4.38,,,,,,,,-7.78e-6,-0.00006056,24.26666667,7.39633333,high Re,0.017778,21.676282,0.022151,4.484825,0.079901,0.577589,-0.05473,24.134628,0.005411,6.606934,0.006752,1.366964,0.024354,0.577484,-0.055063,7.356235,""
EOSS-398,KC0D-2,2026-05-02T07:12:46.739,2026-05-02T13:12:45.000,20871.0,6361.48,1418.0,690.0,ascending,true,/131245h3934.08N/10402.09WO185/020/A=020871 217T4601P EOSS Balloon,"KC0D-2>APZEOS,EOSS,WIDE2-1,qAO,N0JD:/131245h3934.08N/10402.09WO185/020/A=020871 217T4601P EOSS Balloon",185.0,23.0,37.0,39.568,-104.03483333333334,2.79,4.49,71.06,21.7,294.85,46010.0,0.45,0.00105479,0.54361765,-0.00001111,-0.00006667,23.63333333,7.20333333,high Re,-0.021111,21.725208,0.021042,4.437755,0.079146,0.429975,-0.532598,24.142749,-0.006433,6.621844,0.006414,1.352616,0.024124,0.4299,-0.53254,7.358709,""
EOSS-398,K0SCC-13,2026-05-02T07:13:02.387,2026-05-02T13:13:00.000,21135.0,6441.95,1406.0,705.0,ascending,true,/131300h3934.00N/10402.10WO208/023/A=021135!W23!,"K0SCC-13>APTT4,Z,Z,Z,qAO,N0JD:/131300h3934.00N/10402.10WO208/023/A=021135!W23!",208.0,26.0,41.8,39.566700000000004,-104.03505,2.88,4.63,,,,,,,,-0.00001222,-0.00007611,23.43333333,7.14266667,high Re,-0.006667,21.76687,0.020349,4.390044,0.078248,0.379601,-0.345261,24.144327,-0.002022,6.634547,0.006203,1.338076,0.02385,0.379739,-0.344864,7.35919,""
EOSS-398,KC0D-2,2026-05-02T07:13:16.747,2026-05-02T13:13:15.000,21575.0,6576.06,1408.0,720.0,ascending,true,/131315h3933.92N/10402.13WO185/020/A=021575 216T4469P EOSS Balloon,"KC0D-2>APZEOS,EOSS,WIDE2-1,qAO,N0JD:/131315h3933.92N/10402.13WO185/020/A=021575 216T4469P EOSS Balloon",185.0,23.0,37.0,39.565333333333335,-104.0355,2.97,4.78,70.88,21.6,294.75,44690.0,0.44,0.00102488,0.52820072,-0.00002222,-0.00008889,23.46666667,7.15266667,high Re,0.001111,21.807341,0.01988,4.344102,0.077322,0.381972,-0.242738,24.143977,0.000333,6.646884,0.006059,1.324073,0.023568,0.38199,-0.242957,7.359082,""
EOSS-398,K0SCC-13,2026-05-02T07:13:32.366,2026-05-02T13:13:30.000,21860.0,6662.93,1450.0,735.0,ascending,true,/131330h3933.84N/10402.15WO226/011/A=021860!W47!,"K0SCC-13>APTT4,Z,Z,Z,qAO,N0JD:/131330h3933.84N/10402.15WO226/011/A=021860!W47!",226.0,13.0,20.9,39.56406666666667,-104.03595,3.05,4.91,,,,,,,,-0.00003,-0.00008778,24.16666667,7.366,high Re,0.023333,21.862209,0.019962,4.307129,0.076375,0.535033,0.044137,24.143189,0.007111,6.663607,0.006085,1.312803,0.023279,0.535033,0.044074,7.358842,""
EOSS-398,KC0D-2,2026-05-02T07:13:46.778,2026-05-02T13:13:45.000,22322.0,6803.75,1494.0,750.0,ascending,true,/131345h3933.76N/10402.20WO208/024/A=022322 212T4330P EOSS Balloon,"KC0D-2>APZEOS,EOSS,WIDE2-1,qAO,N0JD:/131345h3933.76N/10402.20WO208/024/A=022322 212T4330P EOSS Balloon",208.0,28.0,45.1,39.562666666666665,-104.03666666666666,3.14,5.05,70.16,21.2,294.35,43300.0,0.43,0.00099435,0.51246747,-0.00003889,-0.00008889,24.9,7.58966667,high Re,0.024444,21.93125,0.020066,4.281316,0.075463,0.69342,0.058015,24.143694,0.007456,6.684654,0.006116,1.304938,0.023001,0.693529,0.058258,7.358996,""
EOSS-398,K0SCC-13,2026-05-02T07:14:02.631,2026-05-02T13:14:00.000,22598.0,6887.87,1476.0,765.0,ascending,true,/131400h3933.67N/10402.23WO209/029>K0SCC-13 EOSS Balloon BatVolt: 8.1V | Temp: 63F/A=022598!W28!,"K0SCC-13>APTT4,Z,Z,Z,qAO,N0JD:/131400h3933.67N/10402.23WO209/029>K0SCC-13 EOSS Balloon BatVolt: 8.1V | Temp: 63F/A=022598!W28!",209.0,33.0,53.1,39.5612,-104.0373,3.24,5.21,,,,,,,,-0.000045,-0.00009556,24.6,7.498,high Re,-0.01,21.990556,0.019383,4.251041,0.074718,0.613836,-0.393252,24.146337,-0.003056,6.702728,0.005908,1.295709,0.022774,0.613774,-0.393607,7.359801,""
EOSS-398,KC0D-2,2026-05-02T07:14:16.747,2026-05-02T13:14:15.000,23073.0,7032.65,1502.0,780.0,ascending,true,/131415h3933.59N/10402.28WO210/016/A=023073 210T4195P EOSS Balloon,"KC0D-2>APZEOS,EOSS,WIDE2-1,qAO,N0JD:/131415h3933.59N/10402.28WO210/016/A=023073 210T4195P EOSS Balloon",210.0,18.0,29.0,39.55983333333333,-104.038,3.33,5.36,69.8,21.0,294.15,41950.0,0.41,0.000964,0.49682743,-0.00004444,-0.00009444,25.03333333,7.63,high Re,0.014444,22.056703,0.019273,4.227415,0.073868,0.704125,-0.065373,24.157402,0.0044,6.722886,0.005874,1.288506,0.022515,0.704004,-0.065467,7.363173,""
EOSS-398,K0SCC-13,2026-05-02T07:14:32.396,2026-05-02T13:14:30.000,23336.0,7112.81,1476.0,795.0,ascending,true,/131430h3933.52N/10402.32WO189/014/A=023336!W10!,"K0SCC-13>APTT4,Z,Z,Z,qAO,N0JD:/131430h3933.52N/10402.32WO189/014/A=023336!W10!",189.0,16.0,25.7,39.558683333333335,-104.03866666666667,3.41,5.49,,,,,,,,-0.00004556,-0.00008389,24.6,7.498,high Re,-0.014444,22.110816,0.01854,4.197638,0.073212,0.592996,-0.450527,24.168048,-0.0044,6.739378,0.005651,1.279428,0.022315,0.592938,-0.450415,7.366418,""
EOSS-398,KC0D-2,2026-05-02T07:14:46.726,2026-05-02T13:14:45.000,23778.0,7247.53,1410.0,810.0,ascending,true,/131445h3933.44N/10402.35WO198/016/A=023778 206T4071P EOSS Balloon,"KC0D-2>APZEOS,EOSS,WIDE2-1,qAO,N0JD:/131445h3933.44N/10402.35WO198/016/A=023778 206T4071P EOSS Balloon",198.0,18.0,29.0,39.55733333333333,-104.03916666666667,3.5,5.63,69.08,20.6,293.75,40710.0,0.4,0.00093678,0.48279824,-0.00003889,-0.00008333,23.5,7.16266667,high Re,-0.036667,22.139757,0.017365,4.15758,0.072858,0.327172,-0.741607,24.194745,-0.011178,6.748197,0.005293,1.267218,0.022207,0.327071,-0.741703,7.374555,""
EOSS-398,K0SCC-13,2026-05-02T07:15:02.414,2026-05-02T13:15:00.000,24065.0,7335.01,1458.0,825.0,ascending,true,/131500h3933.34N/10402.36WO185/035/A=024065!W39!,"K0SCC-13>APTT4,Z,Z,Z,qAO,N0JD:/131500h3933.34N/10402.36WO185/035/A=024065!W39!",185.0,40.0,64.4,39.55571666666667,-104.03948333333334,3.61,5.81,,,,,,,,-0.00002722,-0.00009889,24.3,7.40666667,high Re,0.026667,22.183844,0.017559,4.125602,0.072091,0.512933,0.12634,24.218711,0.008133,6.761635,0.005352,1.257472,0.021973,0.512959,0.126564,7.38186,""
EOSS-398,KC0D-2,2026-05-02T07:15:16.695,2026-05-02T13:15:15.000,24522.0,7474.31,1488.0,840.0,ascending,true,/131515h3933.25N/10402.37WO196/023/A=024522 204T3943P EOSS Balloon,"KC0D-2>APZEOS,EOSS,WIDE2-1,qAO,N0JD:/131515h3933.25N/10402.37WO196/023/A=024522 204T3943P EOSS Balloon",196.0,26.0,41.8,39.55416666666667,-104.0395,3.72,5.99,68.72,20.4,293.55,39430.0,0.39,0.00090795,0.46793674,-0.00001111,-0.00010556,24.8,7.55933333,high Re,0.016667,22.236167,0.017541,4.100015,0.071336,0.625323,-0.012252,24.268727,0.005089,6.777589,0.005347,1.249677,0.021743,0.625557,-0.011866,7.397106,""
EOSS-398,K0SCC-13,2026-05-02T07:15:32.691,2026-05-02T13:15:30.000,24793.0,7556.91,1456.0,855.0,ascending,true,/131530h3933.14N/10402.41WO175/027>K0SCC-13 EOSS Balloon BatVolt: 8.1V | Temp: 62F/A=024793!W97!,"K0SCC-13>APTT4,Z,Z,Z,qAO,N0JD:/131530h3933.14N/10402.41WO175/027>K0SCC-13 EOSS Balloon BatVolt: 8.1V | Temp: 62F/A=024793!W97!",175.0,31.0,49.9,39.552483333333335,-104.04028333333333,3.83,6.16,,,,,,,,-0.00002667,-0.00010778,24.26666667,7.39666667,high Re,-0.017778,22.27598,0.016835,4.068754,0.070781,0.489262,-0.489015,24.305641,-0.005422,6.789728,0.005131,1.24015,0.021574,0.489407,-0.489154,7.408357,""
EOSS-398,KC0D-2,2026-05-02T07:15:46.749,2026-05-02T13:15:45.000,25244.0,7694.37,1444.0,870.0,ascending,true,/131545h3933.05N/10402.44WO180/026/A=025244 199T3822P EOSS Balloon,"KC0D-2>APZEOS,EOSS,WIDE2-1,qAO,N0JD:/131545h3933.05N/10402.44WO180/026/A=025244 199T3822P EOSS Balloon",180.0,30.0,48.3,39.55083333333333,-104.04066666666667,3.95,6.36,67.82,19.9,293.05,38220.0,0.38,0.00088159,0.45435091,-0.00003889,-0.00011111,24.06666667,7.33533333,high Re,-0.006667,22.310417,0.016374,4.036313,0.070147,0.435112,-0.328467,24.379458,-0.002044,6.80022,0.004991,1.23026,0.021381,0.43496,-0.32903,7.430856,""
EOSS-398,K0SCC-13,2026-05-02T07:16:02.381,2026-05-02T13:16:00.000,25554.0,7788.86,1522.0,885.0,ascending,true,/131600h3932.95N/10402.45WO184/014/A=025554!W16!,"K0SCC-13>APTT4,Z,Z,Z,qAO,N0JD:/131600h3932.95N/10402.45WO184/014/A=025554!W16!",184.0,16.0,25.7,39.54918333333333,-104.04093333333334,4.06,6.53,,,,,,,,-0.00002167,-0.00011,25.36666667,7.73166667,high Re,0.043333,22.368082,0.016892,4.019298,0.069556,0.746047,0.38014,24.439239,0.013211,6.817795,0.005149,1.225073,0.021201,0.745973,0.380265,7.449078,""
EOSS-398,KC0D-2,2026-05-02T07:16:16.780,2026-05-02T13:16:15.000,26032.0,7934.55,1576.0,900.0,ascending,true,/131615h3932.86N/10402.48WO197/024/A=026032 197T3693P EOSS Balloon,"KC0D-2>APZEOS,EOSS,WIDE2-1,qAO,N0JD:/131615h3932.86N/10402.48WO197/024/A=026032 197T3693P EOSS Balloon",197.0,28.0,45.1,39.547666666666665,-104.04133333333333,4.17,6.71,67.46,19.7,292.85,36930.0,0.36,0.00085241,0.4393155,-0.00002222,-0.00010556,26.26666667,8.006,high Re,0.03,22.440278,0.01714,4.016393,0.068908,0.952693,0.186626,24.545624,0.009144,6.839798,0.005224,1.224186,0.021003,0.952635,0.18664,7.481503,""
EOSS-398,K0SCC-13,2026-05-02T07:16:32.387,2026-05-02T13:16:30.000,26309.0,8018.98,1510.0,915.0,ascending,true,/131630h3932.75N/10402.48WO192/032/A=026309!W71!,"K0SCC-13>APTT4,Z,Z,Z,qAO,N0JD:/131630h3932.75N/10402.48WO192/032/A=026309!W71!",192.0,37.0,59.5,39.54595,-104.04135,4.28,6.89,,,,,,,,-0.00001389,-0.00010778,25.16666667,7.67066667,high Re,-0.036667,22.489848,0.016143,3.995977,0.068646,0.669878,-0.769309,24.614888,-0.011178,6.854905,0.00492,1.217962,0.020924,0.669776,-0.769356,7.502615,""
EOSS-398,KC0D-2,2026-05-02T07:16:46.791,2026-05-02T13:16:45.000,26755.0,8154.92,1446.0,930.0,ascending,true,/131645h3932.63N/10402.46WO184/024/A=026755 192T3578P EOSS Balloon,"KC0D-2>APZEOS,EOSS,WIDE2-1,qAO,N0JD:/131645h3932.63N/10402.46WO184/024/A=026755 192T3578P EOSS Balloon",184.0,28.0,45.1,39.54383333333333,-104.041,4.43,7.13,66.56,19.2,292.35,35780.0,0.35,0.00082728,0.42636317,0.00001111,-0.00012778,24.1,7.34566667,high Re,-0.035556,22.518601,0.015203,3.965325,0.068364,0.398807,-0.742481,24.737411,-0.010833,6.863669,0.004634,1.208619,0.020837,0.3988,-0.742285,7.53996,""
EOSS-398,K0SCC-13,2026-05-02T07:17:02.694,2026-05-02T13:17:00.000,27047.0,8243.93,1476.0,945.0,ascending,true,/131700h3932.52N/10402.43WO173/016>K0SCC-13 EOSS Balloon BatVolt: 8.1V | Temp: 60F/A=027047!W59!,"K0SCC-13>APTT4,Z,Z,Z,qAO,N0JD:/131700h3932.52N/10402.43WO173/016>K0SCC-13 EOSS Balloon BatVolt: 8.1V | Temp: 60F/A=027047!W59!",173.0,18.0,29.0,39.54208333333334,-104.04065,4.55,7.32,,,,,,,,0.00002333,-0.00012889,24.6,7.49833333,high Re,0.016667,22.555117,0.015229,3.939419,0.06774,0.519082,0.021228,24.824429,0.005089,6.874803,0.004642,1.200726,0.020647,0.519294,0.02165,7.566486,""
EOSS-398,KC0D-2,2026-05-02T07:17:16.724,2026-05-02T13:17:15.000,27476.0,8374.68,1442.0,960.0,ascending,true,/131715h3932.43N/10402.42WO176/020/A=027476 189T3466P EOSS Balloon,"KC0D-2>APZEOS,EOSS,WIDE2-1,qAO,N0JD:/131715h3932.43N/10402.42WO176/020/A=027476 189T3466P EOSS Balloon",176.0,23.0,37.0,39.5405,-104.04033333333334,4.66,7.5,66.02,18.9,292.05,34660.0,0.34,0.00080221,0.41344124,0.00002222,-0.00011111,24.03333333,7.32533333,high Re,-0.018889,22.580603,0.014631,3.909531,0.067284,0.371587,-0.498187,24.960936,-0.005767,6.882571,0.00446,1.191616,0.020508,0.371565,-0.498683,7.60809,""
EOSS-398,K0SCC-13,2026-05-02T07:17:32.333,2026-05-02T13:17:30.000,27809.0,8476.18,1524.0,975.0,ascending,true,/131730h3932.31N/10402.41WO182/037/A=027809!W62!,"K0SCC-13>APTT4,Z,Z,Z,qAO,N0JD:/131730h3932.31N/10402.41WO182/037/A=027809!W62!",182.0,43.0,69.2,39.5386,-104.0402,4.79,7.71,,,,,,,,0.000015,-0.00011611,25.4,7.74166667,high Re,0.045556,22.62839,0.015164,3.893024,0.066815,0.711943,0.454868,25.073058,0.013878,6.897132,0.004622,1.186581,0.020365,0.711738,0.454505,7.642266,""
EOSS-398,KC0D-2,2026-05-02T07:17:46.735,2026-05-02T13:17:45.000,28279.0,8619.44,1606.0,990.0,ascending,true,/131745h3932.19N/10402.39WO168/032/A=028279 184T3344P EOSS Balloon,"KC0D-2>APZEOS,EOSS,WIDE2-1,qAO,N0JD:/131745h3932.19N/10402.39WO168/032/A=028279 184T3344P EOSS Balloon",168.0,37.0,59.5,39.5365,-104.03983333333333,4.94,7.95,65.12,18.4,291.55,33440.0,0.33,0.0007753,0.39957257,0.00001667,-0.00013333,26.76666667,8.15866667,high Re,0.045556,22.697361,0.015679,3.896689,0.066355,1.044298,0.45026,25.238645,0.0139,6.918157,0.004779,1.187702,0.020225,1.044462,0.450977,7.692738,""
EOSS-398,K0SCC-13,2026-05-02T07:18:02.353,2026-05-02T13:18:00.000,28590.0,8714.23,1562.0,1005.0,ascending,true,/131800h3932.05N/10402.37WO171/025/A=028590!W73!,"K0SCC-13>APTT4,Z,Z,Z,qAO,N0JD:/131800h3932.05N/10402.37WO171/025/A=028590!W73!",171.0,29.0,46.7,39.53428333333333,-104.03955,5.09,8.19,,,,,,,,0.00002167,-0.00014389,26.03333333,7.935,high Re,-0.024444,22.752049,0.01501,3.887615,0.065993,0.844035,-0.597851,25.35178,-0.007456,6.934827,0.004575,1.184937,0.020115,0.844073,-0.598111,7.727221,""
EOSS-398,KC0D-2,2026-05-02T07:18:16.752,2026-05-02T13:18:15.000,29059.0,8857.18,1560.0,1020.0,ascending,true,/131815h3931.91N/10402.37WO170/029/A=029059 181T3229P EOSS Balloon,"KC0D-2>APZEOS,EOSS,WIDE2-1,qAO,N0JD:/131815h3931.91N/10402.37WO170/029/A=029059 181T3229P EOSS Balloon",170.0,33.0,53.1,39.53183333333333,-104.0395,5.26,8.47,64.58,18.1,291.25,32290.0,0.32,0.00074941,0.38622872,0.00001111,-0.00015556,26.0,7.92466667,high Re,-0.001111,22.804435,0.014746,3.87762,0.065474,0.824105,-0.242188,25.525696,-0.000344,6.950792,0.004495,1.181889,0.019957,0.823998,-0.242471,7.780231,""
EOSS-398,K0SCC-13,2026-05-02T07:18:32.679,2026-05-02T13:18:30.000,29351.0,8946.18,1522.0,1035.0,ascending,true,/131830h3931.76N/10402.35WO181/029>K0SCC-13 EOSS Balloon BatVolt: 8.1V | Temp: 58F/A=029351!W71!,"K0SCC-13>APTT4,Z,Z,Z,qAO,N0JD:/131830h3931.76N/10402.35WO181/029>K0SCC-13 EOSS Balloon BatVolt: 8.1V | Temp: 58F/A=029351!W71!",181.0,33.0,53.1,39.52945,-104.03918333333334,5.43,8.74,,,,,,,,0.00001222,-0.00016111,25.36666667,7.73166667,high Re,-0.021111,22.845106,0.014168,3.859745,0.065094,0.653297,-0.54197,25.634865,-0.006433,6.963187,0.004318,1.176439,0.019841,0.653225,-0.541858,7.813505,""
EOSS-398,KC0D-2,2026-05-02T07:18:46.723,2026-05-02T13:18:45.000,29867.0,9103.46,1616.0,1050.0,ascending,true,/131845h3931.62N/10402.34WO161/035/A=029867 175T3113P EOSS Balloon,"KC0D-2>APZEOS,EOSS,WIDE2-1,qAO,N0JD:/131845h3931.62N/10402.34WO161/035/A=029867 175T3113P EOSS Balloon",161.0,40.0,64.4,39.527,-104.039,5.6,9.01,63.5,17.5,290.65,31130.0,0.31,0.00072398,0.37312233,0.00001667,-0.00016111,26.93333333,8.20933333,high Re,0.052222,22.908984,0.014772,3.862941,0.064745,1.041784,0.578423,25.826902,0.015922,6.982658,0.004503,1.177415,0.019735,1.041838,0.578617,7.872039,""
EOSS-398,K0SCC-13,2026-05-02T07:19:02.357,2026-05-02T13:19:00.000,30181.0,9199.17,1660.0,1065.0,ascending,true,/131900h3931.47N/10402.30WO172/043/A=030181!W56!,"K0SCC-13>APTT4,Z,Z,Z,qAO,N0JD:/131900h3931.47N/10402.30WO172/043/A=030181!W56!",172.0,49.0,78.9,39.52458333333334,-104.03843333333333,5.76,9.27,,,,,,,,0.000025,-0.00016222,27.66666667,8.433,high Re,0.024444,22.982179,0.014923,3.877807,0.06424,1.208025,0.14821,25.941813,0.007456,7.004971,0.004549,1.18195,0.019581,1.208197,0.14846,7.907066,""
EOSS-398,KC0D-2,2026-05-02T07:19:16.786,2026-05-02T13:19:15.000,30623.0,9333.89,1512.0,1080.0,ascending,true,/131915h3931.34N/10402.30WO183/039/A=030623 172T3007P EOSS Balloon,"KC0D-2>APZEOS,EOSS,WIDE2-1,qAO,N0JD:/131915h3931.34N/10402.30WO183/039/A=030623 172T3007P EOSS Balloon",183.0,45.0,72.4,39.522333333333336,-104.03833333333333,5.92,9.53,62.96,17.2,290.35,30070.0,0.3,0.00070005,0.36078963,0.00002222,-0.00015556,25.2,7.681,high Re,-0.082222,23.015783,0.013428,3.857534,0.064866,0.566221,-1.474578,26.099064,-0.025067,7.015214,0.004093,1.175771,0.019771,0.566255,-1.474887,7.954995,""
EOSS-398,K0SCC-13,2026-05-02T07:19:32.368,2026-05-02T13:19:30.000,30952.0,9434.17,1542.0,1095.0,ascending,true,/131930h3931.19N/10402.29WO188/033/A=030952!W60!,"K0SCC-13>APTT4,Z,Z,Z,qAO,N0JD:/131930h3931.19N/10402.29WO188/033/A=030952!W60!",188.0,38.0,61.2,39.519933333333334,-104.03816666666667,6.08,9.78,,,,,,,,8.89e-6,-0.000155,25.7,7.83333333,high Re,0.016667,23.055846,0.013477,3.842219,0.064366,0.688184,0.04956,26.211434,0.005078,7.027425,0.004108,1.171103,0.019619,0.688162,0.049442,7.989246,""
EOSS-398,KC0D-2,2026-05-02T07:19:46.786,2026-05-02T13:19:45.000,31431.0,9580.17,1616.0,1110.0,ascending,true,/131945h3931.06N/10402.27WO175/027/A=031431 166T2897P EOSS Balloon,"KC0D-2>APZEOS,EOSS,WIDE2-1,qAO,N0JD:/131945h3931.06N/10402.27WO175/027/A=031431 166T2897P EOSS Balloon",175.0,31.0,49.9,39.51766666666666,-104.03783333333334,6.24,10.04,61.88,16.6,289.75,28970.0,0.29,0.00067584,0.34831125,0.00001667,-0.00015556,26.93333333,8.20933333,high Re,0.041111,23.112868,0.01389,3.842318,0.063966,0.994313,0.425554,26.365783,0.012533,7.044806,0.004234,1.171134,0.019497,0.994359,0.425655,8.036292,""
EOSS-398,K0SCC-13,2026-05-02T07:20:02.637,2026-05-02T13:20:00.000,31736.0,9673.13,1568.0,1125.0,ascending,true,/132000h3930.93N/10402.25WO161/022>K0SCC-13 EOSS Balloon BatVolt: 8.1V | Temp: 56F/A=031736!W95!,"K0SCC-13>APTT4,Z,Z,Z,qAO,N0JD:/132000h3930.93N/10402.25WO161/022>K0SCC-13 EOSS Balloon BatVolt: 8.1V | Temp: 56F/A=031736!W95!",161.0,25.0,40.2,39.51565,-104.03758333333333,6.38,10.27,,,,,,,,0.00001944,-0.00014278,26.13333333,7.96533333,high Re,-0.026667,23.156643,0.013293,3.831256,0.063677,0.776949,-0.627542,26.457252,-0.008133,7.058147,0.004052,1.167761,0.019409,0.77686,-0.627802,8.064171,""
EOSS-398,KC0D-2,2026-05-02T07:20:16.710,2026-05-02T13:20:15.000,32157.0,9801.45,1452.0,1140.0,ascending,true,/132015h3930.80N/10402.24WO171/039/A=032157 163T2801P EOSS Balloon,"KC0D-2>APZEOS,EOSS,WIDE2-1,qAO,N0JD:/132015h3930.80N/10402.24WO171/039/A=032157 163T2801P EOSS Balloon",171.0,45.0,72.4,39.513333333333335,-104.03733333333334,6.54,10.53,61.34,16.3,289.45,28010.0,0.28,0.00065412,0.33711805,0.00001667,-0.00014444,24.2,7.376,high Re,-0.064444,23.171548,0.012167,3.805435,0.063896,0.270259,-1.198995,26.573401,-0.019644,7.062687,0.003708,1.15989,0.019476,0.270123,-1.199014,8.099573,""
EOSS-398,K0SCC-13,2026-05-02T07:20:32.343,2026-05-02T13:20:30.000,32524.0,9913.32,1576.0,1155.0,ascending,true,/132030h3930.66N/10402.23WO186/045/A=032524!W29!,"K0SCC-13>APTT4,Z,Z,Z,qAO,N0JD:/132030h3930.66N/10402.23WO186/045/A=032524!W29!",186.0,52.0,83.7,39.51103333333334,-104.03731666666667,6.7,10.78,,,,,,,,8.89e-6,-0.00015389,26.26666667,8.00633333,high Re,0.068889,23.215141,0.012977,3.79597,0.063792,0.803886,0.876474,26.663997,0.021011,7.075978,0.003956,1.157008,0.019445,0.804104,0.877089,8.127189,""
EOSS-398,KC0D-2,2026-05-02T07:20:46.757,2026-05-02T13:20:45.000,33010.0,10061.45,1706.0,1170.0,ascending,true,/132045h3930.53N/10402.23WO168/032/A=033010 157T2692P EOSS Balloon,"KC0D-2>APZEOS,EOSS,WIDE2-1,qAO,N0JD:/132045h3930.53N/10402.23WO168/032/A=033010 157T2692P EOSS Balloon",168.0,37.0,59.5,39.508833333333335,-104.03716666666666,6.85,11.02,60.26,15.7,288.85,26920.0,0.27,0.00062997,0.32467222,5.56e-6,-0.00015,28.43333333,8.66666667,high Re,0.072222,23.287616,0.013812,3.818982,0.063724,1.347405,0.916609,26.767081,0.022011,7.098071,0.00421,1.164026,0.019424,1.347561,0.916444,8.158608,""
EOSS-398,K0SCC-13,2026-05-02T07:21:02.377,2026-05-02T13:21:00.000,33269.0,10140.39,1490.0,1185.0,ascending,true,/132100h3930.39N/10402.22WO180/040/A=033269!W90!,"K0SCC-13>APTT4,Z,Z,Z,qAO,N0JD:/132100h3930.39N/10402.22WO180/040/A=033269!W90!",180.0,46.0,74.0,39.50665,-104.037,7.0,11.27,,,,,,,,0.00001056,-0.00014611,24.83333333,7.569,high Re,-0.12,23.30879,0.011953,3.796682,0.065209,0.401546,-2.02354,26.813589,-0.036589,7.104522,0.003643,1.157227,0.019877,0.401372,-2.024048,8.172784,""
EOSS-398,KC0D-2,2026-05-02T07:21:16.787,2026-05-02T13:21:15.000,33752.0,10287.61,1484.0,1200.0,ascending,true,/132115h3930.28N/10402.20WO158/031/A=033752 154T2599P EOSS Balloon,"KC0D-2>APZEOS,EOSS,WIDE2-1,qAO,N0JD:/132115h3930.28N/10402.20WO158/031/A=033752 154T2599P EOSS Balloon",158.0,36.0,57.9,39.504666666666665,-104.03666666666666,7.14,11.49,59.72,15.4,288.55,25990.0,0.26,0.00060884,0.31378173,0.00001667,-0.00013889,24.73333333,7.53866667,high Re,-0.003333,23.328041,0.011744,3.774222,0.06478,0.37234,-0.232742,26.883705,-0.001011,7.110389,0.00358,1.150382,0.019746,0.372292,-0.232503,8.194156,""
EOSS-398,K0SCC-13,2026-05-02T07:21:32.693,2026-05-02T13:21:30.000,34109.0,10396.42,1680.0,1215.0,ascending,true,/132130h3930.15N/10402.16WO170/044>K0SCC-13 EOSS Balloon BatVolt: 8.0V | Temp: 53F/A=034109!W35!,"K0SCC-13>APTT4,Z,Z,Z,qAO,N0JD:/132130h3930.15N/10402.16WO170/044>K0SCC-13 EOSS Balloon BatVolt: 8.0V | Temp: 53F/A=034109!W35!",170.0,51.0,82.1,39.50255,-104.03608333333334,7.29,11.73,,,,,,,,0.00003056,-0.00013667,28.0,8.53433333,high Re,0.108889,23.390333,0.013056,3.787253,0.065318,1.217153,1.467176,26.921056,0.033189,7.129375,0.00398,1.154352,0.01991,1.217097,1.467052,8.20554,""
EOSS-398,KC0D-2,2026-05-02T07:21:46.743,2026-05-02T13:21:45.000,34570.0,10536.94,1636.0,1230.0,ascending,true,/132145h3930.03N/10402.13WO156/031/A=034570 148T2499P EOSS Balloon,"KC0D-2>APZEOS,EOSS,WIDE2-1,qAO,N0JD:/132145h3930.03N/10402.13WO156/031/A=034570 148T2499P EOSS Balloon",156.0,36.0,57.9,39.5005,-104.0355,7.43,11.96,58.64,14.8,287.95,24990.0,0.25,0.00058663,0.30233722,0.00003889,-0.00013889,27.26666667,8.311,high Re,-0.024444,23.441338,0.012556,3.788107,0.06502,1.009826,-0.569056,26.950465,-0.007444,7.144923,0.003827,1.154614,0.019819,1.009928,-0.568697,8.214504,""
EOSS-398,K0SCC-13,2026-05-02T07:22:02.341,2026-05-02T13:22:00.000,34873.0,10629.29,1528.0,1245.0,ascending,true,/132200h3929.90N/10402.09WO143/032/A=034873!W26!,"K0SCC-13>APTT4,Z,Z,Z,qAO,N0JD:/132200h3929.90N/10402.09WO143/032/A=034873!W26!",143.0,37.0,59.5,39.49836666666667,-104.03493333333334,7.58,12.2,,,,,,,,0.00003833,-0.00013944,25.46666667,7.76233333,high Re,-0.06,23.467641,0.011602,3.770174,0.065119,0.530221,-1.099556,26.958034,-0.018289,7.152941,0.003536,1.149149,0.019849,0.530299,-1.099552,8.216811,""
EOSS-398,KC0D-2,2026-05-02T07:22:16.803,2026-05-02T13:22:15.000,35342.0,10772.24,1544.0,1260.0,ascending,true,/132215h3929.80N/10402.05WO169/036/A=035342 144T2408P EOSS Balloon,"KC0D-2>APZEOS,EOSS,WIDE2-1,qAO,N0JD:/132215h3929.80N/10402.05WO169/036/A=035342 144T2408P EOSS Balloon",169.0,41.0,66.0,39.49666666666667,-104.03416666666666,7.7,12.39,57.92,14.4,287.55,24080.0,0.24,0.00056606,0.291733,0.00004444,-0.00012778,25.73333333,7.84333333,high Re,0.008889,23.496688,0.011567,3.754387,0.06469,0.595742,-0.041397,26.951209,0.0027,7.161792,0.003525,1.144336,0.019718,0.595578,-0.04184,8.214731,""
EOSS-398,K0SCC-13,2026-05-02T07:22:32.334,2026-05-02T13:22:30.000,35657.0,10868.25,1568.0,1275.0,ascending,true,/132230h3929.67N/10402.03WO168/037/A=035657!W82!,"K0SCC-13>APTT4,Z,Z,Z,qAO,N0JD:/132230h3929.67N/10402.03WO168/037/A=035657!W82!",168.0,43.0,69.2,39.49463333333333,-104.03386666666667,7.84,12.62,,,,,,,,0.00003556,-0.00012444,26.13333333,7.96533333,high Re,0.013333,23.530063,0.011589,3.74202,0.064268,0.695686,0.027136,26.934008,0.004067,7.171963,0.003532,1.140565,0.01959,0.695594,0.02731,8.209489,""
EOSS-398,KC0D-2,2026-05-02T07:22:46.741,2026-05-02T13:22:45.000,36112.0,11006.94,1540.0,1290.0,ascending,true,/132245h3929.55N/10401.99WO181/029/A=036112 137T2319P EOSS Balloon,"KC0D-2>APZEOS,EOSS,WIDE2-1,qAO,N0JD:/132245h3929.55N/10401.99WO181/029/A=036112 137T2319P EOSS Balloon",181.0,33.0,53.1,39.4925,-104.03316666666667,7.99,12.86,56.66,13.7,286.85,23190.0,0.23,0.00054646,0.28163611,0.00003333,-0.00013889,25.66666667,7.82333333,high Re,-0.015556,23.556771,0.011246,3.725926,0.063928,0.566274,-0.419253,26.891493,-0.004733,7.180106,0.003428,1.135661,0.019486,0.56639,-0.418814,8.19653,""
EOSS-398,K0SCC-13,2026-05-02T07:23:02.671,2026-05-02T13:23:00.000,36428.0,11103.25,1542.0,1305.0,ascending,true,/132300h3929.43N/10401.95WO170/038>K0SCC-13 EOSS Balloon BatVolt: 8.1V | Temp: 51F/A=036428!W75!,"K0SCC-13>APTT4,Z,Z,Z,qAO,N0JD:/132300h3929.43N/10401.95WO170/038>K0SCC-13 EOSS Balloon BatVolt: 8.1V | Temp: 51F/A=036428!W75!",170.0,44.0,70.8,39.49061666666666,-104.03258333333333,8.12,13.07,,,,,,,,0.00004278,-0.00013389,25.7,7.83333333,high Re,0.001111,23.58323,0.011119,3.710216,0.063532,0.570525,-0.157527,26.849923,0.000333,7.18817,0.003389,1.130872,0.019366,0.570501,-0.157802,8.18386,""
EOSS-398,KC0D-2,2026-05-02T07:23:16.801,2026-05-02T13:23:15.000,36979.0,11271.2,1734.0,1320.0,ascending,true,/132315h3929.32N/10401.91WO152/034/A=036979 134T2223P EOSS Balloon,"KC0D-2>APZEOS,EOSS,WIDE2-1,qAO,N0JD:/132315h3929.32N/10401.91WO152/034/A=036979 134T2223P EOSS Balloon",152.0,39.0,62.8,39.48866666666667,-104.03183333333334,8.26,13.29,56.12,13.4,286.55,22230.0,0.22,0.00052439,0.27025983,0.00004444,-0.00012778,28.9,8.80866667,high Re,0.106667,23.648069,0.012298,3.733696,0.06402,1.406631,1.474055,26.754658,0.032511,7.207932,0.003749,1.138028,0.019514,1.406586,1.473916,8.154823,""
EOSS-398,K0SCC-13,2026-05-02T07:23:32.375,2026-05-02T13:23:30.000,37291.0,11366.3,1726.0,1335.0,ascending,true,/132330h3929.20N/10401.85WO137/034/A=037291!W57!,"K0SCC-13>APTT4,Z,Z,Z,qAO,N0JD:/132330h3929.20N/10401.85WO137/034/A=037291!W57!",137.0,39.0,62.8,39.48675,-104.03095,8.39,13.5,,,,,,,,0.00005444,-0.00012889,28.76666667,8.76833333,high Re,-0.004444,23.709739,0.012094,3.753151,0.063651,1.347382,-0.259823,26.688406,-0.001344,7.226732,0.003687,1.143962,0.019402,1.347598,-0.259303,8.134629,""
EOSS-398,KC0D-2,2026-05-02T07:23:46.740,2026-05-02T13:23:45.000,37823.0,11528.45,1688.0,1350.0,ascending,true,/132345h3929.11N/10401.79WO144/021/A=037823 127T2132P EOSS Balloon,"KC0D-2>APZEOS,EOSS,WIDE2-1,qAO,N0JD:/132345h3929.11N/10401.79WO144/021/A=037823 127T2132P EOSS Balloon",144.0,24.0,38.6,39.485166666666665,-104.02983333333333,8.51,13.7,54.86,12.7,285.85,21320.0,0.21,0.00050416,0.25983129,0.00006667,-0.00011667,28.13333333,8.575,high Re,-0.021111,23.762401,0.011694,3.761567,0.063366,1.161998,-0.517707,26.556164,-0.006444,7.242783,0.003564,1.146526,0.019315,1.16196,-0.518147,8.094322,""
EOSS-398,K0SCC-13,2026-05-02T07:24:02.334,2026-05-02T13:24:00.000,38197.0,11642.45,1812.0,1365.0,ascending,true,/132400h3928.99N/10401.74WO184/021/A=038197!W01!,"K0SCC-13>APTT4,Z,Z,Z,qAO,N0JD:/132400h3928.99N/10401.74WO184/021/A=038197!W01!",184.0,24.0,38.6,39.48316666666667,-104.02901666666666,8.65,13.92,,,,,,,,0.00006444,-0.00011944,30.2,9.205,high Re,0.068889,23.838137,0.012375,3.803749,0.063292,1.672524,0.892909,26.449599,0.021,7.265868,0.003772,1.159384,0.019292,1.672554,0.893013,8.06184,""
EOSS-398,KC0D-2,2026-05-02T07:24:16.800,2026-05-02T13:24:15.000,38619.0,11771.07,1592.0,1380.0,ascending,true,/132415h3928.90N/10401.72WO146/028/A=038619 123T2049P EOSS Balloon,"KC0D-2>APZEOS,EOSS,WIDE2-1,qAO,N0JD:/132415h3928.90N/10401.72WO146/028/A=038619 123T2049P EOSS Balloon",146.0,32.0,51.5,39.48166666666667,-104.02866666666667,8.75,14.08,54.14,12.3,285.45,20490.0,0.2,0.00048521,0.25006583,0.00003889,-0.00011667,26.53333333,8.08733333,high Re,-0.122222,23.869477,0.010792,3.79246,0.064586,0.702409,-2.059487,26.317001,-0.037256,7.27542,0.003289,1.155943,0.019687,0.702382,-2.059481,8.021426,""
EOSS-398,K0SCC-13,2026-05-02T07:24:32.700,2026-05-02T13:24:30.000,38870.0,11847.58,1346.0,1395.0,ascending,true,/132430h3928.83N/10401.62WO114/014>K0SCC-13 EOSS Balloon BatVolt: 8.0V | Temp: 48F/A=038870!W41!,"K0SCC-13>APTT4,Z,Z,Z,qAO,N0JD:/132430h3928.83N/10401.62WO114/014>K0SCC-13 EOSS Balloon BatVolt: 8.0V | Temp: 48F/A=038870!W41!",114.0,16.0,25.7,39.48056666666667,-104.02701666666667,8.84,14.23,,,,,,,,0.00006667,-0.00008667,22.43333333,6.83766667,high Re,-0.136667,23.852969,0.009077,3.773489,0.066144,-0.376213,-2.203435,26.232398,-0.041656,7.270388,0.002767,1.150161,0.020162,-0.376227,-2.203303,7.995637,""
EOSS-398,KC0D-2,2026-05-02T07:24:46.755,2026-05-02T13:24:45.000,39389.0,12005.77,1540.0,1410.0,ascending,true,/132445h3928.76N/10401.48WO138/035/A=039389 116T1972P EOSS Balloon,"KC0D-2>APZEOS,EOSS,WIDE2-1,qAO,N0JD:/132445h3928.76N/10401.48WO138/035/A=039389 116T1972P EOSS Balloon",138.0,40.0,64.4,39.47933333333334,-104.02466666666666,8.93,14.37,52.88,11.6,284.75,19720.0,0.19,0.00046812,0.24126017,0.00013333,-0.00007778,25.66666667,7.82333333,high Re,0.107778,23.87358,0.010212,3.756718,0.066605,0.477301,1.464845,26.045235,0.032856,7.276672,0.003113,1.14505,0.020302,0.477413,1.465028,7.93859,""
EOSS-398,K0SCC-13,2026-05-02T07:25:02.381,2026-05-02T13:25:00.000,39775.0,12123.42,1810.0,1425.0,ascending,true,/132500h3928.65N/10401.37WO167/024/A=039775!W43!,"K0SCC-13>APTT4,Z,Z,Z,qAO,N0JD:/132500h3928.65N/10401.37WO167/024/A=039775!W43!",167.0,28.0,45.1,39.47756666666667,-104.02288333333334,9.06,14.58,,,,,,,,0.00013778,-0.0001,30.16666667,9.19466667,high Re,0.15,23.944288,0.0118,3.794408,0.067877,1.639881,2.036036,25.896526,0.045711,7.298222,0.003597,1.156535,0.02069,1.639764,2.035476,7.893264,""
EOSS-398,KC0D-2,2026-05-02T07:25:16.794,2026-05-02T13:25:15.000,40259.0,12270.94,1740.0,1440.0,ascending,true,/132515h3928.54N/10401.29WO158/024/A=040259 112T1889P EOSS Balloon,"KC0D-2>APZEOS,EOSS,WIDE2-1,qAO,N0JD:/132515h3928.54N/10401.29WO158/024/A=040259 112T1889P EOSS Balloon",158.0,28.0,45.1,39.47566666666667,-104.0215,9.2,14.81,52.16,11.2,284.35,18890.0,0.19,0.00044905,0.23143081,0.00010556,-0.00012222,29.0,8.839,high Re,-0.038889,24.000463,0.01123,3.810481,0.067704,1.312049,-0.740266,25.700332,-0.011856,7.315342,0.003423,1.161431,0.020637,1.31188,-0.740369,7.833466,""
EOSS-398,K0SCC-13,2026-05-02T07:25:32.403,2026-05-02T13:25:30.000,40543.0,12357.51,1536.0,1455.0,ascending,true,/132530h3928.45N/10401.24WO120/027/A=040543!W53!,"K0SCC-13>APTT4,Z,Z,Z,qAO,N0JD:/132530h3928.45N/10401.24WO120/027/A=040543!W53!",120.0,31.0,49.9,39.474250000000005,-104.02071666666667,9.31,14.98,,,,,,,,0.00007222,-0.00011056,25.6,7.803,high Re,-0.113333,24.01804,0.009846,3.79296,0.068591,0.417078,-1.795848,25.580918,-0.034533,7.320701,0.003001,1.156091,0.020907,0.417181,-1.795284,7.797065,""
EOSS-398,KC0D-2,2026-05-02T07:25:46.731,2026-05-02T13:25:45.000,40951.0,12481.86,1384.0,1470.0,ascending,true,/132545h3928.40N/10401.11WO125/023/A=040951 106T1825P EOSS Balloon,"KC0D-2>APZEOS,EOSS,WIDE2-1,qAO,N0JD:/132545h3928.40N/10401.11WO125/023/A=040951 106T1825P EOSS Balloon",125.0,26.0,41.8,39.473333333333336,-104.0185,9.38,15.1,51.08,10.6,283.75,18250.0,0.18,0.00043475,0.22406264,0.0001,-0.00007778,23.06666667,7.03066667,high Re,-0.084444,24.007699,0.00881,3.773366,0.068921,-0.249388,-1.353056,25.404781,-0.025744,7.317548,0.002685,1.150119,0.021008,-0.249436,-1.353246,7.743382,""
EOSS-398,K0SCC-13,2026-05-02T07:26:02.749,2026-05-02T13:26:00.000,41242.0,12570.56,1398.0,1485.0,ascending,true,/132600h3928.32N/10400.94WO108/040>K0SCC-13 EOSS Balloon BatVolt: 8.0V | Temp: 46F/A=041242!W02!,"K0SCC-13>APTT4,Z,Z,Z,qAO,N0JD:/132600h3928.32N/10400.94WO108/040>K0SCC-13 EOSS Balloon BatVolt: 8.0V | Temp: 46F/A=041242!W02!",108.0,46.0,74.0,39.472,-104.0157,9.5,15.29,,,,,,,,0.00016722,-0.000075,23.3,7.10166667,high Re,0.007778,24.00009,0.008799,3.75352,0.068541,-0.186516,-0.014896,25.276425,0.002367,7.315227,0.002682,1.14407,0.020892,-0.186667,-0.015078,7.704258,""
EOSS-398,KC0D-2,2026-05-02T07:26:16.743,2026-05-02T13:26:15.000,41679.0,12703.76,1456.0,1500.0,ascending,true,/132615h3928.23N/10400.82WO143/032/A=041679 102T1762P EOSS Balloon,"KC0D-2>APZEOS,EOSS,WIDE2-1,qAO,N0JD:/132615h3928.23N/10400.82WO143/032/A=041679 102T1762P EOSS Balloon",143.0,37.0,59.5,39.4705,-104.01366666666667,9.61,15.47,50.36,10.2,283.35,17620.0,0.17,0.00042034,0.21663326,0.00016111,-0.00009444,24.26666667,7.39666667,high Re,0.032222,24.002926,0.009051,3.733387,0.068211,0.070644,0.339696,25.080404,0.009833,7.316093,0.002759,1.137934,0.020791,0.070807,0.340243,7.64451,""
EOSS-398,K0SCC-13,2026-05-02T07:26:32.317,2026-05-02T13:26:30.000,41915.0,12775.69,1346.0,1515.0,ascending,true,/132630h3928.14N/10400.69WO121/041/A=041915!W74!,"K0SCC-13>APTT4,Z,Z,Z,qAO,N0JD:/132630h3928.14N/10400.69WO121/041/A=041915!W74!",121.0,47.0,75.6,39.469116666666665,-104.01156666666667,9.73,15.66,,,,,,,,0.00013778,-0.00009611,22.43333333,6.83766667,high Re,-0.061111,23.986404,0.008305,3.716965,0.068228,-0.417833,-1.017412,24.973321,-0.018633,7.311057,0.002531,1.132929,0.020797,-0.417846,-1.017647,7.611872,""
EOSS-398,KC0D-2,2026-05-02T07:26:46.735,2026-05-02T13:26:45.000,42348.0,12907.67,1338.0,1530.0,ascending,true,/132645h3928.07N/10400.55WO119/026/A=042348 96T1705P EOSS Balloon,"KC0D-2>APZEOS,EOSS,WIDE2-1,qAO,N0JD:/132645h3928.07N/10400.55WO119/026/A=042348 96T1705P EOSS Balloon",119.0,30.0,48.3,39.46783333333333,-104.00916666666667,9.84,15.84,49.28,9.6,282.75,17050.0,0.17,0.0004076,0.21007009,0.00015,-0.00008889,22.3,6.797,high Re,-0.004444,23.968837,0.00817,3.701355,0.067877,-0.450872,-0.185836,24.775427,-0.001356,7.305703,0.00249,1.128171,0.02069,-0.450909,-0.185887,7.551553,""
EOSS-398,K0SCC-13,2026-05-02T07:27:02.379,2026-05-02T13:27:00.000,42607.0,12986.61,1384.0,1545.0,ascending,true,/132700h3928.00N/10400.39WO130/034/A=042607!W42!,"K0SCC-13>APTT4,Z,Z,Z,qAO,N0JD:/132700h3928.00N/10400.39WO130/034/A=042607!W42!",130.0,39.0,62.8,39.46673333333334,-104.00653333333334,9.94,16.0,,,,,,,,0.00016778,-0.00007944,23.06666667,7.03066667,high Re,0.025556,23.959536,0.008351,3.683165,0.067542,-0.242419,0.25473,24.65657,0.007789,7.302867,0.002546,1.122627,0.020587,-0.242467,0.254675,7.515327,""
EOSS-398,KC0D-2,2026-05-02T07:27:16.747,2026-05-02T13:27:15.000,43098.0,13136.27,1500.0,1560.0,ascending,true,/132715h3927.97N/10400.24WO103/031/A=043098 92T1645P EOSS Balloon,"KC0D-2>APZEOS,EOSS,WIDE2-1,qAO,N0JD:/132715h3927.97N/10400.24WO103/031/A=043098 92T1645P EOSS Balloon",103.0,36.0,57.9,39.466166666666666,-104.004,10.0,16.09,48.56,9.2,282.35,16450.0,0.16,0.00039382,0.20296472,0.00017222,-0.00005556,25.0,7.62,high Re,0.064444,23.970153,0.00893,3.665638,0.06743,0.280946,0.823283,24.431202,0.019644,7.306103,0.002722,1.117285,0.020553,0.280946,0.823335,7.446633,""
EOSS-398,K0SCC-13,2026-05-02T07:27:32.706,2026-05-02T13:27:30.000,43345.0,13211.56,1476.0,1575.0,ascending,true,/132730h3927.89N/10400.11WO122/029>K0SCC-13 EOSS Balloon BatVolt: 8.0V | Temp: 43F/A=043345!W36!,"K0SCC-13>APTT4,Z,Z,Z,qAO,N0JD:/132730h3927.89N/10400.11WO122/029>K0SCC-13 EOSS Balloon BatVolt: 8.0V | Temp: 43F/A=043345!W36!",122.0,33.0,53.1,39.46488333333333,-104.00193333333334,10.11,16.27,,,,,,,,0.00015333,-0.00006167,24.6,7.49833333,high Re,-0.013333,23.976515,0.008703,3.647437,0.067119,0.170938,-0.328312,24.31817,-0.004056,7.308045,0.002653,1.111737,0.020459,0.171163,-0.327924,7.412179,""
EOSS-398,KC0D-2,2026-05-02T07:27:46.739,2026-05-02T13:27:45.000,43785.0,13345.67,1374.0,1590.0,ascending,true,/132745h3927.84N/10359.94WO110/029/A=043785 86T1591P EOSS Balloon,"KC0D-2>APZEOS,EOSS,WIDE2-1,qAO,N0JD:/132745h3927.84N/10359.94WO110/029/A=043785 86T1591P EOSS Balloon",110.0,33.0,53.1,39.464,-103.999,10.2,16.42,47.48,8.6,281.75,15910.0,0.16,0.0003817,0.19672009,0.00016667,-0.00007222,22.9,6.98,high Re,-0.056667,23.96575,0.008042,3.630565,0.067099,-0.293549,-0.964381,24.118018,-0.017278,7.304764,0.002451,1.106595,0.020452,-0.29348,-0.964649,7.351173,""
EOSS-398,K0SCC-13,2026-05-02T07:28:02.339,2026-05-02T13:28:00.000,44093.0,13439.55,1496.0,1605.0,ascending,true,/132800h3927.78N/10359.74WO106/039/A=044093!W26!,"K0SCC-13>APTT4,Z,Z,Z,qAO,N0JD:/132800h3927.78N/10359.74WO106/039/A=044093!W26!",106.0,45.0,72.4,39.463033333333335,-103.99576666666667,10.31,16.59,,,,,,,,0.00020556,-0.00006167,24.93333333,7.59966667,high Re,0.067778,23.97533,0.00864,3.61365,0.067025,0.265107,0.882327,23.979187,0.020656,7.307684,0.002633,1.101439,0.02043,0.265092,0.882183,7.308856,""
EOSS-398,KC0D-2,2026-05-02T07:28:16.771,2026-05-02T13:28:15.000,44500.0,13563.6,1430.0,1620.0,ascending,true,/132815h3927.71N/10359.57WO117/043/A=044500 83T1538P EOSS Balloon,"KC0D-2>APZEOS,EOSS,WIDE2-1,qAO,N0JD:/132815h3927.71N/10359.57WO117/043/A=044500 83T1538P EOSS Balloon",117.0,49.0,78.9,39.46183333333333,-103.99283333333334,10.43,16.79,46.94,8.3,281.45,15380.0,0.15,0.00036938,0.19036957,0.00020556,-0.00007222,23.83333333,7.26433333,high Re,-0.036667,23.973938,0.008191,3.595743,0.066842,-0.039103,-0.671105,23.797793,-0.011178,7.307259,0.002497,1.095981,0.020374,-0.039166,-0.671199,7.253569,""
EOSS-398,K0SCC-13,2026-05-02T07:28:32.311,2026-05-02T13:28:30.000,44832.0,13664.79,1478.0,1635.0,ascending,true,/132830h3927.63N/10359.41WO104/020/A=044832!W91!,"K0SCC-13>APTT4,Z,Z,Z,qAO,N0JD:/132830h3927.63N/10359.41WO104/020/A=044832!W91!",104.0,23.0,37.0,39.46065,-103.99018333333333,10.54,16.96,,,,,,,,0.00018611,-0.00007944,24.63333333,7.508,high Re,0.026667,23.98034,0.008372,3.578664,0.066535,0.182468,0.274968,23.65185,0.008122,7.309208,0.002552,1.090775,0.020281,0.182248,0.274641,7.209087,""
EOSS-398,KC0D-2,2026-05-02T07:28:46.726,2026-05-02T13:28:45.000,45294.0,13805.61,1588.0,1650.0,ascending,true,/132845h3927.56N/10359.22WO125/041/A=045294 78T1479P EOSS Balloon,"KC0D-2>APZEOS,EOSS,WIDE2-1,qAO,N0JD:/132845h3927.56N/10359.22WO125/041/A=045294 78T1479P EOSS Balloon",125.0,47.0,75.6,39.45933333333333,-103.987,10.68,17.19,46.04,7.8,280.95,14790.0,0.15,0.00035584,0.18339251,0.00019444,-0.00008333,26.46666667,8.067,high Re,0.061111,24.004247,0.008884,3.569585,0.066412,0.689834,0.786409,23.452173,0.018633,7.316495,0.002708,1.088007,0.020243,0.689798,0.786692,7.148224,""
EOSS-398,K0SCC-13,2026-05-02T07:29:02.642,2026-05-02T13:29:00.000,45590.0,13895.83,1516.0,1665.0,ascending,true,/132900h3927.49N/10359.03WO124/045>K0SCC-13 EOSS Balloon BatVolt: 8.0V | Temp: 40F/A=045590!W56!,"K0SCC-13>APTT4,Z,Z,Z,qAO,N0JD:/132900h3927.49N/10359.03WO124/045>K0SCC-13 EOSS Balloon BatVolt: 8.0V | Temp: 40F/A=045590!W56!",124.0,52.0,83.7,39.45825,-103.98393333333334,10.79,17.36,,,,,,,,0.00020833,-0.00008,25.26666667,7.70133333,high Re,-0.04,24.01627,0.008414,3.554518,0.066262,0.351777,-0.730645,23.326486,-0.012189,7.32016,0.002565,1.083415,0.020197,0.351826,-0.730505,7.109915,""
EOSS-398,KC0D-2,2026-05-02T07:29:16.745,2026-05-02T13:29:15.000,46037.0,14032.08,1486.0,1680.0,ascending,true,/132915h3927.42N/10358.88WO128/035/A=046037 75T1427P EOSS Balloon,"KC0D-2>APZEOS,EOSS,WIDE2-1,qAO,N0JD:/132915h3927.42N/10358.88WO128/035/A=046037 75T1427P EOSS Balloon",128.0,40.0,64.4,39.457,-103.98133333333334,10.92,17.57,45.5,7.5,280.65,14270.0,0.14,0.0003437,0.17713377,0.00018889,-0.00007778,24.76666667,7.549,high Re,-0.016667,24.023349,0.008175,3.538302,0.065988,0.210078,-0.376462,23.14017,-0.005078,7.322319,0.002492,1.078472,0.020114,0.210187,-0.376355,7.053124,""
EOSS-398,K0SCC-13,2026-05-02T07:29:32.387,2026-05-02T13:29:30.000,46440.0,14154.91,1700.0,1695.0,ascending,true,/132930h3927.36N/10358.71WO083/014/A=046440!W85!,"K0SCC-13>APTT4,Z,Z,Z,qAO,N0JD:/132930h3927.36N/10358.71WO083/014/A=046440!W85!",83.0,16.0,25.7,39.456133333333334,-103.97858333333333,11.02,17.73,,,,,,,,0.00017833,-0.00007056,28.33333333,8.636,high Re,0.118889,24.063629,0.00922,3.546135,0.066548,1.204044,1.647968,22.975862,0.036233,7.334596,0.00281,1.08086,0.020284,1.204045,1.647752,7.003044,""
EOSS-398,KC0D-2,2026-05-02T07:29:46.803,2026-05-02T13:29:45.000,46823.0,14271.65,1572.0,1710.0,ascending,true,/132945h3927.31N/10358.58WO106/034/A=046823 70T1374P EOSS Balloon,"KC0D-2>APZEOS,EOSS,WIDE2-1,qAO,N0JD:/132945h3927.31N/10358.58WO106/034/A=046823 70T1374P EOSS Balloon",106.0,39.0,62.8,39.45516666666666,-103.97633333333333,11.12,17.9,44.6,7.0,280.15,13740.0,0.14,0.00033152,0.17085927,0.00016667,-0.00006111,26.2,7.98566667,high Re,-0.071111,24.08341,0.008469,3.535507,0.066687,0.598667,-1.193336,22.822923,-0.021678,7.340624,0.002581,1.07762,0.020327,0.598581,-1.193437,6.956428,""
EOSS-398,K0SCC-13,2026-05-02T07:30:02.369,2026-05-02T13:30:00.000,46981.0,14319.81,1082.0,1725.0,ascending,true,/133000h3927.26N/10358.43WO108/032/A=046981!W34!,"K0SCC-13>APTT4,Z,Z,Z,qAO,N0JD:/133000h3927.26N/10358.43WO108/032/A=046981!W34!",108.0,37.0,59.5,39.45438333333333,-103.9739,11.21,18.04,,,,,,,,0.00015611,-0.00005833,18.03333333,5.49666667,high Re,-0.272222,24.027905,0.00587,3.566495,0.07166,-1.680802,-3.880714,22.760728,-0.082967,7.323707,0.001789,1.087064,0.021842,-1.680711,-3.880414,6.93747,""
EOSS-398,KC0D-2,2026-05-02T07:30:16.804,2026-05-02T13:30:15.000,47271.0,14408.2,896.0,1740.0,ascending,true,/133015h3927.23N/10358.30WO108/028/A=047271 68T1345P EOSS Balloon,"KC0D-2>APZEOS,EOSS,WIDE2-1,qAO,N0JD:/133015h3927.23N/10358.30WO108/028/A=047271 68T1345P EOSS Balloon",108.0,32.0,51.5,39.453833333333336,-103.97166666666666,11.29,18.17,44.24,6.8,279.95,13450.0,0.13,0.00032476,0.16737256,0.00015556,-0.00004444,14.93333333,4.55166667,high Re,-0.103333,23.945227,0.004868,3.654464,0.07209,-2.465996,-1.500916,22.6479,-0.0315,7.298507,0.001484,1.113877,0.021973,-2.466018,-1.501115,6.90308,""
EOSS-398,K0SCC-13,2026-05-02T07:30:32.644,2026-05-02T13:30:30.000,47453.0,14463.67,944.0,1755.0,ascending,true,/133030h3927.20N/10358.16WO094/023>K0SCC-13 EOSS Balloon BatVolt: 8.0V | Temp: 38F/A=047453!W96!,"K0SCC-13>APTT4,Z,Z,Z,qAO,N0JD:/133030h3927.20N/10358.16WO094/023>K0SCC-13 EOSS Balloon BatVolt: 8.0V | Temp: 38F/A=047453!W96!",94.0,26.0,41.8,39.45348333333333,-103.96943333333334,11.35,18.27,,,,,,,,0.00014889,-0.00003,15.73333333,4.79533333,high Re,0.026667,23.871246,0.005066,3.720379,0.071789,-2.187388,0.300896,22.577943,0.008122,7.275956,0.001544,1.133972,0.021882,-2.187552,0.300612,6.881759,""
EOSS-398,KC0D-2,2026-05-02T07:30:46.762,2026-05-02T13:30:45.000,47819.0,14575.23,1096.0,1770.0,ascending,true,/133045h3927.18N/10358.00WO097/029/A=047819 63T1309P EOSS Balloon,"KC0D-2>APZEOS,EOSS,WIDE2-1,qAO,N0JD:/133045h3927.18N/10358.00WO097/029/A=047819 63T1309P EOSS Balloon",97.0,33.0,53.1,39.453,-103.96666666666667,11.43,18.39,43.34,6.3,279.45,13090.0,0.13,0.00031663,0.16318415,0.00016667,-0.00002778,18.26666667,5.56766667,high Re,0.084444,23.821205,0.005781,3.741254,0.071858,-1.484673,1.094701,22.439165,0.025744,7.260703,0.001762,1.140335,0.021903,-1.484683,1.094919,6.839458,""
EOSS-398,K0SCC-13,2026-05-02T07:31:02.379,2026-05-02T13:31:00.000,48031.0,14639.85,1156.0,1785.0,ascending,true,/133100h3927.16N/10357.82WO121/045/A=048031!W34!,"K0SCC-13>APTT4,Z,Z,Z,qAO,N0JD:/133100h3927.16N/10357.82WO121/045/A=048031!W34!",121.0,52.0,83.7,39.45271666666667,-103.96373333333334,11.51,18.52,,,,,,,,0.00019,-0.00002556,19.26666667,5.87266667,high Re,0.033333,23.7809,0.006027,3.749078,0.071581,-1.204092,0.38147,22.359883,0.010167,7.24842,0.001837,1.142717,0.021818,-1.203932,0.381795,6.815292,""
EOSS-398,KC0D-2,2026-05-02T07:31:16.745,2026-05-02T13:31:15.000,48449.0,14767.26,1260.0,1800.0,ascending,true,/133115h3927.15N/10357.66WO108/033/A=048449 61T1270P EOSS Balloon,"KC0D-2>APZEOS,EOSS,WIDE2-1,qAO,N0JD:/133115h3927.15N/10357.66WO108/033/A=048449 61T1270P EOSS Balloon",108.0,38.0,61.2,39.4525,-103.961,11.57,18.62,42.98,6.1,279.25,12700.0,0.13,0.00030742,0.15843568,0.00018889,-0.00001667,21.0,6.401,high Re,0.057778,23.756506,0.006485,3.741529,0.071426,-0.736732,0.718128,22.205749,0.017611,7.240986,0.001977,1.140415,0.021771,-0.736562,0.718111,6.76831,""
EOSS-398,K0SCC-13,2026-05-02T07:31:32.331,2026-05-02T13:31:30.000,48874.0,14896.8,1686.0,1815.0,ascending,true,/133130h3927.12N/10357.50WO091/046/A=048874!W30!,"K0SCC-13>APTT4,Z,Z,Z,qAO,N0JD:/133130h3927.12N/10357.50WO091/046/A=048874!W30!",91.0,53.0,85.3,39.45205,-103.95833333333333,11.66,18.76,,,,,,,,0.00018,-0.00002222,28.1,8.565,high Re,0.236667,23.794275,0.008505,3.747037,0.074306,1.149101,3.070573,22.051708,0.072133,7.2525,0.002592,1.142095,0.022649,1.149204,3.070378,6.721358,""
EOSS-398,KC0D-2,2026-05-02T07:31:46.772,2026-05-02T13:31:45.000,49382.0,15051.63,1866.0,1830.0,ascending,true,/133145h3927.11N/10357.30WO097/041/A=049382 57T1213P EOSS Balloon,"KC0D-2>APZEOS,EOSS,WIDE2-1,qAO,N0JD:/133145h3927.11N/10357.30WO097/041/A=049382 57T1213P EOSS Balloon",97.0,47.0,75.6,39.45183333333333,-103.955,11.74,18.89,42.26,5.7,278.85,12130.0,0.12,0.00029404,0.15154186,0.0002,-0.00002222,31.1,9.479,high Re,0.1,23.857256,0.0093,3.791875,0.07447,1.910069,1.21794,21.870567,0.030467,7.271693,0.002835,1.155757,0.022698,1.909837,1.217376,6.666149,""
EOSS-398,K0SCC-13,2026-05-02T07:32:02.674,2026-05-02T13:32:00.000,49662.0,15136.98,1576.0,1845.0,ascending,true,/133200h3927.09N/10357.13WO103/032>K0SCC-13 EOSS Balloon BatVolt: 8.0V | Temp: 36F/A=049662!W91!,"K0SCC-13>APTT4,Z,Z,Z,qAO,N0JD:/133200h3927.09N/10357.13WO103/032>K0SCC-13 EOSS Balloon BatVolt: 8.0V | Temp: 36F/A=049662!W91!",103.0,37.0,59.5,39.45165,-103.95218333333334,11.81,19.01,,,,,,,,0.000205,-0.00001333,26.26666667,8.006,high Re,-0.161111,23.877849,0.007831,3.782061,0.075814,0.631618,-2.228375,21.771874,-0.0491,7.27797,0.002387,1.152765,0.023108,0.631551,-2.228103,6.636066,""
EOSS-398,KC0D-2,2026-05-02T07:32:16.775,2026-05-02T13:32:15.000,50031.0,15249.45,1298.0,1860.0,ascending,true,/133215h3927.06N/10356.93WO113/036/A=050031 56T1176P EOSS Balloon,"KC0D-2>APZEOS,EOSS,WIDE2-1,qAO,N0JD:/133215h3927.06N/10356.93WO113/036/A=050031 56T1176P EOSS Balloon",113.0,41.0,66.0,39.451,-103.94883333333334,11.93,19.2,42.08,5.6,278.75,11760.0,0.12,0.00028517,0.1469721,0.00020556,-0.00002778,21.63333333,6.594,high Re,-0.154444,23.858828,0.006444,3.771528,0.076963,-0.590078,-2.090459,21.642804,-0.047067,7.272173,0.001964,1.149554,0.023458,-0.589944,-2.090161,6.596725,""
EOSS-398,K0SCC-13,2026-05-02T07:32:32.390,2026-05-02T13:32:30.000,50259.0,15318.94,1194.0,1875.0,ascending,true,/133230h3926.99N/10356.74WO134/047/A=050259!W83!,"K0SCC-13>APTT4,Z,Z,Z,qAO,N0JD:/133230h3926.99N/10356.74WO134/047/A=050259!W83!",134.0,54.0,86.9,39.44996666666666,-103.94571666666667,12.06,19.41,,,,,,,,0.00021556,-0.00005611,19.9,6.06533333,high Re,-0.057778,23.82556,0.0059,3.773006,0.076861,-1.040433,-0.828483,21.563511,-0.017622,7.262032,0.001798,1.150007,0.023427,-1.040601,-0.828958,6.572558,""
EOSS-398,KC0D-2,2026-05-02T07:32:47.051,2026-05-02T13:32:45.000,50616.0,15427.76,1170.0,1890.0,ascending,true,/133245h3926.94N/10356.56WO118/037/A=050616 51T1144P EOSS Balloon,"KC0D-2>APZEOS,EOSS,WIDE2-1,qAO,AE0SS-11:/133245h3926.94N/10356.56WO118/037/A=050616 51T1144P EOSS Balloon",118.0,43.0,69.2,39.449,-103.94266666666667,12.19,19.62,41.18,5.1,278.25,11440.0,0.11,0.00027791,0.14322977,0.00020556,-0.00006667,19.5,5.94366667,high Re,-0.013333,23.789514,0.005738,3.777813,0.076555,-1.135449,-0.249115,21.439883,-0.004056,7.251045,0.001749,1.151471,0.023334,-1.135398,-0.248779,6.534874,""
EOSS-398,K0SCC-13,2026-05-02T07:33:02.272,2026-05-02T13:33:00.000,50794.0,15482.01,1070.0,1905.0,ascending,true,/133300h3926.88N/10356.41WO121/025/A=050794!W01!,"K0SCC-13>APTT4,Z,Z,Z,qAO,N0JD:/133300h3926.88N/10356.41WO121/025/A=050794!W01!",121.0,29.0,46.7,39.448,-103.94018333333334,12.31,19.81,,,,,,,,0.00018444,-0.00006556,17.83333333,5.43566667,high Re,-0.055556,23.740289,0.005227,3.800806,0.076438,-1.554132,-0.795193,21.378423,-0.016933,7.236042,0.001593,1.158479,0.023298,-1.554085,-0.795176,6.516143,""
EOSS-398,KC0D-2,2026-05-02T07:33:16.769,2026-05-02T13:33:15.000,51123.0,15582.29,1014.0,1920.0,ascending,true,/133315h3926.83N/10356.25WO125/032/A=051123 50T1115P EOSS Balloon,"KC0D-2>APZEOS,EOSS,WIDE2-1,qAO,N0JD:/133315h3926.83N/10356.25WO125/032/A=051123 50T1115P EOSS Balloon",125.0,37.0,59.5,39.44716666666667,-103.9375,12.43,20.0,41.0,5.0,278.15,11150.0,0.11,0.00027096,0.13964914,0.00017222,-0.00006111,16.9,5.151,high Re,-0.031111,23.684221,0.004927,3.835396,0.076191,-1.768845,-0.472995,21.26503,-0.009489,7.218952,0.001502,1.169023,0.023223,-1.768957,-0.473281,6.48158,""
EOSS-398,K0SCC-13,2026-05-02T07:33:32.673,2026-05-02T13:33:30.000,51483.0,15692.02,1378.0,1935.0,ascending,true,/133330h3926.76N/10356.11WO119/031>K0SCC-13 EOSS Balloon BatVolt: 8.0V | Temp: 34F/A=051483!W35!,"K0SCC-13>APTT4,Z,Z,Z,qAO,N0JD:/133330h3926.76N/10356.11WO119/031>K0SCC-13 EOSS Balloon BatVolt: 8.0V | Temp: 34F/A=051483!W35!",119.0,36.0,57.9,39.44605,-103.93525,12.55,20.2,,,,,,,,0.00016444,-0.000065,22.96666667,7.00033333,high Re,0.202222,23.678388,0.006544,3.820192,0.077949,-0.186305,2.510334,21.141109,0.061644,7.217174,0.001995,1.164389,0.023759,-0.186227,2.510585,6.443808,""
EOSS-398,KC0D-2,2026-05-02T07:33:46.776,2026-05-02T13:33:45.000,52007.0,15851.73,1768.0,1950.0,ascending,true,/133345h3926.73N/10355.93WO109/032/A=052007 46T1068P EOSS Balloon,"KC0D-2>APZEOS,EOSS,WIDE2-1,qAO,N0JD:/133345h3926.73N/10355.93WO109/032/A=052007 46T1068P EOSS Balloon",109.0,37.0,59.5,39.4455,-103.93216666666666,12.66,20.37,40.28,4.6,277.75,10680.0,0.11,0.00025992,0.13395522,0.00017778,-0.00005556,29.46666667,8.98133333,high Re,0.216667,23.725067,0.008253,3.839976,0.079908,1.495218,2.608174,20.960687,0.066033,7.231401,0.002515,1.170418,0.024356,1.495134,2.607899,6.388817,""
EOSS-398,K0SCC-13,2026-05-02T07:34:02.411,2026-05-02T13:34:00.000,52270.0,15931.9,1574.0,1965.0,ascending,true,/133400h3926.69N/10355.75WO117/036/A=052270!W91!,"K0SCC-13>APTT4,Z,Z,Z,qAO,N0JD:/133400h3926.69N/10355.75WO117/036/A=052270!W91!",117.0,41.0,66.0,39.44498333333333,-103.92918333333333,12.76,20.54,,,,,,,,0.00020222,-0.00003556,26.23333333,7.996,high Re,-0.107778,23.745133,0.007317,3.831035,0.080261,0.649485,-1.434009,20.869998,-0.032844,7.237518,0.00223,1.167694,0.024464,0.649555,-1.433698,6.361173,""
EOSS-398,KC0D-2,2026-05-02T07:34:16.760,2026-05-02T13:34:15.000,52824.0,16100.76,1634.0,1980.0,ascending,true,/133415h3926.64N/10355.63WO094/032/A=052824 45T1026P EOSS Balloon,"KC0D-2>APZEOS,EOSS,WIDE2-1,qAO,N0JD:/133415h3926.64N/10355.63WO094/032/A=052824 45T1026P EOSS Balloon",94.0,37.0,59.5,39.444,-103.92716666666666,12.87,20.71,40.1,4.5,277.65,10260.0,0.1,0.00024978,0.12873366,0.00016667,-0.00005,27.23333333,8.301,low Re,0.033333,23.772817,0.007525,3.828314,0.079971,0.903927,0.322717,20.678488,0.010167,7.245959,0.002294,1.166866,0.024375,0.904166,0.322995,6.3028,high_to_low
EOSS-398,K0SCC-13,2026-05-02T07:34:32.359,2026-05-02T13:34:30.000,52992.0,16151.96,1444.0,1995.0,ascending,true,/133430h3926.61N/10355.49WO098/033/A=052992!W16!,"K0SCC-13>APTT4,Z,Z,Z,qAO,N0JD:/133430h3926.61N/10355.49WO098/033/A=052992!W16!",98.0,38.0,61.2,39.44351666666667,-103.92493333333334,12.96,20.86,,,,,,,,0.00014167,-0.00004889,24.06666667,7.33533333,low Re,-0.105556,23.775131,0.006628,3.813181,0.080285,0.076455,-1.397322,20.620267,-0.032189,7.246662,0.00202,1.162253,0.024471,0.076293,-1.39794,6.285057,""
EOSS-398,KC0D-2,2026-05-02T07:34:46.750,2026-05-02T13:34:45.000,53320.0,16251.94,992.0,2010.0,ascending,true,/133445h3926.59N/10355.33WO110/031/A=053320 41T1002P EOSS Balloon,"KC0D-2>APZEOS,EOSS,WIDE2-1,qAO,N0JD:/133445h3926.59N/10355.33WO110/031/A=053320 41T1002P EOSS Balloon",110.0,36.0,57.9,39.44316666666667,-103.92216666666667,13.05,21.0,39.38,4.1,277.25,10020.0,0.1,0.00024429,0.12590374,0.00016667,-0.00002778,16.53333333,5.03933333,low Re,-0.251111,23.718555,0.004598,3.851697,0.083172,-1.865469,-3.07446,20.506402,-0.076533,7.229418,0.001402,1.173994,0.025351,-1.865499,-3.074238,6.250349,""
EOSS-398,K0SCC-13,2026-05-02T07:35:02.641,2026-05-02T13:35:00.000,53616.0,16342.16,1248.0,2025.0,ascending,true,/133500h3926.57N/10355.15WO085/035>K0SCC-13 EOSS Balloon BatVolt: 8.0V | Temp: 32F/A=053616!W79!,"K0SCC-13>APTT4,Z,Z,Z,qAO,N0JD:/133500h3926.57N/10355.15WO085/035>K0SCC-13 EOSS Balloon BatVolt: 8.0V | Temp: 32F/A=053616!W79!",85.0,40.0,64.4,39.442949999999996,-103.91931666666667,13.14,21.15,,,,,,,,0.00018722,-0.00001889,20.8,6.34,low Re,0.142222,23.69593,0.005673,3.845218,0.083732,-0.753125,1.630786,20.403447,0.043356,7.222523,0.001729,1.172018,0.025522,-0.752994,1.631024,6.218968,""
EOSS-398,KC0D-2,2026-05-02T07:35:16.718,2026-05-02T13:35:15.000,53949.0,16443.66,1258.0,2040.0,ascending,true,/133515h3926.56N/10354.97WO111/031/A=053949 40T971P EOSS Balloon,"KC0D-2>APZEOS,EOSS,WIDE2-1,qAO,N0JD:/133515h3926.56N/10354.97WO111/031/A=053949 40T971P EOSS Balloon",111.0,36.0,57.9,39.44266666666667,-103.91616666666667,13.24,21.31,39.2,4.0,277.15,9710.0,0.1,0.00023682,0.12205253,0.0002,-0.00001667,20.96666667,6.39066667,low Re,0.005556,23.674936,0.005672,3.837757,0.083405,-0.705691,-0.001391,20.287458,0.001689,7.216124,0.001729,1.169744,0.025422,-0.705673,-0.001573,6.183615,""
EOSS-398,K0SCC-13,2026-05-02T07:35:32.327,2026-05-02T13:35:30.000,54137.0,16500.96,1042.0,2055.0,ascending,true,/133530h3926.51N/10354.80WO114/033/A=054137!W43!,"K0SCC-13>APTT4,Z,Z,Z,qAO,N0JD:/133530h3926.51N/10354.80WO114/033/A=054137!W43!",114.0,38.0,61.2,39.441900000000004,-103.91338333333333,13.36,21.5,,,,,,,,0.00019778,-0.000035,17.36666667,5.29333333,low Re,-0.12,23.626781,0.004706,3.862494,0.083809,-1.620744,-1.487979,20.221934,-0.036578,7.201446,0.001434,1.177284,0.025545,-1.620775,-1.488041,6.163644,""
EOSS-398,KC0D-2,2026-05-02T07:35:46.779,2026-05-02T13:35:45.000,54460.0,16599.41,1022.0,2070.0,ascending,true,/133545h3926.46N/10354.65WO112/029/A=054460 37T946P EOSS Balloon,"KC0D-2>APZEOS,EOSS,WIDE2-1,qAO,N0JD:/133545h3926.46N/10354.65WO112/029/A=054460 37T946P EOSS Balloon",112.0,33.0,53.1,39.441,-103.91083333333333,13.49,21.71,38.66,3.7,276.85,9460.0,0.09,0.00023097,0.11903894,0.00017778,-0.00005556,17.03333333,5.19166667,low Re,-0.011111,23.576831,0.004585,3.890285,0.083497,-1.68201,-0.187983,20.10937,-0.003389,7.186221,0.001397,1.185756,0.02545,-1.682095,-0.188055,6.129334,""
EOSS-398,K0SCC-13,2026-05-02T07:36:02.284,2026-05-02T13:36:00.000,54666.0,16662.2,1058.0,2085.0,ascending,true,/133600h3926.42N/10354.50WO140/037/A=054666!W70!,"K0SCC-13>APTT4,Z,Z,Z,qAO,N0JD:/133600h3926.42N/10354.50WO140/037/A=054666!W70!",140.0,43.0,69.2,39.44045,-103.90833333333333,13.59,21.87,,,,,,,,0.00016833,-0.00004833,17.63333333,5.37466667,low Re,0.02,23.532143,0.004702,3.909638,0.083189,-1.508787,0.183895,20.037644,0.0061,7.1726,0.001433,1.191655,0.025356,-1.50877,0.184059,6.107472,""
EOSS-398,KC0D-2,2026-05-02T07:36:16.730,2026-05-02T13:36:15.000,55014.0,16768.27,1108.0,2100.0,ascending,true,/133615h3926.40N/10354.33WO111/031/A=055014 36T921P EOSS Balloon,"KC0D-2>APZEOS,EOSS,WIDE2-1,qAO,N0JD:/133615h3926.40N/10354.33WO111/031/A=055014 36T921P EOSS Balloon",111.0,36.0,57.9,39.44,-103.9055,13.69,22.03,38.48,3.6,276.75,9210.0,0.09,0.00022495,0.11593497,0.00017778,-0.00003333,18.46666667,5.62866667,low Re,0.027778,23.494341,0.004875,3.919417,0.082897,-1.282761,0.276283,19.916734,0.008467,7.161078,0.001486,1.194635,0.025267,-1.282744,0.276289,6.070619,""
EOSS-398,K0SCC-13,2026-05-02T07:36:32.675,2026-05-02T13:36:30.000,55223.0,16831.97,1114.0,2115.0,ascending,true,/133630h3926.34N/10354.16WO119/038>K0SCC-13 EOSS Balloon BatVolt: 8.0V | Temp: 31F/A=055223!W53!,"K0SCC-13>APTT4,Z,Z,Z,qAO,N0JD:/133630h3926.34N/10354.16WO119/038>K0SCC-13 EOSS Balloon BatVolt: 8.0V | Temp: 31F/A=055223!W53!",119.0,44.0,70.8,39.439083333333336,-103.90271666666666,13.83,22.26,,,,,,,,0.00018722,-0.00004556,18.56666667,5.659,low Re,0.003333,23.45784,0.004864,3.927729,0.082585,-1.245293,-0.018538,19.844362,0.001011,7.149951,0.001482,1.19717,0.025172,-1.245396,-0.018711,6.048561,""
EOSS-398,KC0D-2,2026-05-02T07:36:46.986,2026-05-02T13:36:45.000,55576.0,16939.56,1124.0,2130.0,ascending,true,/133645h3926.28N/10354.01WO109/038/A=055576 33T896P EOSS Balloon,"KC0D-2>APZEOS,EOSS,WIDE2-1,qAO,KE0UWC-9:/133645h3926.28N/10354.01WO109/038/A=055576 33T896P EOSS Balloon",109.0,44.0,70.8,39.438,-103.90016666666666,13.96,22.47,37.94,3.3,276.45,8960.0,0.09,0.00021908,0.11291038,0.00017778,-0.00006667,18.73333333,5.70966667,low Re,0.005556,23.4231,0.004869,3.93407,0.082276,-1.19209,0.00835,19.722742,0.001689,7.139361,0.001484,1.199105,0.025078,-1.192301,0.008174,6.011492,""
EOSS-398,K0SCC-13,2026-05-02T07:37:02.390,2026-05-02T13:37:00.000,55752.0,16993.21,1058.0,2145.0,ascending,true,/133700h3926.23N/10353.84WO109/049/A=055752!W57!,"K0SCC-13>APTT4,Z,Z,Z,qAO,KB0TVJ-1:/133700h3926.23N/10353.84WO109/049/A=055752!W57!",109.0,56.0,90.1,39.437250000000006,-103.89745,14.09,22.68,,,,,,,,0.00017556,-0.00006111,17.63333333,5.37466667,low Re,-0.036667,23.380839,0.004563,3.950669,0.082048,-1.454818,-0.502511,19.662478,-0.011167,7.12648,0.001391,1.204164,0.025008,-1.454796,-0.502159,5.993122,""
EOSS-398,KC0D-2,2026-05-02T07:37:16.775,2026-05-02T13:37:15.000,56106.0,17101.11,1060.0,2160.0,ascending,true,/133715h3926.18N/10353.69WO118/030/A=056106 32T873P EOSS Balloon,"KC0D-2>APZEOS,EOSS,WIDE2-1,qAO,N0JD:/133715h3926.18N/10353.69WO118/030/A=056106 32T873P EOSS Balloon",118.0,35.0,56.3,39.43633333333333,-103.89483333333334,14.21,22.87,37.76,3.2,276.35,8730.0,0.09,0.00021354,0.11005182,0.00017778,-0.00005556,17.66666667,5.385,low Re,0.001111,23.339432,0.004538,3.966165,0.081747,-1.43029,-0.041922,19.542247,0.000344,7.113861,0.001383,1.208885,0.024916,-1.430129,-0.0417,5.956476,""
EOSS-398,K0SCC-13,2026-05-02T07:37:32.337,2026-05-02T13:37:30.000,56313.0,17164.2,1122.0,2175.0,ascending,true,/133730h3926.12N/10353.56WO082/029/A=056313!W83!,"K0SCC-13>APTT4,Z,Z,Z,qAO,N0JD:/133730h3926.12N/10353.56WO082/029/A=056313!W83!",82.0,33.0,53.1,39.43546666666666,-103.89271666666667,14.33,23.06,,,,,,,,0.00015778,-0.00005944,18.7,5.69966667,low Re,0.034444,23.306055,0.004755,3.971313,0.081488,-1.159832,0.364336,19.472674,0.010489,7.103687,0.001449,1.210455,0.024837,-1.159911,0.363973,5.935271,""
EOSS-398,KC0D-2,2026-05-02T07:37:46.703,2026-05-02T13:37:45.000,56647.0,17266.01,1082.0,2190.0,ascending,true,/133745h3926.08N/10353.44WO097/024/A=056647 29T849P EOSS Balloon,"KC0D-2>APZEOS,EOSS,WIDE2-1,qAO,N0JD:/133745h3926.08N/10353.44WO097/024/A=056647 29T849P EOSS Balloon",97.0,28.0,45.1,39.434666666666665,-103.89066666666666,14.43,23.22,37.22,2.9,276.05,8490.0,0.08,0.00020789,0.10714265,0.00013889,-0.00005556,18.03333333,5.49666667,low Re,-0.022222,23.268393,0.004561,3.982016,0.081224,-1.314676,-0.329742,19.361808,-0.006767,7.092208,0.00139,1.213716,0.024757,-1.314592,-0.329483,5.901477,""
EOSS-398,K0SCC-13,2026-05-02T07:38:02.676,2026-05-02T13:38:00.000,56838.0,17324.22,1050.0,2205.0,ascending,true,/133800h3926.06N/10353.34WO115/022>K0SCC-13 EOSS Balloon BatVolt: 8.0V | Temp: 30F/A=056838!W44!,"K0SCC-13>APTT4,Z,Z,Z,qAO,N0JD:/133800h3926.06N/10353.34WO115/022>K0SCC-13 EOSS Balloon BatVolt: 8.0V | Temp: 30F/A=056838!W44!",115.0,25.0,40.2,39.434400000000004,-103.88906666666666,14.5,23.34,,,,,,,,0.00012167,-0.00003556,17.5,5.334,low Re,-0.017778,23.227482,0.004401,3.997396,0.080953,-1.432803,-0.273974,19.299303,-0.005422,7.079738,0.001342,1.218404,0.024675,-1.432807,-0.274124,5.882428,""
EOSS-398,KC0D-2,2026-05-02T07:38:16.760,2026-05-02T13:38:15.000,57194.0,17432.73,1094.0,2220.0,ascending,true,/133815h3926.04N/10353.21WO096/023/A=057194 29T827P EOSS Balloon,"KC0D-2>APZEOS,EOSS,WIDE2-1,qAO,N0JD:/133815h3926.04N/10353.21WO096/023/A=057194 29T827P EOSS Balloon",96.0,26.0,41.8,39.434,-103.88683333333333,14.59,23.48,37.22,2.9,276.05,8270.0,0.08,0.0002025,0.10436628,0.00012778,-0.00002222,18.23333333,5.55733333,low Re,0.024444,23.192312,0.004543,4.005183,0.080681,-1.23814,0.246663,19.184837,0.007444,7.069017,0.001385,1.220779,0.024592,-1.238294,0.246381,5.847538,""
EOSS-398,K0SCC-13,2026-05-02T07:38:32.380,2026-05-02T13:38:30.000,57425.0,17503.14,1174.0,2235.0,ascending,true,/133830h3926.00N/10353.06WO092/039/A=057425!W35!,"K0SCC-13>APTT4,Z,Z,Z,qAO,N0JD:/133830h3926.00N/10353.06WO092/039/A=057425!W35!",92.0,45.0,72.4,39.43338333333333,-103.88441666666667,14.7,23.66,,,,,,,,0.000155,-0.00003389,19.56666667,5.964,low Re,0.044444,23.166958,0.004824,4.002556,0.080464,-0.899498,0.492394,19.112171,0.013556,7.06129,0.001471,1.219978,0.024526,-0.899434,0.492742,5.825389,""
EOSS-398,KC0D-2,2026-05-02T07:38:46.983,2026-05-02T13:38:45.000,57770.0,17608.3,1152.0,2250.0,ascending,true,/133845h3925.97N/10352.93WO096/025/A=057770 26T804P EOSS Balloon,"KC0D-2>APZEOS,EOSS,WIDE2-1,qAO,AE0SS-11:/133845h3925.97N/10352.93WO096/025/A=057770 26T804P EOSS Balloon",96.0,29.0,46.7,39.432833333333335,-103.88216666666666,14.8,23.82,36.68,2.6,275.75,8040.0,0.08,0.00019709,0.1015741,0.00015556,-0.00003889,19.2,5.85233333,low Re,-0.012222,23.13941,0.004705,4.002212,0.080193,-0.984308,-0.211078,19.006345,-0.003722,7.052894,0.001434,1.219872,0.024443,-0.984169,-0.21094,5.793132,""
EOSS-398,K0SCC-13,2026-05-02T07:39:02.344,2026-05-02T13:39:00.000,57960.0,17666.21,1070.0,2265.0,ascending,true,/133900h3925.94N/10352.77WO079/033/A=057960!W89!,"K0SCC-13>APTT4,Z,Z,Z,qAO,N0JD:/133900h3925.94N/10352.77WO079/033/A=057960!W89!",79.0,38.0,61.2,39.43246666666666,-103.87965,14.89,23.96,,,,,,,,0.00015889,-0.00003056,17.83333333,5.43566667,low Re,-0.045556,23.102816,0.004356,4.01256,0.080022,-1.313247,-0.623728,18.949595,-0.013889,7.041741,0.001328,1.223025,0.024391,-1.313198,-0.623878,5.775835,""
EOSS-398,KC0D-2,2026-05-02T07:39:16.750,2026-05-02T13:39:15.000,58311.0,17773.19,1082.0,2280.0,ascending,true,/133915h3925.92N/10352.63WO102/026/A=058311 26T782P EOSS Balloon,"KC0D-2>APZEOS,EOSS,WIDE2-1,qAO,N0JD:/133915h3925.92N/10352.63WO102/026/A=058311 26T782P EOSS Balloon",102.0,30.0,48.3,39.432,-103.87716666666667,15.0,24.14,36.68,2.6,275.75,7820.0,0.08,0.00019169,0.09879471,0.00016667,-0.00002778,18.03333333,5.49633333,low Re,0.006667,23.068094,0.004372,4.02065,0.079744,-1.252226,0.02878,18.847941,0.002022,7.031156,0.001333,1.225493,0.024306,-1.252412,0.028347,5.744853,""
EOSS-398,K0SCC-13,2026-05-02T07:39:32.677,2026-05-02T13:39:30.000,58518.0,17836.29,1116.0,2295.0,ascending,true,/133930h3925.89N/10352.46WO086/022>K0SCC-13 EOSS Balloon BatVolt: 8.0V | Temp: 28F/A=058518!W86!,"K0SCC-13>APTT4,Z,Z,Z,qAO,N0JD:/133930h3925.89N/10352.46WO086/022>K0SCC-13 EOSS Balloon BatVolt: 8.0V | Temp: 28F/A=058518!W86!",86.0,25.0,40.2,39.43163333333333,-103.87443333333334,15.1,24.3,,,,,,,,0.00017389,-0.00002778,18.6,5.66933333,low Re,0.018889,23.037698,0.004472,4.023768,0.079478,-1.102871,0.181396,18.790098,0.005767,7.021892,0.001363,1.226443,0.024225,-1.10283,0.181796,5.72722,""
EOSS-398,KC0D-2,2026-05-02T07:39:46.723,2026-05-02T13:39:45.000,58861.0,17940.83,1100.0,2310.0,ascending,true,/133945h3925.88N/10352.30WO091/030/A=058861 23T761P EOSS Balloon,"KC0D-2>APZEOS,EOSS,WIDE2-1,qAO,N0JD:/133945h3925.88N/10352.30WO091/030/A=058861 23T761P EOSS Balloon",91.0,35.0,56.3,39.431333333333335,-103.87166666666667,15.21,24.48,36.14,2.3,275.45,7610.0,0.08,0.00018675,0.09624636,0.00018333,-0.00002222,18.33333333,5.588,low Re,-0.008889,23.005912,0.004381,4.02866,0.079213,-1.159834,-0.167523,18.69802,-0.002711,7.012203,0.001335,1.227934,0.024144,-1.159837,-0.167578,5.699157,""
EOSS-398,K0SCC-13,2026-05-02T07:40:02.376,2026-05-02T13:40:00.000,59076.0,18006.36,1116.0,2325.0,ascending,true,/134000h3925.87N/10352.14WO112/015/A=059076!W80!,"K0SCC-13>APTT4,Z,Z,Z,qAO,N0JD:/134000h3925.87N/10352.14WO112/015/A=059076!W80!",112.0,17.0,27.4,39.4313,-103.869,15.29,24.61,,,,,,,,0.00018111,-0.00001111,18.6,5.669,low Re,0.008889,22.976342,0.004411,4.031218,0.078944,-1.085613,0.056724,18.642879,0.0027,7.003189,0.001344,1.228716,0.024062,-1.08584,0.056354,5.68235,""
EOSS-398,KC0D-2,2026-05-02T07:40:16.698,2026-05-02T13:40:15.000,59490.0,18132.55,1258.0,2340.0,ascending,true,/134015h3925.83N/10351.99WO135/029/A=059490 23T738P EOSS Balloon,"KC0D-2>APZEOS,EOSS,WIDE2-1,qAO,N0JD:/134015h3925.83N/10351.99WO135/029/A=059490 23T738P EOSS Balloon",135.0,33.0,53.1,39.4305,-103.8665,15.42,24.82,36.14,2.3,275.45,7380.0,0.07,0.0001811,0.09333747,0.00017222,-0.00002778,20.96666667,6.39066667,low Re,0.078889,22.962944,0.004911,4.021017,0.078913,-0.496461,0.937463,18.542764,0.024056,6.999105,0.001497,1.225607,0.024053,-0.496438,0.937887,5.651834,""
EOSS-398,K0SCC-13,2026-05-02T07:40:32.321,2026-05-02T13:40:30.000,59702.0,18197.17,1252.0,2355.0,ascending,true,/134030h3925.76N/10351.86WO136/022/A=059702!W98!,"K0SCC-13>APTT4,Z,Z,Z,qAO,N0JD:/134030h3925.76N/10351.86WO136/022/A=059702!W98!",136.0,25.0,40.2,39.42948333333333,-103.86446666666667,15.54,25.01,,,,,,,,0.00015111,-0.00006056,20.86666667,6.36033333,low Re,-0.003333,22.949062,0.004856,4.011221,0.07865,-0.519143,-0.10412,18.494792,-0.001011,6.994875,0.00148,1.22262,0.023973,-0.519002,-0.103909,5.637212,""
EOSS-398,KC0D-2,2026-05-02T07:40:46.749,2026-05-02T13:40:45.000,60057.0,18305.37,1134.0,2370.0,ascending,true,/134045h3925.72N/10351.73WO111/031/A=060057 21T717P EOSS Balloon,"KC0D-2>APZEOS,EOSS,WIDE2-1,qAO,N0JD:/134045h3925.72N/10351.73WO111/031/A=060057 21T717P EOSS Balloon",111.0,36.0,57.9,39.428666666666665,-103.86216666666667,15.66,25.2,35.78,2.1,275.25,7170.0,0.07,0.00017608,0.09074742,0.00014444,-0.00006111,18.9,5.76066667,low Re,-0.065556,22.922423,0.00439,4.011384,0.078597,-1.002752,-0.889932,18.419805,-0.019989,6.986755,0.001338,1.22267,0.023956,-1.002796,-0.890257,5.614357,""
EOSS-398,K0SCC-13,2026-05-02T07:41:02.711,2026-05-02T13:41:00.000,60257.0,18366.33,1110.0,2385.0,ascending,true,/134100h3925.68N/10351.60WO119/020>K0SCC-13 EOSS Balloon BatVolt: 8.0V | Temp: 26F/A=060257!W08!,"K0SCC-13>APTT4,Z,Z,Z,qAO,N0JD:/134100h3925.68N/10351.60WO119/020>K0SCC-13 EOSS Balloon BatVolt: 8.0V | Temp: 26F/A=060257!W08!",119.0,23.0,37.0,39.428,-103.86013333333334,15.76,25.36,,,,,,,,0.00014444,-0.00004944,18.5,5.63866667,low Re,-0.013333,22.893519,0.004273,4.014121,0.078349,-1.094516,-0.224713,18.380645,-0.004067,6.977944,0.001302,1.223505,0.023881,-1.094624,-0.224823,5.602421,""
EOSS-398,KC0D-2,2026-05-02T07:41:16.732,2026-05-02T13:41:15.000,60587.0,18466.92,1060.0,2400.0,ascending,true,/134115h3925.67N/10351.47WO114/025/A=060587 21T699P EOSS Balloon,"KC0D-2>APZEOS,EOSS,WIDE2-1,qAO,N0JD:/134115h3925.67N/10351.47WO114/025/A=060587 21T699P EOSS Balloon",114.0,29.0,46.7,39.42783333333333,-103.85783333333333,15.85,25.51,35.78,2.1,275.25,6990.0,0.07,0.00017166,0.08846924,0.00014444,-0.00002778,17.66666667,5.385,low Re,-0.027778,22.859578,0.004064,4.02309,0.078134,-1.290777,-0.407531,18.321135,-0.008456,6.9676,0.001239,1.226237,0.023815,-1.290615,-0.407096,5.584281,""
EOSS-398,K0SCC-13,2026-05-02T07:41:32.386,2026-05-02T13:41:30.000,60779.0,18525.44,1044.0,2415.0,ascending,true,/134130h3925.63N/10351.32WO085/019/A=060779!W30!,"K0SCC-13>APTT4,Z,Z,Z,qAO,N0JD:/134130h3925.63N/10351.32WO085/019/A=060779!W30!",85.0,22.0,35.4,39.427216666666666,-103.85533333333333,15.96,25.69,,,,,,,,0.00016,-0.00002611,17.4,5.30366667,low Re,-0.008889,22.824355,0.00398,4.033913,0.077885,-1.344688,-0.165231,18.289538,-0.002711,6.956865,0.001213,1.229535,0.02374,-1.344572,-0.165291,5.574651,""
EOSS-398,KC0D-2,2026-05-02T07:41:46.727,2026-05-02T13:41:45.000,61132.0,18633.03,1090.0,2430.0,ascending,true,/134145h3925.59N/10351.18WO104/030/A=061132 18T680P EOSS Balloon,"KC0D-2>APZEOS,EOSS,WIDE2-1,qAO,N0JD:/134145h3925.59N/10351.18WO104/030/A=061132 18T680P EOSS Balloon",104.0,35.0,56.3,39.4265,-103.853,16.08,25.88,35.24,1.8,274.95,6800.0,0.07,0.00016717,0.0861584,0.00016111,-0.00004444,18.16666667,5.537,low Re,0.025556,22.794498,0.004119,4.038135,0.077651,-1.146032,0.276069,18.237474,0.007778,6.947764,0.001255,1.230824,0.023668,-1.146195,0.275604,5.558782,""
EOSS-398,K0SCC-13,2026-05-02T07:42:02.395,2026-05-02T13:42:00.000,61323.0,18691.25,1088.0,2445.0,ascending,true,/134200h3925.51N/10351.06WO147/022/A=061323!W82!,"K0SCC-13>APTT4,Z,Z,Z,qAO,N0JD:/134200h3925.51N/10351.06WO147/022/A=061323!W82!",147.0,25.0,40.2,39.4253,-103.85103333333333,16.21,26.09,,,,,,,,0.00014333,-0.00006389,18.13333333,5.527,low Re,-0.001111,22.764809,0.004085,4.042325,0.077402,-1.145745,-0.06713,18.212646,-0.000333,6.938714,0.001245,1.232101,0.023592,-1.145778,-0.066887,5.551214,""
EOSS-398,KC0D-2,2026-05-02T07:42:16.777,2026-05-02T13:42:15.000,61663.0,18794.88,1062.0,2460.0,ascending,true,/134215h3925.45N/10350.95WO132/026/A=061663 18T662P EOSS Balloon,"KC0D-2>APZEOS,EOSS,WIDE2-1,qAO,N0JD:/134215h3925.45N/10350.95WO132/026/A=061663 18T662P EOSS Balloon",132.0,30.0,48.3,39.424166666666665,-103.84916666666666,16.33,26.28,35.24,1.8,274.95,6620.0,0.07,0.00016275,0.08387774,0.00012778,-0.00007778,17.7,5.395,low Re,-0.014444,22.732753,0.003967,4.049527,0.077167,-1.2428,-0.238586,18.174415,-0.0044,6.928944,0.001209,1.234296,0.023521,-1.242768,-0.238468,5.539561,""
EOSS-398,K0SCC-13,2026-05-02T07:42:32.679,2026-05-02T13:42:30.000,61861.0,18855.23,1076.0,2475.0,ascending,true,/134230h3925.38N/10350.83WO159/033>K0SCC-13 EOSS Balloon BatVolt: 8.0V | Temp: 25F/A=061861!W76!,"K0SCC-13>APTT4,Z,Z,Z,qAO,N0JD:/134230h3925.38N/10350.83WO159/033>K0SCC-13 EOSS Balloon BatVolt: 8.0V | Temp: 25F/A=061861!W76!",159.0,38.0,61.2,39.423116666666665,-103.84726666666667,16.45,26.47,,,,,,,,0.00012556,-0.00007278,17.93333333,5.466,low Re,0.007778,22.702568,0.003991,4.054596,0.076922,-1.176254,0.049232,18.155733,0.002367,6.919743,0.001217,1.235841,0.023446,-1.176319,0.049049,5.533867,""
EOSS-398,KC0D-2,2026-05-02T07:42:46.767,2026-05-02T13:42:45.000,62195.0,18957.04,1064.0,2490.0,ascending,true,/134245h3925.34N/10350.75WO118/015/A=062195 16T645P EOSS Balloon,"KC0D-2>APZEOS,EOSS,WIDE2-1,qAO,N0JD:/134245h3925.34N/10350.75WO118/015/A=062195 16T645P EOSS Balloon",118.0,17.0,27.4,39.422333333333334,-103.84583333333333,16.54,26.62,34.88,1.6,274.75,6450.0,0.06,0.00015869,0.08178327,0.00011111,-0.00006111,17.73333333,5.40533333,low Re,-0.006667,22.67151,0.003924,4.060873,0.076683,-1.216038,-0.138114,18.13029,-0.002022,6.910278,0.001196,1.237753,0.023373,-1.215868,-0.13768,5.526112,""
EOSS-398,KC0D-2,2026-05-02T07:43:16.783,2026-05-02T13:43:15.000,62731.0,19120.41,1072.0,2520.0,ascending,true,/134315h3925.26N/10350.60WO118/020/A=062731 17T628P EOSS Balloon,"KC0D-2>APZEOS,EOSS,WIDE2-1,qAO,N0JD:/134315h3925.26N/10350.60WO118/020/A=062731 17T628P EOSS Balloon",118.0,23.0,37.0,39.421,-103.84333333333333,16.7,26.88,35.06,1.7,274.85,6280.0,0.06,0.00015445,0.07959877,0.00008333,-0.00004444,17.86666667,5.44566667,low Re,0.004444,22.641667,0.003928,4.065835,0.076441,-1.174421,0.00675,18.105571,0.001344,6.901181,0.001197,1.239266,0.023299,-1.174497,0.006309,5.518577,""
EOSS-398,K0SCC-13,2026-05-02T07:43:32.390,2026-05-02T13:43:30.000,62915.0,19176.49,1054.0,2535.0,ascending,true,/134330h3925.23N/10350.51WO134/013/A=062915!W46!,"K0SCC-13>APTT4,Z,Z,Z,qAO,N0JD:/134330h3925.23N/10350.51WO134/013/A=062915!W46!",134.0,15.0,24.1,39.420566666666666,-103.84193333333333,16.77,26.99,,,,,,,,0.00008889,-0.0000425,17.56666667,5.35433333,low Re,-0.005,22.61034,0.003872,4.072754,0.076205,-1.238394,-0.116423,18.101678,-0.001522,6.891632,0.00118,1.241375,0.023227,-1.238384,-0.11633,5.517391,""
EOSS-398,KC0D-2,2026-05-02T07:43:46.737,2026-05-02T13:43:45.000,63295.0,19292.32,1128.0,2550.0,ascending,true,/134345h3925.21N/10350.40WO091/024/A=063295 14T611P EOSS Balloon,"KC0D-2>APZEOS,EOSS,WIDE2-1,qAO,N0JD:/134345h3925.21N/10350.40WO091/024/A=063295 14T611P EOSS Balloon",91.0,28.0,45.1,39.42016666666667,-103.84,16.86,27.13,34.52,1.4,274.55,6110.0,0.06,0.00015043,0.07752865,0.00011111,-0.00002778,18.8,5.73033333,low Re,0.041111,22.586963,0.004102,4.071119,0.076024,-0.930202,0.486807,18.101028,0.012533,6.884508,0.00125,1.240876,0.023172,-0.930129,0.486924,5.517193,""
EOSS-398,K0SCC-13,2026-05-02T07:44:02.410,2026-05-02T13:44:00.000,63482.0,19349.31,1134.0,2565.0,ascending,true,/134400h3925.19N/10350.27WO110/017/A=063482!W01!,"K0SCC-13>APTT4,Z,Z,Z,qAO,N0JD:/134400h3925.19N/10350.27WO110/017/A=063482!W01!",110.0,20.0,32.2,39.41983333333334,-103.83785,16.95,27.28,,,,,,,,0.00013611,-0.00002444,18.9,5.76066667,low Re,0.003333,22.564482,0.004097,4.06881,0.075789,-0.900627,-0.010081,18.104328,0.001011,6.877655,0.001249,1.240173,0.023101,-0.900671,-0.010303,5.518199,""
EOSS-398,KC0D-2,2026-05-02T07:44:16.725,2026-05-02T13:44:15.000,63819.0,19452.03,1048.0,2580.0,ascending,true,/134415h3925.19N/10350.16WO089/023/A=063819 15T595P EOSS Balloon,"KC0D-2>APZEOS,EOSS,WIDE2-1,qAO,N0JD:/134415h3925.19N/10350.16WO089/023/A=063819 15T595P EOSS Balloon",89.0,26.0,41.8,39.41983333333334,-103.836,17.01,27.37,34.7,1.5,274.65,5950.0,0.06,0.00014644,0.07547095,0.00013333,-0.00001111,17.46666667,5.32366667,low Re,-0.047778,22.533586,0.003781,4.075754,0.075665,-1.243186,-0.681411,18.116196,-0.014567,6.868237,0.001152,1.24229,0.023063,-1.243325,-0.681568,5.521816,""
EOSS-398,K0SCC-13,2026-05-02T07:44:32.685,2026-05-02T13:44:30.000,64037.0,19518.48,1110.0,2595.0,ascending,true,/134430h3925.18N/10350.02WO109/022>K0SCC-13 EOSS Balloon BatVolt: 7.9V | Temp: 25F/A=064037!W49!,"K0SCC-13>APTT4,Z,Z,Z,qAO,N0JD:/134430h3925.18N/10350.02WO109/022>K0SCC-13 EOSS Balloon BatVolt: 7.9V | Temp: 25F/A=064037!W49!",109.0,25.0,40.2,39.41973333333333,-103.83381666666668,17.09,27.5,,,,,,,,0.00013444,-3.33e-6,18.5,5.639,low Re,0.034444,22.509287,0.003967,4.075427,0.075472,-0.983771,0.403819,18.127848,0.010511,6.860832,0.001209,1.242189,0.023004,-0.983612,0.404364,5.525368,""
EOSS-398,KC0D-2,2026-05-02T07:44:46.726,2026-05-02T13:44:45.000,64397.0,19628.21,1156.0,2610.0,ascending,true,/134445h3925.19N/10349.92WO096/022/A=064397 13T579P EOSS Balloon,"KC0D-2>APZEOS,EOSS,WIDE2-1,qAO,N0JD:/134445h3925.19N/10349.92WO096/022/A=064397 13T579P EOSS Balloon",96.0,25.0,40.2,39.41983333333334,-103.832,17.15,27.6,34.34,1.3,274.45,5790.0,0.06,0.0001426,0.073495,0.00013333,0.0,19.26666667,5.87266667,low Re,0.025556,22.48987,0.004097,4.070873,0.075261,-0.791772,0.285128,18.153704,0.007789,6.854915,0.001249,1.240801,0.02294,-0.791624,0.285092,5.533249,""
EOSS-398,K0SCC-13,2026-05-02T07:45:02.358,2026-05-02T13:45:00.000,64608.0,19692.52,1142.0,2625.0,ascending,true,/134500h3925.18N/10349.79WO135/016/A=064608!W42!,"K0SCC-13>APTT4,Z,Z,Z,qAO,N0JD:/134500h3925.18N/10349.79WO135/016/A=064608!W42!",135.0,18.0,29.0,39.41973333333333,-103.82986666666667,17.23,27.73,,,,,,,,0.00013167,0.0,19.03333333,5.80133333,low Re,-0.007778,22.469296,0.004026,4.067418,0.07504,-0.844753,-0.157303,18.172557,-0.002378,6.848644,0.001227,1.239748,0.022872,-0.844777,-0.157616,5.538995,""
EOSS-398,KC0D-2,2026-05-02T07:45:16.779,2026-05-02T13:45:15.000,64960.0,19799.81,1126.0,2640.0,ascending,true,/134515h3925.18N/10349.68WO087/018/A=064960 14T563P EOSS Balloon,"KC0D-2>APZEOS,EOSS,WIDE2-1,qAO,N0JD:/134515h3925.18N/10349.68WO087/018/A=064960 14T563P EOSS Balloon",87.0,21.0,33.8,39.419666666666664,-103.828,17.3,27.84,34.52,1.4,274.55,5630.0,0.06,0.00013861,0.07143802,0.00013333,-5.56e-6,18.76666667,5.72,low Re,-0.008889,22.447387,0.003949,4.065285,0.074822,-0.905403,-0.171581,18.209792,-0.002711,6.841965,0.001204,1.239098,0.022806,-0.905469,-0.171665,5.550345,""
EOSS-398,K0SCC-13,2026-05-02T07:45:32.354,2026-05-02T13:45:30.000,65185.0,19868.39,1154.0,2655.0,ascending,true,/134530h3925.17N/10349.54WO098/026/A=065185!W36!,"K0SCC-13>APTT4,Z,Z,Z,qAO,N0JD:/134530h3925.17N/10349.54WO098/026/A=065185!W36!",98.0,30.0,48.3,39.41955,-103.82576666666667,17.38,27.97,,,,,,,,0.00013667,-6.11e-6,19.23333333,5.86233333,low Re,0.015556,22.42848,0.004017,4.060728,0.074604,-0.786841,0.15467,18.237191,0.004744,6.836203,0.001225,1.237709,0.022739,-0.786833,0.154756,5.558696,""
EOSS-398,KC0D-2,2026-05-02T07:45:46.758,2026-05-02T13:45:45.000,65536.0,19975.37,1152.0,2670.0,ascending,true,/134545h3925.19N/10349.42WO099/026/A=065536 12T547P EOSS Balloon,"KC0D-2>APZEOS,EOSS,WIDE2-1,qAO,N0JD:/134545h3925.19N/10349.42WO099/026/A=065536 12T547P EOSS Balloon",99.0,30.0,48.3,39.41983333333334,-103.82366666666667,17.44,28.07,34.16,1.2,274.35,5470.0,0.05,0.00013477,0.06945841,0.00014444,5.56e-6,19.2,5.852,low Re,-0.001111,22.4096,0.003987,4.056288,0.074384,-0.791265,-0.068536,18.285145,-0.000344,6.830447,0.001215,1.236356,0.022672,-0.791396,-0.068763,5.573312,""
EOSS-398,K0SCC-13,2026-05-02T07:46:02.647,2026-05-02T13:46:00.000,65789.0,20052.49,1208.0,2685.0,ascending,true,/134600h3925.20N/10349.28WO064/037>K0SCC-13 EOSS Balloon BatVolt: 7.9V | Temp: 24F/A=065789!W87!,"K0SCC-13>APTT4,Z,Z,Z,qAO,N0JD:/134600h3925.20N/10349.28WO064/037>K0SCC-13 EOSS Balloon BatVolt: 7.9V | Temp: 24F/A=065789!W87!",64.0,43.0,69.2,39.42013333333333,-103.82145,17.51,28.18,,,,,,,,0.00014389,0.00001944,20.13333333,6.13666667,low Re,0.031111,22.396366,0.004146,4.048132,0.074194,-0.559031,0.363439,18.323358,0.009489,6.826413,0.001264,1.23387,0.022614,-0.559011,0.363713,5.58496,""
EOSS-398,KC0D-2,2026-05-02T07:46:16.789,2026-05-02T13:46:15.000,66154.0,20163.74,1236.0,2700.0,ascending,true,/134615h3925.22N/10349.17WO081/026/A=066154 13T531P EOSS Balloon,"KC0D-2>APZEOS,EOSS,WIDE2-1,qAO,N0JD:/134615h3925.22N/10349.17WO081/026/A=066154 13T531P EOSS Balloon",81.0,30.0,48.3,39.42033333333333,-103.8195,17.57,28.28,34.34,1.3,274.45,5310.0,0.05,0.00013078,0.06740215,0.00013889,0.00001667,20.6,6.279,low Re,0.015556,22.385983,0.004212,4.038657,0.073982,-0.442222,0.153335,18.383323,0.004744,6.823249,0.001284,1.230982,0.02255,-0.442126,0.153437,5.603237,""
EOSS-398,K0SCC-13,2026-05-02T07:46:32.342,2026-05-02T13:46:30.000,66360.0,20226.53,1142.0,2715.0,ascending,true,/134630h3925.22N/10349.04WO063/027/A=066360!W43!,"K0SCC-13>APTT4,Z,Z,Z,qAO,N0JD:/134630h3925.22N/10349.04WO063/027/A=066360!W43!",63.0,31.0,49.9,39.4204,-103.81738333333334,17.64,28.39,,,,,,,,0.00013556,8.89e-6,19.03333333,5.80133333,low Re,-0.052222,22.366715,0.003886,4.034981,0.073891,-0.826121,-0.759335,18.419427,-0.015922,6.817376,0.001184,1.229862,0.022522,-0.826144,-0.759524,5.614242,""
EOSS-398,KC0D-2,2026-05-02T07:46:46.721,2026-05-02T13:46:45.000,66714.0,20334.43,1120.0,2730.0,ascending,true,/134645h3925.21N/10348.93WO094/020/A=066714 12T516P EOSS Balloon,"KC0D-2>APZEOS,EOSS,WIDE2-1,qAO,N0JD:/134645h3925.21N/10348.93WO094/020/A=066714 12T516P EOSS Balloon",94.0,23.0,37.0,39.42016666666667,-103.8155,17.72,28.52,34.16,1.2,274.35,5160.0,0.05,0.00012713,0.06552201,0.00013333,-5.56e-6,18.66666667,5.68966667,low Re,-0.012222,22.345571,0.003793,4.03308,0.073687,-0.912182,-0.217338,18.484755,-0.003722,6.810932,0.001156,1.229282,0.02246,-0.91213,-0.217186,5.634154,""
EOSS-398,K0SCC-13,2026-05-02T07:47:02.298,2026-05-02T13:47:00.000,66931.0,20400.57,1142.0,2745.0,ascending,true,/134700h3925.18N/10348.82WO088/008/A=066931!W46!,"K0SCC-13>APTT4,Z,Z,Z,qAO,N0JD:/134700h3925.18N/10348.82WO088/008/A=066931!W46!",88.0,9.0,14.5,39.41973333333333,-103.81376666666667,17.8,28.65,,,,,,,,0.00012056,-0.00002222,19.03333333,5.80133333,low Re,0.012222,22.326752,0.003842,4.029283,0.073478,-0.817371,0.114048,18.526566,0.003722,6.805196,0.001171,1.228125,0.022396,-0.817395,0.113904,5.646898,""
EOSS-398,KC0D-2,2026-05-02T07:47:16.768,2026-05-02T13:47:15.000,67283.0,20507.86,1138.0,2760.0,ascending,true,/134715h3925.15N/10348.72WO108/019/A=067283 13T503P EOSS Balloon,"KC0D-2>APZEOS,EOSS,WIDE2-1,qAO,N0JD:/134715h3925.15N/10348.72WO108/019/A=067283 13T503P EOSS Balloon",108.0,22.0,35.4,39.41916666666667,-103.812,17.9,28.81,34.34,1.3,274.45,5030.0,0.05,0.00012389,0.06384799,0.00011667,-0.00003333,18.96666667,5.781,low Re,-0.002222,22.307768,0.003807,4.02575,0.073269,-0.829933,-0.082286,18.596666,-0.000678,6.799409,0.00116,1.227048,0.022333,-0.829967,-0.0823,5.668265,""
EOSS-398,K0SCC-13,2026-05-02T07:47:32.652,2026-05-02T13:47:30.000,67482.0,20568.51,1102.0,2775.0,ascending,true,/134730h3925.12N/10348.61WO072/015>K0SCC-13 EOSS Balloon BatVolt: 7.9V | Temp: 23F/A=067482!W48!,"K0SCC-13>APTT4,Z,Z,Z,qAO,N0JD:/134730h3925.12N/10348.61WO072/015>K0SCC-13 EOSS Balloon BatVolt: 7.9V | Temp: 23F/A=067482!W48!",72.0,17.0,27.4,39.418733333333336,-103.8103,17.98,28.94,,,,,,,,0.00011556,-0.00003333,18.36666667,5.598,low Re,-0.02,22.285627,0.003673,4.025215,0.073083,-0.973603,-0.323919,18.637273,-0.0061,6.79266,0.001119,1.226886,0.022276,-0.973734,-0.324071,5.680641,""
EOSS-398,KC0D-2,2026-05-02T07:47:46.737,2026-05-02T13:47:45.000,67834.0,20675.8,1102.0,2790.0,ascending,true,/134745h3925.10N/10348.51WO101/018/A=067834 11T489P EOSS Balloon,"KC0D-2>APZEOS,EOSS,WIDE2-1,qAO,N0JD:/134745h3925.10N/10348.51WO101/018/A=067834 11T489P EOSS Balloon",101.0,21.0,33.8,39.41833333333334,-103.8085,18.07,29.08,33.98,1.1,274.25,4890.0,0.05,0.00012053,0.06211617,0.00011667,-0.00002778,18.36666667,5.598,low Re,0.0,22.263734,0.003652,4.024566,0.072876,-0.96832,-0.050113,18.710259,0.0,6.785986,0.001113,1.226689,0.022213,-0.968449,-0.050106,5.702887,""
EOSS-398,K0SCC-13,2026-05-02T07:48:02.345,2026-05-02T13:48:00.000,68037.0,20737.68,1110.0,2805.0,ascending,true,/134800h3925.08N/10348.40WO067/016/A=068037!W98!,"K0SCC-13>APTT4,Z,Z,Z,qAO,N0JD:/134800h3925.08N/10348.40WO067/016/A=068037!W98!",67.0,18.0,29.0,39.41815,-103.80680000000001,18.14,29.19,,,,,,,,0.00011667,-0.00001944,18.5,5.639,low Re,0.004444,22.242824,0.003656,4.023101,0.072671,-0.930333,0.010843,18.752742,0.001367,6.779614,0.001115,1.226242,0.02215,-0.93017,0.011377,5.715837,""
EOSS-398,KC0D-2,2026-05-02T07:48:16.758,2026-05-02T13:48:15.000,68398.0,20847.71,1128.0,2820.0,ascending,true,/134815h3925.08N/10348.32WO106/015/A=068398 12T476P EOSS Balloon,"KC0D-2>APZEOS,EOSS,WIDE2-1,qAO,N0JD:/134815h3925.08N/10348.32WO106/015/A=068398 12T476P EOSS Balloon",106.0,17.0,27.4,39.418,-103.80533333333334,18.2,29.29,34.16,1.2,274.35,4760.0,0.05,0.00011728,0.06044278,0.00010556,-0.00001111,18.8,5.73033333,low Re,0.01,22.223803,0.003692,4.020064,0.07247,-0.851679,0.087043,18.828381,0.003044,6.773816,0.001125,1.225315,0.022089,-0.851604,0.086876,5.738892,""
EOSS-398,K0SCC-13,2026-05-02T07:48:32.322,2026-05-02T13:48:30.000,68611.0,20912.63,1148.0,2835.0,ascending,true,/134830h3925.06N/10348.24WO086/018/A=068611!W83!,"K0SCC-13>APTT4,Z,Z,Z,qAO,N0JD:/134830h3925.06N/10348.24WO086/018/A=068611!W83!",86.0,21.0,33.8,39.4178,-103.80405,18.26,29.39,,,,,,,,0.00009167,-0.00001167,19.13333333,5.83166667,low Re,0.011111,22.206822,0.003733,4.015483,0.07227,-0.765409,0.102089,18.872752,0.003378,6.76864,0.001138,1.22392,0.022028,-0.765551,0.101689,5.752416,""
EOSS-398,KC0D-2,2026-05-02T07:48:46.690,2026-05-02T13:48:45.000,68958.0,21018.4,1120.0,2850.0,ascending,true,/134845h3925.06N/10348.17WO089/014/A=068958 11T462P EOSS Balloon,"KC0D-2>APZEOS,EOSS,WIDE2-1,qAO,N0JD:/134845h3925.06N/10348.17WO089/014/A=068958 11T462P EOSS Balloon",89.0,16.0,25.7,39.41766666666667,-103.80283333333334,18.31,29.47,33.98,1.1,274.25,4620.0,0.05,0.00011387,0.05868644,0.00008333,-0.00001111,18.66666667,5.68966667,low Re,-0.015556,22.187477,0.003627,4.012978,0.072084,-0.877356,-0.26612,18.944051,-0.004733,6.762744,0.001105,1.223156,0.021972,-0.877302,-0.265702,5.774149,""
EOSS-398,K0SCC-13,2026-05-02T07:49:02.636,2026-05-02T13:49:00.000,69143.0,21074.79,1064.0,2865.0,ascending,true,/134900h3925.05N/10348.08WO069/024>K0SCC-13 EOSS Balloon BatVolt: 7.9V | Temp: 22F/A=069143!W49!,"K0SCC-13>APTT4,Z,Z,Z,qAO,N0JD:/134900h3925.05N/10348.08WO069/024>K0SCC-13 EOSS Balloon BatVolt: 7.9V | Temp: 22F/A=069143!W49!",69.0,28.0,45.1,39.417566666666666,-103.80148333333334,18.36,29.55,,,,,,,,0.00008556,-7.78e-6,17.73333333,5.40533333,low Re,-0.031111,22.16327,0.003437,4.015447,0.071932,-1.103224,-0.480287,18.981332,-0.009478,6.755367,0.001048,1.223907,0.021925,-1.103052,-0.480091,5.785513,""
EOSS-398,KC0D-2,2026-05-02T07:49:16.751,2026-05-02T13:49:15.000,69501.0,21183.9,1086.0,2880.0,ascending,true,/134915h3925.03N/10348.01WO106/016/A=069501 12T450P EOSS Balloon,"KC0D-2>APZEOS,EOSS,WIDE2-1,qAO,N0JD:/134915h3925.03N/10348.01WO106/016/A=069501 12T450P EOSS Balloon",106.0,18.0,29.0,39.41716666666667,-103.80016666666667,18.43,29.66,34.16,1.2,274.35,4500.0,0.04,0.00011087,0.05714128,0.00008889,-0.00001667,18.1,5.51666667,low Re,0.012222,22.141306,0.003485,4.015648,0.071738,-1.00639,0.12179,19.051508,0.003711,6.748671,0.001062,1.22397,0.021866,-1.006564,0.121147,5.806901,""
EOSS-398,K0SCC-13,2026-05-02T07:49:32.342,2026-05-02T13:49:30.000,69713.0,21248.52,1140.0,2895.0,ascending,true,/134930h3925.00N/10347.93WO064/018/A=069713!W79!,"K0SCC-13>APTT4,Z,Z,Z,qAO,N0JD:/134930h3925.00N/10347.93WO064/018/A=069713!W79!",64.0,21.0,33.8,39.41678333333333,-103.79898333333334,18.5,29.77,,,,,,,,0.00008333,-0.00002611,19.0,5.791,low Re,0.03,22.124418,0.003628,4.011399,0.07157,-0.778885,0.368478,19.091577,0.009144,6.743522,0.001106,1.222675,0.021815,-0.779048,0.368462,5.819115,""
EOSS-398,KC0D-2,2026-05-02T07:49:46.787,2026-05-02T13:49:45.000,70082.0,21360.99,1162.0,2910.0,ascending,true,/134945h3925.01N/10347.87WO090/017/A=070082 11T438P EOSS Balloon,"KC0D-2>APZEOS,EOSS,WIDE2-1,qAO,N0JD:/134945h3925.01N/10347.87WO090/017/A=070082 11T438P EOSS Balloon",90.0,20.0,32.2,39.41683333333334,-103.79783333333333,18.54,29.84,33.98,1.1,274.25,4380.0,0.04,0.00010796,0.0556378,0.00007778,-0.00001111,19.36666667,5.903,low Re,0.012222,22.10967,0.003674,4.005681,0.071379,-0.684778,0.119755,19.158139,0.003733,6.739027,0.00112,1.220932,0.021756,-0.684745,0.120105,5.839403,""
EOSS-398,K0SCC-13,2026-05-02T07:50:02.321,2026-05-02T13:50:00.000,70317.0,21432.62,1208.0,2925.0,ascending,true,/135000h3925.01N/10347.76WO063/021/A=070317!W80!,"K0SCC-13>APTT4,Z,Z,Z,qAO,N0JD:/135000h3925.01N/10347.76WO063/021/A=070317!W80!",63.0,24.0,38.6,39.41696666666667,-103.796,18.6,29.93,,,,,,,,0.00009944,6.11e-6,20.13333333,6.13666667,low Re,0.025556,22.099158,0.003791,3.997555,0.071204,-0.491757,0.305671,19.198135,0.007789,6.735823,0.001156,1.218456,0.021703,-0.491734,0.305626,5.851594,""
EOSS-398,KC0D-2,2026-05-02T07:50:16.794,2026-05-02T13:50:15.000,70674.0,21541.44,1184.0,2940.0,ascending,true,/135015h3925.03N/10347.65WO069/016/A=070674 13T425P EOSS Balloon,"KC0D-2>APZEOS,EOSS,WIDE2-1,qAO,N0JD:/135015h3925.03N/10347.65WO069/016/A=070674 13T425P EOSS Balloon",69.0,18.0,29.0,39.41716666666667,-103.79416666666667,18.66,30.03,34.34,1.3,274.45,4250.0,0.04,0.00010467,0.0539471,0.00012222,0.00001111,19.73333333,6.015,low Re,-0.013333,22.08664,0.0037,3.990622,0.071025,-0.589709,-0.239817,19.254878,-0.004056,6.732009,0.001128,1.216341,0.021648,-0.58948,-0.239468,5.868891,""
EOSS-398,K0SCC-13,2026-05-02T07:50:32.633,2026-05-02T13:50:30.000,70895.0,21608.8,1156.0,2955.0,ascending,true,/135030h3925.03N/10347.57WO140/002>K0SCC-13 EOSS Balloon BatVolt: 7.9V | Temp: 22F/A=070895!W48!,"K0SCC-13>APTT4,Z,Z,Z,qAO,N0JD:/135030h3925.03N/10347.57WO140/002>K0SCC-13 EOSS Balloon BatVolt: 7.9V | Temp: 22F/A=070895!W48!",140.0,2.0,3.2,39.417233333333336,-103.79296666666667,18.7,30.09,,,,,,,,0.00010111,8.89e-6,19.26666667,5.87266667,low Re,-0.015556,22.071798,0.003598,3.985305,0.070849,-0.703869,-0.27035,19.287377,-0.004744,6.727487,0.001097,1.21472,0.021595,-0.703718,-0.270479,5.878797,""
EOSS-398,KC0D-2,2026-05-02T07:50:46.788,2026-05-02T13:50:45.000,71254.0,21718.22,1160.0,2970.0,ascending,true,/135045h3925.03N/10347.51WO088/008/A=071254 12T413P EOSS Balloon,"KC0D-2>APZEOS,EOSS,WIDE2-1,qAO,N0JD:/135045h3925.03N/10347.51WO088/008/A=071254 12T413P EOSS Balloon",88.0,9.0,14.5,39.41716666666667,-103.79183333333333,18.75,30.18,34.16,1.2,274.35,4130.0,0.04,0.00010176,0.052443,0.00007778,0.0,19.33333333,5.89266667,low Re,0.002222,22.057461,0.003591,3.979739,0.070662,-0.684499,-0.019374,19.335571,0.000667,6.723116,0.001095,1.213024,0.021538,-0.684611,-0.019872,5.893486,""
EOSS-398,K0SCC-13,2026-05-02T07:51:02.328,2026-05-02T13:51:00.000,71459.0,21780.7,1128.0,2985.0,ascending,true,/135100h3925.02N/10347.45WO125/002/A=071459!W55!,"K0SCC-13>APTT4,Z,Z,Z,qAO,N0JD:/135100h3925.02N/10347.45WO125/002/A=071459!W55!",125.0,2.0,3.2,39.41708333333334,-103.79091666666667,18.79,30.24,,,,,,,,0.00006833,-5e-6,18.8,5.73,low Re,-0.017778,22.040495,0.003479,3.976263,0.070493,-0.81496,-0.301548,19.360423,-0.005422,6.717943,0.00106,1.211966,0.021486,-0.815157,-0.301685,5.90106,""
EOSS-398,KC0D-2,2026-05-02T07:51:16.825,2026-05-02T13:51:15.000,71806.0,21886.47,1104.0,3000.0,ascending,true,/135115h3925.02N/10347.40WO107/006/A=071806 13T402P EOSS Balloon,"KC0D-2>APZEOS,EOSS,WIDE2-1,qAO,N0JD:/135115h3925.02N/10347.40WO107/006/A=071806 13T402P EOSS Balloon",107.0,7.0,11.3,39.417,-103.79,18.82,30.29,34.34,1.3,274.45,4020.0,0.04,0.00009901,0.05102761,0.00006111,-5.56e-6,18.4,5.60833333,low Re,-0.013333,22.021632,0.003392,3.974543,0.070318,-0.911207,-0.237848,19.39791,-0.004056,6.712194,0.001034,1.211441,0.021433,-0.911196,-0.237484,5.912487,""
EOSS-398,K0SCC-13,2026-05-02T07:51:32.409,2026-05-02T13:51:30.000,72020.0,21951.7,1122.0,3015.0,ascending,true,/135130h3925.00N/10347.35WO152/008/A=072020!W44!,"K0SCC-13>APTT4,Z,Z,Z,qAO,N0JD:/135130h3925.00N/10347.35WO152/008/A=072020!W44!",152.0,9.0,14.5,39.41673333333333,-103.78923333333334,18.87,30.37,,,,,,,,0.00005611,-0.00001167,18.7,5.7,low Re,0.01,22.00451,0.003426,3.971399,0.070137,-0.832077,0.093731,19.41811,0.003056,6.706977,0.001044,1.210482,0.021378,-0.831881,0.094115,5.918644,""
EOSS-398,KC0D-2,2026-05-02T07:51:46.747,2026-05-02T13:51:45.000,72375.0,22059.9,1138.0,3030.0,ascending,true,/135145h3925.01N/10347.32WO058/011/A=072375 12T391P EOSS Balloon,"KC0D-2>APZEOS,EOSS,WIDE2-1,qAO,N0JD:/135145h3925.01N/10347.32WO058/011/A=072375 12T391P EOSS Balloon",58.0,13.0,20.9,39.41683333333334,-103.78866666666667,18.88,30.38,34.16,1.2,274.35,3910.0,0.04,0.00009634,0.04964943,0.00004444,-5.56e-6,18.96666667,5.781,low Re,0.008889,21.988932,0.003454,3.96712,0.069956,-0.761829,0.077692,19.446683,0.0027,6.702228,0.001053,1.209178,0.021323,-0.761863,0.077241,5.927353,""
EOSS-398,K0SCC-13,2026-05-02T07:52:02.617,2026-05-02T13:52:00.000,72568.0,22118.73,1096.0,3045.0,ascending,true,/135200h3925.02N/10347.29WO087/012>K0SCC-13 EOSS Balloon BatVolt: 7.9V | Temp: 21F/A=072568!W72!,"K0SCC-13>APTT4,Z,Z,Z,qAO,N0JD:/135200h3925.02N/10347.29WO087/012>K0SCC-13 EOSS Balloon BatVolt: 7.9V | Temp: 21F/A=072568!W72!",87.0,14.0,22.5,39.417116666666665,-103.7882,18.89,30.4,,,,,,,,0.00003444,0.00001278,18.26666667,5.56766667,low Re,-0.023333,21.96994,0.003317,3.965857,0.069802,-0.933789,-0.381794,19.459654,-0.007111,6.696439,0.001011,1.208793,0.021276,-0.933801,-0.381745,5.931307,""
EOSS-398,KC0D-2,2026-05-02T07:52:16.733,2026-05-02T13:52:15.000,72897.0,22219.01,1044.0,3060.0,ascending,true,/135215h3925.01N/10347.24WO094/014/A=072897 14T381P EOSS Balloon,"KC0D-2>APZEOS,EOSS,WIDE2-1,qAO,N0JD:/135215h3925.01N/10347.24WO094/014/A=072897 14T381P EOSS Balloon",94.0,16.0,25.7,39.41683333333334,-103.78733333333334,18.93,30.46,34.52,1.4,274.55,3810.0,0.04,0.0000938,0.04834438,0.00004444,0.0,17.4,5.30366667,low Re,-0.028889,21.946743,0.003152,3.969104,0.06966,-1.145534,-0.459963,19.477705,-0.0088,6.689369,0.000961,1.209782,0.021233,-1.145415,-0.459709,5.936809,""
EOSS-398,K0SCC-13,2026-05-02T07:52:32.362,2026-05-02T13:52:30.000,73083.0,22275.7,1030.0,3075.0,ascending,true,/135230h3925.01N/10347.18WO029/005/A=073083!W79!,"K0SCC-13>APTT4,Z,Z,Z,qAO,N0JD:/135230h3925.01N/10347.18WO029/005/A=073083!W79!",29.0,6.0,9.7,39.41695,-103.78648333333334,18.96,30.51,,,,,,,,0.00005722,-5.56e-6,17.16666667,5.23233333,low Re,-0.007778,21.922601,0.003097,3.973565,0.069487,-1.196894,-0.156504,19.485719,-0.002378,6.682011,0.000944,1.211142,0.02118,-1.196951,-0.156846,5.939251,""
EOSS-398,KC0D-2,2026-05-02T07:52:46.680,2026-05-02T13:52:45.000,73447.0,22386.65,1100.0,3090.0,ascending,true,/135245h3925.03N/10347.15WO075/016/A=073447 13T371P EOSS Balloon,"KC0D-2>APZEOS,EOSS,WIDE2-1,qAO,N0JD:/135245h3925.03N/10347.15WO075/016/A=073447 13T371P EOSS Balloon",75.0,18.0,29.0,39.41716666666667,-103.78583333333333,18.97,30.53,34.34,1.3,274.45,3710.0,0.04,0.00009137,0.04709265,0.00005,0.00001111,18.33333333,5.588,low Re,0.038889,21.904564,0.003278,3.971676,0.069357,-0.899175,0.513445,19.497082,0.011856,6.676513,0.000999,1.210566,0.02114,-0.899177,0.513576,5.942715,""
EOSS-398,K0SCC-13,2026-05-02T07:53:02.351,2026-05-02T13:53:00.000,73644.0,22446.69,1122.0,3105.0,ascending,true,/135300h3925.05N/10347.08WO061/028/A=073644!W53!,"K0SCC-13>APTT4,Z,Z,Z,qAO,N0JD:/135300h3925.05N/10347.08WO061/028/A=073644!W53!",61.0,32.0,51.5,39.41758333333333,-103.78471666666667,19.0,30.58,,,,,,,,0.00005889,0.00002111,18.7,5.69966667,low Re,0.012222,21.888542,0.003323,3.96816,0.069184,-0.803532,0.128628,19.501003,0.003722,6.671629,0.001013,1.209495,0.021088,-0.80361,0.128462,5.943909,""
EOSS-398,KC0D-2,2026-05-02T07:53:16.797,2026-05-02T13:53:15.000,73999.0,22554.9,1104.0,3120.0,ascending,true,/135315h3925.09N/10347.02WO055/019/A=073999 15T361P EOSS Balloon,"KC0D-2>APZEOS,EOSS,WIDE2-1,qAO,N0JD:/135315h3925.09N/10347.02WO055/019/A=073999 15T361P EOSS Balloon",55.0,22.0,35.4,39.418166666666664,-103.78366666666666,19.01,30.59,34.7,1.5,274.65,3610.0,0.04,0.00008885,0.04578994,0.00007222,0.00003333,18.4,5.60833333,low Re,-0.01,21.871186,0.003256,3.965868,0.069017,-0.875265,-0.192069,19.504525,-0.003044,6.666339,0.000992,1.208796,0.021036,-0.875256,-0.191862,5.944983,""
EOSS-398,K0SCC-13,2026-05-02T07:53:32.720,2026-05-02T13:53:30.000,74199.0,22615.86,1110.0,3135.0,ascending,true,/135330h3925.10N/10346.94WO018/012>K0SCC-13 EOSS Balloon BatVolt: 7.9V | Temp: 21F/A=074199!W73!,"K0SCC-13>APTT4,Z,Z,Z,qAO,N0JD:/135330h3925.10N/10346.94WO018/012>K0SCC-13 EOSS Balloon BatVolt: 7.9V | Temp: 21F/A=074199!W73!",18.0,14.0,22.5,39.41845,-103.78238333333333,19.05,30.66,,,,,,,,0.00007778,0.00002889,18.5,5.639,low Re,0.003333,21.854497,0.003256,3.963095,0.068844,-0.846434,0.001118,19.504726,0.001022,6.661253,0.000993,1.20795,0.020984,-0.846271,0.001382,5.945044,""
EOSS-398,KC0D-2,2026-05-02T07:53:46.733,2026-05-02T13:53:45.000,74558.0,22725.28,1118.0,3150.0,ascending,true,/135345h3925.13N/10346.86WO075/010/A=074558 14T352P EOSS Balloon,"KC0D-2>APZEOS,EOSS,WIDE2-1,qAO,N0JD:/135345h3925.13N/10346.86WO075/010/A=074558 14T352P EOSS Balloon",75.0,12.0,19.3,39.41883333333333,-103.781,19.08,30.71,34.52,1.4,274.55,3520.0,0.03,0.00008666,0.04466462,0.00008889,0.00002222,18.63333333,5.67933333,low Re,0.004444,21.838629,0.003262,3.959732,0.068673,-0.809473,0.017212,19.502421,0.001344,6.656416,0.000994,1.206926,0.020932,-0.809563,0.016721,5.944341,""
EOSS-398,K0SCC-13,2026-05-02T07:54:02.324,2026-05-02T13:54:00.000,74822.0,22805.75,1246.0,3165.0,ascending,true,/135400h3925.15N/10346.80WO151/016/A=074822!W22!,"K0SCC-13>APTT4,Z,Z,Z,qAO,N0JD:/135400h3925.15N/10346.80WO151/016/A=074822!W22!",151.0,18.0,29.0,39.419200000000004,-103.78003333333334,19.1,30.74,,,,,,,,0.00007833,0.000025,20.76666667,6.32966667,low Re,0.071111,21.833374,0.003596,3.95068,0.068668,-0.270006,0.983209,19.499,0.021678,6.654814,0.001096,1.204167,0.02093,-0.270018,0.983373,5.943297,""
EOSS-398,KC0D-2,2026-05-02T07:54:16.701,2026-05-02T13:54:15.000,75202.0,22921.57,1288.0,3180.0,ascending,true,/135415h3925.19N/10346.79WO022/007/A=075202 17T340P EOSS Balloon,"KC0D-2>APZEOS,EOSS,WIDE2-1,qAO,N0JD:/135415h3925.19N/10346.79WO022/007/A=075202 17T340P EOSS Balloon",22.0,8.0,12.9,39.41983333333334,-103.77983333333333,19.08,30.71,35.06,1.7,274.85,3400.0,0.03,0.00008362,0.04309487,0.00003889,0.00003333,21.46666667,6.543,low Re,0.023333,21.831585,0.003693,3.941069,0.068512,-0.092594,0.286665,19.492422,0.007111,6.654269,0.001126,1.201237,0.020883,-0.092629,0.286597,5.941292,""
EOSS-398,K0SCC-13,2026-05-02T07:54:32.364,2026-05-02T13:54:30.000,75433.0,22991.98,1222.0,3195.0,ascending,true,/135430h3925.24N/10346.76WO005/012/A=075433!W52!,"K0SCC-13>APTT4,Z,Z,Z,qAO,N0JD:/135430h3925.24N/10346.76WO005/012/A=075433!W52!",5.0,14.0,22.5,39.420750000000005,-103.77936666666666,19.06,30.67,,,,,,,,0.00002222,0.00005167,20.36666667,6.20766667,low Re,-0.036667,21.824474,0.003496,3.932769,0.068402,-0.370682,-0.587161,19.487963,-0.011178,6.652101,0.001066,1.198708,0.020849,-0.370761,-0.58727,5.939932,""
EOSS-398,KC0D-2,2026-05-02T07:54:46.748,2026-05-02T13:54:45.000,75821.0,23110.24,1238.0,3210.0,ascending,true,/135445h3925.29N/10346.73WO026/014/A=075821 16T331P EOSS Balloon,"KC0D-2>APZEOS,EOSS,WIDE2-1,qAO,N0JD:/135445h3925.29N/10346.73WO026/014/A=075821 16T331P EOSS Balloon",26.0,16.0,25.7,39.4215,-103.77883333333334,19.04,30.64,34.88,1.6,274.75,3310.0,0.03,0.00008143,0.0419694,0.00003333,0.00005556,20.63333333,6.289,low Re,0.008889,21.81872,0.003522,3.924085,0.068236,-0.30208,0.078653,19.480708,0.002711,6.650347,0.001074,1.196061,0.020799,-0.302114,0.078706,5.93772,""
EOSS-398,K0SCC-13,2026-05-02T07:55:02.657,2026-05-02T13:55:00.000,76040.0,23176.99,1214.0,3225.0,ascending,true,/135500h3925.34N/10346.66WO032/023>K0SCC-13 EOSS Balloon BatVolt: 7.9V | Temp: 21F/A=076040!W56!,"K0SCC-13>APTT4,Z,Z,Z,qAO,N0JD:/135500h3925.34N/10346.66WO032/023>K0SCC-13 EOSS Balloon BatVolt: 7.9V | Temp: 21F/A=076040!W56!",32.0,26.0,41.8,39.42241666666667,-103.77776666666666,19.04,30.64,,,,,,,,0.00005333,0.00005556,20.23333333,6.167,low Re,-0.013333,21.811098,0.003441,3.916139,0.068081,-0.402888,-0.246383,19.477227,-0.004067,6.648023,0.001049,1.193639,0.020751,-0.402989,-0.246542,5.936659,""
EOSS-398,KC0D-2,2026-05-02T07:55:16.739,2026-05-02T13:55:15.000,76405.0,23288.24,1168.0,3240.0,ascending,true,/135515h3925.40N/10346.60WO038/021/A=076405 18T322P EOSS Balloon,"KC0D-2>APZEOS,EOSS,WIDE2-1,qAO,N0JD:/135515h3925.40N/10346.60WO038/021/A=076405 18T322P EOSS Balloon",38.0,24.0,38.6,39.42333333333333,-103.77666666666667,19.04,30.64,35.24,1.8,274.95,3220.0,0.03,0.00007916,0.04079854,0.00007222,0.00006111,19.46666667,5.93333333,low Re,-0.025556,21.79988,0.003302,3.910078,0.067946,-0.596718,-0.42472,19.473333,-0.007789,6.644603,0.001006,1.191792,0.02071,-0.596807,-0.424674,5.935471,""
EOSS-398,K0SCC-13,2026-05-02T07:55:32.350,2026-05-02T13:55:30.000,76620.0,23353.78,1160.0,3255.0,ascending,true,/135530h3925.44N/10346.51WO048/021/A=076620!W59!,"K0SCC-13>APTT4,Z,Z,Z,qAO,N0JD:/135530h3925.44N/10346.51WO048/021/A=076620!W59!",48.0,24.0,38.6,39.424083333333336,-103.77531666666667,19.06,30.67,,,,,,,,0.00008167,0.00005556,19.33333333,5.893,low Re,-0.004444,21.788135,0.003265,3.904424,0.067784,-0.628723,-0.113729,19.472594,-0.001344,6.641024,0.000995,1.190068,0.020661,-0.628556,-0.113208,5.935245,""
EOSS-398,KC0D-2,2026-05-02T07:55:46.729,2026-05-02T13:55:45.000,77021.0,23476.0,1232.0,3270.0,ascending,true,/135545h3925.48N/10346.42WO061/022/A=077021 18T312P EOSS Balloon,"KC0D-2>APZEOS,EOSS,WIDE2-1,qAO,N0JD:/135545h3925.48N/10346.42WO061/022/A=077021 18T312P EOSS Balloon",61.0,25.0,40.2,39.42466666666667,-103.77366666666667,19.1,30.74,35.24,1.8,274.95,3120.0,0.03,0.0000767,0.0395315,0.0001,0.00004444,20.53333333,6.25866667,low Re,0.04,21.782188,0.003439,3.896074,0.067669,-0.320542,0.540292,19.47534,0.012189,6.639212,0.001048,1.187523,0.020626,-0.320453,0.540144,5.93608,""
EOSS-398,K0SCC-13,2026-05-02T07:56:02.357,2026-05-02T13:56:00.000,77241.0,23543.06,1242.0,3285.0,ascending,true,/135600h3925.50N/10346.33WO050/018/A=077241!W31!,"K0SCC-13>APTT4,Z,Z,Z,qAO,N0JD:/135600h3925.50N/10346.33WO050/018/A=077241!W31!",50.0,21.0,33.8,39.42505,-103.77218333333333,19.14,30.8,,,,,,,,0.00010444,0.00003222,20.7,6.30933333,low Re,0.005556,21.777083,0.00345,3.887542,0.067508,-0.27706,0.031196,19.479594,0.001689,6.637656,0.001051,1.184922,0.020577,-0.277084,0.031005,5.937377,""
EOSS-398,KC0D-2,2026-05-02T07:56:16.714,2026-05-02T13:56:15.000,77624.0,23659.8,1206.0,3300.0,ascending,true,/135615h3925.51N/10346.27WO093/008/A=077624 20T302P EOSS Balloon,"KC0D-2>APZEOS,EOSS,WIDE2-1,qAO,N0JD:/135615h3925.51N/10346.27WO093/008/A=077624 20T302P EOSS Balloon",93.0,9.0,14.5,39.42516666666667,-103.77116666666667,19.18,30.87,35.6,2.0,275.15,3020.0,0.03,0.00007419,0.03823665,0.00008333,0.00001667,20.1,6.12666667,low Re,-0.02,21.76921,0.003339,3.880064,0.067367,-0.430202,-0.346446,19.492521,-0.006089,6.635257,0.001018,1.182643,0.020534,-0.430046,-0.346109,5.941315,""
EOSS-398,K0SCC-13,2026-05-02T07:56:32.692,2026-05-02T13:56:30.000,77828.0,23721.97,1174.0,3315.0,ascending,true,/135630h3925.52N/10346.21WO043/001>K0SCC-13 EOSS Balloon BatVolt: 7.9V | Temp: 21F/A=077828!W63!,"K0SCC-13>APTT4,Z,Z,Z,qAO,N0JD:/135630h3925.52N/10346.21WO043/001>K0SCC-13 EOSS Balloon BatVolt: 7.9V | Temp: 21F/A=077828!W63!",43.0,1.0,1.6,39.42543333333334,-103.77021666666667,19.2,30.9,,,,,,,,0.00006556,0.00001278,19.56666667,5.96366667,low Re,-0.017778,21.758917,0.00324,3.873872,0.067224,-0.565907,-0.312656,19.502591,-0.005433,6.632119,0.000987,1.180756,0.02049,-0.566122,-0.313324,5.944384,""
EOSS-398,KC0D-2,2026-05-02T07:56:46.783,2026-05-02T13:56:45.000,78222.0,23842.07,1196.0,3330.0,ascending,true,/135645h3925.55N/10346.19WO047/011/A=078222 20T294P EOSS Balloon,"KC0D-2>APZEOS,EOSS,WIDE2-1,qAO,N0JD:/135645h3925.55N/10346.19WO047/011/A=078222 20T294P EOSS Balloon",47.0,13.0,20.9,39.42583333333334,-103.76983333333334,19.2,30.9,35.6,2.0,275.15,2940.0,0.03,0.00007223,0.03722376,0.00004444,0.00002222,19.93333333,6.07566667,low Re,0.012222,21.750426,0.003282,3.866815,0.067069,-0.46992,0.133296,19.528951,0.003733,6.629531,0.001,1.178605,0.020443,-0.469932,0.133689,5.952417,""
EOSS-398,K0SCC-13,2026-05-02T07:57:02.356,2026-05-02T13:57:00.000,78432.0,23906.07,1208.0,3345.0,ascending,true,/135700h3925.59N/10346.17WO358/022/A=078432!W45!,"K0SCC-13>APTT4,Z,Z,Z,qAO,N0JD:/135700h3925.59N/10346.17WO358/022/A=078432!W45!",358.0,25.0,40.2,39.426566666666666,-103.76958333333333,19.18,30.87,,,,,,,,0.00002111,0.00003778,20.13333333,6.13666667,low Re,0.006667,21.74294,0.003297,3.859381,0.066912,-0.417063,0.050365,19.54694,0.002033,6.627249,0.001005,1.176339,0.020395,-0.417042,0.050405,5.957899,""
EOSS-398,KC0D-2,2026-05-02T07:57:16.802,2026-05-02T13:57:15.000,78814.0,24022.51,1184.0,3360.0,ascending,true,/135715h3925.64N/10346.16WO001/012/A=078814 22T286P EOSS Balloon,"KC0D-2>APZEOS,EOSS,WIDE2-1,qAO,N0JD:/135715h3925.64N/10346.16WO001/012/A=078814 22T286P EOSS Balloon",1.0,14.0,22.5,39.42733333333334,-103.76933333333334,19.15,30.82,35.96,2.2,275.35,2860.0,0.03,0.00007021,0.03618457,0.00001667,0.00005,19.73333333,6.01466667,low Re,-0.013333,21.733679,0.00322,3.852853,0.066766,-0.519186,-0.247926,19.586988,-0.004067,6.624426,0.000982,1.17435,0.02035,-0.519231,-0.248108,5.970105,""
EOSS-398,K0SCC-13,2026-05-02T07:57:32.338,2026-05-02T13:57:30.000,79065.0,24099.01,1266.0,3375.0,ascending,true,/135730h3925.70N/10346.11WO053/005/A=079065!W10!,"K0SCC-13>APTT4,Z,Z,Z,qAO,N0JD:/135730h3925.70N/10346.11WO053/005/A=079065!W10!",53.0,6.0,9.7,39.42835,-103.7685,19.14,30.8,,,,,,,,0.00003611,0.00005944,21.1,6.43133333,low Re,0.045556,21.730772,0.003416,3.844205,0.066673,-0.164084,0.63204,19.618506,0.013889,6.62354,0.001041,1.171713,0.020322,-0.164039,0.632221,5.97971,""
EOSS-398,KC0D-2,2026-05-02T07:57:46.710,2026-05-02T13:57:45.000,79432.0,24210.87,1236.0,3390.0,ascending,true,/135745h3925.78N/10346.04WO042/023/A=079432 22T277P EOSS Balloon,"KC0D-2>APZEOS,EOSS,WIDE2-1,qAO,N0JD:/135745h3925.78N/10346.04WO042/023/A=079432 22T277P EOSS Balloon",42.0,26.0,41.8,39.42966666666667,-103.76733333333334,19.13,30.79,35.96,2.2,275.35,2770.0,0.03,0.000068,0.03504589,0.00006667,0.00007778,20.6,6.27866667,low Re,-0.016667,21.725609,0.003323,3.836139,0.066533,-0.293422,-0.300452,19.671881,-0.005089,6.621966,0.001013,1.169255,0.02028,-0.293605,-0.300888,5.995978,""
EOSS-398,K0SCC-13,2026-05-02T07:58:02.690,2026-05-02T13:58:00.000,79649.0,24277.02,1168.0,3405.0,ascending,true,/135800h3925.84N/10345.95WO073/019>K0SCC-13 EOSS Balloon BatVolt: 7.9V | Temp: 21F/A=079649!W01!,"K0SCC-13>APTT4,Z,Z,Z,qAO,N0JD:/135800h3925.84N/10345.95WO073/019>K0SCC-13 EOSS Balloon BatVolt: 7.9V | Temp: 21F/A=079649!W01!",73.0,22.0,35.4,39.43066666666667,-103.76585,19.14,30.8,,,,,,,,0.00008833,0.00007722,19.46666667,5.93366667,low Re,-0.037778,21.715341,0.003136,3.830399,0.066439,-0.58706,-0.615813,19.707331,-0.0115,6.618837,0.000956,1.167505,0.020251,-0.586867,-0.615081,6.006784,""
EOSS-398,KC0D-2,2026-05-02T07:58:16.757,2026-05-02T13:58:15.000,80019.0,24389.79,1174.0,3420.0,ascending,true,/135815h3925.90N/10345.87WO061/019/A=080019 24T269P EOSS Balloon,"KC0D-2>APZEOS,EOSS,WIDE2-1,qAO,N0JD:/135815h3925.90N/10345.87WO061/019/A=080019 24T269P EOSS Balloon",61.0,22.0,35.4,39.431666666666665,-103.7645,19.16,30.84,36.32,2.4,275.55,2690.0,0.03,0.00006599,0.03400904,0.00009444,0.00006667,19.56666667,5.964,low Re,0.003333,21.705618,0.003137,3.824416,0.066287,-0.559288,0.002957,19.773826,0.001011,6.615874,0.000956,1.165681,0.020204,-0.559222,0.002722,6.02705,""
EOSS-398,K0SCC-13,2026-05-02T07:58:32.384,2026-05-02T13:58:30.000,80253.0,24461.11,1208.0,3435.0,ascending,true,/135830h3925.94N/10345.78WO081/028/A=080253!W99!,"K0SCC-13>APTT4,Z,Z,Z,qAO,N0JD:/135830h3925.94N/10345.78WO081/028/A=080253!W99!",81.0,32.0,51.5,39.43248333333333,-103.76315000000001,19.18,30.87,,,,,,,,0.00009,0.00006056,20.13333333,6.13633333,low Re,0.018889,21.698536,0.003208,3.817213,0.066144,-0.410038,0.237074,19.819323,0.005744,6.613714,0.000978,1.163486,0.020161,-0.410302,0.236397,6.040916,""
EOSS-398,KC0D-2,2026-05-02T07:58:46.709,2026-05-02T13:58:45.000,80608.0,24569.32,1178.0,3450.0,ascending,true,/135845h3925.99N/10345.70WO072/021/A=080608 24T261P EOSS Balloon,"KC0D-2>APZEOS,EOSS,WIDE2-1,qAO,N0JD:/135845h3925.99N/10345.70WO072/021/A=080608 24T261P EOSS Balloon",72.0,24.0,38.6,39.433166666666665,-103.76166666666667,19.21,30.92,36.32,2.4,275.55,2610.0,0.03,0.00006403,0.03299761,0.00009444,0.00005,19.63333333,5.98433333,low Re,-0.016667,21.689275,0.003118,3.811116,0.066008,-0.539459,-0.299736,19.892317,-0.005067,6.610891,0.000951,1.161628,0.020119,-0.539379,-0.29912,6.063165,""
EOSS-398,K0SCC-13,2026-05-02T07:59:02.392,2026-05-02T13:59:00.000,80817.0,24633.02,1128.0,3465.0,ascending,true,/135900h3926.01N/10345.59WO093/029/A=080817!W24!,"K0SCC-13>APTT4,Z,Z,Z,qAO,N0JD:/135900h3926.01N/10345.59WO093/029/A=080817!W24!",93.0,33.0,53.1,39.43353333333334,-103.7599,19.26,31.0,,,,,,,,0.00010833,0.000035,18.8,5.73033333,low Re,-0.027778,21.676376,0.00298,3.807458,0.065892,-0.755458,-0.466794,19.936872,-0.008467,6.60696,0.000908,1.160513,0.020084,-0.755379,-0.466789,6.076745,""
EOSS-398,KC0D-2,2026-05-02T07:59:16.832,2026-05-02T13:59:15.000,81183.0,24744.58,1150.0,3480.0,ascending,true,/135915h3926.02N/10345.49WO081/021/A=081183 26T254P EOSS Balloon,"KC0D-2>APZEOS,EOSS,WIDE2-1,qAO,N0JD:/135915h3926.02N/10345.49WO081/021/A=081183 26T254P EOSS Balloon",81.0,24.0,38.6,39.43366666666667,-103.75816666666667,19.33,31.11,36.68,2.6,275.75,2540.0,0.03,0.00006226,0.03208933,0.00011667,0.00001667,19.16666667,5.842,low Re,0.012222,21.665222,0.003021,3.802632,0.065747,-0.657059,0.139946,20.016084,0.003722,6.60356,0.000921,1.159042,0.02004,-0.65706,0.13977,6.10089,""
EOSS-398,K0SCC-13,2026-05-02T07:59:32.661,2026-05-02T13:59:30.000,81411.0,24814.07,1188.0,3495.0,ascending,true,/135930h3926.01N/10345.43WO098/026>K0SCC-13 EOSS Balloon BatVolt: 7.9V | Temp: 21F/A=081411!W60!,"K0SCC-13>APTT4,Z,Z,Z,qAO,N0JD:/135930h3926.01N/10345.43WO098/026>K0SCC-13 EOSS Balloon BatVolt: 7.9V | Temp: 21F/A=081411!W60!",98.0,30.0,48.3,39.433600000000006,-103.75716666666666,19.38,31.19,,,,,,,,0.00009111,2.22e-6,19.8,6.035,low Re,0.021111,21.656969,0.003102,3.796201,0.065611,-0.489165,0.274481,20.065137,0.006433,6.601045,0.000945,1.157082,0.019998,-0.4892,0.274427,6.11584,""
EOSS-398,KC0D-2,2026-05-02T07:59:46.754,2026-05-02T13:59:45.000,81794.0,24930.81,1222.0,3510.0,ascending,true,/135945h3926.01N/10345.37WO111/009/A=081794 26T246P EOSS Balloon,"KC0D-2>APZEOS,EOSS,WIDE2-1,qAO,N0JD:/135945h3926.01N/10345.37WO111/009/A=081794 26T246P EOSS Balloon",111.0,10.0,16.1,39.4335,-103.75616666666667,19.42,31.25,36.68,2.6,275.75,2460.0,0.02,0.0000603,0.03107864,0.00006667,-5.56e-6,20.36666667,6.20766667,low Re,0.018889,21.651285,0.003171,3.788761,0.065473,-0.33906,0.240068,20.144501,0.005756,6.599312,0.000967,1.154814,0.019956,-0.339141,0.239978,6.140031,""
EOSS-398,K0SCC-13,2026-05-02T08:00:02.343,2026-05-02T14:00:00.000,82015.0,24998.17,1208.0,3525.0,ascending,true,/140000h3926.02N/10345.32WO345/013/A=082015!W34!,"K0SCC-13>APTT4,Z,Z,Z,qAO,N0JD:/140000h3926.02N/10345.32WO345/013/A=082015!W34!",345.0,15.0,24.1,39.43371666666667,-103.75540000000001,19.44,31.29,,,,,,,,0.00005889,3.89e-6,20.13333333,6.13666667,low Re,-0.007778,21.644627,0.003123,3.781743,0.065332,-0.399629,-0.166855,20.187198,-0.002367,6.597283,0.000952,1.152675,0.019913,-0.399606,-0.166675,6.153046,""
EOSS-398,KC0D-2,2026-05-02T08:00:16.776,2026-05-02T14:00:15.000,82392.0,25113.08,1196.0,3540.0,ascending,true,/140015h3926.04N/10345.31WO098/013/A=082392 28T239P EOSS Balloon,"KC0D-2>APZEOS,EOSS,WIDE2-1,qAO,N0JD:/140015h3926.04N/10345.31WO098/013/A=082392 28T239P EOSS Balloon",98.0,15.0,24.1,39.434,-103.75516666666667,19.44,31.29,37.04,2.8,275.95,2390.0,0.02,0.00005854,0.03017241,0.00003333,0.00001667,19.93333333,6.07566667,low Re,-0.006667,21.637154,0.00308,3.775134,0.065192,-0.451327,-0.149512,20.251835,-0.002033,6.595005,0.000939,1.150661,0.01987,-0.451339,-0.149572,6.172748,""
EOSS-398,K0SCC-13,2026-05-02T08:00:32.381,2026-05-02T14:00:30.000,82625.0,25184.1,1220.0,3555.0,ascending,true,/140030h3926.04N/10345.24WO089/008/A=082625!W16!,"K0SCC-13>APTT4,Z,Z,Z,qAO,N0JD:/140030h3926.04N/10345.24WO089/008/A=082625!W16!",89.0,9.0,14.5,39.434016666666665,-103.75410000000001,19.49,31.37,,,,,,,,0.00004333,0.00001,20.33333333,6.19766667,low Re,0.013333,21.631486,0.003125,3.767864,0.065052,-0.344533,0.156921,20.284925,0.004067,6.593277,0.000953,1.148444,0.019828,-0.344475,0.157051,6.182836,""
EOSS-398,KC0D-2,2026-05-02T08:00:46.750,2026-05-02T14:00:45.000,83003.0,25299.31,1222.0,3570.0,ascending,true,/140045h3926.06N/10345.21WO041/011/A=083003 28T233P EOSS Balloon,"KC0D-2>APZEOS,EOSS,WIDE2-1,qAO,N0JD:/140045h3926.06N/10345.21WO041/011/A=083003 28T233P EOSS Balloon",41.0,13.0,20.9,39.434333333333335,-103.7535,19.5,31.38,37.04,2.8,275.95,2330.0,0.02,0.00005707,0.02941494,0.00005556,0.00001111,20.36666667,6.20766667,low Re,0.001111,21.62601,0.003116,3.760585,0.06491,-0.33488,-0.030889,20.324075,0.000333,6.591608,0.00095,1.146226,0.019785,-0.334961,-0.031185,6.194771,""
EOSS-398,K0SCC-13,2026-05-02T08:01:02.658,2026-05-02T14:01:00.000,83222.0,25366.07,1194.0,3585.0,ascending,true,/140100h3926.07N/10345.16WO043/016>K0SCC-13 EOSS Balloon BatVolt: 7.8V | Temp: 21F/A=083222!W96!,"K0SCC-13>APTT4,Z,Z,Z,qAO,N0JD:/140100h3926.07N/10345.16WO043/016>K0SCC-13 EOSS Balloon BatVolt: 7.8V | Temp: 21F/A=083222!W96!",43.0,18.0,29.0,39.43465,-103.75276666666667,19.52,31.41,,,,,,,,0.00004444,0.00002111,19.9,6.06566667,low Re,-0.015556,21.61857,0.003035,3.754147,0.06478,-0.457779,-0.286987,20.336895,-0.004733,6.589341,0.000925,1.144263,0.019745,-0.457652,-0.286554,6.19868,""
EOSS-398,KC0D-2,2026-05-02T08:01:16.730,2026-05-02T14:01:15.000,83617.0,25486.46,1228.0,3600.0,ascending,true,/140115h3926.10N/10345.14WO028/012/A=083617 30T226P EOSS Balloon,"KC0D-2>APZEOS,EOSS,WIDE2-1,qAO,N0JD:/140115h3926.10N/10345.14WO028/012/A=083617 30T226P EOSS Balloon",28.0,14.0,22.5,39.435,-103.75233333333334,19.52,31.41,37.4,3.0,276.15,2260.0,0.02,0.00005532,0.02851057,0.00003889,0.00002222,20.46666667,6.23833333,low Re,0.018889,21.613627,0.003104,3.746807,0.064648,-0.306117,0.244168,20.338171,0.005756,6.587835,0.000946,1.142026,0.019705,-0.306037,0.2441,6.199072,""
EOSS-398,K0SCC-13,2026-05-02T08:01:32.323,2026-05-02T14:01:30.000,83839.0,25554.13,1234.0,3615.0,ascending,true,/140130h3926.11N/10345.10WO048/010/A=083839!W57!,"K0SCC-13>APTT4,Z,Z,Z,qAO,N0JD:/140130h3926.11N/10345.10WO048/010/A=083839!W57!",48.0,12.0,19.3,39.43525,-103.75178333333334,19.53,31.43,,,,,,,,0.00003278,0.00002,20.56666667,6.26866667,low Re,0.003333,21.609152,0.003105,3.739385,0.064509,-0.278785,0.003534,20.324963,0.001011,6.586471,0.000946,1.139764,0.019662,-0.278833,0.003306,6.195048,""
EOSS-398,KC0D-2,2026-05-02T08:01:46.746,2026-05-02T14:01:45.000,84194.0,25662.33,1154.0,3630.0,ascending,true,/140145h3926.13N/10345.09WO034/005/A=084194 30T219P EOSS Balloon,"KC0D-2>APZEOS,EOSS,WIDE2-1,qAO,N0JD:/140145h3926.13N/10345.09WO034/005/A=084194 30T219P EOSS Balloon",34.0,6.0,9.7,39.4355,-103.7515,19.53,31.43,37.4,3.0,276.15,2190.0,0.02,0.00005361,0.0276275,0.00002778,0.00001667,19.23333333,5.86233333,low Re,-0.044444,21.599043,0.002902,3.734603,0.064445,-0.633457,-0.734673,20.280574,-0.013544,6.583389,0.000884,1.138306,0.019643,-0.633446,-0.734511,6.181522,""
EOSS-398,K0SCC-13,2026-05-02T08:02:02.315,2026-05-02T14:02:00.000,84430.0,25734.26,1182.0,3645.0,ascending,true,/140200h3926.12N/10345.05WO029/005/A=084430!W87!,"K0SCC-13>APTT4,Z,Z,Z,qAO,N0JD:/140200h3926.12N/10345.05WO029/005/A=084430!W87!",29.0,6.0,9.7,39.43546666666666,-103.75095,19.56,31.48,,,,,,,,0.00002778,7.22e-6,19.7,6.00433333,low Re,0.015556,21.590996,0.002955,3.728698,0.064313,-0.507146,0.195932,20.234104,0.004733,6.580935,0.000901,1.136507,0.019603,-0.507345,0.19548,6.167361,""
EOSS-398,KC0D-2,2026-05-02T08:02:16.730,2026-05-02T14:02:15.000,84786.0,25842.77,1184.0,3660.0,ascending,true,/140215h3926.13N/10345.02WO061/007/A=084786 33T213P EOSS Balloon,"KC0D-2>APZEOS,EOSS,WIDE2-1,qAO,N0JD:/140215h3926.13N/10345.02WO061/007/A=084786 33T213P EOSS Balloon",61.0,8.0,12.9,39.4355,-103.75033333333333,19.58,31.51,37.94,3.3,276.45,2130.0,0.02,0.00005208,0.02684142,0.00003889,0.0,19.73333333,6.01466667,low Re,0.001111,21.583158,0.002948,3.722746,0.064176,-0.496898,-0.028624,20.137083,0.000344,6.578546,0.000898,1.134693,0.019561,-0.496944,-0.028322,6.137793,""
EOSS-398,K0SCC-13,2026-05-02T08:02:32.630,2026-05-02T14:02:30.000,85017.0,25913.18,1174.0,3675.0,ascending,true,/140230h3926.15N/10344.97WO062/010>K0SCC-13 EOSS Balloon BatVolt: 7.9V | Temp: 21F/A=085017!W03!,"K0SCC-13>APTT4,Z,Z,Z,qAO,N0JD:/140230h3926.15N/10344.97WO062/010>K0SCC-13 EOSS Balloon BatVolt: 7.9V | Temp: 21F/A=085017!W03!",62.0,12.0,19.3,39.435833333333335,-103.74955,19.6,31.54,,,,,,,,0.00004667,0.00001222,19.56666667,5.964,low Re,-0.005556,21.574685,0.002912,3.717183,0.064042,-0.540199,-0.132226,20.056582,-0.001689,6.575964,0.000887,1.132997,0.01952,-0.540129,-0.131967,6.113258,""
EOSS-398,KC0D-2,2026-05-02T08:02:46.745,2026-05-02T14:02:45.000,85399.0,26029.62,1226.0,3690.0,ascending,true,/140245h3926.17N/10344.97WO036/009/A=085399 33T207P EOSS Balloon,"KC0D-2>APZEOS,EOSS,WIDE2-1,qAO,N0JD:/140245h3926.17N/10344.97WO036/009/A=085399 33T207P EOSS Balloon",36.0,10.0,16.1,39.436166666666665,-103.7495,19.59,31.53,37.94,3.3,276.45,2070.0,0.02,0.00005061,0.02608532,0.00002778,0.00002222,20.43333333,6.22833333,low Re,0.028889,21.569909,0.003021,3.7101,0.063929,-0.306346,0.404636,19.894046,0.008811,6.57451,0.000921,1.130838,0.019486,-0.306124,0.404906,6.063717,""
EOSS-398,K0SCC-13,2026-05-02T08:03:02.362,2026-05-02T14:03:00.000,85611.0,26094.23,1188.0,3705.0,ascending,true,/140300h3926.19N/10344.94WO054/014/A=085611!W15!,"K0SCC-13>APTT4,Z,Z,Z,qAO,N0JD:/140300h3926.19N/10344.94WO054/014/A=085611!W15!",54.0,16.0,25.7,39.43651666666667,-103.74908333333333,19.59,31.53,,,,,,,,0.00001556,0.00002278,19.8,6.035,low Re,-0.021111,21.562535,0.00292,3.704093,0.063814,-0.475834,-0.376579,19.789191,-0.006444,6.572262,0.00089,1.129007,0.01945,-0.475871,-0.377069,6.031763,""
EOSS-398,KC0D-2,2026-05-02T08:03:16.713,2026-05-02T14:03:15.000,85970.0,26203.66,1142.0,3720.0,ascending,true,/140315h3926.23N/10344.91WO010/014/A=085970 35T201P EOSS Balloon,"KC0D-2>APZEOS,EOSS,WIDE2-1,qAO,N0JD:/140315h3926.23N/10344.91WO010/014/A=085970 35T201P EOSS Balloon",10.0,16.0,25.7,39.43716666666667,-103.7485,19.59,31.53,38.3,3.5,276.65,2010.0,0.02,0.00004911,0.02531091,0.00003333,0.00003333,19.03333333,5.80133333,low Re,-0.025556,21.55204,0.002801,3.699956,0.063707,-0.68074,-0.445116,19.591749,-0.007789,6.569063,0.000854,1.127746,0.019418,-0.680765,-0.445102,5.971582,""
EOSS-398,K0SCC-13,2026-05-02T08:03:32.342,2026-05-02T14:03:30.000,86192.0,26271.32,1162.0,3735.0,ascending,true,/140330h3926.26N/10344.87WO003/013/A=086192!W96!,"K0SCC-13>APTT4,Z,Z,Z,qAO,N0JD:/140330h3926.26N/10344.87WO003/013/A=086192!W96!",3.0,15.0,24.1,39.43781666666666,-103.74793333333334,19.59,31.53,,,,,,,,0.00003833,0.00004333,19.36666667,5.903,low Re,0.011111,21.54301,0.002836,3.694944,0.063576,-0.589006,0.130159,19.460338,0.003389,6.56631,0.000864,1.126218,0.019378,-0.588971,0.130302,5.931532,""
EOSS-398,KC0D-2,2026-05-02T08:03:46.790,2026-05-02T14:03:45.000,86567.0,26385.62,1194.0,3750.0,ascending,true,/140345h3926.28N/10344.81WO063/012/A=086567 35T195P EOSS Balloon,"KC0D-2>APZEOS,EOSS,WIDE2-1,qAO,N0JD:/140345h3926.28N/10344.81WO063/012/A=086567 35T195P EOSS Balloon",63.0,14.0,22.5,39.438,-103.74683333333333,19.63,31.59,38.3,3.5,276.65,1950.0,0.02,0.00004765,0.02455536,0.00005556,0.00002778,19.9,6.06533333,low Re,0.017778,21.536248,0.002897,3.688808,0.063451,-0.443571,0.234527,19.231683,0.005411,6.564249,0.000883,1.124348,0.01934,-0.443738,0.234126,5.861838,""
EOSS-398,K0SCC-13,2026-05-02T08:04:02.694,2026-05-02T14:04:00.000,86746.0,26440.18,1108.0,3765.0,ascending,true,/140400h3926.31N/10344.72WO064/026>K0SCC-13 EOSS Balloon BatVolt: 7.9V | Temp: 21F/A=086746!W78!,"K0SCC-13>APTT4,Z,Z,Z,qAO,N0JD:/140400h3926.31N/10344.72WO064/026>K0SCC-13 EOSS Balloon BatVolt: 7.9V | Temp: 21F/A=086746!W78!",64.0,30.0,48.3,39.43861666666666,-103.74546666666667,19.66,31.64,,,,,,,,0.00008222,0.00002667,18.46666667,5.62866667,low Re,-0.047778,21.523668,0.002689,3.686451,0.063403,-0.829253,-0.795972,19.124144,-0.014556,6.560414,0.00082,1.12363,0.019325,-0.82923,-0.795653,5.829059,""
EOSS-398,KC0D-2,2026-05-02T08:04:16.721,2026-05-02T14:04:15.000,87136.0,26559.05,1138.0,3780.0,ascending,true,/140415h3926.33N/10344.63WO092/021/A=087136 38T190P EOSS Balloon,"KC0D-2>APZEOS,EOSS,WIDE2-1,qAO,N0JD:/140415h3926.33N/10344.63WO092/021/A=087136 38T190P EOSS Balloon",92.0,24.0,38.6,39.438833333333335,-103.74383333333333,19.72,31.74,38.84,3.8,276.95,1900.0,0.02,0.00004637,0.02389982,0.0001,0.00002778,18.96666667,5.781,low Re,0.016667,21.513231,0.002746,3.682514,0.063279,-0.691529,0.219994,18.909682,0.005078,6.557233,0.000837,1.12243,0.019287,-0.691565,0.219889,5.763689,""
EOSS-398,K0SCC-13,2026-05-02T08:04:32.323,2026-05-02T14:04:30.000,87357.0,26626.41,1222.0,3795.0,ascending,true,/140430h3926.34N/10344.52WO072/023/A=087357!W69!,"K0SCC-13>APTT4,Z,Z,Z,qAO,N0JD:/140430h3926.34N/10344.52WO072/023/A=087357!W69!",72.0,26.0,41.8,39.4391,-103.74215000000001,19.78,31.83,,,,,,,,0.00011056,0.00001611,20.36666667,6.20766667,low Re,0.046667,21.50857,0.002925,3.675718,0.063212,-0.310661,0.691989,18.810753,0.014222,6.555812,0.000892,1.120359,0.019267,-0.310744,0.691857,5.733532,""
EOSS-398,KC0D-2,2026-05-02T08:04:46.762,2026-05-02T14:04:45.000,87713.0,26734.92,1154.0,3810.0,ascending,true,/140445h3926.38N/10344.41WO067/027/A=087713 38T185P EOSS Balloon,"KC0D-2>APZEOS,EOSS,WIDE2-1,qAO,N0JD:/140445h3926.38N/10344.41WO067/027/A=087713 38T185P EOSS Balloon",67.0,31.0,49.9,39.43966666666667,-103.74016666666667,19.84,31.93,38.84,3.8,276.95,1850.0,0.02,0.00004515,0.02327088,0.00012222,0.00002778,19.23333333,5.86233333,low Re,-0.037778,21.499359,0.00276,3.671095,0.063136,-0.617262,-0.642074,18.710203,-0.011511,6.553004,0.000841,1.11895,0.019244,-0.617249,-0.641862,5.702875,""
EOSS-398,K0SCC-13,2026-05-02T08:05:02.344,2026-05-02T14:05:00.000,87924.0,26799.24,1134.0,3825.0,ascending,true,/140500h3926.39N/10344.28WO078/017/A=087924!W10!,"K0SCC-13>APTT4,Z,Z,Z,qAO,N0JD:/140500h3926.39N/10344.28WO078/017/A=087924!W10!",78.0,20.0,32.2,39.43985,-103.738,19.93,32.07,,,,,,,,0.00013833,0.000025,18.9,5.761,low Re,-0.011111,21.488878,0.002704,3.667373,0.063014,-0.705922,-0.219237,18.699148,-0.003378,6.549811,0.000824,1.117814,0.019207,-0.705673,-0.218774,5.699498,""
EOSS-398,KC0D-2,2026-05-02T08:05:16.791,2026-05-02T14:05:15.000,88294.0,26912.01,1162.0,3840.0,ascending,true,/140515h3926.39N/10344.16WO076/019/A=088294 41T180P EOSS Balloon,"KC0D-2>APZEOS,EOSS,WIDE2-1,qAO,N0JD:/140515h3926.39N/10344.16WO076/019/A=088294 41T180P EOSS Balloon",76.0,22.0,35.4,39.43983333333333,-103.736,20.02,32.22,39.38,4.1,277.25,1800.0,0.02,0.00004389,0.02261744,0.00013889,5.56e-6,19.36666667,5.903,low Re,0.015556,21.480355,0.002756,3.662441,0.062891,-0.577126,0.203527,18.80406,0.004733,6.547213,0.00084,1.116311,0.019169,-0.577091,0.203088,5.731456,""
EOSS-398,K0SCC-13,2026-05-02T08:05:32.665,2026-05-02T14:05:30.000,88499.0,26974.5,1150.0,3855.0,ascending,true,/140530h3926.39N/10344.03WO067/022>K0SCC-13 EOSS Balloon BatVolt: 7.9V | Temp: 22F/A=088499!W89!,"K0SCC-13>APTT4,Z,Z,Z,qAO,N0JD:/140530h3926.39N/10344.03WO067/022>K0SCC-13 EOSS Balloon BatVolt: 7.9V | Temp: 22F/A=088499!W89!",67.0,25.0,40.2,39.43996666666666,-103.73398333333334,20.1,32.35,,,,,,,,0.00013389,3.89e-6,19.16666667,5.842,low Re,-0.006667,21.4711,0.002718,3.658008,0.062767,-0.629969,-0.149521,18.950768,-0.002033,6.544392,0.000828,1.11496,0.019131,-0.629971,-0.149548,5.776165,""
EOSS-398,KC0D-2,2026-05-02T08:05:46.732,2026-05-02T14:05:45.000,88865.0,27086.05,1142.0,3870.0,ascending,true,/140545h3926.41N/10343.93WO075/024/A=088865 41T175P EOSS Balloon,"KC0D-2>APZEOS,EOSS,WIDE2-1,qAO,N0JD:/140545h3926.41N/10343.93WO075/024/A=088865 41T175P EOSS Balloon",75.0,28.0,45.1,39.44016666666667,-103.73216666666667,20.17,32.46,39.38,4.1,277.25,1750.0,0.02,0.00004267,0.02198918,0.00012778,0.00001111,19.03333333,5.80133333,low Re,-0.004444,21.461388,0.002689,3.653926,0.062643,-0.664506,-0.113867,19.421348,-0.001356,6.541432,0.00082,1.113716,0.019093,-0.664531,-0.113968,5.919561,""
EOSS-398,K0SCC-13,2026-05-02T08:06:02.328,2026-05-02T14:06:00.000,89063.0,27146.4,1128.0,3885.0,ascending,true,/140600h3926.43N/10343.81WO069/024/A=089063!W46!,"K0SCC-13>APTT4,Z,Z,Z,qAO,N0JD:/140600h3926.43N/10343.81WO069/024/A=089063!W46!",69.0,28.0,45.1,39.44056666666667,-103.73026666666667,20.24,32.57,,,,,,,,0.00012389,0.00002,18.8,5.73,low Re,-0.007778,21.450827,0.002647,3.650491,0.062521,-0.726156,-0.166744,19.813955,-0.002378,6.538212,0.000807,1.11267,0.019056,-0.726372,-0.167139,6.039206,""
EOSS-398,KC0D-2,2026-05-02T08:06:26.290,2026-05-02T14:06:15.000,88592.0,27002.84,-546.0,0.0,descending,true,/140615h3926.45N/10343.75WO017/007/A=088592 44T176P EOSS Balloon,"KC0D-2>APZEOS,EOSS,WIDE2-1,qAO,KE0UWC-9:/140615h3926.45N/10343.75WO017/007/A=088592 44T176P EOSS Balloon",17.0,8.0,12.9,39.44083333333333,-103.72916666666667,20.28,32.64,39.92,4.4,277.55,1760.0,0.02,0.00004286,0.02209092,0.0001,0.00002222,-9.1,-2.77366667,n/a,,-9.1,,,,,,-8.204495,,-2.773667,,,,,,-2.5007,""
EOSS-398,K0SCC-13,2026-05-02T08:06:32.362,2026-05-02T14:06:30.000,87068.0,26538.33,-3990.0,15.0,descending,true,/140630h3926.44N/10343.67WO103/037/A=087068!W92!,"K0SCC-13>APTT4,Z,Z,Z,qAO,N0JD:/140630h3926.44N/10343.67WO103/037/A=087068!W92!",103.0,43.0,69.2,39.44081666666666,-103.72786666666667,20.33,32.72,,,,,,,,0.00008,8.33e-6,-66.5,-20.269,n/a,-1.913333,-37.8,-1.913333,40.587929,,-0.707107,,-71.019533,-0.583178,-11.521333,-0.583178,12.371069,,-0.707107,,-21.646581,""
EOSS-398,KC0D-2,2026-05-02T08:06:51.993,2026-05-02T14:06:45.000,85500.0,26060.4,-6184.0,30.0,descending,true,/140645h3926.49N/10343.59WO133/019/A=085500 46T206P EOSS Balloon,"KC0D-2>APZEOS,EOSS,WIDE2-1,qAO,N0JD:/140645h3926.49N/10343.59WO133/019/A=085500 46T206P EOSS Balloon",133.0,22.0,35.4,39.4415,-103.7265,20.37,32.78,40.28,4.6,277.75,2060.0,0.02,0.00005013,0.0258378,0.00008889,0.00002222,-103.06666667,-31.41466667,n/a,-1.218889,-59.555556,-1.566111,47.366682,0.491046,-0.918602,0.707107,-95.526031,-0.371522,-18.152444,-0.47735,14.437333,0.149663,-0.918606,0.707109,-29.116324,""
EOSS-398,K0SCC-13,2026-05-02T08:07:02.650,2026-05-02T14:07:00.000,84115.0,25638.25,-5906.0,45.0,descending,true,/140700h3926.49N/10343.56WO289/007>K0SCC-13 EOSS Balloon BatVolt: 7.9V | Temp: 22F/A=084115!W52!,"K0SCC-13>APTT4,Z,Z,Z,qAO,N0JD:/140700h3926.49N/10343.56WO289/007>K0SCC-13 EOSS Balloon BatVolt: 7.9V | Temp: 22F/A=084115!W52!",289.0,8.0,12.9,39.441583333333334,-103.72603333333333,20.38,32.8,,,,,,,,0.00006111,0.00002556,-98.43333333,-30.00266667,n/a,0.154444,-69.275,-0.992593,43.285164,1.052299,-0.673633,1.09003,-100.105563,0.047067,-21.115,-0.302544,13.193357,0.320735,-0.673647,1.090031,-30.512205,""
EOSS-398,KC0D-2,2026-05-02T08:07:16.758,2026-05-02T14:07:15.000,82693.0,25204.83,-5614.0,60.0,descending,true,/140715h3926.55N/10343.55WO120/021/A=082693 50T236P EOSS Balloon,"KC0D-2>APZEOS,EOSS,WIDE2-1,qAO,N0JD:/140715h3926.55N/10343.55WO120/021/A=082693 50T236P EOSS Balloon",120.0,24.0,38.6,39.4425,-103.72583333333333,20.36,32.77,41.0,5.0,278.15,2360.0,0.02,0.00005735,0.02955802,0.00002222,0.00003333,-93.56666667,-28.519,n/a,0.162222,-74.133333,-0.703889,39.028465,1.035191,-0.497927,0.836668,-97.306907,0.049456,-22.5958,-0.214544,11.895896,0.315526,-0.49792,0.836698,-29.659203,""
EOSS-398,K0SCC-13,2026-05-02T08:07:32.386,2026-05-02T14:07:30.000,81401.0,24811.02,-5428.0,75.0,descending,true,/140730h3926.53N/10343.50WO083/031/A=081401!W43!,"K0SCC-13>APTT4,Z,Z,Z,qAO,N0JD:/140730h3926.53N/10343.50WO083/031/A=081401!W43!",83.0,36.0,57.9,39.442233333333334,-103.72505,20.4,32.83,,,,,,,,0.00003278,0.00002167,-90.46666667,-27.57433333,n/a,0.103333,-76.855556,-0.542445,35.539272,0.966456,-0.382988,0.668192,-92.297734,0.031489,-23.425556,-0.165338,10.832397,0.294574,-0.382997,0.668175,-28.132373,""
EOSS-398,KC0D-2,2026-05-02T08:07:46.724,2026-05-02T14:07:45.000,80059.0,24401.98,-5268.0,90.0,descending,true,/140745h3926.51N/10343.43WO037/015/A=080059 51T269P EOSS Balloon,"KC0D-2>APZEOS,EOSS,WIDE2-1,qAO,N0JD:/140745h3926.51N/10343.43WO037/015/A=080059 51T269P EOSS Balloon",37.0,17.0,27.4,39.441833333333335,-103.72383333333333,20.47,32.94,41.18,5.1,278.25,2690.0,0.03,0.00006535,0.03367903,0.00006667,-0.00002222,-87.8,-26.76166667,n/a,0.088889,-78.419048,-0.437222,32.705424,0.902031,-0.286832,0.583252,-86.716536,0.027089,-23.902143,-0.133266,9.96865,0.274937,-0.286852,0.583243,-26.431219,""
EOSS-398,K0SCC-13,2026-05-02T08:08:02.409,2026-05-02T14:08:00.000,78812.0,24021.9,-5178.0,105.0,descending,true,/140800h3926.60N/10343.37WO340/032/A=078812!W15!,"K0SCC-13>APTT4,Z,Z,Z,qAO,N0JD:/140800h3926.60N/10343.37WO340/032/A=078812!W15!",340.0,37.0,59.5,39.44335,-103.72291666666666,20.45,32.91,,,,,,,,0.00007111,0.00003722,-86.3,-26.304,n/a,0.05,-79.404167,-0.367619,30.40727,0.843779,-0.226782,0.494939,-82.006566,0.015256,-24.202375,-0.112049,9.268161,0.257183,-0.226757,0.494998,-24.995628,""
EOSS-398,KC0D-2,2026-05-02T08:08:16.733,2026-05-02T14:08:15.000,77687.0,23679.0,-4744.0,120.0,descending,true,/140815h3926.70N/10343.42WO037/028/A=077687 53T303P EOSS Balloon,"KC0D-2>APZEOS,EOSS,WIDE2-1,qAO,N0JD:/140815h3926.70N/10343.42WO037/028/A=077687 53T303P EOSS Balloon",37.0,32.0,51.5,39.445,-103.72366666666667,20.36,32.77,41.54,5.3,278.45,3030.0,0.03,0.00007355,0.03790861,5.56e-6,0.00010556,-79.06666667,-24.09933333,n/a,0.241111,-79.366667,-0.291528,28.443619,0.810292,0.010547,0.657342,-78.365009,0.073489,-24.190926,-0.088857,8.669639,0.246976,0.010565,0.657335,-23.885669,""
EOSS-398,K0SCC-13,2026-05-02T08:08:32.659,2026-05-02T14:08:30.000,76584.0,23342.8,-4456.0,135.0,descending,true,/140830h3926.77N/10343.28WO072/037>K0SCC-13 EOSS Balloon BatVolt: 7.8V | Temp: 22F/A=076584!W53!,"K0SCC-13>APTT4,Z,Z,Z,qAO,N0JD:/140830h3926.77N/10343.28WO072/037>K0SCC-13 EOSS Balloon BatVolt: 7.8V | Temp: 22F/A=076584!W53!",72.0,43.0,69.2,39.446250000000006,-103.72138333333334,20.41,32.85,,,,,,,,0.00005111,0.00009667,-74.26666667,-22.63666667,n/a,0.16,-78.856667,-0.241358,26.865353,0.772757,0.170852,0.519384,-75.344613,0.048756,-24.0355,-0.073566,8.188578,0.235535,0.170827,0.519337,-22.965029,""
EOSS-398,KC0D-2,2026-05-02T08:08:46.714,2026-05-02T14:08:45.000,75519.0,23018.19,-4336.0,150.0,descending,true,/140845h3926.86N/10343.13WO039/036/A=075519 52T337P EOSS Balloon,"KC0D-2>APZEOS,EOSS,WIDE2-1,qAO,N0JD:/140845h3926.86N/10343.13WO039/036/A=075519 52T337P EOSS Balloon",39.0,41.0,66.0,39.44766666666666,-103.71883333333334,20.47,32.94,41.36,5.2,278.35,3370.0,0.03,0.00008184,0.04217753,0.00016111,0.00008889,-72.26666667,-22.027,n/a,0.066667,-78.257576,-0.210556,25.564046,0.735045,0.234349,0.377151,-72.859694,0.020322,-23.852909,-0.064178,7.791936,0.224041,0.234333,0.377163,-22.207625,""
EOSS-398,K0SCC-13,2026-05-02T08:09:02.303,2026-05-02T14:09:00.000,74530.0,22716.74,-4108.0,165.0,descending,true,/140900h3926.97N/10343.06WO002/017/A=074530!W50!,"K0SCC-13>APTT4,Z,Z,Z,qAO,N0JD:/140900h3926.97N/10343.06WO002/017/A=074530!W50!",2.0,20.0,32.2,39.44958333333334,-103.71766666666667,20.45,32.91,,,,,,,,0.00012389,0.00011111,-68.46666667,-20.86866667,n/a,0.126667,-77.441667,-0.179899,24.537685,0.704699,0.365764,0.435031,-70.83844,0.038611,-23.604222,-0.054833,7.479099,0.214791,0.36576,0.435046,-21.591539,""
EOSS-398,KC0D-2,2026-05-02T08:09:16.762,2026-05-02T14:09:15.000,73508.0,22405.24,-4022.0,180.0,descending,true,/140915h3927.06N/10342.98WO055/027/A=073508 53T371P EOSS Balloon,"KC0D-2>APZEOS,EOSS,WIDE2-1,qAO,N0JD:/140915h3927.06N/10342.98WO055/027/A=073508 53T371P EOSS Balloon",55.0,31.0,49.9,39.451,-103.71633333333334,20.46,32.93,41.54,5.3,278.45,3710.0,0.04,0.00009006,0.04641615,0.00008333,0.00011111,-67.03333333,-20.43166667,n/a,0.047778,-76.641026,-0.160926,23.669738,0.675111,0.405906,0.30914,-68.9487,0.014567,-23.360179,-0.04905,7.214551,0.205773,0.405917,0.309161,-21.015555,""
EOSS-398,K0SCC-13,2026-05-02T08:09:32.298,2026-05-02T14:09:30.000,72450.0,22082.76,-4160.0,195.0,descending,true,/140930h3927.07N/10342.91WO007/027/A=072450!W47!,"K0SCC-13>APTT4,Z,Z,Z,qAO,KB0TVJ-1:/140930h3927.07N/10342.91WO007/027/A=072450!W47!",7.0,31.0,49.9,39.451233333333334,-103.71528333333333,20.5,32.99,,,,,,,,0.00007944,0.000055,-69.33333333,-21.13266667,n/a,-0.076667,-76.119048,-0.154444,22.824862,0.646792,0.297295,0.12025,-67.121909,-0.023367,-23.201071,-0.047074,6.957035,0.197141,0.297311,0.120254,-20.458746,""
EOSS-398,KC0D-2,2026-05-02T08:09:46.735,2026-05-02T14:09:45.000,71476.0,21785.88,-4064.0,210.0,descending,true,/140945h3927.13N/10342.83WO106/027/A=071476 51T410P EOSS Balloon,"KC0D-2>APZEOS,EOSS,WIDE2-1,qAO,N0JD:/140945h3927.13N/10342.83WO106/027/A=071476 51T410P EOSS Balloon",106.0,31.0,49.9,39.45216666666666,-103.71383333333333,20.53,33.04,41.18,5.1,278.25,4100.0,0.04,0.0000996,0.05133235,0.00008333,0.00003889,-67.73333333,-20.64533333,n/a,0.053333,-75.56,-0.139603,22.100902,0.623894,0.354133,0.309245,-65.498268,0.016244,-23.030689,-0.042552,6.736366,0.190162,0.354101,0.309189,-19.963853,""
EOSS-398,K0SCC-13,2026-05-02T08:10:02.706,2026-05-02T14:10:00.000,70537.0,21499.68,-3826.0,225.0,descending,true,/141000h3927.12N/10342.68WO050/031>K0SCC-13 EOSS Balloon BatVolt: 7.8V | Temp: 22F/A=070537!W80!,"K0SCC-13>APTT4,Z,Z,Z,qAO,N0JD:/141000h3927.12N/10342.68WO050/031>K0SCC-13 EOSS Balloon BatVolt: 7.8V | Temp: 22F/A=070537!W80!",50.0,36.0,57.9,39.45213333333333,-103.71133333333333,20.65,33.23,,,,,,,,0.00013167,0.00003,-63.76666667,-19.436,n/a,0.132222,-74.822917,-0.121482,21.5541,0.605282,0.512953,0.41915,-63.949316,0.040311,-22.806021,-0.037027,6.569703,0.184489,0.512964,0.419201,-19.491745,""
EOSS-398,KC0D-2,2026-05-02T08:10:16.774,2026-05-02T14:10:15.000,69619.0,21219.87,-3714.0,240.0,descending,true,/141015h3927.20N/10342.58WO035/017/A=069619 52T449P EOSS Balloon,"KC0D-2>APZEOS,EOSS,WIDE2-1,qAO,N0JD:/141015h3927.20N/10342.58WO035/017/A=069619 52T449P EOSS Balloon",35.0,20.0,32.2,39.45333333333333,-103.70966666666666,20.68,33.28,41.36,5.2,278.35,4490.0,0.04,0.00010904,0.05619499,0.00013889,0.00003889,-61.9,-18.867,n/a,0.062222,-74.062745,-0.11,21.103712,0.586559,0.576332,0.293614,-62.430085,0.018967,-22.574314,-0.033528,6.432428,0.178782,0.576348,0.293626,-19.028678,""
EOSS-398,K0SCC-13,2026-05-02T08:10:32.288,2026-05-02T14:10:30.000,68703.0,20940.67,-3668.0,255.0,descending,true,/141030h3927.22N/10342.56WO022/015/A=068703!W44!,"K0SCC-13>APTT4,Z,Z,Z,qAO,N0JD:/141030h3927.22N/10342.56WO022/015/A=068703!W44!",22.0,17.0,27.4,39.45373333333333,-103.7094,20.68,33.28,,,,,,,,0.00006444,0.00005333,-61.13333333,-18.63366667,n/a,0.025556,-73.344444,-0.102026,20.699174,0.568884,0.589932,0.224267,-60.89962,0.007778,-22.355389,-0.031098,6.309116,0.173395,0.589896,0.224205,-18.562187,""
EOSS-398,KC0D-2,2026-05-02T08:10:46.809,2026-05-02T14:10:45.000,67839.0,20677.33,-3560.0,270.0,descending,true,/141045h3927.27N/10342.42WO085/032/A=067839 49T490P EOSS Balloon,"KC0D-2>APZEOS,EOSS,WIDE2-1,qAO,N0JD:/141045h3927.27N/10342.42WO085/032/A=067839 49T490P EOSS Balloon",85.0,37.0,59.5,39.4545,-103.707,20.76,33.41,40.82,4.9,278.05,4900.0,0.05,0.00011912,0.06139254,0.00008889,0.00003889,-59.33333333,-18.08466667,n/a,0.06,-72.607018,-0.093025,20.371178,0.553218,0.651591,0.276609,-59.441156,0.0183,-22.130614,-0.028354,6.209148,0.16862,0.651611,0.276681,-18.117659,""
EOSS-398,K0SCC-13,2026-05-02T08:11:02.355,2026-05-02T14:11:00.000,66964.0,20410.63,-3478.0,285.0,descending,true,/141100h3927.19N/10342.33WO166/014/A=066964!W59!,"K0SCC-13>APTT4,Z,Z,Z,qAO,N0JD:/141100h3927.19N/10342.33WO166/014/A=066964!W59!",166.0,16.0,25.7,39.453250000000004,-103.70565,20.86,33.57,,,,,,,,0.000125,-0.00001611,-57.96666667,-17.668,n/a,0.045556,-71.875,-0.085731,20.096282,0.53857,0.692085,0.24377,-57.953056,0.013889,-21.907483,-0.02613,6.125368,0.164156,0.692119,0.243786,-17.664086,""
EOSS-398,KC0D-2,2026-05-02T08:11:16.757,2026-05-02T14:11:15.000,66143.0,20160.39,-3392.0,300.0,descending,true,/141115h3927.21N/10342.31WO036/026/A=066143 49T531P EOSS Balloon,"KC0D-2>APZEOS,EOSS,WIDE2-1,qAO,N0JD:/141115h3927.21N/10342.31WO036/026/A=066143 49T531P EOSS Balloon",36.0,30.0,48.3,39.4535,-103.70516666666667,20.88,33.6,40.82,4.9,278.05,5310.0,0.05,0.00012909,0.06652947,0.00006111,-0.00003333,-56.53333333,-17.23133333,n/a,0.047778,-71.144444,-0.079056,19.871474,0.525055,0.735281,0.241563,-56.553083,0.014556,-21.68481,-0.024096,6.056845,0.160036,0.73528,0.241521,-17.237375,""
EOSS-398,K0SCC-13,2026-05-02T08:11:32.648,2026-05-02T14:11:30.000,65333.0,19913.5,-3262.0,315.0,descending,true,/141130h3927.28N/10342.14WO050/047>K0SCC-13 EOSS Balloon BatVolt: 7.8V | Temp: 22F/A=065333!W72!,"K0SCC-13>APTT4,Z,Z,Z,qAO,N0JD:/141130h3927.28N/10342.14WO050/047>K0SCC-13 EOSS Balloon BatVolt: 7.8V | Temp: 22F/A=065333!W72!",50.0,54.0,86.9,39.45478333333333,-103.70236666666666,20.96,33.73,,,,,,,,0.00010944,0.00005111,-54.36666667,-16.571,n/a,0.072222,-70.381818,-0.071852,19.719713,0.512824,0.812139,0.280942,-55.176169,0.022011,-21.452364,-0.0219,6.010586,0.156308,0.812128,0.280926,-16.817687,""
EOSS-398,KC0D-2,2026-05-02T08:11:47.053,2026-05-02T14:11:45.000,64548.0,19674.23,-3190.0,330.0,descending,true,/141145h3927.36N/10342.03WO052/027/A=064548 46T575P EOSS Balloon,"KC0D-2>APZEOS,EOSS,WIDE2-1,qAO,AE0SS-11:/141145h3927.36N/10342.03WO052/027/A=064548 46T575P EOSS Balloon",52.0,31.0,49.9,39.456,-103.7005,21.0,33.8,40.28,4.6,277.75,5750.0,0.06,0.00013994,0.07212008,0.00015556,0.00008333,-53.16666667,-16.20533333,n/a,0.04,-69.633333,-0.066768,19.597871,0.501033,0.840227,0.213096,-53.853861,0.012189,-21.224232,-0.020351,5.973442,0.152714,0.840202,0.213078,-16.414644,""
EOSS-398,K0SCC-13,2026-05-02T08:12:02.389,2026-05-02T14:12:00.000,63761.0,19434.35,-3144.0,345.0,descending,true,/141200h3927.36N/10341.86WO119/034/A=063761!W20!,"K0SCC-13>APTT4,Z,Z,Z,qAO,KB0TVJ-1:/141200h3927.36N/10341.86WO119/034/A=063761!W20!",119.0,39.0,62.8,39.45603333333334,-103.69766666666666,21.13,34.01,,,,,,,,0.00015667,0.00004167,-52.4,-15.97166667,n/a,0.025556,-68.915278,-0.062754,19.487229,0.489892,0.847492,0.180264,-52.548201,0.007789,-21.005375,-0.019127,5.939712,0.149318,0.847467,0.18026,-16.016674,""
EOSS-398,KC0D-2,2026-05-02T08:12:16.778,2026-05-02T14:12:15.000,63027.0,19210.63,-3042.0,360.0,descending,true,/141215h3927.28N/10341.75WO144/021/A=063027 46T620P EOSS Balloon,"KC0D-2>APZEOS,EOSS,WIDE2-1,qAO,N0JD:/141215h3927.28N/10341.75WO144/021/A=063027 46T620P EOSS Balloon",144.0,24.0,38.6,39.45466666666667,-103.69583333333334,21.27,34.23,40.28,4.6,277.75,6200.0,0.06,0.00015089,0.07776426,0.00015556,-0.00004444,-50.7,-15.45333333,n/a,0.056667,-68.186667,-0.057778,19.421661,0.479743,0.900369,0.238555,-51.355342,0.017278,-20.783293,-0.017611,5.919728,0.146225,0.900372,0.238598,-15.653096,""
EOSS-398,K0SCC-13,2026-05-02T08:12:32.372,2026-05-02T14:12:30.000,62272.0,18980.51,-2978.0,375.0,descending,true,/141230h3927.23N/10341.73WO204/004/A=062272!W29!,"K0SCC-13>APTT4,Z,Z,Z,qAO,N0JD:/141230h3927.23N/10341.73WO204/004/A=062272!W29!",204.0,5.0,8.0,39.45386666666667,-103.69565,21.3,34.28,,,,,,,,0.00006722,-0.00007222,-49.63333333,-15.128,n/a,0.035556,-67.473077,-0.054044,19.374012,0.470013,0.920808,0.190633,-50.159622,0.010844,-20.565782,-0.016472,5.905213,0.14326,0.920844,0.190674,-15.288646,""
EOSS-398,KC0D-2,2026-05-02T08:13:16.732,2026-05-02T14:13:15.000,60143.0,18331.59,-2884.0,420.0,descending,true,/141315h3927.12N/10341.55WO118/037/A=060143 42T715P EOSS Balloon,"KC0D-2>APZEOS,EOSS,WIDE2-1,qAO,N0JD:/141315h3927.12N/10341.55WO118/037/A=060143 42T715P EOSS Balloon",118.0,43.0,69.2,39.452,-103.6925,21.51,34.62,39.56,4.2,277.35,7150.0,0.07,0.00017426,0.0898091,0.00005556,-0.00004444,-48.06666667,-14.65066667,n/a,0.026111,-66.754321,-0.050961,19.36141,0.460785,0.965201,0.167262,-47.001822,0.007956,-20.346704,-0.015533,5.901373,0.140447,0.965205,0.167245,-14.326148,""
EOSS-398,K0SCC-13,2026-05-02T08:13:32.701,2026-05-02T14:13:30.000,59407.0,18107.25,-2865.0,435.0,descending,true,/141330h3927.07N/10341.43WO096/014>K0SCC-13 EOSS Balloon BatVolt: 7.8V | Temp: 20F/A=059407!W19!,"K0SCC-13>APTT4,Z,Z,Z,qAO,N0JD:/141330h3927.07N/10341.43WO096/014>K0SCC-13 EOSS Balloon BatVolt: 7.8V | Temp: 20F/A=059407!W19!",96.0,16.0,25.7,39.45118333333333,-103.69065,21.63,34.81,,,,,,,,0.00008333,-0.00004472,-47.75,-14.55433333,n/a,0.005278,-66.075595,-0.048879,19.335953,0.451967,0.947747,0.119825,-45.993955,0.001606,-20.139833,-0.014898,5.893608,0.137759,0.947722,0.119803,-14.018942,""
EOSS-398,KC0D-2,2026-05-02T08:13:46.751,2026-05-02T14:13:45.000,58754.0,17908.22,-2778.0,450.0,descending,true,/141345h3927.06N/10341.37WO062/022/A=058754 38T765P EOSS Balloon,"KC0D-2>APZEOS,EOSS,WIDE2-1,qAO,N0JD:/141345h3927.06N/10341.37WO062/022/A=058754 38T765P EOSS Balloon",62.0,25.0,40.2,39.451,-103.6895,21.68,34.89,38.84,3.8,276.95,7650.0,0.08,0.00018671,0.09622823,0.0001,-0.00003333,-46.3,-14.11233333,n/a,0.048333,-65.393678,-0.045407,19.339378,0.443898,0.987295,0.211175,-45.138045,0.014733,-19.931989,-0.01384,5.894648,0.1353,0.987278,0.211183,-13.758067,""
EOSS-398,K0SCC-13,2026-05-02T08:14:02.371,2026-05-02T14:14:00.000,58081.0,17703.09,-2652.0,465.0,descending,true,/141400h3927.09N/10341.21WO084/039/A=058081!W23!,"K0SCC-13>APTT4,Z,Z,Z,qAO,N0JD:/141400h3927.09N/10341.21WO084/039/A=058081!W23!",84.0,45.0,72.4,39.45153333333334,-103.68688333333334,21.79,35.07,,,,,,,,0.00012556,0.00001167,-44.2,-13.472,n/a,0.07,-64.687222,-0.041427,19.392963,0.436426,1.056426,0.255317,-44.293714,0.021344,-19.716656,-0.012627,5.910986,0.133022,1.056449,0.255379,-13.500717,""
EOSS-398,K0SCC-13,2026-05-02T08:14:32.343,2026-05-02T14:14:30.000,56805.0,17314.16,-2552.0,495.0,descending,true,/141430h3927.01N/10340.85WO130/018/A=056805!W71!,"K0SCC-13>APTT4,Z,Z,Z,qAO,N0JD:/141430h3927.01N/10340.85WO130/018/A=056805!W71!",130.0,21.0,33.8,39.45028333333333,-103.68085,22.11,35.58,,,,,,,,0.00020111,-0.00004167,-42.53333333,-12.96433333,n/a,0.055556,-63.972581,-0.038194,19.477753,0.429201,1.100704,0.218429,-42.79539,0.016922,-19.498839,-0.011642,5.936823,0.13082,1.100674,0.218346,-13.044025,""
EOSS-398,KC0D-2,2026-05-02T08:14:46.782,2026-05-02T14:14:45.000,56202.0,17130.37,-2552.0,510.0,descending,true,/141445h3927.02N/10340.76WO097/035/A=056202 34T868P EOSS Balloon,"KC0D-2>APZEOS,EOSS,WIDE2-1,qAO,N0JD:/141445h3927.02N/10340.76WO097/035/A=056202 34T868P EOSS Balloon",97.0,40.0,64.4,39.45033333333333,-103.67933333333333,22.18,35.7,38.12,3.4,276.55,8680.0,0.09,0.00021216,0.10934238,0.00016944,-0.00001111,-42.53333333,-12.96416667,n/a,0.0,-63.302604,-0.036962,19.532242,0.422043,1.063333,0.087579,-42.131515,3e-6,-19.29463,-0.011266,5.953431,0.128638,1.06333,0.087602,-12.841683,""
EOSS-398,K0SCC-13,2026-05-02T08:15:02.618,2026-05-02T14:15:00.000,55542.0,16929.2,-2526.0,525.0,descending,true,/141500h3926.93N/10340.58WO130/037>K0SCC-13 EOSS Balloon BatVolt: 7.8V | Temp: 19F/A=055542!W14!,"K0SCC-13>APTT4,Z,Z,Z,qAO,N0JD:/141500h3926.93N/10340.58WO130/037>K0SCC-13 EOSS Balloon BatVolt: 7.8V | Temp: 19F/A=055542!W14!",130.0,43.0,69.2,39.44885,-103.6764,22.36,35.98,,,,,,,,0.00014833,-0.00004778,-42.1,-12.832,n/a,0.014444,-62.660101,-0.035356,19.575727,0.415279,1.050285,0.119919,-41.434723,0.004406,-19.098793,-0.010776,5.966687,0.126577,1.050297,0.119943,-12.6293,""
EOSS-398,KC0D-2,2026-05-02T08:15:16.772,2026-05-02T14:15:15.000,54974.0,16756.08,-2456.0,540.0,descending,true,/141515h3926.87N/10340.48WO091/027/A=054974 32T922P EOSS Balloon,"KC0D-2>APZEOS,EOSS,WIDE2-1,qAO,N0JD:/141515h3926.87N/10340.48WO091/027/A=054974 32T922P EOSS Balloon",91.0,31.0,49.9,39.447833333333335,-103.67466666666667,22.48,36.18,37.76,3.2,276.35,9220.0,0.09,0.00022552,0.11622884,0.00015556,-0.00008333,-40.93333333,-12.47633333,n/a,0.038889,-62.021078,-0.033106,19.63366,0.408943,1.074061,0.176051,-40.858004,0.011856,-18.904015,-0.01009,5.98435,0.124645,1.074082,0.176068,-12.453524,""
EOSS-398,K0SCC-13,2026-05-02T08:15:32.340,2026-05-02T14:15:30.000,54347.0,16564.97,-2390.0,555.0,descending,true,/141530h3926.86N/10340.29WO103/043/A=054347!W91!,"K0SCC-13>APTT4,Z,Z,Z,qAO,N0JD:/141530h3926.86N/10340.29WO103/043/A=054347!W91!",103.0,49.0,78.9,39.44781666666666,-103.67151666666666,22.63,36.42,,,,,,,,0.00016278,-0.00003444,-39.83333333,-12.141,n/a,0.036667,-61.387143,-0.031054,19.703008,0.402877,1.093935,0.168093,-40.243537,0.011178,-18.710786,-0.009465,6.005493,0.122797,1.093963,0.168107,-12.266236,""
EOSS-398,KC0D-2,2026-05-02T08:15:46.734,2026-05-02T14:15:45.000,53792.0,16395.8,-2364.0,570.0,descending,true,/141545h3926.79N/10340.12WO102/022/A=053792 29T977P EOSS Balloon,"KC0D-2>APZEOS,EOSS,WIDE2-1,qAO,N0JD:/141545h3926.79N/10340.12WO102/022/A=053792 29T977P EOSS Balloon",102.0,25.0,40.2,39.4465,-103.66866666666667,22.8,36.69,37.22,2.9,276.05,9770.0,0.1,0.00023923,0.12329608,0.0002,-0.00004444,-39.4,-12.00933333,n/a,0.014444,-60.776389,-0.029754,19.762226,0.396983,1.081679,0.111335,-39.716797,0.004389,-18.524634,-0.009069,6.023535,0.121,1.081641,0.111223,-12.105681,""
EOSS-398,K0SCC-13,2026-05-02T08:16:02.397,2026-05-02T14:16:00.000,53189.0,16212.01,-2316.0,585.0,descending,true,/141600h3926.81N/10339.95WO088/042/A=053189!W27!,"K0SCC-13>APTT4,Z,Z,Z,qAO,N0JD:/141600h3926.81N/10339.95WO088/042/A=053189!W27!",88.0,48.0,77.2,39.446866666666665,-103.66595000000001,22.92,36.89,,,,,,,,0.00018556,-0.00003167,-38.6,-11.76533333,n/a,0.026667,-60.177027,-0.028187,19.823945,0.391383,1.088433,0.140154,-39.160212,0.008133,-18.34195,-0.008591,6.042345,0.119293,1.088421,0.140193,-11.93604,""
EOSS-398,KC0D-2,2026-05-02T08:16:16.797,2026-05-02T14:16:15.000,52646.0,16046.5,-2292.0,600.0,descending,true,/141615h3926.74N/10339.77WO130/036/A=052646 27T1033P EOSS Balloon,"KC0D-2>APZEOS,EOSS,WIDE2-1,qAO,N0JD:/141615h3926.74N/10339.77WO130/036/A=052646 27T1033P EOSS Balloon",130.0,41.0,66.0,39.44566666666667,-103.66283333333334,23.1,37.18,36.86,2.7,275.85,10330.0,0.1,0.00025313,0.13045772,0.00019444,-0.00002778,-38.2,-11.64333333,n/a,0.013333,-59.598684,-0.027065,19.876562,0.38597,1.076579,0.104666,-38.670771,0.004067,-18.165671,-0.008249,6.058383,0.117643,1.076581,0.10469,-11.786856,""
EOSS-398,K0SCC-13,2026-05-02T08:16:32.725,2026-05-02T14:16:30.000,52057.0,15866.97,-2264.0,615.0,descending,true,/141630h3926.65N/10339.68WO130/019>K0SCC-13 EOSS Balloon BatVolt: 7.8V | Temp: 18F/A=052057!W73!,"K0SCC-13>APTT4,Z,Z,Z,qAO,N0JD:/141630h3926.65N/10339.68WO130/019>K0SCC-13 EOSS Balloon BatVolt: 7.8V | Temp: 18F/A=052057!W73!",130.0,22.0,35.4,39.44428333333333,-103.66138333333333,23.22,37.37,,,,,,,,0.00015222,-0.00008611,-37.73333333,-11.50133333,n/a,0.015556,-59.038034,-0.025943,19.923347,0.380781,1.069333,0.108984,-38.150006,0.004733,-17.994791,-0.007907,6.072636,0.116062,1.069298,0.108907,-11.628125,""
EOSS-398,KC0D-2,2026-05-02T08:16:46.832,2026-05-02T14:16:45.000,51533.0,15707.26,-2226.0,630.0,descending,true,/141645h3926.65N/10339.54WO096/040/A=051533 23T1091P EOSS Balloon,"KC0D-2>APZEOS,EOSS,WIDE2-1,qAO,N0JD:/141645h3926.65N/10339.54WO096/040/A=051533 23T1091P EOSS Balloon",96.0,46.0,74.0,39.44416666666667,-103.659,23.33,37.55,36.14,2.3,275.45,10910.0,0.11,0.00026773,0.13798263,0.00012778,-0.00005,-37.1,-11.308,n/a,0.021111,-58.489583,-0.024736,19.969821,0.375813,1.071095,0.121994,-37.693551,0.006444,-17.827621,-0.007539,6.086804,0.114547,1.071107,0.122072,-11.489003,""
EOSS-398,K0SCC-13,2026-05-02T08:17:02.343,2026-05-02T14:17:00.000,50958.0,15532.0,-2198.0,645.0,descending,true,/141700h3926.59N/10339.32WO123/043/A=050958!W30!,"K0SCC-13>APTT4,Z,Z,Z,qAO,N0JD:/141700h3926.59N/10339.32WO123/043/A=050958!W30!",123.0,49.0,78.9,39.44321666666667,-103.65533333333333,23.53,37.87,,,,,,,,0.00020167,-0.00003556,-36.63333333,-11.16566667,n/a,0.015556,-57.956504,-0.023729,20.011872,0.371018,1.065526,0.105884,-37.197916,0.004744,-17.665134,-0.007232,6.099625,0.113086,1.065552,0.105902,-11.337934,""
EOSS-398,KC0D-2,2026-05-02T08:17:16.734,2026-05-02T14:17:15.000,50455.0,15378.68,-2156.0,660.0,descending,true,/141715h3926.48N/10339.18WO137/035/A=050455 22T1149P EOSS Balloon,"KC0D-2>APZEOS,EOSS,WIDE2-1,qAO,N0JD:/141715h3926.48N/10339.18WO137/035/A=050455 22T1149P EOSS Balloon",137.0,40.0,64.4,39.44133333333333,-103.653,23.71,38.16,35.96,2.2,275.35,11490.0,0.11,0.00028207,0.14537087,0.0002,-0.00009444,-35.93333333,-10.95266667,n/a,0.023333,-57.432143,-0.022581,20.056306,0.366425,1.071923,0.125303,-36.767179,0.0071,-17.505313,-0.006883,6.113164,0.111686,1.071891,0.125199,-11.206641,""
EOSS-398,K0SCC-13,2026-05-02T08:17:32.368,2026-05-02T14:17:30.000,49898.0,15208.91,-2120.0,675.0,descending,true,/141730h3926.41N/10339.04WO084/035/A=049898!W55!,"K0SCC-13>APTT4,Z,Z,Z,qAO,N0JD:/141730h3926.41N/10339.04WO084/035/A=049898!W55!",84.0,40.0,64.4,39.440250000000006,-103.65075,23.85,38.38,,,,,,,,0.00015278,-0.00009889,-35.33333333,-10.76966667,n/a,0.02,-56.918217,-0.021567,20.100623,0.361988,1.073842,0.11483,-36.291576,0.0061,-17.348671,-0.006574,6.12667,0.110334,1.07383,0.114869,-11.06168,""
EOSS-398,KC0D-2,2026-05-02T08:17:46.730,2026-05-02T14:17:45.000,49407.0,15059.25,-2096.0,690.0,descending,true,/141745h3926.41N/10338.80WO098/047/A=049407 18T1210P EOSS Balloon,"KC0D-2>APZEOS,EOSS,WIDE2-1,qAO,N0JD:/141745h3926.41N/10338.80WO098/047/A=049407 18T1210P EOSS Balloon",98.0,54.0,86.9,39.44016666666667,-103.64666666666666,24.04,38.69,35.24,1.8,274.95,12100.0,0.12,0.00029747,0.15331127,0.00021111,-0.00003889,-34.93333333,-10.64766667,n/a,0.013333,-56.418561,-0.020756,20.140104,0.357692,1.066788,0.095303,-35.872254,0.004067,-17.196375,-0.006326,6.138704,0.109024,1.06679,0.095328,-10.933868,""
EOSS-398,K0SCC-13,2026-05-02T08:18:02.647,2026-05-02T14:18:00.000,48864.0,14893.75,-2068.0,705.0,descending,true,/141800h3926.38N/10338.56WO111/040>K0SCC-13 EOSS Balloon BatVolt: 7.8V | Temp: 17F/A=048864!W36!,"K0SCC-13>APTT4,Z,Z,Z,qAO,N0JD:/141800h3926.38N/10338.56WO111/040>K0SCC-13 EOSS Balloon BatVolt: 7.8V | Temp: 17F/A=048864!W36!",111.0,46.0,74.0,39.43971666666667,-103.64276666666667,24.24,39.01,,,,,,,,0.00026611,-0.00001778,-34.46666667,-10.50533333,n/a,0.015556,-55.930741,-0.019931,20.177057,0.353551,1.063786,0.100373,-35.407202,0.004744,-17.047685,-0.006075,6.149969,0.107762,1.063802,0.100397,-10.792126,""
EOSS-398,KC0D-2,2026-05-02T08:18:16.794,2026-05-02T14:18:15.000,48390.0,14749.27,-2034.0,720.0,descending,true,/141815h3926.36N/10338.35WO109/040/A=048390 17T1271P EOSS Balloon,"KC0D-2>APZEOS,EOSS,WIDE2-1,qAO,N0JD:/141815h3926.36N/10338.35WO109/040/A=048390 17T1271P EOSS Balloon",109.0,46.0,74.0,39.43933333333333,-103.63916666666667,24.42,39.3,35.06,1.7,274.85,12710.0,0.13,0.00031258,0.16109878,0.00025,-0.00002778,-33.9,-10.33266667,n/a,0.018889,-55.451812,-0.019068,20.214298,0.349558,1.066167,0.108586,-34.999264,0.005756,-16.901707,-0.005812,6.161321,0.106545,1.066174,0.108574,-10.667782,""
EOSS-398,K0SCC-13,2026-05-02T08:18:32.423,2026-05-02T14:18:30.000,47824.0,14576.76,-2080.0,735.0,descending,true,/141830h3926.30N/10338.20WO119/034/A=047824!W33!,"K0SCC-13>APTT4,Z,Z,Z,qAO,N0JD:/141830h3926.30N/10338.20WO119/034/A=047824!W33!",119.0,39.0,62.8,39.438383333333334,-103.63671666666667,24.57,39.54,,,,,,,,0.00020167,-0.00004444,-34.66666667,-10.56633333,n/a,-0.025556,-55.009574,-0.019209,20.221938,0.345654,1.005982,-0.018362,-34.508882,-0.007789,-16.766911,-0.005855,6.163652,0.105355,1.005991,-0.018357,-10.518319,""
EOSS-398,KC0D-2,2026-05-02T08:18:46.794,2026-05-02T14:18:45.000,47304.0,14418.26,-2172.0,750.0,descending,true,/141845h3926.26N/10338.07WO095/015/A=047304 13T1338P EOSS Balloon,"KC0D-2>APZEOS,EOSS,WIDE2-1,qAO,N0JD:/141845h3926.26N/10338.07WO095/015/A=047304 13T1338P EOSS Balloon",95.0,17.0,27.4,39.437666666666665,-103.6345,24.69,39.73,34.34,1.3,274.45,13380.0,0.13,0.00032954,0.16983818,0.00015556,-0.00005556,-36.2,-11.03366667,n/a,-0.051111,-54.617708,-0.019888,20.189033,0.341908,0.912263,-0.09132,-34.054659,-0.015578,-16.647469,-0.006062,6.153624,0.104213,0.912276,-0.091313,-10.379868,""
EOSS-398,K0SCC-13,2026-05-02T08:19:02.356,2026-05-02T14:19:00.000,46761.0,14252.75,-2126.0,765.0,descending,true,/141900h3926.20N/10337.97WO133/036/A=046761!W78!,"K0SCC-13>APTT4,Z,Z,Z,qAO,N0JD:/141900h3926.20N/10337.97WO133/036/A=046761!W78!",133.0,41.0,66.0,39.43678333333333,-103.63296666666668,24.79,39.9,,,,,,,,0.000125,-0.00005333,-35.43333333,-10.80033333,n/a,0.025556,-54.22619,-0.018941,20.164734,0.338314,0.931967,0.131526,-33.576243,0.007778,-16.528139,-0.005773,6.146212,0.103118,0.931925,0.131413,-10.234043,""
EOSS-398,KC0D-2,2026-05-02T08:19:16.721,2026-05-02T14:19:15.000,46285.0,14107.67,-2038.0,780.0,descending,true,/141915h3926.18N/10337.83WO098/039/A=046285 12T1406P EOSS Balloon,"KC0D-2>APZEOS,EOSS,WIDE2-1,qAO,N0JD:/141915h3926.18N/10337.83WO098/039/A=046285 12T1406P EOSS Balloon",98.0,45.0,72.4,39.43633333333333,-103.6305,24.92,40.1,34.16,1.2,274.35,14060.0,0.14,0.00034641,0.17853477,0.00013333,-0.00004444,-33.96666667,-10.353,n/a,0.048889,-53.821,-0.017557,20.162518,0.334912,0.984715,0.198398,-33.153374,0.014911,-16.404637,-0.005351,6.145537,0.102081,0.984721,0.198489,-10.105156,""
EOSS-398,K0SCC-13,2026-05-02T08:19:32.666,2026-05-02T14:19:30.000,45760.0,13947.65,-2002.0,795.0,descending,true,/141930h3926.12N/10337.61WO127/033>K0SCC-13 EOSS Balloon BatVolt: 7.8V | Temp: 16F/A=045760!W19!,"K0SCC-13>APTT4,Z,Z,Z,qAO,N0JD:/141930h3926.12N/10337.61WO127/033>K0SCC-13 EOSS Balloon BatVolt: 7.8V | Temp: 16F/A=045760!W19!",127.0,38.0,61.2,39.43535,-103.62698333333334,25.12,40.43,,,,,,,,0.00019944,-0.00004778,-33.36666667,-10.17,n/a,0.02,-53.419935,-0.016806,20.164328,0.331519,0.994492,0.111022,-32.683399,0.0061,-16.282389,-0.005122,6.146092,0.101047,0.994516,0.111057,-9.961907,""
EOSS-398,KC0D-2,2026-05-02T08:19:46.792,2026-05-02T14:19:45.000,45303.0,13808.35,-1964.0,810.0,descending,true,/141945h3926.03N/10337.40WO096/044/A=045303 8T1475P EOSS Balloon,"KC0D-2>APZEOS,EOSS,WIDE2-1,qAO,N0JD:/141945h3926.03N/10337.40WO096/044/A=045303 8T1475P EOSS Balloon",96.0,51.0,82.1,39.43383333333333,-103.62333333333333,25.34,40.78,33.44,0.8,273.95,14750.0,0.15,0.00036395,0.18756991,0.00023889,-0.00008333,-32.73333333,-9.97733333,n/a,0.021111,-53.022115,-0.016062,20.170699,0.32823,1.005854,0.113253,-32.271596,0.006422,-16.161138,-0.004896,6.14803,0.100044,1.005819,0.11313,-9.836383,""
EOSS-398,K0SCC-13,2026-05-02T08:20:02.323,2026-05-02T14:20:00.000,44776.0,13647.72,-1968.0,825.0,descending,true,/142000h3925.97N/10337.23WO113/043/A=044776!W59!,"K0SCC-13>APTT4,Z,Z,Z,qAO,N0JD:/142000h3925.97N/10337.23WO113/043/A=044776!W59!",113.0,49.0,78.9,39.43291666666667,-103.62065000000001,25.5,41.04,,,,,,,,0.00021111,-0.00008111,-32.8,-9.99766667,n/a,-0.002222,-52.640566,-0.015796,20.168011,0.325002,0.983764,0.041766,-31.794229,-0.000678,-16.044846,-0.004815,6.147206,0.09906,0.983728,0.041763,-9.69088,""
EOSS-398,K0SCC-13,2026-05-02T08:20:32.415,2026-05-02T14:20:30.000,43824.0,13357.56,-1904.0,855.0,descending,true,/142030h3925.95N/10336.80WO085/044/A=043824!W41!,"K0SCC-13>APTT4,Z,Z,Z,qAO,N0JD:/142030h3925.95N/10336.80WO085/044/A=043824!W41!",85.0,51.0,82.1,39.432566666666666,-103.61335,25.85,41.6,,,,,,,,0.00024333,-0.00001167,-31.73333333,-9.672,n/a,0.035556,-52.253395,-0.014827,20.178425,0.321939,1.016931,0.156499,-30.928256,0.010856,-15.92683,-0.004519,6.150386,0.098127,1.016982,0.156685,-9.426939,""
EOSS-398,KC0D-2,2026-05-02T08:20:46.770,2026-05-02T14:20:45.000,43416.0,13233.2,-1887.0,870.0,descending,true,/142045h3925.94N/10336.58WO102/037/A=043416 3T1615P EOSS Balloon,"KC0D-2>APZEOS,EOSS,WIDE2-1,qAO,N0JD:/142045h3925.94N/10336.58WO102/037/A=043416 3T1615P EOSS Balloon",102.0,43.0,69.2,39.43233333333333,-103.60966666666667,26.03,41.89,32.54,0.3,273.45,16150.0,0.16,0.00039922,0.20574868,0.00022778,-0.000025,-31.45,-9.58583333,n/a,0.004722,-51.875152,-0.014465,20.186566,0.318899,1.011819,0.060166,-30.557192,0.001436,-15.811539,-0.004409,6.15287,0.0972,1.011838,0.060134,-9.313837,""
EOSS-398,K0SCC-13,2026-05-02T08:21:02.706,2026-05-02T14:21:00.000,42935.0,13086.59,-1778.0,885.0,descending,true,/142100h3925.87N/10336.40WO123/035>K0SCC-13 EOSS Balloon BatVolt: 7.8V | Temp: 14F/A=042935!W84!,"K0SCC-13>APTT4,Z,Z,Z,qAO,N0JD:/142100h3925.87N/10336.40WO123/035>K0SCC-13 EOSS Balloon BatVolt: 7.8V | Temp: 14F/A=042935!W84!",123.0,40.0,64.4,39.4313,-103.60673333333334,26.21,42.18,,,,,,,,0.00022056,-0.00004222,-29.63333333,-9.03233333,n/a,0.060556,-51.477976,-0.013101,20.221827,0.316094,1.080251,0.233022,-30.121124,0.01845,-15.690482,-0.003993,6.163615,0.096345,1.080234,0.232944,-9.180922,""
EOSS-398,KC0D-2,2026-05-02T08:21:16.777,2026-05-02T14:21:15.000,42529.0,12962.84,-1774.0,900.0,descending,true,/142115h3925.80N/10336.31WO146/021/A=042529 3T1686P EOSS Balloon,"KC0D-2>APZEOS,EOSS,WIDE2-1,qAO,N0JD:/142115h3925.80N/10336.31WO146/021/A=042529 3T1686P EOSS Balloon",146.0,24.0,38.6,39.43,-103.60516666666666,26.32,42.36,32.54,0.3,273.45,16860.0,0.17,0.00041677,0.21479397,0.00015,-0.00007778,-29.56666667,-9.012,n/a,0.002222,-51.093567,-0.012827,20.249519,0.313214,1.063082,0.048047,-29.755109,0.000678,-15.573316,-0.00391,6.172054,0.095467,1.063068,0.048058,-9.069359,""
EOSS-398,K0SCC-13,2026-05-02T08:21:32.312,2026-05-02T14:21:30.000,42072.0,12823.55,-1726.0,915.0,descending,true,/142130h3925.73N/10336.23WO132/021/A=042072!W16!,"K0SCC-13>APTT4,Z,Z,Z,qAO,N0JD:/142130h3925.73N/10336.23WO132/021/A=042072!W16!",132.0,24.0,38.6,39.42885,-103.60393333333333,26.42,42.52,,,,,,,,0.00009333,-0.00008167,-28.76666667,-8.768,n/a,0.026667,-50.708621,-0.012134,20.284081,0.310449,1.081733,0.124983,-29.346457,0.008133,-15.455983,-0.003698,6.18259,0.094625,1.081745,0.12503,-8.944805,""
EOSS-398,KC0D-2,2026-05-02T08:21:46.748,2026-05-02T14:21:45.000,41676.0,12702.84,-1706.0,930.0,descending,true,/142145h3925.68N/10336.15WO140/020/A=041676 2T1757P EOSS Balloon,"KC0D-2>APZEOS,EOSS,WIDE2-1,qAO,N0JD:/142145h3925.68N/10336.15WO140/020/A=041676 2T1757P EOSS Balloon",140.0,23.0,37.0,39.428,-103.6025,26.51,42.66,32.36,0.2,273.35,17570.0,0.17,0.00043448,0.22392116,0.00008889,-0.00006667,-28.43333333,-8.66666667,n/a,0.011111,-50.331073,-0.011734,20.316497,0.307729,1.07783,0.074237,-28.996129,0.003378,-15.34091,-0.003576,6.192467,0.093795,1.0778,0.07414,-8.838016,""
EOSS-398,K0SCC-13,2026-05-02T08:22:02.358,2026-05-02T14:22:00.000,41219.0,12563.55,-1706.0,945.0,descending,true,/142200h3925.62N/10336.04WO107/032/A=041219!W26!,"K0SCC-13>APTT4,Z,Z,Z,qAO,N0JD:/142200h3925.62N/10336.04WO107/032/A=041219!W26!",107.0,37.0,59.5,39.427033333333334,-103.60076666666667,26.62,42.84,,,,,,,,0.00010556,-0.00006056,-28.43333333,-8.66666667,n/a,0.0,-49.966111,-0.011535,20.340992,0.305068,1.05859,0.037811,-28.597337,0.0,-15.229672,-0.003516,6.19993,0.092985,1.058561,0.037813,-8.716467,""
EOSS-398,KC0D-2,2026-05-02T08:22:16.713,2026-05-02T14:22:15.000,40833.0,12445.9,-1686.0,960.0,descending,true,/142215h3925.58N/10335.87WO114/035/A=040833 0T1831P EOSS Balloon,"KC0D-2>APZEOS,EOSS,WIDE2-1,qAO,N0JD:/142215h3925.58N/10335.87WO114/035/A=040833 0T1831P EOSS Balloon",114.0,40.0,64.4,39.42633333333333,-103.59783333333333,26.79,43.11,32.0,0.0,273.15,18310.0,0.18,0.00045311,0.23352296,0.00015556,-0.00005556,-28.1,-8.56466667,n/a,0.011111,-49.60765,-0.011157,20.364139,0.302486,1.056153,0.073617,-28.266012,0.0034,-15.12041,-0.003401,6.206989,0.092197,1.056187,0.073766,-8.615481,""
EOSS-398,K0SCC-13,2026-05-02T08:22:32.744,2026-05-02T14:22:30.000,40379.0,12307.52,-1680.0,975.0,descending,true,/142230h3925.50N/10335.72WO151/026>K0SCC-13 EOSS Balloon BatVolt: 7.8V | Temp: 12F/A=040379!W79!,"K0SCC-13>APTT4,Z,Z,Z,qAO,N0JD:/142230h3925.50N/10335.72WO151/026>K0SCC-13 EOSS Balloon BatVolt: 7.8V | Temp: 12F/A=040379!W79!",151.0,30.0,48.3,39.42511666666666,-103.59548333333333,26.94,43.36,,,,,,,,0.00017611,-0.00006389,-28.0,-8.53433333,n/a,0.003333,-49.25914,-0.01092,20.382108,0.299961,1.04303,0.047516,-27.883911,0.001011,-15.014183,-0.003328,6.212467,0.091428,1.04304,0.047458,-8.499016,""
EOSS-398,KC0D-2,2026-05-02T08:22:46.799,2026-05-02T14:22:45.000,39998.0,12191.39,-1670.0,990.0,descending,true,/142245h3925.39N/10335.69WO173/031/A=039998 -2T1907P EOSS Balloon,"KC0D-2>APZEOS,EOSS,WIDE2-1,qAO,N0JD:/142245h3925.39N/10335.69WO173/031/A=039998 -2T1907P EOSS Balloon",173.0,36.0,57.9,39.42316666666667,-103.59483333333333,27.03,43.5,31.64,-0.2,272.95,19070.0,0.19,0.00047226,0.2433941,0.0001,-0.00010556,-27.83333333,-8.48366667,n/a,0.005556,-48.919048,-0.010654,20.396485,0.297499,1.033792,0.054488,-27.570467,0.001689,-14.910524,-0.003247,6.216848,0.090677,1.033781,0.054435,-8.403478,""
EOSS-398,KC0D-2,2026-05-02T08:23:16.785,2026-05-02T14:23:15.000,39200.0,11948.16,-1596.0,1020.0,descending,true,/142315h3925.17N/10335.55WO124/022/A=039200 -6T1984P EOSS Balloon,"KC0D-2>APZEOS,EOSS,WIDE2-1,qAO,N0JD:/142315h3925.17N/10335.55WO124/022/A=039200 -6T1984P EOSS Balloon",124.0,25.0,40.2,39.4195,-103.5925,27.26,43.87,30.92,-0.6,272.55,19840.0,0.2,0.00049205,0.25359339,0.00007778,-0.00012222,-26.6,-8.10766667,n/a,0.041111,-48.570312,-0.009832,20.425391,0.295162,1.075637,0.172593,-26.938699,0.012533,-14.804229,-0.002997,6.225658,0.089965,1.075639,0.172623,-8.210915,""
EOSS-398,K0SCC-13,2026-05-02T08:23:32.318,2026-05-02T14:23:30.000,38748.0,11810.39,-1631.0,1035.0,descending,true,/142330h3925.13N/10335.42WO102/034/A=038748!W68!,"K0SCC-13>APTT4,Z,Z,Z,qAO,N0JD:/142330h3925.13N/10335.42WO102/034/A=038748!W68!",102.0,39.0,62.8,39.418933333333335,-103.59046666666667,27.37,44.05,,,,,,,,0.00008361,-0.00010306,-27.18333333,-8.2855,n/a,-0.009722,-48.241282,-0.009831,20.438074,0.29281,1.030329,0.000372,-26.597633,-0.002964,-14.703941,-0.002996,6.229524,0.089248,1.030326,0.000359,-8.106958,""
EOSS-398,KC0D-2,2026-05-02T08:23:46.783,2026-05-02T14:23:45.000,38401.0,11704.62,-1598.0,1050.0,descending,true,/142345h3925.06N/10335.28WO142/036/A=038401 -7T2065P EOSS Balloon,"KC0D-2>APZEOS,EOSS,WIDE2-1,qAO,N0JD:/142345h3925.06N/10335.28WO142/036/A=038401 -7T2065P EOSS Balloon",142.0,41.0,66.0,39.41766666666667,-103.588,27.53,44.31,30.74,-0.7,272.45,20650.0,0.2,0.00051233,0.26404363,0.00015,-0.00006111,-26.63333333,-8.118,n/a,0.018333,-47.913889,-0.009397,20.453918,0.290535,1.040415,0.095445,-26.344882,0.005583,-14.604154,-0.002864,6.234351,0.088555,1.04039,0.095387,-8.029917,""
EOSS-398,K0SCC-13,2026-05-02T08:24:02.285,2026-05-02T14:24:00.000,37971.0,11573.56,-1554.0,1065.0,descending,true,/142400h3924.92N/10335.19WO171/033/A=037971!W12!,"K0SCC-13>APTT4,Z,Z,Z,qAO,N0JD:/142400h3924.92N/10335.19WO171/033/A=037971!W12!",171.0,38.0,61.2,39.415350000000004,-103.58653333333334,27.68,44.55,,,,,,,,0.00013111,-0.00011944,-25.9,-7.89433333,n/a,0.024444,-47.585323,-0.008885,20.475765,0.288321,1.059073,0.115597,-26.043329,0.007456,-14.504007,-0.002708,6.241009,0.08788,1.059071,0.115658,-7.938006,""
EOSS-398,KC0D-2,2026-05-02T08:24:16.770,2026-05-02T14:24:15.000,37643.0,11473.59,-1516.0,1080.0,descending,true,/142415h3924.79N/10335.17WO175/029/A=037643 -11T2144P EOSS Balloon,"KC0D-2>APZEOS,EOSS,WIDE2-1,qAO,N0JD:/142415h3924.79N/10335.17WO175/029/A=037643 -11T2144P EOSS Balloon",175.0,33.0,53.1,39.41316666666667,-103.58616666666667,27.77,44.69,30.02,-1.1,272.05,21440.0,0.21,0.00053271,0.27454814,0.00006111,-0.00015,-25.26666667,-7.701,n/a,0.021111,-47.257108,-0.008437,20.501822,0.286152,1.072609,0.10326,-25.822396,0.006444,-14.403963,-0.002571,6.248956,0.087219,1.072653,0.103361,-7.870669,""
EOSS-398,K0SCC-13,2026-05-02T08:24:32.679,2026-05-02T14:24:30.000,37229.0,11347.4,-1484.0,1095.0,descending,true,/142430h3924.68N/10335.15WO166/020>K0SCC-13 EOSS Balloon BatVolt: 7.8V | Temp: 11F/A=037229!W49!,"K0SCC-13>APTT4,Z,Z,Z,qAO,N0JD:/142430h3924.68N/10335.15WO166/020>K0SCC-13 EOSS Balloon BatVolt: 7.8V | Temp: 11F/A=037229!W49!",166.0,23.0,37.0,39.4114,-103.58598333333333,27.83,44.79,,,,,,,,0.00001833,-0.00013167,-24.73333333,-7.53866667,n/a,0.017778,-46.930676,-0.008051,20.530366,0.284026,1.081196,0.090939,-25.555238,0.005411,-14.304466,-0.002454,6.257657,0.086571,1.081203,0.09085,-7.789238,""
EOSS-398,KC0D-2,2026-05-02T08:24:47.129,2026-05-02T14:24:45.000,36903.0,11248.03,-1480.0,1110.0,descending,true,/142445h3924.58N/10335.08WO145/036/A=036903 -13T2223P EOSS Balloon,"KC0D-2>APZEOS,EOSS,WIDE2-1,qAO,N0JD:/142445h3924.58N/10335.08WO145/036/A=036903 -13T2223P EOSS Balloon",145.0,41.0,66.0,39.409666666666666,-103.58466666666666,27.95,44.98,29.66,-1.3,271.85,22230.0,0.22,0.00055275,0.28487384,0.00005,-0.00011667,-24.66666667,-7.51866667,n/a,0.002222,-46.612619,-0.007903,20.554039,0.281933,1.06772,0.035913,-25.354332,0.000667,-14.207526,-0.002409,6.264869,0.085933,1.067677,0.035795,-7.727999,""
EOSS-398,K0SCC-13,2026-05-02T08:25:02.373,2026-05-02T14:25:00.000,36491.0,11122.46,-1476.0,1125.0,descending,true,/142500h3924.44N/10334.97WO155/042/A=036491!W44!,"K0SCC-13>APTT4,Z,Z,Z,qAO,N0JD:/142500h3924.44N/10334.97WO155/042/A=036491!W44!",155.0,48.0,77.2,39.4074,-103.5829,28.11,45.24,,,,,,,,0.00010278,-0.00013333,-24.6,-7.498,n/a,0.002222,-46.302582,-0.007758,20.573235,0.279885,1.054894,0.035658,-25.112647,0.000689,-14.113026,-0.002364,6.270721,0.085309,1.054907,0.035788,-7.654338,""
EOSS-398,KC0D-2,2026-05-02T08:25:16.826,2026-05-02T14:25:15.000,36177.0,11026.75,-1452.0,1140.0,descending,true,/142515h3924.28N/10334.92WO177/037/A=036177 -17T2305P EOSS Balloon,"KC0D-2>APZEOS,EOSS,WIDE2-1,qAO,N0JD:/142515h3924.28N/10334.92WO177/037/A=036177 -17T2305P EOSS Balloon",177.0,43.0,69.2,39.404666666666664,-103.582,28.25,45.46,28.94,-1.7,271.45,23050.0,0.23,0.00057398,0.29581728,0.00008889,-0.00016667,-24.2,-7.376,n/a,0.013333,-45.995602,-0.007461,20.593243,0.27789,1.058386,0.074828,-24.937744,0.004067,-14.019456,-0.002274,6.276822,0.084701,1.058411,0.074863,-7.601026,""
EOSS-398,K0SCC-13,2026-05-02T08:25:32.333,2026-05-02T14:25:30.000,35766.0,10901.48,-1450.0,1155.0,descending,true,/142530h3924.14N/10334.91WO180/028/A=035766!W68!,"K0SCC-13>APTT4,Z,Z,Z,qAO,N0JD:/142530h3924.14N/10334.91WO180/028/A=035766!W68!",180.0,32.0,51.5,39.402433333333335,-103.58196666666667,28.33,45.59,,,,,,,,0.00003111,-0.00016556,-24.16666667,-7.366,n/a,0.001111,-45.696575,-0.007342,20.608714,0.275928,1.044699,0.030635,-24.721054,0.000333,-13.928313,-0.002238,6.281537,0.084103,1.044699,0.03057,-7.534981,""
EOSS-398,KC0D-2,2026-05-02T08:25:46.760,2026-05-02T14:25:45.000,35450.0,10805.16,-1454.0,1170.0,descending,true,/142545h3924.03N/10334.92WO176/027/A=035450 -19T2386P EOSS Balloon,"KC0D-2>APZEOS,EOSS,WIDE2-1,qAO,N0JD:/142545h3924.03N/10334.92WO176/027/A=035450 -19T2386P EOSS Balloon",176.0,31.0,49.9,39.4005,-103.582,28.39,45.69,28.58,-1.9,271.25,23860.0,0.24,0.00059459,0.30643837,0.0,-0.00013889,-24.23333333,-7.38633333,n/a,-0.002222,-45.406532,-0.007272,20.618591,0.274006,1.026898,0.01843,-24.563885,-0.000678,-13.839908,-0.002216,6.284547,0.083517,1.026896,0.018415,-7.487074,""
EOSS-398,K0SCC-13,2026-05-02T08:26:02.672,2026-05-02T14:26:00.000,35044.0,10681.41,-1444.0,1185.0,descending,true,/142600h3923.92N/10334.90WO172/023>K0SCC-13 EOSS Balloon BatVolt: 7.8V | Temp: 9F/A=035044!W30!,"K0SCC-13>APTT4,Z,Z,Z,qAO,N0JD:/142600h3923.92N/10334.90WO172/023>K0SCC-13 EOSS Balloon BatVolt: 7.8V | Temp: 9F/A=035044!W30!",172.0,26.0,41.8,39.398716666666665,-103.58166666666666,28.47,45.82,,,,,,,,0.00001,-0.00012389,-24.06666667,-7.33566667,n/a,0.005556,-45.122,-0.007098,20.626517,0.272127,1.02079,0.0465,-24.373888,0.001689,-13.753184,-0.002164,6.286961,0.082944,1.020766,0.046453,-7.429163,""
EOSS-398,KC0D-2,2026-05-02T08:26:16.786,2026-05-02T14:26:15.000,34720.0,10582.66,-1460.0,1200.0,descending,true,/142615h3923.82N/10334.87WO155/027/A=034720 -23T2473P EOSS Balloon,"KC0D-2>APZEOS,EOSS,WIDE2-1,qAO,N0JD:/142615h3923.82N/10334.87WO155/027/A=034720 -23T2473P EOSS Balloon",155.0,31.0,49.9,39.397,-103.58116666666666,28.56,45.96,27.86,-2.3,270.85,24730.0,0.24,0.00061718,0.318081,0.00002778,-0.00011667,-24.33333333,-7.41666667,n/a,-0.008889,-44.848465,-0.007122,20.626849,0.270282,0.994584,-0.006538,-24.231739,-0.0027,-13.669809,-0.002171,6.287064,0.082382,0.994605,-0.006421,-7.385838,""
EOSS-398,K0SCC-13,2026-05-02T08:26:32.333,2026-05-02T14:26:30.000,34309.0,10457.38,-1470.0,1215.0,descending,true,/142630h3923.71N/10334.80WO162/024/A=034309!W62!,"K0SCC-13>APTT4,Z,Z,Z,qAO,N0JD:/142630h3923.71N/10334.80WO162/024/A=034309!W62!",162.0,28.0,45.1,39.39526666666667,-103.58003333333333,28.67,46.14,,,,,,,,0.00005444,-0.000115,-24.5,-7.46766667,n/a,-0.005556,-44.584199,-0.007102,20.621495,0.268474,0.973945,0.005758,-24.063199,-0.0017,-13.589262,-0.002164,6.285431,0.081831,0.973934,0.00567,-7.334465,""
EOSS-398,KC0D-2,2026-05-02T08:26:46.752,2026-05-02T14:26:45.000,33995.0,10361.68,-1450.0,1230.0,descending,true,/142645h3923.58N/10334.73WO161/040/A=033995 -24T2559P EOSS Balloon,"KC0D-2>APZEOS,EOSS,WIDE2-1,qAO,N0JD:/142645h3923.58N/10334.73WO161/040/A=033995 -24T2559P EOSS Balloon",161.0,46.0,74.0,39.393,-103.57883333333334,28.8,46.35,27.68,-2.4,270.75,25590.0,0.25,0.00063888,0.32926401,0.00007778,-0.00013333,-24.16666667,-7.366,n/a,0.011111,-44.322436,-0.006865,20.617176,0.26671,0.97762,0.067399,-23.943015,0.003389,-13.509476,-0.002092,6.284115,0.081293,0.97762,0.067423,-7.297836,""
EOSS-398,KC0D-2,2026-05-02T08:27:16.813,2026-05-02T14:27:15.000,33287.0,10145.88,-1416.0,1260.0,descending,true,/142715h3923.24N/10334.63WO179/042/A=033287 -28T2647P EOSS Balloon,"KC0D-2>APZEOS,EOSS,WIDE2-1,qAO,N0JD:/142715h3923.24N/10334.63WO179/042/A=033287 -28T2647P EOSS Balloon",179.0,48.0,77.2,39.38733333333333,-103.57716666666667,29.08,46.8,26.96,-2.8,270.35,26470.0,0.26,0.00066183,0.34109081,0.00005556,-0.00018889,-23.6,-7.19333333,n/a,0.018889,-44.060127,-0.006535,20.616839,0.264988,0.992399,0.095944,-23.697611,0.005756,-13.429525,-0.001992,6.284011,0.080768,0.99239,0.095929,-7.223036,""
EOSS-398,K0SCC-13,2026-05-02T08:27:32.712,2026-05-02T14:27:30.000,32875.0,10020.3,-1434.0,1275.0,descending,true,/142730h3923.08N/10334.64WO184/028>K0SCC-13 EOSS Balloon BatVolt: 7.8V | Temp: 7F/A=032875!W22!,"K0SCC-13>APTT4,Z,Z,Z,qAO,N0JD:/142730h3923.08N/10334.64WO184/028>K0SCC-13 EOSS Balloon BatVolt: 7.8V | Temp: 7F/A=032875!W22!",184.0,32.0,51.5,39.3847,-103.57736666666666,29.17,46.94,,,,,,,,0.00004444,-0.00017611,-23.9,-7.28466667,n/a,-0.005,-43.808125,-0.006515,20.609561,0.263284,0.965966,0.005754,-23.569798,-0.001522,-13.352715,-0.001986,6.281794,0.080249,0.965974,0.005782,-7.184078,""
EOSS-398,K0SCC-13,2026-05-02T08:28:02.232,2026-05-02T14:28:00.000,32169.0,9805.11,-1412.0,1305.0,descending,true,/142800h3922.86N/10334.64WO178/024/A=032169!W53!,"K0SCC-13>APTT4,Z,Z,Z,qAO,KB0TVJ-1:/142800h3922.86N/10334.64WO178/024/A=032169!W53!",178.0,28.0,45.1,39.381083333333336,-103.57738333333333,29.3,47.15,,,,,,,,-5.6e-7,-0.00012056,-23.53333333,-7.173,n/a,0.012222,-43.557819,-0.006281,20.603871,0.261621,0.97188,0.070724,-23.372947,0.003722,-13.276422,-0.001914,6.280059,0.079742,0.971873,0.070678,-7.124078,""
EOSS-398,KC0D-2,2026-05-02T08:28:16.799,2026-05-02T14:28:15.000,31864.0,9712.15,-1423.0,1320.0,descending,true,/142815h3922.76N/10334.65WO188/026/A=031864 -33T2829P EOSS Balloon,"KC0D-2>APZEOS,EOSS,WIDE2-1,qAO,N0JD:/142815h3922.76N/10334.65WO188/026/A=031864 -33T2829P EOSS Balloon",188.0,30.0,48.3,39.379333333333335,-103.5775,29.36,47.25,26.06,-3.3,269.85,28290.0,0.28,0.00070864,0.36521867,-5.56e-6,-0.00013333,-23.71666667,-7.22883333,n/a,-0.003056,-43.315854,-0.006241,20.593188,0.259981,0.951732,0.012251,-23.295343,-0.000931,-13.202671,-0.001902,6.276803,0.079242,0.951733,0.012254,-7.100425,""
EOSS-398,K0SCC-13,2026-05-02T08:28:32.221,2026-05-02T14:28:30.000,31474.0,9593.28,-1390.0,1335.0,descending,true,/142830h3922.65N/10334.65WO174/025/A=031474!W23!,"K0SCC-13>APTT4,Z,Z,Z,qAO,KB0TVJ-1:/142830h3922.65N/10334.65WO174/025/A=031474!W23!",174.0,29.0,46.7,39.37753333333333,-103.57755,29.43,47.36,,,,,,,,-5.56e-6,-0.00011833,-23.16666667,-7.061,n/a,0.018333,-43.073092,-0.005942,20.586382,0.258385,0.966971,0.093949,-23.201483,0.005594,-13.128675,-0.001811,6.274731,0.078756,0.967002,0.094025,-7.071817,""
EOSS-398,KC0D-2,2026-05-02T08:28:46.807,2026-05-02T14:28:45.000,31165.0,9499.09,-1398.0,1350.0,descending,true,/142845h3922.55N/10334.62WO161/029/A=031165 -34T2922P EOSS Balloon,"KC0D-2>APZEOS,EOSS,WIDE2-1,qAO,N0JD:/142845h3922.55N/10334.62WO161/029/A=031165 -34T2922P EOSS Balloon",161.0,33.0,53.1,39.37583333333333,-103.577,29.52,47.51,25.88,-3.4,269.75,29220.0,0.29,0.00073221,0.37736464,0.00001667,-0.00011667,-23.3,-7.102,n/a,-0.004444,-42.837698,-0.005924,20.575412,0.256805,0.949565,0.005763,-23.130684,-0.001367,-13.056929,-0.001806,6.271385,0.078274,0.94954,0.005609,-7.050235,""
EOSS-398,K0SCC-13,2026-05-02T08:29:02.553,2026-05-02T14:29:00.000,30778.0,9381.13,-1392.0,1365.0,descending,true,/142900h3922.42N/10334.56WO162/035>K0SCC-13 EOSS Balloon BatVolt: 7.8V | Temp: 6F/A=030778!W25!,"K0SCC-13>APTT4,Z,Z,Z,qAO,KB0TVJ-1:/142900h3922.42N/10334.56WO162/035>K0SCC-13 EOSS Balloon BatVolt: 7.8V | Temp: 6F/A=030778!W25!",162.0,40.0,64.4,39.3737,-103.57608333333333,29.64,47.7,,,,,,,,0.00004889,-0.00012778,-23.2,-7.07166667,n/a,0.003333,-42.606667,-0.005813,20.563187,0.255255,0.943758,0.035831,-23.045453,0.001011,-12.986514,-0.001772,6.267655,0.077802,0.94371,0.03577,-7.024256,""
EOSS-398,KC0D-2,2026-05-02T08:29:16.782,2026-05-02T14:29:15.000,30477.0,9289.39,-1376.0,1380.0,descending,true,/142915h3922.26N/10334.53WO183/040/A=030477 -37T3018P EOSS Balloon,"KC0D-2>APZEOS,EOSS,WIDE2-1,qAO,N0JD:/142915h3922.26N/10334.53WO183/040/A=030477 -37T3018P EOSS Balloon",183.0,46.0,74.0,39.371,-103.5755,29.77,47.91,25.34,-3.7,269.45,30180.0,0.3,0.00075711,0.39019661,0.00005,-0.00016111,-22.93333333,-6.99,n/a,0.008889,-42.377907,-0.005641,20.551654,0.253736,0.946132,0.057264,-22.981073,0.002722,-12.916787,-0.001719,6.264141,0.077339,0.946145,0.057423,-7.004634,""
EOSS-398,K0SCC-13,2026-05-02T08:29:32.217,2026-05-02T14:29:30.000,30089.0,9171.13,-1378.0,1395.0,descending,true,/142930h3922.09N/10334.54WO185/040/A=030089!W18!,"K0SCC-13>APTT4,Z,Z,Z,qAO,KB0TVJ-1:/142930h3922.09N/10334.54WO185/040/A=030089!W18!",185.0,46.0,74.0,39.368183333333334,-103.5758,29.86,48.06,,,,,,,,9.44e-6,-0.00018389,-22.96666667,-7.0,n/a,-0.001111,-42.154789,-0.005588,20.537531,0.25224,0.934295,0.017749,-22.899502,-0.000333,-12.848778,-0.001703,6.259839,0.076883,0.934334,0.017819,-6.979771,""
EOSS-398,KC0D-2,2026-05-02T08:29:46.805,2026-05-02T14:29:45.000,29787.0,9079.08,-1380.0,1410.0,descending,true,/142945h3921.93N/10334.58WO190/038/A=029787 -38T3114P EOSS Balloon,"KC0D-2>APZEOS,EOSS,WIDE2-1,qAO,N0JD:/142945h3921.93N/10334.58WO190/038/A=029787 -38T3114P EOSS Balloon",190.0,44.0,70.8,39.3655,-103.57633333333334,29.94,48.18,25.16,-3.8,269.35,31140.0,0.31,0.00078148,0.40275791,-0.00002778,-0.00018333,-23.0,-7.01033333,n/a,-0.001111,-41.937121,-0.005536,20.520999,0.25077,0.922817,0.017646,-22.836355,-0.000344,-12.782432,-0.001687,6.254801,0.076434,0.922827,0.017571,-6.960524,""
EOSS-398,K0SCC-13,2026-05-02T08:30:02.208,2026-05-02T14:30:00.000,29403.0,8962.03,-1372.0,1425.0,descending,true,/143000h3921.80N/10334.62WO187/024/A=029403!W42!,"K0SCC-13>APTT4,Z,Z,Z,qAO,KB0TVJ-1:/143000h3921.80N/10334.62WO187/024/A=029403!W42!",187.0,28.0,45.1,39.363400000000006,-103.57703333333333,29.99,48.26,,,,,,,,-0.00004111,-0.00015944,-22.86666667,-6.97,n/a,0.004444,-41.722846,-0.005423,20.50396,0.249327,0.919636,0.039575,-22.755453,0.001344,-12.717124,-0.001653,6.249605,0.075994,0.919598,0.039437,-6.935863,""
EOSS-398,KC0D-2,2026-05-02T08:30:16.791,2026-05-02T14:30:15.000,29102.0,8870.29,-1370.0,1440.0,descending,true,/143015h3921.70N/10334.60WO164/027/A=029102 -40T3212P EOSS Balloon,"KC0D-2>APZEOS,EOSS,WIDE2-1,qAO,N0JD:/143015h3921.70N/10334.60WO164/027/A=029102 -40T3212P EOSS Balloon",164.0,31.0,49.9,39.361666666666665,-103.57666666666667,30.08,48.41,24.8,-4.0,269.15,32120.0,0.32,0.00080667,0.41574171,-0.00001111,-0.00012778,-22.83333333,-6.95966667,n/a,0.001111,-41.512963,-0.00535,20.485439,0.247907,0.911849,0.026062,-22.690818,0.000344,-12.653152,-0.001631,6.243959,0.075562,0.911839,0.026137,-6.916163,""
EOSS-398,K0SCC-13,2026-05-02T08:30:32.559,2026-05-02T14:30:30.000,28721.0,8754.16,-1364.0,1455.0,descending,true,/143030h3921.58N/10334.55WO165/031>K0SCC-13 EOSS Balloon BatVolt: 7.7V | Temp: 4F/A=028721!W15!,"K0SCC-13>APTT4,Z,Z,Z,qAO,KB0TVJ-1:/143030h3921.58N/10334.55WO165/031>K0SCC-13 EOSS Balloon BatVolt: 7.7V | Temp: 4F/A=028721!W15!",165.0,36.0,57.9,39.35968333333334,-103.57591666666667,30.19,48.59,,,,,,,,0.00003722,-0.00012389,-22.73333333,-6.929,n/a,0.003333,-41.306593,-0.005253,20.466215,0.246512,0.907508,0.03483,-22.606477,0.001022,-12.590249,-0.001601,6.238101,0.075137,0.907528,0.03491,-6.890455,""
EOSS-398,KC0D-2,2026-05-02T08:30:46.728,2026-05-02T14:30:45.000,28424.0,8663.64,-1356.0,1470.0,descending,true,/143045h3921.43N/10334.51WO171/038/A=028424 -41T3311P EOSS Balloon,"KC0D-2>APZEOS,EOSS,WIDE2-1,qAO,N0JD:/143045h3921.43N/10334.51WO171/038/A=028424 -41T3311P EOSS Balloon",171.0,44.0,70.8,39.357166666666664,-103.57516666666666,30.32,48.8,24.62,-4.1,269.05,33110.0,0.33,0.00083184,0.42871495,0.00005,-0.00015,-22.6,-6.88833333,n/a,0.004444,-41.103261,-0.005147,20.446679,0.245141,0.904952,0.039124,-22.538091,0.001356,-12.528272,-0.001569,6.232148,0.074719,0.904975,0.039147,-6.869612,""
EOSS-398,K0SCC-13,2026-05-02T08:31:02.219,2026-05-02T14:31:00.000,28038.0,8545.98,-1366.0,1485.0,descending,true,/143100h3921.26N/10334.50WO181/037/A=028038!W72!,"K0SCC-13>APTT4,Z,Z,Z,qAO,KB0TVJ-1:/143100h3921.26N/10334.50WO181/037/A=028038!W72!",181.0,43.0,69.2,39.35445,-103.57503333333334,30.43,48.97,,,,,,,,0.00002944,-0.00017444,-22.76666667,-6.93933333,n/a,-0.005556,-40.906093,-0.005151,20.423953,0.24379,0.888145,-0.001661,-22.444834,-0.0017,-12.468176,-0.00157,6.22522,0.074307,0.888136,-0.001749,-6.841185,""
EOSS-398,KC0D-2,2026-05-02T08:31:16.780,2026-05-02T14:31:15.000,27746.0,8456.98,-1356.0,1500.0,descending,true,/143115h3921.12N/10334.52WO192/033/A=027746 -43T3415P EOSS Balloon,"KC0D-2>APZEOS,EOSS,WIDE2-1,qAO,N0JD:/143115h3921.12N/10334.52WO192/033/A=027746 -43T3415P EOSS Balloon",192.0,38.0,61.2,39.352,-103.57533333333333,30.52,49.12,24.26,-4.3,268.85,34150.0,0.34,0.00085861,0.44251003,-5.56e-6,-0.00017222,-22.6,-6.88866667,n/a,0.005556,-40.711348,-0.005036,20.401411,0.242464,0.88775,0.043685,-22.370405,0.001689,-12.408819,-0.001535,6.218347,0.073903,0.88772,0.043625,-6.818499,""
EOSS-398,K0SCC-13,2026-05-02T08:31:32.221,2026-05-02T14:31:30.000,27356.0,8338.11,-1364.0,1515.0,descending,true,/143130h3920.99N/10334.56WO193/030/A=027356!W43!,"K0SCC-13>APTT4,Z,Z,Z,qAO,KB0TVJ-1:/143130h3920.99N/10334.56WO193/030/A=027356!W43!",193.0,35.0,56.3,39.349900000000005,-103.57605,30.57,49.2,,,,,,,,-0.00003389,-0.00015167,-22.73333333,-6.929,n/a,-0.004444,-40.522105,-0.00503,20.376258,0.241157,0.873015,0.00243,-22.264977,-0.001344,-12.351137,-0.001533,6.210682,0.073504,0.873034,0.002571,-6.786365,""
EOSS-398,KC0D-2,2026-05-02T08:31:46.781,2026-05-02T14:31:45.000,27066.0,8249.72,-1360.0,1530.0,descending,true,/143145h3920.87N/10334.60WO189/024/A=027066 -43T3521P EOSS Balloon,"KC0D-2>APZEOS,EOSS,WIDE2-1,qAO,N0JD:/143145h3920.87N/10334.60WO189/024/A=027066 -43T3521P EOSS Balloon",189.0,28.0,45.1,39.347833333333334,-103.57666666666667,30.63,49.29,24.26,-4.3,268.85,35210.0,0.35,0.00088526,0.45624533,-0.00004444,-0.00013889,-22.66666667,-6.90866667,n/a,0.002222,-40.336111,-0.004953,20.350491,0.239872,0.868256,0.029912,-22.181635,0.000678,-12.294444,-0.00151,6.202829,0.073113,0.868278,0.029926,-6.760963,""
EOSS-398,K0SCC-13,2026-05-02T08:32:02.540,2026-05-02T14:32:00.000,26677.0,8131.15,-1358.0,1545.0,descending,true,/143200h3920.77N/10334.61WO186/024>K0SCC-13 EOSS Balloon BatVolt: 7.7V | Temp: 4F/A=026677!W31!,"K0SCC-13>APTT4,Z,Z,Z,qAO,KB0TVJ-1:/143200h3920.77N/10334.61WO186/024>K0SCC-13 EOSS Balloon BatVolt: 7.7V | Temp: 4F/A=026677!W31!",186.0,28.0,45.1,39.34621666666667,-103.57685000000001,30.69,49.39,,,,,,,,-0.00002667,-0.00012278,-22.63333333,-6.89866667,n/a,0.001111,-40.153608,-0.00489,20.32386,0.238607,0.862054,0.02515,-22.062594,0.000333,-12.238818,-0.00149,6.194712,0.072727,0.86205,0.025066,-6.724678,""
EOSS-398,KC0D-2,2026-05-02T08:32:16.831,2026-05-02T14:32:15.000,26396.0,8045.5,-1340.0,1560.0,descending,true,/143215h3920.69N/10334.63WO164/017/A=026396 -45T3625P EOSS Balloon,"KC0D-2>APZEOS,EOSS,WIDE2-1,qAO,N0JD:/143215h3920.69N/10334.63WO164/017/A=026396 -45T3625P EOSS Balloon",164.0,20.0,32.2,39.344833333333334,-103.57716666666667,30.73,49.46,23.9,-4.5,268.65,36250.0,0.36,0.00091209,0.47007117,-0.00001667,-0.0001,-22.33333333,-6.80733333,n/a,0.01,-39.971769,-0.004737,20.298802,0.237366,0.86894,0.062086,-21.971107,0.003044,-12.183395,-0.001444,6.187073,0.072349,0.868918,0.062033,-6.696792,""
EOSS-398,K0SCC-13,2026-05-02T08:32:32.230,2026-05-02T14:32:30.000,26017.0,7929.98,-1320.0,1575.0,descending,true,/143230h3920.62N/10334.59WO154/017/A=026017!W50!,"K0SCC-13>APTT4,Z,Z,Z,qAO,KB0TVJ-1:/143230h3920.62N/10334.59WO154/017/A=026017!W50!",154.0,20.0,32.2,39.34375,-103.5765,30.8,49.57,,,,,,,,0.00001167,-0.00008222,-22.0,-6.70566667,n/a,0.011111,-39.790236,-0.004575,20.275585,0.236144,0.877422,0.066426,-21.840039,0.003389,-12.128064,-0.001394,6.179996,0.071977,0.877411,0.066452,-6.656842,""
EOSS-398,KC0D-2,2026-05-02T08:32:46.715,2026-05-02T14:32:45.000,25743.0,7846.47,-1306.0,1590.0,descending,true,/143245h3920.55N/10334.55WO162/025/A=025743 -44T3732P EOSS Balloon,"KC0D-2>APZEOS,EOSS,WIDE2-1,qAO,N0JD:/143245h3920.55N/10334.55WO162/025/A=025743 -44T3732P EOSS Balloon",162.0,29.0,46.7,39.3425,-103.57583333333334,30.88,49.7,24.08,-4.4,268.75,37320.0,0.37,0.00093866,0.4837663,0.00004444,-0.00007778,-21.76666667,-6.63433333,n/a,0.007778,-39.61,-0.00445,20.253279,0.23494,0.88101,0.052047,-21.739629,0.002378,-12.073127,-0.001356,6.173199,0.071609,0.881033,0.052144,-6.626239,""
EOSS-398,K0SCC-13,2026-05-02T08:33:02.241,2026-05-02T14:33:00.000,25371.0,7733.08,-1292.0,1605.0,descending,true,/143300h3920.44N/10334.52WO187/027/A=025371!W29!,"K0SCC-13>APTT4,Z,Z,Z,qAO,KB0TVJ-1:/143300h3920.44N/10334.52WO187/027/A=025371!W29!",187.0,31.0,49.9,39.3407,-103.57548333333334,30.97,49.84,,,,,,,,0.00003389,-0.00010167,-21.53333333,-6.56333333,n/a,0.007778,-39.431023,-0.004328,20.231873,0.233753,0.884628,0.05179,-21.595579,0.002367,-12.018574,-0.001319,6.166674,0.071248,0.884633,0.051735,-6.58233,""
EOSS-398,KC0D-2,2026-05-02T08:33:16.745,2026-05-02T14:33:15.000,25106.0,7652.31,-1274.0,1620.0,descending,true,/143315h3920.33N/10334.55WO200/026/A=025106 -46T3837P EOSS Balloon,"KC0D-2>APZEOS,EOSS,WIDE2-1,qAO,N0JD:/143315h3920.33N/10334.55WO200/026/A=025106 -46T3837P EOSS Balloon",200.0,30.0,48.3,39.33883333333333,-103.57583333333334,31.03,49.94,23.72,-4.6,268.55,38370.0,0.38,0.00096579,0.4977475,0.0,-0.00012222,-21.23333333,-6.472,n/a,0.01,-39.252614,-0.004186,20.211941,0.232586,0.891517,0.060992,-21.487527,0.003044,-11.964196,-0.001276,6.160598,0.070892,0.891504,0.060938,-6.549397,""
EOSS-398,K0SCC-13,2026-05-02T08:33:32.538,2026-05-02T14:33:30.000,24737.0,7539.84,-1268.0,1635.0,descending,true,/143330h3920.26N/10334.58WO168/015>K0SCC-13 EOSS Balloon BatVolt: 7.7V | Temp: 4F/A=024737!W65!,"K0SCC-13>APTT4,Z,Z,Z,qAO,KB0TVJ-1:/143330h3920.26N/10334.58WO168/015>K0SCC-13 EOSS Balloon BatVolt: 7.7V | Temp: 4F/A=024737!W65!",168.0,17.0,27.4,39.33776666666667,-103.57641666666667,31.05,49.97,,,,,,,,-0.00003111,-0.00009778,-21.13333333,-6.44133333,n/a,0.003333,-39.076699,-0.004112,20.191703,0.231433,0.88865,0.032169,-21.329636,0.001022,-11.910576,-0.001253,6.154431,0.070541,0.888667,0.032251,-6.501272,""
EOSS-398,KC0D-2,2026-05-02T08:33:46.784,2026-05-02T14:33:45.000,24471.0,7458.76,-1270.0,1650.0,descending,true,/143345h3920.18N/10334.56WO172/025/A=024471 -45T3945P EOSS Balloon,"KC0D-2>APZEOS,EOSS,WIDE2-1,qAO,N0JD:/143345h3920.18N/10334.56WO172/025/A=024471 -45T3945P EOSS Balloon",172.0,29.0,46.7,39.336333333333336,-103.576,31.13,50.1,23.9,-4.5,268.65,39450.0,0.39,0.0009926,0.51156711,-5.56e-6,-0.00008333,-21.16666667,-6.45166667,n/a,-0.001111,-38.904487,-0.004083,20.170049,0.230296,0.879414,0.012905,-21.210589,-0.000344,-11.858087,-0.001244,6.14783,0.070194,0.879403,0.012822,-6.464985,""
EOSS-398,K0SCC-13,2026-05-02T08:34:02.260,2026-05-02T14:34:00.000,24114.0,7349.95,-1246.0,1665.0,descending,true,/143400h3920.07N/10334.58WO198/028/A=024114!W60!,"K0SCC-13>APTT4,Z,Z,Z,qAO,KB0TVJ-1:/143400h3920.07N/10334.58WO198/028/A=024114!W60!",198.0,32.0,51.5,39.3346,-103.57633333333334,31.19,50.2,,,,,,,,2.78e-6,-0.00010556,-20.76666667,-6.32966667,n/a,0.013333,-38.731746,-0.003916,20.150737,0.229182,0.891535,0.075263,-21.044248,0.004067,-11.805435,-0.001193,6.141944,0.069854,0.891537,0.0753,-6.414286,""
EOSS-398,KC0D-2,2026-05-02T08:34:16.780,2026-05-02T14:34:15.000,23855.0,7271.0,-1232.0,1680.0,descending,true,/143415h3919.98N/10334.64WO213/024/A=023855 -46T4050P EOSS Balloon,"KC0D-2>APZEOS,EOSS,WIDE2-1,qAO,N0JD:/143415h3919.98N/10334.64WO213/024/A=023855 -46T4050P EOSS Balloon",213.0,28.0,45.1,39.333,-103.57733333333333,31.21,50.23,23.72,-4.6,268.55,40500.0,0.4,0.0010194,0.52537852,-0.00004444,-0.00011111,-20.53333333,-6.25866667,n/a,0.007778,-38.560063,-0.003804,20.132298,0.22808,0.895413,0.05078,-20.919126,0.002367,-11.753107,-0.00116,6.136323,0.069519,0.895396,0.050734,-6.376146,""
EOSS-398,K0SCC-13,2026-05-02T08:34:32.326,2026-05-02T14:34:30.000,23497.0,7161.89,-1234.0,1695.0,descending,true,/143430h3919.90N/10334.70WO216/018/A=023497!W53!,"K0SCC-13>APTT4,Z,Z,Z,qAO,N0JD:/143430h3919.90N/10334.70WO216/018/A=023497!W53!",216.0,21.0,33.8,39.33175,-103.57838333333333,31.22,50.24,,,,,,,,-0.00006833,-0.000095,-20.56666667,-6.26866667,n/a,-0.001111,-38.3919,-0.003779,20.112472,0.226991,0.886278,0.011754,-20.740548,-0.000333,-11.70185,-0.001152,6.13028,0.069187,0.886286,0.011837,-6.321719,""
EOSS-398,KC0D-2,2026-05-02T08:34:46.828,2026-05-02T14:34:45.000,23244.0,7084.77,-1222.0,1710.0,descending,true,/143445h3919.85N/10334.76WO215/015/A=023244 -44T4157P EOSS Balloon,"KC0D-2>APZEOS,EOSS,WIDE2-1,qAO,N0JD:/143445h3919.85N/10334.76WO215/015/A=023244 -44T4157P EOSS Balloon",215.0,17.0,27.4,39.33083333333333,-103.57933333333334,31.22,50.24,24.08,-4.4,268.75,41570.0,0.41,0.00104556,0.53885758,-0.00006667,-0.00007222,-20.36666667,-6.20766667,n/a,0.006667,-38.225,-0.003681,20.09327,0.22592,0.888772,0.045804,-20.610793,0.002033,-11.650978,-0.001122,6.124428,0.06886,0.888787,0.045818,-6.282167,""
EOSS-398,K0SCC-13,2026-05-02T08:35:02.616,2026-05-02T14:35:00.000,22890.0,6976.87,-1214.0,1725.0,descending,true,/143500h3919.78N/10334.77WO179/019>K0SCC-13 EOSS Balloon BatVolt: 7.7V | Temp: 4F/A=022890!W68!,"K0SCC-13>APTT4,Z,Z,Z,qAO,N0JD:/143500h3919.78N/10334.77WO179/019>K0SCC-13 EOSS Balloon BatVolt: 7.7V | Temp: 4F/A=022890!W68!",179.0,22.0,35.4,39.32976666666667,-103.57963333333333,31.25,50.29,,,,,,,,-0.00004167,-0.00006611,-20.23333333,-6.16733333,n/a,0.004444,-38.059939,-0.003606,20.074135,0.224864,0.888039,0.035799,-20.424995,0.001344,-11.60067,-0.001099,6.118594,0.068538,0.888004,0.035644,-6.225536,""
EOSS-398,KC0D-2,2026-05-02T08:35:16.900,2026-05-02T14:35:15.000,22645.0,6902.2,-1198.0,1740.0,descending,true,/143515h3919.68N/10334.78WO190/028/A=022645 -45T4264P EOSS Balloon,"KC0D-2>APZEOS,EOSS,WIDE2-1,qAO,N0JD:/143515h3919.68N/10334.78WO190/028/A=022645 -45T4264P EOSS Balloon",190.0,32.0,51.5,39.328,-103.57966666666667,31.33,50.42,23.9,-4.5,268.65,42640.0,0.42,0.00107287,0.55293337,-0.00001111,-0.00009444,-19.96666667,-6.08566667,n/a,0.008889,-37.895455,-0.003491,20.05617,0.223823,0.893929,0.055312,-20.29398,0.002722,-11.550533,-0.001064,6.11312,0.068221,0.893957,0.055496,-6.185606,""
EOSS-398,K0SCC-13,2026-05-02T08:35:32.360,2026-05-02T14:35:30.000,22303.0,6797.95,-1174.0,1755.0,descending,true,/143530h3919.58N/10334.83WO212/021/A=022303!W18!,"K0SCC-13>APTT4,Z,Z,Z,qAO,KB0TVJ-1:/143530h3919.58N/10334.83WO212/021/A=022303!W18!",212.0,24.0,38.6,39.32635,-103.58063333333334,31.36,50.47,,,,,,,,-0.00003333,-0.00011389,-19.56666667,-5.964,n/a,0.013333,-37.73033,-0.003338,20.040451,0.2228,0.90635,0.074825,-20.108565,0.004056,-11.500204,-0.001018,6.108328,0.067909,0.906337,0.074718,-6.129087,""
EOSS-398,KC0D-2,2026-05-02T08:35:46.742,2026-05-02T14:35:45.000,22059.0,6723.58,-1172.0,1770.0,descending,true,/143545h3919.51N/10334.90WO215/018/A=022059 -43T4372P EOSS Balloon,"KC0D-2>APZEOS,EOSS,WIDE2-1,qAO,N0JD:/143545h3919.51N/10334.90WO215/018/A=022059 -43T4372P EOSS Balloon",215.0,21.0,33.8,39.32516666666667,-103.58166666666666,31.37,50.49,24.26,-4.3,268.85,43720.0,0.43,0.00109922,0.5665165,-0.00006667,-0.00009444,-19.53333333,-5.954,n/a,0.001111,-37.567857,-0.003298,20.023936,0.221785,0.900648,0.01988,-19.975019,0.000333,-11.450685,-0.001005,6.103292,0.0676,0.90061,0.019793,-6.088383,""
EOSS-398,K0SCC-13,2026-05-02T08:36:02.363,2026-05-02T14:36:00.000,21719.0,6619.95,-1168.0,1785.0,descending,true,/143600h3919.45N/10334.92WO181/016/A=021719!W78!,"K0SCC-13>APTT4,Z,Z,Z,qAO,KB0TVJ-1:/143600h3919.45N/10334.92WO181/016/A=021719!W78!",181.0,18.0,29.0,39.32428333333333,-103.58213333333333,31.39,50.52,,,,,,,,-0.00005,-0.00006889,-19.46666667,-5.93333333,n/a,0.002222,-37.40767,-0.003249,20.006939,0.220785,0.896739,0.02478,-19.788071,0.000689,-11.401858,-0.00099,6.098112,0.067295,0.896757,0.02495,-6.031403,""
EOSS-398,KC0D-2,2026-05-02T08:36:16.718,2026-05-02T14:36:15.000,21481.0,6547.41,-1156.0,1800.0,descending,true,/143615h3919.38N/10334.93WO193/024/A=021481 -43T4479P EOSS Balloon,"KC0D-2>APZEOS,EOSS,WIDE2-1,qAO,N0JD:/143615h3919.38N/10334.93WO193/024/A=021481 -43T4479P EOSS Balloon",193.0,28.0,45.1,39.323,-103.58216666666667,31.44,50.6,24.26,-4.3,268.85,44790.0,0.44,0.00112613,0.58038138,-0.00001667,-0.00007222,-19.26666667,-5.87233333,n/a,0.006667,-37.248538,-0.003161,19.990551,0.219799,0.899519,0.044714,-19.657192,0.002033,-11.353354,-0.000963,6.093119,0.066994,0.899543,0.04472,-5.991513,""
EOSS-398,K0SCC-13,2026-05-02T08:36:32.631,2026-05-02T14:36:30.000,21141.0,6443.78,-1156.0,1815.0,descending,true,/143630h3919.28N/10334.98WO205/023>K0SCC-13 EOSS Balloon BatVolt: 7.7V | Temp: 4F/A=021141!W54!,"K0SCC-13>APTT4,Z,Z,Z,qAO,KB0TVJ-1:/143630h3919.28N/10334.98WO205/023>K0SCC-13 EOSS Balloon BatVolt: 7.7V | Temp: 4F/A=021141!W54!",205.0,26.0,41.8,39.32141666666667,-103.58306666666667,31.47,50.65,,,,,,,,-0.00003111,-0.00009556,-19.26666667,-5.87233333,n/a,0.0,-37.092174,-0.003134,19.973192,0.218824,0.892472,0.014322,-19.471163,0.0,-11.305693,-0.000955,6.087829,0.066697,0.892495,0.014318,-5.934813,""
EOSS-398,KC0D-2,2026-05-02T08:36:46.772,2026-05-02T14:36:45.000,20899.0,6370.02,-1164.0,1830.0,descending,true,/143645h3919.22N/10335.05WO218/015/A=020899 -41T4590P EOSS Balloon,"KC0D-2>APZEOS,EOSS,WIDE2-1,qAO,N0JD:/143645h3919.22N/10335.05WO218/015/A=020899 -41T4590P EOSS Balloon",218.0,17.0,27.4,39.32033333333333,-103.58416666666666,31.47,50.65,24.62,-4.1,269.05,45900.0,0.45,0.00115318,0.59432245,-0.00006667,-0.00008889,-19.4,-5.913,n/a,-0.004444,-36.939655,-0.003145,19.953893,0.217862,0.879009,-0.005962,-19.340065,-0.001356,-11.259204,-0.000958,6.081947,0.066404,0.879028,-0.005994,-5.894855,""
EOSS-398,K0SCC-13,2026-05-02T08:37:02.384,2026-05-02T14:37:00.000,20560.0,6266.69,-1162.0,1845.0,descending,true,/143700h3919.17N/10335.06WO161/015/A=020560!W50!,"K0SCC-13>APTT4,Z,Z,Z,qAO,KB0TVJ-1:/143700h3919.17N/10335.06WO161/015/A=020560!W50!",161.0,17.0,27.4,39.319583333333334,-103.58433333333333,31.5,50.69,,,,,,,,-0.00004222,-0.00006111,-19.36666667,-5.903,n/a,0.001111,-36.789459,-0.003108,19.934012,0.216913,0.874023,0.01945,-19.159264,0.000333,-11.213425,-0.000947,6.075887,0.066115,0.874016,0.01936,-5.839746,""
EOSS-398,KC0D-2,2026-05-02T08:37:16.712,2026-05-02T14:37:15.000,20329.0,6196.28,-1140.0,1860.0,descending,true,/143715h3919.09N/10335.06WO198/023/A=020329 -41T4700P EOSS Balloon,"KC0D-2>APZEOS,EOSS,WIDE2-1,qAO,N0JD:/143715h3919.09N/10335.06WO198/023/A=020329 -41T4700P EOSS Balloon",198.0,26.0,41.8,39.31816666666667,-103.58433333333333,31.56,50.79,24.62,-4.1,269.05,47000.0,0.46,0.00118081,0.60856547,-5.56e-6,-0.00007222,-19.0,-5.79133333,n/a,0.012222,-36.638701,-0.002977,19.916086,0.215981,0.885651,0.070372,-19.038567,0.003722,-11.167475,-0.000907,6.070422,0.065831,0.885629,0.070316,-5.802957,""
EOSS-398,K0SCC-13,2026-05-02T08:37:32.298,2026-05-02T14:37:30.000,19996.0,6094.78,-1128.0,1875.0,descending,true,/143730h3919.01N/10335.11WO219/017/A=019996!W64!,"K0SCC-13>APTT4,Z,Z,Z,qAO,KB0TVJ-1:/143730h3919.01N/10335.11WO219/017/A=019996!W64!",219.0,20.0,32.2,39.31693333333334,-103.58523333333333,31.58,50.82,,,,,,,,-0.00003,-0.00008833,-18.8,-5.73033333,n/a,0.006667,-36.488796,-0.002895,19.898822,0.215058,0.888937,0.044462,-18.869089,0.002033,-11.121784,-0.000883,6.06516,0.065549,0.888921,0.044486,-5.7513,""
EOSS-398,KC0D-2,2026-05-02T08:37:46.776,2026-05-02T14:37:45.000,19774.0,6027.12,-1110.0,1890.0,descending,true,/143745h3918.97N/10335.16WO215/011/A=019774 -38T4810P EOSS Balloon,"KC0D-2>APZEOS,EOSS,WIDE2-1,qAO,N0JD:/143745h3918.97N/10335.16WO215/011/A=019774 -38T4810P EOSS Balloon",215.0,13.0,20.9,39.31616666666667,-103.586,31.58,50.82,25.16,-3.8,269.35,48100.0,0.47,0.0012071,0.62211482,-0.00005556,-0.00006667,-18.5,-5.63866667,n/a,0.01,-36.338889,-0.002787,19.882966,0.214148,0.897195,0.059711,-18.759591,0.003056,-11.076092,-0.000849,6.060328,0.065272,0.897216,0.059827,-5.717928,""
EOSS-398,K0SCC-13,2026-05-02T08:38:02.683,2026-05-02T14:38:00.000,19445.0,5926.84,-1102.0,1905.0,descending,true,/143800h3918.93N/10335.16WO172/012>K0SCC-13 EOSS Balloon BatVolt: 7.7V | Temp: 4F/A=019445!W21!,"K0SCC-13>APTT4,Z,Z,Z,qAO,KB0TVJ-1:/143800h3918.93N/10335.16WO172/012>K0SCC-13 EOSS Balloon BatVolt: 7.7V | Temp: 4F/A=019445!W21!",172.0,14.0,22.5,39.315533333333335,-103.58601666666667,31.61,50.87,,,,,,,,-0.00002611,-0.00004667,-18.36666667,-5.598,n/a,0.004444,-36.190358,-0.002727,19.867243,0.213247,0.89714,0.033628,-18.603286,0.001356,-11.030818,-0.000831,6.055536,0.064998,0.897166,0.033647,-5.670286,""
EOSS-398,KC0D-2,2026-05-02T08:38:16.846,2026-05-02T14:38:15.000,19223.0,5859.17,-1102.0,1920.0,descending,true,/143815h3918.86N/10335.14WO175/021/A=019223 -38T4920P EOSS Balloon,"KC0D-2>APZEOS,EOSS,WIDE2-1,qAO,N0JD:/143815h3918.86N/10335.14WO175/021/A=019223 -38T4920P EOSS Balloon",175.0,24.0,38.6,39.31433333333333,-103.58566666666667,31.67,50.97,25.16,-3.8,269.35,49200.0,0.49,0.00123471,0.63634198,0.00001111,-0.00006111,-18.36666667,-5.59833333,n/a,0.0,-36.044262,-0.002704,19.850674,0.212357,0.890529,0.012733,-18.50231,-0.000011,-10.98629,-0.000824,6.050485,0.064726,0.8905,0.012561,-5.639507,""
EOSS-398,K0SCC-13,2026-05-02T08:38:32.340,2026-05-02T14:38:30.000,18893.0,5758.59,-1104.0,1935.0,descending,true,/143830h3918.77N/10335.16WO213/016/A=018893!W96!,"K0SCC-13>APTT4,Z,Z,Z,qAO,KB0TVJ-1:/143830h3918.77N/10335.16WO213/016/A=018893!W96!",213.0,18.0,29.0,39.31298333333333,-103.5861,31.72,51.05,,,,,,,,-2.78e-6,-0.000085,-18.4,-5.60833333,n/a,-0.001111,-35.900813,-0.002691,19.833064,0.211478,0.882406,0.007471,-18.359636,-0.000333,-10.942566,-0.00082,6.045117,0.064458,0.882404,0.007555,-5.596022,""
EOSS-398,KC0D-2,2026-05-02T08:38:46.942,2026-05-02T14:38:45.000,18669.0,5690.31,-1108.0,1950.0,descending,true,/143845h3918.73N/10335.22WO221/010/A=018669 -35T5031P EOSS Balloon,"KC0D-2>APZEOS,EOSS,WIDE2-1,qAO,N0JD:/143845h3918.73N/10335.22WO221/010/A=018669 -35T5031P EOSS Balloon",221.0,12.0,19.3,39.31216666666667,-103.587,31.72,51.05,25.7,-3.5,269.65,50310.0,0.5,0.00126116,0.64997453,-0.00004444,-0.00007222,-18.46666667,-5.62866667,n/a,-0.002222,-35.760215,-0.002687,19.814228,0.210609,0.872784,0.002208,-18.268244,-0.000678,-10.899712,-0.000819,6.039376,0.064194,0.87278,0.002196,-5.568164,""
EOSS-398,K0SCC-13,2026-05-02T08:39:02.333,2026-05-02T14:39:00.000,18342.0,5590.64,-1102.0,1965.0,descending,true,/143900h3918.69N/10335.21WO163/015/A=018342!W56!,"K0SCC-13>APTT4,Z,Z,Z,qAO,KB0TVJ-1:/143900h3918.69N/10335.21WO163/015/A=018342!W56!",163.0,17.0,27.4,39.31158333333334,-103.58693333333333,31.75,51.1,,,,,,,,-0.00002778,-0.00004667,-18.36666667,-5.59833333,n/a,0.003333,-35.621067,-0.002639,19.795398,0.209752,0.871637,0.028472,-18.14331,0.001011,-10.857301,-0.000804,6.033635,0.063932,0.871609,0.02839,-5.530084,""
EOSS-398,KC0D-2,2026-05-02T08:39:16.776,2026-05-02T14:39:15.000,18120.0,5522.98,-1098.0,1980.0,descending,true,/143915h3918.62N/10335.21WO179/021/A=018120 -34T5144P EOSS Balloon,"KC0D-2>APZEOS,EOSS,WIDE2-1,qAO,N0JD:/143915h3918.62N/10335.21WO179/021/A=018120 -34T5144P EOSS Balloon",179.0,24.0,38.6,39.31033333333333,-103.58683333333333,31.81,51.19,25.88,-3.4,269.75,51440.0,0.51,0.00128901,0.66432708,5.56e-6,-0.00006111,-18.3,-5.57766667,n/a,0.002222,-35.483598,-0.0026,19.77635,0.208905,0.868896,0.023082,-18.064503,0.000689,-10.815399,-0.000792,6.027831,0.063674,0.868925,0.023259,-5.506065,""
EOSS-398,K0SCC-13,2026-05-02T08:39:32.682,2026-05-02T14:39:30.000,17801.0,5425.74,-1082.0,1995.0,descending,true,/143930h3918.53N/10335.21WO186/024>K0SCC-13 EOSS Balloon BatVolt: 7.7V | Temp: 5F/A=017801!W05!,"K0SCC-13>APTT4,Z,Z,Z,qAO,N0JD:/143930h3918.53N/10335.21WO186/024>K0SCC-13 EOSS Balloon BatVolt: 7.7V | Temp: 5F/A=017801!W05!",186.0,28.0,45.1,39.30883333333333,-103.58691666666667,31.87,51.29,,,,,,,,5.6e-7,-0.00009167,-18.03333333,-5.49666667,n/a,0.008889,-35.346194,-0.002509,19.758485,0.20807,0.876224,0.05478,-17.960104,0.0027,-10.77352,-0.000765,6.022385,0.06342,0.876207,0.054636,-5.474241,""
EOSS-398,KC0D-2,2026-05-02T08:39:46.791,2026-05-02T14:39:45.000,17576.0,5357.16,-1088.0,2010.0,descending,true,/143945h3918.45N/10335.27WO222/018/A=017576 -31T5259P EOSS Balloon,"KC0D-2>APZEOS,EOSS,WIDE2-1,qAO,N0JD:/143945h3918.45N/10335.27WO222/018/A=017576 -31T5259P EOSS Balloon",222.0,21.0,33.8,39.3075,-103.58783333333334,31.89,51.32,26.42,-3.1,270.05,52590.0,0.52,0.00131636,0.67842437,-0.00003333,-0.00009444,-18.13333333,-5.52733333,n/a,-0.003333,-35.211719,-0.002515,19.739262,0.207243,0.865199,-0.003947,-17.892867,-0.001022,-10.732534,-0.000767,6.016523,0.063167,0.865151,-0.004037,-5.453748,""
EOSS-398,K0SCC-13,2026-05-02T08:40:02.315,2026-05-02T14:40:00.000,17253.0,5258.71,-1096.0,2025.0,descending,true,/144000h3918.40N/10335.30WO203/008/A=017253!W57!,"K0SCC-13>APTT4,Z,Z,Z,qAO,KB0TVJ-1:/144000h3918.40N/10335.30WO203/008/A=017253!W57!",203.0,9.0,14.5,39.30675,-103.58845000000001,31.9,51.34,,,,,,,,-0.00005111,-0.00006944,-18.26666667,-5.56766667,n/a,-0.004444,-35.080362,-0.00253,19.718526,0.206426,0.852685,-0.009272,-17.805677,-0.001344,-10.692496,-0.000771,6.010203,0.062918,0.852688,-0.009107,-5.427172,""
EOSS-398,KC0D-2,2026-05-02T08:40:16.786,2026-05-02T14:40:15.000,17032.0,5191.35,-1088.0,2040.0,descending,true,/144015h3918.36N/10335.31WO172/019/A=017032 -30T5375P EOSS Balloon,"KC0D-2>APZEOS,EOSS,WIDE2-1,qAO,N0JD:/144015h3918.36N/10335.31WO172/019/A=017032 -30T5375P EOSS Balloon",172.0,22.0,35.4,39.306,-103.5885,31.93,51.39,26.6,-3.0,270.15,53750.0,0.53,0.0013449,0.69313199,-0.00002222,-0.00005,-18.13333333,-5.527,n/a,0.004444,-34.95,-0.002476,19.698106,0.205619,0.85372,0.033654,-17.752315,0.001356,-10.652762,-0.000755,6.00398,0.062672,0.853727,0.033683,-5.410907,""
EOSS-398,K0SCC-13,2026-05-02T08:40:32.343,2026-05-02T14:40:30.000,16715.0,5094.73,-1076.0,2055.0,descending,true,/144030h3918.26N/10335.32WO211/021/A=016715!W66!,"K0SCC-13>APTT4,Z,Z,Z,qAO,KB0TVJ-1:/144030h3918.26N/10335.32WO211/021/A=016715!W66!",211.0,24.0,38.6,39.304433333333336,-103.58876666666667,31.99,51.48,,,,,,,,-0.00001056,-0.00007722,-17.93333333,-5.466,n/a,0.006667,-34.820102,-0.002406,19.678442,0.204822,0.858135,0.044297,-17.684486,0.002033,-10.613168,-0.000733,5.997987,0.062429,0.858149,0.044306,-5.390233,""
EOSS-398,KC0D-2,2026-05-02T08:40:47.346,2026-05-02T14:40:45.000,16503.0,5030.11,-1058.0,2070.0,descending,true,/144045h3918.21N/10335.37WO193/013/A=016503 -26T5492P EOSS Balloon,"KC0D-2>APZEOS,EOSS,WIDE2-1,qAO,N0JD:/144045h3918.21N/10335.37WO193/013/A=016503 -26T5492P EOSS Balloon",193.0,15.0,24.1,39.3035,-103.5895,32.01,51.52,27.32,-2.6,270.55,54920.0,0.54,0.00137214,0.70717262,-0.00003333,-0.00008333,-17.63333333,-5.37466667,n/a,0.01,-34.689899,-0.002311,19.660183,0.204035,0.867569,0.060338,-17.644636,0.003044,-10.573482,-0.000704,5.992421,0.06219,0.867565,0.060267,-5.378086,""
EOSS-398,K0SCC-13,2026-05-02T08:41:02.647,2026-05-02T14:41:00.000,16183.0,4932.58,-1064.0,2085.0,descending,true,/144100h3918.13N/10335.37WO188/028>K0SCC-13 EOSS Balloon BatVolt: 7.7V | Temp: 7F/A=016183!W10!,"K0SCC-13>APTT4,Z,Z,Z,qAO,KB0TVJ-1:/144100h3918.13N/10335.37WO188/028>K0SCC-13 EOSS Balloon BatVolt: 7.7V | Temp: 7F/A=016183!W10!",188.0,32.0,51.5,39.30218333333333,-103.5895,32.07,51.61,,,,,,,,-0.00002444,-0.000075,-17.73333333,-5.405,n/a,-0.003333,-34.562406,-0.002319,19.640684,0.203255,0.856848,-0.004989,-17.592323,-0.001011,-10.534622,-0.000707,5.986479,0.061952,0.856868,-0.004907,-5.362141,""
EOSS-398,KC0D-2,2026-05-02T08:41:16.754,2026-05-02T14:41:15.000,15972.0,4868.27,-1062.0,2100.0,descending,true,/144115h3918.03N/10335.41WO203/025/A=015972 -25T5608P EOSS Balloon,"KC0D-2>APZEOS,EOSS,WIDE2-1,qAO,N0JD:/144115h3918.03N/10335.41WO203/025/A=015972 -25T5608P EOSS Balloon",203.0,29.0,46.7,39.3005,-103.59016666666666,32.12,51.69,27.5,-2.5,270.65,56080.0,0.55,0.00140061,0.72184246,-0.00002222,-0.0001,-17.7,-5.39466667,n/a,0.001111,-34.436567,-0.002293,19.620856,0.202484,0.852999,0.016811,-17.562584,0.000344,-10.496264,-0.000699,5.980437,0.061717,0.853048,0.0169,-5.353077,""
EOSS-398,KC0D-2,2026-05-02T08:41:46.794,2026-05-02T14:41:45.000,15443.0,4707.03,-1058.0,2130.0,descending,true,/144145h3917.89N/10335.51WO183/017/A=015443 -21T5727P EOSS Balloon,"KC0D-2>APZEOS,EOSS,WIDE2-1,qAO,N0JD:/144145h3917.89N/10335.51WO183/017/A=015443 -21T5727P EOSS Balloon",183.0,20.0,32.2,39.29816666666667,-103.59183333333333,32.16,51.76,28.22,-2.1,271.05,57270.0,0.57,0.00142822,0.73607187,-0.00005556,-0.00007778,-17.63333333,-5.37466667,n/a,0.002222,-34.312099,-0.00226,19.600931,0.201722,0.850917,0.022219,-17.502056,0.000667,-10.458326,-0.000689,5.974363,0.061485,0.850912,0.022054,-5.334626,""
EOSS-398,K0SCC-13,2026-05-02T08:42:02.373,2026-05-02T14:42:00.000,15127.0,4610.71,-1056.0,2145.0,descending,true,/144200h3917.79N/10335.52WO190/026/A=015127!W97!,"K0SCC-13>APTT4,Z,Z,Z,qAO,KB0TVJ-1:/144200h3917.79N/10335.52WO190/026/A=015127!W97!",190.0,30.0,48.3,39.29665,-103.59211666666667,32.22,51.85,,,,,,,,-0.00004361,-0.00009222,-17.6,-5.3645,n/a,0.000556,-34.189216,-0.002239,19.58071,0.200968,0.847222,0.013908,-17.473288,0.000169,-10.420871,-0.000682,5.9682,0.061255,0.847219,0.013893,-5.325856,""
EOSS-398,KC0D-2,2026-05-02T08:42:16.766,2026-05-02T14:42:15.000,14913.0,4545.48,-1060.0,2160.0,descending,true,/144215h3917.71N/10335.58WO218/023/A=014913 -19T5848P EOSS Balloon,"KC0D-2>APZEOS,EOSS,WIDE2-1,qAO,N0JD:/144215h3917.71N/10335.58WO218/023/A=014913 -19T5848P EOSS Balloon",218.0,26.0,41.8,39.29516666666667,-103.593,32.25,51.9,28.58,-1.9,271.25,58480.0,0.58,0.00145732,0.7510694,-0.00003889,-0.0001,-17.66666667,-5.385,n/a,-0.002222,-34.068613,-0.002239,19.559594,0.200222,0.838563,0.000085,-17.455852,-0.000683,-10.384113,-0.000682,5.961763,0.061027,0.838529,-0.000016,-5.32054,""
EOSS-398,K0SCC-13,2026-05-02T08:42:32.350,2026-05-02T14:42:30.000,14595.0,4448.56,-1064.0,2175.0,descending,true,/144230h3917.64N/10335.65WO217/019/A=014595!W76!,"K0SCC-13>APTT4,Z,Z,Z,qAO,N0JD:/144230h3917.64N/10335.65WO217/019/A=014595!W76!",217.0,22.0,35.4,39.29411666666666,-103.59426666666667,32.25,51.9,,,,,,,,-0.00007167,-0.00008444,-17.73333333,-5.405,n/a,-0.002222,-33.950242,-0.002238,19.537626,0.199484,0.830035,0.00008,-17.431494,-0.000667,-10.348033,-0.000682,5.955068,0.060803,0.830055,0.000247,-5.313115,""
EOSS-398,KC0D-2,2026-05-02T08:42:46.735,2026-05-02T14:42:45.000,14384.0,4384.24,-1058.0,2190.0,descending,true,/144245h3917.60N/10335.72WO209/013/A=014384 -15T5972P EOSS Balloon,"KC0D-2>APZEOS,EOSS,WIDE2-1,qAO,N0JD:/144245h3917.60N/10335.72WO209/013/A=014384 -15T5972P EOSS Balloon",209.0,15.0,24.1,39.29333333333334,-103.59533333333333,32.24,51.89,29.3,-1.5,271.65,59720.0,0.59,0.00148602,0.76586556,-0.00007778,-0.00006111,-17.63333333,-5.37466667,n/a,0.003333,-33.832854,-0.002198,19.515844,0.198756,0.83007,0.027828,-17.415408,0.001011,-10.312253,-0.00067,5.948428,0.060581,0.830066,0.027748,-5.308211,""
EOSS-398,K0SCC-13,2026-05-02T08:43:02.654,2026-05-02T14:43:00.000,14070.0,4288.54,-1050.0,2205.0,descending,true,/144300h3917.53N/10335.72WO166/019>K0SCC-13 EOSS Balloon BatVolt: 7.7V | Temp: 9F/A=014070!W99!,"K0SCC-13>APTT4,Z,Z,Z,qAO,N0JD:/144300h3917.53N/10335.72WO166/019>K0SCC-13 EOSS Balloon BatVolt: 7.7V | Temp: 9F/A=014070!W99!",166.0,22.0,35.4,39.292316666666665,-103.59548333333333,32.28,51.95,,,,,,,,-0.00004056,-0.00006,-17.5,-5.334,n/a,0.004444,-33.71619,-0.00215,19.494449,0.198035,0.831836,0.033297,-17.389882,0.001356,-10.276694,-0.000655,5.941907,0.060361,0.831836,0.033316,-5.30043,""
EOSS-398,KC0D-2,2026-05-02T08:43:39.342,2026-05-02T14:43:15.000,13858.0,4223.92,-1052.0,2220.0,descending,true,/144315h3917.45N/10335.74WO193/023/A=013858 -13T6095P EOSS Balloon,"KC0D-2>APZEOS,EOSS,WIDE2-1,qAO,N0JD:/144315h3917.45N/10335.74WO193/023/A=013858 -13T6095P EOSS Balloon",193.0,26.0,41.8,39.29083333333333,-103.59566666666667,32.35,52.06,29.66,-1.3,271.85,60950.0,0.6,0.00151552,0.78106436,-0.00001111,-0.00008333,-17.53333333,-5.344,n/a,-0.001111,-33.601418,-0.002143,19.472451,0.197321,0.82517,0.00523,-17.370515,-0.000333,-10.24171,-0.000653,5.935203,0.060143,0.825197,0.005321,-5.294526,""
EOSS-398,K0SCC-13,2026-05-02T08:43:32.337,2026-05-02T14:43:30.000,13548.0,4129.43,-1044.0,2235.0,descending,true,/144330h3917.37N/10335.77WO208/012/A=013548!W43!,"K0SCC-13>APTT4,Z,Z,Z,qAO,N0JD:/144330h3917.37N/10335.77WO208/012/A=013548!W43!",208.0,14.0,22.5,39.289566666666666,-103.59621666666666,32.38,52.11,,,,,,,,-0.00002444,-0.00009167,-17.4,-5.30366667,n/a,0.004444,-33.487324,-0.002096,19.450852,0.196616,0.827076,0.033263,-17.337301,0.001344,-10.206935,-0.000639,5.928619,0.059928,0.827051,0.03309,-5.2844,""
EOSS-398,KC0D-2,2026-05-02T08:43:46.785,2026-05-02T14:43:45.000,13347.0,4068.17,-1022.0,2250.0,descending,true,/144345h3917.34N/10335.79WO178/008/A=013347 -5T6220P EOSS Balloon,"KC0D-2>APZEOS,EOSS,WIDE2-1,qAO,N0JD:/144345h3917.34N/10335.79WO178/008/A=013347 -5T6220P EOSS Balloon",178.0,9.0,14.5,39.289,-103.5965,32.4,52.14,31.1,-0.5,272.65,62200.0,0.61,0.00154206,0.79474413,-0.00002778,-0.00006111,-17.03333333,-5.19166667,n/a,0.012222,-33.372261,-0.001995,19.43102,0.195921,0.840868,0.072565,-17.311656,0.003733,-10.171864,-0.000608,5.922575,0.059717,0.840884,0.072693,-5.276584,""
EOSS-398,K0SCC-13,2026-05-02T08:44:02.342,2026-05-02T14:44:00.000,13036.0,3973.37,-1024.0,2265.0,descending,true,/144400h3917.29N/10335.77WO170/016/A=013036!W23!,"K0SCC-13>APTT4,Z,Z,Z,qAO,KB0TVJ-1:/144400h3917.29N/10335.77WO170/016/A=013036!W23!",170.0,18.0,29.0,39.2882,-103.59621666666666,32.45,52.22,,,,,,,,0.0,-0.00004556,-17.06666667,-5.202,n/a,-0.001111,-33.259028,-0.001989,19.410579,0.19523,0.834203,0.004497,-17.263853,-0.000344,-10.137351,-0.000606,5.916344,0.059506,0.834189,0.004403,-5.262011,""
EOSS-398,KC0D-2,2026-05-02T08:44:16.752,2026-05-02T14:44:15.000,12835.0,3912.11,-1024.0,2280.0,descending,true,/144415h3917.21N/10335.78WO203/020/A=012835 2T6346P EOSS Balloon,"KC0D-2>APZEOS,EOSS,WIDE2-1,qAO,N0JD:/144415h3917.21N/10335.78WO203/020/A=012835 2T6346P EOSS Balloon",203.0,23.0,37.0,39.286833333333334,-103.59633333333333,32.51,52.32,32.36,0.2,273.35,63460.0,0.63,0.00156927,0.80876703,5.56e-6,-0.00007222,-17.06666667,-5.202,n/a,0.0,-33.147356,-0.001975,19.389748,0.194547,0.82934,0.010152,-17.22676,0.0,-10.103314,-0.000602,5.909994,0.059298,0.829326,0.010152,-5.250705,""
EOSS-398,K0SCC-13,2026-05-02T08:44:32.665,2026-05-02T14:44:30.000,12525.0,3817.62,-1022.0,2295.0,descending,true,/144430h3917.15N/10335.82WO220/010>K0SCC-13 EOSS Balloon BatVolt: 7.7V | Temp: 11F/A=012525!W74!,"K0SCC-13>APTT4,Z,Z,Z,qAO,N0JD:/144430h3917.15N/10335.82WO220/010>K0SCC-13 EOSS Balloon BatVolt: 7.7V | Temp: 11F/A=012525!W74!",220.0,12.0,19.3,39.28595,-103.59706666666666,32.52,52.34,,,,,,,,-0.00002833,-0.000075,-17.03333333,-5.19166667,n/a,0.001111,-33.036986,-0.001954,19.368738,0.19387,0.826262,0.01581,-17.158443,0.000344,-10.069672,-0.000596,5.903591,0.059091,0.826278,0.015908,-5.229881,""
EOSS-398,K0SCC-13,2026-05-02T08:45:02.298,2026-05-02T14:45:00.000,12023.0,3664.61,-1004.0,2325.0,descending,true,/144500h3917.10N/10335.80WO147/014/A=012023!W20!,"K0SCC-13>APTT4,Z,Z,Z,qAO,N0JD:/144500h3917.10N/10335.80WO147/014/A=012023!W20!",147.0,16.0,25.7,39.28503333333333,-103.59666666666666,32.58,52.43,,,,,,,,0.00001333,-0.00003056,-16.73333333,-5.10033333,n/a,0.01,-32.926077,-0.001872,19.349075,0.193203,0.836874,0.061448,-17.015022,0.003044,-10.035867,-0.000571,5.897597,0.058888,0.836872,0.061388,-5.186165,""
EOSS-398,KC0D-2,2026-05-02T08:45:16.794,2026-05-02T14:45:15.000,11826.0,3604.56,-1009.0,2340.0,descending,true,/144515h3917.06N/10335.80WO188/006/A=011826 9T6601P EOSS Balloon,"KC0D-2>APZEOS,EOSS,WIDE2-1,qAO,N0JD:/144515h3917.06N/10335.80WO188/006/A=011826 9T6601P EOSS Balloon",188.0,7.0,11.3,39.284333333333336,-103.59666666666666,32.61,52.48,33.62,0.9,274.05,66010.0,0.65,0.00162816,0.83911672,-5.56e-6,-0.00004167,-16.81666667,-5.12583333,n/a,-0.001389,-32.81723,-0.001869,19.328563,0.19254,0.82782,0.002493,-16.946594,-0.000425,-10.002691,-0.00057,5.891344,0.058686,0.827801,0.002471,-5.165306,""
EOSS-398,K0SCC-13,2026-05-02T08:45:32.330,2026-05-02T14:45:30.000,11530.0,3514.34,-986.0,2355.0,descending,true,/144530h3917.03N/10335.76WO117/015/A=011530!W41!,"K0SCC-13>APTT4,Z,Z,Z,qAO,N0JD:/144530h3917.03N/10335.76WO117/015/A=011530!W41!",117.0,17.0,27.4,39.2839,-103.59601666666667,32.66,52.56,,,,,,,,0.00002167,-0.00003778,-16.43333333,-5.009,n/a,0.012778,-32.707271,-0.00177,19.309858,0.191888,0.842779,0.075815,-16.830328,0.003894,-9.969177,-0.000539,5.885643,0.058487,0.842759,0.075795,-5.129868,""
EOSS-398,KC0D-2,2026-05-02T08:45:46.741,2026-05-02T14:45:45.000,11340.0,3456.43,-972.0,2370.0,descending,true,/144545h3916.98N/10335.69WO150/022/A=011340 15T6726P EOSS Balloon,"KC0D-2>APZEOS,EOSS,WIDE2-1,qAO,N0JD:/144545h3916.98N/10335.69WO150/022/A=011340 15T6726P EOSS Balloon",150.0,25.0,40.2,39.283,-103.59483333333333,32.75,52.71,34.7,1.5,274.65,67260.0,0.66,0.00165536,0.85313883,0.00006111,-0.00004444,-16.2,-4.93766667,n/a,0.007778,-32.597222,-0.001706,19.29209,0.19124,0.849945,0.049592,-16.747208,0.002378,-9.935633,-0.00052,5.880227,0.05829,0.849961,0.049717,-5.104534,""
EOSS-398,K0SCC-13,2026-05-02T08:46:02.685,2026-05-02T14:46:00.000,11045.0,3366.52,-970.0,2385.0,descending,true,/144600h3916.90N/10335.66WO177/017>K0SCC-13 EOSS Balloon BatVolt: 7.7V | Temp: 12F/A=011045!W21!,"K0SCC-13>APTT4,Z,Z,Z,qAO,N0JD:/144600h3916.90N/10335.66WO177/017>K0SCC-13 EOSS Balloon BatVolt: 7.7V | Temp: 12F/A=011045!W21!",177.0,20.0,32.2,39.2817,-103.59435,32.83,52.83,,,,,,,,0.00005556,-0.00007333,-16.16666667,-4.92733333,n/a,0.001111,-32.488411,-0.001687,19.27411,0.190597,0.846822,0.01468,-16.605548,0.000344,-9.902466,-0.000514,5.874749,0.058094,0.846867,0.014769,-5.06136,""
EOSS-398,KC0D-2,2026-05-02T08:46:16.797,2026-05-02T14:46:15.000,10858.0,3309.52,-964.0,2400.0,descending,true,/144615h3916.86N/10335.65WO150/009/A=010858 19T6853P EOSS Balloon,"KC0D-2>APZEOS,EOSS,WIDE2-1,qAO,N0JD:/144615h3916.86N/10335.65WO150/009/A=010858 19T6853P EOSS Balloon",150.0,10.0,16.1,39.281,-103.59416666666667,32.87,52.9,35.42,1.9,275.05,68530.0,0.68,0.00168417,0.86798362,0.00002222,-0.00006667,-16.06666667,-4.897,n/a,0.003333,-32.380373,-0.001654,19.256305,0.189961,0.847188,0.026253,-16.50843,0.001011,-9.869535,-0.000504,5.869322,0.0579,0.847208,0.026166,-5.031757,""
EOSS-398,K0SCC-13,2026-05-02T08:46:32.360,2026-05-02T14:46:30.000,10566.0,3220.52,-958.0,2415.0,descending,true,/144630h3916.81N/10335.59WO140/019/A=010566!W78!,"K0SCC-13>APTT4,Z,Z,Z,qAO,N0JD:/144630h3916.81N/10335.59WO140/019/A=010566!W78!",140.0,22.0,35.4,39.28028333333333,-103.5933,32.94,53.01,,,,,,,,0.000035,-0.00004722,-15.96666667,-4.86666667,n/a,0.003333,-32.273094,-0.001621,19.238675,0.189332,0.847586,0.026166,-16.347218,0.001011,-9.836837,-0.000494,5.863949,0.057708,0.847581,0.02608,-4.982622,""
EOSS-398,KC0D-2,2026-05-02T08:46:46.731,2026-05-02T14:46:45.000,10375.0,3162.3,-966.0,2430.0,descending,true,/144645h3916.75N/10335.57WO172/013/A=010375 23T6981P EOSS Balloon,"KC0D-2>APZEOS,EOSS,WIDE2-1,qAO,N0JD:/144645h3916.75N/10335.57WO172/013/A=010375 23T6981P EOSS Balloon",172.0,15.0,24.1,39.27916666666667,-103.59283333333333,33.01,53.12,36.14,2.3,275.45,69810.0,0.69,0.00171313,0.88291178,0.00004444,-0.00006111,-16.1,-4.90733333,n/a,-0.004444,-32.168074,-0.001639,19.219938,0.188708,0.836011,-0.014864,-16.236941,-0.001356,-9.804827,-0.0005,5.858237,0.057518,0.836001,-0.014882,-4.949009,""
EOSS-398,K0SCC-13,2026-05-02T08:47:02.547,2026-05-02T14:47:00.000,10077.0,3071.47,-978.0,2445.0,descending,true,/144700h3916.71N/10335.54WO128/007/A=010077!W46!,"K0SCC-13>APTT4,Z,Z,Z,qAO,AE0SS-11:/144700h3916.71N/10335.54WO128/007/A=010077!W46!",128.0,8.0,12.9,39.27856666666667,-103.59243333333333,33.05,53.19,,,,,,,,0.00002889,-0.00005722,-16.3,-4.96833333,n/a,-0.006667,-32.065699,-0.001672,19.199785,0.188091,0.821139,-0.026556,-16.060971,-0.002033,-9.773624,-0.00051,5.852094,0.05733,0.821123,-0.026565,-4.895376,""
EOSS-398,KC0D-2,2026-05-02T08:47:16.745,2026-05-02T14:47:15.000,9889.0,3014.17,-972.0,2460.0,descending,true,/144715h3916.69N/10335.49WO123/015/A=009889 25T7112P EOSS Balloon,"KC0D-2>APZEOS,EOSS,WIDE2-1,qAO,N0JD:/144715h3916.69N/10335.49WO123/015/A=009889 25T7112P EOSS Balloon",123.0,17.0,27.4,39.278166666666664,-103.5915,33.11,53.29,36.5,2.5,275.65,71120.0,0.7,0.00174401,0.89882719,0.00004444,-0.00003333,-16.2,-4.93766667,n/a,0.003333,-31.963996,-0.00164,19.179861,0.18748,0.821904,0.026525,-15.950129,0.001022,-9.742624,-0.0005,5.846022,0.057144,0.821919,0.026634,-4.861594,""
EOSS-398,K0SCC-13,2026-05-02T08:47:32.661,2026-05-02T14:47:30.000,9598.0,2925.47,-958.0,2475.0,descending,true,/144730h3916.64N/10335.43WO148/016>K0SCC-13 EOSS Balloon BatVolt: 7.7V | Temp: 15F/A=009598!W21!,"K0SCC-13>APTT4,Z,Z,Z,qAO,N0JD:/144730h3916.64N/10335.43WO148/016>K0SCC-13 EOSS Balloon BatVolt: 7.7V | Temp: 15F/A=009598!W21!",148.0,18.0,29.0,39.277366666666666,-103.59051666666667,33.18,53.4,,,,,,,,0.00006389,-0.00004,-15.96666667,-4.86666667,n/a,0.007778,-31.862102,-0.001579,19.160871,0.186875,0.829578,0.050071,-15.784658,0.002367,-9.711567,-0.000481,5.840233,0.056959,0.829573,0.050001,-4.81116,""
EOSS-398,KC0D-2,2026-05-02T08:47:46.698,2026-05-02T14:47:45.000,9410.0,2868.17,-958.0,2490.0,descending,true,/144745h3916.58N/10335.40WO175/015/A=009410 29T7243P EOSS Balloon,"KC0D-2>APZEOS,EOSS,WIDE2-1,qAO,N0JD:/144745h3916.58N/10335.40WO175/015/A=009410 29T7243P EOSS Balloon",175.0,17.0,27.4,39.27633333333333,-103.59,33.25,53.51,37.22,2.9,276.05,72430.0,0.71,0.00177356,0.9140568,0.00005,-0.00006111,-15.96666667,-4.86666667,n/a,0.0,-31.761498,-0.001569,19.141569,0.186276,0.825159,0.008423,-15.685701,0.0,-9.680903,-0.000478,5.83435,0.056777,0.825154,0.008419,-4.781002,""
EOSS-398,K0SCC-13,2026-05-02T08:48:02.328,2026-05-02T14:48:00.000,9122.0,2780.39,-952.0,2505.0,descending,true,/144800h3916.53N/10335.39WO169/003/A=009122!W83!,"K0SCC-13>APTT4,Z,Z,Z,qAO,N0JD:/144800h3916.53N/10335.39WO169/003/A=009122!W83!",169.0,3.0,4.8,39.27563333333333,-103.58988333333333,33.29,53.58,,,,,,,,0.00002111,-0.00005778,-15.86666667,-4.836,n/a,0.003333,-31.66153,-0.001538,19.122491,0.185682,0.825984,0.026233,-15.55474,0.001022,-9.650432,-0.000469,5.828536,0.056596,0.826011,0.026345,-4.741089,""
EOSS-398,KC0D-2,2026-05-02T08:48:16.765,2026-05-02T14:48:15.000,8932.0,2722.47,-956.0,2520.0,descending,true,/144815h3916.52N/10335.35WO123/012/A=008932 32T7375P EOSS Balloon,"KC0D-2>APZEOS,EOSS,WIDE2-1,qAO,N0JD:/144815h3916.52N/10335.35WO123/012/A=008932 32T7375P EOSS Balloon",123.0,14.0,22.5,39.275333333333336,-103.58916666666667,33.33,53.64,37.76,3.2,276.35,73750.0,0.73,0.00180392,0.92970465,0.00002778,-0.00003333,-15.93333333,-4.85666667,n/a,-0.002222,-31.563229,-0.001543,19.102773,0.185093,0.8182,-0.003668,-15.487904,-0.000689,-9.620471,-0.00047,5.822525,0.056416,0.818168,-0.003882,-4.720718,""
EOSS-398,K0SCC-13,2026-05-02T08:48:32.495,2026-05-02T14:48:30.000,8636.0,2632.25,-972.0,2535.0,descending,true,/144830h3916.47N/10335.29WO134/015/A=008636!W78!,"K0SCC-13>APTT4,Z,Z,Z,qAO,N0JD:/144830h3916.47N/10335.29WO134/015/A=008636!W78!",134.0,17.0,27.4,39.27461666666667,-103.5883,33.4,53.75,,,,,,,,0.00005278,-0.00003389,-16.2,-4.938,n/a,-0.008889,-31.467805,-0.001589,19.081437,0.184511,0.800139,-0.039564,-15.42767,-0.002711,-9.591387,-0.000484,5.81602,0.056239,0.800098,-0.039599,-4.702365,""
EOSS-398,KC0D-2,2026-05-02T08:48:46.778,2026-05-02T14:48:45.000,8460.0,2578.61,-944.0,2550.0,descending,true,/144845h3916.42N/10335.27WO173/010/A=008460 36T7507P EOSS Balloon,"KC0D-2>APZEOS,EOSS,WIDE2-1,qAO,N0JD:/144845h3916.42N/10335.27WO173/010/A=008460 36T7507P EOSS Balloon",173.0,12.0,19.3,39.273666666666664,-103.58783333333334,33.46,53.85,38.48,3.6,276.75,75070.0,0.74,0.00183356,0.94497699,0.00004444,-0.00005556,-15.73333333,-4.79533333,n/a,0.015556,-31.370679,-0.001482,19.062213,0.183939,0.820332,0.092629,-15.424687,0.004756,-9.561782,-0.000452,5.810162,0.056064,0.820364,0.092894,-4.701459,""
EOSS-398,K0SCC-13,2026-05-02T08:49:02.791,2026-05-02T14:49:00.000,8177.0,2492.35,-918.0,2565.0,descending,true,/144900h3916.40N/10335.26WO123/005>K0SCC-13 EOSS Balloon BatVolt: 7.7V | Temp: 17F/A=008177!W00!,"K0SCC-13>APTT4,Z,Z,Z,qAO,N0JD:/144900h3916.40N/10335.26WO123/005>K0SCC-13 EOSS Balloon BatVolt: 7.7V | Temp: 17F/A=008177!W00!",123.0,6.0,9.7,39.27333333333333,-103.58766666666666,33.49,53.9,,,,,,,,0.00002111,-0.00004278,-15.3,-4.66333333,n/a,0.014444,-31.272086,-0.001384,19.044931,0.183371,0.838653,0.086317,-15.486799,0.0044,-9.53173,-0.000422,5.804895,0.055891,0.838671,0.086275,-4.720397,""
EOSS-398,K0SCC-13,2026-05-02T08:49:32.336,2026-05-02T14:49:30.000,7711.0,2350.31,-932.0,2595.0,descending,true,/144930h3916.35N/10335.17WO122/016/A=007711!W45!,"K0SCC-13>APTT4,Z,Z,Z,qAO,N0JD:/144930h3916.35N/10335.17WO122/016/A=007711!W45!",122.0,18.0,29.0,39.27256666666667,-103.58625,33.58,54.04,,,,,,,,0.00004722,-0.00002556,-15.53333333,-4.73466667,n/a,-0.007778,-31.176118,-0.001423,19.026156,0.182805,0.822173,-0.034764,-15.830775,-0.002378,-9.50248,-0.000434,5.799172,0.055719,0.822154,-0.034889,-4.825255,""
EOSS-398,KC0D-2,2026-05-02T08:49:46.997,2026-05-02T14:49:45.000,7525.0,2293.62,-935.0,2610.0,descending,true,/144945h3916.30N/10335.12WO151/015/A=007525 43T7774P EOSS Balloon,"KC0D-2>APZEOS,EOSS,WIDE2-1,qAO,N0JD:/144945h3916.30N/10335.12WO151/015/A=007525 43T7774P EOSS Balloon",151.0,17.0,27.4,39.27166666666667,-103.58533333333334,33.66,54.17,39.74,4.3,277.45,77740.0,0.77,0.00189398,0.97611785,0.00004167,-0.00003333,-15.58333333,-4.74983333,n/a,-0.000833,-31.081616,-0.001419,19.006864,0.182243,0.815405,0.003215,-16.077645,-0.000253,-9.473676,-0.000433,5.793291,0.055548,0.815399,0.00324,-4.900502,""
