flightid,callsign,receivetime,packettime,altitude_ft,altitude_m,vert_rate_ftmin,elapsed_secs,flight_phase,position_packet,info,raw,bearing,speed_mph,speed_kph,latitude,longitude,distance_from_launch_mi,distance_from_launch_km,temperature_f,temperature_c,temperature_k,pressure_pa,pressure_atm,airdensity_slugs,airdensity_kgm3,velocity_x_degs,velocity_y_degs,velocity_z_fts,velocity_z_ms,airflow,acceleration_fts2,velocity_mean_fts,acceleration_mean_fts2,velocity_std_fts,acceleration_std_fts2,velocity_norm_fts,acceleration_norm_fts2,velocity_curvefit_fts,acceleration_ms2,velocity_mean_ms,acceleration_mean_ms2,velocity_std_ms,acceleration_std_ms2,velocity_norm_ms,acceleration_norm_ms2,velocity_curvefit_ms,reynolds_transition
EOSS-404,AE0SS-2,2026-07-25T07:12:32.731,2026-07-25T07:12:30.000,5606.0,1708.71,-12.0,0.0,ascending,true,/131230h3916.69N/10329.72WO011/000/A=005606 299T8325P EOSS BALLOON,"AE0SS-2>APZEOS,EOSS,WIDE2-1,qAO,AE0SS-11:/131230h3916.69N/10329.72WO011/000/A=005606 299T8325P EOSS BALLOON",11.0,0.0,0.0,39.278166666666664,-103.49533333333333,0.0,0.0,85.82,29.9,303.05,83250.0,0.82,0.00185689,0.95700102,0.0,0.0,-0.2,-0.061,high Re,,-0.2,,,,,,2.718017,,-0.061,,,,,,0.828447,""
EOSS-404,KC0D-2,2026-07-25T07:12:47.215,2026-07-25T07:12:45.000,5771.0,1759.0,330.0,15.0,ascending,true,/131245h3916.70N/10329.74WO273/009/A=005771 403T8309P In Memory EOSS Alpha WA0GEH sk,"KC0D-2>APZEOS,EOSS,WIDE2-1,qAO,AE0SS-11:/131245h3916.70N/10329.74WO273/009/A=005771 403T8309P In Memory EOSS Alpha WA0GEH sk",273.0,10.0,16.1,39.278333333333336,-103.49566666666666,0.02,0.03,104.54,40.3,313.45,83090.0,0.82,0.00179183,0.9234703,-0.00001111,5.56e-6,5.5,1.67633333,high Re,0.19,2.65,0.19,4.030509,,0.707107,,6.828308,0.057911,0.807667,0.057911,1.22848,,0.707107,,2.081219,""
EOSS-404,K0SCC-13,2026-07-25T07:13:02.692,2026-07-25T07:13:00.000,6011.0,1832.15,826.0,30.0,ascending,true,/131300h3916.71N/10329.78WO288/014/A=006011!W00!,"K0SCC-13>APTT4,Z,Z,Z,qAO,AE0SS-11:/131300h3916.71N/10329.78WO288/014/A=006011!W00!",288.0,16.0,25.7,39.2785,-103.49633333333334,0.06,0.1,,,,,,,,-0.00002778,0.00001,13.76666667,4.196,high Re,0.275556,6.355556,0.232778,7.02253,0.060497,1.055333,0.707109,11.689396,0.083989,1.937111,0.07095,2.140448,0.01844,1.055335,0.707104,3.562854,""
EOSS-404,AE0SS-2,2026-07-25T07:13:05.317,2026-07-25T07:13:00.000,6054.0,1845.26,896.0,30.0,ascending,true,/131300h3916.71N/10329.78WO270/009/A=006054 279T8198P EOSS BALLOON,"AE0SS-2>APZEOS,EOSS,WIDE2-1,qAO,AE0SS-11:/131300h3916.71N/10329.78WO270/009/A=006054 279T8198P EOSS BALLOON",270.0,10.0,16.1,39.2785,-103.49633333333334,0.06,0.1,82.22,27.9,301.05,81980.0,0.81,0.00184071,0.94866249,-0.00003333,0.00001111,14.93333333,4.55166667,high Re,0.038889,8.5,0.168148,7.160437,0.119837,0.898455,-1.078623,12.436003,0.011856,2.59075,0.051252,2.182503,0.036525,0.898471,-1.078604,3.790484,""
EOSS-404,KC0D-2,2026-07-25T07:13:17.223,2026-07-25T07:13:15.000,6429.0,1959.56,1316.0,45.0,ascending,true,/131315h3916.72N/10329.82WO304/011/A=006429 404T8124P In Memory EOSS Alpha WA0GEH sk,"KC0D-2>APZEOS,EOSS,WIDE2-1,qAO,AE0SS-11:/131315h3916.72N/10329.82WO304/011/A=006429 404T8124P In Memory EOSS Alpha WA0GEH sk",304.0,13.0,20.9,39.278666666666666,-103.497,0.1,0.16,104.72,40.4,313.55,81240.0,0.8,0.00175137,0.90262126,-0.00004444,0.00001111,21.93333333,6.68533333,high Re,0.233333,11.186667,0.184445,8.633932,0.103132,1.244701,0.474033,17.605165,0.071122,3.409667,0.05622,2.631656,0.031434,1.244717,0.474073,5.366048,""
EOSS-404,N0JPS,2026-07-25T07:13:17.261,2026-07-25T07:13:17.261,6360.0,1938.53,750.5,47.261,ascending,true,!3916.72N/10329.81WO317/013/A=006360 EOSS BALLOON Leah Love 12sat LOCK,"N0JPS>APRS,WIDE2-1,qAO,AE0SS-11:!3916.72N/10329.81WO317/013/A=006360 EOSS BALLOON Leah Love 12sat LOCK",317.0,15.0,24.1,39.278666666666666,-103.49683333333333,0.09,0.14,,,,,,,,-0.00002224,8.34e-6,12.50833889,3.81254169,high Re,-0.157188,11.406945,0.116118,7.74125,0.176974,0.142276,-1.544329,16.817904,-0.047912,3.476813,0.035393,2.359564,0.053942,0.142284,-1.544344,5.126105,""
EOSS-404,K0SCC-13,2026-07-25T07:13:33.045,2026-07-25T07:13:30.000,6700.0,2042.16,1378.0,60.0,ascending,true,/131330h3916.74N/10329.84WO289/013>K0SCC-13 EOSS Balloon BatVolt: 7.7V | Temp: 95F/A=006700!W19!,"K0SCC-13>APTT4,Z,Z,Z,qAO,AE0SS-11:/131330h3916.74N/10329.84WO289/013>K0SCC-13 EOSS Balloon BatVolt: 7.7V | Temp: 95F/A=006700!W19!",289.0,15.0,24.1,39.27901666666667,-103.49748333333334,0.13,0.21,,,,,,,,-0.00003833,0.00001722,22.96666667,7.00033333,high Re,0.348611,13.058334,0.154867,8.308353,0.184566,1.192575,1.049727,20.104252,0.10626,3.980173,0.047204,2.532433,0.056257,1.192592,1.049754,6.127766,""
EOSS-404,AE0SS-2,2026-07-25T07:13:32.748,2026-07-25T07:13:30.000,6720.0,2048.26,1332.0,60.0,ascending,true,/131330h3916.74N/10329.85WO299/012/A=006720 279T8009P EOSS BALLOON,"AE0SS-2>APZEOS,EOSS,WIDE2-1,qAO,AE0SS-11:/131330h3916.74N/10329.85WO299/012/A=006720 279T8009P EOSS BALLOON",299.0,14.0,22.5,39.279,-103.4975,0.13,0.21,82.22,27.9,301.05,80090.0,0.79,0.00179827,0.92679165,-0.00003889,0.00001667,22.2,6.76666667,high Re,-0.025556,14.201042,0.129092,8.343485,0.181762,0.958707,-0.850827,20.255085,-0.007789,4.328484,0.039348,2.54315,0.055402,0.958725,-0.850818,6.17377,""
EOSS-404,KC0D-2,2026-07-25T07:13:47.246,2026-07-25T07:13:45.000,7113.0,2168.04,1368.0,75.0,ascending,true,/131345h3916.78N/10329.88WO333/010/A=007113 403T7932P In Memory EOSS Alpha WA0GEH sk,"KC0D-2>APZEOS,EOSS,WIDE2-1,qAO,AE0SS-11:/131345h3916.78N/10329.88WO333/010/A=007113 403T7932P In Memory EOSS Alpha WA0GEH sk",333.0,12.0,19.3,39.279666666666664,-103.498,0.18,0.29,104.54,40.3,313.45,79320.0,0.78,0.00171053,0.88157016,-0.00003333,0.00003333,22.8,6.94933333,high Re,0.02,15.156482,0.115456,8.314313,0.172643,0.91932,-0.55291,22.461559,0.006089,4.61969,0.035191,2.534239,0.052623,0.919267,-0.553028,6.846268,""
EOSS-404,K0SCC-13,2026-07-25T07:14:02.708,2026-07-25T07:14:00.000,7393.0,2253.39,1386.0,90.0,ascending,true,/131400h3916.81N/10329.90WO339/016/A=007393!W06!,"K0SCC-13>APTT4,Z,Z,Z,qAO,AE0SS-11:/131400h3916.81N/10329.90WO339/016/A=007393!W06!",339.0,18.0,29.0,39.280166666666666,-103.49843333333334,0.22,0.35,,,,,,,,-0.00003167,0.00003833,23.1,7.041,high Re,0.01,15.950834,0.103738,8.231457,0.165274,0.868518,-0.567167,23.332897,0.003056,4.861821,0.03162,2.508993,0.050376,0.868547,-0.567016,7.111872,""
EOSS-404,AE0SS-2,2026-07-25T07:14:05.318,2026-07-25T07:14:00.000,7394.0,2253.69,1348.0,90.0,ascending,true,/131400h3916.80N/10329.90WO332/013/A=007394 276T7822P EOSS BALLOON,"AE0SS-2>APZEOS,EOSS,WIDE2-1,qAO,AE0SS-11:/131400h3916.80N/10329.90WO332/013/A=007394 276T7822P EOSS BALLOON",332.0,15.0,24.1,39.28,-103.49833333333333,0.2,0.32,81.68,27.6,300.75,78220.0,0.77,0.00175804,0.90605513,-0.00002778,0.00003333,22.46666667,6.84766667,high Re,-0.021111,16.543182,0.091253,8.052381,0.160746,0.735619,-0.699016,23.335192,-0.006444,5.042352,0.027814,2.454393,0.048997,0.735544,-0.699186,7.11256,""
EOSS-404,KC0D-2,2026-07-25T07:14:17.173,2026-07-25T07:14:15.000,7771.0,2368.6,1316.0,105.0,ascending,true,/131415h3916.84N/10329.93WO327/009/A=007771 403T7752P In Memory EOSS Alpha WA0GEH sk,"KC0D-2>APZEOS,EOSS,WIDE2-1,qAO,AE0SS-11:/131415h3916.84N/10329.93WO327/009/A=007771 403T7752P In Memory EOSS Alpha WA0GEH sk",327.0,10.0,16.1,39.28066666666667,-103.49883333333334,0.25,0.4,104.54,40.3,313.45,77520.0,0.77,0.00167171,0.86156478,-0.00002778,0.00003333,21.93333333,6.68533333,high Re,-0.017778,16.992362,0.081341,7.833732,0.156,0.63073,-0.635378,23.878898,-0.005411,5.179267,0.024793,2.387751,0.04755,0.630747,-0.635205,7.278286,""
EOSS-404,N0JPS,2026-07-25T07:14:17.301,2026-07-25T07:14:17.301,7715.0,2351.53,1354.1,107.301,ascending,true,!3916.84N/10329.93WO325/006/A=007715 EOSS BALLOON Leah Love 12sat LOCK,"N0JPS>APRS,WIDE2-1,qAO,AE0SS-11:!3916.84N/10329.93WO325/006/A=007715 EOSS BALLOON Leah Love 12sat LOCK",325.0,7.0,11.3,39.28066666666667,-103.49883333333334,0.25,0.4,,,,,,,,-0.00003331,0.00003331,22.56828781,6.8787475,high Re,0.010576,17.421279,0.075444,7.658004,0.150136,0.672108,-0.432062,23.833641,0.003221,5.309997,0.022996,2.334184,0.045762,0.672077,-0.432127,7.26449,""
EOSS-404,K0SCC-13,2026-07-25T07:14:32.415,2026-07-25T07:14:30.000,8078.0,2462.17,1370.0,120.0,ascending,true,/131430h3916.88N/10329.95WO295/009/A=008078!W13!,"K0SCC-13>APTT4,Z,Z,Z,qAO,KB0TVJ-1:/131430h3916.88N/10329.95WO295/009/A=008078!W13!",295.0,10.0,16.1,39.28135,-103.49921666666667,0.3,0.48,,,,,,,,-0.00002611,0.00003944,22.83333333,6.95933333,high Re,0.008835,17.807854,0.070321,7.498402,0.144927,0.670207,-0.424255,23.964944,0.002686,5.427806,0.021433,2.285523,0.044175,0.670099,-0.42438,7.304515,""
EOSS-404,AE0SS-2,2026-07-25T07:14:32.475,2026-07-25T07:14:30.000,8060.0,2456.69,1332.0,120.0,ascending,true,/131430h3916.87N/10329.95WO304/009/A=008060 253T7644P EOSS BALLOON,"AE0SS-2>APZEOS,EOSS,WIDE2-1,qAO,N6BA:/131430h3916.87N/10329.95WO304/009/A=008060 253T7644P EOSS BALLOON",304.0,10.0,16.1,39.281166666666664,-103.49916666666667,0.29,0.47,77.54,25.3,298.45,76440.0,0.75,0.00173127,0.89226025,-0.00002778,0.00003889,22.2,6.76666667,high Re,-0.021111,18.100664,0.06379,7.314093,0.141369,0.560471,-0.600563,23.96628,-0.006422,5.517064,0.019444,2.22935,0.04309,0.560523,-0.600278,7.304922,""
EOSS-404,KC0D-2,2026-07-25T07:14:46.886,2026-07-25T07:14:45.000,8446.0,2574.34,1350.0,135.0,ascending,true,/131445h3916.90N/10329.98WO328/005/A=008446 402T7571P In Memory EOSS Alpha WA0GEH sk,"KC0D-2>APZEOS,EOSS,WIDE2-1,qAO,N6BA:/131445h3916.90N/10329.98WO328/005/A=008446 402T7571P In Memory EOSS Alpha WA0GEH sk",328.0,6.0,9.7,39.281666666666666,-103.49966666666667,0.33,0.53,104.36,40.2,313.35,75710.0,0.75,0.0016332,0.8417168,-0.00002778,0.00003333,22.5,6.858,high Re,0.01,18.375623,0.060204,7.151167,0.136933,0.576742,-0.366632,23.817264,0.003044,5.600872,0.01835,2.17969,0.041738,0.576746,-0.366716,7.259503,""
EOSS-404,K0SCC-13,2026-07-25T07:15:02.732,2026-07-25T07:15:00.000,8784.0,2677.36,1412.0,150.0,ascending,true,/131500h3916.93N/10329.99WO312/008>K0SCC-13 EOSS Balloon BatVolt: 7.7V | Temp: 96F/A=008784!W53!,"K0SCC-13>APTT4,Z,Z,Z,qAO,N6BA:/131500h3916.93N/10329.99WO312/008>K0SCC-13 EOSS Balloon BatVolt: 7.7V | Temp: 96F/A=008784!W53!",312.0,9.0,14.5,39.282250000000005,-103.49988333333333,0.37,0.6,,,,,,,,-0.00002222,0.00003,23.53333333,7.173,high Re,0.034444,18.679017,0.058594,7.036179,0.132446,0.689908,-0.182338,23.55592,0.0105,5.69335,0.01786,2.144644,0.04037,0.689928,-0.182314,7.179848,""
EOSS-404,AE0SS-2,2026-07-25T07:15:05.058,2026-07-25T07:15:00.000,8746.0,2665.78,1372.0,150.0,ascending,true,/131500h3916.93N/10329.99WO301/009/A=008746 242T7460P EOSS BALLOON,"AE0SS-2>APZEOS,EOSS,WIDE2-1,qAO,N6BA:/131500h3916.93N/10329.99WO301/009/A=008746 242T7460P EOSS BALLOON",301.0,10.0,16.1,39.28216666666667,-103.49983333333333,0.37,0.6,75.56,24.2,297.35,74600.0,0.74,0.00169585,0.87400383,-0.00002222,0.00003333,22.86666667,6.96966667,high Re,-0.022222,18.911664,0.05384,6.897089,0.12973,0.573431,-0.58631,23.588473,-0.006778,5.764257,0.01641,2.102246,0.039542,0.573391,-0.586414,7.189768,""
EOSS-404,KC0D-2,2026-07-25T07:15:16.945,2026-07-25T07:15:15.000,9149.0,2788.62,1406.0,165.0,ascending,true,/131515h3916.97N/10330.02WO329/009/A=009149 401T7386P In Memory EOSS Alpha WA0GEH sk,"KC0D-2>APZEOS,EOSS,WIDE2-1,qAO,N6BA:/131515h3916.97N/10330.02WO329/009/A=009149 401T7386P In Memory EOSS Alpha WA0GEH sk",329.0,10.0,16.1,39.282833333333336,-103.50033333333333,0.42,0.68,104.18,40.1,313.25,73860.0,0.73,0.0015938,0.8214113,-0.00002222,0.00003889,23.43333333,7.14266667,high Re,0.018889,19.149647,0.051898,6.782562,0.126126,0.631573,-0.261714,23.230959,0.005767,5.836805,0.015819,2.067345,0.038444,0.631661,-0.261471,7.080792,""
EOSS-404,N0JPS,2026-07-25T07:15:17.214,2026-07-25T07:15:17.214,9102.0,2774.29,1389.0,167.214,ascending,true,!3916.97N/10330.02WO350/011/A=009102 EOSS BALLOON Leah Love 12sat LOCK,"N0JPS>APRS,WIDE2-1,qAO,AE0SS-11:!3916.97N/10330.02WO350/011/A=009102 EOSS BALLOON Leah Love 12sat LOCK",350.0,13.0,20.9,39.282833333333336,-103.50033333333333,0.42,0.68,,,,,,,,-0.00002504,0.00003616,23.15023451,7.05623154,high Re,-0.004725,19.349676,0.048918,6.661994,0.123259,0.570484,-0.435206,23.272845,-0.001443,5.897776,0.014911,2.030596,0.03757,0.5705,-0.435294,7.093563,""
EOSS-404,K0SCC-13,2026-07-25T07:15:32.384,2026-07-25T07:15:30.000,9450.0,2880.36,1332.0,180.0,ascending,true,/131530h3916.99N/10330.03WO266/009/A=009450!W64!,"K0SCC-13>APTT4,Z,Z,Z,qAO,N6BA:/131530h3916.99N/10330.03WO266/009/A=009450!W64!",266.0,10.0,16.1,39.28326666666667,-103.50056666666667,0.45,0.72,,,,,,,,-0.00002278,0.00003389,22.2,6.76666667,high Re,-0.031674,19.485406,0.044888,6.523031,0.121317,0.416155,-0.63109,22.974977,-0.009652,5.939152,0.013683,1.988242,0.036978,0.416204,-0.631051,7.002773,""
EOSS-404,AE0SS-2,2026-07-25T07:15:32.483,2026-07-25T07:15:30.000,9464.0,2884.63,1436.0,180.0,ascending,true,/131530h3916.99N/10330.03WO280/008/A=009464 224T7274P EOSS BALLOON,"AE0SS-2>APZEOS,EOSS,WIDE2-1,qAO,N6BA:/131530h3916.99N/10330.03WO280/008/A=009464 224T7274P EOSS BALLOON",280.0,9.0,14.5,39.283166666666666,-103.5005,0.44,0.71,72.32,22.4,295.55,72740.0,0.72,0.00166364,0.85740257,-0.00002222,0.00003333,23.93333333,7.295,high Re,0.057778,19.687585,0.045502,6.436072,0.118279,0.65968,0.103789,22.96381,0.017611,6.000781,0.01387,1.96174,0.036052,0.65973,0.103767,6.999367,""
EOSS-404,KC0D-2,2026-07-25T07:15:46.952,2026-07-25T07:15:45.000,9877.0,3010.51,1456.0,195.0,ascending,true,/131545h3917.03N/10330.06WO326/007/A=009877 401T7201P In Memory EOSS Alpha WA0GEH sk,"KC0D-2>APZEOS,EOSS,WIDE2-1,qAO,N6BA:/131545h3917.03N/10330.06WO326/007/A=009877 401T7201P In Memory EOSS Alpha WA0GEH sk",326.0,8.0,12.9,39.283833333333334,-103.501,0.49,0.79,104.18,40.1,313.25,72010.0,0.71,0.00155388,0.80083709,-0.00002222,0.00003333,24.26666667,7.39633333,high Re,0.011111,19.886675,0.043939,6.360173,0.115661,0.688659,-0.283829,22.677016,0.003378,6.061457,0.013393,1.9386,0.035254,0.688577,-0.284081,6.911954,""
EOSS-404,K0SCC-13,2026-07-25T07:16:02.362,2026-07-25T07:16:00.000,10133.0,3088.54,1366.0,210.0,ascending,true,/131600h3917.05N/10330.08WO333/014/A=010133!W70!,"K0SCC-13>APTT4,Z,Z,Z,qAO,N6BA:/131600h3917.05N/10330.08WO333/014/A=010133!W70!",333.0,16.0,25.7,39.28428333333333,-103.50133333333333,0.53,0.85,,,,,,,,-0.00002556,0.00003389,22.76666667,6.93933333,high Re,-0.05,20.006675,0.039855,6.24809,0.114687,0.441734,-0.78348,22.547703,-0.015233,6.098036,0.012148,1.904438,0.034957,0.441756,-0.783277,6.872538,""
EOSS-404,AE0SS-2,2026-07-25T07:16:04.992,2026-07-25T07:16:00.000,10163.0,3097.68,1398.0,210.0,ascending,true,/131600h3917.05N/10330.07WO329/013/A=010163 204T7098P EOSS BALLOON,"AE0SS-2>APZEOS,EOSS,WIDE2-1,qAO,N6BA:/131600h3917.05N/10330.07WO329/013/A=010163 204T7098P EOSS BALLOON",329.0,15.0,24.1,39.284166666666664,-103.50116666666666,0.52,0.84,68.72,20.4,293.55,70980.0,0.7,0.00163444,0.84235733,-0.00002222,0.00003333,23.3,7.10166667,high Re,0.017778,20.138408,0.038935,6.151899,0.112256,0.513921,-0.188471,22.535191,0.005411,6.138181,0.011867,1.875115,0.034216,0.513828,-0.188684,6.868727,""
EOSS-404,KC0D-2,2026-07-25T07:16:16.929,2026-07-25T07:16:15.000,10551.0,3215.94,1348.0,225.0,ascending,true,/131615h3917.08N/10330.10WO340/006/A=010551 400T7030P In Memory EOSS Alpha WA0GEH sk,"KC0D-2>APZEOS,EOSS,WIDE2-1,qAO,N6BA:/131615h3917.08N/10330.10WO340/006/A=010551 400T7030P In Memory EOSS Alpha WA0GEH sk",340.0,7.0,11.3,39.284666666666666,-103.50166666666667,0.56,0.9,104.0,40.0,313.15,70300.0,0.69,0.00151747,0.78206952,-0.00002222,0.00002778,22.46666667,6.84766667,high Re,-0.027778,20.227956,0.036266,6.044875,0.1107,0.370349,-0.578537,22.423924,-0.008467,6.165469,0.011054,1.842491,0.033742,0.370258,-0.578537,6.834812,""
EOSS-404,N0JPS,2026-07-25T07:16:17.019,2026-07-25T07:16:17.019,10488.0,3196.74,1390.5,227.019,ascending,true,!3917.08N/10330.10WO320/007/A=010488 EOSS BALLOON Leah Love 12sat LOCK,"N0JPS>APRS,WIDE2-1,qAO,N6BA:!3917.08N/10330.10WO320/007/A=010488 EOSS BALLOON Leah Love 12sat LOCK",320.0,8.0,12.9,39.284666666666666,-103.50166666666667,0.56,0.9,,,,,,,,-0.00002229,0.00003066,23.17531979,7.06379065,high Re,0.011849,20.337118,0.035327,5.954565,0.108569,0.476643,-0.21625,22.435669,0.003614,6.19874,0.010768,1.814964,0.033092,0.476621,-0.216185,6.838391,""
EOSS-404,K0SCC-13,2026-07-25T07:16:32.789,2026-07-25T07:16:30.000,10799.0,3291.54,1332.0,240.0,ascending,true,/131630h3917.11N/10330.12WO273/009>K0SCC-13 EOSS Balloon BatVolt: 7.6V | Temp: 96F/A=010799!W18!,"K0SCC-13>APTT4,Z,Z,Z,qAO,N6BA:/131630h3917.11N/10330.12WO273/009>K0SCC-13 EOSS Balloon BatVolt: 7.6V | Temp: 96F/A=010799!W18!",273.0,10.0,16.1,39.285183333333336,-103.50213333333333,0.61,0.98,,,,,,,,-0.00002667,0.00003,22.2,6.76666667,high Re,-0.032511,20.403649,0.032815,5.853851,0.107258,0.306867,-0.609055,22.400511,-0.009904,6.219023,0.010002,1.784267,0.032692,0.306929,-0.608895,6.827674,""
EOSS-404,AE0SS-2,2026-07-25T07:16:32.562,2026-07-25T07:16:30.000,10830.0,3300.98,1334.0,240.0,ascending,true,/131630h3917.11N/10330.12WO278/009/A=010830 184T6932P EOSS BALLOON,"AE0SS-2>APZEOS,EOSS,WIDE2-1,qAO,N6BA:/131630h3917.11N/10330.12WO278/009/A=010830 184T6932P EOSS BALLOON",278.0,10.0,16.1,39.28516666666667,-103.502,0.6,0.97,65.12,18.4,291.55,69320.0,0.68,0.00160717,0.82830056,-0.00002778,0.00003333,22.23333333,6.77666667,high Re,0.001111,20.466742,0.031682,5.7584,0.105423,0.306785,-0.289984,22.400054,0.000333,6.238252,0.009657,1.755173,0.032133,0.306759,-0.290169,6.827535,""
EOSS-404,KC0D-2,2026-07-25T07:16:46.981,2026-07-25T07:16:45.000,11233.0,3423.82,1364.0,255.0,ascending,true,/131645h3917.14N/10330.14WO355/006/A=011233 400T6861P In Memory EOSS Alpha WA0GEH sk,"KC0D-2>APZEOS,EOSS,WIDE2-1,qAO,N6BA:/131645h3917.14N/10330.14WO355/006/A=011233 400T6861P In Memory EOSS Alpha WA0GEH sk",355.0,7.0,11.3,39.285666666666664,-103.50233333333334,0.64,1.03,104.0,40.0,313.15,68610.0,0.68,0.00148099,0.7632687,-0.00002222,0.00003333,22.73333333,6.92933333,high Re,0.016667,20.542295,0.031165,5.673359,0.103561,0.386198,-0.139995,22.439452,0.005089,6.261288,0.009499,1.729255,0.031566,0.38632,-0.139707,6.839543,""
EOSS-404,K0SCC-13,2026-07-25T07:17:02.379,2026-07-25T07:17:00.000,11481.0,3499.41,1364.0,270.0,ascending,true,/131700h3917.17N/10330.15WO327/015/A=011481!W22!,"K0SCC-13>APTT4,Z,Z,Z,qAO,N6BA:/131700h3917.17N/10330.15WO327/015/A=011481!W22!",327.0,17.0,27.4,39.2862,-103.50253333333333,0.68,1.09,,,,,,,,-0.00001333,0.00003389,22.73333333,6.929,high Re,0.0,20.612974,0.030126,5.591865,0.101919,0.379186,-0.295588,22.500487,-0.000011,6.282827,0.009182,1.704414,0.031065,0.379117,-0.295928,6.858146,""
EOSS-404,AE0SS-2,2026-07-25T07:17:05.110,2026-07-25T07:17:00.000,11526.0,3513.12,1392.0,270.0,ascending,true,/131700h3917.17N/10330.15WO341/011/A=011526 169T6759P EOSS BALLOON,"AE0SS-2>APZEOS,EOSS,WIDE2-1,qAO,N6BA:/131700h3917.17N/10330.15WO341/011/A=011526 169T6759P EOSS BALLOON",341.0,13.0,20.9,39.28616666666667,-103.5025,0.67,1.08,62.42,16.9,290.05,67590.0,0.67,0.00157516,0.81180557,-0.00001667,0.00003333,23.2,7.07133333,high Re,0.015556,20.693818,0.029656,5.519912,0.10024,0.454026,-0.140662,22.51411,0.004744,6.307468,0.009039,1.682482,0.030553,0.454011,-0.140575,6.862297,""
EOSS-404,KC0D-2,2026-07-25T07:17:16.924,2026-07-25T07:17:15.000,11912.0,3630.78,1358.0,285.0,ascending,true,/131715h3917.21N/10330.17WO353/004/A=011912 398T6694P In Memory EOSS Alpha WA0GEH sk,"KC0D-2>APZEOS,EOSS,WIDE2-1,qAO,N6BA:/131715h3917.21N/10330.17WO353/004/A=011912 398T6694P In Memory EOSS Alpha WA0GEH sk",353.0,5.0,8.0,39.286833333333334,-103.50283333333333,0.72,1.16,103.64,39.8,312.95,66940.0,0.66,0.00144586,0.74516629,-0.00001667,0.00003889,22.63333333,6.89866667,high Re,-0.018889,20.752591,0.028139,5.44346,0.098983,0.345505,-0.475112,22.657163,-0.005756,6.325383,0.008577,1.659179,0.03017,0.345522,-0.475075,6.905901,""
EOSS-404,N0JPS,2026-07-25T07:17:17.045,2026-07-25T07:17:17.045,11850.0,3611.88,1361.4,287.045,ascending,true,!3917.21N/10330.16WO020/002/A=011850 EOSS BALLOON Leah Love 12sat LOCK,"N0JPS>APRS,WIDE2-1,qAO,N6BA:!3917.21N/10330.16WO020/002/A=011850 EOSS BALLOON Leah Love 12sat LOCK",20.0,2.0,3.2,39.286833333333334,-103.50266666666667,0.72,1.16,,,,,,,,-0.00001666,0.0000361,22.69016759,6.91600307,high Re,0.000947,20.809579,0.027315,5.370638,0.097539,0.350161,-0.270333,22.631415,0.000289,6.342754,0.008326,1.636984,0.02973,0.350186,-0.270333,6.898052,""
EOSS-404,K0SCC-13,2026-07-25T07:17:32.667,2026-07-25T07:17:30.000,12167.0,3708.5,1372.0,300.0,ascending,true,/131730h3917.23N/10330.18WO042/008/A=012167!W74!,"K0SCC-13>APTT4,Z,Z,Z,qAO,AE0SS-11:/131730h3917.23N/10330.18WO042/008/A=012167!W74!",42.0,9.0,14.5,39.28728333333333,-103.50306666666667,0.75,1.21,,,,,,,,-0.00001778,0.00003611,22.86666667,6.96966667,high Re,0.005883,20.868353,0.026684,5.302482,0.09612,0.376864,-0.216407,22.771492,0.001789,6.360666,0.008133,1.616208,0.029298,0.376808,-0.216534,6.940747,""
EOSS-404,AE0SS-2,2026-07-25T07:17:32.547,2026-07-25T07:17:30.000,12212.0,3722.22,1372.0,300.0,ascending,true,/131730h3917.23N/10330.18WO043/007/A=012212 149T6594P EOSS BALLOON,"AE0SS-2>APZEOS,EOSS,WIDE2-1,qAO,N6BA:/131730h3917.23N/10330.18WO043/007/A=012212 149T6594P EOSS BALLOON",43.0,8.0,12.9,39.287166666666664,-103.503,0.74,1.19,58.82,14.9,288.05,65940.0,0.65,0.00154738,0.79748682,-0.00001667,0.00003333,22.86666667,6.97,high Re,0.0,20.923862,0.025922,5.236784,0.094803,0.370992,-0.27343,22.792825,0.000011,6.377592,0.007901,1.596186,0.028896,0.37114,-0.273048,6.947251,""
EOSS-404,KC0D-2,2026-07-25T07:17:47.009,2026-07-25T07:17:45.000,12611.0,3843.83,1398.0,315.0,ascending,true,/131745h3917.26N/10330.20WO293/009/A=012611 399T6527P In Memory EOSS Alpha WA0GEH sk,"KC0D-2>APZEOS,EOSS,WIDE2-1,qAO,N6BA:/131745h3917.26N/10330.20WO293/009/A=012611 399T6527P In Memory EOSS Alpha WA0GEH sk",293.0,10.0,16.1,39.28766666666667,-103.50333333333333,0.78,1.26,103.82,39.9,313.05,65270.0,0.64,0.00140934,0.726344,-0.00001667,0.00002778,23.3,7.10166667,high Re,0.014444,20.988081,0.025603,5.178294,0.093459,0.446463,-0.1194,22.991137,0.004389,6.397162,0.007804,1.578356,0.028486,0.446353,-0.119883,7.007694,""
EOSS-404,K0SCC-13,2026-07-25T07:18:02.767,2026-07-25T07:18:00.000,12869.0,3922.47,1404.0,330.0,ascending,true,/131800h3917.28N/10330.22WO344/011>K0SCC-13 EOSS Balloon BatVolt: 7.7V | Temp: 96F/A=012869!W33!,"K0SCC-13>APTT4,Z,Z,Z,qAO,N6BA:/131800h3917.28N/10330.22WO344/011>K0SCC-13 EOSS Balloon BatVolt: 7.7V | Temp: 96F/A=012869!W33!",344.0,13.0,20.9,39.28805,-103.50371666666666,0.82,1.32,,,,,,,,-0.00002167,0.00002556,23.4,7.13233333,high Re,0.003333,21.051553,0.025001,5.122802,0.092224,0.45843,-0.23495,23.12277,0.001022,6.416508,0.007621,1.561442,0.02811,0.458439,-0.234756,7.047816,""
EOSS-404,AE0SS-2,2026-07-25T07:18:05.043,2026-07-25T07:18:00.000,12915.0,3936.49,1406.0,330.0,ascending,true,/131800h3917.28N/10330.22WO341/012/A=012915 138T6425P EOSS BALLOON,"AE0SS-2>APZEOS,EOSS,WIDE2-1,qAO,N6BA:/131800h3917.28N/10330.22WO341/012/A=012915 138T6425P EOSS BALLOON",341.0,14.0,22.5,39.288,-103.50366666666666,0.81,1.3,56.84,13.8,286.95,64250.0,0.63,0.0015135,0.78002649,-0.00002222,0.00002778,23.43333333,7.14233333,high Re,0.001111,21.112624,0.024373,5.069314,0.091052,0.457796,-0.25548,23.146111,0.000333,6.435119,0.007429,1.545137,0.027753,0.457703,-0.255684,7.05493,""
EOSS-404,KC0D-2,2026-07-25T07:18:16.906,2026-07-25T07:18:15.000,13322.0,4060.55,1422.0,345.0,ascending,true,/131815h3917.32N/10330.26WO324/011/A=013322 397T6360P In Memory EOSS Alpha WA0GEH sk,"KC0D-2>APZEOS,EOSS,WIDE2-1,qAO,N6BA:/131815h3917.32N/10330.26WO324/011/A=013322 397T6360P In Memory EOSS Alpha WA0GEH sk",324.0,13.0,20.9,39.288666666666664,-103.50433333333334,0.87,1.4,103.46,39.7,312.85,63600.0,0.63,0.00137416,0.7082122,-0.00003333,0.00003333,23.7,7.224,high Re,0.008889,21.177309,0.023976,5.020596,0.08988,0.502468,-0.167857,23.346252,0.002722,6.454841,0.007308,1.530291,0.027396,0.502623,-0.167397,7.115936,""
EOSS-404,N0JPS,2026-07-25T07:18:16.996,2026-07-25T07:18:16.996,13259.0,4041.34,1410.2,346.996,ascending,true,!3917.31N/10330.26WO349/013/A=013259 EOSS BALLOON Leah Love 12sat LOCK,"N0JPS>APRS,WIDE2-1,qAO,N6BA:!3917.31N/10330.26WO349/013/A=013259 EOSS BALLOON Leah Love 12sat LOCK",349.0,15.0,24.1,39.2885,-103.50433333333334,0.86,1.38,,,,,,,,-0.0000278,0.0000278,23.50252706,7.16351687,high Re,-0.003294,21.234021,0.023294,4.970724,0.088825,0.456373,-0.29933,23.316295,-0.001009,6.472126,0.0071,1.515089,0.027074,0.456337,-0.299512,7.106802,""
EOSS-404,K0SCC-13,2026-07-25T07:18:32.499,2026-07-25T07:18:30.000,13575.0,4137.66,1412.0,360.0,ascending,true,/131830h3917.34N/10330.29WO241/010/A=013575!W71!,"K0SCC-13>APTT4,Z,Z,Z,qAO,N6BA:/131830h3917.34N/10330.29WO241/010/A=013575!W71!",241.0,12.0,19.3,39.289116666666665,-103.50485,0.91,1.46,,,,,,,,-0.00003778,0.00003556,23.53333333,7.173,high Re,0.001027,21.288767,0.022751,4.922534,0.087777,0.455978,-0.247491,23.461283,0.000316,6.488813,0.006935,1.500401,0.026754,0.456003,-0.247402,7.150996,""
EOSS-404,AE0SS-2,2026-07-25T07:18:32.838,2026-07-25T07:18:30.000,13617.0,4150.46,1404.0,360.0,ascending,true,/131830h3917.34N/10330.29WO251/007/A=013617 126T6264P EOSS BALLOON,"AE0SS-2>APZEOS,EOSS,WIDE2-1,qAO,AE0SS-11:/131830h3917.34N/10330.29WO251/007/A=013617 126T6264P EOSS BALLOON",251.0,8.0,12.9,39.289,-103.50483333333334,0.9,1.45,54.68,12.6,285.75,62640.0,0.62,0.00148177,0.76367392,-0.00003889,0.00003333,23.4,7.13233333,high Re,-0.004444,21.337865,0.022103,4.874224,0.086801,0.423069,-0.305837,23.479454,-0.001356,6.503779,0.006737,1.485676,0.026457,0.423076,-0.305893,7.156534,""
EOSS-404,KC0D-2,2026-07-25T07:18:46.909,2026-07-25T07:18:45.000,14006.0,4269.03,1368.0,375.0,ascending,true,/131845h3917.38N/10330.34WO320/013/A=014006 396T6201P In Memory EOSS Alpha WA0GEH sk,"KC0D-2>APZEOS,EOSS,WIDE2-1,qAO,N6BA:/131845h3917.38N/10330.34WO320/013/A=014006 396T6201P In Memory EOSS Alpha WA0GEH sk",320.0,15.0,24.1,39.28966666666667,-103.50566666666667,0.97,1.56,103.28,39.6,312.75,62010.0,0.61,0.00134023,0.69072768,-0.00004444,0.00003333,22.8,6.94933333,high Re,-0.02,21.371096,0.021124,4.822254,0.086001,0.296315,-0.47818,23.632912,-0.0061,6.513905,0.006439,1.469835,0.026213,0.296243,-0.47835,7.203309,""
EOSS-404,K0SCC-13,2026-07-25T07:19:02.325,2026-07-25T07:19:00.000,14277.0,4351.63,1404.0,390.0,ascending,true,/131900h3917.41N/10330.38WO356/011/A=014277!W42!,"K0SCC-13>APTT4,Z,Z,Z,qAO,N6BA:/131900h3917.41N/10330.38WO356/011/A=014277!W42!",356.0,13.0,20.9,39.29023333333333,-103.50636666666666,1.02,1.64,,,,,,,,-0.00005056,0.00003722,23.4,7.13233333,high Re,0.02,21.416182,0.021099,4.776726,0.084996,0.415309,-0.01293,23.722092,0.0061,6.527648,0.006431,1.455958,0.025907,0.415318,-0.012776,7.230491,""
EOSS-404,KC0D-2,2026-07-25T07:19:16.909,2026-07-25T07:19:15.000,14723.0,4487.57,1434.0,405.0,ascending,true,/131915h3917.46N/10330.41WO337/011/A=014723 394T6040P In Memory EOSS Alpha WA0GEH sk,"KC0D-2>APZEOS,EOSS,WIDE2-1,qAO,N6BA:/131915h3917.46N/10330.41WO337/011/A=014723 394T6040P In Memory EOSS Alpha WA0GEH sk",337.0,13.0,20.9,39.291,-103.50683333333333,1.08,1.74,102.92,39.4,312.55,60400.0,0.6,0.00130627,0.67322446,-0.00003889,0.00004444,23.9,7.28466667,high Re,0.016667,21.470178,0.021,4.737529,0.084027,0.512888,-0.051567,23.833883,0.005078,6.544105,0.006401,1.44401,0.025612,0.512851,-0.051655,7.264566,""
EOSS-404,N0JPS,2026-07-25T07:19:17.064,2026-07-25T07:19:17.064,14672.0,4472.03,1411.4,407.064,ascending,true,!3917.45N/10330.41WO332/013/A=014672 EOSS BALLOON Leah Love 12sat LOCK,"N0JPS>APRS,WIDE2-1,qAO,N6BA:!3917.45N/10330.41WO332/013/A=014672 EOSS BALLOON Leah Love 12sat LOCK",332.0,15.0,24.1,39.29083333333333,-103.50683333333333,1.07,1.72,,,,,,,,-0.00004162,0.00003884,23.52334021,7.17004062,high Re,-0.006271,21.513863,0.020407,4.695312,0.083185,0.427975,-0.320707,23.823361,-0.001908,6.557423,0.00622,1.431143,0.025355,0.428062,-0.320568,7.261359,""
EOSS-404,K0SCC-13,2026-07-25T07:19:32.717,2026-07-25T07:19:30.000,14999.0,4571.7,1444.0,420.0,ascending,true,/131930h3917.49N/10330.43WO307/008>K0SCC-13 EOSS Balloon BatVolt: 7.6V | Temp: 96F/A=014999!W61!,"K0SCC-13>APTT4,Z,Z,Z,qAO,N6BA:/131930h3917.49N/10330.43WO307/008>K0SCC-13 EOSS Balloon BatVolt: 7.6V | Temp: 96F/A=014999!W61!",307.0,9.0,14.5,39.2916,-103.50718333333333,1.12,1.8,,,,,,,,-0.00002722,0.00004556,24.06666667,7.33566667,high Re,0.018111,21.567046,0.020358,4.659684,0.082277,0.536436,-0.02731,23.880699,0.005521,6.573636,0.006205,1.420285,0.025078,0.536534,-0.027275,7.278836,""
EOSS-404,AE0SS-2,2026-07-25T07:19:32.777,2026-07-25T07:19:30.000,15045.0,4585.72,1428.0,420.0,ascending,true,/131930h3917.49N/10330.43WO302/009/A=015045 108T5943P EOSS BALLOON,"AE0SS-2>APZEOS,EOSS,WIDE2-1,qAO,AE0SS-11:/131930h3917.49N/10330.43WO302/009/A=015045 108T5943P EOSS BALLOON",302.0,10.0,16.1,39.2915,-103.50716666666666,1.12,1.8,51.44,10.8,283.95,59430.0,0.59,0.00141475,0.72913225,-0.00003889,0.00004167,23.8,7.25433333,high Re,-0.004444,21.612617,0.019842,4.621911,0.081475,0.473264,-0.298079,23.886855,-0.001356,6.587528,0.006048,1.408773,0.024834,0.473323,-0.29814,7.280713,""
EOSS-404,KC0D-2,2026-07-25T07:19:46.978,2026-07-25T07:19:45.000,15453.0,4710.07,1460.0,435.0,ascending,true,/131945h3917.52N/10330.46WO300/008/A=015453 393T5879P In Memory EOSS Alpha WA0GEH sk,"KC0D-2>APZEOS,EOSS,WIDE2-1,qAO,N6BA:/131945h3917.52N/10330.46WO300/008/A=015453 393T5879P In Memory EOSS Alpha WA0GEH sk",300.0,9.0,14.5,39.292,-103.50766666666667,1.16,1.87,102.74,39.3,312.45,58790.0,0.58,0.00127186,0.65548896,-0.00002778,0.00003333,24.33333333,7.41666667,high Re,0.017778,21.667031,0.0198,4.590659,0.080623,0.58081,-0.02508,23.921623,0.005411,6.604111,0.006035,1.399246,0.024574,0.58071,-0.025393,7.29131,""
EOSS-404,K0SCC-13,2026-07-25T07:20:02.397,2026-07-25T07:20:00.000,15717.0,4790.54,1436.0,450.0,ascending,true,/132000h3917.53N/10330.47WO005/008/A=015717!W25!,"K0SCC-13>APTT4,Z,Z,Z,qAO,N6BA:/132000h3917.53N/10330.47WO005/008/A=015717!W25!",5.0,9.0,14.5,39.2922,-103.50791666666667,1.18,1.9,,,,,,,,-0.00002444,0.00002,23.93333333,7.29466667,high Re,-0.013333,21.711468,0.019137,4.555587,0.079933,0.487723,-0.406215,23.926209,-0.004067,6.617651,0.005833,1.388553,0.024364,0.487569,-0.406337,7.292708,""
EOSS-404,KC0D-2,2026-07-25T07:20:17.018,2026-07-25T07:20:15.000,16164.0,4926.79,1422.0,465.0,ascending,true,/132015h3917.53N/10330.47WO110/006/A=016164 390T5726P In Memory EOSS Alpha WA0GEH sk,"KC0D-2>APZEOS,EOSS,WIDE2-1,qAO,N6BA:/132015h3917.53N/10330.47WO110/006/A=016164 390T5726P In Memory EOSS Alpha WA0GEH sk",110.0,7.0,11.3,39.29216666666667,-103.50783333333334,1.18,1.9,102.2,39.0,312.15,57260.0,0.57,0.00123995,0.63904355,-5.56e-6,5.56e-6,23.7,7.224,high Re,-0.007778,21.749709,0.018609,4.519125,0.07922,0.431564,-0.333085,23.905906,-0.002356,6.629312,0.005672,1.377442,0.024146,0.431734,-0.332477,7.286521,""
EOSS-404,N0JPS,2026-07-25T07:20:17.056,2026-07-25T07:20:17.056,16107.0,4909.41,1435.2,467.056,ascending,true,!3917.53N/10330.47WO092/008/A=016107 EOSS BALLOON Leah Love 12sat LOCK,"N0JPS>APRS,WIDE2-1,qAO,N6BA:!3917.53N/10330.47WO092/008/A=016107 EOSS BALLOON Leah Love 12sat LOCK",92.0,9.0,14.5,39.29216666666667,-103.50783333333334,1.18,1.9,,,,,,,,-0.00001667,0.00002223,23.91985598,7.29063875,high Re,0.003665,21.790655,0.018322,4.485377,0.078467,0.474698,-0.186792,23.910264,0.001111,6.64179,0.005585,1.367154,0.023917,0.474598,-0.187064,7.28785,""
EOSS-404,K0SCC-13,2026-07-25T07:20:32.443,2026-07-25T07:20:30.000,16426.0,5006.64,1418.0,480.0,ascending,true,/132030h3917.53N/10330.45WO039/005/A=016426!W17!,"K0SCC-13>APTT4,Z,Z,Z,qAO,N6BA:/132030h3917.53N/10330.45WO039/005/A=016426!W17!",39.0,6.0,9.7,39.292183333333334,-103.50761666666666,1.17,1.88,,,,,,,,0.00001,-5.6e-7,23.63333333,7.20333333,high Re,-0.009551,21.824779,0.017796,4.449932,0.077803,0.406423,-0.35149,23.88009,-0.00291,6.652188,0.005424,1.356349,0.023714,0.406345,-0.351438,7.278653,""
EOSS-404,KC0D-2,2026-07-25T07:20:47.017,2026-07-25T07:20:45.000,16878.0,5144.41,1428.0,495.0,ascending,true,/132045h3917.52N/10330.44WO244/002/A=016878 389T5575P In Memory EOSS Alpha WA0GEH sk,"KC0D-2>APZEOS,EOSS,WIDE2-1,qAO,N6BA:/132045h3917.52N/10330.44WO244/002/A=016878 389T5575P In Memory EOSS Alpha WA0GEH sk",244.0,2.0,3.2,39.292,-103.50733333333334,1.15,1.85,102.02,38.9,312.05,55750.0,0.55,0.00120764,0.62239076,0.00001667,-5.56e-6,23.8,7.254,high Re,0.005556,21.860692,0.017569,4.416574,0.077083,0.439098,-0.155845,23.817123,0.001689,6.66313,0.005355,1.34618,0.023495,0.438923,-0.156033,7.259462,""
EOSS-404,K0SCC-13,2026-07-25T07:21:02.814,2026-07-25T07:21:00.000,17138.0,5223.66,1424.0,510.0,ascending,true,/132100h3917.51N/10330.42WO155/011>K0SCC-13 EOSS Balloon BatVolt: 7.6V | Temp: 95F/A=017138!W32!,"K0SCC-13>APTT4,Z,Z,Z,qAO,KB0TVJ-1:/132100h3917.51N/10330.42WO155/011>K0SCC-13 EOSS Balloon BatVolt: 7.6V | Temp: 95F/A=017138!W32!",155.0,13.0,20.9,39.29188333333334,-103.50703333333334,1.13,1.82,,,,,,,,0.00001944,-0.00001,23.73333333,7.234,high Re,-0.002222,21.894132,0.017209,4.383388,0.076413,0.419584,-0.254289,23.77323,-0.000667,6.673325,0.005246,1.336065,0.023291,0.419646,-0.253875,7.246084,""
EOSS-404,KC0D-2,2026-07-25T07:21:16.977,2026-07-25T07:21:15.000,17576.0,5357.16,1396.0,525.0,ascending,true,/132115h3917.50N/10330.41WO149/008/A=017576 386T5430P In Memory EOSS Alpha WA0GEH sk,"KC0D-2>APZEOS,EOSS,WIDE2-1,qAO,N6BA:/132115h3917.50N/10330.41WO149/008/A=017576 386T5430P In Memory EOSS Alpha WA0GEH sk",149.0,9.0,14.5,39.291666666666664,-103.50683333333333,1.12,1.8,101.48,38.6,311.75,54300.0,0.54,0.00117736,0.60678637,0.00001667,-0.00001111,23.26666667,7.09166667,high Re,-0.015556,21.918212,0.016624,4.347877,0.075841,0.310141,-0.424309,23.692237,-0.004744,6.680664,0.005067,1.325241,0.023117,0.310134,-0.424406,7.221399,""
EOSS-404,N0JPS,2026-07-25T07:21:17.014,2026-07-25T07:21:17.014,17519.0,5339.79,1413.0,527.014,ascending,true,!3917.50N/10330.41WO133/009/A=017519 EOSS BALLOON Leah Love 12sat LOCK,"N0JPS>APRS,WIDE2-1,qAO,N6BA:!3917.50N/10330.41WO133/009/A=017519 EOSS BALLOON Leah Love 12sat LOCK",133.0,10.0,16.1,39.291666666666664,-103.50683333333333,1.12,1.8,,,,,,,,0.00001668,-8.34e-6,23.54981821,7.17802462,high Re,0.004722,21.946343,0.016415,4.314891,0.075178,0.371614,-0.155538,23.703062,0.00144,6.689239,0.005004,1.315187,0.022914,0.371647,-0.155538,7.224697,""
EOSS-404,K0SCC-13,2026-07-25T07:21:32.421,2026-07-25T07:21:30.000,17830.0,5434.58,1384.0,540.0,ascending,true,/132130h3917.47N/10330.38WO135/012/A=017830!W93!,"K0SCC-13>APTT4,Z,Z,Z,qAO,N6BA:/132130h3917.47N/10330.38WO135/012/A=017830!W93!",135.0,14.0,22.5,39.29131666666667,-103.50638333333333,1.08,1.74,,,,,,,,0.00002167,-0.00001889,23.06666667,7.03066667,high Re,-0.016105,21.965331,0.015855,4.280018,0.074638,0.25732,-0.4282,23.64377,-0.004912,6.695026,0.004833,1.304558,0.02275,0.257283,-0.428352,7.206627,""
EOSS-404,AE0SS-2,2026-07-25T07:21:32.783,2026-07-25T07:21:30.000,17879.0,5449.52,1417.0,540.0,ascending,true,/132130h3917.47N/10330.38WO141/010/A=017879 36T5340P EOSS BALLOON,"AE0SS-2>APZEOS,EOSS,WIDE2-1,qAO,AE0SS-11:/132130h3917.47N/10330.38WO141/010/A=017879 36T5340P EOSS BALLOON",141.0,12.0,19.3,39.29116666666667,-103.50633333333333,1.07,1.72,38.48,3.6,276.75,53400.0,0.53,0.00130428,0.67219624,6.94e-6,-2.78e-6,23.61666667,7.19833333,high Re,0.004583,21.992854,0.015664,4.248943,0.074006,0.382169,-0.149731,23.634453,0.001397,6.703414,0.004774,1.295086,0.022557,0.382152,-0.14971,7.203786,""
EOSS-404,KC0D-2,2026-07-25T07:21:46.990,2026-07-25T07:21:45.000,18270.0,5568.7,1388.0,555.0,ascending,true,/132145h3917.46N/10330.34WO133/009/A=018270 385T5289P In Memory EOSS Alpha WA0GEH sk,"KC0D-2>APZEOS,EOSS,WIDE2-1,qAO,N6BA:/132145h3917.46N/10330.34WO133/009/A=018270 385T5289P In Memory EOSS Alpha WA0GEH sk",133.0,10.0,16.1,39.291,-103.50566666666667,1.04,1.67,101.3,38.5,311.65,52890.0,0.52,0.00114716,0.59121968,0.00003889,-0.00002222,23.13333333,7.05133333,high Re,-0.016111,22.01155,0.015134,4.215916,0.073491,0.266083,-0.425154,23.56206,-0.0049,6.709118,0.004613,1.285021,0.0224,0.266311,-0.424688,7.181721,""
EOSS-404,K0SCC-13,2026-07-25T07:22:02.477,2026-07-25T07:22:00.000,18513.0,5642.76,1366.0,570.0,ascending,true,/132200h3917.45N/10330.30WO156/009/A=018513!W91!,"K0SCC-13>APTT4,Z,Z,Z,qAO,N6BA:/132200h3917.45N/10330.30WO156/009/A=018513!W91!",156.0,10.0,16.1,39.29098333333333,-103.50501666666666,1.03,1.66,,,,,,,,0.00004556,-0.00001111,22.76666667,6.93933333,high Re,-0.012222,22.023729,0.014686,4.182316,0.07296,0.177638,-0.368805,23.520084,-0.003733,6.712831,0.004476,1.27478,0.022238,0.17768,-0.369143,7.168928,""
EOSS-404,AE0SS-2,2026-07-25T07:22:05.389,2026-07-25T07:22:00.000,18558.0,5656.48,1358.0,570.0,ascending,true,/132200h3917.46N/10330.30WO129/007/A=018558 28T5203P EOSS BALLOON,"AE0SS-2>APZEOS,EOSS,WIDE2-1,qAO,AE0SS-11:/132200h3917.46N/10330.30WO129/007/A=018558 28T5203P EOSS BALLOON",129.0,8.0,12.9,39.291,-103.505,1.03,1.66,37.04,2.8,275.95,52030.0,0.51,0.0012745,0.6568495,0.00004444,-5.56e-6,22.63333333,6.89866667,high Re,-0.004444,22.033406,0.014377,4.149161,0.0724,0.14459,-0.259959,23.512661,-0.001356,6.715781,0.004382,1.264674,0.022068,0.144611,-0.260015,7.166665,""
EOSS-404,KC0D-2,2026-07-25T07:22:16.916,2026-07-25T07:22:15.000,18963.0,5779.92,1386.0,585.0,ascending,true,/132215h3917.46N/10330.27WO073/006/A=018963 381T5151P In Memory EOSS Alpha WA0GEH sk,"KC0D-2>APZEOS,EOSS,WIDE2-1,qAO,N6BA:/132215h3917.46N/10330.27WO073/006/A=018963 381T5151P In Memory EOSS Alpha WA0GEH sk",73.0,7.0,11.3,39.291,-103.5045,1.01,1.63,100.58,38.1,311.25,51510.0,0.51,0.00111866,0.57653362,0.00003889,0.0,23.1,7.04066667,high Re,0.015556,22.050071,0.014396,4.118258,0.071814,0.254945,0.016153,23.451958,0.004733,6.720857,0.004388,1.255254,0.021889,0.254777,0.015761,7.148164,""
EOSS-404,N0JPS,2026-07-25T07:22:17.006,2026-07-25T07:22:17.006,18869.0,5751.27,1350.2,587.006,ascending,true,!3917.46N/10330.27WO087/007/A=018869 EOSS BALLOON Leah Love 12sat LOCK,"N0JPS>APRS,WIDE2-1,qAO,N6BA:!3917.46N/10330.27WO087/007/A=018869 EOSS BALLOON Leah Love 12sat LOCK",87.0,8.0,12.9,39.291,-103.5045,1.01,1.63,,,,,,,,0.00003889,-0.00001111,22.5030004,6.85891452,high Re,-0.009951,22.057039,0.014015,4.086344,0.071307,0.109135,-0.336096,23.46498,-0.00303,6.722981,0.004272,1.245526,0.021734,0.109137,-0.335971,7.152133,""
EOSS-404,K0SCC-13,2026-07-25T07:22:32.778,2026-07-25T07:22:30.000,19205.0,5853.68,1384.0,600.0,ascending,true,/132230h3917.46N/10330.23WO100/012>K0SCC-13 EOSS Balloon BatVolt: 7.6V | Temp: 94F/A=019205!W05!,"K0SCC-13>APTT4,Z,Z,Z,qAO,N6BA:/132230h3917.46N/10330.23WO100/012>K0SCC-13 EOSS Balloon BatVolt: 7.6V | Temp: 94F/A=019205!W05!",100.0,14.0,22.5,39.291,-103.50391666666667,1.0,1.61,,,,,,,,0.00003667,5.6e-7,23.06666667,7.03066667,high Re,0.018789,22.072337,0.014089,4.056693,0.07075,0.245108,0.066431,23.421784,0.005725,6.727643,0.004294,1.236488,0.021565,0.245068,0.066358,7.138967,""
EOSS-404,KC0D-2,2026-07-25T07:22:46.963,2026-07-25T07:22:45.000,19637.0,5985.36,1348.0,615.0,ascending,true,/132245h3917.48N/10330.20WO059/010/A=019637 380T5019P In Memory EOSS Alpha WA0GEH sk,"KC0D-2>APZEOS,EOSS,WIDE2-1,qAO,N6BA:/132245h3917.48N/10330.20WO059/010/A=019637 380T5019P In Memory EOSS Alpha WA0GEH sk",59.0,12.0,19.3,39.291333333333334,-103.50333333333333,1.0,1.61,100.4,38.0,311.15,50190.0,0.5,0.00109034,0.56193986,0.00003889,0.00001111,22.46666667,6.848,high Re,-0.02,22.078222,0.013572,4.026131,0.070329,0.096481,-0.477356,23.381154,-0.006089,6.72944,0.004137,1.227173,0.021436,0.096612,-0.477048,7.126583,""
EOSS-404,K0SCC-13,2026-07-25T07:23:02.374,2026-07-25T07:23:00.000,19904.0,6066.74,1398.0,630.0,ascending,true,/132300h3917.48N/10330.14WO102/012/A=019904!W92!,"K0SCC-13>APTT4,Z,Z,Z,qAO,N6BA:/132300h3917.48N/10330.14WO102/012/A=019904!W92!",102.0,14.0,22.5,39.29148333333333,-103.50236666666667,0.99,1.59,,,,,,,,0.00005167,0.00001611,23.3,7.102,high Re,0.027778,22.09619,0.013784,3.998718,0.069816,0.301049,0.200441,23.365199,0.008467,6.734918,0.004202,1.218819,0.02128,0.301178,0.200423,7.12172,""
EOSS-404,KC0D-2,2026-07-25T07:23:16.926,2026-07-25T07:23:15.000,20336.0,6198.41,1398.0,645.0,ascending,true,/132315h3917.51N/10330.10WO032/014/A=020336 376T4885P In Memory EOSS Alpha WA0GEH sk,"KC0D-2>APZEOS,EOSS,WIDE2-1,qAO,N6BA:/132315h3917.51N/10330.10WO032/014/A=020336 376T4885P In Memory EOSS Alpha WA0GEH sk",32.0,16.0,25.7,39.29183333333334,-103.50166666666667,1.0,1.61,99.68,37.6,310.75,48850.0,0.48,0.0010626,0.54764091,0.00005556,0.00001667,23.3,7.10166667,high Re,0.0,22.113636,0.013582,3.971852,0.069313,0.298693,-0.195952,23.354761,-0.000011,6.740234,0.00414,1.210629,0.021127,0.298549,-0.196478,7.118539,""
EOSS-404,N0JPS,2026-07-25T07:23:17.314,2026-07-25T07:23:17.314,20263.0,6176.16,1386.9,647.314,ascending,true,!3917.51N/10330.10WO015/012/A=020263 EOSS BALLOON Leah Love 12sat LOCK,"N0JPS>APRS,WIDE2-1,qAO,N6BA:!3917.51N/10330.10WO015/012/A=020263 EOSS BALLOON Leah Love 12sat LOCK",15.0,14.0,22.5,39.29183333333334,-103.50166666666667,1.0,1.61,,,,,,,,0.00004698,0.00001382,23.11467799,7.04533395,high Re,-0.003073,22.127937,0.01334,3.94478,0.06883,0.250138,-0.238457,23.35519,-0.000934,6.744592,0.004066,1.202377,0.02098,0.250123,-0.238322,7.11867,""
EOSS-404,K0SCC-13,2026-07-25T07:23:32.462,2026-07-25T07:23:30.000,20610.0,6281.93,1412.0,660.0,ascending,true,/132330h3917.55N/10330.05WO009/014/A=020610!W15!,"K0SCC-13>APTT4,Z,Z,Z,qAO,N6BA:/132330h3917.55N/10330.05WO009/014/A=020610!W15!",9.0,16.0,25.7,39.292516666666664,-103.50091666666667,1.03,1.66,,,,,,,,0.00004833,0.00003444,23.53333333,7.173,high Re,0.013955,22.147731,0.013349,3.920052,0.06833,0.353465,0.008869,23.357908,0.004256,6.750626,0.004069,1.19484,0.020827,0.353498,0.008979,7.119498,""
EOSS-404,KC0D-2,2026-07-25T07:23:46.919,2026-07-25T07:23:45.000,21058.0,6418.48,1444.0,675.0,ascending,true,/132345h3917.59N/10330.00WO029/011/A=021058 374T4751P In Memory EOSS Alpha WA0GEH sk,"KC0D-2>APZEOS,EOSS,WIDE2-1,qAO,N6BA:/132345h3917.59N/10330.00WO029/011/A=021058 374T4751P In Memory EOSS Alpha WA0GEH sk",29.0,13.0,20.9,39.293166666666664,-103.5,1.07,1.72,99.32,37.4,310.55,47510.0,0.47,0.00103412,0.53296163,0.00005556,0.00004444,24.06666667,7.33566667,high Re,0.017778,22.174383,0.013411,3.898912,0.067842,0.485336,0.06437,23.378496,0.005422,6.758752,0.004088,1.188398,0.020678,0.485456,0.064513,7.125774,""
EOSS-404,K0SCC-13,2026-07-25T07:24:02.638,2026-07-25T07:24:00.000,21341.0,6504.74,1462.0,690.0,ascending,true,/132400h3917.62N/10329.93WO066/023>K0SCC-13 EOSS Balloon BatVolt: 7.6V | Temp: 92F/A=021341!W13!,"K0SCC-13>APTT4,Z,Z,Z,qAO,N6BA:/132400h3917.62N/10329.93WO066/023>K0SCC-13 EOSS Balloon BatVolt: 7.6V | Temp: 92F/A=021341!W13!",66.0,26.0,41.8,39.293683333333334,-103.49888333333334,1.09,1.75,,,,,,,,0.00006778,0.00003889,24.36666667,7.427,high Re,0.01,22.204414,0.013364,3.880235,0.067364,0.557248,-0.049938,23.400525,0.003044,6.767906,0.004073,1.182705,0.020533,0.557277,-0.050114,7.132488,""
EOSS-404,KC0D-2,2026-07-25T07:24:16.901,2026-07-25T07:24:15.000,21814.0,6648.91,1512.0,705.0,ascending,true,/132415h3917.67N/10329.86WO051/023/A=021814 369T4612P In Memory EOSS Alpha WA0GEH sk,"KC0D-2>APZEOS,EOSS,WIDE2-1,qAO,N6BA:/132415h3917.67N/10329.86WO051/023/A=021814 369T4612P In Memory EOSS Alpha WA0GEH sk",51.0,26.0,41.8,39.2945,-103.49766666666666,1.13,1.82,98.42,36.9,310.05,46120.0,0.46,0.00100548,0.51820311,0.00007778,0.00004444,25.2,7.681,high Re,0.027778,22.244895,0.013562,3.869268,0.066916,0.763737,0.212445,23.450546,0.008467,6.780245,0.004134,1.179363,0.020396,0.763764,0.212444,7.147734,""
EOSS-404,N0JPS,2026-07-25T07:24:16.991,2026-07-25T07:24:16.991,21764.0,6633.67,1509.1,706.991,ascending,true,!3917.67N/10329.87WO053/024/A=021764 EOSS BALLOON Leah Love 12sat LOCK,"N0JPS>APRS,WIDE2-1,qAO,N6BA:!3917.67N/10329.87WO053/024/A=021764 EOSS BALLOON Leah Love 12sat LOCK",53.0,28.0,45.1,39.2945,-103.49783333333333,1.14,1.83,,,,,,,,0.00006423,0.00004468,25.15206864,7.66643766,high Re,-0.000803,22.283657,0.013367,3.857669,0.066477,0.743561,-0.213156,23.444575,-0.000244,6.792061,0.004074,1.175828,0.020262,0.743626,-0.213108,7.145914,""
EOSS-404,K0SCC-13,2026-07-25T07:24:32.438,2026-07-25T07:24:30.000,22073.0,6727.85,1464.0,720.0,ascending,true,/132430h3917.70N/10329.78WO100/019/A=022073!W42!,"K0SCC-13>APTT4,Z,Z,Z,qAO,N6BA:/132430h3917.70N/10329.78WO100/019/A=022073!W42!",100.0,22.0,35.4,39.29506666666667,-103.49636666666667,1.17,1.88,,,,,,,,0.00008389,0.00004611,24.4,7.437,high Re,-0.025069,22.311504,0.012855,3.839547,0.066175,0.543943,-0.573087,23.483644,-0.007648,6.800547,0.003918,1.170304,0.02017,0.543836,-0.573426,7.157821,""
EOSS-404,KC0D-2,2026-07-25T07:24:46.914,2026-07-25T07:24:45.000,22524.0,6865.32,1420.0,735.0,ascending,true,/132445h3917.74N/10329.73WO050/017/A=022524 367T4486P In Memory EOSS Alpha WA0GEH sk,"KC0D-2>APZEOS,EOSS,WIDE2-1,qAO,N6BA:/132445h3917.74N/10329.73WO050/017/A=022524 367T4486P In Memory EOSS Alpha WA0GEH sk",50.0,20.0,32.2,39.29566666666667,-103.4955,1.21,1.95,98.06,36.7,309.85,44860.0,0.44,0.00097864,0.50437113,0.00007222,0.00003889,23.66666667,7.21366667,high Re,-0.024444,22.329104,0.012364,3.817328,0.065871,0.350392,-0.558789,23.548068,-0.007444,6.805912,0.003769,1.163532,0.020078,0.350446,-0.558472,7.177458,""
EOSS-404,K0SCC-13,2026-07-25T07:25:02.446,2026-07-25T07:25:00.000,22801.0,6949.74,1456.0,750.0,ascending,true,/132500h3917.77N/10329.67WO006/004/A=022801!W05!,"K0SCC-13>APTT4,Z,Z,Z,qAO,N6BA:/132500h3917.77N/10329.67WO006/004/A=022801!W05!",6.0,5.0,8.0,39.296166666666664,-103.49458333333334,1.24,2.0,,,,,,,,0.00005944,0.00003667,24.26666667,7.39633333,high Re,0.02,22.353944,0.012463,3.7988,0.065442,0.503507,0.115171,23.590317,0.006089,6.813481,0.003799,1.157883,0.019947,0.503378,0.114804,7.190334,""
EOSS-404,KC0D-2,2026-07-25T07:25:16.929,2026-07-25T07:25:15.000,23256.0,7088.43,1464.0,765.0,ascending,true,/132515h3917.83N/10329.62WO028/013/A=023256 363T4358P In Memory EOSS Alpha WA0GEH sk,"KC0D-2>APZEOS,EOSS,WIDE2-1,qAO,N6BA:/132515h3917.83N/10329.62WO028/013/A=023256 363T4358P In Memory EOSS Alpha WA0GEH sk",28.0,15.0,24.1,39.29716666666667,-103.49366666666667,1.31,2.11,97.34,36.3,309.45,43580.0,0.43,0.00095195,0.49061315,0.00006111,0.00005,24.4,7.437,high Re,0.004444,22.379844,0.012361,3.781383,0.065022,0.534237,-0.121759,23.66092,0.001356,6.821374,0.003767,1.152574,0.019819,0.534131,-0.121651,7.211853,""
EOSS-404,N0JPS,2026-07-25T07:25:17.049,2026-07-25T07:25:17.049,23198.0,7070.75,1432.6,767.049,ascending,true,!3917.83N/10329.62WO024/015/A=023198 EOSS BALLOON Leah Love 12sat LOCK,"N0JPS>APRS,WIDE2-1,qAO,N6BA:!3917.83N/10329.62WO024/015/A=023198 EOSS BALLOON Leah Love 12sat LOCK",24.0,17.0,27.4,39.29716666666667,-103.49366666666667,1.31,2.11,,,,,,,,0.00006938,0.0000444,23.87691898,7.27763162,high Re,-0.00871,22.398557,0.012094,3.7611,0.064648,0.393066,-0.321804,23.651963,-0.002654,6.827077,0.003686,1.146391,0.019705,0.39302,-0.321746,7.209123,""
EOSS-404,K0SCC-13,2026-07-25T07:25:32.778,2026-07-25T07:25:30.000,23510.0,7165.85,1418.0,780.0,ascending,true,/132530h3917.88N/10329.58WO004/014>K0SCC-13 EOSS Balloon BatVolt: 7.5V | Temp: 91F/A=023510!W15!,"K0SCC-13>APTT4,Z,Z,Z,qAO,N6BA:/132530h3917.88N/10329.58WO004/014>K0SCC-13 EOSS Balloon BatVolt: 7.5V | Temp: 91F/A=023510!W15!",4.0,16.0,25.7,39.29801666666667,-103.49308333333333,1.38,2.22,,,,,,,,0.00005,0.00006167,23.63333333,7.20366667,high Re,-0.00812,22.413801,0.011841,3.740037,0.064277,0.326075,-0.310547,23.699554,-0.002465,6.831727,0.003609,1.139972,0.019592,0.326271,-0.310024,7.223628,""
EOSS-404,KC0D-2,2026-07-25T07:25:46.909,2026-07-25T07:25:45.000,23989.0,7311.85,1466.0,795.0,ascending,true,/132545h3917.91N/10329.54WO035/004/A=023989 360T4234P In Memory EOSS Alpha WA0GEH sk,"KC0D-2>APZEOS,EOSS,WIDE2-1,qAO,N6BA:/132545h3917.91N/10329.54WO035/004/A=023989 360T4234P In Memory EOSS Alpha WA0GEH sk",35.0,5.0,8.0,39.2985,-103.49233333333333,1.41,2.27,96.8,36.0,309.15,42340.0,0.42,0.00092576,0.47711608,0.00004444,0.00004444,24.43333333,7.44733333,high Re,0.026667,22.43843,0.012024,3.723563,0.063895,0.535751,0.229173,23.767696,0.008122,6.839234,0.003665,1.134951,0.019475,0.535793,0.228858,7.244397,""
EOSS-404,K0SCC-13,2026-07-25T07:26:02.393,2026-07-25T07:26:00.000,24262.0,7395.06,1504.0,810.0,ascending,true,/132600h3917.94N/10329.51WO022/007/A=024262!W03!,"K0SCC-13>APTT4,Z,Z,Z,qAO,N6BA:/132600h3917.94N/10329.51WO022/007/A=024262!W03!",22.0,8.0,12.9,39.299,-103.49188333333333,1.45,2.33,,,,,,,,0.00004,0.00003278,25.06666667,7.64033333,high Re,0.021111,22.470095,0.012135,3.712016,0.063508,0.699504,0.141337,23.802328,0.006433,6.848886,0.003699,1.131431,0.019357,0.69951,0.141241,7.254952,""
EOSS-404,KC0D-2,2026-07-25T07:26:16.900,2026-07-25T07:26:15.000,24720.0,7534.66,1462.0,825.0,ascending,true,/132615h3917.96N/10329.49WO059/005/A=024720 355T4112P In Memory EOSS Alpha WA0GEH sk,"KC0D-2>APZEOS,EOSS,WIDE2-1,qAO,N6BA:/132615h3917.96N/10329.49WO059/005/A=024720 355T4112P In Memory EOSS Alpha WA0GEH sk",59.0,6.0,9.7,39.29933333333334,-103.4915,1.48,2.38,95.9,35.5,308.65,41120.0,0.41,0.00090054,0.46411892,0.00002778,0.00002778,24.36666667,7.427,high Re,-0.023333,22.492673,0.011708,3.695385,0.063239,0.507117,-0.554104,23.851077,-0.007111,6.855768,0.003569,1.126362,0.019275,0.507148,-0.554086,7.269809,""
EOSS-404,N0JPS,2026-07-25T07:26:17.058,2026-07-25T07:26:17.058,24656.0,7515.15,1457.8,827.058,ascending,true,!3917.96N/10329.49WO059/009/A=024656 EOSS BALLOON Leah Love 12sat LOCK,"N0JPS>APRS,WIDE2-1,qAO,N6BA:!3917.96N/10329.49WO059/009/A=024656 EOSS BALLOON Leah Love 12sat LOCK",59.0,10.0,16.1,39.29933333333334,-103.4915,1.48,2.38,,,,,,,,0.00003611,0.00003611,24.29635555,7.40555583,high Re,-0.001172,22.513893,0.011554,3.678529,0.062873,0.484559,-0.202408,23.845059,-0.000357,6.862236,0.003522,1.121225,0.019164,0.484577,-0.202411,7.267975,""
EOSS-404,K0SCC-13,2026-07-25T07:26:32.366,2026-07-25T07:26:30.000,24993.0,7617.87,1462.0,840.0,ascending,true,/132630h3917.97N/10329.46WO059/010/A=024993!W28!,"K0SCC-13>APTT4,Z,Z,Z,qAO,N6BA:/132630h3917.97N/10329.46WO059/010/A=024993!W28!",59.0,12.0,19.3,39.299533333333336,-103.49113333333334,1.49,2.4,,,,,,,,0.000025,0.00001778,24.36666667,7.427,high Re,0.002344,22.535437,0.011446,3.66228,0.062505,0.500024,-0.14562,23.873536,0.000715,6.868803,0.003489,1.116272,0.019052,0.500055,-0.145602,7.276654,""
EOSS-404,AE0SS-2,2026-07-25T07:26:32.873,2026-07-25T07:26:30.000,25031.0,7629.45,1438.4,840.0,ascending,true,/132630h3917.97N/10329.46WO054/006/A=025031 -77T4037P EOSS BALLOON,"AE0SS-2>APZEOS,EOSS,WIDE2-1,qAO,AE0SS-11:/132630h3917.97N/10329.46WO054/006/A=025031 -77T4037P EOSS BALLOON",54.0,7.0,11.3,39.2995,-103.491,1.49,2.4,18.14,-7.7,265.45,40370.0,0.4,0.001028,0.52980795,0.00005185,0.00003148,23.97407407,7.3072963,high Re,-0.001454,22.551973,0.011296,3.644191,0.062152,0.390238,-0.205142,23.876233,-0.000443,6.873843,0.003443,1.110759,0.018944,0.390232,-0.205131,7.277476,""
EOSS-404,KC0D-2,2026-07-25T07:26:46.906,2026-07-25T07:26:45.000,25422.0,7748.63,1404.0,855.0,ascending,true,/132645h3918.00N/10329.44WO069/004/A=025422 353T3999P In Memory EOSS Alpha WA0GEH sk,"KC0D-2>APZEOS,EOSS,WIDE2-1,qAO,N6BA:/132645h3918.00N/10329.44WO069/004/A=025422 353T3999P In Memory EOSS Alpha WA0GEH sk",69.0,5.0,8.0,39.3,-103.49066666666667,1.53,2.46,95.54,35.3,308.45,39990.0,0.39,0.00087636,0.45165735,0.00002778,0.00002222,23.4,7.13233333,high Re,-0.019136,22.56161,0.010946,3.624315,0.061876,0.231324,-0.486166,23.897482,-0.005832,6.876781,0.003336,1.1047,0.01886,0.231332,-0.486108,7.283951,""
EOSS-404,K0SCC-13,2026-07-25T07:27:02.718,2026-07-25T07:27:00.000,25712.0,7837.02,1438.0,870.0,ascending,true,/132700h3918.01N/10329.42WO075/018>K0SCC-13 EOSS Balloon BatVolt: 7.6V | Temp: 89F/A=025712!W50!,"K0SCC-13>APTT4,Z,Z,Z,qAO,N6BA:/132700h3918.01N/10329.42WO075/018>K0SCC-13 EOSS Balloon BatVolt: 7.6V | Temp: 89F/A=025712!W50!",75.0,21.0,33.8,39.300250000000005,-103.49033333333334,1.55,2.49,,,,,,,,0.00002667,0.00002389,23.96666667,7.305,high Re,0.018889,22.577397,0.011036,3.60674,0.061525,0.385187,0.127639,23.905244,0.005756,6.881592,0.003364,1.099343,0.018753,0.385146,0.127553,7.286316,""
EOSS-404,KC0D-2,2026-07-25T07:27:17.009,2026-07-25T07:27:15.000,26155.0,7972.04,1466.0,885.0,ascending,true,/132715h3918.03N/10329.37WO086/011/A=026155 348T3884P In Memory EOSS Alpha WA0GEH sk,"KC0D-2>APZEOS,EOSS,WIDE2-1,qAO,N6BA:/132715h3918.03N/10329.37WO086/011/A=026155 348T3884P In Memory EOSS Alpha WA0GEH sk",86.0,13.0,20.9,39.3005,-103.4895,1.57,2.53,94.64,34.8,307.95,38840.0,0.38,0.00085254,0.43938119,0.00003889,0.00001667,24.43333333,7.447,high Re,0.015556,22.598018,0.011087,3.591751,0.061176,0.510981,0.073052,23.903423,0.004733,6.887875,0.003379,1.094773,0.018647,0.510722,0.072612,7.28576,""
EOSS-404,N0JPS,2026-07-25T07:27:17.046,2026-07-25T07:27:17.046,26100.0,7955.28,1444.3,887.046,ascending,true,!3918.03N/10329.37WO071/012/A=026100 EOSS BALLOON Leah Love 12sat LOCK,"N0JPS>APRS,WIDE2-1,qAO,N6BA:!3918.03N/10329.37WO071/012/A=026100 EOSS BALLOON Leah Love 12sat LOCK",71.0,14.0,22.5,39.3005,-103.4895,1.57,2.53,,,,,,,,0.00003334,0.00001945,24.07148096,7.33696739,high Re,-0.006032,22.61421,0.010897,3.57508,0.060858,0.407619,-0.278172,23.904555,-0.001834,6.89281,0.003321,1.089691,0.01855,0.407599,-0.277898,7.286105,""
EOSS-404,K0SCC-13,2026-07-25T07:27:32.464,2026-07-25T07:27:30.000,26417.0,8051.9,1410.0,900.0,ascending,true,/132730h3918.04N/10329.32WO047/021/A=026417!W11!,"K0SCC-13>APTT4,Z,Z,Z,qAO,N6BA:/132730h3918.04N/10329.32WO047/021/A=026417!W11!",47.0,24.0,38.6,39.30068333333333,-103.48868333333333,1.59,2.56,,,,,,,,0.000055,0.00001444,23.5,7.16266667,high Re,-0.019049,22.623838,0.010568,3.556581,0.060601,0.24635,-0.488721,23.894526,-0.00581,6.895743,0.003221,1.084053,0.018471,0.246228,-0.488929,7.283047,""
EOSS-404,KC0D-2,2026-07-25T07:27:46.961,2026-07-25T07:27:45.000,26846.0,8182.66,1382.0,915.0,ascending,true,/132745h3918.06N/10329.27WO024/010/A=026846 345T3776P In Memory EOSS Alpha WA0GEH sk,"KC0D-2>APZEOS,EOSS,WIDE2-1,qAO,N6BA:/132745h3918.06N/10329.27WO024/010/A=026846 345T3776P In Memory EOSS Alpha WA0GEH sk",24.0,12.0,19.3,39.301,-103.48783333333333,1.63,2.62,94.1,34.5,307.65,37760.0,0.37,0.00082964,0.42758013,0.00005556,0.00001667,23.03333333,7.02066667,high Re,-0.015556,22.628242,0.010284,3.537454,0.060328,0.114515,-0.428325,23.86775,-0.004733,6.897086,0.003135,1.078223,0.018388,0.114615,-0.427888,7.274885,""
EOSS-404,K0SCC-13,2026-07-25T07:28:02.425,2026-07-25T07:28:00.000,27080.0,8253.98,1326.0,930.0,ascending,true,/132800h3918.09N/10329.22WO039/012/A=027080!W00!,"K0SCC-13>APTT4,Z,Z,Z,qAO,N6BA:/132800h3918.09N/10329.22WO039/012/A=027080!W00!",39.0,14.0,22.5,39.3015,-103.487,1.67,2.69,,,,,,,,0.00005611,0.00002722,22.1,6.736,high Re,-0.031111,22.622622,0.009839,3.518806,0.060153,-0.148523,-0.680764,23.847064,-0.009489,6.895372,0.002999,1.072539,0.018335,-0.148593,-0.681102,7.26858,""
EOSS-404,KC0D-2,2026-07-25T07:28:16.962,2026-07-25T07:28:15.000,27511.0,8385.35,1330.0,945.0,ascending,true,/132815h3918.12N/10329.15WO048/016/A=027511 340T3676P In Memory EOSS Alpha WA0GEH sk,"KC0D-2>APZEOS,EOSS,WIDE2-1,qAO,N6BA:/132815h3918.12N/10329.15WO048/016/A=027511 340T3676P In Memory EOSS Alpha WA0GEH sk",48.0,18.0,29.0,39.302,-103.48583333333333,1.72,2.77,93.2,34.0,307.15,36760.0,0.36,0.00080899,0.41693411,0.00006667,0.00003333,22.16666667,6.75633333,high Re,0.002222,22.617822,0.009758,3.500352,0.059834,-0.128889,-0.125948,23.798729,0.000678,6.893909,0.002974,1.066914,0.018237,-0.128947,-0.125898,7.253847,""
EOSS-404,N0JPS,2026-07-25T07:28:17.052,2026-07-25T07:28:17.052,27438.0,8363.1,1337.9,947.052,ascending,true,!3918.12N/10329.15WO049/011/A=027438 EOSS BALLOON Leah Love 12sat LOCK,"N0JPS>APRS,WIDE2-1,qAO,N6BA:!3918.12N/10329.15WO049/011/A=027438 EOSS BALLOON Leah Love 12sat LOCK",49.0,13.0,20.9,39.302,-103.48583333333333,1.72,2.77,,,,,,,,0.00006111,0.000025,22.29777022,6.79632037,high Re,0.002185,22.614489,0.009678,3.482033,0.05952,-0.090958,-0.12589,23.807788,0.000666,6.892892,0.00295,1.061331,0.018142,-0.090991,-0.125896,7.256608,""
EOSS-404,K0SCC-13,2026-07-25T07:28:32.728,2026-07-25T07:28:30.000,27743.0,8456.07,1326.0,960.0,ascending,true,/132830h3918.16N/10329.09WO093/017>K0SCC-13 EOSS Balloon BatVolt: 7.6V | Temp: 88F/A=027743!W42!,"K0SCC-13>APTT4,Z,Z,Z,qAO,N6BA:/132830h3918.16N/10329.09WO093/017>K0SCC-13 EOSS Balloon BatVolt: 7.6V | Temp: 88F/A=027743!W42!",93.0,20.0,32.2,39.302733333333336,-103.48486666666666,1.79,2.88,,,,,,,,0.00007111,0.00004111,22.1,6.73633333,high Re,-0.006592,22.609185,0.009509,3.464244,0.059229,-0.146983,-0.271843,23.767784,-0.002,6.891278,0.002898,1.055908,0.018053,-0.146741,-0.271312,7.244413,""
EOSS-404,KC0D-2,2026-07-25T07:28:46.924,2026-07-25T07:28:45.000,28177.0,8588.35,1332.0,975.0,ascending,true,/132845h3918.22N/10329.04WO052/016/A=028177 337T3577P In Memory EOSS Alpha WA0GEH sk,"KC0D-2>APZEOS,EOSS,WIDE2-1,qAO,N6BA:/132845h3918.22N/10329.04WO052/016/A=028177 337T3577P In Memory EOSS Alpha WA0GEH sk",52.0,18.0,29.0,39.303666666666665,-103.484,1.86,2.99,92.66,33.7,306.85,35770.0,0.35,0.00078797,0.40610212,0.00006111,0.00005556,22.2,6.76666667,high Re,0.003333,22.605009,0.009445,3.446589,0.058923,-0.11751,-0.103729,23.702186,0.001011,6.890007,0.002879,1.050527,0.01796,-0.117408,-0.104009,7.224419,""
EOSS-404,K0SCC-13,2026-07-25T07:29:02.407,2026-07-25T07:29:00.000,28455.0,8673.08,1424.0,990.0,ascending,true,/132900h3918.27N/10328.97WO037/017/A=028455!W09!,"K0SCC-13>APTT4,Z,Z,Z,qAO,N6BA:/132900h3918.27N/10328.97WO037/017/A=028455!W09!",37.0,20.0,32.2,39.3045,-103.48298333333334,1.93,3.11,,,,,,,,0.00006278,0.00005889,23.73333333,7.23366667,high Re,0.051111,22.616406,0.00987,3.430834,0.058769,0.325556,0.701748,23.655928,0.015567,6.893478,0.003008,1.045724,0.017913,0.325314,0.701111,7.21032,""
EOSS-404,KC0D-2,2026-07-25T07:29:16.978,2026-07-25T07:29:15.000,28873.0,8800.49,1392.0,1005.0,ascending,true,/132915h3918.30N/10328.93WO067/015/A=028873 332T3476P In Memory EOSS Alpha WA0GEH sk,"KC0D-2>APZEOS,EOSS,WIDE2-1,qAO,N6BA:/132915h3918.30N/10328.93WO067/015/A=028873 332T3476P In Memory EOSS Alpha WA0GEH sk",67.0,17.0,27.4,39.305,-103.48216666666667,1.98,3.19,91.76,33.2,306.35,34760.0,0.34,0.00076697,0.39527954,0.00006111,0.00004444,23.2,7.07133333,high Re,-0.017778,22.622242,0.009591,3.413961,0.058535,0.169234,-0.467566,23.582146,-0.005411,6.895257,0.002923,1.040581,0.017841,0.16921,-0.467126,7.18783,""
EOSS-404,N0JPS,2026-07-25T07:29:17.069,2026-07-25T07:29:17.069,28821.0,8784.64,1382.6,1007.069,ascending,true,!3918.30N/10328.93WO064/019/A=028821 EOSS BALLOON Leah Love 12sat LOCK,"N0JPS>APRS,WIDE2-1,qAO,N6BA:!3918.30N/10328.93WO064/019/A=028821 EOSS BALLOON Leah Love 12sat LOCK",64.0,22.0,35.4,39.305,-103.48216666666667,1.98,3.19,,,,,,,,0.00006109,0.00004999,23.04347102,7.02367662,high Re,-0.002608,22.626413,0.009469,3.397107,0.058251,0.122769,-0.207327,23.591523,-0.000794,6.896528,0.002886,1.035444,0.017755,0.122796,-0.207266,7.190688,""
EOSS-404,K0SCC-13,2026-07-25T07:29:32.417,2026-07-25T07:29:30.000,29134.0,8880.04,1358.0,1020.0,ascending,true,/132930h3918.30N/10328.87WO121/016/A=029134!W49!,"K0SCC-13>APTT4,Z,Z,Z,qAO,N6BA:/132930h3918.30N/10328.87WO121/016/A=029134!W49!",121.0,18.0,29.0,39.30506666666667,-103.48131666666667,2.0,3.22,,,,,,,,0.00005556,0.00001889,22.63333333,6.89866667,high Re,-0.013671,22.626481,0.00924,3.380248,0.058005,0.002027,-0.394983,23.534592,-0.004167,6.896549,0.002816,1.030305,0.01768,0.002055,-0.394966,7.173336,""
EOSS-404,KC0D-2,2026-07-25T07:29:46.902,2026-07-25T07:29:45.000,29581.0,9016.29,1416.0,1035.0,ascending,true,/132945h3918.32N/10328.83WO049/013/A=029581 329T3376P In Memory EOSS Alpha WA0GEH sk,"KC0D-2>APZEOS,EOSS,WIDE2-1,qAO,N6BA:/132945h3918.32N/10328.83WO049/013/A=029581 329T3376P In Memory EOSS Alpha WA0GEH sk",49.0,15.0,24.1,39.30533333333333,-103.4805,2.04,3.28,91.22,32.9,306.05,33760.0,0.33,0.00074563,0.38428418,0.00005556,0.00001111,23.6,7.19333333,high Re,0.032222,22.635932,0.009465,3.365005,0.057762,0.286498,0.393979,23.452859,0.009822,6.89943,0.002885,1.025659,0.017606,0.286551,0.394013,7.148423,""
EOSS-404,K0SCC-13,2026-07-25T07:30:02.679,2026-07-25T07:30:00.000,29827.0,9091.27,1386.0,1050.0,ascending,true,/133000h3918.32N/10328.77WO347/015>K0SCC-13 EOSS Balloon BatVolt: 7.6V | Temp: 86F/A=029827!W96!,"K0SCC-13>APTT4,Z,Z,Z,qAO,N6BA:/133000h3918.32N/10328.77WO347/015>K0SCC-13 EOSS Balloon BatVolt: 7.6V | Temp: 86F/A=029827!W96!",347.0,17.0,27.4,39.30548333333333,-103.4796,2.06,3.32,,,,,,,,0.00005722,0.00001389,23.1,7.041,high Re,-0.016667,22.640395,0.009211,3.348939,0.057536,0.137239,-0.449771,23.408802,-0.005078,6.900792,0.002808,1.020762,0.017537,0.137356,-0.449678,7.134995,""
EOSS-404,KC0D-2,2026-07-25T07:30:16.904,2026-07-25T07:30:15.000,30265.0,9224.77,1368.0,1065.0,ascending,true,/133015h3918.35N/10328.71WO083/015/A=030265 323T3281P In Memory EOSS Alpha WA0GEH sk,"KC0D-2>APZEOS,EOSS,WIDE2-1,qAO,N6BA:/133015h3918.35N/10328.71WO083/015/A=030265 323T3281P In Memory EOSS Alpha WA0GEH sk",83.0,17.0,27.4,39.30583333333333,-103.4785,2.11,3.4,90.14,32.3,305.45,32810.0,0.32,0.00072608,0.37420411,0.00006667,0.00001667,22.8,6.94933333,high Re,-0.01,22.641915,0.009027,3.332836,0.057287,0.047433,-0.332135,23.334171,-0.003056,6.901254,0.002751,1.015854,0.017461,0.047329,-0.33257,7.112248,""
EOSS-404,N0JPS,2026-07-25T07:30:17.025,2026-07-25T07:30:17.025,30198.0,9204.35,1378.0,1067.025,ascending,true,!3918.35N/10328.71WO085/014/A=030198 EOSS BALLOON Leah Love 12sat LOCK,"N0JPS>APRS,WIDE2-1,qAO,N6BA:!3918.35N/10328.71WO085/014/A=030198 EOSS BALLOON Leah Love 12sat LOCK",85.0,16.0,25.7,39.30583333333333,-103.4785,2.11,3.4,,,,,,,,0.00006116,0.0000139,22.96684235,7.00030022,high Re,0.002783,22.64498,0.008967,3.317077,0.057014,0.097032,-0.108465,23.345175,0.00085,6.902188,0.002733,1.011051,0.017378,0.09704,-0.108355,7.115602,""
EOSS-404,K0SCC-13,2026-07-25T07:30:32.418,2026-07-25T07:30:30.000,30509.0,9299.14,1364.0,1080.0,ascending,true,/133030h3918.34N/10328.63WO121/016/A=030509!W90!,"K0SCC-13>APTT4,Z,Z,Z,qAO,N6BA:/133030h3918.34N/10328.63WO121/016/A=030509!W90!",121.0,18.0,29.0,39.305816666666665,-103.47716666666666,2.14,3.44,,,,,,,,0.00008111,0.00001111,22.73333333,6.929,high Re,-0.007784,22.645806,0.008809,3.301405,0.056765,0.026512,-0.29231,23.295661,-0.002377,6.902439,0.002685,1.006274,0.017302,0.026395,-0.292567,7.100511,""
EOSS-404,KC0D-2,2026-07-25T07:30:46.963,2026-07-25T07:30:45.000,30968.0,9439.05,1406.0,1095.0,ascending,true,/133045h3918.37N/10328.58WO067/018/A=030968 320T3186P In Memory EOSS Alpha WA0GEH sk,"KC0D-2>APZEOS,EOSS,WIDE2-1,qAO,N6BA:/133045h3918.37N/10328.58WO067/018/A=030968 320T3186P In Memory EOSS Alpha WA0GEH sk",67.0,21.0,33.8,39.30616666666667,-103.47633333333333,2.18,3.51,89.6,32.0,305.15,31860.0,0.31,0.00070575,0.36372642,0.00007222,0.00001111,23.43333333,7.14266667,high Re,0.023333,22.653098,0.008945,3.286815,0.056514,0.237383,0.254592,23.231238,0.007122,6.904663,0.002726,1.001827,0.017225,0.23757,0.25521,7.080874,""
EOSS-404,K0SCC-13,2026-07-25T07:31:02.402,2026-07-25T07:31:00.000,31228.0,9518.29,1438.0,1110.0,ascending,true,/133100h3918.38N/10328.50WO141/018/A=031228!W68!,"K0SCC-13>APTT4,Z,Z,Z,qAO,N6BA:/133100h3918.38N/10328.50WO141/018/A=031228!W68!",141.0,21.0,33.8,39.30643333333334,-103.47513333333333,2.23,3.59,,,,,,,,0.00006778,0.00002056,23.96666667,7.305,high Re,0.017778,22.665149,0.009027,3.273981,0.056256,0.397534,0.155557,23.200295,0.005411,6.908336,0.002751,0.997915,0.017147,0.397493,0.155129,7.071444,""
EOSS-404,KC0D-2,2026-07-25T07:31:17.006,2026-07-25T07:31:15.000,31639.0,9643.57,1342.0,1125.0,ascending,true,/133115h3918.40N/10328.45WO073/014/A=031639 314T3097P In Memory EOSS Alpha WA0GEH sk,"KC0D-2>APZEOS,EOSS,WIDE2-1,qAO,N6BA:/133115h3918.40N/10328.45WO073/014/A=031639 314T3097P In Memory EOSS Alpha WA0GEH sk",73.0,16.0,25.7,39.306666666666665,-103.47416666666666,2.27,3.65,88.52,31.4,304.55,30970.0,0.31,0.00068738,0.35426239,0.00007222,0.00001667,22.36666667,6.81733333,high Re,-0.053333,22.662435,0.008455,3.259053,0.056312,-0.090753,-1.097244,23.160891,-0.016256,6.907509,0.002577,0.993365,0.017164,-0.090778,-1.097238,7.059434,""
EOSS-404,N0JPS,2026-07-25T07:31:17.044,2026-07-25T07:31:17.044,31578.0,9624.97,1379.6,1127.044,ascending,true,!3918.40N/10328.46WO078/014/A=031578 EOSS BALLOON Leah Love 12sat LOCK,"N0JPS>APRS,WIDE2-1,qAO,N6BA:!3918.40N/10328.46WO078/014/A=031578 EOSS BALLOON Leah Love 12sat LOCK",78.0,16.0,25.7,39.306666666666665,-103.47433333333333,2.27,3.65,,,,,,,,0.00006942,0.00001388,22.99271897,7.0081141,high Re,0.010431,22.665411,0.008473,3.244357,0.056054,0.100885,0.034931,23.165956,0.003179,6.908415,0.002582,0.988885,0.017085,0.10082,0.034943,7.060978,""
EOSS-404,K0SCC-13,2026-07-25T07:31:32.803,2026-07-25T07:31:30.000,31877.0,9716.11,1298.0,1140.0,ascending,true,/133130h3918.40N/10328.39WO065/013>K0SCC-13 EOSS Balloon BatVolt: 7.5V | Temp: 83F/A=031877!W57!,"K0SCC-13>APTT4,Z,Z,Z,qAO,N6BA:/133130h3918.40N/10328.39WO065/013>K0SCC-13 EOSS Balloon BatVolt: 7.5V | Temp: 83F/A=031877!W57!",65.0,15.0,24.1,39.30675,-103.47328333333334,2.3,3.7,,,,,,,,0.00006167,0.00001056,21.63333333,6.594,high Re,-0.045313,22.656196,0.007988,3.231181,0.056032,-0.31656,-0.95126,23.143878,-0.013804,6.905608,0.002435,0.984869,0.017078,-0.316395,-0.950872,7.054249,""
EOSS-404,KC0D-2,2026-07-25T07:31:46.933,2026-07-25T07:31:45.000,32355.0,9861.8,1432.0,1155.0,ascending,true,/133145h3918.43N/10328.32WO069/018/A=032355 311T3004P In Memory EOSS Alpha WA0GEH sk,"KC0D-2>APZEOS,EOSS,WIDE2-1,qAO,N6BA:/133145h3918.43N/10328.32WO069/018/A=032355 311T3004P In Memory EOSS Alpha WA0GEH sk",69.0,21.0,33.8,39.30716666666667,-103.472,2.36,3.8,87.98,31.1,304.25,30040.0,0.3,0.0006674,0.34396305,0.00007222,0.00001667,23.86666667,7.27433333,high Re,0.074444,22.666908,0.008581,3.218739,0.056131,0.372742,1.17338,23.123512,0.022678,6.908871,0.002615,0.981076,0.017108,0.372512,1.172726,7.048043,""
EOSS-404,K0SCC-13,2026-07-25T07:32:02.394,2026-07-25T07:32:00.000,32668.0,9957.21,1582.0,1170.0,ascending,true,/133200h3918.45N/10328.24WO086/018/A=032668!W17!,"K0SCC-13>APTT4,Z,Z,Z,qAO,N6BA:/133200h3918.45N/10328.24WO086/018/A=032668!W17!",86.0,21.0,33.8,39.307516666666665,-103.47078333333334,2.41,3.88,,,,,,,,0.00008333,0.00002556,26.36666667,8.03666667,high Re,0.083333,22.699362,0.009243,3.223146,0.05632,1.137803,1.315518,23.120514,0.025411,6.918764,0.002817,0.98242,0.017166,1.137907,1.316206,7.04713,""
EOSS-404,KC0D-2,2026-07-25T07:32:16.927,2026-07-25T07:32:15.000,33106.0,10090.71,1502.0,1185.0,ascending,true,/133215h3918.45N/10328.15WO100/020/A=033106 305T2910P In Memory EOSS Alpha WA0GEH sk,"KC0D-2>APZEOS,EOSS,WIDE2-1,qAO,N6BA:/133215h3918.45N/10328.15WO100/020/A=033106 305T2910P In Memory EOSS Alpha WA0GEH sk",100.0,23.0,37.0,39.3075,-103.46916666666667,2.46,3.96,86.9,30.5,303.65,29100.0,0.29,0.00064779,0.33385828,0.00009444,0.00001111,25.03333333,7.63033333,high Re,-0.044444,22.719657,0.008772,3.21635,0.056296,0.719348,-0.945289,23.130159,-0.013544,6.924951,0.002674,0.98035,0.017159,0.719521,-0.94516,7.050071,""
EOSS-404,N0JPS,2026-07-25T07:32:17.017,2026-07-25T07:32:17.017,33036.0,10069.37,1458.7,1187.017,ascending,true,!3918.45N/10328.16WO099/020/A=033036 EOSS BALLOON Leah Love 12sat LOCK,"N0JPS>APRS,WIDE2-1,qAO,N6BA:!3918.45N/10328.16WO099/020/A=033036 EOSS BALLOON Leah Love 12sat LOCK",99.0,23.0,37.0,39.3075,-103.46933333333334,2.46,3.96,,,,,,,,0.00008337,0.0000139,24.31093992,7.41000117,high Re,-0.012045,22.733375,0.008591,3.205742,0.056082,0.492106,-0.367961,23.127545,-0.003674,6.929133,0.002618,0.977117,0.017094,0.49213,-0.368082,7.049274,""
EOSS-404,K0SCC-13,2026-07-25T07:32:32.406,2026-07-25T07:32:30.000,33383.0,10175.14,1430.0,1200.0,ascending,true,/133230h3918.43N/10328.02WO127/027/A=033383!W89!,"K0SCC-13>APTT4,Z,Z,Z,qAO,N6BA:/133230h3918.43N/10328.02WO127/027/A=033383!W89!",127.0,31.0,49.9,39.3073,-103.46715,2.51,4.04,,,,,,,,0.00012111,-7.22e-6,23.83333333,7.26433333,high Re,-0.01592,22.742777,0.00838,3.193514,0.055884,0.341491,-0.434829,23.144405,-0.004856,6.931998,0.002554,0.973389,0.017033,0.341421,-0.435038,7.054414,""
EOSS-404,KC0D-2,2026-07-25T07:32:46.990,2026-07-25T07:32:45.000,33837.0,10313.52,1462.0,1215.0,ascending,true,/133245h3918.42N/10327.89WO102/028/A=033837 302T2819P In Memory EOSS Alpha WA0GEH sk,"KC0D-2>APZEOS,EOSS,WIDE2-1,qAO,N6BA:/133245h3918.42N/10327.89WO102/028/A=033837 302T2819P In Memory EOSS Alpha WA0GEH sk",102.0,32.0,51.5,39.307,-103.46483333333333,2.57,4.14,86.36,30.2,303.35,28190.0,0.28,0.00062816,0.32373789,0.00014444,-0.00001667,24.36666667,7.427,high Re,0.017778,22.756538,0.00846,3.183349,0.055649,0.505797,0.167442,23.180606,0.005422,6.936193,0.002579,0.970291,0.016962,0.505835,0.16761,7.065449,""
EOSS-404,K0SCC-13,2026-07-25T07:33:02.711,2026-07-25T07:33:00.000,34135.0,10404.35,1504.0,1230.0,ascending,true,/133300h3918.39N/10327.76WO099/016>K0SCC-13 EOSS Balloon BatVolt: 7.6V | Temp: 82F/A=034135!W79!,"K0SCC-13>APTT4,Z,Z,Z,qAO,N6BA:/133300h3918.39N/10327.76WO099/016>K0SCC-13 EOSS Balloon BatVolt: 7.6V | Temp: 82F/A=034135!W79!",99.0,18.0,29.0,39.30661666666666,-103.46281666666667,2.62,4.22,,,,,,,,0.00014444,-0.00002278,25.06666667,7.64033333,high Re,0.023333,22.775951,0.008586,3.176898,0.055428,0.721054,0.266057,23.212321,0.007111,6.94211,0.002617,0.968325,0.016894,0.721063,0.266012,7.075117,""
EOSS-404,KC0D-2,2026-07-25T07:33:16.967,2026-07-25T07:33:15.000,34568.0,10536.33,1462.0,1245.0,ascending,true,/133315h3918.39N/10327.65WO108/019/A=034568 296T2732P In Memory EOSS Alpha WA0GEH sk,"KC0D-2>APZEOS,EOSS,WIDE2-1,qAO,N6BA:/133315h3918.39N/10327.65WO108/019/A=034568 296T2732P In Memory EOSS Alpha WA0GEH sk",108.0,22.0,35.4,39.3065,-103.46083333333333,2.69,4.33,85.28,29.6,302.75,27320.0,0.27,0.00060998,0.31436848,0.00013333,-0.00001667,24.36666667,7.427,high Re,-0.023333,22.789207,0.008318,3.166852,0.05527,0.498116,-0.572661,23.268072,-0.007111,6.946151,0.002535,0.965263,0.016846,0.498153,-0.572599,7.092111,""
EOSS-404,N0JPS,2026-07-25T07:33:17.057,2026-07-25T07:33:17.057,34500.0,10515.6,1463.0,1247.057,ascending,true,!3918.39N/10327.66WO097/018/A=034500 EOSS BALLOON Leah Love 12sat LOCK,"N0JPS>APRS,WIDE2-1,qAO,N6BA:!3918.39N/10327.66WO097/018/A=034500 EOSS BALLOON Leah Love 12sat LOCK",97.0,21.0,33.8,39.3065,-103.461,2.68,4.31,,,,,,,,0.0001388,-0.00001666,24.38374417,7.43221186,high Re,0.000284,22.802385,0.008251,3.156959,0.055042,0.500912,-0.144744,23.258639,0.000087,6.950168,0.002515,0.962248,0.016777,0.500956,-0.144722,7.089235,""
EOSS-404,K0SCC-13,2026-07-25T07:33:32.401,2026-07-25T07:33:30.000,34801.0,10607.34,1332.0,1260.0,ascending,true,/133330h3918.34N/10327.54WO114/020/A=034801!W27!,"K0SCC-13>APTT4,Z,Z,Z,qAO,N6BA:/133330h3918.34N/10327.54WO114/020/A=034801!W27!",114.0,23.0,37.0,39.3057,-103.45911666666667,2.71,4.36,,,,,,,,0.00012333,-0.00003056,22.2,6.76633333,high Re,-0.072791,22.797448,0.007581,3.14436,0.055305,-0.190006,-1.45325,23.302054,-0.022196,6.948661,0.002311,0.958408,0.016857,-0.19024,-1.453817,7.102468,""
EOSS-404,KC0D-2,2026-07-25T07:33:46.927,2026-07-25T07:33:45.000,35275.0,10751.82,1414.0,1275.0,ascending,true,/133345h3918.30N/10327.43WO113/017/A=035275 292T2649P In Memory EOSS Alpha WA0GEH sk,"KC0D-2>APZEOS,EOSS,WIDE2-1,qAO,N6BA:/133345h3918.30N/10327.43WO113/017/A=035275 292T2649P In Memory EOSS Alpha WA0GEH sk",113.0,20.0,32.2,39.305,-103.45716666666667,2.76,4.44,84.56,29.2,302.35,26490.0,0.26,0.00059223,0.30522102,0.00012222,-0.00005,23.56666667,7.183,high Re,0.045556,22.803702,0.007892,3.132214,0.055183,0.243586,0.682529,23.377542,0.013889,6.950566,0.002406,0.954706,0.01682,0.243461,0.682699,7.125478,""
EOSS-404,K0SCC-13,2026-07-25T07:34:02.291,2026-07-25T07:34:00.000,35575.0,10843.26,1548.0,1290.0,ascending,true,/133400h3918.26N/10327.31WO105/026/A=035575!W94!,"K0SCC-13>APTT4,Z,Z,Z,qAO,N6BA:/133400h3918.26N/10327.31WO105/026/A=035575!W94!",105.0,30.0,48.3,39.30448333333333,-103.45523333333334,2.81,4.52,,,,,,,,0.00012944,-0.00004056,25.8,7.864,high Re,0.074444,22.827865,0.008433,3.131039,0.055283,0.949249,1.194056,23.428196,0.0227,6.957933,0.002571,0.954349,0.01685,0.949408,1.194599,7.140918,""
EOSS-404,KC0D-2,2026-07-25T07:34:16.959,2026-07-25T07:34:15.000,35997.0,10971.89,1444.0,1305.0,ascending,true,/133415h3918.22N/10327.16WO123/031/A=035997 286T2565P In Memory EOSS Alpha WA0GEH sk,"KC0D-2>APZEOS,EOSS,WIDE2-1,qAO,N6BA:/133415h3918.22N/10327.16WO123/031/A=035997 286T2565P In Memory EOSS Alpha WA0GEH sk",123.0,36.0,57.9,39.303666666666665,-103.45266666666667,2.88,4.63,83.48,28.6,301.75,25650.0,0.25,0.00057459,0.29613009,0.00015,-0.00004444,24.06666667,7.33566667,high Re,-0.057778,22.837776,0.007899,3.120356,0.055378,0.39383,-1.185976,23.500653,-0.017611,6.960954,0.002408,0.951093,0.016879,0.393981,-1.18603,7.163004,""
EOSS-404,N0JPS,2026-07-25T07:34:17.033,2026-07-25T07:34:17.033,35937.0,10953.6,1437.6,1307.033,ascending,true,!3918.23N/10327.17WO131/031/A=035937 EOSS BALLOON Leah Love 12sat LOCK,"N0JPS>APRS,WIDE2-1,qAO,N6BA:!3918.23N/10327.17WO131/031/A=035937 EOSS BALLOON Leah Love 12sat LOCK",131.0,36.0,57.9,39.30383333333333,-103.45283333333333,2.88,4.63,,,,,,,,0.00013617,-0.00004446,23.95958383,7.30292117,high Re,-0.001785,22.846679,0.007822,3.109456,0.055161,0.35791,-0.174163,23.490371,-0.000546,6.963668,0.002384,0.947771,0.016813,0.357948,-0.17427,7.15987,""
EOSS-404,K0SCC-13,2026-07-25T07:34:32.715,2026-07-25T07:34:30.000,36232.0,11043.51,1314.0,1320.0,ascending,true,/133430h3918.15N/10327.05WO141/026>K0SCC-13 EOSS Balloon BatVolt: 7.6V | Temp: 79F/A=036232!W06!,"K0SCC-13>APTT4,Z,Z,Z,qAO,N6BA:/133430h3918.15N/10327.05WO141/026>K0SCC-13 EOSS Balloon BatVolt: 7.6V | Temp: 79F/A=036232!W06!",141.0,30.0,48.3,39.3025,-103.45093333333334,2.91,4.68,,,,,,,,0.00014333,-0.00006611,21.9,6.675,high Re,-0.068653,22.839225,0.007215,3.098232,0.055361,-0.303149,-1.370423,23.540519,-0.020931,6.961395,0.002199,0.94435,0.016874,-0.303272,-1.370748,7.175154,""
EOSS-404,KC0D-2,2026-07-25T07:34:46.872,2026-07-25T07:34:45.000,36680.0,11180.06,1366.0,1335.0,ascending,true,/133445h3918.09N/10326.95WO110/019/A=036680 283T2489P In Memory EOSS Alpha WA0GEH sk,"KC0D-2>APZEOS,EOSS,WIDE2-1,qAO,N6BA:/133445h3918.09N/10326.95WO110/019/A=036680 283T2489P In Memory EOSS Alpha WA0GEH sk",110.0,22.0,35.4,39.3015,-103.44916666666667,2.95,4.75,82.94,28.3,301.45,24890.0,0.25,0.00055812,0.28764184,0.00011667,-0.00007222,22.76666667,6.939,high Re,0.028889,22.838658,0.007386,3.086017,0.055175,-0.023328,0.389724,23.612994,0.0088,6.96122,0.002251,0.940627,0.016817,-0.023623,0.389427,7.197245,""
EOSS-404,K0SCC-13,2026-07-25T07:35:02.633,2026-07-25T07:35:00.000,36898.0,11246.51,1332.0,1350.0,ascending,true,/133500h3918.04N/10326.83WO127/017/A=036898!W75!,"K0SCC-13>APTT4,Z,Z,Z,qAO,AE0SS-11:/133500h3918.04N/10326.83WO127/017/A=036898!W75!",127.0,20.0,32.2,39.30078333333333,-103.44725,3.01,4.84,,,,,,,,0.00012278,-0.00005722,22.2,6.76666667,high Re,-0.018889,22.833707,0.00718,3.074452,0.055006,-0.20612,-0.47393,23.645596,-0.005744,6.959712,0.002189,0.937102,0.016766,-0.206002,-0.47316,7.207183,""
EOSS-404,KC0D-2,2026-07-25T07:35:16.967,2026-07-25T07:35:15.000,37403.0,11400.43,1446.0,1365.0,ascending,true,/133515h3917.99N/10326.73WO134/019/A=037403 277T2411P In Memory EOSS Alpha WA0GEH sk,"KC0D-2>APZEOS,EOSS,WIDE2-1,qAO,N6BA:/133515h3917.99N/10326.73WO134/019/A=037403 277T2411P In Memory EOSS Alpha WA0GEH sk",134.0,22.0,35.4,39.29983333333333,-103.4455,3.05,4.91,81.86,27.7,300.85,24110.0,0.24,0.00054171,0.27918343,0.00012222,-0.00005556,24.1,7.34566667,high Re,0.063333,22.843448,0.007616,3.064526,0.055013,0.410031,1.012797,23.711241,0.0193,6.962681,0.002321,0.934076,0.016768,0.410016,1.012583,7.227191,""
EOSS-404,N0JPS,2026-07-25T07:35:17.005,2026-07-25T07:35:17.005,37351.0,11384.58,1414.7,1367.005,ascending,true,!3918.00N/10326.73WO150/017/A=037351 EOSS BALLOON Leah Love 12sat LOCK,"N0JPS>APRS,WIDE2-1,qAO,N6BA:!3918.00N/10326.73WO150/017/A=037351 EOSS BALLOON Leah Love 12sat LOCK",150.0,20.0,32.2,39.3,-103.4455,3.06,4.92,,,,,,,,0.00012228,-0.00006392,23.57766958,7.18635363,high Re,-0.00871,22.849052,0.00749,3.05339,0.054818,0.238626,-0.295523,23.705233,-0.002656,6.964389,0.002283,0.930682,0.016709,0.238497,-0.295589,7.22536,""
EOSS-404,K0SCC-13,2026-07-25T07:35:32.425,2026-07-25T07:35:30.000,37665.0,11480.29,1534.0,1380.0,ascending,true,/133530h3917.95N/10326.60WO113/029/A=037665!W69!,"K0SCC-13>APTT4,Z,Z,Z,qAO,N6BA:/133530h3917.95N/10326.60WO113/029/A=037665!W69!",113.0,33.0,53.1,39.29926666666667,-103.44348333333333,3.13,5.04,,,,,,,,0.00012556,-0.00005056,25.56666667,7.79266667,high Re,0.0663,22.86964,0.007939,3.050897,0.054848,0.884011,1.06405,23.738462,0.02021,6.970663,0.00242,0.929921,0.016718,0.88395,1.064123,7.235489,""
EOSS-404,KC0D-2,2026-07-25T07:35:46.876,2026-07-25T07:35:45.000,38148.0,11627.51,1490.0,1395.0,ascending,true,/133545h3917.90N/10326.48WO114/033/A=038148 273T2331P In Memory EOSS Alpha WA0GEH sk,"KC0D-2>APZEOS,EOSS,WIDE2-1,qAO,N6BA:/133545h3917.90N/10326.48WO114/033/A=038148 273T2331P In Memory EOSS Alpha WA0GEH sk",114.0,38.0,61.2,39.29833333333333,-103.44133333333333,3.2,5.15,81.14,27.3,300.45,23310.0,0.23,0.00052443,0.27027913,0.00013889,-0.00005,24.83333333,7.56933333,high Re,-0.024444,22.884405,0.007694,3.044085,0.054711,0.640235,-0.587414,23.773469,-0.007444,6.975165,0.002345,0.927846,0.016676,0.640374,-0.587011,7.246158,""
EOSS-404,K0SCC-13,2026-07-25T07:36:02.767,2026-07-25T07:36:00.000,38414.0,11708.59,1498.0,1410.0,ascending,true,/133600h3917.84N/10326.36WO095/025>K0SCC-13 EOSS Balloon BatVolt: 7.6V | Temp: 76F/A=038414!W94!,"K0SCC-13>APTT4,Z,Z,Z,qAO,N6BA:/133600h3917.84N/10326.36WO095/025>K0SCC-13 EOSS Balloon BatVolt: 7.6V | Temp: 76F/A=038414!W94!",95.0,29.0,46.7,39.29748333333333,-103.4394,3.27,5.26,,,,,,,,0.00013611,-0.00005944,24.96666667,7.61,high Re,0.004444,22.899944,0.007669,3.037949,0.054504,0.680302,-0.05917,23.783183,0.001356,6.979902,0.002338,0.925976,0.016613,0.680469,-0.05911,7.249119,""
EOSS-404,KC0D-2,2026-07-25T07:36:16.927,2026-07-25T07:36:15.000,38798.0,11825.63,1300.0,1425.0,ascending,true,/133615h3917.82N/10326.26WO119/021/A=038798 267T2263P In Memory EOSS Alpha WA0GEH sk,"KC0D-2>APZEOS,EOSS,WIDE2-1,qAO,N6BA:/133615h3917.82N/10326.26WO119/021/A=038798 267T2263P In Memory EOSS Alpha WA0GEH sk",119.0,24.0,38.6,39.297,-103.43766666666667,3.34,5.38,80.06,26.7,299.85,22630.0,0.22,0.00051015,0.26291959,0.00012222,-0.00004444,21.66666667,6.604,high Re,-0.11,22.890809,0.006791,3.028453,0.055242,-0.404214,-2.11417,23.783834,-0.033533,6.977118,0.00207,0.923082,0.016838,-0.404209,-2.114444,7.249317,""
EOSS-404,N0JPS,2026-07-25T07:36:18.014,2026-07-25T07:36:18.014,38727.0,11803.99,1353.2,1428.014,ascending,true,!3917.82N/10326.27WO113/022/A=038727 EOSS BALLOON Leah Love 12sat LOCK,"N0JPS>APRS,WIDE2-1,qAO,N6BA:!3917.82N/10326.27WO113/022/A=038727 EOSS BALLOON Leah Love 12sat LOCK",113.0,25.0,40.2,39.297,-103.43783333333333,3.34,5.38,,,,,,,,0.00012566,-0.00004917,22.5540494,6.87455949,high Re,0.014545,22.888333,0.006849,3.017354,0.05504,-0.110787,0.139826,23.784958,0.004435,6.976364,0.002087,0.919699,0.016776,-0.110693,0.139962,7.24966,""
EOSS-404,K0SCC-13,2026-07-25T07:36:32.418,2026-07-25T07:36:30.000,39030.0,11896.34,1232.0,1440.0,ascending,true,/133630h3917.76N/10326.16WO146/012/A=039030!W20!,"K0SCC-13>APTT4,Z,Z,Z,qAO,N6BA:/133630h3917.76N/10326.16WO146/012/A=039030!W20!",146.0,14.0,22.5,39.296033333333334,-103.436,3.4,5.47,,,,,,,,0.00011333,-0.00004833,20.53333333,6.25833333,high Re,-0.067357,22.871143,0.006303,3.012966,0.055204,-0.775916,-1.334324,23.776073,-0.020541,6.971123,0.001921,0.918362,0.016826,-0.776153,-1.334958,7.246952,""
EOSS-404,KC0D-2,2026-07-25T07:36:46.926,2026-07-25T07:36:45.000,39470.0,12030.46,1344.0,1455.0,ascending,true,/133645h3917.73N/10326.03WO116/029/A=039470 263T2196P In Memory EOSS Alpha WA0GEH sk,"KC0D-2>APZEOS,EOSS,WIDE2-1,qAO,N6BA:/133645h3917.73N/10326.03WO116/029/A=039470 263T2196P In Memory EOSS Alpha WA0GEH sk",116.0,33.0,53.1,39.2955,-103.43383333333334,3.5,5.63,79.34,26.3,299.45,21960.0,0.22,0.00049571,0.25547621,0.00012778,-0.00005,22.4,6.82766667,high Re,0.062222,22.867729,0.006711,3.002217,0.055207,-0.155795,1.005507,23.743583,0.018978,6.970083,0.002046,0.915086,0.016828,-0.155632,1.00618,7.237047,""
EOSS-404,K0SCC-13,2026-07-25T07:37:02.400,2026-07-25T07:37:00.000,39743.0,12113.67,1426.0,1470.0,ascending,true,/133700h3917.67N/10325.91WO123/024/A=039743!W83!,"K0SCC-13>APTT4,Z,Z,Z,qAO,N6BA:/133700h3917.67N/10325.91WO123/024/A=039743!W83!",123.0,28.0,45.1,39.29463333333333,-103.43188333333333,3.58,5.76,,,,,,,,0.00013722,-0.00004667,23.76666667,7.24433333,high Re,0.045556,22.874196,0.006993,2.992292,0.055105,0.298257,0.699809,23.711404,0.013889,6.972056,0.002131,0.912061,0.016796,0.29853,0.700048,7.227238,""
EOSS-404,KC0D-2,2026-07-25T07:37:16.934,2026-07-25T07:37:15.000,40146.0,12236.5,1352.0,1485.0,ascending,true,/133715h3917.62N/10325.77WO104/029/A=040146 257T2129P In Memory EOSS Alpha WA0GEH sk,"KC0D-2>APZEOS,EOSS,WIDE2-1,qAO,N6BA:/133715h3917.62N/10325.77WO104/029/A=040146 257T2129P In Memory EOSS Alpha WA0GEH sk",104.0,33.0,53.1,39.29366666666667,-103.4295,3.68,5.92,78.26,25.7,298.85,21290.0,0.21,0.00048155,0.2481789,0.00014444,-0.00006111,22.53333333,6.868,high Re,-0.041111,22.871761,0.006647,2.981648,0.055056,-0.113504,-0.867444,23.64693,-0.012544,6.971313,0.002026,0.908817,0.016782,-0.113679,-0.868192,7.207586,""
EOSS-404,N0JPS,2026-07-25T07:37:17.055,2026-07-25T07:37:17.055,40082.0,12216.99,1377.0,1487.055,ascending,true,!3917.63N/10325.78WO106/030/A=040082 EOSS BALLOON Leah Love 12sat LOCK,"N0JPS>APRS,WIDE2-1,qAO,N6BA:!3917.63N/10325.78WO106/030/A=040082 EOSS BALLOON Leah Love 12sat LOCK",106.0,35.0,56.3,39.29383333333333,-103.42966666666666,3.67,5.91,,,,,,,,0.00013832,-0.00005364,22.95015328,6.99513897,high Re,0.00706,22.872317,0.006649,2.970987,0.054858,0.026199,0.007492,23.658514,0.002153,6.971482,0.002027,0.905568,0.016721,0.026124,0.007535,7.211118,""
EOSS-404,K0SCC-13,2026-07-25T07:37:32.683,2026-07-25T07:37:30.000,40386.0,12309.65,1286.0,1500.0,ascending,true,/133730h3917.58N/10325.65WO123/034>K0SCC-13 EOSS Balloon BatVolt: 7.6V | Temp: 74F/A=040386!W16!,"K0SCC-13>APTT4,Z,Z,Z,qAO,N6BA:/133730h3917.58N/10325.65WO123/034>K0SCC-13 EOSS Balloon BatVolt: 7.6V | Temp: 74F/A=040386!W16!",123.0,39.0,62.8,39.29301666666667,-103.4276,3.76,6.05,,,,,,,,0.00014278,-0.00005389,21.43333333,6.53266667,high Re,-0.050561,22.862184,0.006244,2.962895,0.054873,-0.482248,-1.035209,23.599034,-0.015416,6.968392,0.001903,0.903102,0.016726,-0.482476,-1.035454,7.192988,""
EOSS-404,KC0D-2,2026-07-25T07:37:46.928,2026-07-25T07:37:45.000,40876.0,12459.0,1460.0,1515.0,ascending,true,/133745h3917.50N/10325.53WO134/037/A=040876 253T2058P In Memory EOSS Alpha WA0GEH sk,"KC0D-2>APZEOS,EOSS,WIDE2-1,qAO,N6BA:/133745h3917.50N/10325.53WO134/037/A=040876 253T2058P In Memory EOSS Alpha WA0GEH sk",134.0,43.0,69.2,39.291666666666664,-103.4255,3.85,6.2,77.54,25.3,298.45,20580.0,0.2,0.00046611,0.24022391,0.00013333,-0.00006667,24.33333333,7.41666667,high Re,0.096667,22.872471,0.006881,2.955006,0.055203,0.494369,1.62647,23.48012,0.029467,6.971526,0.002097,0.900697,0.016826,0.494218,1.626649,7.156743,""
EOSS-404,K0SCC-13,2026-07-25T07:38:02.383,2026-07-25T07:38:00.000,41111.0,12530.63,1450.0,1530.0,ascending,true,/133800h3917.40N/10325.39WO116/025/A=041111!W96!,"K0SCC-13>APTT4,Z,Z,Z,qAO,N6BA:/133800h3917.40N/10325.39WO116/025/A=041111!W96!",116.0,29.0,46.7,39.29015,-103.42326666666666,3.94,6.34,,,,,,,,0.00014444,-0.00009556,24.16666667,7.366,high Re,-0.005556,22.881459,0.006794,2.94663,0.055018,0.436162,-0.224472,23.413612,-0.001689,6.974266,0.002071,0.898144,0.01677,0.436159,-0.22421,7.13647,""
EOSS-404,AE0SS-2,2026-07-25T07:38:05.603,2026-07-25T07:38:00.000,41151.0,12542.82,1401.7,1530.0,ascending,true,/133800h3917.41N/10325.39WO122/025/A=041151 -414T2012P EOSS BALLOON,"AE0SS-2>APZEOS,EOSS,WIDE2-1,qAO,AE0SS-11:/133800h3917.41N/10325.39WO122/025/A=041151 -414T2012P EOSS BALLOON",122.0,29.0,46.7,39.290166666666664,-103.42316666666666,3.94,6.34,-42.52,-41.4,231.75,20120.0,0.2,0.00058685,0.30244798,0.00009831,-0.00001353,23.36231884,7.12082609,high Re,-0.001166,22.884775,0.006738,2.936652,0.054829,0.162615,-0.144157,23.401718,-0.000355,6.975277,0.002054,0.895102,0.016712,0.162606,-0.144148,7.132845,""
EOSS-404,KC0D-2,2026-07-25T07:38:17.004,2026-07-25T07:38:15.000,41545.0,12662.92,1338.0,1545.0,ascending,true,/133815h3917.32N/10325.33WO154/031/A=041545 246T1995P In Memory EOSS Alpha WA0GEH sk,"KC0D-2>APZEOS,EOSS,WIDE2-1,qAO,N6BA:/133815h3917.32N/10325.33WO154/031/A=041545 246T1995P In Memory EOSS Alpha WA0GEH sk",154.0,36.0,57.9,39.288666666666664,-103.42216666666667,3.98,6.41,76.28,24.6,297.75,19950.0,0.2,0.0004529,0.23341759,0.00011111,-0.0001,22.3,6.79733333,high Re,-0.035411,22.88077,0.006448,2.926908,0.05475,-0.198424,-0.764548,23.276286,-0.010783,6.974058,0.001965,0.892132,0.016688,-0.198093,-0.763902,7.09461,""
EOSS-404,N0JPS,2026-07-25T07:38:17.042,2026-07-25T07:38:17.042,41483.0,12644.02,1401.3,1547.042,ascending,true,!3917.33N/10325.33WO160/033/A=041483 EOSS BALLOON Leah Love 12sat LOCK,"N0JPS>APRS,WIDE2-1,qAO,N6BA:!3917.33N/10325.33WO160/033/A=041483 EOSS BALLOON Leah Love 12sat LOCK",160.0,38.0,61.2,39.288833333333336,-103.42216666666667,3.98,6.41,,,,,,,,0.00012503,-0.00008335,23.35506026,7.11870905,high Re,0.017588,22.883996,0.006524,2.91713,0.054569,0.161482,0.202752,23.296972,0.005357,6.975042,0.001989,0.889152,0.016633,0.161578,0.202489,7.100916,""
EOSS-404,K0SCC-13,2026-07-25T07:38:32.382,2026-07-25T07:38:30.000,41770.0,12731.5,1318.0,1560.0,ascending,true,/133830h3917.22N/10325.21WO126/032/A=041770!W03!,"K0SCC-13>APTT4,Z,Z,Z,qAO,N6BA:/133830h3917.22N/10325.21WO126/032/A=041770!W03!",126.0,37.0,59.5,39.287,-103.42021666666666,4.06,6.53,,,,,,,,0.00010167,-0.000105,21.96666667,6.69566667,high Re,-0.04628,22.877798,0.006165,2.908168,0.054556,-0.313301,-0.961306,23.198511,-0.014101,6.973154,0.001879,0.88642,0.016629,-0.313043,-0.960972,7.070904,""
EOSS-404,KC0D-2,2026-07-25T07:38:46.922,2026-07-25T07:38:45.000,42158.0,12849.76,1226.0,1575.0,ascending,true,/133845h3917.12N/10325.09WO141/038/A=042158 242T1938P In Memory EOSS Alpha WA0GEH sk,"KC0D-2>APZEOS,EOSS,WIDE2-1,qAO,N6BA:/133845h3917.12N/10325.09WO141/038/A=042158 242T1938P In Memory EOSS Alpha WA0GEH sk",141.0,44.0,70.8,39.285333333333334,-103.41816666666666,4.15,6.68,75.56,24.2,297.35,19380.0,0.19,0.00044056,0.22705354,0.00013333,-0.00011111,20.43333333,6.228,high Re,-0.051111,22.861392,0.005778,2.905237,0.054573,-0.835752,-1.042439,23.055666,-0.015589,6.968153,0.001761,0.885526,0.016634,-0.835834,-1.043044,7.027365,""
EOSS-404,K0SCC-13,2026-07-25T07:39:02.773,2026-07-25T07:39:00.000,42374.0,12915.6,1208.0,1590.0,ascending,true,/133900h3917.01N/10324.95WO127/027>K0SCC-13 EOSS Balloon BatVolt: 7.6V | Temp: 71F/A=042374!W76!,"K0SCC-13>APTT4,Z,Z,Z,qAO,N6BA:/133900h3917.01N/10324.95WO127/027>K0SCC-13 EOSS Balloon BatVolt: 7.6V | Temp: 71F/A=042374!W76!",127.0,31.0,49.9,39.28361666666666,-103.41593333333334,4.26,6.86,,,,,,,,0.00014278,-0.00011278,20.13333333,6.13666667,high Re,-0.01,22.843205,0.005672,2.904026,0.054404,-0.933143,-0.288067,22.972262,-0.003044,6.96261,0.001729,0.885157,0.016583,-0.933104,-0.287825,7.001941,""
EOSS-404,KC0D-2,2026-07-25T07:39:16.922,2026-07-25T07:39:15.000,42779.0,13039.04,1242.0,1605.0,ascending,true,/133915h3916.91N/10324.87WO149/038/A=042779 236T1882P In Memory EOSS Alpha WA0GEH sk,"KC0D-2>APZEOS,EOSS,WIDE2-1,qAO,N6BA:/133915h3916.91N/10324.87WO149/038/A=042779 236T1882P In Memory EOSS Alpha WA0GEH sk",149.0,44.0,70.8,39.28183333333333,-103.4145,4.33,6.97,74.48,23.6,296.75,18820.0,0.19,0.00042869,0.22093847,0.00012222,-0.00011667,20.7,6.30933333,high Re,0.018889,22.829012,0.00576,2.89958,0.054232,-0.734248,0.24209,22.810743,0.005756,6.958283,0.001756,0.883802,0.01653,-0.73427,0.241984,6.952711,""
EOSS-404,N0JPS,2026-07-25T07:39:17.013,2026-07-25T07:39:17.013,42730.0,13024.1,1247.6,1607.013,ascending,true,!3916.92N/10324.88WO150/040/A=042730 EOSS BALLOON Leah Love 12sat LOCK,"N0JPS>APRS,WIDE2-1,qAO,N6BA:!3916.92N/10324.88WO150/040/A=042730 EOSS BALLOON Leah Love 12sat LOCK",150.0,46.0,74.0,39.282,-103.41466666666666,4.32,6.95,,,,,,,,0.00012506,-0.00011394,20.79338347,6.3377299,high Re,0.001557,22.81562,0.005732,2.894676,0.054052,-0.698605,-0.07724,22.830542,0.000474,6.954201,0.001747,0.882308,0.016475,-0.698703,-0.077269,6.958748,""
EOSS-404,K0SCC-13,2026-07-25T07:39:32.371,2026-07-25T07:39:30.000,42965.0,13095.73,1182.0,1620.0,ascending,true,/133930h3916.79N/10324.77WO140/025/A=042965!W17!,"K0SCC-13>APTT4,Z,Z,Z,qAO,N6BA:/133930h3916.79N/10324.77WO140/025/A=042965!W17!",140.0,29.0,46.7,39.27985,-103.41295000000001,4.4,7.08,,,,,,,,0.00009944,-0.00012556,19.7,6.00433333,high Re,-0.036446,22.795256,0.005455,2.896113,0.053981,-1.068762,-0.776218,22.735206,-0.011113,6.947993,0.001663,0.882747,0.016454,-1.069004,-0.776468,6.929689,""
EOSS-404,KC0D-2,2026-07-25T07:39:46.931,2026-07-25T07:39:45.000,43488.0,13255.14,1418.0,1635.0,ascending,true,/133945h3916.70N/10324.68WO146/033/A=043488 232T1820P In Memory EOSS Alpha WA0GEH sk,"KC0D-2>APZEOS,EOSS,WIDE2-1,qAO,N6BA:/133945h3916.70N/10324.68WO146/033/A=043488 232T1820P In Memory EOSS Alpha WA0GEH sk",146.0,38.0,61.2,39.278333333333336,-103.41133333333333,4.49,7.23,73.76,23.2,296.35,18200.0,0.18,0.00041513,0.21394833,0.00010556,-0.00011667,23.63333333,7.20333333,high Re,0.131111,22.800698,0.006276,2.887423,0.054754,0.288366,2.279925,22.522641,0.039967,6.949651,0.001913,0.880098,0.016689,0.288243,2.280185,6.864898,""
EOSS-404,K0SCC-13,2026-07-25T07:40:02.417,2026-07-25T07:40:00.000,43818.0,13355.73,1706.0,1650.0,ascending,true,/134000h3916.59N/10324.55WO134/044/A=043818!W63!,"K0SCC-13>APTT4,Z,Z,Z,qAO,N6BA:/134000h3916.59N/10324.55WO134/044/A=043818!W63!",134.0,51.0,82.1,39.2766,-103.40921666666667,4.6,7.4,,,,,,,,0.00012444,-0.00010833,28.43333333,8.66666667,high Re,0.16,22.837038,0.007274,2.913376,0.055963,1.920897,2.729053,22.391661,0.048778,6.960728,0.002217,0.888011,0.017058,1.921078,2.72957,6.824973,""
EOSS-404,KC0D-2,2026-07-25T07:40:16.948,2026-07-25T07:40:15.000,44311.0,13505.99,1646.0,1665.0,ascending,true,/134015h3916.48N/10324.46WO152/033/A=044311 225T1749P In Memory EOSS Alpha WA0GEH sk,"KC0D-2>APZEOS,EOSS,WIDE2-1,qAO,N6BA:/134015h3916.48N/10324.46WO152/033/A=044311 225T1749P In Memory EOSS Alpha WA0GEH sk",152.0,38.0,61.2,39.27466666666667,-103.40766666666667,4.69,7.55,72.5,22.5,295.65,17490.0,0.17,0.00039988,0.20608879,0.00012222,-0.00012222,27.43333333,8.36166667,high Re,-0.033333,22.866501,0.007012,2.927187,0.055876,1.560144,-0.722045,22.206783,-0.010167,6.969709,0.002137,0.89222,0.017032,1.560106,-0.722405,6.768625,""
EOSS-404,N0JPS,2026-07-25T07:40:17.038,2026-07-25T07:40:17.038,44239.0,13484.05,1508.4,1667.038,ascending,true,!3916.50N/10324.46WO157/038/A=044239 EOSS BALLOON Leah Love 12sat LOCK,"N0JPS>APRS,WIDE2-1,qAO,N6BA:!3916.50N/10324.46WO157/038/A=044239 EOSS BALLOON Leah Love 12sat LOCK",157.0,44.0,70.8,39.275,-103.40766666666667,4.69,7.55,,,,,,,,0.00011662,-0.00011662,25.1395252,7.66264057,high Re,-0.038214,22.880979,0.006722,2.923423,0.055813,0.772569,-0.805117,22.232715,-0.011646,6.974122,0.002049,0.891074,0.017013,0.772684,-0.804973,6.776527,""
EOSS-404,K0SCC-13,2026-07-25T07:40:32.744,2026-07-25T07:40:30.000,44602.0,13594.69,1568.0,1680.0,ascending,true,/134030h3916.38N/10324.34WO144/043>K0SCC-13 EOSS Balloon BatVolt: 7.6V | Temp: 68F/A=044602!W32!,"K0SCC-13>APTT4,Z,Z,Z,qAO,N6BA:/134030h3916.38N/10324.34WO144/043>K0SCC-13 EOSS Balloon BatVolt: 7.6V | Temp: 68F/A=044602!W32!",144.0,49.0,78.9,39.273050000000005,-103.4057,4.8,7.72,,,,,,,,0.00011722,-0.00011833,26.13333333,7.96533333,high Re,0.033127,22.901563,0.00689,2.925563,0.055674,1.104666,0.471261,22.106645,0.01009,6.980396,0.0021,0.891725,0.01697,1.10453,0.470831,6.738102,""
EOSS-404,KC0D-2,2026-07-25T07:40:46.940,2026-07-25T07:40:45.000,45064.0,13735.51,1506.0,1695.0,ascending,true,/134045h3916.26N/10324.20WO127/037/A=045064 221T1686P In Memory EOSS Alpha WA0GEH sk,"KC0D-2>APZEOS,EOSS,WIDE2-1,qAO,N6BA:/134045h3916.26N/10324.20WO127/037/A=045064 221T1686P In Memory EOSS Alpha WA0GEH sk",127.0,43.0,69.2,39.271,-103.40333333333334,4.94,7.95,71.78,22.1,295.25,16860.0,0.17,0.000386,0.1989345,0.00014444,-0.00012222,25.1,7.65066667,high Re,-0.034444,22.91539,0.006629,2.921497,0.055594,0.747771,-0.738803,21.966196,-0.010489,6.984611,0.002021,0.890486,0.016946,0.747969,-0.738227,6.695293,""
EOSS-404,K0SCC-13,2026-07-25T07:41:02.405,2026-07-25T07:41:00.000,45288.0,13803.78,1372.0,1710.0,ascending,true,/134100h3916.15N/10324.09WO158/037/A=045288!W67!,"K0SCC-13>APTT4,Z,Z,Z,qAO,N6BA:/134100h3916.15N/10324.09WO158/037/A=045288!W67!",158.0,43.0,69.2,39.26926666666667,-103.40161666666667,5.05,8.13,,,,,,,,0.00013611,-0.00012611,22.86666667,6.96966667,high Re,-0.074444,22.915086,0.006119,2.912298,0.055789,-0.016626,-1.444066,21.907866,-0.0227,6.984518,0.001865,0.887682,0.017005,-0.01673,-1.444575,6.677515,""
EOSS-404,KC0D-2,2026-07-25T07:41:17.031,2026-07-25T07:41:15.000,45676.0,13922.04,1224.0,1725.0,ascending,true,/134115h3916.01N/10323.98WO139/040/A=045676 214T1636P In Memory EOSS Alpha WA0GEH sk,"KC0D-2>APZEOS,EOSS,WIDE2-1,qAO,N6BA:/134115h3916.01N/10323.98WO139/040/A=045676 214T1636P In Memory EOSS Alpha WA0GEH sk",139.0,46.0,74.0,39.26683333333333,-103.39966666666666,5.17,8.32,70.52,21.4,294.55,16360.0,0.16,0.00037544,0.19349365,0.00012222,-0.00013889,20.4,6.21766667,high Re,-0.082222,22.899464,0.005567,2.909941,0.05605,-0.85894,-1.566262,21.824395,-0.025067,6.979755,0.001697,0.886966,0.017085,-0.859208,-1.56652,6.652074,""
EOSS-404,N0JPS,2026-07-25T07:41:17.069,2026-07-25T07:41:17.069,45620.0,13904.98,1380.3,1727.069,ascending,true,!3916.02N/10323.99WO140/041/A=045620 EOSS BALLOON Leah Love 12sat LOCK,"N0JPS>APRS,WIDE2-1,qAO,N6BA:!3916.02N/10323.99WO140/041/A=045620 EOSS BALLOON Leah Love 12sat LOCK",140.0,47.0,75.6,39.267,-103.39983333333333,5.16,8.3,,,,,,,,0.00013049,-0.00013326,23.00478086,7.0118772,high Re,0.043391,22.900114,0.005802,2.900902,0.055954,0.036081,0.671784,21.834975,0.01323,6.979953,0.001768,0.88421,0.017056,0.036105,0.672022,6.655297,""
EOSS-404,K0SCC-13,2026-07-25T07:41:32.438,2026-07-25T07:41:30.000,45993.0,14018.67,1410.0,1740.0,ascending,true,/134130h3915.89N/10323.87WO171/035/A=045993!W05!,"K0SCC-13>APTT4,Z,Z,Z,qAO,N6BA:/134130h3915.89N/10323.87WO171/035/A=045993!W05!",171.0,40.0,64.4,39.264833333333335,-103.39791666666667,5.29,8.51,,,,,,,,0.00012333,-0.00014778,23.5,7.163,high Re,0.016507,22.903794,0.005868,2.892316,0.055787,0.206134,0.190708,21.774512,0.005037,6.981076,0.001789,0.881594,0.017005,0.206358,0.191003,6.636869,""
EOSS-404,AE0SS-2,2026-07-25T07:41:32.831,2026-07-25T07:41:30.000,46030.0,14029.94,1394.0,1740.0,ascending,true,/134130h3915.88N/10323.87WO168/033/A=046030 -495T1590P EOSS BALLOON,"AE0SS-2>APZEOS,EOSS,WIDE2-1,qAO,N6BA:/134130h3915.88N/10323.87WO168/033/A=046030 -495T1590P EOSS BALLOON",168.0,38.0,61.2,39.26466666666666,-103.39783333333334,5.29,8.51,-57.1,-49.5,223.65,15900.0,0.16,0.00048056,0.24766844,0.00012063,-0.00012143,23.23333333,7.08152381,high Re,-0.00127,22.905804,0.005824,2.883545,0.055617,0.113586,-0.127551,21.769838,-0.000388,6.981688,0.001775,0.87892,0.016953,0.113589,-0.127588,6.635446,""
EOSS-404,KC0D-2,2026-07-25T07:41:47.064,2026-07-25T07:41:45.000,46383.0,14137.54,1414.0,1755.0,ascending,true,/134145h3915.77N/10323.81WO142/036/A=046383 210T1580P In Memory EOSS Alpha WA0GEH sk,"KC0D-2>APZEOS,EOSS,WIDE2-1,qAO,N6BA:/134145h3915.77N/10323.81WO142/036/A=046383 210T1580P In Memory EOSS Alpha WA0GEH sk",142.0,41.0,66.0,39.26283333333333,-103.39683333333333,5.37,8.64,69.8,21.0,294.15,15800.0,0.16,0.00036308,0.18712451,0.00009444,-0.00013333,23.56666667,7.18333333,high Re,0.011111,22.909809,0.005856,2.875201,0.055448,0.228456,0.094773,21.737937,0.003394,6.982911,0.001785,0.876377,0.016901,0.228694,0.095201,6.625723,""
EOSS-404,K0SCC-13,2026-07-25T07:42:02.689,2026-07-25T07:42:00.000,46604.0,14204.9,1222.0,1770.0,ascending,true,/134200h3915.61N/10323.69WO160/043>K0SCC-13 EOSS Balloon BatVolt: 7.6V | Temp: 65F/A=046604!W05!,"K0SCC-13>APTT4,Z,Z,Z,qAO,N6BA:/134200h3915.61N/10323.69WO160/043>K0SCC-13 EOSS Balloon BatVolt: 7.6V | Temp: 65F/A=046604!W05!",160.0,49.0,78.9,39.26016666666666,-103.39491666666667,5.51,8.87,,,,,,,,0.0001,-0.00015556,20.36666667,6.20766667,high Re,-0.106667,22.894489,0.005174,2.873263,0.055968,-0.879774,-1.998303,21.73008,-0.032522,6.97824,0.001577,0.875787,0.01706,-0.879864,-1.998769,6.623329,""
EOSS-404,KC0D-2,2026-07-25T07:42:16.939,2026-07-25T07:42:15.000,47017.0,14330.78,1268.0,1785.0,ascending,true,/134215h3915.45N/10323.64WO163/044/A=047017 204T1532P In Memory EOSS Alpha WA0GEH sk,"KC0D-2>APZEOS,EOSS,WIDE2-1,qAO,N6BA:/134215h3915.45N/10323.64WO163/044/A=047017 204T1532P In Memory EOSS Alpha WA0GEH sk",163.0,51.0,82.1,39.2575,-103.394,5.6,9.01,68.72,20.4,293.55,15320.0,0.15,0.00035277,0.18181057,0.00009444,-0.00017778,21.13333333,6.44133333,high Re,0.025556,22.883943,0.005297,2.867836,0.055821,-0.610429,0.362928,21.74144,0.007789,6.975025,0.001615,0.874133,0.017015,-0.610538,0.362856,6.626792,""
EOSS-404,N0JPS,2026-07-25T07:42:17.022,2026-07-25T07:42:17.022,46961.0,14313.71,1342.1,1787.022,ascending,true,!3915.46N/10323.64WO162/044/A=046961 EOSS BALLOON Leah Love 12sat LOCK,"N0JPS>APRS,WIDE2-1,qAO,N6BA:!3915.46N/10323.64WO162/044/A=046961 EOSS BALLOON Leah Love 12sat LOCK",162.0,51.0,82.1,39.257666666666665,-103.394,5.6,9.01,,,,,,,,0.0000973,-0.00015568,22.36752122,6.81750705,high Re,0.020586,22.880869,0.005389,2.859514,0.055665,-0.179523,0.273008,21.73788,0.006274,6.974088,0.001642,0.871596,0.016968,-0.179649,0.272984,6.625707,""
EOSS-404,K0SCC-13,2026-07-25T07:42:32.409,2026-07-25T07:42:30.000,47240.0,14398.75,1272.0,1800.0,ascending,true,/134230h3915.28N/10323.52WO147/038/A=047240!W03!,"K0SCC-13>APTT4,Z,Z,Z,qAO,N6BA:/134230h3915.28N/10323.52WO147/038/A=047240!W03!",147.0,44.0,70.8,39.254666666666665,-103.39205,5.75,9.25,,,,,,,,0.00009556,-0.00018333,21.2,6.46166667,high Re,-0.038917,22.870923,0.005125,2.853921,0.055603,-0.585483,-0.79208,21.761957,-0.011861,6.971056,0.001562,0.869892,0.016949,-0.585578,-0.791964,6.633047,""
EOSS-404,KC0D-2,2026-07-25T07:42:47.002,2026-07-25T07:42:45.000,47615.0,14513.05,1196.0,1815.0,ascending,true,/134245h3915.16N/10323.43WO157/031/A=047615 199T1487P In Memory EOSS Alpha WA0GEH sk,"KC0D-2>APZEOS,EOSS,WIDE2-1,qAO,N6BA:/134245h3915.16N/10323.43WO157/031/A=047615 199T1487P In Memory EOSS Alpha WA0GEH sk",157.0,36.0,57.9,39.25266666666667,-103.3905,5.87,9.45,67.82,19.9,293.05,14870.0,0.15,0.00034299,0.17677127,0.00011667,-0.00016111,19.93333333,6.07566667,high Re,-0.042222,22.853643,0.004845,2.854371,0.055557,-1.023101,-0.847184,21.819288,-0.012867,6.965789,0.001477,0.870029,0.016935,-1.023095,-0.847003,6.650522,""
EOSS-404,K0SCC-13,2026-07-25T07:43:02.373,2026-07-25T07:43:00.000,47837.0,14580.72,1194.0,1830.0,ascending,true,/134300h3915.01N/10323.34WO151/048/A=047837!W00!,"K0SCC-13>APTT4,Z,Z,Z,qAO,N6BA:/134300h3915.01N/10323.34WO151/048/A=047837!W00!",151.0,55.0,88.5,39.250166666666665,-103.389,6.0,9.66,,,,,,,,0.00010167,-0.00015,19.9,6.06566667,high Re,-0.001111,22.83637,0.00481,2.854912,0.055394,-1.028533,-0.106889,21.866542,-0.000333,6.960525,0.001466,0.870193,0.016885,-1.028345,-0.106544,6.664927,""
EOSS-404,KC0D-2,2026-07-25T07:43:16.975,2026-07-25T07:43:15.000,48241.0,14703.86,1252.0,1845.0,ascending,true,/134315h3914.84N/10323.22WO141/045/A=048241 193T1441P In Memory EOSS Alpha WA0GEH sk,"KC0D-2>APZEOS,EOSS,WIDE2-1,qAO,N6BA:/134315h3914.84N/10323.22WO141/045/A=048241 193T1441P In Memory EOSS Alpha WA0GEH sk",141.0,52.0,83.7,39.24733333333333,-103.387,6.17,9.93,66.74,19.3,292.45,14410.0,0.14,0.00033306,0.17165435,0.00011667,-0.00017778,20.86666667,6.36033333,high Re,0.032222,22.824919,0.00497,2.850512,0.055271,-0.686983,0.493061,21.977005,0.009822,6.957035,0.001515,0.868851,0.016847,-0.686771,0.493085,6.698598,""
EOSS-404,N0JPS,2026-07-25T07:43:17.012,2026-07-25T07:43:17.012,48194.0,14689.53,1233.2,1847.012,ascending,true,!3914.85N/10323.23WO142/044/A=048194 EOSS BALLOON Leah Love 12sat LOCK,"N0JPS>APRS,WIDE2-1,qAO,N6BA:!3914.85N/10323.23WO142/044/A=048194 EOSS BALLOON Leah Love 12sat LOCK",142.0,51.0,82.1,39.2475,-103.38716666666667,6.16,9.91,,,,,,,,0.00011391,-0.00016947,20.55342557,6.26471079,high Re,-0.005222,22.811789,0.004911,2.847455,0.055114,-0.793116,-0.183855,21.962583,-0.001594,6.953033,0.001497,0.867919,0.0168,-0.793072,-0.183988,6.694201,""
EOSS-404,K0SCC-13,2026-07-25T07:43:32.704,2026-07-25T07:43:30.000,48438.0,14763.9,1202.0,1860.0,ascending,true,/134330h3914.71N/10323.08WO137/032>K0SCC-13 EOSS Balloon BatVolt: 7.5V | Temp: 61F/A=048438!W85!,"K0SCC-13>APTT4,Z,Z,Z,qAO,N6BA:/134330h3914.71N/10323.08WO137/032>K0SCC-13 EOSS Balloon BatVolt: 7.5V | Temp: 61F/A=048438!W85!",137.0,37.0,59.5,39.2453,-103.38475,6.33,10.19,,,,,,,,0.00014167,-0.00016222,20.03333333,6.106,high Re,-0.017336,22.79582,0.004782,2.847016,0.05498,-0.970309,-0.402292,22.041757,-0.00529,6.948165,0.001458,0.867786,0.016759,-0.970475,-0.402649,6.718334,""
EOSS-404,KC0D-2,2026-07-25T07:43:46.974,2026-07-25T07:43:45.000,48848.0,14888.87,1214.0,1875.0,ascending,true,/134345h3914.58N/10322.97WO146/046/A=048848 189T1397P In Memory EOSS Alpha WA0GEH sk,"KC0D-2>APZEOS,EOSS,WIDE2-1,qAO,N6BA:/134345h3914.58N/10322.97WO146/046/A=048848 189T1397P In Memory EOSS Alpha WA0GEH sk",146.0,53.0,85.3,39.243,-103.38283333333334,6.49,10.44,66.02,18.9,292.05,13970.0,0.14,0.00032334,0.16664092,0.00013889,-0.00014444,20.23333333,6.167,high Re,0.006667,22.781178,0.004793,2.845424,0.054821,-0.895418,0.034184,22.197396,0.002033,6.943702,0.001461,0.867302,0.01671,-0.895538,0.034231,6.765775,""
EOSS-404,K0SCC-13,2026-07-25T07:44:02.376,2026-07-25T07:44:00.000,49189.0,14992.81,1502.0,1890.0,ascending,true,/134400h3914.42N/10322.83WO126/032/A=049189!W67!,"K0SCC-13>APTT4,Z,Z,Z,qAO,N6BA:/134400h3914.42N/10322.83WO126/032/A=049189!W67!",126.0,37.0,59.5,39.240433333333335,-103.38061666666667,6.66,10.72,,,,,,,,0.00013778,-0.00016222,25.03333333,7.63033333,high Re,0.16,22.793974,0.00568,2.842357,0.055908,0.787853,2.760249,22.345802,0.048778,6.947603,0.001731,0.866367,0.017042,0.788038,2.76065,6.811011,""
EOSS-404,KC0D-2,2026-07-25T07:44:16.943,2026-07-25T07:44:15.000,49600.0,15118.08,1504.0,1905.0,ascending,true,/134415h3914.34N/10322.75WO146/027/A=049600 182T1344P In Memory EOSS Alpha WA0GEH sk,"KC0D-2>APZEOS,EOSS,WIDE2-1,qAO,N6BA:/134415h3914.34N/10322.75WO146/027/A=049600 182T1344P In Memory EOSS Alpha WA0GEH sk",146.0,31.0,49.9,39.239,-103.37916666666666,6.77,10.9,64.76,18.2,291.35,13440.0,0.13,0.00031182,0.160704,0.00012222,-0.00013333,25.06666667,7.64033333,high Re,0.001111,22.806814,0.005654,2.839414,0.055749,0.795887,-0.08149,22.542985,0.000333,6.951517,0.001723,0.86547,0.016993,0.795887,-0.081798,6.871113,""
EOSS-404,N0JPS,2026-07-25T07:44:17.033,2026-07-25T07:44:17.033,49549.0,15102.54,1354.5,1907.033,ascending,true,!3914.34N/10322.75WO144/027/A=049549 EOSS BALLOON Leah Love 12sat LOCK,"N0JPS>APRS,WIDE2-1,qAO,N6BA:!3914.34N/10322.75WO144/027/A=049549 EOSS BALLOON Leah Love 12sat LOCK",144.0,31.0,49.9,39.239,-103.37916666666666,6.77,10.9,,,,,,,,0.00013329,-0.00014162,22.57543193,6.88109162,high Re,-0.041506,22.805514,0.005387,2.831435,0.055704,-0.08126,-0.841825,22.517617,-0.01265,6.951121,0.001642,0.863038,0.016979,-0.081143,-0.841746,6.863383,""
EOSS-404,K0SCC-13,2026-07-25T07:44:32.357,2026-07-25T07:44:30.000,49836.0,15190.01,1294.0,1920.0,ascending,true,/134430h3914.22N/10322.65WO155/042/A=049836!W84!,"K0SCC-13>APTT4,Z,Z,Z,qAO,N6BA:/134430h3914.22N/10322.65WO155/042/A=049836!W84!",155.0,48.0,77.2,39.23713333333333,-103.37756666666667,6.9,11.1,,,,,,,,0.00010167,-0.00011,21.56666667,6.57333333,high Re,-0.033626,22.798593,0.005168,2.824988,0.055623,-0.436082,-0.697445,22.662988,-0.010259,6.949011,0.001575,0.861074,0.016955,-0.43629,-0.697965,6.907689,""
EOSS-404,AE0SS-2,2026-07-25T07:44:33.081,2026-07-25T07:44:30.000,49884.0,15204.64,1284.7,1920.0,ascending,true,/134430h3914.22N/10322.65WO152/039/A=049884 -543T1305P EOSS BALLOON,"AE0SS-2>APZEOS,EOSS,WIDE2-1,qAO,AE0SS-11:/134430h3914.22N/10322.65WO152/039/A=049884 -543T1305P EOSS BALLOON",152.0,45.0,72.4,39.237,-103.3775,6.91,11.12,-65.74,-54.3,218.85,13050.0,0.13,0.00040307,0.20773344,0.00011296,-0.0001537,21.41111111,6.52611111,high Re,-0.000864,22.790885,0.005135,2.818984,0.055468,-0.489458,-0.108152,22.687843,-0.000262,6.946661,0.001565,0.859243,0.016908,-0.489442,-0.108055,6.915265,""
EOSS-404,KC0D-2,2026-07-25T07:44:46.947,2026-07-25T07:44:45.000,50340.0,15343.63,1480.0,1935.0,ascending,true,/134445h3914.12N/10322.56WO159/034/A=050340 178T1295P In Memory EOSS Alpha WA0GEH sk,"KC0D-2>APZEOS,EOSS,WIDE2-1,qAO,N6BA:/134445h3914.12N/10322.56WO159/034/A=050340 178T1295P In Memory EOSS Alpha WA0GEH sk",159.0,39.0,62.8,39.23533333333334,-103.376,7.03,11.31,64.04,17.8,290.95,12950.0,0.13,0.00030086,0.15505788,0.00010556,-0.00012222,24.66666667,7.51833333,high Re,0.108519,22.801248,0.005709,2.814598,0.055847,0.662766,1.840923,22.9284,0.033074,6.94982,0.00174,0.857906,0.017023,0.662676,1.840686,6.988588,""
EOSS-404,K0SCC-13,2026-07-25T07:45:02.720,2026-07-25T07:45:00.000,50620.0,15428.98,1568.0,1950.0,ascending,true,/134500h3913.99N/10322.47WO142/038>K0SCC-13 EOSS Balloon BatVolt: 7.5V | Temp: 59F/A=050620!W81!,"K0SCC-13>APTT4,Z,Z,Z,qAO,N6BA:/134500h3913.99N/10322.47WO142/038>K0SCC-13 EOSS Balloon BatVolt: 7.5V | Temp: 59F/A=050620!W81!",142.0,44.0,70.8,39.2333,-103.37451666666666,7.16,11.52,,,,,,,,0.00010167,-0.00012778,26.13333333,7.96566667,high Re,0.048889,22.819557,0.005947,2.817658,0.055784,1.176075,0.769791,23.076922,0.014911,6.955401,0.001813,0.85884,0.017004,1.176314,0.770289,7.033862,""
EOSS-404,AE0SS-2,2026-07-25T07:45:05.646,2026-07-25T07:45:00.000,50666.0,15443.0,1564.0,1950.0,ascending,true,/134500h3913.99N/10322.46WO142/038/A=050666 -564T1254P EOSS BALLOON,"AE0SS-2>APZEOS,EOSS,WIDE2-1,qAO,AE0SS-11:/134500h3913.99N/10322.46WO142/038/A=050666 -564T1254P EOSS BALLOON",142.0,44.0,70.8,39.23316666666667,-103.37433333333334,7.18,11.56,-69.52,-56.4,216.75,12540.0,0.12,0.00039107,0.20154911,0.00010556,-0.00012778,26.06666667,7.94533333,high Re,-0.002222,22.8373,0.005903,2.82014,0.055633,1.145109,-0.146046,23.10114,-0.000678,6.960811,0.001799,0.859598,0.016958,1.145329,-0.146067,7.041243,""
EOSS-404,KC0D-2,2026-07-25T07:45:16.988,2026-07-25T07:45:15.000,51013.0,15548.76,1346.0,1965.0,ascending,true,/134515h3913.91N/10322.39WO153/024/A=051013 172T1252P In Memory EOSS Alpha WA0GEH sk,"KC0D-2>APZEOS,EOSS,WIDE2-1,qAO,N6BA:/134515h3913.91N/10322.39WO153/024/A=051013 172T1252P In Memory EOSS Alpha WA0GEH sk",153.0,28.0,45.1,39.231833333333334,-103.37316666666666,7.27,11.7,62.96,17.2,290.35,12520.0,0.12,0.00029147,0.15021903,0.00009444,-0.00011667,22.43333333,6.83766667,high Re,-0.121111,22.835105,0.005209,2.812582,0.056269,-0.142848,-2.244931,23.280187,-0.036922,6.960141,0.001588,0.857294,0.017152,-0.142862,-2.245219,7.095814,""
EOSS-404,N0JPS,2026-07-25T07:45:17.026,2026-07-25T07:45:17.026,50952.0,15530.17,1403.2,1967.026,ascending,true,!3913.91N/10322.39WO153/023/A=050952 EOSS BALLOON Leah Love 12sat LOCK,"N0JPS>APRS,WIDE2-1,qAO,N6BA:!3913.91N/10322.39WO153/023/A=050952 EOSS BALLOON Leah Love 12sat LOCK",153.0,26.0,41.8,39.231833333333334,-103.37316666666666,7.27,11.7,,,,,,,,0.00010001,-0.00011946,23.38606171,7.12799827,high Re,0.015881,22.838083,0.005267,2.805221,0.056121,0.195342,0.189127,23.249306,0.004839,6.961049,0.001605,0.855051,0.017107,0.195251,0.189045,7.086403,""
EOSS-404,K0SCC-13,2026-07-25T07:45:32.417,2026-07-25T07:45:30.000,51161.0,15593.87,1082.0,1980.0,ascending,true,/134530h3913.82N/10322.32WO161/023/A=051161!W98!,"K0SCC-13>APTT4,Z,Z,Z,qAO,N6BA:/134530h3913.82N/10322.32WO161/023/A=051161!W98!",161.0,26.0,41.8,39.23048333333333,-103.37213333333334,7.36,11.84,,,,,,,,0.00007944,-0.00009389,18.03333333,5.49633333,high Re,-0.178424,22.812251,0.004274,2.819724,0.057574,-1.694818,-3.173273,23.353712,-0.054389,6.953174,0.001303,0.859473,0.01755,-1.695039,-3.173333,7.118224,""
EOSS-404,KC0D-2,2026-07-25T07:45:46.931,2026-07-25T07:45:45.000,51434.0,15677.08,842.0,1995.0,ascending,true,/134545h3913.76N/10322.25WO143/025/A=051434 167T1225P In Memory EOSS Alpha WA0GEH sk,"KC0D-2>APZEOS,EOSS,WIDE2-1,qAO,N6BA:/134545h3913.76N/10322.25WO143/025/A=051434 167T1225P In Memory EOSS Alpha WA0GEH sk",143.0,29.0,46.7,39.22933333333334,-103.37083333333334,7.46,12.01,62.06,16.7,289.85,12250.0,0.12,0.00028568,0.14723302,0.00007778,-0.00008333,14.03333333,4.27733333,high Re,-0.133333,22.765305,0.003534,2.884482,0.058298,-3.027223,-2.347713,23.482864,-0.040633,6.938865,0.001077,0.879211,0.01777,-3.027182,-2.347214,7.15759,""
EOSS-404,K0SCC-13,2026-07-25T07:46:02.462,2026-07-25T07:46:00.000,51585.0,15723.11,848.0,2010.0,ascending,true,/134600h3913.67N/10322.19WO144/023/A=051585!W60!,"K0SCC-13>APTT4,Z,Z,Z,qAO,KB0TVJ-1:/134600h3913.67N/10322.19WO144/023/A=051585!W60!",144.0,26.0,41.8,39.22793333333334,-103.36983333333333,7.55,12.15,,,,,,,,0.00007667,-0.000085,14.13333333,4.308,high Re,0.003333,22.71939,0.003533,2.944839,0.058141,-2.915629,-0.00344,23.549845,0.001022,6.924871,0.001077,0.897605,0.017723,-2.915393,-0.003103,7.178008,""
EOSS-404,KC0D-2,2026-07-25T07:46:16.917,2026-07-25T07:46:15.000,52085.0,15875.51,1302.0,2025.0,ascending,true,/134615h3913.60N/10322.12WO147/023/A=052085 161T1184P In Memory EOSS Alpha WA0GEH sk,"KC0D-2>APZEOS,EOSS,WIDE2-1,qAO,N6BA:/134615h3913.60N/10322.12WO147/023/A=052085 161T1184P In Memory EOSS Alpha WA0GEH sk",147.0,26.0,41.8,39.22666666666667,-103.36866666666667,7.65,12.31,60.98,16.1,289.25,11840.0,0.12,0.00027669,0.14260041,0.00007222,-0.00008889,21.7,6.61433333,high Re,0.252222,22.713997,0.004856,2.937932,0.060756,-0.34514,4.071466,23.741951,0.076878,6.923227,0.00148,0.895499,0.018519,-0.34494,4.071386,7.236561,""
EOSS-404,N0JPS,2026-07-25T07:46:17.007,2026-07-25T07:46:17.007,52007.0,15851.73,1055.3,2027.007,ascending,true,!3913.60N/10322.12WO166/026/A=052007 EOSS BALLOON Leah Love 11sat LOCK,"N0JPS>APRS,WIDE2-1,qAO,N6BA:!3913.60N/10322.12WO166/026/A=052007 EOSS BALLOON Leah Love 11sat LOCK",166.0,30.0,48.3,39.22666666666667,-103.36866666666667,7.65,12.31,,,,,,,,0.00007502,-0.00008614,17.58890315,5.36103099,high Re,-0.06854,22.687022,0.004467,2.953646,0.060829,-1.726043,-1.200201,23.715425,-0.020895,6.915005,0.001362,0.900289,0.018542,-1.726084,-1.200356,7.228474,""
EOSS-404,K0SCC-13,2026-07-25T07:46:32.736,2026-07-25T07:46:30.000,52454.0,15987.98,1738.0,2040.0,ascending,true,/134630h3913.51N/10322.04WO168/040>K0SCC-13 EOSS Balloon BatVolt: 7.5V | Temp: 56F/A=052454!W29!,"K0SCC-13>APTT4,Z,Z,Z,qAO,N6BA:/134630h3913.51N/10322.04WO168/040>K0SCC-13 EOSS Balloon BatVolt: 7.5V | Temp: 56F/A=052454!W29!",168.0,46.0,74.0,39.2252,-103.36748333333334,7.75,12.47,,,,,,,,0.00007833,-0.00009111,28.96666667,8.829,high Re,0.379259,22.7199,0.00644,2.980699,0.066483,2.095739,5.607734,23.846879,0.115599,6.925026,0.001963,0.908534,0.020265,2.095655,5.607501,7.268542,""
EOSS-404,KC0D-2,2026-07-25T07:46:46.966,2026-07-25T07:46:45.000,52973.0,16146.17,1776.0,2055.0,ascending,true,/134645h3913.43N/10322.04WO181/019/A=052973 157T1132P In Memory EOSS Alpha WA0GEH sk,"KC0D-2>APZEOS,EOSS,WIDE2-1,qAO,N6BA:/134645h3913.43N/10322.04WO181/019/A=052973 157T1132P In Memory EOSS Alpha WA0GEH sk",181.0,22.0,35.4,39.22383333333333,-103.36733333333333,7.8,12.55,60.26,15.7,288.85,11320.0,0.11,0.0002649,0.13652636,0.00004444,-0.00009444,29.6,9.022,high Re,0.021111,22.755734,0.006517,3.014066,0.066316,2.270775,0.220068,23.927152,0.006433,6.935948,0.001986,0.918703,0.020214,2.270649,0.219996,7.293008,""
EOSS-404,K0SCC-13,2026-07-25T07:47:02.483,2026-07-25T07:47:00.000,53366.0,16265.96,1824.0,2070.0,ascending,true,/134700h3913.37N/10322.04WO226/016/A=053366!W62!,"K0SCC-13>APTT4,Z,Z,Z,qAO,N6BA:/134700h3913.37N/10322.04WO226/016/A=053366!W62!",226.0,18.0,29.0,39.22293333333334,-103.36736666666667,7.83,12.6,,,,,,,,3.89e-6,-0.00007556,30.4,9.266,high Re,0.026667,22.795342,0.006622,3.056149,0.066158,2.488314,0.302987,23.926075,0.008133,6.948021,0.002018,0.931531,0.020166,2.488354,0.303233,7.292678,""
EOSS-404,KC0D-2,2026-07-25T07:47:16.961,2026-07-25T07:47:15.000,53904.0,16429.94,1862.0,2085.0,ascending,true,/134715h3913.34N/10322.04WO172/003/A=053904 151T1078P In Memory EOSS Alpha WA0GEH sk,"KC0D-2>APZEOS,EOSS,WIDE2-1,qAO,N6BA:/134715h3913.34N/10322.04WO172/003/A=053904 151T1078P In Memory EOSS Alpha WA0GEH sk",172.0,3.0,4.8,39.22233333333333,-103.36733333333333,7.85,12.63,59.18,15.1,288.25,10780.0,0.11,0.00025279,0.13028424,0.0,-0.00005,31.03333333,9.459,high Re,0.021111,22.837805,0.006697,3.105072,0.065994,2.6394,0.218414,23.825084,0.006433,6.960964,0.002041,0.946443,0.020116,2.639394,0.218334,7.261893,""
EOSS-404,N0JPS,2026-07-25T07:47:17.052,2026-07-25T07:47:17.052,53829.0,16407.08,1820.6,2087.052,ascending,true,!3913.33N/10322.03WO186/007/A=053829 EOSS BALLOON Leah Love 12sat LOCK,"N0JPS>APRS,WIDE2-1,qAO,N6BA:!3913.33N/10322.03WO186/007/A=053829 EOSS BALLOON Leah Love 12sat LOCK",186.0,8.0,12.9,39.222166666666666,-103.36716666666666,7.87,12.67,,,,,,,,0.00002498,-0.00007494,30.34390874,9.24889666,high Re,-0.011482,22.876298,0.006603,3.143358,0.065835,2.375679,-0.274702,23.846518,-0.003499,6.972697,0.002013,0.958113,0.020068,2.375711,-0.274666,7.268427,""
EOSS-404,K0SCC-13,2026-07-25T07:47:32.421,2026-07-25T07:47:30.000,54206.0,16521.99,1680.0,2100.0,ascending,true,/134730h3913.30N/10321.98WO169/011/A=054206!W08!,"K0SCC-13>APTT4,Z,Z,Z,qAO,N6BA:/134730h3913.30N/10321.98WO169/011/A=054206!W08!",169.0,13.0,20.9,39.221666666666664,-103.36646666666667,7.92,12.75,,,,,,,,0.00003,-0.00004222,28.0,8.53433333,high Re,-0.07813,22.90244,0.006168,3.156576,0.065945,1.614902,-1.278308,23.713461,-0.023819,6.980665,0.00188,0.962141,0.020101,1.614803,-1.278494,7.227869,""
EOSS-404,KC0D-2,2026-07-25T07:47:46.888,2026-07-25T07:47:45.000,54642.0,16654.88,1476.0,2115.0,ascending,true,/134745h3913.25N/10321.93WO133/022/A=054642 147T1038P In Memory EOSS Alpha WA0GEH sk,"KC0D-2>APZEOS,EOSS,WIDE2-1,qAO,N6BA:/134745h3913.25N/10321.93WO133/022/A=054642 147T1038P In Memory EOSS Alpha WA0GEH sk",133.0,25.0,40.2,39.22083333333333,-103.3655,7.99,12.86,58.46,14.7,287.85,10380.0,0.1,0.00024375,0.12562428,0.00006111,-0.00005,24.6,7.498,high Re,-0.113333,22.911057,0.005559,3.150835,0.066328,0.53603,-1.792486,23.478394,-0.034544,6.983291,0.001694,0.960391,0.020218,0.535937,-1.792363,7.156219,""
EOSS-404,K0SCC-13,2026-07-25T07:48:02.705,2026-07-25T07:48:00.000,54853.0,16719.19,1294.0,2130.0,ascending,true,/134800h3913.18N/10321.85WO124/037>K0SCC-13 EOSS Balloon BatVolt: 7.5V | Temp: 53F/A=054853!W54!,"K0SCC-13>APTT4,Z,Z,Z,qAO,N6BA:/134800h3913.18N/10321.85WO124/037>K0SCC-13 EOSS Balloon BatVolt: 7.5V | Temp: 53F/A=054853!W54!",124.0,43.0,69.2,39.219750000000005,-103.36423333333333,8.09,13.02,,,,,,,,0.00007444,-0.00006389,21.56666667,6.57333333,high Re,-0.101111,22.904267,0.005017,3.14428,0.066593,-0.425408,-1.593681,23.332493,-0.030822,6.98122,0.001529,0.958393,0.020299,-0.425594,-1.593724,7.11175,""
EOSS-404,KC0D-2,2026-07-25T07:48:16.929,2026-07-25T07:48:15.000,55222.0,16831.67,1160.0,2145.0,ascending,true,/134815h3913.11N/10321.78WO140/025/A=055222 140T1007P In Memory EOSS Alpha WA0GEH sk,"KC0D-2>APZEOS,EOSS,WIDE2-1,qAO,N6BA:/134815h3913.11N/10321.78WO140/025/A=055222 140T1007P In Memory EOSS Alpha WA0GEH sk",140.0,29.0,46.7,39.2185,-103.363,8.19,13.18,57.2,14.0,287.15,10070.0,0.1,0.00023705,0.12216959,0.00008333,-0.00007778,19.33333333,5.893,high Re,-0.074444,22.886322,0.004616,3.146529,0.066664,-1.129177,-1.185947,23.026566,-0.022678,6.975752,0.001407,0.959078,0.02032,-1.128951,-1.185285,7.018494,""
EOSS-404,N0JPS,2026-07-25T07:48:17.050,2026-07-25T07:48:17.050,55148.0,16809.11,1319.0,2147.05,ascending,true,!3913.12N/10321.79WO128/025/A=055148 EOSS BALLOON Leah Love 12sat LOCK,"N0JPS>APRS,WIDE2-1,qAO,N6BA:!3913.12N/10321.79WO128/025/A=055148 EOSS BALLOON Leah Love 12sat LOCK",128.0,29.0,46.7,39.218666666666664,-103.36316666666667,8.17,13.15,,,,,,,,0.00006667,-0.00005834,21.98406614,6.70072336,high Re,0.04418,22.881811,0.004815,3.139261,0.066554,-0.285973,0.591475,23.09308,0.013463,6.974377,0.001468,0.956863,0.020287,-0.28599,0.591265,7.038772,""
EOSS-404,K0SCC-13,2026-07-25T07:48:32.445,2026-07-25T07:48:30.000,55453.0,16902.07,1200.0,2160.0,ascending,true,/134830h3913.02N/10321.73WO136/017/A=055453!W30!,"K0SCC-13>APTT4,Z,Z,Z,qAO,N6BA:/134830h3913.02N/10321.73WO136/017/A=055453!W30!",136.0,20.0,32.2,39.21705,-103.36216666666667,8.28,13.33,,,,,,,,0.00006889,-0.00009,20.0,6.096,high Re,-0.066136,22.867474,0.00446,3.137994,0.066576,-0.913792,-1.060382,22.802458,-0.020157,6.970007,0.001359,0.956476,0.020293,-0.913778,-1.060267,6.950193,""
EOSS-404,KC0D-2,2026-07-25T07:48:46.906,2026-07-25T07:48:45.000,55923.0,17045.33,1402.0,2175.0,ascending,true,/134845h3912.95N/10321.70WO193/017/A=055923 136T972P In Memory EOSS Alpha WA0GEH sk,"KC0D-2>APZEOS,EOSS,WIDE2-1,qAO,N6BA:/134845h3912.95N/10321.70WO193/017/A=055923 136T972P In Memory EOSS Alpha WA0GEH sk",193.0,20.0,32.2,39.215833333333336,-103.36166666666666,8.34,13.42,56.48,13.6,286.75,9720.0,0.1,0.00022913,0.11808787,0.00004444,-0.00008889,23.36666667,7.122,high Re,0.112222,22.869945,0.004996,3.130375,0.066843,0.158678,1.604147,22.271578,0.0342,6.970759,0.001523,0.954154,0.020375,0.158508,1.603779,6.788374,""
EOSS-404,K0SCC-13,2026-07-25T07:49:02.362,2026-07-25T07:49:00.000,56149.0,17114.22,1392.0,2190.0,ascending,true,/134900h3912.89N/10321.75WO244/011/A=056149!W77!,"K0SCC-13>APTT4,Z,Z,Z,qAO,N6BA:/134900h3912.89N/10321.75WO244/011/A=056149!W77!",244.0,13.0,20.9,39.214949999999995,-103.36261666666667,8.33,13.41,,,,,,,,-0.000015,-0.00007,23.2,7.07166667,high Re,-0.005556,22.871571,0.004944,3.122703,0.066681,0.105175,-0.157466,21.98233,-0.001678,6.971256,0.001507,0.951815,0.020325,0.105494,-0.156704,6.700203,""
EOSS-404,KC0D-2,2026-07-25T07:49:16.944,2026-07-25T07:49:15.000,56609.0,17254.42,1372.0,2205.0,ascending,true,/134915h3912.86N/10321.79WO204/003/A=056609 130T938P In Memory EOSS Alpha WA0GEH sk,"KC0D-2>APZEOS,EOSS,WIDE2-1,qAO,N6BA:/134915h3912.86N/10321.79WO204/003/A=056609 130T938P In Memory EOSS Alpha WA0GEH sk",204.0,3.0,4.8,39.214333333333336,-103.36316666666667,8.33,13.41,55.4,13.0,286.15,9380.0,0.09,0.00022158,0.11419617,-0.00005,-0.00005,22.86666667,6.96966667,low Re,-0.011111,22.871547,0.004865,3.115002,0.066525,-0.001567,-0.24015,21.331875,-0.0034,6.971248,0.001483,0.949468,0.020278,-0.001665,-0.240803,6.501953,high_to_low
EOSS-404,N0JPS,2026-07-25T07:49:16.981,2026-07-25T07:49:16.981,56551.0,17236.74,1404.6,2206.981,ascending,true,!3912.86N/10321.78WO254/006/A=056551 EOSS BALLOON Leah Love 12sat LOCK,"N0JPS>APRS,WIDE2-1,qAO,N6BA:!3912.86N/10321.78WO254/006/A=056551 EOSS BALLOON Leah Love 12sat LOCK",254.0,7.0,11.3,39.214333333333336,-103.363,8.34,13.42,,,,,,,,2.78e-6,-0.00007231,23.41025513,7.13537234,low Re,0.00907,22.874175,0.004885,3.107586,0.066361,0.172507,0.063064,21.418129,0.002765,6.972049,0.001489,0.947208,0.020228,0.172426,0.063081,6.528245,""
EOSS-404,K0SCC-13,2026-07-25T07:49:32.732,2026-07-25T07:49:30.000,56775.0,17305.02,1252.0,2220.0,ascending,true,/134930h3912.86N/10321.78WO089/006>K0SCC-13 EOSS Balloon BatVolt: 7.5V | Temp: 50F/A=056775!W22!,"K0SCC-13>APTT4,Z,Z,Z,qAO,N6BA:/134930h3912.86N/10321.78WO089/006>K0SCC-13 EOSS Balloon BatVolt: 7.5V | Temp: 50F/A=056775!W22!",89.0,7.0,11.3,39.21436666666667,-103.36303333333333,8.33,13.41,,,,,,,,-0.00001389,-0.00001944,20.86666667,6.36,low Re,-0.084786,22.86443,0.004448,3.103151,0.066494,-0.643785,-1.341986,21.078838,-0.025846,6.969078,0.001356,0.945856,0.020268,-0.643944,-1.342116,6.424822,""
EOSS-404,KC0D-2,2026-07-25T07:49:46.886,2026-07-25T07:49:45.000,57047.0,17387.93,876.0,2235.0,ascending,true,/134945h3912.83N/10321.79WO165/011/A=057047 127T918P In Memory EOSS Alpha WA0GEH sk,"KC0D-2>APZEOS,EOSS,WIDE2-1,qAO,N6BA:/134945h3912.83N/10321.79WO165/011/A=057047 127T918P In Memory EOSS Alpha WA0GEH sk",165.0,13.0,20.9,39.21383333333333,-103.36316666666667,8.35,13.44,54.86,12.7,285.85,9180.0,0.09,0.00021708,0.11187858,0.0,-0.00001667,14.6,4.45033333,low Re,-0.208889,22.824505,0.003412,3.148453,0.067977,-2.612237,-3.12313,20.646124,-0.063656,6.95691,0.00104,0.959661,0.02072,-2.61194,-3.122394,6.292922,""
EOSS-404,K0SCC-13,2026-07-25T07:50:02.367,2026-07-25T07:50:00.000,57166.0,17424.2,782.0,2250.0,ascending,true,/135000h3912.79N/10321.77WO185/009/A=057166!W67!,"K0SCC-13>APTT4,Z,Z,Z,qAO,N6BA:/135000h3912.79N/10321.77WO185/009/A=057166!W67!",185.0,10.0,16.1,39.21326666666667,-103.36295,8.38,13.49,,,,,,,,2.78e-6,-0.00003667,13.03333333,3.97266667,low Re,-0.052222,22.777432,0.003144,3.213373,0.067922,-3.032358,-0.815141,20.450538,-0.015922,6.942563,0.000958,0.979447,0.020703,-3.032217,-0.815341,6.233309,""
EOSS-404,KC0D-2,2026-07-25T07:50:16.903,2026-07-25T07:50:15.000,57638.0,17568.06,1182.0,2265.0,ascending,true,/135015h3912.80N/10321.79WO355/010/A=057638 121T890P In Memory EOSS Alpha WA0GEH sk,"KC0D-2>APZEOS,EOSS,WIDE2-1,qAO,N6BA:/135015h3912.80N/10321.79WO355/010/A=057638 121T890P In Memory EOSS Alpha WA0GEH sk",355.0,12.0,19.3,39.21333333333333,-103.36316666666667,8.37,13.47,53.78,12.1,285.25,8900.0,0.09,0.0002109,0.10869431,0.0,-0.00001667,19.7,6.00433333,low Re,0.222222,22.762707,0.004197,3.212699,0.069439,-0.953313,3.139806,19.645391,0.067722,6.938073,0.001279,0.979242,0.021166,-0.953533,3.139138,5.987908,""
EOSS-404,N0JPS,2026-07-25T07:50:17.024,2026-07-25T07:50:17.024,57568.0,17546.73,1016.3,2267.024,ascending,true,!3912.80N/10321.79WO358/009/A=057568 EOSS BALLOON Leah Love 12sat LOCK,"N0JPS>APRS,WIDE2-1,qAO,N6BA:!3912.80N/10321.79WO358/009/A=057568 EOSS BALLOON Leah Love 12sat LOCK",358.0,10.0,16.1,39.21333333333333,-103.36316666666667,8.37,13.47,,,,,,,,-2.78e-6,-0.00001665,16.9378612,5.16279999,low Re,-0.046003,22.73497,0.003957,3.230111,0.069359,-1.794709,-0.72031,19.767225,-0.014016,6.92962,0.001206,0.984548,0.021141,-1.794549,-0.720023,6.025033,""
EOSS-404,K0SCC-13,2026-07-25T07:50:32.337,2026-07-25T07:50:30.000,57914.0,17652.19,1496.0,2280.0,ascending,true,/135030h3912.84N/10321.77WO053/007/A=057914!W95!,"K0SCC-13>APTT4,Z,Z,Z,qAO,N6BA:/135030h3912.84N/10321.77WO053/007/A=057914!W95!",53.0,8.0,12.9,39.21415,-103.36291666666666,8.35,13.44,,,,,,,,1.11e-6,0.00002944,24.93333333,7.59966667,low Re,0.266516,22.745389,0.005207,3.225963,0.071526,0.67823,3.653343,19.159584,0.081229,6.932795,0.001587,0.983284,0.021801,0.678209,3.653135,5.839825,""
EOSS-404,KC0D-2,2026-07-25T07:50:46.903,2026-07-25T07:50:45.000,58301.0,17770.14,1326.0,2295.0,ascending,true,/135045h3912.88N/10321.71WO067/014/A=058301 118T860P In Memory EOSS Alpha WA0GEH sk,"KC0D-2>APZEOS,EOSS,WIDE2-1,qAO,N6BA:/135045h3912.88N/10321.71WO067/014/A=058301 118T860P In Memory EOSS Alpha WA0GEH sk",67.0,16.0,25.7,39.214666666666666,-103.36183333333334,8.38,13.49,53.24,11.8,284.95,8600.0,0.08,0.00020401,0.10514103,0.00004444,0.00004444,22.1,6.736,low Re,-0.094444,22.742344,0.004735,3.218615,0.071684,-0.199572,-1.383558,18.471676,-0.028789,6.931867,0.001443,0.981044,0.02185,-0.199652,-1.383616,5.630164,""
EOSS-404,K0SCC-13,2026-07-25T07:51:02.669,2026-07-25T07:51:00.000,58485.0,17826.23,1142.0,2310.0,ascending,true,/135100h3912.91N/10321.64WO077/017>K0SCC-13 EOSS Balloon BatVolt: 7.5V | Temp: 47F/A=058485!W11!,"K0SCC-13>APTT4,Z,Z,Z,qAO,N6BA:/135100h3912.91N/10321.64WO077/017>K0SCC-13 EOSS Balloon BatVolt: 7.5V | Temp: 47F/A=058485!W11!",77.0,20.0,32.2,39.215183333333336,-103.36068333333333,8.41,13.53,,,,,,,,0.00007444,0.00003444,19.03333333,5.80133333,low Re,-0.102222,22.724931,0.00423,3.221056,0.071891,-1.146083,-1.480742,18.145747,-0.031156,6.926559,0.001289,0.981788,0.021913,-1.146098,-1.480628,5.530809,""
EOSS-404,KC0D-2,2026-07-25T07:51:16.912,2026-07-25T07:51:15.000,58755.0,17908.52,908.0,2325.0,ascending,true,/135115h3912.92N/10321.59WO064/009/A=058755 112T840P In Memory EOSS Alpha WA0GEH sk,"KC0D-2>APZEOS,EOSS,WIDE2-1,qAO,N6BA:/135115h3912.92N/10321.59WO064/009/A=058755 112T840P In Memory EOSS Alpha WA0GEH sk",64.0,10.0,16.1,39.215333333333334,-103.35983333333333,8.44,13.58,52.16,11.2,284.35,8400.0,0.08,0.00019968,0.10291259,0.00006667,0.00002222,15.13333333,4.61266667,low Re,-0.13,22.689456,0.0036,3.255119,0.072308,-2.321305,-1.847652,17.673476,-0.039622,6.915747,0.001097,0.99217,0.02204,-2.321256,-1.847505,5.386871,""
EOSS-404,N0JPS,2026-07-25T07:51:17.085,2026-07-25T07:51:17.085,58684.0,17886.88,1114.9,2327.085,ascending,true,!3912.92N/10321.59WO060/010/A=058684 EOSS BALLOON Leah Love 12sat LOCK,"N0JPS>APRS,WIDE2-1,qAO,N6BA:!3912.92N/10321.59WO060/010/A=058684 EOSS BALLOON Leah Love 12sat LOCK",60.0,12.0,19.3,39.215333333333334,-103.35983333333333,8.44,13.58,,,,,,,,0.0000555,0.0000333,18.58110921,5.66340887,low Re,0.057405,22.670348,0.003851,3.25957,0.072232,-1.254533,0.741417,17.796726,0.017495,6.909922,0.001174,0.993527,0.022017,-1.254634,0.741291,5.424436,""
EOSS-404,K0SCC-13,2026-07-25T07:51:32.371,2026-07-25T07:51:30.000,58928.0,17961.25,886.0,2340.0,ascending,true,/135130h3912.93N/10321.56WO067/014/A=058928!W00!,"K0SCC-13>APTT4,Z,Z,Z,qAO,N6BA:/135130h3912.93N/10321.56WO067/014/A=058928!W00!",67.0,16.0,25.7,39.2155,-103.35933333333334,8.46,13.62,,,,,,,,0.000045,0.00001056,14.76666667,4.50066667,low Re,-0.127148,22.633757,0.003242,3.296146,0.072615,-2.386754,-1.795635,17.376836,-0.038758,6.898768,0.000988,1.004678,0.022133,-2.386935,-1.79578,5.296457,""
EOSS-404,KC0D-2,2026-07-25T07:51:46.950,2026-07-25T07:51:45.000,59208.0,18046.6,906.0,2355.0,ascending,true,/135145h3912.92N/10321.55WO028/004/A=059208 109T821P In Memory EOSS Alpha WA0GEH sk,"KC0D-2>APZEOS,EOSS,WIDE2-1,qAO,N6BA:/135145h3912.92N/10321.55WO028/004/A=059208 109T821P In Memory EOSS Alpha WA0GEH sk",28.0,5.0,8.0,39.215333333333334,-103.35916666666667,8.48,13.65,51.62,10.9,284.05,8210.0,0.08,0.00019537,0.10069104,0.00002222,0.0,15.1,4.60266667,low Re,0.011111,22.599039,0.003279,3.328038,0.072448,-2.253291,0.108105,16.910829,0.0034,6.888187,0.000999,1.014396,0.022082,-2.253085,0.108731,5.154409,""
EOSS-404,K0SCC-13,2026-07-25T07:52:02.470,2026-07-25T07:52:00.000,59355.0,18091.4,854.0,2370.0,ascending,true,/135200h3912.92N/10321.54WO166/006/A=059355!W93!,"K0SCC-13>APTT4,Z,Z,Z,qAO,N6BA:/135200h3912.92N/10321.54WO166/006/A=059355!W93!",166.0,7.0,11.3,39.21548333333333,-103.35905,8.48,13.65,,,,,,,,9.44e-6,-5.6e-7,14.23333333,4.33833333,low Re,-0.028889,22.560664,0.00313,3.368357,0.072313,-2.472223,-0.442783,16.674875,-0.008811,6.87649,0.000954,1.026685,0.022041,-2.472186,-0.443038,5.0825,""
EOSS-404,KC0D-2,2026-07-25T07:52:16.941,2026-07-25T07:52:15.000,59698.0,18195.95,980.0,2385.0,ascending,true,/135215h3912.92N/10321.48WO090/016/A=059698 104T800P In Memory EOSS Alpha WA0GEH sk,"KC0D-2>APZEOS,EOSS,WIDE2-1,qAO,N6BA:/135215h3912.92N/10321.48WO090/016/A=059698 104T800P In Memory EOSS Alpha WA0GEH sk",90.0,18.0,29.0,39.215333333333334,-103.358,8.53,13.73,50.72,10.4,283.55,8000.0,0.08,0.00019071,0.09828852,0.00003889,0.0,16.33333333,4.97833333,low Re,0.07,22.532229,0.003437,3.386866,0.072288,-1.830275,0.920803,16.153367,0.021333,6.867823,0.001048,1.032327,0.022034,-1.830321,0.920623,4.92354,""
EOSS-404,N0JPS,2026-07-25T07:52:16.978,2026-07-25T07:52:16.978,59636.0,18177.05,953.7,2386.978,ascending,true,!3912.92N/10321.48WO090/018/A=059636 EOSS BALLOON Leah Love 11sat LOCK,"N0JPS>APRS,WIDE2-1,qAO,N6BA:!3912.92N/10321.48WO090/018/A=059636 EOSS BALLOON Leah Love 11sat LOCK",90.0,21.0,33.8,39.215333333333334,-103.358,8.53,13.73,,,,,,,,0.00003061,0.0,15.89501277,4.84480657,low Re,-0.007318,22.50206,0.003388,3.408624,0.072126,-1.938333,-0.148435,16.244301,-0.002229,6.858627,0.001033,1.038959,0.021984,-1.938306,-0.148381,4.95126,""
EOSS-404,K0SCC-13,2026-07-25T07:52:32.740,2026-07-25T07:52:30.000,59860.0,18245.33,1010.0,2400.0,ascending,true,/135230h3912.90N/10321.41WO102/008>K0SCC-13 EOSS Balloon BatVolt: 7.5V | Temp: 45F/A=059860!W61!,"K0SCC-13>APTT4,Z,Z,Z,qAO,N6BA:/135230h3912.90N/10321.41WO102/008>K0SCC-13 EOSS Balloon BatVolt: 7.5V | Temp: 45F/A=059860!W61!",102.0,9.0,14.5,39.21510000000001,-103.35685,8.59,13.82,,,,,,,,0.00007333,-0.00001278,16.83333333,5.131,low Re,0.031277,22.476409,0.003515,3.42218,0.071985,-1.648971,0.385664,15.923467,0.00954,6.85081,0.001071,1.043089,0.021941,-1.648766,0.38599,4.853464,""
EOSS-404,KC0D-2,2026-07-25T07:52:46.956,2026-07-25T07:52:45.000,60146.0,18332.5,896.0,2415.0,ascending,true,/135245h3912.89N/10321.36WO133/012/A=060146 102T782P In Memory EOSS Alpha WA0GEH sk,"KC0D-2>APZEOS,EOSS,WIDE2-1,qAO,N6BA:/135245h3912.89N/10321.36WO133/012/A=060146 102T782P In Memory EOSS Alpha WA0GEH sk",133.0,14.0,22.5,39.21483333333333,-103.356,8.64,13.9,50.36,10.2,283.35,7820.0,0.08,0.00018655,0.09614484,0.00006667,-0.00001667,14.93333333,4.55166667,low Re,-0.063333,22.442432,0.003212,3.451756,0.071962,-2.175443,-0.924724,15.547329,-0.019311,6.840454,0.000979,1.052104,0.021934,-2.175438,-0.925048,4.738823,""
EOSS-404,K0SCC-13,2026-07-25T07:53:02.467,2026-07-25T07:53:00.000,60257.0,18366.33,794.0,2430.0,ascending,true,/135300h3912.84N/10321.31WO120/013/A=060257!W93!,"K0SCC-13>APTT4,Z,Z,Z,qAO,N6BA:/135300h3912.84N/10321.31WO120/013/A=060257!W93!",120.0,15.0,24.1,39.21415,-103.35521666666666,8.7,14.0,,,,,,,,0.00005444,-0.00003167,13.23333333,4.03333333,low Re,-0.056667,22.401135,0.002942,3.49875,0.071912,-2.620308,-0.828916,15.412471,-0.017278,6.827866,0.000897,1.06643,0.021919,-2.620456,-0.829189,4.697722,""
EOSS-404,KC0D-2,2026-07-25T07:53:16.970,2026-07-25T07:53:15.000,60672.0,18492.83,1052.0,2445.0,ascending,true,/135315h3912.82N/10321.31WO217/011/A=060672 97T761P In Memory EOSS Alpha WA0GEH sk,"KC0D-2>APZEOS,EOSS,WIDE2-1,qAO,N6BA:/135315h3912.82N/10321.31WO217/011/A=060672 97T761P In Memory EOSS Alpha WA0GEH sk",217.0,13.0,20.9,39.21366666666667,-103.35516666666666,8.72,14.03,49.46,9.7,282.85,7610.0,0.08,0.00018186,0.09372834,0.00002778,-0.00003889,17.53333333,5.34433333,low Re,0.143333,22.379404,0.003572,3.506015,0.072363,-1.382216,1.931388,14.969046,0.0437,6.821243,0.001089,1.068643,0.022057,-1.382042,1.931858,4.562561,""
EOSS-404,N0JPS,2026-07-25T07:53:17.007,2026-07-25T07:53:17.007,60632.0,18480.63,995.5,2447.007,ascending,true,!3912.82N/10321.31WO219/012/A=060632 EOSS BALLOON Leah Love 10sat LOCK,"N0JPS>APRS,WIDE2-1,qAO,N6BA:!3912.82N/10321.31WO219/012/A=060632 EOSS BALLOON Leah Love 10sat LOCK",219.0,14.0,22.5,39.21366666666667,-103.35516666666666,8.72,14.03,,,,,,,,0.0000472,-0.00002776,16.59198054,5.05722234,low Re,-0.015682,22.353682,0.003486,3.519393,0.072212,-1.637129,-0.265441,15.007407,-0.004783,6.813403,0.001063,1.072721,0.022011,-1.637127,-0.265594,4.574261,""
EOSS-404,K0SCC-13,2026-07-25T07:53:32.359,2026-07-25T07:53:30.000,60815.0,18536.41,1116.0,2460.0,ascending,true,/135330h3912.78N/10321.32WO239/010/A=060815!W59!,"K0SCC-13>APTT4,Z,Z,Z,qAO,N6BA:/135330h3912.78N/10321.32WO239/010/A=060815!W59!",239.0,12.0,19.3,39.21308333333334,-103.35548333333334,8.72,14.03,,,,,,,,-8.89e-6,-0.00003556,18.6,5.66933333,low Re,0.066934,22.337073,0.003768,3.52043,0.072174,-1.061539,0.875191,14.839891,0.020404,6.80834,0.001149,1.073036,0.021999,-1.06148,0.875267,4.523202,""
EOSS-404,KC0D-2,2026-07-25T07:53:46.904,2026-07-25T07:53:45.000,61101.0,18623.58,858.0,2475.0,ascending,true,/135345h3912.74N/10321.34WO178/008/A=061101 96T745P In Memory EOSS Alpha WA0GEH sk,"KC0D-2>APZEOS,EOSS,WIDE2-1,qAO,N6BA:/135345h3912.74N/10321.34WO178/008/A=061101 96T745P In Memory EOSS Alpha WA0GEH sk",178.0,9.0,14.5,39.21233333333333,-103.35566666666666,8.74,14.07,49.28,9.6,282.75,7450.0,0.07,0.0001781,0.09179016,-0.00001667,-0.00004444,14.3,4.35833333,low Re,-0.143333,22.301667,0.003117,3.552906,0.072676,-2.252147,-2.015108,14.620055,-0.0437,6.797547,0.00095,1.082938,0.022152,-2.252404,-2.015619,4.456199,""
EOSS-404,K0SCC-13,2026-07-25T07:54:02.747,2026-07-25T07:54:00.000,61254.0,18670.22,878.0,2490.0,ascending,true,/135400h3912.71N/10321.36WO208/009>K0SCC-13 EOSS Balloon BatVolt: 7.5V | Temp: 42F/A=061254!W54!,"K0SCC-13>APTT4,Z,Z,Z,qAO,N6BA:/135400h3912.71N/10321.36WO208/009>K0SCC-13 EOSS Balloon BatVolt: 7.5V | Temp: 42F/A=061254!W54!",208.0,10.0,16.1,39.21191666666667,-103.35606666666666,8.74,14.07,,,,,,,,-0.00001944,-0.00003889,14.63333333,4.46033333,low Re,0.011111,22.268034,0.003152,3.581263,0.072517,-2.131846,0.109754,14.524032,0.0034,6.787296,0.000961,1.09158,0.022104,-2.131738,0.110342,4.426929,""
EOSS-404,KC0D-2,2026-07-25T07:54:16.897,2026-07-25T07:54:15.000,61549.0,18760.14,896.0,2505.0,ascending,true,/135415h3912.69N/10321.40WO219/012/A=061549 91T728P In Memory EOSS Alpha WA0GEH sk,"KC0D-2>APZEOS,EOSS,WIDE2-1,qAO,N6BA:/135415h3912.69N/10321.40WO219/012/A=061549 91T728P In Memory EOSS Alpha WA0GEH sk",219.0,14.0,22.5,39.2115,-103.35666666666667,8.73,14.05,48.38,9.1,282.25,7280.0,0.07,0.00017435,0.08985451,-0.00003333,-0.00002778,14.93333333,4.552,low Re,0.01,22.236005,0.003182,3.606122,0.072358,-2.025076,0.094226,14.381951,0.003056,6.777535,0.00097,1.099154,0.022055,-2.024771,0.094582,4.383624,""
EOSS-404,N0JPS,2026-07-25T07:54:16.988,2026-07-25T07:54:16.988,61500.0,18745.2,868.3,2506.988,ascending,true,!3912.69N/10321.40WO219/011/A=061500 EOSS BALLOON Leah Love 11sat LOCK,"N0JPS>APRS,WIDE2-1,qAO,N6BA:!3912.69N/10321.40WO219/011/A=061500 EOSS BALLOON Leah Love 11sat LOCK",219.0,13.0,20.9,39.2115,-103.35666666666667,8.73,14.05,,,,,,,,-0.00002501,-0.00003612,14.47124923,4.41089678,low Re,-0.007704,22.202245,0.003135,3.634483,0.072203,-2.127124,-0.150118,14.401622,-0.002352,6.767246,0.000956,1.107798,0.022008,-2.127057,-0.150309,4.389621,""
EOSS-404,K0SCC-13,2026-07-25T07:54:32.466,2026-07-25T07:54:30.000,61688.0,18802.5,868.0,2520.0,ascending,true,/135430h3912.66N/10321.45WO238/011/A=061688!W30!,"K0SCC-13>APTT4,Z,Z,Z,qAO,N6BA:/135430h3912.66N/10321.45WO238/011/A=061688!W30!",238.0,13.0,20.9,39.21105,-103.3575,8.71,14.02,,,,,,,,-0.00004778,-0.00002889,14.46666667,4.40933333,low Re,-0.000153,22.168758,0.003121,3.662114,0.072045,-2.103182,-0.045444,14.334606,-0.000052,6.757038,0.000951,1.116221,0.02196,-2.103262,-0.045674,4.369197,""
EOSS-404,AE0SS-2,2026-07-25T07:54:32.504,2026-07-25T07:54:30.000,61714.0,18810.43,1162.9,2520.0,ascending,true,/135430h3912.66N/10321.45WO243/011/A=061714 -494T709P EOSS BALLOON,"AE0SS-2>APZEOS,EOSS,WIDE2-1,qAO,N6BA:/135430h3912.66N/10321.45WO243/011/A=061714 -494T709P EOSS BALLOON",243.0,13.0,20.9,39.211,-103.3575,8.71,14.02,-56.92,-49.4,223.75,7090.0,0.07,0.00021419,0.11038896,0.00002953,-0.00003889,19.38245614,5.90777193,low Re,0.008624,22.156748,0.003144,3.658755,0.071889,-0.758261,0.076229,14.32713,0.002629,6.753378,0.000958,1.115197,0.021912,-0.758257,0.07626,4.366917,""
EOSS-404,KC0D-2,2026-07-25T07:54:46.873,2026-07-25T07:54:45.000,61950.0,18882.36,802.0,2535.0,ascending,true,/135445h3912.63N/10321.49WO229/009/A=061950 90T713P In Memory EOSS Alpha WA0GEH sk,"KC0D-2>APZEOS,EOSS,WIDE2-1,qAO,N6BA:/135445h3912.63N/10321.49WO229/009/A=061950 90T713P In Memory EOSS Alpha WA0GEH sk",229.0,10.0,16.1,39.2105,-103.35816666666666,8.7,14.0,48.2,9.0,282.15,7130.0,0.07,0.00017081,0.0880343,-0.00005,-0.00003333,13.36666667,4.074,low Re,-0.200526,22.119022,0.002267,3.695998,0.072969,-2.368063,-2.779166,14.278804,-0.061126,6.741878,0.000691,1.12655,0.022242,-2.368184,-2.779291,4.352189,""
EOSS-404,K0SCC-13,2026-07-25T07:55:02.466,2026-07-25T07:55:00.000,62094.0,18926.25,812.0,2550.0,ascending,true,/135500h3912.59N/10321.52WO218/007/A=062094!W98!,"K0SCC-13>APTT4,Z,Z,Z,qAO,N6BA:/135500h3912.59N/10321.52WO218/007/A=062094!W98!",218.0,8.0,12.9,39.209983333333334,-103.3588,8.69,13.99,,,,,,,,-0.00004333,-0.00003556,13.53333333,4.125,low Re,0.005556,22.082331,0.002281,3.730521,0.072812,-2.291636,0.044979,14.266173,0.0017,6.730695,0.000695,1.137072,0.022194,-2.291583,0.045283,4.34834,""
EOSS-404,KC0D-2,2026-07-25T07:55:16.938,2026-07-25T07:55:15.000,62350.0,19004.28,800.0,2565.0,ascending,true,/135515h3912.55N/10321.57WO227/014/A=062350 86T698P In Memory EOSS Alpha WA0GEH sk,"KC0D-2>APZEOS,EOSS,WIDE2-1,qAO,N6BA:/135515h3912.55N/10321.57WO227/014/A=062350 86T698P In Memory EOSS Alpha WA0GEH sk",227.0,16.0,25.7,39.20916666666667,-103.3595,8.69,13.99,47.48,8.6,281.75,6980.0,0.07,0.00016746,0.0863046,-0.00004444,-0.00004444,13.33333333,4.064,low Re,-0.006667,22.045101,0.002242,3.766037,0.072658,-2.313245,-0.122616,14.273534,-0.002033,6.719347,0.000684,1.147898,0.022147,-2.313226,-0.12268,4.350585,""
EOSS-404,N0JPS,2026-07-25T07:55:16.976,2026-07-25T07:55:16.976,62307.0,18991.17,807.2,2566.976,ascending,true,!3912.56N/10321.57WO215/014/A=062307 EOSS BALLOON Leah Love 11sat LOCK,"N0JPS>APRS,WIDE2-1,qAO,N6BA:!3912.56N/10321.57WO215/014/A=062307 EOSS BALLOON Leah Love 11sat LOCK",215.0,16.0,25.7,39.20933333333333,-103.3595,8.68,13.97,,,,,,,,-0.00004723,-0.00003612,13.45269054,4.10032006,low Re,0.00199,22.008693,0.002241,3.799411,0.072503,-2.251929,-0.003462,14.269737,0.000605,6.70825,0.000683,1.15807,0.022099,-2.251962,-0.00353,4.349427,""
EOSS-404,K0SCC-13,2026-07-25T07:55:32.685,2026-07-25T07:55:30.000,62501.0,19050.3,814.0,2580.0,ascending,true,/135530h3912.51N/10321.62WO227/019>K0SCC-13 EOSS Balloon BatVolt: 7.5V | Temp: 40F/A=062501!W52!,"K0SCC-13>APTT4,Z,Z,Z,qAO,N6BA:/135530h3912.51N/10321.62WO227/019>K0SCC-13 EOSS Balloon BatVolt: 7.5V | Temp: 40F/A=062501!W52!",227.0,22.0,35.4,39.20858333333334,-103.36036666666666,8.67,13.95,,,,,,,,-0.00005222,-0.00004667,13.56666667,4.135,low Re,0.003799,21.973073,0.002248,3.830804,0.072348,-2.194424,0.021438,14.294593,0.001156,6.697392,0.000685,1.16764,0.022052,-2.194505,0.021359,4.357004,""
EOSS-404,KC0D-2,2026-07-25T07:55:46.869,2026-07-25T07:55:45.000,62800.0,19141.44,900.0,2595.0,ascending,true,/135545h3912.49N/10321.70WO233/014/A=062800 85T683P In Memory EOSS Alpha WA0GEH sk,"KC0D-2>APZEOS,EOSS,WIDE2-1,qAO,N6BA:/135545h3912.49N/10321.70WO233/014/A=062800 85T683P In Memory EOSS Alpha WA0GEH sk",233.0,16.0,25.7,39.20816666666666,-103.36166666666666,8.63,13.89,47.3,8.5,281.65,6830.0,0.07,0.00016392,0.0844799,-0.00007222,-0.00003333,15.0,4.572,low Re,0.047778,21.943774,0.00244,3.849343,0.072255,-1.803885,0.627472,14.368726,0.014567,6.688462,0.000744,1.173291,0.022024,-1.803868,0.627633,4.379601,""
EOSS-404,K0SCC-13,2026-07-25T07:56:02.454,2026-07-25T07:56:00.000,62928.0,19180.45,854.0,2610.0,ascending,true,/135600h3912.46N/10321.77WO235/015/A=062928!W12!,"K0SCC-13>APTT4,Z,Z,Z,qAO,KB0TVJ-1:/135600h3912.46N/10321.77WO235/015/A=062928!W12!",235.0,17.0,27.4,39.207683333333335,-103.36286666666666,8.59,13.82,,,,,,,,-0.00008333,-0.00003,14.23333333,4.33833333,low Re,-0.025556,21.911513,0.002322,3.873491,0.072126,-1.982238,-0.386518,14.411971,-0.007789,6.678629,0.000708,1.180651,0.021985,-1.982208,-0.386491,4.39278,""
EOSS-404,KC0D-2,2026-07-25T07:56:16.968,2026-07-25T07:56:15.000,63199.0,19263.06,798.0,2625.0,ascending,true,/135615h3912.46N/10321.85WO274/016/A=063199 82T669P In Memory EOSS Alpha WA0GEH sk,"KC0D-2>APZEOS,EOSS,WIDE2-1,qAO,N6BA:/135615h3912.46N/10321.85WO274/016/A=063199 82T669P In Memory EOSS Alpha WA0GEH sk",274.0,18.0,29.0,39.20766666666667,-103.36416666666666,8.54,13.74,46.76,8.2,281.35,6690.0,0.07,0.00016073,0.08283648,-0.00008333,-0.00001667,13.3,4.054,low Re,-0.031111,21.875631,0.002183,3.905144,0.072006,-2.195983,-0.462378,14.521656,-0.009478,6.667693,0.000665,1.190297,0.021948,-2.195833,-0.462138,4.426216,""
EOSS-404,N0JPS,2026-07-25T07:56:17.006,2026-07-25T07:56:17.006,63157.0,19250.25,849.6,2627.006,ascending,true,!3912.46N/10321.84WO275/016/A=063157 EOSS BALLOON Leah Love 9sat LOCK,"N0JPS>APRS,WIDE2-1,qAO,N6BA:!3912.46N/10321.84WO275/016/A=063157 EOSS BALLOON Leah Love 9sat LOCK",275.0,18.0,29.0,39.20766666666667,-103.364,8.54,13.74,,,,,,,,-0.00007496,-0.00002776,14.15958687,4.31584208,low Re,0.014319,21.843615,0.002233,3.928568,0.07186,-1.955936,0.168188,14.503278,0.004362,6.657934,0.000681,1.197436,0.021904,-1.955922,0.168051,4.42061,""
EOSS-404,K0SCC-13,2026-07-25T07:56:32.429,2026-07-25T07:56:30.000,63322.0,19300.55,788.0,2640.0,ascending,true,/135630h3912.47N/10321.93WO293/020/A=063322!W88!,"K0SCC-13>APTT4,Z,Z,Z,qAO,N6BA:/135630h3912.47N/10321.93WO293/020/A=063322!W88!",293.0,23.0,37.0,39.207966666666664,-103.36563333333334,8.46,13.62,,,,,,,,-0.00009222,9.44e-6,13.13333333,4.00333333,low Re,-0.034208,21.807622,0.002082,3.960191,0.071748,-2.190371,-0.505798,14.577807,-0.010417,6.646965,0.000635,1.207072,0.02187,-2.190119,-0.50535,4.44333,""
EOSS-404,KC0D-2,2026-07-25T07:56:46.950,2026-07-25T07:56:45.000,63599.0,19384.98,800.0,2655.0,ascending,true,/135645h3912.50N/10322.00WO299/010/A=063599 81T655P In Memory EOSS Alpha WA0GEH sk,"KC0D-2>APZEOS,EOSS,WIDE2-1,qAO,N6BA:/135645h3912.50N/10322.00WO299/010/A=063599 81T655P In Memory EOSS Alpha WA0GEH sk",299.0,12.0,19.3,39.208333333333336,-103.36666666666666,8.4,13.52,46.58,8.1,281.25,6550.0,0.06,0.00015742,0.08113182,-0.00008333,0.00002222,13.33333333,4.064,low Re,0.006667,21.772748,0.002101,3.989215,0.0716,-2.115558,0.063771,14.713122,0.002022,6.636335,0.00064,1.215919,0.021824,-2.115548,0.063325,4.484573,""
EOSS-404,K0SCC-13,2026-07-25T07:57:02.678,2026-07-25T07:57:00.000,63758.0,19433.44,872.0,2670.0,ascending,true,/135700h3912.52N/10322.06WO309/012>K0SCC-13 EOSS Balloon BatVolt: 7.5V | Temp: 39F/A=063758!W09!,"K0SCC-13>APTT4,Z,Z,Z,qAO,N6BA:/135700h3912.52N/10322.06WO309/012>K0SCC-13 EOSS Balloon BatVolt: 7.5V | Temp: 39F/A=063758!W09!",309.0,14.0,22.5,39.208666666666666,-103.36781666666667,8.34,13.42,,,,,,,,-0.00007278,0.00002333,14.53333333,4.42966667,low Re,0.04,21.743078,0.002257,4.007885,0.071493,-1.79889,0.527926,14.793118,0.012189,6.627291,0.000688,1.22161,0.021792,-1.798957,0.527762,4.508953,""
EOSS-404,KC0D-2,2026-07-25T07:57:16.956,2026-07-25T07:57:15.000,64072.0,19529.15,946.0,2685.0,ascending,true,/135715h3912.58N/10322.11WO343/013/A=064072 78T640P In Memory EOSS Alpha WA0GEH sk,"KC0D-2>APZEOS,EOSS,WIDE2-1,qAO,N6BA:/135715h3912.58N/10322.11WO343/013/A=064072 78T640P In Memory EOSS Alpha WA0GEH sk",343.0,15.0,24.1,39.209666666666664,-103.3685,8.27,13.31,46.04,7.8,280.95,6400.0,0.06,0.00015398,0.07935849,-0.00006111,0.00004444,15.76666667,4.80566667,low Re,0.041111,21.718685,0.002416,4.017847,0.071389,-1.481395,0.54203,14.946226,0.012533,6.619856,0.000736,1.224647,0.02176,-1.481398,0.542142,4.555619,""
EOSS-404,N0JPS,2026-07-25T07:57:16.994,2026-07-25T07:57:16.994,64060.0,19525.49,903.2,2686.994,ascending,true,!3912.57N/10322.11WO341/013/A=064060 EOSS BALLOON Leah Love 12sat LOCK,"N0JPS>APRS,WIDE2-1,qAO,N6BA:!3912.57N/10322.11WO341/013/A=064060 EOSS BALLOON Leah Love 12sat LOCK",341.0,15.0,24.1,39.2095,-103.3685,8.27,13.31,,,,,,,,-0.00007502,0.00003056,15.0530106,4.58825098,low Re,-0.011897,21.691589,0.002358,4.032099,0.071249,-1.646432,-0.200073,14.940647,-0.003624,6.611598,0.000719,1.22899,0.021717,-1.646349,-0.199982,4.553917,""
EOSS-404,K0SCC-13,2026-07-25T07:57:32.351,2026-07-25T07:57:30.000,64214.0,19572.43,912.0,2700.0,ascending,true,/135730h3912.61N/10322.13WO293/006/A=064214!W29!,"K0SCC-13>APTT4,Z,Z,Z,qAO,N6BA:/135730h3912.61N/10322.13WO293/006/A=064214!W29!",293.0,7.0,11.3,39.2102,-103.36898333333333,8.23,13.24,,,,,,,,-0.00003889,0.00005111,15.2,4.633,low Re,0.0049,21.665307,0.002368,4.045039,0.071104,-1.59833,0.03561,15.009673,0.001492,6.603587,0.000722,1.232934,0.021673,-1.598291,0.035528,4.574955,""
EOSS-404,KC0D-2,2026-07-25T07:57:46.985,2026-07-25T07:57:45.000,64553.0,19675.75,962.0,2715.0,ascending,true,/135745h3912.62N/10322.18WO237/006/A=064553 77T625P In Memory EOSS Alpha WA0GEH sk,"KC0D-2>APZEOS,EOSS,WIDE2-1,qAO,N6BA:/135745h3912.62N/10322.18WO237/006/A=064553 77T625P In Memory EOSS Alpha WA0GEH sk",237.0,7.0,11.3,39.21033333333333,-103.36966666666666,8.19,13.18,45.86,7.7,280.85,6250.0,0.06,0.00015043,0.07752612,-0.00003889,0.00002222,16.03333333,4.88666667,low Re,0.027778,21.642597,0.002471,4.052653,0.070977,-1.384097,0.356552,15.134452,0.008456,6.596664,0.000753,1.235256,0.021634,-1.384326,0.35606,4.61298,""
EOSS-404,K0SCC-13,2026-07-25T07:58:02.398,2026-07-25T07:58:00.000,64729.0,19729.4,1030.0,2730.0,ascending,true,/135800h3912.59N/10322.22WO240/009/A=064729!W73!,"K0SCC-13>APTT4,Z,Z,Z,qAO,N6BA:/135800h3912.59N/10322.22WO240/009/A=064729!W73!",240.0,10.0,16.1,39.20995,-103.37038333333334,8.17,13.15,,,,,,,,-0.00004667,-8.33e-6,17.16666667,5.23233333,low Re,0.037778,21.624622,0.002613,4.054408,0.070869,-1.099533,0.496197,15.178964,0.011522,6.591185,0.000797,1.235791,0.021601,-1.09958,0.496505,4.626546,""
EOSS-404,KC0D-2,2026-07-25T07:58:16.859,2026-07-25T07:58:15.000,65014.0,19816.27,922.0,2745.0,ascending,true,/135815h3912.58N/10322.27WO239/008/A=065014 74T611P In Memory EOSS Alpha WA0GEH sk,"KC0D-2>APZEOS,EOSS,WIDE2-1,qAO,N6BA:/135815h3912.58N/10322.27WO239/008/A=065014 74T611P In Memory EOSS Alpha WA0GEH sk",239.0,9.0,14.5,39.209666666666664,-103.37116666666667,8.15,13.12,45.32,7.4,280.55,6110.0,0.06,0.00014721,0.07587058,-0.00005,-0.00002222,15.36666667,4.684,low Re,-0.06,21.59959,0.002362,4.06557,0.070837,-1.533099,-0.880359,15.212733,-0.018278,6.583556,0.00072,1.239192,0.021592,-1.532899,-0.879863,4.636835,""
EOSS-404,N0JPS,2026-07-25T07:58:16.979,2026-07-25T07:58:16.979,64987.0,19808.04,927.2,2746.979,ascending,true,!3912.58N/10322.26WO228/011/A=064987 EOSS BALLOON Leah Love 11sat LOCK,"N0JPS>APRS,WIDE2-1,qAO,N6BA:!3912.58N/10322.26WO228/011/A=064987 EOSS BALLOON Leah Love 11sat LOCK",228.0,13.0,20.9,39.209666666666664,-103.371,8.16,13.13,,,,,,,,-0.00004168,2.78e-6,15.45386347,4.71034425,low Re,0.001454,21.575105,0.002358,4.075932,0.070695,-1.501802,-0.012787,15.211797,0.000439,6.576093,0.000719,1.24235,0.021548,-1.50179,-0.012994,4.63655,""
EOSS-404,K0SCC-13,2026-07-25T07:58:32.753,2026-07-25T07:58:30.000,65159.0,19860.46,860.0,2760.0,ascending,true,/135830h3912.55N/10322.31WO241/011>K0SCC-13 EOSS Balloon BatVolt: 7.5V | Temp: 37F/A=065159!W83!,"K0SCC-13>APTT4,Z,Z,Z,qAO,N6BA:/135830h3912.55N/10322.31WO241/011>K0SCC-13 EOSS Balloon BatVolt: 7.5V | Temp: 37F/A=065159!W83!",241.0,13.0,20.9,39.2093,-103.37188333333333,8.14,13.1,,,,,,,,-0.00005,-0.00002167,14.33333333,4.36866667,low Re,-0.037351,21.546368,0.0022,4.093304,0.070598,-1.762155,-0.560228,15.208933,-0.011389,6.567333,0.000671,1.247646,0.021519,-1.762252,-0.560435,4.635674,""
EOSS-404,KC0D-2,2026-07-25T07:58:46.950,2026-07-25T07:58:45.000,65451.0,19949.46,874.0,2775.0,ascending,true,/135845h3912.53N/10322.38WO238/015/A=065451 73T597P In Memory EOSS Alpha WA0GEH sk,"KC0D-2>APZEOS,EOSS,WIDE2-1,qAO,N6BA:/135845h3912.53N/10322.38WO238/015/A=065451 73T597P In Memory EOSS Alpha WA0GEH sk",238.0,17.0,27.4,39.20883333333333,-103.373,8.11,13.05,45.14,7.3,280.45,5970.0,0.06,0.00014389,0.07415857,-0.00006111,-0.00002778,14.56666667,4.43966667,low Re,0.007778,21.51878,0.002222,4.108675,0.070458,-1.692057,0.078855,15.152988,0.002367,6.558924,0.000677,1.252333,0.021476,-1.692247,0.078692,4.618619,""
EOSS-404,K0SCC-13,2026-07-25T07:59:02.436,2026-07-25T07:59:00.000,65579.0,19988.48,840.0,2790.0,ascending,true,/135900h3912.50N/10322.44WO250/021/A=065579!W25!,"K0SCC-13>APTT4,Z,Z,Z,qAO,N6BA:/135900h3912.50N/10322.44WO250/021/A=065579!W25!",250.0,24.0,38.6,39.20836666666667,-103.37408333333333,8.08,13.0,,,,,,,,-0.00007333,-0.00003111,14.0,4.26733333,low Re,-0.018889,21.489178,0.002139,4.127596,0.07033,-1.814416,-0.29899,15.106974,-0.005744,6.549902,0.000652,1.258099,0.021437,-1.8143,-0.298363,4.60459,""
EOSS-404,KC0D-2,2026-07-25T07:59:16.931,2026-07-25T07:59:15.000,65887.0,20082.36,872.0,2805.0,ascending,true,/135915h3912.48N/10322.54WO252/024/A=065887 71T585P In Memory EOSS Alpha WA0GEH sk,"KC0D-2>APZEOS,EOSS,WIDE2-1,qAO,N6BA:/135915h3912.48N/10322.54WO252/024/A=065887 71T585P In Memory EOSS Alpha WA0GEH sk",252.0,28.0,45.1,39.208,-103.37566666666666,8.03,12.92,44.78,7.1,280.25,5850.0,0.06,0.0001411,0.0727198,-0.00008889,-0.00002778,14.53333333,4.43,low Re,0.017778,21.461901,0.0022,4.142429,0.070198,-1.672586,0.221915,14.941631,0.005422,6.541588,0.000671,1.262618,0.021397,-1.672389,0.22204,4.554189,""
EOSS-404,N0JPS,2026-07-25T07:59:17.034,2026-07-25T07:59:17.034,65832.0,20065.59,844.2,2807.034,ascending,true,!3912.48N/10322.53WO249/023/A=065832 EOSS BALLOON Leah Love 10sat LOCK,"N0JPS>APRS,WIDE2-1,qAO,N6BA:!3912.48N/10322.53WO249/023/A=065832 EOSS BALLOON Leah Love 10sat LOCK",249.0,26.0,41.8,39.208,-103.3755,8.03,12.92,,,,,,,,-0.00007493,-0.00002775,14.07043543,4.28856881,low Re,-0.007708,21.433028,0.002161,4.160028,0.070063,-1.769842,-0.140859,14.97673,-0.002355,6.532787,0.000659,1.267983,0.021356,-1.769912,-0.141131,4.564891,""
EOSS-404,K0SCC-13,2026-07-25T07:59:32.321,2026-07-25T07:59:30.000,66022.0,20123.51,886.0,2820.0,ascending,true,/135930h3912.45N/10322.64WO256/020/A=066022!W68!,"K0SCC-13>APTT4,Z,Z,Z,qAO,N6BA:/135930h3912.45N/10322.64WO256/020/A=066022!W68!",256.0,23.0,37.0,39.207600000000006,-103.37746666666668,7.97,12.83,,,,,,,,-0.00011278,-0.00002556,14.76666667,4.501,low Re,0.023208,21.407089,0.002244,4.172667,0.069937,-1.59141,0.299755,14.845689,0.007081,6.524882,0.000684,1.271835,0.021317,-1.591309,0.300089,4.524943,""
EOSS-404,KC0D-2,2026-07-25T07:59:46.879,2026-07-25T07:59:45.000,66331.0,20217.69,888.0,2835.0,ascending,true,/135945h3912.44N/10322.75WO254/017/A=066331 71T572P In Memory EOSS Alpha WA0GEH sk,"KC0D-2>APZEOS,EOSS,WIDE2-1,qAO,N6BA:/135945h3912.44N/10322.75WO254/017/A=066331 71T572P In Memory EOSS Alpha WA0GEH sk",254.0,20.0,32.2,39.20733333333333,-103.37916666666666,7.91,12.73,44.78,7.1,280.25,5720.0,0.06,0.00013796,0.07110381,-0.00011667,-0.00002222,14.8,4.511,low Re,0.001111,21.38148,0.002239,4.184807,0.069801,-1.572708,-0.01616,14.579452,0.000333,6.517076,0.000683,1.275535,0.021276,-1.572733,-0.01645,4.443796,""
EOSS-404,K0SCC-13,2026-07-25T08:00:02.754,2026-07-25T08:00:00.000,66481.0,20263.41,918.0,2850.0,ascending,true,/140000h3912.40N/10322.85WO259/013>K0SCC-13 EOSS Balloon BatVolt: 7.5V | Temp: 35F/A=066481!W69!,"K0SCC-13>APTT4,Z,Z,Z,qAO,N6BA:/140000h3912.40N/10322.85WO259/013>K0SCC-13 EOSS Balloon BatVolt: 7.5V | Temp: 35F/A=066481!W69!",259.0,15.0,24.1,39.20676666666667,-103.38098333333333,7.85,12.63,,,,,,,,-0.00011722,-0.00002778,15.3,4.66333333,low Re,0.016667,21.357999,0.002295,4.193748,0.069671,-1.444531,0.206284,14.431934,0.005078,6.509919,0.0007,1.278261,0.021236,-1.444608,0.206159,4.398834,""
EOSS-404,KC0D-2,2026-07-25T08:00:16.909,2026-07-25T08:00:15.000,66767.0,20350.58,872.0,2865.0,ascending,true,/140015h3912.39N/10322.97WO263/023/A=066767 68T560P In Memory EOSS Alpha WA0GEH sk,"KC0D-2>APZEOS,EOSS,WIDE2-1,qAO,N6BA:/140015h3912.39N/10322.97WO263/023/A=066767 68T560P In Memory EOSS Alpha WA0GEH sk",263.0,26.0,41.8,39.2065,-103.38283333333334,7.79,12.54,44.24,6.8,279.95,5600.0,0.06,0.00013521,0.06968672,-0.00012222,-0.00002778,14.53333333,4.42966667,low Re,-0.025556,21.33175,0.002187,4.206989,0.069557,-1.615982,-0.398853,14.135384,-0.007789,6.501918,0.000667,1.282297,0.021202,-1.616046,-0.39883,4.308455,""
EOSS-404,N0JPS,2026-07-25T08:00:16.999,2026-07-25T08:00:16.999,66711.0,20333.51,879.5,2866.999,ascending,true,!3912.39N/10322.96WO258/024/A=066711 EOSS BALLOON Leah Love 11sat LOCK,"N0JPS>APRS,WIDE2-1,qAO,N6BA:!3912.39N/10322.96WO258/024/A=066711 EOSS BALLOON Leah Love 11sat LOCK",258.0,28.0,45.1,39.2065,-103.38266666666667,7.8,12.55,,,,,,,,-0.00011951,-0.00002501,14.65855082,4.46793963,low Re,0.002088,21.306183,0.002187,4.219159,0.069423,-1.575582,-0.001426,14.193799,0.000638,6.494125,0.000667,1.286007,0.021161,-1.575563,-0.00137,4.326259,""
EOSS-404,K0SCC-13,2026-07-25T08:00:32.399,2026-07-25T08:00:30.000,66901.0,20391.42,840.0,2880.0,ascending,true,/140030h3912.40N/10323.09WO258/018/A=066901!W30!,"K0SCC-13>APTT4,Z,Z,Z,qAO,N6BA:/140030h3912.40N/10323.09WO258/018/A=066901!W30!",258.0,21.0,33.8,39.206716666666665,-103.38483333333333,7.7,12.39,,,,,,,,-0.00012833,-1.67e-6,14.0,4.267,low Re,-0.021952,21.278296,0.002095,4.235191,0.069305,-1.718528,-0.346974,13.998204,-0.006698,6.485624,0.000638,1.290894,0.021125,-1.718672,-0.347266,4.266651,""
EOSS-404,KC0D-2,2026-07-25T08:00:46.997,2026-07-25T08:00:45.000,67195.0,20481.04,856.0,2895.0,ascending,true,/140045h3912.40N/10323.17WO285/016/A=067195 69T548P In Memory EOSS Alpha WA0GEH sk,"KC0D-2>APZEOS,EOSS,WIDE2-1,qAO,N6BA:/140045h3912.40N/10323.17WO285/016/A=067195 69T548P In Memory EOSS Alpha WA0GEH sk",285.0,18.0,29.0,39.20666666666666,-103.38616666666667,7.65,12.31,44.42,6.9,280.05,5480.0,0.05,0.00013227,0.06816908,-0.00011111,5.56e-6,14.26666667,4.34866667,low Re,0.008889,21.251636,0.002121,4.249154,0.069173,-1.643849,0.097842,13.733665,0.002722,6.477499,0.000646,1.295149,0.021085,-1.643697,0.098459,4.186028,""
EOSS-404,K0SCC-13,2026-07-25T08:01:02.331,2026-07-25T08:01:00.000,67338.0,20524.62,874.0,2910.0,ascending,true,/140100h3912.41N/10323.23WO319/020/A=067338!W93!,"K0SCC-13>APTT4,Z,Z,Z,qAO,N6BA:/140100h3912.41N/10323.23WO319/020/A=067338!W93!",319.0,23.0,37.0,39.20698333333333,-103.38721666666667,7.59,12.21,,,,,,,,-0.00007944,8.89e-6,14.56666667,4.44,low Re,0.01,21.226314,0.002151,4.260978,0.069043,-1.562939,0.113683,13.639756,0.003044,6.469781,0.000656,1.298753,0.021045,-1.562869,0.113471,4.15742,""
EOSS-404,KC0D-2,2026-07-25T08:01:33.162,2026-07-25T08:01:15.000,67533.0,20584.06,676.0,2925.0,ascending,true,/140115h3912.42N/10323.28WO273/014/A=067533 66T538P In Memory EOSS Alpha WA0GEH sk,"KC0D-2>APZEOS,EOSS,WIDE2-1,qAO,N6BA:/140115h3912.42N/10323.28WO273/014/A=067533 66T538P In Memory EOSS Alpha WA0GEH sk",273.0,16.0,25.7,39.207,-103.388,7.56,12.17,43.88,6.6,279.75,5380.0,0.05,0.00013,0.06699689,-0.00006111,0.00001111,11.26666667,3.434,low Re,-0.11,21.188731,0.001726,4.296683,0.069256,-2.309238,-1.613232,13.57235,-0.033533,6.458325,0.000526,1.309636,0.02111,-2.309287,-1.613406,4.136893,""
EOSS-404,N0JPS,2026-07-25T08:01:17.058,2026-07-25T08:01:17.058,67568.0,20594.73,856.2,2927.058,ascending,true,!3912.42N/10323.28WO259/011/A=067568 EOSS BALLOON Leah Love 12sat LOCK,"N0JPS>APRS,WIDE2-1,qAO,N6BA:!3912.42N/10323.28WO259/011/A=067568 EOSS BALLOON Leah Love 12sat LOCK",259.0,13.0,20.9,39.207,-103.388,7.56,12.17,,,,,,,,-0.0000888,8.33e-6,14.26930185,4.34938977,low Re,0.049995,21.162718,0.001908,4.309503,0.069189,-1.599585,0.695009,13.569705,0.015242,6.450397,0.000582,1.313543,0.021089,-1.599496,0.695149,4.136091,""
EOSS-404,K0SCC-13,2026-07-25T08:01:32.756,2026-07-25T08:01:30.000,66403.0,20239.63,-1870.0,0.0,descending,true,/140130h3912.44N/10323.37WO341/013>K0SCC-13 EOSS Balloon BatVolt: 7.5V | Temp: 34F/A=066403!W81!,"K0SCC-13>APTT4,Z,Z,Z,qAO,N6BA:/140130h3912.44N/10323.37WO341/013>K0SCC-13 EOSS Balloon BatVolt: 7.5V | Temp: 34F/A=066403!W81!",341.0,15.0,24.1,39.20746666666666,-103.38951666666667,7.47,12.02,,,,,,,,-0.00007667,0.00001611,-31.16666667,-9.49966667,n/a,,-31.166667,,,,,,-31.828825,,-9.499667,,,,,,-9.701502,""
EOSS-404,KC0D-2,2026-07-25T08:01:46.903,2026-07-25T08:01:45.000,65182.0,19867.47,-4702.0,15.0,descending,true,/140145h3912.42N/10323.44WO283/017/A=065182 68T605P In Memory EOSS Alpha WA0GEH sk,"KC0D-2>APZEOS,EOSS,WIDE2-1,qAO,N6BA:/140145h3912.42N/10323.44WO283/017/A=065182 68T605P In Memory EOSS Alpha WA0GEH sk",283.0,20.0,32.2,39.207,-103.39066666666666,7.45,11.99,44.24,6.8,279.95,6050.0,0.06,0.00014608,0.07528654,-0.00008889,0.0,-78.36666667,-23.88633333,n/a,-1.573333,-54.766667,-1.573333,33.37544,,-0.707107,,-75.2585,-0.479556,-16.693,-0.479556,10.17291,,-0.707107,,-22.938898,""
EOSS-404,K0SCC-13,2026-07-25T08:02:02.411,2026-07-25T08:02:00.000,64040.0,19519.39,-4726.0,30.0,descending,true,/140200h3912.41N/10323.47WO021/033/A=064040!W76!,"K0SCC-13>APTT4,Z,Z,Z,qAO,N6BA:/140200h3912.41N/10323.47WO021/033/A=064040!W76!",21.0,38.0,61.2,39.20695,-103.39126666666667,7.43,11.96,,,,,,,,-0.00005833,-0.00001722,-78.76666667,-24.008,n/a,-0.013333,-62.766667,-0.793333,27.367134,1.103087,-0.584643,0.707107,-82.54126,-0.004056,-19.131333,-0.241806,8.34149,0.336229,-0.584628,0.707107,-25.158622,""
EOSS-404,KC0D-2,2026-07-25T08:02:16.888,2026-07-25T08:02:15.000,62836.0,19152.41,-4692.0,45.0,descending,true,/140215h3912.44N/10323.54WO296/018/A=062836 69T680P In Memory EOSS Alpha WA0GEH sk,"KC0D-2>APZEOS,EOSS,WIDE2-1,qAO,N6BA:/140215h3912.44N/10323.54WO296/018/A=062836 69T680P In Memory EOSS Alpha WA0GEH sk",296.0,21.0,33.8,39.20733333333333,-103.39233333333334,7.37,11.86,44.42,6.9,280.05,6800.0,0.07,0.00016413,0.08458937,-0.00005556,0.00001111,-78.2,-23.83533333,n/a,0.018889,-66.625,-0.522592,23.640085,0.910111,-0.489634,0.594961,-79.382642,0.005756,-20.307333,-0.159285,7.205475,0.277406,-0.489628,0.594944,-24.195808,""
EOSS-404,N0JPS,2026-07-25T08:02:16.991,2026-07-25T08:02:16.991,62796.0,19140.22,-4777.3,46.991,descending,true,!3912.43N/10323.53WO306/028/A=062796 EOSS BALLOON Leah Love 10sat LOCK,"N0JPS>APRS,WIDE2-1,qAO,N6BA:!3912.43N/10323.53WO306/028/A=062796 EOSS BALLOON Leah Love 10sat LOCK",306.0,32.0,51.5,39.207166666666666,-103.39216666666667,7.38,11.88,,,,,,,,-0.00006952,2.78e-6,-79.62224484,-24.26893364,n/a,-0.023731,-69.224449,-0.397877,21.282055,0.783847,-0.488571,0.47732,-79.224288,-0.007235,-21.099653,-0.121273,6.486756,0.238919,-0.488577,0.477308,-24.147547,""
EOSS-404,K0SCC-13,2026-07-25T08:02:32.380,2026-07-25T08:02:30.000,61733.0,18816.22,-4614.0,60.0,descending,true,/140230h3912.40N/10323.58WO279/032/A=061733!W78!,"K0SCC-13>APTT4,Z,Z,Z,qAO,N6BA:/140230h3912.40N/10323.58WO279/032/A=061733!W78!",279.0,37.0,59.5,39.20678333333333,-103.39313333333334,7.36,11.84,,,,,,,,-0.00006222,-5.56e-6,-76.9,-23.439,n/a,0.090741,-70.503707,-0.300153,19.291442,0.713135,-0.331561,0.548135,-75.094876,0.027664,-21.489544,-0.091485,5.880008,0.217367,-0.33154,0.548147,-22.888879,""
EOSS-404,KC0D-2,2026-07-25T08:02:46.939,2026-07-25T08:02:45.000,60609.0,18473.62,-4454.0,75.0,descending,true,/140245h3912.39N/10323.62WO182/017/A=060609 69T761P In Memory EOSS Alpha WA0GEH sk,"KC0D-2>APZEOS,EOSS,WIDE2-1,qAO,N6BA:/140245h3912.39N/10323.62WO182/017/A=060609 69T761P In Memory EOSS Alpha WA0GEH sk",182.0,20.0,32.2,39.2065,-103.39366666666666,7.35,11.83,44.42,6.9,280.05,7610.0,0.08,0.00018368,0.09466546,-0.00004444,-0.00002778,-74.23333333,-22.62633333,n/a,0.088889,-71.036511,-0.235313,17.666926,0.657324,-0.18095,0.493215,-71.705459,0.027089,-21.651943,-0.071723,5.384858,0.200355,-0.18095,0.493185,-21.855764,""
EOSS-404,K0SCC-13,2026-07-25T08:03:02.692,2026-07-25T08:03:00.000,59653.0,18182.23,-4160.0,90.0,descending,true,/140300h3912.36N/10323.60WO179/030>K0SCC-13 EOSS Balloon BatVolt: 7.5V | Temp: 33F/A=059653!W79!,"K0SCC-13>APTT4,Z,Z,Z,qAO,N6BA:/140300h3912.36N/10323.60WO179/030>K0SCC-13 EOSS Balloon BatVolt: 7.5V | Temp: 33F/A=059653!W79!",179.0,35.0,56.3,39.20611666666667,-103.39348333333334,7.38,11.88,,,,,,,,-0.00001167,-0.00002222,-69.33333333,-21.133,n/a,0.163333,-70.823614,-0.178364,16.367475,0.61868,0.091051,0.5523,-69.59831,0.049778,-21.587075,-0.054366,4.988785,0.188575,0.091019,0.552268,-21.213515,""
EOSS-404,KC0D-2,2026-07-25T08:03:16.879,2026-07-25T08:03:15.000,58627.0,17869.51,-3964.0,105.0,descending,true,/140315h3912.38N/10323.61WO006/016/A=058627 66T842P In Memory EOSS Alpha WA0GEH sk,"KC0D-2>APZEOS,EOSS,WIDE2-1,qAO,N6BA:/140315h3912.38N/10323.61WO006/016/A=058627 66T842P In Memory EOSS Alpha WA0GEH sk",6.0,18.0,29.0,39.20633333333333,-103.3935,7.37,11.86,43.88,6.6,279.75,8420.0,0.08,0.00020345,0.10485387,5.56e-6,-5.56e-6,-66.06666667,-20.137,n/a,0.108889,-70.295064,-0.142457,15.392263,0.581721,0.274709,0.432073,-67.65011,0.0332,-21.425956,-0.04342,4.691547,0.17731,0.27474,0.432125,-20.619732,""
EOSS-404,N0JPS,2026-07-25T08:03:16.969,2026-07-25T08:03:16.969,58647.0,17875.61,-4150.5,106.969,descending,true,!3912.37N/10323.60WO008/017/A=058647 EOSS BALLOON Leah Love 10sat LOCK,"N0JPS>APRS,WIDE2-1,qAO,N6BA:!3912.37N/10323.60WO008/017/A=058647 EOSS BALLOON Leah Love 10sat LOCK",8.0,20.0,32.2,39.20616666666667,-103.39333333333333,7.38,11.88,,,,,,,,-0.00001945,-0.00001667,-69.1753643,-21.08456434,n/a,-0.051831,-70.183094,-0.132387,14.516284,0.544988,0.069421,0.147812,-67.687997,-0.015799,-21.391816,-0.040351,4.42455,0.166114,0.069442,0.147802,-20.631287,""
EOSS-404,K0SCC-13,2026-07-25T08:03:32.392,2026-07-25T08:03:30.000,57760.0,17605.25,-3786.0,120.0,descending,true,/140330h3912.43N/10323.57WO204/027/A=057760!W00!,"K0SCC-13>APTT4,Z,Z,Z,qAO,N6BA:/140330h3912.43N/10323.57WO204/027/A=057760!W00!",204.0,31.0,49.9,39.207166666666666,-103.39283333333333,7.35,11.83,,,,,,,,0.00002167,0.000035,-63.1,-19.23266667,n/a,0.202512,-69.539177,-0.098898,13.935967,0.52462,0.462055,0.57453,-65.931125,0.06173,-21.19553,-0.030143,4.247681,0.159906,0.462102,0.574544,-20.095805,""
EOSS-404,KC0D-2,2026-07-25T08:03:46.878,2026-07-25T08:03:45.000,56799.0,17312.34,-3656.0,135.0,descending,true,/140345h3912.43N/10323.60WO326/004/A=056799 64T924P In Memory EOSS Alpha WA0GEH sk,"KC0D-2>APZEOS,EOSS,WIDE2-1,qAO,N6BA:/140345h3912.43N/10323.60WO326/004/A=056799 64T924P In Memory EOSS Alpha WA0GEH sk",326.0,5.0,8.0,39.207166666666666,-103.39333333333333,7.33,11.8,43.52,6.4,279.55,9240.0,0.09,0.00022342,0.11514761,5.56e-6,0.00002778,-60.93333333,-18.57233333,n/a,0.072222,-68.822023,-0.083341,13.517667,0.500365,0.583584,0.310899,-63.759622,0.022011,-20.97693,-0.025402,4.12019,0.152513,0.583613,0.310878,-19.433952,""
EOSS-404,K0SCC-13,2026-07-25T08:04:02.437,2026-07-25T08:04:00.000,55886.0,17034.05,-3748.0,150.0,descending,true,/140400h3912.41N/10323.59WO189/034/A=055886!W88!,"K0SCC-13>APTT4,Z,Z,Z,qAO,N6BA:/140400h3912.41N/10323.59WO189/034/A=055886!W88!",189.0,39.0,62.8,39.206966666666666,-103.39330000000001,7.34,11.81,,,,,,,,-0.00001556,-6.67e-6,-62.46666667,-19.04,n/a,-0.051111,-68.333149,-0.080655,13.061662,0.47717,0.449138,0.061915,-61.416403,-0.015589,-20.827936,-0.024584,3.981193,0.145443,0.449096,0.061846,-18.719727,""
EOSS-404,KC0D-2,2026-07-25T08:04:16.940,2026-07-25T08:04:15.000,54984.0,16759.12,-3630.0,165.0,descending,true,/140415h3912.33N/10323.57WO151/013/A=054984 60T1015P In Memory EOSS Alpha WA0GEH sk,"KC0D-2>APZEOS,EOSS,WIDE2-1,qAO,N6BA:/140415h3912.33N/10323.57WO151/013/A=054984 60T1015P In Memory EOSS Alpha WA0GEH sk",151.0,15.0,24.1,39.2055,-103.39283333333333,7.43,11.96,42.8,6.0,279.15,10150.0,0.1,0.00024578,0.12666915,0.00001667,-0.00005556,-60.5,-18.44066667,n/a,0.065556,-67.773639,-0.069408,12.722662,0.458652,0.571707,0.294262,-58.919734,0.019978,-20.657417,-0.021156,3.877853,0.139798,0.571644,0.294239,-17.958742,""
EOSS-404,N0JPS,2026-07-25T08:04:17.030,2026-07-25T08:04:17.030,54923.0,16740.53,-3720.2,167.03,descending,true,!3912.33N/10323.57WO193/016/A=054923 EOSS BALLOON Leah Love 10sat LOCK,"N0JPS>APRS,WIDE2-1,qAO,N6BA:!3912.33N/10323.57WO193/016/A=054923 EOSS BALLOON Leah Love 10sat LOCK",193.0,18.0,29.0,39.2055,-103.39283333333333,7.43,11.96,,,,,,,,8.32e-6,-0.0000111,-62.00362964,-18.89878623,n/a,-0.025035,-67.388971,-0.066239,12.350052,0.440818,0.436058,0.093472,-58.747698,-0.007628,-20.540175,-0.02019,3.764281,0.134363,0.436043,0.093493,-17.906313,""
EOSS-404,K0SCC-13,2026-07-25T08:04:32.723,2026-07-25T08:04:30.000,54177.0,16513.15,-3418.0,180.0,descending,true,/140430h3912.24N/10323.48WO181/025>K0SCC-13 EOSS Balloon BatVolt: 7.5V | Temp: 32F/A=054177!W91!,"K0SCC-13>APTT4,Z,Z,Z,qAO,N6BA:/140430h3912.24N/10323.48WO181/025>K0SCC-13 EOSS Balloon BatVolt: 7.5V | Temp: 32F/A=054177!W91!",181.0,29.0,46.7,39.20415,-103.39135,7.55,12.15,,,,,,,,0.000065,-0.00009389,-56.96666667,-17.36333333,n/a,0.167899,-66.737577,-0.05063,12.212476,0.429063,0.800076,0.509317,-56.64632,0.051182,-20.341622,-0.015432,3.722355,0.13078,0.800109,0.509359,-17.265814,""
EOSS-404,KC0D-2,2026-07-25T08:04:46.981,2026-07-25T08:04:45.000,53428.0,16284.85,-3112.0,195.0,descending,true,/140445h3912.21N/10323.49WO155/024/A=053428 58T1101P In Memory EOSS Alpha WA0GEH sk,"KC0D-2>APZEOS,EOSS,WIDE2-1,qAO,N6BA:/140445h3912.21N/10323.49WO155/024/A=053428 58T1101P In Memory EOSS Alpha WA0GEH sk",155.0,28.0,45.1,39.2035,-103.3915,7.58,12.2,42.44,5.8,278.95,11010.0,0.11,0.00026679,0.13750022,0.00004444,-0.00006667,-51.86666667,-15.809,n/a,0.17,-65.862818,-0.03684,12.362504,0.418168,1.132145,0.494634,-54.599457,0.051811,-20.074997,-0.011229,3.768082,0.127459,1.13214,0.49459,-16.641913,""
EOSS-404,K0SCC-13,2026-07-25T08:05:02.389,2026-07-25T08:05:00.000,52631.0,16041.93,-3092.0,210.0,descending,true,/140500h3912.12N/10323.47WO162/039/A=052631!W41!,"K0SCC-13>APTT4,Z,Z,Z,qAO,N6BA:/140500h3912.12N/10323.47WO162/039/A=052631!W41!",162.0,45.0,72.4,39.20206666666667,-103.39118333333333,7.66,12.33,,,,,,,,5.56e-6,-0.00006944,-51.53333333,-15.70733333,n/a,0.011111,-65.066735,-0.03402,12.45989,0.405057,1.086157,0.111419,-52.573831,0.003389,-19.832349,-0.010369,3.797768,0.123462,1.086168,0.111435,-16.024512,""
EOSS-404,KC0D-2,2026-07-25T08:05:16.931,2026-07-25T08:05:15.000,51860.0,15806.93,-3136.0,225.0,descending,true,/140515h3912.04N/10323.41WO116/033/A=051860 53T1193P In Memory EOSS Alpha WA0GEH sk,"KC0D-2>APZEOS,EOSS,WIDE2-1,qAO,N6BA:/140515h3912.04N/10323.41WO116/033/A=051860 53T1193P In Memory EOSS Alpha WA0GEH sk",116.0,38.0,61.2,39.20066666666666,-103.39016666666667,7.76,12.49,41.54,5.3,278.45,11930.0,0.12,0.00028961,0.14925733,0.00004444,-0.00009444,-52.26666667,-15.93066667,n/a,-0.024444,-64.393048,-0.033488,12.459822,0.392969,0.973239,0.023015,-50.824432,-0.007444,-19.626997,-0.010207,3.79776,0.119778,0.973292,0.023068,-15.491292,""
EOSS-404,N0JPS,2026-07-25T08:05:16.969,2026-07-25T08:05:16.969,51838.0,15800.22,-3088.1,226.969,descending,true,!3912.04N/10323.42WO122/032/A=051838 EOSS BALLOON Leah Love 12sat LOCK,"N0JPS>APRS,WIDE2-1,qAO,N6BA:!3912.04N/10323.42WO122/032/A=051838 EOSS BALLOON Leah Love 12sat LOCK",122.0,37.0,59.5,39.20066666666666,-103.39033333333333,7.76,12.49,,,,,,,,0.00004171,-0.00008064,-51.46899348,-15.68778258,n/a,0.013308,-63.746845,-0.031025,12.46707,0.382048,0.984823,0.11604,-50.777949,0.004052,-19.430037,-0.009456,3.799966,0.116449,0.984813,0.115999,-15.477114,""
EOSS-404,K0SCC-13,2026-07-25T08:05:32.416,2026-07-25T08:05:30.000,51109.0,15578.02,-3044.0,240.0,descending,true,/140530h3911.95N/10323.34WO179/027/A=051109!W23!,"K0SCC-13>APTT4,Z,Z,Z,qAO,N6BA:/140530h3911.95N/10323.34WO179/027/A=051109!W23!",179.0,31.0,49.9,39.1992,-103.38905,7.88,12.68,,,,,,,,0.00007111,-0.00009556,-50.73333333,-15.46366667,n/a,0.024522,-63.127154,-0.028247,12.478814,0.372066,0.993189,0.141827,-49.351493,0.007471,-19.241162,-0.00861,3.803538,0.113407,0.993153,0.141799,-15.042326,""
EOSS-404,KC0D-2,2026-07-25T08:05:46.889,2026-07-25T08:05:45.000,50413.0,15365.88,-2894.0,255.0,descending,true,/140545h3911.85N/10323.32WO168/037/A=050413 50T1285P In Memory EOSS Alpha WA0GEH sk,"KC0D-2>APZEOS,EOSS,WIDE2-1,qAO,N6BA:/140545h3911.85N/10323.32WO168/037/A=050413 50T1285P In Memory EOSS Alpha WA0GEH sk",168.0,43.0,69.2,39.1975,-103.38866666666667,7.97,12.83,41.0,5.0,278.15,12850.0,0.13,0.00031228,0.16094093,0.00005,-0.00010556,-48.23333333,-14.70166667,n/a,0.083333,-62.450162,-0.022934,12.58525,0.363461,1.129642,0.292375,-48.196559,0.0254,-19.034821,-0.00699,3.835973,0.110784,1.12961,0.292371,-14.690301,""
EOSS-404,K0SCC-13,2026-07-25T08:06:02.696,2026-07-25T08:06:00.000,49718.0,15154.05,-2782.0,270.0,descending,true,/140600h3911.67N/10323.26WO183/027>K0SCC-13 EOSS Balloon BatVolt: 7.4V | Temp: 29F/A=049718!W81!,"K0SCC-13>APTT4,Z,Z,Z,qAO,N6BA:/140600h3911.67N/10323.26WO183/027>K0SCC-13 EOSS Balloon BatVolt: 7.4V | Temp: 29F/A=049718!W81!",183.0,31.0,49.9,39.19463333333333,-103.38768333333333,8.15,13.12,,,,,,,,0.00004556,-0.00015222,-46.36666667,-14.13233333,n/a,0.062222,-61.75088,-0.019063,12.745036,0.355166,1.207075,0.228865,-47.234619,0.018978,-18.82167,-0.00581,3.884689,0.108256,1.207133,0.228976,-14.397108,""
EOSS-404,KC0D-2,2026-07-25T08:06:16.973,2026-07-25T08:06:15.000,49055.0,14951.96,-2716.0,285.0,descending,true,/140615h3911.54N/10323.24WO180/027/A=049055 45T1376P In Memory EOSS Alpha WA0GEH sk,"KC0D-2>APZEOS,EOSS,WIDE2-1,qAO,N6BA:/140615h3911.54N/10323.24WO180/027/A=049055 45T1376P In Memory EOSS Alpha WA0GEH sk",180.0,31.0,49.9,39.19233333333333,-103.38733333333333,8.28,13.33,40.1,4.5,277.65,13760.0,0.14,0.00033499,0.17264866,0.00004444,-0.00017222,-45.26666667,-13.79733333,n/a,0.036667,-61.064037,-0.01664,12.911064,0.347195,1.223553,0.153536,-46.474811,0.011167,-18.612322,-0.005072,3.935292,0.105826,1.22354,0.15345,-14.165509,""
EOSS-404,N0JPS,2026-07-25T08:06:17.010,2026-07-25T08:06:17.010,49070.0,14956.54,-2766.1,287.01,descending,true,!3911.55N/10323.24WO179/025/A=049070 EOSS BALLOON Leah Love 12sat LOCK,"N0JPS>APRS,WIDE2-1,qAO,N6BA:!3911.55N/10323.24WO179/025/A=049070 EOSS BALLOON Leah Love 12sat LOCK",179.0,29.0,46.7,39.1925,-103.38733333333333,8.27,13.31,,,,,,,,0.00004997,-0.00013602,-46.10183042,-14.05173132,n/a,-0.01391,-60.465549,-0.016526,12.988634,0.339564,1.105868,0.007704,-46.490483,-0.004237,-18.429899,-0.005037,3.95894,0.1035,1.105894,0.007729,-14.170295,""
EOSS-404,K0SCC-13,2026-07-25T08:06:32.487,2026-07-25T08:06:30.000,48379.0,14745.92,-2678.0,300.0,descending,true,/140630h3911.44N/10323.20WO180/029/A=048379!W04!,"K0SCC-13>APTT4,Z,Z,Z,qAO,N6BA:/140630h3911.44N/10323.20WO180/029/A=048379!W04!",180.0,33.0,53.1,39.190666666666665,-103.38673333333334,8.38,13.49,,,,,,,,0.00003167,-0.00013222,-44.63333333,-13.60433333,n/a,0.04895,-59.856618,-0.013907,13.09951,0.332672,1.162126,0.188946,-45.831237,0.014913,-18.2443,-0.004239,3.992731,0.101399,1.162104,0.188878,-13.969354,""
EOSS-404,KC0D-2,2026-07-25T08:06:46.906,2026-07-25T08:06:45.000,47716.0,14543.84,-2678.0,315.0,descending,true,/140645h3911.32N/10323.13WO130/040/A=047716 42T1473P In Memory EOSS Alpha WA0GEH sk,"KC0D-2>APZEOS,EOSS,WIDE2-1,qAO,N6BA:/140645h3911.32N/10323.13WO130/040/A=047716 42T1473P In Memory EOSS Alpha WA0GEH sk",130.0,46.0,74.0,39.18866666666667,-103.3855,8.53,13.73,39.56,4.2,277.35,14730.0,0.15,0.000359,0.1850193,0.00006111,-0.00012222,-44.63333333,-13.604,n/a,0.0,-59.292792,-0.013373,13.174997,0.325962,1.112673,0.041026,-45.298455,0.000011,-18.072437,-0.004076,4.015749,0.099354,1.112728,0.041136,-13.806965,""
EOSS-404,K0SCC-13,2026-07-25T08:07:02.406,2026-07-25T08:07:00.000,47027.0,14333.83,-2704.0,330.0,descending,true,/140700h3911.15N/10323.03WO186/029/A=047027!W51!,"K0SCC-13>APTT4,Z,Z,Z,qAO,N6BA:/140700h3911.15N/10323.03WO186/029/A=047027!W51!",186.0,33.0,53.1,39.18591666666667,-103.38385,8.72,14.03,,,,,,,,0.00009611,-0.00015833,-45.06666667,-13.73633333,n/a,-0.014444,-58.784717,-0.013412,13.205287,0.319632,1.03883,-0.003229,-44.815452,-0.004411,-17.917576,-0.004088,4.024981,0.097425,1.038823,-0.003315,-13.659746,""
EOSS-404,KC0D-2,2026-07-25T08:07:16.852,2026-07-25T08:07:15.000,46386.0,14138.45,-2660.0,345.0,descending,true,/140715h3911.05N/10322.94WO137/045/A=046386 36T1574P In Memory EOSS Alpha WA0GEH sk,"KC0D-2>APZEOS,EOSS,WIDE2-1,qAO,N6BA:/140715h3911.05N/10322.94WO137/045/A=046386 36T1574P In Memory EOSS Alpha WA0GEH sk",137.0,52.0,83.7,39.18416666666667,-103.38233333333334,8.87,14.27,38.48,3.6,276.75,15740.0,0.16,0.00038444,0.19813425,0.00010556,-0.00015,-44.33333333,-13.513,n/a,0.024444,-58.286393,-0.01206,13.2421,0.313739,1.053689,0.116351,-44.40353,0.007444,-17.765694,-0.003676,4.036193,0.095629,1.05364,0.116283,-13.534192,""
EOSS-404,N0JPS,2026-07-25T08:07:17.056,2026-07-25T08:07:17.056,46383.0,14137.54,-2684.9,347.056,descending,true,!3911.06N/10322.96WO142/045/A=046383 EOSS BALLOON Leah Love 11sat LOCK,"N0JPS>APRS,WIDE2-1,qAO,N6BA:!3911.06N/10322.96WO142/045/A=046383 EOSS BALLOON Leah Love 11sat LOCK",142.0,52.0,83.7,39.184333333333335,-103.38266666666667,8.85,14.24,,,,,,,,0.00007772,-0.00013601,-44.74902575,-13.63954302,n/a,-0.006923,-57.835147,-0.011883,13.244442,0.308087,0.988046,0.016099,-44.40165,-0.002107,-17.628156,-0.003622,4.036906,0.093906,0.988037,0.016133,-13.533622,""
EOSS-404,K0SCC-13,2026-07-25T08:07:32.686,2026-07-25T08:07:30.000,45705.0,13930.88,-2644.0,360.0,descending,true,/140730h3910.92N/10322.83WO121/043>K0SCC-13 EOSS Balloon BatVolt: 7.4V | Temp: 26F/A=045705!W29!,"K0SCC-13>APTT4,Z,Z,Z,qAO,N6BA:/140730h3910.92N/10322.83WO121/043>K0SCC-13 EOSS Balloon BatVolt: 7.4V | Temp: 26F/A=045705!W29!",121.0,49.0,78.9,39.18203333333334,-103.38065,9.04,14.55,,,,,,,,0.00010667,-0.00012944,-44.06666667,-13.43166667,n/a,0.022745,-57.391003,-0.010729,13.254556,0.302795,1.005265,0.11055,-43.980689,0.006929,-17.492785,-0.00327,4.039984,0.092293,1.005231,0.110507,-13.405312,""
EOSS-404,KC0D-2,2026-07-25T08:07:46.911,2026-07-25T08:07:45.000,45060.0,13734.29,-2652.0,375.0,descending,true,/140745h3910.79N/10322.74WO125/039/A=045060 33T1679P In Memory EOSS Alpha WA0GEH sk,"KC0D-2>APZEOS,EOSS,WIDE2-1,qAO,N6BA:/140745h3910.79N/10322.74WO125/039/A=045060 33T1679P In Memory EOSS Alpha WA0GEH sk",125.0,45.0,72.4,39.179833333333335,-103.379,9.21,14.82,37.94,3.3,276.45,16790.0,0.17,0.00041053,0.21158094,0.00011111,-0.00014444,-44.2,-13.472,n/a,-0.004444,-56.978784,-0.010526,13.245891,0.297707,0.964736,0.020429,-43.576516,-0.001344,-17.367136,-0.003208,4.037348,0.090742,0.964776,0.020542,-13.282126,""
EOSS-404,K0SCC-13,2026-07-25T08:08:02.454,2026-07-25T08:08:00.000,44385.0,13528.55,-2640.0,390.0,descending,true,/140800h3910.68N/10322.61WO113/043/A=044385!W26!,"K0SCC-13>APTT4,Z,Z,Z,qAO,N6BA:/140800h3910.68N/10322.61WO113/043/A=044385!W26!",113.0,49.0,78.9,39.17803333333333,-103.37693333333334,9.38,15.1,,,,,,,,0.00012389,-0.00013333,-44.0,-13.411,n/a,0.006667,-56.585488,-0.009989,13.231599,0.292882,0.951169,0.056869,-43.137134,0.002033,-17.247253,-0.003044,4.032998,0.089271,0.951216,0.056872,-13.148205,""
EOSS-404,KC0D-2,2026-07-25T08:08:16.940,2026-07-25T08:08:15.000,43743.0,13332.87,-2634.0,405.0,descending,true,/140815h3910.57N/10322.53WO126/030/A=043743 28T1790P In Memory EOSS Alpha WA0GEH sk,"KC0D-2>APZEOS,EOSS,WIDE2-1,qAO,N6BA:/140815h3910.57N/10322.53WO126/030/A=043743 28T1790P In Memory EOSS Alpha WA0GEH sk",126.0,35.0,56.3,39.17616666666667,-103.3755,9.52,15.32,37.04,2.8,275.95,17900.0,0.18,0.00043847,0.22597744,0.00011667,-0.00012222,-43.9,-13.38066667,n/a,0.003333,-56.212385,-0.009585,13.209954,0.288279,0.932054,0.044811,-42.697806,0.001011,-17.13353,-0.002921,4.026402,0.087868,0.932064,0.044749,-13.0143,""
EOSS-404,N0JPS,2026-07-25T08:08:17.030,2026-07-25T08:08:17.030,43693.0,13317.63,-2691.2,407.03,descending,true,!3910.57N/10322.54WO127/031/A=043693 EOSS BALLOON Leah Love 10sat LOCK,"N0JPS>APRS,WIDE2-1,qAO,N6BA:!3910.57N/10322.54WO127/031/A=043693 EOSS BALLOON Leah Love 10sat LOCK",127.0,36.0,57.9,39.17616666666667,-103.37566666666666,9.52,15.32,,,,,,,,0.00011672,-0.00013617,-44.85276953,-13.67109081,n/a,-0.015886,-55.887825,-0.00977,13.155126,0.283879,0.838841,-0.021544,-42.662666,-0.004843,-17.034603,-0.002978,4.00969,0.086527,0.838846,-0.021554,-13.00359,""
EOSS-404,K0SCC-13,2026-07-25T08:08:32.415,2026-07-25T08:08:30.000,43080.0,13130.78,-2610.0,420.0,descending,true,/140830h3910.47N/10322.43WO172/029/A=043080!W71!,"K0SCC-13>APTT4,Z,Z,Z,qAO,N6BA:/140830h3910.47N/10322.43WO172/029/A=043080!W71!",172.0,33.0,53.1,39.174616666666665,-103.37385,9.66,15.55,,,,,,,,0.00010278,-0.00011389,-43.5,-13.259,n/a,0.045092,-55.543718,-0.008203,13.129188,0.279827,0.917324,0.190457,-42.221638,0.013736,-16.929725,-0.0025,4.001779,0.085292,0.917273,0.190358,-12.86916,""
EOSS-404,KC0D-2,2026-07-25T08:08:46.890,2026-07-25T08:08:45.000,42505.0,12955.52,-2476.0,435.0,descending,true,/140845h3910.37N/10322.41WO169/025/A=042505 25T1900P In Memory EOSS Alpha WA0GEH sk,"KC0D-2>APZEOS,EOSS,WIDE2-1,qAO,N6BA:/140845h3910.37N/10322.41WO169/025/A=042505 25T1900P In Memory EOSS Alpha WA0GEH sk",169.0,29.0,46.7,39.17283333333334,-103.3735,9.77,15.72,36.5,2.5,275.65,19000.0,0.19,0.00046592,0.24012537,0.00006667,-0.00011111,-41.26666667,-12.57833333,n/a,0.074444,-55.157852,-0.005907,13.15661,0.276144,1.055833,0.290975,-41.793287,0.022689,-16.81212,-0.001801,4.01013,0.08417,1.055773,0.290959,-12.738599,""
EOSS-404,K0SCC-13,2026-07-25T08:09:02.706,2026-07-25T08:09:00.000,41902.0,12771.73,-2356.0,450.0,descending,true,/140900h3910.29N/10322.37WO135/017>K0SCC-13 EOSS Balloon BatVolt: 7.4V | Temp: 24F/A=041902!W80!,"K0SCC-13>APTT4,Z,Z,Z,qAO,N6BA:/140900h3910.29N/10322.37WO135/017>K0SCC-13 EOSS Balloon BatVolt: 7.4V | Temp: 24F/A=041902!W80!",135.0,20.0,32.2,39.17163333333333,-103.37283333333333,9.85,15.85,,,,,,,,0.00003389,-0.00009944,-39.26666667,-11.96833333,n/a,0.066667,-54.739663,-0.003946,13.231161,0.272543,1.169436,0.259089,-41.334272,0.020333,-16.684652,-0.001203,4.032858,0.083072,1.169473,0.259245,-12.598694,""
EOSS-404,KC0D-2,2026-07-25T08:09:16.892,2026-07-25T08:09:15.000,41348.0,12602.87,-2314.0,465.0,descending,true,/140915h3910.25N/10322.25WO117/031/A=041348 19T2005P In Memory EOSS Alpha WA0GEH sk,"KC0D-2>APZEOS,EOSS,WIDE2-1,qAO,N6BA:/140915h3910.25N/10322.25WO117/031/A=041348 19T2005P In Memory EOSS Alpha WA0GEH sk",117.0,36.0,57.9,39.170833333333334,-103.37083333333334,9.96,16.03,35.42,1.9,275.05,20050.0,0.2,0.00049274,0.25394822,0.00008889,-0.00006667,-38.56666667,-11.755,n/a,0.023333,-54.324971,-0.003228,13.310278,0.268872,1.18392,0.098787,-40.909735,0.007111,-16.55825,-0.000984,4.056977,0.081953,1.183948,0.098776,-12.469294,""
EOSS-404,N0JPS,2026-07-25T08:09:17.012,2026-07-25T08:09:17.012,41362.0,12607.14,-2331.7,467.012,descending,true,!3910.25N/10322.26WO117/031/A=041362 EOSS BALLOON Leah Love 10sat LOCK,"N0JPS>APRS,WIDE2-1,qAO,N6BA:!3910.25N/10322.26WO117/031/A=041362 EOSS BALLOON Leah Love 10sat LOCK",117.0,36.0,57.9,39.170833333333334,-103.371,9.96,16.03,,,,,,,,0.0000778,-0.00008892,-38.8616585,-11.84505352,n/a,-0.004918,-53.938388,-0.003271,13.364083,0.26531,1.128153,-0.006208,-40.920445,-0.001501,-16.44042,-0.000997,4.073375,0.080867,1.128147,-0.006232,-12.472561,""
EOSS-404,K0SCC-13,2026-07-25T08:09:32.367,2026-07-25T08:09:30.000,40730.0,12414.5,-2344.0,480.0,descending,true,/140930h3910.17N/10322.10WO126/035/A=040730!W19!,"K0SCC-13>APTT4,Z,Z,Z,qAO,N6BA:/140930h3910.17N/10322.10WO126/035/A=040730!W19!",126.0,40.0,64.4,39.16951666666667,-103.36848333333334,10.11,16.27,,,,,,,,0.000145,-0.00007056,-39.06666667,-11.90766667,n/a,-0.006834,-53.575663,-0.00336,13.398809,0.261887,1.082857,-0.013265,-40.44056,-0.002087,-16.329865,-0.001024,4.083956,0.079824,1.082822,-0.013317,-12.326286,""
EOSS-404,KC0D-2,2026-07-25T08:09:46.892,2026-07-25T08:09:45.000,40127.0,12230.71,-2442.0,495.0,descending,true,/140945h3910.10N/10322.00WO125/033/A=040127 17T2123P In Memory EOSS Alpha WA0GEH sk,"KC0D-2>APZEOS,EOSS,WIDE2-1,qAO,N6BA:/140945h3910.10N/10322.00WO125/033/A=040127 17T2123P In Memory EOSS Alpha WA0GEH sk",125.0,38.0,61.2,39.16833333333334,-103.36666666666666,10.24,16.48,35.06,1.7,274.85,21230.0,0.21,0.00052212,0.26908947,0.00013889,-0.00008333,-40.7,-12.40533333,n/a,-0.054444,-53.2691,-0.004606,13.382696,0.258716,0.939205,-0.192636,-39.994751,-0.016589,-16.236424,-0.001404,4.079045,0.078857,0.939213,-0.192564,-12.190405,""
EOSS-404,K0SCC-13,2026-07-25T08:10:02.422,2026-07-25T08:10:00.000,39500.0,12039.6,-2460.0,510.0,descending,true,/141000h3910.05N/10321.89WO111/036/A=039500!W25!,"K0SCC-13>APTT4,Z,Z,Z,qAO,N6BA:/141000h3910.05N/10321.89WO111/036/A=039500!W25!",111.0,41.0,66.0,39.16753333333333,-103.36491666666667,10.34,16.64,,,,,,,,0.00011889,-0.00006611,-41.0,-12.49666667,n/a,-0.01,-52.983772,-0.004735,13.35414,0.255543,0.897383,-0.020603,-39.550809,-0.003044,-16.149453,-0.001443,4.070345,0.07789,0.897414,-0.020555,-12.05509,""
EOSS-404,KC0D-2,2026-07-25T08:10:16.943,2026-07-25T08:10:15.000,38935.0,11867.39,-2384.0,525.0,descending,true,/141015h3910.00N/10321.80WO098/029/A=038935 13T2241P In Memory EOSS Alpha WA0GEH sk,"KC0D-2>APZEOS,EOSS,WIDE2-1,qAO,N6BA:/141015h3910.00N/10321.80WO098/029/A=038935 13T2241P In Memory EOSS Alpha WA0GEH sk",98.0,33.0,53.1,39.166666666666664,-103.36333333333333,10.45,16.82,34.34,1.3,274.45,22410.0,0.22,0.00055194,0.28445991,0.00011111,-0.00005556,-39.73333333,-12.11066667,n/a,0.042222,-52.682625,-0.003643,13.348262,0.252584,0.970111,0.181583,-39.172326,0.012867,-16.057663,-0.00111,4.068554,0.076988,0.970123,0.181548,-11.939728,""
EOSS-404,N0JPS,2026-07-25T08:10:16.995,2026-07-25T08:10:16.995,38900.0,11856.72,-2462.7,526.995,descending,true,!3910.00N/10321.81WO091/029/A=038900 EOSS BALLOON Leah Love 12sat LOCK,"N0JPS>APRS,WIDE2-1,qAO,N6BA:!3910.00N/10321.81WO091/029/A=038900 EOSS BALLOON Leah Love 12sat LOCK",91.0,33.0,53.1,39.166666666666664,-103.3635,10.44,16.8,,,,,,,,0.00012504,-0.00006946,-41.04496274,-12.51054465,n/a,-0.021867,-52.424011,-0.004057,13.309257,0.249645,0.854972,-0.071341,-39.149615,-0.006667,-15.978838,-0.001236,4.056664,0.076092,0.854962,-0.071374,-11.932804,""
EOSS-404,K0SCC-13,2026-07-25T08:10:32.702,2026-07-25T08:10:30.000,38332.0,11683.59,-2336.0,540.0,descending,true,/141030h3909.95N/10321.69WO060/019>K0SCC-13 EOSS Balloon BatVolt: 7.4V | Temp: 22F/A=038332!W00!,"K0SCC-13>APTT4,Z,Z,Z,qAO,N6BA:/141030h3909.95N/10321.69WO060/019>K0SCC-13 EOSS Balloon BatVolt: 7.4V | Temp: 22F/A=038332!W00!",60.0,22.0,35.4,39.16583333333333,-103.3615,10.55,16.98,,,,,,,,0.00011389,-0.00005667,-38.93333333,-11.867,n/a,0.070388,-52.130735,-0.002402,13.310013,0.247041,0.991539,0.294647,-38.79348,0.021451,-15.88945,-0.000732,4.056892,0.075299,0.99151,0.294599,-11.82425,""
EOSS-404,KC0D-2,2026-07-25T08:10:46.932,2026-07-25T08:10:45.000,37786.0,11517.17,-2298.0,555.0,descending,true,/141045h3909.90N/10321.54WO145/029/A=037786 11T2362P In Memory EOSS Alpha WA0GEH sk,"KC0D-2>APZEOS,EOSS,WIDE2-1,qAO,N6BA:/141045h3909.90N/10321.54WO145/029/A=037786 11T2362P In Memory EOSS Alpha WA0GEH sk",145.0,33.0,53.1,39.165,-103.359,10.69,17.2,33.98,1.1,274.25,23620.0,0.23,0.00058217,0.30003762,0.00014444,-0.00005556,-38.3,-11.674,n/a,0.021111,-51.836464,-0.001891,13.318228,0.244305,1.016386,0.094153,-38.472988,0.006433,-15.79976,-0.000577,4.059393,0.074465,1.016349,0.094138,-11.726563,""
EOSS-404,K0SCC-13,2026-07-25T08:11:02.431,2026-07-25T08:11:00.000,37203.0,11339.47,-2258.0,570.0,descending,true,/141100h3909.85N/10321.44WO127/042/A=037203!W69!,"K0SCC-13>APTT4,Z,Z,Z,qAO,N6BA:/141100h3909.85N/10321.44WO127/042/A=037203!W69!",127.0,48.0,77.2,39.16426666666667,-103.35748333333333,10.78,17.35,,,,,,,,0.00013389,-0.00005222,-37.63333333,-11.47066667,n/a,0.022222,-51.540566,-0.001378,13.334315,0.241661,1.042966,0.097657,-38.152496,0.006778,-15.70957,-0.00042,4.064295,0.073659,1.042962,0.097721,-11.628875,""
EOSS-404,KC0D-2,2026-07-25T08:11:16.908,2026-07-25T08:11:15.000,36636.0,11166.65,-2300.0,585.0,descending,true,/141115h3909.76N/10321.37WO131/028/A=036636 7T2486P In Memory EOSS Alpha WA0GEH sk,"KC0D-2>APZEOS,EOSS,WIDE2-1,qAO,N6BA:/141115h3909.76N/10321.37WO131/028/A=036636 7T2486P In Memory EOSS Alpha WA0GEH sk",131.0,32.0,51.5,39.16266666666667,-103.35616666666667,10.91,17.56,33.26,0.7,273.85,24860.0,0.25,0.00061363,0.31625021,0.00009444,-0.00007778,-38.33333333,-11.684,n/a,-0.023333,-51.27103,-0.001836,13.328898,0.239097,0.97065,-0.089909,-37.858454,-0.007111,-15.627416,-0.000559,4.062644,0.072877,0.970653,-0.089905,-11.53925,""
EOSS-404,N0JPS,2026-07-25T08:11:16.998,2026-07-25T08:11:16.998,36661.0,11174.27,-2238.9,586.998,descending,true,!3909.76N/10321.38WO142/028/A=036661 EOSS BALLOON Leah Love 12sat LOCK,"N0JPS>APRS,WIDE2-1,qAO,N6BA:!3909.76N/10321.38WO142/028/A=036661 EOSS BALLOON Leah Love 12sat LOCK",142.0,32.0,51.5,39.16266666666667,-103.35633333333334,10.9,17.54,,,,,,,,0.00011944,-0.00006666,-37.31480093,-11.37359799,n/a,0.016975,-50.991906,-0.001452,13.339016,0.236609,1.025346,0.07788,-37.871123,0.005173,-15.542339,-0.000442,4.065728,0.072119,1.025337,0.077857,-11.543112,""
EOSS-404,K0SCC-13,2026-07-25T08:11:32.377,2026-07-25T08:11:30.000,36068.0,10993.53,-2270.0,600.0,descending,true,/141130h3909.67N/10321.23WO159/026/A=036068!W32!,"K0SCC-13>APTT4,Z,Z,Z,qAO,N6BA:/141130h3909.67N/10321.23WO159/026/A=036068!W32!",159.0,30.0,48.3,39.16121666666667,-103.35386666666666,11.07,17.82,,,,,,,,0.00012056,-0.00010167,-37.83333333,-11.53133333,n/a,-0.017284,-50.733894,-0.001768,13.332885,0.234193,0.967575,-0.066253,-37.575735,-0.005258,-15.463692,-0.000539,4.063864,0.071383,0.96764,-0.066108,-11.453079,""
EOSS-404,KC0D-2,2026-07-25T08:11:46.920,2026-07-25T08:11:45.000,35540.0,10832.59,-2192.0,615.0,descending,true,/141145h3909.64N/10321.15WO118/033/A=035540 5T2610P In Memory EOSS Alpha WA0GEH sk,"KC0D-2>APZEOS,EOSS,WIDE2-1,qAO,N6BA:/141145h3909.64N/10321.15WO118/033/A=035540 5T2610P In Memory EOSS Alpha WA0GEH sk",118.0,38.0,61.2,39.160666666666664,-103.3525,11.14,17.93,32.9,0.5,273.65,26100.0,0.26,0.0006447,0.33226722,0.00012222,-0.00006667,-36.53333333,-11.13533333,n/a,0.043333,-50.460807,-0.000884,13.347592,0.231925,1.043445,0.190652,-37.317467,0.0132,-15.380454,-0.000269,4.068347,0.070691,1.043451,0.190533,-11.374355,""
EOSS-404,K0SCC-13,2026-07-25T08:12:02.672,2026-07-25T08:12:00.000,34978.0,10661.29,-2180.0,630.0,descending,true,/141200h3909.58N/10321.07WO071/021>K0SCC-13 EOSS Balloon BatVolt: 7.4V | Temp: 20F/A=034978!W51!,"K0SCC-13>APTT4,Z,Z,Z,qAO,N6BA:/141200h3909.58N/10321.07WO071/021>K0SCC-13 EOSS Balloon BatVolt: 7.4V | Temp: 20F/A=034978!W51!",71.0,24.0,38.6,39.15975,-103.35118333333334,11.24,18.09,,,,,,,,0.00008944,-0.00004889,-36.33333333,-11.07466667,n/a,0.006667,-50.194251,-0.000739,13.360309,0.229642,1.03747,0.03225,-37.040074,0.002022,-15.299213,-0.000225,4.072218,0.069996,1.037407,0.032102,-11.289804,""
EOSS-404,KC0D-2,2026-07-25T08:12:16.965,2026-07-25T08:12:15.000,34425.0,10492.74,-2230.0,645.0,descending,true,/141215h3909.55N/10320.95WO100/031/A=034425 2T2740P In Memory EOSS Alpha WA0GEH sk,"KC0D-2>APZEOS,EOSS,WIDE2-1,qAO,N6BA:/141215h3909.55N/10320.95WO100/031/A=034425 2T2740P In Memory EOSS Alpha WA0GEH sk",100.0,36.0,57.9,39.159166666666664,-103.34916666666666,11.34,18.25,32.36,0.2,273.35,27400.0,0.27,0.00067756,0.34919976,0.00011111,-0.00005,-37.16666667,-11.32833333,n/a,-0.027778,-49.952999,-0.001249,13.351887,0.227454,0.957642,-0.116635,-36.756909,-0.008456,-15.225678,-0.000381,4.069653,0.069328,0.95766,-0.116475,-11.203497,""
EOSS-404,N0JPS,2026-07-25T08:12:17.003,2026-07-25T08:12:17.003,34416.0,10490.0,-2244.8,647.003,descending,true,!3909.55N/10320.97WO097/032/A=034416 EOSS BALLOON Leah Love 12sat LOCK,"N0JPS>APRS,WIDE2-1,qAO,N6BA:!3909.55N/10320.97WO097/032/A=034416 EOSS BALLOON Leah Love 12sat LOCK",97.0,37.0,59.5,39.159166666666664,-103.3495,11.33,18.23,,,,,,,,0.00011388,-0.00005833,-37.41354887,-11.4035497,n/a,-0.004114,-49.725009,-0.001302,13.335307,0.225298,0.923223,-0.012481,-36.752173,-0.001254,-15.156185,-0.000397,4.064601,0.068671,0.923248,-0.01248,-11.202055,""
EOSS-404,K0SCC-13,2026-07-25T08:12:32.390,2026-07-25T08:12:30.000,33872.0,10324.19,-2212.0,660.0,descending,true,/141230h3909.50N/10320.84WO082/010/A=033872!W69!,"K0SCC-13>APTT4,Z,Z,Z,qAO,N6BA:/141230h3909.50N/10320.84WO082/010/A=033872!W69!",82.0,12.0,19.3,39.158433333333335,-103.34748333333334,11.44,18.41,,,,,,,,0.00012333,-0.00004389,-36.86666667,-11.23666667,n/a,0.018229,-49.495396,-0.000947,13.324773,0.223218,0.947763,0.085907,-36.45592,0.005563,-15.086194,-0.000288,4.061395,0.068037,0.947834,0.085997,-11.111758,""
EOSS-404,KC0D-2,2026-07-25T08:12:46.947,2026-07-25T08:12:45.000,33370.0,10171.18,-2110.0,675.0,descending,true,/141245h3909.49N/10320.75WO084/011/A=033370 1T2869P In Memory EOSS Alpha WA0GEH sk,"KC0D-2>APZEOS,EOSS,WIDE2-1,qAO,N6BA:/141245h3909.49N/10320.75WO084/011/A=033370 1T2869P In Memory EOSS Alpha WA0GEH sk",84.0,13.0,20.9,39.158166666666666,-103.34583333333333,11.52,18.54,32.18,0.1,273.25,28690.0,0.28,0.00070972,0.365774,0.00011111,-0.00003333,-35.16666667,-10.71866667,n/a,0.056667,-49.244015,0.000082,13.340953,0.221313,1.055198,0.255679,-36.161288,0.017267,-15.00957,0.000025,4.066329,0.067457,1.055228,0.2556,-11.021954,""
EOSS-404,K0SCC-13,2026-07-25T08:13:02.392,2026-07-25T08:13:00.000,32796.0,9996.22,-2152.0,690.0,descending,true,/141300h3909.47N/10320.65WO098/029/A=032796!W00!,"K0SCC-13>APTT4,Z,Z,Z,qAO,N6BA:/141300h3909.47N/10320.65WO098/029/A=032796!W00!",98.0,33.0,53.1,39.157833333333336,-103.34416666666667,11.59,18.65,,,,,,,,0.00011056,-0.00002,-35.86666667,-10.93233333,n/a,-0.023333,-49.013371,-0.000329,13.339563,0.21935,0.985542,-0.104873,-35.79339,-0.007122,-14.939273,-0.0001,4.065903,0.066858,0.985498,-0.105029,-10.909816,""
EOSS-404,KC0D-2,2026-07-25T08:13:16.898,2026-07-25T08:13:15.000,32272.0,9836.51,-2196.0,705.0,descending,true,/141315h3909.50N/10320.55WO035/019/A=032272 0T3007P In Memory EOSS Alpha WA0GEH sk,"KC0D-2>APZEOS,EOSS,WIDE2-1,qAO,N6BA:/141315h3909.50N/10320.55WO035/019/A=032272 0T3007P In Memory EOSS Alpha WA0GEH sk",35.0,22.0,35.4,39.15833333333333,-103.3425,11.63,18.72,32.0,0.0,273.15,30070.0,0.3,0.00074413,0.38350822,0.00011111,5.56e-6,-36.6,-11.15566667,n/a,-0.024444,-48.802975,-0.000745,13.32245,0.217441,0.915971,-0.10899,-35.424402,-0.007444,-14.875144,-0.000227,4.060687,0.066276,0.915972,-0.108893,-10.797353,""
EOSS-404,N0JPS,2026-07-25T08:13:16.950,2026-07-25T08:13:16.950,32295.0,9843.52,-2122.9,706.95,descending,true,!3909.49N/10320.55WO023/016/A=032295 EOSS BALLOON Leah Love 11sat LOCK,"N0JPS>APRS,WIDE2-1,qAO,N6BA:!3909.49N/10320.55WO023/016/A=032295 EOSS BALLOON Leah Love 11sat LOCK",23.0,18.0,29.0,39.158166666666666,-103.3425,11.64,18.73,,,,,,,,0.00011677,-0.00001668,-35.38125344,-10.7841927,n/a,0.02033,-48.579279,-0.000387,13.322229,0.215575,0.990677,0.096101,-35.441303,0.006197,-14.806962,-0.000118,4.060619,0.065708,0.990679,0.096107,-10.802505,""
EOSS-404,K0SCC-13,2026-07-25T08:13:32.733,2026-07-25T08:13:30.000,31733.0,9672.22,-2126.0,720.0,descending,true,/141330h3909.51N/10320.45WO168/005>K0SCC-13 EOSS Balloon BatVolt: 7.4V | Temp: 18F/A=031733!W74!,"K0SCC-13>APTT4,Z,Z,Z,qAO,N6BA:/141330h3909.51N/10320.45WO168/005>K0SCC-13 EOSS Balloon BatVolt: 7.4V | Temp: 18F/A=031733!W74!",168.0,6.0,9.7,39.15861666666666,-103.3409,11.68,18.8,,,,,,,,0.00010889,0.00002611,-35.43333333,-10.8,n/a,-0.001736,-48.363772,-0.00041,13.317537,0.213741,0.970933,-0.006204,-35.009139,-0.000527,-14.741274,-0.000125,4.059191,0.065149,0.970951,-0.00617,-10.67078,""
EOSS-404,KC0D-2,2026-07-25T08:13:46.896,2026-07-25T08:13:45.000,31267.0,9530.18,-2010.0,735.0,descending,true,/141345h3909.55N/10320.38WO099/017/A=031267 0T3139P In Memory EOSS Alpha WA0GEH sk,"KC0D-2>APZEOS,EOSS,WIDE2-1,qAO,N6BA:/141345h3909.55N/10320.38WO099/017/A=031267 0T3139P In Memory EOSS Alpha WA0GEH sk",99.0,20.0,32.2,39.159166666666664,-103.33966666666667,11.7,18.83,32.0,0.0,273.15,31390.0,0.31,0.00077679,0.4003433,0.00009444,0.00002778,-33.5,-10.211,n/a,0.064444,-48.124034,0.000653,13.342141,0.212115,1.096079,0.300738,-34.620254,0.019633,-14.668205,0.000199,4.066686,0.064653,1.096029,0.300589,-10.552246,""
EOSS-404,K0SCC-13,2026-07-25T08:14:02.492,2026-07-25T08:14:00.000,30739.0,9369.25,-1988.0,750.0,descending,true,/141400h3909.58N/10320.30WO081/021/A=030739!W87!,"K0SCC-13>APTT4,Z,Z,Z,qAO,N6BA:/141400h3909.58N/10320.30WO081/021/A=030739!W87!",81.0,24.0,38.6,39.1598,-103.33845000000001,11.71,18.85,,,,,,,,0.00008167,0.00003944,-33.13333333,-10.099,n/a,0.012222,-47.886086,0.00084,13.368192,0.210374,1.103571,0.054104,-34.147062,0.003733,-14.595678,0.000256,4.074627,0.064122,1.10358,0.054225,-10.408022,""
EOSS-404,KC0D-2,2026-07-25T08:14:16.907,2026-07-25T08:14:15.000,30252.0,9220.81,-2030.0,765.0,descending,true,/141415h3909.60N/10320.23WO104/009/A=030252 -2T3275P In Memory EOSS Alpha WA0GEH sk,"KC0D-2>APZEOS,EOSS,WIDE2-1,qAO,N6BA:/141415h3909.60N/10320.23WO104/009/A=030252 -2T3275P In Memory EOSS Alpha WA0GEH sk",104.0,10.0,16.1,39.16,-103.33716666666666,11.75,18.91,31.64,-0.2,272.95,32750.0,0.32,0.00081104,0.41799458,0.00008333,0.00002778,-33.83333333,-10.31233333,n/a,-0.023333,-47.666512,0.000456,13.377501,0.208693,1.034063,-0.11399,-33.682291,-0.007111,-14.528751,0.000139,4.077465,0.06361,1.034078,-0.113976,-10.266359,""
EOSS-404,N0JPS,2026-07-25T08:14:16.944,2026-07-25T08:14:16.944,30216.0,9209.84,-2079.2,766.944,descending,true,!3909.61N/10320.24WO134/009/A=030216 EOSS BALLOON Leah Love 9sat LOCK,"N0JPS>APRS,WIDE2-1,qAO,N6BA:!3909.61N/10320.24WO134/009/A=030216 EOSS BALLOON Leah Love 9sat LOCK",134.0,10.0,16.1,39.16016666666667,-103.33733333333333,11.74,18.89,,,,,,,,0.00008612,0.00003334,-34.65346535,-10.56238957,n/a,-0.01367,-47.466311,0.000235,13.370361,0.207037,0.958302,-0.067162,-33.646949,-0.004168,-14.46773,0.000072,4.075289,0.063105,0.958298,-0.06719,-10.25559,""
EOSS-404,K0SCC-13,2026-07-25T08:14:32.415,2026-07-25T08:14:30.000,29735.0,9063.23,-2008.0,780.0,descending,true,/141430h3909.63N/10320.16WO149/012/A=029735!W39!,"K0SCC-13>APTT4,Z,Z,Z,qAO,N6BA:/141430h3909.63N/10320.16WO149/012/A=029735!W39!",149.0,14.0,22.5,39.16055,-103.33615,11.77,18.94,,,,,,,,0.00007667,0.000025,-33.46666667,-10.20066667,n/a,0.03956,-47.254195,0.00084,13.378559,0.205471,1.030569,0.188445,-33.163303,0.012057,-14.403077,0.000256,4.077787,0.062628,1.030562,0.18843,-10.108174,""
EOSS-404,KC0D-2,2026-07-25T08:14:46.903,2026-07-25T08:14:45.000,29281.0,8924.85,-1942.0,795.0,descending,true,/141445h3909.67N/10320.10WO089/016/A=029281 -1T3411P In Memory EOSS Alpha WA0GEH sk,"KC0D-2>APZEOS,EOSS,WIDE2-1,qAO,N6BA:/141445h3909.67N/10320.10WO089/016/A=029281 -1T3411P In Memory EOSS Alpha WA0GEH sk",89.0,18.0,29.0,39.16116666666667,-103.335,11.78,18.96,31.82,-0.1,273.05,34110.0,0.34,0.00084441,0.43519309,0.00007222,0.00003889,-32.36666667,-9.86533333,n/a,0.036667,-47.031993,0.001383,13.40082,0.203932,1.09436,0.173018,-32.690393,0.011178,-14.33535,0.000422,4.084573,0.062159,1.094366,0.17304,-9.964032,""
EOSS-404,K0SCC-13,2026-07-25T08:15:02.662,2026-07-25T08:15:00.000,28780.0,8772.14,-1910.0,810.0,descending,true,/141500h3909.71N/10320.04WO087/028>K0SCC-13 EOSS Balloon BatVolt: 7.4V | Temp: 18F/A=028780!W72!,"K0SCC-13>APTT4,Z,Z,Z,qAO,N6BA:/141500h3909.71N/10320.04WO087/028>K0SCC-13 EOSS Balloon BatVolt: 7.4V | Temp: 18F/A=028780!W72!",87.0,32.0,51.5,39.16195,-103.33403333333334,11.78,18.96,,,,,,,,0.00007056,0.00004667,-31.83333333,-9.703,n/a,0.017778,-46.808484,0.001628,13.427535,0.202391,1.115257,0.079796,-32.156042,0.005411,-14.267227,0.000496,4.092712,0.061689,1.115208,0.079674,-9.801158,""
EOSS-404,KC0D-2,2026-07-25T08:15:16.946,2026-07-25T08:15:15.000,28337.0,8637.12,-1888.0,825.0,descending,true,/141515h3909.75N/10319.97WO065/026/A=028337 -2T3547P In Memory EOSS Alpha WA0GEH sk,"KC0D-2>APZEOS,EOSS,WIDE2-1,qAO,N6BA:/141515h3909.75N/10319.97WO065/026/A=028337 -2T3547P In Memory EOSS Alpha WA0GEH sk",65.0,30.0,48.3,39.1625,-103.33283333333333,11.8,18.99,31.64,-0.2,272.95,35470.0,0.35,0.0008784,0.45271047,0.00007222,0.00004444,-31.46666667,-9.591,n/a,0.012222,-46.586138,0.001784,13.455795,0.20088,1.12364,0.051961,-31.678506,0.003733,-14.199455,0.000544,4.101326,0.061229,1.12365,0.052083,-9.655612,""
EOSS-404,N0JPS,2026-07-25T08:15:17.051,2026-07-25T08:15:17.051,28321.0,8632.24,-1891.6,827.051,descending,true,!3909.75N/10319.98WO067/032/A=028321 EOSS BALLOON Leah Love 12sat LOCK,"N0JPS>APRS,WIDE2-1,qAO,N6BA:!3909.75N/10319.98WO067/032/A=028321 EOSS BALLOON Leah Love 12sat LOCK",67.0,37.0,59.5,39.1625,-103.333,11.8,18.99,,,,,,,,0.00007209,0.00003882,-31.52710999,-9.60952967,n/a,-0.001006,-46.371009,0.001743,13.47865,0.199397,1.10129,-0.013787,-31.661246,-0.000308,-14.133885,0.000531,4.108292,0.060777,1.101274,-0.013805,-9.650348,""
EOSS-404,K0SCC-13,2026-07-25T08:15:32.360,2026-07-25T08:15:30.000,27838.0,8485.02,-1884.0,840.0,descending,true,/141530h3909.78N/10319.90WO019/024/A=027838!W56!,"K0SCC-13>APTT4,Z,Z,Z,qAO,N6BA:/141530h3909.78N/10319.90WO019/024/A=027838!W56!",19.0,28.0,45.1,39.16308333333333,-103.33176666666667,11.82,19.02,,,,,,,,0.00007556,0.00003778,-31.4,-9.57066667,n/a,0.004237,-46.16015,0.001779,13.499461,0.197947,1.093388,0.012417,-31.142362,0.001295,-14.069614,0.000542,4.114635,0.060335,1.093401,0.01248,-9.492192,""
EOSS-404,KC0D-2,2026-07-25T08:15:46.868,2026-07-25T08:15:45.000,27401.0,8351.82,-1872.0,855.0,descending,true,/141545h3909.83N/10319.86WO023/018/A=027401 -1T3686P In Memory EOSS Alpha WA0GEH sk,"KC0D-2>APZEOS,EOSS,WIDE2-1,qAO,N6BA:/141545h3909.83N/10319.86WO023/018/A=027401 -1T3686P In Memory EOSS Alpha WA0GEH sk",23.0,21.0,33.8,39.163833333333336,-103.331,11.81,19.01,31.82,-0.1,273.05,36860.0,0.36,0.00091249,0.47027901,0.00006111,0.00004444,-31.2,-9.51,n/a,0.006667,-45.95237,0.001848,13.519511,0.196529,1.091191,0.024521,-30.680837,0.002022,-14.006286,0.000563,4.120743,0.059903,1.091135,0.024356,-9.351517,""
EOSS-404,K0SCC-13,2026-07-25T08:16:02.382,2026-07-25T08:16:00.000,26910.0,8202.17,-1856.0,870.0,descending,true,/141600h3909.84N/10319.81WO345/007/A=026910!W03!,"K0SCC-13>APTT4,Z,Z,Z,qAO,N6BA:/141600h3909.84N/10319.81WO345/007/A=026910!W03!",345.0,8.0,12.9,39.164,-103.33021666666667,11.84,19.05,,,,,,,,0.00005167,0.00003056,-30.93333333,-9.42833333,n/a,0.008889,-45.74663,0.001946,13.53989,0.195142,1.094049,0.035579,-30.178709,0.002722,-13.943575,0.000593,4.126957,0.05948,1.094085,0.035794,-9.198477,""
EOSS-404,KC0D-2,2026-07-25T08:16:16.922,2026-07-25T08:16:15.000,26505.0,8078.72,-1792.0,885.0,descending,true,/141615h3909.87N/10319.79WO122/009/A=026505 -1T3822P In Memory EOSS Alpha WA0GEH sk,"KC0D-2>APZEOS,EOSS,WIDE2-1,qAO,N6BA:/141615h3909.87N/10319.79WO122/009/A=026505 -1T3822P In Memory EOSS Alpha WA0GEH sk",122.0,10.0,16.1,39.1645,-103.32983333333334,11.83,19.04,31.82,-0.1,273.05,38220.0,0.38,0.00094616,0.4876306,0.00003889,0.00002222,-29.86666667,-9.10333333,n/a,0.035556,-45.532036,0.002406,13.572952,0.193822,1.154161,0.171033,-29.78302,0.010833,-13.878166,0.000733,4.137035,0.059077,1.154168,0.170963,-9.077866,""
EOSS-404,N0JPS,2026-07-25T08:16:17.035,2026-07-25T08:16:17.035,26530.0,8086.34,-1791.5,887.035,descending,true,!3909.87N/10319.79WO112/014/A=026530 EOSS BALLOON Leah Love 11sat LOCK,"N0JPS>APRS,WIDE2-1,qAO,N6BA:!3909.87N/10319.79WO112/014/A=026530 EOSS BALLOON Leah Love 11sat LOCK",112.0,16.0,25.7,39.1645,-103.32983333333334,11.83,19.04,,,,,,,,0.00005279,0.00003334,-29.85796212,-9.1007602,n/a,0.000145,-45.323048,0.002375,13.601881,0.19249,1.136981,-0.011585,-29.806873,0.000043,-13.814467,0.000724,4.145852,0.058671,1.136969,-0.011607,-9.085136,""
EOSS-404,K0SCC-13,2026-07-25T08:16:32.774,2026-07-25T08:16:30.000,26033.0,7934.86,-1754.0,900.0,descending,true,/141630h3909.88N/10319.75WO136/014>K0SCC-13 EOSS Balloon BatVolt: 7.4V | Temp: 18F/A=026033!W70!,"K0SCC-13>APTT4,Z,Z,Z,qAO,N6BA:/141630h3909.88N/10319.75WO136/014>K0SCC-13 EOSS Balloon BatVolt: 7.4V | Temp: 18F/A=026033!W70!",136.0,16.0,25.7,39.16478333333333,-103.32916666666667,11.84,19.05,,,,,,,,0.000035,0.00002611,-29.23333333,-8.91033333,n/a,0.020821,-45.111341,0.002621,13.636373,0.191197,1.164386,0.09519,-29.348837,0.006348,-13.749939,0.000799,4.156364,0.058277,1.164384,0.095218,-8.945533,""
EOSS-404,KC0D-2,2026-07-25T08:16:46.955,2026-07-25T08:16:45.000,25633.0,7812.94,-1744.0,915.0,descending,true,/141645h3909.91N/10319.74WO067/012/A=025633 0T3960P In Memory EOSS Alpha WA0GEH sk,"KC0D-2>APZEOS,EOSS,WIDE2-1,qAO,N6BA:/141645h3909.91N/10319.74WO067/012/A=025633 0T3960P In Memory EOSS Alpha WA0GEH sk",67.0,14.0,22.5,39.165166666666664,-103.329,11.83,19.04,32.0,0.0,273.15,39600.0,0.39,0.00097996,0.50505239,0.00002778,0.00002222,-29.06666667,-8.85933333,n/a,0.005556,-44.902969,0.00266,13.669207,0.189918,1.158538,0.015249,-29.007683,0.0017,-13.686425,0.000811,4.166375,0.057888,1.158583,0.015357,-8.841549,""
EOSS-404,K0SCC-13,2026-07-25T08:17:02.401,2026-07-25T08:17:00.000,25177.0,7673.95,-1712.0,930.0,descending,true,/141700h3909.93N/10319.74WO342/015/A=025177!W23!,"K0SCC-13>APTT4,Z,Z,Z,qAO,N6BA:/141700h3909.93N/10319.74WO342/015/A=025177!W23!",342.0,17.0,27.4,39.165533333333336,-103.32905,11.81,19.01,,,,,,,,3.89e-6,0.000025,-28.53333333,-8.697,n/a,0.017778,-44.693102,0.002856,13.70606,0.188673,1.179024,0.079089,-28.652688,0.005411,-13.622458,0.000871,4.177607,0.057508,1.179014,0.078946,-8.733346,""
EOSS-404,KC0D-2,2026-07-25T08:17:16.912,2026-07-25T08:17:15.000,24807.0,7561.17,-1652.0,945.0,descending,true,/141715h3909.97N/10319.71WO346/010/A=024807 0T4092P In Memory EOSS Alpha WA0GEH sk,"KC0D-2>APZEOS,EOSS,WIDE2-1,qAO,N6BA:/141715h3909.97N/10319.71WO346/010/A=024807 0T4092P In Memory EOSS Alpha WA0GEH sk",346.0,12.0,19.3,39.16616666666667,-103.3285,11.81,19.01,32.0,0.0,273.15,40920.0,0.4,0.00101263,0.52188747,0.00001667,0.00003333,-27.53333333,-8.39233333,n/a,0.033333,-44.47589,0.003247,13.754089,0.187475,1.23182,0.16048,-28.393346,0.010156,-13.556254,0.00099,4.192244,0.057143,1.23178,0.160405,-8.654296,""
EOSS-404,N0JPS,2026-07-25T08:17:17.032,2026-07-25T08:17:17.032,24777.0,7552.03,-1753.1,947.032,descending,true,!3909.96N/10319.70WO314/012/A=024777 EOSS BALLOON Leah Love 12sat LOCK,"N0JPS>APRS,WIDE2-1,qAO,N6BA:!3909.96N/10319.70WO314/012/A=024777 EOSS BALLOON Leah Love 12sat LOCK",314.0,14.0,22.5,39.166,-103.32833333333333,11.82,19.02,,,,,,,,0.000025,0.000025,-29.21812757,-8.90561195,n/a,-0.028081,-44.285168,0.00285,13.772812,0.186303,1.09397,-0.166025,-28.373488,-0.008555,-13.498121,0.000869,4.197952,0.056786,1.093988,-0.165956,-8.648246,""
EOSS-404,K0SCC-13,2026-07-25T08:17:32.436,2026-07-25T08:17:30.000,24360.0,7424.93,-1634.0,960.0,descending,true,/141730h3909.98N/10319.65WO159/006/A=024360!W82!,"K0SCC-13>APTT4,Z,Z,Z,qAO,N6BA:/141730h3909.98N/10319.65WO159/006/A=024360!W82!",159.0,7.0,11.3,39.166466666666665,-103.32753333333334,11.83,19.04,,,,,,,,0.00005056,0.00003111,-27.23333333,-8.30066667,n/a,0.06616,-44.074651,0.003642,13.816979,0.185255,1.218886,0.33747,-28.116005,0.020165,-13.433955,0.00111,4.211415,0.056466,1.218899,0.33746,-8.569767,""
EOSS-404,KC0D-2,2026-07-25T08:17:46.895,2026-07-25T08:17:45.000,23993.0,7313.07,-1628.0,975.0,descending,true,/141745h3910.01N/10319.63WO105/010/A=023993 3T4228P In Memory EOSS Alpha WA0GEH sk,"KC0D-2>APZEOS,EOSS,WIDE2-1,qAO,N6BA:/141745h3910.01N/10319.63WO105/010/A=023993 3T4228P In Memory EOSS Alpha WA0GEH sk",105.0,12.0,19.3,39.16683333333334,-103.32716666666667,11.83,19.04,32.54,0.3,273.45,42280.0,0.42,0.00104514,0.53864111,0.00004444,0.00002222,-27.13333333,-8.27,n/a,0.003333,-43.86805,0.003638,13.858287,0.184094,1.20756,-0.001657,-27.918198,0.001022,-13.37098,0.001109,4.224009,0.056112,1.207616,-0.00155,-8.509475,""
EOSS-404,K0SCC-13,2026-07-25T08:18:02.674,2026-07-25T08:18:00.000,23546.0,7176.82,-1628.0,990.0,descending,true,/141800h3910.04N/10319.60WO052/021>K0SCC-13 EOSS Balloon BatVolt: 7.4V | Temp: 18F/A=023546!W56!,"K0SCC-13>APTT4,Z,Z,Z,qAO,N6BA:/141800h3910.04N/10319.60WO052/021>K0SCC-13 EOSS Balloon BatVolt: 7.4V | Temp: 18F/A=023546!W56!",52.0,24.0,38.6,39.16741666666667,-103.32676666666667,11.82,19.02,,,,,,,,0.00002556,0.00003167,-27.13333333,-8.27033333,n/a,0.0,-43.666427,0.003594,13.895471,0.182954,1.189819,-0.019644,-27.713194,-0.000011,-13.309526,0.001095,4.235341,0.055765,1.189796,-0.019833,-8.446988,""
EOSS-404,KC0D-2,2026-07-25T08:18:16.869,2026-07-25T08:18:15.000,23177.0,7064.35,-1632.0,1005.0,descending,true,/141815h3910.06N/10319.56WO041/017/A=023177 4T4367P In Memory EOSS Alpha WA0GEH sk,"KC0D-2>APZEOS,EOSS,WIDE2-1,qAO,N6BA:/141815h3910.06N/10319.56WO041/017/A=023177 4T4367P In Memory EOSS Alpha WA0GEH sk",41.0,20.0,32.2,39.16766666666667,-103.326,11.84,19.05,32.72,0.4,273.55,43670.0,0.43,0.0010791,0.55614613,0.00003889,0.00002778,-27.2,-8.29066667,n/a,-0.002222,-43.470398,0.003524,13.927875,0.181836,1.16819,-0.0316,-27.57243,-0.000678,-13.249778,0.001074,4.245216,0.055424,1.168165,-0.031611,-8.404083,""
EOSS-404,N0JPS,2026-07-25T08:18:17.958,2026-07-25T08:18:17.958,23174.0,7063.44,-1578.6,1007.958,descending,true,!3910.06N/10319.56WO032/022/A=023174 EOSS BALLOON Leah Love 12sat LOCK,"N0JPS>APRS,WIDE2-1,qAO,N6BA:!3910.06N/10319.56WO032/022/A=023174 EOSS BALLOON Leah Love 12sat LOCK",32.0,25.0,40.2,39.16766666666667,-103.326,11.84,19.05,,,,,,,,0.0000383,0.00002736,-26.31060631,-8.01940058,n/a,0.014598,-43.268518,0.003655,13.969272,0.180742,1.213944,0.060545,-27.571387,0.004452,-13.188244,0.001114,4.257835,0.05509,1.21396,0.060592,-8.403767,""
EOSS-404,K0SCC-13,2026-07-25T08:18:32.386,2026-07-25T08:18:30.000,22716.0,6923.84,-1660.0,1020.0,descending,true,/141830h3910.09N/10319.50WO005/018/A=022716!W32!,"K0SCC-13>APTT4,Z,Z,Z,qAO,N6BA:/141830h3910.09N/10319.50WO005/018/A=022716!W32!",5.0,21.0,33.8,39.168216666666666,-103.32503333333334,11.86,19.09,,,,,,,,0.00005778,0.00002667,-27.66666667,-8.43266667,n/a,-0.045202,-43.087101,0.003081,13.988396,0.179741,1.102373,-0.268625,-27.429812,-0.013776,-13.132946,0.000939,4.263666,0.054785,1.102403,-0.268595,-8.360613,""
EOSS-404,KC0D-2,2026-07-25T08:18:46.924,2026-07-25T08:18:45.000,22339.0,6808.93,-1676.0,1035.0,descending,true,/141845h3910.13N/10319.45WO024/018/A=022339 7T4514P In Memory EOSS Alpha WA0GEH sk,"KC0D-2>APZEOS,EOSS,WIDE2-1,qAO,N6BA:/141845h3910.13N/10319.45WO024/018/A=022339 7T4514P In Memory EOSS Alpha WA0GEH sk",24.0,21.0,33.8,39.16883333333333,-103.32416666666667,11.87,19.1,33.26,0.7,273.85,45140.0,0.45,0.0011142,0.57423711,0.00006111,0.00003889,-27.93333333,-8.514,n/a,-0.008889,-42.91292,0.002941,14.001408,0.178685,1.069863,-0.066206,-27.337428,-0.002711,-13.079855,0.000897,4.267633,0.054464,1.06988,-0.066246,-8.332454,""
EOSS-404,K0SCC-13,2026-07-25T08:19:02.409,2026-07-25T08:19:00.000,21886.0,6670.85,-1660.0,1050.0,descending,true,/141900h3910.16N/10319.37WO326/010/A=021886!W32!,"K0SCC-13>APTT4,Z,Z,Z,qAO,N6BA:/141900h3910.16N/10319.37WO326/010/A=021886!W32!",326.0,12.0,19.3,39.169383333333336,-103.32286666666667,11.9,19.15,,,,,,,,0.00007222,0.00003889,-27.66666667,-8.433,n/a,0.008889,-42.739667,0.00301,14.015262,0.177644,1.07547,0.033094,-27.250146,0.0027,-13.02705,0.000917,4.271853,0.054146,1.075423,0.032929,-8.305848,""
EOSS-404,KC0D-2,2026-07-25T08:19:16.946,2026-07-25T08:19:15.000,21507.0,6555.33,-1664.0,1065.0,descending,true,/141915h3910.22N/10319.31WO079/017/A=021507 8T4664P In Memory EOSS Alpha WA0GEH sk,"KC0D-2>APZEOS,EOSS,WIDE2-1,qAO,N6BA:/141915h3910.22N/10319.31WO079/017/A=021507 8T4664P In Memory EOSS Alpha WA0GEH sk",79.0,20.0,32.2,39.17033333333333,-103.32183333333333,11.9,19.15,33.44,0.8,273.95,46640.0,0.46,0.00115081,0.59310241,0.00007778,0.00005,-27.73333333,-8.45333333,n/a,-0.002222,-42.571056,0.00295,14.025892,0.176621,1.057881,-0.029283,-27.192255,-0.000678,-12.97566,0.000899,4.275091,0.053835,1.057832,-0.029293,-8.288202,""
EOSS-404,N0JPS,2026-07-25T08:19:17.031,2026-07-25T08:19:17.031,21462.0,6541.62,-1738.9,1067.031,descending,true,!3910.22N/10319.32WO081/018/A=021462 EOSS BALLOON Leah Love 10sat LOCK,"N0JPS>APRS,WIDE2-1,qAO,N6BA:!3910.22N/10319.32WO081/018/A=021462 EOSS BALLOON Leah Love 10sat LOCK",81.0,21.0,33.8,39.17033333333333,-103.322,11.89,19.14,,,,,,,,0.00006771,0.00004514,-28.98109119,-8.83347722,n/a,-0.021122,-42.420057,0.00268,14.020247,0.175633,0.95854,-0.135521,-27.186068,-0.006435,-12.929636,0.000817,4.27337,0.053533,0.958531,-0.135468,-8.286317,""
EOSS-404,K0SCC-13,2026-07-25T08:19:32.721,2026-07-25T08:19:30.000,21066.0,6420.92,-1640.0,1080.0,descending,true,/141930h3910.25N/10319.27WO011/027>K0SCC-13 EOSS Balloon BatVolt: 7.4V | Temp: 19F/A=021066!W23!,"K0SCC-13>APTT4,Z,Z,Z,qAO,N6BA:/141930h3910.25N/10319.27WO011/027>K0SCC-13 EOSS Balloon BatVolt: 7.4V | Temp: 19F/A=021066!W23!",11.0,31.0,49.9,39.17086666666667,-103.32121666666667,11.9,19.15,,,,,,,,0.000055,0.00004944,-27.33333333,-8.331,n/a,0.054925,-42.254269,0.00326,14.031552,0.174731,1.063385,0.295683,-27.135807,0.016749,-12.879101,0.000994,4.276818,0.053258,1.063431,0.295824,-8.270996,""
EOSS-404,KC0D-2,2026-07-25T08:19:46.986,2026-07-25T08:19:45.000,20703.0,6310.27,-1608.0,1095.0,descending,true,/141945h3910.29N/10319.20WO041/004/A=020703 12T4813P In Memory EOSS Alpha WA0GEH sk,"KC0D-2>APZEOS,EOSS,WIDE2-1,qAO,N6BA:/141945h3910.29N/10319.20WO041/004/A=020703 12T4813P In Memory EOSS Alpha WA0GEH sk",41.0,5.0,8.0,39.1715,-103.32,11.92,19.18,34.16,1.2,274.35,48130.0,0.48,0.00118584,0.61115778,0.00006111,0.00003889,-26.8,-8.16866667,n/a,0.017778,-42.086287,0.00342,14.046954,0.173764,1.088228,0.082629,-27.092954,0.005411,-12.827901,0.001042,4.281512,0.052964,1.088222,0.08249,-8.257933,""
EOSS-404,K0SCC-13,2026-07-25T08:20:02.417,2026-07-25T08:20:00.000,20255.0,6173.72,-1622.0,1110.0,descending,true,/142000h3910.32N/10319.14WO097/014/A=020255!W84!,"K0SCC-13>APTT4,Z,Z,Z,qAO,N6BA:/142000h3910.32N/10319.14WO097/014/A=020255!W84!",97.0,16.0,25.7,39.17213333333333,-103.31906666666667,11.94,19.22,,,,,,,,0.00007167,0.00004222,-27.03333333,-8.24,n/a,-0.007778,-41.924428,0.003298,14.057334,0.172811,1.059311,-0.064093,-27.037486,-0.002378,-12.778569,0.001005,4.284673,0.052673,1.059257,-0.064226,-8.241024,""
EOSS-404,KC0D-2,2026-07-25T08:20:16.938,2026-07-25T08:20:15.000,19890.0,6062.47,-1626.0,1125.0,descending,true,/142015h3910.36N/10319.11WO084/014/A=019890 13T4968P In Memory EOSS Alpha WA0GEH sk,"KC0D-2>APZEOS,EOSS,WIDE2-1,qAO,N6BA:/142015h3910.36N/10319.11WO084/014/A=019890 13T4968P In Memory EOSS Alpha WA0GEH sk",84.0,16.0,25.7,39.172666666666665,-103.3185,11.94,19.22,34.34,1.3,274.45,49680.0,0.49,0.00122359,0.63060992,0.00005,0.00003889,-27.1,-8.26,n/a,-0.002222,-41.766721,0.003239,14.064911,0.17187,1.042788,-0.031774,-26.984776,-0.000667,-12.730499,0.000987,4.286983,0.052386,1.042808,-0.031573,-8.224957,""
EOSS-404,N0JPS,2026-07-25T08:20:17.028,2026-07-25T08:20:17.028,19842.0,6047.84,-1620.1,1127.028,descending,true,!3910.36N/10319.11WO081/017/A=019842 EOSS BALLOON Leah Love 12sat LOCK,"N0JPS>APRS,WIDE2-1,qAO,N6BA:!3910.36N/10319.11WO081/017/A=019842 EOSS BALLOON Leah Love 12sat LOCK",81.0,20.0,32.2,39.172666666666665,-103.3185,11.94,19.22,,,,,,,,0.00005834,0.00003889,-27.00135007,-8.23007817,n/a,0.001644,-41.611296,0.003222,14.071679,0.170943,1.038252,-0.009231,-26.977085,0.000499,-12.683126,0.000982,4.289046,0.052104,1.038237,-0.00927,-8.222613,""
EOSS-404,K0SCC-13,2026-07-25T08:20:32.411,2026-07-25T08:20:30.000,19428.0,5921.65,-1654.0,1140.0,descending,true,/142030h3910.38N/10319.09WO034/015/A=019428!W01!,"K0SCC-13>APTT4,Z,Z,Z,qAO,N6BA:/142030h3910.38N/10319.09WO034/015/A=019428!W01!",34.0,17.0,27.4,39.173,-103.31818333333334,11.94,19.22,,,,,,,,0.00002944,0.00002889,-27.56666667,-8.40233333,n/a,-0.018844,-41.464998,0.00299,14.070626,0.170047,0.987755,-0.1284,-26.901167,-0.005742,-12.638534,0.000911,4.288724,0.051831,0.987753,-0.128359,-8.199471,""
EOSS-404,KC0D-2,2026-07-25T08:20:46.926,2026-07-25T08:20:45.000,19070.0,5812.54,-1640.0,1155.0,descending,true,/142045h3910.39N/10319.04WO003/008/A=019070 17T5128P In Memory EOSS Alpha WA0GEH sk,"KC0D-2>APZEOS,EOSS,WIDE2-1,qAO,N6BA:/142045h3910.39N/10319.04WO003/008/A=019070 17T5128P In Memory EOSS Alpha WA0GEH sk",3.0,9.0,14.5,39.17316666666667,-103.31733333333334,11.97,19.26,35.06,1.7,274.85,51280.0,0.51,0.00126115,0.64997211,0.00003889,0.00001667,-27.33333333,-8.331,n/a,0.007778,-41.319311,0.003039,14.070501,0.16915,0.993993,0.028017,-26.818716,0.002378,-12.594127,0.000926,4.288689,0.051557,0.99404,0.028163,-8.174341,""
EOSS-404,K0SCC-13,2026-07-25T08:21:02.724,2026-07-25T08:21:00.000,18621.0,5675.68,-1614.0,1170.0,descending,true,/142100h3910.38N/10318.99WO169/011>K0SCC-13 EOSS Balloon BatVolt: 7.4V | Temp: 20F/A=018621!W46!,"K0SCC-13>APTT4,Z,Z,Z,qAO,N6BA:/142100h3910.38N/10318.99WO169/011>K0SCC-13 EOSS Balloon BatVolt: 7.4V | Temp: 20F/A=018621!W46!",169.0,13.0,20.9,39.17306666666667,-103.31660000000001,12.0,19.31,,,,,,,,0.00005278,2.22e-6,-26.9,-8.199,n/a,0.014444,-41.172175,0.003157,14.073364,0.168271,1.014127,0.067076,-26.688231,0.0044,-12.549278,0.000962,4.289562,0.051289,1.014154,0.067032,-8.134566,""
EOSS-404,KC0D-2,2026-07-25T08:21:16.938,2026-07-25T08:21:15.000,18271.0,5569.0,-1598.0,1185.0,descending,true,/142115h3910.39N/10318.97WO108/013/A=018271 19T5287P In Memory EOSS Alpha WA0GEH sk,"KC0D-2>APZEOS,EOSS,WIDE2-1,qAO,N6BA:/142115h3910.39N/10318.97WO108/013/A=018271 19T5287P In Memory EOSS Alpha WA0GEH sk",108.0,15.0,24.1,39.17316666666667,-103.31616666666666,12.02,19.34,35.42,1.9,275.05,52870.0,0.52,0.00129931,0.66963803,0.00003889,0.0,-26.63333333,-8.118,n/a,0.008889,-41.025318,0.003216,14.077418,0.167402,1.022345,0.033888,-26.562745,0.0027,-12.504518,0.00098,4.290796,0.051024,1.022309,0.03371,-8.096317,""
EOSS-404,N0JPS,2026-07-25T08:21:17.020,2026-07-25T08:21:17.020,18281.0,5572.05,-1561.2,1187.02,descending,true,!3910.39N/10318.97WO102/014/A=018281 EOSS BALLOON Leah Love 12sat LOCK,"N0JPS>APRS,WIDE2-1,qAO,N6BA:!3910.39N/10318.97WO102/014/A=018281 EOSS BALLOON Leah Love 12sat LOCK",102.0,16.0,25.7,39.17316666666667,-103.31616666666666,12.02,19.34,,,,,,,,0.00003889,8.33e-6,-26.02013602,-7.93089079,n/a,0.010221,-40.875266,0.003286,14.086287,0.166547,1.054581,0.04164,-26.566638,0.003119,-12.458782,0.001002,4.2935,0.050764,1.054592,0.041703,-8.097504,""
EOSS-404,K0SCC-13,2026-07-25T08:21:32.462,2026-07-25T08:21:30.000,17840.0,5437.63,-1562.0,1200.0,descending,true,/142130h3910.35N/10318.92WO200/008/A=017840!W16!,"K0SCC-13>APTT4,Z,Z,Z,qAO,N6BA:/142130h3910.35N/10318.92WO200/008/A=017840!W16!",200.0,9.0,14.5,39.17251666666667,-103.31543333333333,12.07,19.42,,,,,,,,0.00003889,-0.00001833,-26.03333333,-7.935,n/a,-0.00044,-40.728316,0.003249,14.09327,0.165704,1.042695,-0.022263,-26.377214,-0.000137,-12.413992,0.00099,4.295628,0.050507,1.042686,-0.022314,-8.039765,""
EOSS-404,KC0D-2,2026-07-25T08:21:46.928,2026-07-25T08:21:45.000,17493.0,5331.87,-1556.0,1215.0,descending,true,/142145h3910.33N/10318.90WO173/013/A=017493 23T5444P In Memory EOSS Alpha WA0GEH sk,"KC0D-2>APZEOS,EOSS,WIDE2-1,qAO,N6BA:/142145h3910.33N/10318.90WO173/013/A=017493 23T5444P In Memory EOSS Alpha WA0GEH sk",173.0,15.0,24.1,39.17216666666667,-103.315,12.11,19.49,36.14,2.3,275.45,54440.0,0.54,0.00133595,0.68852195,0.00003889,-0.00003333,-25.93333333,-7.90433333,n/a,0.003333,-40.583267,0.00325,14.099636,0.164874,1.039029,0.000503,-26.202292,0.001022,-12.369779,0.000991,4.29757,0.050254,1.039063,0.000617,-7.98645,""
EOSS-404,K0SCC-13,2026-07-25T08:22:02.375,2026-07-25T08:22:00.000,17072.0,5203.55,-1536.0,1230.0,descending,true,/142200h3910.32N/10318.91WO034/010/A=017072!W22!,"K0SCC-13>APTT4,Z,Z,Z,qAO,N6BA:/142200h3910.32N/10318.91WO034/010/A=017072!W22!",34.0,12.0,19.3,39.17203333333333,-103.3152,12.1,19.47,,,,,,,,7.78e-6,-0.00001611,-25.6,-7.80266667,n/a,0.011111,-40.437799,0.003327,14.10781,0.164057,1.051744,0.047447,-25.960085,0.003389,-12.325439,0.001014,4.300064,0.050005,1.051792,0.047495,-7.912625,""
EOSS-404,KC0D-2,2026-07-25T08:22:16.910,2026-07-25T08:22:15.000,16749.0,5105.1,-1488.0,1245.0,descending,true,/142215h3910.31N/10318.87WO202/009/A=016749 25T5600P In Memory EOSS Alpha WA0GEH sk,"KC0D-2>APZEOS,EOSS,WIDE2-1,qAO,N6BA:/142215h3910.31N/10318.87WO202/009/A=016749 25T5600P In Memory EOSS Alpha WA0GEH sk",202.0,10.0,16.1,39.17183333333333,-103.3145,12.14,19.54,36.5,2.5,275.65,56000.0,0.55,0.00137324,0.70773794,0.00001667,-0.00001111,-24.8,-7.559,n/a,0.026667,-40.287435,0.003554,14.122653,0.163267,1.096638,0.141566,-25.753436,0.008122,-12.279607,0.001083,4.304588,0.049764,1.096645,0.141448,-7.849639,""
EOSS-404,N0JPS,2026-07-25T08:22:16.971,2026-07-25T08:22:16.971,16755.0,5106.92,-1527.2,1246.971,descending,true,!3910.31N/10318.87WO198/008/A=016755 EOSS BALLOON Leah Love 12sat LOCK,"N0JPS>APRS,WIDE2-1,qAO,N6BA:!3910.31N/10318.87WO198/008/A=016755 EOSS BALLOON Leah Love 12sat LOCK",198.0,9.0,14.5,39.17183333333333,-103.3145,12.14,19.54,,,,,,,,0.0000278,-0.00002224,-25.45412087,-7.75850278,n/a,-0.010911,-40.146166,0.003414,14.128943,0.162479,1.039855,-0.088165,-25.757427,-0.003328,-12.236549,0.001041,4.306505,0.049524,1.039833,-0.08822,-7.850849,""
EOSS-404,K0SCC-13,2026-07-25T08:22:32.687,2026-07-25T08:22:30.000,16324.0,4975.56,-1496.0,1260.0,descending,true,/142230h3910.30N/10318.86WO158/010>K0SCC-13 EOSS Balloon BatVolt: 7.4V | Temp: 22F/A=016324!W80!,"K0SCC-13>APTT4,Z,Z,Z,qAO,N6BA:/142230h3910.30N/10318.86WO158/010>K0SCC-13 EOSS Balloon BatVolt: 7.4V | Temp: 22F/A=016324!W80!",158.0,12.0,19.3,39.1718,-103.31433333333334,12.15,19.55,,,,,,,,0.00002889,-7.78e-6,-24.93333333,-7.59966667,n/a,0.01736,-40.002648,0.003547,14.138923,0.161702,1.065804,0.085423,-25.457557,0.005295,-12.192805,0.001081,4.309546,0.049287,1.065806,0.085499,-7.759455,""
EOSS-404,KC0D-2,2026-07-25T08:22:46.989,2026-07-25T08:22:45.000,15997.0,4875.89,-1504.0,1275.0,descending,true,/142245h3910.32N/10318.86WO090/007/A=015997 29T5761P In Memory EOSS Alpha WA0GEH sk,"KC0D-2>APZEOS,EOSS,WIDE2-1,qAO,N6BA:/142245h3910.32N/10318.86WO090/007/A=015997 29T5761P In Memory EOSS Alpha WA0GEH sk",90.0,8.0,12.9,39.172,-103.31433333333334,12.14,19.54,37.22,2.9,276.05,57610.0,0.57,0.00141067,0.7270304,5.56e-6,5.56e-6,-25.06666667,-7.64033333,n/a,-0.004444,-39.86306,0.003472,14.145957,0.160932,1.04598,-0.049188,-25.214935,-0.001356,-12.150259,0.001058,4.31169,0.049052,1.045976,-0.049213,-7.685503,""
EOSS-404,K0SCC-13,2026-07-25T08:23:02.433,2026-07-25T08:23:00.000,15579.0,4748.48,-1490.0,1290.0,descending,true,/142300h3910.32N/10318.87WO351/013/A=015579!W57!,"K0SCC-13>APTT4,Z,Z,Z,qAO,N6BA:/142300h3910.32N/10318.87WO351/013/A=015579!W57!",351.0,15.0,24.1,39.17208333333333,-103.31461666666667,12.13,19.52,,,,,,,,-9.44e-6,9.44e-6,-24.83333333,-7.56933333,n/a,0.007778,-39.723896,0.003512,14.153781,0.160171,1.052055,0.026634,-24.892089,0.002367,-12.107843,0.00107,4.314074,0.048821,1.052024,0.026566,-7.587097,""
EOSS-404,KC0D-2,2026-07-25T08:23:16.872,2026-07-25T08:23:15.000,15259.0,4650.94,-1476.0,1305.0,descending,true,/142315h3910.35N/10318.88WO296/014/A=015259 32T5921P In Memory EOSS Alpha WA0GEH sk,"KC0D-2>APZEOS,EOSS,WIDE2-1,qAO,N6BA:/142315h3910.35N/10318.88WO296/014/A=015259 32T5921P In Memory EOSS Alpha WA0GEH sk",296.0,16.0,25.7,39.1725,-103.31466666666667,12.11,19.49,37.76,3.2,276.35,59210.0,0.58,0.00144828,0.74641102,-0.00001111,0.00001667,-24.6,-7.49833333,n/a,0.007778,-39.585144,0.003552,14.162383,0.159422,1.058095,0.026508,-24.64041,0.002367,-12.065554,0.001082,4.316693,0.048592,1.058037,0.026445,-7.510383,""
EOSS-404,N0JPS,2026-07-25T08:23:16.955,2026-07-25T08:23:16.955,15236.0,4643.93,-1519.4,1306.955,descending,true,!3910.34N/10318.87WO292/014/A=015236 EOSS BALLOON Leah Love 11sat LOCK,"N0JPS>APRS,WIDE2-1,qAO,N6BA:!3910.34N/10318.87WO292/014/A=015236 EOSS BALLOON Leah Love 11sat LOCK",292.0,16.0,25.7,39.172333333333334,-103.3145,12.12,19.51,,,,,,,,0.0,8.34e-6,-25.32341958,-7.71855828,n/a,-0.01206,-39.455492,0.003408,14.162698,0.158689,0.997838,-0.097474,-24.622303,-0.003671,-12.026035,0.001039,4.316789,0.048369,0.997843,-0.097376,-7.504865,""
EOSS-404,K0SCC-13,2026-07-25T08:23:32.352,2026-07-25T08:23:30.000,14854.0,4527.5,-1450.0,1320.0,descending,true,/142330h3910.39N/10318.88WO089/003/A=014854!W49!,"K0SCC-13>APTT4,Z,Z,Z,qAO,N6BA:/142330h3910.39N/10318.88WO089/003/A=014854!W49!",89.0,3.0,4.8,39.173233333333336,-103.31481666666667,12.07,19.42,,,,,,,,-6.67e-6,0.00003833,-24.16666667,-7.366,n/a,0.038558,-39.317755,0.003728,14.172663,0.157995,1.069036,0.22045,-24.323914,0.011752,-11.984053,0.001136,4.319827,0.048157,1.069037,0.220446,-7.41392,""
EOSS-404,KC0D-2,2026-07-25T08:23:46.929,2026-07-25T08:23:45.000,14531.0,4429.05,-1456.0,1335.0,descending,true,/142345h3910.44N/10318.94WO325/018/A=014531 37T6084P In Memory EOSS Alpha WA0GEH sk,"KC0D-2>APZEOS,EOSS,WIDE2-1,qAO,N6BA:/142345h3910.44N/10318.94WO325/018/A=014531 37T6084P In Memory EOSS Alpha WA0GEH sk",325.0,21.0,33.8,39.174,-103.31566666666667,12.0,19.31,38.66,3.7,276.85,60840.0,0.6,0.00148546,0.76557391,-0.00003333,0.00005,-24.26666667,-7.39633333,n/a,-0.003333,-39.18337,0.003664,14.180178,0.157277,1.05194,-0.044488,-24.07916,-0.001011,-11.943091,0.001117,4.322119,0.047938,1.051974,-0.044391,-7.33932,""
EOSS-404,K0SCC-13,2026-07-25T08:24:02.764,2026-07-25T08:24:00.000,14136.0,4308.65,-1436.0,1350.0,descending,true,/142400h3910.46N/10318.95WO250/011>K0SCC-13 EOSS Balloon BatVolt: 7.4V | Temp: 24F/A=014136!W03!,"K0SCC-13>APTT4,Z,Z,Z,qAO,N6BA:/142400h3910.46N/10318.95WO250/011>K0SCC-13 EOSS Balloon BatVolt: 7.4V | Temp: 24F/A=014136!W03!",250.0,13.0,20.9,39.17433333333334,-103.31588333333333,11.98,19.28,,,,,,,,-0.00003556,0.00003667,-23.93333333,-7.295,n/a,0.011111,-39.048414,0.003731,14.189439,0.156568,1.065235,0.047136,-23.797083,0.003378,-11.901958,0.001137,4.32494,0.047722,1.065207,0.046959,-7.253343,""
EOSS-404,KC0D-2,2026-07-25T08:24:16.900,2026-07-25T08:24:15.000,13830.0,4215.38,-1402.0,1365.0,descending,true,/142415h3910.49N/10319.01WO311/002/A=013830 40T6243P In Memory EOSS Alpha WA0GEH sk,"KC0D-2>APZEOS,EOSS,WIDE2-1,qAO,N6BA:/142415h3910.49N/10319.01WO311/002/A=013830 40T6243P In Memory EOSS Alpha WA0GEH sk",311.0,2.0,3.2,39.17483333333333,-103.31683333333334,11.92,19.18,39.2,4.0,277.15,62430.0,0.62,0.00152263,0.78473117,-0.00003889,0.00002778,-23.36666667,-7.12233333,n/a,0.018889,-38.910855,0.003865,14.202661,0.155874,1.094456,0.096386,-23.597,0.005756,-11.860031,0.001178,4.328969,0.047511,1.094417,0.096357,-7.192358,""
EOSS-404,N0JPS,2026-07-25T08:24:17.020,2026-07-25T08:24:17.020,13802.0,4206.85,-1432.4,1367.02,descending,true,!3910.49N/10319.01WO035/004/A=013802 EOSS BALLOON Leah Love 11sat LOCK,"N0JPS>APRS,WIDE2-1,qAO,N6BA:!3910.49N/10319.01WO035/004/A=013802 EOSS BALLOON Leah Love 11sat LOCK",35.0,5.0,8.0,39.17483333333333,-103.31683333333334,11.92,19.18,,,,,,,,-0.00003885,0.00004162,-23.87413635,-7.27678348,n/a,-0.008449,-38.780101,0.003757,14.209583,0.155187,1.049008,-0.078653,-23.579655,-0.002571,-11.820177,0.001145,4.331079,0.047301,1.049021,-0.078561,-7.187075,""
EOSS-404,K0SCC-13,2026-07-25T08:24:32.377,2026-07-25T08:24:30.000,13437.0,4095.6,-1398.0,1380.0,descending,true,/142430h3910.51N/10319.05WO005/016/A=013437!W94!,"K0SCC-13>APTT4,Z,Z,Z,qAO,N6BA:/142430h3910.51N/10319.05WO005/016/A=013437!W94!",5.0,18.0,29.0,39.17531666666667,-103.31756666666666,11.87,19.1,,,,,,,,-0.00005611,0.00003278,-23.3,-7.10166667,n/a,0.019138,-38.646652,0.003891,14.220489,0.154512,1.079193,0.098678,-23.370482,0.005837,-11.7795,0.001186,4.334405,0.047095,1.079233,0.098758,-7.123322,""
EOSS-404,KC0D-2,2026-07-25T08:24:46.902,2026-07-25T08:24:45.000,13122.0,3999.59,-1416.0,1395.0,descending,true,/142445h3910.54N/10319.08WO308/018/A=013122 45T6407P In Memory EOSS Alpha WA0GEH sk,"KC0D-2>APZEOS,EOSS,WIDE2-1,qAO,N6BA:/142445h3910.54N/10319.08WO308/018/A=013122 45T6407P In Memory EOSS Alpha WA0GEH sk",308.0,21.0,33.8,39.175666666666665,-103.318,11.83,19.04,40.1,4.5,277.65,64070.0,0.63,0.00155981,0.80389531,-0.00003889,0.00002778,-23.6,-7.193,n/a,-0.01,-38.518048,0.003771,14.22723,0.153844,1.048556,-0.089513,-23.218076,-0.003044,-11.740299,0.001149,4.336462,0.046892,1.04862,-0.089418,-7.076872,""
EOSS-404,K0SCC-13,2026-07-25T08:25:02.344,2026-07-25T08:25:00.000,12731.0,3880.41,-1412.0,1410.0,descending,true,/142500h3910.57N/10319.10WO260/002/A=012731!W92!,"K0SCC-13>APTT4,Z,Z,Z,qAO,N6BA:/142500h3910.57N/10319.10WO260/002/A=012731!W92!",260.0,2.0,3.2,39.176316666666665,-103.31836666666666,11.79,18.97,,,,,,,,-0.00002667,0.00003333,-23.53333333,-7.173,n/a,0.002222,-38.391059,0.003758,14.233304,0.153179,1.04387,-0.010027,-23.069522,0.000667,-11.701593,0.001145,4.338313,0.046689,1.04386,-0.010238,-7.031594,""
EOSS-404,KC0D-2,2026-07-25T08:25:17.021,2026-07-25T08:25:15.000,12435.0,3790.19,-1374.0,1425.0,descending,true,/142515h3910.61N/10319.15WO000/015/A=012435 49T6571P In Memory EOSS Alpha WA0GEH sk,"KC0D-2>APZEOS,EOSS,WIDE2-1,qAO,N6BA:/142515h3910.61N/10319.15WO000/015/A=012435 49T6571P In Memory EOSS Alpha WA0GEH sk",0.0,17.0,27.4,39.176833333333335,-103.31916666666666,11.74,18.89,40.82,4.9,278.05,65710.0,0.65,0.00159744,0.82328654,-0.00003889,0.00003889,-22.9,-6.98,n/a,0.021111,-38.260882,0.003905,14.243829,0.152532,1.078424,0.112803,-22.988804,0.006433,-11.661916,0.00119,4.34152,0.046492,1.078405,0.112772,-7.006994,""
EOSS-404,N0JPS,2026-07-25T08:25:17.059,2026-07-25T08:25:17.059,12422.0,3786.23,-1379.1,1427.059,descending,true,!3910.60N/10319.15WO004/014/A=012422 EOSS BALLOON Leah Love 10sat LOCK,"N0JPS>APRS,WIDE2-1,qAO,N6BA:!3910.60N/10319.15WO004/014/A=012422 EOSS BALLOON Leah Love 10sat LOCK",4.0,16.0,25.7,39.17666666666667,-103.31916666666666,11.74,18.89,,,,,,,,-0.00003886,0.00003054,-22.98505971,-7.00577958,n/a,-0.001417,-38.133583,0.00386,14.25224,0.151885,1.062887,-0.034743,-22.985896,-0.000429,-11.623115,0.001176,4.344084,0.046295,1.062902,-0.034669,-7.006109,""
EOSS-404,K0SCC-13,2026-07-25T08:25:32.790,2026-07-25T08:25:30.000,12045.0,3671.32,-1372.0,1440.0,descending,true,/142530h3910.62N/10319.16WO328/015>K0SCC-13 EOSS Balloon BatVolt: 7.4V | Temp: 25F/A=012045!W55!,"K0SCC-13>APTT4,Z,Z,Z,qAO,N6BA:/142530h3910.62N/10319.16WO328/015>K0SCC-13 EOSS Balloon BatVolt: 7.4V | Temp: 25F/A=012045!W55!",328.0,17.0,27.4,39.177083333333336,-103.31941666666667,11.71,18.85,,,,,,,,-0.000035,0.00002556,-22.86666667,-6.96966667,n/a,0.003946,-38.00741,0.003861,14.260431,0.151245,1.061731,0.000562,-22.924637,0.001204,-11.584657,0.001177,4.346582,0.0461,1.061752,0.000586,-6.98744,""
EOSS-404,KC0D-2,2026-07-25T08:25:46.964,2026-07-25T08:25:45.000,11748.0,3580.79,-1374.0,1455.0,descending,true,/142545h3910.65N/10319.14WO139/005/A=011748 55T6737P In Memory EOSS Alpha WA0GEH sk,"KC0D-2>APZEOS,EOSS,WIDE2-1,qAO,N6BA:/142545h3910.65N/10319.14WO139/005/A=011748 55T6737P In Memory EOSS Alpha WA0GEH sk",139.0,6.0,9.7,39.1775,-103.319,11.72,18.86,41.9,5.5,278.65,67370.0,0.66,0.00163427,0.84226732,5.56e-6,0.00002222,-22.9,-6.98,n/a,-0.001111,-37.883579,0.00382,14.267095,0.150614,1.050219,-0.032739,-22.906521,-0.000344,-11.546914,0.001164,4.348612,0.045908,1.0502,-0.032848,-6.98192,""
EOSS-404,K0SCC-13,2026-07-25T08:26:02.439,2026-07-25T08:26:00.000,11350.0,3459.48,-1390.0,1470.0,descending,true,/142600h3910.66N/10319.16WO348/014/A=011350!W64!,"K0SCC-13>APTT4,Z,Z,Z,qAO,N6BA:/142600h3910.66N/10319.16WO348/014/A=011350!W64!",348.0,16.0,25.7,39.17776666666667,-103.3194,11.69,18.81,,,,,,,,5.6e-7,0.00002278,-23.16666667,-7.06133333,n/a,-0.008889,-37.76393,0.003716,14.270334,0.149995,1.02291,-0.084036,-22.918903,-0.002711,-11.510446,0.001132,4.349598,0.045719,1.022879,-0.084057,-6.985697,""
EOSS-404,KC0D-2,2026-07-25T08:26:16.976,2026-07-25T08:26:15.000,11047.0,3367.13,-1402.0,1485.0,descending,true,/142615h3910.68N/10319.17WO331/014/A=011047 58T6910P In Memory EOSS Alpha WA0GEH sk,"KC0D-2>APZEOS,EOSS,WIDE2-1,qAO,N6BA:/142615h3910.68N/10319.17WO331/014/A=011047 58T6910P In Memory EOSS Alpha WA0GEH sk",331.0,16.0,25.7,39.178,-103.3195,11.67,18.78,42.44,5.8,278.95,69100.0,0.68,0.00167443,0.86296688,-0.00001667,0.00001667,-23.36666667,-7.122,n/a,-0.006667,-37.647823,0.003631,14.270894,0.149382,1.000719,-0.068937,-22.950736,-0.002022,-11.475055,0.001107,4.34977,0.045532,1.000755,-0.068721,-6.995401,""
EOSS-404,N0JPS,2026-07-25T08:26:17.247,2026-07-25T08:26:17.247,11049.0,3367.74,-1368.7,1487.247,descending,true,!3910.68N/10319.16WO326/016/A=011049 EOSS BALLOON Leah Love 12sat LOCK,"N0JPS>APRS,WIDE2-1,qAO,AE0SS-11:!3910.68N/10319.16WO326/016/A=011049 EOSS BALLOON Leah Love 12sat LOCK",326.0,18.0,29.0,39.178,-103.31933333333333,11.68,18.8,,,,,,,,-2.77e-6,0.00002215,-22.81185618,-6.95304712,n/a,0.009218,-37.529135,0.003676,14.275043,0.148774,1.03098,0.037251,-22.950477,0.002807,-11.438879,0.00112,4.351035,0.045347,1.03098,0.037202,-6.995322,""
EOSS-404,K0SCC-13,2026-07-25T08:26:32.435,2026-07-25T08:26:30.000,10658.0,3248.56,-1384.0,1500.0,descending,true,/142630h3910.71N/10319.15WO158/004/A=010658!W52!,"K0SCC-13>APTT4,Z,Z,Z,qAO,N6BA:/142630h3910.71N/10319.15WO158/004/A=010658!W52!",158.0,5.0,8.0,39.178583333333336,-103.3192,11.66,18.76,,,,,,,,6.67e-6,0.00002722,-23.06666667,-7.03066667,n/a,-0.008494,-37.414353,0.003579,14.276087,0.148177,1.005015,-0.081477,-23.008976,-0.002587,-11.403893,0.001091,4.351354,0.045165,1.005027,-0.081435,-7.013155,""
EOSS-404,KC0D-2,2026-07-25T08:26:46.925,2026-07-25T08:26:45.000,10357.0,3156.81,-1380.0,1515.0,descending,true,/142645h3910.74N/10319.17WO047/003/A=010357 65T7083P In Memory EOSS Alpha WA0GEH sk,"KC0D-2>APZEOS,EOSS,WIDE2-1,qAO,N6BA:/142645h3910.74N/10319.17WO047/003/A=010357 65T7083P In Memory EOSS Alpha WA0GEH sk",47.0,3.0,4.8,39.179,-103.3195,11.63,18.72,43.7,6.5,279.65,70830.0,0.7,0.00171206,0.88235808,0.0,0.00003333,-23.0,-7.01066667,n/a,0.002222,-37.300855,0.003568,14.276735,0.147584,1.001689,-0.00912,-23.057637,0.000667,-11.369301,0.001087,4.351549,0.044984,1.001628,-0.009337,-7.027989,""
EOSS-404,K0SCC-13,2026-07-25T08:27:02.668,2026-07-25T08:27:00.000,9962.0,3036.42,-1392.0,1530.0,descending,true,/142700h3910.76N/10319.20WO027/011>K0SCC-13 EOSS Balloon BatVolt: 7.4V | Temp: 28F/A=009962!W73!,"K0SCC-13>APTT4,Z,Z,Z,qAO,N6BA:/142700h3910.76N/10319.20WO027/011>K0SCC-13 EOSS Balloon BatVolt: 7.4V | Temp: 28F/A=009962!W73!",27.0,13.0,20.9,39.179449999999996,-103.32005,11.59,18.65,,,,,,,,-0.00002833,0.00002889,-23.2,-7.07133333,n/a,-0.006667,-37.190692,0.003487,14.27493,0.147,0.980088,-0.069075,-23.109547,-0.002022,-11.335723,0.001063,4.350999,0.044806,0.980094,-0.068852,-7.043811,""
EOSS-404,KC0D-2,2026-07-25T08:27:16.906,2026-07-25T08:27:15.000,9678.0,2949.85,-1358.0,1545.0,descending,true,/142715h3910.78N/10319.21WO315/015/A=009678 69T7256P In Memory EOSS Alpha WA0GEH sk,"KC0D-2>APZEOS,EOSS,WIDE2-1,qAO,N6BA:/142715h3910.78N/10319.21WO315/015/A=009678 69T7256P In Memory EOSS Alpha WA0GEH sk",315.0,17.0,27.4,39.17966666666667,-103.32016666666667,11.58,18.64,44.42,6.9,280.05,72560.0,0.72,0.00175137,0.90261832,-0.00002222,0.00002222,-22.63333333,-6.89866667,n/a,0.018889,-37.077844,0.003608,14.276709,0.146426,1.011754,0.10436,-23.126797,0.005756,-11.301327,0.0011,4.351541,0.044631,1.011747,0.104322,-7.049068,""
EOSS-404,N0JPS,2026-07-25T08:27:17.208,2026-07-25T08:27:17.208,9654.0,2942.54,-1395.9,1547.208,descending,true,!3910.78N/10319.21WO297/018/A=009654 EOSS BALLOON Leah Love 12sat LOCK,"N0JPS>APRS,WIDE2-1,qAO,AE0SS-11:!3910.78N/10319.21WO297/018/A=009654 EOSS BALLOON Leah Love 12sat LOCK",297.0,21.0,33.8,39.17966666666667,-103.32016666666667,11.58,18.64,,,,,,,,-0.0000139,0.0000278,-23.26512233,-7.091276,n/a,-0.010537,-36.971592,0.003498,14.272772,0.145858,0.960323,-0.096224,-23.127153,-0.003212,-11.268942,0.001066,4.350341,0.044458,0.960308,-0.096226,-7.049177,""
EOSS-404,K0SCC-13,2026-07-25T08:27:32.398,2026-07-25T08:27:30.000,9276.0,2827.32,-1372.0,1560.0,descending,true,/142730h3910.80N/10319.24WO294/019/A=009276!W84!,"K0SCC-13>APTT4,Z,Z,Z,qAO,N6BA:/142730h3910.80N/10319.24WO294/019/A=009276!W84!",294.0,22.0,35.4,39.18013333333333,-103.32073333333334,11.53,18.56,,,,,,,,-0.00002278,0.00002278,-22.86666667,-6.97,n/a,0.013282,-36.863921,0.003573,14.271079,0.145294,0.980813,0.066823,-23.103529,0.004043,-11.236126,0.001089,4.349823,0.044286,0.980759,0.066703,-7.041974,""
EOSS-404,KC0D-2,2026-07-25T08:27:47.205,2026-07-25T08:27:45.000,8990.0,2740.15,-1376.0,1575.0,descending,true,/142745h3910.84N/10319.28WO270/006/A=008990 76T7435P In Memory EOSS Alpha WA0GEH sk,"KC0D-2>APZEOS,EOSS,WIDE2-1,qAO,AE0SS-11:/142745h3910.84N/10319.28WO270/006/A=008990 76T7435P In Memory EOSS Alpha WA0GEH sk",270.0,7.0,11.3,39.18066666666667,-103.32133333333333,11.49,18.49,45.68,7.6,280.75,74350.0,0.73,0.0017901,0.9225792,-0.00003889,0.00003333,-22.93333333,-6.99,n/a,-0.002222,-36.758386,0.003529,14.268117,0.144735,0.968947,-0.039735,-23.041482,-0.000667,-11.203958,0.001076,4.348921,0.044116,0.968966,-0.039509,-7.023061,""
EOSS-404,K0SCC-13,2026-07-25T08:28:02.355,2026-07-25T08:28:00.000,8600.0,2621.28,-1352.0,1590.0,descending,true,/142800h3910.88N/10319.34WO332/015/A=008600!W12!,"K0SCC-13>APTT4,Z,Z,Z,qAO,N6BA:/142800h3910.88N/10319.34WO332/015/A=008600!W12!",332.0,17.0,27.4,39.18135,-103.32236666666667,11.41,18.36,,,,,,,,-0.00005444,0.00004056,-22.53333333,-6.868,n/a,0.013333,-36.651431,0.003603,14.267387,0.144184,0.989536,0.067483,-22.882173,0.004067,-11.171357,0.001098,4.348699,0.043948,0.989573,0.067557,-6.974501,""
EOSS-404,KC0D-2,2026-07-25T08:28:17.209,2026-07-25T08:28:15.000,8313.0,2533.8,-1354.0,1605.0,descending,true,/142815h3910.91N/10319.37WO281/015/A=008313 80T7615P In Memory EOSS Alpha WA0GEH sk,"KC0D-2>APZEOS,EOSS,WIDE2-1,qAO,AE0SS-11:/142815h3910.91N/10319.37WO281/015/A=008313 80T7615P In Memory EOSS Alpha WA0GEH sk",281.0,17.0,27.4,39.18183333333333,-103.32283333333334,11.37,18.3,46.4,8.0,281.15,76150.0,0.75,0.00183083,0.94357031,-0.00005,0.00003889,-22.56666667,-6.87833333,n/a,-0.001111,-36.546321,0.003568,14.265633,0.143638,0.979953,-0.032575,-22.704831,-0.000344,-11.139319,0.001087,4.348165,0.043781,0.97995,-0.032685,-6.920444,""
EOSS-404,K0SCC-13,2026-07-25T08:28:32.972,2026-07-25T08:28:30.000,7934.0,2418.28,-1332.0,1620.0,descending,true,/142830h3910.95N/10319.42WO001/012>K0SCC-13 EOSS Balloon BatVolt: 7.4V | Temp: 31F/A=007934!W59!,"K0SCC-13>APTT4,Z,Z,Z,qAO,AE0SS-11:/142830h3910.95N/10319.42WO001/012>K0SCC-13 EOSS Balloon BatVolt: 7.4V | Temp: 31F/A=007934!W59!",1.0,14.0,22.5,39.18258333333333,-103.32381666666667,11.3,18.19,,,,,,,,-0.00004833,0.00004111,-22.2,-6.76666667,n/a,0.012222,-36.440052,0.003633,14.265838,0.143099,0.998192,0.060021,-22.394443,0.003722,-11.106929,0.001107,4.348226,0.043617,0.998169,0.059954,-6.825833,""
EOSS-404,KC0D-2,2026-07-25T08:28:47.222,2026-07-25T08:28:45.000,7651.0,2332.02,-1324.0,1635.0,descending,true,/142845h3910.98N/10319.48WO331/017/A=007651 87T7793P In Memory EOSS Alpha WA0GEH sk,"KC0D-2>APZEOS,EOSS,WIDE2-1,qAO,AE0SS-11:/142845h3910.98N/10319.48WO331/017/A=007651 87T7793P In Memory EOSS Alpha WA0GEH sk",331.0,20.0,32.2,39.183,-103.32466666666667,11.25,18.11,47.66,8.7,281.85,77930.0,0.77,0.00186897,0.96322797,-0.00006111,0.00003889,-22.06666667,-6.726,n/a,0.004444,-36.334365,0.003639,14.266243,0.142564,1.000102,0.005647,-22.116139,0.001356,-11.074717,0.001109,4.348349,0.043454,1.000085,0.005684,-6.741003,""
EOSS-404,KC0D-2,2026-07-25T08:29:17.220,2026-07-25T08:29:15.000,6989.0,2130.25,-1324.0,1665.0,descending,true,/142915h3911.04N/10319.57WO262/009/A=006989 92T7972P In Memory EOSS Alpha WA0GEH sk,"KC0D-2>APZEOS,EOSS,WIDE2-1,qAO,KE0YAL-9:/142915h3911.04N/10319.57WO262/009/A=006989 92T7972P In Memory EOSS Alpha WA0GEH sk",262.0,10.0,16.1,39.184,-103.32616666666667,11.14,17.93,48.56,9.2,282.35,79720.0,0.79,0.00190851,0.98360776,-0.00005,0.00003333,-22.06666667,-6.72566667,n/a,0.0,-36.230221,0.003612,14.265871,0.142035,0.992828,-0.02543,-21.429501,0.000011,-11.042972,0.001101,4.348238,0.043293,0.992886,-0.025177,-6.531726,""
EOSS-404,K0SCC-13,2026-07-25T08:29:32.701,2026-07-25T08:29:30.000,6628.0,2020.21,-1306.0,1680.0,descending,true,/142930h3911.07N/10319.63WO346/015/A=006628!W59!,"K0SCC-13>APTT4,Z,Z,Z,qAO,AE0SS-11:/142930h3911.07N/10319.63WO346/015/A=006628!W59!",346.0,17.0,27.4,39.184583333333336,-103.32731666666668,11.07,17.82,,,,,,,,-0.00005833,0.00003333,-21.76666667,-6.6345,n/a,0.005,-36.125413,0.003622,14.266936,0.141512,1.006435,0.009738,-21.166498,0.001519,-11.011026,0.001104,4.348562,0.043133,1.006431,0.009621,-6.451565,""
EOSS-404,KC0D-2,2026-07-25T08:29:47.210,2026-07-25T08:29:45.000,6357.0,1937.61,-1264.0,1695.0,descending,true,/142945h3911.11N/10319.69WO318/021/A=006357 99T8148P In Memory EOSS Alpha WA0GEH sk,"KC0D-2>APZEOS,EOSS,WIDE2-1,qAO,AE0SS-11:/142945h3911.11N/10319.69WO318/021/A=006357 99T8148P In Memory EOSS Alpha WA0GEH sk",318.0,24.0,38.6,39.18516666666667,-103.32816666666666,11.01,17.72,49.82,9.9,283.05,81480.0,0.8,0.00194582,1.00283691,-0.00006667,0.00003889,-21.06666667,-6.42133333,n/a,0.023333,-36.017077,0.003765,14.272418,0.141005,1.047504,0.138775,-21.118158,0.007106,-10.978007,0.001147,4.350231,0.042978,1.047456,0.138652,-6.436844,""
EOSS-404,K0SCC-13,2026-07-25T08:30:02.549,2026-07-25T08:30:00.000,6001.0,1829.1,-1254.0,1710.0,descending,true,/143000h3911.16N/10319.73WO017/002/A=006001!W80!,"K0SCC-13>APTT4,Z,Z,Z,qAO,AE0SS-11:/143000h3911.16N/10319.73WO017/002/A=006001!W80!",17.0,2.0,3.2,39.18613333333333,-103.32883333333334,10.94,17.61,,,,,,,,-0.00005056,0.00005167,-20.9,-6.37033333,n/a,0.005556,-35.909097,0.003778,14.278262,0.140493,1.051185,0.012655,-21.396035,0.0017,-10.945095,0.001151,4.352013,0.042822,1.051183,0.012821,-6.521571,""
