flightid,callsign,receivetime,packettime,altitude_ft,altitude_m,vert_rate_ftmin,elapsed_secs,flight_phase,info,raw,bearing,speed_mph,speed_kph,latitude,longitude,distance_from_launch_mi,distance_from_launch_km,temperature_f,temperature_c,temperature_k,pressure_pa,pressure_atm,airdensity_slugs,airdensity_kgm3,velocity_x_degs,velocity_y_degs,velocity_z_fts,velocity_z_ms,airflow,acceleration_fts2,velocity_mean_fts,acceleration_mean_fts2,velocity_std_fts,acceleration_std_fts2,velocity_norm_fts,acceleration_norm_fts2,velocity_curvefit_fts,acceleration_ms2,velocity_mean_ms,acceleration_mean_ms2,velocity_std_ms,acceleration_std_ms2,velocity_norm_ms,acceleration_norm_ms2,velocity_curvefit_ms,reynolds_transition
EOSS-340,KC0D-1,2023-04-22 07:16:31.989,2023-04-22 07:16:30,5443.0,1659.03,436.0,0.0,ascending,/131630h3936.45N/10402.47WO188/007/A=005443 282T8400P EOSS BALLOON,"KC0D-1>APZEOS,EOSS,WIDE2-1,qAO,AE0SS-1:/131630h3936.45N/10402.47WO188/007/A=005443 282T8400P EOSS BALLOON",188.0,8.0,12.9,39.6075,-104.0411666667,0.0,0.0,82.76,28.2,301.35,84000.0,0.83,0.00188419,0.97107,5.56e-06,-1.111e-05,7.26666667,2.215,high Re,,7.266667,,,,,,11.30971,,2.215,,,,,,3.44728,
EOSS-340,AE0SS-13,2023-04-22 07:16:42.467,2023-04-22 07:16:41,5604.0,1708.1,740.0,11.0,ascending,/131641h3936.43N/10402.48WO230/006EOSS Baloon/A=005604!W40!,"AE0SS-13>APTT4,EOSS,qAO,W0ARP-2:/131641h3936.43N/10402.48WO230/006EOSS Baloon/A=005604!W40!",230.0,7.0,11.3,39.6072333333,-104.0413333333,0.02,0.03,,,,,,,,-1.67e-06,-1.722e-05,12.33333333,3.75933333,high Re,0.168889,9.8,0.168889,3.582674,,0.707107,,12.438307,0.051478,2.987167,0.051478,1.092009,,0.707106,,3.791245,
EOSS-340,KC0D-1,2023-04-22 07:17:02.018,2023-04-22 07:17:00,5983.0,1823.62,1080.0,30.0,ascending,/131700h3936.40N/10402.49WO164/008/A=005983 279T8225P EOSS BALLOON,"KC0D-1>APZEOS,EOSS,WIDE2-1,qAO,AE0SS-1:/131700h3936.40N/10402.49WO164/008/A=005983 279T8225P EOSS BALLOON",164.0,9.0,14.5,39.6066666667,-104.0415,0.06,0.1,82.22,27.9,301.05,82250.0,0.81,0.00184677,0.9517869,-1.111e-05,-2.778e-05,18.0,5.48633333,high Re,0.188889,12.533333,0.178889,5.369461,0.014142,1.018103,0.707114,14.552595,0.057567,3.820222,0.054522,1.636516,0.004306,1.018084,0.707153,4.435664,
EOSS-340,AE0SS-13,2023-04-22 07:17:12.371,2023-04-22 07:17:11,6149.0,1874.22,1090.0,41.0,ascending,/131711h3936.36N/10402.48WO179/007EOSS Baloon/A=006149!W85!,"AE0SS-13>APTT4,EOSS,qAO,W0ARP-2:/131711h3936.36N/10402.48WO179/007EOSS Baloon/A=006149!W85!",179.0,8.0,12.9,39.6061333333,-104.0414166667,0.1,0.15,,,,,,,,-2.78e-06,-3.667e-05,18.16666667,5.53733333,high Re,0.005556,13.941667,0.121111,5.210984,0.100572,0.810787,-1.148978,15.272347,0.0017,4.2495,0.036915,1.588262,0.030649,0.810844,-1.148977,4.65505,
EOSS-340,KC0D-1,2023-04-22 07:17:31.997,2023-04-22 07:17:30,6503.0,1982.11,1040.0,60.0,ascending,/131730h3936.33N/10402.50WO228/011/A=006503 276T8058P EOSS BALLOON,"KC0D-1>APZEOS,EOSS,WIDE2-1,qAO,AE0SS-1:/131730h3936.33N/10402.50WO228/011/A=006503 276T8058P EOSS BALLOON",228.0,13.0,20.9,39.6055,-104.0416666667,0.14,0.23,81.68,27.6,300.75,80580.0,0.8,0.00181108,0.933392,-5.56e-06,-3.889e-05,17.33333333,5.283,high Re,-0.027778,14.62,0.083889,4.760929,0.110839,0.569917,-1.00747,16.463963,-0.008478,4.4562,0.025567,1.451053,0.033784,0.569793,-1.007726,5.018213,
EOSS-340,AE0SS-13,2023-04-22 07:17:42.295,2023-04-22 07:17:41,6694.0,2040.33,1090.0,71.0,ascending,/131741h3936.29N/10402.51WO182/008EOSS Baloon/A=006694!W88!,"AE0SS-13>APTT4,EOSS,qAO,W0ARP-2:/131741h3936.29N/10402.51WO182/008EOSS Baloon/A=006694!W88!",182.0,9.0,14.5,39.6049666667,-104.0419666667,0.18,0.29,,,,,,,,-1.833e-05,-3.889e-05,18.16666667,5.537,high Re,0.027778,15.211111,0.072667,4.497736,0.099215,0.657121,-0.452442,16.942648,0.008467,4.636333,0.022147,1.370815,0.030241,0.65703,-0.452366,5.164121,
EOSS-340,KC0D-1,2023-04-22 07:18:01.997,2023-04-22 07:18:00,7028.0,2142.13,1050.0,90.0,ascending,/131800h3936.25N/10402.52WO206/008/A=007028 272T7893P EOSS BALLOON,"KC0D-1>APZEOS,EOSS,WIDE2-1,qAO,AE0SS-1:/131800h3936.25N/10402.52WO206/008/A=007028 272T7893P EOSS BALLOON",206.0,9.0,14.5,39.6041666667,-104.042,0.23,0.38,80.96,27.2,300.35,78930.0,0.78,0.00177636,0.91549698,-1.111e-05,-4.444e-05,17.5,5.334,high Re,-0.022222,15.538095,0.056852,4.196005,0.096827,0.467565,-0.816652,17.557476,-0.006767,4.736,0.017328,1.278858,0.029512,0.467605,-0.816448,5.351512,
EOSS-340,AE0SS-13,2023-04-22 07:18:12.306,2023-04-22 07:18:11,7193.0,2192.43,998.0,101.0,ascending,/131811h3936.22N/10402.52WO161/013EOSS Baloon/A=007193!W23!,"AE0SS-13>APTT4,EOSS,qAO,W0ARP-2:/131811h3936.22N/10402.52WO161/013EOSS Baloon/A=007193!W23!",161.0,15.0,24.1,39.6037,-104.04205,0.27,0.43,,,,,,,,-2.78e-06,-4.222e-05,16.63333333,5.07,high Re,-0.028889,15.675,0.044603,3.903997,0.094144,0.245475,-0.780634,17.774319,-0.0088,4.77775,0.013595,1.189867,0.028693,0.245616,-0.780504,5.417615,
EOSS-340,KC0D-1,2023-04-22 07:18:31.975,2023-04-22 07:18:30,7544.0,2299.41,1032.0,120.0,ascending,/131830h3936.17N/10402.54WO163/010/A=007544 268T7734P EOSS BALLOON,"KC0D-1>APZEOS,EOSS,WIDE2-1,qAO,AE0SS-1:/131830h3936.17N/10402.54WO163/010/A=007544 268T7734P EOSS BALLOON",163.0,12.0,19.3,39.6028333333,-104.0423333333,0.33,0.53,80.24,26.8,299.95,77340.0,0.76,0.00174289,0.89825108,-1.111e-05,-4.444e-05,17.2,5.24266667,high Re,0.018889,15.844444,0.041389,3.687064,0.087634,0.367652,-0.25675,18.085501,0.005756,4.829407,0.012615,1.123755,0.026709,0.367749,-0.256805,5.512456,
EOSS-340,AE0SS-13,2023-04-22 07:18:42.361,2023-04-22 07:18:41,7714.0,2351.23,1042.0,131.0,ascending,/131841h3936.14N/10402.55WO197/015EOSS Baloon/A=007714!W00!,"AE0SS-13>APTT4,EOSS,qAO,W0ARP-2:/131841h3936.14N/10402.55WO197/015EOSS Baloon/A=007714!W00!",197.0,17.0,27.4,39.6023333333,-104.0425,0.36,0.59,,,,,,,,-1.5e-05,-4.556e-05,17.36666667,5.29333333,high Re,0.005556,15.996667,0.037408,3.509368,0.082839,0.390384,-0.384505,18.176802,0.001689,4.8758,0.011401,1.069596,0.025248,0.390365,-0.384664,5.540286,
EOSS-340,KC0D-1,2023-04-22 07:19:02.028,2023-04-22 07:19:00,8067.0,2458.82,1046.0,150.0,ascending,/131900h3936.07N/10402.58WO202/019/A=008067 265T7576P EOSS BALLOON,"KC0D-1>APZEOS,EOSS,WIDE2-1,qAO,AE0SS-1:/131900h3936.07N/10402.58WO202/019/A=008067 265T7576P EOSS BALLOON",202.0,22.0,35.4,39.6011666667,-104.043,0.45,0.72,79.7,26.5,299.65,75760.0,0.75,0.001709,0.8807814,-2.222e-05,-5.556e-05,17.43333333,5.31366667,high Re,0.002222,16.127273,0.033889,3.357341,0.07889,0.389016,-0.401407,18.274377,0.000678,4.915606,0.010329,1.02326,0.024044,0.389012,-0.401389,5.570026,
EOSS-340,AE0SS-13,2023-04-22 07:19:12.256,2023-04-22 07:19:11,8229.0,2508.2,1030.0,161.0,ascending,/131911h3936.01N/10402.58WO177/020EOSS Baloon/A=008229!W88!,"AE0SS-13>APTT4,EOSS,qAO,W0ARP-2:/131911h3936.01N/10402.58WO177/020EOSS Baloon/A=008229!W88!",177.0,23.0,37.0,39.6003,-104.0431333333,0.51,0.82,,,,,,,,-2.111e-05,-6.778e-05,17.16666667,5.23233333,high Re,-0.008889,16.213889,0.03,3.21513,0.075945,0.296342,-0.512068,18.287161,-0.002711,4.942,0.009144,0.979915,0.023147,0.296284,-0.512161,5.573922,
EOSS-340,KC0D-1,2023-04-22 07:19:32.023,2023-04-22 07:19:30,8593.0,2619.15,1052.0,180.0,ascending,/131930h3935.96N/10402.60WO168/006/A=008593 259T7421P EOSS BALLOON,"KC0D-1>APZEOS,EOSS,WIDE2-1,qAO,AE0SS-1:/131930h3935.96N/10402.60WO168/006/A=008593 259T7421P EOSS BALLOON",168.0,7.0,11.3,39.5993333333,-104.0433333333,0.58,0.93,78.62,25.9,299.05,74210.0,0.73,0.00167739,0.86449219,-1.111e-05,-6.111e-05,17.53333333,5.34433333,high Re,0.012222,16.315385,0.028519,3.099929,0.072592,0.392896,-0.224501,18.266218,0.003733,4.972949,0.008693,0.94481,0.022125,0.393078,-0.224181,5.567539,
EOSS-340,AE0SS-13,2023-04-22 07:19:42.288,2023-04-22 07:19:41,8768.0,2672.49,1078.0,191.0,ascending,/131941h3935.93N/10402.57WO162/006EOSS Baloon/A=008768!W47!,"AE0SS-13>APTT4,EOSS,qAO,W0ARP-2:/131941h3935.93N/10402.57WO162/006EOSS Baloon/A=008768!W47!",162.0,7.0,11.3,39.5989,-104.04295,0.6,0.97,,,,,,,,6.11e-06,-4.667e-05,17.96666667,5.47633333,high Re,0.014444,16.433333,0.027436,3.010835,0.069612,0.509272,-0.186634,18.23944,0.0044,5.008905,0.008362,0.917659,0.021216,0.50937,-0.186746,5.559378,
EOSS-340,KC0D-1,2023-04-22 07:20:02.021,2023-04-22 07:20:00,9137.0,2784.96,1088.0,210.0,ascending,/132000h3935.90N/10402.53WO114/013/A=009137 257T7264P EOSS BALLOON,"KC0D-1>APZEOS,EOSS,WIDE2-1,qAO,AE0SS-1:/132000h3935.90N/10402.53WO114/013/A=009137 257T7264P EOSS BALLOON",114.0,15.0,24.1,39.5983333333,-104.0421666667,0.64,1.02,78.26,25.7,298.85,72640.0,0.72,0.001643,0.84676914,3.889e-05,-3.333e-05,18.13333333,5.527,high Re,0.005556,16.546667,0.025873,2.934329,0.067136,0.540725,-0.302625,18.164957,0.001689,5.043444,0.007886,0.89434,0.020462,0.540685,-0.302854,5.536676,
EOSS-340,AE0SS-13,2023-04-22 07:20:12.310,2023-04-22 07:20:11,9299.0,2834.34,1062.0,221.0,ascending,/132011h3935.88N/10402.50WO164/007EOSS Baloon/A=009299!W44!,"AE0SS-13>APTT4,EOSS,qAO,W0ARP-2:/132011h3935.88N/10402.50WO164/007EOSS Baloon/A=009299!W44!",164.0,8.0,12.9,39.5980666667,-104.0417333333,0.65,1.05,,,,,,,,4.056e-05,-2.778e-05,17.7,5.395,high Re,-0.014444,16.61875,0.023185,2.849457,0.065526,0.379458,-0.574261,18.129239,-0.0044,5.065417,0.007067,0.868473,0.019971,0.379497,-0.574183,5.52579,
EOSS-340,KC0D-1,2023-04-22 07:20:31.990,2023-04-22 07:20:30,9680.0,2950.46,1086.0,240.0,ascending,/132030h3935.85N/10402.46WO154/008/A=009680 252T7111P EOSS BALLOON,"KC0D-1>APZEOS,EOSS,WIDE2-1,qAO,AE0SS-1:/132030h3935.85N/10402.46WO154/008/A=009680 252T7111P EOSS BALLOON",154.0,9.0,14.5,39.5975,-104.041,0.69,1.11,77.36,25.2,298.35,71110.0,0.7,0.00161109,0.83032303,3.889e-05,-2.778e-05,18.1,5.51666667,high Re,0.013333,16.705882,0.02257,2.782266,0.063352,0.501073,-0.145804,18.049498,0.004056,5.091961,0.006879,0.847988,0.019309,0.500839,-0.146201,5.501488,
EOSS-340,AE0SS-13,2023-04-22 07:20:42.294,2023-04-22 07:20:41,9844.0,3000.45,1090.0,251.0,ascending,/132041h3935.82N/10402.43WO111/012EOSS Baloon/A=009844!W60!,"AE0SS-13>APTT4,EOSS,qAO,W0ARP-2:/132041h3935.82N/10402.43WO111/012EOSS Baloon/A=009844!W60!",111.0,14.0,22.5,39.5971,-104.0405,0.72,1.16,,,,,,,,4.111e-05,-3.222e-05,18.16666667,5.537,high Re,0.002222,16.787037,0.021373,2.721066,0.061538,0.507018,-0.311206,18.019972,0.000678,5.116685,0.006514,0.829329,0.018756,0.506813,-0.311154,5.492488,
EOSS-340,KC0D-1,2023-04-22 07:21:02.019,2023-04-22 07:21:00,10220.0,3115.06,1080.0,270.0,ascending,/132100h3935.80N/10402.37WO112/012/A=010220 251T6962P EOSS BALLOON,"KC0D-1>APZEOS,EOSS,WIDE2-1,qAO,AE0SS-1:/132100h3935.80N/10402.37WO112/012/A=010220 251T6962P EOSS BALLOON",112.0,14.0,22.5,39.5966666667,-104.0395,0.75,1.21,77.18,25.1,298.25,69620.0,0.69,0.00157786,0.81319746,5e-05,-2.778e-05,18.0,5.48666667,high Re,-0.005556,16.850877,0.019877,2.659002,0.060037,0.432163,-0.423622,17.969641,-0.001678,5.136158,0.006059,0.810421,0.018298,0.432502,-0.422833,5.477147,
EOSS-340,AE0SS-13,2023-04-22 07:21:12.225,2023-04-22 07:21:11,10375.0,3162.3,1062.0,281.0,ascending,/132111h3935.78N/10402.34WO159/010EOSS Baloon/A=010375!W82!,"AE0SS-13>APTT4,EOSS,qAO,W0ARP-2:/132111h3935.78N/10402.34WO159/010EOSS Baloon/A=010375!W82!",159.0,12.0,19.3,39.5964666667,-104.0390333333,0.77,1.24,,,,,,,,4.889e-05,-2.111e-05,17.7,5.395,high Re,-0.01,16.893333,0.018304,2.595038,0.058747,0.31085,-0.481795,17.95731,-0.003056,5.1491,0.005579,0.790926,0.017905,0.310901,-0.482268,5.473389,
EOSS-340,KC0D-1,2023-04-22 07:21:32.000,2023-04-22 07:21:30,10747.0,3275.69,1054.0,300.0,ascending,/132130h3935.75N/10402.30WO145/010/A=010747 246T6819P EOSS BALLOON,"KC0D-1>APZEOS,EOSS,WIDE2-1,qAO,AE0SS-1:/132130h3935.75N/10402.30WO145/010/A=010747 246T6819P EOSS BALLOON",145.0,12.0,19.3,39.5958333333,-104.0383333333,0.82,1.32,76.28,24.6,297.75,68190.0,0.67,0.00154805,0.79783185,3.889e-05,-2.778e-05,17.56666667,5.35433333,high Re,-0.004444,16.925397,0.017167,2.533594,0.057406,0.253107,-0.376459,17.950482,-0.001356,5.158873,0.005232,0.772199,0.017496,0.253122,-0.376543,5.471309,
EOSS-340,AE0SS-13,2023-04-22 07:21:42.230,2023-04-22 07:21:41,10897.0,3321.41,1044.0,311.0,ascending,/132141h3935.72N/10402.27WO126/008EOSS Baloon/A=010897!W22!,"AE0SS-13>APTT4,EOSS,qAO,W0ARP-2:/132141h3935.72N/10402.27WO126/008EOSS Baloon/A=010897!W22!",126.0,9.0,14.5,39.5953666667,-104.0378666667,0.86,1.38,,,,,,,,3.889e-05,-3.667e-05,17.4,5.30366667,high Re,-0.005556,16.94697,0.016085,2.474605,0.056172,0.183072,-0.385263,17.957248,-0.001689,5.165455,0.004903,0.754221,0.01712,0.183251,-0.385047,5.473371,
EOSS-340,KC0D-1,2023-04-22 07:22:02.057,2023-04-22 07:22:00,11298.0,3443.63,1102.0,330.0,ascending,/132200h3935.67N/10402.21WO114/009/A=011298 245T6671P EOSS BALLOON,"KC0D-1>APZEOS,EOSS,WIDE2-1,qAO,AE0SS-1:/132200h3935.67N/10402.21WO114/009/A=011298 245T6671P EOSS BALLOON",114.0,10.0,16.1,39.5945,-104.0368333333,0.93,1.49,76.1,24.5,297.65,66710.0,0.66,0.00151496,0.78077788,5e-05,-4.444e-05,18.36666667,5.598,high Re,0.032222,17.008696,0.016818,2.435765,0.054926,0.557513,0.28045,18.002584,0.009811,5.184261,0.005126,0.74238,0.01674,0.557314,0.279869,5.487189,
EOSS-340,AE0SS-13,2023-04-22 07:22:12.274,2023-04-22 07:22:11,11468.0,3495.45,1142.0,341.0,ascending,/132211h3935.64N/10402.17WO151/017EOSS Baloon/A=011468!W89!,"AE0SS-13>APTT4,EOSS,qAO,W0ARP-2:/132211h3935.64N/10402.17WO151/017EOSS Baloon/A=011468!W89!",151.0,20.0,32.2,39.5941333333,-104.0363166667,0.96,1.54,,,,,,,,5.167e-05,-4.111e-05,19.03333333,5.80133333,high Re,0.022222,17.093056,0.017053,2.417808,0.053675,0.802494,0.096302,18.033549,0.006778,5.209972,0.005198,0.736907,0.016359,0.802491,0.096583,5.496628,
EOSS-340,KC0D-1,2023-04-22 07:22:31.982,2023-04-22 07:22:30,11858.0,3614.32,1120.0,360.0,ascending,/132230h3935.60N/10402.11WO113/013/A=011858 240T6524P EOSS BALLOON,"KC0D-1>APZEOS,EOSS,WIDE2-1,qAO,AE0SS-1:/132230h3935.60N/10402.11WO113/013/A=011858 240T6524P EOSS BALLOON",113.0,15.0,24.1,39.5933333333,-104.0351666667,1.03,1.66,75.2,24.0,297.15,65240.0,0.64,0.00148407,0.76485774,5.556e-05,-3.889e-05,18.66666667,5.68966667,high Re,-0.012222,17.156,0.015833,2.387733,0.052834,0.632678,-0.531003,18.129474,-0.003722,5.22916,0.004826,0.727743,0.016103,0.632787,-0.530833,5.525865,
EOSS-340,AE0SS-13,2023-04-22 07:22:42.326,2023-04-22 07:22:41,12023.0,3664.61,1110.0,371.0,ascending,/132241h3935.57N/10402.05WO105/020EOSS Baloon/A=012023!W45!,"AE0SS-13>APTT4,EOSS,qAO,W0ARP-2:/132241h3935.57N/10402.05WO105/020EOSS Baloon/A=012023!W45!",105.0,23.0,37.0,39.5929,-104.03425,1.07,1.73,,,,,,,,6.889e-05,-4.111e-05,18.5,5.63866667,high Re,-0.005556,17.207692,0.014978,2.354293,0.051898,0.548916,-0.395661,18.179791,-0.0017,5.24491,0.004565,0.717548,0.015818,0.548753,-0.396068,5.541201,
EOSS-340,AE0SS-13,2023-04-22 07:23:12.203,2023-04-22 07:23:11,12610.0,3843.53,1174.0,401.0,ascending,/132311h3935.55N/10401.85WO070/020EOSS Baloon/A=012610!W06!,"AE0SS-13>APTT4,EOSS,qAO,W0ARP-2:/132311h3935.55N/10401.85WO070/020EOSS Baloon/A=012610!W06!",70.0,23.0,37.0,39.5925,-104.0309333333,1.17,1.88,,,,,,,,0.00011056,-1.333e-05,19.56666667,5.964,high Re,0.035556,17.295062,0.015769,2.352789,0.05101,0.965494,0.387904,18.399059,0.010844,5.271543,0.004806,0.717094,0.015547,0.965643,0.388371,5.608034,
EOSS-340,KC0D-1,2023-04-22 07:23:31.940,2023-04-22 07:23:30,13041.0,3974.9,1183.0,420.0,ascending,/132330h3935.54N/10401.75WO099/015/A=013041 235T6221P EOSS BALLOON,"KC0D-1>APZEOS,EOSS,WIDE2-1,qAO,W9CN-9:/132330h3935.54N/10401.75WO099/015/A=013041 235T6221P EOSS BALLOON",99.0,17.0,27.4,39.5923333333,-104.0291666667,1.23,1.97,74.3,23.5,296.65,62210.0,0.61,0.00141753,0.73056405,0.0001,-1.667e-05,19.71666667,6.00966667,high Re,0.0025,17.381548,0.015278,2.353726,0.050084,0.992095,-0.255131,18.59221,0.000761,5.297905,0.004657,0.717381,0.015265,0.992167,-0.255224,5.666906,
EOSS-340,AE0SS-13,2023-04-22 07:23:42.563,2023-04-22 07:23:41,13204.0,4024.58,1188.0,431.0,ascending,/132341h3935.52N/10401.66WO104/025EOSS Baloon/A=013204!W35!,"AE0SS-13>APTT4,EOSS,qAO,AE0SS-1:/132341h3935.52N/10401.66WO104/025EOSS Baloon/A=013204!W35!",104.0,29.0,46.7,39.59205,-104.02775,1.28,2.07,,,,,,,,0.00010611,-1.5e-05,19.8,6.035,high Re,0.002778,17.464943,0.014831,2.354539,0.049205,0.991726,-0.244955,18.670529,0.000844,5.323322,0.00452,0.717629,0.014997,0.991707,-0.245116,5.690776,
EOSS-340,KC0D-1,2023-04-22 07:24:01.972,2023-04-22 07:24:00,13606.0,4147.11,1130.0,450.0,ascending,/132400h3935.50N/10401.52WO120/020/A=013606 234T6081P EOSS BALLOON,"KC0D-1>APZEOS,EOSS,WIDE2-1,qAO,AE0SS-1:/132400h3935.50N/10401.52WO120/020/A=013606 234T6081P EOSS BALLOON",120.0,23.0,37.0,39.5916666667,-104.0253333333,1.38,2.22,74.12,23.4,296.55,60810.0,0.6,0.00138609,0.71436394,0.00012778,-2.222e-05,18.83333333,5.74033333,high Re,-0.032222,17.510556,0.013209,2.327038,0.049102,0.568438,-0.925237,18.87241,-0.009822,5.337222,0.004026,0.709246,0.014965,0.568366,-0.925359,5.752308,
EOSS-340,AE0SS-13,2023-04-22 07:24:12.226,2023-04-22 07:24:11,13762.0,4194.66,1116.0,461.0,ascending,/132411h3935.46N/10401.43WO134/024EOSS Baloon/A=013762!W36!,"AE0SS-13>APTT4,EOSS,qAO,W0ARP-2:/132411h3935.46N/10401.43WO134/024EOSS Baloon/A=013762!W36!",134.0,28.0,45.1,39.59105,-104.0239333333,1.46,2.35,,,,,,,,0.00012722,-3.333e-05,18.6,5.66933333,high Re,-0.007778,17.545699,0.012509,2.296277,0.0484,0.459135,-0.419153,18.953109,-0.002367,5.347935,0.003813,0.699871,0.014751,0.459225,-0.418955,5.776906,
EOSS-340,KC0D-1,2023-04-22 07:24:32.013,2023-04-22 07:24:30,14163.0,4316.88,1114.0,480.0,ascending,/132430h3935.40N/10401.29WO110/027/A=014163 229T5945P EOSS BALLOON,"KC0D-1>APZEOS,EOSS,WIDE2-1,qAO,W9CN-9:/132430h3935.40N/10401.29WO110/027/A=014163 229T5945P EOSS BALLOON",110.0,31.0,49.9,39.59,-104.0215,1.6,2.57,73.22,22.9,296.05,59450.0,0.59,0.00135738,0.69956688,0.00012778,-5.556e-05,18.56666667,5.659,high Re,-0.001111,17.577604,0.01207,2.266135,0.047649,0.436454,-0.276627,19.163386,-0.000344,5.357656,0.003679,0.690683,0.014523,0.436299,-0.277009,5.840994,
EOSS-340,AE0SS-13,2023-04-22 07:24:42.176,2023-04-22 07:24:41,14342.0,4371.44,1160.0,491.0,ascending,/132441h3935.35N/10401.20WO128/029EOSS Baloon/A=014342!W50!,"AE0SS-13>APTT4,EOSS,qAO,W0ARP-2:/132441h3935.35N/10401.20WO128/029EOSS Baloon/A=014342!W50!",128.0,33.0,53.1,39.58925,-104.02,1.69,2.72,,,,,,,,0.00013111,-6e-05,19.33333333,5.89266667,high Re,0.025556,17.630808,0.012491,2.251289,0.046935,0.756245,0.278364,19.257494,0.007789,5.373869,0.003807,0.686155,0.014305,0.756094,0.278364,5.869678,
EOSS-340,KC0D-1,2023-04-22 07:25:02.063,2023-04-22 07:25:00,14760.0,4498.85,1194.0,510.0,ascending,/132500h3935.29N/10401.01WO109/030/A=014760 228T5802P EOSS BALLOON,"KC0D-1>APZEOS,EOSS,WIDE2-1,qAO,AE0SS-1:/132500h3935.29N/10401.01WO109/030/A=014760 228T5802P EOSS BALLOON",109.0,35.0,56.3,39.5881666667,-104.0168333333,1.86,2.99,73.04,22.8,295.95,58020.0,0.57,0.00132518,0.68297032,0.00015556,-6.111e-05,19.9,6.06566667,high Re,0.018889,17.697549,0.012685,2.250814,0.046209,0.978513,0.13426,19.474617,0.005767,5.394216,0.003867,0.686016,0.014084,0.978768,0.134905,5.935858,
EOSS-340,AE0SS-13,2023-04-22 07:25:12.251,2023-04-22 07:25:11,14959.0,4559.5,1234.0,521.0,ascending,/132511h3935.25N/10400.89WO117/030EOSS Baloon/A=014959!W64!,"AE0SS-13>APTT4,EOSS,qAO,W0ARP-2:/132511h3935.25N/10400.89WO117/030EOSS Baloon/A=014959!W64!",117.0,35.0,56.3,39.5876,-104.0149,1.96,3.15,,,,,,,,0.00017,-5.5e-05,20.56666667,6.26866667,high Re,0.022222,17.779524,0.012966,2.26988,0.045533,1.227881,0.203281,19.575552,0.006767,5.4192,0.003952,0.691827,0.013878,1.22786,0.202839,5.96662,
EOSS-340,KC0D-1,2023-04-22 07:25:32.002,2023-04-22 07:25:30,15349.0,4678.38,1178.0,540.0,ascending,/132530h3935.19N/10400.66WO108/030/A=015349 224T5663P EOSS BALLOON,"KC0D-1>APZEOS,EOSS,WIDE2-1,qAO,AE0SS-1:/132530h3935.19N/10400.66WO108/030/A=015349 224T5663P EOSS BALLOON",108.0,35.0,56.3,39.5865,-104.011,2.16,3.48,72.32,22.4,295.55,56630.0,0.56,0.00129518,0.66751042,0.00019444,-5.556e-05,19.63333333,5.98433333,high Re,-0.031111,17.831019,0.011706,2.258452,0.045473,0.798031,-0.941592,19.766457,-0.009478,5.434898,0.003568,0.688346,0.013859,0.798196,-0.941338,6.024811,
EOSS-340,AE0SS-13,2023-04-22 07:25:42.241,2023-04-22 07:25:41,15517.0,4729.58,1116.0,551.0,ascending,/132541h3935.15N/10400.53WO107/042EOSS Baloon/A=015517!W13!,"AE0SS-13>APTT4,EOSS,qAO,W0ARP-1:/132541h3935.15N/10400.53WO107/042EOSS Baloon/A=015517!W13!",107.0,48.0,77.2,39.58585,-104.0088833333,2.28,3.66,,,,,,,,0.00020056,-5.833e-05,18.6,5.66933333,high Re,-0.034444,17.851802,0.010424,2.230449,0.045474,0.335447,-0.986674,19.845253,-0.0105,5.441234,0.003177,0.679812,0.01386,0.335533,-0.986797,6.048825,
EOSS-340,KC0D-1,2023-04-22 07:26:02.002,2023-04-22 07:26:00,15894.0,4844.49,1090.0,570.0,ascending,/132600h3935.13N/10400.30WO111/031/A=015894 223T5538P EOSS BALLOON,"KC0D-1>APZEOS,EOSS,WIDE2-1,qAO,W9CN-9:/132600h3935.13N/10400.30WO111/031/A=015894 223T5538P EOSS BALLOON",111.0,36.0,57.9,39.5855,-104.005,2.45,3.95,72.14,22.3,295.45,55380.0,0.55,0.00126702,0.65299733,0.0002,-3.333e-05,18.16666667,5.537,high Re,-0.014444,17.860088,0.009752,2.200694,0.045024,0.13931,-0.537402,20.01313,-0.004411,5.443754,0.002972,0.670742,0.013723,0.139019,-0.538002,6.099994,
EOSS-340,AE0SS-13,2023-04-22 07:26:12.224,2023-04-22 07:26:11,16062.0,4895.7,1090.0,581.0,ascending,/132611h3935.10N/10400.18WO110/038EOSS Baloon/A=016062!W28!,"AE0SS-13>APTT4,EOSS,qAO,W0ARP-2:/132611h3935.10N/10400.18WO110/038EOSS Baloon/A=016062!W28!",110.0,44.0,70.8,39.5850333333,-104.0031333333,2.55,4.1,,,,,,,,0.00019167,-2.722e-05,18.16666667,5.53733333,high Re,0.0,17.867949,0.009496,2.1721,0.044439,0.137525,-0.213686,20.083566,1.1e-05,5.446154,0.002894,0.662027,0.013544,0.137728,-0.212862,6.121464,
EOSS-340,KC0D-1,2023-04-22 07:26:31.938,2023-04-22 07:26:30,16492.0,5026.76,1196.0,600.0,ascending,/132630h3935.07N/10359.96WO094/033/A=016492 218T5403P EOSS BALLOON,"KC0D-1>APZEOS,EOSS,WIDE2-1,qAO,AE0SS-1:/132630h3935.07N/10359.96WO094/033/A=016492 218T5403P EOSS BALLOON",94.0,38.0,61.2,39.5845,-103.9993333333,2.73,4.4,71.24,21.8,294.95,54030.0,0.53,0.00123823,0.63815917,0.00018889,-3.333e-05,19.93333333,6.07566667,high Re,0.058889,17.919583,0.010762,2.168799,0.044558,0.928509,1.080098,20.250425,0.017944,5.461892,0.00328,0.661022,0.01358,0.928524,1.079823,6.172321,
EOSS-340,AE0SS-13,2023-04-22 07:26:42.242,2023-04-22 07:26:41,16692.0,5087.72,1260.0,611.0,ascending,/132641h3935.05N/10359.83WO097/034EOSS Baloon/A=016692!W06!,"AE0SS-13>APTT4,EOSS,qAO,W0ARP-2:/132641h3935.05N/10359.83WO097/034EOSS Baloon/A=016692!W06!",97.0,39.0,62.8,39.5841666667,-103.9972666667,2.84,4.57,,,,,,,,0.00019556,-2.889e-05,21.0,6.40066667,high Re,0.035556,17.994715,0.011382,2.194888,0.044158,1.36922,0.547443,20.321138,0.010833,5.484789,0.003469,0.66897,0.013458,1.369086,0.547184,6.193875,
EOSS-340,KC0D-1,2023-04-22 07:27:02.008,2023-04-22 07:27:00,17126.0,5220.0,1268.0,630.0,ascending,/132700h3935.03N/10359.64WO101/033/A=017126 217T5262P EOSS BALLOON,"KC0D-1>APZEOS,EOSS,WIDE2-1,qAO,W9CN-9:/132700h3935.03N/10359.64WO101/033/A=017126 217T5262P EOSS BALLOON",101.0,38.0,61.2,39.5838333333,-103.994,2.99,4.82,71.06,21.7,294.85,52620.0,0.52,0.00120633,0.62171617,0.00017778,-2.222e-05,21.13333333,6.44133333,high Re,0.004444,18.069444,0.011213,2.221391,0.043616,1.379266,-0.155195,20.459007,0.001356,5.507563,0.003417,0.677046,0.013293,1.379183,-0.155044,6.235896,
EOSS-340,AE0SS-13,2023-04-22 07:27:12.202,2023-04-22 07:27:11,17325.0,5280.66,1266.0,641.0,ascending,/132711h3935.02N/10359.49WO086/034EOSS Baloon/A=017325!W87!,"AE0SS-13>APTT4,EOSS,qAO,W0ARP-2:/132711h3935.02N/10359.49WO086/034EOSS Baloon/A=017325!W87!",86.0,39.0,62.8,39.5838,-103.9916166667,3.1,4.99,,,,,,,,0.00018833,-1.222e-05,21.1,6.43133333,high Re,-0.001111,18.139922,0.010919,2.242917,0.043122,1.319745,-0.278976,20.515041,-0.000333,5.529047,0.003328,0.68361,0.013143,1.319885,-0.278551,6.252977,
EOSS-340,KC0D-1,2023-04-22 07:27:31.972,2023-04-22 07:27:30,17772.0,5416.91,1292.0,660.0,ascending,/132730h3935.01N/10359.24WO094/035/A=017772 213T5122P EOSS BALLOON,"KC0D-1>APZEOS,EOSS,WIDE2-1,qAO,AE0SS-1:/132730h3935.01N/10359.24WO094/035/A=017772 213T5122P EOSS BALLOON",94.0,40.0,64.4,39.5835,-103.9873333333,3.31,5.33,70.34,21.3,294.45,51220.0,0.51,0.00117583,0.60599699,0.00022222,-1.111e-05,21.53333333,6.56366667,high Re,0.014444,18.217045,0.011001,2.274949,0.042609,1.457742,0.080805,20.624676,0.004411,5.552561,0.003353,0.693385,0.012986,1.458217,0.081472,6.286395,
EOSS-340,AE0SS-13,2023-04-22 07:27:42.553,2023-04-22 07:27:41,17991.0,5483.66,1332.0,671.0,ascending,/132741h3934.99N/10359.08WO098/037EOSS Baloon/A=017991!W67!,"AE0SS-13>APTT4,EOSS,qAO,AE0SS-1:/132741h3934.99N/10359.08WO098/037EOSS Baloon/A=017991!W67!",98.0,43.0,69.2,39.5832666667,-103.9847833333,3.43,5.53,,,,,,,,0.00022778,-1.778e-05,22.2,6.76666667,high Re,0.022222,18.305556,0.011256,2.326006,0.042145,1.674305,0.260197,20.670425,0.006767,5.579541,0.003431,0.708952,0.012845,1.67448,0.259712,6.30034,
EOSS-340,KC0D-1,2023-04-22 07:28:02.054,2023-04-22 07:28:00,18438.0,5619.9,1332.0,690.0,ascending,/132800h3934.96N/10358.79WO098/049/A=018438 211T4981P EOSS BALLOON,"KC0D-1>APZEOS,EOSS,WIDE2-1,qAO,AE0SS-1:/132800h3934.96N/10358.79WO098/049/A=018438 211T4981P EOSS BALLOON",98.0,56.0,90.1,39.5826666667,-103.9798333333,3.69,5.93,69.98,21.1,294.25,49810.0,0.49,0.00114424,0.58971547,0.00025,-2.778e-05,22.2,6.76633333,high Re,0.0,18.390217,0.011006,2.370609,0.041697,1.60709,-0.263952,20.748487,-1.1e-05,5.605341,0.003354,0.722539,0.012708,1.606823,-0.264794,6.324133,
EOSS-340,AE0SS-13,2023-04-22 07:28:12.258,2023-04-22 07:28:11,18631.0,5678.73,1280.0,701.0,ascending,/132811h3934.94N/10358.58WO099/059EOSS Baloon/A=018631!W29!,"AE0SS-13>APTT4,EOSS,qAO,W0ARP-2:/132811h3934.94N/10358.58WO099/059EOSS Baloon/A=018631!W29!",99.0,68.0,109.4,39.5823666667,-103.9764833333,3.85,6.2,,,,,,,,0.00027667,-3e-05,21.33333333,6.50233333,high Re,-0.028889,18.452837,0.010139,2.383676,0.041649,1.208426,-0.937069,20.776228,-0.0088,5.624426,0.00309,0.726521,0.012694,1.208372,-0.936663,6.33259,
EOSS-340,KC0D-1,2023-04-22 07:28:31.994,2023-04-22 07:28:30,19078.0,5814.97,1280.0,720.0,ascending,/132830h3934.92N/10358.26WO090/047/A=019078 207T4848P EOSS BALLOON,"KC0D-1>APZEOS,EOSS,WIDE2-1,qAO,W9CN-9:/132830h3934.92N/10358.26WO090/047/A=019078 207T4848P EOSS BALLOON",90.0,54.0,86.9,39.582,-103.971,4.13,6.64,69.26,20.7,293.85,48480.0,0.48,0.0011152,0.57475051,0.00029444,-2.222e-05,21.33333333,6.50233333,high Re,0.0,18.512847,0.009923,2.394552,0.04122,1.177876,-0.240733,20.828022,0.0,5.642715,0.003024,0.729834,0.012563,1.177827,-0.240707,6.348377,
EOSS-340,AE0SS-13,2023-04-22 07:28:42.206,2023-04-22 07:28:41,19251.0,5867.7,1240.0,731.0,ascending,/132841h3934.89N/10358.07WO103/051EOSS Baloon/A=019251!W42!,"AE0SS-13>APTT4,EOSS,qAO,W0ARP-2:/132841h3934.89N/10358.07WO103/051EOSS Baloon/A=019251!W42!",103.0,59.0,95.0,39.5815666667,-103.9678666667,4.29,6.91,,,,,,,,0.00028722,-2.667e-05,20.66666667,6.299,high Re,-0.022222,18.556803,0.009254,2.389372,0.041042,0.88302,-0.766922,20.843827,-0.006778,5.656109,0.00282,0.728252,0.012509,0.882786,-0.767288,6.353195,
EOSS-340,KC0D-1,2023-04-22 07:29:01.943,2023-04-22 07:29:00,19691.0,6001.82,1226.0,750.0,ascending,/132900h3934.82N/10357.73WO107/062/A=019691 205T4725P EOSS BALLOON,"KC0D-1>APZEOS,EOSS,WIDE2-1,qAO,AE0SS-1:/132900h3934.82N/10357.73WO107/062/A=019691 205T4725P EOSS BALLOON",107.0,71.0,114.3,39.5803333333,-103.9621666667,4.6,7.41,68.9,20.5,293.65,47250.0,0.47,0.00108765,0.56054987,0.00029444,-5.556e-05,20.43333333,6.22833333,high Re,-0.007778,18.594333,0.008906,2.379708,0.040685,0.772784,-0.410077,20.874888,-0.002356,5.667553,0.002715,0.725311,0.0124,0.773158,-0.408952,6.362664,
EOSS-340,AE0SS-13,2023-04-22 07:29:12.180,2023-04-22 07:29:11,19868.0,6055.77,1234.0,761.0,ascending,/132911h3934.76N/10357.49WO107/067EOSS Baloon/A=019868!W63!,"AE0SS-13>APTT4,EOSS,qAO,W0ARP-2:/132911h3934.76N/10357.49WO107/067EOSS Baloon/A=019868!W63!",107.0,77.0,123.9,39.5794333333,-103.9582166667,4.82,7.76,,,,,,,,0.00032167,-7.111e-05,20.56666667,6.269,high Re,0.004444,18.633007,0.008817,2.371925,0.040273,0.815228,-0.108584,20.884169,0.001356,5.679346,0.002687,0.722944,0.012274,0.815629,-0.108441,6.365494,
EOSS-340,KC0D-1,2023-04-22 07:29:32.035,2023-04-22 07:29:30,20258.0,6174.64,1134.0,780.0,ascending,/132930h3934.60N/10357.11WO121/069/A=020258 201T4614P EOSS BALLOON,"KC0D-1>APZEOS,EOSS,WIDE2-1,qAO,W9CN-9:/132930h3934.60N/10357.11WO121/069/A=020258 201T4614P EOSS BALLOON",121.0,79.0,127.1,39.5766666667,-103.9518333333,5.21,8.38,68.18,20.1,293.25,46140.0,0.46,0.00106354,0.54812804,0.00034444,-0.00012222,18.9,5.76066667,high Re,-0.055556,18.638141,0.007554,2.348847,0.040874,0.111484,-1.544013,20.899402,-0.016944,5.68091,0.002303,0.71591,0.012458,0.111406,-1.544951,6.370138,
EOSS-340,KC0D-1,2023-04-22 07:30:01.945,2023-04-22 07:30:00,20794.0,6338.01,1072.0,810.0,ascending,/133000h3934.30N/10356.45WO114/071/A=020794 200T4512P EOSS BALLOON,"KC0D-1>APZEOS,EOSS,WIDE2-1,qAO,AE0SS-1:/133000h3934.30N/10356.45WO114/071/A=020794 200T4512P EOSS BALLOON",114.0,82.0,132.0,39.5716666667,-103.9408333333,5.88,9.47,68.0,20.0,293.15,45120.0,0.45,0.00104039,0.53619362,0.00036667,-0.00016667,17.86666667,5.44566667,high Re,-0.034444,18.623585,0.006747,2.328565,0.040889,-0.325058,-1.007386,20.911851,-0.0105,5.676472,0.002056,0.709729,0.012462,-0.325202,-1.007543,6.373934,
EOSS-340,AE0SS-13,2023-04-22 07:30:12.209,2023-04-22 07:30:11,20977.0,6393.79,1109.0,821.0,ascending,/133011h3934.19N/10356.18WO113/077EOSS Baloon/A=020977!W84!,"AE0SS-13>APTT4,EOSS,qAO,W0ARP-1:/133011h3934.19N/10356.18WO113/077EOSS Baloon/A=020977!W84!",113.0,89.0,143.2,39.5699666667,-103.9364,6.15,9.89,,,,,,,,0.00036361,-0.00015778,18.48333333,5.63366667,high Re,0.010278,18.620988,0.006813,2.306572,0.040496,-0.059679,0.085564,20.914704,0.003133,5.675679,0.002077,0.703026,0.012343,-0.059759,0.085555,6.374804,
EOSS-340,KC0D-1,2023-04-22 07:30:32.015,2023-04-22 07:30:30,21410.0,6525.77,1232.0,840.0,ascending,/133030h3934.03N/10355.70WO109/076/A=021410 196T4397P EOSS BALLOON,"KC0D-1>APZEOS,EOSS,WIDE2-1,qAO,AE0SS-1:/133030h3934.03N/10355.70WO109/076/A=021410 196T4397P EOSS BALLOON",109.0,87.0,140.0,39.5671666667,-103.9283333333,6.62,10.65,67.28,19.6,292.75,43970.0,0.43,0.00101526,0.52324129,0.00041667,-0.00015,20.53333333,6.25866667,high Re,0.068333,18.655758,0.007953,2.299618,0.040977,0.816473,1.47351,20.920364,0.020833,5.686279,0.002424,0.700908,0.012489,0.816637,1.474017,6.376531,
EOSS-340,AE0SS-13,2023-04-22 07:30:42.245,2023-04-22 07:30:41,21578.0,6576.97,1202.0,851.0,ascending,/133041h3933.94N/10355.43WO119/077EOSS Baloon/A=021578!W06!,"AE0SS-13>APTT4,EOSS,qAO,W0ARP-2:/133041h3933.94N/10355.43WO119/077EOSS Baloon/A=021578!W06!",119.0,89.0,143.2,39.5656666667,-103.9239333333,6.87,11.06,,,,,,,,0.00041556,-0.00014333,20.03333333,6.106,high Re,-0.016667,18.680357,0.007505,2.28604,0.040731,0.591843,-0.593455,20.922578,-0.005089,5.693774,0.002287,0.696768,0.012415,0.591626,-0.59412,6.377206,
EOSS-340,KC0D-1,2023-04-22 07:31:02.006,2023-04-22 07:31:00,22033.0,6715.66,1246.0,870.0,ascending,/133100h3933.77N/10354.96WO116/079/A=022033 195T4285P EOSS BALLOON,"KC0D-1>APZEOS,EOSS,WIDE2-1,qAO,W9CN-9:/133100h3933.77N/10354.96WO116/079/A=022033 195T4285P EOSS BALLOON",116.0,91.0,146.5,39.5628333333,-103.916,7.34,11.81,67.1,19.5,292.65,42850.0,0.42,0.00098973,0.51008758,0.00041111,-0.00014444,20.76666667,6.32966667,high Re,0.024444,18.716959,0.007808,2.282328,0.040423,0.898078,0.411548,20.930159,0.007456,5.70493,0.00238,0.695636,0.012321,0.89808,0.41198,6.379518,
EOSS-340,AE0SS-13,2023-04-22 07:31:12.284,2023-04-22 07:31:11,22204.0,6767.78,1252.0,881.0,ascending,/133111h3933.67N/10354.66WO114/078EOSS Baloon/A=022204!W35!,"AE0SS-13>APTT4,EOSS,qAO,W0ARP-2:/133111h3933.67N/10354.66WO114/078EOSS Baloon/A=022204!W35!",114.0,90.0,144.8,39.5612166667,-103.9110833333,7.62,12.27,,,,,,,,0.00042833,-0.00014833,20.86666667,6.36033333,high Re,0.003333,18.754023,0.007729,2.279762,0.040064,0.926695,-0.109724,20.934014,0.001022,5.71623,0.002356,0.694857,0.012211,0.926958,-0.109246,6.380694,
EOSS-340,KC0D-1,2023-04-22 07:31:32.005,2023-04-22 07:31:30,22632.0,6898.23,1198.0,900.0,ascending,/133130h3933.51N/10354.21WO118/073/A=022632 191T4178P EOSS BALLOON,"KC0D-1>APZEOS,EOSS,WIDE2-1,qAO,AE0SS-1:/133130h3933.51N/10354.21WO118/073/A=022632 191T4178P EOSS BALLOON",118.0,84.0,135.2,39.5585,-103.9035,8.07,12.99,66.38,19.1,292.25,41780.0,0.41,0.00096634,0.49803099,0.00041667,-0.00014444,19.96666667,6.08566667,high Re,-0.03,18.774576,0.007079,2.26553,0.040019,0.526186,-0.926535,20.947253,-0.009156,5.722492,0.002157,0.690518,0.012198,0.525945,-0.927447,6.38473,
EOSS-340,KC0D-1,2023-04-22 07:32:01.991,2023-04-22 07:32:00,23279.0,7095.44,1294.0,930.0,ascending,/133200h3933.24N/10353.48WO113/067/A=023279 190T4065P EOSS BALLOON,"KC0D-1>APZEOS,EOSS,WIDE2-1,qAO,AE0SS-1:/133200h3933.24N/10353.48WO113/067/A=023279 190T4065P EOSS BALLOON",113.0,77.0,123.9,39.554,-103.8913333333,8.79,14.14,66.2,19.0,292.15,40650.0,0.4,0.00094053,0.48472688,0.00040556,-0.00015,21.56666667,6.57366667,high Re,0.053333,18.821111,0.007863,2.274987,0.040127,1.206845,1.133152,20.980269,0.016267,5.736678,0.002397,0.693404,0.012231,1.207072,1.134004,6.394795,
EOSS-340,KC0D-1,2023-04-22 07:32:31.970,2023-04-22 07:32:30,23951.0,7300.26,1344.0,960.0,ascending,/133230h3933.01N/10352.78WO117/068/A=023951 186T3950P EOSS BALLOON,"KC0D-1>APZEOS,EOSS,WIDE2-1,qAO,AE0SS-1:/133230h3933.01N/10352.78WO117/068/A=023951 186T3950P EOSS BALLOON",117.0,78.0,125.5,39.5501666667,-103.8796666667,9.46,15.23,65.48,18.6,291.75,39500.0,0.39,0.00091517,0.4716596,0.00038889,-0.00012778,22.4,6.82733333,high Re,0.027778,18.879781,0.008194,2.302016,0.039869,1.52919,0.491209,21.035757,0.008456,5.754557,0.002498,0.701638,0.012152,1.52896,0.49029,6.411708,
EOSS-340,AE0SS-13,2023-04-22 07:32:42.155,2023-04-22 07:32:41,24150.0,7360.92,1297.3,971.0,ascending,/133241h3932.91N/10352.51WO109/076EOSS Baloon/A=024150!W07!,"AE0SS-13>APTT4,EOSS,qAO,W0ARP-2:/133241h3932.91N/10352.51WO109/076EOSS Baloon/A=024150!W07!",109.0,87.0,140.0,39.5485,-103.8752833333,9.72,15.65,,,,,,,,0.00039778,-0.0001413,21.62222222,6.59044444,high Re,-0.008642,18.924014,0.007918,2.309483,0.039594,1.168317,-0.418245,21.056905,-0.002632,5.768039,0.002413,0.703914,0.012068,1.168332,-0.418048,6.418155,
EOSS-340,KC0D-1,2023-04-22 07:33:02.036,2023-04-22 07:33:00,24601.0,7498.38,1300.0,990.0,ascending,/133300h3932.76N/10352.08WO110/077/A=024601 186T3842P EOSS BALLOON,"KC0D-1>APZEOS,EOSS,WIDE2-1,qAO,AE0SS-1:/133300h3932.76N/10352.08WO110/077/A=024601 186T3842P EOSS BALLOON",110.0,89.0,143.2,39.546,-103.868,10.15,16.33,65.48,18.6,291.75,38420.0,0.38,0.00089015,0.45876359,0.00038889,-0.00013889,21.66666667,6.604,high Re,0.001481,18.967549,0.007815,2.316697,0.039276,1.165072,-0.161269,21.113327,0.000452,5.781309,0.002382,0.706113,0.011972,1.165098,-0.161209,6.435352,
EOSS-340,AE0SS-13,2023-04-22 07:33:12.302,2023-04-22 07:33:11,24800.0,7559.04,1300.0,1001.0,ascending,/133311h3932.67N/10351.79WO112/076EOSS Baloon/A=024800!W08!,"AE0SS-13>APTT4,EOSS,qAO,W0ARP-2:/133311h3932.67N/10351.79WO112/076EOSS Baloon/A=024800!W08!",112.0,87.0,140.0,39.5445,-103.8633,10.42,16.77,,,,,,,,0.00039944,-0.00013333,21.66666667,6.604,high Re,0.0,19.009722,0.007691,2.32287,0.038971,1.14382,-0.197352,21.142044,0.0,5.794163,0.002344,0.707995,0.011878,1.143846,-0.19734,6.444106,
EOSS-340,KC0D-1,2023-04-22 07:33:31.980,2023-04-22 07:33:30,25256.0,7698.03,1310.0,1020.0,ascending,/133330h3932.53N/10351.36WO111/066/A=025256 182T3734P EOSS BALLOON,"KC0D-1>APZEOS,EOSS,WIDE2-1,qAO,AE0SS-1:/133330h3932.53N/10351.36WO111/066/A=025256 182T3734P EOSS BALLOON",111.0,76.0,122.3,39.5421666667,-103.856,10.84,17.44,64.76,18.2,291.35,37340.0,0.37,0.00086631,0.44647972,0.0004,-0.00012778,21.83333333,6.655,high Re,0.005556,19.053162,0.007657,2.33111,0.038661,1.192638,-0.054344,21.21672,0.0017,5.807407,0.002334,0.71051,0.011784,1.192936,-0.053802,6.466867,
EOSS-340,AE0SS-13,2023-04-22 07:33:42.544,2023-04-22 07:33:41,25466.0,7762.04,1332.0,1031.0,ascending,/133341h3932.44N/10351.09WO117/070EOSS Baloon/A=025466!W74!,"AE0SS-13>APTT4,EOSS,qAO,N0RPF-6:/133341h3932.44N/10351.09WO117/070EOSS Baloon/A=025466!W74!",117.0,81.0,130.4,39.5407833333,-103.8515666667,11.09,17.85,,,,,,,,0.00039111,-0.00012389,22.2,6.76666667,high Re,0.012222,19.100842,0.007727,2.345317,0.038362,1.321424,0.117173,21.255217,0.003722,5.821941,0.002355,0.714843,0.011693,1.321585,0.116908,6.478601,
EOSS-340,KC0D-1,2023-04-22 07:34:01.961,2023-04-22 07:34:00,25923.0,7901.33,1334.0,1050.0,ascending,/133400h3932.28N/10350.66WO117/069/A=025923 181T3627P EOSS BALLOON,"KC0D-1>APZEOS,EOSS,WIDE2-1,qAO,W9CN-9:/133400h3932.28N/10350.66WO117/069/A=025923 181T3627P EOSS BALLOON",117.0,79.0,127.1,39.538,-103.8443333333,11.52,18.54,64.58,18.1,291.25,36270.0,0.36,0.00084178,0.43383448,0.00038889,-0.00013889,22.23333333,6.77666667,high Re,0.001111,19.147595,0.007627,2.358734,0.038075,1.308218,-0.171136,21.347642,0.000333,5.836191,0.002325,0.718932,0.011605,1.308157,-0.17165,6.506772,
EOSS-340,AE0SS-13,2023-04-22 07:34:12.231,2023-04-22 07:34:11,26152.0,7971.13,1372.0,1061.0,ascending,/133411h3932.18N/10350.40WO116/070EOSS Baloon/A=026152!W71!,"AE0SS-13>APTT4,EOSS,qAO,W0ARP-2:/133411h3932.18N/10350.40WO116/070EOSS Baloon/A=026152!W71!",116.0,81.0,130.4,39.53645,-103.8400166667,11.78,18.95,,,,,,,,0.000385,-0.00014444,22.86666667,6.96966667,high Re,0.021111,19.202288,0.007828,2.384112,0.037821,1.536999,0.351207,21.398218,0.006433,5.852859,0.002386,0.726665,0.011528,1.536895,0.351058,6.522187,
EOSS-340,KC0D-1,2023-04-22 07:34:32.002,2023-04-22 07:34:30,26615.0,8112.25,1384.0,1080.0,ascending,/133430h3932.03N/10349.97WO112/072/A=026615 177T3518P EOSS BALLOON,"KC0D-1>APZEOS,EOSS,WIDE2-1,qAO,AE0SS-1:/133430h3932.03N/10349.97WO112/072/A=026615 177T3518P EOSS BALLOON",112.0,83.0,133.6,39.5338333333,-103.8328333333,12.2,19.63,63.86,17.7,290.85,35180.0,0.35,0.0008176,0.42137544,0.00038333,-0.00013889,23.06666667,7.03066667,high Re,0.006667,19.258293,0.007811,2.41181,0.037538,1.579052,-0.030476,21.508498,0.002033,5.869929,0.002381,0.735106,0.011442,1.579007,-0.030414,6.555799,
EOSS-340,AE0SS-13,2023-04-22 07:34:42.193,2023-04-22 07:34:41,26854.0,8185.1,1404.0,1091.0,ascending,/133441h3931.93N/10349.71WO116/069EOSS Baloon/A=026854!W97!,"AE0SS-13>APTT4,EOSS,qAO,W0ARP-2:/133441h3931.93N/10349.71WO116/069EOSS Baloon/A=026854!W97!",116.0,79.0,127.1,39.5323166667,-103.8286166667,12.45,20.03,,,,,,,,0.00038,-0.00013778,23.4,7.13233333,high Re,0.011111,19.31746,0.007859,2.444909,0.037263,1.669813,0.087272,21.569275,0.003389,5.887963,0.002395,0.745195,0.011358,1.669859,0.087515,6.574325,
EOSS-340,KC0D-1,2023-04-22 07:35:02.005,2023-04-22 07:35:00,27291.0,8318.3,1352.0,1110.0,ascending,/133500h3931.76N/10349.27WO114/067/A=027291 176T3415P EOSS BALLOON,"KC0D-1>APZEOS,EOSS,WIDE2-1,qAO,W9CN-9:/133500h3931.76N/10349.27WO114/067/A=027291 176T3415P EOSS BALLOON",114.0,77.0,123.9,39.5293333333,-103.8211666667,12.89,20.75,63.68,17.6,290.75,34150.0,0.34,0.00079394,0.40917909,0.00038889,-0.00015,22.53333333,6.86833333,high Re,-0.028889,19.362754,0.007334,2.457203,0.037252,1.29032,-0.972377,21.686309,-0.0088,5.901772,0.002235,0.748946,0.011354,1.290562,-0.971904,6.609997,
EOSS-340,AE0SS-13,2023-04-22 07:35:12.203,2023-04-22 07:35:11,27471.0,8373.16,1234.0,1121.0,ascending,/133511h3931.68N/10348.99WO110/079EOSS Baloon/A=027471!W59!,"AE0SS-13>APTT4,EOSS,qAO,W0ARP-2:/133511h3931.68N/10348.99WO110/079EOSS Baloon/A=027471!W59!",110.0,91.0,146.5,39.5280833333,-103.81665,13.15,21.16,,,,,,,,0.00039889,-0.00014111,20.56666667,6.26866667,high Re,-0.065556,19.379475,0.006308,2.443959,0.037983,0.485766,-1.892004,21.736458,-0.019989,5.906867,0.001922,0.744909,0.011577,0.485696,-1.892632,6.625281,
EOSS-340,KC0D-1,2023-04-22 07:35:32.186,2023-04-22 07:35:30,27939.0,8515.81,1296.0,1140.0,ascending,/133530h3931.53N/10348.57WO108/072/A=027939 172T3317P EOSS BALLOON,"KC0D-1>APZEOS,EOSS,WIDE2-1,qAO,AE0SS-1:/133530h3931.53N/10348.57WO108/072/A=027939 172T3317P EOSS BALLOON",108.0,83.0,133.6,39.5255,-103.8095,13.57,21.84,62.96,17.2,290.35,33170.0,0.33,0.00077222,0.39798444,0.00038889,-0.00012778,21.6,6.58366667,high Re,0.034444,19.409893,0.006698,2.440804,0.03786,0.897289,0.732858,21.871103,0.0105,5.916139,0.002042,0.743947,0.01154,0.897279,0.732929,6.666321,
EOSS-340,AE0SS-13,2023-04-22 07:35:42.273,2023-04-22 07:35:41,28147.0,8579.21,1352.0,1151.0,ascending,/133541h3931.45N/10348.29WO111/086EOSS Baloon/A=028147!W13!,"AE0SS-13>APTT4,EOSS,qAO,W0ARP-2:/133541h3931.45N/10348.29WO111/086EOSS Baloon/A=028147!W13!",111.0,99.0,159.3,39.5241833333,-103.8048833333,13.83,22.26,,,,,,,,0.00039222,-0.00013,22.53333333,6.86833333,high Re,0.031111,19.452102,0.007033,2.451071,0.037705,1.257096,0.638589,21.932511,0.009489,5.929006,0.002144,0.74708,0.011493,1.257332,0.639085,6.685038,
EOSS-340,AE0SS-13,2023-04-22 07:36:12.268,2023-04-22 07:36:11,28836.0,8789.21,1378.0,1181.0,ascending,/133611h3931.23N/10347.56WO115/085EOSS Baloon/A=028836!W13!,"AE0SS-13>APTT4,EOSS,qAO,W0ARP-2:/133611h3931.23N/10347.56WO115/085EOSS Baloon/A=028836!W13!",115.0,98.0,157.7,39.5205166667,-103.7927166667,14.52,23.37,,,,,,,,0.00040556,-0.00012222,22.96666667,7.0,high Re,0.014444,19.498963,0.007133,2.468048,0.037455,1.405039,0.195194,22.139787,0.004389,5.943286,0.002174,0.75225,0.011417,1.404738,0.194009,6.748212,
EOSS-340,KC0D-1,2023-04-22 07:36:32.017,2023-04-22 07:36:30,29314.0,8934.91,1375.0,1200.0,ascending,/133630h3931.09N/10347.09WO114/072/A=029314 167T3119P EOSS BALLOON,"KC0D-1>APZEOS,EOSS,WIDE2-1,qAO,AE0SS-1:/133630h3931.09N/10347.09WO114/072/A=029314 167T3119P EOSS BALLOON",114.0,83.0,133.6,39.5181666667,-103.7848333333,14.97,24.1,62.06,16.7,289.85,31190.0,0.31,0.00072737,0.37487331,0.00041111,-0.00012222,22.91666667,6.985,high Re,-0.000833,19.543933,0.007027,2.482687,0.037213,1.358501,-0.211217,22.28421,-0.00025,5.956993,0.002142,0.756712,0.011343,1.358518,-0.210879,6.792233,
EOSS-340,AE0SS-13,2023-04-22 07:36:42.208,2023-04-22 07:36:41,29531.0,9001.05,1390.0,1211.0,ascending,/133641h3931.00N/10346.82WO115/067EOSS Baloon/A=029531!W82!,"AE0SS-13>APTT4,EOSS,qAO,W0ARP-2:/133641h3931.00N/10346.82WO115/067EOSS Baloon/A=029531!W82!",115.0,77.0,123.9,39.5168,-103.7803666667,15.23,24.51,,,,,,,,0.00041167,-0.00012389,23.16666667,7.06133333,high Re,0.008333,19.590981,0.007044,2.500616,0.036964,1.429922,0.034872,22.349153,0.002544,5.971335,0.002147,0.762179,0.011267,1.430108,0.035236,6.812026,
EOSS-340,KC0D-1,2023-04-22 07:37:01.964,2023-04-22 07:37:00,30000.0,9144.0,1372.0,1230.0,ascending,/133700h3930.88N/10346.38WO104/073/A=030000 165T3022P EOSS BALLOON,"KC0D-1>APZEOS,EOSS,WIDE2-1,qAO,W9CN-9:/133700h3930.88N/10346.38WO104/073/A=030000 165T3022P EOSS BALLOON",104.0,84.0,135.2,39.5146666667,-103.773,15.65,25.18,61.7,16.5,289.65,30220.0,0.3,0.00070524,0.36346565,0.00039444,-0.00011667,22.86666667,6.96966667,high Re,-0.01,19.632977,0.006823,2.511859,0.036772,1.287369,-0.457495,22.48677,-0.003056,5.984134,0.002079,0.765605,0.011208,1.28726,-0.458155,6.85397,
EOSS-340,AE0SS-13,2023-04-22 07:37:12.225,2023-04-22 07:37:11,30171.0,9196.12,1280.0,1241.0,ascending,/133711h3930.81N/10346.09WO106/072EOSS Baloon/A=030171!W02!,"AE0SS-13>APTT4,EOSS,qAO,W0ARP-2:/133711h3930.81N/10346.09WO106/072EOSS Baloon/A=030171!W02!",106.0,83.0,133.6,39.5135,-103.7682,15.91,25.61,,,,,,,,0.00040556,-0.00011,21.33333333,6.50233333,high Re,-0.051111,19.654501,0.00608,2.503027,0.037116,0.670721,-1.540872,22.535664,-0.015578,5.990693,0.001853,0.762912,0.011313,0.670641,-1.540794,6.868872,
EOSS-340,KC0D-1,2023-04-22 07:37:31.948,2023-04-22 07:37:30,30635.0,9337.55,1270.0,1260.0,ascending,/133730h3930.68N/10345.60WO107/077/A=030635 161T2936P EOSS BALLOON,"KC0D-1>APZEOS,EOSS,WIDE2-1,qAO,W9CN-9:/133730h3930.68N/10345.60WO107/077/A=030635 161T2936P EOSS BALLOON",107.0,89.0,143.2,39.5113333333,-103.76,16.37,26.35,60.98,16.1,289.25,29360.0,0.29,0.00068612,0.35361048,0.00043333,-0.00011111,21.16666667,6.45166667,high Re,-0.005556,19.673403,0.005933,2.492874,0.036901,0.599013,-0.311347,22.663707,-0.001689,5.996456,0.001808,0.759818,0.011248,0.599105,-0.3109,6.9079,
EOSS-340,AE0SS-13,2023-04-22 07:37:42.549,2023-04-22 07:37:41,30818.0,9393.33,1294.0,1271.0,ascending,/133741h3930.61N/10345.33WO105/064EOSS Baloon/A=030818!W25!,"AE0SS-13>APTT4,EOSS,qAO,W9CN-9:/133741h3930.61N/10345.33WO105/064EOSS Baloon/A=030818!W25!",105.0,74.0,119.1,39.5102,-103.7555833333,16.62,26.75,,,,,,,,0.00042056,-0.00011,21.56666667,6.57366667,high Re,0.013333,19.696776,0.006025,2.48616,0.036676,0.75212,0.199258,22.712009,0.004067,6.003582,0.001836,0.757773,0.011179,0.752316,0.199571,6.922622,
EOSS-340,KC0D-1,2023-04-22 07:38:01.998,2023-04-22 07:38:00,31271.0,9531.4,1272.0,1290.0,ascending,/133800h3930.50N/10344.86WO105/070/A=031271 159T2851P EOSS BALLOON,"KC0D-1>APZEOS,EOSS,WIDE2-1,qAO,AE0SS-1:/133800h3930.50N/10344.86WO105/070/A=031271 159T2851P EOSS BALLOON",105.0,81.0,130.4,39.5083333333,-103.7476666667,17.06,27.45,60.62,15.9,289.05,28510.0,0.28,0.00066671,0.34361071,0.00041111,-0.0001,21.2,6.46166667,high Re,-0.012222,19.715108,0.0058,2.476336,0.036502,0.599633,-0.493726,22.825176,-0.003733,6.009168,0.001768,0.754778,0.011126,0.599512,-0.494427,6.957113,
EOSS-340,AE0SS-13,2023-04-22 07:38:12.201,2023-04-22 07:38:11,31470.0,9592.06,1304.0,1301.0,ascending,/133811h3930.43N/10344.60WO101/066EOSS Baloon/A=031470!W98!,"AE0SS-13>APTT4,EOSS,qAO,W0ARP-2:/133811h3930.43N/10344.60WO101/066EOSS Baloon/A=031470!W98!",101.0,76.0,122.3,39.5073166667,-103.7434666667,17.29,27.83,,,,,,,,0.00040389,-9.611e-05,21.73333333,6.62433333,high Re,0.017778,19.739424,0.005946,2.47114,0.0363,0.806878,0.32595,22.871667,0.005422,6.01658,0.001812,0.753195,0.011065,0.8069,0.326254,6.971284,
EOSS-340,KC0D-1,2023-04-22 07:38:31.941,2023-04-22 07:38:30,31925.0,9730.74,1308.0,1320.0,ascending,/133830h3930.31N/10344.12WO105/075/A=031925 155T2765P EOSS BALLOON,"KC0D-1>APZEOS,EOSS,WIDE2-1,qAO,N0RPF-6:/133830h3930.31N/10344.12WO105/075/A=031925 155T2765P EOSS BALLOON",105.0,86.0,138.4,39.5051666667,-103.7353333333,17.75,28.56,59.9,15.5,288.65,27650.0,0.27,0.0006475,0.33370754,0.00041111,-0.00010556,21.8,6.64466667,high Re,0.002222,19.763955,0.005901,2.466477,0.036081,0.825487,-0.101965,22.969619,0.000678,6.024057,0.001798,0.751774,0.010998,0.825527,-0.101837,7.001138,
EOSS-340,KC0D-1,2023-04-22 07:39:01.996,2023-04-22 07:39:00,32655.0,9953.24,1460.0,1350.0,ascending,/133900h3930.11N/10343.35WO107/075/A=032655 153T2672P EOSS BALLOON,"KC0D-1>APZEOS,EOSS,WIDE2-1,qAO,AE0SS-1:/133900h3930.11N/10343.35WO107/075/A=032655 153T2672P EOSS BALLOON",107.0,86.0,138.4,39.5018333333,-103.7225,18.47,29.72,59.54,15.3,288.45,26720.0,0.26,0.00062615,0.32270698,0.00042778,-0.00011111,24.33333333,7.41666667,high Re,0.084444,19.817712,0.006836,2.501344,0.036872,1.805278,2.104795,23.099455,0.025733,6.040441,0.002083,0.762399,0.011239,1.805125,2.10428,7.04071,
EOSS-340,AE0SS-13,2023-04-22 07:39:12.321,2023-04-22 07:39:11,32898.0,10027.31,1428.0,1361.0,ascending,/133911h3930.05N/10343.07WO107/066EOSS Baloon/A=032898!W56!,"AE0SS-13>APTT4,EOSS,qAO,W0ARP-1:/133911h3930.05N/10343.07WO107/066EOSS Baloon/A=032898!W56!",107.0,76.0,122.3,39.5009166667,-103.7179333333,18.72,30.12,,,,,,,,0.00042556,-0.00010667,23.8,7.25416667,high Re,-0.008889,19.864018,0.006651,2.523394,0.036692,1.559797,-0.423526,23.134464,-0.002708,6.054554,0.002027,0.769118,0.011184,1.559725,-0.423373,7.051381,
EOSS-340,KC0D-1,2023-04-22 07:39:31.950,2023-04-22 07:39:30,33346.0,10163.86,1382.0,1380.0,ascending,/133930h3929.94N/10342.60WO105/072/A=033346 148T2586P EOSS BALLOON,"KC0D-1>APZEOS,EOSS,WIDE2-1,qAO,W9CN-9:/133930h3929.94N/10342.60WO105/072/A=033346 148T2586P EOSS BALLOON",105.0,83.0,133.6,39.499,-103.71,19.16,30.83,58.64,14.8,287.95,25860.0,0.26,0.00060705,0.31286277,0.00041667,-9.444e-05,23.03333333,7.02066667,high Re,-0.025556,19.900447,0.006277,2.531586,0.03664,1.237519,-0.868805,23.187477,-0.007783,6.065658,0.001913,0.771617,0.011168,1.237672,-0.868195,7.067539,
EOSS-340,AE0SS-13,2023-04-22 07:39:42.242,2023-04-22 07:39:41,33518.0,10216.29,1240.0,1391.0,ascending,/133941h3929.86N/10342.30WO106/082EOSS Baloon/A=033518!W24!,"AE0SS-13>APTT4,EOSS,qAO,W0ARP-2:/133941h3929.86N/10342.30WO106/082EOSS Baloon/A=033518!W24!",106.0,94.0,151.3,39.4977,-103.7050666667,19.43,31.27,,,,,,,,0.00042889,-0.00010722,20.66666667,6.29933333,high Re,-0.078889,19.909154,0.005298,2.51832,0.037554,0.300801,-2.241759,23.203729,-0.024044,6.068314,0.001615,0.767574,0.011446,0.300973,-2.241744,7.072493,
EOSS-340,KC0D-1,2023-04-22 07:40:01.899,2023-04-22 07:40:00,33941.0,10345.22,1190.0,1410.0,ascending,/134000h3929.75N/10341.81WO111/075/A=033941 147T2514P EOSS BALLOON,"KC0D-1>APZEOS,EOSS,WIDE2-1,qAO,W9CN-9:/134000h3929.75N/10341.81WO111/075/A=033941 147T2514P EOSS BALLOON",111.0,86.0,138.4,39.4958333333,-103.6968333333,19.89,32.0,58.46,14.7,287.85,25140.0,0.25,0.00059036,0.30425764,0.00043889,-0.00010556,19.83333333,6.04533333,high Re,-0.027778,19.908302,0.004922,2.503983,0.037503,-0.02994,-0.87193,23.233739,-0.008467,6.068056,0.0015,0.763204,0.011431,-0.029773,-0.871927,7.081639,
EOSS-340,AE0SS-13,2023-04-22 07:40:12.356,2023-04-22 07:40:11,34171.0,10415.32,1306.0,1421.0,ascending,/134011h3929.66N/10341.50WO109/080EOSS Baloon/A=034171!W56!,"AE0SS-13>APTT4,EOSS,qAO,W0ARP-2:/134011h3929.66N/10341.50WO109/080EOSS Baloon/A=034171!W56!",109.0,92.0,148.1,39.4944166667,-103.6917666667,20.17,32.47,,,,,,,,0.00044333,-0.00010944,21.76666667,6.63433333,high Re,0.064444,19.928951,0.005591,2.49757,0.03782,0.735801,1.556134,23.244019,0.019633,6.074348,0.001704,0.761248,0.011527,0.735615,1.555392,7.084772,
EOSS-340,KC0D-1,2023-04-22 07:40:31.948,2023-04-22 07:40:30,34690.0,10573.51,1498.0,1440.0,ascending,/134030h3929.52N/10341.00WO110/077/A=034690 141T2425P EOSS BALLOON,"KC0D-1>APZEOS,EOSS,WIDE2-1,qAO,AE0SS-1:/134030h3929.52N/10341.00WO110/077/A=034690 141T2425P EOSS BALLOON",110.0,89.0,143.2,39.492,-103.6833333333,20.65,33.24,57.38,14.1,287.25,24250.0,0.24,0.00057065,0.29409941,0.00045,-0.00012778,24.96666667,7.60966667,high Re,0.106667,19.98431,0.006714,2.539179,0.039087,1.962192,2.557193,23.251391,0.032511,6.091219,0.002046,0.773927,0.011913,1.962004,2.55729,7.087019,
EOSS-340,AE0SS-13,2023-04-22 07:40:42.203,2023-04-22 07:40:41,34935.0,10648.19,1528.0,1451.0,ascending,/134041h3929.43N/10340.69WO119/083EOSS Baloon/A=034935!W11!,"AE0SS-13>APTT4,EOSS,qAO,W0ARP-2:/134041h3929.43N/10340.69WO119/083EOSS Baloon/A=034935!W11!",119.0,96.0,154.5,39.4905166667,-103.6781833333,20.95,33.71,,,,,,,,0.00045278,-0.00013,25.46666667,7.76233333,high Re,0.016667,20.043901,0.006823,2.589069,0.038883,2.094485,0.25317,23.247237,0.005089,6.109383,0.00208,0.789136,0.011851,2.094633,0.253903,7.085752,
EOSS-340,KC0D-1,2023-04-22 07:41:02.026,2023-04-22 07:41:00,35402.0,10790.53,1424.0,1470.0,ascending,/134100h3929.28N/10340.17WO113/082/A=035402 140T2343P EOSS BALLOON,"KC0D-1>APZEOS,EOSS,WIDE2-1,qAO,AE0SS-1:/134100h3929.28N/10340.17WO113/082/A=035402 140T2343P EOSS BALLOON",113.0,94.0,151.3,39.488,-103.6695,21.44,34.5,57.2,14.0,287.15,23430.0,0.23,0.00055154,0.28425356,0.00046111,-0.00013333,23.73333333,7.234,high Re,-0.057778,20.083572,0.006121,2.603225,0.039251,1.402015,-1.627959,23.225867,-0.017611,6.121476,0.001866,0.793452,0.011964,1.402131,-1.627967,7.079239,
EOSS-340,AE0SS-13,2023-04-22 07:41:12.257,2023-04-22 07:41:11,35628.0,10859.41,1386.0,1481.0,ascending,/134111h3929.18N/10339.86WO110/084EOSS Baloon/A=035628!W62!,"AE0SS-13>APTT4,EOSS,qAO,W0ARP-2:/134111h3929.18N/10339.86WO110/084EOSS Baloon/A=035628!W62!",110.0,97.0,156.1,39.4864333333,-103.6643666667,21.73,34.98,,,,,,,,0.00046056,-0.00013611,23.1,7.04066667,high Re,-0.021111,20.115662,0.005828,2.607817,0.039139,1.144382,-0.68829,23.20928,-0.006444,6.131255,0.001776,0.794849,0.011929,1.144131,-0.689077,7.074183,
EOSS-340,KC0D-1,2023-04-22 07:41:32.047,2023-04-22 07:41:30,36084.0,10998.4,1364.0,1500.0,ascending,/134130h3929.03N/10339.39WO117/080/A=036084 135T2267P EOSS BALLOON,"KC0D-1>APZEOS,EOSS,WIDE2-1,qAO,AE0SS-1:/134130h3929.03N/10339.39WO117/080/A=036084 135T2267P EOSS BALLOON",117.0,92.0,148.1,39.4838333333,-103.6565,22.19,35.71,56.3,13.5,286.65,22670.0,0.22,0.00053458,0.27551295,0.00043333,-0.00013889,22.73333333,6.929,high Re,-0.012222,20.143216,0.005636,2.607775,0.038972,0.993229,-0.458226,23.163736,-0.003722,6.139652,0.001718,0.794835,0.011879,0.993097,-0.457951,7.060302,
EOSS-340,AE0SS-13,2023-04-22 07:41:42.255,2023-04-22 07:41:41,36284.0,11059.36,1312.0,1511.0,ascending,/134141h3928.93N/10339.12WO116/074EOSS Baloon/A=036284!W05!,"AE0SS-13>APTT4,EOSS,qAO,W0ARP-2:/134141h3928.93N/10339.12WO116/074EOSS Baloon/A=036284!W05!",116.0,85.0,136.8,39.4821666667,-103.6520833333,22.45,36.13,,,,,,,,0.00040944,-0.00014222,21.86666667,6.665,high Re,-0.028889,20.161169,0.005273,2.599971,0.038926,0.655968,-0.877614,23.138806,-0.0088,6.145124,0.001607,0.792457,0.011865,0.656031,-0.877118,7.052704,
EOSS-340,KC0D-1,2023-04-22 07:42:02.070,2023-04-22 07:42:00,36752.0,11202.01,1336.0,1530.0,ascending,/134200h3928.78N/10338.67WO113/077/A=036752 132T2194P EOSS BALLOON,"KC0D-1>APZEOS,EOSS,WIDE2-1,qAO,AE0SS-1:/134200h3928.78N/10338.67WO113/077/A=036752 132T2194P EOSS BALLOON",113.0,89.0,143.2,39.4796666667,-103.6445,22.89,36.84,55.76,13.2,286.35,21940.0,0.22,0.00051791,0.26692047,0.0004,-0.00013889,22.26666667,6.787,high Re,0.013333,20.182875,0.005356,2.595214,0.038729,0.802936,0.20597,23.069181,0.004067,6.151742,0.001633,0.791008,0.011805,0.803099,0.206184,7.031481,
EOSS-340,AE0SS-13,2023-04-22 07:42:12.323,2023-04-22 07:42:11,36960.0,11265.41,1352.0,1541.0,ascending,/134211h3928.69N/10338.36WO103/074EOSS Baloon/A=036960!W64!,"AE0SS-13>APTT4,EOSS,qAO,W0ARP-2:/134211h3928.69N/10338.36WO103/074EOSS Baloon/A=036960!W64!",103.0,85.0,136.8,39.4782666667,-103.6394,23.18,37.3,,,,,,,,0.00042278,-0.00013,22.53333333,6.86833333,high Re,0.008889,20.206859,0.005393,2.592696,0.038529,0.897319,0.090737,23.033369,0.002711,6.159054,0.001644,0.790243,0.011743,0.897546,0.090863,7.020566,
EOSS-340,KC0D-1,2023-04-22 07:42:32.017,2023-04-22 07:42:30,37419.0,11405.31,1334.0,1560.0,ascending,/134230h3928.56N/10337.89WO109/084/A=037419 127T2124P EOSS BALLOON,"KC0D-1>APZEOS,EOSS,WIDE2-1,qAO,W9CN-9:/134230h3928.56N/10337.89WO109/084/A=037419 127T2124P EOSS BALLOON",109.0,97.0,156.1,39.476,-103.6315,23.63,38.02,54.86,12.7,285.85,21240.0,0.21,0.00050226,0.25885632,0.00043333,-0.00012222,22.23333333,6.77666667,high Re,-0.01,20.227329,0.005236,2.587462,0.038361,0.775279,-0.397174,22.944419,-0.003056,6.165292,0.001596,0.788647,0.011692,0.77522,-0.397879,6.993455,
EOSS-340,AE0SS-13,2023-04-22 07:42:42.279,2023-04-22 07:42:41,37626.0,11468.4,1332.0,1571.0,ascending,/134241h3928.47N/10337.57WO117/077EOSS Baloon/A=037626!W09!,"AE0SS-13>APTT4,EOSS,qAO,W0ARP-2:/134241h3928.47N/10337.57WO117/077EOSS Baloon/A=037626!W09!",117.0,89.0,143.2,39.4745,-103.6263166667,23.92,38.5,,,,,,,,0.00043611,-0.00012556,22.2,6.76633333,high Re,-0.001111,20.247056,0.005172,2.581908,0.03817,0.756396,-0.164606,22.900093,-0.000344,6.171303,0.001576,0.786952,0.011634,0.75612,-0.165034,6.979946,
EOSS-340,KC0D-1,2023-04-22 07:43:01.987,2023-04-22 07:43:00,38099.0,11612.58,1360.0,1590.0,ascending,/134300h3928.31N/10337.13WO123/079/A=038099 125T2056P EOSS BALLOON,"KC0D-1>APZEOS,EOSS,WIDE2-1,qAO,N0RPF-6:/134300h3928.31N/10337.13WO123/079/A=038099 125T2056P EOSS BALLOON",123.0,91.0,146.5,39.4718333333,-103.6188333333,24.36,39.2,54.5,12.5,285.65,20560.0,0.2,0.00048652,0.25074445,0.00042222,-0.00013889,22.66666667,6.909,high Re,0.015556,20.271012,0.005276,2.580224,0.037991,0.928468,0.27059,22.789828,0.004756,6.178607,0.001608,0.786441,0.01158,0.928732,0.271848,6.946335,
EOSS-340,AE0SS-13,2023-04-22 07:43:12.296,2023-04-22 07:43:11,38315.0,11678.41,1378.0,1601.0,ascending,/134311h3928.18N/10336.88WO118/070EOSS Baloon/A=038315!W64!,"AE0SS-13>APTT4,EOSS,qAO,W0ARP-2:/134311h3928.18N/10336.88WO118/070EOSS Baloon/A=038315!W64!",118.0,81.0,130.4,39.4697666667,-103.6147333333,24.62,39.62,,,,,,,,0.00038611,-0.00015778,22.96666667,7.00033333,high Re,0.01,20.29744,0.005322,2.581255,0.037804,1.034081,0.123744,22.735649,0.003044,6.186663,0.001622,0.786756,0.011523,1.034209,0.123405,6.929823,
EOSS-340,KC0D-1,2023-04-22 07:43:32.062,2023-04-22 07:43:30,38779.0,11819.84,1360.0,1620.0,ascending,/134330h3928.01N/10336.45WO120/065/A=038779 120T1990P EOSS BALLOON,"KC0D-1>APZEOS,EOSS,WIDE2-1,qAO,N0RPF-6:/134330h3928.01N/10336.45WO120/065/A=038779 120T1990P EOSS BALLOON",120.0,75.0,120.7,39.4668333333,-103.6075,25.05,40.32,53.6,12.0,285.15,19900.0,0.2,0.00047173,0.24312082,0.00037778,-0.00016667,22.66666667,6.90866667,high Re,-0.01,20.320442,0.005172,2.579157,0.037647,0.909687,-0.403007,22.612094,-0.003056,6.193673,0.001576,0.786116,0.011475,0.909527,-0.40366,6.892164,
EOSS-340,AE0SS-13,2023-04-22 07:43:42.378,2023-04-22 07:43:41,38994.0,11885.37,1358.0,1631.0,ascending,/134341h3927.91N/10336.21WO117/074EOSS Baloon/A=038994!W90!,"AE0SS-13>APTT4,EOSS,qAO,W0ARP-2:/134341h3927.91N/10336.21WO117/074EOSS Baloon/A=038994!W90!",117.0,85.0,136.8,39.4653166667,-103.6035,25.29,40.7,,,,,,,,0.00037444,-0.00014833,22.63333333,6.89866667,high Re,-0.001111,20.342682,0.005111,2.576608,0.037467,0.889018,-0.166066,22.551877,-0.000333,6.200451,0.001558,0.785339,0.01142,0.889063,-0.165587,6.87381,
EOSS-340,KC0D-1,2023-04-22 07:44:02.006,2023-04-22 07:44:00,39519.0,12045.39,1480.0,1650.0,ascending,/134400h3927.79N/10335.78WO106/065/A=039519 118T1919P EOSS BALLOON,"KC0D-1>APZEOS,EOSS,WIDE2-1,qAO,N0RPF-6:/134400h3927.79N/10335.78WO106/065/A=039519 118T1919P EOSS BALLOON",106.0,75.0,120.7,39.4631666667,-103.5963333333,25.7,41.36,53.24,11.8,284.95,19190.0,0.19,0.00045522,0.23461121,0.00037222,-0.00012222,24.66666667,7.51833333,high Re,0.067778,20.383862,0.005714,2.59868,0.037787,1.648069,1.64247,22.39823,0.020656,6.213003,0.001741,0.792066,0.011518,1.648007,1.642212,6.82698,
EOSS-340,AE0SS-13,2023-04-22 07:44:12.375,2023-04-22 07:44:11,39720.0,12106.66,1452.0,1661.0,ascending,/134411h3927.72N/10335.54WO111/058EOSS Baloon/A=039720!W79!,"AE0SS-13>APTT4,EOSS,qAO,W0ARP-2:/134411h3927.72N/10335.54WO111/058EOSS Baloon/A=039720!W79!",111.0,67.0,107.8,39.4621166667,-103.5924833333,25.92,41.71,,,,,,,,0.00036722,-0.00010667,24.2,7.37633333,high Re,-0.015556,20.419864,0.005511,2.612701,0.037663,1.446831,-0.559355,22.337309,-0.004733,6.223977,0.00168,0.796342,0.011479,1.447062,-0.558672,6.80841,
EOSS-340,AE0SS-13,2023-04-22 07:44:42.273,2023-04-22 07:44:41,40415.0,12318.49,1390.0,1691.0,ascending,/134441h3927.57N/10334.86WO106/073EOSS Baloon/A=040415!W44!,"AE0SS-13>APTT4,EOSS,qAO,W0ARP-2:/134441h3927.57N/10334.86WO106/073EOSS Baloon/A=040415!W44!",106.0,84.0,135.2,39.4595666667,-103.5810666667,26.54,42.72,,,,,,,,0.00038056,-8.5e-05,23.16666667,7.061,high Re,-0.034444,20.445535,0.005134,2.613871,0.037683,1.041035,-1.050288,22.120197,-0.010511,6.2318,0.001565,0.796697,0.011486,1.040797,-1.051367,6.742237,
EOSS-340,KC0D-1,2023-04-22 07:45:02.033,2023-04-22 07:45:00,40828.0,12444.37,1309.0,1710.0,ascending,/134500h3927.42N/10334.44WO118/065/A=040828 111T1800P EOSS BALLOON,"KC0D-1>APZEOS,EOSS,WIDE2-1,qAO,N0RPF-6:/134500h3927.42N/10334.44WO118/065/A=040828 111T1800P EOSS BALLOON",118.0,75.0,120.7,39.457,-103.574,26.96,43.39,51.98,11.1,284.25,18000.0,0.18,0.00042804,0.22060456,0.00037222,-0.00010278,21.81666667,6.64966667,high Re,-0.0225,20.45823,0.004876,2.604971,0.0376,0.521479,-0.728085,21.988089,-0.006856,6.235669,0.001486,0.793984,0.01146,0.521418,-0.727923,6.701972,
EOSS-340,AE0SS-13,2023-04-22 07:45:12.659,2023-04-22 07:45:11,41098.0,12526.67,1366.0,1721.0,ascending,/134511h3927.34N/10334.21WO107/065EOSS Baloon/A=041098!W78!,"AE0SS-13>APTT4,EOSS,qAO,N0RPF-6:/134511h3927.34N/10334.21WO107/065EOSS Baloon/A=041098!W78!",107.0,75.0,120.7,39.4557833333,-103.5703,27.18,43.73,,,,,,,,0.00035889,-0.00012611,22.76666667,6.93933333,high Re,0.031667,20.479409,0.005124,2.602294,0.037513,0.878939,0.707568,21.901165,0.009656,6.242125,0.001562,0.793168,0.011434,0.879017,0.707889,6.675477,
EOSS-340,KC0D-1,2023-04-22 07:45:32.271,2023-04-22 07:45:30,41660.0,12697.97,1664.0,1740.0,ascending,/134530h3927.23N/10333.81WO109/068/A=041660 106T1729P EOSS BALLOON,"KC0D-1>APZEOS,EOSS,WIDE2-1,qAO,N0RPF-6:/134530h3927.23N/10333.81WO109/068/A=041660 106T1729P EOSS BALLOON",109.0,78.0,125.5,39.4538333333,-103.5635,27.56,44.36,51.08,10.6,283.75,17290.0,0.17,0.00041188,0.21227633,0.00035,-0.00010556,27.73333333,8.45333333,high Re,0.165556,20.545354,0.006596,2.681075,0.040377,2.681006,3.936895,21.720318,0.050467,6.262227,0.00201,0.817186,0.012307,2.681282,3.937353,6.620355,
EOSS-340,AE0SS-13,2023-04-22 07:45:42.330,2023-04-22 07:45:41,41852.0,12756.49,1508.0,1751.0,ascending,/134541h3927.14N/10333.55WO115/061EOSS Baloon/A=041852!W75!,"AE0SS-13>APTT4,EOSS,qAO,W0ARP-2:/134541h3927.14N/10333.55WO115/061EOSS Baloon/A=041852!W75!",115.0,70.0,112.7,39.45245,-103.55925,27.81,44.75,,,,,,,,0.00036833,-0.00011111,25.13333333,7.66066667,high Re,-0.086667,20.586687,0.005748,2.704155,0.041163,1.681356,-2.245099,21.658923,-0.026422,6.274825,0.001752,0.824221,0.012547,1.681396,-2.245477,6.601642,
EOSS-340,KC0D-1,2023-04-22 07:46:02.007,2023-04-22 07:46:00,42271.0,12884.2,1222.0,1770.0,ascending,/134600h3927.01N/10333.15WO122/058/A=042271 104T1679P EOSS BALLOON,"KC0D-1>APZEOS,EOSS,WIDE2-1,qAO,AE0SS-1:/134600h3927.01N/10333.15WO122/058/A=042271 104T1679P EOSS BALLOON",122.0,67.0,107.8,39.4501666667,-103.5525,28.2,45.38,50.72,10.4,283.55,16790.0,0.17,0.00040026,0.20628303,0.00036667,-0.00012222,20.36666667,6.20766667,high Re,-0.158889,20.584722,0.004265,2.692026,0.043854,-0.081,-3.72039,21.526322,-0.048433,6.274226,0.0013,0.820525,0.013367,-0.081118,-3.720581,6.561227,
EOSS-340,AE0SS-13,2023-04-22 07:46:12.362,2023-04-22 07:46:11,42453.0,12939.67,1202.0,1781.0,ascending,/134611h3926.93N/10332.97WO115/049EOSS Baloon/A=042453!W25!,"AE0SS-13>APTT4,EOSS,qAO,W0ARP-2:/134611h3926.93N/10332.97WO115/049EOSS Baloon/A=042453!W25!",115.0,56.0,90.1,39.4488666667,-103.5495833333,28.38,45.67,,,,,,,,0.00032222,-0.00011944,20.03333333,6.106,high Re,-0.011111,20.579843,0.004128,2.680483,0.043681,-0.203885,-0.34887,21.469501,-0.003389,6.272737,0.001258,0.817007,0.013314,-0.204083,-0.349031,6.543909,
EOSS-340,KC0D-1,2023-04-22 07:46:31.990,2023-04-22 07:46:30,42894.0,13074.09,1246.0,1800.0,ascending,/134630h3926.82N/10332.61WO117/062/A=042894 100T1629P EOSS BALLOON,"KC0D-1>APZEOS,EOSS,WIDE2-1,qAO,N0RPF-6:/134630h3926.82N/10332.61WO117/062/A=042894 100T1629P EOSS BALLOON",117.0,71.0,114.3,39.447,-103.5435,28.73,46.23,50.0,10.0,283.15,16290.0,0.16,0.00038888,0.20042273,0.0003,-0.00010556,20.76666667,6.32966667,high Re,0.024444,20.581481,0.004307,2.668654,0.043527,0.069393,0.462632,21.334332,0.007456,6.273236,0.001313,0.813401,0.013268,0.069376,0.462994,6.502709,
EOSS-340,AE0SS-13,2023-04-22 07:46:42.349,2023-04-22 07:46:41,43057.0,13123.77,1208.0,1811.0,ascending,/134641h3926.73N/10332.41WO121/056EOSS Baloon/A=043057!W04!,"AE0SS-13>APTT4,EOSS,qAO,W0ARP-2:/134641h3926.73N/10332.41WO121/056EOSS Baloon/A=043057!W04!",121.0,64.0,103.0,39.4455,-103.5402333333,28.93,46.56,,,,,,,,0.00031167,-0.00011222,20.13333333,6.13666667,high Re,-0.021111,20.577585,0.004084,2.657252,0.043399,-0.167185,-0.580543,21.285414,-0.006433,6.272049,0.001245,0.809926,0.013229,-0.167154,-0.580392,6.487799,
EOSS-340,KC0D-1,2023-04-22 07:47:01.993,2023-04-22 07:47:00,43502.0,13259.41,1216.0,1830.0,ascending,/134700h3926.59N/10332.08WO119/048/A=043502 98T1582P EOSS BALLOON,"KC0D-1>APZEOS,EOSS,WIDE2-1,qAO,AE0SS-1:/134700h3926.59N/10332.08WO119/048/A=043502 98T1582P EOSS BALLOON",119.0,55.0,88.5,39.4431666667,-103.5346666667,29.26,47.1,49.64,9.8,282.95,15820.0,0.16,0.00037793,0.1947777,0.00029444,-0.00012778,20.26666667,6.17733333,high Re,0.004444,20.574904,0.004087,2.645831,0.043209,-0.116499,0.008262,21.155189,0.001356,6.271232,0.001246,0.806445,0.01317,-0.116435,0.008352,6.448106,
EOSS-340,AE0SS-13,2023-04-22 07:47:12.578,2023-04-22 07:47:11,43723.0,13326.77,1332.0,1841.0,ascending,/134711h3926.50N/10331.90WO116/058EOSS Baloon/A=043723!W60!,"AE0SS-13>APTT4,EOSS,qAO,N0RPF-6:/134711h3926.50N/10331.90WO116/058EOSS Baloon/A=043723!W60!",116.0,67.0,107.8,39.4417666667,-103.5316666667,29.45,47.39,,,,,,,,0.00028556,-0.00012444,22.2,6.76666667,high Re,0.064444,20.588794,0.004608,2.638683,0.043384,0.61061,1.379218,21.092499,0.019644,6.275467,0.001404,0.804267,0.013224,0.610742,1.37931,6.428998,
EOSS-340,KC0D-1,2023-04-22 07:47:32.184,2023-04-22 07:47:30,44207.0,13474.29,1410.0,1860.0,ascending,/134730h3926.41N/10331.57WO114/060/A=044207 93T1528P EOSS BALLOON,"KC0D-1>APZEOS,EOSS,WIDE2-1,qAO,N0RPF-6:/134730h3926.41N/10331.57WO114/060/A=044207 93T1528P EOSS BALLOON",114.0,69.0,111.0,39.4401666667,-103.5261666667,29.76,47.9,48.74,9.3,282.45,15280.0,0.15,0.00036568,0.18846219,0.00028333,-0.0001,23.5,7.16266667,high Re,0.043333,20.613465,0.004939,2.641015,0.043345,1.092964,0.885777,20.960281,0.0132,6.282985,0.001505,0.804976,0.013212,1.092805,0.88518,6.388699,
EOSS-340,AE0SS-13,2023-04-22 07:47:42.384,2023-04-22 07:47:41,44369.0,13523.67,1292.0,1871.0,ascending,/134741h3926.33N/10331.34WO117/063EOSS Baloon/A=044369!W73!,"AE0SS-13>APTT4,EOSS,qAO,W0ARP-2:/134741h3926.33N/10331.34WO117/063EOSS Baloon/A=044369!W73!",117.0,72.0,115.9,39.43895,-103.5223833333,29.98,48.25,,,,,,,,0.00030944,-9.389e-05,21.53333333,6.56333333,high Re,-0.065556,20.621195,0.004341,2.631152,0.043644,0.346669,-1.601526,20.917673,-0.019978,6.285341,0.001323,0.80197,0.013303,0.346637,-1.601218,6.375712,
EOSS-340,KC0D-1,2023-04-22 07:48:01.931,2023-04-22 07:48:00,44700.0,13624.56,986.0,1890.0,ascending,/134800h3926.23N/10330.99WO109/057/A=044700 92T1492P EOSS BALLOON,"KC0D-1>APZEOS,EOSS,WIDE2-1,qAO,N0RPF-6:/134800h3926.23N/10330.99WO109/057/A=044700 92T1492P EOSS BALLOON",109.0,66.0,106.2,39.4371666667,-103.5165,30.32,48.79,48.56,9.2,282.35,14920.0,0.15,0.00035719,0.18408715,0.00032222,-0.0001,16.43333333,5.009,high Re,-0.17,20.586296,0.002876,2.647817,0.046304,-1.568448,-3.7335,20.833308,-0.051811,6.274705,0.000877,0.807048,0.014114,-1.568314,-3.733031,6.349997,
EOSS-340,AE0SS-13,2023-04-22 07:48:12.302,2023-04-22 07:48:11,44848.0,13669.67,958.0,1901.0,ascending,/134811h3926.16N/10330.78WO126/066EOSS Baloon/A=044848!W19!,"AE0SS-13>APTT4,EOSS,qAO,W0ARP-2:/134811h3926.16N/10330.78WO126/066EOSS Baloon/A=044848!W19!",126.0,76.0,122.3,39.4360166667,-103.51315,30.51,49.11,,,,,,,,0.00030778,-9.778e-05,15.96666667,4.86666667,high Re,-0.015556,20.548118,0.002723,2.669997,0.04614,-1.715901,-0.396164,20.796783,-0.004744,6.263068,0.00083,0.813808,0.014064,-1.715885,-0.396331,6.338865,
EOSS-340,KC0D-1,2023-04-22 07:48:31.932,2023-04-22 07:48:30,45381.0,13832.13,1362.0,1920.0,ascending,/134830h3926.02N/10330.47WO127/055/A=045381 87T1443P EOSS BALLOON,"KC0D-1>APZEOS,EOSS,WIDE2-1,qAO,AE0SS-1:/134830h3926.02N/10330.47WO127/055/A=045381 87T1443P EOSS BALLOON",127.0,63.0,101.4,39.4336666667,-103.5078333333,30.84,49.63,47.66,8.7,281.85,14430.0,0.14,0.00034607,0.17835724,0.00028889,-0.00011667,22.7,6.919,high Re,0.224444,20.565756,0.004555,2.666069,0.050174,0.800521,4.382529,20.671513,0.068411,6.268445,0.001388,0.812611,0.015293,0.800574,4.382593,6.300682,
EOSS-340,AE0SS-13,2023-04-22 07:48:42.304,2023-04-22 07:48:41,45623.0,13905.89,1550.0,1931.0,ascending,/134841h3925.92N/10330.31WO131/052EOSS Baloon/A=045623!W40!,"AE0SS-13>APTT4,EOSS,qAO,W0ARP-2:/134841h3925.92N/10330.31WO131/052EOSS Baloon/A=045623!W40!",131.0,60.0,96.6,39.4320666667,-103.5051666667,31.01,49.91,,,,,,,,0.00026611,-0.00013167,25.83333333,7.874,high Re,0.104444,20.608582,0.005374,2.697267,0.050778,1.937054,1.951042,20.617905,0.031833,6.281498,0.001638,0.82212,0.015477,1.937068,1.950959,6.284342,
EOSS-340,KC0D-1,2023-04-22 07:49:01.994,2023-04-22 07:49:00,46123.0,14058.29,1484.0,1950.0,ascending,/134900h3925.77N/10330.06WO130/042/A=046123 86T1392P EOSS BALLOON,"KC0D-1>APZEOS,EOSS,WIDE2-1,qAO,AE0SS-1:/134900h3925.77N/10330.06WO130/042/A=046123 86T1392P EOSS BALLOON",130.0,48.0,77.2,39.4295,-103.501,31.29,50.35,47.48,8.6,281.75,13920.0,0.14,0.00033396,0.17211462,0.00022778,-0.00013889,24.73333333,7.53866667,high Re,-0.036667,20.641846,0.005032,2.711698,0.050711,1.508829,-0.822287,20.513571,-0.011178,6.291637,0.001534,0.826518,0.015457,1.508775,-0.822411,6.252541,
EOSS-340,AE0SS-13,2023-04-22 07:49:12.966,2023-04-22 07:49:11,46298.0,14111.63,1350.0,1961.0,ascending,/134911h3925.68N/10329.92WO140/051EOSS Baloon/A=046298!W37!,"AE0SS-13>APTT4,EOSS,qAO,W9CN-9:/134911h3925.68N/10329.92WO140/051EOSS Baloon/A=046298!W37!",140.0,59.0,95.0,39.42805,-103.4987833333,31.43,50.59,,,,,,,,0.00021278,-0.00013389,22.5,6.858,high Re,-0.074444,20.656711,0.004391,2.705851,0.051007,0.681223,-1.545572,20.479066,-0.022689,6.296168,0.001338,0.824736,0.015547,0.681226,-1.545443,6.242024,
EOSS-340,KC0D-1,2023-04-22 07:49:31.981,2023-04-22 07:49:30,46638.0,14215.26,1030.0,1980.0,ascending,/134930h3925.55N/10329.69WO127/042/A=046638 82T1357P EOSS BALLOON,"KC0D-1>APZEOS,EOSS,WIDE2-1,qAO,N0RPF-6:/134930h3925.55N/10329.69WO127/042/A=046638 82T1357P EOSS BALLOON",127.0,48.0,77.2,39.4258333333,-103.4948333333,31.69,51.0,46.76,8.2,281.35,13570.0,0.13,0.00032602,0.16802557,0.00020556,-0.00012222,17.16666667,5.23233333,high Re,-0.177778,20.629012,0.002934,2.712881,0.05335,-1.276261,-3.387291,20.414916,-0.054189,6.287724,0.000894,0.82688,0.016261,-1.276353,-3.38743,6.222471,
EOSS-340,KC0D-1,2023-04-22 07:50:02.151,2023-04-22 07:50:00,47216.0,14391.44,1156.0,2010.0,ascending,/135000h3925.32N/10329.33WO142/045/A=047216 81T1320P EOSS BALLOON,"KC0D-1>APZEOS,EOSS,WIDE2-1,qAO,N0RPF-6:/135000h3925.32N/10329.33WO142/045/A=047216 81T1320P EOSS BALLOON",142.0,52.0,83.7,39.422,-103.4888333333,32.09,51.64,46.58,8.1,281.25,13200.0,0.13,0.00031725,0.16350229,0.0002,-0.00012778,19.26666667,5.87266667,high Re,0.07,20.618285,0.003466,2.704797,0.053471,-0.499712,1.244301,20.314164,0.021344,6.284456,0.001056,0.824415,0.016298,-0.499493,1.244815,6.19176,
EOSS-340,AE0SS-13,2023-04-22 07:50:12.330,2023-04-22 07:50:11,47378.0,14440.81,1080.0,2021.0,ascending,/135011h3925.20N/10329.20WO127/048EOSS Baloon/A=047378!W96!,"AE0SS-13>APTT4,EOSS,qAO,W0ARP-2:/135011h3925.20N/10329.20WO127/048EOSS Baloon/A=047378!W96!",127.0,55.0,88.5,39.42015,-103.4867666667,32.24,51.88,,,,,,,,0.00020028,-0.00013167,18.0,5.48633333,high Re,-0.021111,20.59783,0.003273,2.704049,0.053303,-0.960719,-0.45746,20.287677,-0.006439,6.278221,0.000997,0.824188,0.016247,-0.96081,-0.457684,6.183688,
EOSS-340,KC0D-1,2023-04-22 07:50:32.030,2023-04-22 07:50:30,47682.0,14533.47,932.0,2040.0,ascending,/135030h3925.06N/10329.00WO127/044/A=047682 77T1290P EOSS BALLOON,"KC0D-1>APZEOS,EOSS,WIDE2-1,qAO,W9CN-9:/135030h3925.06N/10329.00WO127/044/A=047682 77T1290P EOSS BALLOON",127.0,51.0,82.1,39.4176666667,-103.4833333333,32.48,52.27,45.86,7.7,280.85,12900.0,0.13,0.00031048,0.16001391,0.00018333,-0.00014444,15.53333333,4.73433333,high Re,-0.082222,20.55857,0.002605,2.730126,0.053628,-1.840661,-1.581767,20.239875,-0.025067,6.266253,0.000794,0.832139,0.016346,-1.840942,-1.5821,6.169118,
EOSS-340,AE0SS-13,2023-04-22 07:50:42.345,2023-04-22 07:50:41,47798.0,14568.83,840.0,2051.0,ascending,/135041h3924.98N/10328.87WO126/037EOSS Baloon/A=047798!W09!,"AE0SS-13>APTT4,EOSS,qAO,W0ARP-2:/135041h3924.98N/10328.87WO126/037EOSS Baloon/A=047798!W09!",126.0,43.0,69.2,39.4163333333,-103.4813166667,32.61,52.48,,,,,,,,0.00018167,-0.00012722,14.0,4.26733333,high Re,-0.051111,20.50812,0.002188,2.779692,0.053627,-2.34131,-0.993884,20.222252,-0.015567,6.250876,0.000667,0.847245,0.016346,-2.341168,-0.993148,6.163745,
EOSS-340,KC0D-1,2023-04-22 07:51:02.144,2023-04-22 07:51:00,48173.0,14683.13,982.0,2070.0,ascending,/135100h3924.84N/10328.66WO131/040/A=048173 76T1260P EOSS BALLOON,"KC0D-1>APZEOS,EOSS,WIDE2-1,qAO,AE0SS-1:/135100h3924.84N/10328.66WO131/040/A=048173 76T1260P EOSS BALLOON",131.0,46.0,74.0,39.414,-103.4776666667,32.86,52.88,45.68,7.6,280.75,12600.0,0.12,0.00030337,0.15634832,0.00018889,-0.00012222,16.36666667,4.98866667,high Re,0.078889,20.476506,0.002778,2.792523,0.05384,-1.47173,1.413652,20.167406,0.024044,6.241241,0.000847,0.851154,0.016411,-1.471619,1.413503,6.147028,
EOSS-340,AE0SS-13,2023-04-22 07:51:12.354,2023-04-22 07:51:11,48477.0,14775.79,1358.0,2081.0,ascending,/135111h3924.78N/10328.53WO092/037EOSS Baloon/A=048477!W90!,"AE0SS-13>APTT4,EOSS,qAO,W0ARP-1:/135111h3924.78N/10328.53WO092/037EOSS Baloon/A=048477!W90!",92.0,43.0,69.2,39.41315,-103.4755,32.99,53.08,,,,,,,,0.00019389,-0.00010611,22.63333333,6.89866667,high Re,0.208889,20.492845,0.004352,2.788171,0.056575,0.767703,3.615325,20.125077,0.063667,6.246222,0.001326,0.849828,0.017244,0.767737,3.615228,6.134125,
EOSS-340,KC0D-1,2023-04-22 07:51:32.166,2023-04-22 07:51:30,48814.0,14878.51,1282.0,2100.0,ascending,/135130h3924.70N/10328.25WO118/045/A=048814 72T1221P EOSS BALLOON,"KC0D-1>APZEOS,EOSS,WIDE2-1,qAO,AE0SS-1:/135130h3924.70N/10328.25WO118/045/A=048814 72T1221P EOSS BALLOON",118.0,52.0,83.7,39.4116666667,-103.4708333333,33.25,53.52,44.96,7.2,280.35,12210.0,0.12,0.0002944,0.15172514,0.00022778,-7.778e-05,21.36666667,6.51266667,high Re,-0.042222,20.499415,0.003999,2.778623,0.056505,0.312116,-0.817998,20.080026,-0.012867,6.248225,0.001219,0.846918,0.017223,0.31224,-0.81786,6.120393,
EOSS-340,KC0D-1,2023-04-22 07:52:01.923,2023-04-22 07:52:00,49281.0,15020.85,934.0,2130.0,ascending,/135200h3924.52N/10327.79WO121/052/A=049281 72T1194P EOSS BALLOON,"KC0D-1>APZEOS,EOSS,WIDE2-1,qAO,AE0SS-1:/135200h3924.52N/10327.79WO121/052/A=049281 72T1194P EOSS BALLOON",121.0,60.0,96.6,39.4086666667,-103.4631666667,33.71,54.25,44.96,7.2,280.35,11940.0,0.12,0.00028789,0.14837004,0.00025556,-0.0001,15.56666667,4.74466667,high Re,-0.193333,20.462604,0.002515,2.800763,0.058833,-1.748073,-3.32888,20.020123,-0.058933,6.237005,0.000767,0.853667,0.017933,-1.74815,-3.329058,6.102134,
EOSS-340,AE0SS-13,2023-04-22 07:52:12.353,2023-04-22 07:52:11,49399.0,15056.82,922.0,2141.0,ascending,/135211h3924.43N/10327.61WO119/045EOSS Baloon/A=049399!W57!,"AE0SS-13>APTT4,EOSS,qAO,W0ARP-2:/135211h3924.43N/10327.61WO119/045EOSS Baloon/A=049399!W57!",119.0,52.0,83.7,39.40725,-103.4602833333,33.89,54.55,,,,,,,,0.00025361,-9.833e-05,15.36666667,4.68383333,high Re,-0.003333,20.424856,0.002471,2.824552,0.058614,-1.790793,-0.099021,20.005334,-0.001014,6.2255,0.000753,0.860917,0.017866,-1.790726,-0.098903,6.097626,
EOSS-340,KC0D-1,2023-04-22 07:52:31.933,2023-04-22 07:52:30,49867.0,15199.46,1172.0,2160.0,ascending,/135230h3924.27N/10327.35WO134/044/A=049867 68T1160P EOSS BALLOON,"KC0D-1>APZEOS,EOSS,WIDE2-1,qAO,N0RPF-6:/135230h3924.27N/10327.35WO134/044/A=049867 68T1160P EOSS BALLOON",134.0,51.0,82.1,39.4045,-103.4558333333,34.19,55.02,44.24,6.8,279.95,11600.0,0.11,0.00028009,0.14435106,0.00024444,-0.00013889,19.53333333,5.95366667,high Re,0.138889,20.418301,0.003482,2.81511,0.059563,-0.314363,2.273341,19.947509,0.042328,6.223501,0.001061,0.85804,0.018155,-0.314478,2.273038,6.080001,
EOSS-340,AE0SS-13,2023-04-22 07:52:42.277,2023-04-22 07:52:41,50131.0,15279.93,1464.0,2171.0,ascending,/135241h3924.17N/10327.23WO123/027EOSS Baloon/A=050131!W69!,"AE0SS-13>APTT4,EOSS,qAO,W0ARP-2:/135241h3924.17N/10327.23WO123/027EOSS Baloon/A=050131!W69!",123.0,31.0,49.9,39.4029333333,-103.4539833333,34.32,55.24,,,,,,,,0.00021,-0.00014389,24.4,7.437,high Re,0.162222,20.447364,0.004649,2.825295,0.060883,1.399017,2.588128,19.915152,0.049444,6.232358,0.001417,0.861143,0.018557,1.398887,2.58808,6.070137,
EOSS-340,KC0D-1,2023-04-22 07:53:01.965,2023-04-22 07:53:00,50680.0,15447.26,1626.0,2190.0,ascending,/135300h3924.03N/10327.09WO130/034/A=050680 68T1115P EOSS BALLOON,"KC0D-1>APZEOS,EOSS,WIDE2-1,qAO,N0RPF-6:/135300h3924.03N/10327.09WO130/034/A=050680 68T1115P EOSS BALLOON",130.0,39.0,62.8,39.4005,-103.4515,34.51,55.54,44.24,6.8,279.95,11150.0,0.11,0.00026922,0.13875123,0.00014444,-0.00013333,27.1,8.26,high Re,0.09,20.495572,0.005272,2.871365,0.061096,2.3001,1.386801,19.847331,0.027433,6.247052,0.001607,0.875184,0.018622,2.300028,1.386854,6.049466,
EOSS-340,AE0SS-13,2023-04-22 07:53:12.721,2023-04-22 07:53:11,50955.0,15531.08,1648.0,2201.0,ascending,/135311h3923.94N/10326.98WO148/045EOSS Baloon/A=050955!W80!,"AE0SS-13>APTT4,EOSS,qAO,AE0SS-1:/135311h3923.94N/10326.98WO148/045EOSS Baloon/A=050955!W80!",148.0,52.0,83.7,39.3991333333,-103.4496666667,34.64,55.75,,,,,,,,0.00014389,-0.00012667,27.46666667,8.37166667,high Re,0.012222,20.545723,0.005322,2.921405,0.060875,2.369046,0.113347,19.812599,0.003722,6.262337,0.001622,0.890433,0.018555,2.368881,0.113177,6.038879,
EOSS-340,KC0D-1,2023-04-22 07:53:31.966,2023-04-22 07:53:30,51375.0,15659.1,1390.0,2220.0,ascending,/135330h3923.84N/10326.85WO132/030/A=051375 65T1078P EOSS BALLOON,"KC0D-1>APZEOS,EOSS,WIDE2-1,qAO,W9CN-9:/135330h3923.84N/10326.85WO132/030/A=051375 65T1078P EOSS BALLOON",132.0,35.0,56.3,39.3973333333,-103.4475,34.8,56.0,43.7,6.5,279.65,10780.0,0.11,0.00026057,0.13429084,0.00013333,-0.00010556,23.16666667,7.06133333,high Re,-0.143333,20.564444,0.004253,2.919293,0.061951,0.891388,-2.382302,19.757859,-0.043678,6.268044,0.001296,0.88979,0.018883,0.891547,-2.381719,6.022193,
EOSS-340,KC0D-1,2023-04-22 07:54:01.985,2023-04-22 07:54:00,51850.0,15803.88,950.0,2250.0,ascending,/135400h3923.66N/10326.55WO122/038/A=051850 65T1054P EOSS BALLOON,"KC0D-1>APZEOS,EOSS,WIDE2-1,qAO,W9CN-9:/135400h3923.66N/10326.55WO122/038/A=051850 65T1054P EOSS BALLOON",122.0,44.0,70.8,39.3943333333,-103.4425,35.13,56.53,43.7,6.5,279.65,10540.0,0.1,0.00025477,0.13130106,0.00016667,-0.0001,15.83333333,4.826,high Re,-0.244444,20.53089,0.002477,2.936008,0.065208,-1.599981,-3.786667,19.692536,-0.074511,6.257816,0.000755,0.894885,0.019876,-1.6,-3.786778,6.002282,
EOSS-340,AE0SS-13,2023-04-22 07:54:12.312,2023-04-22 07:54:11,51988.0,15845.94,1033.0,2261.0,ascending,/135411h3923.57N/10326.42WO134/038EOSS Baloon/A=051988!W72!,"AE0SS-13>APTT4,EOSS,qAO,W0ARP-2:/135411h3923.57N/10326.42WO134/038EOSS Baloon/A=051988!W72!",134.0,44.0,70.8,39.39295,-103.4403666667,35.27,56.76,,,,,,,,0.000155,-0.00010306,17.21666667,5.24766667,high Re,0.023056,20.507551,0.002623,2.938769,0.064998,-1.119817,0.314364,19.672718,0.007028,6.250703,0.000799,0.895727,0.019812,-1.119801,0.314405,5.996241,
EOSS-340,KC0D-1,2023-04-22 07:54:31.946,2023-04-22 07:54:30,52344.0,15954.45,988.0,2280.0,ascending,/135430h3923.45N/10326.26WO134/031/A=052344 61T1029P EOSS BALLOON,"KC0D-1>APZEOS,EOSS,WIDE2-1,qAO,N0RPF-6:/135430h3923.45N/10326.26WO134/031/A=052344 61T1029P EOSS BALLOON",134.0,36.0,57.9,39.3908333333,-103.4376666667,35.46,57.07,42.98,6.1,279.25,10290.0,0.1,0.00024908,0.12837033,0.00016111,-0.00011667,16.46666667,5.019,high Re,-0.025,20.479293,0.002428,2.947835,0.064809,-1.361211,-0.423213,19.61955,-0.007622,6.242089,0.00074,0.89849,0.019754,-1.361272,-0.423307,5.980035,
EOSS-340,AE0SS-13,2023-04-22 07:54:42.429,2023-04-22 07:54:41,52467.0,15991.94,958.0,2291.0,ascending,/135441h3923.37N/10326.17WO152/031EOSS Baloon/A=052467!W62!,"AE0SS-13>APTT4,EOSS,qAO,W0ARP-2:/135441h3923.37N/10326.17WO152/031EOSS Baloon/A=052467!W62!",152.0,36.0,57.9,39.3896,-103.4362,35.57,57.24,,,,,,,,0.00013889,-0.00011167,15.96666667,4.86666667,high Re,-0.016667,20.447955,0.002294,2.961482,0.0646,-1.513191,-0.293514,19.600436,-0.005078,6.232538,0.000699,0.90265,0.01969,-1.513179,-0.293398,5.974209,
EOSS-340,KC0D-1,2023-04-22 07:55:01.977,2023-04-22 07:55:00,52835.0,16104.11,982.0,2310.0,ascending,/135500h3923.30N/10326.02WO123/021/A=052835 62T1005P EOSS BALLOON,"KC0D-1>APZEOS,EOSS,WIDE2-1,qAO,AE0SS-1:/135500h3923.30N/10326.02WO123/021/A=052835 62T1005P EOSS BALLOON",123.0,24.0,38.6,39.3883333333,-103.4336666667,35.73,57.5,43.16,6.2,279.35,10050.0,0.1,0.00024318,0.12533138,0.00013333,-8.333e-05,16.36666667,4.98866667,high Re,0.013333,20.419808,0.002371,2.97058,0.06438,-1.364428,0.17027,19.540726,0.004067,6.223959,0.000723,0.905422,0.019623,-1.364328,0.170412,5.956009,
EOSS-340,KC0D-1,2023-04-22 07:55:31.962,2023-04-22 07:55:30,53493.0,16304.67,1316.0,2340.0,ascending,/135530h3923.28N/10325.76WO074/025/A=053493 59T973P EOSS BALLOON,"KC0D-1>APZEOS,EOSS,WIDE2-1,qAO,AE0SS-1:/135530h3923.28N/10325.76WO074/025/A=053493 59T973P EOSS BALLOON",74.0,29.0,46.7,39.388,-103.4293333333,35.95,57.85,42.62,5.9,279.05,9730.0,0.1,0.00023569,0.12147118,0.00014444,-1.111e-05,21.93333333,6.68533333,high Re,0.185556,20.430175,0.003634,2.962968,0.065935,0.507315,2.759111,19.423451,0.056556,6.227119,0.001108,0.903102,0.020097,0.507378,2.759019,5.920262,
EOSS-340,KC0D-1,2023-04-22 07:56:01.947,2023-04-22 07:56:00,54305.0,16552.16,1624.0,2370.0,ascending,/135600h3923.31N/10325.48WO092/029/A=054305 59T936P EOSS BALLOON,"KC0D-1>APZEOS,EOSS,WIDE2-1,qAO,N0RPF-6:/135600h3923.31N/10325.48WO092/029/A=054305 59T936P EOSS BALLOON",92.0,33.0,53.1,39.3885,-103.4246666667,36.16,58.19,42.62,5.9,279.05,9360.0,0.09,0.00022673,0.11685203,0.00015556,1.667e-05,27.06666667,8.24966667,high Re,0.171111,20.475321,0.004782,3.003109,0.067153,2.194841,2.476866,19.257595,0.052144,6.240878,0.001457,0.915333,0.020468,2.194599,2.476402,5.86971,
EOSS-340,AE0SS-13,2023-04-22 07:56:12.297,2023-04-22 07:56:11,54420.0,16587.22,1302.0,2381.0,ascending,/135611h3923.31N/10325.33WO092/039EOSS Baloon/A=054420!W54!,"AE0SS-13>APTT4,EOSS,qAO,W0ARP-2:/135611h3923.31N/10325.33WO092/039EOSS Baloon/A=054420!W54!",92.0,45.0,72.4,39.3885833333,-103.4222333333,36.27,58.38,,,,,,,,0.00015519,-1.13e-05,21.7,6.61422222,high Re,-0.05963,20.483596,0.004343,2.994569,0.067134,0.406203,-0.952915,19.232067,-0.018172,6.243401,0.001324,0.912731,0.020462,0.406277,-0.952791,5.861927,
EOSS-340,KC0D-1,2023-04-22 07:56:31.978,2023-04-22 07:56:30,54733.0,16682.62,856.0,2400.0,ascending,/135630h3923.32N/10325.11WO095/036/A=054733 56T917P EOSS BALLOON,"KC0D-1>APZEOS,EOSS,WIDE2-1,qAO,AE0SS-1:/135630h3923.32N/10325.11WO095/036/A=054733 56T917P EOSS BALLOON",95.0,41.0,66.0,39.3886666667,-103.4185,36.45,58.67,42.08,5.6,278.75,9170.0,0.09,0.00022237,0.11460324,0.00020556,5.56e-06,14.26666667,4.34866667,high Re,-0.247778,20.441872,0.00264,3.027582,0.070041,-2.039649,-3.575306,19.15992,-0.075519,6.230685,0.000805,0.922791,0.021348,-2.039485,-3.57523,5.839938,
EOSS-340,AE0SS-13,2023-04-22 07:56:42.362,2023-04-22 07:56:41,54863.0,16722.24,886.0,2411.0,ascending,/135641h3923.31N/10324.98WO094/026EOSS Baloon/A=054863!W01!,"AE0SS-13>APTT4,EOSS,qAO,W0ARP-2:/135641h3923.31N/10324.98WO094/026EOSS Baloon/A=054863!W01!",94.0,30.0,48.3,39.3885,-103.41635,36.56,58.84,,,,,,,,0.00019611,-2.78e-06,14.76666667,4.50066667,high Re,0.016667,20.404037,0.002734,3.052778,0.069813,-1.846636,0.199576,19.128797,0.005067,6.219151,0.000833,0.930473,0.021279,-1.846893,0.198976,5.830452,
EOSS-340,KC0D-1,2023-04-22 07:57:01.958,2023-04-22 07:57:00,55428.0,16894.45,1390.0,2430.0,ascending,/135700h3923.27N/10324.81WO126/025/A=055428 57T888P EOSS BALLOON,"KC0D-1>APZEOS,EOSS,WIDE2-1,qAO,N0RPF-6:/135700h3923.27N/10324.81WO126/025/A=055428 57T888P EOSS BALLOON",126.0,29.0,46.7,39.3878333333,-103.4135,36.72,59.09,42.26,5.7,278.85,8880.0,0.09,0.00021526,0.11093913,0.00016667,-2.778e-05,23.16666667,7.061,high Re,0.28,20.422333,0.004582,3.05088,0.073169,0.899522,3.764135,18.985544,0.085344,6.224726,0.001397,0.929894,0.022302,0.899322,3.764102,5.786789,
EOSS-340,AE0SS-13,2023-04-22 07:57:12.560,2023-04-22 07:57:11,55624.0,16954.2,1522.0,2441.0,ascending,/135711h3923.21N/10324.70WO136/033EOSS Baloon/A=055624!W45!,"AE0SS-13>APTT4,EOSS,qAO,N0RPF-6:/135711h3923.21N/10324.70WO136/033EOSS Baloon/A=055624!W45!",136.0,38.0,61.2,39.3869,-103.41175,36.83,59.27,,,,,,,,0.00015333,-5.333e-05,25.36666667,7.732,high Re,0.073333,20.454861,0.005038,3.067092,0.073139,1.601454,0.93377,18.932813,0.022367,6.234643,0.001535,0.934838,0.022293,1.601729,0.934464,5.770715,
EOSS-340,KC0D-1,2023-04-22 07:57:32.384,2023-04-22 07:57:30,55910.0,17041.37,964.0,2460.0,ascending,/135730h3923.13N/10324.52WO119/033/A=055910 54T868P EOSS BALLOON,"KC0D-1>APZEOS,EOSS,WIDE2-1,qAO,N0RPF-6:/135730h3923.13N/10324.52WO119/033/A=055910 54T868P EOSS BALLOON",119.0,38.0,61.2,39.3855,-103.4086666667,37.02,59.58,41.72,5.4,278.55,8680.0,0.09,0.00021064,0.10855729,0.00016111,-7.778e-05,16.06666667,4.89733333,high Re,-0.31,20.42618,0.002965,3.077503,0.077245,-1.416575,-4.051589,18.853091,-0.094489,6.225902,0.000904,0.938009,0.023544,-1.416371,-4.05169,5.746416,
EOSS-340,AE0SS-13,2023-04-22 07:57:42.277,2023-04-22 07:57:41,56018.0,17074.29,788.0,2471.0,ascending,/135741h3923.08N/10324.38WO131/037EOSS Baloon/A=056018!W39!,"AE0SS-13>APTT4,EOSS,qAO,W0ARP-2:/135741h3923.08N/10324.38WO131/037EOSS Baloon/A=056018!W39!",131.0,43.0,69.2,39.3847166667,-103.4064833333,37.15,59.79,,,,,,,,0.00017556,-7.278e-05,13.13333333,4.003,high Re,-0.097778,20.378824,0.002307,3.123217,0.07742,-2.319881,-1.292754,18.822138,-0.029811,6.211468,0.000703,0.951944,0.023598,-2.319956,-1.293076,5.736981,
EOSS-340,KC0D-1,2023-04-22 07:58:01.962,2023-04-22 07:58:00,56338.0,17171.82,856.0,2490.0,ascending,/135800h3923.00N/10324.18WO124/037/A=056338 55T849P EOSS BALLOON,"KC0D-1>APZEOS,EOSS,WIDE2-1,qAO,W9CN-9:/135800h3923.00N/10324.18WO124/037/A=056338 55T849P EOSS BALLOON",124.0,43.0,69.2,39.3833333333,-103.403,37.36,60.12,41.9,5.5,278.65,8490.0,0.08,0.00020595,0.10614293,0.00018889,-7.222e-05,14.26666667,4.34833333,high Re,0.037778,20.339391,0.002537,3.151534,0.07722,-1.926911,0.456371,18.727745,0.011511,6.199447,0.000773,0.960577,0.023537,-1.927085,0.456218,5.708212,
EOSS-340,KC0D-1,2023-04-22 07:58:31.989,2023-04-22 07:58:30,56984.0,17368.72,1292.0,2520.0,ascending,/135830h3922.86N/10323.93WO117/028/A=056984 53T823P EOSS BALLOON,"KC0D-1>APZEOS,EOSS,WIDE2-1,qAO,W9CN-9:/135830h3922.86N/10323.93WO117/028/A=056984 53T823P EOSS BALLOON",117.0,32.0,51.5,39.381,-103.3988333333,37.63,60.56,41.54,5.3,278.45,8230.0,0.08,0.00019979,0.10296629,0.00013889,-7.778e-05,21.53333333,6.56333333,high Re,0.242222,20.347044,0.004083,3.142805,0.07934,0.377462,3.0015,18.525497,0.073833,6.20178,0.001244,0.957917,0.024183,0.377437,3.001654,5.646568,
EOSS-340,AE0SS-13,2023-04-22 07:58:42.349,2023-04-22 07:58:41,57251.0,17450.1,1233.0,2531.0,ascending,/135841h3922.79N/10323.84WO150/037EOSS Baloon/A=057251!W72!,"AE0SS-13>APTT4,EOSS,qAO,W0ARP-2:/135841h3922.79N/10323.84WO150/037EOSS Baloon/A=057251!W72!",150.0,43.0,69.2,39.37995,-103.3973666667,37.73,60.72,,,,,,,,0.00015194,-7.944e-05,20.55,6.2635,high Re,-0.016389,20.348337,0.003952,3.132758,0.079101,0.064372,-0.257152,18.437633,-0.004997,6.202173,0.001204,0.954854,0.02411,0.064227,-0.257196,5.619788,
EOSS-340,KC0D-1,2023-04-22 07:59:01.993,2023-04-22 07:59:00,57817.0,17622.62,1666.0,2550.0,ascending,/135900h3922.71N/10323.73WO120/029/A=057817 54T791P EOSS BALLOON,"KC0D-1>APZEOS,EOSS,WIDE2-1,qAO,N0RPF-6:/135900h3922.71N/10323.73WO120/029/A=057817 54T791P EOSS BALLOON",120.0,33.0,53.1,39.3785,-103.3955,37.86,60.93,41.72,5.4,278.55,7910.0,0.08,0.00019195,0.09892721,0.00011111,-8.333e-05,27.76666667,8.46333333,low Re,0.240556,20.395288,0.005459,3.178044,0.081076,2.31947,2.899711,18.244005,0.073328,6.216484,0.001664,0.968658,0.024712,2.319549,2.899968,5.56077,high_to_low
EOSS-340,AE0SS-13,2023-04-22 07:59:12.199,2023-04-22 07:59:11,57996.0,17677.18,1490.0,2561.0,ascending,/135911h3922.66N/10323.64WO145/028EOSS Baloon/A=057996!W77!,"AE0SS-13>APTT4,EOSS,qAO,W0ARP-2:/135911h3922.66N/10323.64WO145/028EOSS Baloon/A=057996!W77!",145.0,32.0,51.5,39.3777833333,-103.3941166667,37.95,61.07,,,,,,,,0.00010833,-7.222e-05,24.83333333,7.56933333,low Re,-0.097778,20.423201,0.004806,3.187462,0.081234,1.383587,-1.262821,18.18089,-0.0298,6.224993,0.001465,0.97153,0.02476,1.383735,-1.262722,5.541532,
EOSS-340,KC0D-1,2023-04-22 07:59:31.930,2023-04-22 07:59:30,58355.0,17786.6,1076.0,2580.0,ascending,/135930h3922.59N/10323.53WO127/021/A=058355 51T770P EOSS BALLOON,"KC0D-1>APZEOS,EOSS,WIDE2-1,qAO,N0RPF-6:/135930h3922.59N/10323.53WO127/021/A=058355 51T770P EOSS BALLOON",127.0,24.0,38.6,39.3765,-103.3921666667,38.08,61.29,41.18,5.1,278.25,7700.0,0.08,0.00018706,0.09640465,0.00011111,-6.667e-05,17.93333333,5.466,low Re,-0.23,20.407639,0.003329,3.183514,0.08309,-0.777225,-2.808148,18.051957,-0.070111,6.220249,0.001015,0.970327,0.025326,-0.777314,-2.808418,5.502235,
EOSS-340,AE0SS-13,2023-04-22 07:59:42.383,2023-04-22 07:59:41,58495.0,17829.28,998.0,2591.0,ascending,/135941h3922.55N/10323.46WO145/016EOSS Baloon/A=058495!W51!,"AE0SS-13>APTT4,EOSS,qAO,W0ARP-2:/135941h3922.55N/10323.46WO145/016EOSS Baloon/A=058495!W51!",145.0,18.0,29.0,39.3759166667,-103.3910166667,38.15,61.4,,,,,,,,0.00010333,-6.222e-05,16.63333333,5.07,low Re,-0.043333,20.384196,0.003037,3.18746,0.08291,-1.176756,-0.559281,18.000915,-0.0132,6.213105,0.000926,0.971529,0.025271,-1.176604,-0.558981,5.486675,
EOSS-340,KC0D-1,2023-04-22 08:00:01.985,2023-04-22 08:00:00,58847.0,17936.57,984.0,2610.0,ascending,/140000h3922.51N/10323.32WO110/026/A=058847 52T752P EOSS BALLOON,"KC0D-1>APZEOS,EOSS,WIDE2-1,qAO,N0RPF-6:/140000h3922.51N/10323.32WO110/026/A=058847 52T752P EOSS BALLOON",110.0,30.0,48.3,39.3751666667,-103.3886666667,38.29,61.62,41.36,5.2,278.35,7520.0,0.07,0.00018262,0.09411721,0.00011667,-4.444e-05,16.4,4.999,low Re,-0.007778,20.359602,0.00297,3.192927,0.082655,-1.240117,-0.130034,17.870994,-0.002367,6.20561,0.000905,0.973193,0.025194,-1.239847,-0.129872,5.447075,
EOSS-340,AE0SS-13,2023-04-22 08:00:12.653,2023-04-22 08:00:11,58994.0,17981.37,998.0,2621.0,ascending,/140011h3922.49N/10323.23WO115/012EOSS Baloon/A=058994!W10!,"AE0SS-13>APTT4,EOSS,qAO,W9CN-9:/140011h3922.49N/10323.23WO115/012EOSS Baloon/A=058994!W10!",115.0,14.0,22.5,39.37485,-103.3871666667,38.37,61.75,,,,,,,,0.00012833,-3.556e-05,16.63333333,5.06966667,low Re,0.007778,20.336742,0.003,3.19641,0.082399,-1.158615,0.057986,17.816165,0.002356,6.198641,0.000914,0.974256,0.025115,-1.158807,0.057416,5.430366,
EOSS-340,KC0D-1,2023-04-22 08:00:32.190,2023-04-22 08:00:30,59326.0,18082.56,958.0,2640.0,ascending,/140030h3922.43N/10323.07WO125/024/A=059326 50T734P EOSS BALLOON,"KC0D-1>APZEOS,EOSS,WIDE2-1,qAO,W9CN-9:/140030h3922.43N/10323.07WO125/024/A=059326 50T734P EOSS BALLOON",125.0,28.0,45.1,39.3738333333,-103.3845,38.53,62.01,41.0,5.0,278.15,7340.0,0.07,0.00017837,0.09193046,0.00013889,-4.444e-05,15.96666667,4.86633333,low Re,-0.022222,20.310095,0.002845,3.204809,0.082168,-1.355285,-0.30507,17.691388,-0.006778,6.190517,0.000867,0.976819,0.025045,-1.355608,-0.305251,5.392336,
EOSS-340,AE0SS-13,2023-04-22 08:00:42.639,2023-04-22 08:00:41,59463.0,18124.32,938.0,2651.0,ascending,/140041h3922.38N/10323.00WO098/019EOSS Baloon/A=059463!W74!,"AE0SS-13>APTT4,EOSS,qAO,W9CN-9:/140041h3922.38N/10323.00WO098/019EOSS Baloon/A=059463!W74!",98.0,22.0,35.4,39.3731166667,-103.3834,38.6,62.13,,,,,,,,0.00012556,-5.778e-05,15.63333333,4.765,low Re,-0.011111,20.281751,0.00276,3.215701,0.081923,-1.445538,-0.169318,17.639609,-0.003378,6.181878,0.000841,0.980139,0.02497,-1.445589,-0.168963,5.376553,
EOSS-340,KC0D-1,2023-04-22 08:01:02.047,2023-04-22 08:01:00,59777.0,18220.03,902.0,2670.0,ascending,/140100h3922.31N/10322.91WO133/014/A=059777 51T718P EOSS BALLOON,"KC0D-1>APZEOS,EOSS,WIDE2-1,qAO,W9CN-9:/140100h3922.31N/10322.91WO133/014/A=059777 51T718P EOSS BALLOON",133.0,16.0,25.7,39.3718333333,-103.3818333333,38.72,62.31,41.18,5.1,278.25,7180.0,0.07,0.00017442,0.08989421,8.889e-05,-6.667e-05,15.03333333,4.58233333,low Re,-0.02,20.250134,0.002622,3.231718,0.081692,-1.61425,-0.276918,17.520564,-0.006089,6.172242,0.000799,0.985019,0.0249,-1.614089,-0.276627,5.340268,
EOSS-340,AE0SS-13,2023-04-22 08:01:12.703,2023-04-22 08:01:11,59909.0,18260.26,892.0,2681.0,ascending,/140111h3922.28N/10322.87WO118/017EOSS Baloon/A=059909!W38!,"AE0SS-13>APTT4,EOSS,qAO,W9CN-9:/140111h3922.28N/10322.87WO118/017EOSS Baloon/A=059909!W38!",118.0,20.0,32.2,39.3713833333,-103.3813,38.76,62.37,,,,,,,,7e-05,-5.778e-05,14.86666667,4.53133333,low Re,-0.005556,20.217898,0.002573,3.248789,0.081447,-1.647146,-0.099807,17.470451,-0.0017,6.162416,0.000784,0.990223,0.024825,-1.647187,-0.10006,5.324995,
EOSS-340,KC0D-1,2023-04-22 08:01:32.041,2023-04-22 08:01:30,60220.0,18355.06,886.0,2700.0,ascending,/140130h3922.23N/10322.81WO137/013/A=060220 49T703P EOSS BALLOON,"KC0D-1>APZEOS,EOSS,WIDE2-1,qAO,N0RPF-6:/140130h3922.23N/10322.81WO137/013/A=060220 49T703P EOSS BALLOON",137.0,15.0,24.1,39.3705,-103.3801666667,38.84,62.5,40.82,4.9,278.05,7030.0,0.07,0.0001709,0.08807951,5.556e-05,-4.444e-05,14.76666667,4.501,low Re,-0.003333,20.18545,0.002537,3.266238,0.081202,-1.659029,-0.072289,17.352486,-0.001011,6.152527,0.000773,0.99554,0.024751,-1.658926,-0.072078,5.289037,
EOSS-340,AE0SS-13,2023-04-22 08:01:42.337,2023-04-22 08:01:41,60332.0,18389.19,846.0,2711.0,ascending,/140141h3922.19N/10322.77WO133/020EOSS Baloon/A=060332!W59!,"AE0SS-13>APTT4,EOSS,qAO,W0ARP-2:/140141h3922.19N/10322.77WO133/020EOSS Baloon/A=060332!W59!",133.0,23.0,37.0,39.3699166667,-103.37965,38.88,62.57,,,,,,,,5.5e-05,-4.889e-05,14.1,4.29766667,low Re,-0.022222,20.149441,0.00239,3.289975,0.080981,-1.83875,-0.303923,17.310108,-0.006778,6.141551,0.000728,1.002776,0.024683,-1.83878,-0.304096,5.276123,
EOSS-340,KC0D-1,2023-04-22 08:02:01.999,2023-04-22 08:02:00,60666.0,18491.0,892.0,2730.0,ascending,/140200h3922.11N/10322.71WO134/017/A=060666 51T688P EOSS BALLOON,"KC0D-1>APZEOS,EOSS,WIDE2-1,qAO,AE0SS-1:/140200h3922.11N/10322.71WO134/017/A=060666 51T688P EOSS BALLOON",134.0,20.0,32.2,39.3685,-103.3785,38.98,62.73,41.18,5.1,278.25,6880.0,0.07,0.00016714,0.08613818,5.556e-05,-6.667e-05,14.86666667,4.53133333,low Re,0.025556,20.118366,0.002527,3.305155,0.08076,-1.588942,0.285154,17.184349,0.007789,6.132079,0.00077,1.007403,0.024616,-1.588982,0.28514,5.23779,
EOSS-340,AE0SS-13,2023-04-22 08:02:12.280,2023-04-22 08:02:11,60861.0,18550.43,1058.0,2741.0,ascending,/140211h3922.08N/10322.67WO079/009EOSS Baloon/A=060861!W26!,"AE0SS-13>APTT4,EOSS,qAO,W0ARP-2:/140211h3922.08N/10322.67WO079/009EOSS Baloon/A=060861!W26!",79.0,10.0,16.1,39.3680333333,-103.3779333333,39.02,62.79,,,,,,,,5.722e-05,-6.278e-05,17.63333333,5.37466667,low Re,0.092222,20.103834,0.003055,3.300895,0.080814,-0.748434,1.103361,17.111533,0.028111,6.12765,0.000931,1.006104,0.024632,-0.748415,1.103443,5.215598,
EOSS-340,KC0D-1,2023-04-22 08:02:31.985,2023-04-22 08:02:30,61305.0,18685.76,1278.0,2760.0,ascending,/140230h3922.06N/10322.62WO121/014/A=061305 49T667P EOSS BALLOON,"KC0D-1>APZEOS,EOSS,WIDE2-1,qAO,AE0SS-1:/140230h3922.06N/10322.62WO121/014/A=061305 49T667P EOSS BALLOON",121.0,16.0,25.7,39.3676666667,-103.377,39.07,62.88,40.82,4.9,278.05,6670.0,0.07,0.00016215,0.08356903,5e-05,-2.778e-05,21.3,6.492,low Re,0.122222,20.110788,0.003752,3.292492,0.081089,0.361189,1.460987,16.948135,0.037244,6.129768,0.001143,1.003543,0.024716,0.360953,1.460633,5.165796,
EOSS-340,AE0SS-13,2023-04-22 08:02:42.226,2023-04-22 08:02:41,61438.0,18726.3,1154.0,2771.0,ascending,/140241h3922.04N/10322.56WO116/019EOSS Baloon/A=061438!W07!,"AE0SS-13>APTT4,EOSS,qAO,W0ARP-2:/140241h3922.04N/10322.56WO116/019EOSS Baloon/A=061438!W07!",116.0,22.0,35.4,39.3673333333,-103.3761166667,39.13,62.97,,,,,,,,6.056e-05,-2.333e-05,19.23333333,5.86233333,low Re,-0.068889,20.105716,0.003329,3.283585,0.081041,-0.26568,-0.891129,16.899995,-0.020989,6.128223,0.001015,1.000828,0.024701,-0.26567,-0.890814,5.151123,
EOSS-340,KC0D-1,2023-04-22 08:03:02.182,2023-04-22 08:03:00,61774.0,18828.72,938.0,2790.0,ascending,/140300h3922.00N/10322.47WO099/018/A=061774 50T652P EOSS BALLOON,"KC0D-1>APZEOS,EOSS,WIDE2-1,qAO,N0RPF-6:/140300h3922.00N/10322.47WO099/018/A=061774 50T652P EOSS BALLOON",99.0,21.0,33.8,39.3666666667,-103.3745,39.22,63.12,41.0,5.0,278.15,6520.0,0.06,0.00015845,0.0816603,8.333e-05,-3.333e-05,15.63333333,4.76533333,low Re,-0.12,20.080013,0.002616,3.29159,0.081348,-1.350921,-1.507302,16.780415,-0.036567,6.12039,0.000797,1.003265,0.024795,-1.350647,-1.506917,5.114673,
EOSS-340,AE0SS-13,2023-04-22 08:03:12.338,2023-04-22 08:03:11,61901.0,18867.42,926.0,2801.0,ascending,/140311h3921.98N/10322.40WO120/018EOSS Baloon/A=061901!W68!,"AE0SS-13>APTT4,EOSS,qAO,W0ARP-1:/140311h3921.98N/10322.40WO120/018EOSS Baloon/A=061901!W68!",120.0,21.0,33.8,39.3664333333,-103.3734666667,39.28,63.22,,,,,,,,8.833e-05,-3e-05,15.43333333,4.704,low Re,-0.006667,20.05346,0.002563,3.30086,0.081115,-1.399674,-0.113789,16.736068,-0.002044,6.112296,0.000781,1.006092,0.024724,-1.399769,-0.114261,5.101159,
EOSS-340,KC0D-1,2023-04-22 08:03:31.987,2023-04-22 08:03:30,62238.0,18970.14,928.0,2820.0,ascending,/140330h3921.94N/10322.29WO114/014/A=062238 49T637P EOSS BALLOON,"KC0D-1>APZEOS,EOSS,WIDE2-1,qAO,AE0SS-1:/140330h3921.94N/10322.29WO114/014/A=062238 49T637P EOSS BALLOON",114.0,16.0,25.7,39.3656666667,-103.3715,39.4,63.4,40.82,4.9,278.05,6370.0,0.06,0.00015486,0.07981031,0.0001,-3.333e-05,15.46666667,4.714,low Re,0.001111,20.027399,0.002555,3.309525,0.080882,-1.378063,-0.017853,16.620974,0.000333,6.104351,0.000779,1.008735,0.024653,-1.378311,-0.018091,5.066078,
EOSS-340,AE0SS-13,2023-04-22 08:03:42.210,2023-04-22 08:03:41,62370.0,19010.38,938.0,2831.0,ascending,/140341h3921.91N/10322.22WO119/023EOSS Baloon/A=062370!W14!,"AE0SS-13>APTT4,EOSS,qAO,W0ARP-2:/140341h3921.91N/10322.22WO119/023EOSS Baloon/A=062370!W14!",119.0,26.0,41.8,39.3651833333,-103.3704,39.47,63.51,,,,,,,,0.00010222,-4.167e-05,15.63333333,4.76533333,low Re,0.005556,20.002574,0.002572,3.316595,0.080651,-1.317387,0.036999,16.577008,0.001711,6.096786,0.000784,1.010888,0.024582,-1.317112,0.037711,5.052675,
EOSS-340,KC0D-1,2023-04-22 08:04:01.961,2023-04-22 08:04:00,62722.0,19117.67,968.0,2850.0,ascending,/140400h3921.87N/10322.11WO131/017/A=062722 50T623P EOSS BALLOON,"KC0D-1>APZEOS,EOSS,WIDE2-1,qAO,N0RPF-6:/140400h3921.87N/10322.11WO131/017/A=062722 50T623P EOSS BALLOON",131.0,20.0,32.2,39.3645,-103.3685,39.58,63.69,41.0,5.0,278.15,6230.0,0.06,0.0001514,0.07802817,0.0001,-3.889e-05,16.13333333,4.91766667,low Re,0.016667,19.980836,0.002652,3.319904,0.080428,-1.15892,0.174255,16.463174,0.005078,6.090162,0.000808,1.011895,0.024515,-1.158712,0.174179,5.01798,
EOSS-340,AE0SS-13,2023-04-22 08:04:12.331,2023-04-22 08:04:11,62865.0,19161.25,990.0,2861.0,ascending,/140411h3921.83N/10322.05WO117/017EOSS Baloon/A=062865!W52!,"AE0SS-13>APTT4,EOSS,qAO,W0ARP-2:/140411h3921.83N/10322.05WO117/017EOSS Baloon/A=062865!W52!",117.0,20.0,32.2,39.3639166667,-103.3675333333,39.64,63.8,,,,,,,,9.556e-05,-4.222e-05,16.5,5.029,low Re,0.012222,19.96139,0.002705,3.320773,0.080204,-1.042345,0.11866,16.418451,0.003711,6.084234,0.000824,1.012161,0.024446,-1.042555,0.118097,5.00435,
EOSS-340,KC0D-1,2023-04-22 08:04:32.006,2023-04-22 08:04:30,63250.0,19278.6,1056.0,2880.0,ascending,/140430h3921.77N/10321.97WO138/020/A=063250 49T606P EOSS BALLOON,"KC0D-1>APZEOS,EOSS,WIDE2-1,qAO,AE0SS-1:/140430h3921.77N/10321.97WO138/020/A=063250 49T606P EOSS BALLOON",138.0,23.0,37.0,39.3628333333,-103.3661666667,39.74,63.95,40.82,4.9,278.05,6060.0,0.06,0.00014732,0.07592629,7.778e-05,-5.556e-05,17.6,5.36433333,low Re,0.036667,19.948272,0.002895,3.316158,0.080019,-0.70813,0.42205,16.302811,0.011178,6.080234,0.000882,1.010755,0.02439,-0.708283,0.42214,4.969103,
EOSS-340,KC0D-1,2023-04-22 08:05:02.001,2023-04-22 08:05:00,63739.0,19427.65,978.0,2910.0,ascending,/140500h3921.65N/10321.85WO146/020/A=063739 50T592P EOSS BALLOON,"KC0D-1>APZEOS,EOSS,WIDE2-1,qAO,W9CN-9:/140500h3921.65N/10321.85WO146/020/A=063739 50T592P EOSS BALLOON",146.0,23.0,37.0,39.3608333333,-103.3641666667,39.89,64.2,41.0,5.0,278.15,5920.0,0.06,0.00014387,0.07414555,6.667e-05,-6.667e-05,16.3,4.96833333,low Re,-0.043333,19.928115,0.002638,3.318034,0.079869,-1.093453,-0.57558,16.166871,-0.0132,6.074091,0.000804,1.011326,0.024344,-1.093374,-0.575255,4.927668,
EOSS-340,AE0SS-13,2023-04-22 08:05:12.542,2023-04-22 08:05:11,63886.0,19472.45,1021.0,2921.0,ascending,/140511h3921.59N/10321.81WO146/015EOSS Baloon/A=063886!W84!,"AE0SS-13>APTT4,EOSS,qAO,W9CN-9:/140511h3921.59N/10321.81WO146/015EOSS Baloon/A=063886!W84!",146.0,17.0,27.4,39.3599666667,-103.3635666667,39.95,64.29,,,,,,,,6.611e-05,-6.583e-05,17.01666667,5.18666667,low Re,0.011944,19.912118,0.00269,3.315885,0.07965,-0.873206,0.116183,16.128583,0.003639,6.069215,0.00082,1.010671,0.024277,-0.87323,0.116118,4.916,
EOSS-340,KC0D-1,2023-04-22 08:05:32.039,2023-04-22 08:05:30,64242.0,19580.96,1006.0,2940.0,ascending,/140530h3921.49N/10321.73WO160/024/A=064242 49T578P EOSS BALLOON,"KC0D-1>APZEOS,EOSS,WIDE2-1,qAO,AE0SS-1:/140530h3921.49N/10321.73WO160/024/A=064242 49T578P EOSS BALLOON",160.0,28.0,45.1,39.3581666667,-103.3621666667,40.07,64.49,40.82,4.9,278.05,5780.0,0.06,0.00014051,0.07241814,6.667e-05,-8.889e-05,16.76666667,5.11033333,low Re,-0.008333,19.89493,0.002629,3.314928,0.079434,-0.94369,-0.138001,16.041099,-0.002544,6.063975,0.000801,1.010381,0.024211,-0.943844,-0.13816,4.889335,
EOSS-340,AE0SS-13,2023-04-22 08:05:42.265,2023-04-22 08:05:41,64470.0,19650.46,1168.0,2951.0,ascending,/140541h3921.41N/10321.72WO192/022EOSS Baloon/A=064470!W84!,"AE0SS-13>APTT4,EOSS,qAO,W0ARP-2:/140541h3921.41N/10321.72WO192/022EOSS Baloon/A=064470!W84!",192.0,25.0,40.2,39.3569666667,-103.3620666667,40.11,64.55,,,,,,,,5e-05,-0.0001,19.46666667,5.93366667,low Re,0.09,19.892603,0.003106,3.306009,0.079478,-0.128837,1.093309,15.989116,0.027444,6.063267,0.000947,1.007662,0.024225,-0.128615,1.093787,4.873489,
EOSS-340,KC0D-1,2023-04-22 08:06:01.979,2023-04-22 08:06:00,64884.0,19776.64,1284.0,2970.0,ascending,/140600h3921.31N/10321.73WO195/023/A=064884 51T560P EOSS BALLOON,"KC0D-1>APZEOS,EOSS,WIDE2-1,qAO,AE0SS-1:/140600h3921.31N/10321.73WO195/023/A=064884 51T560P EOSS BALLOON",195.0,26.0,41.8,39.3551666667,-103.3621666667,40.16,64.63,41.18,5.1,278.25,5600.0,0.06,0.00013604,0.07011248,0.0,-0.0001,21.4,6.52266667,low Re,0.064444,19.900751,0.00344,3.298875,0.07939,0.454473,0.768409,15.903153,0.019633,6.06575,0.001048,1.005487,0.024198,0.454423,0.768039,4.847289,
EOSS-340,AE0SS-13,2023-04-22 08:06:12.260,2023-04-22 08:06:11,65025.0,19819.62,1110.0,2981.0,ascending,/140611h3921.25N/10321.74WO225/022EOSS Baloon/A=065025!W05!,"AE0SS-13>APTT4,EOSS,qAO,W0ARP-2:/140611h3921.25N/10321.74WO225/022EOSS Baloon/A=065025!W05!",225.0,25.0,40.2,39.3541666667,-103.3624166667,40.18,64.66,,,,,,,,-1.167e-05,-9.333e-05,18.5,5.63866667,low Re,-0.096667,19.89322,0.002899,3.29155,0.079515,-0.423272,-1.252166,15.876425,-0.029467,6.063454,0.000883,1.003255,0.024236,-0.423409,-1.252269,4.839142,
EOSS-340,KC0D-1,2023-04-22 08:06:32.045,2023-04-22 08:06:30,65335.0,19914.11,902.0,3000.0,ascending,/140630h3921.17N/10321.78WO205/016/A=065335 50T547P EOSS BALLOON,"KC0D-1>APZEOS,EOSS,WIDE2-1,qAO,AE0SS-1:/140630h3921.17N/10321.78WO205/016/A=065335 50T547P EOSS BALLOON",205.0,18.0,29.0,39.3528333333,-103.363,40.19,64.68,41.0,5.0,278.15,5470.0,0.05,0.00013293,0.06850949,-2.778e-05,-7.778e-05,15.03333333,4.58233333,low Re,-0.115556,19.867231,0.002262,3.301872,0.079774,-1.463987,-1.476897,15.822323,-0.035211,6.055534,0.000689,1.0064,0.024315,-1.463832,-1.476455,4.822651,
EOSS-340,AE0SS-13,2023-04-22 08:06:42.218,2023-04-22 08:06:41,65454.0,19950.38,858.0,3011.0,ascending,/140641h3921.13N/10321.82WO232/008EOSS Baloon/A=065454!W50!,"AE0SS-13>APTT4,EOSS,qAO,W0ARP-2:/140641h3921.13N/10321.82WO232/008EOSS Baloon/A=065454!W50!",232.0,9.0,14.5,39.35225,-103.3636666667,40.18,64.66,,,,,,,,-4.167e-05,-6.389e-05,14.3,4.35866667,low Re,-0.024444,19.837618,0.002119,3.317969,0.079583,-1.668978,-0.333777,15.803276,-0.007456,6.046508,0.000646,1.011306,0.024257,-1.668972,-0.334007,4.816846,
EOSS-340,KC0D-1,2023-04-22 08:07:01.991,2023-04-22 08:07:00,65773.0,20047.61,876.0,3030.0,ascending,/140700h3921.09N/10321.85WO201/009/A=065773 52T536P EOSS BALLOON,"KC0D-1>APZEOS,EOSS,WIDE2-1,qAO,N0RPF-6:/140700h3921.09N/10321.85WO201/009/A=065773 52T536P EOSS BALLOON",201.0,10.0,16.1,39.3515,-103.3641666667,40.18,64.66,41.36,5.2,278.35,5360.0,0.05,0.00013016,0.06708355,-3.889e-05,-4.444e-05,14.6,4.45,low Re,0.01,19.809906,0.002161,3.330992,0.079372,-1.56407,0.098763,15.756985,0.003044,6.038061,0.000659,1.015276,0.024193,-1.564167,0.098582,4.802737,
EOSS-340,AE0SS-13,2023-04-22 08:07:12.179,2023-04-22 08:07:11,65874.0,20078.4,840.0,3041.0,ascending,/140711h3921.06N/10321.86WO164/004EOSS Baloon/A=065874!W31!,"AE0SS-13>APTT4,EOSS,qAO,W0ARP-2:/140711h3921.06N/10321.86WO164/004EOSS Baloon/A=065874!W31!",164.0,5.0,8.0,39.35105,-103.36435,40.18,64.67,,,,,,,,-2.278e-05,-4e-05,14.0,4.26733333,low Re,-0.02,19.779327,0.002044,3.348799,0.079177,-1.725791,-0.278414,15.743782,-0.006089,6.028741,0.000623,1.020703,0.024133,-1.725681,-0.278125,4.798712,
EOSS-340,KC0D-1,2023-04-22 08:07:31.942,2023-04-22 08:07:30,66192.0,20175.32,838.0,3060.0,ascending,/140730h3921.01N/10321.88WO215/012/A=066192 51T525P EOSS BALLOON,"KC0D-1>APZEOS,EOSS,WIDE2-1,qAO,N0RPF-6:/140730h3921.01N/10321.88WO215/012/A=066192 51T525P EOSS BALLOON",215.0,14.0,22.5,39.3501666667,-103.3646666667,40.19,64.68,41.18,5.1,278.25,5250.0,0.05,0.00012754,0.06573045,-1.667e-05,-4.444e-05,13.96666667,4.257,low Re,-0.001111,19.748895,0.002027,3.366352,0.078968,-1.717654,-0.039738,15.706791,-0.000344,6.019465,0.000618,1.026054,0.024069,-1.717712,-0.039968,4.787438,
EOSS-340,AE0SS-13,2023-04-22 08:07:42.346,2023-04-22 08:07:41,66288.0,20204.58,828.0,3071.0,ascending,/140741h3920.96N/10321.91WO206/021EOSS Baloon/A=066288!W82!,"AE0SS-13>APTT4,EOSS,qAO,W0ARP-2:/140741h3920.96N/10321.91WO206/021EOSS Baloon/A=066288!W82!",206.0,24.0,38.6,39.3494666667,-103.3652,40.19,64.68,,,,,,,,-2.833e-05,-5.278e-05,13.8,4.206,low Re,-0.005556,19.717911,0.001987,3.384866,0.078762,-1.748344,-0.09577,15.696988,-0.0017,6.01002,0.000606,1.031699,0.024007,-1.748591,-0.096055,4.78445,
EOSS-340,KC0D-1,2023-04-22 08:08:01.932,2023-04-22 08:08:00,66605.0,20301.2,826.0,3090.0,ascending,/140800h3920.92N/10321.98WO234/014/A=066605 53T514P EOSS BALLOON,"KC0D-1>APZEOS,EOSS,WIDE2-1,qAO,AE0SS-1:/140800h3920.92N/10321.98WO234/014/A=066605 53T514P EOSS BALLOON",234.0,16.0,25.7,39.3486666667,-103.3663333333,40.16,64.63,41.54,5.3,278.45,5140.0,0.05,0.00012478,0.06430701,-5.556e-05,-5e-05,13.76666667,4.196,low Re,-0.001111,19.687075,0.001971,3.403109,0.078555,-1.739706,-0.039234,15.669086,-0.000333,6.000621,0.000601,1.03726,0.023944,-1.739796,-0.039008,4.775945,
EOSS-340,AE0SS-13,2023-04-22 08:08:12.249,2023-04-22 08:08:11,66718.0,20335.65,860.0,3101.0,ascending,/140811h3920.88N/10322.03WO238/022EOSS Baloon/A=066718!W71!,"AE0SS-13>APTT4,EOSS,qAO,W0ARP-2:/140811h3920.88N/10322.03WO238/022EOSS Baloon/A=066718!W71!",238.0,25.0,40.2,39.3481166667,-103.3671833333,40.14,64.59,,,,,,,,-6.611e-05,-4.5e-05,14.33333333,4.369,low Re,0.018889,19.659479,0.002059,3.415976,0.07836,-1.559187,0.214778,15.660787,0.005767,5.99221,0.000628,1.04118,0.023884,-1.55901,0.215165,4.773415,
EOSS-340,KC0D-1,2023-04-22 08:08:31.888,2023-04-22 08:08:30,67030.0,20430.74,850.0,3120.0,ascending,/140830h3920.84N/10322.13WO240/015/A=067030 51T504P EOSS BALLOON,"KC0D-1>APZEOS,EOSS,WIDE2-1,qAO,N0RPF-6:/140830h3920.84N/10322.13WO240/015/A=067030 51T504P EOSS BALLOON",240.0,17.0,27.4,39.3473333333,-103.3688333333,40.08,64.51,41.18,5.1,278.25,5040.0,0.05,0.00012244,0.06310123,-8.333e-05,-4.444e-05,14.16666667,4.318,low Re,-0.005556,19.631311,0.00202,3.429791,0.078159,-1.593288,-0.096931,15.642304,-0.0017,5.983625,0.000616,1.045391,0.023823,-1.593303,-0.097217,4.767782,
EOSS-340,KC0D-1,2023-04-22 08:09:01.965,2023-04-22 08:09:00,67496.0,20572.78,932.0,3150.0,ascending,/140900h3920.78N/10322.28WO240/015/A=067496 54T492P EOSS BALLOON,"KC0D-1>APZEOS,EOSS,WIDE2-1,qAO,AE0SS-1:/140900h3920.78N/10322.28WO240/015/A=067496 54T492P EOSS BALLOON",240.0,17.0,27.4,39.3463333333,-103.3713333333,39.99,64.36,41.72,5.4,278.55,4920.0,0.05,0.00011939,0.06153248,-8.333e-05,-3.333e-05,15.53333333,4.73466667,low Re,0.045556,19.610402,0.002243,3.433485,0.078019,-1.187443,0.55516,15.626512,0.013889,5.977253,0.000684,1.046517,0.02378,-1.187354,0.555299,4.762968,
EOSS-340,AE0SS-13,2023-04-22 08:09:12.531,2023-04-22 08:09:11,67653.0,20620.63,935.0,3161.0,ascending,/140911h3920.77N/10322.32WO281/012EOSS Baloon/A=067653!W55!,"AE0SS-13>APTT4,EOSS,qAO,W9CN-9:/140911h3920.77N/10322.32WO281/012EOSS Baloon/A=067653!W55!",281.0,14.0,22.5,39.34625,-103.3720833333,39.96,64.31,,,,,,,,-8.167e-05,-3.111e-05,15.58333333,4.74966667,low Re,0.000833,19.589961,0.002236,3.436713,0.077819,-1.165831,-0.018029,15.624273,0.00025,5.971021,0.000681,1.047501,0.023719,-1.16597,-0.018171,4.762285,
EOSS-340,KC0D-1,2023-04-22 08:09:31.958,2023-04-22 08:09:30,67982.0,20720.91,972.0,3180.0,ascending,/140930h3920.78N/10322.41WO273/011/A=067982 53T480P EOSS BALLOON,"KC0D-1>APZEOS,EOSS,WIDE2-1,qAO,W9CN-9:/140930h3920.78N/10322.41WO273/011/A=067982 53T480P EOSS BALLOON",273.0,13.0,20.9,39.3463333333,-103.3735,39.89,64.2,41.54,5.3,278.45,4800.0,0.05,0.00011652,0.06005324,-7.222e-05,0.0,16.2,4.93766667,low Re,0.020556,19.57284,0.002329,3.436434,0.077631,-0.981494,0.23479,15.624396,0.006267,5.965802,0.00071,1.047417,0.023662,-0.981591,0.234849,4.762322,
EOSS-340,AE0SS-13,2023-04-22 08:09:42.177,2023-04-22 08:09:41,68122.0,20763.59,938.0,3191.0,ascending,/140941h3920.78N/10322.45WO234/011EOSS Baloon/A=068122!W02!,"AE0SS-13>APTT4,EOSS,qAO,W0ARP-2:/140941h3920.78N/10322.45WO234/011EOSS Baloon/A=068122!W02!",234.0,13.0,20.9,39.3463333333,-103.3742,39.86,64.15,,,,,,,,-7.056e-05,2.78e-06,15.63333333,4.76533333,low Re,-0.018889,19.553043,0.002222,3.439103,0.077449,-1.139748,-0.272579,15.626357,-0.005744,5.95977,0.000677,1.048229,0.023606,-1.139481,-0.272007,4.76292,
EOSS-340,KC0D-1,2023-04-22 08:10:01.995,2023-04-22 08:10:00,68458.0,20866.0,952.0,3210.0,ascending,/141000h3920.77N/10322.51WO223/008/A=068458 55T470P EOSS BALLOON,"KC0D-1>APZEOS,EOSS,WIDE2-1,qAO,W9CN-9:/141000h3920.77N/10322.51WO223/008/A=068458 55T470P EOSS BALLOON",223.0,9.0,14.5,39.3461666667,-103.3751666667,39.82,64.08,41.9,5.5,278.65,4700.0,0.05,0.00011401,0.05875993,-5.556e-05,-5.56e-06,15.86666667,4.83633333,low Re,0.007778,19.534611,0.002249,3.44034,0.077254,-1.066158,0.071569,15.635468,0.002367,5.954153,0.000686,1.048605,0.023547,-1.066006,0.071389,4.765696,
EOSS-340,AE0SS-13,2023-04-22 08:10:12.226,2023-04-22 08:10:11,68598.0,20908.67,952.0,3221.0,ascending,/141011h3920.76N/10322.52WO245/009EOSS Baloon/A=068598!W35!,"AE0SS-13>APTT4,EOSS,qAO,W0ARP-2:/141011h3920.76N/10322.52WO245/009EOSS Baloon/A=068598!W35!",245.0,10.0,16.1,39.34605,-103.3754166667,39.81,64.07,,,,,,,,-4.056e-05,-9.44e-06,15.86666667,4.836,low Re,0.0,19.516363,0.002238,3.441467,0.07706,-1.060506,-0.029042,15.641014,-1.1e-05,5.94859,0.000682,1.048949,0.023488,-1.060671,-0.029504,4.767386,
EOSS-340,KC0D-1,2023-04-22 08:10:31.965,2023-04-22 08:10:30,68926.0,21008.64,936.0,3240.0,ascending,/141030h3920.75N/10322.56WO313/005/A=068926 54T459P EOSS BALLOON,"KC0D-1>APZEOS,EOSS,WIDE2-1,qAO,AE0SS-1:/141030h3920.75N/10322.56WO313/005/A=068926 54T459P EOSS BALLOON",313.0,6.0,9.7,39.3458333333,-103.376,39.79,64.03,41.72,5.4,278.55,4590.0,0.05,0.00011138,0.0574053,-2.778e-05,-1.111e-05,15.6,4.75466667,low Re,-0.008889,19.496975,0.002183,3.443937,0.076871,-1.131547,-0.144034,15.657758,-0.002711,5.942679,0.000665,1.049703,0.02343,-1.13176,-0.144089,4.772489,
EOSS-340,AE0SS-13,2023-04-22 08:10:42.314,2023-04-22 08:10:41,69051.0,21046.74,906.0,3251.0,ascending,/141041h3920.75N/10322.57WO226/007EOSS Baloon/A=069051!W52!,"AE0SS-13>APTT4,EOSS,qAO,W0ARP-1:/141041h3920.75N/10322.57WO226/007EOSS Baloon/A=069051!W52!",226.0,8.0,12.9,39.3459166667,-103.3762,39.78,64.01,,,,,,,,-2.611e-05,-4.44e-06,15.1,4.60233333,low Re,-0.016667,19.475315,0.00209,3.449235,0.076691,-1.268489,-0.244579,15.665441,-0.005078,5.936076,0.000637,1.051319,0.023375,-1.268637,-0.244492,4.77483,
EOSS-340,KC0D-1,2023-04-22 08:11:02.059,2023-04-22 08:11:00,69383.0,21147.94,914.0,3270.0,ascending,/141100h3920.74N/10322.59WO181/001/A=069383 57T449P EOSS BALLOON,"KC0D-1>APZEOS,EOSS,WIDE2-1,qAO,W9CN-9:/141100h3920.74N/10322.59WO181/001/A=069383 57T449P EOSS BALLOON",181.0,1.0,1.6,39.3456666667,-103.3765,39.77,64.0,42.26,5.7,278.85,4490.0,0.04,0.00010884,0.05609422,-1.667e-05,-5.56e-06,15.23333333,4.64333333,low Re,0.004444,19.454521,0.002101,3.453523,0.076501,-1.222285,0.030627,15.689024,0.001367,5.929739,0.00064,1.052625,0.023317,-1.222093,0.031179,4.782018,
EOSS-340,KC0D-1,2023-04-22 08:11:32.021,2023-04-22 08:11:30,69842.0,21287.84,918.0,3300.0,ascending,/141130h3920.73N/10322.60WO210/003/A=069842 56T439P EOSS BALLOON,"KC0D-1>APZEOS,EOSS,WIDE2-1,qAO,AE0SS-1:/141130h3920.73N/10322.60WO210/003/A=069842 56T439P EOSS BALLOON",210.0,3.0,4.8,39.3455,-103.3766666667,39.77,64.0,42.08,5.6,278.75,4390.0,0.04,0.00010645,0.05486458,-5.56e-06,-5.56e-06,15.3,4.66333333,low Re,0.002222,19.434255,0.002102,3.457247,0.076312,-1.195823,0.001572,15.728302,0.000667,5.923562,0.000641,1.053761,0.02326,-1.195934,0.001118,4.793989,
EOSS-340,AE0SS-13,2023-04-22 08:11:42.244,2023-04-22 08:11:41,69969.0,21326.55,918.0,3311.0,ascending,/141141h3920.73N/10322.59WO051/005EOSS Baloon/A=069969!W47!,"AE0SS-13>APTT4,EOSS,qAO,W0ARP-2:/141141h3920.73N/10322.59WO051/005EOSS Baloon/A=069969!W47!",51.0,6.0,9.7,39.3455666667,-103.3766166667,39.77,64.0,,,,,,,,-6.94e-06,-5.83e-06,15.3,4.6635,low Re,0.0,19.414186,0.002092,3.460812,0.076125,-1.188792,-0.027481,15.740336,3e-06,5.917445,0.000637,1.054847,0.023203,-1.188746,-0.027324,4.797657,
EOSS-340,KC0D-1,2023-04-22 08:12:02.003,2023-04-22 08:12:00,70302.0,21428.05,920.0,3330.0,ascending,/141200h3920.75N/10322.58WO010/006/A=070302 59T430P EOSS BALLOON,"KC0D-1>APZEOS,EOSS,WIDE2-1,qAO,W9CN-9:/141200h3920.75N/10322.58WO010/006/A=070302 59T430P EOSS BALLOON",10.0,7.0,11.3,39.3458333333,-103.3763333333,39.77,64.01,42.62,5.9,279.05,4300.0,0.04,0.00010416,0.05368202,1.111e-05,1.111e-05,15.33333333,4.67366667,low Re,0.001111,19.394471,0.002087,3.464034,0.075939,-1.172372,-0.012852,15.773854,0.000339,5.911436,0.000636,1.055829,0.023146,-1.17232,-0.012832,4.807872,
EOSS-340,AE0SS-13,2023-04-22 08:12:12.240,2023-04-22 08:12:11,70435.0,21468.59,932.0,3341.0,ascending,/141211h3920.76N/10322.56WO007/007EOSS Baloon/A=070435!W07!,"AE0SS-13>APTT4,EOSS,qAO,W0ARP-2:/141211h3920.76N/10322.56WO007/007EOSS Baloon/A=070435!W07!",7.0,8.0,12.9,39.346,-103.3761166667,39.78,64.02,,,,,,,,1.667e-05,1.444e-05,15.53333333,4.73466667,low Re,0.006667,19.375908,0.002109,3.466011,0.075755,-1.108645,0.060168,15.787918,0.002033,5.905779,0.000643,1.056431,0.02309,-1.108555,0.060199,4.812159,
EOSS-340,KC0D-1,2023-04-22 08:12:31.966,2023-04-22 08:12:30,70777.0,21572.83,950.0,3360.0,ascending,/141230h3920.78N/10322.55WO322/002/A=070777 58T419P EOSS BALLOON,"KC0D-1>APZEOS,EOSS,WIDE2-1,qAO,W9CN-9:/141230h3920.78N/10322.55WO322/002/A=070777 58T419P EOSS BALLOON",322.0,2.0,3.2,39.3463333333,-103.3758333333,39.78,64.02,42.44,5.8,278.95,4190.0,0.04,0.00010153,0.05232751,1.667e-05,1.667e-05,15.83333333,4.826,low Re,0.01,19.358958,0.002147,3.466342,0.075574,-1.017102,0.103911,15.825422,0.003044,5.900612,0.000654,1.056532,0.023035,-1.017113,0.103755,4.823589,
EOSS-340,AE0SS-13,2023-04-22 08:12:42.632,2023-04-22 08:12:41,70921.0,21616.72,972.0,3371.0,ascending,/141241h3920.76N/10322.55WO200/008EOSS Baloon/A=070921!W06!,"AE0SS-13>APTT4,EOSS,qAO,W9CN-9:/141241h3920.76N/10322.55WO200/008EOSS Baloon/A=070921!W06!",200.0,9.0,14.5,39.346,-103.3759333333,39.79,64.03,,,,,,,,6.11e-06,0.0,16.2,4.93766667,low Re,0.012222,19.343915,0.002195,3.464903,0.075396,-0.90736,0.132991,15.841646,0.003722,5.896027,0.000669,1.056094,0.022981,-0.907457,0.132849,4.828534,
EOSS-340,KC0D-1,2023-04-22 08:13:01.981,2023-04-22 08:13:00,71263.0,21720.96,972.0,3390.0,ascending,/141300h3920.74N/10322.57WO195/003/A=071263 61T410P EOSS BALLOON,"KC0D-1>APZEOS,EOSS,WIDE2-1,qAO,W9CN-9:/141300h3920.74N/10322.57WO195/003/A=071263 61T410P EOSS BALLOON",195.0,3.0,4.8,39.3456666667,-103.3761666667,39.79,64.03,42.98,6.1,279.25,4100.0,0.04,9.924e-05,0.05114853,-1.111e-05,-2.222e-05,16.2,4.93766667,low Re,0.0,19.329015,0.002185,3.463413,0.075215,-0.903448,-0.02905,15.880735,0.0,5.891485,0.000666,1.05564,0.022926,-0.903545,-0.02905,4.840448,
EOSS-340,AE0SS-13,2023-04-22 08:13:12.231,2023-04-22 08:13:11,71420.0,21768.82,998.0,3401.0,ascending,/141311h3920.73N/10322.55WO132/008EOSS Baloon/A=071420!W59!,"AE0SS-13>APTT4,EOSS,qAO,W0ARP-2:/141311h3920.73N/10322.55WO132/008EOSS Baloon/A=071420!W59!",132.0,9.0,14.5,39.3455833333,-103.3759833333,39.8,64.05,,,,,,,,-1.67e-06,-1.389e-05,16.63333333,5.07,low Re,0.014444,19.3163,0.002243,3.460153,0.075041,-0.77539,0.162591,15.89877,0.004411,5.88761,0.000684,1.054646,0.022872,-0.775246,0.16295,4.845945,
EOSS-340,KC0D-1,2023-04-22 08:13:32.020,2023-04-22 08:13:30,71774.0,21876.72,1022.0,3420.0,ascending,/141330h3920.73N/10322.52WO104/010/A=071774 60T399P EOSS BALLOON,"KC0D-1>APZEOS,EOSS,WIDE2-1,qAO,W9CN-9:/141330h3920.73N/10322.52WO104/010/A=071774 60T399P EOSS BALLOON",104.0,12.0,19.3,39.3455,-103.3753333333,39.83,64.1,42.8,6.0,279.15,3990.0,0.04,9.662e-05,0.04979408,2.778e-05,-5.56e-06,17.03333333,5.192,low Re,0.013333,19.305582,0.002295,3.455525,0.074866,-0.65757,0.147437,15.939115,0.004067,5.884344,0.000699,1.053234,0.022819,-0.657351,0.147596,4.858241,
EOSS-340,AE0SS-13,2023-04-22 08:13:42.221,2023-04-22 08:13:41,71918.0,21920.61,996.0,3431.0,ascending,/141341h3920.71N/10322.47WO127/014EOSS Baloon/A=071918!W57!,"AE0SS-13>APTT4,EOSS,qAO,W0ARP-2:/141341h3920.71N/10322.47WO127/014EOSS Baloon/A=071918!W57!",127.0,16.0,25.7,39.34525,-103.3746166667,39.87,64.17,,,,,,,,4.556e-05,-1.111e-05,16.6,5.05966667,low Re,-0.014444,19.292939,0.002216,3.452361,0.074698,-0.780028,-0.223031,15.955239,-0.004411,5.880491,0.000675,1.05227,0.022768,-0.780051,-0.223384,4.863156,
EOSS-340,KC0D-1,2023-04-22 08:14:01.999,2023-04-22 08:14:00,72269.0,22027.59,990.0,3450.0,ascending,/141400h3920.68N/10322.41WO133/013/A=072269 63T390P EOSS BALLOON,"KC0D-1>APZEOS,EOSS,WIDE2-1,qAO,W9CN-9:/141400h3920.68N/10322.41WO133/013/A=072269 63T390P EOSS BALLOON",133.0,15.0,24.1,39.3446666667,-103.3735,39.94,64.28,43.34,6.3,279.45,3900.0,0.04,9.434e-05,0.04861866,6.111e-05,-2.778e-05,16.5,5.029,low Re,-0.003333,19.279948,0.00219,3.449549,0.074524,-0.805887,-0.07411,15.993347,-0.001022,5.87653,0.000668,1.051414,0.022715,-0.806086,-0.0744,4.87477,
EOSS-340,AE0SS-13,2023-04-22 08:14:12.253,2023-04-22 08:14:11,72414.0,22071.79,992.0,3461.0,ascending,/141411h3920.64N/10322.36WO146/020EOSS Baloon/A=072414!W52!,"AE0SS-13>APTT4,EOSS,qAO,W0ARP-2:/141411h3920.64N/10322.36WO146/020EOSS Baloon/A=072414!W52!",146.0,23.0,37.0,39.3440833333,-103.3727,40.0,64.37,,,,,,,,6.389e-05,-3.889e-05,16.53333333,5.03933333,low Re,0.001111,19.267233,0.002185,3.446587,0.07435,-0.793219,-0.014445,16.008443,0.000344,5.872654,0.000666,1.050511,0.022662,-0.793253,-0.014209,4.879371,
EOSS-340,KC0D-1,2023-04-22 08:14:31.995,2023-04-22 08:14:30,72755.0,22175.72,972.0,3480.0,ascending,/141430h3920.57N/10322.30WO160/016/A=072755 62T381P EOSS BALLOON,"KC0D-1>APZEOS,EOSS,WIDE2-1,qAO,W9CN-9:/141430h3920.57N/10322.30WO160/016/A=072755 62T381P EOSS BALLOON",160.0,18.0,29.0,39.3428333333,-103.3716666667,40.09,64.52,43.16,6.2,279.35,3810.0,0.04,9.219e-05,0.04751369,6.111e-05,-6.111e-05,16.2,4.93766667,low Re,-0.011111,19.253098,0.002124,3.444898,0.074182,-0.886267,-0.178413,16.04201,-0.003389,5.868346,0.000647,1.049997,0.022611,-0.886364,-0.178497,4.889601,
EOSS-340,AE0SS-13,2023-04-22 08:14:42.637,2023-04-22 08:14:41,72916.0,22224.8,1004.0,3491.0,ascending,/141441h3920.53N/10322.26WO146/021EOSS Baloon/A=072916!W14!,"AE0SS-13>APTT4,EOSS,qAO,W9CN-9:/141441h3920.53N/10322.26WO146/021EOSS Baloon/A=072916!W14!",146.0,24.0,38.6,39.3421833333,-103.3710666667,40.14,64.6,,,,,,,,5.444e-05,-6.333e-05,16.73333333,5.10033333,low Re,0.017778,19.241539,0.002196,3.441186,0.074018,-0.728878,0.210516,16.056751,0.005422,5.864823,0.000669,1.048865,0.022561,-0.728873,0.210673,4.894095,
EOSS-340,KC0D-1,2023-04-22 08:15:02.080,2023-04-22 08:15:00,73252.0,22327.21,994.0,3510.0,ascending,/141500h3920.46N/10322.25WO187/012/A=073252 65T372P EOSS BALLOON,"KC0D-1>APZEOS,EOSS,WIDE2-1,qAO,W9CN-9:/141500h3920.46N/10322.25WO187/012/A=073252 65T372P EOSS BALLOON",187.0,14.0,22.5,39.341,-103.3708333333,40.19,64.67,43.7,6.5,279.65,3720.0,0.04,8.992e-05,0.04634155,2.778e-05,-6.111e-05,16.56666667,5.04966667,low Re,-0.005556,19.229325,0.00216,3.438039,0.073849,-0.77447,-0.104483,16.084815,-0.001689,5.8611,0.000658,1.047906,0.022509,-0.774338,-0.104269,4.902648,
EOSS-340,AE0SS-13,2023-04-22 08:15:12.326,2023-04-22 08:15:11,73408.0,22374.76,984.0,3521.0,ascending,/141511h3920.43N/10322.23WO168/007EOSS Baloon/A=073408!W08!,"AE0SS-13>APTT4,EOSS,qAO,W0ARP-2:/141511h3920.43N/10322.23WO168/007EOSS Baloon/A=073408!W08!",168.0,8.0,12.9,39.3405,-103.3706333333,40.21,64.71,,,,,,,,1.444e-05,-5.611e-05,16.4,4.99866667,low Re,-0.005556,19.216465,0.002125,3.43548,0.073681,-0.819817,-0.104247,16.096462,-0.0017,5.85718,0.000648,1.047126,0.022458,-0.819876,-0.104551,4.906198,
EOSS-340,KC0D-1,2023-04-22 08:15:31.969,2023-04-22 08:15:30,73746.0,22477.78,988.0,3540.0,ascending,/141530h3920.38N/10322.26WO206/009/A=073746 64T363P EOSS BALLOON,"KC0D-1>APZEOS,EOSS,WIDE2-1,qAO,W9CN-9:/141530h3920.38N/10322.26WO206/009/A=073746 64T363P EOSS BALLOON",206.0,10.0,16.1,39.3396666667,-103.371,40.22,64.73,43.52,6.4,279.55,3630.0,0.04,8.777e-05,0.04523656,-5.56e-06,-4.444e-05,16.46666667,5.019,low Re,0.002222,19.204022,0.002126,3.432651,0.073513,-0.797446,0.001306,16.118326,0.000678,5.853388,0.000648,1.046264,0.022407,-0.797493,0.001339,4.912861,
EOSS-340,AE0SS-13,2023-04-22 08:15:42.172,2023-04-22 08:15:41,73897.0,22523.81,978.0,3551.0,ascending,/141541h3920.35N/10322.26WO192/008EOSS Baloon/A=073897!W49!,"AE0SS-13>APTT4,EOSS,qAO,W0ARP-2:/141541h3920.35N/10322.26WO192/008EOSS Baloon/A=073897!W49!",192.0,9.0,14.5,39.3392333333,-103.37115,40.23,64.74,,,,,,,,-1.722e-05,-4.222e-05,16.3,4.96833333,low Re,-0.005556,19.190941,0.002091,3.430417,0.073347,-0.842737,-0.104258,16.126486,-0.001689,5.849401,0.000637,1.045583,0.022356,-0.842657,-0.104044,4.915349,
EOSS-340,KC0D-1,2023-04-22 08:16:01.977,2023-04-22 08:16:00,74260.0,22634.45,1028.0,3570.0,ascending,/141600h3920.29N/10322.27WO164/013/A=074260 67T354P EOSS BALLOON,"KC0D-1>APZEOS,EOSS,WIDE2-1,qAO,AE0SS-1:/141600h3920.29N/10322.27WO164/013/A=074260 67T354P EOSS BALLOON",164.0,15.0,24.1,39.3381666667,-103.3711666667,40.26,64.79,44.06,6.7,279.85,3540.0,0.03,8.551e-05,0.0440677,-5.56e-06,-5e-05,17.13333333,5.22233333,low Re,0.027778,19.181714,0.002207,3.425455,0.073201,-0.597988,0.349326,16.141694,0.008467,5.846589,0.000673,1.04407,0.022312,-0.597906,0.349319,4.919984,
EOSS-340,AE0SS-13,2023-04-22 08:16:12.334,2023-04-22 08:16:11,74406.0,22678.95,1018.0,3581.0,ascending,/141611h3920.25N/10322.26WO174/013EOSS Baloon/A=074406!W14!,"AE0SS-13>APTT4,EOSS,qAO,W0ARP-2:/141611h3920.25N/10322.26WO174/013EOSS Baloon/A=074406!W14!",174.0,15.0,24.1,39.3375166667,-103.3710666667,40.29,64.84,,,,,,,,2.78e-06,-5.722e-05,16.96666667,5.17133333,low Re,-0.005556,19.171825,0.002172,3.420969,0.073038,-0.644601,-0.105808,16.145959,-0.0017,5.843574,0.000662,1.042703,0.022262,-0.64471,-0.1061,4.921284,
EOSS-340,KC0D-1,2023-04-22 08:16:32.055,2023-04-22 08:16:30,74754.0,22785.02,988.0,3600.0,ascending,/141630h3920.18N/10322.28WO183/016/A=074754 67T345P EOSS BALLOON,"KC0D-1>APZEOS,EOSS,WIDE2-1,qAO,W9CN-9:/141630h3920.18N/10322.28WO183/016/A=074754 67T345P EOSS BALLOON",183.0,18.0,29.0,39.3363333333,-103.3713333333,40.31,64.88,44.06,6.7,279.85,3450.0,0.03,8.333e-05,0.04294734,-5.56e-06,-6.111e-05,16.46666667,5.019,low Re,-0.016667,19.159802,0.002088,3.418085,0.072885,-0.787908,-0.257323,16.151593,-0.005078,5.83991,0.000636,1.041824,0.022215,-0.787955,-0.257214,4.923001,
EOSS-340,AE0SS-13,2023-04-22 08:16:42.565,2023-04-22 08:16:41,74901.0,22829.82,990.0,3611.0,ascending,/141641h3920.13N/10322.28WO213/019EOSS Baloon/A=074901!W09!,"AE0SS-13>APTT4,EOSS,qAO,W9CN-9:/141641h3920.13N/10322.28WO213/019EOSS Baloon/A=074901!W09!",213.0,22.0,35.4,39.3355,-103.3714833333,40.33,64.91,,,,,,,,-1.389e-05,-6.722e-05,16.5,5.029,low Re,0.001111,19.148033,0.002083,3.415067,0.072722,-0.775397,-0.013366,16.15199,0.000333,5.836322,0.000635,1.040905,0.022166,-0.775596,-0.013624,4.923122,
EOSS-340,KC0D-1,2023-04-22 08:17:02.181,2023-04-22 08:17:00,75245.0,22934.68,982.0,3630.0,ascending,/141700h3920.04N/10322.31WO183/017/A=075245 69T337P EOSS BALLOON,"KC0D-1>APZEOS,EOSS,WIDE2-1,qAO,AE0SS-1:/141700h3920.04N/10322.31WO183/017/A=075245 69T337P EOSS BALLOON",183.0,20.0,32.2,39.334,-103.3718333333,40.36,64.96,44.42,6.9,280.05,3370.0,0.03,8.134e-05,0.0419215,-1.667e-05,-7.778e-05,16.36666667,4.98866667,low Re,-0.004444,19.135781,0.002054,3.4125,0.072562,-0.811462,-0.089551,16.148162,-0.001344,5.832587,0.000626,1.040122,0.022117,-0.811367,-0.089072,4.921955,
EOSS-340,AE0SS-13,2023-04-22 08:17:12.257,2023-04-22 08:17:11,75390.0,22978.87,978.0,3641.0,ascending,/141711h3919.98N/10322.33WO196/019EOSS Baloon/A=075390!W46!,"AE0SS-13>APTT4,EOSS,qAO,W0ARP-2:/141711h3919.98N/10322.33WO196/019EOSS Baloon/A=075390!W46!",196.0,22.0,35.4,39.3330666667,-103.3722666667,40.37,64.98,,,,,,,,-2.611e-05,-8.111e-05,16.3,4.96833333,low Re,-0.002222,19.123343,0.002036,3.410151,0.072402,-0.827923,-0.058811,16.144516,-0.000678,5.828797,0.00062,1.039406,0.022068,-0.827842,-0.058818,4.920844,
EOSS-340,KC0D-1,2023-04-22 08:17:31.956,2023-04-22 08:17:30,75721.0,23079.76,952.0,3660.0,ascending,/141730h3919.91N/10322.36WO201/014/A=075721 69T329P EOSS BALLOON,"KC0D-1>APZEOS,EOSS,WIDE2-1,qAO,AE0SS-1:/141730h3919.91N/10322.36WO201/014/A=075721 69T329P EOSS BALLOON",201.0,16.0,25.7,39.3318333333,-103.3726666667,40.4,65.01,44.42,6.9,280.05,3290.0,0.03,7.941e-05,0.04092633,-2.778e-05,-7.222e-05,15.86666667,4.836,low Re,-0.014444,19.109122,0.001963,3.409463,0.07225,-0.951016,-0.227087,16.13162,-0.004411,5.824461,0.000598,1.039197,0.022022,-0.951178,-0.227454,4.916913,
EOSS-340,KC0D-1,2023-04-22 08:18:02.014,2023-04-22 08:18:00,76201.0,23226.06,960.0,3690.0,ascending,/141800h3919.79N/10322.45WO222/018/A=076201 72T322P EOSS BALLOON,"KC0D-1>APZEOS,EOSS,WIDE2-1,qAO,AE0SS-1:/141800h3919.79N/10322.45WO222/018/A=076201 72T322P EOSS BALLOON",222.0,21.0,33.8,39.3298333333,-103.3741666667,40.39,65.0,44.96,7.2,280.35,3220.0,0.03,7.764e-05,0.04001269,-5e-05,-6.667e-05,16.0,4.87666667,low Re,0.004444,19.095604,0.001974,3.408182,0.072092,-0.908286,0.034262,16.101612,0.001356,5.820341,0.000602,1.038807,0.021974,-0.908421,0.034313,4.907768,
EOSS-340,AE0SS-13,2023-04-22 08:18:12.235,2023-04-22 08:18:11,76332.0,23265.99,942.0,3701.0,ascending,/141811h3919.75N/10322.48WO201/018EOSS Baloon/A=076332!W22!,"AE0SS-13>APTT4,EOSS,qAO,W0ARP-2:/141811h3919.75N/10322.48WO201/018EOSS Baloon/A=076332!W22!",201.0,21.0,33.8,39.3292,-103.3747,40.39,65.0,,,,,,,,-4.056e-05,-6.444e-05,15.7,4.78533333,low Re,-0.005,19.080904,0.001944,3.408095,0.071936,-0.992022,-0.09653,16.091127,-0.001522,5.81586,0.000592,1.038781,0.021926,-0.992054,-0.096415,4.904572,
EOSS-340,KC0D-1,2023-04-22 08:18:31.926,2023-04-22 08:18:30,76660.0,23365.97,918.0,3720.0,ascending,/141830h3919.70N/10322.55WO243/011/A=076660 72T314P EOSS BALLOON,"KC0D-1>APZEOS,EOSS,WIDE2-1,qAO,AE0SS-1:/141830h3919.70N/10322.55WO243/011/A=076660 72T314P EOSS BALLOON",243.0,13.0,20.9,39.3283333333,-103.3758333333,40.36,64.96,44.96,7.2,280.35,3140.0,0.03,7.571e-05,0.03901859,-5.556e-05,-5e-05,15.3,4.66366667,low Re,-0.013333,19.064607,0.001878,3.409758,0.071786,-1.104069,-0.211894,16.06067,-0.004056,5.810894,0.000572,1.039287,0.02188,-1.10386,-0.211517,4.895288,
EOSS-340,AE0SS-13,2023-04-22 08:18:42.681,2023-04-22 08:18:41,76771.0,23399.8,878.0,3731.0,ascending,/141841h3919.68N/10322.56WO190/007EOSS Baloon/A=076771!W78!,"AE0SS-13>APTT4,EOSS,qAO,W9CN-9:/141841h3919.68N/10322.56WO190/007EOSS Baloon/A=076771!W78!",190.0,8.0,12.9,39.3281166667,-103.3761333333,40.36,64.95,,,,,,,,-4.778e-05,-3.611e-05,14.63333333,4.46033333,low Re,-0.022222,19.045589,0.001774,3.414764,0.071648,-1.292111,-0.334915,16.049037,-0.006778,5.805097,0.000541,1.040812,0.021838,-1.292033,-0.33515,4.891743,
EOSS-340,KC0D-1,2023-04-22 08:19:01.989,2023-04-22 08:19:00,77108.0,23502.52,896.0,3750.0,ascending,/141900h3919.66N/10322.60WO210/008/A=077108 74T308P EOSS BALLOON,"KC0D-1>APZEOS,EOSS,WIDE2-1,qAO,AE0SS-1:/141900h3919.66N/10322.60WO210/008/A=077108 74T308P EOSS BALLOON",210.0,9.0,14.5,39.3276666667,-103.3766666667,40.35,64.93,45.32,7.4,280.55,3080.0,0.03,7.421e-05,0.03824572,-2.778e-05,-2.222e-05,14.93333333,4.55166667,low Re,0.01,19.028015,0.001809,3.418016,0.071496,-1.19797,0.114566,16.009788,0.003044,5.799741,0.000551,1.041803,0.021792,-1.197995,0.1144,4.87978,
EOSS-340,AE0SS-13,2023-04-22 08:19:12.247,2023-04-22 08:19:11,77228.0,23539.09,914.0,3761.0,ascending,/141911h3919.63N/10322.61WO237/008EOSS Baloon/A=077228!W13!,"AE0SS-13>APTT4,EOSS,qAO,W0ARP-2:/141911h3919.63N/10322.61WO237/008EOSS Baloon/A=077228!W13!",237.0,9.0,14.5,39.3271833333,-103.3768833333,40.35,64.94,,,,,,,,-2.5e-05,-3.111e-05,15.23333333,4.643,low Re,0.01,19.011868,0.001844,3.419676,0.071344,-1.104939,0.114319,15.994443,0.003044,5.794818,0.000562,1.04231,0.021746,-1.105063,0.114136,4.875104,
EOSS-340,KC0D-1,2023-04-22 08:19:32.332,2023-04-22 08:19:30,77586.0,23648.21,956.0,3780.0,ascending,/141930h3919.57N/10322.62WO176/017/A=077586 74T301P EOSS BALLOON,"KC0D-1>APZEOS,EOSS,WIDE2-1,qAO,AE0SS-1:/141930h3919.57N/10322.62WO176/017/A=077586 74T301P EOSS BALLOON",176.0,20.0,32.2,39.3261666667,-103.377,40.38,64.99,45.32,7.4,280.55,3010.0,0.03,7.252e-05,0.0373765,-1.111e-05,-5e-05,15.93333333,4.85633333,low Re,0.023333,18.998823,0.001936,3.418271,0.071205,-0.896795,0.300499,15.94469,0.007111,5.790842,0.00059,1.041882,0.021703,-0.896943,0.300465,4.85994,
EOSS-340,AE0SS-13,2023-04-22 08:19:42.376,2023-04-22 08:19:41,77703.0,23683.87,950.0,3791.0,ascending,/141941h3919.52N/10322.62WO189/019EOSS Baloon/A=077703!W07!,"AE0SS-13>APTT4,EOSS,qAO,W0ARP-1:/141941h3919.52N/10322.62WO189/019EOSS Baloon/A=077703!W07!",189.0,22.0,35.4,39.3253333333,-103.3771166667,40.4,65.02,,,,,,,,-7.78e-06,-6.167e-05,15.83333333,4.826,low Re,-0.003333,18.985466,0.001913,3.417213,0.071054,-0.922428,-0.073831,15.927222,-0.001011,5.786771,0.000583,1.04156,0.021657,-0.922435,-0.073602,4.854616,
EOSS-340,KC0D-1,2023-04-22 08:20:01.992,2023-04-22 08:20:00,78057.0,23791.77,942.0,3810.0,ascending,/142000h3919.44N/10322.65WO188/016/A=078057 77T294P EOSS BALLOON,"KC0D-1>APZEOS,EOSS,WIDE2-1,qAO,W9CN-9:/142000h3919.44N/10322.65WO188/016/A=078057 77T294P EOSS BALLOON",188.0,18.0,29.0,39.324,-103.3775,40.43,65.07,45.86,7.7,280.85,2940.0,0.03,7.076e-05,0.03646829,-1.667e-05,-7.222e-05,15.7,4.78533333,low Re,-0.004444,18.971662,0.001886,3.41664,0.070905,-0.957567,-0.089274,15.871135,-0.001356,5.782563,0.000575,1.041385,0.021612,-0.957599,-0.089349,4.837521,
EOSS-340,AE0SS-13,2023-04-22 08:20:12.275,2023-04-22 08:20:11,78195.0,23833.84,984.0,3821.0,ascending,/142011h3919.38N/10322.68WO214/020EOSS Baloon/A=078195!W87!,"AE0SS-13>APTT4,EOSS,qAO,W0ARP-1:/142011h3919.38N/10322.68WO214/020EOSS Baloon/A=078195!W87!",214.0,23.0,37.0,39.3231333333,-103.3781166667,40.43,65.07,,,,,,,,-3.333e-05,-7.333e-05,16.4,4.999,low Re,0.023333,18.960902,0.001977,3.41351,0.070769,-0.750225,0.301771,15.84808,0.007122,5.779285,0.000602,1.04043,0.02157,-0.749964,0.302272,4.830493,
EOSS-340,KC0D-1,2023-04-22 08:20:31.980,2023-04-22 08:20:30,78538.0,23938.38,962.0,3840.0,ascending,/142030h3919.32N/10322.75WO216/012/A=078538 77T287P EOSS BALLOON,"KC0D-1>APZEOS,EOSS,WIDE2-1,qAO,AE0SS-1:/142030h3919.32N/10322.75WO216/012/A=078538 77T287P EOSS BALLOON",216.0,14.0,22.5,39.322,-103.3791666667,40.42,65.05,45.86,7.7,280.85,2870.0,0.03,6.908e-05,0.03559999,-5.556e-05,-6.667e-05,16.03333333,4.887,low Re,-0.012222,18.948704,0.001917,3.411599,0.070626,-0.854547,-0.200195,15.788348,-0.003733,5.775567,0.000584,1.039848,0.021527,-0.854516,-0.200539,4.812288,
EOSS-340,AE0SS-13,2023-04-22 08:20:42.610,2023-04-22 08:20:41,78678.0,23981.05,966.0,3851.0,ascending,/142041h3919.28N/10322.78WO221/012EOSS Baloon/A=078678!W63!,"AE0SS-13>APTT4,EOSS,qAO,AE0SS-1:/142041h3919.28N/10322.78WO221/012EOSS Baloon/A=078678!W63!",221.0,14.0,22.5,39.3214333333,-103.3797166667,40.41,65.04,,,,,,,,-5.333e-05,-5.667e-05,16.1,4.907,low Re,0.002222,18.936883,0.001918,3.409426,0.070478,-0.832071,0.004313,15.763122,0.000667,5.771963,0.000585,1.039186,0.021482,-0.832347,0.003817,4.8046,
EOSS-340,KC0D-1,2023-04-22 08:21:01.976,2023-04-22 08:21:00,79017.0,24084.38,958.0,3870.0,ascending,/142100h3919.24N/10322.84WO228/012/A=079017 80T280P EOSS BALLOON,"KC0D-1>APZEOS,EOSS,WIDE2-1,qAO,AE0SS-1:/142100h3919.24N/10322.84WO228/012/A=079017 80T280P EOSS BALLOON",228.0,14.0,22.5,39.3206666667,-103.3806666667,40.4,65.01,46.4,8.0,281.15,2800.0,0.03,6.732e-05,0.03469464,-5e-05,-4.444e-05,15.96666667,4.86666667,low Re,-0.004444,18.92461,0.001892,3.407699,0.070332,-0.868018,-0.090087,15.700525,-0.001344,5.768222,0.000577,1.03866,0.021437,-0.867999,-0.089611,4.785521,
EOSS-340,AE0SS-13,2023-04-22 08:21:12.242,2023-04-22 08:21:11,79173.0,24131.93,990.0,3881.0,ascending,/142111h3919.20N/10322.85WO200/010EOSS Baloon/A=079173!W85!,"AE0SS-13>APTT4,EOSS,qAO,W0ARP-2:/142111h3919.20N/10322.85WO200/010EOSS Baloon/A=079173!W85!",200.0,12.0,19.3,39.3201333333,-103.3809166667,40.4,65.02,,,,,,,,-4e-05,-4.333e-05,16.5,5.02933333,low Re,0.017778,18.914632,0.001958,3.404206,0.070194,-0.709308,0.225375,15.671196,0.005422,5.765181,0.000597,1.037595,0.021395,-0.709186,0.22552,4.776581,
EOSS-340,KC0D-1,2023-04-22 08:21:31.978,2023-04-22 08:21:30,79495.0,24230.08,956.0,3900.0,ascending,/142130h3919.14N/10322.89WO202/012/A=079495 80T274P EOSS BALLOON,"KC0D-1>APZEOS,EOSS,WIDE2-1,qAO,AE0SS-1:/142130h3919.14N/10322.89WO202/012/A=079495 80T274P EOSS BALLOON",202.0,14.0,22.5,39.319,-103.3815,40.41,65.04,46.4,8.0,281.15,2740.0,0.03,6.588e-05,0.03395118,-2.778e-05,-5.556e-05,15.93333333,4.85666667,low Re,-0.018889,18.902413,0.001872,3.402551,0.070061,-0.872604,-0.296327,15.610139,-0.005756,5.761458,0.000571,1.03709,0.021355,-0.872433,-0.296277,4.757971,
EOSS-340,AE0SS-13,2023-04-22 08:21:42.242,2023-04-22 08:21:41,79636.0,24273.05,926.0,3911.0,ascending,/142141h3919.11N/10322.90WO196/012EOSS Baloon/A=079636!W84!,"AE0SS-13>APTT4,EOSS,qAO,W0ARP-2:/142141h3919.11N/10322.90WO196/012EOSS Baloon/A=079636!W84!",196.0,14.0,22.5,39.3186333333,-103.3817333333,40.42,65.04,,,,,,,,-2.722e-05,-5e-05,15.43333333,4.704,low Re,-0.016667,18.888254,0.001796,3.402797,0.069927,-1.015318,-0.264032,15.583356,-0.005089,5.757141,0.000547,1.037165,0.021314,-1.015404,-0.264427,4.749809,
EOSS-340,KC0D-1,2023-04-22 08:22:02.156,2023-04-22 08:22:00,79948.0,24368.15,906.0,3930.0,ascending,/142200h3919.04N/10322.97WO220/020/A=079948 83T268P EOSS BALLOON,"KC0D-1>APZEOS,EOSS,WIDE2-1,qAO,AE0SS-1:/142200h3919.04N/10322.97WO220/020/A=079948 83T268P EOSS BALLOON",220.0,23.0,37.0,39.3173333333,-103.3828333333,40.41,65.03,46.94,8.3,281.45,2680.0,0.03,6.436e-05,0.03317233,-4.444e-05,-5.556e-05,15.1,4.60233333,low Re,-0.011111,18.872855,0.001743,3.404424,0.069788,-1.108221,-0.184186,15.524472,-0.003389,5.752447,0.000531,1.037662,0.021271,-1.10837,-0.184288,4.731862,
EOSS-340,AE0SS-13,2023-04-22 08:22:12.269,2023-04-22 08:22:11,80072.0,24405.95,872.0,3941.0,ascending,/142211h3919.01N/10323.01WO238/015EOSS Baloon/A=080072!W08!,"AE0SS-13>APTT4,EOSS,qAO,W0ARP-2:/142211h3919.01N/10323.01WO238/015EOSS Baloon/A=080072!W08!",238.0,17.0,27.4,39.3168333333,-103.3836333333,40.39,65.0,,,,,,,,-6.333e-05,-6e-05,14.53333333,4.43,low Re,-0.018889,18.855286,0.001659,3.408699,0.069658,-1.267919,-0.294984,15.501351,-0.005744,5.747093,0.000506,1.038964,0.021232,-1.267698,-0.294367,4.724814,
EOSS-340,KC0D-1,2023-04-22 08:22:31.998,2023-04-22 08:22:30,80397.0,24505.01,898.0,3960.0,ascending,/142230h3918.95N/10323.07WO204/017/A=080397 82T262P EOSS BALLOON,"KC0D-1>APZEOS,EOSS,WIDE2-1,qAO,AE0SS-1:/142230h3918.95N/10323.07WO204/017/A=080397 82T262P EOSS BALLOON",204.0,20.0,32.2,39.3158333333,-103.3845,40.38,64.99,46.76,8.2,281.35,2620.0,0.03,6.295e-05,0.03244119,-5.556e-05,-5e-05,14.96666667,4.562,low Re,0.014444,18.839606,0.001711,3.410742,0.069521,-1.135512,0.183153,15.442003,0.0044,5.742315,0.000522,1.039586,0.02119,-1.13537,0.183011,4.706725,
EOSS-340,AE0SS-13,2023-04-22 08:22:42.570,2023-04-22 08:22:41,80522.0,24543.11,900.0,3971.0,ascending,/142241h3918.91N/10323.10WO214/016EOSS Baloon/A=080522!W33!,"AE0SS-13>APTT4,EOSS,qAO,AE0SS-1:/142241h3918.91N/10323.10WO214/016EOSS Baloon/A=080522!W33!",214.0,18.0,29.0,39.3152166667,-103.38505,40.38,64.98,,,,,,,,-4.722e-05,-5.389e-05,15.0,4.572,low Re,0.001111,18.824186,0.001709,3.412544,0.06938,-1.120626,-0.008619,15.419798,0.000333,5.737614,0.000521,1.040135,0.021147,-1.120637,-0.00889,4.699957,
EOSS-340,KC0D-1,2023-04-22 08:23:02.000,2023-04-22 08:23:00,80817.0,24633.02,840.0,3990.0,ascending,/142300h3918.84N/10323.16WO203/016/A=080817 85T257P EOSS BALLOON,"KC0D-1>APZEOS,EOSS,WIDE2-1,qAO,AE0SS-1:/142300h3918.84N/10323.16WO203/016/A=080817 85T257P EOSS BALLOON",203.0,18.0,29.0,39.314,-103.386,40.38,64.98,47.3,8.5,281.65,2570.0,0.03,6.168e-05,0.03178819,-5e-05,-6.111e-05,14.0,4.267,low Re,-0.033333,18.804889,0.001568,3.419325,0.069276,-1.405216,-0.503796,15.369157,-0.010167,5.731732,0.000478,1.042203,0.021115,-1.405419,-0.504144,4.684524,
EOSS-340,AE0SS-13,2023-04-22 08:23:12.226,2023-04-22 08:23:11,80935.0,24668.99,826.0,4001.0,ascending,/142311h3918.80N/10323.19WO238/011EOSS Baloon/A=080935!W23!,"AE0SS-13>APTT4,EOSS,qAO,W0ARP-2:/142311h3918.80N/10323.19WO238/011EOSS Baloon/A=080935!W23!",238.0,13.0,20.9,39.3133666667,-103.38655,40.38,64.98,,,,,,,,-5e-05,-6.167e-05,13.76666667,4.196,low Re,-0.007778,18.784816,0.001531,3.427265,0.069139,-1.464185,-0.134642,15.349702,-0.002367,5.725614,0.000466,1.044624,0.021074,-1.464272,-0.134431,4.678593,
EOSS-340,KC0D-1,2023-04-22 08:23:32.001,2023-04-22 08:23:30,81253.0,24765.91,872.0,4020.0,ascending,/142330h3918.73N/10323.25WO200/019/A=081253 86T252P EOSS BALLOON,"KC0D-1>APZEOS,EOSS,WIDE2-1,qAO,AE0SS-1:/142330h3918.73N/10323.25WO200/019/A=081253 86T252P EOSS BALLOON",200.0,22.0,35.4,39.3121666667,-103.3875,40.37,64.97,47.48,8.6,281.75,2520.0,0.02,6.046e-05,0.03115868,-5e-05,-6.111e-05,14.53333333,4.42966667,low Re,0.025556,18.767945,0.001626,3.4309,0.069017,-1.234257,0.346726,15.299945,0.007789,5.720471,0.000496,1.045732,0.021037,-1.234355,0.346675,4.663429,
EOSS-340,AE0SS-13,2023-04-22 08:23:42.318,2023-04-22 08:23:41,81378.0,24804.01,886.0,4031.0,ascending,/142341h3918.68N/10323.28WO226/016EOSS Baloon/A=081378!W14!,"AE0SS-13>APTT4,EOSS,qAO,W0ARP-2:/142341h3918.68N/10323.28WO226/016EOSS Baloon/A=081378!W14!",226.0,18.0,29.0,39.31135,-103.3880666667,40.38,64.98,,,,,,,,-5.056e-05,-6.722e-05,14.76666667,4.50066667,low Re,0.007778,18.75213,0.001651,3.433314,0.068881,-1.160821,0.088951,15.28157,0.002367,5.71565,0.000503,1.046469,0.020995,-1.161031,0.088783,4.657828,
EOSS-340,KC0D-1,2023-04-22 08:24:01.994,2023-04-22 08:24:00,81709.0,24904.9,912.0,4050.0,ascending,/142400h3918.62N/10323.38WO241/021/A=081709 89T246P EOSS BALLOON,"KC0D-1>APZEOS,EOSS,WIDE2-1,qAO,N0RPF-6:/142400h3918.62N/10323.38WO241/021/A=081709 89T246P EOSS BALLOON",241.0,24.0,38.6,39.3103333333,-103.3896666667,40.34,64.92,48.02,8.9,282.05,2460.0,0.02,5.896e-05,0.03038446,-7.222e-05,-6.111e-05,15.2,4.633,low Re,0.014444,18.738145,0.001701,3.433763,0.068749,-1.030399,0.185355,15.236533,0.004411,5.711387,0.000518,1.046606,0.020955,-1.030366,0.185779,4.644101,
EOSS-340,KC0D-1,2023-04-22 08:24:31.919,2023-04-22 08:24:30,82168.0,25044.81,918.0,4080.0,ascending,/142430h3918.57N/10323.57WO267/017/A=082168 89T241P EOSS BALLOON,"KC0D-1>APZEOS,EOSS,WIDE2-1,qAO,N0RPF-6:/142430h3918.57N/10323.57WO267/017/A=082168 89T241P EOSS BALLOON",267.0,20.0,32.2,39.3095,-103.3928333333,40.22,64.73,48.02,8.9,282.05,2410.0,0.02,5.776e-05,0.02976688,-0.00010556,-2.778e-05,15.3,4.66366667,low Re,0.003333,18.724662,0.001708,3.433754,0.068613,-0.997352,0.023684,15.183746,0.001022,5.707278,0.00052,1.046602,0.020913,-0.997142,0.024004,4.628011,
EOSS-340,AE0SS-13,2023-04-22 08:24:42.244,2023-04-22 08:24:41,82313.0,25089.0,935.0,4091.0,ascending,/142441h3918.55N/10323.63WO249/015EOSS Baloon/A=082313!W16!,"AE0SS-13>APTT4,EOSS,qAO,W0ARP-2:/142441h3918.55N/10323.63WO249/015EOSS Baloon/A=082313!W16!",249.0,17.0,27.4,39.3091833333,-103.3939333333,40.18,64.67,,,,,,,,-9.778e-05,-3.611e-05,15.58333333,4.74983333,low Re,0.004722,18.712391,0.00172,3.432634,0.068478,-0.911562,0.043839,15.169602,0.001436,5.703538,0.000524,1.04626,0.020872,-0.911537,0.043695,4.6237,
EOSS-340,KC0D-1,2023-04-22 08:25:01.982,2023-04-22 08:25:00,82628.0,25185.01,920.0,4110.0,ascending,/142500h3918.52N/10323.73WO260/014/A=082628 92T236P EOSS BALLOON,"KC0D-1>APZEOS,EOSS,WIDE2-1,qAO,N0RPF-6:/142500h3918.52N/10323.73WO260/014/A=082628 92T236P EOSS BALLOON",260.0,16.0,25.7,39.3086666667,-103.3955,40.13,64.58,48.56,9.2,282.35,2360.0,0.02,5.65e-05,0.02911834,-8.889e-05,-2.778e-05,15.33333333,4.67333333,low Re,-0.008333,18.699243,0.00168,3.432401,0.068346,-0.980628,-0.146505,15.14329,-0.00255,5.69953,0.000512,1.04619,0.020832,-0.980889,-0.146985,4.615681,
EOSS-340,AE0SS-13,2023-04-22 08:25:12.195,2023-04-22 08:25:11,82766.0,25227.08,906.0,4121.0,ascending,/142511h3918.50N/10323.78WO235/018EOSS Baloon/A=082766!W65!,"AE0SS-13>APTT4,EOSS,qAO,W0ARP-2:/142511h3918.50N/10323.78WO235/018EOSS Baloon/A=082766!W65!",235.0,21.0,33.8,39.3084333333,-103.3964166667,40.1,64.53,,,,,,,,-8.278e-05,-2.5e-05,15.1,4.60266667,low Re,-0.007778,18.685293,0.001643,3.433037,0.068215,-1.04435,-0.138107,15.133709,-0.002356,5.695278,0.000501,1.046384,0.020792,-1.044178,-0.137409,4.61276,
EOSS-340,KC0D-1,2023-04-22 08:25:31.920,2023-04-22 08:25:30,83107.0,25331.01,958.0,4140.0,ascending,/142530h3918.49N/10323.89WO272/017/A=083107 93T230P EOSS BALLOON,"KC0D-1>APZEOS,EOSS,WIDE2-1,qAO,AE0SS-1:/142530h3918.49N/10323.89WO272/017/A=083107 93T230P EOSS BALLOON",272.0,20.0,32.2,39.3081666667,-103.3981666667,40.03,64.42,48.74,9.3,282.45,2300.0,0.02,5.504e-05,0.028368,-8.889e-05,-1.667e-05,15.96666667,4.86666667,low Re,0.028889,18.674796,0.001749,3.430539,0.068104,-0.789418,0.398508,15.115169,0.0088,5.692079,0.000533,1.045622,0.020758,-0.789398,0.398256,4.607109,
EOSS-340,AE0SS-13,2023-04-22 08:25:42.285,2023-04-22 08:25:41,83249.0,25374.3,966.0,4151.0,ascending,/142541h3918.47N/10323.96WO258/020EOSS Baloon/A=083249!W73!,"AE0SS-13>APTT4,EOSS,qAO,W0ARP-2:/142541h3918.47N/10323.96WO258/020EOSS Baloon/A=083249!W73!",258.0,23.0,37.0,39.30795,-103.3993833333,39.98,64.34,,,,,,,,-9.889e-05,-1.611e-05,16.1,4.90733333,low Re,0.004444,18.664893,0.001759,3.427632,0.067972,-0.748299,0.039502,15.109594,0.001356,5.689061,0.000536,1.044736,0.020718,-0.748254,0.039579,4.605409,
EOSS-340,KC0D-1,2023-04-22 08:26:02.038,2023-04-22 08:26:00,83585.0,25476.71,956.0,4170.0,ascending,/142600h3918.48N/10324.09WO280/018/A=083585 96T226P EOSS BALLOON,"KC0D-1>APZEOS,EOSS,WIDE2-1,qAO,N0RPF-6:/142600h3918.48N/10324.09WO280/018/A=083585 96T226P EOSS BALLOON",280.0,21.0,33.8,39.308,-103.4015,39.88,64.18,49.28,9.6,282.75,2260.0,0.02,5.403e-05,0.02784507,-0.00011111,-5.56e-06,15.93333333,4.85666667,low Re,-0.005556,18.654427,0.001731,3.425209,0.067842,-0.794431,-0.107411,15.101291,-0.001689,5.685872,0.000528,1.043997,0.020678,-0.79426,-0.107215,4.602878,
EOSS-340,AE0SS-13,2023-04-22 08:26:12.250,2023-04-22 08:26:11,83724.0,25519.08,950.0,4181.0,ascending,/142611h3918.49N/10324.15WO270/017EOSS Baloon/A=083724!W83!,"AE0SS-13>APTT4,EOSS,qAO,W0ARP-2:/142611h3918.49N/10324.15WO270/017EOSS Baloon/A=083724!W83!",270.0,20.0,32.2,39.3083,-103.40255,39.82,64.09,,,,,,,,-0.00010556,1.167e-05,15.83333333,4.826,low Re,-0.003333,18.64366,0.001712,3.423081,0.067712,-0.820993,-0.074507,15.099792,-0.001022,5.68259,0.000522,1.043348,0.020639,-0.821001,-0.07481,4.602421,
EOSS-340,KC0D-1,2023-04-22 08:26:31.952,2023-04-22 08:26:30,84054.0,25619.66,938.0,4200.0,ascending,/142630h3918.51N/10324.27WO276/018/A=084054 96T220P EOSS BALLOON,"KC0D-1>APZEOS,EOSS,WIDE2-1,qAO,AE0SS-1:/142630h3918.51N/10324.27WO276/018/A=084054 96T220P EOSS BALLOON",276.0,21.0,33.8,39.3085,-103.4045,39.73,63.93,49.28,9.6,282.75,2200.0,0.02,5.259e-05,0.02710582,-0.0001,1.667e-05,15.63333333,4.765,low Re,-0.006667,18.632214,0.00168,3.421581,0.067584,-0.876461,-0.123506,15.100438,-0.002033,5.679101,0.000512,1.042891,0.0206,-0.876507,-0.123544,4.602617,
EOSS-340,AE0SS-13,2023-04-22 08:26:42.535,2023-04-22 08:26:41,84200.0,25664.16,952.0,4211.0,ascending,/142641h3918.53N/10324.33WO303/015EOSS Baloon/A=084200!W42!,"AE0SS-13>APTT4,EOSS,qAO,N0RPF-6:/142641h3918.53N/10324.33WO303/015EOSS Baloon/A=084200!W42!",303.0,17.0,27.4,39.3089,-103.4055333333,39.66,63.83,,,,,,,,-9.944e-05,2e-05,15.86666667,4.836,low Re,0.007778,18.621738,0.001703,3.419309,0.067456,-0.805739,0.090059,15.102462,0.002367,5.675907,0.000519,1.042199,0.020561,-0.805899,0.089879,4.603234,
EOSS-340,KC0D-1,2023-04-22 08:27:01.924,2023-04-22 08:27:00,84525.0,25763.22,942.0,4230.0,ascending,/142700h3918.56N/10324.42WO278/013/A=084525 100T215P EOSS BALLOON,"KC0D-1>APZEOS,EOSS,WIDE2-1,qAO,N0RPF-6:/142700h3918.56N/10324.42WO278/013/A=084525 100T215P EOSS BALLOON",278.0,15.0,24.1,39.3093333333,-103.407,39.58,63.7,50.0,10.0,283.15,2150.0,0.02,5.133e-05,0.02645236,-8.333e-05,2.778e-05,15.7,4.78533333,low Re,-0.005556,18.610713,0.001676,3.417543,0.067329,-0.851698,-0.107413,15.11026,-0.001689,5.672547,0.000511,1.041661,0.020522,-0.85173,-0.107202,4.60561,
EOSS-340,AE0SS-13,2023-04-22 08:27:12.204,2023-04-22 08:27:11,84666.0,25806.2,932.0,4241.0,ascending,/142711h3918.57N/10324.46WO323/011EOSS Baloon/A=084666!W63!,"AE0SS-13>APTT4,EOSS,qAO,W0ARP-2:/142711h3918.57N/10324.46WO323/011EOSS Baloon/A=084666!W63!",323.0,13.0,20.9,39.3096,-103.4077166667,39.54,63.63,,,,,,,,-7.278e-05,2.333e-05,15.53333333,4.73466667,low Re,-0.005556,18.599144,0.001648,3.416304,0.067203,-0.897406,-0.107198,15.114844,-0.001689,5.669021,0.000502,1.041283,0.020483,-0.897311,-0.106967,4.607007,
EOSS-340,KC0D-1,2023-04-22 08:27:31.929,2023-04-22 08:27:30,84995.0,25906.48,940.0,4260.0,ascending,/142730h3918.59N/10324.52WO265/009/A=084995 100T211P EOSS BALLOON,"KC0D-1>APZEOS,EOSS,WIDE2-1,qAO,N0RPF-6:/142730h3918.59N/10324.52WO265/009/A=084995 100T211P EOSS BALLOON",265.0,10.0,16.1,39.3098333333,-103.4086666667,39.49,63.55,50.0,10.0,283.15,2110.0,0.02,5.037e-05,0.02596022,-5.556e-05,1.667e-05,15.66666667,4.77533333,low Re,0.004444,18.588161,0.001659,3.414595,0.067076,-0.85559,0.04152,15.127614,0.001356,5.665674,0.000506,1.040762,0.020445,-0.85547,0.041575,4.610899,
EOSS-340,KC0D-1,2023-04-22 08:28:01.988,2023-04-22 08:28:00,85476.0,26053.08,962.0,4290.0,ascending,/142800h3918.56N/10324.61WO240/010/A=085476 103T206P EOSS BALLOON,"KC0D-1>APZEOS,EOSS,WIDE2-1,qAO,N0RPF-6:/142800h3918.56N/10324.61WO240/010/A=085476 103T206P EOSS BALLOON",240.0,12.0,19.3,39.3093333333,-103.4101666667,39.44,63.47,50.54,10.3,283.45,2060.0,0.02,4.913e-05,0.02531822,-5e-05,-1.667e-05,16.03333333,4.88666667,low Re,0.012222,18.578628,0.001698,3.411766,0.066953,-0.746034,0.157185,15.148809,0.003711,5.662767,0.000518,1.0399,0.020407,-0.746322,0.156466,4.617357,
EOSS-340,KC0D-1,2023-04-22 08:28:31.954,2023-04-22 08:28:30,85944.0,26195.73,936.0,4320.0,ascending,/142830h3918.50N/10324.67WO222/004/A=085944 104T201P EOSS BALLOON,"KC0D-1>APZEOS,EOSS,WIDE2-1,qAO,N0RPF-6:/142830h3918.50N/10324.67WO222/004/A=085944 104T201P EOSS BALLOON",222.0,5.0,8.0,39.3083333333,-103.4111666667,39.43,63.45,50.72,10.4,283.55,2010.0,0.02,4.792e-05,0.02469499,-3.333e-05,-3.333e-05,15.6,4.755,low Re,-0.014444,18.567555,0.001638,3.410234,0.066835,-0.870191,-0.240622,15.167511,-0.004389,5.659392,0.000499,1.039433,0.020371,-0.870082,-0.239949,4.623056,
EOSS-340,AE0SS-13,2023-04-22 08:28:42.672,2023-04-22 08:28:41,86074.0,26235.36,938.7,4331.0,ascending,/142841h3918.48N/10324.69WO244/009EOSS Baloon/A=086074!W62!,"AE0SS-13>APTT4,EOSS,qAO,N0RPF-6:/142841h3918.48N/10324.69WO244/009EOSS Baloon/A=086074!W62!",244.0,10.0,16.1,39.3081,-103.4115333333,39.42,63.44,,,,,,,,-4.241e-05,-1.667e-05,15.64444444,4.76844444,low Re,0.000494,18.556728,0.001634,3.408535,0.06671,-0.854409,-0.017089,15.171574,0.000149,5.656092,0.000498,1.038915,0.020333,-0.854399,-0.017164,4.624295,
EOSS-340,KC0D-1,2023-04-22 08:29:01.942,2023-04-22 08:29:00,86401.0,26335.02,914.0,4350.0,ascending,/142900h3918.47N/10324.76WO259/012/A=086401 107T197P EOSS BALLOON,"KC0D-1>APZEOS,EOSS,WIDE2-1,qAO,AE0SS-1:/142900h3918.47N/10324.76WO259/012/A=086401 107T197P EOSS BALLOON",259.0,14.0,22.5,39.3078333333,-103.4126666667,39.38,63.37,51.26,10.7,283.85,1970.0,0.02,4.691e-05,0.02417797,-5e-05,-1.667e-05,15.23333333,4.643,low Re,-0.013704,18.544465,0.001577,3.408201,0.066593,-0.971519,-0.229469,15.178196,-0.004181,5.652354,0.000481,1.038814,0.020297,-0.971641,-0.229689,4.626312,
EOSS-340,AE0SS-13,2023-04-22 08:29:12.335,2023-04-22 08:29:11,86536.0,26376.17,924.0,4361.0,ascending,/142911h3918.47N/10324.79WO284/011EOSS Baloon/A=086536!W97!,"AE0SS-13>APTT4,EOSS,qAO,W0ARP-1:/142911h3918.47N/10324.79WO284/011EOSS Baloon/A=086536!W97!",284.0,13.0,20.9,39.3079833333,-103.4132833333,39.35,63.32,,,,,,,,-5.833e-05,-3.89e-06,15.4,4.69366667,low Re,0.005556,18.532904,0.001592,3.407246,0.06647,-0.919483,0.059636,15.179033,0.001689,5.648829,0.000485,1.038524,0.02026,-0.919731,0.059427,4.626567,
EOSS-340,KC0D-1,2023-04-22 08:29:31.956,2023-04-22 08:29:30,86846.0,26470.66,890.0,4380.0,ascending,/142930h3918.48N/10324.90WO262/014/A=086846 107T193P EOSS BALLOON,"KC0D-1>APZEOS,EOSS,WIDE2-1,qAO,W9CN-9:/142930h3918.48N/10324.90WO262/014/A=086846 107T193P EOSS BALLOON",262.0,16.0,25.7,39.308,-103.415,39.27,63.19,51.26,10.7,283.85,1930.0,0.02,4.596e-05,0.02368704,-7.778e-05,5.56e-06,14.83333333,4.52133333,low Re,-0.018889,18.519353,0.001517,3.40834,0.066359,-1.081471,-0.307509,15.175603,-0.005744,5.644699,0.000462,1.038857,0.020226,-1.081348,-0.306833,4.625521,
EOSS-340,AE0SS-13,2023-04-22 08:29:42.246,2023-04-22 08:29:41,86960.0,26505.41,848.0,4391.0,ascending,/142941h3918.47N/10324.94WO287/007EOSS Baloon/A=086960!W94!,"AE0SS-13>APTT4,EOSS,qAO,W0ARP-2:/142941h3918.47N/10324.94WO287/007EOSS Baloon/A=086960!W94!",287.0,8.0,12.9,39.3079833333,-103.4157333333,39.23,63.14,,,,,,,,-8.167e-05,0.0,14.13333333,4.308,low Re,-0.023333,18.503345,0.001425,3.412394,0.066254,-1.280629,-0.373683,15.172175,-0.007111,5.639821,0.000434,1.040092,0.020194,-1.280484,-0.373626,4.624475,
EOSS-340,KC0D-1,2023-04-22 08:30:01.930,2023-04-22 08:30:00,87260.0,26596.85,828.0,4410.0,ascending,/143000h3918.49N/10325.01WO283/009/A=087260 111T189P EOSS BALLOON,"KC0D-1>APZEOS,EOSS,WIDE2-1,qAO,AE0SS-1:/143000h3918.49N/10325.01WO283/009/A=087260 111T189P EOSS BALLOON",283.0,10.0,16.1,39.3081666667,-103.4168333333,39.18,63.05,51.98,11.1,284.25,1890.0,0.02,4.494e-05,0.02316348,-6.111e-05,5.56e-06,13.8,4.20633333,low Re,-0.011111,18.486242,0.00138,3.41795,0.066136,-1.371068,-0.188868,15.156631,-0.003389,5.634608,0.000421,1.041784,0.020158,-1.370989,-0.189007,4.619737,
EOSS-340,AE0SS-13,2023-04-22 08:30:12.268,2023-04-22 08:30:11,87386.0,26635.25,852.0,4421.0,ascending,/143011h3918.47N/10325.05WO261/013EOSS Baloon/A=087386!W98!,"AE0SS-13>APTT4,EOSS,qAO,W0ARP-1:/143011h3918.47N/10325.05WO261/013EOSS Baloon/A=087386!W98!",261.0,15.0,24.1,39.3079833333,-103.4176333333,39.15,63.0,,,,,,,,-6.333e-05,0.0,14.2,4.328,low Re,0.013333,18.470713,0.001423,3.421471,0.06602,-1.24821,0.1804,15.146991,0.004056,5.629874,0.000434,1.042859,0.020123,-1.24837,0.179993,4.616799,
EOSS-340,KC0D-1,2023-04-22 08:30:31.930,2023-04-22 08:30:30,87681.0,26725.17,842.0,4440.0,ascending,/143030h3918.48N/10325.16WO271/016/A=087681 111T185P EOSS BALLOON,"KC0D-1>APZEOS,EOSS,WIDE2-1,qAO,N0RPF-6:/143030h3918.48N/10325.16WO271/016/A=087681 111T185P EOSS BALLOON",271.0,18.0,29.0,39.308,-103.4193333333,39.07,62.88,51.98,11.1,284.25,1850.0,0.02,4.399e-05,0.02267325,-8.333e-05,-5.56e-06,14.03333333,4.27733333,low Re,-0.005556,18.454693,0.001398,3.425658,0.065901,-1.29066,-0.105522,15.116378,-0.001689,5.624991,0.000426,1.044135,0.020087,-1.290693,-0.105292,4.607467,
EOSS-340,KC0D-1,2023-04-22 08:31:01.997,2023-04-22 08:31:00,88108.0,26855.32,854.0,4470.0,ascending,/143100h3918.47N/10325.28WO252/011/A=088108 115T182P EOSS BALLOON,"KC0D-1>APZEOS,EOSS,WIDE2-1,qAO,AE0SS-1:/143100h3918.47N/10325.28WO252/011/A=088108 115T182P EOSS BALLOON",252.0,13.0,20.9,39.3078333333,-103.4213333333,38.99,62.74,52.7,11.5,284.65,1820.0,0.02,4.322e-05,0.02227423,-6.667e-05,-5.56e-06,14.23333333,4.33833333,low Re,0.006667,18.439508,0.001417,3.428829,0.065782,-1.226709,0.079809,15.050031,0.002033,5.620363,0.000432,1.045101,0.02005,-1.226704,0.07985,4.587244,
EOSS-340,AE0SS-13,2023-04-22 08:31:12.279,2023-04-22 08:31:11,88230.0,26892.5,844.0,4481.0,ascending,/143111h3918.46N/10325.30WO324/004EOSS Baloon/A=088230!W59!,"AE0SS-13>APTT4,EOSS,qAO,W0ARP-2:/143111h3918.46N/10325.30WO324/004EOSS Baloon/A=088230!W59!",324.0,5.0,8.0,39.30775,-103.4218166667,38.97,62.71,,,,,,,,-6.972e-05,-3.89e-06,14.06666667,4.2875,low Re,-0.002778,18.423835,0.001402,3.432654,0.065664,-1.269329,-0.063657,15.025937,-0.000847,5.615586,0.000427,1.046267,0.020014,-1.269357,-0.063655,4.579901,
EOSS-340,KC0D-1,2023-04-22 08:31:31.968,2023-04-22 08:31:30,88541.0,26987.3,866.0,4500.0,ascending,/143130h3918.46N/10325.35WO263/003/A=088541 115T178P EOSS BALLOON,"KC0D-1>APZEOS,EOSS,WIDE2-1,qAO,W9CN-9:/143130h3918.46N/10325.35WO263/003/A=088541 115T178P EOSS BALLOON",263.0,3.0,4.8,39.3076666667,-103.4225,38.94,62.67,52.7,11.5,284.65,1780.0,0.02,4.227e-05,0.02178468,-3.889e-05,-5.56e-06,14.43333333,4.39933333,low Re,0.012222,18.409583,0.001441,3.434785,0.065549,-1.157642,0.164472,14.95378,0.003728,5.611242,0.000439,1.046917,0.019979,-1.157598,0.164623,4.557907,
EOSS-340,AE0SS-13,2023-04-22 08:31:42.270,2023-04-22 08:31:41,88673.0,27027.53,886.0,4511.0,ascending,/143141h3918.43N/10325.36WO211/007EOSS Baloon/A=088673!W86!,"AE0SS-13>APTT4,EOSS,qAO,W0ARP-2:/143141h3918.43N/10325.36WO211/007EOSS Baloon/A=088673!W86!",211.0,8.0,12.9,39.3073,-103.4227666667,38.94,62.67,,,,,,,,-3.167e-05,-1.5e-05,14.76666667,4.501,low Re,0.011111,18.396619,0.001475,3.435527,0.065434,-1.056593,0.147263,14.918474,0.003389,5.607291,0.00045,1.047142,0.019944,-1.056486,0.147363,4.547147,
EOSS-340,KC0D-1,2023-04-22 08:32:01.965,2023-04-22 08:32:00,88991.0,27124.46,900.0,4530.0,ascending,/143200h3918.43N/10325.39WO279/003/A=088991 119T174P EOSS BALLOON,"KC0D-1>APZEOS,EOSS,WIDE2-1,qAO,AE0SS-1:/143200h3918.43N/10325.39WO279/003/A=088991 119T174P EOSS BALLOON",279.0,3.0,4.8,39.3071666667,-103.4231666667,38.93,62.65,53.42,11.9,285.05,1740.0,0.02,4.126e-05,0.02126526,-2.222e-05,-1.667e-05,15.0,4.572,low Re,0.007778,18.384574,0.001498,3.435368,0.065318,-0.985214,0.096145,14.822265,0.002367,5.60362,0.000456,1.047094,0.019909,-0.985222,0.095987,4.517822,
EOSS-340,AE0SS-13,2023-04-22 08:32:12.585,2023-04-22 08:32:11,89122.0,27164.39,898.0,4541.0,ascending,/143211h3918.43N/10325.40WO309/002EOSS Baloon/A=089122!W46!,"AE0SS-13>APTT4,EOSS,qAO,N0RPF-6:/143211h3918.43N/10325.40WO309/002EOSS Baloon/A=089122!W46!",309.0,2.0,3.2,39.3072333333,-103.4234333333,38.91,62.63,,,,,,,,-2.222e-05,-2.22e-06,14.96666667,4.562,low Re,-0.001111,18.372497,0.001488,3.435285,0.065202,-0.991426,-0.039861,14.778274,-0.000333,5.599939,0.000454,1.047068,0.019873,-0.991281,-0.039601,4.504413,
EOSS-340,KC0D-1,2023-04-22 08:32:31.934,2023-04-22 08:32:30,89443.0,27262.23,904.0,4560.0,ascending,/143230h3918.44N/10325.44WO305/003/A=089443 120T171P EOSS BALLOON,"KC0D-1>APZEOS,EOSS,WIDE2-1,qAO,N0RPF-6:/143230h3918.44N/10325.44WO305/003/A=089443 120T171P EOSS BALLOON",305.0,3.0,4.8,39.3073333333,-103.424,38.88,62.58,53.6,12.0,285.15,1710.0,0.02,4.054e-05,0.02089129,-2.778e-05,5.56e-06,15.06666667,4.59233333,low Re,0.003333,18.360857,0.001495,3.434816,0.065086,-0.959059,0.02824,14.660991,0.001011,5.596391,0.000456,1.046925,0.019838,-0.959054,0.027977,4.468667,
EOSS-340,AE0SS-13,2023-04-22 08:32:42.378,2023-04-22 08:32:41,89568.0,27300.33,892.0,4571.0,ascending,/143241h3918.44N/10325.44WO299/005EOSS Baloon/A=089568!W78!,"AE0SS-13>APTT4,EOSS,qAO,W0ARP-2:/143241h3918.44N/10325.44WO299/005EOSS Baloon/A=089568!W78!",299.0,6.0,9.7,39.30745,-103.4241333333,38.87,62.56,,,,,,,,-2.333e-05,7.22e-06,14.86666667,4.53133333,low Re,-0.006667,18.348596,0.001466,3.435005,0.064973,-1.013661,-0.125175,14.612211,-0.002033,5.592654,0.000447,1.046983,0.019804,-1.013694,-0.125227,4.453799,
EOSS-340,KC0D-1,2023-04-22 08:33:01.965,2023-04-22 08:33:00,89898.0,27400.91,910.0,4590.0,ascending,/143300h3918.43N/10325.49WO224/011/A=089898 123T167P EOSS BALLOON,"KC0D-1>APZEOS,EOSS,WIDE2-1,qAO,AE0SS-1:/143300h3918.43N/10325.49WO224/011/A=089898 123T167P EOSS BALLOON",224.0,13.0,20.9,39.3071666667,-103.4248333333,38.85,62.53,54.14,12.3,285.45,1670.0,0.02,3.955e-05,0.02038116,-2.778e-05,-5.56e-06,15.16666667,4.62266667,low Re,0.01,18.337471,0.001496,3.434132,0.06486,-0.92332,0.131113,14.477746,0.003044,5.589263,0.000456,1.046717,0.019769,-0.923455,0.130912,4.412818,
EOSS-340,AE0SS-13,2023-04-22 08:33:12.305,2023-04-22 08:33:11,90018.0,27437.49,900.0,4601.0,ascending,/143311h3918.40N/10325.51WO182/008EOSS Baloon/A=090018!W40!,"AE0SS-13>APTT4,EOSS,qAO,W0ARP-2:/143311h3918.40N/10325.51WO182/008EOSS Baloon/A=090018!W40!",182.0,9.0,14.5,39.3067333333,-103.4251666667,38.85,62.53,,,,,,,,-3.444e-05,-2.389e-05,15.0,4.572,low Re,-0.005556,18.325842,0.001471,3.433779,0.064748,-0.968566,-0.108528,14.427743,-0.001689,5.585718,0.000448,1.04661,0.019735,-0.968573,-0.108285,4.397576,
EOSS-340,KC0D-1,2023-04-22 08:33:31.935,2023-04-22 08:33:30,90350.0,27538.68,904.0,4620.0,ascending,/143330h3918.36N/10325.54WO198/006/A=090350 124T163P EOSS BALLOON,"KC0D-1>APZEOS,EOSS,WIDE2-1,qAO,AE0SS-1:/143330h3918.36N/10325.54WO198/006/A=090350 124T163P EOSS BALLOON",198.0,7.0,11.3,39.306,-103.4256666667,38.86,62.54,54.32,12.4,285.55,1630.0,0.02,3.859e-05,0.01988602,-2.778e-05,-3.889e-05,15.06666667,4.59233333,low Re,0.002222,18.314525,0.001474,3.433167,0.064634,-0.946024,0.011573,14.290853,0.000678,5.582269,0.000449,1.046423,0.019701,-0.946019,0.011624,4.355856,
EOSS-340,AE0SS-13,2023-04-22 08:33:42.237,2023-04-22 08:33:41,90471.0,27575.56,906.0,4631.0,ascending,/143341h3918.34N/10325.55WO204/004EOSS Baloon/A=090471!W59!,"AE0SS-13>APTT4,EOSS,qAO,W0ARP-2:/143341h3918.34N/10325.55WO204/004EOSS Baloon/A=090471!W59!",204.0,5.0,8.0,39.30575,-103.4259833333,38.85,62.53,,,,,,,,-2.722e-05,-3.278e-05,15.1,4.60233333,low Re,0.001111,18.303403,0.001473,3.432414,0.064522,-0.93328,-0.00561,14.242998,0.000333,5.578878,0.000449,1.046194,0.019666,-0.933426,-0.005899,4.341271,
EOSS-340,KC0D-1,2023-04-22 08:34:02.046,2023-04-22 08:34:00,90778.0,27669.13,856.0,4650.0,ascending,/143400h3918.33N/10325.57WO242/002/A=090778 127T160P EOSS BALLOON,"KC0D-1>APZEOS,EOSS,WIDE2-1,qAO,W9CN-9:/143400h3918.33N/10325.57WO242/002/A=090778 127T160P EOSS BALLOON",242.0,2.0,3.2,39.3055,-103.4261666667,38.85,62.53,54.86,12.7,285.85,1600.0,0.02,3.784e-05,0.01949953,-1.667e-05,-1.667e-05,14.26666667,4.34833333,low Re,-0.027778,18.289483,0.001372,3.43466,0.064433,-1.171241,-0.452408,14.132295,-0.008467,5.574635,0.000418,1.046879,0.019639,-1.171388,-0.452416,4.307533,
EOSS-340,AE0SS-13,2023-04-22 08:34:12.611,2023-04-22 08:34:11,90904.0,27707.54,866.0,4661.0,ascending,/143411h3918.33N/10325.57WO359/001EOSS Baloon/A=090904!W60!,"AE0SS-13>APTT4,EOSS,qAO,W9CN-9:/143411h3918.33N/10325.57WO359/001EOSS Baloon/A=090904!W60!",359.0,1.0,1.6,39.3056,-103.4261666667,38.85,62.52,,,,,,,,-6.11e-06,-5e-06,14.43333333,4.39933333,low Re,0.005556,18.276231,0.001386,3.436176,0.064321,-1.118365,0.064831,14.093425,0.0017,5.570596,0.000422,1.047341,0.019605,-1.11832,0.065187,4.295685,
EOSS-340,KC0D-1,2023-04-22 08:34:32.215,2023-04-22 08:34:30,91194.0,27795.93,832.0,4680.0,ascending,/143430h3918.34N/10325.57WO188/001/A=091194 127T157P EOSS BALLOON,"KC0D-1>APZEOS,EOSS,WIDE2-1,qAO,N0RPF-6:/143430h3918.34N/10325.57WO188/001/A=091194 127T157P EOSS BALLOON",188.0,1.0,1.6,39.3056666667,-103.4261666667,38.85,62.52,54.86,12.7,285.85,1570.0,0.02,3.713e-05,0.01913392,0.0,5.56e-06,13.86666667,4.22666667,low Re,-0.018889,18.26113,0.001316,3.43996,0.064221,-1.277475,-0.314617,14.025685,-0.005756,5.565994,0.000401,1.048494,0.019575,-1.277382,-0.314534,4.275041,
EOSS-340,AE0SS-13,2023-04-22 08:34:42.266,2023-04-22 08:34:41,91311.0,27831.59,814.0,4691.0,ascending,/143441h3918.32N/10325.55WO153/010EOSS Baloon/A=091311!W97!,"AE0SS-13>APTT4,EOSS,qAO,W0ARP-2:/143441h3918.32N/10325.55WO153/010EOSS Baloon/A=091311!W97!",153.0,12.0,19.3,39.3054833333,-103.42595,38.87,62.55,,,,,,,,7.22e-06,-3.89e-06,13.56666667,4.135,low Re,-0.01,18.245108,0.001278,3.444998,0.064114,-1.358039,-0.175905,14.009373,-0.003056,5.56111,0.000389,1.05003,0.019542,-1.358161,-0.176287,4.270071,
EOSS-340,KC0D-1,2023-04-22 08:35:02.001,2023-04-22 08:35:00,91595.0,27918.16,802.0,4710.0,ascending,/143500h3918.27N/10325.53WO138/011/A=091595 131T154P EOSS BALLOON,"KC0D-1>APZEOS,EOSS,WIDE2-1,qAO,W9CN-9:/143500h3918.27N/10325.53WO138/011/A=091595 131T154P EOSS BALLOON",138.0,13.0,20.9,39.3045,-103.4255,38.92,62.64,55.58,13.1,286.25,1540.0,0.02,3.637e-05,0.01874208,2.222e-05,-3.889e-05,13.36666667,4.07433333,low Re,-0.006667,18.228515,0.00125,3.450863,0.064006,-1.408879,-0.123692,14.004883,-0.002022,5.556053,0.000381,1.051817,0.019509,-1.408724,-0.123174,4.268705,
EOSS-340,AE0SS-13,2023-04-22 08:35:12.221,2023-04-22 08:35:11,91714.0,27954.43,806.0,4721.0,ascending,/143511h3918.24N/10325.49WO142/012EOSS Baloon/A=091714!W69!,"AE0SS-13>APTT4,EOSS,qAO,W0ARP-2:/143511h3918.24N/10325.49WO142/012EOSS Baloon/A=091714!W69!",142.0,14.0,22.5,39.3041,-103.4249833333,38.96,62.7,,,,,,,,3.222e-05,-4.611e-05,13.43333333,4.09466667,low Re,0.002222,18.21226,0.001254,3.456284,0.063897,-1.382678,0.015149,14.020957,0.000678,5.551099,0.000382,1.053469,0.019476,-1.382511,0.015198,4.273606,
EOSS-340,KC0D-1,2023-04-22 08:35:32.003,2023-04-22 08:35:30,92029.0,28050.44,868.0,4740.0,ascending,/143530h3918.19N/10325.43WO136/017/A=092029 132T151P EOSS BALLOON,"KC0D-1>APZEOS,EOSS,WIDE2-1,qAO,N0RPF-6:/143530h3918.19N/10325.43WO136/017/A=092029 132T151P EOSS BALLOON",136.0,20.0,32.2,39.3031666667,-103.4238333333,39.05,62.84,55.76,13.2,286.35,1510.0,0.01,3.564e-05,0.01837055,5.556e-05,-4.444e-05,14.46666667,4.40933333,low Re,0.034444,18.199606,0.001366,3.457282,0.063817,-1.079732,0.518326,14.128998,0.010489,5.547241,0.000416,1.053773,0.019452,-1.079841,0.517839,4.30654,
EOSS-340,AE0SS-13,2023-04-22 08:35:42.357,2023-04-22 08:35:41,91662.0,27938.58,-104.0,0.0,descending,/143541h3918.16N/10325.38WO136/013EOSS Baloon/A=091662!W31!,"AE0SS-13>APTT4,EOSS,qAO,W0ARP-2:/143541h3918.16N/10325.38WO136/013EOSS Baloon/A=091662!W31!",136.0,15.0,24.1,39.3027166667,-103.4230166667,39.1,62.93,,,,,,,,6.556e-05,-4.611e-05,-1.73333333,-0.52833333,n/a,,-1.733333,,,,,,-0.900894,,-0.528333,,,,,,-0.274607,
EOSS-340,KC0D-1,2023-04-22 08:36:01.968,2023-04-22 08:36:00,89371.0,27240.28,-5316.0,19.0,descending,/143600h3918.13N/10325.36WO250/006/A=089371 136T171P EOSS BALLOON,"KC0D-1>APZEOS,EOSS,WIDE2-1,qAO,AE0SS-1:/143600h3918.13N/10325.36WO250/006/A=089371 136T171P EOSS BALLOON",250.0,7.0,11.3,39.3021666667,-103.4226666667,39.14,62.98,56.48,13.6,286.75,1710.0,0.02,4.031e-05,0.02077472,3.889e-05,-3.333e-05,-88.6,-27.00533333,n/a,-2.895556,-45.166667,-2.895556,61.424009,,-0.707107,,-94.587518,-0.882567,-13.766833,-0.882567,18.722066,,-0.707107,,-28.830358,
EOSS-340,AE0SS-13,2023-04-22 08:36:12.610,2023-04-22 08:36:11,88088.0,26849.22,-7148.0,30.0,descending,/143611h3918.11N/10325.39WO233/029EOSS Baloon/A=088088!W15!,"AE0SS-13>APTT4,EOSS,qAO,AE0SS-1:/143611h3918.11N/10325.39WO233/029EOSS Baloon/A=088088!W15!",233.0,33.0,53.1,39.30185,-103.42325,39.12,62.96,,,,,,,,-7.78e-06,-2.889e-05,-119.13333333,-36.312,n/a,-1.017778,-69.822222,-1.956667,60.910949,1.32779,-0.809561,0.707107,-111.681564,-0.310222,-21.281889,-0.596394,18.565723,0.404709,-0.809562,0.707106,-34.040613,
EOSS-340,KC0D-1,2023-04-22 08:36:32.017,2023-04-22 08:36:30,85977.0,26205.79,-6788.0,49.0,descending,/143630h3918.11N/10325.46WO267/008/A=085977 140T203P EOSS BALLOON,"KC0D-1>APZEOS,EOSS,WIDE2-1,qAO,AE0SS-1:/143630h3918.11N/10325.46WO267/008/A=085977 140T203P EOSS BALLOON",267.0,9.0,14.5,39.3018333333,-103.4243333333,39.07,62.88,57.2,14.0,287.15,2030.0,0.02,4.779e-05,0.02462803,-5.556e-05,-1.111e-05,-113.13333333,-34.483,n/a,0.2,-80.65,-1.237778,54.243822,1.55946,-0.598839,0.921972,-114.660376,0.060967,-24.582167,-0.377274,16.533543,0.475327,-0.598833,0.921978,-34.948518,
EOSS-340,AE0SS-13,2023-04-22 08:36:42.303,2023-04-22 08:36:41,84788.0,25843.38,-6600.0,60.0,descending,/143641h3918.09N/10325.49WO215/038EOSS Baloon/A=084788!W30!,"AE0SS-13>APTT4,EOSS,qAO,W0ARP-2:/143641h3918.09N/10325.49WO215/038EOSS Baloon/A=084788!W30!",215.0,44.0,70.8,39.30155,-103.4248333333,39.06,62.86,,,,,,,,-5.278e-05,-1e-05,-110.0,-33.528,n/a,0.104444,-86.52,-0.902222,48.7758,1.439329,-0.481386,0.6994,-110.115415,0.031833,-26.371333,-0.274997,14.86688,0.43871,-0.481383,0.699391,-33.563185,
EOSS-340,KC0D-1,2023-04-22 08:37:01.969,2023-04-22 08:37:00,82935.0,25278.59,-6084.0,79.0,descending,/143700h3918.09N/10325.58WO230/027/A=082935 143T235P EOSS BALLOON,"KC0D-1>APZEOS,EOSS,WIDE2-1,qAO,W9CN-9:/143700h3918.09N/10325.58WO230/027/A=082935 143T235P EOSS BALLOON",230.0,31.0,49.9,39.3015,-103.4263333333,39.0,62.76,57.74,14.3,287.45,2350.0,0.02,5.526e-05,0.02848053,-6.667e-05,-1.111e-05,-101.4,-30.90666667,n/a,0.286667,-89.0,-0.664445,44.047308,1.355154,-0.281516,0.701848,-100.778328,0.087378,-27.127222,-0.202522,13.425629,0.413053,-0.28151,0.701847,-30.717233,
EOSS-340,AE0SS-13,2023-04-22 08:37:12.220,2023-04-22 08:37:11,81959.0,24981.1,-5658.0,90.0,descending,/143711h3918.01N/10325.63WO198/027EOSS Baloon/A=081959!W57!,"AE0SS-13>APTT4,EOSS,qAO,W0ARP-2:/143711h3918.01N/10325.63WO198/027EOSS Baloon/A=081959!W57!",198.0,31.0,49.9,39.30025,-103.4272833333,39.0,62.77,,,,,,,,-8.167e-05,-4.333e-05,-94.3,-28.74266667,n/a,0.236667,-89.757143,-0.514259,40.259375,1.266684,-0.11284,0.592828,-96.007765,0.072133,-27.358,-0.156746,12.271066,0.386087,-0.11284,0.592817,-29.263128,
EOSS-340,KC0D-1,2023-04-22 08:37:32.276,2023-04-22 08:37:30,80350.0,24490.68,-5170.0,109.0,descending,/143730h3917.87N/10325.69WO205/029/A=080350 142T265P EOSS BALLOON,"KC0D-1>APZEOS,EOSS,WIDE2-1,qAO,W9CN-9:/143730h3917.87N/10325.69WO205/029/A=080350 142T265P EOSS BALLOON",205.0,33.0,53.1,39.2978333333,-103.4281666667,39.05,62.85,57.56,14.2,287.35,2650.0,0.03,6.234e-05,0.03212751,-6.111e-05,-0.00012222,-86.16666667,-26.26366667,n/a,0.271111,-89.308333,-0.402064,37.294549,1.193813,0.084239,0.563886,-89.254694,0.082633,-27.221208,-0.122549,11.367386,0.363875,0.084236,0.56388,-27.204795,
EOSS-340,AE0SS-13,2023-04-22 08:37:42.213,2023-04-22 08:37:41,79331.0,24180.09,-5256.0,120.0,descending,/143741h3917.82N/10325.73WO218/033EOSS Baloon/A=079331!W26!,"AE0SS-13>APTT4,EOSS,qAO,W0ARP-2:/143741h3917.82N/10325.73WO218/033EOSS Baloon/A=079331!W26!",218.0,38.0,61.2,39.2970333333,-103.4289333333,39.05,62.84,,,,,,,,-5.5e-05,-0.00010722,-87.6,-26.70033333,n/a,-0.047778,-89.118519,-0.357778,34.890504,1.112331,0.043522,0.278694,-85.794653,-0.014556,-27.163333,-0.10905,10.634633,0.33904,0.043537,0.27871,-26.150176,
EOSS-340,KC0D-1,2023-04-22 08:38:01.977,2023-04-22 08:38:00,77829.0,23722.28,-5042.0,139.0,descending,/143800h3917.78N/10325.85WO231/034/A=077829 144T301P EOSS BALLOON,"KC0D-1>APZEOS,EOSS,WIDE2-1,qAO,W9CN-9:/143800h3917.78N/10325.85WO231/034/A=077829 144T301P EOSS BALLOON",231.0,39.0,62.8,39.2963333333,-103.4308333333,38.99,62.75,57.92,14.4,287.55,3010.0,0.03,7.076e-05,0.03646663,-8.889e-05,-5e-05,-84.03333333,-25.61333333,n/a,0.118889,-88.61,-0.304815,32.934364,1.052552,0.138963,0.402549,-81.725332,0.036233,-27.008333,-0.092908,10.038402,0.320819,0.138966,0.402535,-24.909849,
EOSS-340,AE0SS-13,2023-04-22 08:38:12.955,2023-04-22 08:38:11,76935.0,23449.79,-4792.0,150.0,descending,/143811h3917.71N/10325.84WO121/019EOSS Baloon/A=076935!W86!,"AE0SS-13>APTT4,EOSS,qAO,W9CN-9:/143811h3917.71N/10325.84WO121/019EOSS Baloon/A=076935!W86!",121.0,22.0,35.4,39.2953,-103.4307666667,39.03,62.82,,,,,,,,-6.111e-05,-5.778e-05,-79.86666667,-24.34333333,n/a,0.138889,-87.815152,-0.260445,31.355299,1.002226,0.253497,0.398447,-79.765546,0.042333,-26.766061,-0.079384,9.557103,0.305479,0.2535,0.398446,-24.312514,
EOSS-340,KC0D-1,2023-04-22 08:38:31.941,2023-04-22 08:38:30,75561.0,23030.99,-4536.0,169.0,descending,/143830h3917.68N/10325.89WO180/027/A=075561 142T336P EOSS BALLOON,"KC0D-1>APZEOS,EOSS,WIDE2-1,qAO,N0RPF-6:/143830h3917.68N/10325.89WO180/027/A=075561 142T336P EOSS BALLOON",180.0,31.0,49.9,39.2946666667,-103.4315,39.03,62.81,57.56,14.2,287.35,3360.0,0.03,7.904e-05,0.04073526,-2.222e-05,-5.556e-05,-75.6,-23.043,n/a,0.142222,-86.797222,-0.223838,30.103342,0.958515,0.371959,0.381903,-77.210024,0.043344,-26.455806,-0.068226,9.175502,0.292156,0.371948,0.381885,-23.533594,
EOSS-340,AE0SS-13,2023-04-22 08:38:42.198,2023-04-22 08:38:41,74658.0,22755.76,-4554.0,180.0,descending,/143841h3917.62N/10325.91WO194/036EOSS Baloon/A=074658!W58!,"AE0SS-13>APTT4,EOSS,qAO,W0ARP-2:/143841h3917.62N/10325.91WO194/036EOSS Baloon/A=074658!W58!",194.0,41.0,66.0,39.29375,-103.4319666667,39.04,62.83,,,,,,,,-4e-05,-5.167e-05,-75.9,-23.13433333,n/a,-0.01,-85.958974,-0.206019,28.979789,0.915991,0.347103,0.213997,-75.721162,-0.003044,-26.200308,-0.062795,8.833043,0.279195,0.347103,0.214012,-23.079805,
EOSS-340,KC0D-1,2023-04-22 08:39:01.912,2023-04-22 08:39:00,73266.0,22331.48,-4590.0,199.0,descending,/143900h3917.57N/10325.89WO019/004/A=073266 143T375P EOSS BALLOON,"KC0D-1>APZEOS,EOSS,WIDE2-1,qAO,N0RPF-6:/143900h3917.57N/10325.89WO019/004/A=073266 143T375P EOSS BALLOON",19.0,5.0,8.0,39.2928333333,-103.4315,39.1,62.92,57.74,14.3,287.45,3750.0,0.04,8.818e-05,0.04544765,0.0,-6.111e-05,-76.5,-23.317,n/a,-0.02,-85.283333,-0.191709,27.957412,0.87851,0.314168,0.195455,-73.560998,-0.006089,-25.994357,-0.058433,8.521428,0.267771,0.314191,0.19548,-22.421402,
EOSS-340,AE0SS-13,2023-04-22 08:39:12.323,2023-04-22 08:39:11,72460.0,22085.81,-4396.0,210.0,descending,/143911h3917.56N/10325.84WO123/033EOSS Baloon/A=072460!W94!,"AE0SS-13>APTT4,EOSS,qAO,W0ARP-2:/143911h3917.56N/10325.84WO123/033EOSS Baloon/A=072460!W94!",123.0,38.0,61.2,39.2928166667,-103.4307333333,39.13,62.98,,,,,,,,4.111e-05,-3.111e-05,-73.26666667,-22.33166667,n/a,0.107778,-84.482222,-0.170317,27.118514,0.847832,0.413576,0.328007,-72.330041,0.032844,-25.750178,-0.051913,8.265732,0.25842,0.413576,0.327982,-22.04621,
EOSS-340,KC0D-1,2023-04-22 08:39:31.973,2023-04-22 08:39:30,71199.0,21701.46,-4134.0,229.0,descending,/143930h3917.50N/10325.84WO161/020/A=071199 141T415P EOSS BALLOON,"KC0D-1>APZEOS,EOSS,WIDE2-1,qAO,W9CN-9:/143930h3917.50N/10325.84WO161/020/A=071199 141T415P EOSS BALLOON",161.0,23.0,37.0,39.2916666667,-103.4306666667,39.18,63.05,57.38,14.1,287.25,4150.0,0.04,9.766e-05,0.05033041,2.778e-05,-3.889e-05,-68.9,-21.00066667,n/a,0.145556,-83.508333,-0.149259,26.487007,0.821052,0.551528,0.35907,-70.37581,0.044367,-25.453333,-0.045494,8.07325,0.250257,0.551533,0.359075,-21.450573,
EOSS-340,AE0SS-13,2023-04-22 08:39:42.224,2023-04-22 08:39:41,70465.0,21477.73,-3990.0,240.0,descending,/143941h3917.46N/10325.78WO121/029EOSS Baloon/A=070465!W02!,"AE0SS-13>APTT4,EOSS,qAO,W0ARP-1:/143941h3917.46N/10325.78WO121/029EOSS Baloon/A=070465!W02!",121.0,33.0,53.1,39.291,-103.4297,39.25,63.16,,,,,,,,3.444e-05,-6.056e-05,-66.5,-20.26933333,n/a,0.08,-82.507843,-0.134931,25.975578,0.79528,0.616265,0.270258,-69.208997,0.024378,-25.148392,-0.041127,7.91736,0.242402,0.616248,0.270233,-21.094921,
EOSS-340,KC0D-1,2023-04-22 08:40:05.181,2023-04-22 08:40:00,69229.0,21101.0,-3940.0,259.0,descending,/144000h3917.42N/10325.75WO031/005/A=069229 141T457P EOSS BALLOON,"KC0D-1>APZEOS,EOSS,WIDE2-1,qAO,N0RPF-6:/144000h3917.42N/10325.75WO031/005/A=069229 141T457P EOSS BALLOON",31.0,6.0,9.7,39.2903333333,-103.4291666667,39.3,63.24,57.38,14.1,287.25,4570.0,0.05,0.00010754,0.0554241,5e-05,-4.444e-05,-65.66666667,-20.01533333,n/a,0.027778,-81.572222,-0.125359,25.510734,0.771037,0.623485,0.198612,-67.189042,0.008467,-24.863222,-0.03821,7.775671,0.235012,0.623469,0.198615,-20.479246,
EOSS-340,AE0SS-13,2023-04-22 08:40:12.545,2023-04-22 08:40:11,68417.0,20853.5,-4096.0,270.0,descending,/144011h3917.43N/10325.76WO308/019EOSS Baloon/A=068417!W21!,"AE0SS-13>APTT4,EOSS,qAO,W9CN-9:/144011h3917.43N/10325.76WO308/019EOSS Baloon/A=068417!W21!",308.0,22.0,35.4,39.2905333333,-103.42935,39.28,63.22,,,,,,,,1.167e-05,-1.556e-05,-68.26666667,-20.80766667,n/a,-0.086667,-80.87193,-0.12321,24.97919,0.748071,0.504631,0.04885,-65.829206,-0.026411,-24.649772,-0.037554,7.613657,0.228013,0.504633,0.04887,-20.064765,
EOSS-340,KC0D-1,2023-04-22 08:40:31.946,2023-04-22 08:40:30,67245.0,20496.28,-3968.0,289.0,descending,/144030h3917.45N/10325.82WO202/007/A=067245 138T503P EOSS BALLOON,"KC0D-1>APZEOS,EOSS,WIDE2-1,qAO,W9CN-9:/144030h3917.45N/10325.82WO202/007/A=067245 138T503P EOSS BALLOON",202.0,8.0,12.9,39.2908333333,-103.4303333333,39.23,63.13,56.84,13.8,286.95,5030.0,0.05,0.00011849,0.06106667,-3.889e-05,1.667e-05,-66.13333333,-20.15733333,n/a,0.071111,-80.135,-0.112982,24.535306,0.72836,0.570674,0.25275,-63.837439,0.021678,-24.42515,-0.034437,7.478364,0.222005,0.570689,0.252765,-19.457683,
EOSS-340,KC0D-1,2023-04-22 08:41:01.887,2023-04-22 08:41:00,65482.0,19958.91,-3526.0,319.0,descending,/144100h3917.33N/10325.95WO196/025/A=065482 139T549P EOSS BALLOON,"KC0D-1>APZEOS,EOSS,WIDE2-1,qAO,N0RPF-6:/144100h3917.33N/10325.95WO196/025/A=065482 139T549P EOSS BALLOON",196.0,29.0,46.7,39.2888333333,-103.4325,39.21,63.1,57.02,13.9,287.05,5490.0,0.05,0.00012928,0.06662807,-7.222e-05,-6.667e-05,-58.76666667,-17.91233333,n/a,0.245556,-79.11746,-0.095056,24.364427,0.713453,0.835267,0.477413,-60.834589,0.074833,-24.115016,-0.028973,7.42627,0.21746,0.835235,0.477357,-18.542397,
EOSS-340,AE0SS-13,2023-04-22 08:41:12.335,2023-04-22 08:41:11,64792.0,19748.6,-3625.0,330.0,descending,/144111h3917.29N/10325.98WO249/032EOSS Baloon/A=064792!W76!,"AE0SS-13>APTT4,EOSS,qAO,W0ARP-2:/144111h3917.29N/10325.98WO249/032EOSS Baloon/A=064792!W76!",249.0,37.0,59.5,39.2882833333,-103.4331,39.2,63.09,,,,,,,,-6.25e-05,-3.75e-05,-60.41666667,-18.415,n/a,-0.0275,-78.267424,-0.091839,24.109205,0.695544,0.740413,0.092502,-59.675982,-0.008378,-23.855924,-0.027993,7.348479,0.212002,0.740415,0.092523,-18.189255,
EOSS-340,KC0D-1,2023-04-22 08:41:31.980,2023-04-22 08:41:30,63776.0,19438.92,-3412.0,349.0,descending,/144130h3917.22N/10325.98WO124/015/A=063776 136T596P EOSS BALLOON,"KC0D-1>APZEOS,EOSS,WIDE2-1,qAO,W9CN-9:/144130h3917.22N/10325.98WO124/015/A=063776 136T596P EOSS BALLOON",124.0,17.0,27.4,39.287,-103.433,39.26,63.18,56.48,13.6,286.75,5960.0,0.06,0.00014049,0.07240779,-1.667e-05,-6.111e-05,-56.86666667,-17.333,n/a,0.118333,-77.336957,-0.082285,23.973858,0.680259,0.853859,0.294914,-58.003323,0.036067,-23.572319,-0.025081,7.307224,0.207343,0.853856,0.294912,-17.67942,
EOSS-340,KC0D-1,2023-04-22 08:42:02.066,2023-04-22 08:42:00,62134.0,18938.44,-3284.0,379.0,descending,/144200h3917.13N/10325.88WO143/028/A=062134 135T645P EOSS BALLOON,"KC0D-1>APZEOS,EOSS,WIDE2-1,qAO,N0RPF-6:/144200h3917.13N/10325.88WO143/028/A=062134 135T645P EOSS BALLOON",143.0,32.0,51.5,39.2855,-103.4313333333,39.39,63.39,56.3,13.5,286.65,6450.0,0.06,0.0001521,0.07838811,5.556e-05,-5e-05,-54.73333333,-16.68266667,n/a,0.071111,-76.395139,-0.075616,23.896556,0.665388,0.906482,0.220513,-55.412432,0.021678,-23.28525,-0.023048,7.283666,0.20281,0.906492,0.220532,-16.889713,
EOSS-340,AE0SS-13,2023-04-22 08:42:12.523,2023-04-22 08:42:11,61510.0,18748.25,-3282.0,390.0,descending,/144211h3917.10N/10325.80WO031/016EOSS Baloon/A=061510!W33!,"AE0SS-13>APTT4,EOSS,qAO,N0RPF-6:/144211h3917.10N/10325.80WO031/016EOSS Baloon/A=061510!W33!",31.0,18.0,29.0,39.28505,-103.43005,39.46,63.51,,,,,,,,5.083e-05,-5.389e-05,-54.7,-16.6725,n/a,0.000556,-75.527333,-0.072442,23.792415,0.650948,0.875377,0.112141,-54.469848,0.000169,-23.02074,-0.02208,7.251926,0.198409,0.875387,0.112137,-16.60242,
EOSS-340,KC0D-1,2023-04-22 08:42:32.270,2023-04-22 08:42:30,60542.0,18453.2,-3184.0,409.0,descending,/144230h3917.05N/10325.76WO163/024/A=060542 132T696P EOSS BALLOON,"KC0D-1>APZEOS,EOSS,WIDE2-1,qAO,W9CN-9:/144230h3917.05N/10325.76WO163/024/A=060542 132T696P EOSS BALLOON",163.0,28.0,45.1,39.2841666667,-103.4293333333,39.53,63.62,55.76,13.2,286.35,6960.0,0.07,0.0001643,0.08467486,6.667e-05,-4.444e-05,-53.06666667,-16.17466667,n/a,0.054444,-74.663462,-0.067367,23.724228,0.637747,0.910327,0.191002,-53.055415,0.016594,-22.757429,-0.020534,7.231145,0.194385,0.910335,0.191002,-16.171293,
EOSS-340,AE0SS-13,2023-04-22 08:42:42.238,2023-04-22 08:42:41,59981.0,18282.21,-3058.0,420.0,descending,/144241h3917.01N/10325.67WO079/024EOSS Baloon/A=059981!W55!,"AE0SS-13>APTT4,EOSS,qAO,W0ARP-2:/144241h3917.01N/10325.67WO079/024EOSS Baloon/A=059981!W55!",79.0,28.0,45.1,39.2835833333,-103.4279166667,39.61,63.75,,,,,,,,7.111e-05,-4.889e-05,-50.96666667,-15.53466667,n/a,0.07,-73.785802,-0.062083,23.706308,0.625442,0.962577,0.211183,-52.261753,0.021333,-22.48992,-0.018923,7.225683,0.190635,0.962574,0.211168,-15.929387,
EOSS-340,KC0D-1,2023-04-22 08:43:02.041,2023-04-22 08:43:00,59088.0,18010.02,-2908.0,439.0,descending,/144300h3916.96N/10325.54WO116/019/A=059088 131T747P EOSS BALLOON,"KC0D-1>APZEOS,EOSS,WIDE2-1,qAO,AE0SS-1:/144300h3916.96N/10325.54WO116/019/A=059088 131T747P EOSS BALLOON",116.0,22.0,35.4,39.2826666667,-103.4256666667,39.75,63.97,55.58,13.1,286.25,7470.0,0.07,0.0001764,0.09091123,0.00012222,-5e-05,-48.46666667,-14.77266667,n/a,0.083333,-72.881548,-0.056698,23.750149,0.613935,1.027989,0.228088,-51.035439,0.0254,-22.214304,-0.017282,7.239045,0.187127,1.027986,0.228091,-15.5556,
EOSS-340,KC0D-1,2023-04-22 08:43:32.184,2023-04-22 08:43:30,57567.0,17546.42,-3042.0,469.0,descending,/144330h3916.88N/10325.34WO158/022/A=057567 127T804P EOSS BALLOON,"KC0D-1>APZEOS,EOSS,WIDE2-1,qAO,W9CN-9:/144330h3916.88N/10325.34WO158/022/A=057567 127T804P EOSS BALLOON",158.0,25.0,40.2,39.2813333333,-103.4223333333,39.95,64.29,54.86,12.7,285.85,8040.0,0.08,0.00019012,0.09798516,0.00011111,-4.444e-05,-50.7,-15.45333333,n/a,-0.074444,-72.116667,-0.057331,23.683126,0.602468,0.904301,-0.028405,-49.037631,-0.022689,-21.981167,-0.017475,7.218617,0.183632,0.904305,-0.028394,-14.946668,
EOSS-340,KC0D-1,2023-04-22 08:44:02.058,2023-04-22 08:44:00,56117.0,17104.46,-2900.0,499.0,descending,/144400h3916.66N/10325.12WO102/038/A=056117 126T862P EOSS BALLOON,"KC0D-1>APZEOS,EOSS,WIDE2-1,qAO,N0RPF-6:/144400h3916.66N/10325.12WO102/038/A=056117 126T862P EOSS BALLOON",102.0,44.0,70.8,39.2776666667,-103.4186666667,40.25,64.78,54.68,12.6,285.75,8620.0,0.09,0.00020391,0.1050905,0.00012222,-0.00012222,-48.33333333,-14.732,n/a,0.078889,-71.323889,-0.052634,23.67286,0.592152,0.971178,0.22211,-47.212629,0.024044,-21.739528,-0.016043,7.215488,0.180488,0.971179,0.222103,-14.390408,
EOSS-340,AE0SS-13,2023-04-22 08:44:12.265,2023-04-22 08:44:11,55568.0,16937.13,-2942.0,510.0,descending,/144411h3916.62N/10325.00WO131/044EOSS Baloon/A=055568!W79!,"AE0SS-13>APTT4,EOSS,qAO,W0ARP-2:/144411h3916.62N/10325.00WO131/044EOSS Baloon/A=055568!W79!",131.0,51.0,82.1,39.2771166667,-103.4168166667,40.36,64.95,,,,,,,,0.00012333,-7.185e-05,-49.03333333,-14.94533333,n/a,-0.007778,-70.604839,-0.051139,23.616778,0.581911,0.913397,0.074515,-46.534956,-0.00237,-21.52036,-0.015587,7.198395,0.177367,0.913402,0.074518,-14.18386,
EOSS-340,KC0D-1,2023-04-22 08:44:31.952,2023-04-22 08:44:30,54780.0,16696.94,-2674.0,529.0,descending,/144430h3916.57N/10324.72WO087/042/A=054780 122T919P EOSS BALLOON,"KC0D-1>APZEOS,EOSS,WIDE2-1,qAO,N0RPF-6:/144430h3916.57N/10324.72WO087/042/A=054780 122T919P EOSS BALLOON",87.0,48.0,77.2,39.2761666667,-103.412,40.61,65.35,53.96,12.2,285.35,9190.0,0.09,0.0002177,0.1121967,0.00022222,-5e-05,-44.56666667,-13.584,n/a,0.148889,-69.791146,-0.044686,23.684326,0.573257,1.065028,0.337676,-45.569833,0.045378,-21.272349,-0.013621,7.218981,0.174729,1.065019,0.33766,-13.889681,
EOSS-340,KC0D-1,2023-04-22 08:45:02.382,2023-04-22 08:45:00,53306.0,16247.67,-2948.0,559.0,descending,/144500h3916.56N/10324.43WO141/013/A=053306 121T986P EOSS BALLOON,"KC0D-1>APZEOS,EOSS,WIDE2-1,qAO,AE0SS-1:/144500h3916.56N/10324.43WO141/013/A=053306 121T986P EOSS BALLOON",141.0,15.0,24.1,39.276,-103.4071666667,40.83,65.7,53.78,12.1,285.25,9860.0,0.1,0.00023365,0.12041864,0.00016111,-5.56e-06,-49.13333333,-14.97566667,n/a,-0.152222,-69.165152,-0.048047,23.587059,0.564255,0.849272,-0.184624,-43.773823,-0.046389,-21.08154,-0.014645,7.189339,0.171985,0.849296,-0.184574,-13.342265,
EOSS-340,AE0SS-13,2023-04-22 08:45:12.295,2023-04-22 08:45:11,52812.0,16097.1,-2756.0,570.0,descending,/144511h3916.50N/10324.34WO123/039EOSS Baloon/A=052812!W06!,"AE0SS-13>APTT4,EOSS,qAO,W0ARP-2:/144511h3916.50N/10324.34WO123/039EOSS Baloon/A=052812!W06!",123.0,45.0,72.4,39.275,-103.4057666667,40.93,65.86,,,,,,,,0.00018417,-3.528e-05,-45.93333333,-14.0005,n/a,0.053333,-68.481863,-0.044975,23.566169,0.555649,0.956818,0.176925,-43.171154,0.016253,-20.873275,-0.013708,7.182971,0.169362,0.956815,0.176905,-13.158573,
EOSS-340,KC0D-1,2023-04-22 08:45:32.149,2023-04-22 08:45:30,52084.0,15875.2,-2444.0,589.0,descending,/144530h3916.43N/10324.14WO126/043/A=052084 117T1045P EOSS BALLOON,"KC0D-1>APZEOS,EOSS,WIDE2-1,qAO,W9CN-9:/144530h3916.43N/10324.14WO126/043/A=052084 117T1045P EOSS BALLOON",126.0,49.0,78.9,39.2738333333,-103.4023333333,41.12,66.18,53.06,11.7,284.85,10450.0,0.1,0.00024798,0.12780343,0.00016111,-7.222e-05,-40.73333333,-12.41566667,n/a,0.173333,-67.689048,-0.038554,23.686062,0.548445,1.138041,0.386341,-42.280073,0.052828,-20.631629,-0.011751,7.21951,0.167166,1.138022,0.386317,-12.886965,
EOSS-340,AE0SS-13,2023-04-22 08:45:42.243,2023-04-22 08:45:41,51565.0,15717.01,-2494.0,600.0,descending,/144541h3916.36N/10324.01WO139/032EOSS Baloon/A=051565!W23!,"AE0SS-13>APTT4,EOSS,qAO,W0ARP-2:/144541h3916.36N/10324.01WO139/032EOSS Baloon/A=051565!W23!",139.0,37.0,59.5,39.2727,-103.4002166667,41.26,66.4,,,,,,,,0.000185,-7.667e-05,-41.56666667,-12.66966667,n/a,-0.027778,-66.963426,-0.038246,23.747738,0.540322,1.069439,0.019374,-41.642036,-0.008467,-20.410463,-0.011658,7.238305,0.16469,1.069421,0.019376,-12.692494,
EOSS-340,KC0D-1,2023-04-22 08:46:02.095,2023-04-22 08:46:00,50797.0,15482.93,-2574.0,619.0,descending,/144600h3916.27N/10323.83WO126/024/A=050797 116T1112P EOSS BALLOON,"KC0D-1>APZEOS,EOSS,WIDE2-1,qAO,N0RPF-6:/144600h3916.27N/10323.83WO126/024/A=050797 116T1112P EOSS BALLOON",126.0,28.0,45.1,39.2711666667,-103.3971666667,41.45,66.72,52.88,11.6,284.75,11120.0,0.11,0.00026397,0.13604529,0.00017222,-8.889e-05,-42.9,-13.07566667,n/a,-0.044444,-66.313063,-0.038418,23.747413,0.532549,0.985921,-0.011315,-40.693155,-0.013533,-20.212225,-0.01171,7.238213,0.162321,0.985956,-0.011231,-12.403283,
EOSS-340,KC0D-1,2023-04-22 08:46:31.924,2023-04-22 08:46:30,49720.0,15154.66,-2154.0,649.0,descending,/144630h3916.14N/10323.49WO104/050/A=049720 112T1171P EOSS BALLOON,"KC0D-1>APZEOS,EOSS,WIDE2-1,qAO,N0RPF-6:/144630h3916.14N/10323.49WO104/050/A=049720 112T1171P EOSS BALLOON",104.0,58.0,93.3,39.269,-103.3915,41.79,67.25,52.16,11.2,284.35,11710.0,0.12,0.00027837,0.14346505,0.00018889,-7.222e-05,-35.9,-10.94233333,n/a,0.233333,-65.512719,-0.031074,23.938231,0.526997,1.237047,0.501724,-39.353668,0.071111,-19.968281,-0.009471,7.296374,0.160629,1.237046,0.501665,-11.995008,
EOSS-340,AE0SS-13,2023-04-22 08:46:42.215,2023-04-22 08:46:41,49288.0,15022.98,-2277.0,660.0,descending,/144641h3916.11N/10323.30WO099/049EOSS Baloon/A=049288!W37!,"AE0SS-13>APTT4,EOSS,qAO,W0ARP-2:/144641h3916.11N/10323.30WO099/049EOSS Baloon/A=049288!W37!",99.0,56.0,90.1,39.26855,-103.38845,41.94,67.5,,,,,,,,0.00019611,-6.917e-05,-37.95,-11.56716667,n/a,-0.034167,-64.805983,-0.031155,24.02995,0.519827,1.117605,-0.005794,-38.814225,-0.010414,-19.752868,-0.009496,7.32433,0.158443,1.117604,-0.005794,-11.830578,
EOSS-340,KC0D-1,2023-04-22 08:47:02.013,2023-04-22 08:47:00,48655.0,14830.04,-2130.0,679.0,descending,/144700h3916.04N/10322.93WO104/052/A=048655 110T1232P EOSS BALLOON,"KC0D-1>APZEOS,EOSS,WIDE2-1,qAO,AE0SS-1:/144700h3916.04N/10322.93WO104/052/A=048655 110T1232P EOSS BALLOON",104.0,60.0,96.6,39.2673333333,-103.3821666667,42.27,68.02,51.8,11.0,284.15,12320.0,0.12,0.00029308,0.1510447,0.00031111,-5.556e-05,-35.5,-10.82066667,n/a,0.081667,-64.073333,-0.028262,24.168232,0.51326,1.182268,0.214178,-38.022789,0.024883,-19.529563,-0.008615,7.36647,0.156441,1.182235,0.214125,-11.589347,
EOSS-340,AE0SS-13,2023-04-22 08:47:12.302,2023-04-22 08:47:11,48234.0,14701.72,-2108.0,690.0,descending,/144711h3916.00N/10322.74WO120/054EOSS Baloon/A=048234!W40!,"AE0SS-13>APTT4,EOSS,qAO,W0ARP-2:/144711h3916.00N/10322.74WO120/054EOSS Baloon/A=048234!W40!",120.0,62.0,99.8,39.2667333333,-103.379,42.43,68.29,,,,,,,,0.000315,-6.056e-05,-35.13333333,-10.70866667,n/a,0.012222,-63.36748,-0.02725,24.288438,0.506677,1.162452,0.077904,-37.496503,0.003733,-19.314419,-0.008306,7.403109,0.154435,1.162451,0.077955,-11.428936,
EOSS-340,AE0SS-13,2023-04-22 08:47:42.485,2023-04-22 08:47:41,47237.0,14397.84,-1994.0,720.0,descending,/144741h3915.82N/10322.31WO108/039EOSS Baloon/A=047237!W89!,"AE0SS-13>APTT4,EOSS,qAO,W0ARP-2:/144741h3915.82N/10322.31WO108/039EOSS Baloon/A=047237!W89!",108.0,45.0,72.4,39.2638,-103.3719833333,42.86,68.97,,,,,,,,0.00023389,-9.778e-05,-33.23333333,-10.12933333,n/a,0.063333,-62.65,-0.025041,24.436865,0.500503,1.203782,0.17657,-36.254439,0.019311,-19.095726,-0.007632,7.448355,0.152553,1.203808,0.176614,-11.050363,
EOSS-340,KC0D-1,2023-04-22 08:48:34.312,2023-04-22 08:48:00,46641.0,14216.18,-2014.0,739.0,descending,/144800h3915.76N/10322.08WO106/043/A=046641 104T1359P EOSS BALLOON,"KC0D-1>APZEOS,EOSS,WIDE2-1,qAO,W9CN-9:/144800h3915.76N/10322.08WO106/043/A=046641 104T1359P EOSS BALLOON",106.0,49.0,78.9,39.2626666667,-103.368,43.08,69.32,50.72,10.4,283.55,13590.0,0.13,0.00032397,0.16696762,0.00023611,-7.778e-05,-33.56666667,-10.231,n/a,-0.005556,-61.973643,-0.024577,24.548177,0.494371,1.157193,0.038475,-35.517865,-0.001694,-18.88957,-0.007491,7.482286,0.150684,1.157209,0.038471,-10.825856,
EOSS-340,AE0SS-13,2023-04-22 08:48:12.237,2023-04-22 08:48:11,46249.0,14096.7,-1976.0,750.0,descending,/144811h3915.73N/10321.92WO105/039EOSS Baloon/A=046249!W02!,"AE0SS-13>APTT4,EOSS,qAO,W0ARP-2:/144811h3915.73N/10321.92WO105/039EOSS Baloon/A=046249!W02!",105.0,45.0,72.4,39.2621666667,-103.3653666667,43.21,69.54,,,,,,,,0.00022056,-5.444e-05,-32.93333333,-10.038,n/a,0.021111,-61.313636,-0.023514,24.652901,0.4885,1.151195,0.091351,-35.037176,0.006433,-18.688398,-0.007167,7.514209,0.148895,1.151205,0.09134,-10.679344,
EOSS-340,KC0D-1,2023-04-22 08:48:37.359,2023-04-22 08:48:30,45642.0,13911.68,-1998.0,769.0,descending,/144830h3915.63N/10321.63WO115/042/A=045642 103T1425P EOSS BALLOON,"KC0D-1>APZEOS,EOSS,WIDE2-1,qAO,AE0SS-1:/144830h3915.63N/10321.63WO115/042/A=045642 103T1425P EOSS BALLOON",115.0,48.0,77.2,39.2605,-103.3605,43.49,69.99,50.54,10.3,283.45,14250.0,0.14,0.00033982,0.17513819,0.00025,-7.222e-05,-33.3,-10.15,n/a,-0.012222,-60.691111,-0.023258,24.72634,0.482789,1.107771,0.022859,-34.300571,-0.003733,-18.498656,-0.007089,7.536589,0.147154,1.10775,0.022806,-10.454819,
EOSS-340,AE0SS-13,2023-04-22 08:48:42.200,2023-04-22 08:48:41,45248.0,13791.59,-2002.0,780.0,descending,/144841h3915.57N/10321.46WO114/043EOSS Baloon/A=045248!W24!,"AE0SS-13>APTT4,EOSS,qAO,W0ARP-2:/144841h3915.57N/10321.46WO114/043EOSS Baloon/A=045248!W24!",114.0,49.0,78.9,39.2595333333,-103.3577333333,43.65,70.25,,,,,,,,0.00025444,-8.778e-05,-33.36666667,-10.17033333,n/a,-0.002222,-60.097101,-0.02279,24.779757,0.477282,1.078721,0.043094,-33.828544,-0.000678,-18.317605,-0.006947,7.552866,0.145475,1.078699,0.043093,-10.310947,
EOSS-340,KC0D-1,2023-04-22 08:49:12.372,2023-04-22 08:49:00,44601.0,13594.38,-2082.0,799.0,descending,/144900h3915.42N/10321.16WO116/062/A=044601 106T1498P EOSS BALLOON,"KC0D-1>APZEOS,EOSS,WIDE2-1,qAO,N0RPF-6:/144900h3915.42N/10321.16WO116/062/A=044601 106T1498P EOSS BALLOON",116.0,71.0,114.3,39.257,-103.3526666667,43.97,70.77,51.08,10.6,283.75,14980.0,0.15,0.00035686,0.18391553,0.00026111,-0.00011667,-34.7,-10.57666667,n/a,-0.044444,-59.556738,-0.023261,24.787324,0.47196,1.0028,-0.044883,-33.066031,-0.013544,-18.152904,-0.00709,7.55517,0.143853,1.002788,-0.044865,-10.078528,
EOSS-340,AE0SS-13,2023-04-22 08:49:12.239,2023-04-22 08:49:11,44179.0,13465.76,-2138.0,810.0,descending,/144911h3915.34N/10320.98WO131/055EOSS Baloon/A=044179!W87!,"AE0SS-13>APTT4,EOSS,qAO,W0ARP-2:/144911h3915.34N/10320.98WO131/055EOSS Baloon/A=044179!W87!",131.0,63.0,101.4,39.2558,-103.3497833333,44.15,71.05,,,,,,,,0.000265,-0.00012444,-35.63333333,-10.861,n/a,-0.031111,-59.058333,-0.023428,24.764135,0.466803,0.945924,-0.016459,-32.578446,-0.009478,-18.00099,-0.007141,7.548104,0.142281,0.945932,-0.016425,-9.929919,
EOSS-340,KC0D-1,2023-04-22 08:49:32.027,2023-04-22 08:49:30,43565.0,13278.61,-2072.0,829.0,descending,/144930h3915.19N/10320.67WO117/061/A=043565 107T1577P EOSS BALLOON,"KC0D-1>APZEOS,EOSS,WIDE2-1,qAO,W9CN-9:/144930h3915.19N/10320.67WO117/061/A=043565 107T1577P EOSS BALLOON",117.0,70.0,112.7,39.2531666667,-103.3445,44.48,71.59,51.26,10.7,283.85,15770.0,0.16,0.00037554,0.19354646,0.00027222,-0.00012778,-34.53333333,-10.52566667,n/a,0.036667,-58.557823,-0.022176,24.754012,0.461892,0.970529,0.127396,-31.884863,0.011178,-17.848432,-0.006759,7.54502,0.140784,0.970543,0.127408,-9.718512,
EOSS-340,KC0D-1,2023-04-22 08:50:01.928,2023-04-22 08:50:00,42584.0,12979.6,-1962.0,859.0,descending,/145000h3914.95N/10320.18WO124/056/A=042584 107T1653P EOSS BALLOON,"KC0D-1>APZEOS,EOSS,WIDE2-1,qAO,N0RPF-6:/145000h3914.95N/10320.18WO124/056/A=042584 107T1653P EOSS BALLOON",124.0,64.0,103.0,39.2491666667,-103.3363333333,45.0,72.42,51.26,10.7,283.85,16530.0,0.16,0.00039364,0.20287401,0.00027222,-0.00013333,-32.7,-9.967,n/a,0.061111,-58.040667,-0.020476,24.771522,0.45721,1.022976,0.178445,-30.821501,0.018622,-17.690803,-0.006241,7.550357,0.139357,1.022972,0.178412,-9.394398,
EOSS-340,KC0D-1,2023-04-22 08:50:32.023,2023-04-22 08:50:30,41691.0,12707.42,-1786.0,889.0,descending,/145030h3914.75N/10319.71WO105/053/A=041691 104T1726P EOSS BALLOON,"KC0D-1>APZEOS,EOSS,WIDE2-1,qAO,W9CN-9:/145030h3914.75N/10319.71WO105/053/A=041691 104T1726P EOSS BALLOON",105.0,61.0,98.2,39.2458333333,-103.3285,45.48,73.19,50.72,10.4,283.55,17260.0,0.17,0.00041146,0.21205748,0.00026111,-0.00011111,-29.76666667,-9.07266667,n/a,0.097778,-57.486275,-0.018111,24.840101,0.452829,1.115922,0.255922,-29.908412,0.029811,-17.52182,-0.00552,7.571265,0.138022,1.11595,0.255981,-9.116095,
EOSS-340,AE0SS-13,2023-04-22 08:50:42.228,2023-04-22 08:50:41,41331.0,12597.69,-1898.7,900.0,descending,/145041h3914.69N/10319.50WO104/050EOSS Baloon/A=041331!W86!,"AE0SS-13>APTT4,EOSS,qAO,W0ARP-2:/145041h3914.69N/10319.50WO104/050EOSS Baloon/A=041331!W86!",104.0,58.0,93.3,39.2449666667,-103.3251,45.66,73.49,,,,,,,,0.00027426,-0.00012037,-31.64444444,-9.64522222,n/a,-0.020864,-56.989316,-0.018165,24.855066,0.448278,1.019706,-0.006021,-29.556579,-0.006362,-17.370347,-0.005537,7.575826,0.136635,1.019707,-0.006038,-9.008854,
EOSS-340,KC0D-1,2023-04-22 08:51:02.021,2023-04-22 08:51:00,40826.0,12443.76,-1730.0,919.0,descending,/145100h3914.62N/10319.10WO102/071/A=040826 101T1799P EOSS BALLOON,"KC0D-1>APZEOS,EOSS,WIDE2-1,qAO,N0RPF-6:/145100h3914.62N/10319.10WO102/071/A=040826 101T1799P EOSS BALLOON",102.0,82.0,132.0,39.2436666667,-103.3183333333,46.01,74.05,50.18,10.1,283.25,17990.0,0.18,0.00042932,0.2212604,0.00033889,-7.222e-05,-28.83333333,-8.78866667,n/a,0.093704,-56.458071,-0.016014,24.916897,0.444133,1.108675,0.247039,-29.079714,0.028552,-17.208429,-0.004881,7.594666,0.135372,1.108642,0.246971,-8.8635,
EOSS-340,AE0SS-13,2023-04-22 08:51:12.255,2023-04-22 08:51:11,40478.0,12337.69,-1706.0,930.0,descending,/145111h3914.58N/10318.82WO097/072EOSS Baloon/A=040478!W06!,"AE0SS-13>APTT4,EOSS,qAO,W0ARP-2:/145111h3914.58N/10318.82WO097/072EOSS Baloon/A=040478!W06!",97.0,83.0,133.6,39.243,-103.3137666667,46.24,74.42,,,,,,,,0.00037778,-6.556e-05,-28.43333333,-8.66666667,n/a,0.013333,-55.939095,-0.01546,24.973621,0.43986,1.101393,0.065459,-28.762791,0.004067,-17.050248,-0.004712,7.611952,0.134069,1.101371,0.065481,-8.766903,
EOSS-340,KC0D-1,2023-04-22 08:51:32.018,2023-04-22 08:51:30,39985.0,12187.43,-1682.0,949.0,descending,/145130h3914.50N/10318.34WO103/073/A=039985 98T1875P EOSS BALLOON,"KC0D-1>APZEOS,EOSS,WIDE2-1,qAO,AE0SS-1:/145130h3914.50N/10318.34WO103/073/A=039985 98T1875P EOSS BALLOON",103.0,84.0,135.2,39.2416666667,-103.3056666667,46.66,75.09,49.64,9.8,282.95,18750.0,0.19,0.00044793,0.2308522,0.00042222,-6.667e-05,-28.03333333,-8.54433333,n/a,0.013333,-55.431717,-0.014927,25.025803,0.435708,1.094805,0.06486,-28.330586,0.004078,-16.895595,-0.00455,7.627863,0.132804,1.094836,0.064968,-8.635172,
EOSS-340,AE0SS-13,2023-04-22 08:51:42.242,2023-04-22 08:51:41,39654.0,12086.54,-1648.0,960.0,descending,/145141h3914.45N/10318.07WO103/065EOSS Baloon/A=039654!W69!,"AE0SS-13>APTT4,EOSS,qAO,W0ARP-2:/145141h3914.45N/10318.07WO103/065EOSS Baloon/A=039654!W69!",103.0,75.0,120.7,39.2409333333,-103.3013166667,46.88,75.44,,,,,,,,0.000415,-6.889e-05,-27.46666667,-8.37166667,n/a,0.018889,-54.932341,-0.014312,25.077257,0.431679,1.095242,0.076911,-28.051623,0.005756,-16.743382,-0.004362,7.643549,0.131576,1.095265,0.076899,-8.550143,
EOSS-340,KC0D-1,2023-04-22 08:52:02.065,2023-04-22 08:52:00,39165.0,11937.49,-1640.0,979.0,descending,/145200h3914.34N/10317.62WO111/077/A=039165 94T1951P EOSS BALLOON,"KC0D-1>APZEOS,EOSS,WIDE2-1,qAO,N0RPF-6:/145200h3914.34N/10317.62WO111/077/A=039165 94T1951P EOSS BALLOON",111.0,89.0,143.2,39.239,-103.2936666667,47.3,76.11,48.92,9.4,282.55,19510.0,0.19,0.00046674,0.24054947,0.0004,-8.889e-05,-27.33333333,-8.33133333,n/a,0.004444,-54.448148,-0.013977,25.119758,0.427744,1.079422,0.043065,-27.656195,0.001344,-16.595802,-0.00426,7.656501,0.130376,1.079405,0.042983,-8.429615,
EOSS-340,AE0SS-13,2023-04-22 08:52:12.166,2023-04-22 08:52:11,38834.0,11836.6,-1640.0,990.0,descending,/145211h3914.23N/10317.33WO117/078EOSS Baloon/A=038834!W58!,"AE0SS-13>APTT4,EOSS,qAO,W0ARP-2:/145211h3914.23N/10317.33WO117/078EOSS Baloon/A=038834!W58!",117.0,90.0,144.8,39.23725,-103.2889666667,47.57,76.56,,,,,,,,0.00041167,-0.00012278,-27.33333333,-8.33133333,n/a,0.0,-53.980651,-0.013732,25.151702,0.423912,1.059464,0.032394,-27.399889,0.0,-16.453311,-0.004186,7.666235,0.129208,1.059448,0.032397,-8.351492,
EOSS-340,KC0D-1,2023-04-22 08:52:32.022,2023-04-22 08:52:30,38352.0,11689.69,-1626.0,1009.0,descending,/145230h3914.06N/10316.93WO111/065/A=038352 89T2029P EOSS BALLOON,"KC0D-1>APZEOS,EOSS,WIDE2-1,qAO,W9CN-9:/145230h3914.06N/10316.93WO111/065/A=038352 89T2029P EOSS BALLOON",111.0,75.0,120.7,39.2343333333,-103.2821666667,47.99,77.23,48.02,8.9,282.05,20290.0,0.2,0.00048626,0.25061,0.00038333,-0.00015556,-27.1,-8.26,n/a,0.007778,-53.525047,-0.013361,25.178325,0.420186,1.049516,0.050309,-27.043033,0.002378,-16.314442,-0.004072,7.674351,0.128073,1.049527,0.050362,-8.242724,
EOSS-340,AE0SS-13,2023-04-22 08:52:42.255,2023-04-22 08:52:41,38020.0,11588.5,-1628.0,1020.0,descending,/145241h3914.01N/10316.67WO097/068EOSS Baloon/A=038020!W39!,"AE0SS-13>APTT4,EOSS,qAO,W0ARP-2:/145241h3914.01N/10316.67WO097/068EOSS Baloon/A=038020!W39!",97.0,78.0,125.5,39.23355,-103.2779833333,48.2,77.58,,,,,,,,0.00036611,-0.00012333,-27.13333333,-8.27,n/a,-0.001111,-53.085185,-0.013153,25.195473,0.416551,1.03002,0.028909,-26.808447,-0.000333,-16.180368,-0.004009,7.679583,0.126965,1.030052,0.028953,-8.171225,
EOSS-340,KC0D-1,2023-04-22 08:53:04.313,2023-04-22 08:53:00,37544.0,11443.41,-1616.0,1039.0,descending,/145300h3913.96N/10316.19WO098/076/A=037544 84T2107P EOSS BALLOON,"KC0D-1>APZEOS,EOSS,WIDE2-1,qAO,AE0SS-1:/145300h3913.96N/10316.19WO098/076/A=037544 84T2107P EOSS BALLOON",98.0,87.0,140.0,39.2326666667,-103.2698333333,48.6,78.22,47.12,8.4,281.55,21070.0,0.21,0.00050585,0.26070626,0.00041111,-5.556e-05,-26.93333333,-8.20933333,n/a,0.006667,-52.656466,-0.012823,25.208004,0.413014,1.020435,0.04719,-26.487845,0.002022,-16.049695,-0.003908,7.683401,0.125887,1.020429,0.047106,-8.073502,
EOSS-340,AE0SS-13,2023-04-22 08:53:12.196,2023-04-22 08:53:11,37229.0,11347.4,-1582.0,1050.0,descending,/145311h3913.93N/10315.88WO097/077EOSS Baloon/A=037229!W04!,"AE0SS-13>APTT4,EOSS,qAO,W0ARP-2:/145311h3913.93N/10315.88WO097/077EOSS Baloon/A=037229!W04!",97.0,89.0,143.2,39.2321666667,-103.2647333333,48.85,78.62,,,,,,,,0.00044167,-4.611e-05,-26.36666667,-8.03666667,n/a,0.018889,-52.232437,-0.012303,25.22249,0.409578,1.025504,0.076156,-26.285688,0.005756,-15.920453,-0.00375,7.687815,0.124839,1.025491,0.076146,-8.011885,
EOSS-340,KC0D-1,2023-04-22 08:53:31.963,2023-04-22 08:53:30,36753.0,11202.31,-1582.0,1069.0,descending,/145330h3913.88N/10315.36WO096/085/A=036753 80T2192P EOSS BALLOON,"KC0D-1>APZEOS,EOSS,WIDE2-1,qAO,W9CN-9:/145330h3913.88N/10315.36WO096/085/A=036753 80T2192P EOSS BALLOON",96.0,98.0,157.7,39.2313333333,-103.256,49.28,79.31,46.4,8.0,281.15,21920.0,0.22,0.00052701,0.27160947,0.00046111,-4.444e-05,-26.36666667,-8.03666667,n/a,0.0,-51.821869,-0.012105,25.229601,0.40621,1.008942,0.0298,-25.994916,0.0,-15.795313,-0.00369,7.689981,0.123813,1.008929,0.029803,-7.923254,
EOSS-340,AE0SS-13,2023-04-22 08:53:42.613,2023-04-22 08:53:41,36445.0,11108.44,-1568.0,1080.0,descending,/145341h3913.84N/10315.02WO099/085EOSS Baloon/A=036445!W68!,"AE0SS-13>APTT4,EOSS,qAO,W9CN-9:/145341h3913.84N/10315.02WO099/085EOSS Baloon/A=036445!W68!",99.0,98.0,157.7,39.2307666667,-103.2504666667,49.55,79.74,,,,,,,,0.00047556,-4.667e-05,-26.13333333,-7.96533333,n/a,0.007778,-51.420486,-0.011789,25.233708,0.402929,1.002118,0.048562,-25.815923,0.002378,-15.67297,-0.003593,7.691234,0.122812,1.002133,0.048619,-7.868702,
EOSS-340,KC0D-1,2023-04-22 08:54:02.026,2023-04-22 08:54:00,35988.0,10969.14,-1530.0,1099.0,descending,/145400h3913.75N/10314.47WO108/082/A=035988 76T2274P EOSS BALLOON,"KC0D-1>APZEOS,EOSS,WIDE2-1,qAO,N0RPF-6:/145400h3913.75N/10314.47WO108/082/A=035988 76T2274P EOSS BALLOON",108.0,94.0,151.3,39.2291666667,-103.2411666667,50.03,80.52,45.68,7.6,280.75,22740.0,0.22,0.0005475,0.2821715,0.00049444,-7.222e-05,-25.5,-7.77233333,n/a,0.021111,-51.021709,-0.011275,25.241384,0.399739,1.011106,0.081018,-25.56306,0.006433,-15.551421,-0.003437,7.693575,0.12184,1.011115,0.081008,-7.791625,
EOSS-340,AE0SS-13,2023-04-22 08:54:12.236,2023-04-22 08:54:11,35677.0,10874.35,-1536.0,1110.0,descending,/145411h3913.66N/10314.17WO111/080EOSS Baloon/A=035677!W71!,"AE0SS-13>APTT4,EOSS,qAO,W0ARP-2:/145411h3913.66N/10314.17WO111/080EOSS Baloon/A=035677!W71!",111.0,92.0,148.1,39.2277833333,-103.2361833333,50.31,80.96,,,,,,,,0.00047611,-9.944e-05,-25.6,-7.803,n/a,-0.003333,-50.636532,-0.011153,25.241184,0.396605,0.991892,0.019717,-25.399313,-0.001022,-15.434021,-0.003399,7.693512,0.120885,0.991877,0.019663,-7.741717,
EOSS-340,KC0D-1,2023-04-22 08:54:32.026,2023-04-22 08:54:30,35213.0,10732.92,-1550.0,1129.0,descending,/145430h3913.50N/10313.67WO115/078/A=035213 71T2360P EOSS BALLOON,"KC0D-1>APZEOS,EOSS,WIDE2-1,qAO,N0RPF-6:/145430h3913.50N/10313.67WO115/078/A=035213 71T2360P EOSS BALLOON",115.0,90.0,144.8,39.225,-103.2278333333,50.79,81.74,44.78,7.1,280.25,23600.0,0.23,0.00056922,0.29336536,0.00044444,-0.00013889,-25.83333333,-7.874,n/a,-0.007778,-50.266335,-0.011102,25.231847,0.393543,0.96834,0.008446,-25.16687,-0.002367,-15.321185,-0.003384,7.690667,0.119952,0.968341,0.008478,-7.670866,
EOSS-340,AE0SS-13,2023-04-22 08:54:42.282,2023-04-22 08:54:41,34896.0,10636.3,-1562.0,1140.0,descending,/145441h3913.41N/10313.41WO104/063EOSS Baloon/A=034896!W94!,"AE0SS-13>APTT4,EOSS,qAO,W0ARP-2:/145441h3913.41N/10313.41WO104/063EOSS Baloon/A=034896!W94!",104.0,72.0,115.9,39.22365,-103.2235666667,51.03,82.13,,,,,,,,0.00042056,-0.00013778,-26.03333333,-7.935,n/a,-0.006667,-49.909967,-0.011036,25.214674,0.39055,0.946934,0.011187,-25.015777,-0.002033,-15.212565,-0.003364,7.685432,0.11904,0.94693,0.011181,-7.624813,
EOSS-340,AE0SS-13,2023-04-22 08:55:12.407,2023-04-22 08:55:11,34155.0,10410.44,-1482.0,1170.0,descending,/145511h3913.31N/10312.63WO098/081EOSS Baloon/A=034155!W65!,"AE0SS-13>APTT4,EOSS,qAO,W0ARP-2:/145511h3913.31N/10312.63WO098/081EOSS Baloon/A=034155!W65!",98.0,93.0,149.7,39.2219333333,-103.2105833333,51.69,83.18,,,,,,,,0.00043278,-5.722e-05,-24.7,-7.52866667,n/a,0.044444,-49.544605,-0.01022,25.211919,0.387683,0.985431,0.141002,-24.684819,0.013544,-15.101204,-0.003115,7.684591,0.118166,0.985418,0.14098,-7.523935,
EOSS-340,KC0D-1,2023-04-22 08:56:06.843,2023-04-22 08:55:30,33719.0,10277.55,-1494.0,1189.0,descending,/145530h3913.24N/10312.08WO104/087/A=033719 62T2533P EOSS BALLOON,"KC0D-1>APZEOS,EOSS,WIDE2-1,qAO,N0RPF-6:/145530h3913.24N/10312.08WO104/087/A=033719 62T2533P EOSS BALLOON",104.0,100.0,160.9,39.2206666667,-103.2013333333,52.16,83.94,43.16,6.2,279.35,25330.0,0.25,0.00061292,0.31588497,0.00044167,-7.222e-05,-24.9,-7.5895,n/a,-0.003333,-49.19254,-0.01012,25.201294,0.384823,0.96394,0.017637,-24.503133,-0.001014,-14.993894,-0.003085,7.681352,0.117294,0.963944,0.017656,-7.468557,
EOSS-340,AE0SS-13,2023-04-22 08:55:42.521,2023-04-22 08:55:41,33429.0,10189.16,-1452.0,1200.0,descending,/145541h3913.15N/10311.77WO110/078EOSS Baloon/A=033429!W91!,"AE0SS-13>APTT4,EOSS,qAO,N0RPF-6:/145541h3913.15N/10311.77WO110/078EOSS Baloon/A=033429!W91!",110.0,90.0,144.8,39.2193166667,-103.1961833333,52.44,84.39,,,,,,,,0.00048,-8.722e-05,-24.2,-7.376,n/a,0.023333,-48.840532,-0.009642,25.19583,0.382045,0.977961,0.086312,-24.387005,0.007117,-14.886599,-0.002939,7.679689,0.116447,0.977982,0.086357,-7.433162,
EOSS-340,AE0SS-13,2023-04-22 08:56:12.285,2023-04-22 08:56:11,32708.0,9969.4,-1442.0,1230.0,descending,/145611h3913.02N/10311.00WO099/088EOSS Baloon/A=032708!W57!,"AE0SS-13>APTT4,EOSS,qAO,W0ARP-2:/145611h3913.02N/10311.00WO099/088EOSS Baloon/A=032708!W57!",99.0,101.0,162.5,39.2170833333,-103.18345,53.1,85.46,,,,,,,,0.00042444,-7.444e-05,-24.03333333,-7.32533333,n/a,0.005556,-48.495988,-0.009428,25.188008,0.379311,0.971202,0.039503,-24.112367,0.001689,-14.781582,-0.002874,7.677306,0.115614,0.971206,0.039468,-7.349451,
EOSS-340,KC0D-1,2023-04-22 08:57:08.129,2023-04-22 08:56:30,32297.0,9844.13,-1422.0,1249.0,descending,/145630h3912.91N/10310.44WO107/086/A=032297 58T2710P EOSS BALLOON,"KC0D-1>APZEOS,EOSS,WIDE2-1,qAO,N0RPF-6:/145630h3912.91N/10310.44WO107/086/A=032297 58T2710P EOSS BALLOON",107.0,99.0,159.3,39.2151666667,-103.174,53.61,86.27,42.44,5.8,278.95,27100.0,0.27,0.00065669,0.33844287,0.00045556,-9.167e-05,-23.7,-7.22366667,n/a,0.005556,-48.156317,-0.00922,25.180282,0.376634,0.971249,0.039232,-23.963362,0.001694,-14.678049,-0.00281,7.674952,0.114798,0.971261,0.039234,-7.304035,
EOSS-340,KC0D-1,2023-04-22 08:57:11.337,2023-04-22 08:57:00,31605.0,9633.2,-1384.0,1279.0,descending,/145700h3912.66N/10309.63WO113/077/A=031605 56T2799P EOSS BALLOON,"KC0D-1>APZEOS,EOSS,WIDE2-1,qAO,N0RPF-6:/145700h3912.66N/10309.63WO113/077/A=031605 56T2799P EOSS BALLOON",113.0,89.0,143.2,39.211,-103.1605,54.37,87.51,42.08,5.6,278.75,27990.0,0.28,0.00067874,0.34980859,0.00045,-0.00013889,-23.06666667,-7.031,n/a,0.021111,-47.817267,-0.008804,25.176729,0.374026,0.983075,0.079981,-23.721835,0.006422,-14.57471,-0.002684,7.673865,0.114003,0.983039,0.079875,-7.230413,
EOSS-340,AE0SS-13,2023-04-22 08:57:12.207,2023-04-22 08:57:11,31323.0,9547.25,-1385.0,1290.0,descending,/145711h3912.57N/10309.36WO113/067EOSS Baloon/A=031323!W38!,"AE0SS-13>APTT4,EOSS,qAO,W0ARP-2:/145711h3912.57N/10309.36WO113/067EOSS Baloon/A=031323!W38!",113.0,77.0,123.9,39.20955,-103.1561333333,54.63,87.91,,,,,,,,0.00045528,-0.00012556,-23.08333333,-7.03583333,n/a,-0.000278,-47.487481,-0.008689,25.168607,0.371457,0.969626,0.022643,-23.625957,-8.1e-05,-14.474192,-0.002649,7.67139,0.11322,0.969623,0.022682,-7.20119,
EOSS-340,KC0D-1,2023-04-22 08:57:46.620,2023-04-22 08:57:30,30927.0,9426.55,-1356.0,1309.0,descending,/145730h3912.48N/10308.95WO104/064/A=030927 58T2889P EOSS BALLOON,"KC0D-1>APZEOS,EOSS,WIDE2-1,qAO,W9CN-9:/145730h3912.48N/10308.95WO104/064/A=030927 58T2889P EOSS BALLOON",104.0,74.0,119.1,39.208,-103.1491666667,55.0,88.52,42.44,5.8,278.95,28890.0,0.29,0.00070006,0.36079759,0.00037778,-0.0001,-22.6,-6.88833333,n/a,0.016111,-47.160015,-0.008358,25.162721,0.36895,0.976048,0.066321,-23.493041,0.004917,-14.374378,-0.002548,7.669597,0.112456,0.976068,0.066382,-7.160677,
EOSS-340,AE0SS-13,2023-04-22 08:57:42.527,2023-04-22 08:57:41,30637.0,9338.16,-1372.0,1320.0,descending,/145741h3912.44N/10308.69WO099/067EOSS Baloon/A=030637!W55!,"AE0SS-13>APTT4,EOSS,qAO,N0RPF-6:/145741h3912.44N/10308.69WO099/067EOSS Baloon/A=030637!W55!",99.0,77.0,123.9,39.2074166667,-103.1449166667,55.22,88.87,,,,,,,,0.00037389,-7.111e-05,-22.86666667,-6.96966667,n/a,-0.008889,-46.844517,-0.008365,25.149472,0.366482,0.953414,-0.00143,-23.39659,-0.002711,-14.278213,-0.00255,7.66556,0.111703,0.953426,-0.001441,-7.131279,
EOSS-340,KC0D-1,2023-04-22 08:58:01.939,2023-04-22 08:58:00,30238.0,9216.54,-1378.0,1339.0,descending,/145800h3912.36N/10308.18WO104/079/A=030238 59T2983P EOSS BALLOON,"KC0D-1>APZEOS,EOSS,WIDE2-1,qAO,W9CN-9:/145800h3912.36N/10308.18WO104/079/A=030238 59T2983P EOSS BALLOON",104.0,91.0,146.5,39.206,-103.1363333333,55.66,89.58,42.62,5.9,279.05,29830.0,0.29,0.00072258,0.37240343,0.00042778,-6.667e-05,-22.96666667,-7.00033333,n/a,-0.003333,-46.53839,-0.0083,25.131481,0.364063,0.937936,0.013643,-23.264534,-0.001022,-14.184907,-0.00253,7.660076,0.110966,0.937925,0.01359,-7.091026,
EOSS-340,AE0SS-13,2023-04-22 08:58:12.209,2023-04-22 08:58:11,29961.0,9132.11,-1352.0,1350.0,descending,/145811h3912.29N/10307.89WO111/071EOSS Baloon/A=029961!W14!,"AE0SS-13>APTT4,EOSS,qAO,W0ARP-2:/145811h3912.29N/10307.89WO111/071EOSS Baloon/A=029961!W14!",111.0,82.0,132.0,39.20485,-103.1315666667,55.93,90.0,,,,,,,,0.000445,-8.556e-05,-22.53333333,-6.86833333,n/a,0.014444,-46.234529,-0.008008,25.115498,0.3617,0.943688,0.062074,-23.172963,0.0044,-14.092292,-0.002441,7.655202,0.110246,0.943667,0.062052,-7.063114,
EOSS-340,KC0D-1,2023-04-22 08:58:32.064,2023-04-22 08:58:30,29563.0,9010.8,-1350.0,1369.0,descending,/145830h3912.15N/10307.47WO113/064/A=029563 58T3077P EOSS BALLOON,"KC0D-1>APZEOS,EOSS,WIDE2-1,qAO,N0RPF-6:/145830h3912.15N/10307.47WO113/064/A=029563 58T3077P EOSS BALLOON",113.0,74.0,119.1,39.2025,-103.1245,56.33,90.66,42.44,5.8,278.95,30770.0,0.3,0.00074562,0.38427628,0.00039444,-0.00011667,-22.5,-6.858,n/a,0.001111,-45.937847,-0.007893,25.096716,0.359376,0.933901,0.025055,-23.041045,0.000344,-14.001863,-0.002406,7.649477,0.109538,0.933902,0.025105,-7.022905,
EOSS-340,AE0SS-13,2023-04-22 08:58:42.190,2023-04-22 08:58:41,29288.0,8926.98,-1346.0,1380.0,descending,/145841h3912.07N/10307.23WO111/062EOSS Baloon/A=029288!W88!,"AE0SS-13>APTT4,EOSS,qAO,W0ARP-2:/145841h3912.07N/10307.23WO111/062EOSS Baloon/A=029288!W88!",111.0,71.0,114.3,39.2013,-103.1206333333,56.55,91.02,,,,,,,,0.00036444,-0.00011833,-22.43333333,-6.83766667,n/a,0.002222,-45.647668,-0.007767,25.075737,0.357096,0.925769,0.027973,-22.949373,0.000678,-13.913416,-0.002367,7.643083,0.108843,0.925772,0.027976,-6.994963,
EOSS-340,KC0D-1,2023-04-22 08:59:01.961,2023-04-22 08:59:00,28901.0,8809.02,-1324.0,1399.0,descending,/145900h3911.98N/10306.84WO104/062/A=028901 56T3169P EOSS BALLOON,"KC0D-1>APZEOS,EOSS,WIDE2-1,qAO,N0RPF-6:/145900h3911.98N/10306.84WO104/062/A=028901 56T3169P EOSS BALLOON",104.0,71.0,114.3,39.1996666667,-103.114,56.92,91.6,42.08,5.6,278.75,31690.0,0.31,0.00076846,0.39604981,0.00035,-9.444e-05,-22.06666667,-6.726,n/a,0.012222,-45.360095,-0.00752,25.056157,0.354864,0.929649,0.055633,-22.81924,0.003722,-13.825765,-0.002292,7.637114,0.108162,0.92964,0.055602,-6.955297,
EOSS-340,AE0SS-13,2023-04-22 08:59:12.218,2023-04-22 08:59:11,28626.0,8725.2,-1324.0,1410.0,descending,/145911h3911.92N/10306.56WO105/075EOSS Baloon/A=028626!W78!,"AE0SS-13>APTT4,EOSS,qAO,W0ARP-2:/145911h3911.92N/10306.56WO105/075EOSS Baloon/A=028626!W78!",105.0,86.0,138.4,39.1987833333,-103.1094666667,57.16,91.99,,,,,,,,0.00037222,-8.389e-05,-22.06666667,-6.726,n/a,0.0,-45.079451,-0.007428,25.033816,0.352668,0.919268,0.021062,-22.725739,0.0,-13.740226,-0.002264,7.630304,0.107493,0.919259,0.021062,-6.926798,
EOSS-340,KC0D-1,2023-04-22 08:59:31.940,2023-04-22 08:59:30,28230.0,8604.5,-1342.0,1429.0,descending,/145930h3911.79N/10306.08WO115/074/A=028230 53T3267P EOSS BALLOON,"KC0D-1>APZEOS,EOSS,WIDE2-1,qAO,W9CN-9:/145930h3911.79N/10306.08WO115/074/A=028230 53T3267P EOSS BALLOON",115.0,85.0,136.8,39.1965,-103.1013333333,57.61,92.72,41.54,5.3,278.45,32670.0,0.32,0.00079308,0.40873738,0.00042222,-0.00010556,-22.36666667,-6.81733333,n/a,-0.01,-44.809061,-0.007459,25.005654,0.350511,0.897493,-0.007249,-22.589261,-0.003044,-13.65781,-0.002274,7.621721,0.106836,0.897498,-0.007207,-6.8852,
EOSS-340,AE0SS-13,2023-04-22 08:59:42.542,2023-04-22 08:59:41,27963.0,8523.12,-1326.0,1440.0,descending,/145941h3911.69N/10305.81WO114/075EOSS Baloon/A=027963!W71!,"AE0SS-13>APTT4,EOSS,qAO,N0RPF-6:/145941h3911.69N/10305.81WO114/075EOSS Baloon/A=027963!W71!",114.0,86.0,138.4,39.19495,-103.09685,57.88,93.14,,,,,,,,0.00042056,-0.00012778,-22.1,-6.736,n/a,0.008889,-44.541895,-0.007264,24.97811,0.348397,0.898462,0.046364,-22.495848,0.002711,-13.576377,-0.002214,7.613326,0.106191,0.898474,0.046379,-6.856727,
EOSS-340,KC0D-1,2023-04-22 09:00:03.129,2023-04-22 09:00:00,27574.0,8404.56,-1312.0,1459.0,descending,/150000h3911.54N/10305.40WO114/064/A=027574 50T3364P EOSS BALLOON,"KC0D-1>APZEOS,EOSS,WIDE2-1,qAO,W9CN-9:/150000h3911.54N/10305.40WO114/064/A=027574 50T3364P EOSS BALLOON",114.0,74.0,119.1,39.1923333333,-103.09,58.28,93.8,41.0,5.0,278.15,33640.0,0.33,0.00081751,0.42132708,0.00037778,-0.00013889,-21.86666667,-6.66466667,n/a,0.007778,-44.27823,-0.007088,24.950843,0.346321,0.898229,0.042925,-22.357507,0.002378,-13.496008,-0.00216,7.605019,0.105559,0.898267,0.04299,-6.814564,
EOSS-340,AE0SS-13,2023-04-22 09:00:12.191,2023-04-22 09:00:11,27310.0,8324.09,-1306.0,1470.0,descending,/150011h3911.46N/10305.17WO110/062EOSS Baloon/A=027310!W95!,"AE0SS-13>APTT4,EOSS,qAO,W0ARP-2:/150011h3911.46N/10305.17WO110/062EOSS Baloon/A=027310!W95!",110.0,71.0,114.3,39.19115,-103.08625,58.5,94.14,,,,,,,,0.00035333,-0.00012667,-21.76666667,-6.63433333,n/a,0.003333,-44.019476,-0.006966,24.922492,0.34428,0.892881,0.029915,-22.261995,0.001011,-13.417139,-0.002123,7.596379,0.104936,0.8929,0.029866,-6.785451,
EOSS-340,KC0D-1,2023-04-22 09:00:31.972,2023-04-22 09:00:30,26922.0,8205.83,-1304.0,1489.0,descending,/150030h3911.38N/10304.75WO103/072/A=026922 47T3463P EOSS BALLOON,"KC0D-1>APZEOS,EOSS,WIDE2-1,qAO,W9CN-9:/150030h3911.38N/10304.75WO103/072/A=026922 47T3463P EOSS BALLOON",103.0,83.0,133.6,39.1896666667,-103.0791666667,58.88,94.76,40.46,4.7,277.85,34630.0,0.34,0.00084248,0.43419472,0.00036111,-8.889e-05,-21.73333333,-6.62433333,n/a,0.001111,-43.766225,-0.006874,24.892473,0.342273,0.885123,0.023329,-22.119098,0.000333,-13.339948,-0.002095,7.587229,0.104325,0.885121,0.023273,-6.741896,
EOSS-340,AE0SS-13,2023-04-22 09:00:42.189,2023-04-22 09:00:41,26663.0,8126.88,-1294.0,1500.0,descending,/150041h3911.31N/10304.47WO110/079EOSS Baloon/A=026663!W91!,"AE0SS-13>APTT4,EOSS,qAO,W0ARP-2:/150041h3911.31N/10304.47WO110/079EOSS Baloon/A=026663!W91!",110.0,91.0,146.5,39.18865,-103.0745166667,59.13,95.16,,,,,,,,0.00039111,-8.333e-05,-21.56666667,-6.57366667,n/a,0.005556,-43.516792,-0.006732,24.862244,0.340303,0.88287,0.036109,-22.021985,0.001689,-13.263922,-0.002052,7.578014,0.103724,0.882851,0.036067,-6.712294,
EOSS-340,AE0SS-13,2023-04-22 09:01:12.202,2023-04-22 09:01:11,26010.0,7927.85,-1306.0,1530.0,descending,/150111h3911.08N/10303.79WO108/060EOSS Baloon/A=026010!W18!,"AE0SS-13>APTT4,EOSS,qAO,W0ARP-2:/150111h3911.08N/10303.79WO108/060EOSS Baloon/A=026010!W18!",108.0,69.0,111.0,39.1846833333,-103.0633,59.79,96.22,,,,,,,,0.00037389,-0.00013222,-21.76666667,-6.63433333,n/a,-0.006667,-43.275123,-0.006732,24.828254,0.338364,0.86629,0.000192,-21.770904,-0.002022,-13.19026,-0.002052,7.567655,0.103133,0.866309,0.000291,-6.635767,
EOSS-340,KC0D-1,2023-04-22 09:01:31.944,2023-04-22 09:01:30,25621.0,7809.28,-1301.0,1549.0,descending,/150130h3910.99N/10303.35WO104/072/A=025621 39T3666P EOSS BALLOON,"KC0D-1>APZEOS,EOSS,WIDE2-1,qAO,W9CN-9:/150130h3910.99N/10303.35WO104/072/A=025621 39T3666P EOSS BALLOON",104.0,83.0,133.6,39.1831666667,-103.0558333333,60.19,96.86,39.02,3.9,277.05,36660.0,0.36,0.00089444,0.46097434,0.00038889,-0.00010833,-21.68333333,-6.60916667,n/a,0.001389,-43.037851,-0.006641,24.793467,0.336459,0.861296,0.023866,-21.617133,0.000419,-13.11794,-0.002024,7.557051,0.102553,0.861285,0.023822,-6.588896,
EOSS-340,AE0SS-13,2023-04-22 09:01:42.577,2023-04-22 09:01:41,25354.0,7727.9,-1312.0,1560.0,descending,/150141h3910.93N/10303.08WO103/072EOSS Baloon/A=025354!W72!,"AE0SS-13>APTT4,EOSS,qAO,W9CN-9:/150141h3910.93N/10303.08WO103/072EOSS Baloon/A=025354!W72!",103.0,83.0,133.6,39.1822833333,-103.0513666667,60.42,97.24,,,,,,,,0.00039778,-8e-05,-21.86666667,-6.665,n/a,-0.006111,-42.807729,-0.006635,24.75546,0.334585,0.845917,0.001566,-21.509839,-0.001861,-13.0478,-0.002023,7.545466,0.101981,0.845912,0.001589,-6.556194,
EOSS-340,KC0D-1,2023-04-22 09:02:01.974,2023-04-22 09:02:00,24964.0,7609.03,-1314.0,1579.0,descending,/150200h3910.78N/10302.61WO117/066/A=024964 39T3772P EOSS BALLOON,"KC0D-1>APZEOS,EOSS,WIDE2-1,qAO,W9CN-9:/150200h3910.78N/10302.61WO117/066/A=024964 39T3772P EOSS BALLOON",117.0,76.0,122.3,39.1796666667,-103.0435,60.88,97.98,39.02,3.9,277.05,37720.0,0.37,0.0009203,0.47430312,0.00041111,-0.00011667,-21.9,-6.675,n/a,-0.001111,-42.582915,-0.006575,24.715824,0.332742,0.836829,0.016421,-21.350698,-0.000333,-12.979275,-0.002004,7.533386,0.10142,0.836845,0.016476,-6.507689,
EOSS-340,AE0SS-13,2023-04-22 09:02:12.273,2023-04-22 09:02:11,24698.0,7527.95,-1312.0,1590.0,descending,/150211h3910.68N/10302.38WO115/063EOSS Baloon/A=024698!W90!,"AE0SS-13>APTT4,EOSS,qAO,W0ARP-2:/150211h3910.68N/10302.38WO115/063EOSS Baloon/A=024698!W90!",115.0,72.0,115.9,39.17815,-103.0396666667,61.11,98.35,,,,,,,,0.00039,-0.00013778,-21.86666667,-6.665,n/a,0.001111,-42.36253,-0.006493,24.675271,0.330929,0.830624,0.022978,-21.240612,0.000333,-12.912102,-0.001979,7.521025,0.100867,0.830618,0.022921,-6.474134,
EOSS-340,KC0D-1,2023-04-22 09:02:32.025,2023-04-22 09:02:30,24303.0,7407.55,-1322.0,1609.0,descending,/150230h3910.55N/10302.00WO113/063/A=024303 38T3881P EOSS BALLOON,"KC0D-1>APZEOS,EOSS,WIDE2-1,qAO,W9CN-9:/150230h3910.55N/10302.00WO113/063/A=024303 38T3881P EOSS BALLOON",113.0,72.0,115.9,39.1758333333,-103.0333333333,61.48,98.95,38.84,3.8,276.95,38810.0,0.38,0.00094724,0.48818533,0.00033889,-0.00012778,-22.03333333,-6.716,n/a,-0.005556,-42.148538,-0.006483,24.632132,0.329145,0.816625,0.002816,-21.075053,-0.0017,-12.84688,-0.001976,7.507874,0.100323,0.816593,0.002751,-6.423671,
EOSS-340,AE0SS-13,2023-04-22 09:02:42.205,2023-04-22 09:02:41,24038.0,7326.78,-1320.0,1620.0,descending,/150241h3910.48N/10301.75WO106/069EOSS Baloon/A=024038!W45!,"AE0SS-13>APTT4,EOSS,qAO,W0ARP-2:/150241h3910.48N/10301.75WO106/069EOSS Baloon/A=024038!W45!",106.0,79.0,127.1,39.1747333333,-103.02925,61.71,99.32,,,,,,,,0.00034722,-0.00011389,-22.0,-6.70566667,n/a,0.001111,-41.938657,-0.006403,24.588289,0.327391,0.810901,0.022951,-20.962737,0.000344,-12.782909,-0.001952,7.49451,0.099789,0.810893,0.023009,-6.389438,
EOSS-340,KC0D-1,2023-04-22 09:03:02.076,2023-04-22 09:03:00,23654.0,7209.74,-1298.0,1639.0,descending,/150300h3910.34N/10301.26WO111/078/A=023654 36T3991P EOSS BALLOON,"KC0D-1>APZEOS,EOSS,WIDE2-1,qAO,AE0SS-1:/150300h3910.34N/10301.26WO111/078/A=023654 36T3991P EOSS BALLOON",111.0,90.0,144.8,39.1723333333,-103.021,62.18,100.07,38.48,3.6,276.75,39910.0,0.39,0.00097479,0.50238486,0.00041111,-0.00011667,-21.63333333,-6.59366667,n/a,0.012222,-41.729324,-0.006209,24.546625,0.325669,0.818687,0.056594,-20.798488,0.003733,-12.719102,-0.001892,7.481813,0.099264,0.81871,0.056667,-6.339378,
EOSS-340,KC0D-1,2023-04-22 09:03:31.980,2023-04-22 09:03:30,23008.0,7012.84,-1292.0,1669.0,descending,/150330h3910.08N/10300.55WO112/064/A=023008 33T4101P EOSS BALLOON,"KC0D-1>APZEOS,EOSS,WIDE2-1,qAO,W9CN-9:/150330h3910.08N/10300.55WO112/064/A=023008 33T4101P EOSS BALLOON",112.0,74.0,119.1,39.168,-103.0091666667,62.88,101.19,37.94,3.3,276.45,41010.0,0.4,0.00100274,0.51679181,0.00039444,-0.00014444,-21.53333333,-6.56333333,n/a,0.003333,-41.523243,-0.00611,24.504838,0.323969,0.815754,0.029148,-20.519217,0.001011,-12.656288,-0.001862,7.469076,0.098746,0.815757,0.029095,-6.254258,
EOSS-340,AE0SS-13,2023-04-22 09:03:42.274,2023-04-22 09:03:41,22749.0,6933.9,-1289.0,1680.0,descending,/150341h3910.01N/10300.29WO106/072EOSS Baloon/A=022749!W67!,"AE0SS-13>APTT4,EOSS,qAR,W0ARP:/150341h3910.01N/10300.29WO106/072EOSS Baloon/A=022749!W67!",106.0,83.0,133.6,39.1669333333,-103.00495,63.11,101.57,,,,,,,,0.000405,-0.00013,-21.48333333,-6.548,n/a,0.000833,-41.320819,-0.00604,24.462547,0.322296,0.810933,0.021325,-20.406601,0.000256,-12.594588,-0.001841,7.456187,0.098236,0.810949,0.021347,-6.219934,
EOSS-340,KC0D-1,2023-04-22 09:04:01.975,2023-04-22 09:04:00,22368.0,6817.77,-1280.0,1699.0,descending,/150400h3909.86N/10259.81WO118/073/A=022368 31T4215P EOSS BALLOON,"KC0D-1>APZEOS,EOSS,WIDE2-1,qAO,W9CN-9:/150400h3909.86N/10259.81WO118/073/A=022368 31T4215P EOSS BALLOON",118.0,84.0,135.2,39.1643333333,-102.9968333333,63.58,102.32,37.58,3.1,276.25,42150.0,0.42,0.00103136,0.53154219,0.00041111,-0.00012222,-21.33333333,-6.50233333,n/a,0.005,-41.120944,-0.005928,24.420619,0.320649,0.810283,0.034081,-20.240698,0.001522,-12.533666,-0.001807,7.443408,0.097734,0.810292,0.034062,-6.169367,
EOSS-340,AE0SS-13,2023-04-22 09:04:12.202,2023-04-22 09:04:11,22116.0,6740.96,-1266.0,1710.0,descending,/150411h3909.76N/10259.56WO115/065EOSS Baloon/A=022116!W37!,"AE0SS-13>APTT4,EOSS,qAO,W0ARP-2:/150411h3909.76N/10259.56WO115/065EOSS Baloon/A=022116!W37!",115.0,75.0,120.7,39.1627166667,-102.9927833333,63.82,102.71,,,,,,,,0.00040556,-0.00014056,-21.1,-6.43133333,n/a,0.007778,-40.922717,-0.005791,24.379738,0.319029,0.813082,0.042532,-20.131013,0.002367,-12.473246,-0.001765,7.430947,0.09724,0.813074,0.042493,-6.135936,
EOSS-340,KC0D-1,2023-04-22 09:05:06.775,2023-04-22 09:04:30,21753.0,6630.31,-1230.0,1729.0,descending,/150430h3909.64N/10259.14WO108/075/A=021753 30T4325P EOSS BALLOON,"KC0D-1>APZEOS,EOSS,WIDE2-1,qAO,N0RPF-6:/150430h3909.64N/10259.14WO108/075/A=021753 30T4325P EOSS BALLOON",108.0,86.0,138.4,39.1606666667,-102.9856666667,64.22,103.36,37.4,3.0,276.15,43250.0,0.43,0.00105866,0.5456115,0.00037222,-0.00012222,-20.5,-6.24866667,n/a,0.02,-40.722495,-0.005536,24.342881,0.31744,0.830735,0.080444,-19.973401,0.006089,-12.412221,-0.001687,7.419711,0.096756,0.8307,0.080367,-6.087893,
EOSS-340,AE0SS-13,2023-04-22 09:04:42.312,2023-04-22 09:04:41,21495.0,6551.68,-1242.0,1740.0,descending,/150441h3909.55N/10258.84WO115/080EOSS Baloon/A=021495!W06!,"AE0SS-13>APTT4,EOSS,qAO,W0ARP-2:/150441h3909.55N/10258.84WO115/080EOSS Baloon/A=021495!W06!",115.0,92.0,148.1,39.1591666667,-102.9807666667,64.5,103.81,,,,,,,,0.00040056,-0.00011833,-20.7,-6.30933333,n/a,-0.006667,-40.528101,-0.005547,24.303468,0.315865,0.815855,-0.003546,-19.861859,-0.002022,-12.35297,-0.001691,7.407698,0.096275,0.815859,-0.003438,-6.0539,
EOSS-340,KC0D-1,2023-04-22 09:05:23.264,2023-04-22 09:05:00,21135.0,6441.95,-1236.0,1759.0,descending,/150500h3909.36N/10258.41WO122/070/A=021135 31T4437P EOSS BALLOON,"KC0D-1>APZEOS,EOSS,WIDE2-1,qAO,N0RPF-6:/150500h3909.36N/10258.41WO122/070/A=021135 31T4437P EOSS BALLOON",122.0,81.0,130.4,39.156,-102.9735,64.95,104.52,37.58,3.1,276.25,44370.0,0.44,0.00108568,0.55953801,0.00040556,-0.00015556,-20.6,-6.27866667,n/a,0.003333,-40.336485,-0.005461,24.264017,0.314314,0.813406,0.027978,-19.707194,0.001022,-12.294563,-0.001664,7.395675,0.095803,0.813434,0.028037,-6.006758,
EOSS-340,AE0SS-13,2023-04-22 09:05:12.216,2023-04-22 09:05:11,20882.0,6364.83,-1226.0,1770.0,descending,/150511h3909.25N/10258.18WO116/064EOSS Baloon/A=020882!W46!,"AE0SS-13>APTT4,EOSS,qAO,W0ARP-2:/150511h3909.25N/10258.18WO116/064EOSS Baloon/A=020882!W46!",116.0,74.0,119.1,39.1542333333,-102.9697666667,65.18,104.9,,,,,,,,0.00036667,-0.00016444,-20.43333333,-6.22833333,n/a,0.005556,-40.146931,-0.005355,24.225075,0.312786,0.813768,0.034883,-19.599365,0.001678,-12.236789,-0.001632,7.383803,0.095337,0.813735,0.034719,-5.97389,
EOSS-340,KC0D-1,2023-04-22 09:05:49.310,2023-04-22 09:05:30,20561.0,6266.99,-1148.0,1789.0,descending,/150530h3909.11N/10257.77WO116/069/A=020561 35T4546P EOSS BALLOON,"KC0D-1>APZEOS,EOSS,WIDE2-1,qAO,N0RPF-6:/150530h3909.11N/10257.77WO116/069/A=020561 35T4546P EOSS BALLOON",116.0,79.0,127.1,39.1518333333,-102.9628333333,65.59,105.55,38.3,3.5,276.65,45460.0,0.45,0.00111075,0.57245481,0.00035556,-0.00013889,-19.13333333,-5.832,n/a,0.043333,-39.94869,-0.004891,24.19568,0.311315,0.860292,0.154904,-19.463808,0.013211,-12.176367,-0.001491,7.374843,0.094889,0.860271,0.154939,-5.932573,
EOSS-340,AE0SS-13,2023-04-22 09:05:42.550,2023-04-22 09:05:41,20324.0,6194.76,-1116.0,1800.0,descending,/150541h3909.01N/10257.52WO115/066EOSS Baloon/A=020324!W95!,"AE0SS-13>APTT4,EOSS,qAO,N0RPF-6:/150541h3909.01N/10257.52WO115/066EOSS Baloon/A=020324!W95!",115.0,76.0,122.3,39.1503166667,-102.95875,65.83,105.94,,,,,,,,0.00036722,-0.00013056,-18.6,-5.669,n/a,0.017778,-39.749169,-0.004677,24.169558,0.309837,0.875033,0.072474,-19.364756,0.005433,-12.11555,-0.001426,7.366883,0.094438,0.875072,0.07263,-5.902386,
EOSS-340,KC0D-1,2023-04-22 09:06:01.915,2023-04-22 09:06:00,19997.0,6095.09,-1128.0,1819.0,descending,/150600h3908.88N/10257.15WO112/054/A=019997 40T4656P EOSS BALLOON,"KC0D-1>APZEOS,EOSS,WIDE2-1,qAO,N0RPF-6:/150600h3908.88N/10257.15WO112/054/A=019997 40T4656P EOSS BALLOON",112.0,62.0,99.8,39.148,-102.9525,66.2,106.54,39.2,4.0,277.15,46560.0,0.46,0.00113557,0.58524881,0.00034444,-0.00012778,-18.8,-5.73,n/a,-0.006667,-39.555195,-0.004696,24.140663,0.308372,0.859761,-0.006392,-19.229714,-0.002033,-12.056425,-0.001431,7.358078,0.093992,0.859793,-0.006405,-5.861225,
EOSS-340,AE0SS-13,2023-04-22 09:06:12.225,2023-04-22 09:06:11,19766.0,6024.68,-1116.0,1830.0,descending,/150611h3908.83N/10256.96WO104/048EOSS Baloon/A=019766!W62!,"AE0SS-13>APTT4,EOSS,qAO,W0ARP-2:/150611h3908.83N/10256.96WO104/048EOSS Baloon/A=019766!W62!",104.0,55.0,88.5,39.1472666667,-102.9493666667,66.37,106.81,,,,,,,,0.00031278,-0.00010167,-18.6,-5.66933333,n/a,0.006667,-39.362946,-0.004591,24.112324,0.306929,0.861093,0.036679,-19.135558,0.002022,-11.997828,-0.001399,7.34944,0.093552,0.861085,0.036568,-5.832526,
EOSS-340,KC0D-1,2023-04-22 09:06:32.269,2023-04-22 09:06:30,19456.0,5930.19,-1082.0,1849.0,descending,/150630h3908.82N/10256.62WO098/054/A=019456 44T4765P EOSS BALLOON,"KC0D-1>APZEOS,EOSS,WIDE2-1,qAO,W9CN-9:/150630h3908.82N/10256.62WO098/054/A=019456 44T4765P EOSS BALLOON",98.0,62.0,99.8,39.147,-102.9436666667,66.65,107.26,39.92,4.4,277.55,47650.0,0.47,0.00116048,0.59808667,0.00029444,-3.333e-05,-18.03333333,-5.49666667,n/a,0.018889,-39.16904,-0.004375,24.087468,0.305513,0.877457,0.076147,-19.010946,0.005756,-11.938726,-0.001334,7.341863,0.09312,0.877442,0.076138,-5.794544,
EOSS-340,AE0SS-13,2023-04-22 09:06:42.292,2023-04-22 09:06:41,19225.0,5859.78,-1082.0,1860.0,descending,/150641h3908.78N/10256.42WO104/049EOSS Baloon/A=019225!W69!,"AE0SS-13>APTT4,EOSS,qAO,W0ARP-2:/150641h3908.78N/10256.42WO104/049EOSS Baloon/A=019225!W69!",104.0,56.0,90.1,39.1464333333,-102.9404833333,66.82,107.53,,,,,,,,0.00029611,-2.778e-05,-18.03333333,-5.49666667,n/a,0.0,-38.978629,-0.004335,24.061505,0.304109,0.87049,0.014255,-18.919465,0.0,-11.88069,-0.001321,7.333948,0.092692,0.870476,0.014251,-5.76666,
EOSS-340,KC0D-1,2023-04-22 09:07:01.951,2023-04-22 09:07:00,18914.0,5764.99,-1084.0,1879.0,descending,/150700h3908.73N/10256.16WO102/039/A=018914 45T4876P EOSS BALLOON,"KC0D-1>APZEOS,EOSS,WIDE2-1,qAO,N0RPF-6:/150700h3908.73N/10256.16WO102/039/A=018914 45T4876P EOSS BALLOON",102.0,45.0,72.4,39.1455,-102.936,67.06,107.92,40.1,4.5,277.65,48760.0,0.48,0.00118709,0.61179858,0.00025556,-5e-05,-18.06666667,-5.50666667,n/a,-0.001111,-38.791915,-0.004306,24.034241,0.302724,0.862322,0.010554,-18.798242,-0.000333,-11.823779,-0.001313,7.325639,0.09227,0.862329,0.010621,-5.729713,
EOSS-340,AE0SS-13,2023-04-22 09:07:12.245,2023-04-22 09:07:11,18687.0,5695.8,-1076.0,1890.0,descending,/150711h3908.71N/10256.00WO098/038EOSS Baloon/A=018687!W66!,"AE0SS-13>APTT4,EOSS,qAO,W0ARP-2:/150711h3908.71N/10256.00WO098/038EOSS Baloon/A=018687!W66!",98.0,44.0,70.8,39.1452666667,-102.9334333333,67.18,108.12,,,,,,,,0.000235,-3.889e-05,-17.93333333,-5.466,n/a,0.004444,-38.607325,-0.004228,24.00703,0.301358,0.861164,0.028776,-18.711211,0.001356,-11.767515,-0.001289,7.317345,0.091854,0.861175,0.028796,-5.703186,
EOSS-340,KC0D-1,2023-04-22 09:07:31.951,2023-04-22 09:07:30,18386.0,5604.05,-1056.0,1909.0,descending,/150730h3908.71N/10255.70WO095/050/A=018386 45T4985P EOSS BALLOON,"KC0D-1>APZEOS,EOSS,WIDE2-1,qAO,W9CN-9:/150730h3908.71N/10255.70WO095/050/A=018386 45T4985P EOSS BALLOON",95.0,58.0,93.3,39.1451666667,-102.9283333333,67.43,108.51,40.1,4.5,277.65,49850.0,0.49,0.00121362,0.62547497,0.00025556,-1.111e-05,-17.6,-5.36466667,n/a,0.011111,-38.423051,-0.004092,23.981415,0.300013,0.8683,0.050674,-18.597731,0.003378,-11.71135,-0.001247,7.309536,0.091444,0.868274,0.050577,-5.668595,
EOSS-340,AE0SS-13,2023-04-22 09:07:42.215,2023-04-22 09:07:41,18152.0,5532.73,-1070.0,1920.0,descending,/150741h3908.69N/10255.52WO095/038EOSS Baloon/A=018152!W40!,"AE0SS-13>APTT4,EOSS,qAO,W0ARP-2:/150741h3908.69N/10255.52WO095/038EOSS Baloon/A=018152!W40!",95.0,44.0,70.8,39.1449,-102.9253333333,67.58,108.76,,,,,,,,0.00027,-1.222e-05,-17.83333333,-5.43566667,n/a,-0.007778,-38.24401,-0.004125,23.953076,0.298683,0.852111,-0.01223,-18.511035,-0.002367,-11.656779,-0.001257,7.300898,0.091038,0.852102,-0.012193,-5.642171,
EOSS-340,KC0D-1,2023-04-22 09:08:02.109,2023-04-22 09:08:00,17834.0,5435.8,-1104.0,1939.0,descending,/150800h3908.65N/10255.28WO090/035/A=017834 45T5102P EOSS BALLOON,"KC0D-1>APZEOS,EOSS,WIDE2-1,qAO,N0RPF-6:/150800h3908.65N/10255.28WO090/035/A=017834 45T5102P EOSS BALLOON",90.0,40.0,64.4,39.1441666667,-102.9213333333,67.79,109.1,40.1,4.5,277.65,51020.0,0.5,0.00124211,0.64015512,0.00023333,-3.333e-05,-18.4,-5.60833333,n/a,-0.018889,-38.072941,-0.004253,23.919771,0.297373,0.822455,-0.049218,-18.395344,-0.005756,-11.604637,-0.001296,7.290747,0.090639,0.822454,-0.049206,-5.606907,
EOSS-340,AE0SS-13,2023-04-22 09:08:12.244,2023-04-22 09:08:11,17617.0,5369.66,-1070.0,1950.0,descending,/150811h3908.64N/10255.14WO085/035EOSS Baloon/A=017617!W82!,"AE0SS-13>APTT4,EOSS,qAO,W0ARP-2:/150811h3908.64N/10255.14WO085/035EOSS Baloon/A=017617!W82!",85.0,40.0,64.4,39.1441333333,-102.9190333333,67.9,109.27,,,,,,,,0.00021,-2.556e-05,-17.83333333,-5.43566667,n/a,0.018889,-37.899953,-0.004054,23.889836,0.296085,0.839965,0.077488,-18.31778,0.005756,-11.551911,-0.001236,7.281622,0.090247,0.839956,0.077476,-5.583266,
EOSS-340,AE0SS-13,2023-04-22 09:08:42.219,2023-04-22 09:08:41,17085.0,5207.51,-1064.0,1980.0,descending,/150841h3908.59N/10254.77WO119/030EOSS Baloon/A=017085!W47!,"AE0SS-13>APTT4,EOSS,qAO,W0ARP-2:/150841h3908.59N/10254.77WO119/030EOSS Baloon/A=017085!W47!",119.0,35.0,56.3,39.1432333333,-102.91295,68.22,109.78,,,,,,,,0.00020278,-3e-05,-17.73333333,-5.405,n/a,0.003333,-37.729049,-0.00399,23.859858,0.294807,0.838048,0.02484,-18.132149,0.001022,-11.499818,-0.001216,7.272486,0.089857,0.838065,0.024906,-5.526686,
EOSS-340,KC0D-1,2023-04-22 09:09:02.001,2023-04-22 09:09:00,16779.0,5114.24,-1055.0,1999.0,descending,/150900h3908.53N/10254.65WO122/021/A=016779 43T5332P EOSS BALLOON,"KC0D-1>APZEOS,EOSS,WIDE2-1,qAO,N0RPF-6:/150900h3908.53N/10254.65WO122/021/A=016779 43T5332P EOSS BALLOON",122.0,24.0,38.6,39.1421666667,-102.9108333333,68.35,110.0,39.74,4.3,277.45,53320.0,0.53,0.00129904,0.66949581,0.000175,-3.333e-05,-17.58333333,-5.35933333,n/a,0.0025,-37.559757,-0.003935,23.830208,0.293545,0.838282,0.021922,-18.028087,0.000761,-11.448218,-0.0012,7.263449,0.089472,0.838291,0.021917,-5.494967,
EOSS-340,AE0SS-13,2023-04-22 09:09:12.296,2023-04-22 09:09:11,16554.0,5045.66,-1062.0,2010.0,descending,/150911h3908.51N/10254.57WO098/021EOSS Baloon/A=016554!W46!,"AE0SS-13>APTT4,EOSS,qAO,W0ARP-2:/150911h3908.51N/10254.57WO098/021EOSS Baloon/A=016554!W46!",98.0,24.0,38.6,39.1419,-102.9096,68.42,110.11,,,,,,,,0.00011167,-4.444e-05,-17.7,-5.395,n/a,-0.003889,-37.394259,-0.003935,23.799023,0.292299,0.827524,0.000157,-17.952712,-0.001189,-11.397774,-0.001199,7.253943,0.089092,0.827519,0.000112,-5.471992,
EOSS-340,KC0D-1,2023-04-22 09:09:32.149,2023-04-22 09:09:30,16235.0,4948.43,-1088.0,2029.0,descending,/150930h3908.50N/10254.42WO116/023/A=016235 42T5454P EOSS BALLOON,"KC0D-1>APZEOS,EOSS,WIDE2-1,qAO,N0RPF-6:/150930h3908.50N/10254.42WO116/023/A=016235 42T5454P EOSS BALLOON",116.0,26.0,41.8,39.1416666667,-102.907,68.55,110.32,39.56,4.2,277.35,54540.0,0.54,0.00132924,0.68506127,0.00012778,-1.667e-05,-18.13333333,-5.527,n/a,-0.014444,-37.235078,-0.004023,23.764249,0.291069,0.803802,-0.035803,-17.847327,-0.0044,-11.349255,-0.001226,7.243344,0.088718,0.803808,-0.035776,-5.43987,
EOSS-340,KC0D-1,2023-04-22 09:10:01.984,2023-04-22 09:10:00,15676.0,4778.04,-1118.0,2059.0,descending,/151000h3908.46N/10254.16WO110/026/A=015676 45T5581P EOSS BALLOON,"KC0D-1>APZEOS,EOSS,WIDE2-1,qAO,N0RPF-6:/151000h3908.46N/10254.16WO110/026/A=015676 45T5581P EOSS BALLOON",110.0,30.0,48.3,39.141,-102.9026666667,68.77,110.68,40.1,4.5,277.65,55810.0,0.55,0.00135872,0.70025593,0.00014444,-2.222e-05,-18.63333333,-5.67966667,n/a,-0.016667,-37.082605,-0.004127,23.725693,0.289856,0.777607,-0.043263,-17.66609,-0.005089,-11.302783,-0.001258,7.231591,0.088348,0.777577,-0.043363,-5.384624,
EOSS-340,AE0SS-13,2023-04-22 09:10:12.206,2023-04-22 09:10:11,15451.0,4709.46,-1103.0,2070.0,descending,/151011h3908.44N/10254.04WO094/033EOSS Baloon/A=015451!W06!,"AE0SS-13>APTT4,EOSS,qAO,W0ARP-2:/151011h3908.44N/10254.04WO094/033EOSS Baloon/A=015451!W06!",94.0,38.0,61.2,39.1406666667,-102.9007666667,68.87,110.84,,,,,,,,0.00014722,-2.056e-05,-18.38333333,-5.60333333,n/a,0.004167,-36.930578,-0.004059,23.688337,0.288657,0.782969,0.028497,-17.594075,0.001272,-11.256446,-0.001237,7.220204,0.087983,0.782957,0.028517,-5.362673,
EOSS-340,KC0D-1,2023-04-22 09:10:32.205,2023-04-22 09:10:30,15137.0,4613.76,-1078.0,2089.0,descending,/151030h3908.45N/10253.90WO097/019/A=015137 45T5707P EOSS BALLOON,"KC0D-1>APZEOS,EOSS,WIDE2-1,qAO,N0RPF-6:/151030h3908.45N/10253.90WO097/019/A=015137 45T5707P EOSS BALLOON",97.0,22.0,35.4,39.1408333333,-102.8983333333,68.98,111.02,40.1,4.5,277.65,57070.0,0.56,0.0013894,0.71606532,0.00014444,-5.56e-06,-17.96666667,-5.476,n/a,0.013889,-36.777643,-0.003913,23.653233,0.287476,0.795281,0.061925,-17.494158,0.004244,-11.20983,-0.001193,7.209507,0.087623,0.795315,0.06205,-5.332219,
EOSS-340,AE0SS-13,2023-04-22 09:10:42.292,2023-04-22 09:10:41,14917.0,4546.7,-1068.0,2100.0,descending,/151041h3908.43N/10253.80WO099/029EOSS Baloon/A=014917!W11!,"AE0SS-13>APTT4,EOSS,qAO,W0ARP-2:/151041h3908.43N/10253.80WO099/029EOSS Baloon/A=014917!W11!",99.0,33.0,53.1,39.1405166667,-102.8966833333,69.07,111.16,,,,,,,,0.00013611,-5e-06,-17.8,-5.42533333,n/a,0.005556,-36.625822,-0.003837,23.618737,0.286306,0.797071,0.032808,-17.424404,0.001689,-11.163554,-0.001169,7.198993,0.087266,0.797087,0.03275,-5.310956,
EOSS-340,KC0D-1,2023-04-22 09:11:02.806,2023-04-22 09:11:00,14620.0,4456.18,-1034.0,2119.0,descending,/151100h3908.44N/10253.63WO081/020/A=014620 45T5828P EOSS BALLOON,"KC0D-1>APZEOS,EOSS,WIDE2-1,qAO,N0RPF-6:/151100h3908.44N/10253.63WO081/020/A=014620 45T5828P EOSS BALLOON",81.0,23.0,37.0,39.1406666667,-102.8938333333,69.2,111.37,40.1,4.5,277.65,58280.0,0.58,0.00141885,0.73124736,0.00015,-5.56e-06,-17.23333333,-5.25266667,n/a,0.018889,-36.471914,-0.003655,23.587426,0.285157,0.815629,0.079058,-17.330342,0.005756,-11.116642,-0.001114,7.18945,0.086916,0.815636,0.079042,-5.282286,
EOSS-340,AE0SS-13,2023-04-22 09:11:12.211,2023-04-22 09:11:11,14395.0,4387.6,-1044.0,2130.0,descending,/151111h3908.43N/10253.54WO094/031EOSS Baloon/A=014395!W50!,"AE0SS-13>APTT4,EOSS,qAO,W0ARP-1:/151111h3908.43N/10253.54WO094/031EOSS Baloon/A=014395!W50!",94.0,36.0,57.9,39.1405833333,-102.8923333333,69.27,111.49,,,,,,,,0.000145,2.22e-06,-17.4,-5.30333333,n/a,-0.005556,-36.321741,-0.00367,23.554514,0.284014,0.803317,-0.006641,-17.259016,-0.001689,-11.070868,-0.001119,7.179419,0.086567,0.803343,-0.006584,-5.260545,
EOSS-340,KC0D-1,2023-04-22 09:11:32.329,2023-04-22 09:11:30,14117.0,4302.86,-1006.0,2149.0,descending,/151130h3908.41N/10253.42WO094/015/A=014117 45T5949P EOSS BALLOON,"KC0D-1>APZEOS,EOSS,WIDE2-1,qAO,W9CN-9:/151130h3908.41N/10253.42WO094/015/A=014117 45T5949P EOSS BALLOON",94.0,17.0,27.4,39.1401666667,-102.8903333333,69.38,111.66,40.1,4.5,277.65,59490.0,0.59,0.00144831,0.74642941,0.00011667,-1.667e-05,-16.76666667,-5.11066667,n/a,0.021111,-36.168967,-0.003475,23.525178,0.282893,0.824746,0.086909,-17.170629,0.006422,-11.024304,-0.001059,7.170476,0.086226,0.82472,0.08676,-5.233602,
EOSS-340,AE0SS-13,2023-04-22 09:11:42.229,2023-04-22 09:11:41,13916.0,4241.6,-958.0,2160.0,descending,/151141h3908.41N/10253.35WO080/020EOSS Baloon/A=013916!W21!,"AE0SS-13>APTT4,EOSS,qAO,W0ARP-2:/151141h3908.41N/10253.35WO080/020EOSS Baloon/A=013916!W21!",80.0,23.0,37.0,39.1402,-102.8891833333,69.44,111.75,,,,,,,,0.000105,-1.278e-05,-15.96666667,-4.86666667,n/a,0.026667,-36.01236,-0.00324,23.500514,0.28179,0.85299,0.106132,-17.106446,0.008133,-10.97657,-0.000987,7.162958,0.085889,0.852986,0.106184,-5.21404,
EOSS-340,KC0D-1,2023-04-22 09:12:01.945,2023-04-22 09:12:00,13628.0,4153.81,-978.0,2179.0,descending,/151200h3908.39N/10253.17WO109/028/A=013628 45T6070P EOSS BALLOON,"KC0D-1>APZEOS,EOSS,WIDE2-1,qAO,N0RPF-6:/151200h3908.39N/10253.17WO109/028/A=013628 45T6070P EOSS BALLOON",109.0,32.0,51.5,39.1398333333,-102.8861666667,69.59,112.0,40.1,4.5,277.65,60700.0,0.6,0.00147777,0.76161145,0.00013889,-1.111e-05,-16.3,-4.96833333,n/a,-0.011111,-35.860726,-0.003301,23.473006,0.280688,0.833329,-0.027824,-17.013938,-0.003389,-10.930353,-0.001006,7.154573,0.085554,0.833316,-0.027854,-5.18584,
EOSS-340,AE0SS-13,2023-04-22 09:12:12.209,2023-04-22 09:12:11,13414.0,4088.59,-1004.0,2190.0,descending,/151211h3908.36N/10253.06WO127/025EOSS Baloon/A=013414!W24!,"AE0SS-13>APTT4,EOSS,qAO,W0ARP-2:/151211h3908.36N/10253.06WO127/025EOSS Baloon/A=013414!W24!",127.0,29.0,46.7,39.1393666667,-102.8844,69.69,112.15,,,,,,,,0.00015944,-2.778e-05,-16.73333333,-5.10033333,n/a,-0.014444,-35.714716,-0.003386,23.442194,0.2796,0.80971,-0.039549,-16.944711,-0.0044,-10.885849,-0.001032,7.145182,0.085222,0.809709,-0.03952,-5.164741,
EOSS-340,KC0D-1,2023-04-22 09:12:31.922,2023-04-22 09:12:30,13138.0,4004.46,-980.0,2209.0,descending,/151230h3908.33N/10252.95WO098/021/A=013138 45T6191P EOSS BALLOON,"KC0D-1>APZEOS,EOSS,WIDE2-1,qAO,N0RPF-6:/151230h3908.33N/10252.95WO098/021/A=013138 45T6191P EOSS BALLOON",98.0,24.0,38.6,39.1388333333,-102.8825,69.8,112.33,40.1,4.5,277.65,61910.0,0.61,0.00150723,0.77679349,0.00012222,-3.333e-05,-16.33333333,-4.97833333,n/a,0.013333,-35.567887,-0.003259,23.4134,0.278526,0.821519,0.059571,-16.854741,0.004067,-10.841095,-0.000993,7.136406,0.084895,0.821529,0.059603,-5.137316,
EOSS-340,AE0SS-13,2023-04-22 09:12:42.252,2023-04-22 09:12:41,12925.0,3939.54,-978.0,2220.0,descending,/151241h3908.31N/10252.85WO102/027EOSS Baloon/A=012925!W32!,"AE0SS-13>APTT4,EOSS,qAO,W0ARP-2:/151241h3908.31N/10252.85WO102/027EOSS Baloon/A=012925!W32!",102.0,31.0,49.9,39.13855,-102.8808666667,69.88,112.47,,,,,,,,0.00011778,-2.722e-05,-16.3,-4.96833333,n/a,0.001111,-35.423016,-0.003226,23.384305,0.277461,0.817771,0.015631,-16.784763,0.000333,-10.796939,-0.000983,7.127537,0.08457,0.817759,0.015561,-5.115987,
EOSS-340,KC0D-1,2023-04-22 09:13:01.918,2023-04-22 09:13:00,12639.0,3852.37,-998.0,2239.0,descending,/151300h3908.24N/10252.70WO126/019/A=012639 46T6316P EOSS BALLOON,"KC0D-1>APZEOS,EOSS,WIDE2-1,qAO,N0RPF-6:/151300h3908.24N/10252.70WO126/019/A=012639 46T6316P EOSS BALLOON",126.0,22.0,35.4,39.1373333333,-102.8783333333,70.04,112.72,40.28,4.6,277.75,63160.0,0.62,0.00153711,0.79219209,0.00013889,-5e-05,-16.63333333,-5.06966667,n/a,-0.011111,-35.282794,-0.003285,23.352708,0.276409,0.798599,-0.028313,-16.690086,-0.003378,-10.754198,-0.001001,7.117907,0.084249,0.798624,-0.028214,-5.087129,
EOSS-340,AE0SS-13,2023-04-22 09:13:12.297,2023-04-22 09:13:11,12426.0,3787.44,-998.0,2250.0,descending,/151311h3908.21N/10252.63WO103/017EOSS Baloon/A=012426!W59!,"AE0SS-13>APTT4,EOSS,qAO,W0ARP-2:/151311h3908.21N/10252.63WO103/017EOSS Baloon/A=012426!W59!",103.0,20.0,32.2,39.1369166667,-102.8773166667,70.1,112.82,,,,,,,,0.00011833,-5.444e-05,-16.63333333,-5.07,n/a,0.0,-35.14465,-0.00326,23.32071,0.275368,0.793772,0.011839,-16.619107,-1.1e-05,-10.712093,-0.000994,7.108154,0.083932,0.793749,0.011712,-5.065492,
EOSS-340,KC0D-1,2023-04-22 09:13:32.019,2023-04-22 09:13:30,12142.0,3700.88,-994.0,2269.0,descending,/151330h3908.17N/10252.48WO125/028/A=012142 47T6443P EOSS BALLOON,"KC0D-1>APZEOS,EOSS,WIDE2-1,qAO,W9CN-9:/151330h3908.17N/10252.48WO125/028/A=012142 47T6443P EOSS BALLOON",125.0,32.0,51.5,39.1361666667,-102.8746666667,70.25,113.06,40.46,4.7,277.85,64430.0,0.64,0.00156745,0.80783038,0.00012222,-3.889e-05,-16.56666667,-5.04966667,n/a,0.002222,-35.008047,-0.00322,23.288726,0.274339,0.791859,0.019837,-16.524027,0.000678,-10.670458,-0.000981,7.098404,0.083618,0.791839,0.01984,-5.036513,
EOSS-340,AE0SS-13,2023-04-22 09:13:42.297,2023-04-22 09:13:41,11924.0,3634.44,-1004.0,2280.0,descending,/151341h3908.12N/10252.40WO137/023EOSS Baloon/A=011924!W18!,"AE0SS-13>APTT4,EOSS,qAO,W0ARP-2:/151341h3908.12N/10252.40WO137/023EOSS Baloon/A=011924!W18!",137.0,26.0,41.8,39.13535,-102.8734666667,70.34,113.2,,,,,,,,0.00012833,-5.222e-05,-16.73333333,-5.1,n/a,-0.005556,-34.874655,-0.003237,23.255418,0.273321,0.78009,-0.008485,-16.450891,-0.001678,-10.629797,-0.000987,7.088254,0.083308,0.780135,-0.008295,-5.014223,
EOSS-340,KC0D-1,2023-04-22 09:14:01.960,2023-04-22 09:14:00,11628.0,3544.21,-1028.0,2299.0,descending,/151400h3908.07N/10252.32WO106/019/A=011628 48T6577P EOSS BALLOON,"KC0D-1>APZEOS,EOSS,WIDE2-1,qAO,N0RPF-6:/151400h3908.07N/10252.32WO106/019/A=011628 48T6577P EOSS BALLOON",106.0,22.0,35.4,39.1345,-102.872,70.43,113.35,40.64,4.8,277.95,65770.0,0.65,0.00159947,0.82433476,8.889e-05,-5.556e-05,-17.13333333,-5.22233333,n/a,-0.013333,-34.746095,-0.003311,23.219556,0.272316,0.758531,-0.036803,-16.351792,-0.004078,-10.590613,-0.001009,7.077322,0.083002,0.758519,-0.036975,-4.984016,
EOSS-340,AE0SS-13,2023-04-22 09:14:12.502,2023-04-22 09:14:11,11415.0,3479.29,-1018.0,2310.0,descending,/151411h3908.05N/10252.24WO104/020EOSS Baloon/A=011415!W49!,"AE0SS-13>APTT4,EOSS,qAO,N0RPF-6:/151411h3908.05N/10252.24WO104/020EOSS Baloon/A=011415!W49!",104.0,23.0,37.0,39.1342333333,-102.8708166667,70.5,113.46,,,,,,,,8.833e-05,-3.722e-05,-16.96666667,-5.17166667,n/a,0.005556,-34.618185,-0.003246,23.184371,0.271321,0.761354,0.032441,-16.280986,0.001689,-10.551627,-0.00099,7.066597,0.082699,0.761323,0.032395,-4.962435,
EOSS-340,KC0D-1,2023-04-22 09:14:31.960,2023-04-22 09:14:30,11129.0,3392.12,-998.0,2329.0,descending,/151430h3908.00N/10252.17WO108/011/A=011129 49T6709P EOSS BALLOON,"KC0D-1>APZEOS,EOSS,WIDE2-1,qAO,N0RPF-6:/151430h3908.00N/10252.17WO108/011/A=011129 49T6709P EOSS BALLOON",108.0,13.0,20.9,39.1333333333,-102.8695,70.59,113.6,40.82,4.9,278.05,67090.0,0.66,0.00163099,0.84057669,8.333e-05,-3.889e-05,-16.63333333,-5.06966667,n/a,0.011111,-34.489722,-0.003143,23.150776,0.270339,0.771308,0.052726,-16.187239,0.0034,-10.512471,-0.000958,7.056358,0.082399,0.771333,0.052889,-4.933863,
EOSS-340,AE0SS-13,2023-04-22 09:14:42.585,2023-04-22 09:14:41,10910.0,3325.37,-1010.0,2340.0,descending,/151441h3907.98N/10252.12WO108/014EOSS Baloon/A=010910!W31!,"AE0SS-13>APTT4,EOSS,qAO,W9CN-9:/151441h3907.98N/10252.12WO108/014EOSS Baloon/A=010910!W31!",108.0,16.0,25.7,39.13305,-102.8686833333,70.64,113.68,,,,,,,,7.111e-05,-3.944e-05,-16.83333333,-5.13066667,n/a,-0.006667,-34.3645,-0.003168,23.11582,0.269365,0.758406,-0.01299,-16.117061,-0.002033,-10.474302,-0.000966,7.045704,0.082102,0.758425,-0.012996,-4.912474,
EOSS-340,KC0D-1,2023-04-22 09:15:01.889,2023-04-22 09:15:00,10625.0,3238.5,-1008.0,2359.0,descending,/151500h3907.91N/10252.05WO173/016/A=010625 50T6843P EOSS BALLOON,"KC0D-1>APZEOS,EOSS,WIDE2-1,qAO,N0RPF-6:/151500h3907.91N/10252.05WO173/016/A=010625 50T6843P EOSS BALLOON",173.0,18.0,29.0,39.1318333333,-102.8675,70.73,113.83,41.0,5.0,278.15,68430.0,0.68,0.00166297,0.85705743,6.667e-05,-5e-05,-16.8,-5.12066667,n/a,0.001111,-34.240806,-0.003138,23.080817,0.268402,0.755641,0.015831,-16.028827,0.000333,-10.4366,-0.000956,7.035035,0.081809,0.755637,0.015756,-4.885582,
EOSS-340,AE0SS-13,2023-04-22 09:15:12.769,2023-04-22 09:15:11,10418.0,3175.41,-984.0,2370.0,descending,/151511h3907.86N/10252.04WO169/007EOSS Baloon/A=010418!W76!,"AE0SS-13>APTT4,EOSS,qAO,W9CN-9:/151511h3907.86N/10252.04WO169/007EOSS Baloon/A=010418!W76!",169.0,8.0,12.9,39.1311166667,-102.8674333333,70.76,113.88,,,,,,,,4.167e-05,-6.444e-05,-16.4,-4.99866667,n/a,0.013333,-34.116045,-0.003022,23.047741,0.267452,0.768667,0.061151,-15.96771,0.004067,-10.398573,-0.000921,7.024954,0.081519,0.768675,0.061188,-4.866956,
EOSS-340,KC0D-1,2023-04-22 09:15:31.964,2023-04-22 09:15:30,10135.0,3089.15,-980.0,2389.0,descending,/151530h3907.82N/10251.98WO139/021/A=010135 51T6978P EOSS BALLOON,"KC0D-1>APZEOS,EOSS,WIDE2-1,qAO,W9CN-9:/151530h3907.82N/10251.98WO139/021/A=010135 51T6978P EOSS BALLOON",139.0,24.0,38.6,39.1303333333,-102.8663333333,70.84,114.0,41.18,5.1,278.25,69780.0,0.69,0.00169516,0.87365153,3.889e-05,-5e-05,-16.33333333,-4.97833333,n/a,0.002222,-33.992554,-0.002985,23.014771,0.266509,0.767299,0.019538,-15.889558,0.000678,-10.360932,-0.00091,7.014905,0.081232,0.767309,0.019549,-4.843138,
EOSS-340,AE0SS-13,2023-04-22 09:15:42.611,2023-04-22 09:15:41,9929.0,3026.36,-978.0,2400.0,descending,/151541h3907.76N/10251.93WO153/021EOSS Baloon/A=009929!W36!,"AE0SS-13>APTT4,EOSS,qAO,N0RPF-6:/151541h3907.76N/10251.93WO153/021EOSS Baloon/A=009929!W36!",153.0,24.0,38.6,39.1293833333,-102.8656,70.9,114.11,,,,,,,,6.111e-05,-5.778e-05,-16.3,-4.96833333,n/a,0.001111,-33.870536,-0.002957,22.981735,0.265575,0.764543,0.015318,-15.837635,0.000333,-10.323742,-0.000901,7.004835,0.080947,0.76453,0.015245,-4.827313,
EOSS-340,KC0D-1,2023-04-22 09:16:01.962,2023-04-22 09:16:00,9664.0,2945.59,-942.0,2419.0,descending,/151600h3907.68N/10251.91WO157/009/A=009664 53T7109P EOSS BALLOON,"KC0D-1>APZEOS,EOSS,WIDE2-1,qAO,N0RPF-6:/151600h3907.68N/10251.91WO157/009/A=009664 53T7109P EOSS BALLOON",157.0,10.0,16.1,39.128,-102.8651666667,70.97,114.21,41.54,5.3,278.45,71090.0,0.7,0.00172575,0.88941355,3.889e-05,-7.778e-05,-15.7,-4.78533333,n/a,0.02,-33.746081,-0.002798,22.951669,0.264658,0.786264,0.086141,-15.77861,0.0061,-10.285807,-0.000853,6.995671,0.080668,0.786268,0.086193,-4.809326,
EOSS-340,KC0D-1,2023-04-22 09:16:31.927,2023-04-22 09:16:30,9194.0,2802.33,-940.0,2449.0,descending,/151630h3907.58N/10251.81WO156/017/A=009194 55T7241P EOSS BALLOON,"KC0D-1>APZEOS,EOSS,WIDE2-1,qAO,N0RPF-6:/151630h3907.58N/10251.81WO156/017/A=009194 55T7241P EOSS BALLOON",156.0,20.0,32.2,39.1263333333,-102.8635,71.1,114.43,41.9,5.5,278.65,72410.0,0.71,0.00175653,0.90527796,5.556e-05,-5.556e-05,-15.66666667,-4.77533333,n/a,0.001111,-33.623091,-0.002772,22.921488,0.263744,0.783388,0.014723,-15.702096,0.000333,-10.248321,-0.000845,6.986471,0.080389,0.783369,0.014654,-4.78601,
EOSS-340,AE0SS-13,2023-04-22 09:16:42.537,2023-04-22 09:16:41,8991.0,2740.46,-938.0,2460.0,descending,/151641h3907.52N/10251.78WO182/017EOSS Baloon/A=008991!W34!,"AE0SS-13>APTT4,EOSS,qAO,N0RPF-6:/151641h3907.52N/10251.78WO182/017EOSS Baloon/A=008991!W34!",182.0,20.0,32.2,39.1253833333,-102.8630666667,71.15,114.51,,,,,,,,4.222e-05,-6.667e-05,-15.63333333,-4.765,n/a,0.000556,-33.501539,-0.002749,22.891203,0.26284,0.780571,0.012574,-15.683263,0.000172,-10.211272,-0.000838,6.977241,0.080113,0.780577,0.012607,-4.780272,
EOSS-340,KC0D-1,2023-04-22 09:17:01.993,2023-04-22 09:17:00,8724.0,2659.08,-940.0,2479.0,descending,/151700h3907.46N/10251.76WO148/016/A=008724 57T7376P EOSS BALLOON,"KC0D-1>APZEOS,EOSS,WIDE2-1,qAO,N0RPF-6:/151700h3907.46N/10251.76WO148/016/A=008724 57T7376P EOSS BALLOON",148.0,18.0,29.0,39.1243333333,-102.8626666667,71.21,114.59,42.26,5.7,278.85,73760.0,0.73,0.00178799,0.92149442,2.778e-05,-6.667e-05,-15.66666667,-4.775,n/a,-0.001111,-33.381842,-0.002738,22.860476,0.261944,0.774926,0.006211,-15.674853,-0.000333,-10.174787,-0.000835,6.967876,0.079841,0.774955,0.006287,-4.777712,
EOSS-340,AE0SS-13,2023-04-22 09:17:12.553,2023-04-22 09:17:11,8521.0,2597.2,-940.0,2490.0,descending,/151711h3907.40N/10251.72WO151/021EOSS Baloon/A=008521!W82!,"AE0SS-13>APTT4,EOSS,qAO,W9CN-9:/151711h3907.40N/10251.72WO151/021EOSS Baloon/A=008521!W82!",151.0,24.0,38.6,39.1234666667,-102.8620333333,71.26,114.69,,,,,,,,3.444e-05,-6.389e-05,-15.66666667,-4.77533333,n/a,0.0,-33.263741,-0.00272,22.829502,0.261058,0.770804,0.010419,-15.682967,-1.1e-05,-10.13879,-0.000829,6.958434,0.07957,0.770785,0.01028,-4.780189,
EOSS-340,KC0D-1,2023-04-22 09:17:32.441,2023-04-22 09:17:30,8260.0,2517.65,-928.0,2509.0,descending,/151730h3907.29N/10251.73WO191/019/A=008260 58T7511P EOSS BALLOON,"KC0D-1>APZEOS,EOSS,WIDE2-1,qAO,N0RPF-6:/151730h3907.29N/10251.73WO191/019/A=008260 58T7511P EOSS BALLOON",191.0,22.0,35.4,39.1215,-102.8621666667,71.32,114.78,42.44,5.8,278.95,75110.0,0.74,0.00182007,0.93802377,1.667e-05,-9.444e-05,-15.46666667,-4.71433333,n/a,0.006667,-33.145879,-0.002657,22.799324,0.260182,0.775427,0.035836,-15.715007,0.002033,-10.102867,-0.00081,6.949236,0.079303,0.775414,0.03585,-4.789957,
EOSS-340,AE0SS-13,2023-04-22 09:17:42.547,2023-04-22 09:17:41,8059.0,2456.38,-924.0,2520.0,descending,/151741h3907.24N/10251.73WO168/012EOSS Baloon/A=008059!W42!,"AE0SS-13>APTT4,EOSS,qAO,W9CN-9:/151741h3907.24N/10251.73WO168/012EOSS Baloon/A=008059!W42!",168.0,14.0,22.5,39.1207333333,-102.8622,71.35,114.82,,,,,,,,-5.56e-06,-9.111e-05,-15.4,-4.694,n/a,0.002222,-33.02913,-0.002625,22.769246,0.259313,0.774252,0.018692,-15.758725,0.000678,-10.067282,-0.0008,6.940067,0.079039,0.774241,0.0187,-4.803286,
EOSS-340,KC0D-1,2023-04-22 09:18:01.976,2023-04-22 09:18:00,7802.0,2378.05,-916.0,2539.0,descending,/151800h3907.15N/10251.70WO165/023/A=007802 60T7648P EOSS BALLOON,"KC0D-1>APZEOS,EOSS,WIDE2-1,qAO,N0RPF-6:/151800h3907.15N/10251.70WO165/023/A=007802 60T7648P EOSS BALLOON",165.0,26.0,41.8,39.1191666667,-102.8616666667,71.42,114.94,42.8,6.0,279.15,76480.0,0.75,0.00185194,0.95444893,1.667e-05,-7.778e-05,-15.26666667,-4.65333333,n/a,0.004444,-32.913036,-0.002578,22.739611,0.258454,0.776019,0.027169,-15.842524,0.001356,-10.031897,-0.000786,6.931034,0.078777,0.776012,0.027191,-4.82883,
EOSS-340,AE0SS-13,2023-04-22 09:18:12.574,2023-04-22 09:18:11,7609.0,2319.22,-900.0,2550.0,descending,/151811h3907.08N/10251.68WO180/021EOSS Baloon/A=007609!W94!,"AE0SS-13>APTT4,EOSS,qAO,N0RPF-6:/151811h3907.08N/10251.68WO180/021EOSS Baloon/A=007609!W94!",180.0,24.0,38.6,39.11815,-102.8614,71.47,115.02,,,,,,,,2.667e-05,-8.611e-05,-15.0,-4.572,n/a,0.008889,-32.796717,-0.002503,22.711095,0.257604,0.783613,0.044223,-15.928818,0.002711,-9.996443,-0.000763,6.922343,0.078518,0.783614,0.044245,-4.855135,
EOSS-340,KC0D-1,2023-04-22 09:18:32.525,2023-04-22 09:18:30,7352.0,2240.89,-900.0,2569.0,descending,/151830h3907.03N/10251.70WO131/006/A=007352 62T7785P EOSS BALLOON,"KC0D-1>APZEOS,EOSS,WIDE2-1,qAO,N0RPF-6:/151830h3907.03N/10251.70WO131/006/A=007352 62T7785P EOSS BALLOON",131.0,7.0,11.3,39.1171666667,-102.8616666667,71.49,115.05,43.16,6.2,279.35,77850.0,0.77,0.00188376,0.97085057,0.0,-6.667e-05,-15.0,-4.572,n/a,0.0,-32.6819,-0.002487,22.682326,0.256761,0.779545,0.009686,-16.079253,0.0,-9.961447,-0.000758,6.913574,0.078261,0.779546,0.009686,-4.900987,
EOSS-340,AE0SS-13,2023-04-22 09:18:42.629,2023-04-22 09:18:41,7153.0,2180.23,-912.0,2580.0,descending,/151841h3907.01N/10251.67WO146/013EOSS Baloon/A=007153!W11!,"AE0SS-13>APTT4,EOSS,qAO,W9CN-9:/151841h3907.01N/10251.67WO146/013EOSS Baloon/A=007153!W11!",146.0,15.0,24.1,39.11685,-102.8611833333,71.52,115.1,,,,,,,,7.22e-06,-4.333e-05,-15.2,-4.633,n/a,-0.006667,-32.569836,-0.002514,22.652322,0.255926,0.766802,-0.016227,-16.227105,-0.002033,-9.92729,-0.000766,6.904429,0.078006,0.766796,-0.016242,-4.946057,
EOSS-340,KC0D-1,2023-04-22 09:19:01.935,2023-04-22 09:19:00,6844.0,2086.05,-1016.0,2599.0,descending,/151900h3906.94N/10251.67WO198/010/A=006844 64T7941P EOSS BALLOON,"KC0D-1>APZEOS,EOSS,WIDE2-1,qAO,W9CN-9:/151900h3906.94N/10251.67WO198/010/A=006844 64T7941P EOSS BALLOON",198.0,12.0,19.3,39.1156666667,-102.8611666667,71.56,115.17,43.52,6.4,279.55,79410.0,0.78,0.00192013,0.98959649,1.667e-05,-5e-05,-16.93333333,-5.16133333,n/a,-0.057778,-32.470241,-0.002868,22.614061,0.255137,0.687046,-0.215218,-16.518784,-0.017611,-9.896933,-0.000874,6.892766,0.077766,0.687039,-0.215223,-5.034956,
EOSS-340,KC0D-1,2023-04-22 09:19:32.026,2023-04-22 09:19:30,6305.0,1921.76,-1078.0,2629.0,descending,/151930h3906.88N/10251.64WO165/016/A=006305 66T8111P EOSS BALLOON,"KC0D-1>APZEOS,EOSS,WIDE2-1,qAO,W9CN-9:/151930h3906.88N/10251.64WO165/016/A=006305 66T8111P EOSS BALLOON",165.0,18.0,29.0,39.1146666667,-102.8606666667,71.62,115.26,43.88,6.6,279.75,81110.0,0.8,0.00195984,1.01005903,1.667e-05,-3.333e-05,-17.96666667,-5.47633333,n/a,-0.034444,-32.378446,-0.003069,22.571438,0.254331,0.638496,-0.123363,-17.243885,-0.0105,-9.868955,-0.000936,6.879775,0.07752,0.638483,-0.123375,-5.255963,
EOSS-340,AE0SS-13,2023-04-22 09:19:42.573,2023-04-22 09:19:41,6070.0,1850.14,-1083.0,2640.0,descending,/151941h3906.83N/10251.62WO188/014EOSS Baloon/A=006070!W66!,"AE0SS-13>APTT4,EOSS,qAO,W9CN-9:/151941h3906.83N/10251.62WO188/014EOSS Baloon/A=006070!W66!",188.0,16.0,25.7,39.1139333333,-102.8604333333,71.65,115.32,,,,,,,,1.25e-05,-4.861e-05,-18.05,-5.5015,n/a,-0.001389,-32.28833,-0.003059,22.528572,0.25352,0.632012,0.006587,-17.662594,-0.000419,-9.841487,-0.000932,6.866709,0.077273,0.632033,0.006639,-5.383563,
EOSS-340,KC0D-1,2023-04-22 09:20:01.937,2023-04-22 09:20:00,5719.0,1743.15,-1172.0,2659.0,descending,/152000h3906.79N/10251.65WO221/001/A=005719 68T8298P EOSS BALLOON,"KC0D-1>APZEOS,EOSS,WIDE2-1,qAO,W9CN-9:/152000h3906.79N/10251.65WO221/001/A=005719 68T8298P EOSS BALLOON",221.0,1.0,1.6,39.1131666667,-102.8608333333,71.66,115.33,44.24,6.8,279.95,82980.0,0.82,0.00200359,1.03260781,-5.56e-06,-5e-05,-19.53333333,-5.95366667,n/a,-0.049444,-32.208611,-0.00335,22.480242,0.252743,0.563841,-0.182375,-18.426045,-0.015072,-9.817188,-0.001021,6.851979,0.077036,0.563855,-0.182395,-5.616256,
EOSS-340,AE0SS-13,2023-04-22 09:20:12.816,2023-04-22 09:20:11,5486.0,1672.13,-1168.0,2670.0,descending,/152011h3906.78N/10251.62WO123/008EOSS Baloon/A=005486!W67!,"AE0SS-13>APTT4,EOSS,qAO,W9CN-9:/152011h3906.78N/10251.62WO123/008EOSS Baloon/A=005486!W67!",123.0,9.0,14.5,39.1131,-102.86045,71.68,115.36,,,,,,,,-5.6e-07,-2.778e-05,-19.46666667,-5.93366667,n/a,0.002222,-32.129469,-0.003316,22.43237,0.251947,0.564488,0.021981,-19.036145,0.000667,-9.793067,-0.001011,6.837387,0.076793,0.564455,0.021851,-5.802204,
EOSS-340,KC0D-1,2023-04-22 09:20:31.969,2023-04-22 09:20:30,5143.0,1567.59,-1152.0,2689.0,descending,/152030h3906.73N/10251.60WO193/006/A=005143 70T8486P EOSS BALLOON,"KC0D-1>APZEOS,EOSS,WIDE2-1,qAO,N0RPF-6:/152030h3906.73N/10251.60WO193/006/A=005143 70T8486P EOSS BALLOON",193.0,7.0,11.3,39.1121666667,-102.86,71.73,115.44,44.6,7.0,280.15,84860.0,0.84,0.00204752,1.05524876,2.778e-05,-3.333e-05,-19.2,-5.852,n/a,0.008889,-32.049657,-0.00324,22.385656,0.25116,0.574013,0.048292,-20.106018,0.002722,-9.768739,-0.000988,6.823149,0.076554,0.574037,0.048463,-6.128249,
