flightid,callsign,receivetime,packettime,altitude,vert_rate_ftmin,elapsed_secs,flight_phase,info,raw,bearing,speed_mph,latitude,longitude,distance_from_launch,temperature_k,pressure_pa,airdensity_slugs,airdensity_kgm3,velocity_x,velocity_y,velocity_z,airflow,acceleration,velocity_mean,acceleration_mean,velocity_std,acceleration_std,velocity_norm,acceleration_norm,velocity_curvefit,reynolds_transition
EOSS-339,AE0SS-12,2023-04-22 06:58:25.925,2023-04-22 06:58:27,5335.0,222.0,0.0,ascending,/125827h3936.45N/10402.47WO228/003EOSS Balloon  www.eoss.org/A=005335!W59!,"AE0SS-12>APTT4,EOSS,qAO,AE0SS-1:/125827h3936.45N/10402.47WO228/003EOSS Balloon  www.eoss.org/A=005335!W59!",228.0,3.0,39.6075833333,-104.0413166667,0.0,,,,,-1.11e-06,-5.56e-06,3.7,low Re,,3.7,,,,,,10.286656,
EOSS-339,KC0D-14,2023-04-22 06:58:31.666,2023-04-22 06:58:30,5559.0,644.0,3.0,ascending,/125830h3936.46N/10402.49WO213/010/A=005559 257T8368P 'EOSS Balloon',"KC0D-14>APZEOS,EOSS,WIDE2-1,qAO,W0ARP-1:/125830h3936.46N/10402.49WO213/010/A=005559 257T8368P 'EOSS Balloon'",213.0,12.0,39.6076666667,-104.0415,0.01,298.85,83680.0,0.00189271,0.97546313,-5.56e-06,-5.56e-06,10.73333333,low Re,0.234444,7.216667,0.234444,4.973318,,0.707107,,11.801973,
EOSS-339,AE0SS-12,2023-04-22 06:58:55.304,2023-04-22 06:58:57,5883.0,1096.0,30.0,ascending,/125857h3936.40N/10402.48WO192/012EOSS Balloon  www.eoss.org/A=005883!W25!,"AE0SS-12>APTT4,EOSS,qAO,W0ARP-2:/125857h3936.40N/10402.48WO192/012EOSS Balloon  www.eoss.org/A=005883!W25!",192.0,14.0,39.6067,-104.0414166667,0.06,,,,,-3.33e-06,-2.944e-05,18.26666667,low Re,0.251111,10.9,0.242777,7.284763,0.011785,1.011243,0.70717,13.512732,
EOSS-339,KC0D-14,2023-04-22 06:59:01.683,2023-04-22 06:59:00,6128.0,1138.0,33.0,ascending,/125900h3936.39N/10402.48WO175/014/A=006128 255T8197P 'EOSS Balloon',"KC0D-14>APZEOS,EOSS,WIDE2-1,qAO,W0ARP-1:/125900h3936.39N/10402.48WO175/014/A=006128 255T8197P 'EOSS Balloon'",175.0,16.0,39.6065,-104.0413333333,0.07,298.65,81970.0,0.00185528,0.95616945,5.56e-06,-3.889e-05,18.96666667,low Re,0.023333,12.916667,0.169629,7.186536,0.12697,0.841852,-1.152209,14.487763,
EOSS-339,AE0SS-12,2023-04-22 06:59:25.766,2023-04-22 06:59:27,6382.0,998.0,60.0,ascending,/125927h3936.32N/10402.51WO200/008EOSS Balloon  www.eoss.org/A=006382!W86!,"AE0SS-12>APTT4,EOSS,qAO,W0ARP-2:/125927h3936.32N/10402.51WO200/008EOSS Balloon  www.eoss.org/A=006382!W86!",200.0,9.0,39.6054666667,-104.0419333333,0.15,,,,,-1.722e-05,-4.111e-05,16.63333333,low Re,-0.077778,13.66,0.107778,6.441851,0.161401,0.461565,-1.149658,15.258277,
EOSS-339,KC0D-14,2023-04-22 06:59:31.678,2023-04-22 06:59:30,6629.0,1002.0,63.0,ascending,/125930h3936.31N/10402.52WO201/017/A=006629 254T8023P 'EOSS Balloon',"KC0D-14>APZEOS,EOSS,WIDE2-1,qAO,W0ARP-1:/125930h3936.31N/10402.52WO201/017/A=006629 254T8023P 'EOSS Balloon'",201.0,20.0,39.6051666667,-104.042,0.17,298.55,80230.0,0.0018165,0.93618605,-2.222e-05,-4.444e-05,16.7,low Re,0.002222,14.166667,0.086666,5.893914,0.147533,0.429822,-0.572374,15.811266,
EOSS-339,AE0SS-12,2023-04-22 06:59:55.405,2023-04-22 06:59:57,6943.0,1122.0,90.0,ascending,/125957h3936.22N/10402.52WO142/012EOSS Balloon  www.eoss.org/A=006943!W49!,"AE0SS-12>APTT4,EOSS,qAO,W0ARP-2:/125957h3936.22N/10402.52WO142/012EOSS Balloon  www.eoss.org/A=006943!W49!",142.0,14.0,39.6037333333,-104.04215,0.27,,,,,-7.22e-06,-5.778e-05,18.7,low Re,0.066667,14.814286,0.083333,5.646627,0.13221,0.688148,-0.126057,16.287113,
EOSS-339,KC0D-14,2023-04-22 07:00:01.732,2023-04-22 07:00:00,7138.0,1018.0,93.0,ascending,/130000h3936.20N/10402.52WO179/015/A=007138 251T7855P 'EOSS Balloon',"KC0D-14>APZEOS,EOSS,WIDE2-1,qAO,W0ARP-1:/130000h3936.20N/10402.52WO179/015/A=007138 251T7855P 'EOSS Balloon'",179.0,17.0,39.6033333333,-104.042,0.3,298.25,78550.0,0.00178025,0.91750446,0.0,-6.111e-05,16.96666667,low Re,-0.057778,15.083333,0.063174,5.282856,0.13195,0.356499,-0.91665,16.478614,
EOSS-339,AE0SS-12,2023-04-22 07:00:25.558,2023-04-22 07:00:27,7412.0,938.0,120.0,ascending,/130027h3936.08N/10402.53WO178/016EOSS Balloon  www.eoss.org/A=007412!W10!,"AE0SS-12>APTT4,EOSS,qAO,AE0SS-1:/130027h3936.08N/10402.53WO178/016EOSS Balloon  www.eoss.org/A=007412!W10!",178.0,18.0,39.60135,-104.0421666667,0.43,,,,,-5.6e-07,-7.944e-05,15.63333333,low Re,-0.044444,15.144444,0.049722,4.945059,0.12795,0.098864,-0.735959,16.641041,
EOSS-339,KC0D-14,2023-04-22 07:00:31.696,2023-04-22 07:00:30,7604.0,932.0,123.0,ascending,/130030h3936.06N/10402.54WO196/008/A=007604 247T7713P 'EOSS Balloon',"KC0D-14>APZEOS,EOSS,WIDE2-1,qAO,W0ARP-1:/130030h3936.06N/10402.54WO196/008/A=007604 247T7713P 'EOSS Balloon'",196.0,9.0,39.601,-104.0423333333,0.46,297.85,77130.0,0.00175042,0.90212803,-1.111e-05,-7.778e-05,15.53333333,low Re,-0.003333,15.183333,0.043827,4.663868,0.120986,0.075045,-0.389797,16.694958,
EOSS-339,AE0SS-12,2023-04-22 07:00:55.408,2023-04-22 07:00:57,7875.0,926.0,150.0,ascending,/130057h3935.96N/10402.57WO197/018EOSS Balloon  www.eoss.org/A=007875!W62!,"AE0SS-12>APTT4,EOSS,qAO,W0ARP-2:/130057h3935.96N/10402.57WO197/018EOSS Balloon  www.eoss.org/A=007875!W62!",197.0,21.0,39.5994333333,-104.0428666667,0.57,,,,,-2.333e-05,-6.389e-05,15.43333333,low Re,-0.003333,15.206061,0.039111,4.425176,0.115038,0.051359,-0.368956,16.706676,
EOSS-339,KC0D-14,2023-04-22 07:01:01.689,2023-04-22 07:01:00,8067.0,926.0,153.0,ascending,/130100h3935.94N/10402.59WO205/015/A=008067 245T7576P 'EOSS Balloon',"KC0D-14>APZEOS,EOSS,WIDE2-1,qAO,W0ARP-1:/130100h3935.94N/10402.59WO205/015/A=008067 245T7576P 'EOSS Balloon'",205.0,17.0,39.599,-104.0431666667,0.6,297.65,75760.0,0.00172048,0.88669963,-2.778e-05,-6.667e-05,15.43333333,low Re,0.0,15.225,0.035556,4.21975,0.10977,0.049371,-0.323914,16.680088,
EOSS-339,AE0SS-12,2023-04-22 07:01:28.193,2023-04-22 07:01:27,8374.0,998.0,180.0,ascending,/130127h3935.85N/10402.58WO156/015EOSS Balloon  www.eoss.org/A=008374!W89!,"AE0SS-12>APTT4,EOSS,qAO,W0ARP-2:/130127h3935.85N/10402.58WO156/015EOSS Balloon  www.eoss.org/A=008374!W89!",156.0,17.0,39.5976333333,-104.04315,0.69,,,,,-9.44e-06,-6e-05,16.63333333,low Re,0.04,15.333333,0.035926,4.058941,0.104669,0.320281,0.038923,16.596111,
EOSS-339,KC0D-14,2023-04-22 07:01:31.684,2023-04-22 07:01:30,8523.0,912.0,183.0,ascending,/130130h3935.85N/10402.59WO166/015/A=008523 241T7438P 'EOSS Balloon',"KC0D-14>APZEOS,EOSS,WIDE2-1,qAO,W0ARP-1:/130130h3935.85N/10402.59WO166/015/A=008523 241T7438P 'EOSS Balloon'",166.0,17.0,39.5975,-104.0431666667,0.7,297.25,74380.0,0.00169142,0.8717195,0.0,-5e-05,15.2,low Re,-0.047778,15.32381,0.029487,3.899867,0.102867,-0.031747,-0.751116,16.542933,
EOSS-339,AE0SS-12,2023-04-22 07:01:58.552,2023-04-22 07:01:57,8899.0,1050.0,210.0,ascending,/130157h3935.80N/10402.51WO108/013EOSS Balloon  www.eoss.org/A=008899!W55!,"AE0SS-12>APTT4,EOSS,qAO,W0ARP-2:/130157h3935.80N/10402.51WO108/013EOSS Balloon  www.eoss.org/A=008899!W55!",108.0,15.0,39.59675,-104.0419166667,0.75,,,,,4.111e-05,-2.944e-05,17.5,low Re,0.076667,15.468889,0.032857,3.79978,0.099632,0.534534,0.439718,16.391226,
EOSS-339,KC0D-14,2023-04-22 07:02:01.685,2023-04-22 07:02:00,9049.0,1052.0,213.0,ascending,/130200h3935.80N/10402.50WO114/014/A=009049 240T7288P 'EOSS Balloon',"KC0D-14>APZEOS,EOSS,WIDE2-1,qAO,W0ARP-1:/130200h3935.80N/10402.50WO114/014/A=009049 240T7288P 'EOSS Balloon'",114.0,16.0,39.5966666667,-104.0416666667,0.75,297.15,72880.0,0.00165786,0.85442723,5e-05,-2.778e-05,17.53333333,low Re,0.001111,15.597917,0.030741,3.70704,0.096357,0.522092,-0.307502,16.328699,
EOSS-339,AE0SS-12,2023-04-22 07:02:28.599,2023-04-22 07:02:27,9352.0,906.0,240.0,ascending,/130227h3935.73N/10402.40WO169/005EOSS Balloon  www.eoss.org/A=009352!W94!,"AE0SS-12>APTT4,EOSS,qAO,W0ARP-2:/130227h3935.73N/10402.40WO169/005EOSS Balloon  www.eoss.org/A=009352!W94!",169.0,6.0,39.59565,-104.0400666667,0.83,,,,,6.167e-05,-3.667e-05,15.1,low Re,-0.081111,15.568627,0.02375,3.591357,0.097199,-0.130487,-1.078828,16.207635,
EOSS-339,KC0D-14,2023-04-22 07:02:31.661,2023-04-22 07:02:30,9493.0,888.0,243.0,ascending,/130230h3935.74N/10402.40WO115/005/A=009493 235T7161P 'EOSS Balloon',"KC0D-14>APZEOS,EOSS,WIDE2-1,qAO,W0ARP-1:/130230h3935.74N/10402.40WO115/005/A=009493 235T7161P 'EOSS Balloon'",115.0,6.0,39.5956666667,-104.04,0.83,296.65,71610.0,0.00163172,0.84095309,5.556e-05,-3.333e-05,14.8,low Re,-0.01,15.525926,0.021765,3.488835,0.094468,-0.208071,-0.336251,16.155975,
EOSS-339,AE0SS-12,2023-04-22 07:02:58.359,2023-04-22 07:02:57,9818.0,932.0,270.0,ascending,/130257h3935.69N/10402.33WO118/005EOSS Balloon  www.eoss.org/A=009818!W40!,"AE0SS-12>APTT4,EOSS,qAO,W0ARP-2:/130257h3935.69N/10402.33WO118/005EOSS Balloon  www.eoss.org/A=009818!W40!",118.0,6.0,39.5949,-104.0388333333,0.89,,,,,4.111e-05,-2.5e-05,15.53333333,low Re,0.024444,15.526316,0.021914,3.390538,0.09165,0.00207,0.027605,16.053919,
EOSS-339,KC0D-14,2023-04-22 07:03:01.690,2023-04-22 07:03:00,9955.0,924.0,273.0,ascending,/130300h3935.69N/10402.33WO150/010/A=009955 234T7032P 'EOSS Balloon',"KC0D-14>APZEOS,EOSS,WIDE2-1,qAO,W0ARP-1:/130300h3935.69N/10402.33WO150/010/A=009955 234T7032P 'EOSS Balloon'",150.0,12.0,39.5948333333,-104.0388333333,0.89,296.55,70320.0,0.00160286,0.82608242,3.889e-05,-2.778e-05,15.4,low Re,-0.004444,15.52,0.020526,3.300229,0.089273,-0.036361,-0.279704,16.019452,
EOSS-339,AE0SS-12,2023-04-22 07:03:28.496,2023-04-22 07:03:27,10274.0,912.0,300.0,ascending,/130327h3935.64N/10402.25WO144/011EOSS Balloon  www.eoss.org/A=010274!W21!,"AE0SS-12>APTT4,EOSS,qAO,W0ARP-2:/130327h3935.64N/10402.25WO144/011EOSS Balloon  www.eoss.org/A=010274!W21!",144.0,13.0,39.5940333333,-104.0375166667,0.96,,,,,4.389e-05,-2.889e-05,15.2,low Re,-0.006667,15.504762,0.019167,3.217423,0.087104,-0.094722,-0.296588,15.962033,
EOSS-339,KC0D-14,2023-04-22 07:03:31.668,2023-04-22 07:03:30,10415.0,920.0,303.0,ascending,/130330h3935.63N/10402.24WO120/014/A=010415 230T6907P 'EOSS Balloon',"KC0D-14>APZEOS,EOSS,WIDE2-1,qAO,W0ARP-1:/130330h3935.63N/10402.24WO120/014/A=010415 230T6907P 'EOSS Balloon'",120.0,16.0,39.5938333333,-104.0373333333,0.97,296.15,69070.0,0.0015765,0.81249401,5e-05,-3.333e-05,15.33333333,low Re,0.004444,15.49697,0.018466,3.140096,0.084959,-0.052112,-0.165044,15.947577,
EOSS-339,AE0SS-12,2023-04-22 07:03:58.298,2023-04-22 07:03:57,10733.0,918.0,330.0,ascending,/130357h3935.58N/10402.12WO142/011EOSS Balloon  www.eoss.org/A=010733!W45!,"AE0SS-12>APTT4,EOSS,qAO,W0ARP-2:/130357h3935.58N/10402.12WO142/011EOSS Balloon  www.eoss.org/A=010733!W45!",142.0,13.0,39.5930666667,-104.0354166667,1.05,,,,,7e-05,-3.222e-05,15.3,low Re,-0.001111,15.488406,0.017576,3.068175,0.083017,-0.061407,-0.225098,15.940888,
EOSS-339,KC0D-14,2023-04-22 07:04:01.667,2023-04-22 07:04:00,10877.0,924.0,333.0,ascending,/130400h3935.58N/10402.12WO142/012/A=010877 228T6782P 'EOSS Balloon',"KC0D-14>APZEOS,EOSS,WIDE2-1,qAO,W0ARP-1:/130400h3935.58N/10402.12WO142/012/A=010877 228T6782P 'EOSS Balloon'",142.0,14.0,39.593,-104.0353333333,1.06,295.95,67820.0,0.00154901,0.79832897,6.667e-05,-2.778e-05,15.4,low Re,0.003333,15.484722,0.016956,3.000789,0.081162,-0.028233,-0.167849,15.949875,
EOSS-339,AE0SS-12,2023-04-22 07:04:28.287,2023-04-22 07:04:27,11202.0,938.0,360.0,ascending,/130427h3935.51N/10402.00WO120/015EOSS Balloon  www.eoss.org/A=011202!W78!,"AE0SS-12>APTT4,EOSS,qAO,W0ARP-2:/130427h3935.51N/10402.00WO120/015EOSS Balloon  www.eoss.org/A=011202!W78!",120.0,17.0,39.59195,-104.0334666667,1.16,,,,,6.5e-05,-3.722e-05,15.63333333,low Re,0.007778,15.490667,0.016574,2.937757,0.0794,0.048563,-0.110781,15.997626,
EOSS-339,KC0D-14,2023-04-22 07:04:31.699,2023-04-22 07:04:30,11353.0,952.0,363.0,ascending,/130430h3935.51N/10401.99WO123/017/A=011353 224T6656P 'EOSS Balloon',"KC0D-14>APZEOS,EOSS,WIDE2-1,qAO,W0ARP-1:/130430h3935.51N/10401.99WO123/017/A=011353 224T6656P 'EOSS Balloon'",123.0,20.0,39.5918333333,-104.0331666667,1.17,295.55,66560.0,0.00152229,0.78455754,7.222e-05,-3.889e-05,15.86666667,low Re,0.007778,15.505128,0.016222,2.879347,0.077749,0.125563,-0.108606,16.032527,
EOSS-339,AE0SS-12,2023-04-22 07:04:58.316,2023-04-22 07:04:57,11694.0,984.0,390.0,ascending,/130457h3935.44N/10401.88WO111/019EOSS Balloon  www.eoss.org/A=011694!W70!,"AE0SS-12>APTT4,EOSS,qAO,W0ARP-2:/130457h3935.44N/10401.88WO111/019EOSS Balloon  www.eoss.org/A=011694!W70!",111.0,22.0,39.5907833333,-104.0313333333,1.28,,,,,7.111e-05,-3.889e-05,16.4,low Re,0.017778,15.538272,0.016282,2.828679,0.076178,0.30464,0.019638,16.139728,
EOSS-339,KC0D-14,2023-04-22 07:05:01.702,2023-04-22 07:05:00,11820.0,934.0,393.0,ascending,/130500h3935.44N/10401.86WO120/020/A=011820 222T6530P 'EOSS Balloon',"KC0D-14>APZEOS,EOSS,WIDE2-1,qAO,W0ARP-1:/130500h3935.44N/10401.86WO120/020/A=011820 222T6530P 'EOSS Balloon'",120.0,23.0,39.5906666667,-104.031,1.29,295.35,65300.0,0.00149449,0.77022685,7.222e-05,-3.889e-05,15.56666667,low Re,-0.027778,15.539286,0.01465,2.775808,0.075179,0.009864,-0.56436,16.18883,
EOSS-339,AE0SS-12,2023-04-22 07:05:28.468,2023-04-22 07:05:27,12150.0,912.0,420.0,ascending,/130527h3935.36N/10401.70WO103/017EOSS Balloon  www.eoss.org/A=012150!W64!,"AE0SS-12>APTT4,EOSS,qAO,W0ARP-2:/130527h3935.36N/10401.70WO103/017EOSS Balloon  www.eoss.org/A=012150!W64!",103.0,20.0,39.5894333333,-104.0284,1.43,,,,,9.778e-05,-4.5e-05,15.2,low Re,-0.012222,15.527586,0.01369,2.726517,0.073948,-0.120148,-0.350408,16.339858,
EOSS-339,KC0D-14,2023-04-22 07:05:31.778,2023-04-22 07:05:30,12262.0,884.0,423.0,ascending,/130530h3935.36N/10401.68WO116/023/A=012262 218T6411P 'EOSS Balloon',"KC0D-14>APZEOS,EOSS,WIDE2-1,qAO,W0ARP-1:/130530h3935.36N/10401.68WO116/023/A=012262 218T6411P 'EOSS Balloon'",116.0,26.0,39.5893333333,-104.028,1.45,294.95,64110.0,0.00146924,0.75721608,0.0001,-4.444e-05,14.73333333,low Re,-0.015556,15.501111,0.012682,2.683017,0.072818,-0.286162,-0.387789,16.398004,
EOSS-339,AE0SS-12,2023-04-22 07:05:58.202,2023-04-22 07:05:57,12659.0,1018.0,450.0,ascending,/130557h3935.31N/10401.52WO135/017EOSS Balloon  www.eoss.org/A=012659!W50!,"AE0SS-12>APTT4,EOSS,qAO,W0ARP-2:/130557h3935.31N/10401.52WO135/017EOSS Balloon  www.eoss.org/A=012659!W50!",135.0,20.0,39.5885833333,-104.0253333333,1.56,,,,,0.00010222,-2.833e-05,16.96666667,low Re,0.074444,15.548387,0.014741,2.651021,0.072435,0.534994,0.824229,16.629016,
EOSS-339,KC0D-14,2023-04-22 07:06:01.749,2023-04-22 07:06:00,12782.0,1040.0,453.0,ascending,/130600h3935.30N/10401.50WO128/024/A=012782 217T6280P 'EOSS Balloon',"KC0D-14>APZEOS,EOSS,WIDE2-1,qAO,W0ARP-1:/130600h3935.30N/10401.50WO128/024/A=012782 217T6280P 'EOSS Balloon'",128.0,28.0,39.5883333333,-104.025,1.59,294.85,62800.0,0.00143971,0.74199497,0.0001,-3.333e-05,17.33333333,low Re,0.012222,15.604167,0.014659,2.626932,0.071219,0.658246,-0.034218,16.707662,
EOSS-339,AE0SS-12,2023-04-22 07:06:28.324,2023-04-22 07:06:27,13171.0,1024.0,480.0,ascending,/130627h3935.28N/10401.31WO091/017EOSS Balloon  www.eoss.org/A=013171!W13!,"AE0SS-12>APTT4,EOSS,qAO,W0ARP-2:/130627h3935.28N/10401.31WO091/017EOSS Balloon  www.eoss.org/A=013171!W13!",91.0,20.0,39.5880166667,-104.0218833333,1.7,,,,,0.000115,-1.889e-05,17.06666667,low Re,-0.008889,15.648485,0.013924,2.598064,0.070184,0.545861,-0.325046,16.974665,
EOSS-339,KC0D-14,2023-04-22 07:06:31.674,2023-04-22 07:06:30,13312.0,1060.0,483.0,ascending,/130630h3935.28N/10401.29WO084/025/A=013312 212T6149P 'EOSS Balloon',"KC0D-14>APZEOS,EOSS,WIDE2-1,qAO,W0ARP-1:/130630h3935.28N/10401.29WO084/025/A=013312 212T6149P 'EOSS Balloon'",84.0,29.0,39.588,-104.0215,1.71,294.35,61490.0,0.00141207,0.72775115,0.00011667,-1.111e-05,17.66666667,low Re,0.02,15.707843,0.014108,2.581703,0.069087,0.758733,0.085284,17.077278,
EOSS-339,AE0SS-12,2023-04-22 07:06:58.243,2023-04-22 07:06:57,13693.0,1044.0,510.0,ascending,/130657h3935.23N/10401.05WO124/022EOSS Balloon  www.eoss.org/A=013693!W37!,"AE0SS-12>APTT4,EOSS,qAO,W0ARP-2:/130657h3935.23N/10401.05WO124/022EOSS Balloon  www.eoss.org/A=013693!W37!",124.0,25.0,39.5872166667,-104.0176166667,1.89,,,,,0.00014222,-2.667e-05,17.4,high Re,-0.008889,15.75619,0.013431,2.559485,0.068146,0.642242,-0.327532,17.366301,low_to_high
EOSS-339,KC0D-14,2023-04-22 07:07:01.733,2023-04-22 07:07:00,13823.0,1022.0,513.0,ascending,/130700h3935.22N/10401.03WO107/027/A=013823 210T6024P 'EOSS Balloon',"KC0D-14>APZEOS,EOSS,WIDE2-1,qAO,W0ARP-1:/130700h3935.22N/10401.03WO107/027/A=013823 210T6024P 'EOSS Balloon'",107.0,31.0,39.587,-104.0171666667,1.92,294.15,60240.0,0.00138431,0.71344181,0.00014444,-3.333e-05,17.03333333,high Re,-0.012222,15.791667,0.012698,2.531621,0.067277,0.490463,-0.370409,17.467957,
EOSS-339,AE0SS-12,2023-04-22 07:07:28.272,2023-04-22 07:07:27,14257.0,1128.0,540.0,ascending,/130727h3935.15N/10400.79WO117/022EOSS Balloon  www.eoss.org/A=014257!W27!,"AE0SS-12>APTT4,EOSS,qAO,W0ARP-2:/130727h3935.15N/10400.79WO117/022EOSS Balloon  www.eoss.org/A=014257!W27!",117.0,25.0,39.5858666667,-104.0132833333,2.11,,,,,0.00014444,-4.5e-05,18.8,high Re,0.058889,15.872973,0.013981,2.544734,0.066754,1.150229,0.672739,17.813969,
EOSS-339,KC0D-14,2023-04-22 07:07:31.665,2023-04-22 07:07:30,14421.0,1196.0,543.0,ascending,/130730h3935.15N/10400.78WO110/022/A=014421 206T5879P 'EOSS Balloon',"KC0D-14>APZEOS,EOSS,WIDE2-1,qAO,W0ARP-1:/130730h3935.15N/10400.78WO110/022/A=014421 206T5879P 'EOSS Balloon'",110.0,25.0,39.5858333333,-104.013,2.13,293.75,58790.0,0.00135282,0.69721711,0.00013889,-3.889e-05,19.93333333,high Re,0.037778,15.979825,0.014625,2.595093,0.065937,1.523455,0.351138,17.946045,
EOSS-339,AE0SS-12,2023-04-22 07:07:58.242,2023-04-22 07:07:57,14890.0,1266.0,570.0,ascending,/130757h3935.07N/10400.55WO099/028EOSS Balloon  www.eoss.org/A=014890!W71!,"AE0SS-12>APTT4,EOSS,qAO,W0ARP-2:/130757h3935.07N/10400.55WO099/028EOSS Balloon  www.eoss.org/A=014890!W71!",99.0,32.0,39.5846166667,-104.0091833333,2.33,,,,,0.00013667,-4.167e-05,21.1,high Re,0.038889,16.111111,0.015263,2.688772,0.065158,1.855453,0.362596,18.322241,
EOSS-339,KC0D-14,2023-04-22 07:08:01.721,2023-04-22 07:08:00,15025.0,1208.0,573.0,ascending,/130800h3935.07N/10400.53WO116/025/A=015025 204T5736P 'EOSS Balloon',"KC0D-14>APZEOS,EOSS,WIDE2-1,qAO,W0ARP-1:/130800h3935.07N/10400.53WO116/025/A=015025 204T5736P 'EOSS Balloon'",116.0,29.0,39.5845,-104.0088333333,2.35,293.55,57360.0,0.00132082,0.68072156,0.00013889,-4.444e-05,20.13333333,high Re,-0.032222,16.211667,0.014046,2.729208,0.064743,1.436925,-0.714641,18.429114,
EOSS-339,AE0SS-12,2023-04-22 07:08:28.354,2023-04-22 07:08:27,15451.0,1122.0,600.0,ascending,/130827h3934.98N/10400.20WO122/037EOSS Balloon  www.eoss.org/A=015451!W19!,"AE0SS-12>APTT4,EOSS,qAO,W0ARP-2:/130827h3934.98N/10400.20WO122/037EOSS Balloon  www.eoss.org/A=015451!W19!",122.0,43.0,39.5830166667,-104.0034833333,2.63,,,,,0.00019,-5.333e-05,18.7,high Re,-0.047778,16.272358,0.0125,2.722753,0.064651,0.891613,-0.93236,18.758674,
EOSS-339,KC0D-14,2023-04-22 07:08:31.716,2023-04-22 07:08:30,15599.0,1148.0,603.0,ascending,/130830h3934.98N/10400.17WO100/037/A=015599 200T5602P 'EOSS Balloon',"KC0D-14>APZEOS,EOSS,WIDE2-1,qAO,W0ARP-1:/130830h3934.98N/10400.17WO100/037/A=015599 200T5602P 'EOSS Balloon'",100.0,43.0,39.583,-104.0028333333,2.66,293.15,56020.0,0.00129172,0.66572621,0.0002,-5e-05,19.13333333,high Re,0.014444,16.340476,0.012547,2.725336,0.063839,1.024775,0.029715,18.869669,
EOSS-339,AE0SS-12,2023-04-22 07:08:58.442,2023-04-22 07:08:57,16072.0,1242.0,630.0,ascending,/130857h3934.90N/10359.86WO120/028EOSS Balloon  www.eoss.org/A=016072!W42!,"AE0SS-12>APTT4,EOSS,qAO,W0ARP-2:/130857h3934.90N/10359.86WO120/028EOSS Balloon  www.eoss.org/A=016072!W42!",120.0,32.0,39.5817333333,-103.9977,2.93,,,,,0.00019278,-4.278e-05,20.7,high Re,0.052222,16.44186,0.013492,2.773553,0.063352,1.535265,0.611346,19.208898,
EOSS-339,KC0D-14,2023-04-22 07:09:01.671,2023-04-22 07:09:00,16212.0,1226.0,633.0,ascending,/130900h3934.90N/10359.84WO101/030/A=016212 198T5463P 'EOSS Balloon',"KC0D-14>APZEOS,EOSS,WIDE2-1,qAO,W0ARP-1:/130900h3934.90N/10359.84WO101/030/A=016212 198T5463P 'EOSS Balloon'",101.0,35.0,39.5816666667,-103.9973333333,2.95,292.95,54630.0,0.00126053,0.64965105,0.00018333,-4.444e-05,20.43333333,high Re,-0.008889,16.532576,0.012972,2.806383,0.062686,1.389959,-0.348738,19.304161,
EOSS-339,AE0SS-12,2023-04-22 07:09:28.521,2023-04-22 07:09:27,16751.0,1358.0,660.0,ascending,/130927h3934.87N/10359.53WO078/027EOSS Balloon  www.eoss.org/A=016751!W85!,"AE0SS-12>APTT4,EOSS,qAO,W0ARP-2:/130927h3934.87N/10359.53WO078/027EOSS Balloon  www.eoss.org/A=016751!W85!",78.0,31.0,39.5813,-103.99225,3.18,,,,,0.00018167,-1.444e-05,22.63333333,high Re,0.073333,16.668148,0.014343,2.91957,0.062618,2.043173,0.942061,19.645807,
EOSS-339,KC0D-14,2023-04-22 07:09:31.718,2023-04-22 07:09:30,16891.0,1358.0,663.0,ascending,/130930h3934.89N/10359.51WO078/028/A=016891 193T5311P 'EOSS Balloon',"KC0D-14>APZEOS,EOSS,WIDE2-1,qAO,W0ARP-1:/130930h3934.89N/10359.51WO078/028/A=016891 193T5311P 'EOSS Balloon'",78.0,32.0,39.5815,-103.9918333333,3.19,292.45,53110.0,0.00122755,0.63265526,0.00018333,-5.56e-06,22.63333333,high Re,0.0,16.797826,0.014025,3.01795,0.061939,1.9336,-0.226432,19.727572,
EOSS-339,AE0SS-12,2023-04-22 07:09:58.485,2023-04-22 07:09:57,17312.0,1122.0,690.0,ascending,/130957h3934.91N/10359.21WO070/035EOSS Balloon  www.eoss.org/A=017312!W93!,"AE0SS-12>APTT4,EOSS,qAO,W0ARP-2:/130957h3934.91N/10359.21WO070/035EOSS Balloon  www.eoss.org/A=017312!W93!",70.0,40.0,39.5819833333,-103.9868833333,3.39,,,,,0.00017889,2.278e-05,18.7,high Re,-0.131111,16.838298,0.01087,2.997833,0.064878,0.621016,-2.188431,19.955045,
EOSS-339,KC0D-14,2023-04-22 07:10:01.695,2023-04-22 07:10:00,17442.0,1102.0,693.0,ascending,/131000h3934.93N/10359.18WO082/034/A=017442 190T5189P 'EOSS Balloon',"KC0D-14>APZEOS,EOSS,WIDE2-1,qAO,W0ARP-1:/131000h3934.93N/10359.18WO082/034/A=017442 190T5189P 'EOSS Balloon'",82.0,39.0,39.5821666667,-103.9863333333,3.41,292.15,51890.0,0.00120059,0.61875715,0.00018333,2.222e-05,18.36666667,high Re,-0.011111,16.870139,0.010402,2.973963,0.064249,0.50321,-0.334838,20.019574,
EOSS-339,AE0SS-12,2023-04-22 07:10:28.277,2023-04-22 07:10:27,17843.0,1062.0,720.0,ascending,/131027h3934.90N/10358.81WO090/048EOSS Balloon  www.eoss.org/A=017843!W94!,"AE0SS-12>APTT4,EOSS,qAO,W0ARP-2:/131027h3934.90N/10358.81WO090/048EOSS Balloon  www.eoss.org/A=017843!W94!",90.0,55.0,39.5818166667,-103.9802333333,3.7,,,,,0.00022167,-5.56e-06,17.7,high Re,-0.022222,16.887075,0.009722,2.945208,0.063736,0.276016,-0.501192,20.201361,
EOSS-339,KC0D-14,2023-04-22 07:10:31.655,2023-04-22 07:10:30,17972.0,1060.0,723.0,ascending,/131030h3934.91N/10358.77WO094/042/A=017972 186T5075P 'EOSS Balloon',"KC0D-14>APZEOS,EOSS,WIDE2-1,qAO,W0ARP-1:/131030h3934.91N/10358.77WO094/042/A=017972 186T5075P 'EOSS Balloon'",94.0,48.0,39.5818333333,-103.9795,3.74,291.75,50750.0,0.00117582,0.60599303,0.00022778,-1.111e-05,17.66666667,high Re,-0.001111,16.902667,0.009501,2.917084,0.063087,0.261905,-0.168212,20.254292,
EOSS-339,AE0SS-12,2023-04-22 07:10:58.230,2023-04-22 07:10:57,18428.0,1170.0,750.0,ascending,/131057h3934.86N/10358.33WO091/055EOSS Balloon  www.eoss.org/A=018428!W11!,"AE0SS-12>APTT4,EOSS,qAO,W0ARP-2:/131057h3934.86N/10358.33WO091/055EOSS Balloon  www.eoss.org/A=018428!W11!",91.0,63.0,39.5810166667,-103.9721833333,4.11,,,,,0.00026833,-2.667e-05,19.5,high Re,0.061111,16.953595,0.010533,2.910579,0.062865,0.874879,0.804549,20.419985,
EOSS-339,KC0D-14,2023-04-22 07:11:01.669,2023-04-22 07:11:00,18608.0,1272.0,753.0,ascending,/131100h3934.86N/10358.27WO098/051/A=018608 183T4942P 'EOSS Balloon',"KC0D-14>APZEOS,EOSS,WIDE2-1,qAO,W0ARP-1:/131100h3934.86N/10358.27WO098/051/A=018608 183T4942P 'EOSS Balloon'",98.0,59.0,39.581,-103.9711666667,4.16,291.45,49420.0,0.00114618,0.59071926,0.00027778,-2.778e-05,21.2,high Re,0.056667,17.035256,0.011438,2.941451,0.062568,1.415881,0.722878,20.476376,
EOSS-339,AE0SS-12,2023-04-22 07:11:28.232,2023-04-22 07:11:27,19117.0,1378.0,780.0,ascending,/131127h3934.83N/10357.81WO096/048EOSS Balloon  www.eoss.org/A=019117!W16!,"AE0SS-12>APTT4,EOSS,qAO,W0ARP-2:/131127h3934.83N/10357.81WO096/048EOSS Balloon  www.eoss.org/A=019117!W16!",96.0,55.0,39.5805166667,-103.9636,4.54,,,,,0.00028611,-1.667e-05,22.96666667,high Re,0.058889,17.14717,0.01235,3.024822,0.0623,1.923914,0.747014,20.609425,
EOSS-339,KC0D-14,2023-04-22 07:11:31.650,2023-04-22 07:11:30,19264.0,1312.0,783.0,ascending,/131130h3934.83N/10357.76WO089/055/A=019264 178T4807P 'EOSS Balloon',"KC0D-14>APZEOS,EOSS,WIDE2-1,qAO,W0ARP-1:/131130h3934.83N/10357.76WO089/055/A=019264 178T4807P 'EOSS Balloon'",89.0,63.0,39.5805,-103.9626666667,4.58,290.95,48070.0,0.00111679,0.57557008,0.00028333,-1.667e-05,21.86666667,high Re,-0.036667,17.234568,0.011426,3.064211,0.062064,1.511677,-0.774894,20.640903,
EOSS-339,AE0SS-12,2023-04-22 07:11:58.730,2023-04-22 07:11:57,19704.0,1174.0,810.0,ascending,/131157h3934.71N/10357.23WO113/061EOSS Balloon  www.eoss.org/A=019704!W51!,"AE0SS-12>APTT4,EOSS,qAO,AE0SS-1:/131157h3934.71N/10357.23WO113/061EOSS Balloon  www.eoss.org/A=019704!W51!",113.0,70.0,39.5785833333,-103.95385,5.07,,,,,0.000325,-6.444e-05,19.56666667,high Re,-0.076667,17.27697,0.009794,3.05195,0.062634,0.750241,-1.380416,20.717834,
EOSS-339,KC0D-14,2023-04-22 07:12:01.685,2023-04-22 07:12:00,19848.0,1168.0,813.0,ascending,/131200h3934.69N/10357.17WO116/063/A=019848 175T4689P 'EOSS Balloon',"KC0D-14>APZEOS,EOSS,WIDE2-1,qAO,W0ARP-1:/131200h3934.69N/10357.17WO116/063/A=019848 175T4689P 'EOSS Balloon'",116.0,72.0,39.5781666667,-103.9528333333,5.13,290.65,46890.0,0.0010905,0.56202076,0.00032778,-7.778e-05,19.46666667,high Re,-0.003333,17.316071,0.009556,3.038201,0.062076,0.707852,-0.207633,20.737707,
EOSS-339,AE0SS-12,2023-04-22 07:12:28.346,2023-04-22 07:12:27,20258.0,1108.0,840.0,ascending,/131227h3934.46N/10356.58WO114/068EOSS Balloon  www.eoss.org/A=020258!W99!,"AE0SS-12>APTT4,EOSS,qAO,W0ARP-1:/131227h3934.46N/10356.58WO114/068EOSS Balloon  www.eoss.org/A=020258!W99!",114.0,78.0,39.5744833333,-103.94315,5.7,,,,,0.00035667,-0.00013667,18.46666667,high Re,-0.033333,17.336257,0.00879,3.014807,0.061776,0.374953,-0.681867,20.781252,
EOSS-339,KC0D-14,2023-04-22 07:12:31.702,2023-04-22 07:12:30,20412.0,1128.0,843.0,ascending,/131230h3934.44N/10356.52WO117/074/A=020412 170T4582P 'EOSS Balloon',"KC0D-14>APZEOS,EOSS,WIDE2-1,qAO,W0ARP-1:/131230h3934.44N/10356.52WO117/074/A=020412 170T4582P 'EOSS Balloon'",117.0,85.0,39.574,-103.942,5.77,290.15,45820.0,0.00106745,0.5501422,0.00036111,-0.00013889,18.8,high Re,0.011111,17.361494,0.00883,2.994418,0.061223,0.480396,0.037257,20.792996,
EOSS-339,AE0SS-12,2023-04-22 07:12:58.235,2023-04-22 07:12:57,20879.0,1242.0,870.0,ascending,/131257h3934.17N/10355.88WO116/078EOSS Balloon  www.eoss.org/A=020879!W95!,"AE0SS-12>APTT4,EOSS,qAO,W0ARP-2:/131257h3934.17N/10355.88WO116/078EOSS Balloon  www.eoss.org/A=020879!W95!",116.0,90.0,39.56965,-103.9314166667,6.41,,,,,0.00039111,-0.00016111,20.7,high Re,0.063333,17.418079,0.00977,3.000143,0.061104,1.093922,0.876587,20.8151,
EOSS-339,KC0D-14,2023-04-22 07:13:01.712,2023-04-22 07:13:00,21047.0,1270.0,873.0,ascending,/131300h3934.15N/10355.81WO114/079/A=021047 168T4461P 'EOSS Balloon',"KC0D-14>APZEOS,EOSS,WIDE2-1,qAO,W0ARP-1:/131300h3934.15N/10355.81WO114/079/A=021047 168T4461P 'EOSS Balloon'",114.0,91.0,39.5691666667,-103.9301666667,6.48,289.95,44610.0,0.00103998,0.53598367,0.00039444,-0.00016111,21.16666667,high Re,0.015556,17.480556,0.009868,3.013718,0.060579,1.223111,0.093894,20.818629,
EOSS-339,AE0SS-12,2023-04-22 07:13:28.276,2023-04-22 07:13:27,21558.0,1358.0,900.0,ascending,/131327h3933.93N/10355.10WO109/073EOSS Balloon  www.eoss.org/A=021558!W36!,"AE0SS-12>APTT4,EOSS,qAO,W0ARP-2:/131327h3933.93N/10355.10WO109/073EOSS Balloon  www.eoss.org/A=021558!W36!",109.0,84.0,39.56555,-103.9184333333,7.15,,,,,0.00043278,-0.00013667,22.63333333,high Re,0.048889,17.565027,0.010518,3.060455,0.060275,1.656063,0.636599,20.817585,
EOSS-339,KC0D-14,2023-04-22 07:13:31.648,2023-04-22 07:13:30,21723.0,1352.0,903.0,ascending,/131330h3933.91N/10355.04WO115/072/A=021723 163T4336P 'EOSS Balloon',"KC0D-14>APZEOS,EOSS,WIDE2-1,qAO,W0ARP-1:/131330h3933.91N/10355.04WO115/072/A=021723 163T4336P 'EOSS Balloon'",115.0,83.0,39.5651666667,-103.9173333333,7.22,289.45,43360.0,0.00101259,0.521865,0.00042778,-0.00013333,22.53333333,high Re,-0.003333,17.645161,0.010291,3.100156,0.059797,1.57675,-0.227838,20.814076,
EOSS-339,AE0SS-12,2023-04-22 07:13:58.878,2023-04-22 07:13:57,22152.0,1188.0,930.0,ascending,/131357h3933.67N/10354.36WO115/067EOSS Balloon  www.eoss.org/A=022152!W43!,"AE0SS-12>APTT4,EOSS,qAO,AE0SS-1:/131357h3933.67N/10354.36WO115/067EOSS Balloon  www.eoss.org/A=022152!W43!",115.0,77.0,39.5612333333,-103.90605,7.88,,,,,0.00041278,-0.00014389,19.8,high Re,-0.091111,17.679365,0.008656,3.087014,0.060687,0.686953,-1.64396,20.799513,
EOSS-339,KC0D-14,2023-04-22 07:14:01.667,2023-04-22 07:14:00,22304.0,1162.0,933.0,ascending,/131400h3933.65N/10354.29WO114/074/A=022304 161T4232P 'EOSS Balloon',"KC0D-14>APZEOS,EOSS,WIDE2-1,qAO,W0ARP-1:/131400h3933.65N/10354.29WO114/074/A=022304 161T4232P 'EOSS Balloon'",114.0,85.0,39.5608333333,-103.9048333333,7.95,289.25,42320.0,0.00098898,0.50970013,0.00041667,-0.00014444,19.36666667,high Re,-0.014444,17.705729,0.008289,3.06967,0.060265,0.54108,-0.377217,20.792877,
EOSS-339,AE0SS-12,2023-04-22 07:14:28.326,2023-04-22 07:14:27,22733.0,1162.0,960.0,ascending,/131427h3933.39N/10353.63WO114/072EOSS Balloon  www.eoss.org/A=022733!W76!,"AE0SS-12>APTT4,EOSS,qAO,W0ARP-2:/131427h3933.39N/10353.63WO114/072EOSS Balloon  www.eoss.org/A=022733!W76!",114.0,83.0,39.5566166667,-103.8939333333,8.6,,,,,0.00040389,-0.00015389,19.36666667,high Re,0.0,17.731282,0.00816,3.052554,0.059794,0.535743,-0.136469,20.771485,
EOSS-339,KC0D-14,2023-04-22 07:14:31.680,2023-04-22 07:14:30,22898.0,1188.0,963.0,ascending,/131430h3933.37N/10353.57WO113/075/A=022898 156T4126P 'EOSS Balloon',"KC0D-14>APZEOS,EOSS,WIDE2-1,qAO,W0ARP-1:/131430h3933.37N/10353.57WO113/075/A=022898 156T4126P 'EOSS Balloon'",113.0,86.0,39.5561666667,-103.8928333333,8.66,288.75,41260.0,0.00096588,0.49779403,0.0004,-0.00015556,19.8,high Re,0.014444,17.762626,0.008256,3.039667,0.05933,0.670262,0.104298,20.762625,
EOSS-339,AE0SS-12,2023-04-22 07:14:58.282,2023-04-22 07:14:57,23379.0,1292.0,990.0,ascending,/131457h3933.13N/10352.91WO118/078EOSS Balloon  www.eoss.org/A=023379!W11!,"AE0SS-12>APTT4,EOSS,qAO,W0ARP-2:/131457h3933.13N/10352.91WO118/078EOSS Balloon  www.eoss.org/A=023379!W11!",118.0,90.0,39.5521833333,-103.88185,9.31,,,,,0.00040278,-0.00014778,21.53333333,high Re,0.057778,17.818905,0.009007,3.051523,0.059187,1.217238,0.824015,20.736563,
EOSS-339,KC0D-14,2023-04-22 07:15:01.640,2023-04-22 07:15:00,23509.0,1222.0,993.0,ascending,/131500h3933.10N/10352.83WO113/078/A=023509 154T4021P 'EOSS Balloon',"KC0D-14>APZEOS,EOSS,WIDE2-1,qAO,W0ARP-1:/131500h3933.10N/10352.83WO113/078/A=023509 154T4021P 'EOSS Balloon'",113.0,90.0,39.5516666667,-103.8805,9.39,288.55,40210.0,0.00094195,0.48546223,0.00041111,-0.00015,20.36666667,high Re,-0.038889,17.856373,0.008292,3.044383,0.059028,0.824566,-0.799299,20.729762,
EOSS-339,AE0SS-12,2023-04-22 07:15:28.296,2023-04-22 07:15:27,23950.0,1142.0,1020.0,ascending,/131527h3932.84N/10352.16WO116/082EOSS Balloon  www.eoss.org/A=023950!W41!,"AE0SS-12>APTT4,EOSS,qAO,W0ARP-2:/131527h3932.84N/10352.16WO116/082EOSS Balloon  www.eoss.org/A=023950!W41!",116.0,94.0,39.5474,-103.86935,10.05,,,,,0.00041667,-0.00015944,19.03333333,high Re,-0.044444,17.87343,0.007516,3.025235,0.058933,0.383409,-0.881679,20.708644,
EOSS-339,KC0D-14,2023-04-22 07:15:31.749,2023-04-22 07:15:30,24093.0,1168.0,1023.0,ascending,/131530h3932.82N/10352.08WO115/079/A=024093 150T3922P 'EOSS Balloon',"KC0D-14>APZEOS,EOSS,WIDE2-1,qAO,W0ARP-1:/131530h3932.82N/10352.08WO115/079/A=024093 150T3922P 'EOSS Balloon'",115.0,91.0,39.547,-103.868,10.13,288.15,39220.0,0.00092004,0.4741671,0.00041667,-0.00015556,19.46666667,high Re,0.014444,17.89619,0.007617,3.009264,0.058504,0.521881,0.116693,20.702683,
EOSS-339,AE0SS-12,2023-04-22 07:15:58.048,2023-04-22 07:15:57,24577.0,1254.0,1050.0,ascending,/131557h3932.61N/10351.43WO112/071EOSS Balloon  www.eoss.org/A=024577!W40!,"AE0SS-12>APTT4,EOSS,qAO,W0ARP-1:/131557h3932.61N/10351.43WO112/071EOSS Balloon  www.eoss.org/A=024577!W40!",112.0,82.0,39.5435666667,-103.8571666667,10.75,,,,,0.00040611,-0.00012778,20.9,high Re,0.047778,17.938498,0.00819,3.008884,0.058277,0.984253,0.679307,20.686879,
EOSS-339,KC0D-14,2023-04-22 07:16:01.745,2023-04-22 07:16:00,24761.0,1336.0,1053.0,ascending,/131600h3932.59N/10351.36WO113/075/A=024761 148T3810P 'EOSS Balloon',"KC0D-14>APZEOS,EOSS,WIDE2-1,qAO,W0ARP-1:/131600h3932.59N/10351.36WO113/075/A=024761 148T3810P 'EOSS Balloon'",113.0,86.0,39.5431666667,-103.856,10.82,287.95,38100.0,0.00089438,0.46094631,0.0004,-0.00012778,22.26666667,high Re,0.045556,17.998611,0.008717,3.03085,0.058029,1.408204,0.634838,20.682942,
EOSS-339,AE0SS-12,2023-04-22 07:16:28.303,2023-04-22 07:16:27,25236.0,1318.0,1080.0,ascending,/131627h3932.31N/10350.73WO122/069EOSS Balloon  www.eoss.org/A=025236!W90!,"AE0SS-12>APTT4,EOSS,qAO,W0ARP-2:/131627h3932.31N/10350.73WO122/069EOSS Balloon  www.eoss.org/A=025236!W90!",122.0,79.0,39.53865,-103.8455,11.46,,,,,0.00038889,-0.00016389,21.96666667,high Re,-0.01,18.052968,0.008457,3.045351,0.057661,1.285139,-0.320095,20.678942,
EOSS-339,KC0D-14,2023-04-22 07:16:31.676,2023-04-22 07:16:30,25387.0,1252.0,1083.0,ascending,/131630h3932.29N/10350.66WO116/078/A=025387 144T3708P 'EOSS Balloon',"KC0D-14>APZEOS,EOSS,WIDE2-1,qAO,W0ARP-1:/131630h3932.29N/10350.66WO116/078/A=025387 144T3708P 'EOSS Balloon'",116.0,90.0,39.5381666667,-103.8443333333,11.53,287.55,37080.0,0.00087165,0.44923005,0.00038889,-0.00016667,20.86666667,high Re,-0.036667,18.090991,0.007839,3.042056,0.057502,0.912434,-0.77399,20.67968,
EOSS-339,AE0SS-12,2023-04-22 07:16:58.258,2023-04-22 07:16:57,25797.0,1122.0,1110.0,ascending,/131657h3932.06N/10350.06WO119/075EOSS Balloon  www.eoss.org/A=025797!W01!,"AE0SS-12>APTT4,EOSS,qAO,W0ARP-2:/131657h3932.06N/10350.06WO119/075EOSS Balloon  www.eoss.org/A=025797!W01!",119.0,86.0,39.5343333333,-103.83435,12.12,,,,,0.00037167,-0.00014389,18.7,high Re,-0.072222,18.099111,0.006757,3.02225,0.05786,0.198822,-1.365002,20.686917,
EOSS-339,KC0D-14,2023-04-22 07:17:01.720,2023-04-22 07:17:00,25942.0,1110.0,1113.0,ascending,/131700h3932.03N/10349.99WO115/077/A=025942 142T3620P 'EOSS Balloon',"KC0D-14>APZEOS,EOSS,WIDE2-1,qAO,W0ARP-1:/131700h3932.03N/10349.99WO115/077/A=025942 142T3620P 'EOSS Balloon'",115.0,89.0,39.5338333333,-103.8331666667,12.19,287.35,36200.0,0.00085156,0.43887396,0.00037222,-0.00014444,18.5,high Re,-0.006667,18.104386,0.006578,3.002386,0.057489,0.131767,-0.230392,20.691361,
EOSS-339,AE0SS-12,2023-04-22 07:17:28.270,2023-04-22 07:17:27,26381.0,1168.0,1140.0,ascending,/131727h3931.79N/10349.39WO115/062EOSS Balloon  www.eoss.org/A=026381!W63!,"AE0SS-12>APTT4,EOSS,qAO,W0ARP-2:/131727h3931.79N/10349.39WO115/062EOSS Balloon  www.eoss.org/A=026381!W63!",115.0,71.0,39.5299333333,-103.8232166667,12.79,,,,,0.00037111,-0.00014667,19.46666667,high Re,0.032222,18.122078,0.006915,2.986606,0.05718,0.450206,0.442585,20.71095,
EOSS-339,KC0D-14,2023-04-22 07:17:31.668,2023-04-22 07:17:30,26528.0,1172.0,1143.0,ascending,/131730h3931.77N/10349.33WO119/071/A=026528 137T3528P 'EOSS Balloon',"KC0D-14>APZEOS,EOSS,WIDE2-1,qAO,W0ARP-1:/131730h3931.77N/10349.33WO119/071/A=026528 137T3528P 'EOSS Balloon'",119.0,82.0,39.5295,-103.8221666667,12.85,286.85,35280.0,0.00083136,0.42846581,0.00036667,-0.00014444,19.53333333,high Re,0.002222,18.140171,0.006854,2.971448,0.056805,0.46885,-0.081542,20.719573,
EOSS-339,KC0D-14,2023-04-22 07:18:01.693,2023-04-22 07:18:00,27156.0,1256.0,1173.0,ascending,/131800h3931.50N/10348.64WO121/075/A=027156 135T3431P 'EOSS Balloon',"KC0D-14>APZEOS,EOSS,WIDE2-1,qAO,W0ARP-1:/131800h3931.50N/10348.64WO121/075/A=027156 135T3431P 'EOSS Balloon'",121.0,86.0,39.525,-103.8106666667,13.54,286.65,34310.0,0.00080907,0.41697616,0.00038333,-0.00015,20.93333333,high Re,0.046667,18.175527,0.007365,2.969017,0.056615,0.928862,0.694198,20.76782,
EOSS-339,AE0SS-12,2023-04-22 07:18:28.270,2023-04-22 07:18:27,27641.0,1260.0,1200.0,ascending,/131827h3931.23N/10348.01WO108/074EOSS Balloon  www.eoss.org/A=027641!W70!,"AE0SS-12>APTT4,EOSS,qAO,W0ARP-2:/131827h3931.23N/10348.01WO108/074EOSS Balloon  www.eoss.org/A=027641!W70!",108.0,85.0,39.5206166667,-103.8001666667,14.17,,,,,0.00038417,-0.00015528,21.0,high Re,0.001111,18.210833,0.007286,2.967019,0.056255,0.940057,-0.109768,20.817046,
EOSS-339,KC0D-14,2023-04-22 07:18:31.716,2023-04-22 07:18:30,27822.0,1332.0,1203.0,ascending,/131830h3931.21N/10347.94WO117/079/A=027822 131T3330P 'EOSS Balloon',"KC0D-14>APZEOS,EOSS,WIDE2-1,qAO,W0ARP-1:/131830h3931.21N/10347.94WO117/079/A=027822 131T3330P 'EOSS Balloon'",117.0,91.0,39.5201666667,-103.799,14.24,286.25,33300.0,0.00078635,0.40526695,0.00038889,-0.00016111,22.2,high Re,0.04,18.260082,0.007694,2.981547,0.056018,1.321434,0.576707,20.837862,
EOSS-339,AE0SS-12,2023-04-22 07:18:58.240,2023-04-22 07:18:57,28258.0,1234.0,1230.0,ascending,/131857h3930.97N/10347.26WO115/071EOSS Balloon  www.eoss.org/A=028258!W79!,"AE0SS-12>APTT4,EOSS,qAO,W0ARP-2:/131857h3930.97N/10347.26WO115/071EOSS Balloon  www.eoss.org/A=028258!W79!",115.0,82.0,39.5162833333,-103.7878166667,14.89,,,,,0.00041167,-0.00014444,20.56666667,high Re,-0.054444,18.288211,0.006927,2.974014,0.056093,0.766121,-1.094094,20.892885,
EOSS-339,KC0D-14,2023-04-22 07:19:01.771,2023-04-22 07:19:00,28425.0,1206.0,1233.0,ascending,/131900h3930.95N/10347.20WO112/067/A=028425 129T3241P 'EOSS Balloon',"KC0D-14>APZEOS,EOSS,WIDE2-1,qAO,W0ARP-1:/131900h3930.95N/10347.20WO112/067/A=028425 129T3241P 'EOSS Balloon'",112.0,77.0,39.5158333333,-103.7866666667,14.96,286.05,32410.0,0.00076587,0.39471127,0.00041111,-0.00014444,20.1,high Re,-0.015556,18.31004,0.006653,2.962506,0.055801,0.604205,-0.398004,20.915611,
EOSS-339,AE0SS-12,2023-04-22 07:19:28.231,2023-04-22 07:19:27,28964.0,1412.0,1260.0,ascending,/131927h3930.73N/10346.59WO113/059EOSS Balloon  www.eoss.org/A=028964!W30!,"AE0SS-12>APTT4,EOSS,qAO,W0ARP-2:/131927h3930.73N/10346.59WO113/059EOSS Balloon  www.eoss.org/A=028964!W30!",113.0,68.0,39.5122166667,-103.7765,15.56,,,,,0.00037722,-0.00013556,23.53333333,high Re,0.114444,18.372222,0.007952,2.999249,0.056708,1.720801,1.877901,20.994102,
EOSS-339,KC0D-14,2023-04-22 07:19:31.642,2023-04-22 07:19:30,29106.0,1362.0,1263.0,ascending,/131930h3930.71N/10346.53WO116/065/A=029106 124T3143P 'EOSS Balloon',"KC0D-14>APZEOS,EOSS,WIDE2-1,qAO,W0ARP-1:/131930h3930.71N/10346.53WO116/065/A=029106 124T3143P 'EOSS Balloon'",116.0,75.0,39.5118333333,-103.7755,15.62,285.55,31430.0,0.00074401,0.3834464,0.00037222,-0.00013333,22.7,high Re,-0.027778,18.423137,0.007526,3.018072,0.0565,1.417084,-0.62485,21.015861,
EOSS-339,AE0SS-12,2023-04-22 07:19:58.646,2023-04-22 07:19:57,29613.0,1298.0,1290.0,ascending,/131957h3930.49N/10345.86WO107/061EOSS Balloon  www.eoss.org/A=029613!W91!,"AE0SS-12>APTT4,EOSS,qAO,AE0SS-1:/131957h3930.49N/10345.86WO107/061EOSS Balloon  www.eoss.org/A=029613!W91!",107.0,70.0,39.5083166667,-103.76435,16.26,,,,,0.000405,-0.00013,21.63333333,high Re,-0.035556,18.460465,0.00702,3.02017,0.056356,1.05056,-0.755483,21.096074,
EOSS-339,KC0D-14,2023-04-22 07:20:01.655,2023-04-22 07:20:00,29772.0,1332.0,1293.0,ascending,/132000h3930.48N/10345.80WO106/069/A=029772 121T3050P 'EOSS Balloon',"KC0D-14>APZEOS,EOSS,WIDE2-1,qAO,W0ARP-1:/132000h3930.48N/10345.80WO106/069/A=029772 121T3050P 'EOSS Balloon'",106.0,79.0,39.508,-103.7633333333,16.32,285.25,30500.0,0.00072275,0.37249173,0.00040556,-0.00012778,22.2,high Re,0.018889,18.503448,0.007158,3.029208,0.056039,1.220303,0.209336,21.121776,
EOSS-339,AE0SS-12,2023-04-22 07:20:28.263,2023-04-22 07:20:27,30381.0,1536.0,1320.0,ascending,/132027h3930.31N/10345.14WO106/067EOSS Balloon  www.eoss.org/A=030381!W43!,"AE0SS-12>APTT4,EOSS,qAO,W0ARP-2:/132027h3930.31N/10345.14WO106/067EOSS Balloon  www.eoss.org/A=030381!W43!",106.0,77.0,39.5052333333,-103.7523833333,16.93,,,,,0.00039889,-0.00010278,25.6,high Re,0.113333,18.584091,0.008378,3.105304,0.056863,2.259331,1.845752,21.220714,
EOSS-339,KC0D-14,2023-04-22 07:20:31.734,2023-04-22 07:20:30,30528.0,1512.0,1323.0,ascending,/132030h3930.29N/10345.08WO109/069/A=030528 116T2946P 'EOSS Balloon',"KC0D-14>APZEOS,EOSS,WIDE2-1,qAO,W0ARP-1:/132030h3930.29N/10345.08WO109/069/A=030528 116T2946P 'EOSS Balloon'",109.0,79.0,39.5048333333,-103.7513333333,16.99,284.75,29460.0,0.00069933,0.36042214,0.0004,-0.00010556,25.2,high Re,-0.013333,18.658427,0.008131,3.166249,0.056582,2.066032,-0.379343,21.24438,
EOSS-339,AE0SS-12,2023-04-22 07:20:58.315,2023-04-22 07:20:57,31001.0,1240.0,1350.0,ascending,/132057h3930.09N/10344.43WO109/065EOSS Balloon  www.eoss.org/A=031001!W86!,"AE0SS-12>APTT4,EOSS,qAO,W0ARP-2:/132057h3930.09N/10344.43WO109/065EOSS Balloon  www.eoss.org/A=031001!W86!",109.0,75.0,39.5016333333,-103.7406,17.6,,,,,0.00039278,-0.00012,20.66666667,high Re,-0.151111,18.680741,0.006342,3.155519,0.058738,0.62935,-2.680599,21.318768,
EOSS-339,KC0D-14,2023-04-22 07:21:01.703,2023-04-22 07:21:00,31137.0,1218.0,1353.0,ascending,/132100h3930.08N/10344.37WO111/066/A=031137 114T2864P 'EOSS Balloon',"KC0D-14>APZEOS,EOSS,WIDE2-1,qAO,W0ARP-1:/132100h3930.08N/10344.37WO111/066/A=031137 114T2864P 'EOSS Balloon'",111.0,76.0,39.5013333333,-103.7395,17.66,284.55,28640.0,0.00068035,0.3506363,0.00039444,-0.00011667,20.3,high Re,-0.012222,18.698535,0.006136,3.142528,0.05844,0.50961,-0.314134,21.339454,
EOSS-339,AE0SS-12,2023-04-22 07:21:28.663,2023-04-22 07:21:27,31559.0,1116.0,1380.0,ascending,/132127h3929.91N/10343.73WO104/074EOSS Balloon  www.eoss.org/A=031559!W57!,"AE0SS-12>APTT4,EOSS,qAO,W0ARP-2:/132127h3929.91N/10343.73WO104/074EOSS Balloon  www.eoss.org/A=031559!W57!",104.0,85.0,39.4985833333,-103.72895,18.25,,,,,0.00038833,-0.00010167,18.6,high Re,-0.056667,18.697464,0.005446,3.12523,0.058486,-0.031186,-1.062015,21.400861,
EOSS-339,KC0D-14,2023-04-22 07:21:31.687,2023-04-22 07:21:30,31705.0,1136.0,1383.0,ascending,/132130h3929.90N/10343.66WO106/077/A=031705 109T2788P 'EOSS Balloon',"KC0D-14>APZEOS,EOSS,WIDE2-1,qAO,W0ARP-1:/132130h3929.90N/10343.66WO106/077/A=031705 109T2788P 'EOSS Balloon'",106.0,89.0,39.4983333333,-103.7276666667,18.32,284.05,27880.0,0.00066346,0.34193253,0.00039444,-0.0001,18.93333333,high Re,0.011111,18.7,0.005507,3.108295,0.058166,0.075068,0.096345,21.420943,
EOSS-339,AE0SS-12,2023-04-22 07:21:58.331,2023-04-22 07:21:57,32173.0,1228.0,1410.0,ascending,/132157h3929.70N/10342.99WO103/077EOSS Balloon  www.eoss.org/A=032173!W30!,"AE0SS-12>APTT4,EOSS,qAO,W0ARP-1:/132157h3929.70N/10342.99WO103/077EOSS Balloon  www.eoss.org/A=032173!W30!",103.0,89.0,39.49505,-103.7165,18.96,,,,,0.000415,-0.00011778,20.46666667,high Re,0.051111,18.718794,0.005998,3.096904,0.058042,0.564394,0.777248,21.480379,
EOSS-339,KC0D-14,2023-04-22 07:22:01.673,2023-04-22 07:22:00,32326.0,1242.0,1413.0,ascending,/132200h3929.68N/10342.91WO108/078/A=032326 106T2708P 'EOSS Balloon',"KC0D-14>APZEOS,EOSS,WIDE2-1,qAO,W0ARP-1:/132200h3929.68N/10342.91WO108/078/A=032326 106T2708P 'EOSS Balloon'",108.0,90.0,39.4946666667,-103.7151666667,19.03,283.75,27080.0,0.0006451,0.33247212,0.00041667,-0.00012222,20.7,high Re,0.007778,18.739649,0.006017,3.087086,0.05773,0.635017,0.030504,21.497966,
EOSS-339,AE0SS-12,2023-04-22 07:22:28.339,2023-04-22 07:22:27,32908.0,1470.0,1440.0,ascending,/132227h3929.52N/10342.19WO105/079EOSS Balloon  www.eoss.org/A=032908!W03!,"AE0SS-12>APTT4,EOSS,qAO,W0ARP-2:/132227h3929.52N/10342.19WO105/079EOSS Balloon  www.eoss.org/A=032908!W03!",105.0,91.0,39.492,-103.7032166667,19.69,,,,,0.00044278,-0.00010167,24.5,high Re,0.126667,18.799653,0.007287,3.126568,0.058741,1.823196,2.032311,21.555158,
EOSS-339,KC0D-14,2023-04-22 07:22:31.722,2023-04-22 07:22:30,33055.0,1458.0,1443.0,ascending,/132230h3929.51N/10342.12WO101/076/A=033055 101T2617P 'EOSS Balloon',"KC0D-14>APZEOS,EOSS,WIDE2-1,qAO,W0ARP-1:/132230h3929.51N/10342.12WO101/076/A=033055 101T2617P 'EOSS Balloon'",101.0,87.0,39.4918333333,-103.702,19.75,283.25,26170.0,0.00062452,0.32186685,0.00043889,-9.444e-05,24.3,high Re,-0.006667,18.856357,0.007141,3.159983,0.058448,1.722681,-0.236244,21.566933,
EOSS-339,AE0SS-12,2023-04-22 07:22:58.300,2023-04-22 07:22:57,33561.0,1306.0,1470.0,ascending,/132257h3929.35N/10341.38WO107/086EOSS Balloon  www.eoss.org/A=033561!W27!,"AE0SS-12>APTT4,EOSS,qAO,W0ARP-2:/132257h3929.35N/10341.38WO107/086EOSS Balloon  www.eoss.org/A=033561!W27!",107.0,99.0,39.4892,-103.6897833333,20.42,,,,,0.00044778,-9.333e-05,21.76666667,high Re,-0.084444,18.886054,0.006197,3.157369,0.058882,0.912346,-1.539367,21.598294,
EOSS-339,KC0D-14,2023-04-22 07:23:01.665,2023-04-22 07:23:00,33721.0,1332.0,1473.0,ascending,/132300h3929.33N/10341.30WO109/087/A=033721 99T2534P 'EOSS Balloon',"KC0D-14>APZEOS,EOSS,WIDE2-1,qAO,W0ARP-1:/132300h3929.33N/10341.30WO109/087/A=033721 99T2534P 'EOSS Balloon'",109.0,100.0,39.4888333333,-103.6883333333,20.5,283.05,25340.0,0.00060514,0.31187883,0.00045556,-0.0001,22.2,high Re,0.014444,18.919529,0.006281,3.158827,0.058584,1.038509,0.139338,21.605078,
EOSS-339,KC0D-14,2023-04-22 07:23:31.717,2023-04-22 07:23:30,34404.0,1366.0,1503.0,ascending,/132330h3929.12N/10340.47WO108/075/A=034404 93T2453P 'EOSS Balloon',"KC0D-14>APZEOS,EOSS,WIDE2-1,qAO,W0ARP-1:/132330h3929.12N/10340.47WO108/075/A=034404 93T2453P 'EOSS Balloon'",108.0,86.0,39.4853333333,-103.6745,21.28,282.45,24530.0,0.00058705,0.30255088,0.00046111,-0.00011667,22.76666667,high Re,0.018889,18.958,0.006409,3.166291,0.058298,1.20288,0.214073,21.615758,
EOSS-339,AE0SS-12,2023-04-22 07:23:58.370,2023-04-22 07:23:57,34919.0,1358.0,1530.0,ascending,/132357h3928.93N/10339.75WO112/074EOSS Balloon  www.eoss.org/A=034919!W35!,"AE0SS-12>APTT4,EOSS,qAO,W0ARP-2:/132357h3928.93N/10339.75WO112/074EOSS Balloon  www.eoss.org/A=034919!W35!",112.0,85.0,39.4822166667,-103.6625833333,21.94,,,,,0.00045333,-0.00011639,22.63333333,high Re,-0.002222,18.994389,0.006322,3.171575,0.058009,1.147362,-0.147287,21.603102,
EOSS-339,KC0D-14,2023-04-22 07:24:01.684,2023-04-22 07:24:00,35065.0,1322.0,1533.0,ascending,/132400h3928.91N/10339.68WO112/072/A=035065 90T2376P 'EOSS Balloon',"KC0D-14>APZEOS,EOSS,WIDE2-1,qAO,W0ARP-1:/132400h3928.91N/10339.68WO112/072/A=035065 90T2376P 'EOSS Balloon'",112.0,83.0,39.4818333333,-103.6613333333,22.02,282.15,23760.0,0.00056922,0.29336536,0.00043889,-0.00011667,22.03333333,high Re,-0.02,19.024183,0.006062,3.170148,0.057778,0.949214,-0.451071,21.596143,
EOSS-339,AE0SS-12,2023-04-22 07:24:28.227,2023-04-22 07:24:27,35529.0,1220.0,1560.0,ascending,/132427h3928.66N/10338.95WO116/084EOSS Balloon  www.eoss.org/A=035529!W82!,"AE0SS-12>APTT4,EOSS,qAO,W0ARP-2:/132427h3928.66N/10338.95WO116/084EOSS Balloon  www.eoss.org/A=035529!W82!",116.0,97.0,39.4778,-103.6492,22.72,,,,,0.00044611,-0.00014722,20.33333333,high Re,-0.056667,19.036893,0.005447,3.157206,0.057825,0.410629,-1.074172,21.563947,
EOSS-339,KC0D-14,2023-04-22 07:24:31.707,2023-04-22 07:24:30,35685.0,1240.0,1563.0,ascending,/132430h3928.64N/10338.88WO117/078/A=035685 85T2306P 'EOSS Balloon',"KC0D-14>APZEOS,EOSS,WIDE2-1,qAO,W0ARP-1:/132430h3928.64N/10338.88WO117/078/A=035685 85T2306P 'EOSS Balloon'",117.0,90.0,39.4773333333,-103.648,22.79,281.65,23060.0,0.00055343,0.28522789,0.00044444,-0.00015,20.66666667,high Re,0.011111,19.052564,0.005502,3.145904,0.057544,0.513081,0.097473,21.549654,
EOSS-339,AE0SS-12,2023-04-22 07:24:58.664,2023-04-22 07:24:57,36189.0,1320.0,1590.0,ascending,/132457h3928.40N/10338.23WO100/081EOSS Balloon  www.eoss.org/A=036189!W53!,"AE0SS-12>APTT4,EOSS,qAO,W0ARP-2:/132457h3928.40N/10338.23WO100/081EOSS Balloon  www.eoss.org/A=036189!W53!",100.0,93.0,39.4734166667,-103.6372166667,23.43,,,,,0.00039944,-0.00014611,22.0,high Re,0.044444,19.080635,0.005876,3.143929,0.057391,0.928572,0.672022,21.491536,
EOSS-339,KC0D-14,2023-04-22 07:25:01.721,2023-04-22 07:25:00,36339.0,1308.0,1593.0,ascending,/132500h3928.38N/10338.15WO109/084/A=036339 82T2232P 'EOSS Balloon',"KC0D-14>APZEOS,EOSS,WIDE2-1,qAO,W0ARP-1:/132500h3928.38N/10338.15WO109/084/A=036339 82T2232P 'EOSS Balloon'",109.0,97.0,39.473,-103.6358333333,23.51,281.35,22320.0,0.00053624,0.27636925,0.00040556,-0.00014444,21.8,high Re,-0.006667,19.106289,0.005757,3.140051,0.057128,0.857856,-0.217477,21.470737,
EOSS-339,AE0SS-12,2023-04-22 07:25:28.456,2023-04-22 07:25:27,36753.0,1128.0,1620.0,ascending,/132527h3928.16N/10337.45WO112/083EOSS Balloon  www.eoss.org/A=036753!W96!,"AE0SS-12>APTT4,EOSS,qAO,W0ARP-2:/132527h3928.16N/10337.45WO112/083EOSS Balloon  www.eoss.org/A=036753!W96!",112.0,96.0,39.4694833333,-103.6242666667,24.17,,,,,0.00043167,-0.00013111,18.8,high Re,-0.1,19.103427,0.004759,3.125344,0.057775,-0.097086,-1.813224,21.405122,
EOSS-339,KC0D-14,2023-04-22 07:25:31.678,2023-04-22 07:25:30,36886.0,1094.0,1623.0,ascending,/132530h3928.14N/10337.37WO111/084/A=036886 77T2174P 'EOSS Balloon',"KC0D-14>APZEOS,EOSS,WIDE2-1,qAO,W0ARP-1:/132530h3928.14N/10337.37WO111/084/A=036886 77T2174P 'EOSS Balloon'",111.0,97.0,39.469,-103.6228333333,24.25,280.85,21740.0,0.00052324,0.26966685,0.00043333,-0.00013333,18.23333333,high Re,-0.018889,19.09537,0.004538,3.111832,0.057548,-0.277019,-0.407086,21.381524,
EOSS-339,AE0SS-12,2023-04-22 07:25:58.969,2023-04-22 07:25:57,37350.0,1194.0,1650.0,ascending,/132557h3927.89N/10336.61WO111/085EOSS Balloon  www.eoss.org/A=037350!W27!,"AE0SS-12>APTT4,EOSS,qAO,W9CN-9:/132557h3927.89N/10336.61WO111/085EOSS Balloon  www.eoss.org/A=037350!W27!",111.0,98.0,39.4648666667,-103.6102833333,24.98,,,,,0.00046611,-0.00015389,19.9,high Re,0.055556,19.102752,0.00501,3.098351,0.057488,0.257314,0.879244,21.289886,
EOSS-339,KC0D-14,2023-04-22 07:26:01.639,2023-04-22 07:26:00,37501.0,1230.0,1653.0,ascending,/132600h3927.87N/10336.55WO112/075/A=037501 74T2110P 'EOSS Balloon',"KC0D-14>APZEOS,EOSS,WIDE2-1,qAO,W0ARP-1:/132600h3927.87N/10336.55WO112/075/A=037501 74T2110P 'EOSS Balloon'",112.0,86.0,39.4645,-103.6091666667,25.04,280.55,21100.0,0.00050838,0.26200805,0.00045556,-0.00015,20.5,high Re,0.02,19.115455,0.005148,3.086981,0.057239,0.448511,0.259473,21.257028,
EOSS-339,AE0SS-12,2023-04-22 07:26:28.393,2023-04-22 07:26:27,37974.0,1248.0,1680.0,ascending,/132627h3927.63N/10335.86WO118/085EOSS Balloon  www.eoss.org/A=037974!W34!,"AE0SS-12>APTT4,EOSS,qAO,W0ARP-2:/132627h3927.63N/10335.86WO118/085EOSS Balloon  www.eoss.org/A=037974!W34!",118.0,98.0,39.46055,-103.5977333333,25.71,,,,,0.00041833,-0.00014389,20.8,high Re,0.01,19.130631,0.005192,3.077074,0.056978,0.542518,0.084383,21.144916,
EOSS-339,KC0D-14,2023-04-22 07:26:31.652,2023-04-22 07:26:30,38125.0,1248.0,1683.0,ascending,/132630h3927.60N/10335.79WO116/083/A=038125 69T2047P 'EOSS Balloon',"KC0D-14>APZEOS,EOSS,WIDE2-1,qAO,W0ARP-1:/132630h3927.60N/10335.79WO116/083/A=038125 69T2047P 'EOSS Balloon'",116.0,96.0,39.46,-103.5965,25.79,280.05,20470.0,0.00049408,0.25463888,0.00042222,-0.00015,20.8,high Re,0.0,19.145536,0.005145,3.067241,0.056721,0.539398,-0.090707,21.106315,
EOSS-339,AE0SS-12,2023-04-22 07:26:58.436,2023-04-22 07:26:57,38689.0,1430.0,1710.0,ascending,/132657h3927.34N/10335.12WO110/077EOSS Balloon  www.eoss.org/A=038689!W49!,"AE0SS-12>APTT4,EOSS,qAO,W0ARP-2:/132657h3927.34N/10335.12WO110/077EOSS Balloon  www.eoss.org/A=038689!W49!",110.0,89.0,39.4557333333,-103.5854833333,26.44,,,,,0.00040833,-0.00016056,23.83333333,high Re,0.101111,19.187021,0.006002,3.085197,0.057188,1.506002,1.663094,20.951006,
EOSS-339,KC0D-14,2023-04-22 07:27:01.656,2023-04-22 07:27:00,38818.0,1386.0,1713.0,ascending,/132700h3927.32N/10335.06WO113/075/A=038818 66T1980P 'EOSS Balloon',"KC0D-14>APZEOS,EOSS,WIDE2-1,qAO,W0ARP-1:/132700h3927.32N/10335.06WO113/075/A=038818 66T1980P 'EOSS Balloon'",113.0,86.0,39.4553333333,-103.5843333333,26.51,279.75,19800.0,0.00047842,0.24656847,0.00040556,-0.00015556,23.1,high Re,-0.024444,19.221345,0.005733,3.093302,0.057004,1.253888,-0.529384,20.913172,
EOSS-339,AE0SS-12,2023-04-22 07:27:28.258,2023-04-22 07:27:27,39286.0,1194.0,1740.0,ascending,/132727h3927.10N/10334.47WO107/065EOSS Balloon  www.eoss.org/A=039286!W33!,"AE0SS-12>APTT4,EOSS,qAO,W0ARP-2:/132727h3927.10N/10334.47WO107/065EOSS Balloon  www.eoss.org/A=039286!W33!",107.0,75.0,39.4517166667,-103.57455,27.09,,,,,0.00036444,-0.00013389,19.9,high Re,-0.106667,19.227246,0.004747,3.080355,0.05772,0.218401,-1.930249,20.769416,
EOSS-339,KC0D-14,2023-04-22 07:27:31.668,2023-04-22 07:27:30,39440.0,1244.0,1743.0,ascending,/132730h3927.09N/10334.40WO105/066/A=039440 61T1920P 'EOSS Balloon',"KC0D-14>APZEOS,EOSS,WIDE2-1,qAO,W0ARP-1:/132730h3927.09N/10334.40WO105/066/A=039440 61T1920P 'EOSS Balloon'",105.0,76.0,39.4515,-103.5733333333,27.15,279.25,19200.0,0.00046475,0.23952481,0.00036667,-0.00012778,20.73333333,high Re,0.027778,19.24023,0.004947,3.070119,0.057506,0.486334,0.397019,20.720057,
EOSS-339,AE0SS-12,2023-04-22 07:27:58.367,2023-04-22 07:27:57,39877.0,1182.0,1770.0,ascending,/132757h3926.93N/10333.82WO110/069EOSS Balloon  www.eoss.org/A=039877!W76!,"AE0SS-12>APTT4,EOSS,qAO,W0ARP-2:/132757h3926.93N/10333.82WO110/069EOSS Balloon  www.eoss.org/A=039877!W76!",110.0,79.0,39.44895,-103.5637666667,27.69,,,,,0.00035944,-9.222e-05,19.7,high Re,-0.034444,19.24416,0.004607,3.057153,0.057372,0.149106,-0.680663,20.575134,
EOSS-339,KC0D-14,2023-04-22 07:28:01.664,2023-04-22 07:28:00,40042.0,1204.0,1773.0,ascending,/132800h3926.92N/10333.75WO103/067/A=040042 58T1864P 'EOSS Balloon',"KC0D-14>APZEOS,EOSS,WIDE2-1,qAO,W0ARP-1:/132800h3926.92N/10333.75WO103/067/A=040042 58T1864P 'EOSS Balloon'",103.0,77.0,39.4486666667,-103.5625,27.76,278.95,18640.0,0.00045168,0.23278875,0.00036111,-9.444e-05,20.06666667,high Re,0.012222,19.25113,0.004672,3.045002,0.057129,0.267828,0.132157,20.518742,
EOSS-339,AE0SS-12,2023-04-22 07:28:28.207,2023-04-22 07:28:27,40546.0,1338.0,1800.0,ascending,/132827h3926.74N/10333.12WO120/069EOSS Balloon  www.eoss.org/A=040546!W12!,"AE0SS-12>APTT4,EOSS,qAO,W0ARP-2:/132827h3926.74N/10333.12WO120/069EOSS Balloon  www.eoss.org/A=040546!W12!",120.0,79.0,39.4456833333,-103.5520333333,28.35,,,,,0.00039111,-0.00010889,22.3,high Re,0.074444,19.276751,0.005264,3.044926,0.057245,0.992881,1.20849,20.341817,
EOSS-339,KC0D-14,2023-04-22 07:28:31.724,2023-04-22 07:28:30,40682.0,1280.0,1803.0,ascending,/132830h3926.72N/10333.06WO118/069/A=040682 53T1806P 'EOSS Balloon',"KC0D-14>APZEOS,EOSS,WIDE2-1,qAO,W0ARP-1:/132830h3926.72N/10333.06WO118/069/A=040682 53T1806P 'EOSS Balloon'",118.0,79.0,39.4453333333,-103.551,28.41,278.45,18060.0,0.00043842,0.22595033,0.00038333,-0.00011111,21.33333333,high Re,-0.032222,19.293889,0.004949,3.037912,0.057106,0.671331,-0.650912,20.293061,
EOSS-339,AE0SS-12,2023-04-22 07:28:58.202,2023-04-22 07:28:57,41255.0,1418.0,1830.0,ascending,/132857h3926.54N/10332.47WO104/061EOSS Balloon  www.eoss.org/A=041255!W73!,"AE0SS-12>APTT4,EOSS,qAO,W0ARP-2:/132857h3926.54N/10332.47WO104/061EOSS Balloon  www.eoss.org/A=041255!W73!",104.0,70.0,39.44245,-103.5412166667,28.97,,,,,0.00036056,-0.00010778,23.63333333,high Re,0.076667,19.329752,0.005546,3.05084,0.057241,1.410622,1.242484,20.084282,
EOSS-339,KC0D-14,2023-04-22 07:29:01.650,2023-04-22 07:29:00,41381.0,1398.0,1833.0,ascending,/132900h3926.53N/10332.40WO109/071/A=041381 51T1746P 'EOSS Balloon',"KC0D-14>APZEOS,EOSS,WIDE2-1,qAO,W0ARP-1:/132900h3926.53N/10332.40WO109/071/A=041381 51T1746P 'EOSS Balloon'",109.0,82.0,39.4421666667,-103.54,29.04,278.25,17460.0,0.00042416,0.21860068,0.00036667,-0.00010556,23.3,high Re,-0.011111,19.362295,0.005409,3.059397,0.057022,1.287085,-0.289713,20.03785,
EOSS-339,AE0SS-12,2023-04-22 07:29:28.254,2023-04-22 07:29:27,41708.0,906.0,1860.0,ascending,/132927h3926.36N/10331.82WO109/076EOSS Balloon  www.eoss.org/A=041708!W60!,"AE0SS-12>APTT4,EOSS,qAO,W0ARP-2:/132927h3926.36N/10331.82WO109/076EOSS Balloon  www.eoss.org/A=041708!W60!",109.0,87.0,39.4394333333,-103.5303333333,29.59,,,,,0.00036278,-0.00010056,15.1,high Re,-0.273333,19.327642,0.003124,3.070975,0.062141,-1.376645,-4.448866,19.916898,
EOSS-339,KC0D-14,2023-04-22 07:29:31.694,2023-04-22 07:29:30,41821.0,880.0,1863.0,ascending,/132930h3926.35N/10331.75WO112/060/A=041821 46T1709P 'EOSS Balloon',"KC0D-14>APZEOS,EOSS,WIDE2-1,qAO,W0ARP-1:/132930h3926.35N/10331.75WO112/060/A=041821 46T1709P 'EOSS Balloon'",112.0,69.0,39.4391666667,-103.5291666667,29.65,277.75,17090.0,0.00041591,0.21435343,0.00036111,-0.0001,14.66666667,high Re,-0.014444,19.290054,0.002981,3.086975,0.061906,-1.497708,-0.281475,19.875027,
EOSS-339,AE0SS-12,2023-04-22 07:29:58.485,2023-04-22 07:29:57,42322.0,1228.0,1890.0,ascending,/132957h3926.18N/10331.21WO116/042EOSS Balloon  www.eoss.org/A=042322!W18!,"AE0SS-12>APTT4,EOSS,qAO,N0RPF-6:/132957h3926.18N/10331.21WO116/042EOSS Balloon  www.eoss.org/A=042322!W18!",116.0,48.0,39.43635,-103.5203,30.16,,,,,0.00033444,-0.00010278,20.46666667,high Re,0.193333,19.299467,0.004516,3.076303,0.06398,0.379416,2.951188,19.68973,
EOSS-339,KC0D-14,2023-04-22 07:30:01.684,2023-04-22 07:30:00,42450.0,1258.0,1893.0,ascending,/133000h3926.17N/10331.16WO109/052/A=042450 44T1657P 'EOSS Balloon',"KC0D-14>APZEOS,EOSS,WIDE2-1,qAO,W0ARP-1:/133000h3926.17N/10331.16WO109/052/A=042450 44T1657P 'EOSS Balloon'",109.0,60.0,39.4361666667,-103.5193333333,30.22,277.55,16570.0,0.00040355,0.20798103,0.00032778,-0.0001,20.96666667,high Re,0.016667,19.312698,0.004613,3.06757,0.063731,0.539179,0.189139,19.642639,
EOSS-339,AE0SS-12,2023-04-22 07:30:28.283,2023-04-22 07:30:27,42837.0,1030.0,1920.0,ascending,/133027h3925.99N/10330.65WO124/060EOSS Balloon  www.eoss.org/A=042837!W27!,"AE0SS-12>APTT4,EOSS,qAO,W0ARP-2:/133027h3925.99N/10330.65WO124/060EOSS Balloon  www.eoss.org/A=042837!W27!",124.0,69.0,39.4332,-103.51095,30.71,,,,,0.00031167,-0.000105,17.16666667,high Re,-0.126667,19.295801,0.003571,3.061302,0.064544,-0.6955,-2.017817,19.501414,
EOSS-339,KC0D-14,2023-04-22 07:30:31.699,2023-04-22 07:30:30,42954.0,1008.0,1923.0,ascending,/133030h3925.97N/10330.60WO112/062/A=042954 39T1616P 'EOSS Balloon',"KC0D-14>APZEOS,EOSS,WIDE2-1,qAO,W0ARP-1:/133030h3925.97N/10330.60WO112/062/A=042954 39T1616P 'EOSS Balloon'",112.0,71.0,39.4328333333,-103.51,30.76,277.05,16160.0,0.00039427,0.20320091,0.00031111,-0.00011111,16.8,high Re,-0.012222,19.276302,0.003447,3.057195,0.064302,-0.809992,-0.243678,19.459154,
EOSS-339,AE0SS-12,2023-04-22 07:30:58.294,2023-04-22 07:30:57,43454.0,1234.0,1950.0,ascending,/133057h3925.75N/10330.11WO124/054EOSS Balloon  www.eoss.org/A=043454!W24!,"AE0SS-12>APTT4,EOSS,qAO,W0ARP-2:/133057h3925.75N/10330.11WO124/054EOSS Balloon  www.eoss.org/A=043454!W24!",124.0,62.0,39.4292,-103.5019,31.26,,,,,0.00030167,-0.00013333,20.56666667,high Re,0.125556,19.286305,0.004401,3.047348,0.064952,0.420156,1.865301,19.281594,
EOSS-339,KC0D-14,2023-04-22 07:31:01.687,2023-04-22 07:31:00,43607.0,1306.0,1953.0,ascending,/133100h3925.74N/10330.07WO110/049/A=043607 38T1566P 'EOSS Balloon',"KC0D-14>APZEOS,EOSS,WIDE2-1,qAO,W0ARP-1:/133100h3925.74N/10330.07WO110/049/A=043607 38T1566P 'EOSS Balloon'",110.0,56.0,39.429,-103.5011666667,31.3,276.95,15660.0,0.00038221,0.19698485,0.00029444,-0.00012778,21.76666667,high Re,0.04,19.305385,0.004677,3.043299,0.064773,0.808754,0.545335,19.228425,
EOSS-339,AE0SS-12,2023-04-22 07:31:28.267,2023-04-22 07:31:27,44031.0,1154.0,1980.0,ascending,/133127h3925.61N/10329.57WO119/066EOSS Balloon  www.eoss.org/A=044031!W30!,"AE0SS-12>APTT4,EOSS,qAO,W0ARP-2:/133127h3925.61N/10329.57WO119/066EOSS Balloon  www.eoss.org/A=044031!W30!",119.0,76.0,39.4268833333,-103.4928333333,31.77,,,,,0.00030222,-7.722e-05,19.23333333,high Re,-0.084444,19.304835,0.003991,3.031578,0.064993,-0.023586,-1.360685,19.084515,
EOSS-339,KC0D-14,2023-04-22 07:31:31.690,2023-04-22 07:31:30,44158.0,1102.0,1983.0,ascending,/133130h3925.60N/10329.51WO106/054/A=044158 33T1525P 'EOSS Balloon',"KC0D-14>APZEOS,EOSS,WIDE2-1,qAO,W0ARP-1:/133130h3925.60N/10329.51WO106/054/A=044158 33T1525P 'EOSS Balloon'",106.0,62.0,39.4266666667,-103.4918333333,31.82,276.45,15250.0,0.00037288,0.19217447,0.00031111,-7.778e-05,18.36666667,high Re,-0.028889,19.297727,0.00374,3.021088,0.064807,-0.308187,-0.50348,19.042494,
EOSS-339,AE0SS-12,2023-04-22 07:31:58.238,2023-04-22 07:31:57,44507.0,952.0,2010.0,ascending,/133157h3925.44N/10329.01WO114/060EOSS Balloon  www.eoss.org/A=044507!W22!,"AE0SS-12>APTT4,EOSS,qAO,W0ARP-2:/133157h3925.44N/10329.01WO114/060EOSS Balloon  www.eoss.org/A=044507!W22!",114.0,69.0,39.4240333333,-103.4835333333,32.3,,,,,0.00031,-9.5e-05,15.86666667,high Re,-0.083333,19.27193,0.003081,3.024292,0.065002,-1.12597,-1.329405,18.929882,
EOSS-339,KC0D-14,2023-04-22 07:32:01.610,2023-04-22 07:32:00,44636.0,956.0,2013.0,ascending,/133200h3925.42N/10328.96WO110/056/A=044636 32T1489P 'EOSS Balloon',"KC0D-14>APZEOS,EOSS,WIDE2-1,qAO,W0ARP-1:/133200h3925.42N/10328.96WO110/056/A=044636 32T1489P 'EOSS Balloon'",110.0,64.0,39.4236666667,-103.4826666667,32.35,276.35,14890.0,0.00036421,0.18770579,0.00030556,-0.0001,15.93333333,high Re,0.002222,19.247015,0.003074,3.026674,0.064756,-1.094826,-0.013157,18.889387,
EOSS-339,AE0SS-12,2023-04-22 07:32:28.302,2023-04-22 07:32:27,44993.0,972.0,2040.0,ascending,/133227h3925.24N/10328.45WO128/059EOSS Balloon  www.eoss.org/A=044993!W19!,"AE0SS-12>APTT4,EOSS,qAO,W0ARP-2:/133227h3925.24N/10328.45WO128/059EOSS Balloon  www.eoss.org/A=044993!W19!",128.0,68.0,39.4206833333,-103.4743166667,32.84,,,,,0.00030722,-0.00011167,16.2,high Re,0.008889,19.224444,0.003118,3.026742,0.064514,-0.999241,0.089453,18.78074,
EOSS-339,KC0D-14,2023-04-22 07:32:31.638,2023-04-22 07:32:30,45140.0,1008.0,2043.0,ascending,/133230h3925.22N/10328.41WO114/055/A=045140 28T1453P 'EOSS Balloon',"KC0D-14>APZEOS,EOSS,WIDE2-1,qAO,W0ARP-1:/133230h3925.22N/10328.41WO114/055/A=045140 28T1453P 'EOSS Balloon'",114.0,63.0,39.4203333333,-103.4735,32.89,275.95,14530.0,0.00035592,0.18343308,0.00030556,-0.00011111,16.8,high Re,0.02,19.206618,0.003243,3.022668,0.064289,-0.79619,0.260651,18.737535,
EOSS-339,AE0SS-12,2023-04-22 07:32:58.325,2023-04-22 07:32:57,45593.0,1200.0,2070.0,ascending,/133257h3925.00N/10327.92WO134/057EOSS Balloon  www.eoss.org/A=045593!W67!,"AE0SS-12>APTT4,EOSS,qAO,W0ARP-2:/133257h3925.00N/10327.92WO134/057EOSS Balloon  www.eoss.org/A=045593!W67!",134.0,66.0,39.4167666667,-103.46545,33.38,,,,,0.00029556,-0.00013056,20.0,high Re,0.106667,19.212409,0.004003,3.012298,0.064661,0.261459,1.587727,18.610362,
EOSS-339,KC0D-14,2023-04-22 07:33:01.725,2023-04-22 07:33:00,45718.0,1156.0,2073.0,ascending,/133300h3924.98N/10327.88WO122/056/A=045718 26T1412P 'EOSS Balloon',"KC0D-14>APZEOS,EOSS,WIDE2-1,qAO,W0ARP-1:/133300h3924.98N/10327.88WO122/056/A=045718 26T1412P 'EOSS Balloon'",122.0,64.0,39.4163333333,-103.4646666667,33.43,275.75,14120.0,0.00034613,0.17838635,0.00029444,-0.00013333,19.26666667,high Re,-0.024444,19.212802,0.003796,3.001287,0.064469,0.017947,-0.43804,18.576919,
EOSS-339,KC0D-14,2023-04-22 07:33:31.679,2023-04-22 07:33:30,46254.0,1072.0,2103.0,ascending,/133330h3924.76N/10327.47WO121/045/A=046254 23T1375P 'EOSS Balloon',"KC0D-14>APZEOS,EOSS,WIDE2-1,qAO,W0ARP-1:/133330h3924.76N/10327.47WO121/045/A=046254 23T1375P 'EOSS Balloon'",121.0,52.0,39.4126666667,-103.4578333333,33.87,275.45,13750.0,0.00033742,0.17390112,0.00022778,-0.00012222,17.86666667,high Re,-0.046667,19.203118,0.00343,2.992572,0.064377,-0.44659,-0.778182,18.441989,
EOSS-339,AE0SS-12,2023-04-22 07:33:58.504,2023-04-22 07:33:57,46587.0,994.0,2130.0,ascending,/133357h3924.56N/10327.11WO125/033EOSS Balloon  www.eoss.org/A=046587!W20!,"AE0SS-12>APTT4,EOSS,qAO,W0ARP-2:/133357h3924.56N/10327.11WO125/033EOSS Balloon  www.eoss.org/A=046587!W20!",125.0,38.0,39.4093666667,-103.4518333333,34.25,,,,,0.00022694,-0.00012333,16.56666667,high Re,-0.021667,19.184286,0.003249,2.990102,0.064178,-0.875428,-0.388233,18.365296,
EOSS-339,KC0D-14,2023-04-22 07:34:01.652,2023-04-22 07:34:00,46693.0,878.0,2133.0,ascending,/133400h3924.55N/10327.07WO125/047/A=046693 22T1346P 'EOSS Balloon',"KC0D-14>APZEOS,EOSS,WIDE2-1,qAO,W0ARP-1:/133400h3924.55N/10327.07WO125/047/A=046693 22T1346P 'EOSS Balloon'",125.0,54.0,39.4091666667,-103.4511666667,34.29,275.35,13460.0,0.00033043,0.17029521,0.00022222,-0.00011667,14.63333333,high Re,-0.064444,19.152009,0.002766,3.003953,0.064203,-1.504243,-1.046836,18.342055,
EOSS-339,AE0SS-12,2023-04-22 07:34:28.253,2023-04-22 07:34:27,47270.0,1366.0,2160.0,ascending,/133427h3924.31N/10326.77WO136/043EOSS Balloon  www.eoss.org/A=047270!W54!,"AE0SS-12>APTT4,EOSS,qAO,W0ARP-2:/133427h3924.31N/10326.77WO136/043EOSS Balloon  www.eoss.org/A=047270!W54!",136.0,49.0,39.40525,-103.4462333333,34.64,,,,,0.00018667,-0.00013722,22.76666667,high Re,0.271111,19.177465,0.004669,3.008613,0.067847,1.192976,3.927101,18.225602,
EOSS-339,KC0D-14,2023-04-22 07:34:31.682,2023-04-22 07:34:30,47397.0,1408.0,2163.0,ascending,/133430h3924.29N/10326.74WO138/041/A=047397 18T1300P 'EOSS Balloon',"KC0D-14>APZEOS,EOSS,WIDE2-1,qAO,W0ARP-1:/133430h3924.29N/10326.74WO138/041/A=047397 18T1300P 'EOSS Balloon'",138.0,47.0,39.4048333333,-103.4456666667,34.68,274.95,13000.0,0.0003196,0.16471459,0.00018333,-0.00014444,23.46666667,high Re,0.023333,19.207459,0.0048,3.01938,0.067624,1.410623,0.27406,18.202259,
EOSS-339,AE0SS-12,2023-04-22 07:34:58.248,2023-04-22 07:34:57,47739.0,938.0,2190.0,ascending,/133457h3924.07N/10326.43WO120/036EOSS Balloon  www.eoss.org/A=047739!W82!,"AE0SS-12>APTT4,EOSS,qAO,W0ARP-2:/133457h3924.07N/10326.43WO120/036EOSS Balloon  www.eoss.org/A=047739!W82!",120.0,41.0,39.4013,-103.4405333333,35.03,,,,,0.00019,-0.00013167,15.63333333,high Re,-0.261111,19.182639,0.002941,3.02351,0.07096,-1.173902,-3.721139,18.143492,
EOSS-339,KC0D-14,2023-04-22 07:35:01.736,2023-04-22 07:35:00,47861.0,928.0,2193.0,ascending,/133500h3924.06N/10326.39WO126/042/A=047861 17T1272P 'EOSS Balloon',"KC0D-14>APZEOS,EOSS,WIDE2-1,qAO,W0ARP-1:/133500h3924.06N/10326.39WO126/042/A=047861 17T1272P 'EOSS Balloon'",126.0,48.0,39.401,-103.4398333333,35.07,274.85,12720.0,0.00031283,0.16122553,0.00019444,-0.00012778,15.46666667,high Re,-0.005556,19.157011,0.002882,3.028756,0.070715,-1.218436,-0.119324,18.123965,
EOSS-339,KC0D-14,2023-04-22 07:35:31.728,2023-04-22 07:35:30,48434.0,1146.0,2223.0,ascending,/133530h3923.91N/10326.00WO115/043/A=048434 14T1236P 'EOSS Balloon',"KC0D-14>APZEOS,EOSS,WIDE2-1,qAO,W0ARP-1:/133530h3923.91N/10326.00WO115/043/A=048434 14T1236P 'EOSS Balloon'",115.0,49.0,39.3985,-103.4333333333,35.46,274.55,12360.0,0.00030431,0.15683373,0.00021667,-8.333e-05,19.1,high Re,0.121111,19.156621,0.003697,3.018298,0.07115,-0.018759,1.650232,18.042172,
EOSS-339,AE0SS-12,2023-04-22 07:35:58.395,2023-04-22 07:35:57,48809.0,1070.0,2250.0,ascending,/133557h3923.76N/10325.60WO125/038EOSS Balloon  www.eoss.org/A=048809!W72!,"AE0SS-12>APTT4,EOSS,qAO,W0ARP-2:/133557h3923.76N/10325.60WO125/038EOSS Balloon  www.eoss.org/A=048809!W72!",125.0,44.0,39.3961166667,-103.4267,35.85,,,,,0.00023056,-8.639e-05,17.83333333,high Re,-0.021111,19.147619,0.003527,3.009923,0.070934,-0.436651,-0.347337,17.997251,
EOSS-339,KC0D-14,2023-04-22 07:36:01.721,2023-04-22 07:36:00,48933.0,998.0,2253.0,ascending,/133600h3923.75N/10325.56WO116/048/A=048933 13T1206P 'EOSS Balloon',"KC0D-14>APZEOS,EOSS,WIDE2-1,qAO,W0ARP-1:/133600h3923.75N/10325.56WO116/048/A=048933 13T1206P 'EOSS Balloon'",116.0,55.0,39.3958333333,-103.426,35.89,274.45,12060.0,0.00029703,0.15308284,0.00024444,-8.889e-05,16.63333333,high Re,-0.04,19.130631,0.003231,3.006779,0.070781,-0.830556,-0.610771,17.98384,
EOSS-339,AE0SS-12,2023-04-22 07:36:28.352,2023-04-22 07:36:27,49281.0,944.0,2280.0,ascending,/133627h3923.56N/10325.12WO132/052EOSS Balloon  www.eoss.org/A=049281!W10!,"AE0SS-12>APTT4,EOSS,qAO,W0ARP-2:/133627h3923.56N/10325.12WO132/052EOSS Balloon  www.eoss.org/A=049281!W10!",132.0,60.0,39.3926833333,-103.4186666667,36.34,,,,,0.00026778,-0.00011444,15.73333333,high Re,-0.03,19.10783,0.003007,3.0095,0.070593,-1.121281,-0.467568,17.949894,
EOSS-339,KC0D-14,2023-04-22 07:36:32.053,2023-04-22 07:36:30,49397.0,928.0,2283.0,ascending,/133630h3923.54N/10325.07WO121/051/A=049397 11T1180P 'EOSS Balloon',"KC0D-14>APZEOS,EOSS,WIDE2-1,qAO,AE0SS-1:/133630h3923.54N/10325.07WO121/051/A=049397 11T1180P 'EOSS Balloon'",121.0,59.0,39.3923333333,-103.4178333333,36.39,274.25,11800.0,0.00029084,0.14989178,0.00027222,-0.00011667,15.46666667,high Re,-0.008889,19.083556,0.002927,3.014083,0.070361,-1.199997,-0.167934,17.939752,
EOSS-339,AE0SS-12,2023-04-22 07:36:58.476,2023-04-22 07:36:57,49937.0,1312.0,2310.0,ascending,/133657h3923.34N/10324.71WO138/033EOSS Balloon  www.eoss.org/A=049937!W04!,"AE0SS-12>APTT4,EOSS,qAO,W0ARP-2:/133657h3923.34N/10324.71WO138/033EOSS Balloon  www.eoss.org/A=049937!W04!",138.0,38.0,39.389,-103.4119,36.77,,,,,0.00022556,-0.00012278,21.86666667,high Re,0.213333,19.101987,0.00433,3.012545,0.072198,0.917722,2.894859,17.899803,
EOSS-339,KC0D-14,2023-04-22 07:37:01.672,2023-04-22 07:37:00,50071.0,1348.0,2313.0,ascending,/133700h3923.32N/10324.68WO133/036/A=050071 10T1141P 'EOSS Balloon',"KC0D-14>APZEOS,EOSS,WIDE2-1,qAO,W0ARP-1:/133700h3923.32N/10324.68WO133/036/A=050071 10T1141P 'EOSS Balloon'",133.0,41.0,39.3886666667,-103.4113333333,36.81,274.15,11410.0,0.00028133,0.1449906,0.00021667,-0.00012222,22.46666667,high Re,0.02,19.124123,0.004433,3.01493,0.071968,1.108664,0.216304,17.891641,
EOSS-339,AE0SS-12,2023-04-22 07:37:28.771,2023-04-22 07:37:27,50610.0,1346.0,2340.0,ascending,/133727h3923.10N/10324.46WO162/040EOSS Balloon  www.eoss.org/A=050610!W93!,"AE0SS-12>APTT4,EOSS,qAO,AE0SS-1:/133727h3923.10N/10324.46WO162/040EOSS Balloon  www.eoss.org/A=050610!W93!",162.0,46.0,39.38515,-103.4077166667,37.09,,,,,0.00013944,-0.00012833,22.43333333,high Re,-0.001111,19.145752,0.004397,3.016882,0.071731,1.089728,-0.076787,17.865172,
EOSS-339,KC0D-14,2023-04-22 07:37:31.650,2023-04-22 07:37:30,50749.0,1356.0,2343.0,ascending,/133730h3923.08N/10324.44WO150/040/A=050749 7T1104P 'EOSS Balloon',"KC0D-14>APZEOS,EOSS,WIDE2-1,qAO,W0ARP-1:/133730h3923.08N/10324.44WO150/040/A=050749 7T1104P 'EOSS Balloon'",150.0,46.0,39.3846666667,-103.4073333333,37.12,273.85,11040.0,0.0002725,0.14044257,0.00013333,-0.00013333,22.6,high Re,0.005556,19.168182,0.004405,3.019862,0.071495,1.136416,0.016099,17.85987,
EOSS-339,AE0SS-12,2023-04-22 07:37:58.286,2023-04-22 07:37:57,51260.0,1300.0,2370.0,ascending,/133757h3922.90N/10324.27WO146/038EOSS Balloon  www.eoss.org/A=051260!W61!,"AE0SS-12>APTT4,EOSS,qAO,W0ARP-2:/133757h3922.90N/10324.27WO146/038EOSS Balloon  www.eoss.org/A=051260!W61!",146.0,44.0,39.3817666667,-103.4045166667,37.34,,,,,0.00010667,-0.00011278,21.66666667,high Re,-0.031111,19.184301,0.004174,3.016724,0.071318,0.822868,-0.494756,17.845061,
EOSS-339,KC0D-14,2023-04-22 07:38:01.660,2023-04-22 07:38:00,51389.0,1280.0,2373.0,ascending,/133800h3922.89N/10324.25WO131/030/A=051389 7T1070P 'EOSS Balloon',"KC0D-14>APZEOS,EOSS,WIDE2-1,qAO,W0ARP-1:/133800h3922.89N/10324.25WO131/030/A=051389 7T1070P 'EOSS Balloon'",131.0,35.0,39.3815,-103.4041666667,37.36,273.85,10700.0,0.00026411,0.13611735,0.00010556,-0.00010556,21.33333333,high Re,-0.011111,19.198077,0.004075,3.011896,0.071097,0.708941,-0.213596,17.842366,
EOSS-339,KC0D-14,2023-04-22 07:38:31.690,2023-04-22 07:38:30,51887.0,996.0,2403.0,ascending,/133830h3922.70N/10323.95WO128/040/A=051887 4T1043P 'EOSS Balloon',"KC0D-14>APZEOS,EOSS,WIDE2-1,qAO,W0ARP-1:/133830h3922.70N/10323.95WO128/040/A=051887 4T1043P 'EOSS Balloon'",128.0,46.0,39.3783333333,-103.3991666667,37.7,273.55,10430.0,0.00025773,0.13282812,0.00016667,-0.00010556,16.6,high Re,-0.157778,19.181529,0.003038,3.009378,0.072042,-0.857828,-2.232253,17.835234,
EOSS-339,AE0SS-12,2023-04-22 07:38:58.428,2023-04-22 07:38:57,52260.0,1000.0,2430.0,ascending,/133857h3922.50N/10323.65WO135/032EOSS Balloon  www.eoss.org/A=052260!W08!,"AE0SS-12>APTT4,EOSS,qAO,W0ARP-2:/133857h3922.50N/10323.65WO135/032EOSS Balloon  www.eoss.org/A=052260!W08!",135.0,37.0,39.375,-103.3943,38.03,,,,,0.00017028,-0.00011278,16.66666667,high Re,0.001111,19.165612,0.003025,3.006444,0.071811,-0.831196,-0.026653,17.832657,
EOSS-339,KC0D-14,2023-04-22 07:39:01.675,2023-04-22 07:39:00,52372.0,970.0,2433.0,ascending,/133900h3922.48N/10323.63WO136/036/A=052372 4T1019P 'EOSS Balloon',"KC0D-14>APZEOS,EOSS,WIDE2-1,qAO,W0ARP-1:/133900h3922.48N/10323.63WO136/036/A=052372 4T1019P 'EOSS Balloon'",136.0,41.0,39.3746666667,-103.3938333333,38.06,273.55,10190.0,0.0002518,0.12977168,0.00017778,-0.00012222,16.16666667,high Re,-0.016667,19.146751,0.002901,3.006337,0.071599,-0.991268,-0.2733,17.832239,
EOSS-339,AE0SS-12,2023-04-22 07:39:28.539,2023-04-22 07:39:27,52917.0,1314.0,2460.0,ascending,/133927h3922.32N/10323.40WO104/023EOSS Balloon  www.eoss.org/A=052917!W87!,"AE0SS-12>APTT4,EOSS,qAO,W9CN-9:/133927h3922.32N/10323.40WO104/023EOSS Balloon  www.eoss.org/A=052917!W87!",104.0,26.0,39.3721333333,-103.3901166667,38.32,,,,,0.00013944,-9.556e-05,21.9,high Re,0.191111,19.163958,0.004085,3.004762,0.072916,0.910569,2.564951,17.831812,
EOSS-339,KC0D-14,2023-04-22 07:39:31.608,2023-04-22 07:39:30,53098.0,1452.0,2463.0,ascending,/133930h3922.33N/10323.39WO085/019/A=053098 2T984P 'EOSS Balloon',"KC0D-14>APZEOS,EOSS,WIDE2-1,qAO,W0ARP-1:/133930h3922.33N/10323.39WO085/019/A=053098 2T984P 'EOSS Balloon'",85.0,22.0,39.3721666667,-103.3898333333,38.33,273.35,9840.0,0.00024333,0.12540604,0.00013333,-8.333e-05,24.2,high Re,0.076667,19.195238,0.004538,3.021538,0.072913,1.656362,0.989247,17.83204,
EOSS-339,AE0SS-12,2023-04-22 07:39:58.335,2023-04-22 07:39:57,53530.0,1226.0,2490.0,ascending,/133957h3922.33N/10323.11WO099/029EOSS Balloon  www.eoss.org/A=053530!W46!,"AE0SS-12>APTT4,EOSS,qAO,W0ARP-2:/133957h3922.33N/10323.11WO099/029EOSS Balloon  www.eoss.org/A=053530!W46!",99.0,33.0,39.3722333333,-103.3852666667,38.55,,,,,0.00016167,3.33e-06,20.43333333,high Re,-0.125556,19.202881,0.00373,3.01371,0.073404,0.408285,-1.761294,17.832727,
EOSS-339,KC0D-14,2023-04-22 07:40:01.696,2023-04-22 07:40:00,53644.0,1092.0,2493.0,ascending,/134000h3922.34N/10323.09WO084/027/A=053644 2T958P 'EOSS Balloon',"KC0D-14>APZEOS,EOSS,WIDE2-1,qAO,W0ARP-1:/134000h3922.34N/10323.09WO084/027/A=053644 2T958P 'EOSS Balloon'",84.0,31.0,39.3723333333,-103.3848333333,38.57,273.35,9580.0,0.0002369,0.12209247,0.00016667,5.56e-06,18.2,low Re,-0.074444,19.196728,0.003248,3.005421,0.073433,-0.331643,-1.057998,17.832855,high_to_low
EOSS-339,AE0SS-12,2023-04-22 07:40:28.385,2023-04-22 07:40:27,53921.0,782.0,2520.0,ascending,/134027h3922.33N/10322.78WO111/028EOSS Balloon  www.eoss.org/A=053921!W69!,"AE0SS-12>APTT4,EOSS,qAO,W0ARP-2:/134027h3922.33N/10322.78WO111/028EOSS Balloon  www.eoss.org/A=053921!W69!",111.0,32.0,39.3722666667,-103.3798166667,38.81,,,,,0.00018167,1.11e-06,13.03333333,low Re,-0.172222,19.159146,0.002171,3.034596,0.074485,-2.018658,-2.341317,17.832902,
EOSS-339,KC0D-14,2023-04-22 07:40:31.655,2023-04-22 07:40:30,54045.0,802.0,2523.0,ascending,/134030h3922.34N/10322.76WO089/028/A=054045 0T940P 'EOSS Balloon',"KC0D-14>APZEOS,EOSS,WIDE2-1,qAO,W0ARP-1:/134030h3922.34N/10322.76WO089/028/A=054045 0T940P 'EOSS Balloon'",89.0,32.0,39.3723333333,-103.3793333333,38.83,273.15,9400.0,0.00023262,0.11988617,0.00018333,0.0,13.36666667,low Re,0.011111,19.12404,0.002226,3.058753,0.074259,-1.882262,0.119649,17.832756,
EOSS-339,AE0SS-12,2023-04-22 07:40:58.331,2023-04-22 07:40:57,54360.0,878.0,2550.0,ascending,/134057h3922.34N/10322.43WO086/029EOSS Balloon  www.eoss.org/A=054360!W49!,"AE0SS-12>APTT4,EOSS,qAO,W0ARP-2:/134057h3922.34N/10322.43WO086/029EOSS Balloon  www.eoss.org/A=054360!W49!",86.0,33.0,39.3724,-103.3739833333,39.09,,,,,0.00019444,4.44e-06,14.63333333,low Re,0.042222,19.096988,0.002468,3.069324,0.074098,-1.454279,0.536506,17.831743,
EOSS-339,KC0D-14,2023-04-22 07:41:01.653,2023-04-22 07:41:00,54487.0,884.0,2553.0,ascending,/134100h3922.35N/10322.40WO084/038/A=054487 0T920P 'EOSS Balloon',"KC0D-14>APZEOS,EOSS,WIDE2-1,qAO,W0ARP-1:/134100h3922.35N/10322.40WO084/038/A=054487 0T920P 'EOSS Balloon'",84.0,44.0,39.3725,-103.3733333333,39.12,273.15,9200.0,0.00022767,0.1173354,0.0002,5.56e-06,14.73333333,low Re,0.003333,19.070858,0.002473,3.078639,0.073873,-1.40891,0.011642,17.83102,
EOSS-339,AE0SS-12,2023-04-22 07:41:28.938,2023-04-22 07:41:27,54826.0,932.0,2580.0,ascending,/134127h3922.35N/10322.05WO078/038EOSS Balloon  www.eoss.org/A=054826!W09!,"AE0SS-12>APTT4,EOSS,qAO,AE0SS-1:/134127h3922.35N/10322.05WO078/038EOSS Balloon  www.eoss.org/A=054826!W09!",78.0,44.0,39.3725,-103.36765,39.4,,,,,0.00021111,3.33e-06,15.53333333,low Re,0.026667,19.049802,0.002618,3.081518,0.073674,-1.141148,0.326425,17.827997,
EOSS-339,KC0D-14,2023-04-22 07:41:31.688,2023-04-22 07:41:30,54942.0,910.0,2583.0,ascending,/134130h3922.35N/10322.03WO093/035/A=054942 -1T900P 'EOSS Balloon',"KC0D-14>APZEOS,EOSS,WIDE2-1,qAO,W0ARP-1:/134130h3922.35N/10322.03WO093/035/A=054942 -1T900P 'EOSS Balloon'",93.0,40.0,39.3725,-103.3671666667,39.42,273.05,9000.0,0.0002228,0.11482667,0.00020556,0.0,15.16666667,low Re,-0.012222,19.026824,0.00253,3.08682,0.073462,-1.250529,-0.200811,17.826549,
EOSS-339,AE0SS-12,2023-04-22 07:41:58.328,2023-04-22 07:41:57,55374.0,1096.0,2610.0,ascending,/134157h3922.31N/10321.68WO086/037EOSS Balloon  www.eoss.org/A=055374!W56!,"AE0SS-12>APTT4,EOSS,qAO,W0ARP-2:/134157h3922.31N/10321.68WO086/037EOSS Balloon  www.eoss.org/A=055374!W56!",86.0,43.0,39.3719166667,-103.3614333333,39.71,,,,,0.00020722,-1.944e-05,18.26666667,low Re,0.103333,19.022353,0.003126,3.078226,0.073653,-0.245494,1.360528,17.818994,
EOSS-339,KC0D-14,2023-04-22 07:42:01.651,2023-04-22 07:42:00,55537.0,1190.0,2613.0,ascending,/134200h3922.30N/10321.65WO117/042/A=055537 -1T874P 'EOSS Balloon',"KC0D-14>APZEOS,EOSS,WIDE2-1,qAO,W0ARP-1:/134200h3922.30N/10321.65WO117/042/A=055537 -1T874P 'EOSS Balloon'",117.0,48.0,39.3716666667,-103.3608333333,39.75,273.05,8740.0,0.00021636,0.11150946,0.00021111,-2.778e-05,19.83333333,low Re,0.052222,19.027096,0.003415,3.069785,0.073531,0.262636,0.663761,17.815161,
EOSS-339,AE0SS-12,2023-04-22 07:42:28.585,2023-04-22 07:42:27,55919.0,1090.0,2640.0,ascending,/134227h3922.18N/10321.35WO107/024EOSS Balloon  www.eoss.org/A=055919!W76!,"AE0SS-12>APTT4,EOSS,qAO,W0ARP-2:/134227h3922.18N/10321.35WO107/024EOSS Balloon  www.eoss.org/A=055919!W76!",107.0,28.0,39.3697833333,-103.3559333333,40.04,,,,,0.00018333,-7.111e-05,18.16666667,low Re,-0.055556,19.022093,0.00307,3.061499,0.073453,-0.279414,-0.798143,17.803817,
EOSS-339,KC0D-14,2023-04-22 07:42:31.702,2023-04-22 07:42:30,56042.0,1010.0,2643.0,ascending,/134230h3922.17N/10321.33WO123/034/A=056042 -3T853P 'EOSS Balloon',"KC0D-14>APZEOS,EOSS,WIDE2-1,qAO,W0ARP-1:/134230h3922.17N/10321.33WO123/034/A=056042 -3T853P 'EOSS Balloon'",123.0,39.0,39.3695,-103.3555,40.07,272.85,8530.0,0.00021132,0.10890994,0.00017778,-7.222e-05,16.83333333,low Re,-0.044444,19.009441,0.002794,3.057119,0.073327,-0.711816,-0.64421,17.799413,
EOSS-339,AE0SS-12,2023-04-22 07:42:58.968,2023-04-22 07:42:57,56434.0,1030.0,2670.0,ascending,/134257h3922.02N/10321.05WO120/017EOSS Balloon  www.eoss.org/A=056434!W88!,"AE0SS-12>APTT4,EOSS,qAO,W0ARP-2:/134257h3922.02N/10321.05WO120/017EOSS Balloon  www.eoss.org/A=056434!W88!",120.0,20.0,39.3671333333,-103.3509666667,40.36,,,,,0.00016556,-8.833e-05,17.16666667,low Re,0.011111,18.998851,0.002842,3.05147,0.073117,-0.600427,0.113093,17.782751,
EOSS-339,KC0D-14,2023-04-22 07:43:01.680,2023-04-22 07:43:00,56608.0,1132.0,2673.0,ascending,/134300h3922.01N/10321.04WO144/029/A=056608 -2T830P 'EOSS Balloon',"KC0D-14>APZEOS,EOSS,WIDE2-1,qAO,W0ARP-1:/134300h3922.01N/10321.04WO144/029/A=056608 -2T830P 'EOSS Balloon'",144.0,33.0,39.3668333333,-103.3506666667,40.38,272.95,8300.0,0.00020555,0.10593451,0.00016111,-8.889e-05,18.86666667,low Re,0.056667,18.998095,0.003151,3.042705,0.073019,-0.043195,0.732905,17.774016,
EOSS-339,AE0SS-12,2023-04-22 07:43:28.559,2023-04-22 07:43:27,57163.0,1458.0,2700.0,ascending,/134327h3921.88N/10320.88WO123/020EOSS Balloon  www.eoss.org/A=057163!W50!,"AE0SS-12>APTT4,EOSS,qAO,N0RPF-6:/134327h3921.88N/10320.88WO123/020EOSS Balloon  www.eoss.org/A=057163!W50!",123.0,23.0,39.36475,-103.348,40.57,,,,,9.889e-05,-7.944e-05,24.3,low Re,0.181111,19.02822,0.004168,3.060207,0.074041,1.722687,2.389798,17.740341,
EOSS-339,KC0D-14,2023-04-22 07:43:31.652,2023-04-22 07:43:30,57294.0,1372.0,2703.0,ascending,/134330h3921.87N/10320.87WO146/027/A=057294 -4T803P 'EOSS Balloon',"KC0D-14>APZEOS,EOSS,WIDE2-1,qAO,W0ARP-1:/134330h3921.87N/10320.87WO146/027/A=057294 -4T803P 'EOSS Balloon'",146.0,31.0,39.3645,-103.3478333333,40.59,272.75,8030.0,0.00019901,0.10256359,9.444e-05,-7.778e-05,22.86666667,low Re,-0.047778,19.049906,0.003873,3.06511,0.073933,1.245228,-0.698619,17.73106,
EOSS-339,AE0SS-12,2023-04-22 07:43:58.264,2023-04-22 07:43:57,57691.0,1056.0,2730.0,ascending,/134357h3921.73N/10320.70WO119/038EOSS Balloon  www.eoss.org/A=057691!W06!,"AE0SS-12>APTT4,EOSS,qAO,W0ARP-2:/134357h3921.73N/10320.70WO119/038EOSS Balloon  www.eoss.org/A=057691!W06!",119.0,44.0,39.3621666667,-103.3451,40.79,,,,,9.667e-05,-8.611e-05,17.6,low Re,-0.175556,19.04176,0.002859,3.058371,0.074946,-0.471414,-2.380581,17.69975,
EOSS-339,KC0D-14,2023-04-22 07:44:01.674,2023-04-22 07:44:00,57813.0,1038.0,2733.0,ascending,/134400h3921.72N/10320.68WO132/027/A=057813 -3T783P 'EOSS Balloon',"KC0D-14>APZEOS,EOSS,WIDE2-1,qAO,W0ARP-1:/134400h3921.72N/10320.68WO132/027/A=057813 -3T783P 'EOSS Balloon'",132.0,31.0,39.362,-103.3446666667,40.81,272.85,7830.0,0.00019398,0.09997243,0.00010556,-8.333e-05,17.3,low Re,-0.01,19.03203,0.002787,3.052545,0.074741,-0.567405,-0.171084,17.689159,
EOSS-339,AE0SS-12,2023-04-22 07:44:28.285,2023-04-22 07:44:27,58163.0,944.0,2760.0,ascending,/134427h3921.60N/10320.52WO119/027EOSS Balloon  www.eoss.org/A=058163!W12!,"AE0SS-12>APTT4,EOSS,qAO,W0ARP-2:/134427h3921.60N/10320.52WO119/027EOSS Balloon  www.eoss.org/A=058163!W12!",119.0,31.0,39.3600166667,-103.3420333333,41.0,,,,,0.00010222,-7.167e-05,15.73333333,low Re,-0.052222,19.013704,0.00248,3.05392,0.074644,-1.074151,-0.732839,17.656243,
EOSS-339,KC0D-14,2023-04-22 07:44:31.958,2023-04-22 07:44:30,58296.0,966.0,2763.0,ascending,/134430h3921.59N/10320.51WO140/021/A=058296 -5T764P 'EOSS Balloon',"KC0D-14>APZEOS,EOSS,WIDE2-1,qAO,W0ARP-1:/134430h3921.59N/10320.51WO140/021/A=058296 -5T764P 'EOSS Balloon'",140.0,24.0,39.3598333333,-103.3418333333,41.01,272.65,7640.0,0.00018941,0.09761809,9.444e-05,-7.222e-05,16.1,low Re,0.012222,18.997606,0.002534,3.053116,0.074438,-0.949065,0.130149,17.642755,
EOSS-339,AE0SS-12,2023-04-22 07:44:58.354,2023-04-22 07:44:57,58669.0,1012.0,2790.0,ascending,/134457h3921.51N/10320.34WO104/028EOSS Balloon  www.eoss.org/A=058669!W19!,"AE0SS-12>APTT4,EOSS,qAO,W0ARP-2:/134457h3921.51N/10320.34WO104/028EOSS Balloon  www.eoss.org/A=058669!W19!",104.0,32.0,39.3585166667,-103.33915,41.18,,,,,9.611e-05,-5e-05,16.86666667,low Re,0.025556,18.985897,0.002661,3.048765,0.074251,-0.695111,0.308346,17.602093,
EOSS-339,KC0D-14,2023-04-22 07:45:01.669,2023-04-22 07:45:00,58784.0,976.0,2793.0,ascending,/134500h3921.51N/10320.33WO103/021/A=058784 -4T746P 'EOSS Balloon',"KC0D-14>APZEOS,EOSS,WIDE2-1,qAO,W0ARP-1:/134500h3921.51N/10320.33WO103/021/A=058784 -4T746P 'EOSS Balloon'",103.0,24.0,39.3585,-103.3388333333,41.2,272.75,7460.0,0.00018488,0.09528324,0.0001,-4.444e-05,16.26666667,low Re,-0.02,18.971038,0.002537,3.047015,0.074065,-0.887548,-0.304287,17.588728,
EOSS-339,KC0D-14,2023-04-22 07:45:31.734,2023-04-22 07:45:30,59252.0,936.0,2823.0,ascending,/134530h3921.46N/10320.08WO113/026/A=059252 -5T729P 'EOSS Balloon',"KC0D-14>APZEOS,EOSS,WIDE2-1,qAO,W0ARP-1:/134530h3921.46N/10320.08WO113/026/A=059252 -5T729P 'EOSS Balloon'",113.0,30.0,39.3576666667,-103.3346666667,41.42,272.65,7290.0,0.00018073,0.09314606,0.00013889,-2.778e-05,15.6,low Re,-0.022222,18.952717,0.002401,3.048824,0.073884,-1.099675,-0.333266,17.530452,
EOSS-339,AE0SS-12,2023-04-22 07:45:58.247,2023-04-22 07:45:57,59607.0,938.0,2850.0,ascending,/134557h3921.35N/10319.87WO104/030EOSS Balloon  www.eoss.org/A=059607!W75!,"AE0SS-12>APTT4,EOSS,qAO,W0ARP-2:/134557h3921.35N/10319.87WO104/030EOSS Balloon  www.eoss.org/A=059607!W75!",104.0,35.0,39.35595,-103.33125,41.64,,,,,0.00013167,-4.278e-05,15.63333333,low Re,0.000556,18.934775,0.002391,3.050307,0.073682,-1.082331,-0.024904,17.482291,
EOSS-339,KC0D-14,2023-04-22 07:46:01.624,2023-04-22 07:46:00,59725.0,946.0,2853.0,ascending,/134600h3921.35N/10319.86WO132/021/A=059725 -4T712P 'EOSS Balloon',"KC0D-14>APZEOS,EOSS,WIDE2-1,qAO,W0ARP-1:/134600h3921.35N/10319.86WO132/021/A=059725 -4T712P 'EOSS Balloon'",132.0,24.0,39.3558333333,-103.331,41.65,272.75,7120.0,0.00017645,0.09094057,0.00012222,-6.111e-05,15.76666667,low Re,0.004444,18.917742,0.002402,3.050908,0.073481,-1.032832,0.027789,17.465574,
EOSS-339,AE0SS-12,2023-04-22 07:46:28.590,2023-04-22 07:46:27,60070.0,926.0,2880.0,ascending,/134627h3921.25N/10319.71WO100/018EOSS Balloon  www.eoss.org/A=060070!W99!,"AE0SS-12>APTT4,EOSS,qAO,W0ARP-2:/134627h3921.25N/10319.71WO100/018EOSS Balloon  www.eoss.org/A=060070!W99!",100.0,21.0,39.3543166667,-103.32865,41.81,,,,,8.667e-05,-5.444e-05,15.43333333,low Re,-0.011111,18.899109,0.00233,3.053346,0.073289,-1.135075,-0.183397,17.414805,
EOSS-339,KC0D-14,2023-04-22 07:46:31.666,2023-04-22 07:46:30,60182.0,914.0,2883.0,ascending,/134630h3921.25N/10319.71WO135/019/A=060182 -6T696P 'EOSS Balloon',"KC0D-14>APZEOS,EOSS,WIDE2-1,qAO,W0ARP-1:/134630h3921.25N/10319.71WO135/019/A=060182 -6T696P 'EOSS Balloon'",135.0,22.0,39.3541666667,-103.3285,41.82,272.55,6960.0,0.00017262,0.0889622,8.333e-05,-5.556e-05,15.23333333,low Re,-0.006667,18.87961,0.002282,3.056885,0.073095,-1.192808,-0.12243,17.397753,
EOSS-339,AE0SS-12,2023-04-22 07:46:58.318,2023-04-22 07:46:57,60523.0,906.0,2910.0,ascending,/134657h3921.12N/10319.58WO123/007EOSS Balloon  www.eoss.org/A=060523!W97!,"AE0SS-12>APTT4,EOSS,qAO,W0ARP-2:/134657h3921.12N/10319.58WO123/007EOSS Balloon  www.eoss.org/A=060523!W97!",123.0,8.0,39.35215,-103.32645,41.98,,,,,7.333e-05,-7.222e-05,15.1,low Re,-0.004444,18.859612,0.002246,3.061115,0.072901,-1.228184,-0.091768,17.344265,
EOSS-339,KC0D-14,2023-04-22 07:47:01.679,2023-04-22 07:47:00,60642.0,920.0,2913.0,ascending,/134700h3921.12N/10319.58WO136/017/A=060642 -5T681P 'EOSS Balloon',"KC0D-14>APZEOS,EOSS,WIDE2-1,qAO,W0ARP-1:/134700h3921.12N/10319.58WO136/017/A=060642 -5T681P 'EOSS Balloon'",136.0,20.0,39.352,-103.3263333333,41.99,272.65,6810.0,0.00016883,0.08701298,7.222e-05,-7.222e-05,15.33333333,low Re,0.007778,18.841053,0.002275,3.063705,0.072708,-1.144927,0.075686,17.325088,
EOSS-339,AE0SS-12,2023-04-22 07:47:28.332,2023-04-22 07:47:27,61005.0,964.0,2940.0,ascending,/134727h3921.03N/10319.45WO080/017EOSS Balloon  www.eoss.org/A=061005!W06!,"AE0SS-12>APTT4,EOSS,qAO,W0ARP-2:/134727h3921.03N/10319.45WO080/017EOSS Balloon  www.eoss.org/A=061005!W06!",80.0,20.0,39.3505,-103.3242666667,42.13,,,,,7.278e-05,-5.5e-05,16.06666667,low Re,0.024444,18.826527,0.002392,3.062219,0.072533,-0.901262,0.304027,17.265164,
EOSS-339,KC0D-14,2023-04-22 07:47:31.703,2023-04-22 07:47:30,61127.0,970.0,2943.0,ascending,/134730h3921.02N/10319.45WO134/017/A=061127 -6T664P 'EOSS Balloon',"KC0D-14>APZEOS,EOSS,WIDE2-1,qAO,W0ARP-1:/134730h3921.02N/10319.45WO134/017/A=061127 -6T664P 'EOSS Balloon'",134.0,20.0,39.3503333333,-103.3241666667,42.14,272.55,6640.0,0.00016468,0.08487198,7.222e-05,-5.556e-05,16.16666667,low Re,0.003333,18.812674,0.002397,3.060219,0.072342,-0.864646,0.012939,17.2446,
EOSS-339,AE0SS-12,2023-04-22 07:47:58.971,2023-04-22 07:47:57,61500.0,990.0,2970.0,ascending,/134757h3920.95N/10319.30WO075/013EOSS Balloon  www.eoss.org/A=061500!W69!,"AE0SS-12>APTT4,EOSS,qAO,AE0SS-1:/134757h3920.95N/10319.30WO075/013EOSS Balloon  www.eoss.org/A=061500!W69!",75.0,15.0,39.3492666667,-103.3218166667,42.29,,,,,8.167e-05,-4.111e-05,16.5,low Re,0.011111,18.800691,0.002442,3.056776,0.072155,-0.752653,0.120144,17.180663,
EOSS-339,KC0D-14,2023-04-22 07:48:01.684,2023-04-22 07:48:00,61619.0,984.0,2973.0,ascending,/134800h3920.95N/10319.30WO117/019/A=061619 -5T648P 'EOSS Balloon',"KC0D-14>APZEOS,EOSS,WIDE2-1,qAO,W0ARP-1:/134800h3920.95N/10319.30WO117/019/A=061619 -5T648P 'EOSS Balloon'",117.0,22.0,39.3491666667,-103.3216666667,42.3,272.65,6480.0,0.00016065,0.0827965,8.333e-05,-3.889e-05,16.4,low Re,-0.003333,18.788316,0.002412,3.053714,0.071968,-0.782102,-0.079827,17.159991,
EOSS-339,AE0SS-12,2023-04-22 07:48:28.756,2023-04-22 07:48:27,61983.0,966.0,3000.0,ascending,/134827h3920.89N/10319.11WO074/014EOSS Balloon  www.eoss.org/A=061983!W09!,"AE0SS-12>APTT4,EOSS,qAO,AE0SS-1:/134827h3920.89N/10319.11WO074/014EOSS Balloon  www.eoss.org/A=061983!W09!",74.0,16.0,39.3481666667,-103.31865,42.47,,,,,0.00010556,-3.667e-05,16.1,low Re,-0.01,18.77453,0.002348,3.051912,0.071787,-0.876346,-0.172009,17.096209,
EOSS-339,KC0D-14,2023-04-22 07:48:31.650,2023-04-22 07:48:30,62104.0,970.0,3003.0,ascending,/134830h3920.88N/10319.10WO113/022/A=062104 -6T633P 'EOSS Balloon',"KC0D-14>APZEOS,EOSS,WIDE2-1,qAO,W0ARP-1:/134830h3920.88N/10319.10WO113/022/A=062104 -6T633P 'EOSS Balloon'",113.0,25.0,39.348,-103.3183333333,42.5,272.55,6330.0,0.00015699,0.08090958,0.00011111,-3.889e-05,16.16666667,low Re,0.002222,18.761224,0.002348,3.04977,0.071602,-0.850739,-0.00176,17.07489,
EOSS-339,AE0SS-12,2023-04-22 07:48:58.806,2023-04-22 07:48:57,62468.0,970.0,3030.0,ascending,/134857h3920.81N/10318.94WO088/007EOSS Balloon  www.eoss.org/A=062468!W71!,"AE0SS-12>APTT4,EOSS,qAO,AE0SS-1:/134857h3920.81N/10318.94WO088/007EOSS Balloon  www.eoss.org/A=062468!W71!",88.0,8.0,39.34695,-103.3156833333,42.65,,,,,9.889e-05,-4.056e-05,16.16666667,low Re,0.0,18.748054,0.002336,3.047592,0.071418,-0.847025,-0.032709,17.010694,
EOSS-339,KC0D-14,2023-04-22 07:49:01.715,2023-04-22 07:49:00,62580.0,952.0,3033.0,ascending,/134900h3920.81N/10318.93WO133/016/A=062580 -5T618P 'EOSS Balloon',"KC0D-14>APZEOS,EOSS,WIDE2-1,qAR,W0ARP:/134900h3920.81N/10318.93WO133/016/A=062580 -5T618P 'EOSS Balloon'",133.0,18.0,39.3468333333,-103.3155,42.67,272.65,6180.0,0.00015321,0.07896332,9.444e-05,-3.889e-05,15.86666667,low Re,-0.01,18.733502,0.002273,3.046736,0.071241,-0.940953,-0.172274,16.990986,
EOSS-339,AE0SS-12,2023-04-22 07:49:28.271,2023-04-22 07:49:27,62977.0,1018.0,3060.0,ascending,/134927h3920.72N/10318.83WO109/005EOSS Balloon  www.eoss.org/A=062977!W70!,"AE0SS-12>APTT4,EOSS,qAO,W0ARP-2:/134927h3920.72N/10318.83WO109/005EOSS Balloon  www.eoss.org/A=062977!W70!",109.0,6.0,39.34545,-103.3138333333,42.79,,,,,6.167e-05,-5e-05,16.96666667,low Re,0.036667,18.724623,0.002447,3.041612,0.071102,-0.577969,0.48128,16.921646,
EOSS-339,KC0D-14,2023-04-22 07:49:31.655,2023-04-22 07:49:30,63097.0,1034.0,3063.0,ascending,/134930h3920.72N/10318.83WO151/014/A=063097 -6T603P 'EOSS Balloon',"KC0D-14>APZEOS,EOSS,WIDE2-1,qAO,W0ARP-1:/134930h3920.72N/10318.83WO151/014/A=063097 -6T603P 'EOSS Balloon'",151.0,16.0,39.3453333333,-103.3138333333,42.79,272.55,6030.0,0.00014955,0.07707501,5.556e-05,-5e-05,17.23333333,low Re,0.008889,18.717167,0.002479,3.035792,0.070924,-0.48878,0.090378,16.900926,
EOSS-339,AE0SS-12,2023-04-22 07:49:58.309,2023-04-22 07:49:57,63505.0,1056.0,3090.0,ascending,/134957h3920.61N/10318.76WO105/012EOSS Balloon  www.eoss.org/A=063505!W72!,"AE0SS-12>APTT4,EOSS,qAO,W0ARP-2:/134957h3920.61N/10318.76WO105/012EOSS Balloon  www.eoss.org/A=063505!W72!",105.0,14.0,39.3436166667,-103.3127,42.9,,,,,3.778e-05,-6.111e-05,17.6,low Re,0.012222,18.711609,0.002528,3.029218,0.070749,-0.366962,0.13702,16.831713,
EOSS-339,KC0D-14,2023-04-22 07:50:01.681,2023-04-22 07:50:00,63618.0,1042.0,3093.0,ascending,/135000h3920.60N/10318.76WO155/018/A=063618 -5T587P 'EOSS Balloon',"KC0D-14>APZEOS,EOSS,WIDE2-1,qAO,W0ARP-1:/135000h3920.60N/10318.76WO155/018/A=063618 -5T587P 'EOSS Balloon'",155.0,21.0,39.3433333333,-103.3126666667,42.91,272.65,5870.0,0.00014553,0.07500238,3.889e-05,-6.667e-05,17.36666667,low Re,-0.007778,18.70495,0.002477,3.023155,0.070575,-0.442678,-0.145306,16.812958,
EOSS-339,AE0SS-12,2023-04-22 07:50:28.609,2023-04-22 07:50:27,63991.0,972.0,3120.0,ascending,/135027h3920.47N/10318.67WO126/013EOSS Balloon  www.eoss.org/A=063991!W29!,"AE0SS-12>APTT4,EOSS,qAO,W9CN-9:/135027h3920.47N/10318.67WO126/013EOSS Balloon  www.eoss.org/A=063991!W29!",126.0,15.0,39.3412,-103.3113166667,43.03,,,,,4.611e-05,-8.056e-05,16.2,low Re,-0.038889,18.692611,0.002272,3.020783,0.07046,-0.825154,-0.584175,16.752654,
EOSS-339,KC0D-14,2023-04-22 07:50:31.639,2023-04-22 07:50:30,64113.0,990.0,3123.0,ascending,/135030h3920.46N/10318.67WO154/023/A=064113 -6T573P 'EOSS Balloon',"KC0D-14>APZEOS,EOSS,WIDE2-1,qAO,W0ARP-1:/135030h3920.46N/10318.67WO154/023/A=064113 -6T573P 'EOSS Balloon'",154.0,26.0,39.341,-103.3111666667,43.05,272.55,5730.0,0.00014211,0.07324043,5e-05,-7.778e-05,16.5,low Re,0.01,18.681863,0.00231,3.017242,0.070287,-0.723132,0.109409,16.733537,
EOSS-339,AE0SS-12,2023-04-22 07:50:58.585,2023-04-22 07:50:57,64644.0,1306.0,3150.0,ascending,/135057h3920.28N/10318.61WO180/017EOSS Balloon  www.eoss.org/A=064644!W28!,"AE0SS-12>APTT4,EOSS,qAR,W0ARP:/135057h3920.28N/10318.61WO180/017EOSS Balloon  www.eoss.org/A=064644!W28!",180.0,20.0,39.3380333333,-103.3103,43.18,,,,,3.389e-05,-0.00010556,21.76666667,low Re,0.175556,18.696911,0.003159,3.017539,0.071155,1.017304,2.422837,16.654511,
EOSS-339,KC0D-14,2023-04-22 07:51:01.667,2023-04-22 07:51:00,64801.0,1376.0,3153.0,ascending,/135100h3920.26N/10318.63WO190/024/A=064801 -4T553P 'EOSS Balloon',"KC0D-14>APZEOS,EOSS,WIDE2-1,qAO,W0ARP-1:/135100h3920.26N/10318.63WO190/024/A=064801 -4T553P 'EOSS Balloon'",190.0,28.0,39.3376666667,-103.3105,43.18,272.75,5530.0,0.00013705,0.07063221,2.222e-05,-0.00011111,22.93333333,low Re,0.038889,18.717476,0.003333,3.024607,0.071024,1.393853,0.50062,16.632612,
EOSS-339,KC0D-14,2023-04-22 07:51:31.702,2023-04-22 07:51:30,65316.0,1030.0,3183.0,ascending,/135130h3920.13N/10318.70WO202/018/A=065316 -5T539P 'EOSS Balloon',"KC0D-14>APZEOS,EOSS,WIDE2-1,qAO,W0ARP-1:/135130h3920.13N/10318.70WO202/018/A=065316 -5T539P 'EOSS Balloon'",202.0,21.0,39.3355,-103.3116666667,43.19,272.65,5390.0,0.00013363,0.06886931,-3.889e-05,-7.222e-05,17.16666667,low Re,-0.192222,18.709984,0.002384,3.019181,0.072149,-0.511171,-2.697279,16.566224,
EOSS-339,AE0SS-12,2023-04-22 07:51:58.442,2023-04-22 07:51:57,65697.0,1053.0,3210.0,ascending,/135157h3920.03N/10318.76WO180/006EOSS Balloon  www.eoss.org/A=065697!W69!,"AE0SS-12>APTT4,EOSS,qAO,W0ARP-2:/135157h3920.03N/10318.76WO180/006EOSS Balloon  www.eoss.org/A=065697!W69!",180.0,7.0,39.3339333333,-103.3128166667,43.18,,,,,-4.194e-05,-6.833e-05,17.55,low Re,0.006389,18.704407,0.002403,3.012953,0.071974,-0.383148,0.055381,16.523077,
EOSS-339,KC0D-14,2023-04-22 07:52:01.680,2023-04-22 07:52:00,65818.0,1004.0,3213.0,ascending,/135200h3920.03N/10318.78WO214/009/A=065818 -4T526P 'EOSS Balloon',"KC0D-14>APZEOS,EOSS,WIDE2-1,qAR,W0ARP:/135200h3920.03N/10318.78WO214/009/A=065818 -4T526P 'EOSS Balloon'",214.0,10.0,39.3338333333,-103.313,43.18,272.75,5260.0,0.00013036,0.06718363,-4.444e-05,-5.556e-05,16.73333333,low Re,-0.027222,18.694976,0.002261,3.008793,0.07183,-0.65197,-0.410455,16.510531,
EOSS-339,AE0SS-12,2023-04-22 07:52:28.583,2023-04-22 07:52:27,66183.0,972.0,3240.0,ascending,/135227h3919.95N/10318.82WO163/011EOSS Balloon  www.eoss.org/A=066183!W23!,"AE0SS-12>APTT4,EOSS,qAO,W0ARP-2:/135227h3919.95N/10318.82WO163/011EOSS Balloon  www.eoss.org/A=066183!W23!",163.0,13.0,39.3325333333,-103.3137166667,43.18,,,,,-3e-05,-4.667e-05,16.2,low Re,-0.017778,18.683095,0.002165,3.00652,0.07167,-0.825903,-0.278261,16.476278,
EOSS-339,KC0D-14,2023-04-22 07:52:31.668,2023-04-22 07:52:30,66292.0,948.0,3243.0,ascending,/135230h3919.95N/10318.83WO226/012/A=066292 -4T513P 'EOSS Balloon',"KC0D-14>APZEOS,EOSS,WIDE2-1,qAO,W0ARP-1:/135230h3919.95N/10318.83WO226/012/A=066292 -4T513P 'EOSS Balloon'",226.0,14.0,39.3325,-103.3138333333,43.18,272.75,5130.0,0.00012714,0.06552319,-2.778e-05,-4.444e-05,15.8,low Re,-0.013333,18.669431,0.002091,3.005913,0.071507,-0.954595,-0.215699,16.467133,
EOSS-339,AE0SS-12,2023-04-22 07:52:58.495,2023-04-22 07:52:57,66672.0,978.0,3270.0,ascending,/135257h3919.86N/10318.94WO230/016EOSS Balloon  www.eoss.org/A=066672!W91!,"AE0SS-12>APTT4,EOSS,qAO,W0ARP-2:/135257h3919.86N/10318.94WO230/016EOSS Balloon  www.eoss.org/A=066672!W91!",230.0,18.0,39.33115,-103.3156833333,43.13,,,,,-6.556e-05,-4.611e-05,16.3,low Re,0.016667,18.658255,0.00216,3.003194,0.071343,-0.785249,0.203342,16.439335,
EOSS-339,KC0D-14,2023-04-22 07:53:01.674,2023-04-22 07:53:00,66795.0,1006.0,3273.0,ascending,/135300h3919.86N/10318.95WO226/019/A=066795 -3T501P 'EOSS Balloon',"KC0D-14>APZEOS,EOSS,WIDE2-1,qAO,W0ARP-1:/135300h3919.86N/10318.95WO226/019/A=066795 -3T501P 'EOSS Balloon'",226.0,22.0,39.331,-103.3158333333,43.13,272.85,5010.0,0.00012412,0.06396703,-6.667e-05,-5e-05,16.76666667,low Re,0.015556,18.649374,0.002224,2.998904,0.07118,-0.627798,0.1873,16.431733,
EOSS-339,AE0SS-12,2023-04-22 07:53:28.337,2023-04-22 07:53:27,67174.0,1004.0,3300.0,ascending,/135327h3919.76N/10319.08WO238/023EOSS Balloon  www.eoss.org/A=067174!W77!,"AE0SS-12>APTT4,EOSS,qAO,W0ARP-2:/135327h3919.76N/10319.08WO238/023EOSS Balloon  www.eoss.org/A=067174!W77!",238.0,26.0,39.32945,-103.3181166667,43.07,,,,,-8.111e-05,-5.667e-05,16.73333333,low Re,-0.001111,18.640421,0.002208,2.994722,0.071012,-0.636816,-0.046739,16.412742,
EOSS-339,KC0D-14,2023-04-22 07:53:31.963,2023-04-22 07:53:30,67306.0,1022.0,3303.0,ascending,/135330h3919.76N/10319.11WO246/017/A=067306 -4T488P 'EOSS Balloon',"KC0D-14>APZEOS,EOSS,WIDE2-1,qAO,W0ARP-1:/135330h3919.76N/10319.11WO246/017/A=067306 -4T488P 'EOSS Balloon'",246.0,20.0,39.3293333333,-103.3185,43.05,272.75,4880.0,0.00012094,0.06233006,-8.889e-05,-5.556e-05,17.03333333,low Re,0.01,18.632946,0.002244,2.989726,0.070847,-0.535037,0.109475,16.407729,
EOSS-339,AE0SS-12,2023-04-22 07:53:58.259,2023-04-22 07:53:57,67679.0,1010.0,3330.0,ascending,/135357h3919.71N/10319.24WO224/018EOSS Balloon  www.eoss.org/A=067679!W83!,"AE0SS-12>APTT4,EOSS,qAO,W0ARP-2:/135357h3919.71N/10319.24WO224/018EOSS Balloon  www.eoss.org/A=067679!W83!",224.0,21.0,39.3286333333,-103.3207166667,42.97,,,,,-8.667e-05,-2.722e-05,16.83333333,low Re,-0.006667,18.624614,0.002203,2.985278,0.070684,-0.600038,-0.125488,16.398117,
EOSS-339,KC0D-14,2023-04-22 07:54:01.733,2023-04-22 07:54:00,67804.0,996.0,3333.0,ascending,/135400h3919.72N/10319.26WO273/014/A=067804 -2T476P 'EOSS Balloon',"KC0D-14>APZEOS,EOSS,WIDE2-1,qAO,W0ARP-1:/135400h3919.72N/10319.26WO273/014/A=067804 -2T476P 'EOSS Balloon'",273.0,16.0,39.3286666667,-103.321,42.95,272.95,4760.0,0.00011788,0.0607528,-8.333e-05,-2.222e-05,16.6,low Re,-0.007778,18.615284,0.002157,2.981529,0.070523,-0.675923,-0.140876,16.396414,
EOSS-339,AE0SS-12,2023-04-22 07:54:28.465,2023-04-22 07:54:27,68184.0,1010.0,3360.0,ascending,/135427h3919.72N/10319.37WO230/017EOSS Balloon  www.eoss.org/A=068184!W10!,"AE0SS-12>APTT4,EOSS,qAO,W0ARP-2:/135427h3919.72N/10319.37WO230/017EOSS Balloon  www.eoss.org/A=068184!W10!",230.0,20.0,39.3286833333,-103.3228333333,42.86,,,,,-7.056e-05,1.67e-06,16.83333333,low Re,0.007778,18.60711,0.002183,2.977098,0.07036,-0.595807,0.07952,16.395944,
EOSS-339,KC0D-14,2023-04-22 07:54:31.691,2023-04-22 07:54:30,68304.0,1000.0,3363.0,ascending,/135430h3919.72N/10319.39WO271/008/A=068304 -3T465P 'EOSS Balloon',"KC0D-14>APZEOS,EOSS,WIDE2-1,qAO,W0ARP-1:/135430h3919.72N/10319.39WO271/008/A=068304 -3T465P 'EOSS Balloon'",271.0,9.0,39.3286666667,-103.3231666667,42.85,272.85,4650.0,0.0001152,0.0593706,-7.222e-05,0.0,16.66666667,low Re,-0.005556,18.59825,0.002147,2.973155,0.0702,-0.649675,-0.109729,16.397266,
EOSS-339,AE0SS-12,2023-04-22 07:54:58.204,2023-04-22 07:54:57,68673.0,978.0,3390.0,ascending,/135457h3919.70N/10319.44WO219/016EOSS Balloon  www.eoss.org/A=068673!W59!,"AE0SS-12>APTT4,EOSS,qAO,W0ARP-2:/135457h3919.70N/10319.44WO219/016EOSS Balloon  www.eoss.org/A=068673!W59!",219.0,18.0,39.3284166667,-103.32415,42.81,,,,,-4.389e-05,-8.89e-06,16.3,low Re,-0.012222,18.587803,0.002081,2.970403,0.070046,-0.7702,-0.204194,16.40572,
EOSS-339,KC0D-14,2023-04-22 07:55:01.651,2023-04-22 07:55:00,68792.0,976.0,3393.0,ascending,/135500h3919.71N/10319.46WO261/007/A=068792 -1T453P 'EOSS Balloon',"KC0D-14>APZEOS,EOSS,WIDE2-1,qAO,W0ARP-1:/135500h3919.71N/10319.46WO261/007/A=068792 -1T453P 'EOSS Balloon'",261.0,8.0,39.3285,-103.3243333333,42.8,273.05,4530.0,0.00011214,0.05779609,-3.889e-05,-5.56e-06,16.26666667,low Re,-0.001111,18.5773,0.002067,2.967755,0.069886,-0.77858,-0.045474,16.409845,
EOSS-339,KC0D-14,2023-04-22 07:55:31.681,2023-04-22 07:55:30,69272.0,960.0,3423.0,ascending,/135530h3919.71N/10319.52WO256/004/A=069272 -1T442P 'EOSS Balloon',"KC0D-14>APZEOS,EOSS,WIDE2-1,qAO,W0ARP-1:/135530h3919.71N/10319.52WO256/004/A=069272 -1T442P 'EOSS Balloon'",256.0,5.0,39.3285,-103.3253333333,42.75,273.05,4420.0,0.00010942,0.05639265,-3.333e-05,0.0,16.0,low Re,-0.008889,18.565691,0.002017,2.966081,0.069731,-0.86501,-0.156401,16.433238,
EOSS-339,AE0SS-12,2023-04-22 07:55:58.274,2023-04-22 07:55:57,69645.0,972.0,3450.0,ascending,/135557h3919.69N/10319.55WO239/014EOSS Balloon  www.eoss.org/A=069645!W11!,"AE0SS-12>APTT4,EOSS,qAO,W0ARP-2:/135557h3919.69N/10319.55WO239/014EOSS Balloon  www.eoss.org/A=069645!W11!",239.0,16.0,39.3281833333,-103.32585,42.74,,,,,-2.833e-05,-3.89e-06,16.2,low Re,0.003333,18.555082,0.002023,2.96363,0.069573,-0.794661,0.018829,16.458627,
EOSS-339,KC0D-14,2023-04-22 07:56:01.711,2023-04-22 07:56:00,69765.0,986.0,3453.0,ascending,/135600h3919.69N/10319.56WO255/001/A=069765 0T432P 'EOSS Balloon',"KC0D-14>APZEOS,EOSS,WIDE2-1,qAO,W0ARP-1:/135600h3919.69N/10319.56WO255/001/A=069765 0T432P 'EOSS Balloon'",255.0,1.0,39.3281666667,-103.326,42.73,273.15,4320.0,0.00010691,0.05509662,-2.222e-05,-1.111e-05,16.43333333,low Re,0.007778,18.54561,0.002049,2.960374,0.069417,-0.713517,0.08253,16.468075,
EOSS-339,AE0SS-12,2023-04-22 07:56:28.367,2023-04-22 07:56:27,70153.0,1016.0,3480.0,ascending,/135627h3919.68N/10319.54WO207/010EOSS Balloon  www.eoss.org/A=070153!W81!,"AE0SS-12>APTT4,EOSS,qAO,W0ARP-2:/135627h3919.68N/10319.54WO207/010EOSS Balloon  www.eoss.org/A=070153!W81!",207.0,12.0,39.3281333333,-103.3256833333,42.75,,,,,5.56e-06,-1.67e-06,16.93333333,low Re,0.016667,18.538444,0.002114,2.955714,0.069268,-0.543053,0.210097,16.502658,
EOSS-339,KC0D-14,2023-04-22 07:56:31.697,2023-04-22 07:56:30,70274.0,1018.0,3483.0,ascending,/135630h3919.69N/10319.54WO059/005/A=070274 0T420P 'EOSS Balloon',"KC0D-14>APZEOS,EOSS,WIDE2-1,qAO,W0ARP-1:/135630h3919.69N/10319.54WO059/005/A=070274 0T420P 'EOSS Balloon'",59.0,6.0,39.3281666667,-103.3256666667,42.75,273.15,4200.0,0.00010394,0.05356616,1.111e-05,0.0,16.96666667,low Re,0.001111,18.53149,0.00211,2.950991,0.069113,-0.53027,-0.014455,16.514646,
EOSS-339,AE0SS-12,2023-04-22 07:56:58.681,2023-04-22 07:56:57,70665.0,1024.0,3510.0,ascending,/135657h3919.71N/10319.49WO134/004EOSS Balloon  www.eoss.org/A=070665!W43!,"AE0SS-12>APTT4,EOSS,qAO,AE0SS-1:/135657h3919.71N/10319.49WO134/004EOSS Balloon  www.eoss.org/A=070665!W43!",134.0,5.0,39.3285666667,-103.3248833333,42.77,,,,,2.667e-05,1.444e-05,17.06666667,low Re,0.003333,18.525037,0.002115,2.94606,0.06896,-0.495024,0.017662,16.556995,
EOSS-339,KC0D-14,2023-04-22 07:57:01.682,2023-04-22 07:57:00,70782.0,1016.0,3513.0,ascending,/135700h3919.72N/10319.50WO002/005/A=070782 1T410P 'EOSS Balloon',"KC0D-14>APZEOS,EOSS,WIDE2-1,qAO,W0ARP-1:/135700h3919.72N/10319.50WO002/005/A=070782 1T410P 'EOSS Balloon'",2.0,6.0,39.3286666667,-103.325,42.76,273.25,4100.0,0.00010142,0.05227164,2.222e-05,1.667e-05,16.93333333,low Re,-0.004444,18.518056,0.002086,2.941453,0.068808,-0.538755,-0.094902,16.57067,
EOSS-339,AE0SS-12,2023-04-22 07:57:28.389,2023-04-22 07:57:27,71154.0,978.0,3540.0,ascending,/135727h3919.69N/10319.51WO214/017EOSS Balloon  www.eoss.org/A=071154!W83!,"AE0SS-12>APTT4,EOSS,qAO,W0ARP-2:/135727h3919.69N/10319.51WO214/017EOSS Balloon  www.eoss.org/A=071154!W83!",214.0,20.0,39.3283,-103.3252166667,42.76,,,,,-1.111e-05,-8.89e-06,16.3,low Re,-0.021111,18.50837,0.001985,2.938653,0.068674,-0.751491,-0.336314,16.616902,
EOSS-339,KC0D-14,2023-04-22 07:57:31.696,2023-04-22 07:57:30,71278.0,992.0,3543.0,ascending,/135730h3919.69N/10319.52WO204/005/A=071278 1T400P 'EOSS Balloon',"KC0D-14>APZEOS,EOSS,WIDE2-1,qAO,W0ARP-1:/135730h3919.69N/10319.52WO204/005/A=071278 1T400P 'EOSS Balloon'",204.0,6.0,39.3281666667,-103.3253333333,42.76,273.25,4000.0,9.895e-05,0.05099672,-1.111e-05,-1.667e-05,16.53333333,low Re,0.007778,18.499783,0.00201,2.93512,0.068524,-0.669972,0.084175,16.633161,
EOSS-339,AE0SS-12,2023-04-22 07:57:58.247,2023-04-22 07:57:57,71672.0,1036.0,3570.0,ascending,/135757h3919.67N/10319.49WO069/014EOSS Balloon  www.eoss.org/A=071672!W47!,"AE0SS-12>APTT4,EOSS,qAO,W0ARP-2:/135757h3919.67N/10319.49WO069/014EOSS Balloon  www.eoss.org/A=071672!W47!",69.0,16.0,39.3279,-103.32495,42.79,,,,,8.89e-06,-1.333e-05,17.26666667,low Re,0.024444,18.494444,0.002107,2.929856,0.06839,-0.419057,0.326612,16.687227,
EOSS-339,KC0D-14,2023-04-22 07:58:01.682,2023-04-22 07:58:00,71813.0,1070.0,3573.0,ascending,/135800h3919.67N/10319.49WO121/004/A=071813 3T389P 'EOSS Balloon',"KC0D-14>APZEOS,EOSS,WIDE2-1,qAO,W0ARP-1:/135800h3919.67N/10319.49WO121/004/A=071813 3T389P 'EOSS Balloon'",121.0,5.0,39.3278333333,-103.3248333333,42.8,273.45,3890.0,9.616e-05,0.04955804,1.667e-05,-1.111e-05,17.83333333,low Re,0.018889,18.491595,0.00218,2.92383,0.06825,-0.225137,0.244821,16.707342,
EOSS-339,AE0SS-12,2023-04-22 07:58:28.311,2023-04-22 07:58:27,72194.0,1044.0,3600.0,ascending,/135827h3919.64N/10319.41WO171/008EOSS Balloon  www.eoss.org/A=072194!W72!,"AE0SS-12>APTT4,EOSS,qAO,W0ARP-2:/135827h3919.64N/10319.41WO171/008EOSS Balloon  www.eoss.org/A=072194!W72!",171.0,9.0,39.32745,-103.3235333333,42.87,,,,,4.722e-05,-1.5e-05,17.4,low Re,-0.014444,18.48691,0.002108,2.918398,0.068111,-0.372434,-0.243015,16.763259,
EOSS-339,KC0D-14,2023-04-22 07:58:31.641,2023-04-22 07:58:30,72312.0,998.0,3603.0,ascending,/135830h3919.64N/10319.41WO152/009/A=072312 3T379P 'EOSS Balloon',"KC0D-14>APZEOS,EOSS,WIDE2-1,qAO,W0ARP-1:/135830h3919.64N/10319.41WO152/009/A=072312 3T379P 'EOSS Balloon'",152.0,10.0,39.3273333333,-103.3235,42.88,273.45,3790.0,9.369e-05,0.04828405,4.444e-05,-1.667e-05,16.63333333,low Re,-0.025556,18.478989,0.00199,2.914648,0.067988,-0.633235,-0.40516,16.78094,
EOSS-339,AE0SS-12,2023-04-22 07:58:58.585,2023-04-22 07:58:57,72690.0,992.0,3630.0,ascending,/135857h3919.55N/10319.33WO176/010EOSS Balloon  www.eoss.org/A=072690!W15!,"AE0SS-12>APTT4,EOSS,qAO,N0RPF-6:/135857h3919.55N/10319.33WO176/010EOSS Balloon  www.eoss.org/A=072690!W15!",176.0,12.0,39.32585,-103.32225,42.98,,,,,4.278e-05,-5.333e-05,16.53333333,low Re,-0.003333,18.470709,0.001967,2.911182,0.067843,-0.665495,-0.078122,16.838284,
EOSS-339,KC0D-14,2023-04-22 07:59:01.680,2023-04-22 07:59:00,72832.0,1040.0,3633.0,ascending,/135900h3919.54N/10319.33WO149/012/A=072832 5T370P 'EOSS Balloon',"KC0D-14>APZEOS,EOSS,WIDE2-1,qAO,W0ARP-1:/135900h3919.54N/10319.33WO149/012/A=072832 5T370P 'EOSS Balloon'",149.0,14.0,39.3256666667,-103.3221666667,42.99,273.65,3700.0,9.139e-05,0.04710302,4.444e-05,-5.556e-05,17.33333333,low Re,0.026667,18.46589,0.002072,2.905925,0.067717,-0.389741,0.363203,16.859972,
EOSS-339,AE0SS-12,2023-04-22 07:59:28.251,2023-04-22 07:59:27,73211.0,1042.0,3660.0,ascending,/135927h3919.46N/10319.30WO184/011EOSS Balloon  www.eoss.org/A=073211!W24!,"AE0SS-12>APTT4,EOSS,qAO,W0ARP-2:/135927h3919.46N/10319.30WO184/011EOSS Balloon  www.eoss.org/A=073211!W24!",184.0,13.0,39.3243666667,-103.3217333333,43.05,,,,,1.722e-05,-4.944e-05,17.36666667,low Re,0.001111,18.461252,0.002068,2.90064,0.067573,-0.37736,-0.014162,16.917742,
EOSS-339,KC0D-14,2023-04-22 07:59:31.708,2023-04-22 07:59:30,73343.0,1022.0,3663.0,ascending,/135930h3919.45N/10319.31WO192/011/A=073343 5T361P 'EOSS Balloon',"KC0D-14>APZEOS,EOSS,WIDE2-1,qAO,W0ARP-1:/135930h3919.45N/10319.31WO192/011/A=073343 5T361P 'EOSS Balloon'",192.0,13.0,39.3241666667,-103.3218333333,43.05,273.65,3610.0,8.917e-05,0.04595727,1.111e-05,-5e-05,17.03333333,low Re,-0.011111,18.455252,0.002012,2.895994,0.067435,-0.490995,-0.194602,16.937696,
EOSS-339,AE0SS-12,2023-04-22 07:59:58.321,2023-04-22 07:59:57,73720.0,1018.0,3690.0,ascending,/135957h3919.37N/10319.31WO167/005EOSS Balloon  www.eoss.org/A=073720!W69!,"AE0SS-12>APTT4,EOSS,qAO,W0ARP-2:/135957h3919.37N/10319.31WO167/005EOSS Balloon  www.eoss.org/A=073720!W69!",167.0,6.0,39.3229333333,-103.3219833333,43.09,,,,,-8.33e-06,-4.778e-05,16.96666667,low Re,-0.002222,18.449024,0.001995,2.891507,0.067293,-0.512659,-0.062666,16.993715,
EOSS-339,KC0D-14,2023-04-22 08:00:01.651,2023-04-22 08:00:00,73850.0,1014.0,3693.0,ascending,/140000h3919.37N/10319.33WO225/011/A=073850 8T352P 'EOSS Balloon',"KC0D-14>APZEOS,EOSS,WIDE2-1,qAO,W0ARP-1:/140000h3919.37N/10319.33WO225/011/A=073850 8T352P 'EOSS Balloon'",225.0,13.0,39.3228333333,-103.3221666667,43.08,273.95,3520.0,8.685e-05,0.04476245,-1.111e-05,-4.444e-05,16.9,low Re,-0.002222,18.442569,0.001977,2.887184,0.067152,-0.534282,-0.06253,17.012576,
EOSS-339,AE0SS-12,2023-04-22 08:00:28.390,2023-04-22 08:00:27,74228.0,1016.0,3720.0,ascending,/140027h3919.26N/10319.31WO185/008EOSS Balloon  www.eoss.org/A=074228!W67!,"AE0SS-12>APTT4,EOSS,qAO,W0ARP-2:/140027h3919.26N/10319.31WO185/008EOSS Balloon  www.eoss.org/A=074228!W67!",185.0,9.0,39.3211,-103.32195,43.15,,,,,1.11e-06,-6.111e-05,16.93333333,low Re,0.001111,18.436307,0.001973,2.882802,0.067012,-0.521359,-0.012863,17.065605,
EOSS-339,KC0D-14,2023-04-22 08:00:31.670,2023-04-22 08:00:30,74358.0,1016.0,3723.0,ascending,/140030h3919.26N/10319.31WO173/014/A=074358 8T343P 'EOSS Balloon',"KC0D-14>APZEOS,EOSS,WIDE2-1,qAO,W0ARP-1:/140030h3919.26N/10319.31WO173/014/A=074358 8T343P 'EOSS Balloon'",173.0,16.0,39.321,-103.3218333333,43.16,273.95,3430.0,8.463e-05,0.04361795,1.111e-05,-6.111e-05,16.93333333,low Re,0.0,18.430096,0.001965,2.878437,0.066872,-0.519991,-0.029384,17.083098,
EOSS-339,AE0SS-12,2023-04-22 08:00:58.675,2023-04-22 08:00:57,74734.0,1012.0,3750.0,ascending,/140057h3919.15N/10319.30WO176/018EOSS Balloon  www.eoss.org/A=074734!W61!,"AE0SS-12>APTT4,EOSS,qAO,W9CN-9:/140057h3919.15N/10319.30WO176/018EOSS Balloon  www.eoss.org/A=074734!W61!",176.0,21.0,39.3192666667,-103.3216833333,43.22,,,,,8.89e-06,-6.111e-05,16.86666667,low Re,-0.002222,18.423663,0.001948,2.874234,0.066734,-0.541708,-0.062487,17.131089,
EOSS-339,KC0D-14,2023-04-22 08:01:01.695,2023-04-22 08:01:00,74855.0,994.0,3753.0,ascending,/140100h3919.14N/10319.31WO192/017/A=074855 10T334P 'EOSS Balloon',"KC0D-14>APZEOS,EOSS,WIDE2-1,qAO,W0ARP-1:/140100h3919.14N/10319.31WO192/017/A=074855 10T334P 'EOSS Balloon'",192.0,20.0,39.319,-103.3218333333,43.22,274.15,3340.0,8.235e-05,0.04244247,0.0,-6.667e-05,16.56666667,low Re,-0.01,18.416052,0.001899,2.870776,0.0666,-0.644211,-0.178664,17.145607,
EOSS-339,AE0SS-12,2023-04-22 08:01:28.725,2023-04-22 08:01:27,75236.0,1004.0,3780.0,ascending,/140127h3919.01N/10319.31WO196/014EOSS Balloon  www.eoss.org/A=075236!W97!,"AE0SS-12>APTT4,EOSS,qAO,W9CN-9:/140127h3919.01N/10319.31WO196/014EOSS Balloon  www.eoss.org/A=075236!W97!",196.0,16.0,39.3169833333,-103.32195,43.28,,,,,-8.89e-06,-7.611e-05,16.73333333,low Re,0.005556,18.409184,0.001914,2.866904,0.066463,-0.584551,0.054797,17.187949,
EOSS-339,KC0D-14,2023-04-22 08:01:31.653,2023-04-22 08:01:30,75368.0,1026.0,3783.0,ascending,/140130h3919.01N/10319.32WO178/013/A=075368 10T325P 'EOSS Balloon',"KC0D-14>APZEOS,EOSS,WIDE2-1,qAO,W0ARP-1:/140130h3919.01N/10319.32WO178/013/A=075368 10T325P 'EOSS Balloon'",178.0,15.0,39.3168333333,-103.322,43.28,274.15,3250.0,8.013e-05,0.04129881,-5.56e-06,-7.222e-05,17.1,low Re,0.012222,18.403862,0.001956,2.862264,0.06633,-0.455535,0.154772,17.201319,
EOSS-339,AE0SS-12,2023-04-22 08:01:58.291,2023-04-22 08:01:57,75758.0,1044.0,3810.0,ascending,/140157h3918.91N/10319.35WO218/017EOSS Balloon  www.eoss.org/A=075758!W09!,"AE0SS-12>APTT4,EOSS,qAO,W0ARP-2:/140157h3918.91N/10319.35WO218/017EOSS Balloon  www.eoss.org/A=075758!W09!",218.0,20.0,39.3151666667,-103.32265,43.3,,,,,-2.333e-05,-6.056e-05,17.4,low Re,0.01,18.399798,0.001988,2.857155,0.066197,-0.349928,0.121033,17.236498,
EOSS-339,KC0D-14,2023-04-22 08:02:01.933,2023-04-22 08:02:00,75880.0,1024.0,3813.0,ascending,/140200h3918.90N/10319.37WO203/017/A=075880 12T317P 'EOSS Balloon',"KC0D-14>APZEOS,EOSS,WIDE2-1,qAO,W0ARP-1:/140200h3918.90N/10319.37WO203/017/A=075880 12T317P 'EOSS Balloon'",203.0,20.0,39.315,-103.3228333333,43.3,274.35,3170.0,7.81e-05,0.04025286,-2.778e-05,-6.111e-05,17.06666667,low Re,-0.011111,18.394422,0.001935,2.852622,0.066067,-0.465451,-0.197466,17.24609,
EOSS-339,AE0SS-12,2023-04-22 08:02:28.303,2023-04-22 08:02:27,76266.0,1016.0,3840.0,ascending,/140227h3918.79N/10319.41WO195/012EOSS Balloon  www.eoss.org/A=076266!W36!,"AE0SS-12>APTT4,EOSS,qAO,W0ARP-2:/140227h3918.79N/10319.41WO195/012EOSS Balloon  www.eoss.org/A=076266!W36!",195.0,14.0,39.3132166667,-103.3236,43.32,,,,,-3.167e-05,-6.5e-05,16.93333333,low Re,-0.004444,18.388554,0.00191,2.84837,0.065935,-0.510896,-0.096368,17.271672,
EOSS-339,KC0D-14,2023-04-22 08:02:31.715,2023-04-22 08:02:30,76391.0,1022.0,3843.0,ascending,/140230h3918.79N/10319.42WO215/008/A=076391 12T309P 'EOSS Balloon',"KC0D-14>APZEOS,EOSS,WIDE2-1,qAO,W0ARP-1:/140230h3918.79N/10319.42WO215/008/A=076391 12T309P 'EOSS Balloon'",215.0,9.0,39.3131666667,-103.3236666667,43.32,274.35,3090.0,7.613e-05,0.03923702,-2.778e-05,-6.111e-05,17.03333333,low Re,0.003333,18.383133,0.001915,2.843937,0.065802,-0.474624,0.021549,17.278334,
EOSS-339,AE0SS-12,2023-04-22 08:02:58.619,2023-04-22 08:02:57,76775.0,1018.0,3870.0,ascending,/140257h3918.72N/10319.48WO194/009EOSS Balloon  www.eoss.org/A=076775!W37!,"AE0SS-12>APTT4,EOSS,qAO,AE0SS-1:/140257h3918.72N/10319.48WO194/009EOSS Balloon  www.eoss.org/A=076775!W37!",194.0,10.0,39.31205,-103.3247833333,43.31,,,,,-3.944e-05,-3.889e-05,16.96666667,low Re,-0.002222,18.37749,0.001899,2.839651,0.06567,-0.49683,-0.062753,17.293584,
EOSS-339,KC0D-14,2023-04-22 08:03:01.712,2023-04-22 08:03:00,76908.0,1034.0,3873.0,ascending,/140300h3918.72N/10319.49WO240/010/A=076908 15T301P 'EOSS Balloon',"KC0D-14>APZEOS,EOSS,WIDE2-1,qAO,W0ARP-1:/140300h3918.72N/10319.49WO240/010/A=076908 15T301P 'EOSS Balloon'",240.0,12.0,39.312,-103.3248333333,43.3,274.65,3010.0,7.408e-05,0.03817942,-3.889e-05,-3.889e-05,17.23333333,low Re,0.008889,18.37295,0.001927,2.834905,0.06554,-0.401995,0.106225,17.296978,
EOSS-339,AE0SS-12,2023-04-22 08:03:28.218,2023-04-22 08:03:27,77270.0,990.0,3900.0,ascending,/140327h3918.69N/10319.52WO302/003EOSS Balloon  www.eoss.org/A=077270!W08!,"AE0SS-12>APTT4,EOSS,qAO,W0ARP-2:/140327h3918.69N/10319.52WO302/003EOSS Balloon  www.eoss.org/A=077270!W08!",302.0,3.0,39.3115,-103.3254666667,43.29,,,,,-2.278e-05,-1.833e-05,16.5,low Re,-0.024444,18.365547,0.001822,2.831724,0.06543,-0.658803,-0.401437,17.301149,
EOSS-339,KC0D-14,2023-04-22 08:03:31.693,2023-04-22 08:03:30,77415.0,1014.0,3903.0,ascending,/140330h3918.69N/10319.53WO175/008/A=077415 15T293P 'EOSS Balloon',"KC0D-14>APZEOS,EOSS,WIDE2-1,qAO,W0ARP-1:/140330h3918.69N/10319.53WO175/008/A=077415 15T293P 'EOSS Balloon'",175.0,9.0,39.3115,-103.3255,43.29,274.65,2930.0,7.211e-05,0.03716469,-2.222e-05,-1.667e-05,16.9,low Re,0.013333,18.359777,0.001868,2.827618,0.065304,-0.516257,0.175564,17.300711,
EOSS-339,AE0SS-12,2023-04-22 08:03:58.588,2023-04-22 08:03:57,77789.0,1038.0,3930.0,ascending,/140357h3918.61N/10319.52WO183/021EOSS Balloon  www.eoss.org/A=077789!W12!,"AE0SS-12>APTT4,EOSS,qAO,W0ARP-2:/140357h3918.61N/10319.52WO183/021EOSS Balloon  www.eoss.org/A=077789!W12!",183.0,24.0,39.3101833333,-103.3253666667,43.34,,,,,3.33e-06,-4.389e-05,17.3,low Re,0.013333,18.355621,0.001913,2.822826,0.065179,-0.373959,0.17521,17.293958,
EOSS-339,KC0D-14,2023-04-22 08:04:01.654,2023-04-22 08:04:00,77904.0,978.0,3933.0,ascending,/140400h3918.59N/10319.52WO186/021/A=077904 17T286P 'EOSS Balloon',"KC0D-14>APZEOS,EOSS,WIDE2-1,qAO,W0ARP-1:/140400h3918.59N/10319.52WO186/021/A=077904 17T286P 'EOSS Balloon'",186.0,24.0,39.3098333333,-103.3253333333,43.35,274.85,2860.0,7.034e-05,0.03625039,5.56e-06,-5.556e-05,16.3,low Re,-0.033333,18.347591,0.001775,2.820214,0.065088,-0.726041,-0.539393,17.290252,
EOSS-339,AE0SS-12,2023-04-22 08:04:28.267,2023-04-22 08:04:27,78274.0,970.0,3960.0,ascending,/140427h3918.47N/10319.58WO199/009EOSS Balloon  www.eoss.org/A=078274!W14!,"AE0SS-12>APTT4,EOSS,qAO,W0ARP-2:/140427h3918.47N/10319.58WO199/009EOSS Balloon  www.eoss.org/A=078274!W14!",199.0,10.0,39.30785,-103.3264,43.37,,,,,-3.444e-05,-7.778e-05,16.16666667,low Re,-0.004444,18.339105,0.00175,2.817986,0.064962,-0.770919,-0.095348,17.273172,
EOSS-339,KC0D-14,2023-04-22 08:04:31.721,2023-04-22 08:04:30,78399.0,990.0,3963.0,ascending,/140430h3918.46N/10319.59WO209/018/A=078399 18T279P 'EOSS Balloon',"KC0D-14>APZEOS,EOSS,WIDE2-1,qAO,W0ARP-1:/140430h3918.46N/10319.59WO209/018/A=078399 18T279P 'EOSS Balloon'",209.0,21.0,39.3076666667,-103.3265,43.37,274.95,2790.0,6.859e-05,0.03535029,-3.889e-05,-7.222e-05,16.5,low Re,0.011111,18.331977,0.001787,2.814828,0.064837,-0.650831,0.143807,17.265649,
EOSS-339,AE0SS-12,2023-04-22 08:04:58.581,2023-04-22 08:04:57,78760.0,972.0,3990.0,ascending,/140457h3918.34N/10319.67WO265/012EOSS Balloon  www.eoss.org/A=078760!W75!,"AE0SS-12>APTT4,EOSS,qAO,W9CN-9:/140457h3918.34N/10319.67WO265/012EOSS Balloon  www.eoss.org/A=078760!W75!",265.0,14.0,39.3057833333,-103.3279166667,43.37,,,,,-5.056e-05,-6.889e-05,16.2,low Re,-0.01,18.323745,0.001741,2.812489,0.064715,-0.755112,-0.181426,17.239092,
EOSS-339,KC0D-14,2023-04-22 08:05:01.897,2023-04-22 08:05:00,78881.0,964.0,3993.0,ascending,/140500h3918.34N/10319.69WO218/019/A=078881 20T272P 'EOSS Balloon',"KC0D-14>APZEOS,EOSS,WIDE2-1,qAO,W0ARP-1:/140500h3918.34N/10319.69WO218/019/A=078881 20T272P 'EOSS Balloon'",218.0,22.0,39.3056666667,-103.3281666667,43.36,275.15,2720.0,6.682e-05,0.03443831,-5.556e-05,-6.667e-05,16.06666667,low Re,-0.004444,18.315064,0.001717,2.810542,0.064591,-0.799987,-0.095385,17.228632,
EOSS-339,AE0SS-12,2023-04-22 08:05:28.314,2023-04-22 08:05:27,79239.0,958.0,4020.0,ascending,/140527h3918.26N/10319.75WO227/009EOSS Balloon  www.eoss.org/A=079239!W43!,"AE0SS-12>APTT4,EOSS,qAO,W0ARP-2:/140527h3918.26N/10319.75WO227/009EOSS Balloon  www.eoss.org/A=079239!W43!",227.0,10.0,39.3044,-103.3292166667,43.35,,,,,-4.333e-05,-4.611e-05,15.96666667,low Re,-0.003333,18.306066,0.001698,2.808896,0.064467,-0.832854,-0.07804,17.193334,
EOSS-339,KC0D-14,2023-04-22 08:05:31.670,2023-04-22 08:05:30,79361.0,960.0,4023.0,ascending,/140530h3918.25N/10319.75WO184/013/A=079361 20T265P 'EOSS Balloon',"KC0D-14>APZEOS,EOSS,WIDE2-1,qAO,W0ARP-1:/140530h3918.25N/10319.75WO184/013/A=079361 20T265P 'EOSS Balloon'",184.0,15.0,39.3041666667,-103.3291666667,43.36,275.15,2650.0,6.51e-05,0.03355203,-3.333e-05,-5e-05,16.0,low Re,0.001111,18.297265,0.001695,2.807127,0.064343,-0.818369,-0.009076,17.179889,
EOSS-339,AE0SS-12,2023-04-22 08:05:58.308,2023-04-22 08:05:57,79725.0,972.0,4050.0,ascending,/140557h3918.17N/10319.78WO198/020EOSS Balloon  www.eoss.org/A=079725!W37!,"AE0SS-12>APTT4,EOSS,qAO,W0ARP-2:/140557h3918.17N/10319.78WO198/020EOSS Balloon  www.eoss.org/A=079725!W37!",198.0,23.0,39.3028833333,-103.3297833333,43.38,,,,,-1.889e-05,-5.056e-05,16.2,low Re,0.006667,18.28929,0.001714,2.804748,0.06422,-0.744912,0.077126,17.135839,
EOSS-339,KC0D-14,2023-04-22 08:06:01.871,2023-04-22 08:06:00,79847.0,972.0,4053.0,ascending,/140600h3918.16N/10319.79WO200/018/A=079847 23T259P 'EOSS Balloon',"KC0D-14>APZEOS,EOSS,WIDE2-1,qAO,W0ARP-1:/140600h3918.16N/10319.79WO200/018/A=079847 23T259P 'EOSS Balloon'",200.0,21.0,39.3026666667,-103.3298333333,43.38,275.45,2590.0,6.356e-05,0.03275665,-2.222e-05,-5e-05,16.2,low Re,0.0,18.281376,0.001708,2.802362,0.064097,-0.742722,-0.026647,17.11985,
EOSS-339,AE0SS-12,2023-04-22 08:06:28.265,2023-04-22 08:06:27,80240.0,1030.0,4080.0,ascending,/140627h3918.05N/10319.88WO163/011EOSS Balloon  www.eoss.org/A=080240!W23!,"AE0SS-12>APTT4,EOSS,qAO,W0ARP-2:/140627h3918.05N/10319.88WO163/011EOSS Balloon  www.eoss.org/A=080240!W23!",163.0,13.0,39.3008666667,-103.3313833333,43.37,,,,,-5.333e-05,-6.722e-05,17.16666667,low Re,0.032222,18.27717,0.001823,2.797888,0.064003,-0.396908,0.474962,17.064687,
EOSS-339,KC0D-14,2023-04-22 08:06:31.688,2023-04-22 08:06:30,80375.0,1056.0,4083.0,ascending,/140630h3918.04N/10319.89WO225/015/A=080375 23T252P 'EOSS Balloon',"KC0D-14>APZEOS,EOSS,WIDE2-1,qAO,W0ARP-1:/140630h3918.04N/10319.89WO225/015/A=080375 23T252P 'EOSS Balloon'",225.0,17.0,39.3006666667,-103.3315,43.37,275.45,2520.0,6.184e-05,0.03187133,-5.556e-05,-6.667e-05,17.6,low Re,0.014444,18.274624,0.001871,2.792913,0.063886,-0.241549,0.196804,17.044601,
EOSS-339,AE0SS-12,2023-04-22 08:06:58.611,2023-04-22 08:06:57,80765.0,1050.0,4110.0,ascending,/140657h3917.93N/10319.96WO205/018EOSS Balloon  www.eoss.org/A=080765!W37!,"AE0SS-12>APTT4,EOSS,qAO,AE0SS-1:/140657h3917.93N/10319.96WO205/018EOSS Balloon  www.eoss.org/A=080765!W37!",205.0,21.0,39.2988833333,-103.3327833333,43.37,,,,,-4.667e-05,-6.611e-05,17.5,low Re,-0.003333,18.271723,0.001852,2.788061,0.063767,-0.276796,-0.081312,16.983985,
EOSS-339,KC0D-14,2023-04-22 08:07:01.680,2023-04-22 08:07:00,80902.0,1054.0,4113.0,ascending,/140700h3917.92N/10319.97WO200/012/A=080902 26T246P 'EOSS Balloon',"KC0D-14>APZEOS,EOSS,WIDE2-1,qAO,W0ARP-1:/140700h3917.92N/10319.97WO200/012/A=080902 26T246P 'EOSS Balloon'",200.0,14.0,39.2986666667,-103.3328333333,43.38,275.75,2460.0,6.03e-05,0.03107864,-4.444e-05,-6.667e-05,17.56666667,low Re,0.002222,18.269092,0.001853,2.783168,0.063647,-0.252383,0.005798,16.961963,
EOSS-339,AE0SS-12,2023-04-22 08:07:28.515,2023-04-22 08:07:27,81313.0,1096.0,4140.0,ascending,/140727h3917.81N/10320.03WO222/015EOSS Balloon  www.eoss.org/A=081313!W72!,"AE0SS-12>APTT4,EOSS,qAO,W0ARP-2:/140727h3917.81N/10320.03WO222/015EOSS Balloon  www.eoss.org/A=081313!W72!",222.0,17.0,39.29695,-103.3338666667,43.39,,,,,-3.611e-05,-6.444e-05,18.26666667,low Re,0.023333,18.269083,0.001933,2.777971,0.063541,-0.00087,0.33679,16.894499,
EOSS-339,KC0D-14,2023-04-22 08:07:31.658,2023-04-22 08:07:30,81449.0,1094.0,4143.0,ascending,/140730h3917.80N/10320.04WO188/017/A=081449 26T239P 'EOSS Balloon',"KC0D-14>APZEOS,EOSS,WIDE2-1,qAO,W0ARP-1:/140730h3917.80N/10320.04WO188/017/A=081449 26T239P 'EOSS Balloon'",188.0,20.0,39.2966666667,-103.334,43.39,275.75,2390.0,5.859e-05,0.03019429,-3.889e-05,-6.667e-05,18.23333333,low Re,-0.001111,18.268951,0.001922,2.772803,0.063422,-0.012845,-0.047823,16.871938,
EOSS-339,AE0SS-12,2023-04-22 08:07:58.236,2023-04-22 08:07:57,81870.0,1114.0,4170.0,ascending,/140757h3917.69N/10320.10WO200/016EOSS Balloon  www.eoss.org/A=081870!W70!,"AE0SS-12>APTT4,EOSS,qAO,W0ARP-2:/140757h3917.69N/10320.10WO200/016EOSS Balloon  www.eoss.org/A=081870!W70!",200.0,18.0,39.29495,-103.335,43.4,,,,,-3.778e-05,-6.667e-05,18.56666667,low Re,0.011111,18.270049,0.001956,2.767723,0.063307,0.10717,0.144613,16.802393,
EOSS-339,KC0D-14,2023-04-22 08:08:01.709,2023-04-22 08:08:00,82009.0,1120.0,4173.0,ascending,/140800h3917.69N/10320.12WO224/017/A=082009 29T232P 'EOSS Balloon',"KC0D-14>APZEOS,EOSS,WIDE2-1,qAO,W0ARP-1:/140800h3917.69N/10320.12WO224/017/A=082009 29T232P 'EOSS Balloon'",224.0,20.0,39.2948333333,-103.3353333333,43.39,276.05,2320.0,5.681e-05,0.02927809,-4.444e-05,-6.111e-05,18.66666667,low Re,0.003333,18.271507,0.001961,2.762716,0.06319,0.143033,0.021712,16.779789,
EOSS-339,AE0SS-12,2023-04-22 08:08:28.200,2023-04-22 08:08:27,82389.0,1038.0,4200.0,ascending,/140827h3917.61N/10320.25WO216/013EOSS Balloon  www.eoss.org/A=082389!W06!,"AE0SS-12>APTT4,EOSS,qAO,W0ARP-2:/140827h3917.61N/10320.25WO216/013EOSS Balloon  www.eoss.org/A=082389!W06!",216.0,15.0,39.2935,-103.3376,43.33,,,,,-8.667e-05,-4.833e-05,17.3,low Re,-0.045556,18.267949,0.001786,2.75826,0.063139,-0.350927,-0.749806,16.719806,
EOSS-339,KC0D-14,2023-04-22 08:08:31.685,2023-04-22 08:08:30,82526.0,1034.0,4203.0,ascending,/140830h3917.60N/10320.27WO232/018/A=082526 30T226P 'EOSS Balloon',"KC0D-14>APZEOS,EOSS,WIDE2-1,qAO,W0ARP-1:/140830h3917.60N/10320.27WO232/018/A=082526 30T226P 'EOSS Balloon'",232.0,21.0,39.2933333333,-103.3378333333,43.33,276.15,2260.0,5.532e-05,0.02851057,-8.333e-05,-5e-05,17.23333333,low Re,-0.002222,18.264173,0.001771,2.753913,0.063023,-0.374318,-0.063358,16.699063,
EOSS-339,AE0SS-12,2023-04-22 08:08:58.618,2023-04-22 08:08:57,82878.0,978.0,4230.0,ascending,/140857h3917.54N/10320.40WO216/013EOSS Balloon  www.eoss.org/A=082878!W39!,"AE0SS-12>APTT4,EOSS,qAO,N0RPF-6:/140857h3917.54N/10320.40WO216/013EOSS Balloon  www.eoss.org/A=082878!W39!",216.0,15.0,39.2923833333,-103.34015,43.26,,,,,-8.5e-05,-3.722e-05,16.3,low Re,-0.031111,18.25703,0.001651,2.751434,0.062939,-0.711276,-0.520536,16.648655,
EOSS-339,KC0D-14,2023-04-22 08:09:01.670,2023-04-22 08:09:00,82998.0,944.0,4233.0,ascending,/140900h3917.54N/10320.42WO234/014/A=082998 32T221P 'EOSS Balloon',"KC0D-14>APZEOS,EOSS,WIDE2-1,qAO,W0ARP-1:/140900h3917.54N/10320.42WO234/014/A=082998 32T221P 'EOSS Balloon'",234.0,16.0,39.2923333333,-103.3403333333,43.25,276.35,2210.0,5.406e-05,0.02785962,-8.333e-05,-3.333e-05,15.73333333,low Re,-0.018889,18.247886,0.001577,2.750624,0.062836,-0.914175,-0.325705,16.632593,
EOSS-339,AE0SS-12,2023-04-22 08:09:28.284,2023-04-22 08:09:27,83367.0,978.0,4260.0,ascending,/140927h3917.50N/10320.55WO260/018EOSS Balloon  www.eoss.org/A=083367!W27!,"AE0SS-12>APTT4,EOSS,qAO,W0ARP-1:/140927h3917.50N/10320.55WO260/018EOSS Balloon  www.eoss.org/A=083367!W27!",260.0,21.0,39.2917,-103.3426166667,43.17,,,,,-8.222e-05,-2.278e-05,16.3,low Re,0.018889,18.240854,0.00164,2.74813,0.06273,-0.706245,0.274972,16.587513,
EOSS-339,KC0D-14,2023-04-22 08:09:31.708,2023-04-22 08:09:30,83491.0,986.0,4263.0,ascending,/140930h3917.50N/10320.58WO262/021/A=083491 33T215P 'EOSS Balloon',"KC0D-14>APZEOS,EOSS,WIDE2-1,qAO,W0ARP-1:/140930h3917.50N/10320.58WO262/021/A=083491 33T215P 'EOSS Balloon'",262.0,24.0,39.2916666667,-103.343,43.15,276.45,2150.0,5.257e-05,0.02709345,-8.889e-05,-2.222e-05,16.43333333,low Re,0.004444,18.234353,0.00165,2.745306,0.062617,-0.656036,0.04462,16.574003,
EOSS-339,AE0SS-12,2023-04-22 08:09:58.231,2023-04-22 08:09:57,83856.0,978.0,4290.0,ascending,/140957h3917.49N/10320.74WO268/014EOSS Balloon  www.eoss.org/A=083856!W94!,"AE0SS-12>APTT4,EOSS,qAO,W0ARP-2:/140957h3917.49N/10320.74WO268/014EOSS Balloon  www.eoss.org/A=083856!W94!",268.0,16.0,39.29165,-103.3457333333,43.02,,,,,-0.00010389,-1.67e-06,16.3,low Re,-0.004444,18.227419,0.001628,2.74281,0.062505,-0.702717,-0.097144,16.539714,
EOSS-339,KC0D-14,2023-04-22 08:10:01.685,2023-04-22 08:10:00,83978.0,974.0,4293.0,ascending,/141000h3917.50N/10320.76WO278/014/A=083978 36T210P 'EOSS Balloon',"KC0D-14>APZEOS,EOSS,WIDE2-1,qAO,W0ARP-1:/141000h3917.50N/10320.76WO278/014/A=083978 36T210P 'EOSS Balloon'",278.0,16.0,39.2916666667,-103.346,43.01,276.75,2100.0,5.129e-05,0.02643468,-0.0001,0.0,16.23333333,low Re,-0.002222,18.220298,0.001614,2.740483,0.062393,-0.725042,-0.061481,16.530232,
EOSS-339,AE0SS-12,2023-04-22 08:10:28.478,2023-04-22 08:10:27,84335.0,958.0,4320.0,ascending,/141027h3917.53N/10320.90WO295/012EOSS Balloon  www.eoss.org/A=084335!W73!,"AE0SS-12>APTT4,EOSS,qAO,W0ARP-2:/141027h3917.53N/10320.90WO295/012EOSS Balloon  www.eoss.org/A=084335!W73!",295.0,14.0,39.2922833333,-103.3483833333,42.88,,,,,-8.833e-05,2.111e-05,15.96666667,low Re,-0.008889,18.212278,0.001576,2.738886,0.062284,-0.8199,-0.168021,16.508754,
EOSS-339,KC0D-14,2023-04-22 08:10:31.690,2023-04-22 08:10:30,84456.0,956.0,4323.0,ascending,/141030h3917.54N/10320.91WO301/009/A=084456 37T205P 'EOSS Balloon',"KC0D-14>APZEOS,EOSS,WIDE2-1,qAO,W0ARP-1:/141030h3917.54N/10320.91WO301/009/A=084456 37T205P 'EOSS Balloon'",301.0,10.0,39.2923333333,-103.3485,42.87,276.85,2050.0,5.005e-05,0.02579597,-8.333e-05,2.222e-05,15.93333333,low Re,-0.001111,18.204196,0.001567,2.737374,0.062173,-0.829577,-0.043073,16.503719,
EOSS-339,AE0SS-12,2023-04-22 08:10:58.565,2023-04-22 08:10:57,84814.0,958.0,4350.0,ascending,/141057h3917.56N/10320.99WO270/012EOSS Balloon  www.eoss.org/A=084814!W58!,"AE0SS-12>APTT4,EOSS,qAO,W9CN-9:/141057h3917.56N/10320.99WO270/012EOSS Balloon  www.eoss.org/A=084814!W58!",270.0,14.0,39.29275,-103.3499666667,42.79,,,,,-5.278e-05,1.556e-05,15.96666667,low Re,0.001111,18.19629,0.001565,2.735752,0.062062,-0.814995,-0.007315,16.49593,
EOSS-339,KC0D-14,2023-04-22 08:11:01.675,2023-04-22 08:11:00,84950.0,988.0,4353.0,ascending,/141100h3917.57N/10321.01WO302/009/A=084950 40T200P 'EOSS Balloon',"KC0D-14>APZEOS,EOSS,WIDE2-1,qAO,W0ARP-1:/141100h3917.57N/10321.01WO302/009/A=084950 40T200P 'EOSS Balloon'",302.0,10.0,39.2928333333,-103.3501666667,42.78,277.15,2000.0,4.878e-05,0.02513955,-5.556e-05,1.667e-05,16.46666667,low Re,0.016667,18.1902,0.001619,2.732842,0.061958,-0.630674,0.242874,16.495866,
EOSS-339,AE0SS-12,2023-04-22 08:11:28.300,2023-04-22 08:11:27,85339.0,1050.0,4380.0,ascending,/141127h3917.56N/10321.10WO224/012EOSS Balloon  www.eoss.org/A=085339!W40!,"AE0SS-12>APTT4,EOSS,qAO,W0ARP-2:/141127h3917.56N/10321.10WO224/012EOSS Balloon  www.eoss.org/A=085339!W40!",224.0,14.0,39.2927333333,-103.3516666667,42.71,,,,,-5.667e-05,-5.6e-07,17.5,low Re,0.034444,18.187778,0.001734,2.728333,0.06188,-0.252087,0.528604,16.504848,
EOSS-339,KC0D-14,2023-04-22 08:11:31.805,2023-04-22 08:11:30,85474.0,1048.0,4383.0,ascending,/141130h3917.56N/10321.11WO219/006/A=085474 41T194P 'EOSS Balloon',"KC0D-14>APZEOS,EOSS,WIDE2-1,qAO,W0ARP-1:/141130h3917.56N/10321.11WO219/006/A=085474 41T194P 'EOSS Balloon'",219.0,7.0,39.2926666667,-103.3518333333,42.71,277.25,1940.0,4.73e-05,0.02437657,-5.556e-05,-5.56e-06,17.46666667,low Re,-0.001111,18.185256,0.001724,2.723876,0.061771,-0.263811,-0.045895,16.511205,
EOSS-339,AE0SS-12,2023-04-22 08:11:58.484,2023-04-22 08:11:57,85867.0,1056.0,4410.0,ascending,/141157h3917.53N/10321.16WO285/010EOSS Balloon  www.eoss.org/A=085867!W90!,"AE0SS-12>APTT4,EOSS,qAO,W0ARP-2:/141157h3917.53N/10321.16WO285/010EOSS Balloon  www.eoss.org/A=085867!W90!",285.0,12.0,39.2923166667,-103.3526666667,42.68,,,,,-3.333e-05,-1.389e-05,17.6,low Re,0.004444,18.183217,0.001734,2.719329,0.061663,-0.214471,0.043949,16.539329,
EOSS-339,KC0D-14,2023-04-22 08:12:01.677,2023-04-22 08:12:00,85997.0,1046.0,4413.0,ascending,/141200h3917.54N/10321.17WO266/007/A=085997 44T190P 'EOSS Balloon',"KC0D-14>APZEOS,EOSS,WIDE2-1,qAO,W0ARP-1:/141200h3917.54N/10321.17WO266/007/A=085997 44T190P 'EOSS Balloon'",266.0,8.0,39.2923333333,-103.3528333333,42.67,277.55,1900.0,4.627e-05,0.02384816,-3.333e-05,-1.111e-05,17.43333333,low Re,-0.005556,18.180613,0.001708,2.714947,0.061556,-0.275247,-0.118006,16.551773,
EOSS-339,AE0SS-12,2023-04-22 08:12:28.279,2023-04-22 08:12:27,86405.0,1076.0,4440.0,ascending,/141227h3917.52N/10321.27WO283/018EOSS Balloon  www.eoss.org/A=086405!W95!,"AE0SS-12>APTT4,EOSS,qAO,W0ARP-2:/141227h3917.52N/10321.27WO283/018EOSS Balloon  www.eoss.org/A=086405!W95!",283.0,21.0,39.29215,-103.3545833333,42.6,,,,,-6.389e-05,-5.56e-06,17.93333333,low Re,0.016667,18.179758,0.00176,2.710268,0.061455,-0.090923,0.242568,16.60073,
EOSS-339,KC0D-14,2023-04-22 08:12:31.681,2023-04-22 08:12:30,86537.0,1080.0,4443.0,ascending,/141230h3917.53N/10321.29WO260/016/A=086537 45T185P 'EOSS Balloon',"KC0D-14>APZEOS,EOSS,WIDE2-1,qAO,W0ARP-1:/141230h3917.53N/10321.29WO260/016/A=086537 45T185P 'EOSS Balloon'",260.0,18.0,39.2921666667,-103.3548333333,42.59,277.65,1850.0,4.504e-05,0.02321221,-6.667e-05,-5.56e-06,18.0,low Re,0.002222,18.179138,0.001762,2.705596,0.061348,-0.06621,0.007498,16.619681,
EOSS-339,AE0SS-12,2023-04-22 08:12:58.381,2023-04-22 08:12:57,86924.0,1038.0,4470.0,ascending,/141257h3917.53N/10321.42WO252/014EOSS Balloon  www.eoss.org/A=086924!W80!,"AE0SS-12>APTT4,EOSS,qAO,W0ARP-2:/141257h3917.53N/10321.42WO252/014EOSS Balloon  www.eoss.org/A=086924!W80!",252.0,16.0,39.2923,-103.357,42.49,,,,,-8.056e-05,5e-06,17.3,low Re,-0.023333,18.176117,0.001675,2.701419,0.06126,-0.324317,-0.408227,16.683415,
EOSS-339,KC0D-14,2023-04-22 08:13:01.631,2023-04-22 08:13:00,87052.0,1030.0,4473.0,ascending,/141300h3917.54N/10321.44WO281/016/A=087052 48T180P 'EOSS Balloon',"KC0D-14>APZEOS,EOSS,WIDE2-1,qAO,W0ARP-1:/141300h3917.54N/10321.44WO281/016/A=087052 48T180P 'EOSS Balloon'",281.0,18.0,39.2923333333,-103.3573333333,42.47,277.95,1800.0,4.377e-05,0.02256048,-8.333e-05,5.56e-06,17.16666667,low Re,-0.004444,18.17266,0.001654,2.69742,0.061155,-0.372946,-0.099714,16.706994,
EOSS-339,AE0SS-12,2023-04-22 08:13:28.328,2023-04-22 08:13:27,87442.0,1036.0,4500.0,ascending,/141327h3917.52N/10321.58WO264/022EOSS Balloon  www.eoss.org/A=087442!W71!,"AE0SS-12>APTT4,EOSS,qAO,W0ARP-2:/141327h3917.52N/10321.58WO264/022EOSS Balloon  www.eoss.org/A=087442!W71!",264.0,25.0,39.2921166667,-103.3596833333,42.37,,,,,-8.944e-05,-6.11e-06,17.26666667,low Re,0.003333,18.169568,0.00166,2.693317,0.06105,-0.335238,0.027404,16.785494,
EOSS-339,KC0D-14,2023-04-22 08:13:31.714,2023-04-22 08:13:30,87577.0,1050.0,4503.0,ascending,/141330h3917.52N/10321.60WO261/019/A=087577 49T175P 'EOSS Balloon',"KC0D-14>APZEOS,EOSS,WIDE2-1,qAO,W0ARP-1:/141330h3917.52N/10321.60WO261/019/A=087577 49T175P 'EOSS Balloon'",261.0,22.0,39.292,-103.36,42.36,278.05,1750.0,4.254e-05,0.02192591,-8.889e-05,-1.111e-05,17.5,low Re,0.007778,18.16729,0.001681,2.689001,0.060946,-0.248155,0.100039,16.814699,
EOSS-339,AE0SS-12,2023-04-22 08:13:58.312,2023-04-22 08:13:57,87944.0,1004.0,4530.0,ascending,/141357h3917.50N/10321.74WO246/012EOSS Balloon  www.eoss.org/A=087944!W01!,"AE0SS-12>APTT4,EOSS,qAO,W0ARP-2:/141357h3917.50N/10321.74WO246/012EOSS Balloon  www.eoss.org/A=087944!W01!",246.0,14.0,39.2916666667,-103.36235,42.26,,,,,-8.889e-05,-1.5e-05,16.73333333,low Re,-0.025556,18.162429,0.001588,2.685722,0.060863,-0.532109,-0.445985,16.898098,
EOSS-339,KC0D-14,2023-04-22 08:14:01.695,2023-04-22 08:14:00,88070.0,986.0,4533.0,ascending,/141400h3917.50N/10321.76WO252/017/A=088070 52T171P 'EOSS Balloon',"KC0D-14>APZEOS,EOSS,WIDE2-1,qAO,W0ARP-1:/141400h3917.50N/10321.76WO252/017/A=088070 52T171P 'EOSS Balloon'",252.0,20.0,39.2916666667,-103.3626666667,42.25,278.35,1710.0,4.153e-05,0.02140165,-8.889e-05,-1.111e-05,16.43333333,low Re,-0.01,18.156588,0.001549,2.683049,0.060763,-0.642275,-0.190066,16.927733,
EOSS-339,AE0SS-12,2023-04-22 08:14:28.246,2023-04-22 08:14:27,88436.0,984.0,4560.0,ascending,/141427h3917.47N/10321.85WO251/011EOSS Balloon  www.eoss.org/A=088436!W68!,"AE0SS-12>APTT4,EOSS,qAO,W0ARP-2:/141427h3917.47N/10321.85WO251/011EOSS Balloon  www.eoss.org/A=088436!W68!",251.0,13.0,39.2912666667,-103.3643,42.19,,,,,-6.5e-05,-1.333e-05,16.4,low Re,-0.001111,18.150673,0.00154,2.680451,0.06066,-0.653126,-0.043703,17.015164,
EOSS-339,KC0D-14,2023-04-22 08:14:31.724,2023-04-22 08:14:30,88556.0,972.0,4563.0,ascending,/141430h3917.47N/10321.87WO245/014/A=088556 53T167P 'EOSS Balloon',"KC0D-14>APZEOS,EOSS,WIDE2-1,qAO,W0ARP-1:/141430h3917.47N/10321.87WO245/014/A=088556 53T167P 'EOSS Balloon'",245.0,16.0,39.2911666667,-103.3645,42.18,278.45,1670.0,4.054e-05,0.02089352,-6.111e-05,-1.667e-05,16.2,low Re,-0.006667,18.144128,0.001512,2.67832,0.06056,-0.725876,-0.135056,17.04387,
EOSS-339,AE0SS-12,2023-04-22 08:14:58.528,2023-04-22 08:14:57,88915.0,958.0,4590.0,ascending,/141457h3917.43N/10321.93WO239/012EOSS Balloon  www.eoss.org/A=088915!W44!,"AE0SS-12>APTT4,EOSS,qAO,W0ARP-2:/141457h3917.43N/10321.93WO239/012EOSS Balloon  www.eoss.org/A=088915!W44!",239.0,14.0,39.2905666667,-103.3655666667,42.16,,,,,-4.222e-05,-2.333e-05,15.96666667,low Re,-0.007778,18.136845,0.001481,2.676786,0.06046,-0.81074,-0.153143,17.128095,
EOSS-339,KC0D-14,2023-04-22 08:15:01.697,2023-04-22 08:15:00,89033.0,954.0,4593.0,ascending,/141500h3917.43N/10321.95WO257/010/A=089033 56T162P 'EOSS Balloon',"KC0D-14>APZEOS,EOSS,WIDE2-1,qAO,W0ARP-1:/141500h3917.43N/10321.95WO257/010/A=089033 56T162P 'EOSS Balloon'",257.0,12.0,39.2905,-103.3658333333,42.15,278.75,1620.0,3.928e-05,0.02024616,-4.444e-05,-2.222e-05,15.9,low Re,-0.002222,18.129389,0.001469,2.675425,0.060359,-0.833284,-0.061151,17.154796,
EOSS-339,AE0SS-12,2023-04-22 08:15:28.398,2023-04-22 08:15:27,89408.0,986.0,4620.0,ascending,/141527h3917.41N/10322.00WO231/013EOSS Balloon  www.eoss.org/A=089408!W66!,"AE0SS-12>APTT4,EOSS,qAO,W0ARP-2:/141527h3917.41N/10322.00WO231/013EOSS Balloon  www.eoss.org/A=089408!W66!",231.0,15.0,39.2902666667,-103.3667666667,42.11,,,,,-4e-05,-1e-05,16.43333333,low Re,0.017778,18.123754,0.001523,2.67275,0.060265,-0.632465,0.269725,17.234217,
EOSS-339,KC0D-14,2023-04-22 08:15:31.697,2023-04-22 08:15:30,89522.0,978.0,4623.0,ascending,/141530h3917.41N/10322.02WO222/013/A=089522 57T158P 'EOSS Balloon',"KC0D-14>APZEOS,EOSS,WIDE2-1,qAO,W0ARP-1:/141530h3917.41N/10322.02WO222/013/A=089522 57T158P 'EOSS Balloon'",222.0,15.0,39.2901666667,-103.367,42.11,278.85,1580.0,3.83e-05,0.01973917,-3.889e-05,-1.111e-05,16.3,low Re,-0.004444,18.117715,0.001503,2.67037,0.060166,-0.680698,-0.098843,17.256221,
EOSS-339,AE0SS-12,2023-04-22 08:15:58.568,2023-04-22 08:15:57,89880.0,944.0,4650.0,ascending,/141557h3917.32N/10322.06WO177/008EOSS Balloon  www.eoss.org/A=089880!W28!,"AE0SS-12>APTT4,EOSS,qAO,W0ARP-2:/141557h3917.32N/10322.06WO177/008EOSS Balloon  www.eoss.org/A=089880!W28!",177.0,9.0,39.2887,-103.3678,42.12,,,,,-3.444e-05,-5.222e-05,15.73333333,low Re,-0.018889,18.109846,0.001436,2.669462,0.060077,-0.890259,-0.338316,17.316624,
EOSS-339,KC0D-14,2023-04-22 08:16:01.723,2023-04-22 08:16:00,90015.0,986.0,4653.0,ascending,/141600h3917.31N/10322.07WO204/011/A=090015 61T154P 'EOSS Balloon',"KC0D-14>APZEOS,EOSS,WIDE2-1,qAO,W0ARP-1:/141600h3917.31N/10322.07WO204/011/A=090015 61T154P 'EOSS Balloon'",204.0,13.0,39.2885,-103.3678333333,42.13,279.25,1540.0,3.728e-05,0.01921189,-2.778e-05,-5.556e-05,16.43333333,low Re,0.023333,18.104331,0.001508,2.666787,0.059991,-0.626596,0.363805,17.335333,
EOSS-339,AE0SS-12,2023-04-22 08:16:28.427,2023-04-22 08:16:27,90402.0,1044.0,4680.0,ascending,/141627h3917.26N/10322.10WO193/005EOSS Balloon  www.eoss.org/A=090402!W79!,"AE0SS-12>APTT4,EOSS,qAO,W0ARP-2:/141627h3917.26N/10322.10WO193/005EOSS Balloon  www.eoss.org/A=090402!W79!",193.0,6.0,39.2877833333,-103.3684833333,42.12,,,,,-2.278e-05,-3.056e-05,17.4,low Re,0.032222,18.102022,0.001609,2.662703,0.059918,-0.26365,0.510915,17.373736,
EOSS-339,KC0D-14,2023-04-22 08:16:31.738,2023-04-22 08:16:30,90523.0,1016.0,4683.0,ascending,/141630h3917.27N/10322.11WO150/003/A=090523 62T151P 'EOSS Balloon',"KC0D-14>APZEOS,EOSS,WIDE2-1,qAO,W0ARP-1:/141630h3917.27N/10322.11WO150/003/A=090523 62T151P 'EOSS Balloon'",150.0,3.0,39.2878333333,-103.3685,42.12,279.35,1510.0,3.654e-05,0.01883088,-2.222e-05,-2.222e-05,16.93333333,low Re,-0.015556,18.098203,0.001553,2.659173,0.059827,-0.438057,-0.285975,17.380467,
EOSS-339,AE0SS-12,2023-04-22 08:16:58.254,2023-04-22 08:16:57,90927.0,1050.0,4710.0,ascending,/141657h3917.26N/10322.10WO127/010EOSS Balloon  www.eoss.org/A=090927!W08!,"AE0SS-12>APTT4,EOSS,qAO,W0ARP-2:/141657h3917.26N/10322.10WO127/010EOSS Balloon  www.eoss.org/A=090927!W08!",127.0,12.0,39.2876666667,-103.3684666667,42.13,,,,,5.6e-07,-3.89e-06,17.5,low Re,0.018889,18.096254,0.001609,2.655044,0.059737,-0.224574,0.289268,17.38165,
EOSS-339,KC0D-14,2023-04-22 08:17:01.678,2023-04-22 08:17:00,91056.0,1066.0,4713.0,ascending,/141700h3917.26N/10322.10WO130/008/A=091056 65T147P 'EOSS Balloon',"KC0D-14>APZEOS,EOSS,WIDE2-1,qAO,W0ARP-1:/141700h3917.26N/10322.10WO130/008/A=091056 65T147P 'EOSS Balloon'",130.0,9.0,39.2876666667,-103.3683333333,42.14,279.65,1470.0,3.553e-05,0.01831239,5.56e-06,-5.56e-06,17.76666667,low Re,0.008889,18.095184,0.001633,2.650783,0.059641,-0.123932,0.121661,17.374438,
EOSS-339,AE0SS-12,2023-04-22 08:17:28.469,2023-04-22 08:17:27,91468.0,1082.0,4740.0,ascending,/141727h3917.19N/10322.07WO162/007EOSS Balloon  www.eoss.org/A=091468!W63!,"AE0SS-12>APTT4,EOSS,qAO,W0ARP-2:/141727h3917.19N/10322.07WO162/007EOSS Balloon  www.eoss.org/A=091468!W63!",162.0,8.0,39.2866,-103.3678833333,42.19,,,,,1.944e-05,-3.556e-05,18.03333333,low Re,0.008889,18.094984,0.001657,2.646479,0.059545,-0.023295,0.121454,17.323816,
EOSS-339,KC0D-14,2023-04-22 08:17:31.697,2023-04-22 08:17:30,91608.0,1104.0,4743.0,ascending,/141730h3917.19N/10322.06WO148/012/A=091608 66T142P 'EOSS Balloon',"KC0D-14>APZEOS,EOSS,WIDE2-1,qAO,W0ARP-1:/141730h3917.19N/10322.06WO148/012/A=091608 66T142P 'EOSS Balloon'",148.0,14.0,39.2865,-103.3676666667,42.21,279.75,1420.0,3.431e-05,0.01768319,2.222e-05,-3.889e-05,18.4,low Re,0.012222,18.095968,0.001691,2.64225,0.059451,0.115066,0.177137,17.296391,
EOSS-339,AE0SS-12,2023-04-22 08:17:58.372,2023-04-22 08:17:57,92003.0,1070.0,4770.0,ascending,/141757h3917.13N/10321.97WO099/012EOSS Balloon  www.eoss.org/A=092003!W50!,"AE0SS-12>APTT4,EOSS,qAO,W0ARP-2:/141757h3917.13N/10321.97WO099/012EOSS Balloon  www.eoss.org/A=092003!W50!",99.0,14.0,39.2855833333,-103.3661666667,42.31,,,,,5.722e-05,-3.389e-05,17.83333333,low Re,-0.018889,18.095123,0.001625,2.638027,0.059367,-0.099237,-0.345546,17.189012,
EOSS-339,KC0D-14,2023-04-22 08:18:01.731,2023-04-22 08:18:00,92130.0,1044.0,4773.0,ascending,/141800h3917.13N/10321.96WO104/015/A=092130 70T139P 'EOSS Balloon',"KC0D-14>APZEOS,EOSS,WIDE2-1,qAO,W0ARP-1:/141800h3917.13N/10321.96WO104/015/A=092130 70T139P 'EOSS Balloon'",104.0,17.0,39.2855,-103.366,42.32,280.15,1390.0,3.354e-05,0.01728489,5.556e-05,-3.333e-05,17.4,low Re,-0.014444,18.092895,0.001573,2.634076,0.059278,-0.26305,-0.270201,17.144757,
EOSS-339,AE0SS-12,2023-04-22 08:18:28.398,2023-04-22 08:18:27,92528.0,1050.0,4800.0,ascending,/141827h3917.05N/10321.84WO136/019EOSS Balloon  www.eoss.org/A=092528!W08!,"AE0SS-12>APTT4,EOSS,qAO,W0ARP-2:/141827h3917.05N/10321.84WO136/019EOSS Balloon  www.eoss.org/A=092528!W08!",136.0,22.0,39.2841666667,-103.3641333333,42.45,,,,,6.778e-05,-4.722e-05,17.5,low Re,0.003333,18.091001,0.001579,2.630065,0.059183,-0.22471,0.029637,16.974717,
EOSS-339,KC0D-14,2023-04-22 08:18:31.653,2023-04-22 08:18:30,92659.0,1058.0,4803.0,ascending,/141830h3917.04N/10321.83WO128/017/A=092659 71T135P 'EOSS Balloon',"KC0D-14>APZEOS,EOSS,WIDE2-1,qAO,W0ARP-1:/141830h3917.04N/10321.83WO128/017/A=092659 71T135P 'EOSS Balloon'",128.0,20.0,39.284,-103.3638333333,42.47,280.25,1350.0,3.256e-05,0.01678149,7.222e-05,-5e-05,17.63333333,low Re,0.004444,18.089544,0.001588,2.625987,0.059088,-0.173729,0.048335,16.908394,
EOSS-339,AE0SS-12,2023-04-22 08:18:58.222,2023-04-22 08:18:57,93020.0,984.0,4830.0,ascending,/141857h3916.94N/10321.75WO148/016EOSS Balloon  www.eoss.org/A=093020!W34!,"AE0SS-12>APTT4,EOSS,qAO,W0ARP-2:/141857h3916.94N/10321.75WO148/016EOSS Balloon  www.eoss.org/A=093020!W34!",148.0,18.0,39.2823833333,-103.3625666667,42.59,,,,,5.222e-05,-5.944e-05,16.4,low Re,-0.041111,18.08418,0.001452,2.62353,0.059043,-0.641952,-0.720881,16.700069,
EOSS-339,KC0D-14,2023-04-22 08:19:01.742,2023-04-22 08:19:00,93148.0,978.0,4833.0,ascending,/141900h3916.93N/10321.74WO137/016/A=093148 74T132P 'EOSS Balloon',"KC0D-14>APZEOS,EOSS,WIDE2-1,qAO,W0ARP-1:/141900h3916.93N/10321.74WO137/016/A=093148 74T132P 'EOSS Balloon'",137.0,18.0,39.2821666667,-103.3623333333,42.61,280.55,1320.0,3.18e-05,0.01639102,5e-05,-6.111e-05,16.3,low Re,-0.003333,18.078534,0.001437,2.621285,0.058949,-0.678497,-0.080917,16.61768,
EOSS-339,AE0SS-12,2023-04-22 08:19:28.381,2023-04-22 08:19:27,93496.0,952.0,4860.0,ascending,/141927h3916.83N/10321.65WO169/019EOSS Balloon  www.eoss.org/A=093496!W97!,"AE0SS-12>APTT4,EOSS,qAO,W0ARP-2:/141927h3916.83N/10321.65WO169/019EOSS Balloon  www.eoss.org/A=093496!W97!",169.0,22.0,39.28065,-103.36095,42.73,,,,,5.389e-05,-5.778e-05,15.86666667,low Re,-0.014444,18.071556,0.001386,2.620081,0.058862,-0.841535,-0.268934,16.373827,
EOSS-339,KC0D-14,2023-04-22 08:19:31.645,2023-04-22 08:19:30,93622.0,948.0,4863.0,ascending,/141930h3916.82N/10321.65WO162/016/A=093622 75T129P 'EOSS Balloon',"KC0D-14>APZEOS,EOSS,WIDE2-1,qAO,W0ARP-1:/141930h3916.82N/10321.65WO162/016/A=093622 75T129P 'EOSS Balloon'",162.0,18.0,39.2803333333,-103.3608333333,42.74,280.65,1290.0,3.107e-05,0.01601279,5e-05,-6.111e-05,15.8,low Re,-0.002222,18.064413,0.001375,2.619044,0.058769,-0.864595,-0.061206,16.279362,
EOSS-339,AE0SS-12,2023-04-22 08:19:58.326,2023-04-22 08:19:57,93955.0,918.0,4890.0,ascending,/141957h3916.74N/10321.63WO168/007EOSS Balloon  www.eoss.org/A=093955!W55!,"AE0SS-12>APTT4,EOSS,qAO,W0ARP-2:/141957h3916.74N/10321.63WO168/007EOSS Balloon  www.eoss.org/A=093955!W55!",168.0,8.0,39.2790833333,-103.3605833333,42.8,,,,,1.222e-05,-5.222e-05,15.3,low Re,-0.016667,18.055747,0.001318,2.6195,0.058685,-1.052013,-0.306467,16.018394,
EOSS-339,KC0D-14,2023-04-22 08:20:01.632,2023-04-22 08:20:00,94085.0,926.0,4893.0,ascending,/142000h3916.74N/10321.63WO167/011/A=094085 79T125P 'EOSS Balloon',"KC0D-14>APZEOS,EOSS,WIDE2-1,qAO,W0ARP-1:/142000h3916.74N/10321.63WO167/011/A=094085 79T125P 'EOSS Balloon'",167.0,13.0,39.279,-103.3605,42.81,281.05,1250.0,3.006e-05,0.01549419,1.111e-05,-4.444e-05,15.43333333,low Re,0.004444,18.047552,0.001328,2.619496,0.058593,-0.997985,0.05318,15.913708,
EOSS-339,AE0SS-12,2023-04-22 08:20:28.682,2023-04-22 08:20:27,94418.0,926.0,4920.0,ascending,/142027h3916.66N/10321.63WO191/009EOSS Balloon  www.eoss.org/A=094418!W04!,"AE0SS-12>APTT4,EOSS,qAO,AE0SS-1:/142027h3916.66N/10321.63WO191/009EOSS Balloon  www.eoss.org/A=094418!W04!",191.0,10.0,39.2776666667,-103.3605666667,42.85,,,,,5.6e-07,-4.722e-05,15.43333333,low Re,0.0,18.039408,0.001324,2.619467,0.058501,-0.994887,-0.022632,15.645464,
EOSS-339,KC0D-14,2023-04-22 08:20:31.977,2023-04-22 08:20:30,94542.0,914.0,4923.0,ascending,/142030h3916.65N/10321.64WO194/011/A=094542 80T122P 'EOSS Balloon',"KC0D-14>APZEOS,EOSS,WIDE2-1,qAO,W0ARP-1:/142030h3916.65N/10321.64WO194/011/A=094542 80T122P 'EOSS Balloon'",194.0,13.0,39.2775,-103.3606666667,42.86,281.15,1220.0,2.933e-05,0.01511695,-5.56e-06,-5e-05,15.23333333,low Re,-0.006667,18.030694,0.001299,2.620054,0.058412,-1.067673,-0.136376,15.547888,
EOSS-339,AE0SS-12,2023-04-22 08:20:58.307,2023-04-22 08:20:57,94877.0,918.0,4950.0,ascending,/142057h3916.57N/10321.61WO151/009EOSS Balloon  www.eoss.org/A=094877!W34!,"AE0SS-12>APTT4,EOSS,qAO,W0ARP-2:/142057h3916.57N/10321.61WO151/009EOSS Balloon  www.eoss.org/A=094877!W34!",151.0,10.0,39.2762166667,-103.3602333333,42.92,,,,,1.111e-05,-4.833e-05,15.3,low Re,0.002222,18.022239,0.001302,2.620391,0.058321,-1.038867,0.015775,15.300864,
EOSS-339,KC0D-14,2023-04-22 08:21:01.735,2023-04-22 08:21:00,95008.0,932.0,4953.0,ascending,/142100h3916.57N/10321.61WO179/009/A=095008 83T119P 'EOSS Balloon',"KC0D-14>APZEOS,EOSS,WIDE2-1,qAO,W0ARP-1:/142100h3916.57N/10321.61WO179/009/A=095008 83T119P 'EOSS Balloon'",179.0,10.0,39.2761666667,-103.3601666667,42.93,281.45,1190.0,2.858e-05,0.01472951,1.667e-05,-4.444e-05,15.53333333,low Re,0.007778,18.014558,0.001322,2.619983,0.058231,-0.947038,0.110869,15.214474,
EOSS-339,AE0SS-12,2023-04-22 08:21:28.323,2023-04-22 08:21:27,95353.0,952.0,4980.0,ascending,/142127h3916.49N/10321.56WO134/013EOSS Balloon  www.eoss.org/A=095353!W78!,"AE0SS-12>APTT4,EOSS,qAO,W0ARP-2:/142127h3916.49N/10321.56WO134/013EOSS Balloon  www.eoss.org/A=095353!W78!",134.0,15.0,39.27495,-103.3594666667,43.0,,,,,2.556e-05,-4.222e-05,15.86666667,low Re,0.011111,18.007949,0.001352,2.618649,0.058143,-0.817705,0.167845,15.030203,
EOSS-339,KC0D-14,2023-04-22 08:21:31.679,2023-04-22 08:21:30,95476.0,936.0,4983.0,ascending,/142130h3916.49N/10321.55WO118/013/A=095476 84T116P 'EOSS Balloon',"KC0D-14>APZEOS,EOSS,WIDE2-1,qAO,W0ARP-1:/142130h3916.49N/10321.55WO118/013/A=095476 84T116P 'EOSS Balloon'",118.0,15.0,39.2748333333,-103.3591666667,43.02,281.55,1160.0,2.785e-05,0.01435307,3.333e-05,-4.444e-05,15.6,low Re,-0.008889,18.000562,0.001321,2.618016,0.058056,-0.916939,-0.175865,14.984433,
EOSS-339,AE0SS-12,2023-04-22 08:21:58.323,2023-04-22 08:21:57,95813.0,920.0,5010.0,ascending,/142157h3916.46N/10321.45WO099/008EOSS Balloon  www.eoss.org/A=095813!W29!,"AE0SS-12>APTT4,EOSS,qAO,W0ARP-2:/142157h3916.46N/10321.45WO099/008EOSS Balloon  www.eoss.org/A=095813!W29!",99.0,9.0,39.2743666667,-103.35765,43.11,,,,,6.056e-05,-1.944e-05,15.33333333,low Re,-0.008889,17.992406,0.001289,2.618156,0.05797,-1.015628,-0.175574,14.932711,
EOSS-339,KC0D-14,2023-04-22 08:22:01.734,2023-04-22 08:22:00,95930.0,908.0,5013.0,ascending,/142200h3916.46N/10321.45WO122/009/A=095930 87T114P 'EOSS Balloon',"KC0D-14>APZEOS,EOSS,WIDE2-1,qAO,W0ARP-1:/142200h3916.46N/10321.45WO122/009/A=095930 87T114P 'EOSS Balloon'",122.0,10.0,39.2743333333,-103.3575,43.12,281.85,1140.0,2.734e-05,0.01409059,5.556e-05,-1.667e-05,15.13333333,low Re,-0.006667,17.983689,0.001265,2.618912,0.057882,-1.088374,-0.137037,14.945649,
EOSS-339,AE0SS-12,2023-04-22 08:22:28.932,2023-04-22 08:22:27,96275.0,924.0,5040.0,ascending,/142227h3916.39N/10321.34WO110/022EOSS Balloon  www.eoss.org/A=096275!W80!,"AE0SS-12>APTT4,EOSS,qAO,AE0SS-1:/142227h3916.39N/10321.34WO110/022EOSS Balloon  www.eoss.org/A=096275!W80!",110.0,25.0,39.2733,-103.3556666667,43.24,,,,,6.611e-05,-3.556e-05,15.4,low Re,0.008889,17.975836,0.001288,2.618793,0.057795,-0.983597,0.131517,15.103333,
EOSS-339,KC0D-14,2023-04-22 08:22:31.676,2023-04-22 08:22:30,96404.0,948.0,5043.0,ascending,/142230h3916.39N/10321.32WO108/017/A=096404 88T111P 'EOSS Balloon',"KC0D-14>APZEOS,EOSS,WIDE2-1,qAO,W0ARP-1:/142230h3916.39N/10321.32WO108/017/A=096404 88T111P 'EOSS Balloon'",108.0,20.0,39.2731666667,-103.3553333333,43.26,281.95,1110.0,2.661e-05,0.01371492,7.222e-05,-3.889e-05,15.8,low Re,0.013333,17.969242,0.001325,2.617552,0.057711,-0.828729,0.208071,15.216813,
EOSS-339,AE0SS-12,2023-04-22 08:22:58.777,2023-04-22 08:22:57,96748.0,946.0,5070.0,ascending,/142257h3916.36N/10321.22WO092/006EOSS Balloon  www.eoss.org/A=096748!W32!,"AE0SS-12>APTT4,EOSS,qAO,W9CN-9:/142257h3916.36N/10321.22WO092/006EOSS Balloon  www.eoss.org/A=096748!W32!",92.0,7.0,39.2727166667,-103.3537,43.35,,,,,6.556e-05,-1.944e-05,15.76666667,low Re,-0.001111,17.962588,0.001317,2.616385,0.057623,-0.839296,-0.042136,15.700712,
EOSS-339,KC0D-14,2023-04-22 08:23:01.711,2023-04-22 08:23:00,96875.0,942.0,5073.0,ascending,/142300h3916.36N/10321.21WO075/009/A=096875 92T108P 'EOSS Balloon',"KC0D-14>APZEOS,EOSS,WIDE2-1,qAO,W0ARP-1:/142300h3916.36N/10321.21WO075/009/A=096875 92T108P 'EOSS Balloon'",75.0,10.0,39.2726666667,-103.3535,43.36,282.35,1080.0,2.586e-05,0.01332534,6.111e-05,-1.667e-05,15.7,low Re,-0.002222,17.955773,0.001307,2.61538,0.057536,-0.862503,-0.061336,15.957041,
EOSS-339,AE0SS-12,2023-04-22 08:23:28.393,2023-04-22 08:23:27,97223.0,950.0,5100.0,ascending,/142327h3916.37N/10321.11WO097/011EOSS Balloon  www.eoss.org/A=097223!W71!,"AE0SS-12>APTT4,EOSS,qAO,W0ARP-2:/142327h3916.37N/10321.11WO097/011EOSS Balloon  www.eoss.org/A=097223!W71!",97.0,13.0,39.27295,-103.35185,43.42,,,,,6.167e-05,7.78e-06,15.83333333,low Re,0.004444,17.949399,0.001316,2.614027,0.05745,-0.809504,0.054447,16.921031,
EOSS-339,KC0D-14,2023-04-22 08:24:01.605,2023-04-22 08:24:00,93428.0,-7284.0,0.0,descending,/142400h3916.31N/10321.03WO134/013/A=093428 97T130P 'EOSS Balloon',"KC0D-14>APZEOS,EOSS,WIDE2-1,qAO,W0ARP-1:/142400h3916.31N/10321.03WO134/013/A=093428 97T130P 'EOSS Balloon'",134.0,15.0,39.2718333333,-103.3505,43.52,282.85,1300.0,3.107e-05,0.01601141,3.333e-05,-3.889e-05,-121.4,n/a,,-121.4,,,,,,-121.349212,
EOSS-339,AE0SS-12,2023-04-22 08:24:28.195,2023-04-22 08:24:27,90526.0,-6697.0,27.0,descending,/142427h3916.20N/10320.96WO039/013EOSS Balloon  www.eoss.org/A=090526!W07!,"AE0SS-12>APTT4,EOSS,qAO,W0ARP-1:/142427h3916.20N/10320.96WO039/013EOSS Balloon  www.eoss.org/A=090526!W07!",39.0,15.0,39.27,-103.34945,43.64,,,,,4e-05,-4.917e-05,-111.61666667,n/a,0.163056,-116.508333,0.163056,6.917861,,0.707107,,-110.860602,
EOSS-339,KC0D-14,2023-04-22 08:24:31.665,2023-04-22 08:24:30,90182.0,-6492.0,30.0,descending,/142430h3916.21N/10320.96WO356/011/A=090182 101T154P 'EOSS Balloon',"KC0D-14>APZEOS,EOSS,WIDE2-1,qAO,W0ARP-1:/142430h3916.21N/10320.96WO356/011/A=090182 101T154P 'EOSS Balloon'",356.0,13.0,39.2701666667,-103.3493333333,43.64,283.25,1540.0,3.675e-05,0.01894058,3.889e-05,-5.556e-05,-108.2,n/a,0.113889,-113.738889,0.138472,6.851122,0.034766,0.808465,-0.707099,-109.696795,
EOSS-339,AE0SS-12,2023-04-22 08:24:58.242,2023-04-22 08:24:57,87419.0,-6214.0,57.0,descending,/142457h3916.18N/10321.05WO235/032EOSS Balloon  www.eoss.org/A=087419!W36!,"AE0SS-12>APTT4,EOSS,qAO,W0ARP-2:/142457h3916.18N/10321.05WO235/032EOSS Balloon  www.eoss.org/A=087419!W36!",235.0,37.0,39.2697166667,-103.3509333333,43.58,,,,,-4.944e-05,-9.44e-06,-103.56666667,n/a,0.154444,-111.195833,0.143796,7.560452,0.026256,1.009089,0.405545,-102.438114,
EOSS-339,KC0D-14,2023-04-22 08:25:01.697,2023-04-22 08:25:00,87102.0,-6160.0,60.0,descending,/142500h3916.17N/10321.09WO250/032/A=087102 104T181P 'EOSS Balloon',"KC0D-14>APZEOS,EOSS,WIDE2-1,qAO,W0ARP-1:/142500h3916.17N/10321.09WO250/032/A=087102 104T181P 'EOSS Balloon'",250.0,37.0,39.2695,-103.3515,43.57,283.55,1810.0,4.315e-05,0.02223778,-7.222e-05,-2.222e-05,-102.66666667,n/a,0.03,-109.49,0.115347,7.577577,0.060803,0.900464,-1.403664,-101.796804,
EOSS-339,AE0SS-12,2023-04-22 08:25:28.231,2023-04-22 08:25:27,84545.0,-5748.0,87.0,descending,/142527h3916.17N/10321.20WO175/017EOSS Balloon  www.eoss.org/A=084545!W78!,"AE0SS-12>APTT4,EOSS,qAO,W0ARP-2:/142527h3916.17N/10321.20WO175/017EOSS Balloon  www.eoss.org/A=084545!W78!",175.0,20.0,39.2696166667,-103.3534666667,43.47,,,,,-8.444e-05,-3.33e-06,-95.8,n/a,0.228889,-107.208333,0.138056,8.784745,0.073151,1.298653,1.241719,-97.169576,
EOSS-339,KC0D-14,2023-04-22 08:25:31.718,2023-04-22 08:25:30,84210.0,-5784.0,90.0,descending,/142530h3916.17N/10321.23WO259/025/A=084210 104T210P 'EOSS Balloon',"KC0D-14>APZEOS,EOSS,WIDE2-1,qAO,W0ARP-1:/142530h3916.17N/10321.23WO259/025/A=084210 104T210P 'EOSS Balloon'",259.0,29.0,39.2695,-103.3538333333,43.46,283.55,2100.0,5.006e-05,0.02580074,-7.778e-05,0.0,-96.4,n/a,-0.02,-105.664286,0.111713,8.99991,0.091894,1.029375,-1.433314,-96.577042,
EOSS-339,AE0SS-12,2023-04-22 08:25:58.270,2023-04-22 08:25:57,81798.0,-5494.0,117.0,descending,/142557h3916.16N/10321.39WO312/013EOSS Balloon  www.eoss.org/A=081798!W97!,"AE0SS-12>APTT4,EOSS,qAO,W0ARP-2:/142557h3916.16N/10321.39WO312/013EOSS Balloon  www.eoss.org/A=081798!W97!",312.0,15.0,39.2694833333,-103.3566166667,43.34,,,,,-0.000105,-4.44e-06,-91.56666667,n/a,0.161111,-103.902083,0.11877,9.709276,0.08594,1.270477,0.492681,-92.017035,
EOSS-339,KC0D-14,2023-04-22 08:26:01.699,2023-04-22 08:26:00,81487.0,-5446.0,120.0,descending,/142600h3916.16N/10321.41WO239/017/A=081487 106T241P 'EOSS Balloon',"KC0D-14>APZEOS,EOSS,WIDE2-1,qAO,W0ARP-1:/142600h3916.16N/10321.41WO239/017/A=081487 106T241P 'EOSS Balloon'",239.0,20.0,39.2693333333,-103.3568333333,43.33,283.75,2410.0,5.741e-05,0.02958855,-0.0001,-5.56e-06,-90.76666667,n/a,0.026667,-102.442593,0.107257,10.082524,0.08597,1.158036,-0.93742,-91.382886,
EOSS-339,AE0SS-12,2023-04-22 08:26:28.597,2023-04-22 08:26:27,79193.0,-5210.0,147.0,descending,/142627h3916.05N/10321.48WO239/019EOSS Balloon  www.eoss.org/A=079193!W88!,"AE0SS-12>APTT4,EOSS,qAO,W9CN-9:/142627h3916.05N/10321.48WO239/019EOSS Balloon  www.eoss.org/A=079193!W88!",239.0,22.0,39.2676333333,-103.3581333333,43.34,,,,,-5.056e-05,-6.167e-05,-86.83333333,n/a,0.131111,-100.881667,0.109907,10.711066,0.08081,1.311572,0.262393,-86.440683,
EOSS-339,KC0D-14,2023-04-22 08:26:31.665,2023-04-22 08:26:30,78912.0,-5150.0,150.0,descending,/142630h3916.05N/10321.49WO190/010/A=078912 105T274P 'EOSS Balloon',"KC0D-14>APZEOS,EOSS,WIDE2-1,qAO,W0ARP-1:/142630h3916.05N/10321.49WO190/010/A=078912 105T274P 'EOSS Balloon'",190.0,12.0,39.2675,-103.3581666667,43.34,283.65,2740.0,6.53e-05,0.03365195,-4.444e-05,-6.111e-05,-85.83333333,n/a,0.033333,-99.513636,0.10225,11.128379,0.079944,1.229317,-0.862066,-85.814696,
EOSS-339,AE0SS-12,2023-04-22 08:26:58.242,2023-04-22 08:26:57,76732.0,-4922.0,177.0,descending,/142657h3915.96N/10321.53WO140/021EOSS Balloon  www.eoss.org/A=076732!W21!,"AE0SS-12>APTT4,EOSS,qAO,W0ARP-2:/142657h3915.96N/10321.53WO140/021EOSS Balloon  www.eoss.org/A=076732!W21!",140.0,24.0,39.2660333333,-103.35885,43.37,,,,,-2.389e-05,-5.333e-05,-82.03333333,n/a,0.126667,-98.056944,0.10447,11.749297,0.076198,1.363793,0.291307,-80.970773,
EOSS-339,KC0D-14,2023-04-22 08:27:01.690,2023-04-22 08:27:00,76468.0,-4888.0,180.0,descending,/142700h3915.95N/10321.54WO221/018/A=076468 107T310P 'EOSS Balloon',"KC0D-14>APZEOS,EOSS,WIDE2-1,qAO,W0ARP-1:/142700h3915.95N/10321.54WO221/018/A=076468 107T310P 'EOSS Balloon'",221.0,21.0,39.2658333333,-103.359,43.37,283.85,3100.0,7.382e-05,0.03804655,-2.778e-05,-5.556e-05,-81.46666667,n/a,0.018889,-96.780769,0.097338,12.153775,0.076738,1.260028,-1.022297,-80.396507,
EOSS-339,AE0SS-12,2023-04-22 08:27:28.354,2023-04-22 08:27:27,74429.0,-4606.0,207.0,descending,/142727h3915.82N/10321.59WO318/005EOSS Balloon  www.eoss.org/A=074429!W41!,"AE0SS-12>APTT4,EOSS,qAO,W0ARP-2:/142727h3915.82N/10321.59WO318/005EOSS Balloon  www.eoss.org/A=074429!W41!",318.0,6.0,39.2637333333,-103.35985,43.41,,,,,-3.333e-05,-7.667e-05,-76.76666667,n/a,0.156667,-95.35119,0.101902,12.843806,0.075291,1.446964,0.727378,-76.150793,
EOSS-339,KC0D-14,2023-04-22 08:27:31.690,2023-04-22 08:27:30,74180.0,-4576.0,210.0,descending,/142730h3915.82N/10321.58WO146/015/A=074180 105T348P 'EOSS Balloon',"KC0D-14>APZEOS,EOSS,WIDE2-1,qAO,W0ARP-1:/142730h3915.82N/10321.58WO146/015/A=074180 105T348P 'EOSS Balloon'",146.0,17.0,39.2636666667,-103.3596666667,43.42,283.65,3480.0,8.293e-05,0.04274043,-2.222e-05,-7.222e-05,-76.26666667,n/a,0.016667,-94.078889,0.095814,13.321469,0.075839,1.337106,-1.043619,-75.659539,
EOSS-339,AE0SS-12,2023-04-22 08:27:58.319,2023-04-22 08:27:57,72286.0,-4286.0,237.0,descending,/142757h3915.72N/10321.56WO017/005EOSS Balloon  www.eoss.org/A=072286!W27!,"AE0SS-12>APTT4,EOSS,qAO,W0ARP-2:/142757h3915.72N/10321.56WO017/005EOSS Balloon  www.eoss.org/A=072286!W27!",17.0,6.0,39.2620333333,-103.35945,43.49,,,,,1.333e-05,-5.667e-05,-71.43333333,n/a,0.161111,-92.663542,0.100167,14.059946,0.075,1.509978,0.812587,-72.134298,
EOSS-339,KC0D-14,2023-04-22 08:28:01.669,2023-04-22 08:28:00,72073.0,-4214.0,240.0,descending,/142800h3915.73N/10321.56WO040/015/A=072073 106T387P 'EOSS Balloon',"KC0D-14>APZEOS,EOSS,WIDE2-1,qAO,W0ARP-1:/142800h3915.73N/10321.56WO040/015/A=072073 106T387P 'EOSS Balloon'",40.0,17.0,39.2621666667,-103.3593333333,43.49,283.75,3870.0,9.219e-05,0.04751356,1.111e-05,-5e-05,-70.23333333,n/a,0.04,-91.344118,0.096406,14.660215,0.074002,1.440005,-0.762223,-71.76048,
EOSS-339,KC0D-14,2023-04-22 08:28:31.681,2023-04-22 08:28:30,70047.0,-4052.0,270.0,descending,/142830h3915.73N/10321.51WO110/007/A=070047 103T428P 'EOSS Balloon',"KC0D-14>APZEOS,EOSS,WIDE2-1,qAO,W0ARP-1:/142830h3915.73N/10321.51WO110/007/A=070047 103T428P 'EOSS Balloon'",110.0,8.0,39.2621666667,-103.3585,43.53,283.45,4280.0,0.00010207,0.05260291,2.778e-05,0.0,-67.53333333,n/a,0.09,-90.021296,0.096029,15.289763,0.071669,1.470786,-0.084123,-68.394716,
EOSS-339,AE0SS-12,2023-04-22 08:28:58.360,2023-04-22 08:28:57,68345.0,-3941.0,297.0,descending,/142857h3915.73N/10321.52WO224/022EOSS Balloon  www.eoss.org/A=068345!W83!,"AE0SS-12>APTT4,EOSS,qAO,W0ARP-2:/142857h3915.73N/10321.52WO224/022EOSS Balloon  www.eoss.org/A=068345!W83!",224.0,25.0,39.2623,-103.3587166667,43.51,,,,,1.222e-05,4.44e-06,-65.68333333,n/a,0.030833,-88.740351,0.092407,15.873401,0.071207,1.452557,-0.864718,-65.751627,
EOSS-339,KC0D-14,2023-04-22 08:29:01.653,2023-04-22 08:29:00,68107.0,-3880.0,300.0,descending,/142900h3915.75N/10321.54WO322/008/A=068107 103T472P 'EOSS Balloon',"KC0D-14>APZEOS,EOSS,WIDE2-1,qAO,W0ARP-1:/142900h3915.75N/10321.54WO322/008/A=068107 103T472P 'EOSS Balloon'",322.0,9.0,39.2625,-103.359,43.49,283.45,4720.0,0.00011256,0.05801068,-1.667e-05,1.111e-05,-64.66666667,n/a,0.033889,-87.536667,0.089328,16.360949,0.070491,1.397841,-0.786469,-65.388873,
EOSS-339,AE0SS-12,2023-04-22 08:29:28.343,2023-04-22 08:29:27,66429.0,-3832.0,327.0,descending,/142927h3915.73N/10321.65WO271/033EOSS Balloon  www.eoss.org/A=066429!W03!,"AE0SS-12>APTT4,EOSS,qAO,W0ARP-2:/142927h3915.73N/10321.65WO271/033EOSS Balloon  www.eoss.org/A=066429!W03!",271.0,38.0,39.2621666667,-103.3608833333,43.42,,,,,-7.222e-05,-4.44e-06,-63.86666667,n/a,0.026667,-86.409524,0.086194,16.762342,0.070027,1.344851,-0.850058,-62.838954,
EOSS-339,KC0D-14,2023-04-22 08:29:31.646,2023-04-22 08:29:30,66221.0,-3772.0,330.0,descending,/142930h3915.73N/10321.66WO218/015/A=066221 100T519P 'EOSS Balloon',"KC0D-14>APZEOS,EOSS,WIDE2-1,qAO,W0ARP-1:/142930h3915.73N/10321.66WO218/015/A=066221 100T519P 'EOSS Balloon'",218.0,17.0,39.2621666667,-103.361,43.42,283.15,5190.0,0.0001239,0.06385475,-6.667e-05,-1.111e-05,-62.86666667,n/a,0.033333,-85.339394,0.083677,17.111113,0.069221,1.313341,-0.727294,-62.521332,
EOSS-339,AE0SS-12,2023-04-22 08:29:58.506,2023-04-22 08:29:57,64664.0,-3530.0,357.0,descending,/142957h3915.64N/10321.74WO168/037EOSS Balloon  www.eoss.org/A=064664!W40!,"AE0SS-12>APTT4,EOSS,qAO,W0ARP-2:/142957h3915.64N/10321.74WO168/037EOSS Balloon  www.eoss.org/A=064664!W40!",168.0,43.0,39.2607333333,-103.3623333333,43.41,,,,,-4.833e-05,-4.778e-05,-58.83333333,n/a,0.134444,-84.186957,0.085985,17.607616,0.068415,1.439924,0.70831,-60.111382,
EOSS-339,KC0D-14,2023-04-22 08:30:01.673,2023-04-22 08:30:00,64479.0,-3484.0,360.0,descending,/143000h3915.62N/10321.75WO190/024/A=064479 99T565P 'EOSS Balloon',"KC0D-14>APZEOS,EOSS,WIDE2-1,qAO,W0ARP-1:/143000h3915.62N/10321.75WO190/024/A=064479 99T565P 'EOSS Balloon'",190.0,28.0,39.2603333333,-103.3625,43.42,283.05,5650.0,0.00013493,0.06953889,-5e-05,-6.111e-05,-58.06666667,n/a,0.025556,-83.098611,0.083358,18.027106,0.068019,1.388573,-0.849792,-59.820312,
EOSS-339,AE0SS-12,2023-04-22 08:30:28.613,2023-04-22 08:30:27,62931.0,-3466.0,387.0,descending,/143027h3915.49N/10321.68WO128/038EOSS Balloon  www.eoss.org/A=062931!W22!,"AE0SS-12>APTT4,EOSS,qAO,W9CN-9:/143027h3915.49N/10321.68WO128/038EOSS Balloon  www.eoss.org/A=062931!W22!",128.0,44.0,39.2582,-103.3613666667,43.55,,,,,3.222e-05,-8.444e-05,-57.76666667,n/a,0.01,-82.085333,0.080301,18.360396,0.068188,1.324518,-1.030988,-57.339905,
EOSS-339,KC0D-14,2023-04-22 08:30:31.680,2023-04-22 08:30:30,62743.0,-3472.0,390.0,descending,/143030h3915.48N/10321.67WO123/019/A=062743 96T617P 'EOSS Balloon',"KC0D-14>APZEOS,EOSS,WIDE2-1,qAO,W0ARP-1:/143030h3915.48N/10321.67WO123/019/A=062743 96T617P 'EOSS Balloon'",123.0,22.0,39.258,-103.3611666667,43.57,282.75,6170.0,0.0001475,0.0760195,4.444e-05,-7.778e-05,-57.86666667,n/a,-0.003333,-81.153846,0.076956,18.605896,0.068817,1.251602,-1.166703,-57.033357,
EOSS-339,AE0SS-12,2023-04-22 08:30:58.395,2023-04-22 08:30:57,61290.0,-3282.0,417.0,descending,/143057h3915.40N/10321.53WO236/011EOSS Balloon  www.eoss.org/A=061290!W60!,"AE0SS-12>APTT4,EOSS,qAO,W0ARP-2:/143057h3915.40N/10321.53WO236/011EOSS Balloon  www.eoss.org/A=061290!W60!",236.0,13.0,39.2567666667,-103.3588333333,43.72,,,,,8.444e-05,-4.778e-05,-54.7,n/a,0.105556,-80.174074,0.078056,18.941582,0.067659,1.344876,0.40645,-54.633112,
EOSS-339,KC0D-14,2023-04-22 08:31:01.696,2023-04-22 08:31:00,61121.0,-3244.0,420.0,descending,/143100h3915.41N/10321.52WO121/016/A=061121 95T668P 'EOSS Balloon',"KC0D-14>APZEOS,EOSS,WIDE2-1,qAO,W0ARP-1:/143100h3915.41N/10321.52WO121/016/A=061121 95T668P 'EOSS Balloon'",121.0,18.0,39.2568333333,-103.3586666667,43.72,282.65,6680.0,0.00015975,0.08233224,8.333e-05,-3.889e-05,-54.06666667,n/a,0.021111,-79.241667,0.075947,19.231172,0.067244,1.309073,-0.815478,-54.351237,
EOSS-339,AE0SS-12,2023-04-22 08:31:28.526,2023-04-22 08:31:27,59653.0,-3274.0,447.0,descending,/143127h3915.34N/10321.40WO132/040EOSS Balloon  www.eoss.org/A=059653!W50!,"AE0SS-12>APTT4,EOSS,qAO,W0ARP-2:/143127h3915.34N/10321.40WO132/040EOSS Balloon  www.eoss.org/A=059653!W50!",132.0,46.0,39.25575,-103.3566666667,43.85,,,,,7.222e-05,-3.389e-05,-54.56666667,n/a,-0.016667,-78.390805,0.072639,19.432563,0.068269,1.225991,-1.308149,-51.896308,
EOSS-339,KC0D-14,2023-04-22 08:31:31.700,2023-04-22 08:31:30,59490.0,-3262.0,450.0,descending,/143130h3915.33N/10321.39WO145/014/A=059490 92T723P 'EOSS Balloon',"KC0D-14>APZEOS,EOSS,WIDE2-1,qAO,W0ARP-1:/143130h3915.33N/10321.39WO145/014/A=059490 92T723P 'EOSS Balloon'",145.0,16.0,39.2555,-103.3565,43.87,282.35,7230.0,0.00017309,0.08920577,7.222e-05,-4.444e-05,-54.36666667,n/a,0.006667,-77.59,0.070364,19.591876,0.068149,1.185355,-0.934673,-51.624341,
EOSS-339,AE0SS-12,2023-04-22 08:31:58.435,2023-04-22 08:31:57,58134.0,-3038.0,477.0,descending,/143157h3915.27N/10321.18WO146/028EOSS Balloon  www.eoss.org/A=058134!W72!,"AE0SS-12>APTT4,EOSS,qAO,W0ARP-2:/143157h3915.27N/10321.18WO146/028EOSS Balloon  www.eoss.org/A=058134!W72!",146.0,32.0,39.2546166667,-103.3530333333,44.06,,,,,0.00012111,-3.778e-05,-50.63333333,n/a,0.124444,-76.72043,0.072167,19.861712,0.067688,1.313436,0.772323,-49.385467,
EOSS-339,KC0D-14,2023-04-22 08:32:01.663,2023-04-22 08:32:00,57986.0,-3008.0,480.0,descending,/143200h3915.27N/10321.17WO123/013/A=057986 90T779P 'EOSS Balloon',"KC0D-14>APZEOS,EOSS,WIDE2-1,qAO,W0ARP-1:/143200h3915.27N/10321.17WO123/013/A=057986 90T779P 'EOSS Balloon'",123.0,15.0,39.2545,-103.3528333333,44.07,282.15,7790.0,0.00018663,0.09618334,0.00012222,-3.333e-05,-50.13333333,n/a,0.016667,-75.889583,0.070376,20.096069,0.067292,1.281656,-0.798148,-49.144853,
EOSS-339,AE0SS-12,2023-04-22 08:32:28.355,2023-04-22 08:32:27,56756.0,-2756.0,507.0,descending,/143227h3915.13N/10321.00WO133/045EOSS Balloon  www.eoss.org/A=056756!W80!,"AE0SS-12>APTT4,EOSS,qAO,W0ARP-2:/143227h3915.13N/10321.00WO133/045EOSS Balloon  www.eoss.org/A=056756!W80!",133.0,52.0,39.2523,-103.35,44.28,,,,,0.00010111,-7.722e-05,-45.93333333,n/a,0.14,-74.981818,0.072552,20.455436,0.067332,1.420086,1.001723,-47.188552,
EOSS-339,KC0D-14,2023-04-22 08:32:31.682,2023-04-22 08:32:30,56638.0,-2696.0,510.0,descending,/143230h3915.11N/10320.97WO144/040/A=056638 86T831P 'EOSS Balloon',"KC0D-14>APZEOS,EOSS,WIDE2-1,qAO,W0ARP-1:/143230h3915.11N/10320.97WO144/040/A=056638 86T831P 'EOSS Balloon'",144.0,46.0,39.2518333333,-103.3495,44.32,281.75,8310.0,0.00019937,0.10274946,0.00011111,-8.889e-05,-44.93333333,n/a,0.033333,-74.098039,0.071364,20.791862,0.066623,1.402698,-0.570839,-47.005682,
EOSS-339,AE0SS-12,2023-04-22 08:32:58.344,2023-04-22 08:32:57,55440.0,-2632.0,537.0,descending,/143257h3914.97N/10320.73WO089/037EOSS Balloon  www.eoss.org/A=055440!W13!,"AE0SS-12>APTT4,EOSS,qAO,W0ARP-2:/143257h3914.97N/10320.73WO089/037EOSS Balloon  www.eoss.org/A=055440!W13!",89.0,43.0,39.2495166667,-103.34555,44.59,,,,,0.00014833,-9.278e-05,-43.86666667,n/a,0.035556,-73.234286,0.070311,21.11159,0.065892,1.391066,-0.527454,-45.208227,
EOSS-339,KC0D-14,2023-04-22 08:33:01.703,2023-04-22 08:33:00,55325.0,-2626.0,540.0,descending,/143300h3914.96N/10320.69WO118/040/A=055325 85T886P 'EOSS Balloon',"KC0D-14>APZEOS,EOSS,WIDE2-1,qAO,W0ARP-1:/143300h3914.96N/10320.69WO118/040/A=055325 85T886P 'EOSS Balloon'",118.0,46.0,39.2493333333,-103.3448333333,44.63,281.65,8860.0,0.00021264,0.10958886,0.00015556,-8.333e-05,-43.76666667,n/a,0.003333,-72.415741,0.068397,21.379559,0.065896,1.340022,-0.987374,-45.041898,
EOSS-339,AE0SS-12,2023-04-22 08:33:28.235,2023-04-22 08:33:27,54045.0,-2790.0,567.0,descending,/143327h3914.92N/10320.36WO114/035EOSS Balloon  www.eoss.org/A=054045!W04!,"AE0SS-12>APTT4,EOSS,qAO,W0ARP-2:/143327h3914.92N/10320.36WO114/035EOSS Balloon  www.eoss.org/A=054045!W04!",114.0,40.0,39.2486666667,-103.3394,44.89,,,,,0.000205,-2.833e-05,-46.5,n/a,-0.091111,-71.715315,0.063966,21.506761,0.070178,1.172437,-2.209767,-43.273994,
EOSS-339,KC0D-14,2023-04-22 08:33:31.705,2023-04-22 08:33:30,53922.0,-2806.0,570.0,descending,/143330h3914.91N/10320.34WO103/019/A=053922 81T948P 'EOSS Balloon',"KC0D-14>APZEOS,EOSS,WIDE2-1,qAO,W0ARP-1:/143330h3914.91N/10320.34WO103/019/A=053922 81T948P 'EOSS Balloon'",103.0,22.0,39.2485,-103.339,44.92,281.25,9480.0,0.00022784,0.11742437,0.00019444,-2.778e-05,-46.76666667,n/a,-0.008889,-71.058772,0.061997,21.596748,0.070225,1.124804,-1.009413,-43.112607,
EOSS-339,AE0SS-12,2023-04-22 08:33:58.282,2023-04-22 08:33:57,52835.0,-2420.0,597.0,descending,/143357h3914.83N/10320.13WO139/026EOSS Balloon  www.eoss.org/A=052835!W88!,"AE0SS-12>APTT4,EOSS,qAO,W0ARP-2:/143357h3914.83N/10320.13WO139/026EOSS Balloon  www.eoss.org/A=052835!W88!",139.0,30.0,39.2473,-103.3356333333,45.11,,,,,0.00012556,-4.556e-05,-40.33333333,n/a,0.214444,-70.27094,0.066009,21.871255,0.073552,1.368811,2.018096,-41.754926,
EOSS-339,KC0D-14,2023-04-22 08:34:01.733,2023-04-22 08:34:00,52745.0,-2354.0,600.0,descending,/143400h3914.82N/10320.12WO138/030/A=052745 79T1003P 'EOSS Balloon',"KC0D-14>APZEOS,EOSS,WIDE2-1,qAO,W0ARP-1:/143400h3914.82N/10320.12WO138/030/A=052745 79T1003P 'EOSS Balloon'",138.0,35.0,39.247,-103.3353333333,45.14,281.05,10030.0,0.00024123,0.12432538,0.00012222,-5e-05,-39.23333333,n/a,0.036667,-69.495,0.065256,22.139777,0.07273,1.366846,-0.393084,-41.648122,
EOSS-339,AE0SS-12,2023-04-22 08:34:28.233,2023-04-22 08:34:27,51696.0,-2278.0,627.0,descending,/143427h3914.58N/10319.90WO134/049EOSS Balloon  www.eoss.org/A=051696!W20!,"AE0SS-12>APTT4,EOSS,qAO,W0ARP-2:/143427h3914.58N/10319.90WO134/049EOSS Balloon  www.eoss.org/A=051696!W20!",134.0,56.0,39.2430333333,-103.3316666667,45.45,,,,,0.00013222,-0.00014222,-37.96666667,n/a,0.042222,-68.726016,0.064681,22.408932,0.071884,1.372638,-0.312434,-40.466786,
EOSS-339,KC0D-14,2023-04-22 08:34:31.658,2023-04-22 08:34:30,51610.0,-2270.0,630.0,descending,/143430h3914.56N/10319.88WO143/036/A=051610 75T1060P 'EOSS Balloon',"KC0D-14>APZEOS,EOSS,WIDE2-1,qAO,W0ARP-1:/143430h3914.56N/10319.88WO143/036/A=051610 75T1060P 'EOSS Balloon'",143.0,41.0,39.2426666667,-103.3313333333,45.48,280.65,10600.0,0.0002553,0.131578,0.00013333,-0.00014444,-37.83333333,n/a,0.004444,-67.990476,0.063211,22.641449,0.0716,1.331944,-0.820768,-40.37508,
EOSS-339,AE0SS-12,2023-04-22 08:34:58.244,2023-04-22 08:34:57,50584.0,-2224.0,657.0,descending,/143457h3914.34N/10319.73WO148/044EOSS Balloon  www.eoss.org/A=050584!W44!,"AE0SS-12>APTT4,EOSS,qAO,W0ARP-2:/143457h3914.34N/10319.73WO148/044EOSS Balloon  www.eoss.org/A=050584!W44!",148.0,51.0,39.2390666667,-103.3289,45.73,,,,,9.222e-05,-0.00013222,-37.06666667,n/a,0.025556,-67.271318,0.062315,22.86195,0.07096,1.321176,-0.518024,-39.338937,
EOSS-339,KC0D-14,2023-04-22 08:35:01.810,2023-04-22 08:35:00,50507.0,-2206.0,660.0,descending,/143500h3914.32N/10319.70WO128/043/A=050507 73T1119P 'EOSS Balloon',"KC0D-14>APZEOS,EOSS,WIDE2-1,qAO,W0ARP-1:/143500h3914.32N/10319.70WO128/043/A=050507 73T1119P 'EOSS Balloon'",128.0,49.0,39.2386666667,-103.3283333333,45.77,280.45,11190.0,0.00026971,0.13900073,0.0001,-0.00013333,-36.76666667,n/a,0.01,-66.57803,0.061098,23.0578,0.070562,1.292897,-0.724157,-39.265352,
EOSS-339,KC0D-14,2023-04-22 08:35:31.695,2023-04-22 08:35:30,49301.0,-2412.0,690.0,descending,/143530h3914.10N/10319.30WO115/043/A=049301 69T1187P 'EOSS Balloon',"KC0D-14>APZEOS,EOSS,WIDE2-1,qAO,W0ARP-1:/143530h3914.10N/10319.30WO115/043/A=049301 69T1187P 'EOSS Balloon'",115.0,49.0,39.235,-103.3216666667,46.21,280.05,11870.0,0.0002865,0.14765821,0.00022222,-0.00012222,-40.2,n/a,-0.114444,-65.991852,0.057109,23.130957,0.074589,1.115036,-2.299977,-38.182434,
EOSS-339,KC0D-14,2023-04-22 08:36:01.853,2023-04-22 08:36:00,48107.0,-2388.0,720.0,descending,/143600h3913.98N/10318.87WO109/046/A=048107 67T1258P 'EOSS Balloon',"KC0D-14>APZEOS,EOSS,WIDE2-1,qAO,W0ARP-1:/143600h3913.98N/10318.87WO109/046/A=048107 67T1258P 'EOSS Balloon'",109.0,53.0,39.233,-103.3145,46.6,279.85,12580.0,0.00030386,0.15660217,0.00023889,-6.667e-05,-39.8,n/a,0.013333,-65.422464,0.056136,23.196221,0.074025,1.104596,-0.578224,-37.221985,
EOSS-339,AE0SS-12,2023-04-22 08:36:28.263,2023-04-22 08:36:27,47129.0,-2303.3,747.0,descending,/143627h3913.81N/10318.59WO117/030EOSS Balloon  www.eoss.org/A=047129!W96!,"AE0SS-12>APTT4,EOSS,qAO,W0ARP-2:/143627h3913.81N/10318.59WO117/030EOSS Balloon  www.eoss.org/A=047129!W96!",117.0,35.0,39.2303166667,-103.3099333333,46.91,,,,,0.00021074,-9.722e-05,-38.38888889,n/a,0.015679,-64.847281,0.055256,23.279108,0.073441,1.136572,-0.538895,-36.497304,
EOSS-339,KC0D-14,2023-04-22 08:36:31.689,2023-04-22 08:36:30,47051.0,-2112.0,750.0,descending,/143630h3913.81N/10318.56WO115/037/A=047051 63T1324P 'EOSS Balloon',"KC0D-14>APZEOS,EOSS,WIDE2-1,qAO,W0ARP-1:/143630h3913.81N/10318.56WO115/037/A=047051 63T1324P 'EOSS Balloon'",115.0,43.0,39.2301666667,-103.3093333333,46.94,279.45,13240.0,0.00032026,0.1650541,0.00017222,-9.444e-05,-35.2,n/a,0.106296,-64.22963,0.056342,23.424312,0.073019,1.239295,0.684123,-36.441309,
EOSS-339,KC0D-14,2023-04-22 08:37:01.740,2023-04-22 08:37:00,46015.0,-2072.0,780.0,descending,/143700h3913.64N/10318.17WO127/047/A=046015 61T1393P 'EOSS Balloon',"KC0D-14>APZEOS,EOSS,WIDE2-1,qAO,W0ARP-1:/143700h3913.64N/10318.17WO127/047/A=046015 61T1393P 'EOSS Balloon'",127.0,54.0,39.2273333333,-103.3028333333,47.34,279.25,13930.0,0.00033719,0.17378024,0.00021667,-9.444e-05,-34.53333333,n/a,0.022222,-63.623583,0.055631,23.564052,0.072405,1.234518,-0.461418,-35.714518,
EOSS-339,AE0SS-12,2023-04-22 08:37:28.280,2023-04-22 08:37:27,45038.0,-2091.0,807.0,descending,/143727h3913.41N/10317.74WO097/057EOSS Balloon  www.eoss.org/A=045038!W99!,"AE0SS-12>APTT4,EOSS,qAO,W0ARP-1:/143727h3913.41N/10317.74WO097/057EOSS Balloon  www.eoss.org/A=045038!W99!",97.0,66.0,39.22365,-103.2958166667,47.79,,,,,0.00023528,-0.00011111,-34.85,n/a,-0.005278,-63.048111,0.054388,23.674691,0.072174,1.191066,-0.826697,-35.043718,
EOSS-339,KC0D-14,2023-04-22 08:37:31.620,2023-04-22 08:37:30,44930.0,-2170.0,810.0,descending,/143730h3913.40N/10317.71WO120/055/A=044930 56T1468P 'EOSS Balloon',"KC0D-14>APZEOS,EOSS,WIDE2-1,qAO,W0ARP-1:/143730h3913.40N/10317.71WO120/055/A=044930 56T1468P 'EOSS Balloon'",120.0,63.0,39.2233333333,-103.2951666667,47.83,278.75,14680.0,0.00035598,0.18346517,0.00025556,-0.00013333,-36.16666667,n/a,-0.043889,-62.521024,0.052423,23.737102,0.072773,1.11026,-1.323458,-34.96959,
EOSS-339,AE0SS-12,2023-04-22 08:37:58.595,2023-04-22 08:37:57,43988.0,-2100.0,837.0,descending,/143757h3913.20N/10317.23WO114/072EOSS Balloon  www.eoss.org/A=043988!W87!,"AE0SS-12>APTT4,EOSS,qAO,W0ARP-2:/143757h3913.20N/10317.23WO114/072EOSS Balloon  www.eoss.org/A=043988!W87!",114.0,83.0,39.2201333333,-103.2872833333,48.31,,,,,0.00028444,-0.00011722,-35.0,n/a,0.038889,-61.991774,0.052157,23.81108,0.072066,1.13358,-0.184109,-34.316798,
EOSS-339,KC0D-14,2023-04-22 08:38:01.873,2023-04-22 08:38:00,43891.0,-2078.0,840.0,descending,/143800h3913.19N/10317.18WO122/053/A=043891 54T1545P 'EOSS Balloon',"KC0D-14>APZEOS,EOSS,WIDE2-1,qAO,W0ARP-1:/143800h3913.19N/10317.18WO122/053/A=043891 54T1545P 'EOSS Balloon'",122.0,61.0,39.2198333333,-103.2863333333,48.36,278.55,15450.0,0.00037492,0.19322698,0.00029444,-0.00011667,-34.63333333,n/a,0.012222,-61.475577,0.051389,23.878581,0.071571,1.124114,-0.547247,-34.248597,
EOSS-339,AE0SS-12,2023-04-22 08:38:28.350,2023-04-22 08:38:27,42955.0,-2066.0,867.0,descending,/143827h3912.99N/10316.73WO136/061EOSS Balloon  www.eoss.org/A=042955!W65!,"AE0SS-12>APTT4,EOSS,qAO,W0ARP-2:/143827h3912.99N/10316.73WO136/061EOSS Balloon  www.eoss.org/A=042955!W65!",136.0,70.0,39.2166,-103.2789166667,48.81,,,,,0.00027889,-0.00011778,-34.43333333,n/a,0.006667,-60.974794,0.050546,23.936806,0.071145,1.108814,-0.616755,-33.575889,
EOSS-339,KC0D-14,2023-04-22 08:38:31.668,2023-04-22 08:38:30,42867.0,-2048.0,870.0,descending,/143830h3912.97N/10316.67WO112/062/A=042867 50T1624P 'EOSS Balloon',"KC0D-14>APZEOS,EOSS,WIDE2-1,qAO,W0ARP-1:/143830h3912.97N/10316.67WO112/062/A=042867 50T1624P 'EOSS Balloon'",112.0,71.0,39.2161666667,-103.2778333333,48.88,278.15,16240.0,0.00039466,0.20339928,0.00028333,-0.00012222,-34.13333333,n/a,0.01,-60.486768,0.049795,23.988736,0.070686,1.098575,-0.562983,-33.511039,
EOSS-339,KC0D-14,2023-04-22 08:39:01.682,2023-04-22 08:39:00,41877.0,-1980.0,900.0,descending,/143900h3912.78N/10316.09WO113/059/A=041877 47T1704P 'EOSS Balloon',"KC0D-14>APZEOS,EOSS,WIDE2-1,qAO,W0ARP-1:/143900h3912.78N/10316.09WO113/059/A=041877 47T1704P 'EOSS Balloon'",113.0,68.0,39.213,-103.2681666667,49.43,277.85,17040.0,0.00041455,0.21364938,0.00032222,-0.00010556,-33.0,n/a,0.037778,-59.995933,0.049576,24.051778,0.070048,1.122409,-0.168427,-32.758125,
EOSS-339,AE0SS-12,2023-04-22 08:39:28.279,2023-04-22 08:39:27,40973.0,-1982.0,927.0,descending,/143927h3912.59N/10315.52WO130/071EOSS Balloon  www.eoss.org/A=040973!W57!,"AE0SS-12>APTT4,EOSS,qAO,W0ARP-2:/143927h3912.59N/10315.52WO130/071EOSS Balloon  www.eoss.org/A=040973!W57!",130.0,82.0,39.2099166667,-103.2587833333,49.97,,,,,0.00033556,-0.00011139,-33.03333333,n/a,-0.000556,-59.522904,0.048681,24.102115,0.06973,1.099056,-0.706109,-32.028292,
EOSS-339,KC0D-14,2023-04-22 08:39:31.649,2023-04-22 08:39:30,40886.0,-1982.0,930.0,descending,/143930h3912.57N/10315.45WO111/066/A=040886 43T1788P 'EOSS Balloon',"KC0D-14>APZEOS,EOSS,WIDE2-1,qAO,W0ARP-1:/143930h3912.57N/10315.45WO111/066/A=040886 43T1788P 'EOSS Balloon'",111.0,76.0,39.2095,-103.2575,50.04,277.45,17880.0,0.00043561,0.22450459,0.00035556,-0.00011667,-33.03333333,n/a,0.0,-59.066188,0.047827,24.141639,0.069405,1.078338,-0.6891,-31.955755,
EOSS-339,AE0SS-12,2023-04-22 08:39:58.397,2023-04-22 08:39:57,40002.0,-1942.0,957.0,descending,/143957h3912.40N/10314.82WO101/055EOSS Balloon  www.eoss.org/A=040002!W40!,"AE0SS-12>APTT4,EOSS,qAO,W0ARP-2:/143957h3912.40N/10314.82WO101/055EOSS Balloon  www.eoss.org/A=040002!W40!",101.0,63.0,39.2067333333,-103.247,50.61,,,,,0.00039278,-0.00010611,-32.36666667,n/a,0.022222,-58.613653,0.047386,24.183726,0.068876,1.085316,-0.365352,-31.195343,
EOSS-339,KC0D-14,2023-04-22 08:40:01.677,2023-04-22 08:40:00,39921.0,-1930.0,960.0,descending,/144000h3912.38N/10314.76WO116/069/A=039921 41T1875P 'EOSS Balloon',"KC0D-14>APZEOS,EOSS,WIDE2-1,qAO,W0ARP-1:/144000h3912.38N/10314.76WO116/069/A=039921 41T1875P 'EOSS Balloon'",116.0,79.0,39.2063333333,-103.246,50.67,277.25,18750.0,0.00045714,0.23559831,0.00038333,-0.00010556,-32.16666667,n/a,0.006667,-58.17287,0.046695,24.219769,0.068485,1.073759,-0.584478,-31.123553,
EOSS-339,KC0D-14,2023-04-22 08:40:31.652,2023-04-22 08:40:30,38985.0,-1872.0,990.0,descending,/144030h3912.14N/10314.09WO111/070/A=038985 36T1963P 'EOSS Balloon',"KC0D-14>APZEOS,EOSS,WIDE2-1,qAO,W0ARP-1:/144030h3912.14N/10314.09WO111/070/A=038985 36T1963P 'EOSS Balloon'",111.0,81.0,39.2023333333,-103.2348333333,51.32,276.75,19630.0,0.00047946,0.24710135,0.00037222,-0.00013333,-31.2,n/a,0.032222,-57.730692,0.046454,24.264118,0.067928,1.093413,-0.209516,-30.269388,
EOSS-339,AE0SS-12,2023-04-22 08:40:58.294,2023-04-22 08:40:57,38141.0,-1861.0,1017.0,descending,/144057h3911.94N/10313.42WO094/060EOSS Balloon  www.eoss.org/A=038141!W63!,"AE0SS-12>APTT4,EOSS,qAO,W0ARP-2:/144057h3911.94N/10313.42WO094/060EOSS Balloon  www.eoss.org/A=038141!W63!",94.0,69.0,39.1991,-103.2237166667,51.94,,,,,0.00038806,-0.00012722,-31.01666667,n/a,0.003056,-57.299821,0.045743,24.302389,0.067588,1.081505,-0.631577,-29.464043,
EOSS-339,KC0D-14,2023-04-22 08:41:01.671,2023-04-22 08:41:00,38071.0,-1828.0,1020.0,descending,/144100h3911.93N/10313.35WO107/078/A=038071 34T2051P 'EOSS Balloon',"KC0D-14>APZEOS,EOSS,WIDE2-1,qAO,W0ARP-1:/144100h3911.93N/10313.35WO107/078/A=038071 34T2051P 'EOSS Balloon'",107.0,90.0,39.1988333333,-103.2225,52.01,276.55,20510.0,0.00050131,0.25836546,0.00041111,-0.00011667,-30.46666667,n/a,0.018333,-56.873898,0.045301,24.341509,0.067122,1.084864,-0.401776,-29.39596,
EOSS-339,AE0SS-12,2023-04-22 08:41:28.376,2023-04-22 08:41:27,37291.0,-1700.0,1047.0,descending,/144127h3911.77N/10312.62WO096/083EOSS Balloon  www.eoss.org/A=037291!W30!,"AE0SS-12>APTT4,EOSS,qAO,W0ARP-2:/144127h3911.77N/10312.62WO096/083EOSS Balloon  www.eoss.org/A=037291!W30!",96.0,96.0,39.1962166667,-103.2103333333,52.65,,,,,0.00044611,-9.611e-05,-28.33333333,n/a,0.071111,-56.427951,0.04571,24.409665,0.066658,1.150963,0.381065,-28.626595,
EOSS-339,KC0D-14,2023-04-22 08:41:31.653,2023-04-22 08:41:30,37247.0,-1648.0,1050.0,descending,/144130h3911.76N/10312.54WO104/072/A=037247 29T2135P 'EOSS Balloon',"KC0D-14>APZEOS,EOSS,WIDE2-1,qAO,W0ARP-1:/144130h3911.76N/10312.54WO104/072/A=037247 29T2135P 'EOSS Balloon'",104.0,83.0,39.196,-103.209,52.72,276.05,21350.0,0.00052279,0.26943411,0.00045,-9.444e-05,-27.46666667,n/a,0.028889,-55.982393,0.045448,24.483174,0.06616,1.164707,-0.250287,-28.582695,
EOSS-339,AE0SS-12,2023-04-22 08:41:58.697,2023-04-22 08:41:57,36478.0,-1626.0,1077.0,descending,/144157h3911.62N/10311.78WO110/078EOSS Balloon  www.eoss.org/A=036478!W19!,"AE0SS-12>APTT4,EOSS,qAO,N0RPF-6:/144157h3911.62N/10311.78WO110/078EOSS Balloon  www.eoss.org/A=036478!W19!",110.0,90.0,39.1936833333,-103.1964833333,53.37,,,,,0.00046167,-8.444e-05,-27.1,n/a,0.012222,-55.544781,0.044936,24.552864,0.065771,1.158512,-0.497392,-27.809791,
EOSS-339,KC0D-14,2023-04-22 08:42:01.679,2023-04-22 08:42:00,36431.0,-1632.0,1080.0,descending,/144200h3911.60N/10311.70WO107/086/A=036431 27T2221P 'EOSS Balloon',"KC0D-14>APZEOS,EOSS,WIDE2-1,qAO,W0ARP-1:/144200h3911.60N/10311.70WO107/086/A=036431 27T2221P 'EOSS Balloon'",107.0,99.0,39.1933333333,-103.195,53.45,275.85,22210.0,0.00054424,0.28049041,0.00046667,-8.889e-05,-27.2,n/a,-0.003333,-55.121725,0.044205,24.610985,0.065533,1.134523,-0.725406,-27.762313,
EOSS-339,AE0SS-12,2023-04-22 08:42:28.426,2023-04-22 08:42:27,35703.0,-1550.0,1107.0,descending,/144227h3911.42N/10311.03WO112/070EOSS Balloon  www.eoss.org/A=035703!W92!,"AE0SS-12>APTT4,EOSS,qAO,W0ARP-2:/144227h3911.42N/10311.03WO112/070EOSS Balloon  www.eoss.org/A=035703!W92!",112.0,81.0,39.1904833333,-103.1838666667,54.06,,,,,0.00042056,-0.00010667,-25.83333333,n/a,0.045556,-54.691013,0.044225,24.683499,0.065034,1.169108,0.020466,-27.026415,
EOSS-339,KC0D-14,2023-04-22 08:42:31.668,2023-04-22 08:42:30,35678.0,-1506.0,1110.0,descending,/144230h3911.41N/10310.96WO112/070/A=035678 22T2304P 'EOSS Balloon',"KC0D-14>APZEOS,EOSS,WIDE2-1,qAO,W0ARP-1:/144230h3911.41N/10310.96WO112/070/A=035678 22T2304P 'EOSS Balloon'",112.0,81.0,39.1901666667,-103.1826666667,54.12,275.35,23040.0,0.00056561,0.29150086,0.00041111,-0.00010556,-25.1,n/a,0.024444,-54.262158,0.043934,24.758947,0.064592,1.177843,-0.30174,-27.001183,
EOSS-339,AE0SS-12,2023-04-22 08:42:58.511,2023-04-22 08:42:57,34981.0,-1444.0,1137.0,descending,/144257h3911.26N/10310.25WO110/084EOSS Balloon  www.eoss.org/A=034981!W66!,"AE0SS-12>APTT4,EOSS,qAO,W0ARP-2:/144257h3911.26N/10310.25WO110/084EOSS Balloon  www.eoss.org/A=034981!W66!",110.0,97.0,39.1877666667,-103.1709333333,54.74,,,,,0.00043111,-9.056e-05,-24.06666667,n/a,0.034444,-53.830794,0.043797,24.842435,0.064125,1.198116,-0.145856,-26.301501,
EOSS-339,KC0D-14,2023-04-22 08:43:01.657,2023-04-22 08:43:00,34957.0,-1442.0,1140.0,descending,/144300h3911.24N/10310.17WO112/081/A=034957 20T2386P 'EOSS Balloon',"KC0D-14>APZEOS,EOSS,WIDE2-1,qAO,W0ARP-1:/144300h3911.24N/10310.17WO112/081/A=034957 20T2386P 'EOSS Balloon'",112.0,93.0,39.1873333333,-103.1695,54.82,275.15,23860.0,0.00058616,0.30209488,0.00043889,-9.444e-05,-24.03333333,n/a,0.001111,-53.411111,0.043187,24.916575,0.063863,1.179046,-0.658848,-26.27759,
EOSS-339,AE0SS-12,2023-04-22 08:43:28.210,2023-04-22 08:43:27,34263.0,-1436.0,1167.0,descending,/144327h3911.08N/10309.51WO106/071EOSS Balloon  www.eoss.org/A=034263!W31!,"AE0SS-12>APTT4,EOSS,qAO,W0ARP-2:/144327h3911.08N/10309.51WO106/071EOSS Balloon  www.eoss.org/A=034263!W31!",106.0,82.0,39.1847166667,-103.1585166667,55.42,,,,,0.00041389,-0.00010167,-23.93333333,n/a,0.003333,-53.001698,0.042626,24.983197,0.063581,1.163517,-0.617999,-25.594167,
EOSS-339,KC0D-14,2023-04-22 08:43:31.705,2023-04-22 08:43:30,34241.0,-1432.0,1170.0,descending,/144330h3911.07N/10309.44WO108/071/A=034241 15T2470P 'EOSS Balloon',"KC0D-14>APZEOS,EOSS,WIDE2-1,qAO,W0ARP-1:/144330h3911.07N/10309.44WO108/071/A=034241 15T2470P 'EOSS Balloon'",108.0,82.0,39.1845,-103.1573333333,55.48,274.65,24700.0,0.0006079,0.31329957,0.00040556,-9.444e-05,-23.86666667,n/a,0.002222,-52.602588,0.042064,25.04235,0.063311,1.147493,-0.629306,-25.572802,
EOSS-339,KC0D-14,2023-04-22 08:44:01.666,2023-04-22 08:44:00,33525.0,-1432.0,1200.0,descending,/144400h3910.89N/10308.68WO098/076/A=033525 13T2556P 'EOSS Balloon',"KC0D-14>APZEOS,EOSS,WIDE2-1,qAO,W0ARP-1:/144400h3910.89N/10308.68WO098/076/A=033525 13T2556P 'EOSS Balloon'",98.0,87.0,39.1815,-103.1446666667,56.16,274.45,25560.0,0.00062953,0.32444424,0.00042222,-0.0001,-23.86666667,n/a,0.0,-52.214264,0.041488,25.093574,0.063063,1.129676,-0.657882,-24.890518,
EOSS-339,AE0SS-12,2023-04-22 08:44:28.167,2023-04-22 08:44:27,32845.0,-1418.0,1227.0,descending,/144427h3910.73N/10307.97WO109/089EOSS Balloon  www.eoss.org/A=032845!W03!,"AE0SS-12>APTT4,EOSS,qAO,W0ARP-2:/144427h3910.73N/10307.97WO109/089EOSS Balloon  www.eoss.org/A=032845!W03!",109.0,102.0,39.1788333333,-103.1328833333,56.8,,,,,0.00042722,-9.806e-05,-23.63333333,n/a,0.003889,-51.833185,0.04098,25.140998,0.062782,1.121668,-0.59079,-24.271183,
EOSS-339,KC0D-14,2023-04-22 08:44:31.643,2023-04-22 08:44:30,32822.0,-1406.0,1230.0,descending,/144430h3910.71N/10307.89WO110/079/A=032822 8T2643P 'EOSS Balloon',"KC0D-14>APZEOS,EOSS,WIDE2-1,qAO,W0ARP-1:/144430h3910.71N/10307.89WO110/079/A=032822 8T2643P 'EOSS Balloon'",110.0,91.0,39.1785,-103.1315,56.87,273.95,26430.0,0.00065214,0.33609984,0.00043889,-0.0001,-23.43333333,n/a,0.006667,-51.459503,0.040523,25.184414,0.062482,1.112838,-0.541852,-24.250808,
EOSS-339,AE0SS-12,2023-04-22 08:44:58.330,2023-04-22 08:44:57,32133.0,-1424.0,1257.0,descending,/144457h3910.53N/10307.21WO111/071EOSS Balloon  www.eoss.org/A=032133!W86!,"AE0SS-12>APTT4,EOSS,qAO,W0ARP-2:/144457h3910.53N/10307.21WO111/071EOSS Balloon  www.eoss.org/A=032133!W86!",111.0,82.0,39.1756333333,-103.1202666667,57.49,,,,,0.00042056,-0.00010667,-23.73333333,n/a,-0.01,-51.099423,0.039858,25.216917,0.062334,1.085227,-0.799852,-23.660265,
EOSS-339,KC0D-14,2023-04-22 08:45:01.650,2023-04-22 08:45:00,32110.0,-1424.0,1260.0,descending,/144500h3910.52N/10307.14WO109/071/A=032110 6T2733P 'EOSS Balloon',"KC0D-14>APZEOS,EOSS,WIDE2-1,qAO,W0ARP-1:/144500h3910.52N/10307.14WO109/071/A=032110 6T2733P 'EOSS Balloon'",109.0,82.0,39.1753333333,-103.119,57.56,273.75,27330.0,0.00067484,0.3477987,0.00041667,-0.00010556,-23.73333333,n/a,0.0,-50.748575,0.03934,25.243531,0.062089,1.070185,-0.633607,-23.641252,
EOSS-339,AE0SS-12,2023-04-22 08:45:28.407,2023-04-22 08:45:27,31441.0,-1384.0,1287.0,descending,/144527h3910.37N/10306.41WO106/082EOSS Balloon  www.eoss.org/A=031441!W12!,"AE0SS-12>APTT4,EOSS,qAO,W0ARP-2:/144527h3910.37N/10306.41WO106/082EOSS Balloon  www.eoss.org/A=031441!W12!",106.0,94.0,39.17285,-103.1068666667,58.2,,,,,0.00044667,-9.278e-05,-23.06666667,n/a,0.022222,-50.398172,0.039121,25.273821,0.061715,1.081416,-0.273823,-23.109972,
EOSS-339,KC0D-14,2023-04-22 08:45:31.670,2023-04-22 08:45:30,31421.0,-1378.0,1290.0,descending,/144530h3910.35N/10306.33WO109/083/A=031421 2T2822P 'EOSS Balloon',"KC0D-14>APZEOS,EOSS,WIDE2-1,qAO,W0ARP-1:/144530h3910.35N/10306.33WO109/083/A=031421 2T2822P 'EOSS Balloon'",109.0,96.0,39.1725,-103.1055,58.28,273.35,28220.0,0.00069784,0.35965026,0.00045,-9.444e-05,-22.96666667,n/a,0.003333,-50.055278,0.038668,25.29993,0.06145,1.070699,-0.57502,-23.094763,
EOSS-339,AE0SS-12,2023-04-22 08:45:58.926,2023-04-22 08:45:57,30739.0,-1404.0,1317.0,descending,/144557h3910.17N/10305.61WO100/074EOSS Balloon  www.eoss.org/A=030739!W74!,"AE0SS-12>APTT4,EOSS,qAO,N0RPF-6:/144557h3910.17N/10305.61WO100/074EOSS Balloon  www.eoss.org/A=030739!W74!",100.0,85.0,39.1696166667,-103.0935666667,58.92,,,,,0.00044333,-0.00010778,-23.4,n/a,-0.014444,-49.7262,0.038004,25.315154,0.061348,1.039938,-0.854926,-22.601169,
EOSS-339,KC0D-14,2023-04-22 08:46:01.680,2023-04-22 08:46:00,30722.0,-1398.0,1320.0,descending,/144600h3910.17N/10305.53WO101/075/A=030722 0T2915P 'EOSS Balloon',"KC0D-14>APZEOS,EOSS,WIDE2-1,qAO,W0ARP-1:/144600h3910.17N/10305.53WO101/075/A=030722 0T2915P 'EOSS Balloon'",101.0,86.0,39.1695,-103.0921666667,58.99,273.15,29150.0,0.00072136,0.37177468,0.00044444,-0.0001,-23.3,n/a,0.003333,-49.40393,0.037576,25.327092,0.061085,1.030672,-0.56058,-22.589504,
EOSS-339,AE0SS-12,2023-04-22 08:46:28.351,2023-04-22 08:46:27,30053.0,-1372.0,1347.0,descending,/144627h3910.04N/10304.85WO103/074EOSS Balloon  www.eoss.org/A=030053!W31!,"AE0SS-12>APTT4,EOSS,qAO,W0ARP-2:/144627h3910.04N/10304.85WO103/074EOSS Balloon  www.eoss.org/A=030053!W31!",103.0,85.0,39.1673833333,-103.08085,59.59,,,,,0.00042389,-7.444e-05,-22.86666667,n/a,0.014444,-49.084203,0.037294,25.340157,0.06076,1.034624,-0.37607,-22.156189,
EOSS-339,KC0D-14,2023-04-22 08:46:31.687,2023-04-22 08:46:30,30034.0,-1376.0,1350.0,descending,/144630h3910.03N/10304.77WO104/075/A=030034 -4T3008P 'EOSS Balloon',"KC0D-14>APZEOS,EOSS,WIDE2-1,qAO,W0ARP-1:/144630h3910.03N/10304.77WO104/075/A=030034 -4T3008P 'EOSS Balloon'",104.0,86.0,39.1671666667,-103.0795,59.66,272.75,30080.0,0.00074547,0.38419837,0.00042222,-7.778e-05,-22.93333333,n/a,-0.002222,-48.772884,0.036818,25.348144,0.060544,1.019386,-0.64482,-22.144628,
EOSS-339,AE0SS-12,2023-04-22 08:46:58.447,2023-04-22 08:46:57,29377.0,-1352.0,1377.0,descending,/144657h3909.83N/10304.08WO112/073EOSS Balloon  www.eoss.org/A=029377!W97!,"AE0SS-12>APTT4,EOSS,qAO,W0ARP-2:/144657h3909.83N/10304.08WO112/073EOSS Balloon  www.eoss.org/A=029377!W97!",112.0,84.0,39.1639833333,-103.0681166667,60.29,,,,,0.00042444,-0.00011333,-22.53333333,n/a,0.013333,-48.464183,0.036538,25.357039,0.060233,1.022629,-0.385254,-21.77067,
EOSS-339,KC0D-14,2023-04-22 08:47:01.683,2023-04-22 08:47:00,29358.0,-1352.0,1380.0,descending,/144700h3909.82N/10304.02WO112/072/A=029358 -5T3103P 'EOSS Balloon',"KC0D-14>APZEOS,EOSS,WIDE2-1,qAO,W0ARP-1:/144700h3909.82N/10304.02WO112/072/A=029358 -5T3103P 'EOSS Balloon'",112.0,83.0,39.1636666667,-103.067,60.36,272.65,31030.0,0.00076929,0.39647766,0.00041667,-0.00011667,-22.53333333,n/a,0.0,-48.162661,0.036108,25.362052,0.060004,1.010538,-0.60176,-21.760606,
EOSS-339,AE0SS-12,2023-04-22 08:47:28.272,2023-04-22 08:47:27,28708.0,-1338.0,1407.0,descending,/144727h3909.61N/10303.39WO110/077EOSS Balloon  www.eoss.org/A=028708!W56!,"AE0SS-12>APTT4,EOSS,qAO,W0ARP-2:/144727h3909.61N/10303.39WO110/077EOSS Balloon  www.eoss.org/A=028708!W56!",110.0,89.0,39.16025,-103.0566,60.95,,,,,0.00038389,-0.00012444,-22.3,n/a,0.007778,-47.86539,0.035779,25.366168,0.059728,1.007854,-0.468809,-21.441708,
EOSS-339,KC0D-14,2023-04-22 08:47:31.698,2023-04-22 08:47:30,28681.0,-1354.0,1410.0,descending,/144730h3909.59N/10303.32WO112/076/A=028681 -9T3200P 'EOSS Balloon',"KC0D-14>APZEOS,EOSS,WIDE2-1,qAO,W0ARP-1:/144730h3909.59N/10303.32WO112/076/A=028681 -9T3200P 'EOSS Balloon'",112.0,87.0,39.1598333333,-103.0553333333,61.03,272.25,32000.0,0.00079451,0.40947231,0.00038889,-0.00012778,-22.56666667,n/a,-0.008889,-47.577904,0.035265,25.363745,0.059573,0.986102,-0.741175,-21.429522,
EOSS-339,AE0SS-12,2023-04-22 08:47:58.673,2023-04-22 08:47:57,28045.0,-1326.0,1437.0,descending,/144757h3909.38N/10302.72WO108/062EOSS Balloon  www.eoss.org/A=028045!W52!,"AE0SS-12>APTT4,EOSS,qAO,W9CN-9:/144757h3909.38N/10302.72WO108/062EOSS Balloon  www.eoss.org/A=028045!W52!",108.0,71.0,39.1564166667,-103.0453666667,61.61,,,,,0.00037444,-0.00012778,-22.1,n/a,0.015556,-47.291635,0.035041,25.363412,0.059267,0.993227,-0.328766,-21.16642,
EOSS-339,KC0D-14,2023-04-22 08:48:01.674,2023-04-22 08:48:00,28025.0,-1312.0,1440.0,descending,/144800h3909.37N/10302.66WO109/064/A=028025 -10T3295P 'EOSS Balloon',"KC0D-14>APZEOS,EOSS,WIDE2-1,qAO,W0ARP-1:/144800h3909.37N/10302.66WO109/064/A=028025 -10T3295P 'EOSS Balloon'",109.0,74.0,39.1561666667,-103.0443333333,61.66,272.15,32950.0,0.00081839,0.42178344,0.00036667,-0.00012222,-21.86666667,n/a,0.007778,-47.009136,0.034735,25.362513,0.059,0.991324,-0.456898,-21.158878,
EOSS-339,KC0D-14,2023-04-22 08:48:31.694,2023-04-22 08:48:30,27386.0,-1278.0,1470.0,descending,/144830h3909.18N/10301.95WO106/064/A=027386 -13T3391P 'EOSS Balloon',"KC0D-14>APZEOS,EOSS,WIDE2-1,qAO,W0ARP-1:/144830h3909.18N/10301.95WO106/064/A=027386 -13T3391P 'EOSS Balloon'",106.0,74.0,39.153,-103.0325,62.32,271.85,33910.0,0.00084317,0.43455115,0.00039444,-0.00010556,-21.3,n/a,0.018889,-46.726618,0.034559,25.3648,0.058691,1.002437,-0.266992,-20.940341,
EOSS-339,KC0D-14,2023-04-22 08:49:01.734,2023-04-22 08:49:00,26755.0,-1262.0,1500.0,descending,/144900h3908.97N/10301.20WO114/071/A=026755 -14T3488P 'EOSS Balloon',"KC0D-14>APZEOS,EOSS,WIDE2-1,qAO,W0ARP-1:/144900h3908.97N/10301.20WO114/071/A=026755 -14T3488P 'EOSS Balloon'",114.0,82.0,39.1495,-103.02,63.02,271.75,34880.0,0.00086761,0.44714602,0.00041667,-0.00011667,-21.03333333,n/a,0.008889,-46.447343,0.034277,25.366879,0.058426,1.001858,-0.434533,-20.764522,
EOSS-339,AE0SS-12,2023-04-22 08:49:28.291,2023-04-22 08:49:27,26132.0,-1275.3,1527.0,descending,/144927h3908.79N/10300.59WO104/069EOSS Balloon  www.eoss.org/A=026132!W58!,"AE0SS-12>APTT4,EOSS,qAO,W0ARP-2:/144927h3908.79N/10300.59WO104/069EOSS Balloon  www.eoss.org/A=026132!W58!",104.0,79.0,39.1465833333,-103.0099666667,63.58,,,,,0.00039333,-0.00010926,-21.25555556,n/a,-0.002469,-46.176464,0.033877,25.36352,0.058231,0.982549,-0.624169,-20.625075,
EOSS-339,KC0D-14,2023-04-22 08:49:31.663,2023-04-22 08:49:30,26118.0,-1274.0,1530.0,descending,/144930h3908.78N/10300.52WO109/076/A=026118 -17T3587P 'EOSS Balloon',"KC0D-14>APZEOS,EOSS,WIDE2-1,qAO,W0ARP-1:/144930h3908.78N/10300.52WO109/076/A=026118 -17T3587P 'EOSS Balloon'",109.0,87.0,39.1463333333,-103.0086666667,63.65,271.45,35870.0,0.00089322,0.46034558,0.00037778,-0.00010556,-21.23333333,n/a,0.000741,-45.911111,0.033521,25.357633,0.058015,0.973189,-0.565026,-20.622287,
EOSS-339,AE0SS-12,2023-04-22 08:49:58.571,2023-04-22 08:49:57,25508.0,-1248.0,1557.0,descending,/144957h3908.56N/10259.90WO115/064EOSS Balloon  www.eoss.org/A=025508!W10!,"AE0SS-12>APTT4,EOSS,qAO,W9CN-9:/144957h3908.56N/10259.90WO115/064EOSS Balloon  www.eoss.org/A=025508!W10!",115.0,74.0,39.1426833333,-102.9983333333,64.26,,,,,0.00038778,-0.00013,-20.8,n/a,0.014444,-45.646784,0.033318,25.353631,0.057736,0.980009,-0.326902,-20.513459,
EOSS-339,KC0D-14,2023-04-22 08:50:01.656,2023-04-22 08:50:00,25496.0,-1244.0,1560.0,descending,/145000h3908.54N/10259.84WO112/063/A=025496 -17T3685P 'EOSS Balloon',"KC0D-14>APZEOS,EOSS,WIDE2-1,qAO,W0ARP-1:/145000h3908.54N/10259.84WO112/063/A=025496 -17T3685P 'EOSS Balloon'",112.0,72.0,39.1423333333,-102.9973333333,64.32,271.45,36850.0,0.00091762,0.47292263,0.00037778,-0.00013333,-20.73333333,n/a,0.002222,-45.387269,0.032991,25.347695,0.057516,0.97263,-0.534964,-20.511543,
EOSS-339,AE0SS-12,2023-04-22 08:50:28.321,2023-04-22 08:50:27,24895.0,-1226.0,1587.0,descending,/145027h3908.36N/10259.21WO116/075EOSS Balloon  www.eoss.org/A=024895!W84!,"AE0SS-12>APTT4,EOSS,qAO,W0ARP-2:/145027h3908.36N/10259.21WO116/075EOSS Balloon  www.eoss.org/A=024895!W84!",116.0,86.0,39.1394666667,-102.9869,64.9,,,,,0.00038111,-0.00010722,-20.43333333,n/a,0.01,-45.130011,0.032751,25.342305,0.057261,0.974524,-0.397321,-20.424415,
EOSS-339,KC0D-14,2023-04-22 08:50:31.653,2023-04-22 08:50:30,24885.0,-1222.0,1590.0,descending,/145030h3908.34N/10259.14WO116/073/A=024885 -19T3785P 'EOSS Balloon',"KC0D-14>APZEOS,EOSS,WIDE2-1,qAO,W0ARP-1:/145030h3908.34N/10259.14WO116/073/A=024885 -19T3785P 'EOSS Balloon'",116.0,84.0,39.139,-102.9856666667,64.97,271.25,37850.0,0.00094322,0.48611451,0.00038889,-0.00011111,-20.36666667,n/a,0.002222,-44.877324,0.032437,25.335131,0.057046,0.967457,-0.52966,-20.423092,
EOSS-339,AE0SS-12,2023-04-22 08:50:58.454,2023-04-22 08:50:57,24278.0,-1234.0,1617.0,descending,/145057h3908.12N/10258.56WO117/068EOSS Balloon  www.eoss.org/A=024278!W51!,"AE0SS-12>APTT4,EOSS,qAO,W0ARP-2:/145057h3908.12N/10258.56WO117/068EOSS Balloon  www.eoss.org/A=024278!W51!",117.0,78.0,39.1354166667,-102.9760166667,65.54,,,,,0.00036278,-0.000135,-20.56666667,n/a,-0.006667,-44.631762,0.032038,25.323684,0.056889,0.9503,-0.68036,-20.347895,
EOSS-339,KC0D-14,2023-04-22 08:51:01.685,2023-04-22 08:51:00,24261.0,-1248.0,1620.0,descending,/145100h3908.10N/10258.50WO111/063/A=024261 -19T3889P 'EOSS Balloon',"KC0D-14>APZEOS,EOSS,WIDE2-1,qAO,W0ARP-1:/145100h3908.10N/10258.50WO111/063/A=024261 -19T3889P 'EOSS Balloon'",111.0,72.0,39.135,-102.975,65.6,271.25,38890.0,0.00096913,0.49947142,0.00035556,-0.00013333,-20.8,n/a,-0.007778,-44.393444,0.031635,25.30792,0.056739,0.932255,-0.694637,-20.345896,
EOSS-339,KC0D-14,2023-04-22 08:51:31.978,2023-04-22 08:51:30,23651.0,-1220.0,1650.0,descending,/145130h3907.93N/10257.83WO107/067/A=023651 -21T3992P 'EOSS Balloon',"KC0D-14>APZEOS,EOSS,WIDE2-1,qAO,W0ARP-1:/145130h3907.93N/10257.83WO107/067/A=023651 -21T3992P 'EOSS Balloon'",107.0,77.0,39.1321666667,-102.9638333333,66.22,271.05,39920.0,0.00099554,0.51307821,0.00037222,-9.444e-05,-20.33333333,n/a,0.015556,-44.155226,0.031475,25.294614,0.056475,0.941777,-0.281877,-20.27527,
EOSS-339,AE0SS-12,2023-04-22 08:51:58.978,2023-04-22 08:51:57,23057.0,-1221.0,1677.0,descending,/145157h3907.76N/10257.19WO116/068EOSS Balloon  www.eoss.org/A=023057!W63!,"AE0SS-12>APTT4,EOSS,qAO,N0RPF-6:/145157h3907.76N/10257.19WO116/068EOSS Balloon  www.eoss.org/A=023057!W63!",116.0,78.0,39.1294333333,-102.9532166667,66.81,,,,,0.00038,-9.972e-05,-20.35,n/a,-0.000278,-43.921841,0.03116,25.279209,0.05628,0.93246,-0.5586,-20.203288,
EOSS-339,KC0D-14,2023-04-22 08:52:01.677,2023-04-22 08:52:00,23041.0,-1220.0,1680.0,descending,/145200h3907.74N/10257.13WO115/070/A=023041 -20T4096P 'EOSS Balloon',"KC0D-14>APZEOS,EOSS,WIDE2-1,qAO,W0ARP-1:/145200h3907.74N/10257.13WO115/070/A=023041 -20T4096P 'EOSS Balloon'",115.0,81.0,39.129,-102.9521666667,66.87,271.15,40960.0,0.0010211,0.52625082,0.00038889,-0.00010556,-20.33333333,n/a,0.000556,-43.692826,0.03086,25.262135,0.056083,0.924684,-0.540342,-20.201234,
EOSS-339,AE0SS-12,2023-04-22 08:52:28.539,2023-04-22 08:52:27,22450.0,-1214.0,1707.0,descending,/145227h3907.54N/10256.52WO114/068EOSS Balloon  www.eoss.org/A=022450!W58!,"AE0SS-12>APTT4,EOSS,qAO,W0ARP-2:/145227h3907.54N/10256.52WO114/068EOSS Balloon  www.eoss.org/A=022450!W58!",114.0,78.0,39.12575,-102.9421333333,67.45,,,,,0.00036944,-0.00012278,-20.23333333,n/a,0.003333,-43.467254,0.030593,25.244235,0.055873,0.920365,-0.487892,-20.118582,
EOSS-339,KC0D-14,2023-04-22 08:52:31.693,2023-04-22 08:52:30,22443.0,-1196.0,1710.0,descending,/145230h3907.52N/10256.46WO112/069/A=022443 -21T4202P 'EOSS Balloon',"KC0D-14>APZEOS,EOSS,WIDE2-1,qAO,W0ARP-1:/145230h3907.52N/10256.46WO112/069/A=022443 -21T4202P 'EOSS Balloon'",112.0,79.0,39.1253333333,-102.941,67.52,271.05,42020.0,0.00104791,0.5400688,0.00037222,-0.00012222,-19.93333333,n/a,0.01,-43.243122,0.030395,25.227336,0.055638,0.923989,-0.366566,-20.117509,
EOSS-339,AE0SS-12,2023-04-22 08:52:58.498,2023-04-22 08:52:57,21850.0,-1200.0,1737.0,descending,/145257h3907.34N/10255.78WO109/075EOSS Balloon  www.eoss.org/A=021850!W27!,"AE0SS-12>APTT4,EOSS,qAO,W0ARP-2:/145257h3907.34N/10255.78WO109/075EOSS Balloon  www.eoss.org/A=021850!W27!",109.0,86.0,39.1223666667,-102.9297833333,68.14,,,,,0.00041167,-0.00011278,-20.0,n/a,-0.002222,-43.023847,0.030084,25.208213,0.055461,0.913347,-0.582499,-20.016301,
EOSS-339,KC0D-14,2023-04-22 08:53:01.673,2023-04-22 08:53:00,21847.0,-1192.0,1740.0,descending,/145300h3907.32N/10255.71WO108/073/A=021847 -20T4309P 'EOSS Balloon',"KC0D-14>APZEOS,EOSS,WIDE2-1,qAO,W0ARP-1:/145300h3907.32N/10255.71WO108/073/A=021847 -20T4309P 'EOSS Balloon'",108.0,84.0,39.122,-102.9285,68.21,271.15,43090.0,0.00107419,0.55361689,0.00041667,-0.00011111,-19.86666667,n/a,0.004444,-42.807425,0.029842,25.188705,0.055253,0.910756,-0.459667,-20.015731,
EOSS-339,KC0D-14,2023-04-22 08:53:31.704,2023-04-22 08:53:30,21265.0,-1164.0,1770.0,descending,/145330h3907.06N/10254.95WO117/072/A=021265 -21T4415P 'EOSS Balloon',"KC0D-14>APZEOS,EOSS,WIDE2-1,qAO,W0ARP-1:/145330h3907.06N/10254.95WO117/072/A=021265 -21T4415P 'EOSS Balloon'",117.0,83.0,39.1176666667,-102.9158333333,68.95,271.05,44150.0,0.00110102,0.56744496,0.00042222,-0.00014444,-19.4,n/a,0.015556,-42.590689,0.029709,25.1717,0.055009,0.9213,-0.257285,-19.892293,
EOSS-339,KC0D-14,2023-04-22 08:54:01.644,2023-04-22 08:54:00,20669.0,-1192.0,1800.0,descending,/145400h3906.76N/10254.34WO118/059/A=020669 -19T4527P 'EOSS Balloon',"KC0D-14>APZEOS,EOSS,WIDE2-1,qAO,W0ARP-1:/145400h3906.76N/10254.34WO118/059/A=020669 -19T4527P 'EOSS Balloon'",118.0,68.0,39.1126666667,-102.9056666667,69.59,271.25,45270.0,0.00112812,0.58141094,0.00033889,-0.00016667,-19.86666667,n/a,-0.015556,-42.382212,0.02929,25.149257,0.054924,0.895277,-0.81651,-19.735635,
EOSS-339,AE0SS-12,2023-04-22 08:54:28.249,2023-04-22 08:54:27,20104.0,-1164.0,1827.0,descending,/145427h3906.55N/10253.78WO116/057EOSS Balloon  www.eoss.org/A=020104!W25!,"AE0SS-12>APTT4,EOSS,qAO,W0ARP-2:/145427h3906.55N/10253.78WO116/057EOSS Balloon  www.eoss.org/A=020104!W25!",116.0,66.0,39.1092,-102.8964166667,70.14,,,,,0.00037074,-0.0001463,-19.4,n/a,0.005185,-42.173283,0.029069,25.129348,0.054718,0.906242,-0.436493,-19.55482,
EOSS-339,KC0D-14,2023-04-22 08:54:31.713,2023-04-22 08:54:30,20105.0,-1128.0,1830.0,descending,/145430h3906.53N/10253.73WO111/055/A=020105 -19T4636P 'EOSS Balloon',"KC0D-14>APZEOS,EOSS,WIDE2-1,qAO,W0ARP-1:/145430h3906.53N/10253.73WO111/055/A=020105 -19T4636P 'EOSS Balloon'",111.0,63.0,39.1088333333,-102.8955,70.2,271.25,46360.0,0.00115529,0.59541001,0.00033889,-0.00012778,-18.8,n/a,0.02,-41.962713,0.028986,25.113046,0.054473,0.922338,-0.164962,-19.555169,
EOSS-339,AE0SS-12,2023-04-22 08:54:58.312,2023-04-22 08:54:57,19553.0,-1102.0,1857.0,descending,/145457h3906.42N/10253.24WO091/049EOSS Balloon  www.eoss.org/A=019553!W32!,"AE0SS-12>APTT4,EOSS,qAO,W0ARP-2:/145457h3906.42N/10253.24WO091/049EOSS Balloon  www.eoss.org/A=019553!W32!",91.0,56.0,39.10705,-102.8873666667,70.64,,,,,0.00030167,-7.167e-05,-18.36666667,n/a,0.014444,-41.752034,0.028855,25.098897,0.054243,0.931729,-0.265675,-19.345737,
EOSS-339,KC0D-14,2023-04-22 08:55:01.978,2023-04-22 08:55:00,19554.0,-1102.0,1860.0,descending,/145500h3906.42N/10253.19WO091/048/A=019554 -17T4745P 'EOSS Balloon',"KC0D-14>APZEOS,EOSS,WIDE2-1,qAO,W0ARP-1:/145500h3906.42N/10253.19WO091/048/A=019554 -17T4745P 'EOSS Balloon'",91.0,55.0,39.107,-102.8865,70.68,271.45,47450.0,0.00118158,0.60896007,0.0003,-6.111e-05,-18.36666667,n/a,0.0,-41.545084,0.028598,25.083254,0.054067,0.924059,-0.528936,-19.346146,
EOSS-339,AE0SS-12,2023-04-22 08:55:28.595,2023-04-22 08:55:27,19015.0,-1076.0,1887.0,descending,/145527h3906.40N/10252.73WO094/049EOSS Balloon  www.eoss.org/A=019015!W34!,"AE0SS-12>APTT4,EOSS,qAO,W0ARP-2:/145527h3906.40N/10252.73WO094/049EOSS Balloon  www.eoss.org/A=019015!W34!",94.0,56.0,39.1067166667,-102.8789,71.04,,,,,0.00028222,-1.111e-05,-17.93333333,n/a,0.014444,-41.337963,0.028472,25.069747,0.053841,0.933581,-0.260545,-19.109466,
EOSS-339,KC0D-14,2023-04-22 08:55:31.726,2023-04-22 08:55:30,19009.0,-1090.0,1890.0,descending,/145530h3906.40N/10252.68WO091/047/A=019009 -18T4856P 'EOSS Balloon',"KC0D-14>APZEOS,EOSS,WIDE2-1,qAO,W0ARP-1:/145530h3906.40N/10252.68WO091/047/A=019009 -18T4856P 'EOSS Balloon'",91.0,54.0,39.1066666667,-102.878,71.09,271.35,48560.0,0.00120966,0.62343517,0.00028333,-1.111e-05,-18.16666667,n/a,-0.007778,-41.136473,0.028154,25.052902,0.05371,0.916852,-0.669,-19.106653,
EOSS-339,AE0SS-12,2023-04-22 08:55:58.678,2023-04-22 08:55:57,18464.0,-1102.0,1917.0,descending,/145557h3906.36N/10252.20WO102/050EOSS Balloon  www.eoss.org/A=018464!W55!,"AE0SS-12>APTT4,EOSS,qAO,N0RPF-6:/145557h3906.36N/10252.20WO102/050EOSS Balloon  www.eoss.org/A=018464!W55!",102.0,58.0,39.1060833333,-102.8700833333,71.47,,,,,0.00029389,-2.111e-05,-18.36666667,n/a,-0.006667,-40.940182,0.027852,25.033171,0.053572,0.901744,-0.644348,-18.835183,
EOSS-339,KC0D-14,2023-04-22 08:56:01.702,2023-04-22 08:56:00,18451.0,-1116.0,1920.0,descending,/145600h3906.35N/10252.15WO104/050/A=018451 -15T4972P 'EOSS Balloon',"KC0D-14>APZEOS,EOSS,WIDE2-1,qAO,W0ARP-1:/145600h3906.35N/10252.15WO104/050/A=018451 -15T4972P 'EOSS Balloon'",104.0,58.0,39.1058333333,-102.8691666667,71.53,271.65,49720.0,0.00123719,0.63762283,0.00029444,-2.778e-05,-18.6,n/a,-0.007778,-40.74924,0.027544,25.010459,0.053441,0.885599,-0.660953,-18.828332,
EOSS-339,AE0SS-12,2023-04-22 08:56:28.435,2023-04-22 08:56:27,17903.0,-1122.0,1947.0,descending,/145627h3906.28N/10251.70WO100/036EOSS Balloon  www.eoss.org/A=017903!W88!,"AE0SS-12>APTT4,EOSS,qAO,W0ARP-2:/145627h3906.28N/10251.70WO100/036EOSS Balloon  www.eoss.org/A=017903!W88!",100.0,41.0,39.1048,-102.8618,71.9,,,,,0.00027611,-4.278e-05,-18.7,n/a,-0.003333,-40.562382,0.02728,24.985932,0.053287,0.874988,-0.574493,-18.524715,
EOSS-339,KC0D-14,2023-04-22 08:56:31.665,2023-04-22 08:56:30,17896.0,-1110.0,1950.0,descending,/145630h3906.28N/10251.67WO102/038/A=017896 -16T5089P 'EOSS Balloon',"KC0D-14>APZEOS,EOSS,WIDE2-1,qAO,W0ARP-1:/145630h3906.28N/10251.67WO102/038/A=017896 -16T5089P 'EOSS Balloon'",102.0,44.0,39.1046666667,-102.8611666667,71.94,271.55,50890.0,0.00126677,0.65286756,0.00026667,-3.889e-05,-18.5,n/a,0.006667,-40.376984,0.027106,24.9619,0.053093,0.876415,-0.384966,-18.520659,
EOSS-339,KC0D-14,2023-04-22 08:57:01.689,2023-04-22 08:57:00,17373.0,-1046.0,1980.0,descending,/145700h3906.26N/10251.31WO090/030/A=017373 -13T5203P 'EOSS Balloon',"KC0D-14>APZEOS,EOSS,WIDE2-1,qAO,W0ARP-1:/145700h3906.26N/10251.31WO090/030/A=017373 -13T5203P 'EOSS Balloon'",90.0,35.0,39.1043333333,-102.8551666667,72.23,271.85,52030.0,0.00129372,0.66675601,0.0002,-1.111e-05,-17.43333333,n/a,0.035556,-40.185787,0.027177,24.944882,0.052873,0.912109,0.158474,-18.20638,
EOSS-339,AE0SS-12,2023-04-22 08:57:28.227,2023-04-22 08:57:27,16846.0,-1057.0,2007.0,descending,/145727h3906.23N/10251.08WO092/025EOSS Balloon  www.eoss.org/A=016846!W99!,"AE0SS-12>APTT4,EOSS,qAO,W0ARP-2:/145727h3906.23N/10251.08WO092/025EOSS Balloon  www.eoss.org/A=016846!W99!",92.0,29.0,39.1039833333,-102.8514833333,72.42,,,,,0.00017194,-1.361e-05,-17.61666667,n/a,-0.003056,-39.999265,0.026925,24.925316,0.052723,0.897987,-0.568651,-17.871107,
EOSS-339,KC0D-14,2023-04-22 08:57:31.667,2023-04-22 08:57:30,16847.0,-1052.0,2010.0,descending,/145730h3906.24N/10251.06WO092/028/A=016847 -14T5317P 'EOSS Balloon',"KC0D-14>APZEOS,EOSS,WIDE2-1,qAO,W0ARP-1:/145730h3906.24N/10251.06WO092/028/A=016847 -14T5317P 'EOSS Balloon'",92.0,32.0,39.104,-102.851,72.44,271.75,53170.0,0.00132255,0.68161565,0.00013889,-1.111e-05,-17.53333333,n/a,0.002778,-39.815118,0.026725,24.905299,0.052548,0.89466,-0.455717,-17.871756,
EOSS-339,AE0SS-12,2023-04-22 08:57:58.262,2023-04-22 08:57:57,16331.0,-1030.0,2037.0,descending,/145757h3906.18N/10250.80WO111/020EOSS Balloon  www.eoss.org/A=016331!W87!,"AE0SS-12>APTT4,EOSS,qAO,W0ARP-2:/145757h3906.18N/10250.80WO111/020EOSS Balloon  www.eoss.org/A=016331!W87!",111.0,23.0,39.1031333333,-102.8467833333,72.66,,,,,0.00015667,-2.833e-05,-17.16666667,n/a,0.012222,-39.630985,0.026606,24.886945,0.052347,0.902655,-0.274782,-17.531965,
EOSS-339,KC0D-14,2023-04-22 08:58:01.694,2023-04-22 08:58:00,16342.0,-1010.0,2040.0,descending,/145800h3906.18N/10250.79WO104/020/A=016342 -11T5432P 'EOSS Balloon',"KC0D-14>APZEOS,EOSS,WIDE2-1,qAO,W0ARP-1:/145800h3906.18N/10250.79WO104/020/A=016342 -11T5432P 'EOSS Balloon'",104.0,23.0,39.103,-102.8465,72.68,272.05,54320.0,0.00134967,0.69559024,0.00015,-3.333e-05,-16.83333333,n/a,0.011111,-39.447133,0.02648,24.869982,0.052151,0.909281,-0.294702,-17.539276,
EOSS-339,AE0SS-12,2023-04-22 08:58:28.526,2023-04-22 08:58:27,15825.0,-1012.0,2067.0,descending,/145827h3906.17N/10250.57WO091/030EOSS Balloon  www.eoss.org/A=015825!W76!,"AE0SS-12>APTT4,EOSS,qAO,W0ARP-2:/145827h3906.17N/10250.57WO091/030EOSS Balloon  www.eoss.org/A=015825!W76!",91.0,35.0,39.10295,-102.8429333333,72.85,,,,,0.00012833,-6.11e-06,-16.86666667,n/a,-0.001111,-39.266489,0.026258,24.8517,0.051998,0.90134,-0.526347,-17.19523,
EOSS-339,KC0D-14,2023-04-22 08:58:31.648,2023-04-22 08:58:30,15828.0,-1028.0,2070.0,descending,/145830h3906.18N/10250.54WO088/029/A=015828 -11T5548P 'EOSS Balloon',"KC0D-14>APZEOS,EOSS,WIDE2-1,qAO,W0ARP-1:/145830h3906.18N/10250.54WO088/029/A=015828 -11T5548P 'EOSS Balloon'",88.0,33.0,39.103,-102.8423333333,72.88,272.05,55480.0,0.00137849,0.71044452,0.00013889,0.0,-17.13333333,n/a,-0.008889,-39.090829,0.025977,24.830506,0.051883,0.884295,-0.672012,-17.19722,
EOSS-339,AE0SS-12,2023-04-22 08:58:58.295,2023-04-22 08:58:57,15327.0,-996.0,2097.0,descending,/145857h3906.14N/10250.27WO103/025EOSS Balloon  www.eoss.org/A=015327!W49!,"AE0SS-12>APTT4,EOSS,qAO,W0ARP-2:/145857h3906.14N/10250.27WO103/025EOSS Balloon  www.eoss.org/A=015327!W49!",103.0,29.0,39.1024,-102.8379833333,73.1,,,,,0.000165,-1.833e-05,-16.6,n/a,0.017778,-38.913736,0.025912,24.812169,0.05168,0.899306,-0.157392,-16.868721,
EOSS-339,KC0D-14,2023-04-22 08:59:01.673,2023-04-22 08:59:00,15333.0,-990.0,2100.0,descending,/145900h3906.14N/10250.25WO105/024/A=015333 -9T5662P 'EOSS Balloon',"KC0D-14>APZEOS,EOSS,WIDE2-1,qAO,W0ARP-1:/145900h3906.14N/10250.25WO105/024/A=015333 -9T5662P 'EOSS Balloon'",105.0,28.0,39.1023333333,-102.8375,73.13,272.25,56620.0,0.00140578,0.72451007,0.00016111,-2.222e-05,-16.5,n/a,0.003333,-38.738628,0.025734,24.793567,0.051513,0.896952,-0.434861,-16.872591,
EOSS-339,AE0SS-12,2023-04-22 08:59:28.329,2023-04-22 08:59:27,14831.0,-992.0,2127.0,descending,/145927h3906.14N/10250.03WO092/028EOSS Balloon  www.eoss.org/A=014831!W25!,"AE0SS-12>APTT4,EOSS,qAO,W0ARP-2:/145927h3906.14N/10250.03WO092/028EOSS Balloon  www.eoss.org/A=014831!W25!",92.0,32.0,39.1023666667,-102.8339166667,73.29,,,,,0.00013556,-1.11e-06,-16.53333333,n/a,-0.001111,-38.566494,0.025524,24.773791,0.051365,0.889374,-0.518544,-16.557358,
EOSS-339,KC0D-14,2023-04-22 08:59:31.698,2023-04-22 08:59:30,14834.0,-998.0,2130.0,descending,/145930h3906.14N/10250.00WO095/029/A=014834 -9T5778P 'EOSS Balloon',"KC0D-14>APZEOS,EOSS,WIDE2-1,qAO,W0ARP-1:/145930h3906.14N/10250.00WO095/029/A=014834 -9T5778P 'EOSS Balloon'",95.0,33.0,39.1023333333,-102.8333333333,73.32,272.25,57780.0,0.00143458,0.73935344,0.00013889,0.0,-16.63333333,n/a,-0.003333,-38.397778,0.0253,24.752445,0.051227,0.879285,-0.558944,-16.55918,
EOSS-339,AE0SS-12,2023-04-22 08:59:58.505,2023-04-22 08:59:57,14329.0,-1004.0,2157.0,descending,/145957h3906.09N/10249.76WO111/018EOSS Balloon  www.eoss.org/A=014329!W26!,"AE0SS-12>APTT4,EOSS,qAO,W9CN-9:/145957h3906.09N/10249.76WO111/018EOSS Balloon  www.eoss.org/A=014329!W26!",111.0,21.0,39.1015333333,-102.8294333333,73.53,,,,,0.00014944,-2.778e-05,-16.73333333,n/a,-0.003333,-38.2324,0.02508,24.729606,0.05109,0.869366,-0.556136,-16.266058,
EOSS-339,KC0D-14,2023-04-22 09:00:01.682,2023-04-22 09:00:00,14332.0,-1004.0,2160.0,descending,/150000h3906.09N/10249.74WO111/024/A=014332 -6T5899P 'EOSS Balloon',"KC0D-14>APZEOS,EOSS,WIDE2-1,qAO,W0ARP-1:/150000h3906.09N/10249.74WO111/024/A=014332 -6T5899P 'EOSS Balloon'",111.0,28.0,39.1015,-102.829,73.55,272.55,58990.0,0.00146301,0.75400575,0.00014444,-2.778e-05,-16.73333333,n/a,0.0,-38.069529,0.024889,24.706004,0.05094,0.863604,-0.488594,-16.267708,
EOSS-339,AE0SS-12,2023-04-22 09:00:28.527,2023-04-22 09:00:27,13837.0,-984.0,2187.0,descending,/150027h3906.06N/10249.54WO092/028EOSS Balloon  www.eoss.org/A=013837!W80!,"AE0SS-12>APTT4,EOSS,qAO,W9CN-9:/150027h3906.06N/10249.54WO092/028EOSS Balloon  www.eoss.org/A=013837!W80!",92.0,32.0,39.1011333333,-102.8256666667,73.72,,,,,0.00012556,-1.333e-05,-16.4,n/a,0.011111,-37.9066,0.024784,24.683863,0.05076,0.871282,-0.269366,-16.013628,
EOSS-339,KC0D-14,2023-04-22 09:00:31.691,2023-04-22 09:00:30,13846.0,-972.0,2190.0,descending,/150030h3906.07N/10249.51WO093/027/A=013846 -6T6017P 'EOSS Balloon',"KC0D-14>APZEOS,EOSS,WIDE2-1,qAO,W0ARP-1:/150030h3906.07N/10249.51WO093/027/A=013846 -6T6017P 'EOSS Balloon'",93.0,31.0,39.1011666667,-102.8251666667,73.74,272.55,60170.0,0.00149228,0.76908842,0.00012778,-1.111e-05,-16.2,n/a,0.006667,-37.74461,0.024648,24.662282,0.050591,0.873585,-0.355419,-16.017894,
EOSS-339,AE0SS-12,2023-04-22 09:00:58.383,2023-04-22 09:00:57,13348.0,-978.0,2217.0,descending,/150057h3906.01N/10249.29WO095/014EOSS Balloon  www.eoss.org/A=013348!W31!,"AE0SS-12>APTT4,EOSS,qAO,W0ARP-2:/150057h3906.01N/10249.29WO095/014EOSS Balloon  www.eoss.org/A=013348!W31!",95.0,16.0,39.1002166667,-102.8215166667,73.95,,,,,0.00013833,-3.056e-05,-16.3,n/a,-0.003333,-37.585761,0.024439,24.63931,0.050459,0.863894,-0.550387,-15.804624,
EOSS-339,KC0D-14,2023-04-22 09:01:01.686,2023-04-22 09:01:00,13357.0,-978.0,2220.0,descending,/150100h3906.01N/10249.27WO093/017/A=013357 -4T6137P 'EOSS Balloon',"KC0D-14>APZEOS,EOSS,WIDE2-1,qAO,W0ARP-1:/150100h3906.01N/10249.27WO093/017/A=013357 -4T6137P 'EOSS Balloon'",93.0,20.0,39.1001666667,-102.8211666667,73.96,272.75,61370.0,0.00152092,0.78385153,0.00013333,-3.333e-05,-16.3,n/a,0.0,-37.429248,0.024258,24.615648,0.050314,0.858367,-0.482132,-15.80804,
EOSS-339,AE0SS-12,2023-04-22 09:01:28.317,2023-04-22 09:01:27,12833.0,-1030.0,2247.0,descending,/150127h3905.99N/10249.09WO099/019EOSS Balloon  www.eoss.org/A=012833!W00!,"AE0SS-12>APTT4,EOSS,qAO,W0ARP-2:/150127h3905.99N/10249.09WO099/019EOSS Balloon  www.eoss.org/A=012833!W00!",99.0,22.0,39.0998333333,-102.8181666667,74.12,,,,,0.00011167,-1.278e-05,-17.16666667,n/a,-0.028889,-37.281346,0.023868,24.586004,0.050334,0.818135,-1.048138,-15.63924,
EOSS-339,KC0D-14,2023-04-22 09:01:31.638,2023-04-22 09:01:30,12829.0,-1056.0,2250.0,descending,/150130h3905.99N/10249.07WO101/019/A=012829 -3T6269P 'EOSS Balloon',"KC0D-14>APZEOS,EOSS,WIDE2-1,qAO,W0ARP-1:/150130h3905.99N/10249.07WO101/019/A=012829 -3T6269P 'EOSS Balloon'",101.0,22.0,39.0998333333,-102.8178333333,74.13,272.85,62690.0,0.00155307,0.80041784,0.00011111,-1.111e-05,-17.6,n/a,-0.014444,-37.138728,0.023588,24.553337,0.050255,0.795767,-0.75678,-15.638198,
EOSS-339,AE0SS-12,2023-04-22 09:01:58.719,2023-04-22 09:01:57,12318.0,-1030.0,2277.0,descending,/150157h3905.93N/10248.83WO109/028EOSS Balloon  www.eoss.org/A=012318!W76!,"AE0SS-12>APTT4,EOSS,qAO,W9CN-9:/150157h3905.93N/10248.83WO109/028EOSS Balloon  www.eoss.org/A=012318!W76!",109.0,32.0,39.09895,-102.8139333333,74.35,,,,,0.00014111,-2.944e-05,-17.16666667,n/a,0.014444,-36.995044,0.023522,24.522794,0.050078,0.808569,-0.181277,-15.538529,
EOSS-339,KC0D-14,2023-04-22 09:02:01.682,2023-04-22 09:02:00,12317.0,-1024.0,2280.0,descending,/150200h3905.93N/10248.81WO104/027/A=012317 0T6399P 'EOSS Balloon',"KC0D-14>APZEOS,EOSS,WIDE2-1,qAO,W0ARP-1:/150200h3905.93N/10248.81WO104/027/A=012317 0T6399P 'EOSS Balloon'",104.0,31.0,39.0988333333,-102.8135,74.37,273.15,63990.0,0.00158353,0.81611875,0.00014444,-3.333e-05,-17.06666667,n/a,0.003333,-36.852698,0.023376,24.492402,0.049925,0.807844,-0.401462,-15.538401,
EOSS-339,KC0D-14,2023-04-22 09:02:31.666,2023-04-22 09:02:30,11826.0,-982.0,2310.0,descending,/150230h3905.81N/10248.59WO139/021/A=011826 0T6525P 'EOSS Balloon',"KC0D-14>APZEOS,EOSS,WIDE2-1,qAO,W0ARP-1:/150230h3905.81N/10248.59WO139/021/A=011826 0T6525P 'EOSS Balloon'",139.0,24.0,39.0968333333,-102.8098333333,74.61,273.15,65250.0,0.00161471,0.8321886,0.00012222,-6.667e-05,-16.36666667,n/a,0.023333,-36.707407,0.023376,24.465677,0.049745,0.831399,-0.000864,-15.508514,
EOSS-339,AE0SS-12,2023-04-22 09:02:58.880,2023-04-22 09:02:57,11337.0,-981.0,2337.0,descending,/150257h3905.71N/10248.45WO114/013EOSS Balloon  www.eoss.org/A=011337!W68!,"AE0SS-12>APTT4,EOSS,qAO,N0RPF-6:/150257h3905.71N/10248.45WO114/013EOSS Balloon  www.eoss.org/A=011337!W68!",114.0,15.0,39.0952666667,-102.8076333333,74.76,,,,,0.000105,-6.139e-05,-16.35,n/a,0.000278,-36.564045,0.023212,24.438548,0.049606,0.827138,-0.462323,-15.545292,
EOSS-339,KC0D-14,2023-04-22 09:03:01.989,2023-04-22 09:03:00,11344.0,-964.0,2340.0,descending,/150300h3905.71N/10248.44WO112/015/A=011344 3T6653P 'EOSS Balloon',"KC0D-14>APZEOS,EOSS,WIDE2-1,qAO,W9CN-9:/150300h3905.71N/10248.44WO112/015/A=011344 3T6653P 'EOSS Balloon'",112.0,17.0,39.0951666667,-102.8073333333,74.78,273.45,66530.0,0.00164458,0.84758262,8.333e-05,-5.556e-05,-16.06666667,n/a,0.009444,-36.420707,0.023115,24.412594,0.049443,0.833752,-0.2765,-15.544298,
EOSS-339,AE0SS-12,2023-04-22 09:03:28.796,2023-04-22 09:03:27,10845.0,-984.0,2367.0,descending,/150327h3905.64N/10248.31WO127/009EOSS Balloon  www.eoss.org/A=010845!W88!,"AE0SS-12>APTT4,EOSS,qAO,W9CN-9:/150327h3905.64N/10248.31WO127/009EOSS Balloon  www.eoss.org/A=010845!W88!",127.0,10.0,39.0941333333,-102.8053,74.91,,,,,7.778e-05,-3.778e-05,-16.4,n/a,-0.011111,-36.281674,0.022876,24.384229,0.049352,0.81535,-0.688665,-15.647811,
EOSS-339,KC0D-14,2023-04-22 09:03:31.947,2023-04-22 09:03:30,10860.0,-968.0,2370.0,descending,/150330h3905.64N/10248.30WO130/015/A=010860 3T6782P 'EOSS Balloon',"KC0D-14>APZEOS,EOSS,WIDE2-1,qAO,W9CN-9:/150330h3905.64N/10248.30WO130/015/A=010860 3T6782P 'EOSS Balloon'",130.0,17.0,39.094,-102.805,74.93,273.45,67820.0,0.00167647,0.86401704,7.778e-05,-3.889e-05,-16.13333333,n/a,0.008889,-36.14272,0.022779,24.356954,0.049192,0.821506,-0.282363,-15.643764,
EOSS-339,AE0SS-12,2023-04-22 09:03:58.780,2023-04-22 09:03:57,10375.0,-940.0,2397.0,descending,/150357h3905.53N/10248.19WO152/019EOSS Balloon  www.eoss.org/A=010375!W53!,"AE0SS-12>APTT4,EOSS,qAO,W9CN-9:/150357h3905.53N/10248.19WO152/019EOSS Balloon  www.eoss.org/A=010375!W53!",152.0,22.0,39.09225,-102.8032166667,75.07,,,,,6.944e-05,-6.278e-05,-15.66666667,n/a,0.015556,-36.002473,0.022729,24.331902,0.049025,0.835767,-0.146313,-15.801047,
EOSS-339,KC0D-14,2023-04-22 09:04:02.011,2023-04-22 09:04:00,10386.0,-948.0,2400.0,descending,/150400h3905.52N/10248.19WO161/020/A=010386 7T6912P 'EOSS Balloon',"KC0D-14>APZEOS,EOSS,WIDE2-1,qAO,W9CN-9:/150400h3905.52N/10248.19WO161/020/A=010386 7T6912P 'EOSS Balloon'",161.0,23.0,39.092,-102.8031666667,75.08,273.85,69120.0,0.00170611,0.87929263,6.111e-05,-6.667e-05,-15.8,n/a,-0.004444,-35.865042,0.022543,24.305614,0.048907,0.825531,-0.551802,-15.796918,
EOSS-339,AE0SS-12,2023-04-22 09:04:28.611,2023-04-22 09:04:27,9909.0,-932.0,2427.0,descending,/150427h3905.42N/10248.14WO162/011EOSS Balloon  www.eoss.org/A=009909!W19!,"AE0SS-12>APTT4,EOSS,qAO,W9CN-9:/150427h3905.42N/10248.14WO162/011EOSS Balloon  www.eoss.org/A=009909!W19!",162.0,13.0,39.09035,-102.8024833333,75.17,,,,,2.444e-05,-6.333e-05,-15.53333333,n/a,0.008889,-35.727665,0.02245,24.280386,0.048753,0.831714,-0.278157,-15.995033,
EOSS-339,KC0D-14,2023-04-22 09:04:32.093,2023-04-22 09:04:30,9921.0,-930.0,2430.0,descending,/150430h3905.41N/10248.14WO145/012/A=009921 7T7039P 'EOSS Balloon',"KC0D-14>APZEOS,EOSS,WIDE2-1,qAO,W9CN-9:/150430h3905.41N/10248.14WO145/012/A=009921 7T7039P 'EOSS Balloon'",145.0,14.0,39.0901666667,-102.8023333333,75.18,273.85,70390.0,0.00173746,0.89544861,2.778e-05,-6.111e-05,-15.5,n/a,0.001111,-35.591909,0.022306,24.254893,0.048618,0.828365,-0.43595,-15.989643,
EOSS-339,AE0SS-12,2023-04-22 09:04:58.596,2023-04-22 09:04:57,9437.0,-944.0,2457.0,descending,/150457h3905.32N/10248.04WO133/018EOSS Balloon  www.eoss.org/A=009437!W21!,"AE0SS-12>APTT4,EOSS,qAO,W9CN-9:/150457h3905.32N/10248.04WO133/018EOSS Balloon  www.eoss.org/A=009437!W21!",133.0,21.0,39.0887,-102.8006833333,75.31,,,,,6e-05,-5.5e-05,-15.73333333,n/a,-0.007778,-35.459519,0.022104,24.227683,0.048516,0.8142,-0.615921,-16.216145,
EOSS-339,KC0D-14,2023-04-22 09:05:02.197,2023-04-22 09:05:00,9455.0,-932.0,2460.0,descending,/150500h3905.31N/10248.03WO144/020/A=009455 11T7170P 'EOSS Balloon',"KC0D-14>APZEOS,EOSS,WIDE2-1,qAO,N0RPF-6:/150500h3905.31N/10248.03WO144/020/A=009455 11T7170P 'EOSS Balloon'",144.0,23.0,39.0885,-102.8005,75.32,274.25,71700.0,0.00176721,0.91078311,6.111e-05,-5.556e-05,-15.53333333,n/a,0.006667,-35.327557,0.022001,24.201175,0.04837,0.817903,-0.317015,-16.207546,
EOSS-339,AE0SS-12,2023-04-22 09:05:28.811,2023-04-22 09:05:27,8981.0,-912.0,2487.0,descending,/150527h3905.19N/10247.96WO168/010EOSS Balloon  www.eoss.org/A=008981!W59!,"AE0SS-12>APTT4,EOSS,qAO,W9CN-9:/150527h3905.19N/10247.96WO168/010EOSS Balloon  www.eoss.org/A=008981!W59!",168.0,12.0,39.0865833333,-102.7994833333,75.43,,,,,4e-05,-7.056e-05,-15.2,n/a,0.011111,-35.195139,0.021929,24.17609,0.048216,0.827063,-0.224365,-16.428629,
EOSS-339,KC0D-14,2023-04-22 09:05:32.119,2023-04-22 09:05:30,8995.0,-920.0,2490.0,descending,/150530h3905.18N/10247.97WO171/014/A=008995 12T7300P 'EOSS Balloon',"KC0D-14>APZEOS,EOSS,WIDE2-1,qAO,W9CN-9:/150530h3905.18N/10247.97WO171/014/A=008995 12T7300P 'EOSS Balloon'",171.0,16.0,39.0863333333,-102.7995,75.44,274.35,73000.0,0.0017986,0.92695861,3.333e-05,-7.222e-05,-15.33333333,n/a,-0.004444,-35.065323,0.021755,24.149875,0.048104,0.817064,-0.544632,-16.42242,
EOSS-339,AE0SS-12,2023-04-22 09:05:58.626,2023-04-22 09:05:57,8528.0,-906.0,2517.0,descending,/150557h3905.08N/10247.93WO151/014EOSS Balloon  www.eoss.org/A=008528!W65!,"AE0SS-12>APTT4,EOSS,qAO,W9CN-9:/150557h3905.08N/10247.93WO151/014EOSS Balloon  www.eoss.org/A=008528!W65!",151.0,16.0,39.0847666667,-102.7989166667,75.52,,,,,1.889e-05,-6.056e-05,-15.1,n/a,0.007778,-34.935678,0.021664,24.12453,0.047959,0.82222,-0.289539,-16.606207,
EOSS-339,KC0D-14,2023-04-22 09:06:01.951,2023-04-22 09:06:00,8549.0,-892.0,2520.0,descending,/150600h3905.08N/10247.93WO153/017/A=008549 15T7431P 'EOSS Balloon',"KC0D-14>APZEOS,EOSS,WIDE2-1,qAO,W9CN-9:/150600h3905.08N/10247.93WO153/017/A=008549 15T7431P 'EOSS Balloon'",153.0,20.0,39.0846666667,-102.7988333333,75.53,274.65,74310.0,0.00182887,0.94256239,2.222e-05,-5.556e-05,-14.86666667,n/a,0.007778,-34.806201,0.021574,24.100047,0.047815,0.827365,-0.288529,-16.599274,
EOSS-339,AE0SS-12,2023-04-22 09:06:28.570,2023-04-22 09:06:27,8078.0,-900.0,2547.0,descending,/150627h3904.91N/10247.90WO190/019EOSS Balloon  www.eoss.org/A=008078!W89!,"AE0SS-12>APTT4,EOSS,qAO,N0RPF-6:/150627h3904.91N/10247.90WO190/019EOSS Balloon  www.eoss.org/A=008078!W89!",190.0,22.0,39.0819666667,-102.7984833333,75.64,,,,,1.444e-05,-9.333e-05,-15.0,n/a,-0.004444,-34.679238,0.021406,24.074463,0.047705,0.817432,-0.541872,-16.708316,
EOSS-339,KC0D-14,2023-04-22 09:06:32.289,2023-04-22 09:06:30,8095.0,-908.0,2550.0,descending,/150630h3904.90N/10247.91WO191/020/A=008095 16T7563P 'EOSS Balloon',"KC0D-14>APZEOS,EOSS,WIDE2-1,qAO,W9CN-9:/150630h3904.90N/10247.91WO191/020/A=008095 16T7563P 'EOSS Balloon'",191.0,23.0,39.0816666667,-102.7985,75.65,274.75,75630.0,0.00186068,0.95895637,1.111e-05,-0.0001,-15.13333333,n/a,-0.004444,-34.554742,0.02124,24.047825,0.047596,0.807616,-0.539625,-16.706387,
EOSS-339,AE0SS-12,2023-04-22 09:06:58.577,2023-04-22 09:06:57,7586.0,-984.0,2577.0,descending,/150657h3904.78N/10247.91WO174/015EOSS Balloon  www.eoss.org/A=007586!W57!,"AE0SS-12>APTT4,EOSS,qAO,N0RPF-6:/150657h3904.78N/10247.91WO174/015EOSS Balloon  www.eoss.org/A=007586!W57!",174.0,17.0,39.07975,-102.7986166667,75.7,,,,,-4.44e-06,-7.389e-05,-16.4,n/a,-0.042222,-34.439838,0.020836,24.01459,0.047713,0.751203,-1.32161,-16.67347,
EOSS-339,KC0D-14,2023-04-22 09:07:01.915,2023-04-22 09:07:00,7603.0,-984.0,2580.0,descending,/150700h3904.77N/10247.92WO180/013/A=007603 20T7713P 'EOSS Balloon',"KC0D-14>APZEOS,EOSS,WIDE2-1,qAO,N0RPF-6:/150700h3904.77N/10247.92WO180/013/A=007603 20T7713P 'EOSS Balloon'",180.0,15.0,39.0795,-102.7986666667,75.71,275.15,77130.0,0.00189483,0.976554,-5.56e-06,-7.222e-05,-16.4,n/a,0.0,-34.32638,0.020704,23.981186,0.04759,0.747518,-0.435049,-16.678069,
EOSS-339,AE0SS-12,2023-04-22 09:07:28.823,2023-04-22 09:07:27,7107.0,-958.0,2607.0,descending,/150727h3904.67N/10247.84WO156/018EOSS Balloon  www.eoss.org/A=007107!W69!,"AE0SS-12>APTT4,EOSS,qAO,N0RPF-6:/150727h3904.67N/10247.84WO156/018EOSS Balloon  www.eoss.org/A=007107!W69!",156.0,21.0,39.0779333333,-102.7974833333,75.82,,,,,3.778e-05,-6.056e-05,-15.96666667,n/a,0.014444,-34.211632,0.020665,23.949677,0.047441,0.761804,-0.131131,-16.413245,
EOSS-339,KC0D-14,2023-04-22 09:07:31.915,2023-04-22 09:07:30,7129.0,-948.0,2610.0,descending,/150730h3904.66N/10247.84WO156/015/A=007129 21T7857P 'EOSS Balloon',"KC0D-14>APZEOS,EOSS,WIDE2-1,qAO,W9CN-9:/150730h3904.66N/10247.84WO156/015/A=007129 21T7857P 'EOSS Balloon'",156.0,17.0,39.0776666667,-102.7973333333,75.83,275.25,78570.0,0.0019295,0.99442463,4.444e-05,-6.111e-05,-15.8,n/a,0.005556,-34.097274,0.02057,23.918772,0.047307,0.764975,-0.317374,-16.431428,
EOSS-339,AE0SS-12,2023-04-22 09:07:58.609,2023-04-22 09:07:57,6641.0,-932.0,2637.0,descending,/150757h3904.57N/10247.82WO187/007EOSS Balloon  www.eoss.org/A=006641!W13!,"AE0SS-12>APTT4,EOSS,qAO,W9CN-9:/150757h3904.57N/10247.82WO187/007EOSS Balloon  www.eoss.org/A=006641!W13!",187.0,8.0,39.0761833333,-102.79705,75.9,,,,,1.444e-05,-5.833e-05,-15.53333333,n/a,0.008889,-33.982682,0.020498,23.88894,0.047168,0.772297,-0.24612,-15.85196,
EOSS-339,KC0D-14,2023-04-22 09:08:01.916,2023-04-22 09:08:00,6666.0,-926.0,2640.0,descending,/150800h3904.57N/10247.82WO164/004/A=006666 25T8003P 'EOSS Balloon',"KC0D-14>APZEOS,EOSS,WIDE2-1,qAO,N0RPF-6:/150800h3904.57N/10247.82WO164/004/A=006666 25T8003P 'EOSS Balloon'",164.0,5.0,39.0761666667,-102.797,75.9,275.65,80030.0,0.0019625,1.01143335,1.111e-05,-5e-05,-15.43333333,n/a,0.003333,-33.868882,0.020392,23.859372,0.047041,0.772675,-0.362641,-15.89153,
EOSS-339,AE0SS-12,2023-04-22 09:08:28.658,2023-04-22 09:08:27,6175.0,-932.0,2667.0,descending,/150827h3904.49N/10247.76WO164/014EOSS Balloon  www.eoss.org/A=006175!W79!,"AE0SS-12>APTT4,EOSS,qAO,W9CN-9:/150827h3904.49N/10247.76WO164/014EOSS Balloon  www.eoss.org/A=006175!W79!",164.0,16.0,39.07495,-102.79615,75.98,,,,,3e-05,-4.111e-05,-15.53333333,n/a,-0.003333,-33.75708,0.020246,23.829124,0.046932,0.764768,-0.502408,-14.875851,
EOSS-339,KC0D-14,2023-04-22 09:08:31.954,2023-04-22 09:08:30,6205.0,-922.0,2670.0,descending,/150830h3904.49N/10247.77WO170/015/A=006205 26T8149P 'EOSS Balloon',"KC0D-14>APZEOS,EOSS,WIDE2-1,qAO,W9CN-9:/150830h3904.49N/10247.77WO170/015/A=006205 26T8149P 'EOSS Balloon'",170.0,17.0,39.0748333333,-102.7961666667,75.98,275.75,81490.0,0.00199758,1.0295116,2.778e-05,-4.444e-05,-15.36666667,n/a,0.005556,-33.645623,0.020157,23.799465,0.046802,0.768041,-0.311974,-14.95363,
EOSS-339,AE0SS-12,2023-04-22 09:08:58.548,2023-04-22 09:08:57,5693.0,-964.0,2697.0,descending,/150857h3904.40N/10247.77WO181/010EOSS Balloon  www.eoss.org/A=005693!W04!,"AE0SS-12>APTT4,EOSS,qAO,W9CN-9:/150857h3904.40N/10247.77WO181/010EOSS Balloon  www.eoss.org/A=005693!W04!",181.0,12.0,39.0733333333,-102.7962333333,76.03,,,,,-2.78e-06,-5.389e-05,-16.06666667,n/a,-0.023333,-33.539726,0.019893,23.766432,0.046782,0.735199,-0.923988,-13.288874,
EOSS-339,KC0D-14,2023-04-22 09:09:02.037,2023-04-22 09:09:00,5722.0,-966.0,2700.0,descending,/150900h3904.39N/10247.78WO211/009/A=005722 29T8303P 'EOSS Balloon',"KC0D-14>APZEOS,EOSS,WIDE2-1,qAO,N0RPF-6:/150900h3904.39N/10247.78WO211/009/A=005722 29T8303P 'EOSS Balloon'",211.0,10.0,39.0731666667,-102.7963333333,76.03,276.05,83030.0,0.00203312,1.04782736,-5.56e-06,-5.556e-05,-16.1,n/a,-0.001111,-33.435296,0.019767,23.733138,0.046668,0.730426,-0.447373,-13.403949,
EOSS-339,AE0SS-12,2023-04-22 09:09:28.667,2023-04-22 09:09:27,5230.0,-926.0,2727.0,descending,/150927h3904.33N/10247.80WO166/015EOSS Balloon  www.eoss.org/A=005230!W65!,"AE0SS-12>APTT4,EOSS,qAO,W9CN-9:/150927h3904.33N/10247.80WO166/015EOSS Balloon  www.eoss.org/A=005230!W65!",166.0,17.0,39.0722666667,-102.79675,76.04,,,,,-1.722e-05,-3.556e-05,-15.43333333,n/a,0.022222,-33.328142,0.019781,23.7027,0.046528,0.754969,0.052463,-11.051289,
EOSS-339,KC0D-14,2023-04-22 09:09:31.886,2023-04-22 09:09:30,5255.0,-934.0,2730.0,descending,/150930h3904.32N/10247.80WO168/015/A=005255 31T8454P 'EOSS Balloon',"KC0D-14>APZEOS,EOSS,WIDE2-1,qAO,N0RPF-6:/150930h3904.32N/10247.80WO168/015/A=005255 31T8454P 'EOSS Balloon'",168.0,17.0,39.072,-102.7966666667,76.06,276.25,84540.0,0.0020686,1.06611095,-1.111e-05,-3.889e-05,-15.56666667,n/a,-0.004444,-33.223044,0.019637,23.671513,0.046426,0.745891,-0.518696,-11.192913,
EOSS-339,AE0SS-12,2023-04-22 09:09:58.672,2023-04-22 09:09:57,4774.0,-912.0,2757.0,descending,/150957h3904.26N/10247.84WO000/000EOSS Balloon  www.eoss.org/A=004774!W51!,"AE0SS-12>APTT4,EOSS,qAO,W9CN-9:/150957h3904.26N/10247.84WO000/000EOSS Balloon  www.eoss.org/A=004774!W51!",0.0,0.0,39.0710833333,-102.79735,76.06,,,,,-2e-05,-3.944e-05,-15.2,n/a,0.012222,-33.117026,0.019593,23.64182,0.046291,0.757853,-0.159232,-7.984697,
EOSS-339,KC0D-14,2023-04-22 09:10:02.058,2023-04-22 09:10:00,4798.0,-914.0,2760.0,descending,/151000h3904.26N/10247.85WO240/004/A=004798 34T8601P 'EOSS Balloon',"KC0D-14>APZEOS,EOSS,WIDE2-1,qAO,W9CN-9:/151000h3904.26N/10247.85WO240/004/A=004798 34T8601P 'EOSS Balloon'",240.0,5.0,39.071,-102.7975,76.05,276.55,86010.0,0.00210228,1.0834721,-2.778e-05,-3.333e-05,-15.23333333,n/a,-0.001111,-33.012443,0.019472,23.611822,0.046181,0.752975,-0.445703,-8.170633,
EOSS-339,AE0SS-12,2023-04-22 09:10:28.744,2023-04-22 09:10:27,4764.0,-20.0,2787.0,descending,/151027h3904.26N/10247.84WO000/000EOSS Balloon  www.eoss.org/A=004764!W60!,"AE0SS-12>APTT4,EOSS,qAO,W9CN-9:/151027h3904.26N/10247.84WO000/000EOSS Balloon  www.eoss.org/A=004764!W60!",0.0,0.0,39.0711,-102.7973333333,76.06,,,,,5.6e-07,5.6e-07,-0.33333333,n/a,0.496667,-32.822448,0.022262,23.674177,0.058752,1.372344,8.074704,-7.90636,
EOSS-339,KC0D-14,2023-04-22 09:11:01.986,2023-04-22 09:11:00,4782.0,-16.0,2820.0,descending,/151100h3904.26N/10247.85WO296/000/A=004782 38T8604P 'EOSS Balloon',"KC0D-14>APZEOS,EOSS,WIDE2-1,qAO,W9CN-9:/151100h3904.26N/10247.85WO296/000/A=004782 38T8604P 'EOSS Balloon'",296.0,0.0,39.071,-102.7975,76.05,276.95,86040.0,0.00209998,1.08228461,0.0,0.0,-0.26666667,n/a,0.001111,-32.634265,0.022139,23.734671,0.058602,1.363726,-0.358827,-8.047,
EOSS-339,AE0SS-12,2023-04-22 09:11:28.667,2023-04-22 09:11:27,4761.0,-6.0,2847.0,descending,/151127h3904.26N/10247.83WO000/000EOSS Balloon  www.eoss.org/A=004761!W69!,"AE0SS-12>APTT4,EOSS,qAO,W9CN-9:/151127h3904.26N/10247.83WO000/000EOSS Balloon  www.eoss.org/A=004761!W69!",0.0,0.0,39.0711,-102.7973166667,76.06,,,,,0.0,0.0,-0.1,n/a,0.005556,-32.447286,0.022043,23.79415,0.058445,1.359464,-0.282094,-7.88276,
