flightid,callsign,receivetime,packettime,altitude_ft,altitude_m,vert_rate_ftmin,elapsed_secs,flight_phase,position_packet,info,raw,bearing,speed_mph,speed_kph,latitude,longitude,distance_from_launch_mi,distance_from_launch_km,temperature_f,temperature_c,temperature_k,pressure_pa,pressure_atm,airdensity_slugs,airdensity_kgm3,velocity_x_degs,velocity_y_degs,velocity_z_fts,velocity_z_ms,airflow,acceleration_fts2,velocity_mean_fts,acceleration_mean_fts2,velocity_std_fts,acceleration_std_fts2,velocity_norm_fts,acceleration_norm_fts2,velocity_curvefit_fts,acceleration_ms2,velocity_mean_ms,acceleration_mean_ms2,velocity_std_ms,acceleration_std_ms2,velocity_norm_ms,acceleration_norm_ms2,velocity_curvefit_ms,reynolds_transition
EOSS-302,AE0SS-12,2020-10-03 08:21:28.772,2020-10-03 08:21:27,5211.0,1588.31,8.0,0.0,ascending,True,/142127h3936.49N/10402.52WO000/000EOSS Balloon  www.eoss.org/A=005211!W97!,"AE0SS-12>APTT4,EOSS,qAO,N2XGL-12:/142127h3936.49N/10402.52WO000/000EOSS Balloon  www.eoss.org/A=005211!W97!",0.0,0.0,0.0,39.6083166667,-104.0421166667,0.0,0.0,,,,,,,,-1.67e-06,0.0,0.13333333,0.04066667,high Re,,0.133333,,,,,,4.890945,,0.040667,,,,,,1.490799,
EOSS-302,KC0D-14,2020-10-03 08:21:46.956,2020-10-03 08:21:45,5243.0,1598.07,34.0,18.0,ascending,True,/142145h3936.50N/10402.52WO168/008/A=005243 281T8472P EOSS BALLOON,"KC0D-14>APZEOS,EOSS,WIDE2-1,qAO,N2XGL-12:/142145h3936.50N/10402.52WO168/008/A=005243 281T8472P EOSS BALLOON",168.0,9.0,14.5,39.6083333333,-104.042,0.01,0.01,82.58,28.1,301.25,84720.0,0.84,0.00190097,0.97971857,0.0,0.0,0.56666667,0.173,high Re,0.014444,0.35,0.014444,0.306413,,0.707107,,5.355164,0.004411,0.106833,0.004411,0.093574,,0.707109,,1.632384,
EOSS-302,AE0SS-12,2020-10-03 08:21:58.930,2020-10-03 08:21:57,5398.0,1645.31,374.0,30.0,ascending,True,/142157h3936.49N/10402.50WO103/017EOSS Balloon  www.eoss.org/A=005398!W21!,"AE0SS-12>APTT4,EOSS,qAO,N2XGL-12:/142157h3936.49N/10402.50WO103/017EOSS Balloon  www.eoss.org/A=005398!W21!",103.0,20.0,32.2,39.6082,-104.0416833333,0.02,0.04,,,,,,,,1.444e-05,-3.89e-06,6.23333333,1.9,high Re,0.188889,2.311111,0.101666,3.403647,0.123351,1.152359,0.707112,7.477832,0.057567,0.704556,0.030989,1.037398,0.037587,1.152348,0.707106,2.279307,
EOSS-302,KC0D-14,2020-10-03 08:22:16.775,2020-10-03 08:22:15,5838.0,1779.42,1190.0,48.0,ascending,True,/142215h3936.43N/10402.44WO162/017/A=005838 282T8285P EOSS BALLOON,"KC0D-14>APZEOS,EOSS,WIDE2-1,qAO,W0ARP-2:/142215h3936.43N/10402.44WO162/017/A=005838 282T8285P EOSS BALLOON",162.0,20.0,32.2,39.6071666667,-104.0406666667,0.11,0.18,82.76,28.2,301.35,82850.0,0.82,0.00185839,0.95777559,4.444e-05,-3.889e-05,19.83333333,6.045,high Re,0.453333,6.691667,0.218889,9.191315,0.220977,1.429792,1.060943,12.471894,0.138167,2.039667,0.066715,2.801348,0.067346,1.429788,1.060969,3.801457,
EOSS-302,AE0SS-12,2020-10-03 08:22:28.696,2020-10-03 08:22:27,5988.0,1825.14,1180.0,60.0,ascending,True,/142227h3936.36N/10402.42WO157/023EOSS Balloon  www.eoss.org/A=005988!W41!,"AE0SS-12>APTT4,EOSS,qAO,N2XGL-12:/142227h3936.36N/10402.42WO157/023EOSS Balloon  www.eoss.org/A=005988!W41!",157.0,26.0,41.8,39.6060666667,-104.04035,0.18,0.29,,,,,,,,4.444e-05,-7.111e-05,19.66666667,5.99433333,high Re,-0.005556,9.286667,0.162778,9.850398,0.21248,1.053764,-0.792235,13.865178,-0.001689,2.8306,0.049614,3.002256,0.064756,1.053785,-0.792251,4.226126,
EOSS-302,KC0D-14,2020-10-03 08:22:46.835,2020-10-03 08:22:45,6423.0,1957.73,1170.0,78.0,ascending,True,/142245h3936.27N/10402.39WO145/017/A=006423 283T8109P EOSS BALLOON,"KC0D-14>APZEOS,EOSS,WIDE2-1,qAO,W0ARP-2:/142245h3936.27N/10402.39WO145/017/A=006423 283T8109P EOSS BALLOON",145.0,20.0,32.2,39.6045,-104.0398333333,0.29,0.47,82.94,28.3,301.45,81090.0,0.8,0.00181831,0.93711839,2.778e-05,-8.889e-05,19.5,5.94366667,high Re,-0.005556,10.988889,0.129111,9.747288,0.198817,0.873177,-0.677341,17.156436,-0.001689,3.349444,0.039353,2.970863,0.060592,0.873222,-0.67735,5.229306,
EOSS-302,AE0SS-12,2020-10-03 08:22:58.670,2020-10-03 08:22:57,6569.0,2002.23,1162.0,90.0,ascending,True,/142257h3936.21N/10402.34WO152/027EOSS Balloon  www.eoss.org/A=006569!W45!,"AE0SS-12>APTT4,EOSS,qAO,N2XGL-12:/142257h3936.21N/10402.34WO152/027EOSS Balloon  www.eoss.org/A=006569!W45!",152.0,31.0,49.9,39.6035666667,-104.0390833333,0.37,0.59,,,,,,,,4.222e-05,-8.333e-05,19.36666667,5.903,high Re,-0.004444,12.185714,0.106852,9.444651,0.185998,0.76032,-0.598372,18.041042,-0.001356,3.714238,0.032569,2.878636,0.056687,0.760347,-0.598462,5.498925,
EOSS-302,KC0D-14,2020-10-03 08:23:16.788,2020-10-03 08:23:15,7054.0,2150.06,1262.0,108.0,ascending,True,/142315h3936.12N/10402.29WO165/018/A=007054 283T7925P EOSS BALLOON,"KC0D-14>APZEOS,EOSS,WIDE2-1,qAO,W0ARP-2:/142315h3936.12N/10402.29WO165/018/A=007054 283T7925P EOSS BALLOON",165.0,21.0,33.8,39.602,-104.0381666667,0.48,0.78,82.94,28.3,301.45,79250.0,0.78,0.00177705,0.91585439,5.556e-05,-8.333e-05,21.03333333,6.411,high Re,0.055556,13.291667,0.099524,9.286733,0.170896,0.833626,-0.257279,20.324524,0.016933,4.051333,0.030335,2.830516,0.052084,0.833653,-0.257315,6.19493,
EOSS-302,AE0SS-12,2020-10-03 08:23:28.835,2020-10-03 08:23:27,7219.0,2200.35,1300.0,120.0,ascending,True,/142327h3936.07N/10402.26WO147/027EOSS Balloon  www.eoss.org/A=007219!W66!,"AE0SS-12>APTT4,EOSS,qAO,N2XGL-12:/142327h3936.07N/10402.26WO147/027EOSS Balloon  www.eoss.org/A=007219!W66!",147.0,31.0,49.9,39.6012666667,-104.0377666667,0.54,0.87,,,,,,,,4.389e-05,-7.667e-05,21.66666667,6.604,high Re,0.021111,14.222222,0.089722,9.124494,0.160629,0.815875,-0.42714,20.903842,0.006433,4.334963,0.027347,2.78107,0.048955,0.815886,-0.427209,6.371496,
EOSS-302,KC0D-14,2020-10-03 08:23:46.712,2020-10-03 08:23:45,7681.0,2341.17,1254.0,138.0,ascending,True,/142345h3935.98N/10402.24WO177/019/A=007681 282T7741P EOSS BALLOON,"KC0D-14>APZEOS,EOSS,WIDE2-1,qAO,W0ARP-2:/142345h3935.98N/10402.24WO177/019/A=007681 282T7741P EOSS BALLOON",177.0,22.0,35.4,39.5996666667,-104.0373333333,0.65,1.04,82.76,28.2,301.35,77410.0,0.76,0.00173637,0.89488725,2.778e-05,-7.778e-05,20.9,6.37033333,high Re,-0.025556,14.89,0.076913,8.858044,0.15509,0.678479,-0.660707,22.098503,-0.007789,4.5385,0.023443,2.699862,0.047267,0.678491,-0.660757,6.73563,
EOSS-302,AE0SS-12,2020-10-03 08:23:58.811,2020-10-03 08:23:57,7855.0,2394.2,1272.0,150.0,ascending,True,/142357h3935.92N/10402.22WO139/025EOSS Balloon  www.eoss.org/A=007855!W98!,"AE0SS-12>APTT4,EOSS,qAO,N2XGL-12:/142357h3935.92N/10402.22WO139/025EOSS Balloon  www.eoss.org/A=007855!W98!",139.0,29.0,46.7,39.5988166667,-104.0371333333,0.71,1.14,,,,,,,,2.111e-05,-8.167e-05,21.2,6.46166667,high Re,0.01,15.463636,0.070222,8.616153,0.147744,0.665769,-0.40761,22.41055,0.003044,4.713333,0.021403,2.626131,0.045029,0.665745,-0.407715,6.830731,
EOSS-302,KC0D-14,2020-10-03 08:24:16.843,2020-10-03 08:24:15,8333.0,2539.9,1304.0,168.0,ascending,True,/142415h3935.82N/10402.23WO186/028/A=008333 280T7554P EOSS BALLOON,"KC0D-14>APZEOS,EOSS,WIDE2-1,qAO,W0ARP-2:/142415h3935.82N/10402.23WO186/028/A=008333 280T7554P EOSS BALLOON",186.0,32.0,51.5,39.597,-104.0371666667,0.82,1.33,82.4,28.0,301.15,75540.0,0.75,0.00169555,0.87384934,5.56e-06,-8.889e-05,21.73333333,6.62433333,high Re,0.017778,15.986111,0.065454,8.41219,0.141051,0.683202,-0.338005,22.965754,0.005422,4.872583,0.01995,2.563967,0.042989,0.683219,-0.337947,6.999962,
EOSS-302,AE0SS-12,2020-10-03 08:24:28.562,2020-10-03 08:24:27,8489.0,2587.45,1268.0,180.0,ascending,True,/142427h3935.74N/10402.23WO185/025EOSS Balloon  www.eoss.org/A=008489!W18!,"AE0SS-12>APTT4,EOSS,qAO,N2XGL-12:/142427h3935.74N/10402.23WO185/025EOSS Balloon  www.eoss.org/A=008489!W18!",185.0,29.0,46.7,39.5956833333,-104.0373,0.91,1.46,,,,,,,,-5.56e-06,-0.00010444,21.13333333,6.44166667,high Re,-0.02,16.382051,0.058333,8.1796,0.136731,0.58087,-0.572899,23.068232,-0.006089,4.993282,0.01778,2.493088,0.041672,0.58096,-0.572783,7.031197,
EOSS-302,KC0D-14,2020-10-03 08:24:46.866,2020-10-03 08:24:45,9006.0,2745.03,1346.0,198.0,ascending,True,/142445h3935.62N/10402.24WO184/028/A=009006 281T7367P EOSS BALLOON,"KC0D-14>APZEOS,EOSS,WIDE2-1,qAO,W0ARP-2:/142445h3935.62N/10402.24WO184/028/A=009006 281T7367P EOSS BALLOON",184.0,32.0,51.5,39.5936666667,-104.0373333333,1.04,1.68,82.58,28.1,301.25,73670.0,0.73,0.00165303,0.85193422,-5.56e-06,-0.00011111,22.43333333,6.83766667,high Re,0.043333,16.814286,0.057179,8.023392,0.130976,0.700333,-0.105714,23.204131,0.0132,5.125024,0.017428,2.445477,0.039918,0.700331,-0.105917,7.072616,
EOSS-302,AE0SS-12,2020-10-03 08:24:58.626,2020-10-03 08:24:57,9165.0,2793.49,1352.0,210.0,ascending,True,/142457h3935.55N/10402.21WO136/024EOSS Balloon  www.eoss.org/A=009165!W42!,"AE0SS-12>APTT4,EOSS,qAO,N2XGL-12:/142457h3935.55N/10402.21WO136/024EOSS Balloon  www.eoss.org/A=009165!W42!",136.0,28.0,45.1,39.5925666667,-104.0368666667,1.12,1.81,,,,,,,,1.444e-05,-0.00010389,22.53333333,6.868,high Re,0.003333,17.195556,0.053333,7.871285,0.126658,0.678133,-0.394764,23.196828,0.001011,5.241222,0.016255,2.399108,0.038602,0.678076,-0.394902,7.070391,
EOSS-302,KC0D-14,2020-10-03 08:25:16.804,2020-10-03 08:25:15,9670.0,2947.42,1328.0,228.0,ascending,True,/142515h3935.45N/10402.15WO146/025/A=009670 279T7184P EOSS BALLOON,"KC0D-14>APZEOS,EOSS,WIDE2-1,qAO,W0ARP-2:/142515h3935.45N/10402.15WO146/025/A=009670 279T7184P EOSS BALLOON",146.0,29.0,46.7,39.5908333333,-104.0358333333,1.25,2.02,82.22,27.9,301.05,71840.0,0.71,0.00161303,0.83132366,5e-05,-9.444e-05,22.13333333,6.74633333,high Re,-0.013333,17.504167,0.048889,7.703928,0.123258,0.600884,-0.504811,23.071789,-0.004056,5.335292,0.014901,2.348103,0.037566,0.600928,-0.504632,7.032277,
EOSS-302,AE0SS-12,2020-10-03 08:25:28.656,2020-10-03 08:25:27,9837.0,2998.32,1344.0,240.0,ascending,True,/142527h3935.39N/10402.10WO113/015EOSS Balloon  www.eoss.org/A=009837!W88!,"AE0SS-12>APTT4,EOSS,qAO,KB0TVJ-1:/142527h3935.39N/10402.10WO113/015EOSS Balloon  www.eoss.org/A=009837!W88!",113.0,17.0,27.4,39.5899666667,-104.0351333333,1.32,2.12,,,,,,,,5.778e-05,-8.667e-05,22.4,6.82766667,high Re,0.008889,17.792157,0.046389,7.553214,0.119498,0.610051,-0.313813,23.006335,0.002711,5.423078,0.014139,2.302173,0.03642,0.610114,-0.313784,7.012327,
EOSS-302,KC0D-14,2020-10-03 08:25:46.775,2020-10-03 08:25:45,10343.0,3152.55,1346.0,258.0,ascending,True,/142545h3935.34N/10402.00WO131/023/A=010343 280T7007P EOSS BALLOON,"KC0D-14>APZEOS,EOSS,WIDE2-1,qAO,W0ARP-2:/142545h3935.34N/10402.00WO131/023/A=010343 280T7007P EOSS BALLOON",131.0,26.0,41.8,39.589,-104.0333333333,1.41,2.27,82.4,28.0,301.15,70070.0,0.69,0.00157277,0.81057219,8.333e-05,-6.111e-05,22.43333333,6.83766667,high Re,0.001111,18.05,0.043725,7.4089,0.116223,0.591631,-0.366657,22.770012,0.000333,5.501667,0.013327,2.258186,0.035422,0.591625,-0.366834,6.940296,
EOSS-302,AE0SS-12,2020-10-03 08:25:58.758,2020-10-03 08:25:57,10487.0,3196.44,1300.0,270.0,ascending,True,/142557h3935.27N/10401.93WO118/015EOSS Balloon  www.eoss.org/A=010487!W88!,"AE0SS-12>APTT4,EOSS,qAO,KB0TVJ-1:/142557h3935.27N/10401.93WO118/015EOSS Balloon  www.eoss.org/A=010487!W88!",118.0,17.0,27.4,39.5879666667,-104.0323,1.5,2.41,,,,,,,,9.444e-05,-6.667e-05,21.66666667,6.604,high Re,-0.025556,18.240351,0.039876,7.247806,0.11393,0.472738,-0.574318,22.697712,-0.007789,5.559684,0.012154,2.209086,0.034723,0.472737,-0.574346,6.91826,
EOSS-302,KC0D-14,2020-10-03 08:26:16.865,2020-10-03 08:26:15,10992.0,3350.36,1298.0,288.0,ascending,True,/142615h3935.20N/10401.84WO130/026/A=010992 277T6837P EOSS BALLOON,"KC0D-14>APZEOS,EOSS,WIDE2-1,qAO,W0ARP-2:/142615h3935.20N/10401.84WO130/026/A=010992 277T6837P EOSS BALLOON",130.0,30.0,48.3,39.5866666667,-104.0306666667,1.61,2.6,81.86,27.7,300.85,68370.0,0.67,0.00153614,0.7916952,8.889e-05,-7.778e-05,21.63333333,6.59366667,high Re,-0.001111,18.41,0.037719,7.095177,0.111118,0.454299,-0.349448,22.447693,-0.000344,5.611383,0.011496,2.162561,0.033866,0.454222,-0.349613,6.842057,
EOSS-302,AE0SS-12,2020-10-03 08:26:28.524,2020-10-03 08:26:27,11156.0,3400.35,1338.0,300.0,ascending,True,/142627h3935.13N/10401.77WO127/019EOSS Balloon  www.eoss.org/A=011156!W12!,"AE0SS-12>APTT4,EOSS,qAO,KB0TVJ-1:/142627h3935.13N/10401.77WO127/019EOSS Balloon  www.eoss.org/A=011156!W12!",127.0,22.0,35.4,39.5855166667,-104.0295333333,1.71,2.75,,,,,,,,9.222e-05,-8.167e-05,22.3,6.797,high Re,0.022222,18.595238,0.036944,6.967426,0.10821,0.531726,-0.13605,22.371536,0.006778,5.667841,0.01126,2.123623,0.03298,0.531713,-0.135901,6.818843,
EOSS-302,KC0D-14,2020-10-03 08:26:46.837,2020-10-03 08:26:45,11649.0,3550.62,1314.0,318.0,ascending,True,/142645h3935.03N/10401.67WO139/031/A=011649 278T6667P EOSS BALLOON,"KC0D-14>APZEOS,EOSS,WIDE2-1,qAO,W0ARP-2:/142645h3935.03N/10401.67WO139/031/A=011649 278T6667P EOSS BALLOON",139.0,36.0,57.9,39.5838333333,-104.0278333333,1.85,2.98,82.04,27.8,300.95,66670.0,0.66,0.00149745,0.77175341,9.444e-05,-9.444e-05,21.9,6.67533333,high Re,-0.013333,18.745455,0.03455,6.835919,0.106039,0.461466,-0.45156,22.169694,-0.004056,5.713636,0.010531,2.083545,0.032318,0.461568,-0.451358,6.757321,
EOSS-302,AE0SS-12,2020-10-03 08:26:58.519,2020-10-03 08:26:57,11799.0,3596.34,1286.0,330.0,ascending,True,/142657h3934.93N/10401.62WO161/030EOSS Balloon  www.eoss.org/A=011799!W76!,"AE0SS-12>APTT4,EOSS,qAO,KB0TVJ-1:/142657h3934.93N/10401.62WO161/030EOSS Balloon  www.eoss.org/A=011799!W76!",161.0,35.0,56.3,39.5822833333,-104.0271,1.97,3.17,,,,,,,,8.111e-05,-0.00010778,21.43333333,6.533,high Re,-0.015556,18.862319,0.032273,6.702226,0.104034,0.383606,-0.459744,22.118149,-0.004744,5.749261,0.009837,2.042798,0.031707,0.38366,-0.459867,6.741611,
EOSS-302,KC0D-14,2020-10-03 08:27:16.778,2020-10-03 08:27:15,12355.0,3765.8,1412.0,348.0,ascending,True,/142715h3934.79N/10401.56WO166/034/A=012355 276T6491P EOSS BALLOON,"KC0D-14>APZEOS,EOSS,WIDE2-1,qAO,W0ARP-2:/142715h3934.79N/10401.56WO166/034/A=012355 276T6491P EOSS BALLOON",166.0,39.0,62.8,39.5798333333,-104.026,2.15,3.45,81.68,27.6,300.75,64910.0,0.64,0.00145889,0.75187981,6.111e-05,-0.00013333,23.53333333,7.17266667,high Re,0.07,19.056944,0.033913,6.623888,0.101946,0.675795,0.353982,21.974323,0.021322,5.808569,0.010336,2.018913,0.03107,0.675659,0.353589,6.697775,
EOSS-302,AE0SS-12,2020-10-03 08:27:28.588,2020-10-03 08:27:27,12502.0,3810.61,1406.0,360.0,ascending,True,/142727h3934.67N/10401.51WO151/033EOSS Balloon  www.eoss.org/A=012502!W69!,"AE0SS-12>APTT4,EOSS,qAO,N2XGL-12:/142727h3934.67N/10401.51WO151/033EOSS Balloon  www.eoss.org/A=012502!W69!",151.0,38.0,61.2,39.5779333333,-104.0253166667,2.28,3.67,,,,,,,,5.944e-05,-0.000145,23.43333333,7.14233333,high Re,-0.003333,19.232,0.032361,6.543229,0.099994,0.642089,-0.356961,21.949461,-0.001011,5.86192,0.009863,1.994325,0.030475,0.642028,-0.356817,6.690197,
EOSS-302,KC0D-14,2020-10-03 08:27:46.748,2020-10-03 08:27:45,12976.0,3955.08,1242.0,378.0,ascending,True,/142745h3934.55N/10401.42WO144/026/A=012976 276T6338P EOSS BALLOON,"KC0D-14>APZEOS,EOSS,WIDE2-1,qAO,W0ARP-2:/142745h3934.55N/10401.42WO144/026/A=012976 276T6338P EOSS BALLOON",144.0,30.0,48.3,39.5758333333,-104.0236666667,2.45,3.94,81.68,27.6,300.75,63380.0,0.63,0.0014245,0.73415718,7.778e-05,-0.00013333,20.7,6.30933333,high Re,-0.091111,19.288462,0.027422,6.41749,0.100956,0.219952,-1.174106,21.907782,-0.027767,5.879128,0.008358,1.956001,0.030768,0.219941,-1.174109,6.677494,
EOSS-302,AE0SS-12,2020-10-03 08:27:58.412,2020-10-03 08:27:57,13164.0,4012.39,1324.0,390.0,ascending,True,/142757h3934.46N/10401.35WO143/025EOSS Balloon  www.eoss.org/A=013164!W47!,"AE0SS-12>APTT4,EOSS,qAO,KB0TVJ-1:/142757h3934.46N/10401.35WO143/025EOSS Balloon  www.eoss.org/A=013164!W47!",143.0,29.0,46.7,39.5744,-104.0226166667,2.56,4.12,,,,,,,,9e-05,-0.00011778,22.06666667,6.726,high Re,0.045556,19.391358,0.02812,6.315539,0.09898,0.423607,0.176157,21.907348,0.013889,5.910494,0.008571,1.924929,0.030166,0.423655,0.176291,6.677361,
EOSS-302,KC0D-14,2020-10-03 08:28:16.869,2020-10-03 08:28:15,13635.0,4155.95,1318.0,408.0,ascending,True,/142815h3934.37N/10401.22WO124/035/A=013635 274T6178P EOSS BALLOON,"KC0D-14>APZEOS,EOSS,WIDE2-1,qAO,W0ARP-2:/142815h3934.37N/10401.22WO124/035/A=013635 274T6178P EOSS BALLOON",124.0,40.0,64.4,39.5728333333,-104.0203333333,2.71,4.36,81.32,27.4,300.55,61780.0,0.61,0.00138946,0.71609991,0.00011111,-0.0001,21.96666667,6.69566667,high Re,-0.003333,19.483333,0.026955,6.216562,0.097246,0.399471,-0.311458,21.944603,-0.001011,5.938536,0.008216,1.894765,0.029638,0.399591,-0.311323,6.688717,
EOSS-302,AE0SS-12,2020-10-03 08:28:28.984,2020-10-03 08:28:27,13791.0,4203.5,1254.0,420.0,ascending,True,/142827h3934.31N/10401.11WO124/034EOSS Balloon  www.eoss.org/A=013791!W21!,"AE0SS-12>APTT4,EOSS,qAO,KB0TVJ-1:/142827h3934.31N/10401.11WO124/034EOSS Balloon  www.eoss.org/A=013791!W21!",124.0,39.0,62.8,39.5718666667,-104.0185166667,2.81,4.53,,,,,,,,0.00013667,-8.444e-05,20.9,6.37033333,high Re,-0.035556,19.532184,0.024722,6.110208,0.096157,0.223858,-0.626871,21.9684,-0.010844,5.953425,0.007535,1.862349,0.029306,0.223862,-0.627141,6.695971,
EOSS-302,KC0D-14,2020-10-03 08:28:46.844,2020-10-03 08:28:45,14278.0,4351.93,1286.0,438.0,ascending,True,/142845h3934.23N/10400.95WO136/027/A=014278 274T6027P EOSS BALLOON,"KC0D-14>APZEOS,EOSS,WIDE2-1,qAO,W0ARP-2:/142845h3934.23N/10400.95WO136/027/A=014278 274T6027P EOSS BALLOON",136.0,31.0,49.9,39.5705,-104.0158333333,2.96,4.77,81.32,27.4,300.55,60270.0,0.59,0.0013555,0.69859731,0.00015,-7.778e-05,21.43333333,6.53266667,high Re,0.017778,19.595556,0.024483,6.01396,0.094433,0.305585,-0.071003,22.07593,0.005411,5.972733,0.007462,1.833011,0.028781,0.305472,-0.071262,6.728744,
EOSS-302,AE0SS-12,2020-10-03 08:28:58.391,2020-10-03 08:28:57,14444.0,4402.53,1306.0,450.0,ascending,True,/142857h3934.17N/10400.85WO124/023EOSS Balloon  www.eoss.org/A=014444!W84!,"AE0SS-12>APTT4,EOSS,qAO,KB0TVJ-1:/142857h3934.17N/10400.85WO124/023EOSS Balloon  www.eoss.org/A=014444!W84!",124.0,26.0,41.8,39.5696333333,-104.0142333333,3.06,4.92,,,,,,,,0.00014278,-7.444e-05,21.76666667,6.63433333,high Re,0.011111,19.665591,0.024037,5.925722,0.092823,0.354569,-0.139254,22.123095,0.003389,5.994075,0.007326,1.806115,0.02829,0.354495,-0.139166,6.74312,
EOSS-302,KC0D-14,2020-10-03 08:29:16.779,2020-10-03 08:29:15,14943.0,4554.63,1330.0,468.0,ascending,True,/142915h3934.08N/10400.70WO138/035/A=014943 271T5872P EOSS BALLOON,"KC0D-14>APZEOS,EOSS,WIDE2-1,qAO,W0ARP-2:/142915h3934.08N/10400.70WO138/035/A=014943 271T5872P EOSS BALLOON",138.0,40.0,64.4,39.568,-104.0116666667,3.22,5.18,80.78,27.1,300.25,58720.0,0.58,0.00132196,0.68131112,0.00013889,-8.333e-05,22.16666667,6.75666667,high Re,0.013333,19.74375,0.023692,5.846105,0.091283,0.41445,-0.113482,22.292348,0.004078,6.017906,0.007221,1.781852,0.02782,0.414603,-0.112976,6.79471,
EOSS-302,AE0SS-12,2020-10-03 08:29:28.484,2020-10-03 08:29:27,15110.0,4605.53,1332.0,480.0,ascending,True,/142927h3934.00N/10400.58WO133/026EOSS Balloon  www.eoss.org/A=015110!W80!,"AE0SS-12>APTT4,EOSS,qAO,KB0TVJ-1:/142927h3934.00N/10400.58WO133/026EOSS Balloon  www.eoss.org/A=015110!W80!",133.0,30.0,48.3,39.5668,-104.0096666667,3.35,5.39,,,,,,,,0.00015222,-9.444e-05,22.2,6.76666667,high Re,0.001111,19.818182,0.022986,5.7699,0.089887,0.412801,-0.243361,22.357009,0.000333,6.040596,0.007006,1.758627,0.027395,0.412862,-0.243585,6.814418,
EOSS-302,KC0D-14,2020-10-03 08:29:46.939,2020-10-03 08:29:45,15626.0,4762.8,1366.0,498.0,ascending,True,/142945h3933.88N/10400.42WO144/035/A=015626 271T5718P EOSS BALLOON,"KC0D-14>APZEOS,EOSS,WIDE2-1,qAO,W0ARP-2:/142945h3933.88N/10400.42WO144/035/A=015626 271T5718P EOSS BALLOON",144.0,40.0,64.4,39.5646666667,-104.007,3.55,5.71,80.78,27.1,300.25,57180.0,0.56,0.00128729,0.66344295,0.00015556,-0.00011111,22.76666667,6.939,high Re,0.018889,19.904902,0.022862,5.704261,0.088474,0.501689,-0.044906,22.576772,0.005744,6.06702,0.006968,1.738616,0.026965,0.501537,-0.045392,6.881398,
EOSS-302,AE0SS-12,2020-10-03 08:29:58.370,2020-10-03 08:29:57,15806.0,4817.67,1392.0,510.0,ascending,True,/142957h3933.79N/10400.31WO146/032EOSS Balloon  www.eoss.org/A=015806!W14!,"AE0SS-12>APTT4,EOSS,qAO,KB0TVJ-1:/142957h3933.79N/10400.31WO146/032EOSS Balloon  www.eoss.org/A=015806!W14!",146.0,37.0,59.5,39.5631833333,-104.0052333333,3.68,5.93,,,,,,,,0.00014778,-0.00012056,23.2,7.07133333,high Re,0.014444,19.999048,0.022614,5.647282,0.087135,0.566813,-0.093763,22.659137,0.004411,6.095714,0.006893,1.721249,0.026557,0.566809,-0.093459,6.906506,
EOSS-302,KC0D-14,2020-10-03 08:30:16.823,2020-10-03 08:30:15,16323.0,4975.25,1394.0,528.0,ascending,True,/143015h3933.67N/10400.15WO136/035/A=016323 267T5563P EOSS BALLOON,"KC0D-14>APZEOS,EOSS,WIDE2-1,qAO,W0ARP-2:/143015h3933.67N/10400.15WO136/035/A=016323 267T5563P EOSS BALLOON",136.0,40.0,64.4,39.5611666667,-104.0025,3.88,6.24,80.06,26.7,299.85,55630.0,0.55,0.00125407,0.64631979,0.00015,-0.00011667,23.23333333,7.08166667,high Re,0.001111,20.088889,0.022,5.592064,0.085921,0.562305,-0.243119,22.906662,0.000344,6.123102,0.006706,1.704422,0.026187,0.562399,-0.242945,6.98195,
EOSS-302,AE0SS-12,2020-10-03 08:30:28.523,2020-10-03 08:30:27,16511.0,5032.55,1410.0,540.0,ascending,True,/143027h3933.56N/10400.01WO126/045EOSS Balloon  www.eoss.org/A=016511!W83!,"AE0SS-12>APTT4,EOSS,qAO,KB0TVJ-1:/143027h3933.56N/10400.01WO126/045EOSS Balloon  www.eoss.org/A=016511!W83!",126.0,52.0,83.7,39.5594666667,-104.0002166667,4.04,6.51,,,,,,,,0.00016722,-0.00012389,23.5,7.16266667,high Re,0.008889,20.181081,0.021636,5.542293,0.084713,0.598835,-0.150473,22.999314,0.0027,6.151198,0.006594,1.68925,0.025818,0.598768,-0.150825,7.010189,
EOSS-302,KC0D-14,2020-10-03 08:30:46.825,2020-10-03 08:30:45,17068.0,5202.33,1490.0,558.0,ascending,True,/143045h3933.42N/10359.78WO135/049/A=017068 267T5402P EOSS BALLOON,"KC0D-14>APZEOS,EOSS,WIDE2-1,qAO,W0ARP-2:/143045h3933.42N/10359.78WO135/049/A=017068 267T5402P EOSS BALLOON",135.0,56.0,90.1,39.557,-103.9963333333,4.3,6.92,80.06,26.7,299.85,54020.0,0.53,0.00121777,0.62761451,0.00020556,-0.00013889,24.83333333,7.56933333,high Re,0.044444,20.303509,0.022252,5.51873,0.083612,0.820809,0.265416,23.276357,0.013556,6.188518,0.006783,1.682072,0.025483,0.820901,0.265785,7.094634,
EOSS-302,AE0SS-12,2020-10-03 08:30:58.410,2020-10-03 08:30:57,17282.0,5267.55,1542.0,570.0,ascending,True,/143057h3933.31N/10359.61WO145/048EOSS Balloon  www.eoss.org/A=017282!W69!,"AE0SS-12>APTT4,EOSS,qAO,KB0TVJ-1:/143057h3933.31N/10359.61WO145/048EOSS Balloon  www.eoss.org/A=017282!W69!",145.0,55.0,88.5,39.5552666667,-103.99365,4.48,7.21,,,,,,,,0.00021889,-0.00014,25.7,7.83333333,high Re,0.028889,20.44188,0.022427,5.513766,0.082482,0.953635,0.078344,23.382235,0.0088,6.230692,0.006836,1.680559,0.025138,0.953636,0.078129,7.126902,
EOSS-302,KC0D-14,2020-10-03 08:31:16.795,2020-10-03 08:31:15,17814.0,5429.71,1492.0,588.0,ascending,True,/143115h3933.15N/10359.41WO137/051/A=017814 264T5246P EOSS BALLOON,"KC0D-14>APZEOS,EOSS,WIDE2-1,qAO,W0ARP-2:/143115h3933.15N/10359.41WO137/051/A=017814 264T5246P EOSS BALLOON",137.0,59.0,95.0,39.5525,-103.9901666667,4.74,7.63,79.52,26.4,299.55,52460.0,0.52,0.00118379,0.61010054,0.00020556,-0.00015,24.86666667,7.57933333,high Re,-0.027778,20.5525,0.02114,5.4874,0.081785,0.786195,-0.598129,23.639552,-0.008467,6.264408,0.006443,1.672523,0.024926,0.786193,-0.598171,7.205335,
EOSS-302,AE0SS-12,2020-10-03 08:31:28.413,2020-10-03 08:31:27,18024.0,5493.72,1484.0,600.0,ascending,True,/143127h3933.03N/10359.26WO129/049EOSS Balloon  www.eoss.org/A=018024!W80!,"AE0SS-12>APTT4,EOSS,qAO,KB0TVJ-1:/143127h3933.03N/10359.26WO129/049EOSS Balloon  www.eoss.org/A=018024!W80!",129.0,56.0,90.1,39.5506333333,-103.9876666667,4.93,7.93,,,,,,,,0.00019944,-0.00015444,24.73333333,7.539,high Re,-0.004444,20.654472,0.0205,5.457572,0.080831,0.747377,-0.308594,23.737682,-0.001344,6.295496,0.006249,1.663437,0.024635,0.747551,-0.30822,7.235246,
EOSS-302,KC0D-14,2020-10-03 08:31:46.724,2020-10-03 08:31:45,18568.0,5659.53,1508.0,618.0,ascending,True,/143145h3932.86N/10359.05WO140/046/A=018568 263T5089P EOSS BALLOON,"KC0D-14>APZEOS,EOSS,WIDE2-1,qAO,W0ARP-2:/143145h3932.86N/10359.05WO140/046/A=018568 263T5089P EOSS BALLOON",140.0,53.0,85.3,39.5476666667,-103.9841666667,5.2,8.37,79.34,26.3,299.45,50890.0,0.5,0.00114875,0.59203936,0.0002,-0.00016111,25.13333333,7.66066667,high Re,0.013333,20.761111,0.020325,5.434727,0.079822,0.804497,-0.087595,23.979482,0.004056,6.328,0.006195,1.656475,0.024328,0.80452,-0.087923,7.308945,
EOSS-302,AE0SS-12,2020-10-03 08:31:58.967,2020-10-03 08:31:57,18782.0,5724.75,1516.0,630.0,ascending,True,/143157h3932.74N/10358.90WO146/051EOSS Balloon  www.eoss.org/A=018782!W37!,"AE0SS-12>APTT4,EOSS,qAO,KB0TVJ-1:/143157h3932.74N/10358.90WO146/051EOSS Balloon  www.eoss.org/A=018782!W37!",146.0,59.0,95.0,39.5457166667,-103.9817833333,5.38,8.67,,,,,,,,0.00019611,-0.00016389,25.26666667,7.701,high Re,0.004444,20.865891,0.019947,5.413419,0.078881,0.812938,-0.196537,24.068894,0.001344,6.35993,0.00608,1.649975,0.024041,0.812782,-0.196997,7.336195,
EOSS-302,KC0D-14,2020-10-03 08:32:16.849,2020-10-03 08:32:15,19303.0,5883.55,1470.0,648.0,ascending,True,/143215h3932.57N/10358.72WO136/048/A=019303 259T4940P EOSS BALLOON,"KC0D-14>APZEOS,EOSS,WIDE2-1,qAO,W0ARP-2:/143215h3932.57N/10358.72WO136/048/A=019303 259T4940P EOSS BALLOON",136.0,55.0,88.5,39.5428333333,-103.9786666667,5.64,9.08,78.62,25.9,299.05,49400.0,0.49,0.0011166,0.57547385,0.00018333,-0.00016111,24.5,7.46733333,high Re,-0.025556,20.948485,0.018889,5.37808,0.078245,0.660369,-0.568024,24.27118,-0.007789,6.385098,0.005757,1.6392,0.023847,0.660222,-0.568038,7.397851,
EOSS-302,AE0SS-12,2020-10-03 08:32:28.661,2020-10-03 08:32:27,19504.0,5944.82,1444.0,660.0,ascending,True,/143227h3932.44N/10358.58WO127/048EOSS Balloon  www.eoss.org/A=019504!W25!,"AE0SS-12>APTT4,EOSS,qAO,KB0TVJ-1:/143227h3932.44N/10358.58WO127/048EOSS Balloon  www.eoss.org/A=019504!W25!",127.0,55.0,88.5,39.5407,-103.9764166667,5.83,9.39,,,,,,,,0.00017889,-0.00016722,24.06666667,7.33566667,high Re,-0.014444,21.017778,0.018131,5.336896,0.077493,0.571285,-0.420361,24.34301,-0.004389,6.406222,0.005526,1.626649,0.023618,0.571386,-0.419807,7.419747,
EOSS-302,KC0D-14,2020-10-03 08:32:46.779,2020-10-03 08:32:45,20037.0,6107.28,1468.0,678.0,ascending,True,/143245h3932.26N/10358.38WO139/053/A=020037 259T4795P EOSS BALLOON,"KC0D-14>APZEOS,EOSS,WIDE2-1,qAO,W0ARP-2:/143245h3932.26N/10358.38WO139/053/A=020037 259T4795P EOSS BALLOON",139.0,61.0,98.2,39.5376666667,-103.973,6.11,9.83,78.62,25.9,299.05,47950.0,0.47,0.00108383,0.55858241,0.00018889,-0.00017222,24.46666667,7.45766667,high Re,0.013333,21.092754,0.018025,5.301707,0.07661,0.636382,-0.061245,24.515889,0.004067,6.42908,0.005494,1.615928,0.023349,0.63653,-0.061116,7.472441,
EOSS-302,AE0SS-12,2020-10-03 08:32:58.498,2020-10-03 08:32:57,20249.0,6171.9,1490.0,690.0,ascending,True,/143257h3932.13N/10358.24WO141/054EOSS Balloon  www.eoss.org/A=020249!W33!,"AE0SS-12>APTT4,EOSS,qAO,KB0TVJ-1:/143257h3932.13N/10358.24WO141/054EOSS Balloon  www.eoss.org/A=020249!W33!",141.0,62.0,99.8,39.53555,-103.9707166667,6.3,10.14,,,,,,,,0.00019,-0.00017167,24.83333333,7.56933333,high Re,0.012222,21.17234,0.017898,5.272073,0.075759,0.694412,-0.074922,24.57744,0.003722,6.45334,0.005456,1.606898,0.023089,0.694502,-0.075101,7.491202,
EOSS-302,KC0D-14,2020-10-03 08:33:16.892,2020-10-03 08:33:15,20800.0,6339.84,1526.0,708.0,ascending,True,/143315h3931.93N/10358.02WO141/054/A=020800 255T4648P EOSS BALLOON,"KC0D-14>APZEOS,EOSS,WIDE2-1,qAO,W0ARP-2:/143315h3931.93N/10358.02WO141/054/A=020800 255T4648P EOSS BALLOON",141.0,62.0,99.8,39.5321666667,-103.967,6.61,10.63,77.9,25.5,298.65,46480.0,0.46,0.00105201,0.54218319,0.0002,-0.00018333,25.43333333,7.752,high Re,0.02,21.261111,0.017943,5.251821,0.074932,0.794433,0.027452,24.718311,0.006089,6.480396,0.005469,1.600724,0.022837,0.794393,0.027149,7.534138,
EOSS-302,AE0SS-12,2020-10-03 08:33:28.662,2020-10-03 08:33:27,20993.0,6398.67,1488.0,720.0,ascending,True,/143327h3931.80N/10357.86WO146/058EOSS Balloon  www.eoss.org/A=020993!W39!,"AE0SS-12>APTT4,EOSS,qAO,KB0TVJ-1:/143327h3931.80N/10357.86WO146/058EOSS Balloon  www.eoss.org/A=020993!W39!",146.0,67.0,107.8,39.53005,-103.9644833333,6.8,10.95,,,,,,,,0.00020778,-0.00018333,24.8,7.559,high Re,-0.021111,21.333333,0.01713,5.221359,0.074344,0.66394,-0.514379,24.761268,-0.006433,6.502408,0.005221,1.591439,0.022658,0.663922,-0.514344,7.547232,
EOSS-302,KC0D-14,2020-10-03 08:33:46.818,2020-10-03 08:33:45,21544.0,6566.61,1488.0,738.0,ascending,True,/143345h3931.60N/10357.66WO139/047/A=021544 254T4508P EOSS BALLOON,"KC0D-14>APZEOS,EOSS,WIDE2-1,qAO,W0ARP-2:/143345h3931.60N/10357.66WO139/047/A=021544 254T4508P EOSS BALLOON",139.0,54.0,86.9,39.5266666667,-103.961,7.1,11.43,77.72,25.4,298.55,45080.0,0.44,0.00102066,0.52602851,0.0002,-0.00018333,24.8,7.559,high Re,0.0,21.402667,0.01678,5.191008,0.073606,0.654465,-0.227971,24.866592,0.0,6.52354,0.005114,1.582188,0.022433,0.654448,-0.227968,7.579334,
EOSS-302,AE0SS-12,2020-10-03 08:33:58.527,2020-10-03 08:33:57,21751.0,6629.7,1516.0,750.0,ascending,True,/143357h3931.46N/10357.50WO141/046EOSS Balloon  www.eoss.org/A=021751!W86!,"AE0SS-12>APTT4,EOSS,qAO,KB0TVJ-1:/143357h3931.46N/10357.50WO141/046EOSS Balloon  www.eoss.org/A=021751!W86!",141.0,53.0,85.3,39.5244666667,-103.9584333333,7.3,11.76,,,,,,,,0.00020167,-0.00018611,25.26666667,7.701,high Re,0.015556,21.478431,0.016756,5.167242,0.072852,0.733125,-0.016472,24.899885,0.004733,6.546627,0.005107,1.57494,0.022203,0.732963,-0.016845,7.589481,
EOSS-302,KC0D-14,2020-10-03 08:34:16.849,2020-10-03 08:34:15,22293.0,6794.91,1498.0,768.0,ascending,True,/143415h3931.27N/10357.27WO136/056/A=022293 249T4372P EOSS BALLOON,"KC0D-14>APZEOS,EOSS,WIDE2-1,qAO,W0ARP-2:/143415h3931.27N/10357.27WO136/056/A=022293 249T4372P EOSS BALLOON",136.0,64.0,103.0,39.5211666667,-103.9545,7.61,12.25,76.82,24.9,298.05,43720.0,0.43,0.00099153,0.5110148,0.00021667,-0.00018333,24.96666667,7.61,high Re,-0.01,21.545513,0.016231,5.139149,0.072217,0.665704,-0.363225,24.97234,-0.003033,6.567077,0.004947,1.56638,0.02201,0.665817,-0.362562,7.611567,
EOSS-302,AE0SS-12,2020-10-03 08:34:28.710,2020-10-03 08:34:27,22500.0,6858.0,1498.0,780.0,ascending,True,/143427h3931.13N/10357.11WO124/051EOSS Balloon  www.eoss.org/A=022500!W93!,"AE0SS-12>APTT4,EOSS,qAO,KB0TVJ-1:/143427h3931.13N/10357.11WO124/051EOSS Balloon  www.eoss.org/A=022500!W93!",124.0,59.0,95.0,39.5189833333,-103.9518833333,7.82,12.58,,,,,,,,0.00021833,-0.00018278,24.96666667,7.61,high Re,0.0,21.610063,0.015919,5.111143,0.071541,0.656723,-0.222516,24.994881,0.0,6.586755,0.004852,1.557846,0.021804,0.656833,-0.222528,7.618437,
EOSS-302,KC0D-14,2020-10-03 08:34:46.819,2020-10-03 08:34:45,23023.0,7017.41,1460.0,798.0,ascending,True,/143445h3930.94N/10356.87WO139/056/A=023023 248T4241P EOSS BALLOON,"KC0D-14>APZEOS,EOSS,WIDE2-1,qAO,W0ARP-2:/143445h3930.94N/10356.87WO139/056/A=023023 248T4241P EOSS BALLOON",139.0,64.0,103.0,39.5156666667,-103.9478333333,8.13,13.09,76.64,24.8,297.95,42410.0,0.42,0.00096215,0.49586943,0.00022222,-0.00018333,24.33333333,7.41666667,high Re,-0.021111,21.660494,0.01522,5.076241,0.071032,0.526539,-0.511474,25.040956,-0.006444,6.602123,0.004639,1.547207,0.021649,0.526461,-0.511941,7.632481,
EOSS-302,AE0SS-12,2020-10-03 08:34:58.454,2020-10-03 08:34:57,23221.0,7077.76,1442.0,810.0,ascending,True,/143457h3930.78N/10356.69WO149/060EOSS Balloon  www.eoss.org/A=023221!W42!,"AE0SS-12>APTT4,EOSS,qAO,KB0TVJ-1:/143457h3930.78N/10356.69WO149/060EOSS Balloon  www.eoss.org/A=023221!W42!",149.0,69.0,111.0,39.5130666667,-103.9448666667,8.37,13.47,,,,,,,,0.00023389,-0.00019722,24.03333333,7.32533333,high Re,-0.01,21.703636,0.014753,5.039187,0.070442,0.462316,-0.351395,25.054843,-0.003044,6.615273,0.004497,1.535913,0.021469,0.462305,-0.351251,7.636714,
EOSS-302,KC0D-14,2020-10-03 08:35:16.883,2020-10-03 08:35:15,23767.0,7244.18,1488.0,828.0,ascending,True,/143515h3930.56N/10356.45WO138/058/A=023767 244T4110P EOSS BALLOON,"KC0D-14>APZEOS,EOSS,WIDE2-1,qAO,W0ARP-2:/143515h3930.56N/10356.45WO138/058/A=023767 244T4110P EOSS BALLOON",138.0,67.0,107.8,39.5093333333,-103.9408333333,8.7,14.01,75.92,24.4,297.55,41100.0,0.41,0.00093368,0.48119856,0.00023333,-0.00021111,24.8,7.559,high Re,0.025556,21.758929,0.014949,5.01028,0.069802,0.606966,0.151958,25.085081,0.007789,6.632125,0.004557,1.527102,0.021274,0.60695,0.151923,7.645931,
EOSS-302,AE0SS-12,2020-10-03 08:35:28.452,2020-10-03 08:35:27,23950.0,7299.96,1458.0,840.0,ascending,True,/143527h3930.38N/10356.28WO134/055EOSS Balloon  www.eoss.org/A=023950!W52!,"AE0SS-12>APTT4,EOSS,qAO,KB0TVJ-1:/143527h3930.38N/10356.28WO134/055EOSS Balloon  www.eoss.org/A=023950!W52!",134.0,63.0,101.4,39.5064166667,-103.9380333333,8.96,14.41,,,,,,,,0.00022778,-0.00022167,24.3,7.40666667,high Re,-0.016667,21.803509,0.014385,4.976738,0.069293,0.501632,-0.448126,25.093072,-0.005078,6.645713,0.004384,1.516879,0.021119,0.501657,-0.448033,7.648367,
EOSS-302,KC0D-14,2020-10-03 08:35:46.843,2020-10-03 08:35:45,24509.0,7470.34,1484.0,858.0,ascending,True,/143545h3930.11N/10356.02WO146/074/A=024509 242T3985P EOSS BALLOON,"KC0D-14>APZEOS,EOSS,WIDE2-1,qAO,W0ARP-2:/143545h3930.11N/10356.02WO146/074/A=024509 242T3985P EOSS BALLOON",146.0,85.0,136.8,39.5018333333,-103.9336666667,9.35,15.04,75.56,24.2,297.35,39850.0,0.39,0.00090589,0.46687738,0.00023889,-0.00025,24.73333333,7.53866667,high Re,0.014444,21.854023,0.014386,4.947868,0.068672,0.581929,0.000845,25.112987,0.0044,6.661109,0.004385,1.508079,0.020929,0.581904,0.000717,7.654437,
EOSS-302,AE0SS-12,2020-10-03 08:35:58.424,2020-10-03 08:35:57,24685.0,7523.99,1470.0,870.0,ascending,True,/143557h3929.92N/10355.83WO151/068EOSS Balloon  www.eoss.org/A=024685!W32!,"AE0SS-12>APTT4,EOSS,qAO,KB0TVJ-1:/143557h3929.92N/10355.83WO151/068EOSS Balloon  www.eoss.org/A=024685!W32!",151.0,78.0,125.5,39.4987166667,-103.9305333333,9.62,15.48,,,,,,,,0.00025,-0.00025667,24.5,7.46766667,high Re,-0.007778,21.89887,0.014004,4.91711,0.068129,0.528996,-0.319717,25.118328,-0.002367,6.67478,0.004268,1.498705,0.020764,0.529048,-0.319543,7.656065,
EOSS-302,KC0D-14,2020-10-03 08:36:16.786,2020-10-03 08:36:15,25194.0,7679.13,1370.0,888.0,ascending,True,/143615h3929.65N/10355.57WO144/075/A=025194 237T3871P EOSS BALLOON,"KC0D-14>APZEOS,EOSS,WIDE2-1,qAO,W0ARP-2:/143615h3929.65N/10355.57WO144/075/A=025194 237T3871P EOSS BALLOON",144.0,86.0,138.4,39.4941666667,-103.9261666667,10.01,16.11,74.66,23.7,296.85,38710.0,0.38,0.00088146,0.45428518,0.00025,-0.00025556,22.83333333,6.95966667,high Re,-0.055556,21.914444,0.012825,4.876754,0.068144,0.188422,-1.003478,25.132942,-0.016933,6.679528,0.003909,1.486405,0.020768,0.188467,-1.003563,7.66052,
EOSS-302,AE0SS-12,2020-10-03 08:36:28.502,2020-10-03 08:36:27,25387.0,7737.96,1404.0,900.0,ascending,True,/143627h3929.44N/10355.39WO139/079EOSS Balloon  www.eoss.org/A=025387!W95!,"AE0SS-12>APTT4,EOSS,qAO,KB0TVJ-1:/143627h3929.44N/10355.39WO139/079EOSS Balloon  www.eoss.org/A=025387!W95!",139.0,91.0,146.5,39.4908166667,-103.92325,10.29,16.56,,,,,,,,0.00024278,-0.00026333,23.4,7.13233333,high Re,0.018889,21.938798,0.012926,4.839682,0.067568,0.301921,0.088252,25.138596,0.005756,6.686951,0.00394,1.475106,0.020593,0.301932,0.088185,7.662243,
EOSS-302,KC0D-14,2020-10-03 08:36:46.878,2020-10-03 08:36:45,25888.0,7890.66,1388.0,918.0,ascending,True,/143645h3929.14N/10355.12WO146/079/A=025888 236T3758P EOSS BALLOON,"KC0D-14>APZEOS,EOSS,WIDE2-1,qAO,W0ARP-2:/143645h3929.14N/10355.12WO146/079/A=025888 236T3758P EOSS BALLOON",146.0,91.0,146.5,39.4856666667,-103.9186666667,10.72,17.25,74.48,23.6,296.75,37580.0,0.37,0.00085602,0.44117256,0.00025,-0.00028333,23.13333333,7.051,high Re,-0.008889,21.958065,0.012568,4.802246,0.067061,0.244733,-0.319962,25.155008,-0.002711,6.692823,0.003831,1.463695,0.020438,0.244707,-0.32009,7.667246,
EOSS-302,AE0SS-12,2020-10-03 08:36:58.507,2020-10-03 08:36:57,26083.0,7950.1,1392.0,930.0,ascending,True,/143657h3928.93N/10354.94WO144/080EOSS Balloon  www.eoss.org/A=026083!W25!,"AE0SS-12>APTT4,EOSS,qAO,KB0TVJ-1:/143657h3928.93N/10354.94WO144/080EOSS Balloon  www.eoss.org/A=026083!W25!",144.0,92.0,148.1,39.4822,-103.91575,11.0,17.71,,,,,,,,0.00025,-0.00028722,23.2,7.07133333,high Re,0.002222,21.977778,0.012401,4.76593,0.066522,0.25645,-0.153017,25.162458,0.000678,6.698831,0.00378,1.452626,0.020274,0.256434,-0.153004,7.669517,
EOSS-302,KC0D-14,2020-10-03 08:37:16.847,2020-10-03 08:37:15,26634.0,8118.04,1492.0,948.0,ascending,True,/143715h3928.63N/10354.67WO143/071/A=026634 230T3641P EOSS BALLOON,"KC0D-14>APZEOS,EOSS,WIDE2-1,qAO,W0ARP-2:/143715h3928.63N/10354.67WO143/071/A=026634 230T3641P EOSS BALLOON",143.0,82.0,132.0,39.4771666667,-103.9111666667,11.43,18.39,73.4,23.0,296.15,36410.0,0.36,0.00083105,0.42830327,0.00025,-0.00028333,24.86666667,7.57933333,high Re,0.055556,22.022917,0.013086,4.741724,0.066207,0.599729,0.641473,25.188209,0.016933,6.712589,0.003989,1.445248,0.020178,0.59972,0.641491,7.677366,
EOSS-302,AE0SS-12,2020-10-03 08:37:28.839,2020-10-03 08:37:27,26837.0,8179.92,1508.0,960.0,ascending,True,/143727h3928.42N/10354.48WO139/065EOSS Balloon  www.eoss.org/A=026837!W73!,"AE0SS-12>APTT4,EOSS,qAO,KB0TVJ-1:/143727h3928.42N/10354.48WO139/065EOSS Balloon  www.eoss.org/A=026837!W73!",139.0,75.0,120.7,39.4737833333,-103.90805,11.71,18.85,,,,,,,,0.00025667,-0.00028056,25.13333333,7.66066667,high Re,0.008889,22.070769,0.013021,4.720326,0.065682,0.648804,-0.062909,25.199819,0.002711,6.727174,0.003969,1.438727,0.020018,0.648832,-0.062843,7.680905,
EOSS-302,KC0D-14,2020-10-03 08:37:46.820,2020-10-03 08:37:45,27374.0,8343.6,1480.0,978.0,ascending,True,/143745h3928.13N/10354.20WO147/075/A=027374 229T3527P EOSS BALLOON,"KC0D-14>APZEOS,EOSS,WIDE2-1,qAO,W0ARP-2:/143745h3928.13N/10354.20WO147/075/A=027374 229T3527P EOSS BALLOON",147.0,86.0,138.4,39.4688333333,-103.9033333333,12.14,19.54,73.22,22.9,296.05,35270.0,0.35,0.0008053,0.4150332,0.00026111,-0.00027778,24.66666667,7.51866667,high Re,-0.015556,22.110101,0.012581,4.694761,0.065263,0.544557,-0.431132,25.237176,-0.004733,6.739167,0.003835,1.430937,0.01989,0.544748,-0.430769,7.692292,
EOSS-302,AE0SS-12,2020-10-03 08:37:58.606,2020-10-03 08:37:57,27579.0,8406.08,1484.0,990.0,ascending,True,/143757h3927.92N/10354.02WO151/081EOSS Balloon  www.eoss.org/A=027579!W72!,"AE0SS-12>APTT4,EOSS,qAO,KB0TVJ-1:/143757h3927.92N/10354.02WO151/081EOSS Balloon  www.eoss.org/A=027579!W72!",151.0,93.0,149.7,39.46545,-103.9003666667,12.42,19.99,,,,,,,,0.00025611,-0.00027778,24.73333333,7.53866667,high Re,0.002222,22.149254,0.012424,4.670069,0.064771,0.553328,-0.157509,25.254243,0.000667,6.7511,0.003787,1.423411,0.01974,0.553295,-0.158055,7.697494,
EOSS-302,KC0D-14,2020-10-03 08:38:16.771,2020-10-03 08:38:15,28098.0,8564.27,1448.0,1008.0,ascending,True,/143815h3927.62N/10353.78WO146/066/A=028098 223T3417P EOSS BALLOON,"KC0D-14>APZEOS,EOSS,WIDE2-1,qAO,W0ARP-2:/143815h3927.62N/10353.78WO146/066/A=028098 223T3417P EOSS BALLOON",146.0,76.0,122.3,39.4603333333,-103.8963333333,12.83,20.65,72.14,22.3,295.45,34170.0,0.34,0.00078177,0.40290572,0.00023333,-0.00028333,24.13333333,7.35566667,high Re,-0.02,22.178431,0.01194,4.641327,0.064401,0.421195,-0.495955,25.305073,-0.0061,6.75999,0.003639,1.414649,0.019628,0.421077,-0.496179,7.712987,
EOSS-302,AE0SS-12,2020-10-03 08:38:29.123,2020-10-03 08:38:27,28314.0,8630.11,1470.0,1020.0,ascending,True,/143827h3927.41N/10353.61WO145/063EOSS Balloon  www.eoss.org/A=028314!W35!,"AE0SS-12>APTT4,EOSS,qAO,KB0TVJ-1:/143827h3927.41N/10353.61WO145/063EOSS Balloon  www.eoss.org/A=028314!W35!",145.0,72.0,115.9,39.4568833333,-103.8935833333,13.11,21.1,,,,,,,,0.00022611,-0.00028556,24.5,7.46766667,high Re,0.012222,22.212077,0.011944,4.615543,0.063918,0.4957,0.004349,25.329607,0.003733,6.770246,0.003641,1.406791,0.019481,0.495753,0.004723,7.720465,
EOSS-302,KC0D-14,2020-10-03 08:38:46.797,2020-10-03 08:38:45,28879.0,8802.32,1562.0,1038.0,ascending,True,/143845h3927.09N/10353.38WO153/078/A=028879 221T3302P EOSS BALLOON,"KC0D-14>APZEOS,EOSS,WIDE2-1,qAO,W0ARP-2:/143845h3927.09N/10353.38WO153/078/A=028879 221T3302P EOSS BALLOON",153.0,90.0,144.8,39.4515,-103.8896666667,13.53,21.78,71.78,22.1,295.25,33020.0,0.33,0.00075597,0.38960957,0.00022222,-0.00029444,26.03333333,7.935,high Re,0.051111,22.266667,0.012512,4.604682,0.063622,0.818008,0.606693,25.403561,0.015578,6.786886,0.003814,1.403481,0.01939,0.818047,0.606704,7.743006,
EOSS-302,AE0SS-12,2020-10-03 08:38:58.483,2020-10-03 08:38:57,29108.0,8872.12,1588.0,1050.0,ascending,True,/143857h3926.86N/10353.23WO150/083EOSS Balloon  www.eoss.org/A=029108!W37!,"AE0SS-12>APTT4,EOSS,qAO,KB0TVJ-1:/143857h3926.86N/10353.23WO150/083EOSS Balloon  www.eoss.org/A=029108!W37!",150.0,96.0,154.5,39.4477166667,-103.8872833333,13.82,22.24,,,,,,,,0.00021,-0.00030556,26.46666667,8.067,high Re,0.014444,22.325822,0.01254,4.598765,0.063159,0.900425,0.030146,25.437617,0.0044,6.804915,0.003822,1.401678,0.019249,0.90041,0.030028,7.753387,
EOSS-302,KC0D-14,2020-10-03 08:39:16.808,2020-10-03 08:39:15,29677.0,9045.55,1596.0,1068.0,ascending,True,/143915h3926.51N/10353.03WO155/074/A=029677 216T3189P EOSS BALLOON,"KC0D-14>APZEOS,EOSS,WIDE2-1,qAO,W0ARP-2:/143915h3926.51N/10353.03WO155/074/A=029677 216T3189P EOSS BALLOON",155.0,85.0,136.8,39.4418333333,-103.8838333333,14.25,22.94,70.88,21.6,294.75,31890.0,0.31,0.00073134,0.37691477,0.00019444,-0.00032222,26.6,8.10766667,high Re,0.004444,22.385185,0.012426,4.593964,0.062714,0.917468,-0.127276,25.532365,0.001356,6.823009,0.003787,1.400214,0.019113,0.917472,-0.127191,7.782266,
EOSS-302,AE0SS-12,2020-10-03 08:39:28.547,2020-10-03 08:39:27,29895.0,9112.0,1574.0,1080.0,ascending,True,/143927h3926.27N/10352.88WO158/075EOSS Balloon  www.eoss.org/A=029895!W59!,"AE0SS-12>APTT4,EOSS,qAO,KB0TVJ-1:/143927h3926.27N/10352.88WO158/075EOSS Balloon  www.eoss.org/A=029895!W59!",158.0,86.0,138.4,39.4379166667,-103.8814833333,14.55,23.41,,,,,,,,0.00019333,-0.00032667,26.23333333,7.996,high Re,-0.012222,22.4379,0.012083,4.584129,0.062338,0.827951,-0.389891,25.572407,-0.003722,6.839078,0.003683,1.397218,0.018999,0.828018,-0.389757,7.794471,
EOSS-302,KC0D-14,2020-10-03 08:39:46.740,2020-10-03 08:39:45,30475.0,9288.78,1596.0,1098.0,ascending,True,/143945h3925.94N/10352.67WO152/080/A=030475 214T3077P EOSS BALLOON,"KC0D-14>APZEOS,EOSS,WIDE2-1,qAO,W0ARP-2:/143945h3925.94N/10352.67WO152/080/A=030475 214T3077P EOSS BALLOON",152.0,92.0,148.1,39.4323333333,-103.8778333333,14.97,24.1,70.52,21.4,294.55,30770.0,0.3,0.00070613,0.36392418,0.0002,-0.00031667,26.6,8.10766667,high Re,0.012222,22.494144,0.012085,4.57826,0.061904,0.896816,0.002213,25.688504,0.003722,6.856221,0.003684,1.395429,0.018867,0.896818,0.002014,7.829857,
EOSS-302,AE0SS-12,2020-10-03 08:39:58.741,2020-10-03 08:39:57,30670.0,9348.22,1550.0,1110.0,ascending,True,/143957h3925.69N/10352.51WO149/083EOSS Balloon  www.eoss.org/A=030670!W58!,"AE0SS-12>APTT4,EOSS,qAO,KB0TVJ-1:/143957h3925.69N/10352.51WO149/083EOSS Balloon  www.eoss.org/A=030670!W58!",149.0,96.0,154.5,39.42825,-103.8753,15.28,24.59,,,,,,,,0.00020611,-0.00032222,25.83333333,7.874,high Re,-0.025556,22.538667,0.011576,4.563539,0.061634,0.721954,-0.60246,25.730484,-0.007789,6.869791,0.003529,1.390942,0.018784,0.721963,-0.602534,7.842653,
EOSS-302,KC0D-14,2020-10-03 08:40:16.877,2020-10-03 08:40:15,31240.0,9521.95,1530.0,1128.0,ascending,True,/144015h3925.34N/10352.33WO161/075/A=031240 208T2974P EOSS BALLOON,"KC0D-14>APZEOS,EOSS,WIDE2-1,qAO,W0ARP-2:/144015h3925.34N/10352.33WO161/075/A=031240 208T2974P EOSS BALLOON",161.0,86.0,138.4,39.4223333333,-103.8721666667,15.71,25.28,69.44,20.8,293.95,29740.0,0.29,0.00068389,0.35246009,0.00018889,-0.00033333,25.5,7.77233333,high Re,-0.011111,22.577632,0.011274,4.545723,0.061272,0.642883,-0.365338,25.860837,-0.003389,6.881667,0.003436,1.385511,0.018674,0.642843,-0.365481,7.882383,
EOSS-302,AE0SS-12,2020-10-03 08:40:28.525,2020-10-03 08:40:27,31454.0,9587.18,1568.0,1140.0,ascending,True,/144027h3925.09N/10352.20WO166/079EOSS Balloon  www.eoss.org/A=031454!W91!,"AE0SS-12>APTT4,EOSS,qAO,KB0TVJ-1:/144027h3925.09N/10352.20WO166/079EOSS Balloon  www.eoss.org/A=031454!W91!",166.0,91.0,146.5,39.4183166667,-103.8700166667,16.0,25.76,,,,,,,,0.00017611,-0.00033111,26.13333333,7.96533333,high Re,0.021111,22.62381,0.011403,4.533862,0.060873,0.774069,0.15948,25.912431,0.006433,6.89574,0.003476,1.381895,0.018552,0.774005,0.15939,7.89811,
EOSS-302,KC0D-14,2020-10-03 08:40:46.881,2020-10-03 08:40:45,32032.0,9763.35,1584.0,1158.0,ascending,True,/144045h3924.73N/10352.02WO156/077/A=032032 205T2869P EOSS BALLOON,"KC0D-14>APZEOS,EOSS,WIDE2-1,qAO,W0ARP-2:/144045h3924.73N/10352.02WO156/077/A=032032 205T2869P EOSS BALLOON",156.0,89.0,143.2,39.4121666667,-103.867,16.44,26.47,68.9,20.5,293.65,28690.0,0.28,0.00066041,0.34036351,0.00017222,-0.00033889,26.4,8.04666667,high Re,0.008889,22.672222,0.011371,4.524573,0.060472,0.823896,-0.041044,26.057802,0.002711,6.910496,0.003466,1.379064,0.01843,0.823871,-0.040966,7.942418,
EOSS-302,AE0SS-12,2020-10-03 08:41:00.903,2020-10-03 08:40:57,32228.0,9823.09,1548.0,1170.0,ascending,True,/144057h3924.49N/10351.89WO160/087EOSS Balloon  www.eoss.org/A=032228!W83!,"AE0SS-12>APTT4,EOSS,qAO,KB0TVJ-1:/144057h3924.49N/10351.89WO160/087EOSS Balloon  www.eoss.org/A=032228!W83!",160.0,100.0,160.9,39.4083,-103.8648833333,16.73,26.92,,,,,,,,0.00017111,-0.00033389,25.8,7.86366667,high Re,-0.02,22.711814,0.010969,4.509228,0.060183,0.684859,-0.514581,26.108765,-0.0061,6.922561,0.003343,1.374385,0.018342,0.684747,-0.514829,7.957951,
EOSS-302,KC0D-14,2020-10-03 08:41:16.884,2020-10-03 08:41:15,32826.0,10005.36,1588.0,1188.0,ascending,True,/144115h3924.10N/10351.74WO160/077/A=032826 199T2766P EOSS BALLOON,"KC0D-14>APZEOS,EOSS,WIDE2-1,qAO,W0ARP-2:/144115h3924.10N/10351.74WO160/077/A=032826 199T2766P EOSS BALLOON",160.0,89.0,143.2,39.4016666667,-103.8623333333,17.18,27.66,67.82,19.9,293.05,27660.0,0.27,0.00063801,0.32881597,0.00015556,-0.00035,26.46666667,8.067,high Re,0.022222,22.75875,0.011111,4.500221,0.059809,0.823941,0.185775,26.267942,0.006778,6.936867,0.003387,1.37164,0.018228,0.823928,0.186032,8.006468,
EOSS-302,AE0SS-12,2020-10-03 08:41:28.672,2020-10-03 08:41:27,33072.0,10080.35,1688.0,1200.0,ascending,True,/144127h3923.84N/10351.63WO167/075EOSS Balloon  www.eoss.org/A=033072!W50!,"AE0SS-12>APTT4,EOSS,qAO,N2XGL-12:/144127h3923.84N/10351.63WO167/075EOSS Balloon  www.eoss.org/A=033072!W50!",167.0,86.0,138.4,39.3974166667,-103.8605,17.48,28.14,,,,,,,,0.00014611,-0.00036278,28.13333333,8.57533333,high Re,0.055556,22.825103,0.011667,4.511702,0.059637,1.176547,0.735936,26.334498,0.016944,6.957095,0.003556,1.375144,0.018176,1.176777,0.736576,8.026756,
EOSS-302,KC0D-14,2020-10-03 08:41:46.857,2020-10-03 08:41:45,33675.0,10264.14,1698.0,1218.0,ascending,True,/144145h3923.46N/10351.46WO160/084/A=033675 197T2660P EOSS BALLOON,"KC0D-14>APZEOS,EOSS,WIDE2-1,qAO,W0ARP-2:/144145h3923.46N/10351.46WO160/084/A=033675 197T2660P EOSS BALLOON",160.0,97.0,156.1,39.391,-103.8576666667,17.94,28.87,67.46,19.7,292.85,26600.0,0.26,0.00061398,0.31643088,0.00015556,-0.00035556,28.3,8.626,high Re,0.005556,22.89187,0.011591,4.524345,0.059267,1.19534,-0.101827,26.498374,0.001689,6.977447,0.003533,1.379,0.018063,1.19547,-0.102087,8.076704,
EOSS-302,AE0SS-12,2020-10-03 08:41:59.011,2020-10-03 08:41:57,33915.0,10337.29,1686.0,1230.0,ascending,True,/144157h3923.19N/10351.35WO160/096EOSS Balloon  www.eoss.org/A=033915!W40!,"AE0SS-12>APTT4,EOSS,qAO,KB0TVJ-1:/144157h3923.19N/10351.35WO160/096EOSS Balloon  www.eoss.org/A=033915!W40!",160.0,110.0,177.0,39.3865666667,-103.8558333333,18.25,29.36,,,,,,,,0.00015556,-0.00036167,28.1,8.56466667,high Re,-0.006667,22.954618,0.011368,4.532866,0.058934,1.135128,-0.30602,26.563301,-0.002044,6.99657,0.003465,1.381595,0.017962,1.13499,-0.306703,8.096493,
EOSS-302,KC0D-14,2020-10-03 08:42:16.829,2020-10-03 08:42:15,34530.0,10524.74,1710.0,1248.0,ascending,True,/144215h3922.80N/10351.18WO157/079/A=034530 190T2556P EOSS BALLOON,"KC0D-14>APZEOS,EOSS,WIDE2-1,qAO,W0ARP-2:/144215h3922.80N/10351.18WO157/079/A=034530 190T2556P EOSS BALLOON",157.0,91.0,146.5,39.38,-103.853,18.71,30.11,66.2,19.0,292.15,25560.0,0.25,0.00059139,0.30478768,0.00015556,-0.00036667,28.5,8.68666667,high Re,0.013333,23.020635,0.011392,4.545922,0.058574,1.205336,0.033138,26.726846,0.004067,7.01669,0.003472,1.385573,0.017852,1.205261,0.03333,8.146341,
EOSS-302,AE0SS-12,2020-10-03 08:42:28.608,2020-10-03 08:42:27,34712.0,10580.22,1594.0,1260.0,ascending,True,/144227h3922.55N/10351.03WO159/079EOSS Balloon  www.eoss.org/A=034712!W88!,"AE0SS-12>APTT4,EOSS,qAO,KB0TVJ-1:/144227h3922.55N/10351.03WO159/079EOSS Balloon  www.eoss.org/A=034712!W88!",159.0,91.0,146.5,39.3759666667,-103.8506333333,19.01,30.6,,,,,,,,0.00017333,-0.00035333,26.56666667,8.09766667,high Re,-0.064444,23.062353,0.010489,4.535121,0.058805,0.772706,-1.274262,26.774061,-0.019633,7.029408,0.003197,1.382282,0.017922,0.772823,-1.273853,8.160734,
EOSS-302,KC0D-14,2020-10-03 08:42:46.831,2020-10-03 08:42:45,35311.0,10762.79,1562.0,1278.0,ascending,True,/144245h3922.16N/10350.87WO158/085/A=035311 187T2464P EOSS BALLOON,"KC0D-14>APZEOS,EOSS,WIDE2-1,qAO,W0ARP-2:/144245h3922.16N/10350.87WO158/085/A=035311 187T2464P EOSS BALLOON",158.0,98.0,157.7,39.3693333333,-103.8478333333,19.48,31.35,65.66,18.7,291.85,24640.0,0.24,0.00057069,0.29411925,0.00017222,-0.00035556,26.03333333,7.935,high Re,-0.017778,23.096899,0.010157,4.519733,0.058534,0.649692,-0.477244,26.923916,-0.005422,7.039938,0.003096,1.377592,0.01784,0.649729,-0.477466,8.206408,
EOSS-302,AE0SS-12,2020-10-03 08:42:58.498,2020-10-03 08:42:57,35529.0,10829.24,1634.0,1290.0,ascending,True,/144257h3921.89N/10350.76WO160/089EOSS Balloon  www.eoss.org/A=035529!W35!,"AE0SS-12>APTT4,EOSS,qAO,W9CN-9:/144257h3921.89N/10350.76WO160/089EOSS Balloon  www.eoss.org/A=035529!W35!",160.0,102.0,164.2,39.3648833333,-103.8460833333,19.79,31.85,,,,,,,,0.00015167,-0.00036944,27.23333333,8.30066667,high Re,0.04,23.144444,0.010504,4.51521,0.058278,0.905581,0.506126,26.975889,0.012189,7.054429,0.003202,1.376213,0.017762,0.905556,0.505968,8.22225,
EOSS-302,KC0D-14,2020-10-03 08:43:16.750,2020-10-03 08:43:15,36128.0,11011.81,1634.0,1308.0,ascending,True,/144315h3921.47N/10350.61WO169/085/A=036128 181T2370P EOSS BALLOON,"KC0D-14>APZEOS,EOSS,WIDE2-1,qAO,W0ARP-2:/144315h3921.47N/10350.61WO169/085/A=036128 181T2370P EOSS BALLOON",169.0,98.0,157.7,39.3578333333,-103.8435,20.28,32.63,64.58,18.1,291.25,23700.0,0.23,0.00055005,0.28348159,0.00014444,-0.00038333,27.23333333,8.30066667,high Re,0.0,23.190909,0.010383,4.510297,0.057949,0.896266,-0.179175,27.109947,0.0,7.068591,0.003165,1.374715,0.017661,0.896241,-0.179208,8.26311,
EOSS-302,AE0SS-12,2020-10-03 08:43:28.917,2020-10-03 08:43:27,36346.0,11078.26,1634.0,1320.0,ascending,True,/144327h3921.18N/10350.51WO166/077EOSS Balloon  www.eoss.org/A=036346!W10!,"AE0SS-12>APTT4,EOSS,qAO,N6BA-10:/144327h3921.18N/10350.51WO166/077EOSS Balloon  www.eoss.org/A=036346!W10!",166.0,89.0,143.2,39.3530166667,-103.8418333333,20.61,33.16,,,,,,,,0.00014167,-0.00039556,27.23333333,8.30066667,high Re,0.0,23.23633,0.010265,4.505021,0.057626,0.887233,-0.178131,27.155122,0.0,7.082434,0.003129,1.373107,0.017563,0.887209,-0.178159,8.27688,
EOSS-302,KC0D-14,2020-10-03 08:43:46.867,2020-10-03 08:43:45,36927.0,11255.35,1598.0,1338.0,ascending,True,/144345h3920.75N/10350.37WO163/083/A=036927 178T2281P EOSS BALLOON,"KC0D-14>APZEOS,EOSS,WIDE2-1,qAO,W0ARP-2:/144345h3920.75N/10350.37WO163/083/A=036927 178T2281P EOSS BALLOON",163.0,96.0,154.5,39.3458333333,-103.8395,21.1,33.95,64.04,17.8,290.95,22810.0,0.23,0.00052994,0.2731174,0.00013333,-0.0004,26.63333333,8.118,high Re,-0.02,23.274074,0.009925,4.493929,0.057387,0.747511,-0.52146,27.26469,-0.006089,7.093941,0.003025,1.369728,0.01749,0.747637,-0.521098,8.310276,
EOSS-302,AE0SS-12,2020-10-03 08:43:58.530,2020-10-03 08:43:57,37124.0,11315.4,1556.0,1350.0,ascending,True,/144357h3920.45N/10350.25WO172/095EOSS Balloon  www.eoss.org/A=037124!W42!,"AE0SS-12>APTT4,EOSS,qAO,KB0TVJ-1:/144357h3920.45N/10350.25WO172/095EOSS Balloon  www.eoss.org/A=037124!W42!",172.0,109.0,175.4,39.3409,-103.8375333333,21.44,34.51,,,,,,,,0.00014333,-0.00040389,25.93333333,7.90466667,high Re,-0.023333,23.303297,0.009556,4.477579,0.057171,0.587379,-0.575274,27.29796,-0.007111,7.10285,0.002913,1.364746,0.017424,0.587521,-0.575298,8.320418,
EOSS-302,KC0D-14,2020-10-03 08:44:16.911,2020-10-03 08:44:15,37752.0,11506.81,1650.0,1368.0,ascending,True,/144415h3920.04N/10350.13WO164/083/A=037752 171T2192P EOSS BALLOON,"KC0D-14>APZEOS,EOSS,WIDE2-1,qAO,W0ARP-2:/144415h3920.04N/10350.13WO164/083/A=037752 171T2192P EOSS BALLOON",164.0,96.0,154.5,39.334,-103.8355,21.91,35.26,62.78,17.1,290.25,21920.0,0.22,0.00051049,0.26309389,0.00013333,-0.00039444,27.5,8.382,high Re,0.052222,23.348913,0.010024,4.474354,0.057029,0.927751,0.739939,27.389585,0.015911,7.116754,0.003055,1.363763,0.017381,0.927761,0.739658,8.348344,
EOSS-302,AE0SS-12,2020-10-03 08:44:28.445,2020-10-03 08:44:27,37984.0,11577.52,1720.0,1380.0,ascending,True,/144427h3919.76N/10350.04WO157/074EOSS Balloon  www.eoss.org/A=037984!W09!,"AE0SS-12>APTT4,EOSS,qAO,W9CN-9:/144427h3919.76N/10350.04WO157/074EOSS Balloon  www.eoss.org/A=037984!W09!",157.0,85.0,136.8,39.3293333333,-103.83415,22.22,35.77,,,,,,,,0.00011278,-0.00038556,28.66666667,8.73733333,high Re,0.038889,23.406093,0.010338,4.484005,0.056794,1.173186,0.502712,27.417538,0.011844,7.134179,0.003151,1.366701,0.017309,1.17301,0.502224,8.356864,
EOSS-302,KC0D-14,2020-10-03 08:44:46.844,2020-10-03 08:44:45,38552.0,11750.65,1600.0,1398.0,ascending,True,/144445h3919.36N/10349.91WO163/075/A=038552 168T2108P EOSS BALLOON,"KC0D-14>APZEOS,EOSS,WIDE2-1,qAO,W0ARP-2:/144445h3919.36N/10349.91WO163/075/A=038552 168T2108P EOSS BALLOON",163.0,86.0,138.4,39.3226666667,-103.8318333333,22.69,36.51,62.24,16.8,289.95,21080.0,0.21,0.00049143,0.25327361,0.00012222,-0.00037778,26.66666667,8.128,high Re,-0.066667,23.44078,0.00951,4.472494,0.057046,0.721272,-1.335361,27.471665,-0.020311,7.144752,0.002899,1.363193,0.017386,0.721283,-1.334982,8.373362,
EOSS-302,AE0SS-12,2020-10-03 08:44:58.605,2020-10-03 08:44:57,38814.0,11830.51,1660.0,1410.0,ascending,True,/144457h3919.08N/10349.82WO160/080EOSS Balloon  www.eoss.org/A=038814!W94!,"AE0SS-12>APTT4,EOSS,qAO,KB0TVJ-1:/144457h3919.08N/10349.82WO160/080EOSS Balloon  www.eoss.org/A=038814!W94!",160.0,92.0,148.1,39.31815,-103.8304,22.99,37.01,,,,,,,,0.000125,-0.00037278,27.66666667,8.433,high Re,0.033333,23.485263,0.009764,4.469719,0.056792,0.935496,0.415006,27.489523,0.010167,7.158312,0.002976,1.362349,0.017309,0.935655,0.415449,8.378805,
EOSS-302,KC0D-14,2020-10-03 08:45:16.785,2020-10-03 08:45:15,39401.0,12009.42,1698.0,1428.0,ascending,True,/144515h3918.70N/10349.68WO161/085/A=039401 162T2023P EOSS BALLOON,"KC0D-14>APZEOS,EOSS,WIDE2-1,qAO,W0ARP-2:/144515h3918.70N/10349.68WO161/085/A=039401 162T2023P EOSS BALLOON",161.0,98.0,157.7,39.3116666667,-103.828,23.45,37.74,61.16,16.2,289.35,20230.0,0.2,0.00047259,0.24356498,0.00012778,-0.00036667,28.3,8.62566667,high Re,0.021111,23.535417,0.009883,4.473205,0.056501,1.065139,0.198722,27.512621,0.006422,7.173597,0.003012,1.36341,0.01722,1.065028,0.198026,8.385845,
EOSS-302,AE0SS-12,2020-10-03 08:45:31.121,2020-10-03 08:45:27,39605.0,12071.6,1582.0,1440.0,ascending,True,/144527h3918.44N/10349.56WO161/075EOSS Balloon  www.eoss.org/A=039605!W90!,"AE0SS-12>APTT4,EOSS,qAO,KB0TVJ-1:/144527h3918.44N/10349.56WO161/075EOSS Balloon  www.eoss.org/A=039605!W90!",161.0,86.0,138.4,39.3074833333,-103.826,23.75,38.23,,,,,,,,0.00014667,-0.00035556,26.36666667,8.03633333,high Re,-0.064444,23.564605,0.009109,4.459122,0.056713,0.628389,-1.296934,27.515064,-0.019644,7.182491,0.002776,1.359116,0.017284,0.628234,-1.297153,8.38659,
EOSS-302,KC0D-14,2020-10-03 08:45:46.845,2020-10-03 08:45:45,40268.0,12273.69,1734.0,1458.0,ascending,True,/144545h3918.07N/10349.39WO164/080/A=040268 158T1938P EOSS BALLOON,"KC0D-14>APZEOS,EOSS,WIDE2-1,qAO,W0ARP-2:/144545h3918.07N/10349.39WO164/080/A=040268 158T1938P EOSS BALLOON",164.0,92.0,148.1,39.3011666667,-103.8231666667,24.21,38.96,60.44,15.8,288.95,19380.0,0.19,0.00045336,0.23365416,0.00016111,-0.00035,28.9,8.809,high Re,0.084444,23.619048,0.009885,4.468697,0.056933,1.181766,1.309592,27.502806,0.025756,7.199088,0.003013,1.362038,0.017352,1.181988,1.310685,8.382854,
EOSS-302,AE0SS-12,2020-10-03 08:45:58.491,2020-10-03 08:45:57,40527.0,12352.63,1844.0,1470.0,ascending,True,/144557h3917.83N/10349.30WO163/061EOSS Balloon  www.eoss.org/A=040527!W26!,"AE0SS-12>APTT4,EOSS,qAO,KB0TVJ-1:/144557h3917.83N/10349.30WO163/061EOSS Balloon  www.eoss.org/A=040527!W26!",163.0,70.0,112.7,39.2972,-103.8217666667,24.48,39.4,,,,,,,,0.00014111,-0.00034278,30.73333333,9.36766667,high Re,0.061111,23.690909,0.010408,4.502969,0.056874,1.563951,0.891497,27.489596,0.018622,7.220993,0.003172,1.372487,0.017334,1.564076,0.891312,8.378828,
EOSS-302,KC0D-14,2020-10-03 08:46:16.762,2020-10-03 08:46:15,41156.0,12544.35,1776.0,1488.0,ascending,True,/144615h3917.47N/10349.16WO158/087/A=041156 152T1855P EOSS BALLOON,"KC0D-14>APZEOS,EOSS,WIDE2-1,qAO,W0ARP-2:/144615h3917.47N/10349.16WO158/087/A=041156 152T1855P EOSS BALLOON",158.0,100.0,160.9,39.2911666667,-103.8193333333,24.91,40.09,59.36,15.2,288.35,18550.0,0.18,0.00043485,0.22411267,0.00012778,-0.00033333,29.6,9.022,high Re,-0.037778,23.75,0.009921,4.51897,0.05679,1.294543,-0.839919,27.437941,-0.011522,7.239003,0.003024,1.377363,0.017308,1.2945,-0.840421,8.363083,
EOSS-302,AE0SS-12,2020-10-03 08:46:28.754,2020-10-03 08:46:27,41354.0,12604.7,1654.0,1500.0,ascending,True,/144627h3917.19N/10349.03WO161/091EOSS Balloon  www.eoss.org/A=041354!W31!,"AE0SS-12>APTT4,EOSS,qAO,W9CN-9:/144627h3917.19N/10349.03WO161/091EOSS Balloon  www.eoss.org/A=041354!W31!",161.0,105.0,169.0,39.28655,-103.8171833333,25.25,40.63,,,,,,,,0.00015278,-0.000355,27.56666667,8.40233333,high Re,-0.067778,23.787789,0.009144,4.512328,0.057034,0.837456,-1.348704,27.416014,-0.020656,7.250521,0.002787,1.375339,0.017383,0.837475,-1.348616,8.3564,
EOSS-302,KC0D-14,2020-10-03 08:46:46.887,2020-10-03 08:46:45,42005.0,12803.12,1698.0,1518.0,ascending,True,/144645h3916.82N/10348.84WO160/083/A=042005 149T1779P EOSS BALLOON,"KC0D-14>APZEOS,EOSS,WIDE2-1,qAO,W0ARP-2:/144645h3916.82N/10348.84WO160/083/A=042005 149T1779P EOSS BALLOON",160.0,96.0,154.5,39.2803333333,-103.814,25.71,41.37,58.82,14.9,288.05,17790.0,0.18,0.00041747,0.21515454,0.00017778,-0.00036111,28.3,8.62566667,high Re,0.024444,23.832026,0.009296,4.512108,0.056769,0.990219,0.266836,27.325315,0.007444,7.264003,0.002833,1.37527,0.017302,0.990106,0.266501,8.328756,
EOSS-302,AE0SS-12,2020-10-03 08:46:58.448,2020-10-03 08:46:57,42249.0,12877.5,1790.0,1530.0,ascending,True,/144657h3916.56N/10348.71WO167/081EOSS Balloon  www.eoss.org/A=042249!W83!,"AE0SS-12>APTT4,EOSS,qAO,KB0TVJ-1:/144657h3916.56N/10348.71WO167/081EOSS Balloon  www.eoss.org/A=042249!W83!",167.0,93.0,149.7,39.2761333333,-103.8118833333,26.01,41.87,,,,,,,,0.00017667,-0.00034722,29.83333333,9.09333333,high Re,0.051111,23.890291,0.009706,4.528707,0.056639,1.312304,0.731033,27.284174,0.015589,7.281764,0.002958,1.380332,0.017262,1.312416,0.731723,8.316215,
EOSS-302,KC0D-14,2020-10-03 08:47:16.853,2020-10-03 08:47:15,42792.0,13043.0,1574.0,1548.0,ascending,True,/144715h3916.14N/10348.58WO167/087/A=042792 142T1712P EOSS BALLOON,"KC0D-14>APZEOS,EOSS,WIDE2-1,qAO,W0ARP-2:/144715h3916.14N/10348.58WO167/087/A=042792 142T1712P EOSS BALLOON",167.0,100.0,160.9,39.269,-103.8096666667,26.51,42.66,57.56,14.2,287.35,17120.0,0.17,0.00040272,0.20755586,0.00014444,-0.00037778,26.23333333,7.996,high Re,-0.12,23.912821,0.008447,4.512522,0.057791,0.514238,-2.222613,27.179284,-0.036578,7.288631,0.002575,1.375399,0.017614,0.514301,-2.222834,8.284246,
EOSS-302,AE0SS-12,2020-10-03 08:47:28.524,2020-10-03 08:47:27,43050.0,13121.64,1602.0,1560.0,ascending,True,/144727h3915.87N/10348.49WO167/059EOSS Balloon  www.eoss.org/A=043050!W95!,"AE0SS-12>APTT4,EOSS,qAO,KB0TVJ-1:/144727h3915.87N/10348.49WO167/059EOSS Balloon  www.eoss.org/A=043050!W95!",167.0,68.0,109.4,39.26465,-103.80825,26.81,43.14,,,,,,,,0.00012111,-0.00038278,26.7,8.138,high Re,0.015556,23.939365,0.008515,4.499005,0.057514,0.61361,0.122422,27.123268,0.004733,7.296721,0.002595,1.371278,0.017529,0.6135,0.121969,8.267172,
EOSS-302,KC0D-14,2020-10-03 08:47:46.858,2020-10-03 08:47:45,43646.0,13303.3,1708.0,1578.0,ascending,True,/144745h3915.53N/10348.38WO166/067/A=043646 139T1641P EOSS BALLOON,"KC0D-14>APZEOS,EOSS,WIDE2-1,qAO,W0ARP-2:/144745h3915.53N/10348.38WO166/067/A=043646 139T1641P EOSS BALLOON",166.0,77.0,123.9,39.2588333333,-103.8063333333,27.21,43.79,57.02,13.9,287.05,16410.0,0.16,0.00038643,0.19915604,0.00011111,-0.00033889,28.46666667,8.67666667,high Re,0.058889,23.982075,0.008995,4.49907,0.057448,0.996782,0.868507,26.979653,0.017956,7.309739,0.002742,1.371299,0.017509,0.996812,0.868925,8.223399,
EOSS-302,AE0SS-12,2020-10-03 08:47:59.112,2020-10-03 08:47:57,43847.0,13364.57,1594.0,1590.0,ascending,True,/144757h3915.30N/10348.31WO165/088EOSS Balloon  www.eoss.org/A=043847!W15!,"AE0SS-12>APTT4,EOSS,qAO,N2XGL-12:/144757h3915.30N/10348.31WO165/088EOSS Balloon  www.eoss.org/A=043847!W15!",165.0,101.0,162.5,39.2550166667,-103.80525,27.47,44.21,,,,,,,,0.0001,-0.00032111,26.56666667,8.09766667,high Re,-0.063333,24.006231,0.008312,4.484764,0.057604,0.570919,-1.24375,26.927009,-0.0193,7.317103,0.002534,1.366939,0.017556,0.57103,-1.243677,8.207352,
EOSS-302,KC0D-14,2020-10-03 08:48:16.859,2020-10-03 08:48:15,44363.0,13521.84,1434.0,1608.0,ascending,True,/144815h3914.99N/10348.15WO162/066/A=044363 132T1584P EOSS BALLOON,"KC0D-14>APZEOS,EOSS,WIDE2-1,qAO,W0ARP-2:/144815h3914.99N/10348.15WO162/066/A=044363 132T1584P EOSS BALLOON",162.0,76.0,122.3,39.2498333333,-103.8025,27.86,44.83,55.76,13.2,286.35,15840.0,0.16,0.00037392,0.19270831,0.00012778,-0.0003,23.9,7.28466667,high Re,-0.088889,24.005247,0.007404,4.463769,0.058096,-0.023578,-1.657481,26.782952,-0.0271,7.316802,0.002257,1.36054,0.017707,-0.02362,-1.657932,8.163445,
EOSS-302,AE0SS-12,2020-10-03 08:48:28.489,2020-10-03 08:48:27,44618.0,13599.57,1542.0,1620.0,ascending,True,/144827h3914.77N/10348.02WO155/077EOSS Balloon  www.eoss.org/A=044618!W97!,"AE0SS-12>APTT4,EOSS,qAO,KB0TVJ-1:/144827h3914.77N/10348.02WO155/077EOSS Balloon  www.eoss.org/A=044618!W97!",155.0,89.0,143.2,39.2463166667,-103.80045,28.12,45.26,,,,,,,,0.00016,-0.00029,25.7,7.83333333,high Re,0.06,24.020795,0.007891,4.44602,0.058045,0.377687,0.897735,26.707368,0.018289,7.321541,0.002405,1.35513,0.017691,0.37767,0.897858,8.140406,
EOSS-302,KC0D-14,2020-10-03 08:48:46.865,2020-10-03 08:48:45,45142.0,13759.28,1558.0,1638.0,ascending,True,/144845h3914.48N/10347.86WO153/074/A=045142 130T1524P EOSS BALLOON,"KC0D-14>APZEOS,EOSS,WIDE2-1,qAO,W0ARP-2:/144845h3914.48N/10347.86WO153/074/A=045142 130T1524P EOSS BALLOON",153.0,85.0,136.8,39.2413333333,-103.7976666667,28.5,45.86,55.4,13.0,286.15,15240.0,0.15,0.00036,0.18553834,0.00016111,-0.00028333,25.96666667,7.91466667,high Re,0.008889,24.038485,0.0079,4.429466,0.057776,0.435308,0.017118,26.543912,0.002711,7.326933,0.002408,1.350084,0.017609,0.435331,0.017207,8.090586,
EOSS-302,AE0SS-12,2020-10-03 08:48:58.496,2020-10-03 08:48:57,45416.0,13842.8,1596.0,1650.0,ascending,True,/144857h3914.26N/10347.74WO156/077EOSS Balloon  www.eoss.org/A=045416!W91!,"AE0SS-12>APTT4,EOSS,qAO,KB0TVJ-1:/144857h3914.26N/10347.74WO156/077EOSS Balloon  www.eoss.org/A=045416!W91!",156.0,89.0,143.2,39.2378166667,-103.7956833333,28.76,46.29,,,,,,,,0.00015889,-0.00028333,26.6,8.10766667,high Re,0.021111,24.061562,0.00802,4.415984,0.057524,0.57483,0.227575,26.454526,0.006433,7.333967,0.002445,1.345975,0.017532,0.574825,0.22747,8.06334,
EOSS-302,KC0D-14,2020-10-03 08:49:16.803,2020-10-03 08:49:15,45995.0,14019.28,1706.0,1668.0,ascending,True,/144915h3913.94N/10347.54WO149/069/A=045995 123T1461P EOSS BALLOON,"KC0D-14>APZEOS,EOSS,WIDE2-1,qAO,W0ARP-2:/144915h3913.94N/10347.54WO149/069/A=045995 123T1461P EOSS BALLOON",149.0,79.0,127.1,39.2323333333,-103.7923333333,29.18,46.96,54.14,12.3,285.45,14610.0,0.14,0.00034597,0.17830463,0.00017778,-0.0003,28.43333333,8.66666667,high Re,0.061111,24.100595,0.008498,4.415413,0.057483,0.981276,0.915279,26.258144,0.018633,7.345866,0.00259,1.345803,0.01752,0.981422,0.915696,8.003483,
EOSS-302,AE0SS-12,2020-10-03 08:49:28.400,2020-10-03 08:49:27,46230.0,14090.9,1628.0,1680.0,ascending,True,/144927h3913.74N/10347.40WO162/065EOSS Balloon  www.eoss.org/A=046230!W48!,"AE0SS-12>APTT4,EOSS,qAO,KB0TVJ-1:/144927h3913.74N/10347.40WO162/065EOSS Balloon  www.eoss.org/A=046230!W48!",162.0,75.0,120.7,39.2290666667,-103.7901333333,29.43,47.37,,,,,,,,0.000185,-0.00029167,27.13333333,8.27,high Re,-0.043333,24.127434,0.008036,4.404906,0.057433,0.682398,-0.894416,26.175952,-0.013222,7.354044,0.002449,1.342599,0.017505,0.682226,-0.89523,7.978433,
EOSS-302,KC0D-14,2020-10-03 08:49:46.766,2020-10-03 08:49:45,46710.0,14237.21,1430.0,1698.0,ascending,True,/144945h3913.45N/10347.23WO159/075/A=046710 120T1409P EOSS BALLOON,"KC0D-14>APZEOS,EOSS,WIDE2-1,qAO,W0ARP-2:/144945h3913.45N/10347.23WO159/075/A=046710 120T1409P EOSS BALLOON",159.0,86.0,138.4,39.2241666667,-103.7871666667,29.81,47.97,53.6,12.0,285.15,14090.0,0.14,0.00033401,0.17213931,0.00017222,-0.00027222,23.83333333,7.26433333,high Re,-0.11,24.124854,0.006991,4.385459,0.058244,-0.066474,-2.008636,26.004501,-0.033522,7.353257,0.002131,1.336671,0.017752,-0.066526,-2.008393,7.926173,
EOSS-302,AE0SS-12,2020-10-03 08:49:58.444,2020-10-03 08:49:57,46892.0,14292.68,1324.0,1710.0,ascending,True,/144957h3913.25N/10347.14WO162/056EOSS Balloon  www.eoss.org/A=046892!W30!,"AE0SS-12>APTT4,EOSS,qAO,KB0TVJ-1:/144957h3913.25N/10347.14WO162/056EOSS Balloon  www.eoss.org/A=046892!W30!",162.0,64.0,103.0,39.2208833333,-103.7856666667,30.05,48.35,,,,,,,,0.00014889,-0.00027278,22.06666667,6.726,high Re,-0.058889,24.106957,0.006413,4.370398,0.058313,-0.466843,-1.119853,25.938456,-0.017944,7.347803,0.001955,1.332081,0.017773,-0.466791,-1.11962,7.906044,
EOSS-302,KC0D-14,2020-10-03 08:50:16.768,2020-10-03 08:50:15,47393.0,14445.39,1366.0,1728.0,ascending,True,/145015h3912.95N/10346.99WO159/057/A=047393 114T1363P EOSS BALLOON,"KC0D-14>APZEOS,EOSS,WIDE2-1,qAO,W0ARP-2:/145015h3912.95N/10346.99WO159/057/A=047393 114T1363P EOSS BALLOON",159.0,66.0,106.2,39.2158333333,-103.7831666667,30.42,48.95,52.52,11.4,284.55,13630.0,0.13,0.00032378,0.16687056,0.00013333,-0.00027778,22.76666667,6.93933333,high Re,0.023333,24.095402,0.00656,4.353134,0.058078,-0.305236,0.288801,25.754493,0.007111,7.344282,0.002,1.326819,0.017701,-0.305203,0.288741,7.849971,
EOSS-302,AE0SS-12,2020-10-03 08:50:28.477,2020-10-03 08:50:27,47542.0,14490.8,1300.0,1740.0,ascending,True,/145027h3912.74N/10346.89WO158/063EOSS Balloon  www.eoss.org/A=047542!W78!,"AE0SS-12>APTT4,EOSS,qAO,KB0TVJ-1:/145027h3912.74N/10346.89WO158/063EOSS Balloon  www.eoss.org/A=047542!W78!",158.0,72.0,115.9,39.21245,-103.7816333333,30.66,49.35,,,,,,,,0.00013444,-0.00028111,21.66666667,6.604,high Re,-0.036667,24.074644,0.006188,4.340142,0.057964,-0.554815,-0.739338,25.699328,-0.011178,7.337954,0.001886,1.322859,0.017667,-0.554824,-0.739458,7.833158,
EOSS-302,KC0D-14,2020-10-03 08:50:46.781,2020-10-03 08:50:45,48082.0,14655.39,1378.0,1758.0,ascending,True,/145045h3912.48N/10346.73WO149/055/A=048082 112T1317P EOSS BALLOON,"KC0D-14>APZEOS,EOSS,WIDE2-1,qAO,W0ARP-2:/145045h3912.48N/10346.73WO149/055/A=048082 112T1317P EOSS BALLOON",149.0,63.0,101.4,39.208,-103.7788333333,31.0,49.9,52.16,11.2,284.35,13170.0,0.13,0.00031308,0.16135224,0.00014444,-0.00026111,22.96666667,7.0,high Re,0.043333,24.065254,0.006505,4.322758,0.057816,-0.25414,0.636986,25.498489,0.0132,7.33509,0.001983,1.317561,0.017621,-0.254326,0.63657,7.771944,
EOSS-302,AE0SS-12,2020-10-03 08:51:01.547,2020-10-03 08:50:57,48244.0,14704.77,1404.0,1770.0,ascending,True,/145057h3912.30N/10346.62WO153/038EOSS Balloon  www.eoss.org/A=048244!W22!,"AE0SS-12>APTT4,EOSS,qAO,W9CN-9:/145057h3912.30N/10346.62WO153/038EOSS Balloon  www.eoss.org/A=048244!W22!",153.0,44.0,70.8,39.2050333333,-103.7770333333,31.23,50.26,,,,,,,,0.00015333,-0.00024722,23.4,7.13233333,high Re,0.014444,24.059664,0.006572,4.304834,0.057573,-0.153238,0.136731,25.438136,0.004411,7.333387,0.002003,1.312098,0.017547,-0.153231,0.137231,7.753547,
EOSS-302,KC0D-14,2020-10-03 08:51:16.800,2020-10-03 08:51:15,48858.0,14891.92,1552.0,1788.0,ascending,True,/145115h3912.07N/10346.47WO158/055/A=048858 106T1266P EOSS BALLOON,"KC0D-14>APZEOS,EOSS,WIDE2-1,qAO,W0ARP-2:/145115h3912.07N/10346.47WO158/055/A=048858 106T1266P EOSS BALLOON",158.0,63.0,101.4,39.2011666667,-103.7745,31.53,50.74,51.08,10.6,283.75,12660.0,0.12,0.00030159,0.15543195,0.00014444,-0.00022778,25.86666667,7.88433333,high Re,0.082222,24.074722,0.007208,4.289881,0.057747,0.417714,1.299011,25.210061,0.025067,7.337978,0.002197,1.307541,0.0176,0.417849,1.299432,7.684029,
EOSS-302,AE0SS-12,2020-10-03 08:51:28.731,2020-10-03 08:51:27,49009.0,14937.94,1530.0,1800.0,ascending,True,/145127h3911.91N/10346.34WO137/068EOSS Balloon  www.eoss.org/A=049009!W69!,"AE0SS-12>APTT4,EOSS,qAO,KB0TVJ-1:/145127h3911.91N/10346.34WO137/068EOSS Balloon  www.eoss.org/A=049009!W69!",137.0,78.0,125.5,39.1986,-103.7724833333,31.74,51.07,,,,,,,,0.00015167,-0.00021444,25.5,7.77233333,high Re,-0.012222,24.086501,0.007046,4.273934,0.057531,0.330726,-0.334915,25.15431,-0.003733,7.341567,0.002148,1.30268,0.017535,0.330677,-0.335386,7.667038,
EOSS-302,KC0D-14,2020-10-03 08:51:46.806,2020-10-03 08:51:45,49496.0,15086.38,1276.0,1818.0,ascending,True,/145145h3911.68N/10346.15WO153/059/A=049496 104T1228P EOSS BALLOON,"KC0D-14>APZEOS,EOSS,WIDE2-1,qAO,W0ARP-2:/145145h3911.68N/10346.15WO153/059/A=049496 104T1228P EOSS BALLOON",153.0,68.0,109.4,39.1946666667,-103.7691666667,32.06,51.59,50.72,10.4,283.55,12280.0,0.12,0.00029274,0.15087287,0.00017778,-0.00021667,21.26666667,6.482,high Re,-0.141111,24.063388,0.005822,4.263886,0.058853,-0.655909,-2.49661,24.976019,-0.043011,7.334522,0.001774,1.299618,0.017937,-0.655979,-2.496794,7.612694,
EOSS-302,AE0SS-12,2020-10-03 08:51:58.512,2020-10-03 08:51:57,49704.0,15149.78,1390.0,1830.0,ascending,True,/145157h3911.49N/10346.03WO161/066EOSS Balloon  www.eoss.org/A=049704!W94!,"AE0SS-12>APTT4,EOSS,qAO,KB0TVJ-1:/145157h3911.49N/10346.03WO161/066EOSS Balloon  www.eoss.org/A=049704!W94!",161.0,76.0,122.3,39.19165,-103.7672333333,32.29,51.97,,,,,,,,0.000175,-0.00023167,23.16666667,7.06133333,high Re,0.063333,24.056098,0.006293,4.247145,0.05884,-0.209419,0.969409,24.900752,0.019311,7.332301,0.001918,1.294515,0.017934,-0.20932,0.969834,7.589752,
EOSS-302,KC0D-14,2020-10-03 08:52:16.819,2020-10-03 08:52:15,50233.0,15311.02,1474.0,1848.0,ascending,True,/145215h3911.24N/10345.88WO167/055/A=050233 99T1183P EOSS BALLOON,"KC0D-14>APZEOS,EOSS,WIDE2-1,qAO,W0ARP-2:/145215h3911.24N/10345.88WO167/055/A=050233 99T1183P EOSS BALLOON",167.0,63.0,101.4,39.1873333333,-103.7646666667,32.62,52.5,49.82,9.9,283.05,11830.0,0.12,0.00028251,0.14560089,0.00015,-0.00024444,24.56666667,7.488,high Re,0.046667,24.060215,0.006621,4.230093,0.058711,0.119726,0.682087,24.712335,0.014222,7.333556,0.002018,1.289318,0.017894,0.119787,0.682016,7.532322,
EOSS-302,AE0SS-12,2020-10-03 08:52:28.618,2020-10-03 08:52:27,50472.0,15383.87,1536.0,1860.0,ascending,True,/145227h3911.05N/10345.79WO145/061EOSS Balloon  www.eoss.org/A=050472!W43!,"AE0SS-12>APTT4,EOSS,qAO,KB0TVJ-1:/145227h3911.05N/10345.79WO145/061EOSS Balloon  www.eoss.org/A=050472!W43!",145.0,70.0,112.7,39.1842333333,-103.7632166667,32.85,52.86,,,,,,,,0.00013389,-0.00024722,25.6,7.803,high Re,0.034444,24.072533,0.006846,4.215252,0.058525,0.362367,0.471559,24.628839,0.0105,7.337312,0.002087,1.284795,0.017838,0.362461,0.471634,7.506872,
EOSS-302,KC0D-14,2020-10-03 08:52:46.779,2020-10-03 08:52:45,50950.0,15529.56,1434.0,1878.0,ascending,True,/145245h3910.81N/10345.68WO169/046/A=050950 97T1142P EOSS BALLOON,"KC0D-14>APZEOS,EOSS,WIDE2-1,qAO,W0ARP-2:/145245h3910.81N/10345.68WO169/046/A=050950 97T1142P EOSS BALLOON",169.0,53.0,85.3,39.1801666667,-103.7613333333,33.14,53.34,49.46,9.7,282.85,11420.0,0.11,0.00027291,0.14065409,0.00011111,-0.00023889,23.9,7.28466667,high Re,-0.056667,24.071164,0.006338,4.198386,0.058565,-0.040769,-1.075813,24.46534,-0.017278,7.336894,0.001932,1.279654,0.01785,-0.040814,-1.07619,7.457039,
EOSS-302,AE0SS-12,2020-10-03 08:52:58.759,2020-10-03 08:52:57,51083.0,15570.1,1222.0,1890.0,ascending,True,/145257h3910.66N/10345.63WO162/036EOSS Balloon  www.eoss.org/A=051083!W09!,"AE0SS-12>APTT4,EOSS,qAO,N2XGL-12:/145257h3910.66N/10345.63WO162/036EOSS Balloon  www.eoss.org/A=051083!W09!",162.0,41.0,66.0,39.1776666667,-103.76065,33.31,53.61,,,,,,,,8.556e-05,-0.00021889,20.36666667,6.20766667,high Re,-0.117778,24.041995,0.005353,4.194593,0.059369,-0.876206,-2.073995,24.42074,-0.0359,7.328003,0.001631,1.278498,0.018095,-0.876291,-2.074109,7.443444,
EOSS-302,KC0D-14,2020-10-03 08:53:16.900,2020-10-03 08:53:15,51643.0,15740.79,1386.0,1908.0,ascending,True,/145315h3910.43N/10345.53WO154/057/A=051643 92T1103P EOSS BALLOON,"KC0D-14>APZEOS,EOSS,WIDE2-1,qAO,W0ARP-2:/145315h3910.43N/10345.53WO154/057/A=051643 92T1103P EOSS BALLOON",154.0,66.0,106.2,39.1738333333,-103.7588333333,33.59,54.06,48.56,9.2,282.35,11030.0,0.11,0.00026406,0.13609124,8.333e-05,-0.00021111,23.1,7.041,high Re,0.091111,24.034635,0.006028,4.178875,0.05962,-0.223657,1.427088,24.237565,0.027778,7.32576,0.001837,1.273708,0.018172,-0.223568,1.427526,7.387612,
EOSS-302,AE0SS-12,2020-10-03 08:53:28.628,2020-10-03 08:53:27,51854.0,15805.1,1542.0,1920.0,ascending,True,/145327h3910.28N/10345.44WO169/062EOSS Balloon  www.eoss.org/A=051854!W02!,"AE0SS-12>APTT4,EOSS,qAO,N2XGL-12:/145327h3910.28N/10345.44WO169/062EOSS Balloon  www.eoss.org/A=051854!W02!",169.0,71.0,114.3,39.1713333333,-103.7573666667,33.78,54.37,,,,,,,,0.00010944,-0.00021111,25.7,7.83333333,high Re,0.086667,24.047545,0.006658,4.165101,0.059812,0.396738,1.337675,24.170576,0.026411,7.329695,0.002029,1.269509,0.01823,0.396719,1.337466,7.367194,
EOSS-302,KC0D-14,2020-10-03 08:53:46.812,2020-10-03 08:53:45,52447.0,15985.85,1608.0,1938.0,ascending,True,/145345h3910.03N/10345.30WO159/049/A=052447 90T1059P EOSS BALLOON,"KC0D-14>APZEOS,EOSS,WIDE2-1,qAO,W0ARP-2:/145345h3910.03N/10345.30WO159/049/A=052447 90T1059P EOSS BALLOON",159.0,56.0,90.1,39.1671666667,-103.755,34.1,54.87,48.2,9.0,282.15,10590.0,0.1,0.00025371,0.13075501,0.00012778,-0.00022222,26.8,8.16866667,high Re,0.036667,24.068718,0.006891,4.155943,0.059636,0.657199,0.499296,23.988569,0.011178,7.336149,0.0021,1.266718,0.018176,0.657224,0.49945,7.311718,
EOSS-302,AE0SS-12,2020-10-03 08:53:58.724,2020-10-03 08:53:57,52674.0,16055.04,1640.0,1950.0,ascending,True,/145357h3909.88N/10345.26WO180/036EOSS Balloon  www.eoss.org/A=052674!W20!,"AE0SS-12>APTT4,EOSS,qAO,W9CN-9:/145357h3909.88N/10345.26WO180/036EOSS Balloon  www.eoss.org/A=052674!W20!",180.0,41.0,66.0,39.1647,-103.7543333333,34.26,55.14,,,,,,,,0.00010111,-0.00022111,27.33333333,8.33133333,high Re,0.017778,24.093639,0.006974,4.149742,0.059412,0.780698,0.181849,23.921403,0.005422,7.343746,0.002126,1.264829,0.018108,0.780807,0.182019,7.291245,
EOSS-302,KC0D-14,2020-10-03 08:54:16.754,2020-10-03 08:54:15,53268.0,16236.09,1642.0,1968.0,ascending,True,/145415h3909.68N/10345.12WO153/050/A=053268 85T1017P EOSS BALLOON,"KC0D-14>APZEOS,EOSS,WIDE2-1,qAO,W0ARP-2:/145415h3909.68N/10345.12WO153/050/A=053268 85T1017P EOSS BALLOON",153.0,58.0,93.3,39.1613333333,-103.752,34.53,55.57,47.3,8.5,281.65,10170.0,0.1,0.00024408,0.12579218,0.0001,-0.00019444,27.36666667,8.34133333,high Re,0.001111,24.118434,0.00693,4.143678,0.059185,0.783901,-0.098319,23.752318,0.000333,7.351303,0.002112,1.26298,0.018039,0.783884,-0.09862,7.239708,
EOSS-302,AE0SS-12,2020-10-03 08:54:28.584,2020-10-03 08:54:27,53501.0,16307.1,1654.0,1980.0,ascending,True,/145427h3909.54N/10345.06WO173/038EOSS Balloon  www.eoss.org/A=053501!W21!,"AE0SS-12>APTT4,EOSS,qAO,KB0TVJ-1:/145427h3909.54N/10345.06WO173/038EOSS Balloon  www.eoss.org/A=053501!W21!",173.0,44.0,70.8,39.1590333333,-103.7510166667,34.69,55.83,,,,,,,,0.00011056,-0.00018889,27.56666667,8.402,high Re,0.006667,24.144361,0.006928,4.138767,0.058959,0.82689,-0.004427,23.688626,0.002022,7.359203,0.002111,1.261481,0.01797,0.826645,-0.004953,7.220297,
EOSS-302,KC0D-14,2020-10-03 08:54:46.756,2020-10-03 08:54:45,54115.0,16494.25,1694.0,1998.0,ascending,True,/145445h3909.35N/10344.99WO171/028/A=054115 84T975P EOSS BALLOON,"KC0D-14>APZEOS,EOSS,WIDE2-1,qAO,W0ARP-2:/145445h3909.35N/10344.99WO171/028/A=054115 84T975P EOSS BALLOON",171.0,32.0,51.5,39.1558333333,-103.7498333333,34.92,56.2,47.12,8.4,281.55,9750.0,0.1,0.00023408,0.12064006,7.222e-05,-0.00018333,28.23333333,8.60533333,high Re,0.022222,24.174876,0.007043,4.138281,0.05875,0.980711,0.258366,23.527762,0.006778,7.368502,0.002147,1.261332,0.017906,0.980576,0.258628,7.171265,
EOSS-302,AE0SS-12,2020-10-03 08:55:01.101,2020-10-03 08:54:57,54292.0,16548.2,1582.0,2010.0,ascending,True,/145457h3909.24N/10344.96WO155/030EOSS Balloon  www.eoss.org/A=054292!W25!,"AE0SS-12>APTT4,EOSS,qAO,KB0TVJ-1:/145457h3909.24N/10344.96WO155/030EOSS Balloon  www.eoss.org/A=054292!W25!",155.0,35.0,56.3,39.1540333333,-103.7494166667,35.04,56.39,,,,,,,,5.333e-05,-0.00016667,26.36666667,8.03666667,high Re,-0.062222,24.191111,0.006526,4.127124,0.058834,0.527136,-1.168508,23.48322,-0.018956,7.373452,0.001989,1.257932,0.017932,0.527226,-1.168024,7.157688,
EOSS-302,KC0D-14,2020-10-03 08:55:16.919,2020-10-03 08:55:15,54823.0,16710.05,1416.0,2028.0,ascending,True,/145515h3909.15N/10344.90WO139/024/A=054823 79T942P EOSS BALLOON,"KC0D-14>APZEOS,EOSS,WIDE2-1,qAO,W0ARP-2:/145515h3909.15N/10344.90WO139/024/A=054823 79T942P EOSS BALLOON",139.0,28.0,45.1,39.1525,-103.7483333333,35.16,56.59,46.22,7.9,281.05,9420.0,0.09,0.00022656,0.11676421,5e-05,-0.00011111,23.6,7.19333333,high Re,-0.092222,24.186765,0.005794,4.112123,0.059227,-0.142692,-1.654921,23.354279,-0.028111,7.372127,0.001766,1.253359,0.018052,-0.142652,-1.655052,7.118386,
EOSS-302,AE0SS-12,2020-10-03 08:55:30.984,2020-10-03 08:55:27,54948.0,16748.15,1312.0,2040.0,ascending,True,/145527h3909.08N/10344.83WO165/027EOSS Balloon  www.eoss.org/A=054948!W03!,"AE0SS-12>APTT4,EOSS,qAO,KB0TVJ-1:/145527h3909.08N/10344.83WO165/027EOSS Balloon  www.eoss.org/A=054948!W03!",165.0,31.0,49.9,39.1513333333,-103.7472166667,35.26,56.75,,,,,,,,7.333e-05,-9e-05,21.86666667,6.665,high Re,-0.057778,24.16983,0.005327,4.101769,0.059258,-0.561505,-1.06492,23.324908,-0.017611,7.366966,0.001624,1.250204,0.018061,-0.561481,-1.065002,7.109434,
EOSS-302,KC0D-14,2020-10-03 08:55:46.820,2020-10-03 08:55:45,55399.0,16885.62,1152.0,2058.0,ascending,True,/145545h3908.96N/10344.75WO143/031/A=055399 78T914P EOSS BALLOON,"KC0D-14>APZEOS,EOSS,WIDE2-1,qAO,W0ARP-2:/145545h3908.96N/10344.75WO143/031/A=055399 78T914P EOSS BALLOON",143.0,36.0,57.9,39.1493333333,-103.7458333333,35.42,57.0,46.04,7.8,280.95,9140.0,0.09,0.0002199,0.11333384,8.333e-05,-0.00010556,19.2,5.85233333,high Re,-0.088889,24.133816,0.004639,4.108611,0.059586,-1.200848,-1.56963,23.221846,-0.027089,7.35599,0.001414,1.252288,0.018161,-1.200728,-1.569462,7.078019,
EOSS-302,AE0SS-12,2020-10-03 08:55:58.646,2020-10-03 08:55:57,55519.0,16922.19,1142.0,2070.0,ascending,True,/145557h3908.86N/10344.66WO140/033EOSS Balloon  www.eoss.org/A=055519!W55!,"AE0SS-12>APTT4,EOSS,qAO,W9CN-9:/145557h3908.86N/10344.66WO140/033EOSS Balloon  www.eoss.org/A=055519!W55!",140.0,38.0,61.2,39.14775,-103.7444166667,35.55,57.21,,,,,,,,9.333e-05,-0.00011944,19.03333333,5.80133333,high Re,-0.005556,24.097122,0.004565,4.116493,0.059375,-1.230122,-0.170459,23.195155,-0.0017,7.344806,0.001391,1.254691,0.018097,-1.230162,-0.170802,7.069885,
EOSS-302,KC0D-14,2020-10-03 08:56:16.877,2020-10-03 08:56:15,55925.0,17045.94,1052.0,2088.0,ascending,True,/145615h3908.71N/10344.56WO153/037/A=055925 74T891P EOSS BALLOON,"KC0D-14>APZEOS,EOSS,WIDE2-1,qAO,W0ARP-2:/145615h3908.71N/10344.56WO153/037/A=055925 74T891P EOSS BALLOON",153.0,43.0,69.2,39.1451666667,-103.7426666667,35.75,57.53,45.32,7.4,280.55,8910.0,0.09,0.00021468,0.11063942,0.00010556,-0.00013889,17.53333333,5.344,high Re,-0.05,24.050238,0.004173,4.139003,0.05934,-1.574511,-0.912926,23.106951,-0.015244,7.330514,0.001272,1.261554,0.018086,-1.574656,-0.913193,7.043,
EOSS-302,KC0D-14,2020-10-03 08:56:46.822,2020-10-03 08:56:45,56508.0,17223.64,1166.0,2118.0,ascending,True,/145645h3908.41N/10344.47WO170/039/A=056508 73T865P EOSS BALLOON,"KC0D-14>APZEOS,EOSS,WIDE2-1,qAO,W0ARP-2:/145645h3908.41N/10344.47WO170/039/A=056508 73T865P EOSS BALLOON",170.0,45.0,72.4,39.1401666667,-103.7411666667,36.09,58.09,45.14,7.3,280.45,8650.0,0.09,0.00020849,0.10744918,5e-05,-0.00016667,19.43333333,5.92333333,high Re,0.063333,24.017494,0.004595,4.142481,0.059337,-1.106622,0.989905,22.985358,0.019311,7.320534,0.001401,1.262614,0.018085,-1.106594,0.990323,7.005938,
EOSS-302,AE0SS-12,2020-10-03 08:57:01.331,2020-10-03 08:56:57,56753.0,17298.31,1234.0,2130.0,ascending,True,/145657h3908.32N/10344.47WO154/020EOSS Balloon  www.eoss.org/A=056753!W10!,"AE0SS-12>APTT4,EOSS,qAO,KB0TVJ-1:/145657h3908.32N/10344.47WO154/020EOSS Balloon  www.eoss.org/A=056753!W10!",154.0,23.0,37.0,39.1386833333,-103.7411666667,36.19,58.24,,,,,,,,5.417e-05,-0.00015111,20.56666667,6.26866667,high Re,0.018889,23.993192,0.004697,4.137911,0.059137,-0.828081,0.239985,22.935787,0.005756,7.313127,0.001432,1.261221,0.018024,-0.828134,0.239902,6.990829,
EOSS-302,KC0D-14,2020-10-03 08:57:16.734,2020-10-03 08:57:15,57350.0,17480.28,1684.0,2148.0,ascending,True,/145715h3908.23N/10344.47WO170/027/A=057350 69T830P EOSS BALLOON,"KC0D-14>APZEOS,EOSS,WIDE2-1,qAO,W0ARP-2:/145715h3908.23N/10344.47WO170/027/A=057350 69T830P EOSS BALLOON",170.0,31.0,49.9,39.1371666667,-103.7411666667,36.28,58.39,44.42,6.9,280.05,8300.0,0.08,0.00020034,0.10324879,0.0,-0.0001,28.06666667,8.55466667,high Re,0.25,24.021678,0.006424,4.137362,0.062419,0.977673,3.902273,22.817995,0.0762,7.321809,0.001958,1.261053,0.019025,0.977641,3.902339,6.954925,
EOSS-302,KC0D-14,2020-10-03 08:57:46.825,2020-10-03 08:57:45,58042.0,17691.2,1384.0,2178.0,ascending,True,/145745h3908.05N/10344.42WO178/019/A=058042 69T802P EOSS BALLOON,"KC0D-14>APZEOS,EOSS,WIDE2-1,qAO,W0ARP-2:/145745h3908.05N/10344.42WO178/019/A=058042 69T802P EOSS BALLOON",178.0,22.0,35.4,39.1341666667,-103.7403333333,36.49,58.72,44.42,6.9,280.05,8020.0,0.08,0.00019358,0.0997657,2.778e-05,-0.0001,23.06666667,7.03066667,high Re,-0.166667,24.015046,0.005214,4.123639,0.063861,-0.229986,-2.691486,22.685184,-0.0508,7.319787,0.001589,1.256871,0.019464,-0.230032,-2.691584,6.914444,
EOSS-302,AE0SS-12,2020-10-03 08:57:58.785,2020-10-03 08:57:57,58196.0,17738.14,1443.0,2190.0,ascending,True,/145757h3907.98N/10344.41WO152/027EOSS Balloon  www.eoss.org/A=058196!W10!,"AE0SS-12>APTT4,EOSS,qAO,N2XGL-12:/145757h3907.98N/10344.41WO152/027EOSS Balloon  www.eoss.org/A=058196!W10!",152.0,31.0,49.9,39.1330166667,-103.7401666667,36.56,58.84,,,,,,,,1.667e-05,-9.444e-05,24.05,7.3305,high Re,0.016389,24.015287,0.005291,4.109296,0.063644,0.008447,0.174376,22.655946,0.004997,7.319861,0.001613,1.252499,0.019398,0.008494,0.174451,6.905532,
EOSS-302,KC0D-14,2020-10-03 08:58:16.924,2020-10-03 08:58:15,58710.0,17894.81,1336.0,2208.0,ascending,True,/145815h3907.85N/10344.40WO173/021/A=058710 65T775P EOSS BALLOON,"KC0D-14>APZEOS,EOSS,WIDE2-1,qAO,W0ARP-2:/145815h3907.85N/10344.40WO173/021/A=058710 65T775P EOSS BALLOON",173.0,24.0,38.6,39.1308333333,-103.74,36.7,59.06,43.7,6.5,279.65,7750.0,0.08,0.00018733,0.0965449,1.111e-05,-0.00011111,22.26666667,6.787,high Re,-0.059444,24.003311,0.004845,4.097658,0.06365,-0.423814,-1.010039,22.558631,-0.018117,7.316211,0.001477,1.248952,0.0194,-0.423724,-1.01,6.87587,
EOSS-302,KC0D-14,2020-10-03 08:58:46.828,2020-10-03 08:58:45,59656.0,18183.15,1892.0,2238.0,ascending,True,/145845h3907.66N/10344.40WO205/020/A=059656 65T739P EOSS BALLOON,"KC0D-14>APZEOS,EOSS,WIDE2-1,qAO,W0ARP-2:/145845h3907.66N/10344.40WO205/020/A=059656 65T739P EOSS BALLOON",205.0,23.0,37.0,39.1276666667,-103.74,36.9,59.38,43.7,6.5,279.65,7390.0,0.07,0.00017863,0.09206023,0.0,-0.00010556,31.53333333,9.61133333,high Re,0.308889,24.054535,0.006927,4.130559,0.068239,1.810602,4.425065,22.37792,0.094144,7.331824,0.002111,1.25898,0.020799,1.8106,4.424876,6.820789,
EOSS-302,AE0SS-12,2020-10-03 08:58:58.579,2020-10-03 08:58:57,59981.0,18282.21,1785.0,2250.0,ascending,True,/145857h3907.58N/10344.38WO108/009EOSS Balloon  www.eoss.org/A=059981!W91!,"AE0SS-12>APTT4,EOSS,qAO,KB0TVJ-1:/145857h3907.58N/10344.38WO108/009EOSS Balloon  www.eoss.org/A=059981!W91!",108.0,10.0,16.1,39.1264833333,-103.7396833333,36.98,59.51,,,,,,,,8.06e-06,-0.00010889,29.75,9.06783333,high Re,-0.029722,24.093018,0.006678,4.143022,0.068072,1.365424,-0.534728,22.314492,-0.009058,7.343554,0.002035,1.262779,0.020748,1.365464,-0.534654,6.801456,
EOSS-302,KC0D-14,2020-10-03 08:59:16.795,2020-10-03 08:59:15,60597.0,18469.97,1882.0,2268.0,ascending,True,/145915h3907.51N/10344.36WO129/014/A=060597 62T705P EOSS BALLOON,"KC0D-14>APZEOS,EOSS,WIDE2-1,qAO,W0ARP-2:/145915h3907.51N/10344.36WO129/014/A=060597 62T705P EOSS BALLOON",129.0,16.0,25.7,39.1251666667,-103.7393333333,37.07,59.66,43.16,6.2,279.35,7050.0,0.07,0.00017059,0.08791903,2.222e-05,-8.333e-05,31.36666667,9.56066667,high Re,0.053889,24.141834,0.006997,4.171778,0.067951,1.731835,0.690086,22.191184,0.016428,7.358434,0.002133,1.271545,0.020711,1.731935,0.690213,6.76387,
EOSS-302,KC0D-14,2020-10-03 08:59:46.940,2020-10-03 08:59:45,61546.0,18759.22,1898.0,2298.0,ascending,True,/145945h3907.38N/10344.17WO162/015/A=061546 62T672P EOSS BALLOON,"KC0D-14>APZEOS,EOSS,WIDE2-1,qAO,W0ARP-2:/145945h3907.38N/10344.17WO162/015/A=061546 62T672P EOSS BALLOON",162.0,17.0,27.4,39.123,-103.7361666667,37.28,59.99,43.16,6.2,279.35,6720.0,0.07,0.00016261,0.08380367,0.00010556,-7.222e-05,31.63333333,9.64166667,high Re,0.008889,24.191778,0.00701,4.202508,0.067722,1.770742,0.027746,21.990593,0.0027,7.373656,0.002137,1.28091,0.020641,1.770625,0.027276,6.702731,
EOSS-302,AE0SS-12,2020-10-03 08:59:58.518,2020-10-03 08:59:57,61789.0,18833.29,1808.0,2310.0,ascending,True,/145957h3907.30N/10344.15WO160/029EOSS Balloon  www.eoss.org/A=061789!W63!,"AE0SS-12>APTT4,EOSS,qAO,KB0TVJ-1:/145957h3907.30N/10344.15WO160/029EOSS Balloon  www.eoss.org/A=061789!W63!",160.0,33.0,53.1,39.1217666667,-103.7358833333,37.36,60.13,,,,,,,,6.333e-05,-7.861e-05,30.13333333,9.18466667,high Re,-0.025,24.231126,0.006796,4.216293,0.067544,1.399857,-0.470745,21.936719,-0.007617,7.385649,0.002071,1.285111,0.020587,1.399893,-0.470588,6.686309,
EOSS-302,KC0D-14,2020-10-03 09:00:16.772,2020-10-03 09:00:15,62268.0,18979.29,1444.0,2328.0,ascending,True,/150015h3907.21N/10344.15WO158/020/A=062268 58T647P EOSS BALLOON,"KC0D-14>APZEOS,EOSS,WIDE2-1,qAO,W0ARP-2:/150015h3907.21N/10344.15WO158/020/A=062268 58T647P EOSS BALLOON",158.0,23.0,37.0,39.1201666667,-103.7358333333,37.46,60.29,42.44,5.8,278.95,6470.0,0.06,0.00015678,0.08080168,1.111e-05,-9.444e-05,24.06666667,7.33566667,low Re,-0.202222,24.230044,0.005412,4.20233,0.069435,-0.038878,-2.990336,21.82713,-0.061633,7.38532,0.00165,1.280856,0.021163,-0.038766,-2.990266,6.652906,high_to_low
EOSS-302,KC0D-14,2020-10-03 09:00:46.751,2020-10-03 09:00:45,62777.0,19134.43,1018.0,2358.0,ascending,True,/150045h3907.06N/10344.12WO165/015/A=062777 58T631P EOSS BALLOON,"KC0D-14>APZEOS,EOSS,WIDE2-1,qAO,W0ARP-2:/150045h3907.06N/10344.12WO165/015/A=062777 58T631P EOSS BALLOON",165.0,17.0,27.4,39.1176666667,-103.7353333333,37.63,60.56,42.44,5.8,278.95,6310.0,0.06,0.0001529,0.07880349,1.667e-05,-8.333e-05,16.96666667,5.17133333,low Re,-0.236667,24.182571,0.003819,4.229445,0.071936,-1.706111,-3.343055,21.705434,-0.072144,7.37085,0.001164,1.289122,0.021926,-1.706213,-3.343428,6.615814,
EOSS-302,KC0D-14,2020-10-03 09:01:16.805,2020-10-03 09:01:15,63269.0,19284.39,984.0,2388.0,ascending,True,/150115h3906.93N/10344.07WO162/020/A=063269 55T616P EOSS BALLOON,"KC0D-14>APZEOS,EOSS,WIDE2-1,qAO,W0ARP-2:/150115h3906.93N/10344.07WO162/020/A=063269 55T616P EOSS BALLOON",162.0,23.0,37.0,39.1155,-103.7345,37.78,60.8,41.9,5.5,278.65,6160.0,0.06,0.00014943,0.07701301,2.778e-05,-7.222e-05,16.4,4.99866667,low Re,-0.018889,24.132035,0.003671,4.261994,0.071722,-1.814183,-0.314548,21.582409,-0.005756,7.355446,0.001119,1.299043,0.021861,-1.814243,-0.314487,6.578316,
EOSS-302,AE0SS-12,2020-10-03 09:01:31.391,2020-10-03 09:01:27,63394.0,19322.49,1070.0,2400.0,ascending,True,/150127h3906.87N/10344.05WO144/013EOSS Balloon  www.eoss.org/A=063394!W16!,"AE0SS-12>APTT4,EOSS,qAO,KB0TVJ-1:/150127h3906.87N/10344.05WO144/013EOSS Balloon  www.eoss.org/A=063394!W16!",144.0,15.0,24.1,39.1145166667,-103.7342666667,37.85,60.91,,,,,,,,1.796e-05,-8.056e-05,17.83333333,5.43555556,low Re,0.015926,24.091398,0.003751,4.278154,0.071494,-1.462796,0.170294,21.55029,0.004854,7.343059,0.001143,1.30397,0.021791,-1.462843,0.1703,6.568526,
EOSS-302,KC0D-14,2020-10-03 09:01:46.851,2020-10-03 09:01:45,63774.0,19438.32,1010.0,2418.0,ascending,True,/150145h3906.79N/10344.05WO162/020/A=063774 55T600P EOSS BALLOON,"KC0D-14>APZEOS,EOSS,WIDE2-1,qAO,W0ARP-2:/150145h3906.79N/10344.05WO162/020/A=063774 55T600P EOSS BALLOON",162.0,23.0,37.0,39.1131666667,-103.7341666667,37.93,61.05,41.9,5.5,278.65,6000.0,0.06,0.00014555,0.07501267,1.111e-05,-7.778e-05,16.83333333,5.131,low Re,-0.033333,24.044872,0.003511,4.303743,0.071324,-1.675643,-0.516572,21.450489,-0.010152,7.32888,0.00107,1.311767,0.021739,-1.675511,-0.516215,6.538106,
EOSS-302,AE0SS-12,2020-10-03 09:01:58.718,2020-10-03 09:01:57,63915.0,19481.29,1042.0,2430.0,ascending,True,/150157h3906.72N/10344.02WO152/043EOSS Balloon  www.eoss.org/A=063915!W83!,"AE0SS-12>APTT4,EOSS,qAO,N2XGL-12:/150157h3906.72N/10344.02WO152/043EOSS Balloon  www.eoss.org/A=063915!W83!",152.0,49.0,78.9,39.1121333333,-103.7337166667,38.01,61.17,,,,,,,,1.833e-05,-7.944e-05,17.36666667,5.29333333,low Re,0.017778,24.002335,0.003603,4.322909,0.071103,-1.535001,0.199359,21.412634,0.005411,7.315914,0.001098,1.317609,0.021672,-1.535039,0.199013,6.526569,
EOSS-302,KC0D-14,2020-10-03 09:02:16.837,2020-10-03 09:02:15,64329.0,19607.48,1110.0,2448.0,ascending,True,/150215h3906.64N/10344.02WO185/021/A=064329 52T583P EOSS BALLOON,"KC0D-14>APZEOS,EOSS,WIDE2-1,qAO,W0ARP-2:/150215h3906.64N/10344.02WO185/021/A=064329 52T583P EOSS BALLOON",185.0,24.0,38.6,39.1106666667,-103.7336666667,38.1,61.32,41.36,5.2,278.35,5830.0,0.06,0.00014158,0.07296587,1.667e-05,-8.333e-05,18.5,5.63866667,low Re,0.037778,23.967511,0.00382,4.331297,0.070927,-1.262327,0.478774,21.298941,0.011511,7.305299,0.001164,1.320167,0.021618,-1.262441,0.478629,6.491915,
EOSS-302,AE0SS-12,2020-10-03 09:02:28.700,2020-10-03 09:02:27,64483.0,19654.42,1136.0,2460.0,ascending,True,/150227h3906.58N/10344.04WO247/015EOSS Balloon  www.eoss.org/A=064483!W30!,"AE0SS-12>APTT4,EOSS,qAO,KB0TVJ-1:/150227h3906.58N/10344.04WO247/015EOSS Balloon  www.eoss.org/A=064483!W30!",247.0,17.0,27.4,39.1097166667,-103.734,38.15,61.4,,,,,,,,-9.44e-06,-8.056e-05,18.93333333,5.771,low Re,0.014444,23.935849,0.003888,4.335987,0.070706,-1.15372,0.149294,21.255697,0.004411,7.295649,0.001185,1.321596,0.021551,-1.153642,0.149691,6.478734,
EOSS-302,KC0D-14,2020-10-03 09:02:46.780,2020-10-03 09:02:45,64952.0,19797.37,1246.0,2478.0,ascending,True,/150245h3906.53N/10344.03WO152/012/A=064952 53T565P EOSS BALLOON,"KC0D-14>APZEOS,EOSS,WIDE2-1,qAO,W0ARP-2:/150245h3906.53N/10344.03WO152/012/A=064952 53T565P EOSS BALLOON",152.0,14.0,22.5,39.1088333333,-103.7338333333,38.21,61.5,41.54,5.3,278.45,5650.0,0.06,0.00013716,0.07068767,-5.56e-06,-6.111e-05,20.76666667,6.32966667,low Re,0.061111,23.916042,0.004248,4.329586,0.070628,-0.727408,0.805106,21.120938,0.018622,7.289612,0.001295,1.319645,0.021527,-0.727427,0.804896,6.43766,
EOSS-302,KC0D-14,2020-10-03 09:03:16.759,2020-10-03 09:03:15,65477.0,19957.39,1050.0,2508.0,ascending,True,/150315h3906.41N/10343.97WO159/017/A=065477 50T551P EOSS BALLOON,"KC0D-14>APZEOS,EOSS,WIDE2-1,qAO,W0ARP-2:/150315h3906.41N/10343.97WO159/017/A=065477 50T551P EOSS BALLOON",159.0,20.0,32.2,39.1068333333,-103.7328333333,38.36,61.73,41.0,5.0,278.15,5510.0,0.05,0.0001339,0.06901047,3.333e-05,-6.667e-05,17.5,5.334,low Re,-0.108889,23.87619,0.00354,4.345554,0.070971,-1.46729,-1.584154,20.964946,-0.033189,7.277465,0.001079,1.324512,0.021631,-1.467306,-1.584208,6.390113,
EOSS-302,AE0SS-12,2020-10-03 09:03:31.279,2020-10-03 09:03:27,65602.0,19995.49,1119.0,2520.0,ascending,True,/150327h3906.35N/10343.93WO039/007EOSS Balloon  www.eoss.org/A=065602!W38!,"AE0SS-12>APTT4,EOSS,qAO,KB0TVJ-1:/150327h3906.35N/10343.93WO039/007EOSS Balloon  www.eoss.org/A=065602!W38!",39.0,8.0,12.9,39.1058833333,-103.7323,38.43,61.85,,,,,,,,2.833e-05,-6.389e-05,18.65,5.6845,low Re,0.019167,23.84393,0.003638,4.351454,0.07076,-1.193608,0.21946,20.927065,0.005842,7.267632,0.001109,1.326311,0.021567,-1.193636,0.219456,6.378567,
EOSS-302,KC0D-14,2020-10-03 09:03:46.847,2020-10-03 09:03:45,66029.0,20125.64,1104.0,2538.0,ascending,True,/150345h3906.24N/10343.88WO157/023/A=066029 51T535P EOSS BALLOON,"KC0D-14>APZEOS,EOSS,WIDE2-1,qAO,W0ARP-2:/150345h3906.24N/10343.88WO157/023/A=066029 51T535P EOSS BALLOON",157.0,26.0,41.8,39.104,-103.7313333333,38.57,62.07,41.18,5.1,278.25,5350.0,0.05,0.00012997,0.06698245,5e-05,-9.444e-05,18.4,5.60833333,low Re,-0.008333,23.810532,0.003564,4.358909,0.070546,-1.241258,-0.168642,20.795729,-0.002539,7.257452,0.001086,1.328583,0.021502,-1.241261,-0.168589,6.338536,
EOSS-302,AE0SS-12,2020-10-03 09:03:58.648,2020-10-03 09:03:57,66219.0,20183.55,1234.0,2550.0,ascending,True,/150357h3906.16N/10343.85WO190/043EOSS Balloon  www.eoss.org/A=066219!W43!,"AE0SS-12>APTT4,EOSS,qAO,KB0TVJ-1:/150357h3906.16N/10343.85WO190/043EOSS Balloon  www.eoss.org/A=066219!W43!",190.0,49.0,78.9,39.1027333333,-103.7308833333,38.66,62.22,,,,,,,,4.722e-05,-0.000105,20.56666667,6.26866667,low Re,0.072222,23.790752,0.003985,4.352894,0.070533,-0.740676,0.967448,20.736409,0.022011,7.251423,0.001215,1.32675,0.021498,-0.740725,0.967346,6.320456,
EOSS-302,KC0D-14,2020-10-03 09:04:16.966,2020-10-03 09:04:15,66619.0,20305.47,1180.0,2568.0,ascending,True,/150415h3906.03N/10343.84WO176/027/A=066619 49T519P EOSS BALLOON,"KC0D-14>APZEOS,EOSS,WIDE2-1,qAO,N2XGL-12:/150415h3906.03N/10343.84WO176/027/A=066619 49T519P EOSS BALLOON",176.0,31.0,49.9,39.1005,-103.7306666667,38.81,62.45,40.82,4.9,278.05,5190.0,0.05,0.00012617,0.06502598,2.222e-05,-0.00011667,19.66666667,5.99433333,low Re,-0.03,23.765758,0.003778,4.351463,0.070367,-0.942003,-0.480026,20.610006,-0.009144,7.243804,0.001151,1.326314,0.021447,-0.942062,-0.480021,6.281929,
EOSS-302,AE0SS-12,2020-10-03 09:04:28.477,2020-10-03 09:04:27,66770.0,20351.5,1102.0,2580.0,ascending,True,/150427h3905.94N/10343.83WO189/035EOSS Balloon  www.eoss.org/A=066770!W75!,"AE0SS-12>APTT4,EOSS,qAO,KB0TVJ-1:/150427h3905.94N/10343.83WO189/035EOSS Balloon  www.eoss.org/A=066770!W75!",189.0,40.0,64.4,39.0991166667,-103.7305833333,38.89,62.59,,,,,,,,1e-05,-0.00012056,18.36666667,5.59833333,low Re,-0.043333,23.733233,0.003492,4.358448,0.070248,-1.231302,-0.666567,20.561825,-0.0132,7.233892,0.001064,1.328442,0.021411,-1.231186,-0.6662,6.267242,
EOSS-302,KC0D-14,2020-10-03 09:04:46.768,2020-10-03 09:04:45,67185.0,20477.99,1132.0,2598.0,ascending,True,/150445h3905.85N/10343.83WO175/013/A=067185 50T504P EOSS BALLOON,"KC0D-14>APZEOS,EOSS,WIDE2-1,qAO,W0ARP-2:/150445h3905.85N/10343.83WO175/013/A=067185 50T504P EOSS BALLOON",175.0,15.0,24.1,39.0975,-103.7305,39.0,62.76,41.0,5.0,278.15,5040.0,0.05,0.00012248,0.06312391,5.56e-06,-0.0001,18.86666667,5.75066667,low Re,0.016667,23.704092,0.003571,4.361589,0.070042,-1.109097,0.186974,20.428386,0.005078,7.22501,0.001089,1.329399,0.021348,-1.10903,0.186856,6.22657,
EOSS-302,AE0SS-12,2020-10-03 09:04:58.472,2020-10-03 09:04:57,67335.0,20523.71,1130.0,2610.0,ascending,True,/150457h3905.79N/10343.82WO157/010EOSS Balloon  www.eoss.org/A=067335!W39!,"AE0SS-12>APTT4,EOSS,qAO,KB0TVJ-1:/150457h3905.79N/10343.82WO157/010EOSS Balloon  www.eoss.org/A=067335!W39!",157.0,12.0,19.3,39.09655,-103.7304833333,39.06,62.85,,,,,,,,3.33e-06,-8.556e-05,18.83333333,5.74033333,low Re,-0.001111,23.675099,0.003543,4.364717,0.069831,-1.109297,-0.066647,20.379869,-0.000344,7.216173,0.00108,1.330353,0.021284,-1.109359,-0.066905,6.211782,
EOSS-302,KC0D-14,2020-10-03 09:05:16.860,2020-10-03 09:05:15,67745.0,20648.68,1120.0,2628.0,ascending,True,/150515h3905.73N/10343.85WO200/011/A=067745 48T490P EOSS BALLOON,"KC0D-14>APZEOS,EOSS,WIDE2-1,qAO,W0ARP-2:/150515h3905.73N/10343.85WO200/011/A=067745 48T490P EOSS BALLOON",200.0,13.0,20.9,39.0955,-103.7308333333,39.11,62.95,40.64,4.8,277.95,4900.0,0.05,0.00011916,0.06141463,-1.111e-05,-6.667e-05,18.66666667,5.68966667,low Re,-0.005556,23.645464,0.003489,4.368729,0.069626,-1.139644,-0.129908,20.2468,-0.001689,7.20714,0.001064,1.331575,0.021221,-1.139608,-0.12973,6.171222,
EOSS-302,AE0SS-12,2020-10-03 09:05:28.422,2020-10-03 09:05:27,67899.0,20695.62,1128.0,2640.0,ascending,True,/150527h3905.69N/10343.85WO191/040EOSS Balloon  www.eoss.org/A=067899!W08!,"AE0SS-12>APTT4,EOSS,qAO,W9CN-9:/150527h3905.69N/10343.85WO191/040EOSS Balloon  www.eoss.org/A=067899!W08!",191.0,46.0,74.0,39.0948333333,-103.7309666667,39.15,63.01,,,,,,,,-1.611e-05,-5.722e-05,18.8,5.73033333,low Re,0.004444,23.616961,0.003495,4.371609,0.069418,-1.101874,0.013671,20.196741,0.001356,7.198453,0.001065,1.332453,0.021158,-1.101817,0.013754,6.155964,
EOSS-302,KC0D-14,2020-10-03 09:05:46.801,2020-10-03 09:05:45,68324.0,20825.16,1158.0,2658.0,ascending,True,/150545h3905.60N/10343.87WO176/021/A=068324 49T476P EOSS BALLOON,"KC0D-14>APZEOS,EOSS,WIDE2-1,qAO,W0ARP-2:/150545h3905.60N/10343.87WO176/021/A=068324 49T476P EOSS BALLOON",176.0,24.0,38.6,39.0933333333,-103.7311666667,39.24,63.15,40.82,4.9,278.05,4760.0,0.05,0.00011572,0.05963847,-1.111e-05,-7.222e-05,19.3,5.88266667,low Re,0.016667,23.591715,0.003572,4.371216,0.06922,-0.981813,0.189179,20.058763,0.005078,7.190759,0.001089,1.332333,0.021098,-0.981806,0.18907,6.113909,
EOSS-302,AE0SS-12,2020-10-03 09:05:58.833,2020-10-03 09:05:57,68473.0,20870.57,1148.0,2670.0,ascending,True,/150557h3905.51N/10343.85WO140/014EOSS Balloon  www.eoss.org/A=068473!W80!,"AE0SS-12>APTT4,EOSS,qAO,KB0TVJ-1:/150557h3905.51N/10343.85WO140/014EOSS Balloon  www.eoss.org/A=068473!W80!",140.0,16.0,25.7,39.0919666667,-103.7308333333,39.34,63.3,,,,,,,,4.44e-06,-9.556e-05,19.13333333,5.83166667,low Re,-0.005556,23.565795,0.003519,4.371654,0.069019,-1.01391,-0.131486,20.010552,-0.0017,7.182857,0.001073,1.332467,0.021037,-1.014052,-0.131815,6.099216,
EOSS-302,KC0D-14,2020-10-03 09:06:16.813,2020-10-03 09:06:15,68877.0,20993.71,1106.0,2688.0,ascending,True,/150615h3905.40N/10343.86WO168/025/A=068877 47T462P EOSS BALLOON,"KC0D-14>APZEOS,EOSS,WIDE2-1,qAO,W0ARP-2:/150615h3905.40N/10343.86WO168/025/A=068877 47T462P EOSS BALLOON",168.0,29.0,46.7,39.09,-103.731,39.45,63.5,40.46,4.7,277.85,4620.0,0.05,0.0001124,0.05792606,5.56e-06,-0.00011111,18.43333333,5.61833333,low Re,-0.023333,23.536127,0.003363,4.376358,0.068848,-1.165991,-0.387753,19.880639,-0.007111,7.173813,0.001025,1.333902,0.020984,-1.166112,-0.387724,6.059618,
EOSS-302,AE0SS-12,2020-10-03 09:06:28.721,2020-10-03 09:06:27,69028.0,21039.73,1110.0,2700.0,ascending,True,/150627h3905.31N/10343.86WO211/014EOSS Balloon  www.eoss.org/A=069028!W85!,"AE0SS-12>APTT4,EOSS,qAO,KB0TVJ-1:/150627h3905.31N/10343.86WO211/014EOSS Balloon  www.eoss.org/A=069028!W85!",211.0,16.0,25.7,39.0886333333,-103.7310833333,39.54,63.63,,,,,,,,-8.33e-06,-0.00011111,18.5,5.63866667,low Re,0.002222,23.507184,0.003356,4.380361,0.068647,-1.143098,-0.016519,19.832489,0.000678,7.164991,0.001023,1.335124,0.020923,-1.143208,-0.016489,6.044944,
EOSS-302,KC0D-14,2020-10-03 09:06:46.754,2020-10-03 09:06:45,69431.0,21162.57,1108.0,2718.0,ascending,True,/150645h3905.22N/10343.92WO204/016/A=069431 48T450P EOSS BALLOON,"KC0D-14>APZEOS,EOSS,WIDE2-1,qAO,W0ARP-2:/150645h3905.22N/10343.92WO204/016/A=069431 48T450P EOSS BALLOON",204.0,18.0,29.0,39.087,-103.732,39.62,63.76,40.64,4.8,277.95,4500.0,0.04,0.00010944,0.05640119,-3.333e-05,-0.0001,18.46666667,5.62866667,low Re,-0.001111,23.478381,0.003331,4.384344,0.06845,-1.143093,-0.064894,19.705458,-0.000333,7.156212,0.001015,1.336337,0.020863,-1.143084,-0.064612,6.006223,
EOSS-302,AE0SS-12,2020-10-03 09:06:58.519,2020-10-03 09:06:57,69576.0,21206.76,1096.0,2730.0,ascending,True,/150657h3905.16N/10343.96WO210/026EOSS Balloon  www.eoss.org/A=069576!W73!,"AE0SS-12>APTT4,EOSS,qAO,KB0TVJ-1:/150657h3905.16N/10343.96WO210/026EOSS Balloon  www.eoss.org/A=069576!W73!",210.0,30.0,48.3,39.0861166667,-103.7327166667,39.66,63.83,,,,,,,,-5.444e-05,-8.389e-05,18.26666667,5.56766667,low Re,-0.006667,23.448769,0.003274,4.389414,0.068257,-1.180591,-0.145641,19.660381,-0.002033,7.147186,0.000998,1.337883,0.020804,-1.180611,-0.145693,5.992485,
EOSS-302,KC0D-14,2020-10-03 09:07:16.725,2020-10-03 09:07:15,70005.0,21337.52,1148.0,2748.0,ascending,True,/150715h3905.12N/10344.03WO192/014/A=070005 46T437P EOSS BALLOON,"KC0D-14>APZEOS,EOSS,WIDE2-1,qAO,W0ARP-2:/150715h3905.12N/10344.03WO192/014/A=070005 46T437P EOSS BALLOON",192.0,16.0,25.7,39.0853333333,-103.7338333333,39.68,63.87,40.28,4.6,277.75,4370.0,0.04,0.00010635,0.05481126,-6.111e-05,-5.556e-05,19.13333333,5.83166667,low Re,0.028889,23.424388,0.003419,4.388929,0.068089,-0.9777,0.374069,19.529415,0.0088,7.139754,0.001042,1.337736,0.020753,-0.977837,0.373825,5.952567,
EOSS-302,AE0SS-12,2020-10-03 09:07:28.555,2020-10-03 09:07:27,70153.0,21382.63,1154.0,2760.0,ascending,True,/150727h3905.07N/10344.06WO239/007EOSS Balloon  www.eoss.org/A=070153!W36!,"AE0SS-12>APTT4,EOSS,qAO,KB0TVJ-1:/150727h3905.07N/10344.06WO239/007EOSS Balloon  www.eoss.org/A=070153!W36!",239.0,8.0,12.9,39.08455,-103.7344333333,39.72,63.92,,,,,,,,-5.722e-05,-5.222e-05,19.23333333,5.86233333,low Re,0.003333,23.400843,0.003419,4.387773,0.067895,-0.949801,-0.001267,19.485183,0.001022,7.132577,0.001042,1.337384,0.020694,-0.949797,-0.000966,5.939085,
EOSS-302,KC0D-14,2020-10-03 09:07:46.757,2020-10-03 09:07:45,70569.0,21509.43,1128.0,2778.0,ascending,True,/150745h3905.04N/10344.12WO219/011/A=070569 48T424P EOSS BALLOON,"KC0D-14>APZEOS,EOSS,WIDE2-1,qAO,W0ARP-2:/150745h3905.04N/10344.12WO219/011/A=070569 48T424P EOSS BALLOON",219.0,13.0,20.9,39.084,-103.7353333333,39.74,63.95,40.64,4.8,277.95,4240.0,0.04,0.00010311,0.05314246,-5e-05,-4.444e-05,18.8,5.73033333,low Re,-0.014444,23.37514,0.003318,4.388923,0.067716,-1.042429,-0.262301,19.363914,-0.0044,7.124743,0.001011,1.337734,0.020639,-1.042367,-0.262174,5.902122,
EOSS-302,AE0SS-12,2020-10-03 09:07:58.610,2020-10-03 09:07:57,70711.0,21552.71,1116.0,2790.0,ascending,True,/150757h3905.01N/10344.14WO102/014EOSS Balloon  www.eoss.org/A=070711!W83!,"AE0SS-12>APTT4,EOSS,qAO,KB0TVJ-1:/150757h3905.01N/10344.14WO102/014EOSS Balloon  www.eoss.org/A=070711!W83!",102.0,16.0,25.7,39.0836333333,-103.7357166667,39.75,63.97,,,,,,,,-4.278e-05,-3.056e-05,18.6,5.66933333,low Re,-0.006667,23.348611,0.003262,4.391095,0.06753,-1.081418,-0.147031,19.323659,-0.002033,7.116658,0.000994,1.338396,0.020583,-1.081387,-0.147063,5.889852,
EOSS-302,KC0D-14,2020-10-03 09:08:16.759,2020-10-03 09:08:15,71158.0,21688.96,1178.0,2808.0,ascending,True,/150815h3905.00N/10344.18WO238/010/A=071158 46T411P EOSS BALLOON,"KC0D-14>APZEOS,EOSS,WIDE2-1,qAO,W0ARP-2:/150815h3905.00N/10344.18WO238/010/A=071158 46T411P EOSS BALLOON",238.0,12.0,19.3,39.0833333333,-103.7363333333,39.76,63.98,40.28,4.6,277.75,4110.0,0.04,0.00010002,0.05155018,-3.333e-05,-2.222e-05,19.63333333,5.98433333,low Re,0.034444,23.328085,0.003436,4.387579,0.067381,-0.842093,0.460189,19.201228,0.0105,7.110402,0.001047,1.337324,0.020537,-0.842031,0.460291,5.852535,
EOSS-302,AE0SS-12,2020-10-03 09:08:28.946,2020-10-03 09:08:27,71410.0,21765.77,1398.0,2820.0,ascending,True,/150827h3905.01N/10344.21WO086/005EOSS Balloon  www.eoss.org/A=071410!W20!,"AE0SS-12>APTT4,EOSS,qAO,N2XGL-12:/150827h3905.01N/10344.21WO086/005EOSS Balloon  www.eoss.org/A=071410!W20!",86.0,6.0,9.7,39.0835333333,-103.7368333333,39.73,63.94,,,,,,,,-3.722e-05,-3.33e-06,23.3,7.102,low Re,0.122222,23.32793,0.004092,4.375443,0.067771,-0.006383,1.743076,19.135354,0.037256,7.110356,0.001247,1.333624,0.020656,-0.006266,1.743271,5.832456,
EOSS-302,KC0D-14,2020-10-03 09:08:46.759,2020-10-03 09:08:45,71819.0,21890.43,1322.0,2838.0,ascending,True,/150845h3905.03N/10344.25WO231/004/A=071819 48T398P EOSS BALLOON,"KC0D-14>APZEOS,EOSS,WIDE2-1,qAO,W0ARP-2:/150845h3905.03N/10344.25WO231/004/A=071819 48T398P EOSS BALLOON",231.0,5.0,8.0,39.0838333333,-103.7375,39.7,63.89,40.64,4.8,277.95,3980.0,0.04,9.679e-05,0.04988372,-3.889e-05,1.667e-05,22.03333333,6.71566667,low Re,-0.042222,23.320856,0.003837,4.364455,0.067671,-0.295002,-0.680631,19.033819,-0.012878,7.108199,0.00117,1.330276,0.020626,-0.295076,-0.681082,5.801509,
EOSS-302,AE0SS-12,2020-10-03 09:08:58.508,2020-10-03 09:08:57,71978.0,21938.89,1136.0,2850.0,ascending,True,/150857h3905.03N/10344.24WO110/006EOSS Balloon  www.eoss.org/A=071978!W13!,"AE0SS-12>APTT4,EOSS,qAO,KB0TVJ-1:/150857h3905.03N/10344.24WO110/006EOSS Balloon  www.eoss.org/A=071978!W13!",110.0,7.0,11.3,39.08385,-103.7373833333,39.7,63.89,,,,,,,,-1.833e-05,1.056e-05,18.93333333,5.77066667,low Re,-0.103333,23.297011,0.003252,4.364516,0.067948,-0.999808,-1.568626,18.996276,-0.0315,7.10093,0.000991,1.330295,0.02071,-0.999976,-1.568856,5.790067,
EOSS-302,KC0D-14,2020-10-03 09:09:16.923,2020-10-03 09:09:15,72469.0,22088.55,1300.0,2868.0,ascending,True,/150915h3905.04N/10344.19WO117/012/A=072469 46T385P EOSS BALLOON,"KC0D-14>APZEOS,EOSS,WIDE2-1,qAO,W0ARP-2:/150915h3905.04N/10344.19WO117/012/A=072469 46T385P EOSS BALLOON",117.0,14.0,22.5,39.084,-103.7365,39.71,63.91,40.28,4.6,277.75,3850.0,0.04,9.37e-05,0.0482891,3.333e-05,5.56e-06,21.66666667,6.604,low Re,0.091111,23.288198,0.003729,4.35429,0.068071,-0.372399,1.283689,18.887741,0.027778,7.098244,0.001137,1.327179,0.020748,-0.372402,1.284027,5.756984,
EOSS-302,AE0SS-12,2020-10-03 09:09:28.641,2020-10-03 09:09:27,72604.0,22129.7,1252.0,2880.0,ascending,True,/150927h3905.01N/10344.17WO107/016EOSS Balloon  www.eoss.org/A=072604!W99!,"AE0SS-12>APTT4,EOSS,qAO,N2XGL-12:/150927h3905.01N/10344.17WO107/016EOSS Balloon  www.eoss.org/A=072604!W99!",107.0,18.0,29.0,39.08365,-103.7363166667,39.74,63.95,,,,,,,,3.556e-05,-6.67e-06,20.86666667,6.36033333,low Re,-0.026667,23.275179,0.003565,4.346134,0.067923,-0.554174,-0.445092,18.859967,-0.008122,7.094276,0.001087,1.324692,0.020702,-0.554048,-0.444836,5.748519,
EOSS-302,KC0D-14,2020-10-03 09:09:46.912,2020-10-03 09:09:45,73010.0,22253.45,1082.0,2898.0,ascending,True,/150945h3904.97N/10344.15WO157/010/A=073010 48T375P EOSS BALLOON,"KC0D-14>APZEOS,EOSS,WIDE2-1,qAO,W9CN-9:/150945h3904.97N/10344.15WO157/010/A=073010 48T375P EOSS BALLOON",157.0,12.0,19.3,39.0828333333,-103.7358333333,39.8,64.05,40.64,4.8,277.95,3750.0,0.04,9.12e-05,0.04700099,2.222e-05,-3.889e-05,18.03333333,5.49666667,low Re,-0.094444,23.247148,0.003038,4.351352,0.068119,-1.198206,-1.431054,18.782169,-0.028789,7.085733,0.000926,1.326282,0.020762,-1.198136,-1.43122,5.724806,
EOSS-302,AE0SS-12,2020-10-03 09:09:58.558,2020-10-03 09:09:57,73165.0,22300.69,1122.0,2910.0,ascending,True,/150957h3904.93N/10344.12WO141/012EOSS Balloon  www.eoss.org/A=073165!W90!,"AE0SS-12>APTT4,EOSS,qAO,N2XGL-12:/150957h3904.93N/10344.12WO141/012EOSS Balloon  www.eoss.org/A=073165!W90!",141.0,14.0,22.5,39.0823166667,-103.7353333333,39.84,64.12,,,,,,,,3.278e-05,-4.444e-05,18.7,5.69966667,low Re,0.022222,23.222961,0.003141,4.352355,0.06795,-1.039199,0.280809,18.754824,0.006767,7.07836,0.000957,1.326588,0.020711,-1.039278,0.280527,5.716472,
EOSS-302,KC0D-14,2020-10-03 09:10:17.124,2020-10-03 09:10:15,73584.0,22428.4,1148.0,2928.0,ascending,True,/151015h3904.88N/10344.07WO120/015/A=073584 47T364P EOSS BALLOON,"KC0D-14>APZEOS,EOSS,WIDE2-1,qAO,W0ARP-2:/151015h3904.88N/10344.07WO120/015/A=073584 47T364P EOSS BALLOON",120.0,17.0,27.4,39.0813333333,-103.7345,39.92,64.25,40.46,4.7,277.85,3640.0,0.04,8.855e-05,0.04563872,4.444e-05,-5e-05,19.13333333,5.83166667,low Re,0.014444,23.201323,0.003201,4.350945,0.067773,-0.934967,0.165892,18.687745,0.0044,7.071764,0.000976,1.326159,0.020657,-0.935105,0.165755,5.696026,
EOSS-302,AE0SS-12,2020-10-03 09:10:28.400,2020-10-03 09:10:27,73746.0,22477.78,1162.0,2940.0,ascending,True,/151027h3904.83N/10344.04WO173/031EOSS Balloon  www.eoss.org/A=073746!W00!,"AE0SS-12>APTT4,EOSS,qAO,W9CN-9:/151027h3904.83N/10344.04WO173/031EOSS Balloon  www.eoss.org/A=073746!W00!",173.0,36.0,57.9,39.0805,-103.734,39.98,64.35,,,,,,,,4.444e-05,-6.056e-05,19.36666667,5.903,low Re,0.007778,23.18114,0.003225,4.348328,0.067594,-0.877228,0.067358,18.664573,0.002378,7.065613,0.000983,1.325361,0.020602,-0.877205,0.067712,5.688963,
EOSS-302,KC0D-14,2020-10-03 09:10:46.768,2020-10-03 09:10:45,74166.0,22605.8,1164.0,2958.0,ascending,True,/151045h3904.74N/10343.99WO161/027/A=074166 49T354P EOSS BALLOON,"KC0D-14>APZEOS,EOSS,WIDE2-1,qAO,W0ARP-2:/151045h3904.74N/10343.99WO161/027/A=074166 49T354P EOSS BALLOON",161.0,31.0,49.9,39.079,-103.7331666667,40.1,64.53,40.82,4.9,278.05,3540.0,0.03,8.606e-05,0.04435298,4.444e-05,-7.778e-05,19.4,5.91333333,low Re,0.001111,23.161344,0.003214,4.345491,0.067415,-0.865574,-0.031195,18.611953,0.000344,7.05958,0.00098,1.324496,0.020548,-0.865421,-0.030952,5.672924,
EOSS-302,AE0SS-12,2020-10-03 09:10:58.449,2020-10-03 09:10:57,74281.0,22640.85,1070.0,2970.0,ascending,True,/151057h3904.66N/10343.96WO201/015EOSS Balloon  www.eoss.org/A=074281!W84!,"AE0SS-12>APTT4,EOSS,qAO,W9CN-9:/151057h3904.66N/10343.96WO201/015EOSS Balloon  www.eoss.org/A=074281!W84!",201.0,17.0,27.4,39.0778,-103.7327333333,40.18,64.67,,,,,,,,4.222e-05,-9e-05,17.83333333,5.43566667,low Re,-0.052222,23.133594,0.002924,4.351124,0.067357,-1.218136,-0.818712,18.599464,-0.015922,7.051122,0.000891,1.326212,0.02053,-1.218097,-0.818948,5.669118,
EOSS-302,KC0D-14,2020-10-03 09:11:16.863,2020-10-03 09:11:15,74688.0,22764.9,1044.0,2988.0,ascending,True,/151115h3904.57N/10343.96WO195/023/A=074688 48T344P EOSS BALLOON,"KC0D-14>APZEOS,EOSS,WIDE2-1,qAO,W0ARP-2:/151115h3904.57N/10343.96WO195/023/A=074688 48T344P EOSS BALLOON",195.0,26.0,41.8,39.0761666667,-103.7326666667,40.29,64.84,40.64,4.8,277.95,3440.0,0.03,8.366e-05,0.04311558,1.667e-05,-9.444e-05,17.4,5.30333333,low Re,-0.014444,23.103886,0.002833,4.359358,0.067192,-1.308423,-0.257129,18.562069,-0.004411,7.042066,0.000864,1.328724,0.02048,-1.308573,-0.257568,5.65772,
EOSS-302,AE0SS-12,2020-10-03 09:11:28.428,2020-10-03 09:11:27,74822.0,22805.75,1082.0,3000.0,ascending,True,/151127h3904.51N/10343.97WO172/030EOSS Balloon  www.eoss.org/A=074822!W02!,"AE0SS-12>APTT4,EOSS,qAO,W9CN-9:/151127h3904.51N/10343.97WO172/030EOSS Balloon  www.eoss.org/A=074822!W02!",172.0,35.0,56.3,39.0751666667,-103.7328666667,40.35,64.93,,,,,,,,-4.44e-06,-8.778e-05,18.03333333,5.49666667,low Re,0.021111,23.077749,0.002928,4.363263,0.067029,-1.156111,0.271271,18.552113,0.006444,7.0341,0.000892,1.329913,0.02043,-1.156041,0.271757,5.654685,
EOSS-302,KC0D-14,2020-10-03 09:11:46.773,2020-10-03 09:11:45,75286.0,22947.17,1196.0,3018.0,ascending,True,/151145h3904.46N/10344.00WO183/011/A=075286 50T334P EOSS BALLOON,"KC0D-14>APZEOS,EOSS,WIDE2-1,qAO,W0ARP-2:/151145h3904.46N/10344.00WO183/011/A=075286 50T334P EOSS BALLOON",183.0,13.0,20.9,39.0743333333,-103.7333333333,40.39,65.0,41.0,5.0,278.15,3340.0,0.03,8.117e-05,0.04183212,-2.222e-05,-6.111e-05,19.93333333,6.07566667,low Re,0.063333,23.061624,0.003239,4.357825,0.066996,-0.717856,0.896979,18.526822,0.0193,7.029185,0.000987,1.328256,0.02042,-0.717872,0.896817,5.646976,
EOSS-302,AE0SS-12,2020-10-03 09:11:58.472,2020-10-03 09:11:57,75423.0,22988.93,1202.0,3030.0,ascending,True,/151157h3904.42N/10344.03WO200/004EOSS Balloon  www.eoss.org/A=075423!W80!,"AE0SS-12>APTT4,EOSS,qAO,W9CN-9:/151157h3904.42N/10344.03WO200/004EOSS Balloon  www.eoss.org/A=075423!W80!",200.0,5.0,8.0,39.0738,-103.7338333333,40.41,65.03,,,,,,,,-3.222e-05,-4.556e-05,20.03333333,6.106,low Re,0.003333,23.046173,0.00324,4.352015,0.066823,-0.692286,0.001392,18.522106,0.001011,7.024475,0.000987,1.326486,0.020367,-0.692412,0.001178,5.645539,
EOSS-302,KC0D-14,2020-10-03 09:12:16.775,2020-10-03 09:12:15,75868.0,23124.57,1164.0,3048.0,ascending,True,/151215h3904.42N/10344.04WO121/004/A=075868 49T324P EOSS BALLOON,"KC0D-14>APZEOS,EOSS,WIDE2-1,qAO,W0ARP-2:/151215h3904.42N/10344.04WO121/004/A=075868 49T324P EOSS BALLOON",121.0,5.0,8.0,39.0736666667,-103.734,40.42,65.04,40.82,4.9,278.05,3240.0,0.03,7.877e-05,0.04059425,-2.222e-05,-2.222e-05,19.4,5.91333333,low Re,-0.021111,23.027665,0.003116,4.348665,0.066674,-0.834202,-0.363365,18.515509,-0.006422,7.018834,0.00095,1.325464,0.020322,-0.834048,-0.36276,5.643528,
EOSS-302,AE0SS-12,2020-10-03 09:12:28.507,2020-10-03 09:12:27,76010.0,23167.85,1174.0,3060.0,ascending,True,/151227h3904.43N/10344.04WO342/013EOSS Balloon  www.eoss.org/A=076010!W67!,"AE0SS-12>APTT4,EOSS,qAO,W9CN-9:/151227h3904.43N/10344.04WO342/013EOSS Balloon  www.eoss.org/A=076010!W67!",342.0,15.0,24.1,39.0739333333,-103.7341166667,40.4,65.01,,,,,,,,-9.44e-06,4.44e-06,19.56666667,5.964,low Re,0.005556,23.010185,0.003128,4.344582,0.066504,-0.792601,0.036509,18.516217,0.001689,7.013507,0.000953,1.324219,0.02027,-0.792548,0.03631,5.643744,
EOSS-302,KC0D-14,2020-10-03 09:12:46.776,2020-10-03 09:12:45,76454.0,23303.18,1172.0,3078.0,ascending,True,/151245h3904.43N/10344.02WO056/003/A=076454 52T314P EOSS BALLOON,"KC0D-14>APZEOS,EOSS,WIDE2-1,qAO,W0ARP-2:/151245h3904.43N/10344.02WO056/003/A=076454 52T314P EOSS BALLOON",56.0,3.0,4.8,39.0738333333,-103.7336666667,40.41,65.04,41.36,5.2,278.35,3140.0,0.03,7.625e-05,0.03929894,1.111e-05,5.56e-06,19.53333333,5.95366667,low Re,-0.001111,22.992714,0.003106,4.3406,0.066336,-0.796982,-0.06357,18.527184,-0.000344,7.008181,0.000947,1.323006,0.020219,-0.797059,-0.063851,5.647086,
EOSS-302,AE0SS-12,2020-10-03 09:12:58.725,2020-10-03 09:12:57,76611.0,23351.03,1202.0,3090.0,ascending,True,/151257h3904.43N/10344.00WO200/011EOSS Balloon  www.eoss.org/A=076611!W20!,"AE0SS-12>APTT4,EOSS,qAO,KB0TVJ-1:/151257h3904.43N/10344.00WO200/011EOSS Balloon  www.eoss.org/A=076611!W20!",200.0,13.0,20.9,39.0738666667,-103.7333333333,40.42,65.05,,,,,,,,2.611e-05,-2.22e-06,20.03333333,6.106,low Re,0.016667,22.977917,0.003175,4.334734,0.066175,-0.6793,0.203884,18.534216,0.005078,7.00367,0.000968,1.321218,0.02017,-0.679426,0.203768,5.649229,
EOSS-302,KC0D-14,2020-10-03 09:13:16.776,2020-10-03 09:13:15,77028.0,23478.13,1148.0,3108.0,ascending,True,/151315h3904.44N/10343.96WO069/010/A=077028 51T306P EOSS BALLOON,"KC0D-14>APZEOS,EOSS,WIDE2-1,qAO,W0ARP-2:/151315h3904.44N/10343.96WO069/010/A=077028 51T306P EOSS BALLOON",69.0,12.0,19.3,39.074,-103.7326666667,40.42,65.06,41.18,5.1,278.25,3060.0,0.03,7.434e-05,0.03831146,3.333e-05,5.56e-06,19.13333333,5.83166667,low Re,-0.03,22.958789,0.003009,4.332379,0.06605,-0.882992,-0.499758,18.560785,-0.009144,6.997839,0.000917,1.320501,0.020132,-0.883129,-0.499752,5.657327,
EOSS-302,AE0SS-12,2020-10-03 09:13:28.777,2020-10-03 09:13:27,77172.0,23522.03,1122.0,3120.0,ascending,True,/151327h3904.43N/10343.91WO084/018EOSS Balloon  www.eoss.org/A=077172!W18!,"AE0SS-12>APTT4,EOSS,qAO,KB0TVJ-1:/151327h3904.43N/10343.91WO084/018EOSS Balloon  www.eoss.org/A=077172!W18!",84.0,21.0,33.8,39.07385,-103.7319666667,40.45,65.1,,,,,,,,4.556e-05,-5.6e-07,18.7,5.7,low Re,-0.014444,22.937706,0.002922,4.331964,0.065897,-0.978241,-0.263532,18.572584,-0.004389,6.991414,0.000891,1.320374,0.020085,-0.978067,-0.262883,5.660924,
EOSS-302,KC0D-14,2020-10-03 09:13:46.838,2020-10-03 09:13:45,77578.0,23645.77,1100.0,3138.0,ascending,True,/151345h3904.43N/10343.85WO088/013/A=077578 53T298P EOSS BALLOON,"KC0D-14>APZEOS,EOSS,WIDE2-1,qAO,W0ARP-2:/151345h3904.43N/10343.85WO088/013/A=077578 53T298P EOSS BALLOON",88.0,15.0,24.1,39.0738333333,-103.7308333333,40.47,65.14,41.54,5.3,278.45,2980.0,0.03,7.234e-05,0.03728305,6.111e-05,-5.56e-06,18.33333333,5.588,low Re,-0.012222,22.915025,0.002847,4.333296,0.065741,-1.057323,-0.229218,18.612929,-0.003733,6.984501,0.000868,1.32078,0.020037,-1.057331,-0.229625,5.67322,
EOSS-302,AE0SS-12,2020-10-03 09:13:58.447,2020-10-03 09:13:57,77730.0,23692.1,1116.0,3150.0,ascending,True,/151357h3904.41N/10343.80WO061/018EOSS Balloon  www.eoss.org/A=077730!W88!,"AE0SS-12>APTT4,EOSS,qAO,KB0TVJ-1:/151357h3904.41N/10343.80WO061/018EOSS Balloon  www.eoss.org/A=077730!W88!",61.0,21.0,33.8,39.0736333333,-103.7301333333,40.5,65.18,,,,,,,,6.111e-05,-7.22e-06,18.6,5.669,low Re,0.008889,22.893873,0.002877,4.333154,0.065579,-0.990935,0.091676,18.630661,0.0027,6.978053,0.000877,1.320738,0.019988,-0.991153,0.091205,5.678625,
EOSS-302,KC0D-14,2020-10-03 09:14:16.869,2020-10-03 09:14:15,78173.0,23827.13,1190.0,3168.0,ascending,True,/151415h3904.42N/10343.74WO098/004/A=078173 53T288P EOSS BALLOON,"KC0D-14>APZEOS,EOSS,WIDE2-1,qAO,W0ARP-2:/151415h3904.42N/10343.74WO098/004/A=078173 53T288P EOSS BALLOON",98.0,5.0,8.0,39.0736666667,-103.729,40.52,65.22,41.54,5.3,278.45,2880.0,0.03,6.991e-05,0.03603195,6.111e-05,-5.56e-06,19.83333333,6.04533333,low Re,0.041111,22.878943,0.003064,4.327802,0.065472,-0.703731,0.581119,18.690189,0.012544,6.973503,0.000934,1.319106,0.019956,-0.703635,0.58178,5.696769,
EOSS-302,AE0SS-12,2020-10-03 09:14:28.390,2020-10-03 09:14:27,78330.0,23874.98,1200.0,3180.0,ascending,True,/151427h3904.41N/10343.69WO074/014EOSS Balloon  www.eoss.org/A=078330!W63!,"AE0SS-12>APTT4,EOSS,qAO,W9CN-9:/151427h3904.41N/10343.69WO074/014EOSS Balloon  www.eoss.org/A=078330!W63!",74.0,16.0,25.7,39.0736,-103.7282166667,40.55,65.25,,,,,,,,6.389e-05,-1.11e-06,20.0,6.096,low Re,0.005556,22.864968,0.003076,4.321891,0.065312,-0.662897,0.037972,18.713994,0.001689,6.969243,0.000938,1.317304,0.019907,-0.662902,0.037725,5.704024,
EOSS-302,KC0D-14,2020-10-03 09:14:46.841,2020-10-03 09:14:45,78745.0,24001.48,1144.0,3198.0,ascending,True,/151445h3904.41N/10343.64WO136/005/A=078745 56T280P EOSS BALLOON,"KC0D-14>APZEOS,EOSS,WIDE2-1,qAO,W0ARP-2:/151445h3904.41N/10343.64WO136/005/A=078745 56T280P EOSS BALLOON",136.0,6.0,9.7,39.0735,-103.7273333333,40.57,65.29,42.08,5.6,278.75,2800.0,0.03,6.79e-05,0.03499336,5.556e-05,-5.56e-06,19.06666667,5.81166667,low Re,-0.031111,22.846618,0.00291,4.319464,0.065196,-0.875097,-0.521826,18.783365,-0.009478,6.963651,0.000887,1.316564,0.019871,-0.874993,-0.521614,5.725169,
EOSS-302,AE0SS-12,2020-10-03 09:14:58.490,2020-10-03 09:14:57,78888.0,24045.06,1116.0,3210.0,ascending,True,/151457h3904.39N/10343.61WO209/008EOSS Balloon  www.eoss.org/A=078888!W05!,"AE0SS-12>APTT4,EOSS,qAO,KB0TVJ-1:/151457h3904.39N/10343.61WO209/008EOSS Balloon  www.eoss.org/A=078888!W05!",209.0,9.0,14.5,39.0731666667,-103.7269166667,40.6,65.34,,,,,,,,4.333e-05,-1.444e-05,18.6,5.66933333,low Re,-0.015556,22.826202,0.002821,4.319066,0.06505,-0.978499,-0.282506,18.809337,-0.004744,6.957428,0.00086,1.316443,0.019827,-0.978466,-0.282645,5.733084,
EOSS-302,KC0D-14,2020-10-03 09:15:16.742,2020-10-03 09:15:15,79324.0,24177.96,1158.0,3228.0,ascending,True,/151515h3904.35N/10343.59WO147/013/A=079324 55T272P EOSS BALLOON,"KC0D-14>APZEOS,EOSS,WIDE2-1,qAO,W0ARP-2:/151515h3904.35N/10343.59WO147/013/A=079324 55T272P EOSS BALLOON",147.0,15.0,24.1,39.0725,-103.7265,40.65,65.43,41.9,5.5,278.65,2720.0,0.03,6.598e-05,0.03400575,2.778e-05,-3.333e-05,19.3,5.88266667,low Re,0.023333,22.80933,0.00292,4.31557,0.064909,-0.813179,0.314486,18.89459,0.007111,6.952286,0.00089,1.315377,0.019784,-0.813166,0.314446,5.759071,
EOSS-302,AE0SS-12,2020-10-03 09:15:28.386,2020-10-03 09:15:27,79455.0,24217.88,1134.0,3240.0,ascending,True,/151527h3904.34N/10343.57WO273/006EOSS Balloon  www.eoss.org/A=079455!W32!,"AE0SS-12>APTT4,EOSS,qAO,W9CN-9:/151527h3904.34N/10343.57WO273/006EOSS Balloon  www.eoss.org/A=079455!W32!",273.0,7.0,11.3,39.0723833333,-103.7262,40.67,65.45,,,,,,,,2.389e-05,-2.611e-05,18.9,5.76066667,low Re,-0.013333,22.790714,0.002842,4.313677,0.064762,-0.901948,-0.249761,18.921881,-0.004067,6.946611,0.000866,1.3148,0.019739,-0.901996,-0.249911,5.767387,
EOSS-302,KC0D-14,2020-10-03 09:15:46.815,2020-10-03 09:15:45,79894.0,24351.69,1140.0,3258.0,ascending,True,/151545h3904.34N/10343.53WO131/010/A=079894 58T264P EOSS BALLOON,"KC0D-14>APZEOS,EOSS,WIDE2-1,qAO,W0ARP-2:/151545h3904.34N/10343.53WO131/010/A=079894 58T264P EOSS BALLOON",131.0,12.0,19.3,39.0723333333,-103.7255,40.69,65.48,42.44,5.8,278.95,2640.0,0.03,6.397e-05,0.03297008,3.333e-05,-5.56e-06,19.0,5.791,low Re,0.003333,22.772749,0.002844,4.311299,0.064607,-0.875084,0.007569,19.018427,0.001011,6.941135,0.000867,1.314076,0.019692,-0.875242,0.007313,5.796815,
EOSS-302,AE0SS-12,2020-10-03 09:15:58.469,2020-10-03 09:15:57,80023.0,24391.01,1136.0,3270.0,ascending,True,/151557h3904.34N/10343.51WO036/006EOSS Balloon  www.eoss.org/A=080023!W11!,"AE0SS-12>APTT4,EOSS,qAO,KB0TVJ-1:/151557h3904.34N/10343.51WO036/006EOSS Balloon  www.eoss.org/A=080023!W11!",36.0,7.0,11.3,39.07235,-103.7251833333,40.69,65.49,,,,,,,,3.389e-05,-1.11e-06,18.93333333,5.771,low Re,-0.002222,22.754638,0.00282,4.309146,0.064454,-0.886789,-0.078226,19.048166,-0.000667,6.935615,0.00086,1.31342,0.019645,-0.886704,-0.07773,5.805879,
EOSS-302,KC0D-14,2020-10-03 09:16:16.817,2020-10-03 09:16:15,80471.0,24527.56,1154.0,3288.0,ascending,True,/151615h3904.32N/10343.47WO109/006/A=080471 57T257P EOSS BALLOON,"KC0D-14>APZEOS,EOSS,WIDE2-1,qAO,W0ARP-2:/151615h3904.32N/10343.47WO109/006/A=080471 57T257P EOSS BALLOON",109.0,7.0,11.3,39.072,-103.7245,40.73,65.55,42.26,5.7,278.85,2570.0,0.03,6.23e-05,0.03210738,3.333e-05,-1.111e-05,19.23333333,5.86233333,low Re,0.01,22.738106,0.002854,4.305737,0.064303,-0.813977,0.11113,19.155621,0.003044,6.930576,0.00087,1.31238,0.019599,-0.813974,0.110924,5.838631,
EOSS-302,AE0SS-12,2020-10-03 09:16:28.414,2020-10-03 09:16:27,80630.0,24576.02,1214.0,3300.0,ascending,True,/151627h3904.31N/10343.42WO251/015EOSS Balloon  www.eoss.org/A=080630!W47!,"AE0SS-12>APTT4,EOSS,qAO,KB0TVJ-1:/151627h3904.31N/10343.42WO251/015EOSS Balloon  www.eoss.org/A=080630!W47!",251.0,17.0,27.4,39.0719,-103.7237833333,40.75,65.58,,,,,,,,4.667e-05,-1.5e-05,20.23333333,6.167,low Re,0.033333,22.726402,0.002997,4.299028,0.064185,-0.579914,0.472634,19.19513,0.010156,6.927008,0.000914,1.310336,0.019563,-0.58001,0.472422,5.850673,
EOSS-302,KC0D-14,2020-10-03 09:16:46.848,2020-10-03 09:16:45,81059.0,24706.78,1176.0,3318.0,ascending,True,/151645h3904.28N/10343.39WO135/010/A=081059 61T249P EOSS BALLOON,"KC0D-14>APZEOS,EOSS,WIDE2-1,qAO,W0ARP-2:/151645h3904.28N/10343.39WO135/010/A=081059 61T249P EOSS BALLOON",135.0,12.0,19.3,39.0713333333,-103.7231666667,40.8,65.66,42.98,6.1,279.25,2490.0,0.02,6.027e-05,0.03106337,4.444e-05,-2.222e-05,19.6,5.974,low Re,-0.021111,22.71186,0.002885,4.294269,0.064055,-0.724654,-0.374616,19.304604,-0.006433,6.922575,0.000879,1.308886,0.019524,-0.724719,-0.374513,5.88404,
EOSS-302,AE0SS-12,2020-10-03 09:16:58.538,2020-10-03 09:16:57,81227.0,24757.99,1194.0,3330.0,ascending,True,/151657h3904.24N/10343.36WO177/005EOSS Balloon  www.eoss.org/A=081227!W52!,"AE0SS-12>APTT4,EOSS,qAO,W9CN-9:/151657h3904.24N/10343.36WO177/005EOSS Balloon  www.eoss.org/A=081227!W52!",177.0,6.0,9.7,39.07075,-103.7227,40.85,65.74,,,,,,,,3.611e-05,-3.833e-05,19.9,6.06566667,low Re,0.01,22.698843,0.002918,4.28854,0.063907,-0.652633,0.110817,19.348401,0.003056,6.918608,0.000889,1.307139,0.019479,-0.652525,0.111248,5.89739,
EOSS-302,KC0D-14,2020-10-03 09:17:16.818,2020-10-03 09:17:15,81666.0,24891.8,1214.0,3348.0,ascending,True,/151715h3904.21N/10343.32WO151/013/A=081666 60T241P EOSS BALLOON,"KC0D-14>APZEOS,EOSS,WIDE2-1,qAO,W0ARP-2:/151715h3904.21N/10343.32WO151/013/A=081666 60T241P EOSS BALLOON",151.0,15.0,24.1,39.0701666667,-103.722,40.9,65.82,42.8,6.0,279.15,2410.0,0.02,5.836e-05,0.03007612,3.889e-05,-3.889e-05,20.23333333,6.16733333,low Re,0.011111,22.687481,0.002956,4.281874,0.063761,-0.573148,0.127899,19.4645,0.003389,6.915146,0.000901,1.305107,0.019434,-0.57299,0.128023,5.932778,
EOSS-302,AE0SS-12,2020-10-03 09:17:28.890,2020-10-03 09:17:27,81828.0,24941.17,1202.0,3360.0,ascending,True,/151727h3904.18N/10343.30WO138/012EOSS Balloon  www.eoss.org/A=081828!W37!,"AE0SS-12>APTT4,EOSS,qAO,KB0TVJ-1:/151727h3904.18N/10343.30WO138/012EOSS Balloon  www.eoss.org/A=081828!W37!",138.0,14.0,22.5,39.0697166667,-103.7217833333,40.93,65.88,,,,,,,,3.056e-05,-3.444e-05,20.03333333,6.106,low Re,-0.006667,22.675306,0.002911,4.275777,0.063617,-0.617893,-0.150557,19.507723,-0.002044,6.911435,0.000887,1.303249,0.01939,-0.618021,-0.15116,5.94595,
EOSS-302,KC0D-14,2020-10-03 09:17:46.818,2020-10-03 09:17:45,82248.0,25069.19,1164.0,3378.0,ascending,True,/151745h3904.13N/10343.27WO130/017/A=082248 64T235P EOSS BALLOON,"KC0D-14>APZEOS,EOSS,WIDE2-1,qAO,W0ARP-2:/151745h3904.13N/10343.27WO130/017/A=082248 64T235P EOSS BALLOON",130.0,20.0,32.2,39.0688333333,-103.7211666667,41.0,65.99,43.52,6.4,279.55,2350.0,0.02,5.682e-05,0.02928538,2.778e-05,-4.444e-05,19.4,5.913,low Re,-0.021111,22.66035,0.002801,4.271696,0.063491,-0.763245,-0.37662,19.619972,-0.006433,6.906875,0.000854,1.302006,0.019352,-0.763341,-0.37655,5.980165,
EOSS-302,AE0SS-12,2020-10-03 09:17:58.482,2020-10-03 09:17:57,82399.0,25115.22,1142.0,3390.0,ascending,True,/151757h3904.08N/10343.24WO137/017EOSS Balloon  www.eoss.org/A=082399!W72!,"AE0SS-12>APTT4,EOSS,qAO,W9CN-9:/151757h3904.08N/10343.24WO137/017EOSS Balloon  www.eoss.org/A=082399!W72!",137.0,20.0,32.2,39.0681166667,-103.7207,41.06,66.08,,,,,,,,3.611e-05,-5.333e-05,19.03333333,5.80166667,low Re,-0.012222,22.643864,0.002733,4.268942,0.063353,-0.845767,-0.236058,19.6602,-0.003711,6.901852,0.000833,1.301165,0.01931,-0.845539,-0.235318,5.992427,
EOSS-302,KC0D-14,2020-10-03 09:18:16.706,2020-10-03 09:18:15,82836.0,25248.41,1176.0,3408.0,ascending,True,/151815h3904.05N/10343.22WO118/001/A=082836 63T228P EOSS BALLOON,"KC0D-14>APZEOS,EOSS,WIDE2-1,qAO,W0ARP-2:/151815h3904.05N/10343.22WO118/001/A=082836 63T228P EOSS BALLOON",118.0,1.0,1.6,39.0675,-103.7203333333,41.1,66.15,43.34,6.3,279.45,2280.0,0.02,5.515e-05,0.02842321,2.778e-05,-4.444e-05,19.6,5.974,low Re,0.018889,22.63009,0.002806,4.264147,0.063218,-0.710597,0.254405,19.775435,0.005744,6.897653,0.000855,1.299704,0.019268,-0.710664,0.253737,6.027549,
EOSS-302,AE0SS-12,2020-10-03 09:18:28.449,2020-10-03 09:18:27,82983.0,25293.22,1168.0,3420.0,ascending,True,/151827h3904.03N/10343.22WO090/010EOSS Balloon  www.eoss.org/A=082983!W85!,"AE0SS-12>APTT4,EOSS,qAO,W9CN-9:/151827h3904.03N/10343.22WO090/010EOSS Balloon  www.eoss.org/A=082983!W85!",90.0,12.0,19.3,39.0673,-103.7204166667,41.12,66.17,,,,,,,,9.44e-06,-2.722e-05,19.46666667,5.93333333,low Re,-0.004444,22.615841,0.002773,4.259783,0.063076,-0.73928,-0.114418,19.813606,-0.001356,6.89331,0.000845,1.298374,0.019225,-0.739368,-0.114486,6.039185,
EOSS-302,KC0D-14,2020-10-03 09:18:46.761,2020-10-03 09:18:45,83410.0,25423.37,1148.0,3438.0,ascending,True,/151845h3904.06N/10343.22WO096/006/A=083410 67T221P EOSS BALLOON,"KC0D-14>APZEOS,EOSS,WIDE2-1,qAO,W0ARP-2:/151845h3904.06N/10343.22WO096/006/A=083410 67T221P EOSS BALLOON",96.0,7.0,11.3,39.0676666667,-103.7203333333,41.09,66.13,44.06,6.7,279.85,2210.0,0.02,5.338e-05,0.02751119,0.0,5.56e-06,19.13333333,5.832,low Re,-0.011111,22.600224,0.002711,4.256572,0.06294,-0.81448,-0.219606,19.922028,-0.003378,6.88855,0.000826,1.297395,0.019184,-0.814363,-0.219141,6.072232,
EOSS-302,AE0SS-12,2020-10-03 09:18:58.573,2020-10-03 09:18:57,83596.0,25480.06,1226.0,3450.0,ascending,True,/151857h3904.06N/10343.22WO340/023EOSS Balloon  www.eoss.org/A=083596!W37!,"AE0SS-12>APTT4,EOSS,qAO,W9CN-9:/151857h3904.06N/10343.22WO340/023EOSS Balloon  www.eoss.org/A=083596!W37!",340.0,26.0,41.8,39.0677166667,-103.72045,41.09,66.13,,,,,,,,-1.11e-06,1.389e-05,20.43333333,6.228,low Re,0.043333,22.590551,0.002893,4.249484,0.062857,-0.507642,0.643365,19.967851,0.0132,6.885601,0.000882,1.295234,0.019158,-0.507708,0.642969,6.086198,
EOSS-302,KC0D-14,2020-10-03 09:19:16.990,2020-10-03 09:19:15,84005.0,25604.72,1190.0,3468.0,ascending,True,/151915h3904.10N/10343.21WO355/004/A=084005 66T215P EOSS BALLOON,"KC0D-14>APZEOS,EOSS,WIDE2-1,qAO,N2XGL-12:/151915h3904.10N/10343.21WO355/004/A=084005 66T215P EOSS BALLOON",355.0,5.0,8.0,39.0683333333,-103.7201666667,41.06,66.07,43.88,6.6,279.75,2150.0,0.02,5.195e-05,0.02677385,5.56e-06,2.222e-05,19.83333333,6.045,low Re,-0.02,22.578296,0.002791,4.243971,0.062734,-0.646791,-0.363296,20.064869,-0.0061,6.881865,0.000851,1.293555,0.019121,-0.64695,-0.363527,6.115768,
EOSS-302,AE0SS-12,2020-10-03 09:19:28.550,2020-10-03 09:19:27,84180.0,25658.06,1168.0,3480.0,ascending,True,/151927h3904.12N/10343.20WO010/008EOSS Balloon  www.eoss.org/A=084180!W33!,"AE0SS-12>APTT4,EOSS,qAO,KB0TVJ-1:/151927h3904.12N/10343.20WO010/008EOSS Balloon  www.eoss.org/A=084180!W33!",10.0,9.0,14.5,39.0687166667,-103.72005,41.03,66.04,,,,,,,,1.333e-05,3.333e-05,19.46666667,5.93333333,low Re,-0.012222,22.564528,0.002724,4.239585,0.062602,-0.730699,-0.238746,20.10458,-0.003722,6.877668,0.00083,1.292218,0.019081,-0.730786,-0.238562,6.127872,
EOSS-302,KC0D-14,2020-10-03 09:19:46.823,2020-10-03 09:19:45,84609.0,25788.82,1208.0,3498.0,ascending,True,/151945h3904.13N/10343.20WO176/002/A=084609 70T208P EOSS BALLOON,"KC0D-14>APZEOS,EOSS,WIDE2-1,qAO,W0ARP-2:/151945h3904.13N/10343.20WO176/002/A=084609 70T208P EOSS BALLOON",176.0,2.0,3.2,39.0688333333,-103.72,41.03,66.03,44.6,7.0,280.15,2080.0,0.02,5.019e-05,0.02586516,5.56e-06,1.667e-05,20.13333333,6.13666667,low Re,0.022222,22.553818,0.00281,4.233271,0.062476,-0.571776,0.310711,20.196637,0.006778,6.874404,0.000857,1.290294,0.019042,-0.571759,0.310944,6.155931,
EOSS-302,AE0SS-12,2020-10-03 09:19:58.482,2020-10-03 09:19:57,84765.0,25836.37,1170.0,3510.0,ascending,True,/151957h3904.15N/10343.20WO022/003EOSS Balloon  www.eoss.org/A=084765!W32!,"AE0SS-12>APTT4,EOSS,qAO,KB0TVJ-1:/151957h3904.15N/10343.20WO022/003EOSS Balloon  www.eoss.org/A=084765!W32!",22.0,3.0,4.8,39.0692166667,-103.7200333333,41.0,65.99,,,,,,,,5.6e-07,1.667e-05,19.5,5.94366667,low Re,-0.021111,22.540424,0.002705,4.228776,0.062358,-0.718984,-0.381924,20.228062,-0.006433,6.870322,0.000824,1.288923,0.019006,-0.718938,-0.381827,6.16551,
EOSS-302,KC0D-14,2020-10-03 09:20:16.978,2020-10-03 09:20:15,85188.0,25965.3,1158.0,3528.0,ascending,True,/152015h3904.20N/10343.16WO013/008/A=085188 70T202P EOSS BALLOON,"KC0D-14>APZEOS,EOSS,WIDE2-1,qAO,W9CN-9:/152015h3904.20N/10343.16WO013/008/A=085188 70T202P EOSS BALLOON",13.0,9.0,14.5,39.07,-103.7193333333,40.97,65.94,44.6,7.0,280.15,2020.0,0.02,4.874e-05,0.02511905,2.222e-05,3.889e-05,19.3,5.88266667,low Re,-0.006667,22.526274,0.002664,4.224922,0.062224,-0.763629,-0.149958,20.307154,-0.002033,6.866009,0.000812,1.287749,0.018965,-0.763613,-0.150013,6.189618,
EOSS-302,AE0SS-12,2020-10-03 09:20:28.467,2020-10-03 09:20:27,85332.0,26009.19,1134.0,3540.0,ascending,True,/152027h3904.24N/10343.13WO072/015EOSS Balloon  www.eoss.org/A=085332!W75!,"AE0SS-12>APTT4,EOSS,qAO,KB0TVJ-1:/152027h3904.24N/10343.13WO072/015EOSS Balloon  www.eoss.org/A=085332!W75!",72.0,17.0,27.4,39.0707833333,-103.7189166667,40.93,65.87,,,,,,,,3.722e-05,5.222e-05,18.9,5.76066667,low Re,-0.013333,22.510507,0.002594,4.222462,0.062096,-0.855072,-0.25649,20.3319,-0.004067,6.861203,0.000791,1.286999,0.018926,-0.855118,-0.256684,6.19716,
EOSS-302,KC0D-14,2020-10-03 09:20:46.765,2020-10-03 09:20:45,85812.0,26155.5,1248.0,3558.0,ascending,True,/152045h3904.33N/10343.09WO038/016/A=085812 73T195P EOSS BALLOON,"KC0D-14>APZEOS,EOSS,WIDE2-1,qAO,W0ARP-2:/152045h3904.33N/10343.09WO038/016/A=085812 73T195P EOSS BALLOON",38.0,18.0,29.0,39.0721666667,-103.7181666667,40.86,65.76,45.14,7.3,280.45,1950.0,0.02,4.7e-05,0.02422265,3.889e-05,7.222e-05,20.8,6.34,low Re,0.063333,22.503102,0.002858,4.214776,0.06209,-0.404079,0.973989,20.405717,0.019311,6.858947,0.000871,1.284656,0.018925,-0.403958,0.974373,6.219661,
EOSS-302,AE0SS-12,2020-10-03 09:20:58.474,2020-10-03 09:20:57,85959.0,26200.3,1254.0,3570.0,ascending,True,/152057h3904.36N/10343.04WO004/019EOSS Balloon  www.eoss.org/A=085959!W47!,"AE0SS-12>APTT4,EOSS,qAO,KB0TVJ-1:/152057h3904.36N/10343.04WO004/019EOSS Balloon  www.eoss.org/A=085959!W47!",4.0,22.0,35.4,39.0727333333,-103.71745,40.84,65.73,,,,,,,,4.889e-05,6.5e-05,20.9,6.37033333,low Re,0.003333,22.496193,0.00286,4.20696,0.061955,-0.379417,0.007635,20.425518,0.001011,6.856841,0.000872,1.282274,0.018883,-0.37941,0.007361,6.225695,
EOSS-302,KC0D-14,2020-10-03 09:21:16.796,2020-10-03 09:21:15,86403.0,26335.63,1182.0,3588.0,ascending,True,/152115h3904.42N/10343.00WO041/018/A=086403 73T190P EOSS BALLOON,"KC0D-14>APZEOS,EOSS,WIDE2-1,qAO,W0ARP-2:/152115h3904.42N/10343.00WO041/018/A=086403 73T190P EOSS BALLOON",41.0,21.0,33.8,39.0736666667,-103.7166666667,40.8,65.66,45.14,7.3,280.45,1900.0,0.02,4.579e-05,0.02360155,5e-05,5e-05,19.7,6.00433333,low Re,-0.04,22.484192,0.002675,4.201878,0.061884,-0.662607,-0.689597,20.47686,-0.0122,6.853182,0.000815,1.280726,0.018862,-0.662787,-0.690012,6.241345,
EOSS-302,AE0SS-12,2020-10-03 09:21:28.584,2020-10-03 09:21:27,86563.0,26384.4,1208.0,3600.0,ascending,True,/152127h3904.47N/10342.93WO019/012EOSS Balloon  www.eoss.org/A=086563!W09!,"AE0SS-12>APTT4,EOSS,qAO,KB0TVJ-1:/152127h3904.47N/10342.93WO019/012EOSS Balloon  www.eoss.org/A=086563!W09!",19.0,14.0,22.5,39.0745,-103.71565,40.77,65.62,,,,,,,,6e-05,5.889e-05,20.13333333,6.13666667,low Re,0.014444,22.474145,0.002726,4.195667,0.061756,-0.557912,0.189747,20.492139,0.004411,6.85012,0.000831,1.278832,0.018823,-0.557894,0.190193,6.246002,
EOSS-302,KC0D-14,2020-10-03 09:21:46.857,2020-10-03 09:21:45,87009.0,26520.34,1212.0,3618.0,ascending,True,/152145h3904.54N/10342.84WO040/026/A=087009 77T184P EOSS BALLOON,"KC0D-14>APZEOS,EOSS,WIDE2-1,qAO,W0ARP-2:/152145h3904.54N/10342.84WO040/026/A=087009 77T184P EOSS BALLOON",40.0,30.0,48.3,39.0756666667,-103.714,40.74,65.56,45.86,7.7,280.85,1840.0,0.02,4.429e-05,0.02282369,8.889e-05,6.667e-05,20.2,6.157,low Re,0.002222,22.464468,0.002724,4.18932,0.061623,-0.540534,-0.008146,20.525387,0.000678,6.84717,0.00083,1.276898,0.018782,-0.540505,-0.008093,6.256136,
EOSS-302,AE0SS-12,2020-10-03 09:21:58.549,2020-10-03 09:21:57,87170.0,26569.42,1214.0,3630.0,ascending,True,/152157h3904.59N/10342.75WO034/017EOSS Balloon  www.eoss.org/A=087170!W81!,"AE0SS-12>APTT4,EOSS,qAO,KB0TVJ-1:/152157h3904.59N/10342.75WO034/017EOSS Balloon  www.eoss.org/A=087170!W81!",34.0,20.0,32.2,39.0766333333,-103.7125166667,40.71,65.52,,,,,,,,0.00010444,7.111e-05,20.23333333,6.16733333,low Re,0.001111,22.455014,0.002717,4.182919,0.061491,-0.531132,-0.026118,20.533945,0.000344,6.84429,0.000828,1.274946,0.018742,-0.530969,-0.025824,6.258745,
EOSS-302,KC0D-14,2020-10-03 09:22:16.767,2020-10-03 09:22:15,87643.0,26713.59,1268.0,3648.0,ascending,True,/152215h3904.63N/10342.65WO074/023/A=087643 77T178P EOSS BALLOON,"KC0D-14>APZEOS,EOSS,WIDE2-1,qAO,W0ARP-2:/152215h3904.63N/10342.65WO074/023/A=087643 77T178P EOSS BALLOON",74.0,26.0,41.8,39.0771666667,-103.7108333333,40.72,65.53,45.86,7.7,280.85,1780.0,0.02,4.284e-05,0.02207944,0.00010556,5e-05,21.13333333,6.44166667,low Re,0.03,22.449437,0.002832,4.17493,0.061386,-0.31524,0.442576,20.548339,0.009144,6.842591,0.000863,1.272511,0.01871,-0.315066,0.442598,6.263133,
EOSS-302,AE0SS-12,2020-10-03 09:22:28.892,2020-10-03 09:22:27,87800.0,26761.44,1260.0,3660.0,ascending,True,/152227h3904.66N/10342.56WO053/017EOSS Balloon  www.eoss.org/A=087800!W64!,"AE0SS-12>APTT4,EOSS,qAO,KB0TVJ-1:/152227h3904.66N/10342.56WO053/017EOSS Balloon  www.eoss.org/A=087800!W64!",53.0,20.0,32.2,39.0777666667,-103.7094,40.71,65.52,,,,,,,,0.00010389,3.778e-05,21.0,6.40066667,low Re,-0.004444,22.443347,0.002802,4.167173,0.061258,-0.346361,-0.118287,20.549555,-0.001367,6.840734,0.000854,1.270147,0.018671,-0.34647,-0.118955,6.263504,
EOSS-302,KC0D-14,2020-10-03 09:22:46.769,2020-10-03 09:22:45,88250.0,26898.6,1214.0,3678.0,ascending,True,/152245h3904.71N/10342.41WO076/028/A=088250 80T173P EOSS BALLOON,"KC0D-14>APZEOS,EOSS,WIDE2-1,qAO,W0ARP-2:/152245h3904.71N/10342.41WO076/028/A=088250 80T173P EOSS BALLOON",76.0,32.0,51.5,39.0785,-103.7068333333,40.73,65.54,46.4,8.0,281.15,1730.0,0.02,4.159e-05,0.02143633,0.00013333,4.444e-05,20.23333333,6.167,low Re,-0.025556,22.4341,0.002682,4.160865,0.061156,-0.52892,-0.461737,20.543234,-0.007789,6.837915,0.000818,1.268224,0.01864,-0.529019,-0.461749,6.261578,
EOSS-302,AE0SS-12,2020-10-03 09:22:58.764,2020-10-03 09:22:57,88420.0,26950.42,1240.0,3690.0,ascending,True,/152257h3904.72N/10342.30WO083/034EOSS Balloon  www.eoss.org/A=088420!W96!,"AE0SS-12>APTT4,EOSS,qAO,KB0TVJ-1:/152257h3904.72N/10342.30WO083/034EOSS Balloon  www.eoss.org/A=088420!W96!",83.0,39.0,62.8,39.0788166667,-103.7051,40.75,65.58,,,,,,,,0.00014333,3.5e-05,20.66666667,6.29933333,low Re,0.014444,22.426736,0.002732,4.153718,0.061032,-0.423733,0.191899,20.537102,0.004411,6.835671,0.000833,1.266046,0.018602,-0.423632,0.192345,6.259709,
EOSS-302,KC0D-14,2020-10-03 09:23:16.714,2020-10-03 09:23:15,88879.0,27090.32,1258.0,3708.0,ascending,True,/152315h3904.74N/10342.14WO080/027/A=088879 80T167P EOSS BALLOON,"KC0D-14>APZEOS,EOSS,WIDE2-1,qAO,W0ARP-2:/152315h3904.74N/10342.14WO080/027/A=088879 80T167P EOSS BALLOON",80.0,31.0,49.9,39.079,-103.7023333333,40.8,65.67,46.4,8.0,281.15,1670.0,0.02,4.015e-05,0.02069287,0.00015,1.667e-05,20.96666667,6.39066667,low Re,0.01,22.420678,0.002762,4.146123,0.060906,-0.350692,0.118839,20.510551,0.003044,6.833825,0.000842,1.263731,0.018564,-0.350675,0.118617,6.251617,
EOSS-302,AE0SS-12,2020-10-03 09:23:28.740,2020-10-03 09:23:27,89027.0,27135.43,1214.0,3720.0,ascending,True,/152327h3904.75N/10342.02WO097/033EOSS Balloon  www.eoss.org/A=089027!W51!,"AE0SS-12>APTT4,EOSS,qAO,KB0TVJ-1:/152327h3904.75N/10342.02WO097/033EOSS Balloon  www.eoss.org/A=089027!W51!",97.0,38.0,61.2,39.07925,-103.70035,40.83,65.72,,,,,,,,0.00015833,1.444e-05,20.23333333,6.167,low Re,-0.024444,22.411639,0.002649,4.1399,0.060804,-0.526173,-0.445579,20.498964,-0.007456,6.831069,0.000807,1.261834,0.018533,-0.526273,-0.445853,6.248085,
EOSS-302,KC0D-14,2020-10-03 09:23:46.880,2020-10-03 09:23:45,89458.0,27266.8,1158.0,3738.0,ascending,True,/152345h3904.75N/10341.86WO096/025/A=089458 84T162P EOSS BALLOON,"KC0D-14>APZEOS,EOSS,WIDE2-1,qAO,W0ARP-2:/152345h3904.75N/10341.86WO096/025/A=089458 84T162P EOSS BALLOON",96.0,29.0,46.7,39.0791666667,-103.6976666667,40.9,65.83,47.12,8.4,281.55,1620.0,0.02,3.889e-05,0.02004481,0.00015556,5.56e-06,19.3,5.88266667,low Re,-0.031111,22.398834,0.00251,4.136157,0.060717,-0.749206,-0.553733,20.457219,-0.009478,6.827166,0.000765,1.260693,0.018506,-0.749191,-0.553496,6.235362,
EOSS-302,AE0SS-12,2020-10-03 09:23:58.574,2020-10-03 09:23:57,89591.0,27307.34,1128.0,3750.0,ascending,True,/152357h3904.75N/10341.76WO113/024EOSS Balloon  www.eoss.org/A=089591!W13!,"AE0SS-12>APTT4,EOSS,qAO,KB0TVJ-1:/152357h3904.75N/10341.76WO113/024EOSS Balloon  www.eoss.org/A=089591!W13!",113.0,28.0,45.1,39.0791833333,-103.69605,40.94,65.89,,,,,,,,0.00014333,-2.22e-06,18.8,5.73033333,low Re,-0.016667,22.384085,0.002431,4.134063,0.060604,-0.866964,-0.315128,20.442034,-0.005078,6.822671,0.000741,1.260055,0.018472,-0.866897,-0.315017,6.230733,
EOSS-302,KC0D-14,2020-10-03 09:24:16.833,2020-10-03 09:24:15,90014.0,27436.27,1112.0,3768.0,ascending,True,/152415h3904.74N/10341.66WO096/017/A=090014 84T158P EOSS BALLOON,"KC0D-14>APZEOS,EOSS,WIDE2-1,qAO,W0ARP-2:/152415h3904.74N/10341.66WO096/017/A=090014 84T158P EOSS BALLOON",96.0,20.0,32.2,39.079,-103.6943333333,40.99,65.97,47.12,8.4,281.55,1580.0,0.02,3.793e-05,0.01954988,0.00011111,-5.56e-06,18.53333333,5.649,low Re,-0.008889,22.368367,0.002384,4.132911,0.060483,-0.927926,-0.186383,20.38704,-0.002711,6.81788,0.000727,1.259704,0.018435,-0.927901,-0.186493,6.213971,
EOSS-302,AE0SS-12,2020-10-03 09:24:28.368,2020-10-03 09:24:27,90159.0,27480.46,1136.0,3780.0,ascending,True,/152427h3904.74N/10341.57WO106/021EOSS Balloon  www.eoss.org/A=090159!W68!,"AE0SS-12>APTT4,EOSS,qAO,KB0TVJ-1:/152427h3904.74N/10341.57WO106/021EOSS Balloon  www.eoss.org/A=090159!W68!",106.0,24.0,38.6,39.0791,-103.6929666667,41.02,66.02,,,,,,,,0.00010278,-2.78e-06,18.93333333,5.77066667,low Re,0.013333,22.354404,0.002429,4.130279,0.060363,-0.82829,0.18064,20.36599,0.004056,6.813624,0.00074,1.258902,0.018398,-0.828466,0.180237,6.207556,
EOSS-302,KC0D-14,2020-10-03 09:24:46.804,2020-10-03 09:24:45,90586.0,27610.61,1144.0,3798.0,ascending,True,/152445h3904.74N/10341.44WO095/025/A=090586 88T153P EOSS BALLOON,"KC0D-14>APZEOS,EOSS,WIDE2-1,qAO,W0ARP-2:/152445h3904.74N/10341.44WO095/025/A=090586 88T153P EOSS BALLOON",95.0,29.0,46.7,39.079,-103.6906666667,41.08,66.12,47.84,8.8,281.95,1530.0,0.02,3.668e-05,0.01890435,0.00012222,0.0,19.06666667,5.81133333,low Re,0.004444,22.341093,0.002437,4.127181,0.06024,-0.793381,0.033317,20.298188,0.001356,6.809566,0.000743,1.257958,0.018361,-0.793534,0.033386,6.186891,
EOSS-302,AE0SS-12,2020-10-03 09:24:58.699,2020-10-03 09:24:57,90727.0,27653.59,1136.0,3810.0,ascending,True,/152457h3904.73N/10341.35WO121/028EOSS Balloon  www.eoss.org/A=090727!W45!,"AE0SS-12>APTT4,EOSS,qAO,KB0TVJ-1:/152457h3904.73N/10341.35WO121/028EOSS Balloon  www.eoss.org/A=090727!W45!",121.0,32.0,51.5,39.0789,-103.68925,41.12,66.18,,,,,,,,0.00012389,-6.67e-06,18.93333333,5.771,low Re,-0.004444,22.327352,0.002409,4.124498,0.060119,-0.822893,-0.113991,20.274074,-0.001344,6.805378,0.000734,1.25714,0.018324,-0.822803,-0.113403,6.179541,
EOSS-302,KC0D-14,2020-10-03 09:25:16.737,2020-10-03 09:25:15,91142.0,27780.08,1112.0,3828.0,ascending,True,/152515h3904.73N/10341.23WO105/023/A=091142 88T148P EOSS BALLOON,"KC0D-14>APZEOS,EOSS,WIDE2-1,qAO,W0ARP-2:/152515h3904.73N/10341.23WO105/023/A=091142 88T148P EOSS BALLOON",105.0,26.0,41.8,39.0788333333,-103.6871666667,41.18,66.27,47.84,8.8,281.95,1480.0,0.01,3.548e-05,0.01828656,0.00011667,-5.56e-06,18.53333333,5.649,low Re,-0.013333,22.312115,0.002346,4.12319,0.060006,-0.91647,-0.261291,20.198924,-0.004067,6.800734,0.000715,1.256742,0.018289,-0.916444,-0.261469,6.156636,
EOSS-302,AE0SS-12,2020-10-03 09:25:28.705,2020-10-03 09:25:27,91301.0,27828.54,1148.0,3840.0,ascending,True,/152527h3904.71N/10341.12WO123/019EOSS Balloon  www.eoss.org/A=091301!W88!,"AE0SS-12>APTT4,EOSS,qAO,W9CN-9:/152527h3904.71N/10341.12WO123/019EOSS Balloon  www.eoss.org/A=091301!W88!",123.0,22.0,35.4,39.0786333333,-103.6854666667,41.23,66.36,,,,,,,,0.00012611,-8.89e-06,19.13333333,5.83166667,low Re,0.02,22.2994,0.002417,4.119811,0.059895,-0.768498,0.293564,20.168725,0.006089,6.796858,0.000737,1.255712,0.018256,-0.768641,0.293164,6.147432,
EOSS-302,KC0D-14,2020-10-03 09:25:46.837,2020-10-03 09:25:45,91732.0,27959.91,1180.0,3858.0,ascending,True,/152545h3904.71N/10341.02WO107/014/A=091732 92T144P EOSS BALLOON,"KC0D-14>APZEOS,EOSS,WIDE2-1,qAO,W0ARP-2:/152545h3904.71N/10341.02WO107/014/A=091732 92T144P EOSS BALLOON",107.0,16.0,25.7,39.0785,-103.6836666667,41.29,66.44,48.56,9.2,282.35,1440.0,0.01,3.447e-05,0.01776712,0.00011667,-1.111e-05,19.66666667,5.99433333,low Re,0.017778,22.288911,0.002478,4.11492,0.059782,-0.637253,0.25593,20.083969,0.005422,6.79366,0.000755,1.254221,0.018221,-0.637309,0.256133,6.121598,
EOSS-302,AE0SS-12,2020-10-03 09:25:58.514,2020-10-03 09:25:57,91888.0,28007.46,1174.0,3870.0,ascending,True,/152557h3904.71N/10340.97WO164/004EOSS Balloon  www.eoss.org/A=091888!W50!,"AE0SS-12>APTT4,EOSS,qAO,KB0TVJ-1:/152557h3904.71N/10340.97WO164/004EOSS Balloon  www.eoss.org/A=091888!W50!",164.0,5.0,8.0,39.0785833333,-103.6828333333,41.3,66.47,,,,,,,,8.778e-05,-1.67e-06,19.56666667,5.964,low Re,-0.003333,22.278108,0.002455,4.110293,0.059664,-0.659671,-0.09701,20.05254,-0.001011,6.790368,0.000748,1.252811,0.018185,-0.659611,-0.096728,6.112018,
EOSS-302,KC0D-14,2020-10-03 09:26:16.839,2020-10-03 09:26:15,92344.0,28146.45,1224.0,3888.0,ascending,True,/152615h3904.73N/10340.89WO091/007/A=092344 92T140P EOSS BALLOON,"KC0D-14>APZEOS,EOSS,WIDE2-1,qAO,W0ARP-2:/152615h3904.73N/10340.89WO091/007/A=092344 92T140P EOSS BALLOON",91.0,8.0,12.9,39.0788333333,-103.6815,41.32,66.5,48.56,9.2,282.35,1400.0,0.01,3.352e-05,0.01727359,7.222e-05,1.111e-05,20.4,6.218,low Re,0.027778,22.270685,0.002555,4.103829,0.059566,-0.455839,0.423446,19.959672,0.008467,6.788106,0.000779,1.250841,0.018155,-0.455778,0.423465,6.083713,
EOSS-302,AE0SS-12,2020-10-03 09:26:28.508,2020-10-03 09:26:27,92505.0,28195.52,1234.0,3900.0,ascending,True,/152627h3904.73N/10340.83WO062/021EOSS Balloon  www.eoss.org/A=092505!W23!,"AE0SS-12>APTT4,EOSS,qAO,W9CN-9:/152627h3904.73N/10340.83WO062/021EOSS Balloon  www.eoss.org/A=092505!W23!",62.0,24.0,38.6,39.0788666667,-103.68055,41.34,66.53,,,,,,,,7.611e-05,9.44e-06,20.56666667,6.26866667,low Re,0.005556,22.263976,0.002567,4.097106,0.059448,-0.41427,0.050279,19.926884,0.001689,6.786061,0.000783,1.248792,0.018119,-0.414316,0.050003,6.073719,
EOSS-302,KC0D-14,2020-10-03 09:26:46.785,2020-10-03 09:26:45,92974.0,28338.48,1260.0,3918.0,ascending,True,/152645h3904.76N/10340.75WO058/015/A=092974 96T135P EOSS BALLOON,"KC0D-14>APZEOS,EOSS,WIDE2-1,qAO,W0ARP-2:/152645h3904.76N/10340.75WO058/015/A=092974 96T135P EOSS BALLOON",58.0,17.0,27.4,39.0793333333,-103.6791666667,41.35,66.54,49.28,9.6,282.75,1350.0,0.01,3.227e-05,0.01663312,7.778e-05,1.667e-05,21.0,6.401,low Re,0.014444,22.25902,0.002614,4.089799,0.059335,-0.307844,0.199376,19.832899,0.004411,6.784551,0.000797,1.246564,0.018085,-0.307687,0.199834,6.045071,
EOSS-302,AE0SS-12,2020-10-03 09:26:58.744,2020-10-03 09:26:57,93148.0,28391.51,1286.0,3930.0,ascending,True,/152657h3904.77N/10340.69WO093/029EOSS Balloon  www.eoss.org/A=093148!W44!,"AE0SS-12>APTT4,EOSS,qAO,KB0TVJ-1:/152657h3904.77N/10340.69WO093/029EOSS Balloon  www.eoss.org/A=093148!W44!",93.0,33.0,53.1,39.0795666667,-103.6782333333,41.36,66.56,,,,,,,,7.722e-05,2.333e-05,21.43333333,6.533,low Re,0.014444,22.255794,0.00266,4.082098,0.059223,-0.20148,0.198977,19.799045,0.0044,6.783568,0.000811,1.244217,0.018051,-0.201386,0.198826,6.034753,
EOSS-302,KC0D-14,2020-10-03 09:27:16.780,2020-10-03 09:27:15,93617.0,28534.46,1286.0,3948.0,ascending,True,/152715h3904.77N/10340.58WO086/019/A=093617 96T130P EOSS BALLOON,"KC0D-14>APZEOS,EOSS,WIDE2-1,qAO,W0ARP-2:/152715h3904.77N/10340.58WO086/019/A=093617 96T130P EOSS BALLOON",86.0,22.0,35.4,39.0795,-103.6763333333,41.41,66.64,49.28,9.6,282.75,1300.0,0.01,3.108e-05,0.01601707,9.444e-05,5.56e-06,21.43333333,6.53266667,low Re,0.0,22.252594,0.00265,4.07444,0.059107,-0.201073,-0.044834,19.712168,-1.1e-05,6.782592,0.000808,1.241883,0.018015,-0.201247,-0.045462,6.008274,
EOSS-302,AE0SS-12,2020-10-03 09:27:28.586,2020-10-03 09:27:27,93788.0,28586.58,1280.0,3960.0,ascending,True,/152727h3904.77N/10340.50WO078/020EOSS Balloon  www.eoss.org/A=093788!W05!,"AE0SS-12>APTT4,EOSS,qAO,KB0TVJ-1:/152727h3904.77N/10340.50WO078/020EOSS Balloon  www.eoss.org/A=093788!W05!",78.0,23.0,37.0,39.0795,-103.6750833333,41.44,66.69,,,,,,,,0.000105,-2.22e-06,21.33333333,6.50233333,low Re,-0.003333,22.249031,0.002627,4.066908,0.058993,-0.225158,-0.101029,19.682512,-0.001011,6.781505,0.000801,1.239587,0.017981,-0.225213,-0.100773,5.999234,
EOSS-302,KC0D-14,2020-10-03 09:27:46.813,2020-10-03 09:27:45,94253.0,28728.31,1272.0,3978.0,ascending,True,/152745h3904.77N/10340.39WO086/020/A=094253 100T126P EOSS BALLOON,"KC0D-14>APZEOS,EOSS,WIDE2-1,qAO,W0ARP-2:/152745h3904.77N/10340.39WO086/020/A=094253 100T126P EOSS BALLOON",86.0,23.0,37.0,39.0795,-103.6731666667,41.49,66.77,50.0,10.0,283.15,1260.0,0.01,3.008e-05,0.01550231,0.00010556,0.0,21.2,6.46166667,low Re,-0.004444,22.244981,0.002599,4.059542,0.058879,-0.257414,-0.119618,19.608884,-0.001356,6.78027,0.000792,1.237342,0.017946,-0.25749,-0.119692,5.976793,
EOSS-302,AE0SS-12,2020-10-03 09:27:58.527,2020-10-03 09:27:57,94418.0,28778.61,1260.0,3990.0,ascending,True,/152757h3904.76N/10340.32WO086/019EOSS Balloon  www.eoss.org/A=094418!W50!,"AE0SS-12>APTT4,EOSS,qAO,KB0TVJ-1:/152757h3904.76N/10340.32WO086/019EOSS Balloon  www.eoss.org/A=094418!W50!",86.0,22.0,35.4,39.0794166667,-103.672,41.52,66.82,,,,,,,,0.00010278,-2.78e-06,21.0,6.401,low Re,-0.006667,22.240192,0.002564,4.052433,0.058768,-0.306036,-0.157075,19.585609,-0.002022,6.778812,0.000781,1.235175,0.017912,-0.305877,-0.156487,5.969697,
EOSS-302,KC0D-14,2020-10-03 09:28:16.845,2020-10-03 09:28:15,94875.0,28917.9,1244.0,4008.0,ascending,True,/152815h3904.78N/10340.23WO077/016/A=094875 100T122P EOSS BALLOON,"KC0D-14>APZEOS,EOSS,WIDE2-1,qAO,W0ARP-2:/152815h3904.78N/10340.23WO077/016/A=094875 100T122P EOSS BALLOON",77.0,18.0,29.0,39.0796666667,-103.6705,41.55,66.86,50.0,10.0,283.15,1220.0,0.01,2.912e-05,0.01501017,8.889e-05,5.56e-06,20.73333333,6.31966667,low Re,-0.008889,22.234419,0.00252,4.045708,0.058659,-0.371032,-0.194497,19.530297,-0.002711,6.777053,0.000768,1.233125,0.017879,-0.370916,-0.194586,5.952839,
EOSS-302,AE0SS-12,2020-10-03 09:28:28.534,2020-10-03 09:28:27,95035.0,28966.67,1234.0,4020.0,ascending,True,/152827h3904.78N/10340.18WO076/012EOSS Balloon  www.eoss.org/A=095035!W10!,"AE0SS-12>APTT4,EOSS,qAO,KB0TVJ-1:/152827h3904.78N/10340.18WO076/012EOSS Balloon  www.eoss.org/A=095035!W10!",76.0,14.0,22.5,39.0796833333,-103.6696666667,41.57,66.89,,,,,,,,7.778e-05,8.89e-06,20.56666667,6.26866667,low Re,-0.005556,22.228053,0.002489,4.039265,0.058548,-0.411309,-0.137409,19.514428,-0.0017,6.775112,0.000759,1.231161,0.017845,-0.411356,-0.137798,5.948001,
EOSS-302,KC0D-14,2020-10-03 09:28:46.847,2020-10-03 09:28:45,95479.0,29102.0,1208.0,4038.0,ascending,True,/152845h3904.78N/10340.09WO091/014/A=095479 104T119P EOSS BALLOON,"KC0D-14>APZEOS,EOSS,WIDE2-1,qAO,W0ARP-2:/152845h3904.78N/10340.09WO091/014/A=095479 104T119P EOSS BALLOON",91.0,16.0,25.7,39.0796666667,-103.6681666667,41.61,66.96,50.72,10.4,283.55,1190.0,0.01,2.837e-05,0.01462042,7.778e-05,0.0,20.13333333,6.13666667,low Re,-0.014444,22.220089,0.002424,4.033617,0.058445,-0.517341,-0.288613,19.48095,-0.0044,6.772685,0.000739,1.22944,0.017814,-0.517324,-0.288481,5.937797,
EOSS-302,AE0SS-12,2020-10-03 09:28:58.485,2020-10-03 09:28:57,95629.0,29147.72,1188.0,4050.0,ascending,True,/152857h3904.75N/10340.03WO092/011EOSS Balloon  www.eoss.org/A=095629!W99!,"AE0SS-12>APTT4,EOSS,qAO,KB0TVJ-1:/152857h3904.75N/10340.03WO092/011EOSS Balloon  www.eoss.org/A=095629!W99!",92.0,13.0,20.9,39.0793166667,-103.6673166667,41.65,67.03,,,,,,,,7.833e-05,-1.222e-05,19.8,6.035,low Re,-0.011111,22.210922,0.002373,4.028696,0.058339,-0.598437,-0.231132,19.473372,-0.003389,6.76989,0.000723,1.22794,0.017782,-0.598474,-0.231245,5.935487,
EOSS-302,KC0D-14,2020-10-03 09:29:16.847,2020-10-03 09:29:15,96053.0,29276.95,1148.0,4068.0,ascending,True,/152915h3904.75N/10339.95WO078/016/A=096053 104T115P EOSS BALLOON,"KC0D-14>APZEOS,EOSS,WIDE2-1,qAO,W0ARP-2:/152915h3904.75N/10339.95WO078/016/A=096053 104T115P EOSS BALLOON",78.0,18.0,29.0,39.0791666667,-103.6658333333,41.7,67.1,50.72,10.4,283.55,1150.0,0.01,2.741e-05,0.01412897,7.778e-05,-1.667e-05,19.13333333,5.83166667,low Re,-0.022222,22.199308,0.002279,4.0255,0.058248,-0.761638,-0.420632,19.462844,-0.006778,6.76635,0.000695,1.226967,0.017754,-0.761784,-0.420919,5.932278,
EOSS-302,AE0SS-12,2020-10-03 09:29:28.623,2020-10-03 09:29:27,96210.0,29324.81,1162.0,4080.0,ascending,True,/152927h3904.73N/10339.89WO107/018EOSS Balloon  www.eoss.org/A=096210!W18!,"AE0SS-12>APTT4,EOSS,qAO,KB0TVJ-1:/152927h3904.73N/10339.89WO107/018EOSS Balloon  www.eoss.org/A=096210!W18!",107.0,21.0,33.8,39.07885,-103.6649666667,41.74,67.17,,,,,,,,7.833e-05,-1.556e-05,19.36666667,5.903,low Re,0.007778,22.188659,0.0023,4.02165,0.058139,-0.7017,0.094222,19.463181,0.002378,6.763104,0.000701,1.225793,0.01772,-0.701671,0.094639,5.93238,
EOSS-302,KC0D-14,2020-10-03 09:29:46.788,2020-10-03 09:29:45,96646.0,29457.7,1186.0,4098.0,ascending,True,/152945h3904.74N/10339.82WO067/017/A=096646 108T111P EOSS BALLOON,"KC0D-14>APZEOS,EOSS,WIDE2-1,qAO,W0ARP-2:/152945h3904.74N/10339.82WO067/017/A=096646 108T111P EOSS BALLOON",67.0,20.0,32.2,39.079,-103.6636666667,41.76,67.21,51.44,10.8,283.95,1110.0,0.01,2.642e-05,0.01361832,7.222e-05,-5.56e-06,19.76666667,6.025,low Re,0.013333,22.179588,0.002342,4.016819,0.058033,-0.600705,0.189392,19.476556,0.004067,6.76034,0.000714,1.22432,0.017688,-0.600611,0.189564,5.936456,
EOSS-302,AE0SS-12,2020-10-03 09:29:58.694,2020-10-03 09:29:57,96790.0,29501.59,1160.0,4110.0,ascending,True,/152957h3904.75N/10339.78WO035/009EOSS Balloon  www.eoss.org/A=096790!W09!,"AE0SS-12>APTT4,EOSS,qAO,KB0TVJ-1:/152957h3904.75N/10339.78WO035/009EOSS Balloon  www.eoss.org/A=096790!W09!",35.0,10.0,16.1,39.0791666667,-103.66315,41.76,67.21,,,,,,,,6.056e-05,1.056e-05,19.33333333,5.89266667,low Re,-0.014444,22.168968,0.002279,4.013058,0.057933,-0.706602,-0.288661,19.485052,-0.004411,6.757102,0.000695,1.223174,0.017658,-0.706715,-0.289161,5.939045,
EOSS-302,KC0D-14,2020-10-03 09:30:16.739,2020-10-03 09:30:15,97217.0,29631.74,1142.0,4128.0,ascending,True,/153015h3904.78N/10339.73WO070/016/A=097217 109T108P EOSS BALLOON,"KC0D-14>APZEOS,EOSS,WIDE2-1,qAO,W0ARP-2:/153015h3904.78N/10339.73WO070/016/A=097217 109T108P EOSS BALLOON",70.0,18.0,29.0,39.0796666667,-103.6621666667,41.76,67.21,51.62,10.9,284.05,1080.0,0.01,2.57e-05,0.01324559,5e-05,2.222e-05,19.03333333,5.80133333,low Re,-0.01,22.157311,0.002233,4.010124,0.057829,-0.779023,-0.211537,19.52221,-0.003044,6.753549,0.000681,1.22228,0.017626,-0.779049,-0.211336,5.95037,
EOSS-302,AE0SS-12,2020-10-03 09:30:28.391,2020-10-03 09:30:27,97351.0,29672.58,1122.0,4140.0,ascending,True,/153027h3904.78N/10339.66WO130/008EOSS Balloon  www.eoss.org/A=097351!W76!,"AE0SS-12>APTT4,EOSS,qAO,KB0TVJ-1:/153027h3904.78N/10339.66WO130/008EOSS Balloon  www.eoss.org/A=097351!W76!",130.0,9.0,14.5,39.0797833333,-103.6611,41.78,67.24,,,,,,,,6.833e-05,2.056e-05,18.7,5.69966667,low Re,-0.011111,22.144506,0.002183,4.008189,0.057727,-0.859367,-0.230291,19.53753,-0.003389,6.749646,0.000665,1.221691,0.017595,-0.859448,-0.230406,5.955039,
EOSS-302,KC0D-14,2020-10-03 09:30:46.707,2020-10-03 09:30:45,97788.0,29805.78,1142.0,4158.0,ascending,True,/153045h3904.80N/10339.58WO094/011/A=097788 112T105P EOSS BALLOON,"KC0D-14>APZEOS,EOSS,WIDE2-1,qAO,W0ARP-2:/153045h3904.80N/10339.58WO094/011/A=097788 112T105P EOSS BALLOON",94.0,13.0,20.9,39.08,-103.6596666667,41.8,67.28,52.16,11.2,284.35,1050.0,0.01,2.496e-05,0.01286407,8.333e-05,1.111e-05,19.03333333,5.80133333,low Re,0.011111,22.133026,0.002216,4.005221,0.057622,-0.773913,0.154368,19.599282,0.003389,6.746147,0.000676,1.220786,0.017563,-0.773939,0.154472,5.973861,
EOSS-302,AE0SS-12,2020-10-03 09:30:58.608,2020-10-03 09:30:57,97919.0,29845.71,1136.0,4170.0,ascending,True,/153057h3904.80N/10339.52WO106/013EOSS Balloon  www.eoss.org/A=097919!W40!,"AE0SS-12>APTT4,EOSS,qAO,N2XGL-12:/153057h3904.80N/10339.52WO106/013EOSS Balloon  www.eoss.org/A=097919!W40!",106.0,15.0,24.1,39.0800666667,-103.6586666667,41.83,67.31,,,,,,,,8.111e-05,9.44e-06,18.93333333,5.771,low Re,-0.003333,22.121262,0.002196,4.002529,0.057516,-0.796479,-0.09613,19.621189,-0.001011,6.742561,0.000669,1.219965,0.017531,-0.796384,-0.09583,5.980538,
EOSS-302,KC0D-14,2020-10-03 09:31:16.821,2020-10-03 09:31:15,98361.0,29980.43,1146.0,4188.0,ascending,True,/153115h3904.77N/10339.42WO115/016/A=098361 113T102P EOSS BALLOON,"KC0D-14>APZEOS,EOSS,WIDE2-1,qAO,W0ARP-2:/153115h3904.77N/10339.42WO115/016/A=098361 113T102P EOSS BALLOON",115.0,18.0,29.0,39.0795,-103.657,41.9,67.44,52.34,11.3,284.45,1020.0,0.01,2.424e-05,0.01249214,8.889e-05,-1.667e-05,19.1,5.82166667,low Re,0.005556,22.110195,0.002208,3.999347,0.05741,-0.752672,0.058317,19.705828,0.001689,6.739188,0.000673,1.218995,0.017498,-0.752687,0.058064,6.006335,
EOSS-302,AE0SS-12,2020-10-03 09:31:28.556,2020-10-03 09:31:27,98523.0,30029.81,1208.0,4200.0,ascending,True,/153127h3904.76N/10339.36WO123/013EOSS Balloon  www.eoss.org/A=098523!W79!,"AE0SS-12>APTT4,EOSS,qAO,KB0TVJ-1:/153127h3904.76N/10339.36WO123/013EOSS Balloon  www.eoss.org/A=098523!W79!",123.0,15.0,24.1,39.07945,-103.65615,41.93,67.48,,,,,,,,8.389e-05,-2.056e-05,20.13333333,6.13666667,low Re,0.034444,22.102981,0.002326,3.993802,0.057338,-0.493176,0.560152,19.740684,0.0105,6.736989,0.000709,1.217305,0.017476,-0.493157,0.560254,6.016959,
EOSS-302,KC0D-14,2020-10-03 09:31:46.822,2020-10-03 09:31:45,98969.0,30165.75,1216.0,4218.0,ascending,True,/153145h3904.75N/10339.27WO122/022/A=098969 117T98P EOSS BALLOON,"KC0D-14>APZEOS,EOSS,WIDE2-1,qAO,W0ARP-2:/153145h3904.75N/10339.27WO122/022/A=098969 117T98P EOSS BALLOON",122.0,25.0,40.2,39.0791666667,-103.6545,41.99,67.58,53.06,11.7,284.85,980.0,0.01,2.326e-05,0.01198539,8.333e-05,-1.111e-05,20.26666667,6.17733333,low Re,0.004444,22.096303,0.002334,3.988045,0.057233,-0.45878,0.036867,19.845752,0.001356,6.734954,0.000711,1.21555,0.017444,-0.458739,0.036975,6.048982,
EOSS-302,AE0SS-12,2020-10-03 09:31:58.569,2020-10-03 09:31:57,99133.0,30215.74,1220.0,4230.0,ascending,True,/153157h3904.73N/10339.20WO121/018EOSS Balloon  www.eoss.org/A=099133!W62!,"AE0SS-12>APTT4,EOSS,qAO,KB0TVJ-1:/153157h3904.73N/10339.20WO121/018EOSS Balloon  www.eoss.org/A=099133!W62!",121.0,21.0,33.8,39.0789333333,-103.6533666667,42.03,67.65,,,,,,,,9.278e-05,-1.722e-05,20.33333333,6.19766667,low Re,0.002222,22.089915,0.002334,3.982202,0.057128,-0.441108,-0.001961,19.887246,0.000678,6.733007,0.000711,1.213769,0.017412,-0.441056,-0.001895,6.061631,
EOSS-302,KC0D-14,2020-10-03 09:32:16.822,2020-10-03 09:32:15,99567.0,30348.02,1196.0,4248.0,ascending,True,/153215h3904.72N/10339.13WO068/010/A=099567 117T96P EOSS BALLOON,"KC0D-14>APZEOS,EOSS,WIDE2-1,qAO,W0ARP-2:/153215h3904.72N/10339.13WO068/010/A=099567 117T96P EOSS BALLOON",68.0,12.0,19.3,39.0786666667,-103.6521666667,42.08,67.72,53.06,11.7,284.85,960.0,0.01,2.278e-05,0.01174079,7.778e-05,-1.667e-05,19.93333333,6.07566667,low Re,-0.013333,22.08213,0.002277,3.977092,0.057032,-0.540293,-0.273706,20.002422,-0.004067,6.730634,0.000694,1.212212,0.017383,-0.540308,-0.273888,6.096735,
EOSS-302,AE0SS-12,2020-10-03 09:32:28.605,2020-10-03 09:32:27,99737.0,30399.84,1208.0,4260.0,ascending,True,/153227h3904.71N/10339.10WO042/016EOSS Balloon  www.eoss.org/A=099737!W94!,"AE0SS-12>APTT4,EOSS,qAO,KB0TVJ-1:/153227h3904.71N/10339.10WO042/016EOSS Balloon  www.eoss.org/A=099737!W94!",42.0,18.0,29.0,39.07865,-103.6517333333,42.09,67.74,,,,,,,,5.444e-05,-9.44e-06,20.13333333,6.13666667,low Re,0.006667,22.07512,0.002293,3.971627,0.056929,-0.488915,0.076833,20.048973,0.002033,6.728498,0.000699,1.210546,0.017352,-0.488896,0.076879,6.110924,
EOSS-302,KC0D-14,2020-10-03 09:32:46.883,2020-10-03 09:32:45,100205.0,30542.48,1276.0,4278.0,ascending,True,/153245h3904.71N/10339.04WO087/014/A=100205 121T92P EOSS BALLOON,"KC0D-14>APZEOS,EOSS,WIDE2-1,qAO,W0ARP-2:/153245h3904.71N/10339.04WO087/014/A=100205 121T92P EOSS BALLOON",87.0,16.0,25.7,39.0785,-103.6506666667,42.13,67.8,53.78,12.1,285.25,920.0,0.01,2.18e-05,0.01123582,5e-05,-5.56e-06,21.26666667,6.482,low Re,0.037778,22.072222,0.00242,3.964773,0.056866,-0.203178,0.621778,20.17816,0.011511,6.727614,0.000738,1.208457,0.017333,-0.203246,0.621531,6.150298,
EOSS-302,KC0D-14,2020-10-03 09:33:16.773,2020-10-03 09:33:15,100839.0,30735.73,1268.0,4308.0,ascending,True,/153315h3904.66N/10338.84WO112/021/A=100839 122T89P EOSS BALLOON,"KC0D-14>APZEOS,EOSS,WIDE2-1,qAO,W0ARP-2:/153315h3904.66N/10338.84WO112/021/A=100839 122T89P EOSS BALLOON",112.0,24.0,38.6,39.0776666667,-103.6473333333,42.27,68.03,53.96,12.2,285.35,890.0,0.01,2.108e-05,0.01086562,0.00011111,-2.778e-05,21.13333333,6.44166667,low Re,-0.004444,22.068869,0.002396,3.958059,0.056765,-0.236362,-0.120497,20.345559,-0.001344,6.726593,0.00073,1.20641,0.017302,-0.236177,-0.119871,6.201323,
EOSS-302,AE0SS-12,2020-10-03 09:33:28.511,2020-10-03 09:33:27,101013.0,30788.76,1276.0,4320.0,ascending,True,/153327h3904.62N/10338.75WO096/019EOSS Balloon  www.eoss.org/A=101013!W35!,"AE0SS-12>APTT4,EOSS,qAO,KB0TVJ-1:/153327h3904.62N/10338.75WO096/019EOSS Balloon  www.eoss.org/A=101013!W35!",96.0,22.0,35.4,39.07705,-103.6459166667,42.34,68.15,,,,,,,,9.694e-05,-2.667e-05,21.26666667,6.482,low Re,0.002222,22.066014,0.002395,3.951274,0.056664,-0.202301,-0.003053,20.387744,0.000672,6.725723,0.00073,1.204343,0.017271,-0.20237,-0.003358,6.21418,
EOSS-302,KC0D-14,2020-10-03 09:33:46.824,2020-10-03 09:33:45,101474.0,30929.28,1270.0,4338.0,ascending,True,/153345h3904.62N/10338.65WO094/012/A=101474 126T86P EOSS BALLOON,"KC0D-14>APZEOS,EOSS,WIDE2-1,qAO,W0ARP-2:/153345h3904.62N/10338.65WO094/012/A=101474 126T86P EOSS BALLOON",94.0,14.0,22.5,39.077,-103.6441666667,42.39,68.23,54.68,12.6,285.75,860.0,0.01,2.034e-05,0.01048467,0.00010556,-2.222e-05,21.16666667,6.45166667,low Re,-0.003333,22.062825,0.002375,3.944601,0.056563,-0.227186,-0.100914,20.486653,-0.001011,6.724751,0.000724,1.202308,0.01724,-0.227133,-0.100638,6.244329,
EOSS-302,AE0SS-12,2020-10-03 09:33:58.501,2020-10-03 09:33:57,101643.0,30980.79,1260.0,4350.0,ascending,True,/153357h3904.60N/10338.59WO128/024EOSS Balloon  www.eoss.org/A=101643!W24!,"AE0SS-12>APTT4,EOSS,qAO,W9CN-9:/153357h3904.60N/10338.59WO128/024EOSS Balloon  www.eoss.org/A=101643!W24!",128.0,28.0,45.1,39.0767,-103.6432333333,42.44,68.3,,,,,,,,8.944e-05,-1.167e-05,21.0,6.401,low Re,-0.005556,22.059069,0.002347,3.938108,0.056465,-0.268928,-0.139963,20.517014,-0.001689,6.723607,0.000715,1.200329,0.01721,-0.268765,-0.139686,6.253583,
EOSS-302,KC0D-14,2020-10-03 09:34:16.767,2020-10-03 09:34:15,102098.0,31119.47,1248.0,4368.0,ascending,True,/153415h3904.58N/10338.51WO120/017/A=102098 126T84P EOSS BALLOON,"KC0D-14>APZEOS,EOSS,WIDE2-1,qAO,W0ARP-2:/153415h3904.58N/10338.51WO120/017/A=102098 126T84P EOSS BALLOON",120.0,20.0,32.2,39.0763333333,-103.6418333333,42.5,68.39,54.68,12.6,285.75,840.0,0.01,1.987e-05,0.01024084,7.778e-05,-2.222e-05,20.8,6.33966667,low Re,-0.006667,22.054636,0.002315,3.931854,0.056367,-0.319095,-0.159349,20.578512,-0.002044,6.722255,0.000706,1.198423,0.01718,-0.319243,-0.16007,6.272327,
EOSS-302,AE0SS-12,2020-10-03 09:34:28.715,2020-10-03 09:34:27,102263.0,31169.76,1240.0,4380.0,ascending,True,/153427h3904.56N/10338.46WO150/010EOSS Balloon  www.eoss.org/A=102263!W27!,"AE0SS-12>APTT4,EOSS,qAO,KB0TVJ-1:/153427h3904.56N/10338.46WO150/010EOSS Balloon  www.eoss.org/A=102263!W27!",150.0,12.0,19.3,39.0760333333,-103.6411166667,42.53,68.45,,,,,,,,7.056e-05,-2.222e-05,20.66666667,6.299,low Re,-0.004444,22.049766,0.002291,3.925786,0.056269,-0.352311,-0.119693,20.592325,-0.001356,6.72077,0.000698,1.196574,0.01715,-0.352481,-0.119767,6.276538,
EOSS-302,KC0D-14,2020-10-03 09:34:46.825,2020-10-03 09:34:45,102710.0,31306.01,1224.0,4398.0,ascending,True,/153445h3904.53N/10338.38WO106/013/A=102710 130T80P EOSS BALLOON,"KC0D-14>APZEOS,EOSS,WIDE2-1,qAO,W0ARP-2:/153445h3904.53N/10338.38WO106/013/A=102710 130T80P EOSS BALLOON",106.0,15.0,24.1,39.0755,-103.6396666667,42.61,68.57,55.4,13.0,286.15,800.0,0.01,1.89e-05,0.00973955,7.222e-05,-2.778e-05,20.4,6.218,low Re,-0.008889,22.043998,0.002252,3.920107,0.056173,-0.419376,-0.198334,20.60279,-0.0027,6.719012,0.000686,1.194843,0.017121,-0.419312,-0.197769,6.279729,
EOSS-302,AE0SS-12,2020-10-03 09:34:58.467,2020-10-03 09:34:57,102864.0,31352.95,1202.0,4410.0,ascending,True,/153457h3904.51N/10338.28WO101/025EOSS Balloon  www.eoss.org/A=102864!W76!,"AE0SS-12>APTT4,EOSS,qAO,W9CN-9:/153457h3904.51N/10338.28WO101/025EOSS Balloon  www.eoss.org/A=102864!W76!",101.0,29.0,46.7,39.0752833333,-103.6381,42.66,68.66,,,,,,,,0.00010056,-2.5e-05,20.03333333,6.10633333,low Re,-0.012222,22.036992,0.002201,3.915047,0.056081,-0.511784,-0.257182,20.596276,-0.003722,6.716877,0.000671,1.1933,0.017093,-0.511643,-0.257006,6.277744,
EOSS-302,KC0D-14,2020-10-03 09:35:16.768,2020-10-03 09:35:15,103278.0,31479.13,1136.0,4428.0,ascending,True,/153515h3904.49N/10338.13WO107/021/A=103278 131T78P EOSS BALLOON,"KC0D-14>APZEOS,EOSS,WIDE2-1,qAO,W0ARP-2:/153515h3904.49N/10338.13WO107/021/A=103278 131T78P EOSS BALLOON",107.0,24.0,38.6,39.0748333333,-103.6355,42.76,68.81,55.58,13.1,286.25,780.0,0.01,1.842e-05,0.00949274,0.00013889,-2.222e-05,18.93333333,5.77066667,low Re,-0.036667,22.026215,0.002066,3.912497,0.05603,-0.790513,-0.69129,20.549917,-0.011189,6.713592,0.00063,1.192524,0.017078,-0.790697,-0.69206,6.263616,
EOSS-302,AE0SS-12,2020-10-03 09:35:28.428,2020-10-03 09:35:27,103428.0,31524.85,1128.0,4440.0,ascending,True,/153527h3904.45N/10338.04WO112/018EOSS Balloon  www.eoss.org/A=103428!W60!,"AE0SS-12>APTT4,EOSS,qAO,KB0TVJ-1:/153527h3904.45N/10338.04WO112/018EOSS Balloon  www.eoss.org/A=103428!W60!",112.0,21.0,33.8,39.0742666667,-103.634,42.83,68.93,,,,,,,,0.00013667,-3.389e-05,18.8,5.73,low Re,-0.004444,22.015052,0.002043,3.910307,0.055934,-0.822199,-0.115976,20.522021,-0.001356,6.710188,0.000623,1.191857,0.017048,-0.822404,-0.116084,6.255114,
EOSS-302,KC0D-14,2020-10-03 09:35:46.743,2020-10-03 09:35:45,103851.0,31653.78,1146.0,4458.0,ascending,True,/153545h3904.42N/10337.91WO107/020/A=103851 135T76P EOSS BALLOON,"KC0D-14>APZEOS,EOSS,WIDE2-1,qAO,W0ARP-2:/153545h3904.42N/10337.91WO107/020/A=103851 135T76P EOSS BALLOON",107.0,23.0,37.0,39.0736666667,-103.6318333333,42.93,69.08,56.3,13.5,286.65,760.0,0.01,1.792e-05,0.00923643,0.00012222,-3.889e-05,19.1,5.82166667,low Re,0.01,22.005,0.002071,3.907287,0.055839,-0.743483,0.141998,20.409142,0.003056,6.707124,0.000631,1.190936,0.017019,-0.743497,0.142488,6.220711,
EOSS-302,AE0SS-12,2020-10-03 09:35:58.740,2020-10-03 09:35:57,104003.0,31700.11,1150.0,4470.0,ascending,True,/153557h3904.40N/10337.83WO112/025EOSS Balloon  www.eoss.org/A=104003!W37!,"AE0SS-12>APTT4,EOSS,qAO,W9CN-9:/153557h3904.40N/10337.83WO112/025EOSS Balloon  www.eoss.org/A=104003!W37!",112.0,29.0,46.7,39.0733833333,-103.6306166667,42.98,69.16,,,,,,,,0.00011278,-2.944e-05,19.16666667,5.842,low Re,0.002222,21.995246,0.002071,3.904091,0.055742,-0.724517,0.002709,20.35575,0.000678,6.704151,0.000631,1.189962,0.01699,-0.72452,0.002766,6.204438,
EOSS-302,KC0D-14,2020-10-03 09:36:16.729,2020-10-03 09:36:15,104428.0,31829.65,1154.0,4488.0,ascending,True,/153615h3904.37N/10337.72WO115/021/A=104428 135T73P EOSS BALLOON,"KC0D-14>APZEOS,EOSS,WIDE2-1,qAO,W0ARP-2:/153615h3904.37N/10337.72WO115/021/A=104428 135T73P EOSS BALLOON",115.0,24.0,38.6,39.0728333333,-103.6286666667,43.06,69.3,56.3,13.5,286.65,730.0,0.01,1.721e-05,0.00887183,0.00010556,-2.778e-05,19.23333333,5.86233333,low Re,0.002222,21.985788,0.002072,3.900728,0.055646,-0.705626,0.002696,20.169266,0.000678,6.701268,0.000631,1.188937,0.016961,-0.705617,0.002771,6.1476,
EOSS-302,AE0SS-12,2020-10-03 09:36:28.459,2020-10-03 09:36:27,104577.0,31875.07,1148.0,4500.0,ascending,True,/153627h3904.35N/10337.62WO111/025EOSS Balloon  www.eoss.org/A=104577!W48!,"AE0SS-12>APTT4,EOSS,qAO,W9CN-9:/153627h3904.35N/10337.62WO111/025EOSS Balloon  www.eoss.org/A=104577!W48!",111.0,29.0,46.7,39.0725666667,-103.6271333333,43.12,69.4,,,,,,,,0.00011611,-2.722e-05,19.13333333,5.832,low Re,-0.003333,21.976052,0.002053,3.897607,0.055551,-0.72935,-0.096956,20.090834,-0.001011,6.698302,0.000626,1.187985,0.016932,-0.72922,-0.096681,6.123692,
EOSS-302,KC0D-14,2020-10-03 09:36:46.832,2020-10-03 09:36:45,105009.0,32006.74,1162.0,4518.0,ascending,True,/153645h3904.31N/10337.47WO111/030/A=105009 139T71P EOSS BALLOON,"KC0D-14>APZEOS,EOSS,WIDE2-1,qAO,W0ARP-2:/153645h3904.31N/10337.47WO111/030/A=105009 139T71P EOSS BALLOON",111.0,35.0,56.3,39.0718333333,-103.6245,43.24,69.58,57.02,13.9,287.05,710.0,0.01,1.672e-05,0.00861675,0.00013889,-3.333e-05,19.36666667,5.903,low Re,0.007778,21.967177,0.002073,3.893925,0.055457,-0.667838,0.102872,19.825903,0.002367,6.695597,0.000632,1.186863,0.016903,-0.667808,0.102645,6.042946,
EOSS-302,AE0SS-12,2020-10-03 09:36:58.453,2020-10-03 09:36:57,105154.0,32050.94,1154.0,4530.0,ascending,True,/153657h3904.27N/10337.36WO097/018EOSS Balloon  www.eoss.org/A=105154!W27!,"AE0SS-12>APTT4,EOSS,qAO,KB0TVJ-1:/153657h3904.27N/10337.36WO097/018EOSS Balloon  www.eoss.org/A=105154!W27!",97.0,21.0,33.8,39.0712,-103.6227833333,43.32,69.72,,,,,,,,0.000145,-4.556e-05,19.23333333,5.86233333,low Re,-0.004444,21.95791,0.002051,3.890554,0.055363,-0.700306,-0.117317,19.724972,-0.001356,6.692772,0.000625,1.185836,0.016874,-0.700298,-0.1174,6.01218,
EOSS-302,KC0D-14,2020-10-03 09:37:16.852,2020-10-03 09:37:15,105588.0,32183.22,1158.0,4548.0,ascending,True,/153715h3904.23N/10337.23WO098/021/A=105588 139T69P EOSS BALLOON,"KC0D-14>APZEOS,EOSS,WIDE2-1,qAO,W0ARP-2:/153715h3904.23N/10337.23WO098/021/A=105588 139T69P EOSS BALLOON",98.0,24.0,38.6,39.0705,-103.6205,43.43,69.89,57.02,13.9,287.05,690.0,0.01,1.625e-05,0.00837402,0.00013333,-4.444e-05,19.3,5.88266667,low Re,0.002222,21.94893,0.002051,3.887026,0.055269,-0.68148,0.003094,19.390485,0.000678,6.690035,0.000625,1.18476,0.016846,-0.681462,0.003146,5.910234,
EOSS-302,AE0SS-12,2020-10-03 09:37:28.415,2020-10-03 09:37:27,105738.0,32228.94,1168.0,4560.0,ascending,True,/153727h3904.20N/10337.13WO122/023EOSS Balloon  www.eoss.org/A=105738!W59!,"AE0SS-12>APTT4,EOSS,qAO,W9CN-9:/153727h3904.20N/10337.13WO122/023EOSS Balloon  www.eoss.org/A=105738!W59!",122.0,26.0,41.8,39.0700833333,-103.6189833333,43.49,69.99,,,,,,,,0.00012667,-3.722e-05,19.46666667,5.93333333,low Re,0.005556,21.940572,0.002063,3.883126,0.055176,-0.637091,0.063307,19.264973,0.001689,6.687487,0.000629,1.183572,0.016817,-0.637184,0.063031,5.871978,
EOSS-302,KC0D-14,2020-10-03 09:37:47.024,2020-10-03 09:37:45,106172.0,32361.23,1168.0,4578.0,ascending,True,/153745h3904.15N/10337.03WO130/025/A=106172 143T66P EOSS BALLOON,"KC0D-14>APZEOS,EOSS,WIDE2-1,qAO,N2XGL-12:/153745h3904.15N/10337.03WO130/025/A=106172 143T66P EOSS BALLOON",130.0,29.0,46.7,39.0691666667,-103.6171666667,43.6,70.16,57.74,14.3,287.45,660.0,0.01,1.552e-05,0.00799879,0.00011111,-4.444e-05,19.46666667,5.93366667,low Re,0.0,21.932271,0.002056,3.879232,0.055082,-0.635591,-0.037326,18.880934,1.1e-05,6.684958,0.000627,1.182384,0.016789,-0.635404,-0.036691,5.754919,
EOSS-302,AE0SS-12,2020-10-03 09:37:58.543,2020-10-03 09:37:57,106329.0,32409.08,1182.0,4590.0,ascending,True,/153757h3904.12N/10336.94WO106/018EOSS Balloon  www.eoss.org/A=106329!W33!,"AE0SS-12>APTT4,EOSS,qAO,KB0TVJ-1:/153757h3904.12N/10336.94WO106/018EOSS Balloon  www.eoss.org/A=106329!W33!",106.0,21.0,33.8,39.0687166667,-103.6157166667,43.66,70.27,,,,,,,,0.00010889,-4.556e-05,19.7,6.00466667,low Re,0.007778,21.924805,0.002075,3.874868,0.054991,-0.574163,0.103708,18.737103,0.002367,6.682682,0.000633,1.181054,0.016761,-0.574076,0.103454,5.711083,
EOSS-302,KC0D-14,2020-10-03 09:38:16.955,2020-10-03 09:38:15,106738.0,32533.74,1132.0,4608.0,ascending,True,/153815h3904.09N/10336.85WO097/019/A=106738 144T65P EOSS BALLOON,"KC0D-14>APZEOS,EOSS,WIDE2-1,qAO,N2XGL-12:/153815h3904.09N/10336.85WO097/019/A=106738 144T65P EOSS BALLOON",97.0,22.0,35.4,39.0681666667,-103.6141666667,43.74,70.39,57.92,14.4,287.55,650.0,0.01,1.528e-05,0.00787485,0.0001,-3.333e-05,18.86666667,5.75033333,low Re,-0.027778,21.914611,0.001975,3.872411,0.054925,-0.787092,-0.541702,18.361963,-0.008478,6.679575,0.000602,1.180306,0.016741,-0.787289,-0.542381,5.596743,
EOSS-302,KC0D-14,2020-10-03 09:38:46.958,2020-10-03 09:38:45,107300.0,32705.04,1124.0,4638.0,ascending,True,/153845h3904.06N/10336.73WO082/009/A=107300 148T63P EOSS BALLOON,"KC0D-14>APZEOS,EOSS,WIDE2-1,qAO,N2XGL-12:/153845h3904.06N/10336.73WO082/009/A=107300 148T63P EOSS BALLOON",82.0,10.0,16.1,39.0676666667,-103.6121666667,43.82,70.53,58.64,14.8,287.95,630.0,0.01,1.479e-05,0.00762195,6.667e-05,-1.667e-05,18.73333333,5.71,low Re,-0.004444,21.904042,0.001954,3.870297,0.054835,-0.819242,-0.116677,17.88756,-0.001344,6.676353,0.000596,1.179661,0.016713,-0.819179,-0.116077,5.452141,
EOSS-302,AE0SS-12,2020-10-03 09:38:58.410,2020-10-03 09:38:57,107451.0,32751.06,1122.0,4650.0,ascending,True,/153857h3904.07N/10336.67WO069/013EOSS Balloon  www.eoss.org/A=107451!W42!,"AE0SS-12>APTT4,EOSS,qAO,W9CN-9:/153857h3904.07N/10336.67WO069/013EOSS Balloon  www.eoss.org/A=107451!W42!",69.0,15.0,24.1,39.0679,-103.6112,43.84,70.55,,,,,,,,7.528e-05,-1.361e-05,18.7,5.69966667,low Re,-0.000556,21.893433,0.001946,3.868259,0.054744,-0.825548,-0.045704,17.778467,-0.000172,6.673119,0.000593,1.17904,0.016686,-0.825631,-0.045847,5.418892,
EOSS-302,KC0D-14,2020-10-03 09:39:16.748,2020-10-03 09:39:15,107849.0,32872.38,1098.0,4668.0,ascending,True,/153915h3904.13N/10336.59WO056/023/A=107849 149T60P EOSS BALLOON,"KC0D-14>APZEOS,EOSS,WIDE2-1,qAO,W0ARP-2:/153915h3904.13N/10336.59WO056/023/A=107849 149T60P EOSS BALLOON",56.0,26.0,41.8,39.0688333333,-103.6098333333,43.82,70.52,58.82,14.9,288.05,600.0,0.01,1.408e-05,0.00725648,7.778e-05,3.889e-05,18.3,5.578,low Re,-0.013333,21.881573,0.001895,3.867363,0.05466,-0.926102,-0.278595,17.554334,-0.004056,6.669505,0.000578,1.178767,0.01666,-0.925972,-0.278151,5.350566,
EOSS-302,KC0D-14,2020-10-03 09:39:46.839,2020-10-03 09:39:45,108394.0,33038.49,1090.0,4698.0,ascending,True,/153945h3904.22N/10336.44WO038/021/A=108394 153T59P EOSS BALLOON,"KC0D-14>APZEOS,EOSS,WIDE2-1,qAO,W0ARP-2:/153945h3904.22N/10336.44WO038/021/A=108394 153T59P EOSS BALLOON",38.0,24.0,38.6,39.0703333333,-103.6073333333,43.8,70.5,59.54,15.3,288.45,590.0,0.01,1.383e-05,0.00712564,8.333e-05,5e-05,18.16666667,5.537,low Re,-0.004444,21.869353,0.001874,3.866851,0.05457,-0.957546,-0.115778,17.473343,-0.001367,6.66578,0.000571,1.178611,0.016633,-0.957721,-0.116515,5.325872,
EOSS-302,KC0D-14,2020-10-03 09:40:16.808,2020-10-03 09:40:15,108949.0,33207.66,1110.0,4728.0,ascending,True,/154015h3904.34N/10336.28WO054/023/A=108949 153T57P EOSS BALLOON,"KC0D-14>APZEOS,EOSS,WIDE2-1,qAO,W0ARP-2:/154015h3904.34N/10336.28WO054/023/A=108949 153T57P EOSS BALLOON",54.0,26.0,41.8,39.0723333333,-103.6046666667,43.76,70.43,59.54,15.3,288.45,570.0,0.01,1.336e-05,0.00688409,8.889e-05,6.667e-05,18.5,5.639,low Re,0.011111,21.858306,0.001905,3.865303,0.054483,-0.868834,0.16897,17.815285,0.0034,6.662413,0.000581,1.178139,0.016606,-0.868669,0.169758,5.430084,
EOSS-302,KC0D-14,2020-10-03 09:40:46.811,2020-10-03 09:40:45,109508.0,33378.04,1118.0,4758.0,ascending,True,/154045h3904.44N/10336.16WO038/015/A=109508 158T55P EOSS BALLOON,"KC0D-14>APZEOS,EOSS,WIDE2-1,qAO,W0ARP-2:/154045h3904.44N/10336.16WO038/015/A=109508 158T55P EOSS BALLOON",38.0,17.0,27.4,39.074,-103.6026666667,43.72,70.36,60.44,15.8,288.95,550.0,0.01,1.287e-05,0.00663105,6.667e-05,5.556e-05,18.63333333,5.67933333,low Re,0.004444,21.847767,0.001913,3.863363,0.054393,-0.83203,0.046532,18.820429,0.001344,6.659201,0.000583,1.177548,0.016579,-0.832125,0.045901,5.736423,
EOSS-302,KC0D-14,2020-10-03 09:41:16.822,2020-10-03 09:41:15,110090.0,33555.43,1164.0,4788.0,ascending,True,/154115h3904.59N/10336.03WO041/027/A=110090 158T53P EOSS BALLOON,"KC0D-14>APZEOS,EOSS,WIDE2-1,qAO,W0ARP-2:/154115h3904.59N/10336.03WO041/027/A=110090 158T53P EOSS BALLOON",41.0,31.0,49.9,39.0765,-103.6005,43.64,70.23,60.44,15.8,288.95,530.0,0.01,1.24e-05,0.00638992,7.222e-05,8.333e-05,19.4,5.913,low Re,0.025556,21.839794,0.00199,3.859574,0.054321,-0.632141,0.433829,20.89338,0.007789,6.65677,0.000607,1.176393,0.016557,-0.632246,0.433774,6.368203,
EOSS-302,KC0D-14,2020-10-03 09:41:46.944,2020-10-03 09:41:45,107073.0,32635.85,-6034.0,0.0,descending,True,/154145h3904.77N/10335.85WO045/020/A=107073 163T62P EOSS BALLOON,"KC0D-14>APZEOS,EOSS,WIDE2-1,qAO,N2XGL-12:/154145h3904.77N/10335.85WO045/020/A=107073 163T62P EOSS BALLOON",45.0,23.0,37.0,39.0795,-103.5975,43.55,70.09,61.34,16.3,289.45,620.0,0.01,1.448e-05,0.00746209,0.0001,0.0001,-100.56666667,-30.65266667,n/a,,-100.566667,,,,,,-99.692283,,-30.652667,,,,,,-30.386153,
EOSS-302,AE0SS-12,2020-10-03 09:41:58.412,2020-10-03 09:41:57,103560.0,31565.09,-1297.0,12.0,descending,True,/154157h3904.78N/10335.78WO096/021EOSS Balloon  www.eoss.org/A=103560!W96!,"AE0SS-12>APTT4,EOSS,qAO,KB0TVJ-1:/154157h3904.78N/10335.78WO096/021EOSS Balloon  www.eoss.org/A=103560!W96!",96.0,24.0,38.6,39.0798166667,-103.5964333333,43.56,70.11,,,,,,,,8.204e-05,6.62e-05,-21.61666667,-6.58872222,n/a,0.438611,-61.091667,0.438611,55.82608,,0.707107,,-25.983505,0.133689,-18.620694,0.133689,17.015778,,0.707107,,-7.919737,
EOSS-302,KC0D-14,2020-10-03 09:42:16.824,2020-10-03 09:42:15,98242.0,29944.16,-17662.0,30.0,descending,True,/154215h3904.78N/10335.68WO102/018/A=098242 168T103P EOSS BALLOON,"KC0D-14>APZEOS,EOSS,WIDE2-1,qAO,W0ARP-2:/154215h3904.78N/10335.68WO102/018/A=098242 168T103P EOSS BALLOON",102.0,21.0,33.8,39.0796666667,-103.5946666667,43.62,70.21,62.24,16.8,289.95,1030.0,0.01,2.401e-05,0.01237532,9.444e-05,5.56e-06,-294.36666667,-89.723,n/a,-9.091667,-138.85,-4.326528,140.347251,6.738924,-1.108085,-0.707107,-276.802497,-2.771143,-42.321463,-1.318727,42.777887,2.054026,-1.108085,-0.707107,-84.369433,
EOSS-302,AE0SS-12,2020-10-03 09:42:28.612,2020-10-03 09:42:27,95675.0,29161.74,-15770.0,42.0,descending,True,/154227h3904.77N/10335.62WO104/016EOSS Balloon  www.eoss.org/A=095675!W93!,"AE0SS-12>APTT4,EOSS,qAO,W9CN-9:/154227h3904.77N/10335.62WO104/016EOSS Balloon  www.eoss.org/A=095675!W93!",104.0,18.0,29.0,39.07965,-103.5937166667,43.65,70.25,,,,,,,,9.056e-05,-5.56e-06,-262.83333333,-80.11166667,n/a,1.051111,-169.845833,-2.533982,130.286354,5.687373,-0.713716,0.63036,-277.347598,0.320378,-51.769014,-0.772359,39.711333,1.733513,-0.713717,0.63036,-84.535589,
EOSS-302,KC0D-14,2020-10-03 09:42:46.747,2020-10-03 09:42:45,91948.0,28025.75,-12588.0,60.0,descending,True,/154245h3904.78N/10335.53WO075/016/A=091948 173T144P EOSS BALLOON,"KC0D-14>APZEOS,EOSS,WIDE2-1,qAO,W0ARP-2:/154245h3904.78N/10335.53WO075/016/A=091948 173T144P EOSS BALLOON",75.0,18.0,29.0,39.0796666667,-103.5921666667,43.7,70.33,63.14,17.3,290.45,1440.0,0.01,3.351e-05,0.01727164,8.333e-05,0.0,-209.8,-63.947,n/a,1.767778,-177.836667,-1.458542,114.23733,5.117659,-0.279798,0.630429,-221.76728,0.538822,-54.204611,-0.444564,34.81958,1.559864,-0.279796,0.630431,-67.594711,
EOSS-302,AE0SS-12,2020-10-03 09:42:58.505,2020-10-03 09:42:57,89798.0,27370.43,-11754.0,72.0,descending,True,/154257h3904.77N/10335.45WO094/015EOSS Balloon  www.eoss.org/A=089798!W27!,"AE0SS-12>APTT4,EOSS,qAO,W9CN-9:/154257h3904.77N/10335.45WO094/015EOSS Balloon  www.eoss.org/A=089798!W27!",94.0,17.0,27.4,39.0795333333,-103.59095,43.74,70.4,,,,,,,,9.222e-05,-3.89e-06,-195.9,-59.71033333,n/a,0.463333,-180.847222,-1.074167,102.442739,4.514592,-0.146938,0.340562,-191.777297,0.141222,-55.122231,-0.327406,31.224585,1.376049,-0.146939,0.340561,-58.453743,
EOSS-302,KC0D-14,2020-10-03 09:43:16.882,2020-10-03 09:43:15,86628.0,26404.21,-10640.0,90.0,descending,True,/154315h3904.78N/10335.32WO057/026/A=086628 172T189P EOSS BALLOON,"KC0D-14>APZEOS,EOSS,WIDE2-1,qAO,W0ARP-2:/154315h3904.78N/10335.32WO057/026/A=086628 172T189P EOSS BALLOON",57.0,30.0,48.3,39.0796666667,-103.5886666667,43.8,70.49,62.96,17.2,290.35,1890.0,0.02,4.4e-05,0.02267683,0.00011667,0.0,-177.33333333,-54.05133333,n/a,0.618889,-180.345238,-0.791991,93.526429,4.096703,0.032204,0.344394,-165.658742,0.188633,-54.969246,-0.2414,28.506889,1.248676,0.0322,0.344391,-50.49274,
EOSS-302,AE0SS-12,2020-10-03 09:43:28.516,2020-10-03 09:43:27,84837.0,25858.32,-9922.0,102.0,descending,True,/154327h3904.80N/10335.25WO046/017EOSS Balloon  www.eoss.org/A=084837!W82!,"AE0SS-12>APTT4,EOSS,qAO,W9CN-9:/154327h3904.80N/10335.25WO046/017EOSS Balloon  www.eoss.org/A=084837!W82!",46.0,20.0,32.2,39.0801333333,-103.5875333333,43.81,70.5,,,,,,,,0.00011389,2e-05,-165.36666667,-50.40366667,n/a,0.398889,-178.472917,-0.621865,86.750438,3.766751,0.15108,0.270991,-158.703153,0.121589,-54.398549,-0.189544,26.441567,1.148107,0.151083,0.270997,-48.372682,
EOSS-302,KC0D-14,2020-10-03 09:43:46.774,2020-10-03 09:43:45,82062.0,25012.5,-9132.0,120.0,descending,True,/154345h3904.85N/10335.22WO200/006/A=082062 175T240P EOSS BALLOON,"KC0D-14>APZEOS,EOSS,WIDE2-1,qAO,W0ARP-2:/154345h3904.85N/10335.22WO200/006/A=082062 175T240P EOSS BALLOON",200.0,7.0,11.3,39.0808333333,-103.587,43.78,70.46,63.5,17.5,290.65,2400.0,0.02,5.582e-05,0.02876626,5.556e-05,3.889e-05,-152.2,-46.39033333,n/a,0.438889,-175.553704,-0.489271,81.618809,3.507441,0.286131,0.264626,-152.574089,0.133778,-53.508747,-0.149129,24.877452,1.06907,0.286139,0.264629,-46.504527,
EOSS-302,AE0SS-12,2020-10-03 09:43:58.460,2020-10-03 09:43:57,80437.0,24517.2,-8800.0,132.0,descending,True,/154357h3904.82N/10335.18WO133/005EOSS Balloon  www.eoss.org/A=080437!W69!,"AE0SS-12>APTT4,EOSS,qAO,W9CN-9:/154357h3904.82N/10335.18WO133/005EOSS Balloon  www.eoss.org/A=080437!W69!",133.0,6.0,9.7,39.0804333333,-103.5864833333,43.82,70.52,,,,,,,,3.5e-05,1e-05,-146.66666667,-44.704,n/a,0.184444,-172.665,-0.414414,77.491257,3.288588,0.3355,0.182102,-149.012567,0.056211,-52.628272,-0.126313,23.619371,1.002363,0.335499,0.182094,-45.418981,
EOSS-302,KC0D-14,2020-10-03 09:44:17.016,2020-10-03 09:44:15,78021.0,23780.8,-8082.0,150.0,descending,True,/154415h3904.80N/10335.13WO100/010/A=078021 172T293P EOSS BALLOON,"KC0D-14>APZEOS,EOSS,WIDE2-1,qAO,W0ARP-2:/154415h3904.80N/10335.13WO100/010/A=078021 172T293P EOSS BALLOON",100.0,12.0,19.3,39.08,-103.5855,43.88,70.61,62.96,17.2,290.35,2930.0,0.03,6.821e-05,0.03515509,5e-05,-2.778e-05,-134.7,-41.05666667,n/a,0.398889,-169.213636,-0.333083,74.400514,3.111159,0.46389,0.235273,-141.589738,0.121578,-51.576308,-0.101524,22.677305,0.948282,0.463884,0.23527,-43.156517,
EOSS-302,AE0SS-12,2020-10-03 09:44:28.603,2020-10-03 09:44:27,76552.0,23333.05,-7770.0,162.0,descending,True,/154427h3904.80N/10335.09WO009/006EOSS Balloon  www.eoss.org/A=076552!W08!,"AE0SS-12>APTT4,EOSS,qAO,KB0TVJ-1:/154427h3904.80N/10335.09WO009/006EOSS Balloon  www.eoss.org/A=076552!W08!",9.0,7.0,11.3,39.08,-103.5849666667,43.89,70.64,,,,,,,,5.056e-05,-1.444e-05,-129.5,-39.47166667,n/a,0.173333,-165.904167,-0.287046,71.858514,2.955451,0.506609,0.155773,-135.648409,0.052833,-50.567588,-0.087492,21.902498,0.900823,0.506605,0.155774,-41.345623,
EOSS-302,KC0D-14,2020-10-03 09:44:46.750,2020-10-03 09:44:45,74349.0,22661.58,-7344.0,180.0,descending,True,/154445h3904.81N/10335.10WO207/010/A=074349 173T353P EOSS BALLOON,"KC0D-14>APZEOS,EOSS,WIDE2-1,qAO,W0ARP-2:/154445h3904.81N/10335.10WO207/010/A=074349 173T353P EOSS BALLOON",207.0,12.0,19.3,39.0801666667,-103.585,43.88,70.62,63.14,17.3,290.45,3530.0,0.03,8.215e-05,0.0423395,1.667e-05,5.56e-06,-122.4,-37.30733333,n/a,0.236667,-162.557692,-0.243403,69.849322,2.821965,0.574919,0.170119,-125.334001,0.072144,-49.547568,-0.074189,21.290104,0.860136,0.574926,0.170128,-38.201843,
EOSS-302,AE0SS-12,2020-10-03 09:44:58.470,2020-10-03 09:44:57,73018.0,22255.89,-7068.0,192.0,descending,True,/154457h3904.77N/10335.09WO128/011EOSS Balloon  www.eoss.org/A=073018!W03!,"AE0SS-12>APTT4,EOSS,qAO,W9CN-9:/154457h3904.77N/10335.09WO128/011EOSS Balloon  www.eoss.org/A=073018!W03!",128.0,13.0,20.9,39.0795,-103.5848833333,43.92,70.69,,,,,,,,2.78e-06,-1.667e-05,-117.8,-35.90533333,n/a,0.153333,-159.360714,-0.212885,68.166818,2.704065,0.609691,0.135432,-118.808468,0.046733,-48.573123,-0.064887,20.777279,0.8242,0.609694,0.135428,-36.212871,
EOSS-302,KC0D-14,2020-10-03 09:45:17.139,2020-10-03 09:45:15,71036.0,21651.77,-6626.0,210.0,descending,True,/154515h3904.76N/10335.06WO010/009/A=071036 170T417P EOSS BALLOON,"KC0D-14>APZEOS,EOSS,WIDE2-1,qAO,W0ARP-2:/154515h3904.76N/10335.06WO010/009/A=071036 170T417P EOSS BALLOON",10.0,10.0,16.1,39.0793333333,-103.5843333333,43.95,70.73,62.6,17.0,290.15,4170.0,0.04,9.715e-05,0.0500675,2.222e-05,-2.778e-05,-110.43333333,-33.66033333,n/a,0.245556,-156.098889,-0.180139,66.890951,2.60087,0.682687,0.163674,-109.529341,0.074833,-47.578937,-0.054907,20.38838,0.792746,0.682673,0.163659,-33.38458,
EOSS-302,AE0SS-12,2020-10-03 09:45:28.727,2020-10-03 09:45:27,69815.0,21279.61,-6406.0,222.0,descending,True,/154527h3904.77N/10335.04WO338/006EOSS Balloon  www.eoss.org/A=069815!W45!,"AE0SS-12>APTT4,EOSS,qAO,KB0TVJ-1:/154527h3904.77N/10335.04WO338/006EOSS Balloon  www.eoss.org/A=069815!W45!",338.0,7.0,11.3,39.0795666667,-103.5840833333,43.94,70.72,,,,,,,,2.667e-05,2.22e-06,-106.76666667,-32.54266667,n/a,0.122222,-153.015625,-0.159982,65.789136,2.507476,0.702988,0.112545,-104.416017,0.037256,-46.63917,-0.048763,20.052536,0.76428,0.702979,0.112549,-31.826049,
EOSS-302,KC0D-14,2020-10-03 09:45:47.042,2020-10-03 09:45:45,67977.0,20719.39,-6118.0,240.0,descending,True,/154545h3904.68N/10335.08WO185/024/A=067977 170T487P EOSS BALLOON,"KC0D-14>APZEOS,EOSS,WIDE2-1,qAO,N2XGL-12:/154545h3904.68N/10335.08WO185/024/A=067977 170T487P EOSS BALLOON",185.0,28.0,45.1,39.078,-103.5846666667,44.02,70.84,62.6,17.0,290.15,4870.0,0.05,0.00011345,0.05847212,-1.111e-05,-4.444e-05,-101.96666667,-31.07933333,n/a,0.16,-150.012745,-0.139983,64.89215,2.423773,0.740399,0.123767,-97.927988,0.048778,-45.723886,-0.042667,19.77914,0.738767,0.740404,0.123781,-29.848508,
EOSS-302,AE0SS-12,2020-10-03 09:45:58.702,2020-10-03 09:45:57,66836.0,20371.61,-5958.0,252.0,descending,True,/154557h3904.61N/10335.07WO224/024EOSS Balloon  www.eoss.org/A=066836!W83!,"AE0SS-12>APTT4,EOSS,qAO,W9CN-9:/154557h3904.61N/10335.07WO224/024EOSS Balloon  www.eoss.org/A=066836!W83!",224.0,28.0,45.1,39.0769666667,-103.58455,44.08,70.94,,,,,,,,-1.556e-05,-8.667e-05,-99.3,-30.26666667,n/a,0.088889,-147.19537,-0.12652,64.079346,2.347464,0.747438,0.091762,-94.687641,0.027089,-44.865151,-0.038563,19.531396,0.715508,0.747437,0.091756,-28.860838,
EOSS-302,KC0D-14,2020-10-03 09:46:16.895,2020-10-03 09:46:15,65186.0,19868.69,-5582.0,270.0,descending,True,/154615h3904.51N/10335.06WO146/015/A=065186 166T560P EOSS BALLOON,"KC0D-14>APZEOS,EOSS,WIDE2-1,qAO,W0ARP-2:/154615h3904.51N/10335.06WO146/015/A=065186 166T560P EOSS BALLOON",146.0,17.0,27.4,39.0751666667,-103.5843333333,44.19,71.11,61.88,16.6,289.75,5600.0,0.06,0.00013064,0.06732975,1.111e-05,-9.444e-05,-93.03333333,-28.35666667,n/a,0.208889,-144.344737,-0.107886,63.501484,2.278747,0.808035,0.139013,-90.995444,0.063667,-43.996284,-0.032884,19.355258,0.694563,0.808029,0.13901,-27.735448,
EOSS-302,AE0SS-12,2020-10-03 09:46:28.567,2020-10-03 09:46:27,64109.0,19540.42,-5454.0,282.0,descending,True,/154627h3904.46N/10335.04WO192/024EOSS Balloon  www.eoss.org/A=064109!W05!,"AE0SS-12>APTT4,EOSS,qAO,W9CN-9:/154627h3904.46N/10335.04WO192/024EOSS Balloon  www.eoss.org/A=064109!W05!",192.0,28.0,45.1,39.0743333333,-103.5840833333,44.24,71.2,,,,,,,,1.556e-05,-8.778e-05,-90.9,-27.70633333,n/a,0.071111,-141.6725,-0.098465,62.952537,2.214924,0.80652,0.076561,-89.112758,0.021678,-43.181786,-0.030012,19.187939,0.67511,0.80652,0.076565,-27.161596,
EOSS-302,KC0D-14,2020-10-03 09:46:46.778,2020-10-03 09:46:45,62505.0,19051.52,-5362.0,300.0,descending,True,/154645h3904.36N/10335.03WO165/019/A=062505 165T642P EOSS BALLOON,"KC0D-14>APZEOS,EOSS,WIDE2-1,qAO,W0ARP-2:/154645h3904.36N/10335.03WO165/019/A=062505 165T642P EOSS BALLOON",165.0,22.0,35.4,39.0726666667,-103.5838333333,44.35,71.37,61.7,16.5,289.65,6420.0,0.06,0.00014982,0.0772154,1.667e-05,-8.333e-05,-89.36666667,-27.239,n/a,0.051111,-139.181746,-0.090986,62.411151,2.156108,0.798176,0.065904,-86.835476,0.015578,-42.422606,-0.027733,19.022923,0.657183,0.798174,0.065904,-26.467465,
EOSS-302,AE0SS-12,2020-10-03 09:46:58.453,2020-10-03 09:46:57,61478.0,18738.49,-5262.0,312.0,descending,True,/154657h3904.30N/10335.01WO180/027EOSS Balloon  www.eoss.org/A=061478!W39!,"AE0SS-12>APTT4,EOSS,qAO,W9CN-9:/154657h3904.30N/10335.01WO180/027EOSS Balloon  www.eoss.org/A=061478!W39!",180.0,31.0,49.9,39.0717166667,-103.58365,44.41,71.47,,,,,,,,1.444e-05,-8.722e-05,-87.7,-26.731,n/a,0.055556,-136.841667,-0.084008,61.888123,2.101758,0.79404,0.066403,-85.558012,0.016933,-41.709351,-0.025606,18.863502,0.640617,0.794039,0.066403,-26.078083,
EOSS-302,KC0D-14,2020-10-03 09:47:16.819,2020-10-03 09:47:15,60019.0,18293.79,-4972.0,330.0,descending,True,/154715h3904.22N/10334.95WO134/020/A=060019 160T727P EOSS BALLOON,"KC0D-14>APZEOS,EOSS,WIDE2-1,qAO,W0ARP-2:/154715h3904.22N/10334.95WO134/020/A=060019 160T727P EOSS BALLOON",134.0,23.0,37.0,39.0703333333,-103.5825,44.52,71.65,60.8,16.0,289.15,7270.0,0.07,0.00016995,0.08758983,4.444e-05,-7.778e-05,-82.86666667,-25.25766667,n/a,0.161111,-134.494928,-0.072866,61.503721,2.051771,0.839433,0.114037,-83.765856,0.049111,-40.99406,-0.02221,18.746341,0.625381,0.839438,0.114044,-25.531823,
EOSS-302,AE0SS-12,2020-10-03 09:47:28.409,2020-10-03 09:47:27,59069.0,18004.23,-4818.0,342.0,descending,True,/154727h3904.16N/10334.93WO171/031EOSS Balloon  www.eoss.org/A=059069!W05!,"AE0SS-12>APTT4,EOSS,qAO,W9CN-9:/154727h3904.16N/10334.93WO171/031EOSS Balloon  www.eoss.org/A=059069!W05!",171.0,36.0,57.9,39.0693333333,-103.58225,44.59,71.75,,,,,,,,4.667e-05,-7.944e-05,-80.3,-24.47533333,n/a,0.085556,-132.236806,-0.065978,61.160616,2.00487,0.849187,0.075583,-82.510189,0.026078,-40.30578,-0.02011,18.641766,0.611085,0.849192,0.075584,-25.149087,
EOSS-302,KC0D-14,2020-10-03 09:47:46.856,2020-10-03 09:47:45,57686.0,17582.69,-4666.0,360.0,descending,True,/154745h3904.04N/10334.91WO180/030/A=057686 158T817P EOSS BALLOON,"KC0D-14>APZEOS,EOSS,WIDE2-1,qAO,W0ARP-2:/154745h3904.04N/10334.91WO180/030/A=057686 158T817P EOSS BALLOON",180.0,35.0,56.3,39.0673333333,-103.5818333333,44.71,71.96,60.44,15.8,288.95,8170.0,0.08,0.00019112,0.09850126,2.222e-05,-0.0001,-77.76666667,-23.70333333,n/a,0.084444,-130.058,-0.059711,60.855908,1.961042,0.859265,0.073509,-80.431963,0.025733,-39.641682,-0.0182,18.548889,0.597726,0.859262,0.0735,-24.515631,
EOSS-302,AE0SS-12,2020-10-03 09:47:58.401,2020-10-03 09:47:57,56782.0,17307.15,-4574.0,372.0,descending,True,/154757h3903.93N/10334.92WO181/038EOSS Balloon  www.eoss.org/A=056782!W02!,"AE0SS-12>APTT4,EOSS,qAO,W9CN-9:/154757h3903.93N/10334.92WO181/038EOSS Balloon  www.eoss.org/A=056782!W02!",181.0,44.0,70.8,39.0655,-103.5820333333,44.81,72.12,,,,,,,,7.22e-06,-0.00012778,-76.23333333,-23.236,n/a,0.051111,-127.987821,-0.055278,60.553535,1.91988,0.85469,0.055414,-78.868495,0.015578,-39.010694,-0.016849,18.456723,0.58518,0.854686,0.055414,-24.039079,
EOSS-302,KC0D-14,2020-10-03 09:48:16.814,2020-10-03 09:48:15,55492.0,16913.96,-4388.0,390.0,descending,True,/154815h3903.75N/10334.86WO150/028/A=055492 153T912P EOSS BALLOON,"KC0D-14>APZEOS,EOSS,WIDE2-1,qAO,W0ARP-2:/154815h3903.75N/10334.86WO150/028/A=055492 153T912P EOSS BALLOON",150.0,32.0,51.5,39.0625,-103.581,45.02,72.45,59.54,15.3,288.45,9120.0,0.09,0.00021372,0.1101455,2.778e-05,-0.00016111,-73.13333333,-22.291,n/a,0.103333,-125.956173,-0.049177,60.308768,1.881348,0.875873,0.081064,-76.327765,0.0315,-38.391447,-0.014989,18.382119,0.573435,0.875875,0.081071,-23.264664,
EOSS-302,AE0SS-12,2020-10-03 09:48:28.459,2020-10-03 09:48:27,54656.0,16659.15,-4252.0,402.0,descending,True,/154827h3903.65N/10334.81WO143/021EOSS Balloon  www.eoss.org/A=054656!W57!,"AE0SS-12>APTT4,EOSS,qAO,W9CN-9:/154827h3903.65N/10334.81WO143/021EOSS Balloon  www.eoss.org/A=054656!W57!",143.0,24.0,38.6,39.0609166667,-103.5802833333,45.13,72.63,,,,,,,,5.833e-05,-0.00015278,-70.86666667,-21.6,n/a,0.075556,-123.98869,-0.044558,60.090149,1.84497,0.884039,0.065103,-74.491496,0.023033,-37.791752,-0.013581,18.315489,0.562347,0.884047,0.065109,-22.704974,
EOSS-302,KC0D-14,2020-10-03 09:48:46.840,2020-10-03 09:48:45,53415.0,16280.89,-4154.0,420.0,descending,True,/154845h3903.52N/10334.78WO146/037/A=053415 151T1011P EOSS BALLOON,"KC0D-14>APZEOS,EOSS,WIDE2-1,qAO,W0ARP-2:/154845h3903.52N/10334.78WO146/037/A=053415 151T1011P EOSS BALLOON",146.0,43.0,69.2,39.0586666667,-103.5796666667,45.28,72.87,59.18,15.1,288.25,10110.0,0.1,0.00023708,0.1221868,4.444e-05,-0.00012778,-69.23333333,-21.10233333,n/a,0.054444,-122.100575,-0.041022,59.876977,1.810578,0.882931,0.052727,-71.527322,0.016589,-37.216255,-0.012504,18.250514,0.551865,0.88293,0.052718,-21.801487,
EOSS-302,AE0SS-12,2020-10-03 09:48:58.485,2020-10-03 09:48:57,52602.0,16033.09,-4108.0,432.0,descending,True,/154857h3903.38N/10334.68WO140/045EOSS Balloon  www.eoss.org/A=052602!W37!,"AE0SS-12>APTT4,EOSS,qAO,W9CN-9:/154857h3903.38N/10334.68WO140/045EOSS Balloon  www.eoss.org/A=052602!W37!",140.0,52.0,83.7,39.0563833333,-103.5781166667,45.46,73.15,,,,,,,,7.222e-05,-0.00015111,-68.46666667,-20.86866667,n/a,0.025556,-120.312778,-0.038726,59.644861,1.777995,0.869247,0.036154,-69.46516,0.007789,-36.671335,-0.011804,18.179764,0.541934,0.869245,0.036154,-21.172947,
EOSS-302,KC0D-14,2020-10-03 09:49:16.791,2020-10-03 09:49:15,51447.0,15681.05,-3936.0,450.0,descending,True,/154915h3903.19N/10334.55WO159/044/A=051447 145T1115P EOSS BALLOON,"KC0D-14>APZEOS,EOSS,WIDE2-1,qAO,W0ARP-2:/154915h3903.19N/10334.55WO159/044/A=051447 145T1115P EOSS BALLOON",159.0,51.0,82.1,39.0531666667,-103.5758333333,45.71,73.56,58.1,14.5,287.65,11150.0,0.11,0.00026202,0.13503705,0.00012778,-0.00018333,-65.6,-19.99466667,n/a,0.095556,-118.547849,-0.03425,59.459986,1.747243,0.890479,0.074292,-66.438629,0.029133,-36.133378,-0.010439,18.12342,0.53256,0.890489,0.074305,-20.250476,
EOSS-302,AE0SS-12,2020-10-03 09:49:28.458,2020-10-03 09:49:27,50672.0,15444.83,-3860.0,462.0,descending,True,/154927h3903.04N/10334.48WO162/041EOSS Balloon  www.eoss.org/A=050672!W45!,"AE0SS-12>APTT4,EOSS,qAO,W9CN-9:/154927h3903.04N/10334.48WO162/041EOSS Balloon  www.eoss.org/A=050672!W45!",162.0,47.0,75.6,39.0507333333,-103.57475,45.88,73.84,,,,,,,,0.00011222,-0.00018833,-64.33333333,-19.60866667,n/a,0.042222,-116.853646,-0.031783,59.273032,1.71793,0.886074,0.043078,-64.387305,0.012867,-35.616981,-0.009687,18.066439,0.523626,0.88608,0.043073,-19.625236,
EOSS-302,KC0D-14,2020-10-03 09:49:46.883,2020-10-03 09:49:45,49587.0,15114.12,-3720.0,480.0,descending,True,/154945h3902.81N/10334.36WO146/055/A=049587 142T1222P EOSS BALLOON,"KC0D-14>APZEOS,EOSS,WIDE2-1,qAO,W0ARP-2:/154945h3902.81N/10334.36WO146/055/A=049587 142T1222P EOSS BALLOON",146.0,63.0,101.4,39.0468333333,-103.5726666667,46.17,74.3,57.56,14.2,287.35,12220.0,0.12,0.00028746,0.14815027,0.00010556,-0.00021111,-62.0,-18.89766667,n/a,0.077778,-115.191414,-0.028359,59.115831,1.690106,0.899783,0.062799,-61.555253,0.0237,-35.110335,-0.008644,18.018522,0.515145,0.899778,0.062786,-18.762027,
EOSS-302,AE0SS-12,2020-10-03 09:49:58.544,2020-10-03 09:49:57,48864.0,14893.75,-3616.0,492.0,descending,True,/154957h3902.64N/10334.24WO149/046EOSS Balloon  www.eoss.org/A=048864!W60!,"AE0SS-12>APTT4,EOSS,qAO,W9CN-9:/154957h3902.64N/10334.24WO149/046EOSS Balloon  www.eoss.org/A=048864!W60!",149.0,53.0,85.3,39.0441,-103.5706666667,46.39,74.65,,,,,,,,0.00013611,-0.00022111,-60.26666667,-18.36933333,n/a,0.057778,-113.57598,-0.025749,58.97041,1.663556,0.904001,0.05021,-59.730876,0.017611,-34.617953,-0.007848,17.974195,0.507052,0.903997,0.05021,-18.205962,
EOSS-302,KC0D-14,2020-10-03 09:50:16.841,2020-10-03 09:50:15,47856.0,14586.51,-3462.0,510.0,descending,True,/155015h3902.42N/10334.08WO154/057/A=047856 136T1333P EOSS BALLOON,"KC0D-14>APZEOS,EOSS,WIDE2-1,qAO,W0ARP-2:/155015h3902.42N/10334.08WO154/057/A=047856 136T1333P EOSS BALLOON",154.0,66.0,106.2,39.0403333333,-103.568,46.68,75.13,56.48,13.6,286.75,13330.0,0.13,0.00031423,0.16194561,0.00015556,-0.00021667,-57.7,-17.587,n/a,0.085556,-111.979524,-0.022475,58.859436,1.638268,0.922189,0.065942,-57.321132,0.026078,-34.131354,-0.006851,17.940369,0.499345,0.922186,0.065944,-17.471474,
EOSS-302,AE0SS-12,2020-10-03 09:50:28.799,2020-10-03 09:50:27,47168.0,14376.81,-3392.0,522.0,descending,True,/155027h3902.23N/10334.00WO156/060EOSS Balloon  www.eoss.org/A=047168!W87!,"AE0SS-12>APTT4,EOSS,qAO,W9CN-9:/155027h3902.23N/10334.00WO156/060EOSS Balloon  www.eoss.org/A=047168!W87!",156.0,69.0,111.0,39.0373,-103.5667833333,46.89,75.47,,,,,,,,0.00012944,-0.00022667,-56.53333333,-17.23133333,n/a,0.038889,-110.439352,-0.020722,58.743902,1.614029,0.917645,0.036933,-55.790899,0.011856,-33.661909,-0.006316,17.905154,0.491957,0.917645,0.036938,-17.005068,
EOSS-302,KC0D-14,2020-10-03 09:50:46.758,2020-10-03 09:50:45,46210.0,14084.81,-3292.0,540.0,descending,True,/155045h3901.92N/10333.87WO161/068/A=046210 133T1446P EOSS BALLOON,"KC0D-14>APZEOS,EOSS,WIDE2-1,qAO,W0ARP-2:/155045h3901.92N/10333.87WO161/068/A=046210 133T1446P EOSS BALLOON",161.0,78.0,125.5,39.032,-103.5645,47.27,76.07,55.94,13.3,286.45,14460.0,0.14,0.00034122,0.17585791,0.00011667,-0.00027778,-54.86666667,-16.72333333,n/a,0.055556,-108.937387,-0.018603,58.638361,1.590855,0.922105,0.046616,-53.844867,0.016933,-33.20411,-0.00567,17.872986,0.484893,0.922105,0.046614,-16.411919,
EOSS-302,AE0SS-12,2020-10-03 09:50:58.405,2020-10-03 09:50:57,45540.0,13880.59,-3256.0,552.0,descending,True,/155057h3901.70N/10333.75WO161/074EOSS Balloon  www.eoss.org/A=045540!W49!,"AE0SS-12>APTT4,EOSS,qAO,W9CN-9:/155057h3901.70N/10333.75WO161/074EOSS Balloon  www.eoss.org/A=045540!W49!",161.0,85.0,136.8,39.0284,-103.56265,47.53,76.49,,,,,,,,0.00013778,-0.00029667,-54.26666667,-16.54066667,n/a,0.02,-107.498684,-0.01756,58.516502,1.568617,0.909692,0.023945,-52.624668,0.006089,-32.765598,-0.005353,17.835838,0.478115,0.909681,0.023931,-16.039999,
EOSS-302,KC0D-14,2020-10-03 09:51:16.823,2020-10-03 09:51:15,44616.0,13598.96,-3188.0,570.0,descending,True,/155115h3901.40N/10333.61WO160/065/A=044616 126T1565P EOSS BALLOON,"KC0D-14>APZEOS,EOSS,WIDE2-1,qAO,W0ARP-2:/155115h3901.40N/10333.61WO160/065/A=044616 126T1565P EOSS BALLOON",160.0,75.0,120.7,39.0233333333,-103.5601666667,47.9,77.08,54.68,12.6,285.75,15650.0,0.15,0.00037021,0.19079656,0.00014444,-0.00028889,-53.13333333,-16.195,n/a,0.037778,-106.104701,-0.016104,58.393967,1.547301,0.907138,0.034823,-51.143162,0.011522,-32.340711,-0.004908,17.79849,0.471618,0.907139,0.034838,-15.588448,
EOSS-302,AE0SS-12,2020-10-03 09:51:28.986,2020-10-03 09:51:27,43965.0,13400.53,-3150.0,582.0,descending,True,/155127h3901.20N/10333.51WO154/057EOSS Balloon  www.eoss.org/A=043965!W13!,"AE0SS-12>APTT4,EOSS,qAO,W9CN-9:/155127h3901.20N/10333.51WO154/057EOSS Balloon  www.eoss.org/A=043965!W13!",154.0,66.0,106.2,39.0200166667,-103.55855,48.14,77.47,,,,,,,,0.00013667,-0.00027944,-52.5,-16.002,n/a,0.021111,-104.764583,-0.01515,58.260277,1.526817,0.897088,0.023749,-50.241067,0.006433,-31.932243,-0.004618,17.757741,0.465374,0.897087,0.023746,-15.313485,
EOSS-302,KC0D-14,2020-10-03 09:51:47.015,2020-10-03 09:51:45,43079.0,13130.48,-3074.0,600.0,descending,True,/155145h3900.88N/10333.39WO160/072/A=043079 123T1688P EOSS BALLOON,"KC0D-14>APZEOS,EOSS,WIDE2-1,qAO,W0ARP-2:/155145h3900.88N/10333.39WO160/072/A=043079 123T1688P EOSS BALLOON",160.0,83.0,133.6,39.0146666667,-103.5565,48.51,78.07,54.14,12.3,285.45,16880.0,0.17,0.00039972,0.20600836,0.00012222,-0.00028889,-51.23333333,-15.616,n/a,0.042222,-103.458943,-0.013715,58.131712,1.507143,0.898401,0.037115,-49.196291,0.012867,-31.534286,-0.004181,17.718552,0.459378,0.898397,0.037111,-14.995044,
EOSS-302,AE0SS-12,2020-10-03 09:51:58.370,2020-10-03 09:51:57,42443.0,12936.63,-3044.0,612.0,descending,True,/155157h3900.66N/10333.30WO158/072EOSS Balloon  www.eoss.org/A=042443!W03!,"AE0SS-12>APTT4,EOSS,qAO,W9CN-9:/155157h3900.66N/10333.30WO158/072EOSS Balloon  www.eoss.org/A=042443!W03!",158.0,83.0,133.6,39.011,-103.55505,48.76,78.48,,,,,,,,0.00011667,-0.00030056,-50.73333333,-15.46333333,n/a,0.016667,-102.203571,-0.012974,57.991933,1.488192,0.887541,0.019917,-48.568584,0.005089,-31.151644,-0.003954,17.675951,0.453601,0.887551,0.019936,-14.803722,
EOSS-302,KC0D-14,2020-10-03 09:52:16.824,2020-10-03 09:52:15,41580.0,12673.58,-2998.0,630.0,descending,True,/155215h3900.29N/10333.19WO167/082/A=041580 116T1816P EOSS BALLOON,"KC0D-14>APZEOS,EOSS,WIDE2-1,qAO,W0ARP-2:/155215h3900.29N/10333.19WO167/082/A=041580 116T1816P EOSS BALLOON",167.0,94.0,151.3,39.0048333333,-103.5531666667,49.18,79.15,52.88,11.6,284.75,18160.0,0.18,0.00043109,0.22217468,0.00011111,-0.00032778,-49.96666667,-15.23,n/a,0.025556,-100.98876,-0.012057,57.848503,1.469943,0.881995,0.025588,-47.862873,0.007778,-30.781373,-0.003675,17.63223,0.448039,0.881986,0.025563,-14.588616,
EOSS-302,AE0SS-12,2020-10-03 09:52:28.475,2020-10-03 09:52:27,40940.0,12478.51,-3006.0,642.0,descending,True,/155227h3900.03N/10333.11WO164/082EOSS Balloon  www.eoss.org/A=040940!W83!,"AE0SS-12>APTT4,EOSS,qAO,KB0TVJ-1:/155227h3900.03N/10333.11WO164/082EOSS Balloon  www.eoss.org/A=040940!W83!",164.0,94.0,151.3,39.0006333333,-103.5518833333,49.46,79.6,,,,,,,,0.00010556,-0.00034556,-50.1,-15.27066667,n/a,-0.004444,-99.832197,-0.01188,57.684322,1.452339,0.862144,0.00512,-47.433071,-0.001356,-30.428857,-0.003621,17.582184,0.442673,0.862134,0.005117,-14.457614,
EOSS-302,KC0D-14,2020-10-03 09:52:46.946,2020-10-03 09:52:45,40103.0,12223.39,-2954.0,660.0,descending,True,/155245h3859.69N/10332.98WO165/080/A=040103 113T1951P EOSS BALLOON,"KC0D-14>APZEOS,EOSS,WIDE2-1,qAO,W0ARP-2:/155245h3859.69N/10332.98WO165/080/A=040103 113T1951P EOSS BALLOON",165.0,92.0,148.1,38.9948333333,-103.5496666667,49.86,80.25,52.34,11.3,284.45,19510.0,0.19,0.00046363,0.23894271,0.00011667,-0.00033333,-49.23333333,-15.00633333,n/a,0.028889,-98.707778,-0.010953,57.521741,1.435365,0.8601,0.027757,-46.966202,0.008811,-30.086135,-0.003339,17.532629,0.4375,0.860099,0.027771,-14.315311,
EOSS-302,AE0SS-12,2020-10-03 09:52:58.467,2020-10-03 09:52:57,39523.0,12046.61,-2834.0,672.0,descending,True,/155257h3859.43N/10332.92WO169/075EOSS Balloon  www.eoss.org/A=039523!W30!,"AE0SS-12>APTT4,EOSS,qAO,W9CN-9:/155257h3859.43N/10332.92WO169/075EOSS Balloon  www.eoss.org/A=039523!W30!",169.0,86.0,138.4,38.99055,-103.5486666667,50.14,80.7,,,,,,,,0.00010722,-0.00033611,-47.23333333,-14.39666667,n/a,0.066667,-97.588768,-0.009228,57.383128,1.419008,0.87753,0.053485,-46.689748,0.020322,-29.745059,-0.002813,17.490381,0.432514,0.877533,0.05349,-14.231049,
EOSS-302,KC0D-14,2020-10-03 09:53:16.831,2020-10-03 09:53:15,38734.0,11806.12,-2738.0,690.0,descending,True,/155315h3859.04N/10332.79WO168/085/A=038734 106T2085P EOSS BALLOON,"KC0D-14>APZEOS,EOSS,WIDE2-1,qAO,W0ARP-2:/155315h3859.04N/10332.79WO168/085/A=038734 106T2085P EOSS BALLOON",168.0,98.0,157.7,38.984,-103.5465,50.59,81.42,51.08,10.6,283.75,20850.0,0.21,0.00049669,0.25598389,0.00010556,-0.00036111,-45.63333333,-13.909,n/a,0.053333,-96.483333,-0.007868,57.259703,1.403182,0.888059,0.043616,-46.351313,0.016256,-29.408122,-0.002398,17.452762,0.427691,0.888061,0.043616,-14.127892,
EOSS-302,AE0SS-12,2020-10-03 09:53:28.425,2020-10-03 09:53:27,38168.0,11633.61,-2710.0,702.0,descending,True,/155327h3858.78N/10332.72WO160/071EOSS Balloon  www.eoss.org/A=038168!W93!,"AE0SS-12>APTT4,EOSS,qAO,W9CN-9:/155327h3858.78N/10332.72WO160/071EOSS Balloon  www.eoss.org/A=038168!W93!",160.0,82.0,132.0,38.9798166667,-103.5453833333,50.87,81.87,,,,,,,,0.00010944,-0.00035778,-45.16666667,-13.76666667,n/a,0.015556,-95.414236,-0.00737,57.129476,1.387851,0.879538,0.016519,-46.119925,0.004744,-29.082258,-0.002246,17.413071,0.423017,0.879546,0.016524,-14.057366,
EOSS-302,KC0D-14,2020-10-03 09:53:46.770,2020-10-03 09:53:45,37401.0,11399.82,-2666.0,720.0,descending,True,/155345h3858.41N/10332.58WO162/079/A=037401 103T2224P EOSS BALLOON,"KC0D-14>APZEOS,EOSS,WIDE2-1,qAO,W0ARP-2:/155345h3858.41N/10332.58WO162/079/A=037401 103T2224P EOSS BALLOON",162.0,91.0,146.5,38.9735,-103.543,51.31,82.57,50.54,10.3,283.45,22240.0,0.22,0.00053036,0.27333848,0.00011667,-0.00035,-44.43333333,-13.54333333,n/a,0.024444,-94.37381,-0.006707,56.998453,1.373015,0.876172,0.022688,-45.799635,0.007444,-28.765137,-0.002044,17.373134,0.418495,0.876169,0.022672,-13.959735,
EOSS-302,AE0SS-12,2020-10-03 09:53:58.416,2020-10-03 09:53:57,36852.0,11232.49,-2632.0,732.0,descending,True,/155357h3858.14N/10332.47WO163/091EOSS Balloon  www.eoss.org/A=036852!W89!,"AE0SS-12>APTT4,EOSS,qAO,W9CN-9:/155357h3858.14N/10332.47WO163/091EOSS Balloon  www.eoss.org/A=036852!W89!",163.0,105.0,169.0,38.9691333333,-103.5413166667,51.61,83.06,,,,,,,,0.00013556,-0.00035611,-43.86666667,-13.37066667,n/a,0.018889,-93.363667,-0.006185,56.864229,1.358642,0.870442,0.018455,-45.552669,0.005756,-28.457248,-0.001885,17.332221,0.414115,0.870436,0.018451,-13.88446,
EOSS-302,KC0D-14,2020-10-03 09:54:16.782,2020-10-03 09:54:15,36116.0,11008.16,-2570.0,750.0,descending,True,/155415h3857.71N/10332.38WO172/090/A=036116 96T2366P EOSS BALLOON,"KC0D-14>APZEOS,EOSS,WIDE2-1,qAO,W0ARP-2:/155415h3857.71N/10332.38WO172/090/A=036116 96T2366P EOSS BALLOON",172.0,104.0,167.4,38.9618333333,-103.5396666667,52.09,83.83,49.28,9.6,282.75,23660.0,0.23,0.00056562,0.29151075,0.00011111,-0.00038889,-42.83333333,-13.05533333,n/a,0.034444,-92.372876,-0.005372,56.735656,1.344719,0.873164,0.029609,-45.181682,0.010511,-28.155249,-0.001637,17.293036,0.409871,0.873179,0.029639,-13.771382,
EOSS-302,KC0D-14,2020-10-03 09:54:46.820,2020-10-03 09:54:45,34870.0,10628.38,-2492.0,780.0,descending,True,/155445h3856.97N/10332.13WO164/087/A=034870 93T2511P EOSS BALLOON,"KC0D-14>APZEOS,EOSS,WIDE2-1,qAO,W0ARP-2:/155445h3856.97N/10332.13WO164/087/A=034870 93T2511P EOSS BALLOON",164.0,100.0,160.9,38.9495,-103.5355,52.94,85.19,48.74,9.3,282.45,25110.0,0.25,0.00060093,0.30970455,0.00013889,-0.00041111,-41.53333333,-12.65933333,n/a,0.043333,-91.395192,-0.004417,56.617341,1.331222,0.880682,0.035869,-44.405614,0.0132,-27.857251,-0.001346,17.256974,0.405757,0.880683,0.035849,-13.534833,
EOSS-302,KC0D-14,2020-10-03 09:55:16.745,2020-10-03 09:55:15,33643.0,10254.39,-2454.0,810.0,descending,True,/155515h3856.29N/10331.84WO161/082/A=033643 86T2659P EOSS BALLOON,"KC0D-14>APZEOS,EOSS,WIDE2-1,qAO,W0ARP-2:/155515h3856.29N/10331.84WO161/082/A=033643 86T2659P EOSS BALLOON",161.0,94.0,151.3,38.9381666667,-103.5306666667,53.74,86.49,47.48,8.6,281.75,26590.0,0.26,0.00063793,0.32877354,0.00016111,-0.00037778,-40.9,-12.46633333,n/a,0.021111,-90.442453,-0.003926,56.497676,1.318111,0.876894,0.018995,-43.413898,0.006433,-27.566856,-0.001197,17.2205,0.401761,0.876892,0.018991,-13.232553,
EOSS-302,AE0SS-12,2020-10-03 09:55:28.520,2020-10-03 09:55:27,33121.0,10095.28,-2487.3,822.0,descending,True,/155527h3856.03N/10331.71WO157/077EOSS Balloon  www.eoss.org/A=033121!W26!,"AE0SS-12>APTT4,EOSS,qAO,W9CN-9:/155527h3856.03N/10331.71WO157/077EOSS Balloon  www.eoss.org/A=033121!W26!",157.0,89.0,143.2,38.9338666667,-103.5286,54.05,86.99,,,,,,,,0.0001413,-0.00039185,-41.45555556,-12.63566667,n/a,-0.006173,-89.535288,-0.003969,56.357789,1.305375,0.853116,-0.001688,-42.918003,-0.001881,-27.290353,-0.00121,17.177862,0.397879,0.853115,-0.001686,-13.081399,
EOSS-302,KC0D-14,2020-10-03 09:55:46.769,2020-10-03 09:55:45,32448.0,9890.15,-2390.0,840.0,descending,True,/155545h3855.66N/10331.53WO161/076/A=032448 83T2810P EOSS BALLOON,"KC0D-14>APZEOS,EOSS,WIDE2-1,qAO,W0ARP-2:/155545h3855.66N/10331.53WO161/076/A=032448 83T2810P EOSS BALLOON",161.0,87.0,140.0,38.9276666667,-103.5255,54.51,87.72,46.94,8.3,281.45,28100.0,0.28,0.00067487,0.34781437,0.00017222,-0.00035,-39.83333333,-12.14133333,n/a,0.054074,-88.631616,-0.002894,56.234297,1.293026,0.867767,0.044058,-42.215006,0.016478,-27.014916,-0.000882,17.140219,0.394115,0.867759,0.044048,-12.867123,
EOSS-302,AE0SS-12,2020-10-03 09:55:58.408,2020-10-03 09:55:57,31936.0,9734.09,-2370.0,852.0,descending,True,/155557h3855.42N/10331.40WO154/073EOSS Balloon  www.eoss.org/A=031936!W22!,"AE0SS-12>APTT4,EOSS,qAO,W9CN-9:/155557h3855.42N/10331.40WO154/073EOSS Balloon  www.eoss.org/A=031936!W22!",154.0,84.0,135.2,38.9237,-103.5233666667,54.8,88.2,,,,,,,,0.00017444,-0.00033889,-39.5,-12.03966667,n/a,0.011111,-87.754266,-0.002639,56.106198,1.280999,0.860052,0.010734,-41.635331,0.003389,-26.747501,-0.000804,17.101173,0.390449,0.860048,0.010739,-12.690434,
EOSS-302,KC0D-14,2020-10-03 09:56:16.807,2020-10-03 09:56:15,31277.0,9533.23,-2342.0,870.0,descending,True,/155615h3855.08N/10331.21WO152/076/A=031277 77T2964P EOSS BALLOON,"KC0D-14>APZEOS,EOSS,WIDE2-1,qAO,W0ARP-2:/155615h3855.08N/10331.21WO152/076/A=031277 77T2964P EOSS BALLOON",152.0,87.0,140.0,38.918,-103.5201666667,55.23,88.88,45.86,7.7,280.85,29640.0,0.29,0.00071338,0.36765986,0.00017778,-0.00032222,-39.03333333,-11.89733333,n/a,0.015556,-86.899513,-0.002314,55.97622,1.269302,0.855116,0.014079,-40.839024,0.004744,-26.486972,-0.000705,17.061557,0.386884,0.855118,0.014084,-12.447722,
EOSS-302,AE0SS-12,2020-10-03 09:56:28.661,2020-10-03 09:56:27,30778.0,9381.13,-2316.0,882.0,descending,True,/155627h3854.83N/10331.06WO160/076EOSS Balloon  www.eoss.org/A=030778!W99!,"AE0SS-12>APTT4,EOSS,qAO,W9CN-9:/155627h3854.83N/10331.06WO160/076EOSS Balloon  www.eoss.org/A=030778!W99!",160.0,87.0,140.0,38.9139833333,-103.5178166667,55.53,89.37,,,,,,,,0.000185,-0.00032389,-38.6,-11.76533333,n/a,0.014444,-86.066762,-0.00202,55.844318,1.25792,0.849984,0.013088,-40.204664,0.0044,-26.23315,-0.000616,17.021352,0.383414,0.84998,0.013082,-12.254362,
EOSS-302,KC0D-14,2020-10-03 09:56:46.814,2020-10-03 09:56:45,30138.0,9186.06,-2278.0,900.0,descending,True,/155645h3854.50N/10330.87WO157/078/A=030138 74T3119P EOSS BALLOON,"KC0D-14>APZEOS,EOSS,WIDE2-1,qAO,W0ARP-2:/155645h3854.50N/10330.87WO157/078/A=030138 74T3119P EOSS BALLOON",157.0,90.0,144.8,38.9083333333,-103.5145,55.96,90.06,45.32,7.4,280.55,31190.0,0.31,0.00075149,0.38730005,0.00018889,-0.00032222,-37.96666667,-11.57233333,n/a,0.021111,-85.251507,-0.001621,55.713849,1.24684,0.848709,0.018232,-39.36172,0.006433,-25.984662,-0.000494,16.981584,0.380037,0.848703,0.018227,-11.997434,
EOSS-302,AE0SS-12,2020-10-03 09:56:58.627,2020-10-03 09:56:57,29636.0,9033.05,-2284.0,912.0,descending,True,/155657h3854.28N/10330.73WO151/065EOSS Balloon  www.eoss.org/A=029636!W45!,"AE0SS-12>APTT4,EOSS,qAO,W9CN-9:/155657h3854.28N/10330.73WO151/065EOSS Balloon  www.eoss.org/A=029636!W45!",151.0,75.0,120.7,38.9047333333,-103.51225,56.24,90.5,,,,,,,,0.00018556,-0.00030833,-38.06666667,-11.60266667,n/a,-0.003333,-84.465093,-0.00165,55.574536,1.236045,0.834886,-0.001362,-38.685931,-0.001011,-25.744962,-0.000503,16.939122,0.376747,0.83489,-0.001348,-11.791453,
EOSS-302,KC0D-14,2020-10-03 09:57:16.840,2020-10-03 09:57:15,28995.0,8837.68,-2286.0,930.0,descending,True,/155715h3853.97N/10330.49WO150/074/A=028995 68T3282P EOSS BALLOON,"KC0D-14>APZEOS,EOSS,WIDE2-1,qAO,W0ARP-2:/155715h3853.97N/10330.49WO150/074/A=028995 68T3282P EOSS BALLOON",150.0,85.0,136.8,38.8995,-103.5081666667,56.66,91.18,44.24,6.8,279.95,32820.0,0.32,0.00079245,0.40841394,0.00021111,-0.00029444,-38.1,-11.61266667,n/a,-0.001111,-83.705009,-0.001641,55.428286,1.225525,0.822775,0.000432,-37.817261,-0.000333,-25.513285,-0.0005,16.894548,0.373541,0.822787,0.000447,-11.526691,
EOSS-302,AE0SS-12,2020-10-03 09:57:28.654,2020-10-03 09:57:27,28504.0,8688.02,-2264.0,942.0,descending,True,/155727h3853.76N/10330.33WO145/066EOSS Balloon  www.eoss.org/A=028504!W76!,"AE0SS-12>APTT4,EOSS,qAO,W9CN-9:/155727h3853.76N/10330.33WO145/066EOSS Balloon  www.eoss.org/A=028504!W76!",145.0,76.0,122.3,38.8961166667,-103.5056,56.93,91.62,,,,,,,,0.00022167,-0.00028722,-37.73333333,-11.501,n/a,0.012222,-82.96353,-0.001414,55.281249,1.215271,0.818183,0.011221,-37.156986,0.003722,-25.28728,-0.000431,16.849732,0.370415,0.81819,0.011212,-11.325435,
EOSS-302,KC0D-14,2020-10-03 09:57:46.834,2020-10-03 09:57:45,27868.0,8494.17,-2254.0,960.0,descending,True,/155745h3853.46N/10330.08WO143/072/A=027868 66T3448P EOSS BALLOON,"KC0D-14>APZEOS,EOSS,WIDE2-1,qAO,W0ARP-2:/155745h3853.46N/10330.08WO143/072/A=027868 66T3448P EOSS BALLOON",143.0,83.0,133.6,38.891,-103.5013333333,57.35,92.3,43.88,6.6,279.75,34480.0,0.34,0.00083313,0.42937782,0.00022778,-0.00028333,-37.56666667,-11.45033333,n/a,0.005556,-82.242945,-0.001302,55.1311,1.205269,0.810364,0.00569,-36.321822,0.001689,-25.067646,-0.000397,16.803966,0.367366,0.810363,0.005678,-11.070882,
EOSS-302,AE0SS-12,2020-10-03 09:57:58.465,2020-10-03 09:57:57,27389.0,8348.17,-2230.0,972.0,descending,True,/155757h3853.25N/10329.88WO139/072EOSS Balloon  www.eoss.org/A=027389!W39!,"AE0SS-12>APTT4,EOSS,qAO,W9CN-9:/155757h3853.25N/10329.88WO139/072EOSS Balloon  www.eoss.org/A=027389!W39!",139.0,83.0,133.6,38.88755,-103.49815,57.64,92.77,,,,,,,,0.00024833,-0.00028556,-37.16666667,-11.32833333,n/a,0.013333,-81.538628,-0.001069,54.981279,1.195511,0.807038,0.012047,-35.71681,0.004067,-24.85297,-0.000326,16.758302,0.364392,0.807041,0.012056,-10.886473,
EOSS-302,KC0D-14,2020-10-03 09:58:16.838,2020-10-03 09:58:15,26779.0,8162.24,-2178.0,990.0,descending,True,/155815h3852.94N/10329.59WO146/080/A=026779 61T3616P EOSS BALLOON,"KC0D-14>APZEOS,EOSS,WIDE2-1,qAO,W0ARP-2:/155815h3852.94N/10329.59WO146/080/A=026779 61T3616P EOSS BALLOON",146.0,92.0,148.1,38.8823333333,-103.4931666667,58.09,93.48,42.98,6.1,279.25,36160.0,0.36,0.00087529,0.45110505,0.00027222,-0.00028889,-36.3,-11.06433333,n/a,0.028889,-80.84265,-0.000601,54.837877,1.185991,0.812261,0.024865,-34.987588,0.0088,-24.640837,-0.000183,16.714592,0.36149,0.812255,0.02485,-10.664205,
EOSS-302,AE0SS-12,2020-10-03 09:58:28.394,2020-10-03 09:58:27,26319.0,8022.03,-2140.0,1002.0,descending,True,/155827h3852.72N/10329.40WO138/076EOSS Balloon  www.eoss.org/A=026319!W99!,"AE0SS-12>APTT4,EOSS,qAO,W9CN-9:/155827h3852.72N/10329.40WO138/076EOSS Balloon  www.eoss.org/A=026319!W99!",138.0,87.0,140.0,38.8788166667,-103.49015,58.38,93.95,,,,,,,,0.00026667,-0.00029111,-35.66666667,-10.87133333,n/a,0.021111,-80.158165,-0.000267,54.697811,1.176692,0.813405,0.018168,-34.475169,0.006433,-24.432208,-8.2e-05,16.671898,0.358656,0.813397,0.018165,-10.508019,
EOSS-302,KC0D-14,2020-10-03 09:58:46.827,2020-10-03 09:58:45,25720.0,7839.46,-2118.0,1020.0,descending,True,/155845h3852.41N/10329.14WO146/080/A=025720 60T3785P EOSS BALLOON,"KC0D-14>APZEOS,EOSS,WIDE2-1,qAO,W0ARP-2:/155845h3852.41N/10329.14WO146/080/A=025720 60T3785P EOSS BALLOON",146.0,92.0,148.1,38.8735,-103.4856666667,58.82,94.66,42.8,6.0,279.15,37850.0,0.37,0.00091652,0.47235737,0.00025,-0.00029444,-35.3,-10.75933333,n/a,0.012222,-79.48864,-7.8e-05,54.557796,1.167606,0.809942,0.010534,-33.864521,0.003733,-24.228135,-2.4e-05,16.629222,0.355887,0.809948,0.010557,-10.3219,
EOSS-302,AE0SS-12,2020-10-03 09:58:58.496,2020-10-03 09:58:57,25275.0,7703.82,-2088.0,1032.0,descending,True,/155857h3852.21N/10328.95WO146/067EOSS Balloon  www.eoss.org/A=025275!W34!,"AE0SS-12>APTT4,EOSS,qAO,W9CN-9:/155857h3852.21N/10328.95WO146/067EOSS Balloon  www.eoss.org/A=025275!W34!",146.0,77.0,123.9,38.8702166667,-103.4825666667,59.1,95.11,,,,,,,,0.00025278,-0.00028667,-34.8,-10.607,n/a,0.016667,-78.831454,0.000172,54.419626,1.158729,0.80911,0.014235,-33.456731,0.005078,-24.027824,5.2e-05,16.587108,0.353181,0.809112,0.014231,-10.197603,
EOSS-302,KC0D-14,2020-10-03 09:59:16.778,2020-10-03 09:59:15,24670.0,7519.42,-2100.0,1050.0,descending,True,/155915h3851.91N/10328.71WO146/073/A=024670 55T3958P EOSS BALLOON,"KC0D-14>APZEOS,EOSS,WIDE2-1,qAO,W0ARP-2:/155915h3851.91N/10328.71WO146/073/A=024670 55T3958P EOSS BALLOON",146.0,84.0,135.2,38.8651666667,-103.4785,59.51,95.77,41.9,5.5,278.65,39580.0,0.39,0.00096014,0.49483361,0.00023889,-0.00027778,-35.0,-10.668,n/a,-0.006667,-78.196216,7.1e-05,54.275111,1.150049,0.795875,-0.005859,-32.969711,-0.002033,-23.834204,2.2e-05,16.54306,0.350535,0.795875,-0.005862,-10.049164,
EOSS-302,AE0SS-12,2020-10-03 09:59:28.480,2020-10-03 09:59:27,24212.0,7379.82,-2126.0,1062.0,descending,True,/155927h3851.72N/10328.54WO149/059EOSS Balloon  www.eoss.org/A=024212!W15!,"AE0SS-12>APTT4,EOSS,qAO,W9CN-9:/155927h3851.72N/10328.54WO149/059EOSS Balloon  www.eoss.org/A=024212!W15!",149.0,68.0,109.4,38.8620166667,-103.47575,59.77,96.19,,,,,,,,0.00022722,-0.00027333,-35.43333333,-10.8,n/a,-0.014444,-77.585317,-0.000139,54.122259,1.141563,0.778829,-0.012531,-32.654421,-0.0044,-23.648001,-4.2e-05,16.496472,0.347949,0.778833,-0.012525,-9.953064,
EOSS-302,KC0D-14,2020-10-03 09:59:46.813,2020-10-03 09:59:45,23624.0,7200.6,-2092.0,1080.0,descending,True,/155945h3851.46N/10328.29WO141/060/A=023624 55T4136P EOSS BALLOON,"KC0D-14>APZEOS,EOSS,WIDE2-1,qAO,W0ARP-2:/155945h3851.46N/10328.29WO141/060/A=023624 55T4136P EOSS BALLOON",141.0,69.0,111.0,38.8576666667,-103.4715,60.15,96.79,41.9,5.5,278.65,41360.0,0.41,0.00100332,0.51708737,0.00023333,-0.00025,-34.86666667,-10.62733333,n/a,0.018889,-76.983646,0.000133,53.972915,1.133263,0.780335,0.01655,-32.317195,0.005756,-23.464611,4e-05,16.450952,0.345419,0.780336,0.016548,-9.850281,
EOSS-302,AE0SS-12,2020-10-03 09:59:58.468,2020-10-03 09:59:57,23198.0,7070.75,-2028.0,1092.0,descending,True,/155957h3851.30N/10328.11WO128/052EOSS Balloon  www.eoss.org/A=023198!W83!,"AE0SS-12>APTT4,EOSS,qAO,W9CN-9:/155957h3851.30N/10328.11WO128/052EOSS Balloon  www.eoss.org/A=023198!W83!",128.0,60.0,96.6,38.8551333333,-103.46855,60.38,97.17,,,,,,,,0.00024,-0.00022944,-33.8,-10.30233333,n/a,0.035556,-76.383873,0.000632,53.83258,1.125147,0.791043,0.031039,-32.118863,0.010833,-23.281802,0.000192,16.408176,0.342945,0.791037,0.031028,-9.789828,
EOSS-302,KC0D-14,2020-10-03 10:00:16.826,2020-10-03 10:00:15,22644.0,6901.89,-1960.0,1110.0,descending,True,/160015h3851.09N/10327.86WO131/055/A=022644 51T4308P EOSS BALLOON,"KC0D-14>APZEOS,EOSS,WIDE2-1,qAO,W0ARP-2:/160015h3851.09N/10327.86WO131/055/A=022644 51T4308P EOSS BALLOON",131.0,63.0,101.4,38.8515,-103.4643333333,60.71,97.7,41.18,5.1,278.25,43080.0,0.43,0.00104654,0.53936526,0.00023889,-0.00020556,-32.66666667,-9.957,n/a,0.037778,-75.785008,0.001148,53.701752,1.117204,0.802922,0.032787,-31.914724,0.011511,-23.09927,0.00035,16.368298,0.340524,0.80291,0.032776,-9.727608,
EOSS-302,AE0SS-12,2020-10-03 10:00:28.488,2020-10-03 10:00:27,22224.0,6773.88,-1948.0,1122.0,descending,True,/160027h3850.96N/10327.68WO133/057EOSS Balloon  www.eoss.org/A=022224!W36!,"AE0SS-12>APTT4,EOSS,qAO,W9CN-9:/160027h3850.96N/10327.68WO133/057EOSS Balloon  www.eoss.org/A=022224!W36!",133.0,66.0,106.2,38.8493833333,-103.4614333333,60.91,98.03,,,,,,,,0.00023722,-0.00019167,-32.46666667,-9.89566667,n/a,0.006667,-75.199625,0.001223,53.569868,1.109419,0.797705,0.004907,-31.796442,0.002044,-22.920843,0.000373,16.328101,0.338151,0.797715,0.004942,-9.691559,
EOSS-302,KC0D-14,2020-10-03 10:00:46.799,2020-10-03 10:00:45,21665.0,6603.49,-1958.0,1140.0,descending,True,/160045h3850.77N/10327.44WO133/052/A=021665 52T4486P EOSS BALLOON,"KC0D-14>APZEOS,EOSS,WIDE2-1,qAO,W0ARP-2:/160045h3850.77N/10327.44WO133/052/A=021665 52T4486P EOSS BALLOON",133.0,60.0,96.6,38.8461666667,-103.4573333333,61.22,98.52,41.36,5.2,278.35,44860.0,0.44,0.00108939,0.56144923,0.00023333,-0.00017778,-32.63333333,-9.94666667,n/a,-0.005556,-74.632074,0.001132,53.433221,1.101794,0.786004,-0.00607,-31.68001,-0.0017,-22.747854,0.000345,16.286451,0.335827,0.786002,-0.006089,-9.656071,
EOSS-302,AE0SS-12,2020-10-03 10:00:58.617,2020-10-03 10:00:57,21236.0,6472.73,-1976.0,1152.0,descending,True,/160057h3850.64N/10327.27WO138/043EOSS Balloon  www.eoss.org/A=021236!W18!,"AE0SS-12>APTT4,EOSS,qAO,W9CN-9:/160057h3850.64N/10327.27WO138/043EOSS Balloon  www.eoss.org/A=021236!W18!",138.0,49.0,78.9,38.8440166667,-103.4546333333,61.42,98.84,,,,,,,,0.00022667,-0.00017889,-32.93333333,-10.03833333,n/a,-0.01,-74.083406,0.000983,53.290898,1.094325,0.772178,-0.010036,-31.615618,-0.003056,-22.580624,0.0003,16.243068,0.333551,0.772163,-0.010061,-9.636445,
EOSS-302,KC0D-14,2020-10-03 10:01:16.834,2020-10-03 10:01:15,20695.0,6307.84,-1940.0,1170.0,descending,True,/160115h3850.46N/10327.05WO135/048/A=020695 49T4671P EOSS BALLOON,"KC0D-14>APZEOS,EOSS,WIDE2-1,qAO,W0ARP-2:/160115h3850.46N/10327.05WO135/048/A=020695 49T4671P EOSS BALLOON",135.0,55.0,88.5,38.841,-103.4508333333,61.7,99.3,40.82,4.9,278.05,46710.0,0.46,0.00113554,0.58523382,0.00021667,-0.00017222,-32.33333333,-9.855,n/a,0.02,-73.541198,0.001233,53.152513,1.087007,0.775276,0.017265,-31.554746,0.006111,-22.415356,0.000376,16.200891,0.33132,0.775288,0.01731,-9.617894,
EOSS-302,AE0SS-12,2020-10-03 10:01:28.513,2020-10-03 10:01:27,20268.0,6177.69,-1936.0,1182.0,descending,True,/160127h3850.32N/10326.91WO132/053EOSS Balloon  www.eoss.org/A=020268!W71!,"AE0SS-12>APTT4,EOSS,qAO,W9CN-9:/160127h3850.32N/10326.91WO132/053EOSS Balloon  www.eoss.org/A=020268!W71!",132.0,61.0,98.2,38.8387833333,-103.4485166667,61.9,99.61,,,,,,,,0.00020389,-0.00017444,-32.26666667,-9.83466667,n/a,0.002222,-73.012037,0.001246,53.012638,1.079832,0.768597,0.000904,-31.514255,0.000678,-22.254065,0.00038,16.158259,0.329133,0.76861,0.000905,-9.605553,
EOSS-302,KC0D-14,2020-10-03 10:01:46.784,2020-10-03 10:01:45,19752.0,6020.41,-1886.0,1200.0,descending,True,/160145h3850.15N/10326.70WO139/043/A=019752 50T4853P EOSS BALLOON,"KC0D-14>APZEOS,EOSS,WIDE2-1,qAO,W0ARP-2:/160145h3850.15N/10326.70WO139/043/A=019752 50T4853P EOSS BALLOON",139.0,49.0,78.9,38.8358333333,-103.445,62.17,100.05,41.0,5.0,278.15,48530.0,0.48,0.00117936,0.60781817,0.00019444,-0.00017222,-31.43333333,-9.581,n/a,0.027778,-72.485724,0.001586,52.879043,1.072801,0.776345,0.024415,-31.462909,0.008456,-22.093646,0.000483,16.117538,0.32699,0.776337,0.024383,-9.589904,
EOSS-302,AE0SS-12,2020-10-03 10:01:58.569,2020-10-03 10:01:57,19336.0,5893.61,-1864.0,1212.0,descending,True,/160157h3850.02N/10326.58WO143/052EOSS Balloon  www.eoss.org/A=019336!W48!,"AE0SS-12>APTT4,EOSS,qAO,W9CN-9:/160157h3850.02N/10326.58WO143/052EOSS Balloon  www.eoss.org/A=019336!W48!",143.0,60.0,96.6,38.8337333333,-103.4431333333,62.34,100.33,,,,,,,,0.00017944,-0.00016833,-31.06666667,-9.46933333,n/a,0.012222,-71.967986,0.001721,52.746967,1.065903,0.775425,0.009852,-31.411066,0.003722,-21.935842,0.000524,16.077279,0.324888,0.775412,0.009843,-9.574102,
EOSS-302,KC0D-14,2020-10-03 10:02:16.811,2020-10-03 10:02:15,18846.0,5744.26,-1812.0,1230.0,descending,True,/160215h3849.83N/10326.41WO136/046/A=018846 48T5034P EOSS BALLOON,"KC0D-14>APZEOS,EOSS,WIDE2-1,qAO,W0ARP-2:/160215h3849.83N/10326.41WO136/046/A=018846 48T5034P EOSS BALLOON",136.0,53.0,85.3,38.8305,-103.4401666667,62.62,100.77,40.64,4.8,277.95,50340.0,0.5,0.00122423,0.63094134,0.00016111,-0.00017778,-30.2,-9.205,n/a,0.028889,-71.452332,0.002061,52.621311,1.05914,0.783947,0.02533,-31.327864,0.008811,-21.778671,0.000628,16.038978,0.322826,0.783945,0.025348,-9.548743,
EOSS-302,AE0SS-12,2020-10-03 10:02:28.333,2020-10-03 10:02:27,18447.0,5622.65,-1778.0,1242.0,descending,True,/160227h3849.71N/10326.28WO129/042EOSS Balloon  www.eoss.org/A=018447!W56!,"AE0SS-12>APTT4,EOSS,qAO,W9CN-9:/160227h3849.71N/10326.28WO129/042EOSS Balloon  www.eoss.org/A=018447!W56!",129.0,48.0,77.2,38.8285833333,-103.4381,62.79,101.05,,,,,,,,0.00016778,-0.00017167,-29.63333333,-9.032,n/a,0.018889,-70.942344,0.002268,52.498993,1.052501,0.786853,0.015792,-31.235267,0.005767,-21.623224,0.000691,16.001698,0.320803,0.786868,0.015823,-9.520521,
EOSS-302,KC0D-14,2020-10-03 10:02:47.148,2020-10-03 10:02:45,17968.0,5476.65,-1756.0,1260.0,descending,True,/160245h3849.53N/10326.11WO140/044/A=017968 50T5215P EOSS BALLOON,"KC0D-14>APZEOS,EOSS,WIDE2-1,qAO,W0ARP-2:/160245h3849.53N/10326.11WO140/044/A=017968 50T5215P EOSS BALLOON",140.0,51.0,82.1,38.8255,-103.4351666667,63.05,101.47,41.0,5.0,278.15,52150.0,0.51,0.00126733,0.65315717,0.00016667,-0.00016667,-29.26666667,-8.92033333,n/a,0.012222,-70.440228,0.00239,52.378038,1.045984,0.786084,0.0094,-31.08648,0.003722,-21.470177,0.000728,15.964832,0.318816,0.786093,0.009391,-9.475171,
EOSS-302,AE0SS-12,2020-10-03 10:02:58.433,2020-10-03 10:02:57,17594.0,5362.65,-1706.0,1272.0,descending,True,/160257h3849.40N/10325.98WO149/053EOSS Balloon  www.eoss.org/A=017594!W47!,"AE0SS-12>APTT4,EOSS,qAO,W9CN-9:/160257h3849.40N/10325.98WO149/053EOSS Balloon  www.eoss.org/A=017594!W47!",149.0,61.0,98.2,38.8234,-103.4331166667,63.23,101.76,,,,,,,,0.00016611,-0.00017278,-28.43333333,-8.66666667,n/a,0.027778,-69.940146,0.002696,52.262912,1.039591,0.794192,0.024127,-30.936847,0.008456,-21.317755,0.000822,15.92974,0.316868,0.79418,0.024092,-9.429561,
EOSS-302,KC0D-14,2020-10-03 10:03:16.840,2020-10-03 10:03:15,17141.0,5224.58,-1654.0,1290.0,descending,True,/160315h3849.22N/10325.79WO141/051/A=017141 48T5390P EOSS BALLOON,"KC0D-14>APZEOS,EOSS,WIDE2-1,qAO,W0ARP-2:/160315h3849.22N/10325.79WO141/051/A=017141 48T5390P EOSS BALLOON",141.0,59.0,95.0,38.8203333333,-103.4298333333,63.5,102.2,40.64,4.8,277.95,53900.0,0.53,0.0013108,0.67556095,0.00017778,-0.00017222,-27.56666667,-8.40233333,n/a,0.028889,-69.441634,0.003007,52.1538,1.033313,0.802913,0.025048,-30.711501,0.008811,-21.165808,0.000917,15.896483,0.314954,0.802912,0.025064,-9.360878,
EOSS-302,AE0SS-12,2020-10-03 10:03:28.443,2020-10-03 10:03:27,16754.0,5106.62,-1680.0,1302.0,descending,True,/160327h3849.10N/10325.66WO129/043EOSS Balloon  www.eoss.org/A=016754!W33!,"AE0SS-12>APTT4,EOSS,qAO,W9CN-9:/160327h3849.10N/10325.66WO129/043EOSS Balloon  www.eoss.org/A=016754!W33!",129.0,49.0,78.9,38.8183833333,-103.4277166667,63.68,102.48,,,,,,,,0.00018,-0.00016722,-28.0,-8.53433333,n/a,-0.014444,-68.959755,0.002802,52.038337,1.027146,0.787107,-0.01679,-30.478049,-0.0044,-21.018931,0.000854,15.86129,0.313074,0.787111,-0.016782,-9.28972,
EOSS-302,KC0D-14,2020-10-03 10:03:46.861,2020-10-03 10:03:45,16311.0,4971.59,-1660.0,1320.0,descending,True,/160345h3848.95N/10325.48WO137/033/A=016311 51T5570P EOSS BALLOON,"KC0D-14>APZEOS,EOSS,WIDE2-1,qAO,W0ARP-2:/160345h3848.95N/10325.48WO137/033/A=016311 51T5570P EOSS BALLOON",137.0,38.0,61.2,38.8158333333,-103.4246666667,63.91,102.86,41.18,5.1,278.25,55700.0,0.55,0.00135312,0.69736873,0.00017222,-0.00015,-27.66666667,-8.433,n/a,0.011111,-68.485121,0.002899,51.923977,1.021086,0.78612,0.008042,-30.163039,0.003378,-20.874265,0.000883,15.826431,0.311227,0.786107,0.008017,-9.193702,
EOSS-302,AE0SS-12,2020-10-03 10:03:58.514,2020-10-03 10:03:57,15944.0,4859.73,-1620.0,1332.0,descending,True,/160357h3848.86N/10325.37WO150/038EOSS Balloon  www.eoss.org/A=015944!W63!,"AE0SS-12>APTT4,EOSS,qAO,W9CN-9:/160357h3848.86N/10325.37WO150/038EOSS Balloon  www.eoss.org/A=015944!W63!",150.0,44.0,70.8,38.8144333333,-103.4228833333,64.05,103.07,,,,,,,,0.00016111,-0.00013167,-27.0,-8.22966667,n/a,0.022222,-68.013699,0.003121,51.813769,1.015134,0.79156,0.018816,-29.863812,0.006778,-20.730576,0.000951,15.792839,0.309413,0.791556,0.018832,-9.102498,
EOSS-302,KC0D-14,2020-10-03 10:04:16.728,2020-10-03 10:04:15,15473.0,4716.17,-1676.0,1350.0,descending,True,/160415h3848.74N/10325.22WO132/033/A=015473 50T5757P EOSS BALLOON,"KC0D-14>APZEOS,EOSS,WIDE2-1,qAO,W0ARP-2:/160415h3848.74N/10325.22WO132/033/A=015473 50T5757P EOSS BALLOON",132.0,38.0,61.2,38.8123333333,-103.4203333333,64.24,103.39,41.0,5.0,278.15,57570.0,0.57,0.00139905,0.72104042,0.00014444,-0.00011667,-27.93333333,-8.514,n/a,-0.031111,-67.563358,0.002732,51.693413,1.00929,0.766636,-0.033531,-29.431896,-0.009478,-20.593311,0.000833,15.756155,0.307632,0.766641,-0.033517,-8.970849,
EOSS-302,AE0SS-12,2020-10-03 10:04:28.480,2020-10-03 10:04:27,15097.0,4601.57,-1694.0,1362.0,descending,True,/160427h3848.65N/10325.12WO123/035EOSS Balloon  www.eoss.org/A=015097!W02!,"AE0SS-12>APTT4,EOSS,qAO,W9CN-9:/160427h3848.65N/10325.12WO123/035EOSS Balloon  www.eoss.org/A=015097!W02!",123.0,40.0,64.4,38.8108333333,-103.4187,64.38,103.6,,,,,,,,0.00013944,-0.00012,-28.23333333,-8.60533333,n/a,-0.01,-67.126358,0.002589,51.569093,1.00354,0.754193,-0.012545,-29.052644,-0.003044,-20.460112,0.000789,15.718264,0.305879,0.754204,-0.012531,-8.855258,
EOSS-302,KC0D-14,2020-10-03 10:04:46.763,2020-10-03 10:04:45,14633.0,4460.14,-1680.0,1380.0,descending,True,/160445h3848.53N/10325.00WO146/030/A=014633 54T5948P EOSS BALLOON,"KC0D-14>APZEOS,EOSS,WIDE2-1,qAO,W0ARP-2:/160445h3848.53N/10325.00WO146/030/A=014633 54T5948P EOSS BALLOON",146.0,35.0,56.3,38.8088333333,-103.4166666667,64.55,103.88,41.72,5.4,278.55,59480.0,0.59,0.00144339,0.74389261,0.00012222,-0.00011667,-28.0,-8.53433333,n/a,0.007778,-66.696398,0.002646,51.445559,0.997886,0.752182,0.005143,-28.550797,0.002367,-20.329059,0.000807,15.680612,0.304156,0.752185,0.005129,-8.702291,
EOSS-302,AE0SS-12,2020-10-03 10:04:58.591,2020-10-03 10:04:57,14254.0,4344.62,-1686.0,1392.0,descending,True,/160457h3848.45N/10324.90WO152/021EOSS Balloon  www.eoss.org/A=014254!W75!,"AE0SS-12>APTT4,EOSS,qAO,W9CN-9:/160457h3848.45N/10324.90WO152/021EOSS Balloon  www.eoss.org/A=014254!W75!",152.0,24.0,38.6,38.8076166667,-103.4150833333,64.67,104.07,,,,,,,,0.00012056,-0.00010722,-28.1,-8.565,n/a,-0.003333,-66.276872,0.002581,51.320111,0.992327,0.743897,-0.00596,-28.121697,-0.001022,-20.201189,0.000787,15.642374,0.302462,0.743889,-0.005981,-8.571499,
EOSS-302,KC0D-14,2020-10-03 10:05:16.817,2020-10-03 10:05:15,13805.0,4207.76,-1656.0,1410.0,descending,True,/160515h3848.36N/10324.80WO128/024/A=013805 53T6143P EOSS BALLOON,"KC0D-14>APZEOS,EOSS,WIDE2-1,qAO,W0ARP-2:/160515h3848.36N/10324.80WO128/024/A=013805 53T6143P EOSS BALLOON",128.0,28.0,45.1,38.806,-103.4133333333,64.81,104.3,41.54,5.3,278.45,61430.0,0.61,0.00149125,0.7685564,0.00011111,-9.444e-05,-27.6,-8.41266667,n/a,0.016667,-65.860992,0.002734,51.197763,0.986861,0.747318,0.014119,-27.604199,0.005078,-20.074431,0.000833,15.605081,0.300795,0.747306,0.014113,-8.413759,
EOSS-302,AE0SS-12,2020-10-03 10:05:28.914,2020-10-03 10:05:27,13427.0,4092.55,-1654.0,1422.0,descending,True,/160527h3848.30N/10324.73WO136/033EOSS Balloon  www.eoss.org/A=013427!W18!,"AE0SS-12>APTT4,EOSS,qAO,W9CN-9:/160527h3848.30N/10324.73WO136/033EOSS Balloon  www.eoss.org/A=013427!W18!",136.0,38.0,61.2,38.8050166667,-103.4123,64.9,104.44,,,,,,,,9.278e-05,-8.667e-05,-27.56666667,-8.40233333,n/a,0.001111,-65.453605,0.002716,51.074715,0.981483,0.741794,-0.001635,-27.173141,0.000344,-19.950259,0.000828,15.567575,0.299156,0.741793,-0.001618,-8.282376,
EOSS-302,KC0D-14,2020-10-03 10:05:46.883,2020-10-03 10:05:45,12959.0,3949.9,-1692.0,1440.0,descending,True,/160545h3848.21N/10324.64WO145/027/A=012959 58T6346P EOSS BALLOON,"KC0D-14>APZEOS,EOSS,WIDE2-1,qAO,W0ARP-2:/160545h3848.21N/10324.64WO145/027/A=012959 58T6346P EOSS BALLOON",145.0,31.0,49.9,38.8035,-103.4106666667,65.03,104.66,42.44,5.8,278.95,63460.0,0.63,0.00153776,0.7925308,8.889e-05,-8.333e-05,-28.2,-8.59533333,n/a,-0.021111,-65.061462,0.002463,50.945892,0.976195,0.723541,-0.024149,-26.664333,-0.006433,-19.830734,0.000751,15.52831,0.297545,0.723543,-0.024144,-8.127286,
EOSS-302,AE0SS-12,2020-10-03 10:05:58.639,2020-10-03 10:05:57,12584.0,3835.6,-1686.0,1452.0,descending,True,/160557h3848.14N/10324.57WO134/031EOSS Balloon  www.eoss.org/A=012584!W28!,"AE0SS-12>APTT4,EOSS,qAO,W9CN-9:/160557h3848.14N/10324.57WO134/031EOSS Balloon  www.eoss.org/A=012584!W28!",134.0,36.0,57.9,38.8023666667,-103.4096333333,65.13,104.81,,,,,,,,8.889e-05,-8.833e-05,-28.1,-8.565,n/a,0.003333,-64.676447,0.002472,50.817258,0.970988,0.719764,0.000887,-26.292193,0.001011,-19.713383,0.000753,15.489102,0.295958,0.719757,0.000872,-8.013856,
EOSS-302,KC0D-14,2020-10-03 10:06:16.851,2020-10-03 10:06:15,12136.0,3699.05,-1646.0,1470.0,descending,True,/160615h3848.05N/10324.49WO157/021/A=012136 58T6550P EOSS BALLOON,"KC0D-14>APZEOS,EOSS,WIDE2-1,qAO,W0ARP-2:/160615h3848.05N/10324.49WO157/021/A=012136 58T6550P EOSS BALLOON",157.0,24.0,38.6,38.8008333333,-103.4081666667,65.26,105.02,42.44,5.8,278.95,65500.0,0.65,0.0015872,0.81800768,8.333e-05,-8.889e-05,-27.43333333,-8.36166667,n/a,0.022222,-64.292497,0.002678,50.693128,0.965867,0.727104,0.020235,-25.909376,0.006778,-19.596355,0.000816,15.451267,0.294396,0.727105,0.020252,-7.897173,
EOSS-302,AE0SS-12,2020-10-03 10:06:28.597,2020-10-03 10:06:27,11773.0,3588.41,-1622.0,1482.0,descending,True,/160627h3847.98N/10324.43WO149/032EOSS Balloon  www.eoss.org/A=011773!W89!,"AE0SS-12>APTT4,EOSS,qAO,W9CN-9:/160627h3847.98N/10324.43WO149/032EOSS Balloon  www.eoss.org/A=011773!W89!",149.0,37.0,59.5,38.7998,-103.4073166667,65.34,105.16,,,,,,,,7.722e-05,-8.556e-05,-27.03333333,-8.23966667,n/a,0.013333,-63.912302,0.002788,50.571398,0.960823,0.729246,0.010975,-25.663401,0.004067,-19.48047,0.00085,15.414165,0.292859,0.729252,0.010985,-7.8222,
EOSS-302,KC0D-14,2020-10-03 10:06:46.905,2020-10-03 10:06:45,11300.0,3444.24,-1672.0,1500.0,descending,True,/160645h3847.91N/10324.34WO126/023/A=011300 63T6763P EOSS BALLOON,"KC0D-14>APZEOS,EOSS,WIDE2-1,qAO,W9CN-9:/160645h3847.91N/10324.34WO126/023/A=011300 63T6763P EOSS BALLOON",126.0,26.0,41.8,38.7985,-103.4056666667,65.47,105.36,43.34,6.3,279.45,67630.0,0.67,0.00163588,0.84309735,8.333e-05,-7.778e-05,-27.86666667,-8.49366667,n/a,-0.027778,-63.548204,0.002476,50.442976,0.955863,0.707364,-0.031651,-25.449435,-0.008467,-19.369492,0.000755,15.375022,0.291347,0.70737,-0.031653,-7.756982,
EOSS-302,AE0SS-12,2020-10-03 10:06:58.618,2020-10-03 10:06:57,10933.0,3332.38,-1680.0,1512.0,descending,True,/160657h3847.85N/10324.26WO120/031EOSS Balloon  www.eoss.org/A=010933!W16!,"AE0SS-12>APTT4,EOSS,qAO,W9CN-9:/160657h3847.85N/10324.26WO120/031EOSS Balloon  www.eoss.org/A=010933!W16!",120.0,36.0,57.9,38.7975166667,-103.4044333333,65.56,105.51,,,,,,,,9.611e-05,-7.611e-05,-28.0,-8.53433333,n/a,-0.004444,-63.192722,0.002406,50.313305,0.950974,0.699471,-0.007203,-25.379118,-0.001356,-19.261141,0.000733,15.335499,0.289857,0.699476,-0.007207,-7.735548,
EOSS-302,KC0D-14,2020-10-03 10:07:16.994,2020-10-03 10:07:15,10487.0,3196.44,-1626.0,1530.0,descending,True,/160715h3847.80N/10324.15WO102/020/A=010487 64T6974P EOSS BALLOON,"KC0D-14>APZEOS,EOSS,WIDE2-1,qAO,W9CN-9:/160715h3847.80N/10324.15WO102/020/A=010487 64T6974P EOSS BALLOON",102.0,23.0,37.0,38.7966666667,-103.4025,65.66,105.67,43.52,6.4,279.55,69740.0,0.69,0.00168631,0.86909028,0.00010556,-6.111e-05,-27.1,-8.26,n/a,0.03,-62.835369,0.002682,50.189762,0.946163,0.712005,0.028872,-25.41741,0.009144,-19.152218,0.000817,15.297843,0.288391,0.71201,0.028874,-7.747217,
EOSS-302,AE0SS-12,2020-10-03 10:07:28.350,2020-10-03 10:07:27,10129.0,3087.32,-1608.0,1542.0,descending,True,/160727h3847.77N/10324.04WO123/026EOSS Balloon  www.eoss.org/A=010129!W78!,"AE0SS-12>APTT4,EOSS,qAO,W9CN-9:/160727h3847.77N/10324.04WO123/026EOSS Balloon  www.eoss.org/A=010129!W78!",123.0,30.0,48.3,38.7962833333,-103.4008,65.73,105.79,,,,,,,,0.00012111,-4.111e-05,-26.8,-8.16866667,n/a,0.01,-62.482081,0.002754,50.067977,0.94142,0.712673,0.007697,-25.549415,0.003044,-19.044536,0.000839,15.260723,0.286945,0.712671,0.007684,-7.787451,
EOSS-302,KC0D-14,2020-10-03 10:07:47.033,2020-10-03 10:07:45,9700.0,2956.56,-1574.0,1560.0,descending,True,/160745h3847.69N/10323.93WO146/023/A=009700 69T7184P EOSS BALLOON,"KC0D-14>APZEOS,EOSS,WIDE2-1,qAO,W9CN-9:/160745h3847.69N/10323.93WO146/023/A=009700 69T7184P EOSS BALLOON",146.0,26.0,41.8,38.7948333333,-103.3988333333,65.87,106.01,44.42,6.9,280.05,71840.0,0.71,0.00173399,0.8936618,0.00012222,-6.111e-05,-26.23333333,-7.996,n/a,0.018889,-62.130151,0.002912,49.949803,0.93675,0.718658,0.017056,-25.821612,0.005756,-18.937269,0.000888,15.224703,0.285522,0.718652,0.017049,-7.870416,
EOSS-302,AE0SS-12,2020-10-03 10:07:58.426,2020-10-03 10:07:57,9332.0,2844.39,-1594.0,1572.0,descending,True,/160757h3847.63N/10323.88WO123/018EOSS Balloon  www.eoss.org/A=009332!W69!,"AE0SS-12>APTT4,EOSS,qAO,W9CN-9:/160757h3847.63N/10323.88WO123/018EOSS Balloon  www.eoss.org/A=009332!W69!",123.0,21.0,33.8,38.7939333333,-103.39815,65.95,106.13,,,,,,,,8.833e-05,-7.833e-05,-26.56666667,-8.09766667,n/a,-0.011111,-61.788194,0.002776,49.828916,0.932147,0.706849,-0.014898,-26.141029,-0.003389,-18.833042,0.000846,15.187856,0.284119,0.706839,-0.014906,-7.967777,
EOSS-302,KC0D-14,2020-10-03 10:08:16.941,2020-10-03 10:08:15,8897.0,2711.81,-1606.0,1590.0,descending,True,/160815h3847.53N/10323.81WO165/029/A=008897 70T7405P EOSS BALLOON,"KC0D-14>APZEOS,EOSS,WIDE2-1,qAO,W9CN-9:/160815h3847.53N/10323.81WO165/029/A=008897 70T7405P EOSS BALLOON",165.0,33.0,53.1,38.7921666667,-103.3968333333,66.09,106.36,44.6,7.0,280.15,74050.0,0.73,0.00178669,0.92082454,6.667e-05,-8.889e-05,-26.76666667,-8.15833333,n/a,-0.006667,-61.454656,0.002686,49.706415,0.927612,0.697857,-0.010083,-26.589101,-0.002022,-18.731378,0.000819,15.150518,0.282736,0.697867,-0.010048,-8.10434,
EOSS-302,AE0SS-12,2020-10-03 10:08:28.752,2020-10-03 10:08:27,8535.0,2601.47,-1594.0,1602.0,descending,True,/160827h3847.44N/10323.78WO157/021EOSS Balloon  www.eoss.org/A=008535!W61!,"AE0SS-12>APTT4,EOSS,qAO,W9CN-9:/160827h3847.44N/10323.78WO157/021EOSS Balloon  www.eoss.org/A=008535!W61!",157.0,24.0,38.6,38.7907666667,-103.39635,66.18,106.51,,,,,,,,6e-05,-0.00010556,-26.56666667,-8.09733333,n/a,0.006667,-61.125524,0.002723,49.585075,0.923141,0.696961,0.004272,-26.980374,0.002033,-18.631057,0.00083,15.113535,0.281374,0.696973,0.004275,-8.223602,
EOSS-302,KC0D-14,2020-10-03 10:08:47.033,2020-10-03 10:08:45,8091.0,2466.14,-1612.0,1620.0,descending,True,/160845h3847.36N/10323.77WO185/014/A=008091 75T7631P EOSS BALLOON,"KC0D-14>APZEOS,EOSS,WIDE2-1,qAO,W9CN-9:/160845h3847.36N/10323.77WO185/014/A=008091 75T7631P EOSS BALLOON",185.0,16.0,25.7,38.7893333333,-103.3961666667,66.27,106.66,45.5,7.5,280.65,76310.0,0.75,0.00183794,0.94723744,2.222e-05,-9.444e-05,-26.86666667,-8.189,n/a,-0.01,-60.805348,0.002603,49.461636,0.918736,0.686162,-0.013718,-27.405476,-0.003056,-18.533468,0.000793,15.075911,0.280031,0.686159,-0.013745,-8.353172,
EOSS-302,AE0SS-12,2020-10-03 10:08:58.365,2020-10-03 10:08:57,7688.0,2343.3,-1694.0,1632.0,descending,True,/160857h3847.31N/10323.75WO161/012EOSS Balloon  www.eoss.org/A=007688!W46!,"AE0SS-12>APTT4,EOSS,qAO,W9CN-9:/160857h3847.31N/10323.75WO161/012EOSS Balloon  www.eoss.org/A=007688!W46!",161.0,14.0,22.5,38.7885666667,-103.3959333333,66.32,106.74,,,,,,,,1.389e-05,-7.333e-05,-28.23333333,-8.60566667,n/a,-0.045556,-60.503755,0.002153,49.329635,0.914404,0.654179,-0.052175,-27.637747,-0.013889,-18.441544,0.000656,15.035676,0.278711,0.654169,-0.052187,-8.423972,
EOSS-302,KC0D-14,2020-10-03 10:09:17.000,2020-10-03 10:09:15,7236.0,2205.53,-1710.0,1650.0,descending,True,/160915h3847.23N/10323.70WO138/015/A=007236 78T7878P EOSS BALLOON,"KC0D-14>APZEOS,EOSS,WIDE2-1,qAO,W9CN-9:/160915h3847.23N/10323.70WO138/015/A=007236 78T7878P EOSS BALLOON",138.0,17.0,27.4,38.7871666667,-103.395,66.43,106.91,46.04,7.8,280.95,78780.0,0.78,0.00189541,0.97685339,3.889e-05,-7.222e-05,-28.5,-8.687,n/a,-0.008889,-60.210143,0.002051,49.196321,0.910121,0.644563,-0.01202,-27.557227,-0.002711,-18.352052,0.000625,14.995041,0.277405,0.64455,-0.012026,-8.399428,
EOSS-302,AE0SS-12,2020-10-03 10:09:28.765,2020-10-03 10:09:27,6894.0,2101.29,-1588.0,1662.0,descending,True,/160927h3847.18N/10323.66WO166/021EOSS Balloon  www.eoss.org/A=006894!W00!,"AE0SS-12>APTT4,EOSS,qAO,W9CN-9:/160927h3847.18N/10323.66WO166/021EOSS Balloon  www.eoss.org/A=006894!W00!",166.0,24.0,38.6,38.7863333333,-103.3943333333,66.5,107.02,,,,,,,,5.333e-05,-7.444e-05,-26.46666667,-8.067,n/a,0.067778,-59.903384,0.002654,49.075704,0.90592,0.681329,0.071887,-27.114687,0.020667,-18.258552,0.000809,14.958277,0.276125,0.681332,0.071917,-8.264543,
EOSS-302,KC0D-14,2020-10-03 10:09:46.946,2020-10-03 10:09:45,6618.0,2017.17,-1236.0,1680.0,descending,True,/160945h3847.10N/10323.66WO186/016/A=006618 84T8060P EOSS BALLOON,"KC0D-14>APZEOS,EOSS,WIDE2-1,qAO,W9CN-9:/160945h3847.10N/10323.66WO186/016/A=006618 84T8060P EOSS BALLOON",186.0,18.0,29.0,38.785,-103.3943333333,66.58,107.15,47.12,8.4,281.55,80600.0,0.8,0.00193506,0.99729114,2.222e-05,-7.222e-05,-20.6,-6.27866667,n/a,0.195556,-59.549299,0.004408,48.994354,0.901942,0.794975,0.211929,-26.418019,0.059611,-18.150625,0.001344,14.933483,0.274912,0.794989,0.211948,-8.052214,
EOSS-302,AE0SS-12,2020-10-03 10:09:58.738,2020-10-03 10:09:57,6320.0,1926.34,-1148.0,1692.0,descending,True,/160957h3847.05N/10323.64WO159/022EOSS Balloon  www.eoss.org/A=006320!W01!,"AE0SS-12>APTT4,EOSS,qAO,W9CN-9:/160957h3847.05N/10323.64WO159/022EOSS Balloon  www.eoss.org/A=006320!W01!",159.0,25.0,40.2,38.7841666667,-103.3940166667,66.64,107.24,,,,,,,,1.056e-05,-7.222e-05,-19.13333333,-5.83166667,n/a,0.048889,-59.188442,0.004808,48.922443,0.897843,0.818747,0.049097,-25.221036,0.0149,-18.040634,0.001466,14.911565,0.273663,0.818758,0.04909,-7.687384,
EOSS-302,KC0D-14,2020-10-03 10:10:16.947,2020-10-03 10:10:15,5997.0,1827.89,-1242.0,1710.0,descending,True,/161015h3846.97N/10323.62WO150/017/A=005997 86T8245P EOSS BALLOON,"KC0D-14>APZEOS,EOSS,WIDE2-1,qAO,W9CN-9:/161015h3846.97N/10323.62WO150/017/A=005997 86T8245P EOSS BALLOON",150.0,20.0,32.2,38.7828333333,-103.3936666667,66.73,107.39,47.48,8.6,281.75,82450.0,0.81,0.00197807,1.01945764,2.222e-05,-7.222e-05,-20.7,-6.30933333,n/a,-0.052222,-58.847837,0.004299,48.837947,0.893806,0.781111,-0.063236,-23.260147,-0.015922,-17.936818,0.00131,14.885811,0.272432,0.781112,-0.063252,-7.08972,
EOSS-302,AE0SS-12,2020-10-03 10:10:28.502,2020-10-03 10:10:27,5660.0,1725.17,-1320.0,1722.0,descending,True,/161027h3846.91N/10323.60WO187/016EOSS Balloon  www.eoss.org/A=005660!W18!,"AE0SS-12>APTT4,EOSS,qAO,W9CN-9:/161027h3846.91N/10323.60WO187/016EOSS Balloon  www.eoss.org/A=005660!W18!",187.0,18.0,29.0,38.78185,-103.3934666667,66.79,107.49,,,,,,,,1.833e-05,-7.722e-05,-22.0,-6.70566667,n/a,-0.043333,-58.52461,0.003878,48.743695,0.889818,0.74932,-0.053057,-20.280892,-0.013211,-17.838299,0.001182,14.857083,0.271217,0.749315,-0.053068,-6.181637,
EOSS-302,KC0D-14,2020-10-03 10:10:47.038,2020-10-03 10:10:45,5376.0,1638.6,-1242.0,1740.0,descending,True,/161045h3846.85N/10323.61WO187/016/A=005376 92T8435P EOSS BALLOON,"KC0D-14>APZEOS,EOSS,WIDE2-1,qAO,W9CN-9:/161045h3846.85N/10323.61WO187/016/A=005376 92T8435P EOSS BALLOON",187.0,18.0,29.0,38.7808333333,-103.3935,66.85,107.58,48.56,9.2,282.35,84350.0,0.83,0.00201936,1.040734,5.56e-06,-6.667e-05,-20.7,-6.30966667,n/a,0.043333,-58.1957,0.004224,48.657446,0.88588,0.770606,0.044147,-16.849519,0.0132,-17.73805,0.001287,14.830792,0.270016,0.770585,0.04412,-5.135671,
EOSS-302,AE0SS-12,2020-10-03 10:10:58.429,2020-10-03 10:10:57,5106.0,1556.31,-1108.0,1752.0,descending,True,/161057h3846.79N/10323.60WO128/003EOSS Balloon  www.eoss.org/A=005106!W78!,"AE0SS-12>APTT4,EOSS,qAO,W9CN-9:/161057h3846.79N/10323.60WO128/003EOSS Balloon  www.eoss.org/A=005106!W78!",128.0,3.0,4.8,38.77995,-103.3934666667,66.9,107.67,,,,,,,,0.0,-6.333e-05,-18.46666667,-5.62866667,n/a,0.074444,-57.853209,0.004834,48.585662,0.88201,0.810662,0.078922,-12.639034,0.0227,-17.633659,0.001474,14.808912,0.268837,0.81066,0.078955,-3.852408,
EOSS-302,AE0SS-12,2020-10-03 10:11:28.504,2020-10-03 10:11:27,4794.0,1461.21,-624.0,1782.0,descending,True,/161127h3846.74N/10323.60WO000/000EOSS Balloon  www.eoss.org/A=004794!W54!,"AE0SS-12>APTT4,EOSS,qAO,W9CN-9:/161127h3846.74N/10323.60WO000/000EOSS Balloon  www.eoss.org/A=004794!W54!",0.0,0.0,0.0,38.7790833333,-103.3934,66.96,107.75,,,,,,,,2.22e-06,-2.889e-05,-10.4,-3.17,n/a,0.268889,-57.447626,0.007111,48.574304,0.878509,0.96857,0.29798,-6.395017,0.081956,-17.510038,0.002167,14.80545,0.26777,0.968565,0.297976,-1.94919,
EOSS-302,AE0SS-12,2020-10-03 10:11:58.610,2020-10-03 10:11:57,4797.0,1462.13,6.0,1812.0,descending,True,/161157h3846.74N/10323.60WO000/000EOSS Balloon  www.eoss.org/A=004797!W54!,"AE0SS-12>APTT4,EOSS,qAO,W9CN-9:/161157h3846.74N/10323.60WO000/000EOSS Balloon  www.eoss.org/A=004797!W54!",0.0,0.0,0.0,38.7790833333,-103.3934,66.96,107.75,,,,,,,,0.0,0.0,0.1,0.03066667,n/a,0.35,-56.959934,0.010041,48.655547,0.875288,1.172732,0.388397,-6.462949,0.106689,-17.361387,0.003061,14.830214,0.266788,1.172745,0.388428,-1.970023,
