flightid,callsign,receivetime,packettime,altitude_ft,altitude_m,vert_rate_ftmin,elapsed_secs,flight_phase,position_packet,info,raw,bearing,speed_mph,speed_kph,latitude,longitude,distance_from_launch_mi,distance_from_launch_km,temperature_f,temperature_c,temperature_k,pressure_pa,pressure_atm,airdensity_slugs,airdensity_kgm3,velocity_x_degs,velocity_y_degs,velocity_z_fts,velocity_z_ms,airflow,acceleration_fts2,velocity_mean_fts,acceleration_mean_fts2,velocity_std_fts,acceleration_std_fts2,velocity_norm_fts,acceleration_norm_fts2,velocity_curvefit_fts,acceleration_ms2,velocity_mean_ms,acceleration_mean_ms2,velocity_std_ms,acceleration_std_ms2,velocity_norm_ms,acceleration_norm_ms2,velocity_curvefit_ms,reynolds_transition
EOSS-307,AE0SS-12,2021-03-20 07:37:58.691,2021-03-20 07:37:57,5257.0,1602.33,126.0,0.0,ascending,True,/133757h3936.50N/10402.42WO000/000EOSS Balloon  www.eoss.org/A=005257!W96!,"AE0SS-12>APTT4,EOSS,qAO,N2XGL-12:/133757h3936.50N/10402.42WO000/000EOSS Balloon  www.eoss.org/A=005257!W96!",0.0,0.0,0.0,39.6084833333,-104.0404333333,0.0,0.0,,,,,,,,1.11e-06,0.0,2.1,0.64,low Re,,2.1,,,,,,5.193554,,0.64,,,,,,1.582921,
EOSS-307,AE0SS-13,2021-03-20 07:38:12.594,2021-03-20 07:38:11,5332.0,1625.19,184.0,14.0,ascending,True,/133811h3936.54N/10402.44WO342/023EOSS Baloon/A=005332!W17!,"AE0SS-13>APTT4,EOSS,qAO,N2XGL-12:/133811h3936.54N/10402.44WO342/023EOSS Baloon/A=005332!W17!",342.0,26.0,41.8,39.6090166667,-104.0407833333,0.04,0.07,,,,,,,,-1.167e-05,1.333e-05,3.06666667,0.93466667,low Re,0.032222,2.583333,0.032222,0.683537,,0.707107,,6.683105,0.009822,0.787333,0.009822,0.208361,,0.707108,,2.03694,
EOSS-307,KC0D-2,2021-03-20 07:38:17.088,2021-03-20 07:38:15,5499.0,1676.1,528.0,18.0,ascending,True,/133815h3936.56N/10402.44WO027/016/A=005499 140T8326P EOSS Balloon,"KC0D-2>APZEOS,EOSS,WIDE2-1,qAO,N6BA-10:/133815h3936.56N/10402.44WO027/016/A=005499 140T8326P EOSS Balloon",27.0,18.0,29.0,39.6093333333,-104.0406666667,0.06,0.1,57.2,14.0,287.15,83260.0,0.82,0.00195994,1.01011317,-5.56e-06,2.778e-05,8.8,2.68233333,low Re,0.191111,4.655556,0.111666,3.621592,0.112351,1.144371,0.707114,9.737261,0.058256,1.419,0.034039,1.103954,0.034248,1.144371,0.707107,2.968001,
EOSS-307,KC0D-14,2021-03-20 07:38:17.498,2021-03-20 07:38:15,5536.0,1687.37,606.0,18.0,ascending,True,/133815h3936.56N/10402.43WO004/013/A=005536 208T8303P EOSS BALLOON,"KC0D-14>APZEOS,EOSS,WIDE2-1,qAO,N2XGL-12:/133815h3936.56N/10402.43WO004/013/A=005536 208T8303P EOSS BALLOON",4.0,15.0,24.1,39.6093333333,-104.0405,0.06,0.09,69.44,20.8,293.95,83030.0,0.82,0.00190931,0.98402022,0.0,3.333e-05,10.1,3.07833333,low Re,0.043333,6.016667,0.088889,4.019259,0.088701,1.015942,-0.513591,10.367055,0.0132,1.833833,0.027093,1.225081,0.027041,1.015851,-0.513775,3.159833,
EOSS-307,AE0SS-12,2021-03-20 07:38:28.790,2021-03-20 07:38:27,5798.0,1767.23,1082.0,30.0,ascending,True,/133827h3936.62N/10402.36WO028/030EOSS Balloon  www.eoss.org/A=005798!W25!,"AE0SS-12>APTT4,EOSS,qAO,N6BA-10:/133827h3936.62N/10402.36WO028/030EOSS Balloon  www.eoss.org/A=005798!W25!",28.0,35.0,56.3,39.6103666667,-104.0394166667,0.14,0.23,,,,,,,,3.389e-05,6.278e-05,18.03333333,5.49666667,low Re,0.264444,8.42,0.132778,6.402803,0.113799,1.501426,1.157005,14.375895,0.080611,2.5664,0.040472,1.951637,0.034692,1.50144,1.15701,4.38177,
EOSS-307,AE0SS-13,2021-03-20 07:38:42.754,2021-03-20 07:38:41,6060.0,1847.09,1456.0,44.0,ascending,True,/133841h3936.69N/10402.28WO047/040EOSS Baloon/A=006060!W97!,"AE0SS-13>APTT4,EOSS,qAO,N6BA-10:/133841h3936.69N/10402.28WO047/040EOSS Baloon/A=006060!W97!",47.0,46.0,74.0,39.61165,-104.0381166667,0.25,0.4,,,,,,,,8.889e-05,8.778e-05,24.26666667,7.39666667,low Re,0.207778,11.061111,0.147778,8.639995,0.104104,1.528422,0.576347,17.665215,0.063333,3.371444,0.045044,2.63357,0.031736,1.528428,0.576286,5.384384,
EOSS-307,KC0D-2,2021-03-20 07:38:47.074,2021-03-20 07:38:45,6172.0,1881.23,1346.0,48.0,ascending,True,/133845h3936.72N/10402.27WO029/020/A=006172 140T8117P EOSS Balloon,"KC0D-2>APZEOS,EOSS,WIDE2-1,qAO,N6BA-10:/133845h3936.72N/10402.27WO029/020/A=006172 140T8117P EOSS Balloon",29.0,23.0,37.0,39.612,-104.0378333333,0.28,0.45,57.2,14.0,287.15,81170.0,0.8,0.00191074,0.98475722,9.444e-05,8.889e-05,22.43333333,6.83766667,low Re,-0.061111,12.685714,0.112963,8.982387,0.126264,1.085193,-1.378651,18.874691,-0.018633,3.866619,0.034432,2.737905,0.038491,1.085154,-1.378634,5.753055,
EOSS-307,KC0D-14,2021-03-20 07:38:47.031,2021-03-20 07:38:45,6228.0,1898.29,1384.0,48.0,ascending,True,/133845h3936.72N/10402.27WO043/023/A=006228 211T8093P EOSS BALLOON,"KC0D-14>APZEOS,EOSS,WIDE2-1,qAO,N6BA-10:/133845h3936.72N/10402.27WO043/023/A=006228 211T8093P EOSS BALLOON",43.0,26.0,41.8,39.612,-104.0378333333,0.28,0.45,69.98,21.1,294.25,80930.0,0.8,0.00185913,0.95815444,8.889e-05,8.889e-05,23.06666667,7.03066667,low Re,0.021111,13.983333,0.099841,9.089974,0.120377,0.999269,-0.654029,19.438515,0.006433,4.262125,0.030432,2.770677,0.036696,0.999229,-0.653995,5.92482,
EOSS-307,AE0SS-12,2021-03-20 07:38:59.105,2021-03-20 07:38:57,6494.0,1979.37,1392.0,60.0,ascending,True,/133857h3936.78N/10402.19WO054/024EOSS Balloon  www.eoss.org/A=006494!W52!,"AE0SS-12>APTT4,EOSS,qAO,N6BA-10:/133857h3936.78N/10402.19WO054/024EOSS Balloon  www.eoss.org/A=006494!W52!",54.0,28.0,45.1,39.6130833333,-104.0365333333,0.38,0.61,,,,,,,,9.611e-05,9.056e-05,23.2,7.07133333,low Re,0.004444,15.007407,0.087917,9.040891,0.11644,0.906171,-0.716876,21.772122,0.001356,4.574259,0.026797,2.755707,0.035495,0.906147,-0.716749,6.636138,
EOSS-307,AE0SS-13,2021-03-20 07:39:12.650,2021-03-20 07:39:11,6786.0,2068.37,1452.0,74.0,ascending,True,/133911h3936.85N/10402.08WO073/028EOSS Baloon/A=006786!W85!,"AE0SS-13>APTT4,EOSS,qAO,N6BA-10:/133911h3936.85N/10402.08WO073/028EOSS Baloon/A=006786!W85!",73.0,32.0,51.5,39.6143,-104.03475,0.5,0.81,,,,,,,,0.00011222,8.833e-05,24.2,7.376,low Re,0.033333,15.926667,0.081852,9.005894,0.110428,0.918658,-0.439372,23.748403,0.010156,4.854433,0.024948,2.745018,0.033663,0.918598,-0.439414,7.238502,
EOSS-307,KC0D-2,2021-03-20 07:39:17.324,2021-03-20 07:39:15,6901.0,2103.42,1458.0,78.0,ascending,True,/133915h3936.89N/10402.05WO043/028/A=006901 140T7905P EOSS Balloon,"KC0D-2>APZEOS,EOSS,WIDE2-1,qAO,N6BA-10:/133915h3936.89N/10402.05WO043/028/A=006901 140T7905P EOSS Balloon",43.0,32.0,51.5,39.6148333333,-104.0341666667,0.55,0.89,57.2,14.0,287.15,79050.0,0.78,0.00186084,0.95903731,0.00012222,9.444e-05,24.3,7.40633333,low Re,-0.001111,17.325,0.067273,8.776393,0.103967,0.794746,-0.657747,24.379062,-0.000356,5.280639,0.020504,2.675058,0.031693,0.794635,-0.65819,7.430718,
EOSS-307,KC0D-14,2021-03-20 07:39:17.283,2021-03-20 07:39:15,6958.0,2120.8,1460.0,78.0,ascending,True,/133915h3936.89N/10402.05WO022/028/A=006958 214T7881P EOSS BALLOON,"KC0D-14>APZEOS,EOSS,WIDE2-1,qAO,N6BA-10:/133915h3936.89N/10402.05WO022/028/A=006958 214T7881P EOSS BALLOON",22.0,32.0,51.5,39.6148333333,-104.0341666667,0.55,0.89,70.52,21.4,294.55,78810.0,0.78,0.00180858,0.93210481,0.00012222,9.444e-05,24.33333333,7.417,low Re,0.004444,16.690909,0.074111,8.911804,0.106952,0.857562,-0.651386,24.663464,0.001367,5.087394,0.02259,2.716356,0.032602,0.857622,-0.650972,7.517436,
EOSS-307,AE0SS-12,2021-03-20 07:39:28.568,2021-03-20 07:39:27,7193.0,2192.43,1398.0,90.0,ascending,True,/133927h3936.94N/10401.96WO039/027EOSS Balloon  www.eoss.org/A=007193!W63!,"AE0SS-12>APTT4,EOSS,qAO,KB0TVJ-1:/133927h3936.94N/10401.96WO039/027EOSS Balloon  www.eoss.org/A=007193!W63!",39.0,31.0,49.9,39.6157666667,-104.0327166667,0.65,1.04,,,,,,,,0.00012722,8.944e-05,23.3,7.102,low Re,-0.033333,17.784615,0.058889,8.564609,0.103296,0.643974,-0.892794,25.654403,-0.010144,5.420744,0.01795,2.610515,0.031487,0.644032,-0.892241,7.81948,
EOSS-307,KC0D-2,2021-03-20 07:39:47.174,2021-03-20 07:39:45,7620.0,2322.58,1438.0,108.0,ascending,True,/133945h3937.04N/10401.85WO048/027/A=007620 141T7697P EOSS Balloon,"KC0D-2>APZEOS,EOSS,WIDE2-1,qAO,N6BA-10:/133945h3937.04N/10401.85WO048/027/A=007620 141T7697P EOSS Balloon",48.0,31.0,49.9,39.6173333333,-104.0308333333,0.8,1.28,57.38,14.1,287.25,76970.0,0.76,0.00181125,0.93347759,0.00011111,8.333e-05,23.96666667,7.30533333,low Re,0.022222,18.22619,0.056068,8.392846,0.09942,0.683973,-0.340435,26.811414,0.006778,5.555357,0.017091,2.558176,0.030305,0.684072,-0.340307,8.172131,
EOSS-307,KC0D-14,2021-03-20 07:39:47.202,2021-03-20 07:39:45,7690.0,2343.91,1464.0,108.0,ascending,True,/133945h3937.04N/10401.85WO041/024/A=007690 216T7674P EOSS BALLOON,"KC0D-14>APZEOS,EOSS,WIDE2-1,qAO,N6BA-10:/133945h3937.04N/10401.85WO041/024/A=007690 216T7674P EOSS BALLOON",41.0,28.0,45.1,39.6173333333,-104.0308333333,0.8,1.28,70.88,21.6,294.75,76740.0,0.76,0.00175988,0.90700656,0.00011111,8.333e-05,24.4,7.437,low Re,0.014444,18.637778,0.053095,8.243149,0.096165,0.699032,-0.401924,26.93391,0.004389,5.6808,0.016183,2.512539,0.029314,0.698974,-0.402333,8.209456,
EOSS-307,AE0SS-12,2021-03-20 07:39:58.713,2021-03-20 07:39:57,7918.0,2413.41,1450.0,120.0,ascending,True,/133957h3937.08N/10401.76WO039/024EOSS Balloon  www.eoss.org/A=007918!W73!,"AE0SS-12>APTT4,EOSS,qAO,N6BA-10:/133957h3937.08N/10401.76WO039/024EOSS Balloon  www.eoss.org/A=007918!W73!",39.0,28.0,45.1,39.6181166667,-104.0293833333,0.89,1.43,,,,,,,,0.00011111,7.833e-05,24.16666667,7.366,low Re,-0.007778,18.983333,0.049037,8.082702,0.09399,0.641287,-0.604479,27.222594,-0.002367,5.786125,0.014947,2.463634,0.02865,0.641278,-0.604328,8.297454,
EOSS-307,KC0D-14,2021-03-20 07:40:17.101,2021-03-20 07:40:15,8426.0,2568.24,1472.0,138.0,ascending,True,/134015h3937.18N/10401.66WO053/029/A=008426 217T7464P EOSS BALLOON,"KC0D-14>APZEOS,EOSS,WIDE2-1,qAO,N6BA-10:/134015h3937.18N/10401.66WO053/029/A=008426 217T7464P EOSS BALLOON",53.0,33.0,53.1,39.6196666667,-104.0276666667,1.03,1.65,71.06,21.7,294.85,74640.0,0.74,0.00171114,0.88188701,0.00010556,7.778e-05,24.53333333,7.47766667,low Re,0.012222,19.309804,0.046736,7.940961,0.091269,0.657796,-0.378157,27.369825,0.003722,5.885627,0.014245,2.420426,0.027821,0.657752,-0.378239,8.342326,
EOSS-307,KC0D-2,2021-03-20 07:40:17.060,2021-03-20 07:40:15,8371.0,2551.48,1502.0,138.0,ascending,True,/134015h3937.17N/10401.66WO031/030/A=008371 141T7487P EOSS Balloon,"KC0D-2>APZEOS,EOSS,WIDE2-1,qAO,N6BA-10:/134015h3937.17N/10401.66WO031/030/A=008371 141T7487P EOSS Balloon",31.0,35.0,56.3,39.6195,-104.0276666667,1.02,1.64,57.38,14.1,287.25,74870.0,0.74,0.00176183,0.90800919,0.00010556,7.222e-05,25.03333333,7.63,low Re,0.016667,19.627778,0.044967,7.82109,0.088671,0.691151,-0.319157,27.381221,0.005078,5.982537,0.013706,2.383882,0.027029,0.691084,-0.319213,8.345799,
EOSS-307,AE0SS-12,2021-03-20 07:40:28.756,2021-03-20 07:40:27,8702.0,2652.37,1568.0,150.0,ascending,True,/134027h3937.22N/10401.57WO044/028EOSS Balloon  www.eoss.org/A=008702!W88!,"AE0SS-12>APTT4,EOSS,qAO,N6BA-10:/134027h3937.22N/10401.57WO044/028EOSS Balloon  www.eoss.org/A=008702!W88!",44.0,32.0,51.5,39.6204666667,-104.0263,1.12,1.8,,,,,,,,0.00010278,7.833e-05,26.13333333,7.96533333,low Re,0.036667,19.970175,0.044506,7.745878,0.086046,0.795669,-0.091102,27.233715,0.011178,6.086895,0.013566,2.360952,0.026229,0.795627,-0.091044,8.300838,
EOSS-307,AE0SS-13,2021-03-20 07:40:42.390,2021-03-20 07:40:41,9014.0,2747.47,1485.3,164.0,ascending,True,/134041h3937.29N/10401.48WO041/020EOSS Baloon/A=009014!W64!,"AE0SS-13>APTT4,EOSS,qAO,KB0TVJ-1:/134041h3937.29N/10401.48WO041/020EOSS Baloon/A=009014!W64!",41.0,23.0,37.0,39.6216,-104.0247333333,1.23,1.98,,,,,,,,0.0001113,8.111e-05,24.75555556,7.54555556,low Re,-0.015309,20.209444,0.041358,7.614841,0.08474,0.597007,-0.668716,26.951854,-0.004664,6.159828,0.012606,2.321014,0.025831,0.597035,-0.668577,8.214924,
EOSS-307,KC0D-2,2021-03-20 07:40:47.294,2021-03-20 07:40:45,9141.0,2786.18,1540.0,168.0,ascending,True,/134045h3937.32N/10401.45WO034/027/A=009141 142T7278P EOSS Balloon,"KC0D-2>APZEOS,EOSS,WIDE2-1,qAO,N6BA-10:/134045h3937.32N/10401.45WO034/027/A=009141 142T7278P EOSS Balloon",34.0,31.0,49.9,39.622,-104.0241666667,1.27,2.05,57.56,14.2,287.35,72780.0,0.72,0.00171205,0.88235489,0.00011667,8.333e-05,25.66666667,7.82333333,low Re,-0.002222,20.708586,0.038865,7.421153,0.080963,0.668101,-0.507479,26.807533,-0.000678,6.31198,0.011846,2.261987,0.024679,0.668153,-0.507476,8.170934,
EOSS-307,KC0D-14,2021-03-20 07:40:47.291,2021-03-20 07:40:45,9198.0,2803.55,1544.0,168.0,ascending,True,/134045h3937.32N/10401.45WO040/031/A=009198 222T7255P EOSS BALLOON,"KC0D-14>APZEOS,EOSS,WIDE2-1,qAO,N6BA-10:/134045h3937.32N/10401.45WO040/031/A=009198 222T7255P EOSS BALLOON",40.0,36.0,57.9,39.622,-104.0241666667,1.27,2.05,71.96,22.2,295.35,72550.0,0.72,0.00166041,0.85574208,0.00011667,7.778e-05,25.73333333,7.84366667,low Re,0.032593,20.472487,0.04092,7.519277,0.082503,0.699648,-0.10093,26.738285,0.009937,6.240011,0.012473,2.291891,0.025149,0.699709,-0.100839,8.149831,
EOSS-307,AE0SS-12,2021-03-20 07:40:58.750,2021-03-20 07:40:57,9447.0,2879.45,1490.0,180.0,ascending,True,/134057h3937.38N/10401.36WO051/031EOSS Balloon  www.eoss.org/A=009447!W11!,"AE0SS-12>APTT4,EOSS,qAO,KB0TVJ-1:/134057h3937.38N/10401.36WO051/031EOSS Balloon  www.eoss.org/A=009447!W11!",51.0,36.0,57.9,39.6230166667,-104.0226833333,1.38,2.22,,,,,,,,0.00012056,8.5e-05,24.83333333,7.56933333,low Re,-0.027778,20.887923,0.035836,7.301362,0.080279,0.540366,-0.792411,26.409502,-0.008467,6.366647,0.010923,2.225477,0.024471,0.540417,-0.792366,8.049611,
EOSS-307,KC0D-2,2021-03-20 07:41:17.045,2021-03-20 07:41:15,9911.0,3020.87,1540.0,198.0,ascending,True,/134115h3937.46N/10401.24WO049/027/A=009911 143T7072P EOSS Balloon,"KC0D-2>APZEOS,EOSS,WIDE2-1,qAO,N6BA-10:/134115h3937.46N/10401.24WO049/027/A=009911 143T7072P EOSS Balloon",49.0,31.0,49.9,39.6243333333,-104.0206666667,1.52,2.44,57.74,14.3,287.45,70720.0,0.7,0.00166301,0.85708203,0.00011667,7.778e-05,25.66666667,7.823,low Re,0.027778,21.087037,0.035486,7.20719,0.078451,0.635425,-0.098252,25.724908,0.008456,6.427329,0.010816,2.196767,0.023914,0.63533,-0.098687,7.840956,
EOSS-307,KC0D-14,2021-03-20 07:41:17.003,2021-03-20 07:41:15,9969.0,3038.55,1542.0,198.0,ascending,True,/134115h3937.46N/10401.24WO043/031/A=009969 223T7049P EOSS BALLOON,"KC0D-14>APZEOS,EOSS,WIDE2-1,qAO,N6BA-10:/134115h3937.46N/10401.24WO043/031/A=009969 223T7049P EOSS BALLOON",43.0,36.0,57.9,39.6243333333,-104.0206666667,1.52,2.44,72.14,22.3,295.45,70490.0,0.7,0.00161272,0.83116255,0.00011667,7.778e-05,25.7,7.83333333,low Re,0.001111,21.271556,0.034053,7.115507,0.077047,0.622365,-0.427557,25.636151,0.000344,6.483569,0.010379,2.168821,0.023486,0.622349,-0.427276,7.813901,
EOSS-307,AE0SS-12,2021-03-20 07:41:28.506,2021-03-20 07:41:27,10192.0,3106.52,1490.0,210.0,ascending,True,/134127h3937.49N/10401.16WO046/018EOSS Balloon  www.eoss.org/A=010192!W91!,"AE0SS-12>APTT4,EOSS,qAO,KB0TVJ-1:/134127h3937.49N/10401.16WO046/018EOSS Balloon  www.eoss.org/A=010192!W91!",46.0,21.0,33.8,39.6249833333,-104.01935,1.6,2.57,,,,,,,,0.00011111,6.556e-05,24.83333333,7.569,low Re,-0.028889,21.408547,0.031536,7.006651,0.076468,0.488791,-0.7902,25.294079,-0.008811,6.525316,0.009612,2.135638,0.023309,0.488699,-0.790381,7.709638,
EOSS-307,KC0D-14,2021-03-20 07:41:47.238,2021-03-20 07:41:45,10707.0,3263.49,1476.0,228.0,ascending,True,/134145h3937.55N/10401.07WO054/011/A=010707 227T6858P EOSS BALLOON,"KC0D-14>APZEOS,EOSS,WIDE2-1,qAO,N6BA-10:/134145h3937.55N/10401.07WO054/011/A=010707 227T6858P EOSS BALLOON",54.0,13.0,20.9,39.6258333333,-104.0178333333,1.7,2.73,72.86,22.7,295.85,68580.0,0.68,0.0015669,0.80754802,9.444e-05,5e-05,24.6,7.498,low Re,-0.007778,21.526749,0.030024,6.897985,0.075319,0.445529,-0.501892,24.529076,-0.002367,6.561342,0.009151,2.102515,0.022959,0.445494,-0.501677,7.476467,
EOSS-307,KC0D-2,2021-03-20 07:41:47.196,2021-03-20 07:41:45,10646.0,3244.9,1470.0,228.0,ascending,True,/134145h3937.56N/10401.07WO059/010/A=010646 143T6880P EOSS Balloon,"KC0D-2>APZEOS,EOSS,WIDE2-1,qAO,N6BA-10:/134145h3937.56N/10401.07WO059/010/A=010646 143T6880P EOSS Balloon",59.0,12.0,19.3,39.626,-104.0178333333,1.71,2.74,57.74,14.3,287.45,68800.0,0.68,0.00161786,0.83381283,9.444e-05,5.556e-05,24.5,7.46766667,low Re,-0.003333,21.632937,0.028788,6.79232,0.074135,0.422104,-0.433277,24.616256,-0.001011,6.59371,0.008775,2.070309,0.022598,0.422138,-0.433047,7.503036,
EOSS-307,AE0SS-12,2021-03-20 07:41:58.453,2021-03-20 07:41:57,10936.0,3333.29,1488.0,240.0,ascending,True,/134157h3937.58N/10401.01WO025/013EOSS Balloon  www.eoss.org/A=010936!W87!,"AE0SS-12>APTT4,EOSS,qAO,KB0TVJ-1:/134157h3937.58N/10401.01WO025/013EOSS Balloon  www.eoss.org/A=010936!W87!",25.0,15.0,24.1,39.6264666667,-104.01695,1.76,2.83,,,,,,,,8e-05,4.944e-05,24.8,7.559,low Re,0.01,21.742146,0.028117,6.695804,0.072836,0.456682,-0.248737,24.213496,0.003044,6.626996,0.00857,2.04089,0.022202,0.456665,-0.248896,7.380277,
EOSS-307,KC0D-2,2021-03-20 07:42:17.095,2021-03-20 07:42:15,11411.0,3478.07,1530.0,258.0,ascending,True,/134215h3937.64N/10400.92WO052/020/A=011411 144T6686P EOSS Balloon,"KC0D-2>APZEOS,EOSS,WIDE2-1,qAO,N6BA-10:/134215h3937.64N/10400.92WO052/020/A=011411 144T6686P EOSS Balloon",52.0,23.0,37.0,39.6273333333,-104.0153333333,1.86,3.0,57.92,14.4,287.55,66860.0,0.66,0.0015717,0.81001945,8.333e-05,4.444e-05,25.5,7.77233333,low Re,0.023333,21.867407,0.027952,6.615021,0.071529,0.549143,-0.064575,23.631381,0.007111,6.665174,0.00852,2.016266,0.021803,0.549114,-0.064624,7.202848,
EOSS-307,KC0D-14,2021-03-20 07:42:17.053,2021-03-20 07:42:15,11475.0,3497.58,1536.0,258.0,ascending,True,/134215h3937.64N/10400.92WO055/018/A=011475 226T6664P EOSS BALLOON,"KC0D-14>APZEOS,EOSS,WIDE2-1,qAO,N6BA-10:/134215h3937.64N/10400.92WO055/018/A=011475 226T6664P EOSS BALLOON",55.0,21.0,33.8,39.6273333333,-104.0153333333,1.86,3.0,72.68,22.6,295.75,66640.0,0.66,0.00152309,0.78496932,8.333e-05,5e-05,25.6,7.803,low Re,0.003333,21.987814,0.027132,6.538296,0.070428,0.552466,-0.33792,23.56155,0.001022,6.701878,0.00827,1.992883,0.021468,0.552527,-0.337619,7.18156,
EOSS-307,AE0SS-12,2021-03-20 07:42:28.555,2021-03-20 07:42:27,11714.0,3570.43,1556.0,270.0,ascending,True,/134227h3937.67N/10400.86WO045/023EOSS Balloon  www.eoss.org/A=011714!W43!,"AE0SS-12>APTT4,EOSS,qAO,KB0TVJ-1:/134227h3937.67N/10400.86WO045/023EOSS Balloon  www.eoss.org/A=011714!W43!",45.0,26.0,41.8,39.6279,-104.0143833333,1.93,3.1,,,,,,,,8.556e-05,4.778e-05,25.93333333,7.90466667,low Re,0.011111,22.111111,0.026615,6.469682,0.069304,0.59079,-0.22371,23.320579,0.003389,6.739465,0.008112,1.971973,0.021125,0.590881,-0.223574,7.10811,
EOSS-307,AE0SS-13,2021-03-20 07:42:42.482,2021-03-20 07:42:41,12075.0,3680.46,1530.5,284.0,ascending,True,/134241h3937.72N/10400.78WO028/015EOSS Baloon/A=012075!W09!,"AE0SS-13>APTT4,EOSS,qAO,KB0TVJ-1:/134241h3937.72N/10400.78WO028/015EOSS Baloon/A=012075!W09!",28.0,17.0,27.4,39.6286666667,-104.01315,2.01,3.24,,,,,,,,9.653e-05,5.889e-05,25.50833333,7.77491667,low Re,-0.003542,22.214057,0.025672,6.395193,0.068385,0.515118,-0.427199,23.018677,-0.001081,6.770843,0.007825,1.949268,0.020845,0.515103,-0.427249,7.016093,
EOSS-307,KC0D-14,2021-03-20 07:42:47.339,2021-03-20 07:42:45,12263.0,3737.76,1576.0,288.0,ascending,True,/134245h3937.74N/10400.76WO058/020/A=012263 228T6466P EOSS BALLOON,"KC0D-14>APZEOS,EOSS,WIDE2-1,qAO,N6BA-10:/134245h3937.74N/10400.76WO058/020/A=012263 228T6466P EOSS BALLOON",58.0,23.0,37.0,39.629,-104.0126666667,2.05,3.29,73.04,22.8,295.95,64660.0,0.64,0.00147684,0.76113169,8.889e-05,5.556e-05,26.26666667,8.006,low Re,0.025278,22.333252,0.02566,6.335786,0.067308,0.620825,-0.005675,22.892041,0.007703,6.807171,0.007821,1.931159,0.020517,0.620782,-0.005751,6.977496,
EOSS-307,KC0D-2,2021-03-20 07:42:47.299,2021-03-20 07:42:45,12202.0,3719.17,1582.0,288.0,ascending,True,/134245h3937.74N/10400.76WO067/020/A=012202 144T6486P EOSS Balloon,"KC0D-2>APZEOS,EOSS,WIDE2-1,qAO,N6BA-10:/134245h3937.74N/10400.76WO067/020/A=012202 144T6486P EOSS Balloon",67.0,23.0,37.0,39.629,-104.0126666667,2.05,3.29,57.92,14.4,287.55,64860.0,0.64,0.00152468,0.78578914,8.889e-05,5.556e-05,26.36666667,8.03666667,low Re,0.003333,22.448492,0.025004,6.27904,0.066391,0.624009,-0.326415,22.93081,0.001022,6.842299,0.007621,1.913865,0.020237,0.624061,-0.326086,6.989311,
EOSS-307,AE0SS-12,2021-03-20 07:42:58.542,2021-03-20 07:42:57,12485.0,3805.43,1542.0,300.0,ascending,True,/134257h3937.78N/10400.70WO048/027EOSS Balloon  www.eoss.org/A=012485!W31!,"AE0SS-12>APTT4,EOSS,qAO,KB0TVJ-1:/134257h3937.78N/10400.70WO048/027EOSS Balloon  www.eoss.org/A=012485!W31!",48.0,31.0,49.9,39.6297166667,-104.0116833333,2.12,3.41,,,,,,,,9e-05,6.056e-05,25.7,7.83333333,low Re,-0.022222,22.538812,0.023654,6.212371,0.065893,0.508854,-0.69622,22.769805,-0.006778,6.869828,0.00721,1.893543,0.020085,0.508837,-0.69644,6.940236,
EOSS-307,AE0SS-13,2021-03-20 07:43:12.551,2021-03-20 07:43:11,12820.0,3907.54,1490.0,314.0,ascending,True,/134311h3937.84N/10400.61WO022/013EOSS Baloon/A=012820!W41!,"AE0SS-13>APTT4,EOSS,qAO,KB0TVJ-1:/134311h3937.84N/10400.61WO022/013EOSS Baloon/A=012820!W41!",22.0,15.0,24.1,39.6307333333,-104.0101833333,2.22,3.58,,,,,,,,9.889e-05,6.889e-05,24.83333333,7.56933333,low Re,-0.028889,22.600826,0.022195,6.137084,0.065532,0.363773,-0.779528,22.640969,-0.0088,6.888733,0.006765,1.870597,0.019975,0.363841,-0.779224,6.900967,
EOSS-307,KC0D-2,2021-03-20 07:43:17.050,2021-03-20 07:43:15,12931.0,3941.37,1458.0,318.0,ascending,True,/134315h3937.87N/10400.58WO063/035/A=012931 144T6308P EOSS Balloon,"KC0D-2>APZEOS,EOSS,WIDE2-1,qAO,N6BA-10:/134315h3937.87N/10400.58WO063/035/A=012931 144T6308P EOSS Balloon",63.0,40.0,64.4,39.6311666667,-104.0096666667,2.27,3.65,57.92,14.4,287.55,63080.0,0.62,0.00148284,0.76422416,0.0001,7.222e-05,24.3,7.40666667,low Re,-0.017778,22.645541,0.021115,6.059855,0.064949,0.27302,-0.598824,22.612795,-0.005422,6.902363,0.006436,1.847057,0.019798,0.273031,-0.598949,6.89238,
EOSS-307,KC0D-14,2021-03-20 07:43:17.092,2021-03-20 07:43:15,12998.0,3961.79,1470.0,318.0,ascending,True,/134315h3937.87N/10400.57WO058/029/A=012998 226T6287P EOSS BALLOON,"KC0D-14>APZEOS,EOSS,WIDE2-1,qAO,N6BA-10:/134315h3937.87N/10400.57WO058/029/A=012998 226T6287P EOSS BALLOON",58.0,33.0,53.1,39.6311666667,-104.0095,2.27,3.66,72.68,22.6,295.75,62870.0,0.62,0.00143693,0.74056154,0.00010556,7.222e-05,24.5,7.46766667,low Re,0.006667,22.693091,0.020734,5.986957,0.064108,0.301808,-0.219427,22.599218,0.002033,6.916858,0.00632,1.824839,0.019541,0.30184,-0.219385,6.888242,
EOSS-307,KC0D-14,2021-03-20 07:43:47.317,2021-03-20 07:43:45,13709.0,4178.5,1422.0,348.0,ascending,True,/134345h3937.99N/10400.39WO040/021/A=013709 227T6117P EOSS BALLOON,"KC0D-14>APZEOS,EOSS,WIDE2-1,qAO,N6BA-10:/134345h3937.99N/10400.39WO040/021/A=013709 227T6117P EOSS BALLOON",40.0,24.0,38.6,39.6331666667,-104.0065,2.48,3.99,72.86,22.7,295.85,61170.0,0.6,0.0013976,0.72029327,0.0001,6.667e-05,23.7,7.22366667,low Re,-0.026667,22.718264,0.019519,5.911847,0.063713,0.166062,-0.724907,22.606419,-0.008133,6.924528,0.005949,1.801944,0.019421,0.166009,-0.725091,6.890437,
EOSS-307,KC0D-2,2021-03-20 07:43:47.275,2021-03-20 07:43:45,13644.0,4158.69,1426.0,348.0,ascending,True,/134345h3937.99N/10400.39WO023/023/A=013644 144T6138P EOSS Balloon,"KC0D-2>APZEOS,EOSS,WIDE2-1,qAO,N6BA-10:/134345h3937.99N/10400.39WO023/023/A=013644 144T6138P EOSS Balloon",23.0,26.0,41.8,39.6331666667,-104.0065,2.48,3.99,57.92,14.4,287.55,61380.0,0.61,0.00144288,0.74362839,0.00010556,6.667e-05,23.76666667,7.244,low Re,0.002222,22.743835,0.019087,5.839777,0.06295,0.175149,-0.267911,22.594835,0.000678,6.93232,0.005818,1.779977,0.019188,0.175103,-0.267876,6.886907,
EOSS-307,AE0SS-12,2021-03-20 07:43:58.726,2021-03-20 07:43:57,13929.0,4245.56,1444.0,360.0,ascending,True,/134357h3938.05N/10400.34WO026/023EOSS Balloon  www.eoss.org/A=013929!W82!,"AE0SS-12>APTT4,EOSS,qAO,KB0TVJ-1:/134357h3938.05N/10400.34WO026/023EOSS Balloon  www.eoss.org/A=013929!W82!",26.0,26.0,41.8,39.6343,-104.0057,2.57,4.13,,,,,,,,9.972e-05,7.639e-05,24.06666667,7.3355,low Re,0.005,22.775331,0.018743,5.771731,0.062197,0.223735,-0.220959,22.660692,0.001525,6.94192,0.005713,1.759236,0.018959,0.223722,-0.220898,6.906981,
EOSS-307,KC0D-14,2021-03-20 07:44:17.366,2021-03-20 07:44:15,14430.0,4398.26,1442.0,378.0,ascending,True,/134415h3938.15N/10400.26WO045/028/A=014430 224T5950P EOSS BALLOON,"KC0D-14>APZEOS,EOSS,WIDE2-1,qAO,N6BA-10:/134415h3938.15N/10400.26WO045/028/A=014430 224T5950P EOSS BALLOON",45.0,32.0,51.5,39.6358333333,-104.0043333333,2.69,4.33,72.32,22.4,295.55,59500.0,0.59,0.00136082,0.70133974,7.222e-05,8.889e-05,24.03333333,7.32533333,low Re,0.002222,22.830997,0.017845,5.641816,0.06084,0.213112,-0.256788,22.864191,0.000678,6.958886,0.005439,1.719637,0.018545,0.213096,-0.256727,6.969005,
EOSS-307,KC0D-2,2021-03-20 07:44:17.253,2021-03-20 07:44:15,14363.0,4377.84,1438.0,378.0,ascending,True,/134415h3938.15N/10400.26WO047/032/A=014363 144T5970P EOSS Balloon,"KC0D-2>APZEOS,EOSS,WIDE2-1,qAO,N6BA-10:/134415h3938.15N/10400.26WO047/032/A=014363 144T5970P EOSS Balloon",47.0,37.0,59.5,39.6358333333,-104.0043333333,2.69,4.33,57.92,14.4,287.55,59700.0,0.59,0.00140339,0.72327492,7.222e-05,8.889e-05,23.96666667,7.305,low Re,-0.003333,22.803036,0.018217,5.705499,0.061528,0.203949,-0.350247,22.831026,-0.001017,6.950364,0.005553,1.739048,0.018755,0.203925,-0.350307,6.958897,
EOSS-307,AE0SS-13,2021-03-20 07:44:42.517,2021-03-20 07:44:41,14910.0,4544.57,1393.3,404.0,ascending,True,/134441h3938.27N/10400.11WO041/018EOSS Baloon/A=014910!W93!,"AE0SS-13>APTT4,EOSS,qAO,KB0TVJ-1:/134441h3938.27N/10400.11WO041/018EOSS Baloon/A=014910!W93!",41.0,21.0,33.8,39.6379833333,-104.0018833333,2.89,4.65,,,,,,,,9.222e-05,8.056e-05,23.22222222,7.07811111,low Re,-0.009012,22.839691,0.017235,5.577641,0.060265,0.068583,-0.435526,23.148675,-0.002747,6.961535,0.005253,1.700077,0.01837,0.068571,-0.435493,7.055719,
EOSS-307,KC0D-2,2021-03-20 07:44:46.990,2021-03-20 07:44:45,15024.0,4579.32,1322.0,408.0,ascending,True,/134445h3938.29N/10400.10WO066/026/A=015024 143T5817P EOSS Balloon,"KC0D-2>APZEOS,EOSS,WIDE2-1,qAO,N6BA-10:/134445h3938.29N/10400.10WO066/026/A=015024 143T5817P EOSS Balloon",66.0,30.0,48.3,39.6381666667,-104.0016666667,2.91,4.68,57.74,14.3,287.45,58170.0,0.57,0.00136789,0.7049839,8.889e-05,7.778e-05,22.03333333,6.716,low Re,-0.03963,22.822162,0.015971,5.5166,0.060176,-0.142992,-0.923973,23.227117,-0.01207,6.956197,0.004868,1.681471,0.018343,-0.142849,-0.923404,7.079631,
EOSS-307,KC0D-14,2021-03-20 07:44:47.298,2021-03-20 07:44:45,15090.0,4599.43,1320.0,408.0,ascending,True,/134445h3938.29N/10400.10WO051/025/A=015090 225T5798P EOSS BALLOON,"KC0D-14>APZEOS,EOSS,WIDE2-1,qAO,N6BA-10:/134445h3938.29N/10400.10WO051/025/A=015090 225T5798P EOSS BALLOON",51.0,29.0,46.7,39.6381666667,-104.0016666667,2.91,4.68,72.5,22.5,295.65,57980.0,0.57,0.00132561,0.68319201,8.889e-05,7.778e-05,22.0,6.70566667,low Re,-0.001111,22.804669,0.0156,5.457625,0.059557,-0.147439,-0.280588,23.274226,-0.000344,6.950867,0.004755,1.663495,0.018154,-0.147401,-0.280875,7.093985,
EOSS-307,AE0SS-12,2021-03-20 07:44:58.699,2021-03-20 07:44:57,15287.0,4659.48,1358.0,420.0,ascending,True,/134457h3938.34N/10400.03WO063/017EOSS Balloon  www.eoss.org/A=015287!W88!,"AE0SS-12>APTT4,EOSS,qAO,KB0TVJ-1:/134457h3938.34N/10400.03WO063/017EOSS Balloon  www.eoss.org/A=015287!W88!",63.0,20.0,32.2,39.6391333333,-104.0006333333,2.99,4.82,,,,,,,,8.444e-05,8.056e-05,22.63333333,6.89866667,low Re,0.010556,22.8011,0.015493,5.39931,0.058911,-0.031072,-0.083804,23.421695,0.003217,6.94978,0.004722,1.64572,0.017957,-0.031058,-0.083811,7.138936,
EOSS-307,AE0SS-13,2021-03-20 07:45:12.440,2021-03-20 07:45:11,15596.0,4753.66,1372.0,434.0,ascending,True,/134511h3938.39N/10359.95WO052/013EOSS Baloon/A=015596!W94!,"AE0SS-13>APTT4,EOSS,qAO,W9CN-9:/134511h3938.39N/10359.95WO052/013EOSS Baloon/A=015596!W94!",52.0,15.0,24.1,39.6399833333,-103.9992333333,3.09,4.97,,,,,,,,8.833e-05,6.667e-05,22.86666667,6.96966667,low Re,0.007778,22.802438,0.015332,5.342779,0.058291,0.012022,-0.129591,23.671277,0.002367,6.950185,0.004673,1.628489,0.017768,0.011963,-0.129784,7.215007,
EOSS-307,KC0D-14,2021-03-20 07:45:17.060,2021-03-20 07:45:15,15766.0,4805.48,1352.0,438.0,ascending,True,/134515h3938.42N/10359.92WO046/020/A=015766 223T5647P EOSS BALLOON,"KC0D-14>APZEOS,EOSS,WIDE2-1,qAO,N2XGL-12:/134515h3938.42N/10359.92WO046/020/A=015766 223T5647P EOSS BALLOON",46.0,23.0,37.0,39.6403333333,-103.9986666667,3.13,5.03,72.14,22.3,295.45,56470.0,0.56,0.00129196,0.66584975,0.0001,7.222e-05,22.53333333,6.86833333,low Re,-0.011111,22.797056,0.014792,5.288117,0.057805,-0.049871,-0.44811,23.816635,-0.003378,6.948548,0.004509,1.611828,0.01762,-0.049766,-0.447616,7.259315,
EOSS-307,KC0D-2,2021-03-20 07:45:17.019,2021-03-20 07:45:15,15706.0,4787.19,1364.0,438.0,ascending,True,/134515h3938.42N/10359.91WO071/012/A=015706 142T5665P EOSS Balloon,"KC0D-2>APZEOS,EOSS,WIDE2-1,qAO,N2XGL-12:/134515h3938.42N/10359.91WO071/012/A=015706 142T5665P EOSS Balloon",71.0,14.0,22.5,39.6403333333,-103.9985,3.13,5.04,57.56,14.2,287.35,56650.0,0.56,0.00133261,0.68680138,0.00010556,7.222e-05,22.73333333,6.929,low Re,0.006667,22.795806,0.01463,5.234976,0.057223,-0.011934,-0.139157,23.764753,0.002022,6.948165,0.004459,1.595631,0.017443,-0.012011,-0.139712,7.2435,
EOSS-307,KC0D-2,2021-03-20 07:45:47.073,2021-03-20 07:45:45,16369.0,4989.27,1326.0,468.0,ascending,True,/134545h3938.51N/10359.70WO072/027/A=016369 141T5519P EOSS Balloon,"KC0D-2>APZEOS,EOSS,WIDE2-1,qAO,N6BA-10:/134545h3938.51N/10359.70WO072/027/A=016369 141T5519P EOSS Balloon",72.0,31.0,49.9,39.6418333333,-103.995,3.34,5.37,57.38,14.1,287.25,55190.0,0.54,0.00129872,0.66933388,0.00011667,5e-05,22.1,6.736,low Re,-0.021111,22.782425,0.013929,5.184297,0.056869,-0.131633,-0.616153,24.365314,-0.006433,6.944085,0.004246,1.580184,0.017334,-0.131684,-0.616072,7.426549,
EOSS-307,KC0D-14,2021-03-20 07:45:47.270,2021-03-20 07:45:45,16431.0,5008.17,1330.0,468.0,ascending,True,/134545h3938.52N/10359.69WO065/029/A=016431 223T5499P EOSS BALLOON,"KC0D-14>APZEOS,EOSS,WIDE2-1,qAO,N6BA-10:/134545h3938.52N/10359.69WO065/029/A=016431 223T5499P EOSS BALLOON",65.0,33.0,53.1,39.642,-103.9948333333,3.35,5.39,72.14,22.3,295.45,54990.0,0.54,0.0012581,0.64839876,0.00012778,5.556e-05,22.16666667,6.75633333,low Re,0.002222,22.770807,0.013704,5.134903,0.056332,-0.117654,-0.203827,24.423806,0.000678,6.940542,0.004177,1.565128,0.017171,-0.117696,-0.203774,7.444379,
EOSS-307,KC0D-2,2021-03-20 07:46:17.059,2021-03-20 07:46:15,17032.0,5191.35,1326.0,498.0,ascending,True,/134615h3938.60N/10359.42WO046/022/A=017032 140T5376P EOSS Balloon,"KC0D-2>APZEOS,EOSS,WIDE2-1,qAO,N6BA-10:/134615h3938.60N/10359.42WO046/022/A=017032 140T5376P EOSS Balloon",46.0,25.0,40.2,39.6433333333,-103.9903333333,3.59,5.78,57.2,14.0,287.15,53760.0,0.53,0.00126551,0.65221816,0.00015556,5e-05,22.1,6.736,low Re,0.0,22.746414,0.013155,5.040508,0.055331,-0.128244,-0.237751,24.999281,0.0,6.933105,0.00401,1.536357,0.016866,-0.128294,-0.237756,7.61978,
EOSS-307,KC0D-14,2021-03-20 07:46:17.101,2021-03-20 07:46:15,17094.0,5210.25,1326.0,498.0,ascending,True,/134615h3938.60N/10359.43WO053/023/A=017094 220T5358P EOSS BALLOON,"KC0D-14>APZEOS,EOSS,WIDE2-1,qAO,N6BA-10:/134615h3938.60N/10359.43WO053/023/A=017094 220T5358P EOSS BALLOON",53.0,26.0,41.8,39.6433333333,-103.9905,3.58,5.77,71.6,22.0,295.15,53580.0,0.53,0.00122709,0.6324153,0.00014444,4.444e-05,22.1,6.736,low Re,-0.002222,22.758385,0.013403,5.087049,0.05583,-0.129424,-0.279867,25.058889,-0.000678,6.936755,0.004085,1.550543,0.017018,-0.129474,-0.27988,7.63795,
EOSS-307,AE0SS-13,2021-03-20 07:46:42.606,2021-03-20 07:46:41,17624.0,5371.8,1352.0,524.0,ascending,True,/134641h3938.71N/10359.18WO074/024EOSS Baloon/A=017624!W35!,"AE0SS-13>APTT4,EOSS,qAO,KB0TVJ-1:/134641h3938.71N/10359.18WO074/024EOSS Baloon/A=017624!W35!",74.0,28.0,45.1,39.6452166667,-103.9864166667,3.83,6.17,,,,,,,,0.00014241,5.815e-05,22.53333333,6.86822222,low Re,0.004815,22.742609,0.013003,4.994556,0.054828,-0.041901,-0.14934,25.563004,0.001469,6.931946,0.003964,1.522351,0.016712,-0.041859,-0.149294,7.79161,
EOSS-307,KC0D-2,2021-03-20 07:46:46.989,2021-03-20 07:46:45,17734.0,5405.32,1404.0,528.0,ascending,True,/134645h3938.74N/10359.14WO043/037/A=017734 138T5228P EOSS Balloon,"KC0D-2>APZEOS,EOSS,WIDE2-1,qAO,N6BA-10:/134645h3938.74N/10359.14WO043/037/A=017734 138T5228P EOSS Balloon",43.0,43.0,69.2,39.6456666667,-103.9856666667,3.88,6.25,56.84,13.8,286.95,52280.0,0.52,0.00123153,0.63470482,0.00015556,7.778e-05,23.4,7.13233333,low Re,0.028889,22.754142,0.013287,4.950527,0.054369,0.130462,0.286965,25.665547,0.008804,6.935462,0.00405,1.508931,0.016572,0.130471,0.286869,7.822858,
EOSS-307,KC0D-14,2021-03-20 07:46:47.031,2021-03-20 07:46:45,17800.0,5425.44,1412.0,528.0,ascending,True,/134645h3938.74N/10359.14WO053/036/A=017800 220T5209P EOSS BALLOON,"KC0D-14>APZEOS,EOSS,WIDE2-1,qAO,N6BA-10:/134645h3938.74N/10359.14WO053/036/A=017800 220T5209P EOSS BALLOON",53.0,41.0,66.0,39.6456666667,-103.9856666667,3.88,6.25,71.6,22.0,295.15,52090.0,0.51,0.00119296,0.61482854,0.00016111,7.778e-05,23.53333333,7.173,low Re,0.004444,22.767577,0.013132,4.907976,0.053894,0.156023,-0.161205,25.726595,0.001356,6.939557,0.004003,1.495961,0.016428,0.156049,-0.161127,7.841468,
EOSS-307,AE0SS-12,2021-03-20 07:46:58.807,2021-03-20 07:46:57,18014.0,5490.67,1363.5,540.0,ascending,True,/134657h3938.78N/10359.01WO068/042EOSS Balloon  www.eoss.org/A=018014!W82!,"AE0SS-12>APTT4,EOSS,qAO,KB0TVJ-1:/134657h3938.78N/10359.01WO068/042EOSS Balloon  www.eoss.org/A=018014!W82!",68.0,48.0,77.2,39.6464666667,-103.9835333333,4.0,6.44,,,,,,,,0.0001425,6.111e-05,22.725,6.92658333,low Re,-0.006736,22.766855,0.012789,4.865485,0.053483,-0.008602,-0.365069,25.921729,-0.002053,6.939337,0.003898,1.48301,0.016302,-0.0086,-0.365047,7.900947,
EOSS-307,AE0SS-13,2021-03-20 07:47:12.555,2021-03-20 07:47:11,18345.0,5591.56,1442.0,554.0,ascending,True,/134711h3938.84N/10358.86WO094/035EOSS Baloon/A=018345!W12!,"AE0SS-13>APTT4,EOSS,qAO,KB0TVJ-1:/134711h3938.84N/10358.86WO094/035EOSS Baloon/A=018345!W12!",94.0,40.0,64.4,39.64735,-103.9810333333,4.14,6.67,,,,,,,,0.00017944,7.111e-05,24.03333333,7.32533333,low Re,0.043611,22.787963,0.013312,4.826845,0.053171,0.258009,0.569841,26.213576,0.013292,6.94577,0.004058,1.471232,0.016207,0.25799,0.569754,7.989903,
EOSS-307,KC0D-14,2021-03-20 07:47:17.318,2021-03-20 07:47:15,18527.0,5647.03,1454.0,558.0,ascending,True,/134715h3938.86N/10358.83WO063/033/A=018527 217T5061P EOSS BALLOON,"KC0D-14>APZEOS,EOSS,WIDE2-1,qAO,N6BA-10:/134715h3938.86N/10358.83WO063/033/A=018527 217T5061P EOSS BALLOON",63.0,38.0,61.2,39.6476666667,-103.9805,4.18,6.73,71.06,21.7,294.85,50610.0,0.5,0.00116025,0.5979676,0.00017222,6.667e-05,24.23333333,7.38633333,low Re,0.006667,22.811658,0.013201,4.790029,0.052726,0.296799,-0.123924,26.368039,0.002033,6.952993,0.004024,1.460011,0.016072,0.296806,-0.12388,8.03698,
EOSS-307,KC0D-2,2021-03-20 07:47:17.278,2021-03-20 07:47:15,18457.0,5625.69,1446.0,558.0,ascending,True,/134715h3938.86N/10358.83WO055/026/A=018457 136T5078P EOSS Balloon,"KC0D-2>APZEOS,EOSS,WIDE2-1,qAO,N6BA-10:/134715h3938.86N/10358.83WO055/026/A=018457 136T5078P EOSS Balloon",55.0,30.0,48.3,39.6476666667,-103.9805,4.18,6.73,56.48,13.6,286.75,50780.0,0.5,0.00119703,0.61692408,0.00017222,6.667e-05,24.1,7.34566667,low Re,-0.004444,22.832437,0.012912,4.753421,0.052333,0.266663,-0.331645,26.309174,-0.001356,6.959326,0.003936,1.448852,0.015952,0.266653,-0.331745,8.019035,
EOSS-307,KC0D-2,2021-03-20 07:47:47.201,2021-03-20 07:47:45,19268.0,5872.89,1622.0,588.0,ascending,True,/134745h3938.99N/10358.55WO066/027/A=019268 134T4917P EOSS Balloon,"KC0D-2>APZEOS,EOSS,WIDE2-1,qAO,N6BA-10:/134745h3938.99N/10358.55WO066/027/A=019268 134T4917P EOSS Balloon",66.0,31.0,49.9,39.6498333333,-103.9758333333,4.47,7.19,56.12,13.4,286.55,49170.0,0.49,0.00115989,0.59778119,0.00015556,7.222e-05,27.03333333,8.24,low Re,0.097778,22.899118,0.014281,4.744544,0.05301,0.871362,1.575118,26.944177,0.029811,6.979654,0.004353,1.44615,0.016158,0.871518,1.575566,8.212589,
EOSS-307,KC0D-14,2021-03-20 07:47:47.243,2021-03-20 07:47:45,19334.0,5893.0,1614.0,588.0,ascending,True,/134745h3938.99N/10358.55WO070/027/A=019334 217T4899P EOSS BALLOON,"KC0D-14>APZEOS,EOSS,WIDE2-1,qAO,N6BA-10:/134745h3938.99N/10358.55WO070/027/A=019334 217T4899P EOSS BALLOON",70.0,31.0,49.9,39.6498333333,-103.9758333333,4.47,7.19,71.06,21.7,294.85,48990.0,0.48,0.00112311,0.57882697,0.00015556,7.222e-05,26.9,8.199,low Re,-0.004444,22.961632,0.013983,4.733233,0.052634,0.832067,-0.350097,26.990954,-0.001367,6.998707,0.004262,1.4427,0.016044,0.831977,-0.350848,8.226841,
EOSS-307,KC0D-14,2021-03-20 07:48:17.300,2021-03-20 07:48:15,20168.0,6147.21,1668.0,618.0,ascending,True,/134815h3939.12N/10358.26WO062/033/A=020168 213T4735P EOSS BALLOON,"KC0D-14>APZEOS,EOSS,WIDE2-1,qAO,N6BA-10:/134815h3939.12N/10358.26WO062/033/A=020168 213T4735P EOSS BALLOON",62.0,38.0,61.2,39.652,-103.971,4.76,7.66,70.34,21.3,294.45,47350.0,0.47,0.00108699,0.56021002,0.00016111,7.222e-05,27.8,8.47366667,low Re,-0.001111,23.108754,0.014015,4.734708,0.051883,0.990821,-0.291541,27.51122,-0.000322,7.043549,0.004272,1.443149,0.015815,0.99097,-0.290484,8.385422,
EOSS-307,KC0D-2,2021-03-20 07:48:17.298,2021-03-20 07:48:15,20103.0,6127.39,1670.0,618.0,ascending,True,/134815h3939.12N/10358.26WO067/026/A=020103 132T4751P EOSS Balloon,"KC0D-2>APZEOS,EOSS,WIDE2-1,qAO,N6BA-10:/134815h3939.12N/10358.26WO067/026/A=020103 132T4751P EOSS Balloon",67.0,30.0,48.3,39.652,-103.971,4.76,7.66,55.76,13.2,286.35,47510.0,0.47,0.00112151,0.57800327,0.00016111,7.222e-05,27.83333333,8.48333333,low Re,0.031111,23.036581,0.014251,4.734825,0.052258,1.013079,0.32263,27.47553,0.009478,7.021547,0.004344,1.443181,0.015929,1.012892,0.322305,8.37454,
EOSS-307,AE0SS-13,2021-03-20 07:48:42.604,2021-03-20 07:48:41,20823.0,6346.85,1652.0,644.0,ascending,True,/134841h3939.23N/10357.99WO055/036EOSS Baloon/A=020823!W15!,"AE0SS-13>APTT4,EOSS,qAO,KB0TVJ-1:/134841h3939.23N/10357.99WO055/036EOSS Baloon/A=020823!W15!",55.0,41.0,66.0,39.65385,-103.9665833333,5.02,8.08,,,,,,,,0.00016056,7.222e-05,27.53333333,8.39211111,low Re,-0.002963,23.174793,0.013757,4.729693,0.051525,0.921527,-0.324503,27.823971,-0.000906,7.063677,0.004193,1.44162,0.015706,0.921487,-0.324653,8.480746,
EOSS-307,KC0D-2,2021-03-20 07:48:47.282,2021-03-20 07:48:45,20959.0,6388.3,1712.0,648.0,ascending,True,/134845h3939.25N/10357.97WO049/031/A=020959 129T4588P EOSS Balloon,"KC0D-2>APZEOS,EOSS,WIDE2-1,qAO,N6BA-10:/134845h3939.25N/10357.97WO049/031/A=020959 129T4588P EOSS Balloon",49.0,36.0,57.9,39.6541666667,-103.9661666667,5.05,8.13,55.22,12.9,286.05,45880.0,0.45,0.00108417,0.5587582,0.00016111,7.222e-05,28.53333333,8.697,low Re,0.033333,23.253595,0.01405,4.739027,0.051189,1.114098,0.376702,27.878249,0.010163,7.087696,0.004283,1.444465,0.015603,1.114118,0.376851,8.497289,
EOSS-307,KC0D-14,2021-03-20 07:48:47.323,2021-03-20 07:48:45,21026.0,6408.72,1716.0,648.0,ascending,True,/134845h3939.25N/10357.96WO059/039/A=021026 212T4572P EOSS BALLOON,"KC0D-14>APZEOS,EOSS,WIDE2-1,qAO,N6BA-10:/134845h3939.25N/10357.96WO059/039/A=021026 212T4572P EOSS BALLOON",59.0,45.0,72.4,39.6541666667,-103.966,5.06,8.15,70.16,21.2,294.35,45720.0,0.45,0.00104992,0.54110884,0.00016667,7.222e-05,28.6,8.717,low Re,0.002222,23.331079,0.013876,4.74788,0.050826,1.109742,-0.229292,27.903657,0.000667,7.111309,0.004229,1.447159,0.015493,1.109547,-0.22991,8.505033,
EOSS-307,AE0SS-12,2021-03-20 07:48:58.454,2021-03-20 07:48:57,21272.0,6483.71,1629.0,660.0,ascending,True,/134857h3939.30N/10357.84WO046/036EOSS Balloon  www.eoss.org/A=021272!W86!,"AE0SS-12>APTT4,EOSS,qAO,KB0TVJ-1:/134857h3939.30N/10357.84WO046/036EOSS Balloon  www.eoss.org/A=021272!W86!",46.0,41.0,66.0,39.6551333333,-103.9641,5.18,8.34,,,,,,,,0.00016194,7.222e-05,27.15,8.27533333,high Re,-0.012083,23.385635,0.013499,4.7354,0.050547,0.794941,-0.506103,27.989489,-0.003681,7.127938,0.004115,1.443355,0.015408,0.79495,-0.505971,8.531197,low_to_high
EOSS-307,KC0D-14,2021-03-20 07:49:17.176,2021-03-20 07:49:15,21901.0,6675.42,1750.0,678.0,ascending,True,/134915h3939.39N/10357.64WO057/039/A=021901 208T4408P EOSS BALLOON,"KC0D-14>APZEOS,EOSS,WIDE2-1,qAO,N6BA-10:/134915h3939.39N/10357.64WO057/039/A=021901 208T4408P EOSS BALLOON",57.0,45.0,72.4,39.6565,-103.9606666667,5.38,8.66,69.44,20.8,293.95,44080.0,0.44,0.00101364,0.5224089,0.00017778,7.778e-05,29.16666667,8.89,high Re,0.067222,23.467058,0.014267,4.75125,0.050589,1.199602,1.046769,28.157396,0.020489,7.152756,0.004349,1.448186,0.01542,1.1996,1.046693,8.582372,
EOSS-307,KC0D-2,2021-03-20 07:49:17.135,2021-03-20 07:49:15,21837.0,6655.92,1756.0,678.0,ascending,True,/134915h3939.39N/10357.64WO067/036/A=021837 127T4424P EOSS Balloon,"KC0D-2>APZEOS,EOSS,WIDE2-1,qAO,N6BA-10:/134915h3939.39N/10357.64WO067/036/A=021837 127T4424P EOSS Balloon",67.0,41.0,66.0,39.6565,-103.9606666667,5.38,8.66,54.86,12.7,285.85,44240.0,0.44,0.00104615,0.53916212,0.00018333,7.778e-05,29.26666667,8.92066667,high Re,0.003333,23.547608,0.014113,4.766926,0.050243,1.199737,-0.214557,28.14358,0.001022,7.17731,0.004302,1.452967,0.015315,1.19986,-0.214169,8.578163,
EOSS-307,KC0D-14,2021-03-20 07:49:47.321,2021-03-20 07:49:45,22797.0,6948.53,1792.0,708.0,ascending,True,/134945h3939.57N/10357.32WO068/038/A=022797 207T4247P EOSS BALLOON,"KC0D-14>APZEOS,EOSS,WIDE2-1,qAO,N6BA-10:/134945h3939.57N/10357.32WO068/038/A=022797 207T4247P EOSS BALLOON",68.0,44.0,70.8,39.6595,-103.9553333333,5.73,9.23,69.26,20.7,293.85,42470.0,0.42,0.00097695,0.50349947,0.00017778,0.0001,29.86666667,9.10366667,high Re,0.02,23.63417,0.014195,4.791135,0.049893,1.300839,0.116349,28.280002,0.0061,7.203699,0.004327,1.460352,0.015208,1.301034,0.116583,8.619744,
EOSS-307,KC0D-2,2021-03-20 07:49:47.280,2021-03-20 07:49:45,22730.0,6928.1,1786.0,708.0,ascending,True,/134945h3939.58N/10357.32WO069/044/A=022730 124T4262P EOSS Balloon,"KC0D-2>APZEOS,EOSS,WIDE2-1,qAO,N6BA-10:/134945h3939.58N/10357.32WO069/044/A=022730 124T4262P EOSS Balloon",69.0,51.0,82.1,39.6596666667,-103.9553333333,5.74,9.24,54.32,12.4,285.55,42620.0,0.42,0.0010089,0.51996454,0.00017778,0.00010556,29.76666667,9.07266667,high Re,-0.003333,23.717042,0.013955,4.811313,0.049588,1.257375,-0.348633,28.275103,-0.001033,7.228955,0.004253,1.466498,0.015115,1.257221,-0.349719,8.61825,
EOSS-307,KC0D-2,2021-03-20 07:50:17.273,2021-03-20 07:50:15,23658.0,7210.96,1856.0,738.0,ascending,True,/135015h3939.69N/10356.98WO066/047/A=023658 121T4098P EOSS Balloon,"KC0D-2>APZEOS,EOSS,WIDE2-1,qAO,N6BA-10:/135015h3939.69N/10356.98WO066/047/A=023658 121T4098P EOSS Balloon",66.0,54.0,86.9,39.6615,-103.9496666667,6.06,9.75,53.78,12.1,285.25,40980.0,0.4,0.0009711,0.50048233,0.00018889,6.111e-05,30.93333333,9.42866667,high Re,-0.001111,23.907383,0.014101,4.887721,0.049038,1.43747,-0.310208,28.291257,-0.000322,7.286969,0.004298,1.489784,0.014947,1.437589,-0.309092,8.623174,
EOSS-307,KC0D-14,2021-03-20 07:50:17.314,2021-03-20 07:50:15,23726.0,7231.68,1858.0,738.0,ascending,True,/135015h3939.69N/10356.98WO071/040/A=023726 203T4084P EOSS BALLOON,"KC0D-14>APZEOS,EOSS,WIDE2-1,qAO,N6BA-10:/135015h3939.69N/10356.98WO071/040/A=023726 203T4084P EOSS BALLOON",71.0,46.0,74.0,39.6615,-103.9496666667,6.06,9.75,68.54,20.3,293.45,40840.0,0.4,0.00094074,0.48483512,0.00018889,6.667e-05,30.96666667,9.43833333,high Re,0.04,23.813704,0.014307,4.851461,0.04934,1.474394,0.520734,28.288531,0.012189,7.258413,0.004361,1.478729,0.01504,1.474185,0.520479,8.622343,
EOSS-307,AE0SS-13,2021-03-20 07:50:42.576,2021-03-20 07:50:41,24458.0,7454.8,1817.5,764.0,ascending,True,/135041h3939.75N/10356.67WO079/026EOSS Baloon/A=024458!W23!,"AE0SS-13>APTT4,EOSS,qAO,KB0TVJ-1:/135041h3939.75N/10356.67WO079/026EOSS Baloon/A=024458!W23!",79.0,30.0,48.3,39.6625333333,-103.94455,6.32,10.17,,,,,,,,0.00018361,7.236e-05,30.29166667,9.23291667,high Re,-0.005347,23.990296,0.013845,4.909665,0.048761,1.283462,-0.393593,28.233317,-0.001631,7.312241,0.00422,1.496473,0.014863,1.283468,-0.393662,8.605514,
EOSS-307,KC0D-2,2021-03-20 07:50:46.973,2021-03-20 07:50:45,24595.0,7496.56,1874.0,768.0,ascending,True,/135045h3939.77N/10356.61WO076/042/A=024595 117T3939P EOSS Balloon,"KC0D-2>APZEOS,EOSS,WIDE2-1,qAO,N6BA-10:/135045h3939.77N/10356.61WO076/042/A=024595 117T3939P EOSS Balloon",76.0,48.0,77.2,39.6628333333,-103.9435,6.38,10.26,53.06,11.7,284.85,39390.0,0.39,0.00093473,0.48173944,0.00020556,4.444e-05,31.23333333,9.52,high Re,0.031389,24.083155,0.014073,4.946145,0.04848,1.445606,0.357178,28.218618,0.009569,7.340546,0.00429,1.507593,0.014778,1.445651,0.35722,8.601033,
EOSS-307,KC0D-14,2021-03-20 07:50:47.015,2021-03-20 07:50:45,24661.0,7516.67,1870.0,768.0,ascending,True,/135045h3939.77N/10356.61WO070/038/A=024661 201T3924P EOSS BALLOON,"KC0D-14>APZEOS,EOSS,WIDE2-1,qAO,N6BA-10:/135045h3939.77N/10356.61WO070/038/A=024661 201T3924P EOSS BALLOON",70.0,44.0,70.8,39.6628333333,-103.9435,6.38,10.26,68.18,20.1,293.25,39240.0,0.39,0.0009045,0.46615831,0.00020556,4.444e-05,31.16666667,9.49966667,high Re,-0.002222,24.17282,0.013864,4.978538,0.048199,1.404799,-0.333741,28.211145,-0.000678,7.367877,0.004226,1.517468,0.014692,1.404833,-0.333787,8.598756,
EOSS-307,AE0SS-13,2021-03-20 07:51:12.553,2021-03-20 07:51:11,25351.0,7726.98,1786.0,794.0,ascending,True,/135111h3939.85N/10356.32WO065/048EOSS Baloon/A=025351!W55!,"AE0SS-13>APTT4,EOSS,qAO,KB0TVJ-1:/135111h3939.85N/10356.32WO065/048EOSS Baloon/A=025351!W55!",65.0,55.0,88.5,39.66425,-103.93875,6.64,10.68,,,,,,,,0.00019333,5.722e-05,29.76666667,9.07266667,high Re,-0.046667,24.242743,0.013098,4.986305,0.048371,1.107819,-1.235554,28.121509,-0.014233,7.389186,0.003992,1.519832,0.014745,1.107675,-1.236012,8.571436,
EOSS-307,KC0D-14,2021-03-20 07:51:17.243,2021-03-20 07:51:15,25552.0,7788.25,1782.0,798.0,ascending,True,/135115h3939.88N/10356.29WO067/028/A=025552 197T3776P EOSS BALLOON,"KC0D-14>APZEOS,EOSS,WIDE2-1,qAO,N6BA-10:/135115h3939.88N/10356.29WO067/028/A=025552 197T3776P EOSS BALLOON",67.0,32.0,51.5,39.6646666667,-103.9381666667,6.68,10.75,67.46,19.7,292.85,37760.0,0.37,0.00087157,0.4491891,0.00017778,6.111e-05,29.7,9.05266667,high Re,-0.002222,24.310117,0.012906,4.992006,0.048095,1.079703,-0.314544,28.092778,-0.000667,7.409723,0.003934,1.521571,0.01466,1.079768,-0.313847,8.562678,
EOSS-307,KC0D-2,2021-03-20 07:51:17.202,2021-03-20 07:51:15,25483.0,7767.22,1776.0,798.0,ascending,True,/135115h3939.89N/10356.29WO062/032/A=025483 114T3791P EOSS Balloon,"KC0D-2>APZEOS,EOSS,WIDE2-1,qAO,N6BA-10:/135115h3939.89N/10356.29WO062/032/A=025483 114T3791P EOSS Balloon",62.0,37.0,59.5,39.6648333333,-103.9381666667,6.69,10.76,52.52,11.4,284.55,37910.0,0.37,0.00090056,0.46412787,0.00017778,6.667e-05,29.6,9.022,high Re,-0.003333,24.374627,0.012706,4.99537,0.047827,1.046043,-0.335355,28.102717,-0.001022,7.429385,0.003873,1.522595,0.014579,1.045987,-0.335757,8.565707,
EOSS-307,AE0SS-12,2021-03-20 07:51:28.685,2021-03-20 07:51:27,25807.0,7865.97,1814.0,810.0,ascending,True,/135127h3939.91N/10356.12WO071/033EOSS Balloon  www.eoss.org/A=025807!W55!,"AE0SS-12>APTT4,EOSS,qAO,KB0TVJ-1:/135127h3939.91N/10356.12WO071/033EOSS Balloon  www.eoss.org/A=025807!W55!",71.0,38.0,61.2,39.66525,-103.9354166667,6.82,10.98,,,,,,,,0.00019122,6.744e-05,30.23333333,9.21506667,high Re,0.004222,24.445214,0.012602,5.006291,0.04754,1.156169,-0.176273,28.055635,0.001287,7.450899,0.003841,1.525923,0.014491,1.156132,-0.176247,8.551357,
EOSS-307,AE0SS-13,2021-03-20 07:51:42.487,2021-03-20 07:51:41,26220.0,7991.86,1738.0,824.0,ascending,True,/135141h3939.96N/10355.97WO032/027EOSS Baloon/A=026220!W49!,"AE0SS-13>APTT4,EOSS,qAO,KB0TVJ-1:/135141h3939.96N/10355.97WO032/027EOSS Baloon/A=026220!W49!",32.0,31.0,49.9,39.6660666667,-103.9329833333,6.96,11.2,,,,,,,,0.00019222,6.056e-05,28.96666667,8.82933333,high Re,-0.042222,24.499041,0.011942,5.000437,0.047631,0.893447,-1.137159,27.995564,-0.012858,7.467309,0.00364,1.524142,0.014519,0.893633,-1.136304,8.533047,
EOSS-307,KC0D-14,2021-03-20 07:51:47.031,2021-03-20 07:51:45,26424.0,8054.04,1744.0,828.0,ascending,True,/135145h3939.98N/10355.92WO081/040/A=026424 195T3637P EOSS BALLOON,"KC0D-14>APZEOS,EOSS,WIDE2-1,qAO,N6BA-10:/135145h3939.98N/10355.92WO081/040/A=026424 195T3637P EOSS BALLOON",81.0,46.0,74.0,39.6663333333,-103.932,7.01,11.29,67.1,19.5,292.65,36370.0,0.36,0.00084006,0.43294948,0.00020556,5.556e-05,29.06666667,8.85966667,high Re,0.003333,24.552778,0.011839,4.995212,0.047353,0.903643,-0.17963,27.96669,0.001011,7.48369,0.003609,1.522551,0.014434,0.903731,-0.179992,8.524246,
EOSS-307,KC0D-2,2021-03-20 07:51:46.989,2021-03-20 07:51:45,26359.0,8034.22,1752.0,828.0,ascending,True,/135145h3939.99N/10355.92WO082/042/A=026359 110T3650P EOSS Balloon,"KC0D-2>APZEOS,EOSS,WIDE2-1,qAO,N6BA-10:/135145h3939.99N/10355.92WO082/042/A=026359 110T3650P EOSS Balloon",82.0,48.0,77.2,39.6665,-103.932,7.02,11.3,51.8,11.0,284.15,36500.0,0.36,0.00086828,0.44749445,0.00020556,5.556e-05,29.2,8.9,high Re,0.004444,24.606815,0.011752,4.990963,0.047077,0.9203,-0.155235,27.975799,0.001344,7.500159,0.003582,1.521254,0.01435,0.920189,-0.155958,8.527024,
EOSS-307,AE0SS-12,2021-03-20 07:51:58.713,2021-03-20 07:51:57,26680.0,8132.06,1746.0,840.0,ascending,True,/135157h3940.01N/10355.77WO076/041EOSS Balloon  www.eoss.org/A=026680!W77!,"AE0SS-12>APTT4,EOSS,qAO,KB0TVJ-1:/135157h3940.01N/10355.77WO076/041EOSS Balloon  www.eoss.org/A=026680!W77!",76.0,47.0,75.6,39.66695,-103.9296166667,7.14,11.49,,,,,,,,0.00019333,5.667e-05,29.1,8.86966667,high Re,-0.003333,24.658461,0.011577,4.98519,0.046827,0.890947,-0.318406,27.931875,-0.001011,7.5159,0.003529,1.519494,0.014274,0.890933,-0.318061,8.513636,
EOSS-307,AE0SS-13,2021-03-20 07:52:12.422,2021-03-20 07:52:11,27054.0,8246.06,1668.0,854.0,ascending,True,/135211h3940.05N/10355.59WO072/047EOSS Baloon/A=027054!W64!,"AE0SS-13>APTT4,EOSS,qAO,KB0TVJ-1:/135211h3940.05N/10355.59WO072/047EOSS Baloon/A=027054!W64!",72.0,54.0,86.9,39.6676,-103.9265666667,7.3,11.75,,,,,,,,0.00021389,5.111e-05,27.8,8.47333333,high Re,-0.043333,24.69416,0.010946,4.967757,0.046925,0.6252,-1.156718,27.885059,-0.013211,7.52678,0.003336,1.51418,0.014304,0.625126,-1.156809,8.499366,
EOSS-307,KC0D-2,2021-03-20 07:52:17.277,2021-03-20 07:52:15,27192.0,8288.12,1666.0,858.0,ascending,True,/135215h3940.07N/10355.54WO050/031/A=027192 106T3519P EOSS Balloon,"KC0D-2>APZEOS,EOSS,WIDE2-1,qAO,N6BA-10:/135215h3940.07N/10355.54WO050/031/A=027192 106T3519P EOSS Balloon",50.0,36.0,57.9,39.6678333333,-103.9256666667,7.35,11.83,51.08,10.6,283.75,35190.0,0.35,0.0008383,0.43204188,0.00021111,4.444e-05,27.76666667,8.46333333,high Re,-0.003333,24.763549,0.010687,4.933389,0.046422,0.608733,-0.302012,27.869312,-0.001011,7.547929,0.003258,1.503704,0.01415,0.608766,-0.301696,8.494567,
EOSS-307,KC0D-14,2021-03-20 07:52:17.279,2021-03-20 07:52:15,27260.0,8308.85,1672.0,858.0,ascending,True,/135215h3940.07N/10355.55WO065/033/A=027260 189T3505P EOSS BALLOON,"KC0D-14>APZEOS,EOSS,WIDE2-1,qAO,N6BA-10:/135215h3940.07N/10355.55WO065/033/A=027260 189T3505P EOSS BALLOON",65.0,38.0,61.2,39.6678333333,-103.9258333333,7.34,11.82,66.02,18.9,292.05,35050.0,0.35,0.00081124,0.41809335,0.00020556,5e-05,27.86666667,8.49366667,high Re,0.002222,24.729806,0.010847,4.950885,0.046664,0.633596,-0.184832,27.861899,0.000678,7.537644,0.003306,1.509036,0.014224,0.633532,-0.184758,8.492307,
EOSS-307,AE0SS-12,2021-03-20 07:52:28.570,2021-03-20 07:52:27,27540.0,8394.19,1720.0,870.0,ascending,True,/135227h3940.11N/10355.38WO058/040EOSS Balloon  www.eoss.org/A=027540!W22!,"AE0SS-12>APTT4,EOSS,qAO,KB0TVJ-1:/135227h3940.11N/10355.38WO058/040EOSS Balloon  www.eoss.org/A=027540!W22!",58.0,46.0,74.0,39.6685333333,-103.9230333333,7.49,12.06,,,,,,,,0.00021944,5.278e-05,28.66666667,8.73766667,high Re,0.03,24.806441,0.010902,4.922937,0.046206,0.784131,0.413323,27.83403,0.009144,7.561003,0.003323,1.500519,0.014084,0.784171,0.413306,8.483813,
EOSS-307,AE0SS-13,2021-03-20 07:52:42.505,2021-03-20 07:52:41,27904.0,8505.14,1700.0,884.0,ascending,True,/135241h3940.14N/10355.17WO073/047EOSS Baloon/A=027904!W48!,"AE0SS-13>APTT4,EOSS,qAO,KB0TVJ-1:/135241h3940.14N/10355.17WO073/047EOSS Baloon/A=027904!W48!",73.0,54.0,86.9,39.6690666667,-103.9196333333,7.66,12.34,,,,,,,,0.00023111,4.889e-05,28.33333333,8.636,high Re,-0.011111,24.844777,0.01066,4.909602,0.046006,0.710558,-0.473221,27.804981,-0.003389,7.572688,0.003249,1.496454,0.014023,0.710554,-0.473365,8.474959,
EOSS-307,KC0D-14,2021-03-20 07:52:47.044,2021-03-20 07:52:45,28106.0,8566.71,1692.0,888.0,ascending,True,/135245h3940.16N/10355.13WO076/034/A=028106 187T3376P EOSS BALLOON,"KC0D-14>APZEOS,EOSS,WIDE2-1,qAO,N6BA-10:/135245h3940.16N/10355.13WO076/034/A=028106 187T3376P EOSS BALLOON",76.0,39.0,62.8,39.6693333333,-103.9188333333,7.71,12.41,65.66,18.7,291.85,33760.0,0.33,0.00078191,0.40298157,0.00023333,5e-05,28.2,8.59533333,high Re,-0.004444,24.880854,0.010496,4.895227,0.04578,0.678037,-0.326343,27.792785,-0.001356,7.583684,0.003199,1.492072,0.013954,0.678016,-0.32643,8.471242,
EOSS-307,KC0D-2,2021-03-20 07:52:47.085,2021-03-20 07:52:45,28038.0,8545.98,1692.0,888.0,ascending,True,/135245h3940.16N/10355.12WO081/033/A=028038 101T3389P EOSS Balloon,"KC0D-2>APZEOS,EOSS,WIDE2-1,qAO,N6BA-10:/135245h3940.16N/10355.12WO081/033/A=028038 101T3389P EOSS Balloon",81.0,38.0,61.2,39.6693333333,-103.9186666667,7.72,12.42,50.18,10.1,283.25,33890.0,0.33,0.00080876,0.41681573,0.00023333,5e-05,28.2,8.59533333,high Re,0.0,24.916164,0.010383,4.880858,0.045543,0.672799,-0.227982,27.79656,0.0,7.594447,0.003165,1.487692,0.013882,0.672778,-0.227993,8.472393,
EOSS-307,AE0SS-12,2021-03-20 07:52:58.789,2021-03-20 07:52:57,28363.0,8645.04,1646.0,900.0,ascending,True,/135257h3940.20N/10354.98WO087/029EOSS Balloon  www.eoss.org/A=028363!W21!,"AE0SS-12>APTT4,EOSS,qAO,KB0TVJ-1:/135257h3940.20N/10354.98WO087/029EOSS Balloon  www.eoss.org/A=028363!W21!",87.0,33.0,53.1,39.6700333333,-103.91635,7.85,12.63,,,,,,,,0.00022278,5e-05,27.43333333,8.36166667,high Re,-0.025556,24.942661,0.010001,4.861691,0.045449,0.512306,-0.782349,27.781696,-0.007789,7.602523,0.003048,1.48185,0.013854,0.512295,-0.782229,8.467862,
EOSS-307,AE0SS-13,2021-03-20 07:53:12.600,2021-03-20 07:53:11,28704.0,8748.98,1600.0,914.0,ascending,True,/135311h3940.26N/10354.77WO066/052EOSS Baloon/A=028704!W45!,"AE0SS-13>APTT4,EOSS,qAO,KB0TVJ-1:/135311h3940.26N/10354.77WO066/052EOSS Baloon/A=028704!W45!",66.0,60.0,96.6,39.6710666667,-103.9129166667,8.04,12.94,,,,,,,,0.00022389,6.667e-05,26.66666667,8.128,high Re,-0.025556,24.960619,0.009626,4.839235,0.045354,0.352545,-0.77572,27.775186,-0.007789,7.607996,0.002934,1.475006,0.013825,0.352544,-0.775624,8.465879,
EOSS-307,KC0D-14,2021-03-20 07:53:17.043,2021-03-20 07:53:15,28922.0,8815.43,1632.0,918.0,ascending,True,/135315h3940.28N/10354.72WO061/042/A=028922 181T3255P EOSS BALLOON,"KC0D-14>APZEOS,EOSS,WIDE2-1,qAO,N6BA-10:/135315h3940.28N/10354.72WO061/042/A=028922 181T3255P EOSS BALLOON",61.0,48.0,77.2,39.6713333333,-103.912,8.09,13.02,64.58,18.1,291.25,32550.0,0.32,0.00075544,0.38933864,0.00022778,6.667e-05,27.2,8.29066667,high Re,0.017778,24.983706,0.009711,4.819331,0.045122,0.459876,0.178782,27.77622,0.005422,7.615034,0.00296,1.468939,0.013754,0.459946,0.179002,8.466194,
EOSS-307,KC0D-2,2021-03-20 07:53:17.002,2021-03-20 07:53:15,28859.0,8796.22,1642.0,918.0,ascending,True,/135315h3940.28N/10354.72WO066/037/A=028859 97T3267P EOSS Balloon,"KC0D-2>APZEOS,EOSS,WIDE2-1,qAO,N6BA-10:/135315h3940.28N/10354.72WO066/037/A=028859 97T3267P EOSS Balloon",66.0,43.0,69.2,39.6713333333,-103.912,8.09,13.02,49.46,9.7,282.85,32670.0,0.32,0.00078074,0.40237909,0.00022222,6.667e-05,27.36666667,8.34133333,high Re,0.005556,25.008022,0.009668,4.800464,0.044888,0.491337,-0.091606,27.775492,0.001689,7.622445,0.002947,1.463189,0.013683,0.491316,-0.091939,8.465972,
EOSS-307,AE0SS-12,2021-03-20 07:53:28.458,2021-03-20 07:53:27,29164.0,8889.19,1602.0,930.0,ascending,True,/135327h3940.33N/10354.54WO053/036EOSS Balloon  www.eoss.org/A=029164!W14!,"AE0SS-12>APTT4,EOSS,qAO,KB0TVJ-1:/135327h3940.33N/10354.54WO053/036EOSS Balloon  www.eoss.org/A=029164!W14!",53.0,41.0,66.0,39.6721833333,-103.9090666667,8.25,13.28,,,,,,,,0.00024278,7.167e-05,26.7,8.13833333,high Re,-0.022222,25.025112,0.009343,4.778936,0.044772,0.350473,-0.705017,27.782334,-0.006767,7.627656,0.002848,1.456627,0.013647,0.350589,-0.70455,8.468058,
EOSS-307,AE0SS-13,2021-03-20 07:53:42.591,2021-03-20 07:53:41,29554.0,9008.06,1700.0,944.0,ascending,True,/135341h3940.39N/10354.33WO053/043EOSS Baloon/A=029554!W68!,"AE0SS-13>APTT4,EOSS,qAO,KB0TVJ-1:/135341h3940.39N/10354.33WO053/043EOSS Baloon/A=029554!W68!",53.0,49.0,78.9,39.6732666667,-103.9056333333,8.45,13.6,,,,,,,,0.00024278,7.333e-05,28.33333333,8.636,high Re,0.054444,25.058194,0.009799,4.766233,0.044773,0.687155,0.997141,27.803593,0.016589,7.63774,0.002987,1.452755,0.013648,0.68715,0.99663,8.474538,
EOSS-307,KC0D-2,2021-03-20 07:53:47.090,2021-03-20 07:53:45,29677.0,9045.55,1636.0,948.0,ascending,True,/135345h3940.42N/10354.26WO064/050/A=029677 92T3149P EOSS Balloon,"KC0D-2>APZEOS,EOSS,WIDE2-1,qAO,N6BA-10:/135345h3940.42N/10354.26WO064/050/A=029677 92T3149P EOSS Balloon",64.0,58.0,93.3,39.6736666667,-103.9043333333,8.52,13.71,48.56,9.2,282.35,31490.0,0.31,0.00075388,0.38853247,0.00025556,7.778e-05,27.26666667,8.311,high Re,-0.035556,25.080061,0.009345,4.747431,0.044777,0.460587,-1.002769,27.81329,-0.010833,7.644406,0.002848,1.447025,0.013649,0.460665,-1.002344,8.477494,
EOSS-307,KC0D-14,2021-03-20 07:53:47.131,2021-03-20 07:53:45,29742.0,9065.36,1640.0,948.0,ascending,True,/135345h3940.42N/10354.26WO066/052/A=029742 178T3137P EOSS BALLOON,"KC0D-14>APZEOS,EOSS,WIDE2-1,qAO,N6BA-10:/135345h3940.42N/10354.26WO066/052/A=029742 178T3137P EOSS BALLOON",66.0,60.0,96.6,39.6736666667,-103.9043333333,8.52,13.71,64.04,17.8,290.95,31370.0,0.31,0.00072881,0.37561126,0.00025556,7.778e-05,27.33333333,8.331,high Re,0.002222,25.102151,0.009275,4.729136,0.044558,0.471795,-0.158288,27.819003,0.000667,7.651137,0.002827,1.441448,0.013582,0.471653,-0.159034,8.479235,
EOSS-307,AE0SS-12,2021-03-20 07:53:58.493,2021-03-20 07:53:57,29974.0,9136.08,1620.0,960.0,ascending,True,/135357h3940.47N/10354.06WO063/034EOSS Balloon  www.eoss.org/A=029974!W59!,"AE0SS-12>APTT4,EOSS,qAO,KB0TVJ-1:/135357h3940.47N/10354.06WO063/034EOSS Balloon  www.eoss.org/A=029974!W59!",63.0,39.0,62.8,39.6745833333,-103.90115,8.7,14.0,,,,,,,,0.00026389,8e-05,27.0,8.22966667,high Re,-0.011111,25.120577,0.009075,4.709611,0.044383,0.399061,-0.454814,27.842732,-0.003378,7.656754,0.002766,1.435497,0.013529,0.399104,-0.454136,8.486468,
EOSS-307,AE0SS-13,2021-03-20 07:54:12.451,2021-03-20 07:54:11,30306.0,9237.27,1504.0,974.0,ascending,True,/135411h3940.50N/10353.83WO101/054EOSS Baloon/A=030306!W94!,"AE0SS-13>APTT4,EOSS,qAO,KB0TVJ-1:/135411h3940.50N/10353.83WO101/054EOSS Baloon/A=030306!W94!",101.0,62.0,99.8,39.67515,-103.8972333333,8.9,14.32,,,,,,,,0.00028,6.278e-05,25.06666667,7.64033333,high Re,-0.064444,25.120059,0.008361,4.686696,0.044755,-0.011392,-1.626746,27.885829,-0.019644,7.656596,0.002548,1.428512,0.013642,-0.011384,-1.626741,8.499604,
EOSS-307,KC0D-14,2021-03-20 07:54:17.338,2021-03-20 07:54:15,30507.0,9298.53,1530.0,978.0,ascending,True,/135415h3940.53N/10353.78WO069/047/A=030507 172T3029P EOSS BALLOON,"KC0D-14>APZEOS,EOSS,WIDE2-1,qAO,N6BA-10:/135415h3940.53N/10353.78WO069/047/A=030507 172T3029P EOSS BALLOON",69.0,54.0,86.9,39.6755,-103.8963333333,8.95,14.4,62.96,17.2,290.35,30290.0,0.3,0.00070517,0.36342926,0.00026667,6.111e-05,25.5,7.77233333,high Re,0.014444,25.123677,0.008419,4.664257,0.044541,0.080682,0.135269,27.917167,0.0044,7.657698,0.002566,1.421673,0.013577,0.080634,0.135081,8.509155,
EOSS-307,KC0D-2,2021-03-20 07:54:17.297,2021-03-20 07:54:15,30438.0,9277.5,1522.0,978.0,ascending,True,/135415h3940.53N/10353.78WO061/047/A=030438 87T3042P EOSS Balloon,"KC0D-2>APZEOS,EOSS,WIDE2-1,qAO,N6BA-10:/135415h3940.53N/10353.78WO061/047/A=030438 87T3042P EOSS Balloon",61.0,54.0,86.9,39.6755,-103.8963333333,8.95,14.4,47.66,8.7,281.85,30420.0,0.3,0.00072955,0.37599634,0.00026667,6.111e-05,25.36666667,7.73166667,high Re,-0.004444,25.12597,0.008297,4.642053,0.044344,0.051851,-0.287322,27.905963,-0.001356,7.658396,0.002529,1.414905,0.013517,0.051785,-0.287416,8.505741,
EOSS-307,AE0SS-12,2021-03-20 07:54:28.551,2021-03-20 07:54:27,30781.0,9382.05,1614.0,990.0,ascending,True,/135427h3940.58N/10353.55WO072/059EOSS Balloon  www.eoss.org/A=030781!W07!,"AE0SS-12>APTT4,EOSS,qAO,KB0TVJ-1:/135427h3940.58N/10353.55WO072/059EOSS Balloon  www.eoss.org/A=030781!W07!",72.0,68.0,109.4,39.6763333333,-103.8926166667,9.15,14.72,,,,,,,,0.00028444,5.833e-05,26.9,8.199,high Re,0.051111,25.142549,0.008701,4.623286,0.044328,0.38013,0.956732,27.96624,0.015578,7.663448,0.002652,1.409184,0.013512,0.380044,0.956631,8.524114,
EOSS-307,AE0SS-13,2021-03-20 07:54:42.498,2021-03-20 07:54:41,31155.0,9496.04,1698.0,1004.0,ascending,True,/135441h3940.62N/10353.30WO079/073EOSS Baloon/A=031155!W77!,"AE0SS-13>APTT4,EOSS,qAO,KB0TVJ-1:/135441h3940.62N/10353.30WO079/073EOSS Baloon/A=031155!W77!",79.0,84.0,135.2,39.6771166667,-103.88845,9.37,15.08,,,,,,,,0.00029278,6.556e-05,28.3,8.62566667,high Re,0.046667,25.171785,0.009056,4.611651,0.044271,0.678329,0.849563,28.044923,0.014222,7.672358,0.00276,1.405637,0.013494,0.678204,0.849415,8.548095,
EOSS-307,KC0D-14,2021-03-20 07:54:47.092,2021-03-20 07:54:45,31324.0,9547.56,1634.0,1008.0,ascending,True,/135445h3940.65N/10353.24WO076/053/A=031324 169T2918P EOSS BALLOON,"KC0D-14>APZEOS,EOSS,WIDE2-1,qAO,N6BA-10:/135445h3940.65N/10353.24WO076/053/A=031324 169T2918P EOSS BALLOON",76.0,61.0,98.2,39.6775,-103.8873333333,9.43,15.18,62.42,16.9,290.05,29180.0,0.29,0.00068003,0.35047324,0.0003,6.667e-05,27.23333333,8.301,high Re,-0.035556,25.190698,0.008643,4.594496,0.044272,0.444583,-0.998351,28.084833,-0.010822,7.678125,0.002634,1.400409,0.013495,0.444781,-0.99711,8.560262,
EOSS-307,KC0D-2,2021-03-20 07:54:47.050,2021-03-20 07:54:45,31259.0,9527.74,1642.0,1008.0,ascending,True,/135445h3940.65N/10353.24WO068/052/A=031259 82T2930P EOSS Balloon,"KC0D-2>APZEOS,EOSS,WIDE2-1,qAO,N6BA-10:/135445h3940.65N/10353.24WO068/052/A=031259 82T2930P EOSS Balloon",68.0,60.0,96.6,39.6775,-103.8873333333,9.43,15.18,46.76,8.2,281.35,29300.0,0.29,0.00070394,0.36279655,0.0003,6.667e-05,27.36666667,8.34133333,high Re,0.004444,25.21048,0.008604,4.578075,0.044069,0.470981,-0.094397,28.069166,0.001344,7.684154,0.002623,1.395404,0.013433,0.47096,-0.095213,8.555485,
EOSS-307,AE0SS-12,2021-03-20 07:54:58.613,2021-03-20 07:54:57,31585.0,9627.11,1608.0,1020.0,ascending,True,/135457h3940.67N/10353.05WO088/038EOSS Balloon  www.eoss.org/A=031585!W31!,"AE0SS-12>APTT4,EOSS,qAO,KB0TVJ-1:/135457h3940.67N/10353.05WO088/038EOSS Balloon  www.eoss.org/A=031585!W31!",88.0,44.0,70.8,39.6778833333,-103.8841833333,9.59,15.43,,,,,,,,0.00028111,5.167e-05,26.8,8.16866667,high Re,-0.018889,25.2248,0.008354,4.559715,0.043944,0.34546,-0.619948,28.151676,-0.005756,7.688519,0.002546,1.389808,0.013395,0.345478,-0.619784,8.580636,
EOSS-307,AE0SS-13,2021-03-20 07:55:12.609,2021-03-20 07:55:11,31927.0,9731.35,1544.0,1034.0,ascending,True,/135511h3940.69N/10352.81WO097/044EOSS Baloon/A=031927!W70!,"AE0SS-13>APTT4,EOSS,qAO,N6BA-10:/135511h3940.69N/10352.81WO097/044EOSS Baloon/A=031927!W70!",97.0,51.0,82.1,39.6782833333,-103.8801666667,9.79,15.75,,,,,,,,0.00027611,3.889e-05,25.73333333,7.84366667,high Re,-0.035556,25.22934,0.007959,4.539384,0.043942,0.111027,-0.990283,28.248555,-0.010833,7.689905,0.002426,1.383611,0.013394,0.111131,-0.989921,8.610164,
EOSS-307,KC0D-2,2021-03-20 07:55:17.073,2021-03-20 07:55:15,32081.0,9778.29,1644.0,1038.0,ascending,True,/135515h3940.72N/10352.75WO073/066/A=032081 77T2821P EOSS Balloon,"KC0D-2>APZEOS,EOSS,WIDE2-1,qAO,N6BA-10:/135515h3940.72N/10352.75WO073/066/A=032081 77T2821P EOSS Balloon",73.0,76.0,122.3,39.6786666667,-103.8791666667,9.85,15.85,45.86,7.7,280.85,28210.0,0.28,0.00067896,0.34992189,0.00027222,3.889e-05,27.4,8.35166667,high Re,0.055556,25.24855,0.008383,4.523684,0.043974,0.475597,1.072748,28.295507,0.016933,7.695761,0.002555,1.378826,0.013404,0.475699,1.072665,8.624475,
EOSS-307,KC0D-14,2021-03-20 07:55:17.115,2021-03-20 07:55:15,32148.0,9798.71,1648.0,1038.0,ascending,True,/135515h3940.72N/10352.74WO078/056/A=032148 162T2809P EOSS BALLOON,"KC0D-14>APZEOS,EOSS,WIDE2-1,qAO,N6BA-10:/135515h3940.72N/10352.74WO078/056/A=032148 162T2809P EOSS BALLOON",78.0,64.0,103.0,39.6786666667,-103.879,9.86,15.86,61.16,16.2,289.35,28090.0,0.28,0.00065621,0.33819774,0.00027778,3.889e-05,27.46666667,8.37166667,high Re,0.002222,25.268007,0.008329,4.508412,0.043782,0.487679,-0.139487,28.31656,0.000667,7.70169,0.002539,1.37417,0.013345,0.48755,-0.140277,8.630892,
EOSS-307,AE0SS-12,2021-03-20 07:55:28.663,2021-03-20 07:55:27,32422.0,9882.23,1674.0,1050.0,ascending,True,/135527h3940.75N/10352.51WO082/064EOSS Balloon  www.eoss.org/A=032422!W26!,"AE0SS-12>APTT4,EOSS,qAO,KB0TVJ-1:/135527h3940.75N/10352.51WO082/064EOSS Balloon  www.eoss.org/A=032422!W26!",82.0,74.0,119.1,39.6792,-103.8752666667,10.05,16.17,,,,,,,,0.00029722,4.389e-05,27.9,8.504,high Re,0.014444,25.290894,0.008383,4.4953,0.043591,0.580408,0.139042,28.4065,0.004411,7.708667,0.002555,1.370174,0.013287,0.580461,0.139685,8.658308,
EOSS-307,AE0SS-13,2021-03-20 07:55:42.556,2021-03-20 07:55:41,32796.0,9996.22,1738.0,1064.0,ascending,True,/135541h3940.75N/10352.26WO111/055EOSS Baloon/A=032796!W36!,"AE0SS-13>APTT4,EOSS,qAO,KB0TVJ-1:/135541h3940.75N/10352.26WO111/055EOSS Baloon/A=032796!W36!",111.0,63.0,101.4,39.6792166667,-103.8711,10.24,16.48,,,,,,,,0.00030222,3.111e-05,28.96666667,8.829,high Re,0.035556,25.322581,0.008619,4.488706,0.043473,0.811834,0.619626,28.538771,0.010833,7.718325,0.002627,1.368164,0.013251,0.8118,0.619274,8.698622,
EOSS-307,KC0D-2,2021-03-20 07:55:47.119,2021-03-20 07:55:45,32938.0,10039.5,1714.0,1068.0,ascending,True,/135545h3940.78N/10352.18WO066/057/A=032938 71T2709P EOSS Balloon,"KC0D-2>APZEOS,EOSS,WIDE2-1,qAO,N6BA-10:/135545h3940.78N/10352.18WO066/057/A=032938 71T2709P EOSS Balloon",66.0,66.0,106.2,39.6796666667,-103.8696666667,10.32,16.61,44.78,7.1,280.25,27090.0,0.27,0.0006534,0.33674863,0.00031667,3.333e-05,28.56666667,8.707,high Re,-0.013333,25.350309,0.00843,4.479368,0.043332,0.718038,-0.502239,28.591702,-0.004067,7.726775,0.002569,1.365317,0.013208,0.717947,-0.502423,8.714755,
EOSS-307,KC0D-14,2021-03-20 07:55:47.168,2021-03-20 07:55:45,33001.0,10058.7,1706.0,1068.0,ascending,True,/135545h3940.78N/10352.18WO073/062/A=033001 159T2698P EOSS BALLOON,"KC0D-14>APZEOS,EOSS,WIDE2-1,qAO,N6BA-10:/135545h3940.78N/10352.18WO073/062/A=033001 159T2698P EOSS BALLOON",73.0,71.0,114.3,39.6796666667,-103.8696666667,10.32,16.61,60.62,15.9,289.05,26980.0,0.27,0.00063094,0.32517071,0.00031111,3.333e-05,28.43333333,8.66633333,high Re,-0.004444,25.376436,0.00832,4.469205,0.043161,0.683991,-0.29573,28.61564,-0.001356,7.734737,0.002536,1.362218,0.013156,0.683882,-0.295835,8.72205,
EOSS-307,AE0SS-12,2021-03-20 07:55:58.708,2021-03-20 07:55:57,33275.0,10142.22,1706.0,1080.0,ascending,True,/135557h3940.80N/10351.94WO086/068EOSS Balloon  www.eoss.org/A=033275!W86!,"AE0SS-12>APTT4,EOSS,qAO,KB0TVJ-1:/135557h3940.80N/10351.94WO086/068EOSS Balloon  www.eoss.org/A=033275!W86!",86.0,78.0,125.5,39.6801333333,-103.8657666667,10.52,16.93,,,,,,,,0.00031667,3.111e-05,28.43333333,8.66633333,high Re,0.0,25.402124,0.008249,4.459042,0.042983,0.679789,-0.191913,28.722869,0.0,7.742566,0.002514,1.35912,0.013102,0.67968,-0.191879,8.754735,
EOSS-307,AE0SS-13,2021-03-20 07:56:12.517,2021-03-20 07:56:11,33616.0,10246.16,1640.0,1094.0,ascending,True,/135611h3940.82N/10351.64WO062/063EOSS Baloon/A=033616!W43!,"AE0SS-13>APTT4,EOSS,qAO,KB0TVJ-1:/135611h3940.82N/10351.64WO062/063EOSS Baloon/A=033616!W43!",62.0,72.0,115.9,39.6804,-103.8607166667,10.77,17.33,,,,,,,,0.00034611,3.944e-05,27.33333333,8.33133333,high Re,-0.036667,25.418218,0.007872,4.443765,0.042998,0.430967,-1.035839,28.862923,-0.011167,7.747472,0.002399,1.354464,0.013106,0.431064,-1.035098,8.797425,
EOSS-307,KC0D-14,2021-03-20 07:56:17.049,2021-03-20 07:56:15,33843.0,10315.35,1684.0,1098.0,ascending,True,/135615h3940.82N/10351.54WO091/057/A=033843 152T2594P EOSS BALLOON,"KC0D-14>APZEOS,EOSS,WIDE2-1,qAO,N6BA-10:/135615h3940.82N/10351.54WO091/057/A=033843 152T2594P EOSS BALLOON",91.0,66.0,106.2,39.6803333333,-103.859,10.85,17.46,59.36,15.2,288.35,25940.0,0.26,0.00060809,0.31339529,0.00035556,2.222e-05,28.06666667,8.555,high Re,0.024444,25.440106,0.00801,4.431756,0.042844,0.592668,0.383578,28.959844,0.007456,7.754146,0.002441,1.350805,0.013059,0.592872,0.384026,8.826967,
EOSS-307,KC0D-2,2021-03-20 07:56:17.007,2021-03-20 07:56:15,33775.0,10294.62,1674.0,1098.0,ascending,True,/135615h3940.82N/10351.54WO099/060/A=033775 66T2604P EOSS Balloon,"KC0D-2>APZEOS,EOSS,WIDE2-1,qAO,N6BA-10:/135615h3940.82N/10351.54WO099/060/A=033775 66T2604P EOSS Balloon",99.0,69.0,111.0,39.6803333333,-103.859,10.85,17.46,43.88,6.6,279.75,26040.0,0.26,0.0006292,0.3242749,0.00035556,2.222e-05,27.9,8.504,high Re,-0.005556,25.460269,0.007898,4.41902,0.042683,0.552098,-0.315207,28.93052,-0.0017,7.760292,0.002407,1.346923,0.01301,0.552153,-0.31568,8.818028,
EOSS-307,AE0SS-12,2021-03-20 07:56:28.711,2021-03-20 07:56:27,34112.0,10397.34,1674.0,1110.0,ascending,True,/135627h3940.82N/10351.30WO092/064EOSS Balloon  www.eoss.org/A=034112!W89!,"AE0SS-12>APTT4,EOSS,qAO,KB0TVJ-1:/135627h3940.82N/10351.30WO092/064EOSS Balloon  www.eoss.org/A=034112!W89!",92.0,74.0,119.1,39.6804666667,-103.85515,11.03,17.76,,,,,,,,0.00035389,1.111e-05,27.9,8.504,high Re,0.0,25.480104,0.007833,4.406367,0.042512,0.549182,-0.184254,29.078115,0.0,7.766339,0.002388,1.343067,0.012958,0.549236,-0.184288,8.863016,
EOSS-307,AE0SS-13,2021-03-20 07:56:42.439,2021-03-20 07:56:41,34529.0,10524.44,1826.0,1124.0,ascending,True,/135641h3940.84N/10350.98WO099/060EOSS Baloon/A=034529!W18!,"AE0SS-13>APTT4,EOSS,qAO,KB0TVJ-1:/135641h3940.84N/10350.98WO099/060EOSS Baloon/A=034529!W18!",99.0,69.0,111.0,39.6806833333,-103.8498,11.29,18.18,,,,,,,,0.00036389,9.44e-06,30.43333333,9.276,high Re,0.084444,25.520049,0.008456,4.410904,0.042897,1.113895,1.771406,29.267822,0.025733,7.778513,0.002577,1.344449,0.013075,1.11383,1.771013,8.920838,
EOSS-307,KC0D-14,2021-03-20 07:56:47.199,2021-03-20 07:56:45,34744.0,10589.97,1802.0,1128.0,ascending,True,/135645h3940.85N/10350.92WO084/064/A=034744 149T2485P EOSS BALLOON,"KC0D-14>APZEOS,EOSS,WIDE2-1,qAO,N6BA-10:/135645h3940.85N/10350.92WO084/064/A=034744 149T2485P EOSS BALLOON",84.0,74.0,119.1,39.6808333333,-103.8486666667,11.35,18.27,58.82,14.9,288.05,24850.0,0.25,0.00058314,0.30053909,0.00034444,1.667e-05,30.03333333,9.154,high Re,-0.013333,25.556156,0.00828,4.41159,0.042767,1.014867,-0.505366,29.368193,-0.004067,7.789517,0.002524,1.344657,0.013036,1.014744,-0.5056,8.95143,
EOSS-307,KC0D-2,2021-03-20 07:56:47.158,2021-03-20 07:56:45,34681.0,10570.77,1812.0,1128.0,ascending,True,/135645h3940.85N/10350.93WO080/064/A=034681 60T2495P EOSS Balloon,"KC0D-2>APZEOS,EOSS,WIDE2-1,qAO,N6BA-10:/135645h3940.85N/10350.93WO080/064/A=034681 60T2495P EOSS Balloon",80.0,74.0,119.1,39.6808333333,-103.8488333333,11.35,18.26,42.8,6.0,279.15,24950.0,0.25,0.00060416,0.311369,0.00033889,1.667e-05,30.2,9.205,high Re,0.005556,25.593011,0.008258,4.413342,0.042595,1.043878,-0.063435,29.338622,0.0017,7.800751,0.002517,1.345191,0.012983,1.043903,-0.062928,8.942418,
EOSS-307,AE0SS-12,2021-03-20 07:56:58.727,2021-03-20 07:56:57,35011.0,10671.35,1798.0,1140.0,ascending,True,/135657h3940.84N/10350.67WO078/058EOSS Balloon  www.eoss.org/A=035011!W50!,"AE0SS-12>APTT4,EOSS,qAO,KB0TVJ-1:/135657h3940.84N/10350.67WO078/058EOSS Balloon  www.eoss.org/A=035011!W50!",78.0,67.0,107.8,39.68075,-103.8445,11.55,18.59,,,,,,,,0.000355,9.44e-06,29.96666667,9.13366667,high Re,-0.007778,25.62745,0.008131,4.412893,0.042449,0.983304,-0.374779,29.494821,-0.002378,7.811247,0.002478,1.345053,0.012939,0.983173,-0.375299,8.990025,
EOSS-307,AE0SS-13,2021-03-20 07:57:12.462,2021-03-20 07:57:11,35385.0,10785.35,1712.0,1154.0,ascending,True,/135711h3940.83N/10350.38WO070/053EOSS Baloon/A=035385!W94!,"AE0SS-13>APTT4,EOSS,qAO,KB0TVJ-1:/135711h3940.83N/10350.38WO070/053EOSS Baloon/A=035385!W94!",70.0,61.0,98.2,39.68065,-103.8397333333,11.78,18.95,,,,,,,,0.00033556,-1.11e-06,28.53333333,8.697,high Re,-0.047778,25.650152,0.007691,4.402982,0.04257,0.654825,-1.303007,29.675091,-0.014556,7.818167,0.002344,1.342032,0.012975,0.654852,-1.302505,9.044974,
EOSS-307,KC0D-2,2021-03-20 07:57:16.986,2021-03-20 07:57:15,35557.0,10837.77,1752.0,1158.0,ascending,True,/135715h3940.84N/10350.29WO098/070/A=035557 55T2391P EOSS Balloon,"KC0D-2>APZEOS,EOSS,WIDE2-1,qAO,N6BA-10:/135715h3940.84N/10350.29WO098/070/A=035557 55T2391P EOSS Balloon",98.0,81.0,130.4,39.6806666667,-103.8381666667,11.85,19.07,41.9,5.5,278.65,23910.0,0.24,0.00058001,0.29892551,0.00035556,-5.56e-06,29.2,8.9,high Re,0.022222,25.67767,0.007804,4.396872,0.042421,0.801099,0.339879,29.758836,0.006767,7.826553,0.002379,1.340169,0.01293,0.800979,0.339366,9.070496,
EOSS-307,KC0D-14,2021-03-20 07:57:17.028,2021-03-20 07:57:15,35618.0,10856.37,1748.0,1158.0,ascending,True,/135715h3940.84N/10350.29WO094/064/A=035618 142T2382P EOSS BALLOON,"KC0D-14>APZEOS,EOSS,WIDE2-1,qAO,N6BA-10:/135715h3940.84N/10350.29WO094/064/A=035618 142T2382P EOSS BALLOON",94.0,74.0,119.1,39.6806666667,-103.8381666667,11.85,19.07,57.56,14.2,287.35,23820.0,0.24,0.00056033,0.28878392,0.00035,-5.56e-06,29.13333333,8.88,high Re,-0.002222,25.704252,0.007727,4.390271,0.042265,0.781064,-0.235396,29.78863,-0.000667,7.834656,0.002355,1.338158,0.012882,0.781181,-0.234591,9.079581,
EOSS-307,AE0SS-12,2021-03-20 07:57:28.614,2021-03-20 07:57:27,35887.0,10938.36,1752.0,1170.0,ascending,True,/135727h3940.83N/10350.03WO086/069EOSS Balloon  www.eoss.org/A=035887!W67!,"AE0SS-12>APTT4,EOSS,qAO,KB0TVJ-1:/135727h3940.83N/10350.03WO086/069EOSS Balloon  www.eoss.org/A=035887!W67!",86.0,79.0,127.1,39.6806,-103.83395,12.05,19.4,,,,,,,,0.00035167,-5e-06,29.2,8.90033333,high Re,0.002222,25.730937,0.007684,4.384005,0.042103,0.7913,-0.129729,29.920433,0.000678,7.842791,0.002342,1.336249,0.012833,0.791426,-0.129666,9.119754,
EOSS-307,AE0SS-13,2021-03-20 07:57:42.704,2021-03-20 07:57:41,36323.0,11071.25,1876.0,1184.0,ascending,True,/135741h3940.85N/10349.73WO106/057EOSS Baloon/A=036323!W55!,"AE0SS-13>APTT4,EOSS,qAO,KB0TVJ-1:/135741h3940.85N/10349.73WO106/057EOSS Baloon/A=036323!W55!",106.0,66.0,106.2,39.6809166667,-103.8289166667,12.31,19.81,,,,,,,,0.00036056,8.89e-06,31.26666667,9.53,high Re,0.068889,25.772875,0.008151,4.393739,0.042281,1.250368,1.436532,30.134611,0.020989,7.855573,0.002485,1.339215,0.012887,1.250305,1.435866,9.185033,
EOSS-307,KC0D-14,2021-03-20 07:57:47.122,2021-03-20 07:57:45,36544.0,11138.61,1852.0,1188.0,ascending,True,/135745h3940.87N/10349.64WO080/058/A=036544 138T2277P EOSS BALLOON,"KC0D-14>APZEOS,EOSS,WIDE2-1,qAO,N6BA-10:/135745h3940.87N/10349.64WO080/058/A=036544 138T2277P EOSS BALLOON",80.0,67.0,107.8,39.6811666667,-103.8273333333,12.39,19.94,56.84,13.8,286.95,22770.0,0.22,0.00053638,0.27643896,0.00036111,1.667e-05,30.86666667,9.408,high Re,-0.013333,25.811174,0.007989,4.399293,0.04216,1.14916,-0.50574,30.242935,-0.004067,7.867245,0.002435,1.340906,0.012851,1.14904,-0.505953,9.21805,
EOSS-307,KC0D-2,2021-03-20 07:57:47.080,2021-03-20 07:57:45,36477.0,11118.19,1840.0,1188.0,ascending,True,/135745h3940.86N/10349.64WO072/065/A=036477 49T2287P EOSS Balloon,"KC0D-2>APZEOS,EOSS,WIDE2-1,qAO,N6BA-10:/135745h3940.86N/10349.64WO072/065/A=036477 49T2287P EOSS Balloon",72.0,75.0,120.7,39.681,-103.8273333333,12.39,19.93,40.82,4.9,278.05,22870.0,0.23,0.00055598,0.2865403,0.00036111,1.111e-05,30.66666667,9.34733333,high Re,-0.006667,25.847409,0.007878,4.402749,0.04202,1.094602,-0.346145,30.210134,-0.002022,7.878291,0.002401,1.341961,0.012808,1.094698,-0.345331,9.208053,
EOSS-307,AE0SS-13,2021-03-20 07:58:12.577,2021-03-20 07:58:11,37223.0,11345.57,1800.0,1214.0,ascending,True,/135811h3940.86N/10349.10WO087/071EOSS Baloon/A=037223!W57!,"AE0SS-13>APTT4,EOSS,qAO,KB0TVJ-1:/135811h3940.86N/10349.10WO087/071EOSS Baloon/A=037223!W57!",87.0,82.0,132.0,39.6810833333,-103.81845,12.82,20.64,,,,,,,,0.00034889,5.56e-06,30.0,9.144,high Re,-0.022222,25.878169,0.007654,4.400827,0.041942,0.936604,-0.712317,30.571834,-0.006778,7.887667,0.002333,1.341375,0.012784,0.936601,-0.712688,9.318298,
EOSS-307,KC0D-2,2021-03-20 07:58:17.130,2021-03-20 07:58:15,37376.0,11392.2,1798.0,1218.0,ascending,True,/135815h3940.88N/10349.03WO092/046/A=037376 43T2190P EOSS Balloon,"KC0D-2>APZEOS,EOSS,WIDE2-1,qAO,N6BA-10:/135815h3940.88N/10349.03WO092/046/A=037376 43T2190P EOSS Balloon",92.0,53.0,85.3,39.6813333333,-103.8171666667,12.89,20.75,39.74,4.3,277.45,21900.0,0.22,0.00053355,0.27498046,0.00033889,1.111e-05,29.96666667,9.13366667,high Re,-0.001111,25.908231,0.007589,4.398491,0.041792,0.922688,-0.208174,30.644674,-0.000344,7.896828,0.002313,1.340662,0.012738,0.922558,-0.208588,9.340498,
EOSS-307,KC0D-14,2021-03-20 07:58:17.169,2021-03-20 07:58:15,37443.0,11412.63,1798.0,1218.0,ascending,True,/135815h3940.88N/10349.03WO092/049/A=037443 131T2180P EOSS BALLOON,"KC0D-14>APZEOS,EOSS,WIDE2-1,qAO,N6BA-10:/135815h3940.88N/10349.03WO092/049/A=037443 131T2180P EOSS BALLOON",92.0,56.0,90.1,39.6813333333,-103.8171666667,12.89,20.75,55.58,13.1,286.25,21800.0,0.22,0.00051479,0.26530989,0.00033889,5.56e-06,29.96666667,9.134,high Re,0.0,25.937855,0.007533,4.395986,0.041642,0.916475,-0.180899,30.676381,1.1e-05,7.905859,0.002296,1.339899,0.012693,0.916592,-0.18002,9.350166,
EOSS-307,AE0SS-12,2021-03-20 07:58:28.543,2021-03-20 07:58:27,37744.0,11504.37,1857.0,1230.0,ascending,True,/135827h3940.87N/10348.79WO093/043EOSS Balloon  www.eoss.org/A=037744!W63!,"AE0SS-12>APTT4,EOSS,qAO,KB0TVJ-1:/135827h3940.87N/10348.79WO093/043EOSS Balloon  www.eoss.org/A=037744!W63!",93.0,49.0,78.9,39.6812666667,-103.8132166667,13.08,21.06,,,,,,,,0.00034556,1.111e-05,30.95,9.4335,high Re,0.016389,25.974175,0.007598,4.400645,0.041496,1.130704,0.211852,30.817218,0.004992,7.916929,0.002316,1.341319,0.012648,1.130656,0.211575,9.39309,
EOSS-307,AE0SS-13,2021-03-20 07:58:42.500,2021-03-20 07:58:41,38168.0,11633.61,1890.0,1244.0,ascending,True,/135841h3940.87N/10348.49WO084/047EOSS Baloon/A=038168!W01!,"AE0SS-13>APTT4,EOSS,qAO,KB0TVJ-1:/135841h3940.87N/10348.49WO084/047EOSS Baloon/A=038168!W01!",84.0,54.0,86.9,39.6811666667,-103.8081833333,13.33,21.45,,,,,,,,0.00034222,2.78e-06,31.5,9.60133333,high Re,0.018333,26.013929,0.007676,4.409651,0.041354,1.244105,0.257702,31.010429,0.005594,7.929047,0.00234,1.344065,0.012605,1.2442,0.258152,9.451983,
EOSS-307,KC0D-14,2021-03-20 07:58:47.113,2021-03-20 07:58:45,38394.0,11702.49,1902.0,1248.0,ascending,True,/135845h3940.86N/10348.38WO089/078/A=038394 128T2081P EOSS BALLOON,"KC0D-14>APZEOS,EOSS,WIDE2-1,qAO,N6BA-10:/135845h3940.86N/10348.38WO089/078/A=038394 128T2081P EOSS BALLOON",89.0,90.0,144.8,39.681,-103.8063333333,13.42,21.59,55.04,12.8,285.95,20810.0,0.21,0.00049192,0.25352712,0.00036111,-1.111e-05,31.7,9.662,high Re,0.006667,26.054544,0.007668,4.419962,0.041204,1.277263,-0.024294,31.110553,0.002022,7.941425,0.002337,1.347207,0.012559,1.277142,-0.025082,9.482498,
EOSS-307,KC0D-2,2021-03-20 07:58:47.072,2021-03-20 07:58:45,38332.0,11683.59,1912.0,1248.0,ascending,True,/135845h3940.85N/10348.39WO090/086/A=038332 37T2088P EOSS Balloon,"KC0D-2>APZEOS,EOSS,WIDE2-1,qAO,N6BA-10:/135845h3940.85N/10348.39WO090/086/A=038332 37T2088P EOSS Balloon",90.0,99.0,159.3,39.6808333333,-103.8065,13.4,21.57,38.66,3.7,276.85,20880.0,0.21,0.0005098,0.26274134,0.00035556,-1.667e-05,31.86666667,9.713,high Re,0.005556,26.095764,0.007653,4.431264,0.041056,1.302315,-0.051077,31.083299,0.0017,7.953989,0.002333,1.350652,0.012514,1.302342,-0.050583,9.47419,
EOSS-307,AE0SS-12,2021-03-20 07:58:58.652,2021-03-20 07:58:57,38656.0,11782.35,1824.0,1260.0,ascending,True,/135857h3940.84N/10348.10WO094/072EOSS Balloon  www.eoss.org/A=038656!W90!,"AE0SS-12>APTT4,EOSS,qAO,KB0TVJ-1:/135857h3940.84N/10348.10WO094/072EOSS Balloon  www.eoss.org/A=038656!W90!",94.0,83.0,133.6,39.6808166667,-103.8016666667,13.64,21.95,,,,,,,,0.000385,-1.5e-05,30.4,9.266,high Re,-0.048889,26.126076,0.007252,4.430272,0.041185,0.964709,-1.363142,31.22384,-0.0149,7.963229,0.002211,1.35035,0.012553,0.964765,-1.3631,9.517029,
EOSS-307,AE0SS-13,2021-03-20 07:59:12.465,2021-03-20 07:59:11,39129.0,11926.52,1922.0,1274.0,ascending,True,/135911h3940.84N/10347.79WO098/065EOSS Baloon/A=039129!W52!,"AE0SS-13>APTT4,EOSS,qAO,KB0TVJ-1:/135911h3940.84N/10347.79WO098/065EOSS Baloon/A=039129!W52!",98.0,75.0,120.7,39.68075,-103.7965333333,13.89,22.36,,,,,,,,0.00038833,-1.389e-05,32.03333333,9.76366667,high Re,0.054444,26.167385,0.007585,4.442197,0.041229,1.320506,1.136554,31.42002,0.016589,7.975819,0.002312,1.353984,0.012567,1.320435,1.136071,9.576824,
EOSS-307,KC0D-14,2021-03-20 07:59:17.499,2021-03-20 07:59:15,39356.0,11995.71,1924.0,1278.0,ascending,True,/135915h3940.84N/10347.69WO093/058/A=039356 121T1984P EOSS BALLOON,"KC0D-14>APZEOS,EOSS,WIDE2-1,qAO,N6BA-10:/135915h3940.84N/10347.69WO093/058/A=039356 121T1984P EOSS BALLOON",93.0,67.0,107.8,39.6806666667,-103.7948333333,13.98,22.49,53.78,12.1,285.25,19840.0,0.2,0.00047015,0.24230282,0.00038333,-1.111e-05,32.06666667,9.774,high Re,0.0,26.248755,0.007487,4.464945,0.040948,1.30302,-0.182842,31.510043,0.0,8.000622,0.002282,1.360919,0.012481,1.303074,-0.182838,9.604263,
EOSS-307,KC0D-2,2021-03-20 07:59:16.985,2021-03-20 07:59:15,39294.0,11976.81,1924.0,1278.0,ascending,True,/135915h3940.84N/10347.69WO083/060/A=039294 31T1992P EOSS Balloon,"KC0D-2>APZEOS,EOSS,WIDE2-1,qAO,N6BA-10:/135915h3940.84N/10347.69WO083/060/A=039294 31T1992P EOSS Balloon",83.0,69.0,111.0,39.6806666667,-103.7948333333,13.98,22.49,37.58,3.1,276.25,19920.0,0.2,0.00048742,0.2512057,0.00038889,-5.56e-06,32.06666667,9.774,high Re,0.001111,26.208353,0.007539,4.453852,0.041088,1.315336,-0.156445,31.485733,0.000344,7.988307,0.002298,1.357537,0.012523,1.315392,-0.156033,9.596852,
EOSS-307,AE0SS-12,2021-03-20 07:59:28.495,2021-03-20 07:59:27,39618.0,12075.57,1924.0,1290.0,ascending,True,/135927h3940.82N/10347.45WO087/064EOSS Balloon  www.eoss.org/A=039618!W92!,"AE0SS-12>APTT4,EOSS,qAO,KB0TVJ-1:/135927h3940.82N/10347.45WO087/064EOSS Balloon  www.eoss.org/A=039618!W92!",87.0,74.0,119.1,39.6804833333,-103.7908666667,14.17,22.8,,,,,,,,0.00036,-1.111e-05,32.06666667,9.774,high Re,0.0,26.288604,0.007435,4.475498,0.040811,1.291044,-0.182181,31.610396,0.0,8.012768,0.002266,1.364136,0.012439,1.291097,-0.182169,9.634851,
EOSS-307,AE0SS-13,2021-03-20 07:59:42.517,2021-03-20 07:59:41,40041.0,12204.5,1824.0,1304.0,ascending,True,/135941h3940.82N/10347.15WO084/071EOSS Baloon/A=040041!W97!,"AE0SS-13>APTT4,EOSS,qAO,KB0TVJ-1:/135941h3940.82N/10347.15WO084/071EOSS Baloon/A=040041!W97!",84.0,82.0,132.0,39.6804833333,-103.78595,14.41,23.2,,,,,,,,0.00035278,-8.89e-06,30.4,9.266,high Re,-0.055556,26.316572,0.007004,4.473017,0.041003,0.912902,-1.525742,31.763986,-0.016933,8.021294,0.002135,1.36338,0.012498,0.912956,-1.525684,9.681664,
EOSS-307,KC0D-2,2021-03-20 07:59:47.192,2021-03-20 07:59:45,40190.0,12249.91,1792.0,1308.0,ascending,True,/135945h3940.84N/10347.08WO090/051/A=040190 25T1907P EOSS Balloon,"KC0D-2>APZEOS,EOSS,WIDE2-1,qAO,N6BA-10:/135945h3940.84N/10347.08WO090/051/A=040190 25T1907P EOSS Balloon",90.0,59.0,95.0,39.6806666667,-103.7846666667,14.48,23.31,36.5,2.5,275.65,19070.0,0.19,0.00046764,0.24101005,0.00033889,0.0,29.86666667,9.10333333,high Re,-0.017778,26.340559,0.006835,4.467318,0.040913,0.789312,-0.601594,31.815515,-0.005422,8.028605,0.002083,1.361643,0.01247,0.789288,-0.601844,9.697369,
EOSS-307,KC0D-14,2021-03-20 07:59:47.284,2021-03-20 07:59:45,40254.0,12269.42,1796.0,1308.0,ascending,True,/135945h3940.84N/10347.08WO095/057/A=040254 117T1899P EOSS BALLOON,"KC0D-14>APZEOS,EOSS,WIDE2-1,qAO,N6BA-10:/135945h3940.84N/10347.08WO095/057/A=040254 117T1899P EOSS BALLOON",95.0,66.0,106.2,39.6806666667,-103.7846666667,14.48,23.31,53.06,11.7,284.85,18990.0,0.19,0.00045063,0.23224758,0.00033889,0.0,29.93333333,9.12366667,high Re,0.002222,26.364672,0.006804,4.461918,0.040775,0.799804,-0.112373,31.837228,0.000678,8.035954,0.002074,1.359997,0.012428,0.79979,-0.112327,9.703987,
EOSS-307,AE0SS-12,2021-03-20 07:59:58.877,2021-03-20 07:59:57,40540.0,12356.59,1844.0,1320.0,ascending,True,/135957h3940.81N/10346.80WO094/051EOSS Balloon  www.eoss.org/A=040540!W93!,"AE0SS-12>APTT4,EOSS,qAO,KB0TVJ-1:/135957h3940.81N/10346.80WO094/051EOSS Balloon  www.eoss.org/A=040540!W93!",94.0,59.0,95.0,39.6803166667,-103.78005,14.71,23.67,,,,,,,,0.00036056,-5.56e-06,30.73333333,9.36733333,high Re,0.026667,26.393796,0.006937,4.461203,0.04067,0.972728,0.485124,31.931121,0.008122,8.04483,0.002115,1.359778,0.012396,0.972588,0.484592,9.732605,
EOSS-307,AE0SS-13,2021-03-20 08:00:12.494,2021-03-20 08:00:11,40986.0,12492.53,1890.0,1334.0,ascending,True,/140011h3940.80N/10346.51WO081/039EOSS Baloon/A=040986!W85!,"AE0SS-13>APTT4,EOSS,qAO,KB0TVJ-1:/140011h3940.80N/10346.51WO081/039EOSS Baloon/A=040986!W85!",81.0,45.0,72.4,39.6801333333,-103.77525,14.94,24.05,,,,,,,,0.00035667,-1.167e-05,31.5,9.601,high Re,0.025556,26.427612,0.007062,4.465683,0.040562,1.135859,0.455944,32.067132,0.007789,8.055136,0.002152,1.361141,0.012363,1.135712,0.455957,9.77406,
EOSS-307,KC0D-2,2021-03-20 08:00:17.292,2021-03-20 08:00:15,41147.0,12541.61,1914.0,1338.0,ascending,True,/140015h3940.79N/10346.44WO098/063/A=041147 20T1821P EOSS Balloon,"KC0D-2>APZEOS,EOSS,WIDE2-1,qAO,N6BA-10:/140015h3940.79N/10346.44WO098/063/A=041147 20T1821P EOSS Balloon",98.0,72.0,115.9,39.6798333333,-103.774,15.0,24.14,35.6,2.0,275.15,18210.0,0.18,0.00044736,0.23055942,0.00035556,-2.778e-05,31.9,9.72333333,high Re,0.013333,26.463615,0.007103,4.472949,0.04043,1.215392,0.154093,32.113071,0.004078,8.066111,0.002165,1.363358,0.012323,1.215545,0.155238,9.788064,
EOSS-307,KC0D-14,2021-03-20 08:00:17.333,2021-03-20 08:00:15,41204.0,12558.98,1900.0,1338.0,ascending,True,/140015h3940.79N/10346.44WO095/062/A=041204 110T1813P EOSS BALLOON,"KC0D-14>APZEOS,EOSS,WIDE2-1,qAO,N6BA-10:/140015h3940.79N/10346.44WO095/062/A=041204 110T1813P EOSS BALLOON",95.0,71.0,114.3,39.6798333333,-103.774,15.0,24.14,51.8,11.0,284.15,18130.0,0.18,0.00043129,0.22227601,0.00035556,-2.778e-05,31.66666667,9.652,high Re,-0.007778,26.497622,0.007005,4.478011,0.040314,1.154317,-0.366696,32.128931,-0.002378,8.076476,0.002135,1.364901,0.012288,1.154314,-0.367269,9.792897,
EOSS-307,AE0SS-12,2021-03-20 08:00:28.739,2021-03-20 08:00:27,41514.0,12653.47,1948.0,1350.0,ascending,True,/140027h3940.78N/10346.19WO098/063EOSS Balloon  www.eoss.org/A=041514!W69!,"AE0SS-12>APTT4,EOSS,qAO,KB0TVJ-1:/140027h3940.78N/10346.19WO098/063EOSS Balloon  www.eoss.org/A=041514!W69!",98.0,72.0,115.9,39.6797666667,-103.7699833333,15.2,24.46,,,,,,,,0.00033556,-1.833e-05,32.46666667,9.896,high Re,0.026667,26.536382,0.007134,4.489196,0.040212,1.321013,0.485751,32.21148,0.008133,8.088291,0.002174,1.368311,0.012257,1.321124,0.486171,9.818058,
EOSS-307,AE0SS-13,2021-03-20 08:00:42.696,2021-03-20 08:00:41,41931.0,12780.57,1890.0,1364.0,ascending,True,/140041h3940.79N/10345.87WO090/056EOSS Baloon/A=041931!W79!,"AE0SS-13>APTT4,EOSS,qAO,KB0TVJ-1:/140041h3940.79N/10345.87WO090/056EOSS Baloon/A=041931!W79!",90.0,64.0,103.0,39.67995,-103.76465,15.47,24.9,,,,,,,,0.00035333,-6.11e-06,31.5,9.60133333,high Re,-0.032222,26.568405,0.006878,4.492324,0.040206,1.097783,-0.972492,32.312668,-0.009822,8.098053,0.002097,1.369266,0.012255,1.097873,-0.972583,9.8489,
EOSS-307,KC0D-14,2021-03-20 08:00:47.084,2021-03-20 08:00:45,42170.0,12853.42,1932.0,1368.0,ascending,True,/140045h3940.78N/10345.79WO094/069/A=042170 106T1730P EOSS BALLOON,"KC0D-14>APZEOS,EOSS,WIDE2-1,qAO,N6BA-10:/140045h3940.78N/10345.79WO094/069/A=042170 106T1730P EOSS BALLOON",94.0,79.0,127.1,39.6796666667,-103.7631666667,15.54,25.01,51.08,10.6,283.75,17300.0,0.17,0.00041212,0.2123991,0.00036111,-5.56e-06,32.2,9.81466667,high Re,0.007778,26.638659,0.00694,4.506371,0.039952,1.234106,0.020975,32.365614,0.002378,8.119466,0.002115,1.373547,0.012177,1.234177,0.021598,9.865038,
EOSS-307,KC0D-2,2021-03-20 08:00:47.042,2021-03-20 08:00:45,42106.0,12833.91,1918.0,1368.0,ascending,True,/140045h3940.78N/10345.79WO096/074/A=042106 14T1737P EOSS Balloon,"KC0D-2>APZEOS,EOSS,WIDE2-1,qAO,N6BA-10:/140045h3940.78N/10345.79WO096/074/A=042106 14T1737P EOSS Balloon",96.0,85.0,136.8,39.6796666667,-103.7631666667,15.54,25.01,34.52,1.4,274.55,17370.0,0.17,0.00042766,0.22040468,0.00036111,-5.56e-06,31.96666667,9.74333333,high Re,0.015556,26.603009,0.006934,4.498619,0.040081,1.19229,0.215114,32.351793,0.004733,8.108599,0.002114,1.371184,0.012217,1.192206,0.214373,9.860825,
EOSS-307,AE0SS-12,2021-03-20 08:00:58.703,2021-03-20 08:00:57,42528.0,12962.53,2028.0,1380.0,ascending,True,/140057h3940.77N/10345.51WO093/058EOSS Balloon  www.eoss.org/A=042528!W97!,"AE0SS-12>APTT4,EOSS,qAO,W9CN-9:/140057h3940.77N/10345.51WO093/058EOSS Balloon  www.eoss.org/A=042528!W97!",93.0,67.0,107.8,39.67965,-103.7586166667,15.77,25.38,,,,,,,,0.00037889,-3.89e-06,33.8,10.302,high Re,0.053333,26.683984,0.007235,4.527982,0.039995,1.571565,1.152594,32.438159,0.016244,8.133279,0.002205,1.380132,0.01219,1.571387,1.151682,9.887147,
EOSS-307,AE0SS-13,2021-03-20 08:01:12.538,2021-03-20 08:01:11,43037.0,13117.68,2212.0,1394.0,ascending,True,/140111h3940.77N/10345.16WO100/070EOSS Baloon/A=043037!W47!,"AE0SS-13>APTT4,EOSS,qAO,KB0TVJ-1:/140111h3940.77N/10345.16WO100/070EOSS Baloon/A=043037!W47!",100.0,81.0,130.4,39.6795666667,-103.7527833333,16.06,25.85,,,,,,,,0.00039556,-1.278e-05,36.86666667,11.237,high Re,0.102222,26.748026,0.007836,4.5853,0.040577,2.206757,2.326096,32.52775,0.031167,8.1528,0.002389,1.397603,0.012368,2.206778,2.326811,9.914456,
EOSS-307,KC0D-14,2021-03-20 08:01:17.241,2021-03-20 08:01:15,43274.0,13189.92,2208.0,1398.0,ascending,True,/140115h3940.77N/10345.07WO097/064/A=043274 100T1640P EOSS BALLOON,"KC0D-14>APZEOS,EOSS,WIDE2-1,qAO,N6BA-10:/140115h3940.77N/10345.07WO097/064/A=043274 100T1640P EOSS BALLOON",97.0,74.0,119.1,39.6795,-103.7511666667,16.14,25.98,50.0,10.0,283.15,16400.0,0.16,0.00039151,0.2017761,0.0004,-5.56e-06,36.8,11.21666667,high Re,-0.002222,26.810851,0.007773,4.639424,0.040457,2.153101,-0.247052,32.564245,-0.000678,8.171949,0.002369,1.4141,0.012331,2.153113,-0.247101,9.92558,
EOSS-307,KC0D-2,2021-03-20 08:01:16.939,2021-03-20 08:01:15,43211.0,13170.71,2210.0,1398.0,ascending,True,/140115h3940.77N/10345.07WO096/076/A=043211 9T1647P EOSS Balloon,"KC0D-2>APZEOS,EOSS,WIDE2-1,qAO,N6BA-10:/140115h3940.77N/10345.07WO096/076/A=043211 9T1647P EOSS Balloon",96.0,87.0,140.0,39.6795,-103.7511666667,16.14,25.98,33.62,0.9,274.05,16470.0,0.16,0.00040624,0.20936604,0.0004,-5.56e-06,36.83333333,11.22666667,high Re,0.001111,26.873102,0.007731,4.69187,0.040333,2.12287,-0.164134,32.554858,0.000333,8.190922,0.002357,1.430084,0.012293,2.122774,-0.164647,9.922717,
EOSS-307,AE0SS-12,2021-03-20 08:01:28.558,2021-03-20 08:01:27,43634.0,13299.64,2212.0,1410.0,ascending,True,/140127h3940.75N/10344.82WO084/063EOSS Balloon  www.eoss.org/A=043634!W16!,"AE0SS-12>APTT4,EOSS,qAO,KB0TVJ-1:/140127h3940.75N/10344.82WO084/063EOSS Balloon  www.eoss.org/A=043634!W16!",84.0,72.0,115.9,39.6791833333,-103.7471,16.34,26.3,,,,,,,,0.00038389,-1.556e-05,36.86666667,11.237,high Re,0.001111,26.934791,0.00769,4.742721,0.04021,2.09413,-0.163616,32.613649,0.000344,8.209725,0.002344,1.445584,0.012256,2.094154,-0.163185,9.940636,
EOSS-307,AE0SS-13,2021-03-20 08:01:42.450,2021-03-20 08:01:41,44084.0,13436.8,2094.0,1424.0,ascending,True,/140141h3940.71N/10344.50WO087/060EOSS Baloon/A=044084!W69!,"AE0SS-13>APTT4,EOSS,qAO,KB0TVJ-1:/140141h3940.71N/10344.50WO087/060EOSS Baloon/A=044084!W69!",87.0,69.0,111.0,39.6786,-103.7418166667,16.6,26.71,,,,,,,,0.00036556,-3.222e-05,34.9,10.63733333,high Re,-0.065556,26.983657,0.007238,4.769044,0.040496,1.659943,-1.79756,32.665762,-0.019989,8.224619,0.002206,1.453605,0.012343,1.659814,-1.798185,9.95652,
EOSS-307,KC0D-2,2021-03-20 08:01:47.146,2021-03-20 08:01:45,44247.0,13486.49,2072.0,1428.0,ascending,True,/140145h3940.71N/10344.40WO094/076/A=044247 3T1568P EOSS Balloon,"KC0D-2>APZEOS,EOSS,WIDE2-1,qAO,N6BA-10:/140145h3940.71N/10344.40WO094/076/A=044247 3T1568P EOSS Balloon",94.0,87.0,140.0,39.6785,-103.74,16.69,26.86,32.54,0.3,273.45,15680.0,0.15,0.0003876,0.19976094,0.00037222,-3.333e-05,34.53333333,10.526,high Re,-0.012222,27.029692,0.007119,4.790803,0.040399,1.56626,-0.478749,32.682163,-0.003711,8.238651,0.00217,1.460239,0.012314,1.566421,-0.477586,9.96152,
EOSS-307,KC0D-14,2021-03-20 08:01:47.195,2021-03-20 08:01:45,44308.0,13505.08,2068.0,1428.0,ascending,True,/140145h3940.71N/10344.40WO097/073/A=044308 97T1560P EOSS BALLOON,"KC0D-14>APZEOS,EOSS,WIDE2-1,qAO,N6BA-10:/140145h3940.71N/10344.40WO097/073/A=044308 97T1560P EOSS BALLOON",97.0,84.0,135.2,39.6785,-103.74,16.69,26.86,49.46,9.7,282.85,15600.0,0.15,0.00037281,0.19213694,0.00037222,-3.333e-05,34.46666667,10.50533333,high Re,-0.002222,27.074764,0.007062,4.811138,0.040282,1.536415,-0.230475,32.687979,-0.000689,8.252389,0.002152,1.466436,0.012278,1.53634,-0.231389,9.963292,
EOSS-307,AE0SS-12,2021-03-20 08:01:58.773,2021-03-20 08:01:57,44615.0,13598.65,1962.0,1440.0,ascending,True,/140157h3940.71N/10344.13WO089/066EOSS Balloon  www.eoss.org/A=044615!W01!,"AE0SS-12>APTT4,EOSS,qAO,KB0TVJ-1:/140157h3940.71N/10344.13WO089/066EOSS Balloon  www.eoss.org/A=044615!W01!",89.0,76.0,122.3,39.6785,-103.7355166667,16.92,27.23,,,,,,,,0.00038611,-2.278e-05,32.7,9.967,high Re,-0.058889,27.108651,0.006662,4.816367,0.040486,1.160906,-1.619103,32.714706,-0.017944,8.262718,0.002031,1.46803,0.01234,1.160931,-1.61872,9.971439,
EOSS-307,AE0SS-13,2021-03-20 08:02:12.735,2021-03-20 08:02:11,45088.0,13742.82,2008.0,1454.0,ascending,True,/140211h3940.73N/10343.84WO078/072EOSS Baloon/A=045088!W94!,"AE0SS-13>APTT4,EOSS,qAO,KB0TVJ-1:/140211h3940.73N/10343.84WO078/072EOSS Baloon/A=045088!W94!",78.0,83.0,133.6,39.6789833333,-103.7307333333,17.17,27.63,,,,,,,,0.00036944,1.278e-05,33.46666667,10.20066667,high Re,0.025556,27.146723,0.006776,4.826977,0.040389,1.309296,0.464978,32.748221,0.007789,8.274322,0.002065,1.471265,0.012311,1.309312,0.46495,9.981654,
EOSS-307,KC0D-2,2021-03-20 08:02:17.287,2021-03-20 08:02:15,45236.0,13787.93,1978.0,1458.0,ascending,True,/140215h3940.74N/10343.76WO087/051/A=045236 -1T1495P EOSS Balloon,"KC0D-2>APZEOS,EOSS,WIDE2-1,qAO,N6BA-10:/140215h3940.74N/10343.76WO087/051/A=045236 -1T1495P EOSS Balloon",87.0,59.0,95.0,39.679,-103.7293333333,17.24,27.75,31.82,-0.1,273.05,14950.0,0.15,0.0003701,0.19073986,0.00035556,1.667e-05,32.96666667,10.048,high Re,-0.016667,27.181366,0.006635,4.833405,0.040308,1.196941,-0.578099,32.756982,-0.005089,8.28488,0.002022,1.473222,0.012286,1.196778,-0.578789,9.984324,
EOSS-307,KC0D-14,2021-03-20 08:02:17.246,2021-03-20 08:02:15,45301.0,13807.74,1986.0,1458.0,ascending,True,/140215h3940.74N/10343.76WO084/051/A=045301 90T1488P EOSS BALLOON,"KC0D-14>APZEOS,EOSS,WIDE2-1,qAO,N6BA-10:/140215h3940.74N/10343.76WO084/051/A=045301 90T1488P EOSS BALLOON",84.0,59.0,95.0,39.679,-103.7293333333,17.24,27.75,48.2,9.0,282.15,14880.0,0.15,0.00035648,0.18372376,0.00035556,1.667e-05,33.1,10.08866667,high Re,0.004444,27.216387,0.006622,4.840457,0.040188,1.215508,-0.054195,32.76059,0.001356,8.295553,0.002019,1.47537,0.012249,1.215365,-0.054127,9.985424,
EOSS-307,AE0SS-12,2021-03-20 08:02:28.505,2021-03-20 08:02:27,45593.0,13896.75,1956.0,1470.0,ascending,True,/140227h3940.78N/10343.52WO090/057EOSS Balloon  www.eoss.org/A=045593!W13!,"AE0SS-12>APTT4,EOSS,qAO,KB0TVJ-1:/140227h3940.78N/10343.52WO090/057EOSS Balloon  www.eoss.org/A=045593!W13!",90.0,66.0,106.2,39.6796833333,-103.7253833333,17.46,28.09,,,,,,,,0.00033778,3.944e-05,32.6,9.93666667,high Re,-0.016667,27.248056,0.006485,4.843746,0.040108,1.104918,-0.577241,32.775123,-0.005067,8.305207,0.001977,1.476374,0.012225,1.105045,-0.576196,9.989854,
EOSS-307,AE0SS-13,2021-03-20 08:02:42.507,2021-03-20 08:02:41,46033.0,14030.86,1890.0,1484.0,ascending,True,/140241h3940.82N/10343.23WO089/073EOSS Baloon/A=046033!W20!,"AE0SS-13>APTT4,EOSS,qAO,KB0TVJ-1:/140241h3940.82N/10343.23WO089/073EOSS Baloon/A=046033!W20!",89.0,84.0,135.2,39.6803666667,-103.7205,17.72,28.52,,,,,,,,0.00034111,4.611e-05,31.5,9.60133333,high Re,-0.036667,27.272921,0.006231,4.840412,0.040126,0.873289,-1.069082,32.792439,-0.011178,8.312786,0.001899,1.475358,0.01223,0.873379,-1.069256,9.995132,
EOSS-307,KC0D-14,2021-03-20 08:02:47.057,2021-03-20 08:02:45,46251.0,14097.3,1900.0,1488.0,ascending,True,/140245h3940.83N/10343.16WO077/053/A=046251 88T1422P EOSS BALLOON,"KC0D-14>APZEOS,EOSS,WIDE2-1,qAO,N6BA-10:/140245h3940.83N/10343.16WO077/053/A=046251 88T1422P EOSS BALLOON",77.0,61.0,98.2,39.6805,-103.7193333333,17.78,28.62,47.84,8.8,281.95,14220.0,0.14,0.00034091,0.17569927,0.00033333,5e-05,31.66666667,9.652,high Re,0.005556,27.298466,0.006227,4.837852,0.040008,0.902922,-0.016772,32.799303,0.001689,8.320573,0.001898,1.474578,0.012194,0.902921,-0.01714,9.997224,
EOSS-307,KC0D-2,2021-03-20 08:02:47.098,2021-03-20 08:02:45,46187.0,14077.8,1902.0,1488.0,ascending,True,/140245h3940.83N/10343.15WO079/046/A=046187 -6T1427P EOSS Balloon,"KC0D-2>APZEOS,EOSS,WIDE2-1,qAO,N6BA-10:/140245h3940.83N/10343.15WO079/046/A=046187 -6T1427P EOSS Balloon",79.0,53.0,85.3,39.6805,-103.7191666667,17.79,28.63,30.92,-0.6,272.55,14270.0,0.14,0.00035391,0.18239807,0.00033889,5e-05,31.7,9.66233333,high Re,0.001111,27.323908,0.006197,4.835362,0.039893,0.905018,-0.127491,32.797392,0.000344,8.328328,0.001889,1.47382,0.012159,0.905135,-0.127066,9.996641,
EOSS-307,AE0SS-13,2021-03-20 08:03:12.499,2021-03-20 08:03:11,46994.0,14323.77,1922.0,1514.0,ascending,True,/140311h3940.89N/10342.59WO087/054EOSS Baloon/A=046994!W63!,"AE0SS-13>APTT4,EOSS,qAO,KB0TVJ-1:/140311h3940.89N/10342.59WO087/054EOSS Baloon/A=046994!W63!",87.0,62.0,99.8,39.6816,-103.7098833333,18.28,29.43,,,,,,,,0.00035389,4.111e-05,32.03333333,9.76366667,high Re,0.011111,27.350974,0.006225,4.834567,0.039778,0.968517,0.122832,32.816603,0.003378,8.336577,0.001898,1.473577,0.012124,0.968453,0.122072,10.002497,
EOSS-307,KC0D-14,2021-03-20 08:03:17.270,2021-03-20 08:03:15,47215.0,14391.13,1928.0,1518.0,ascending,True,/140315h3940.91N/10342.53WO076/060/A=047215 82T1356P EOSS BALLOON,"KC0D-14>APZEOS,EOSS,WIDE2-1,qAO,N6BA-10:/140315h3940.91N/10342.53WO076/060/A=047215 82T1356P EOSS BALLOON",76.0,69.0,111.0,39.6818333333,-103.7088333333,18.34,29.52,46.76,8.2,281.35,13560.0,0.13,0.00032578,0.16790175,0.00035,4.444e-05,32.13333333,9.79433333,high Re,0.003333,27.378302,0.006209,4.834191,0.039664,0.983625,-0.072509,32.820547,0.001022,8.344908,0.001893,1.473463,0.01209,0.983686,-0.072043,10.003699,
EOSS-307,KC0D-2,2021-03-20 08:03:17.310,2021-03-20 08:03:15,47155.0,14372.84,1936.0,1518.0,ascending,True,/140315h3940.91N/10342.53WO073/060/A=047155 -11T1363P EOSS Balloon,"KC0D-2>APZEOS,EOSS,WIDE2-1,qAO,N6BA-10:/140315h3940.91N/10342.53WO073/060/A=047155 -11T1363P EOSS Balloon",73.0,69.0,111.0,39.6818333333,-103.7088333333,18.34,29.52,30.02,-1.1,272.05,13630.0,0.13,0.00033866,0.17453783,0.00034444,4.444e-05,32.26666667,9.83466667,high Re,0.004444,27.406076,0.006199,4.834422,0.03955,1.005413,-0.044374,32.819509,0.001344,8.353372,0.001889,1.473532,0.012055,1.005268,-0.045209,10.003383,
EOSS-307,AE0SS-12,2021-03-20 08:03:28.815,2021-03-20 08:03:27,47513.0,14481.96,1920.0,1530.0,ascending,True,/140327h3940.93N/10342.29WO072/048EOSS Balloon  www.eoss.org/A=047513!W80!,"AE0SS-12>APTT4,EOSS,qAO,KB0TVJ-1:/140327h3940.93N/10342.29WO072/048EOSS Balloon  www.eoss.org/A=047513!W80!",72.0,55.0,88.5,39.6823,-103.7048333333,18.56,29.86,,,,,,,,0.0003425,4.361e-05,32.0,9.7535,high Re,-0.004444,27.432031,0.006138,4.833019,0.039445,0.945159,-0.268272,32.825469,-0.001353,8.361282,0.001871,1.473104,0.012023,0.945091,-0.268153,10.0052,
EOSS-307,AE0SS-13,2021-03-20 08:03:42.501,2021-03-20 08:03:41,47969.0,14620.95,1950.0,1544.0,ascending,True,/140341h3940.96N/10342.02WO063/047EOSS Baloon/A=047969!W90!,"AE0SS-13>APTT4,EOSS,qAO,KB0TVJ-1:/140341h3940.96N/10342.02WO063/047EOSS Baloon/A=047969!W90!",63.0,54.0,86.9,39.6828166667,-103.7003333333,18.8,30.25,,,,,,,,0.00031833,4.056e-05,32.5,9.906,high Re,0.016667,27.460502,0.006198,4.834295,0.039341,1.042447,0.266109,32.832924,0.005083,8.369961,0.001889,1.473493,0.011991,1.042447,0.266366,10.007472,
EOSS-307,KC0D-2,2021-03-20 08:03:47.166,2021-03-20 08:03:45,48170.0,14682.22,2030.0,1548.0,ascending,True,/140345h3940.99N/10341.93WO092/060/A=048170 -15T1297P EOSS Balloon,"KC0D-2>APZEOS,EOSS,WIDE2-1,qAO,N6BA-10:/140345h3940.99N/10341.93WO092/060/A=048170 -15T1297P EOSS Balloon",92.0,69.0,111.0,39.6831666667,-103.6988333333,18.88,30.38,29.3,-1.5,271.65,12970.0,0.13,0.00032274,0.16633081,0.00033333,4.444e-05,33.83333333,10.31266667,high Re,0.044444,27.496105,0.006413,4.844172,0.039334,1.308217,0.966873,32.836475,0.013556,8.380814,0.001955,1.476505,0.011989,1.308396,0.967637,10.008555,
EOSS-307,KC0D-14,2021-03-20 08:03:47.125,2021-03-20 08:03:45,48227.0,14699.59,2024.0,1548.0,ascending,True,/140345h3940.98N/10341.94WO088/057/A=048227 80T1291P EOSS BALLOON,"KC0D-14>APZEOS,EOSS,WIDE2-1,qAO,N6BA-10:/140345h3940.98N/10341.94WO088/057/A=048227 80T1291P EOSS BALLOON",88.0,66.0,106.2,39.683,-103.699,18.87,30.36,46.4,8.0,281.15,12910.0,0.13,0.00031039,0.15996707,0.00032778,3.889e-05,33.73333333,10.282,high Re,-0.003333,27.530756,0.006358,4.85294,0.03923,1.278107,-0.24703,32.837535,-0.001022,8.391376,0.001938,1.479178,0.011957,1.278159,-0.247554,10.008878,
EOSS-307,AE0SS-12,2021-03-20 08:03:58.530,2021-03-20 08:03:57,48536.0,14793.77,2046.0,1560.0,ascending,True,/140357h3941.00N/10341.71WO090/062EOSS Balloon  www.eoss.org/A=048536!W30!,"AE0SS-12>APTT4,EOSS,qAO,KB0TVJ-1:/140357h3941.00N/10341.71WO090/062EOSS Balloon  www.eoss.org/A=048536!W30!",90.0,71.0,114.3,39.6833833333,-103.6951666667,19.07,30.69,,,,,,,,0.00032222,3.611e-05,34.1,10.39366667,high Re,0.012222,27.56705,0.006391,4.864013,0.039123,1.343119,0.149043,32.843838,0.003722,8.402438,0.001948,1.482553,0.011925,1.343108,0.148763,10.010799,
EOSS-307,AE0SS-13,2021-03-20 08:04:12.486,2021-03-20 08:04:11,48983.0,14930.02,2028.0,1574.0,ascending,True,/140411h3941.01N/10341.45WO070/062EOSS Baloon/A=048983!W70!,"AE0SS-13>APTT4,EOSS,qAO,KB0TVJ-1:/140411h3941.01N/10341.45WO070/062EOSS Baloon/A=048983!W70!",70.0,71.0,114.3,39.6836166667,-103.6908333333,19.3,31.06,,,,,,,,0.00031667,2.667e-05,33.8,10.30233333,high Re,-0.01,27.601297,0.0063,4.872511,0.039033,1.272178,-0.417595,32.855197,-0.003044,8.412877,0.00192,1.485144,0.011897,1.272238,-0.417248,10.014262,
EOSS-307,KC0D-2,2021-03-20 08:04:17.115,2021-03-20 08:04:15,49150.0,14980.92,1960.0,1578.0,ascending,True,/140415h3941.01N/10341.35WO103/056/A=049150 -20T1236P EOSS Balloon,"KC0D-2>APZEOS,EOSS,WIDE2-1,qAO,N6BA-10:/140415h3941.01N/10341.35WO103/056/A=049150 -20T1236P EOSS Balloon",103.0,64.0,103.0,39.6835,-103.6891666667,19.38,31.19,28.4,-2.0,271.15,12360.0,0.12,0.00030812,0.1588003,0.00032222,1.111e-05,32.66666667,9.95666667,high Re,-0.037778,27.628977,0.006058,4.873513,0.039062,1.033688,-1.122216,32.860315,-0.011522,8.421313,0.001846,1.485449,0.011906,1.033596,-1.122795,10.015822,
EOSS-307,KC0D-14,2021-03-20 08:04:17.073,2021-03-20 08:04:15,49208.0,14998.6,1962.0,1578.0,ascending,True,/140415h3941.01N/10341.36WO097/055/A=049208 74T1230P EOSS BALLOON,"KC0D-14>APZEOS,EOSS,WIDE2-1,qAO,N6BA-10:/140415h3941.01N/10341.36WO097/055/A=049208 74T1230P EOSS BALLOON",97.0,63.0,101.4,39.6835,-103.6893333333,19.37,31.18,45.32,7.4,280.55,12300.0,0.12,0.00029635,0.15273455,0.00032222,1.667e-05,32.7,9.967,high Re,0.001111,27.656537,0.006031,4.874536,0.038956,1.034655,-0.126296,32.86222,0.000344,8.429714,0.001838,1.485761,0.011874,1.034679,-0.125821,10.016403,
EOSS-307,AE0SS-13,2021-03-20 08:04:42.609,2021-03-20 08:04:41,49996.0,15238.78,2026.0,1604.0,ascending,True,/140441h3941.00N/10340.87WO082/051EOSS Baloon/A=049996!W89!,"AE0SS-13>APTT4,EOSS,qAO,KB0TVJ-1:/140441h3941.00N/10340.87WO082/051EOSS Baloon/A=049996!W89!",82.0,59.0,95.0,39.6834666667,-103.6813166667,19.78,31.84,,,,,,,,0.00031722,-5e-06,33.76666667,10.292,high Re,0.035556,27.689565,0.006191,4.881984,0.03891,1.244802,0.75469,32.895885,0.010833,8.43978,0.001887,1.48803,0.01186,1.244746,0.7543,10.026665,
EOSS-307,KC0D-2,2021-03-20 08:04:47.212,2021-03-20 08:04:45,50145.0,15284.2,1990.0,1608.0,ascending,True,/140445h3941.01N/10340.82WO090/033/A=050145 -24T1176P EOSS Balloon,"KC0D-2>APZEOS,EOSS,WIDE2-1,qAO,N6BA-10:/140445h3941.01N/10340.82WO090/033/A=050145 -24T1176P EOSS Balloon",90.0,38.0,61.2,39.6835,-103.6803333333,19.83,31.92,27.68,-2.4,270.75,11760.0,0.12,0.0002936,0.15131476,0.00029444,0.0,33.16666667,10.10933333,high Re,-0.02,27.719011,0.00605,4.885306,0.038852,1.11511,-0.670493,32.904108,-0.006089,8.448756,0.001844,1.489044,0.011842,1.115197,-0.669904,10.029172,
EOSS-307,KC0D-14,2021-03-20 08:04:47.018,2021-03-20 08:04:45,50212.0,15304.62,2008.0,1608.0,ascending,True,/140445h3941.01N/10340.82WO097/039/A=050212 72T1171P EOSS BALLOON,"KC0D-14>APZEOS,EOSS,WIDE2-1,qAO,N6BA-10:/140445h3941.01N/10340.82WO097/039/A=050212 72T1171P EOSS BALLOON",97.0,45.0,72.4,39.6835,-103.6803333333,19.83,31.92,44.96,7.2,280.35,11710.0,0.12,0.00028234,0.14551199,0.0003,0.0,33.46666667,10.20066667,high Re,0.01,27.749747,0.006071,4.890252,0.038748,1.169044,0.101399,32.90802,0.003044,8.458125,0.00185,1.490551,0.011811,1.169059,0.101092,10.030364,
EOSS-307,AE0SS-12,2021-03-20 08:04:58.442,2021-03-20 08:04:57,50498.0,15391.79,1962.0,1620.0,ascending,True,/140457h3940.99N/10340.61WO087/046EOSS Balloon  www.eoss.org/A=050498!W04!,"AE0SS-12>APTT4,EOSS,qAO,KB0TVJ-1:/140457h3940.99N/10340.61WO087/046EOSS Balloon  www.eoss.org/A=050498!W04!",87.0,53.0,85.3,39.6831666667,-103.6769,20.0,32.19,,,,,,,,0.00030444,-3.61e-06,32.7,9.967,high Re,-0.012778,27.776079,0.00597,4.890503,0.038668,1.006833,-0.484845,32.926288,-0.003894,8.466151,0.00182,1.490628,0.011786,1.006857,-0.484812,10.035932,
EOSS-307,AE0SS-13,2021-03-20 08:05:12.495,2021-03-20 08:05:11,51037.0,15556.08,2082.0,1634.0,ascending,True,/140511h3940.97N/10340.39WO076/055EOSS Baloon/A=051037!W85!,"AE0SS-13>APTT4,EOSS,qAO,KB0TVJ-1:/140511h3940.97N/10340.39WO076/055EOSS Baloon/A=051037!W85!",76.0,63.0,101.4,39.6829666667,-103.67325,20.19,32.49,,,,,,,,0.00026889,-1.667e-05,34.7,10.57666667,high Re,0.066667,27.812713,0.006293,4.903413,0.038818,1.40459,1.555309,32.968088,0.020322,8.477317,0.001918,1.494564,0.011832,1.404657,1.555443,10.048674,
EOSS-307,KC0D-14,2021-03-20 08:05:17.030,2021-03-20 08:05:15,51246.0,15619.78,2068.0,1638.0,ascending,True,/140515h3940.98N/10340.37WO090/028/A=051246 67T1111P EOSS BALLOON,"KC0D-14>APZEOS,EOSS,WIDE2-1,qAO,N6BA-10:/140515h3940.98N/10340.37WO090/028/A=051246 67T1111P EOSS BALLOON",90.0,32.0,51.5,39.683,-103.6728333333,20.21,32.52,44.06,6.7,279.85,11110.0,0.11,0.00026835,0.13830287,0.00025,-1.667e-05,34.46666667,10.50533333,high Re,-0.005556,27.883261,0.006186,4.925773,0.038627,1.336522,-0.303984,32.987056,-0.001689,8.498818,0.001885,1.501377,0.011774,1.33645,-0.30355,10.054455,
EOSS-307,KC0D-2,2021-03-20 08:05:17.072,2021-03-20 08:05:15,51184.0,15600.88,2078.0,1638.0,ascending,True,/140515h3940.97N/10340.37WO090/022/A=051184 -28T1117P EOSS Balloon,"KC0D-2>APZEOS,EOSS,WIDE2-1,qAO,N6BA-10:/140515h3940.97N/10340.37WO090/022/A=051184 -28T1117P EOSS Balloon",90.0,25.0,40.2,39.6828333333,-103.6728333333,20.21,32.52,26.96,-2.8,270.35,11170.0,0.11,0.00027928,0.14393594,0.00025,-2.222e-05,34.63333333,10.556,high Re,-0.002222,27.848611,0.006248,4.915393,0.03872,1.380301,-0.21875,32.981263,-0.000689,8.488258,0.001904,1.498214,0.011802,1.380138,-0.219709,10.052689,
EOSS-307,AE0SS-12,2021-03-20 08:05:28.715,2021-03-20 08:05:27,51552.0,15713.05,2108.0,1650.0,ascending,True,/140527h3940.98N/10340.19WO055/038EOSS Balloon  www.eoss.org/A=051552!W58!,"AE0SS-12>APTT4,EOSS,qAO,KB0TVJ-1:/140527h3940.98N/10340.19WO055/038EOSS Balloon  www.eoss.org/A=051552!W58!",55.0,44.0,70.8,39.6830833333,-103.6699666667,20.36,32.76,,,,,,,,0.00023111,-2.78e-06,35.13333333,10.70866667,high Re,0.022222,27.921021,0.00627,4.940645,0.038542,1.459792,0.413886,33.017746,0.006778,8.510328,0.001911,1.50591,0.011748,1.459807,0.414283,10.06381,
EOSS-307,AE0SS-13,2021-03-20 08:05:42.471,2021-03-20 08:05:41,52018.0,15855.09,1962.0,1664.0,ascending,True,/140541h3941.03N/10340.01WO054/050EOSS Baloon/A=052018!W10!,"AE0SS-13>APTT4,EOSS,qAO,KB0TVJ-1:/140541h3941.03N/10340.01WO054/050EOSS Baloon/A=052018!W10!",54.0,58.0,93.3,39.68385,-103.6668333333,20.53,33.04,,,,,,,,0.00021389,2.944e-05,32.7,9.967,high Re,-0.081111,27.945783,0.005815,4.939755,0.038955,0.96244,-2.231447,33.07135,-0.024722,8.517876,0.001772,1.505639,0.011874,0.962464,-2.231262,10.08015,
EOSS-307,KC0D-2,2021-03-20 08:05:47.341,2021-03-20 08:05:45,52176.0,15903.24,1984.0,1668.0,ascending,True,/140545h3941.05N/10339.97WO059/035/A=052176 -32T1061P EOSS Balloon,"KC0D-2>APZEOS,EOSS,WIDE2-1,qAO,N6BA-10:/140545h3941.05N/10339.97WO059/035/A=052176 -32T1061P EOSS Balloon",59.0,40.0,64.4,39.6841666667,-103.6661666667,20.57,33.11,26.24,-3.2,269.95,10610.0,0.1,0.00026567,0.1369224,0.00022222,4.444e-05,33.06666667,10.07866667,high Re,0.012222,27.972179,0.005848,4.940639,0.038856,1.031139,0.164042,33.091442,0.003722,8.525921,0.001782,1.505908,0.011844,1.031103,0.163796,10.086273,
EOSS-307,KC0D-14,2021-03-20 08:05:47.300,2021-03-20 08:05:45,52243.0,15923.67,1994.0,1668.0,ascending,True,/140545h3941.05N/10339.97WO064/034/A=052243 65T1056P EOSS BALLOON,"KC0D-14>APZEOS,EOSS,WIDE2-1,qAO,N6BA-10:/140545h3941.05N/10339.97WO064/034/A=052243 65T1056P EOSS BALLOON",64.0,39.0,62.8,39.6841666667,-103.6661666667,20.57,33.11,43.7,6.5,279.65,10560.0,0.1,0.00025525,0.13155021,0.00022222,3.889e-05,33.23333333,10.12966667,high Re,0.005556,27.99916,0.005847,4.942271,0.038756,1.059062,-0.007509,33.100258,0.0017,8.534145,0.001782,1.506406,0.011813,1.059158,-0.006942,10.088961,
EOSS-307,AE0SS-12,2021-03-20 08:05:58.544,2021-03-20 08:05:57,52598.0,16031.87,2092.0,1680.0,ascending,True,/140557h3941.10N/10339.77WO050/052EOSS Balloon  www.eoss.org/A=052598!W48!,"AE0SS-12>APTT4,EOSS,qAO,KB0TVJ-1:/140557h3941.10N/10339.77WO050/052EOSS Balloon  www.eoss.org/A=052598!W48!",50.0,60.0,96.6,39.6850666667,-103.6629666667,20.75,33.4,,,,,,,,0.00023333,6.611e-05,34.86666667,10.62733333,high Re,0.054444,28.034198,0.006096,4.953928,0.038812,1.379202,1.245697,33.14991,0.016589,8.544825,0.001858,1.509959,0.01183,1.379182,1.245224,10.104095,
EOSS-307,AE0SS-13,2021-03-20 08:06:12.599,2021-03-20 08:06:11,53025.0,16162.02,2014.0,1694.0,ascending,True,/140611h3941.19N/10339.53WO051/070EOSS Baloon/A=053025!W81!,"AE0SS-13>APTT4,EOSS,qAO,KB0TVJ-1:/140611h3941.19N/10339.53WO051/070EOSS Baloon/A=053025!W81!",51.0,81.0,130.4,39.6866333333,-103.65885,20.99,33.78,,,,,,,,0.00026611,9.278e-05,33.56666667,10.231,high Re,-0.043333,28.062281,0.005844,4.956971,0.038873,1.110433,-1.265068,33.216148,-0.013211,8.553384,0.001781,1.510886,0.011849,1.110352,-1.265254,10.124285,
EOSS-307,KC0D-2,2021-03-20 08:06:17.188,2021-03-20 08:06:15,53176.0,16208.04,2000.0,1698.0,ascending,True,/140615h3941.23N/10339.46WO067/052/A=053176 -36T1009P EOSS Balloon,"KC0D-2>APZEOS,EOSS,WIDE2-1,qAO,N6BA-10:/140615h3941.23N/10339.46WO067/052/A=053176 -36T1009P EOSS Balloon",67.0,60.0,96.6,39.6871666667,-103.6576666667,21.06,33.9,25.52,-3.6,269.55,10090.0,0.1,0.00025303,0.13040501,0.00028333,0.0001,33.33333333,10.16,high Re,-0.007778,28.088903,0.005774,4.958544,0.038786,1.057655,-0.349404,33.241251,-0.002367,8.561498,0.00176,1.511365,0.011822,1.057655,-0.349095,10.131936,
EOSS-307,KC0D-14,2021-03-20 08:06:17.147,2021-03-20 08:06:15,53239.0,16227.25,1992.0,1698.0,ascending,True,/140615h3941.23N/10339.46WO065/049/A=053239 60T1004P EOSS BALLOON,"KC0D-14>APZEOS,EOSS,WIDE2-1,qAO,N6BA-10:/140615h3941.23N/10339.46WO065/049/A=053239 60T1004P EOSS BALLOON",65.0,56.0,90.1,39.6871666667,-103.6576666667,21.06,33.9,42.8,6.0,279.15,10040.0,0.1,0.00024312,0.12529638,0.00028333,0.0001,33.2,10.11933333,high Re,-0.004444,28.114587,0.005723,4.95926,0.038694,1.025438,-0.262754,33.251979,-0.001356,8.569327,0.001744,1.511583,0.011794,1.025419,-0.262846,10.135207,
EOSS-307,AE0SS-12,2021-03-20 08:06:28.799,2021-03-20 08:06:27,53501.0,16307.1,1806.0,1710.0,ascending,True,/140627h3941.26N/10339.20WO082/064EOSS Balloon  www.eoss.org/A=053501!W89!,"AE0SS-12>APTT4,EOSS,qAO,KB0TVJ-1:/140627h3941.26N/10339.20WO082/064EOSS Balloon  www.eoss.org/A=053501!W89!",82.0,74.0,119.1,39.6878,-103.6534833333,21.29,34.26,,,,,,,,0.00031611,9.111e-05,30.1,9.17433333,high Re,-0.103333,28.124514,0.005175,4.948775,0.039363,0.399187,-2.756599,33.298183,-0.0315,8.572352,0.001577,1.508387,0.011998,0.399089,-2.756876,10.149289,
EOSS-307,AE0SS-13,2021-03-20 08:06:42.491,2021-03-20 08:06:41,53858.0,16415.92,1666.0,1724.0,ascending,True,/140641h3941.31N/10338.95WO077/065EOSS Baloon/A=053858!W56!,"AE0SS-13>APTT4,EOSS,qAO,KB0TVJ-1:/140641h3941.31N/10338.95WO077/065EOSS Baloon/A=053858!W56!",77.0,75.0,120.7,39.6885833333,-103.6492666667,21.52,34.63,,,,,,,,0.00031944,6.5e-05,27.76666667,8.46333333,high Re,-0.077778,28.122734,0.00476,4.936452,0.039699,-0.07213,-2.079095,33.365139,-0.0237,8.571809,0.001451,1.504631,0.0121,-0.072095,-2.078595,10.169699,
EOSS-307,KC0D-14,2021-03-20 08:06:47.045,2021-03-20 08:06:45,54056.0,16476.27,1634.0,1728.0,ascending,True,/140645h3941.32N/10338.88WO087/046/A=054056 59T963P EOSS BALLOON,"KC0D-14>APZEOS,EOSS,WIDE2-1,qAO,N6BA-10:/140645h3941.32N/10338.88WO087/046/A=054056 59T963P EOSS BALLOON",87.0,53.0,85.3,39.6886666667,-103.648,21.58,34.74,42.62,5.9,279.05,9630.0,0.1,0.00023327,0.12022276,0.00032222,5e-05,27.23333333,8.30066667,high Re,-0.001111,28.114135,0.004625,4.912714,0.039532,-0.17929,-0.145098,33.40418,-0.000344,8.569189,0.00141,1.497396,0.01205,-0.179326,-0.14556,10.181599,
EOSS-307,KC0D-2,2021-03-20 08:06:47.087,2021-03-20 08:06:45,53994.0,16457.37,1636.0,1728.0,ascending,True,/140645h3941.33N/10338.88WO088/053/A=053994 -40T968P EOSS Balloon,"KC0D-2>APZEOS,EOSS,WIDE2-1,qAO,N6BA-10:/140645h3941.33N/10338.88WO088/053/A=053994 -40T968P EOSS Balloon",88.0,61.0,98.2,39.6888333333,-103.648,21.59,34.74,24.8,-4.0,269.15,9680.0,0.1,0.00024311,0.12529202,0.00032222,5.556e-05,27.26666667,8.311,high Re,-0.016667,28.118496,0.004653,4.924526,0.039629,-0.172977,-0.53799,33.391813,-0.005078,8.570518,0.001418,1.500996,0.012079,-0.172897,-0.537793,10.177829,
EOSS-307,AE0SS-12,2021-03-20 08:06:58.599,2021-03-20 08:06:57,54301.0,16550.94,1600.0,1740.0,ascending,True,/140657h3941.36N/10338.67WO083/060EOSS Balloon  www.eoss.org/A=054301!W79!,"AE0SS-12>APTT4,EOSS,qAO,KB0TVJ-1:/140657h3941.36N/10338.67WO083/060EOSS Balloon  www.eoss.org/A=054301!W79!",83.0,69.0,111.0,39.68945,-103.64465,21.77,35.04,,,,,,,,0.00029444,5.5e-05,26.66666667,8.128,high Re,-0.018889,28.10704,0.004509,4.901646,0.039469,-0.293855,-0.59282,33.454276,-0.005756,8.567026,0.001374,1.494022,0.01203,-0.293855,-0.592685,10.196867,
EOSS-307,AE0SS-13,2021-03-20 08:07:12.473,2021-03-20 08:07:11,54708.0,16675.0,1700.0,1754.0,ascending,True,/140711h3941.39N/10338.40WO081/073EOSS Baloon/A=054708!W81!,"AE0SS-13>APTT4,EOSS,qAO,KB0TVJ-1:/140711h3941.39N/10338.40WO081/073EOSS Baloon/A=054708!W81!",81.0,84.0,135.2,39.6899666667,-103.6400166667,22.02,35.43,,,,,,,,0.00030833,4.611e-05,28.33333333,8.636,high Re,0.055556,28.108144,0.004759,4.889643,0.039533,0.046054,1.284927,33.541574,0.016933,8.567363,0.001451,1.490364,0.01205,0.046054,1.284813,10.223477,
EOSS-307,KC0D-14,2021-03-20 08:07:17.097,2021-03-20 08:07:15,54907.0,16735.65,1702.0,1758.0,ascending,True,/140715h3941.39N/10338.31WO095/050/A=054907 53T923P EOSS BALLOON,"KC0D-14>APZEOS,EOSS,WIDE2-1,qAO,N6BA-10:/140715h3941.39N/10338.31WO095/050/A=054907 53T923P EOSS BALLOON",95.0,58.0,93.3,39.6898333333,-103.6385,22.09,35.56,41.54,5.3,278.45,9230.0,0.09,0.00022406,0.11547738,0.00031667,3.889e-05,28.36666667,8.646,high Re,0.001111,28.109399,0.004741,4.877736,0.039437,0.052743,-0.092046,33.585961,0.000333,8.567744,0.001445,1.486734,0.012021,0.052636,-0.092505,10.237006,
EOSS-307,KC0D-2,2021-03-20 08:07:17.139,2021-03-20 08:07:15,54847.0,16717.37,1706.0,1758.0,ascending,True,/140715h3941.38N/10338.31WO102/043/A=054847 -44T927P EOSS Balloon,"KC0D-2>APZEOS,EOSS,WIDE2-1,qAO,N6BA-10:/140715h3941.38N/10338.31WO102/043/A=054847 -44T927P EOSS Balloon",102.0,49.0,78.9,39.6896666667,-103.6385,22.09,35.55,24.08,-4.4,268.75,9270.0,0.09,0.00023316,0.12016382,0.00031667,2.778e-05,28.43333333,8.66666667,high Re,0.002222,28.110963,0.004729,4.865935,0.039341,0.06625,-0.063725,33.572467,0.000689,8.568222,0.001442,1.483137,0.011991,0.066376,-0.062797,10.232894,
EOSS-307,AE0SS-12,2021-03-20 08:07:28.623,2021-03-20 08:07:27,55250.0,16840.2,1898.0,1770.0,ascending,True,/140727h3941.36N/10338.11WO109/045EOSS Balloon  www.eoss.org/A=055250!W85!,"AE0SS-12>APTT4,EOSS,qAO,KB0TVJ-1:/140727h3941.36N/10338.11WO109/045EOSS Balloon  www.eoss.org/A=055250!W85!",109.0,52.0,83.7,39.6894666667,-103.63525,22.25,35.82,,,,,,,,0.00031333,5.6e-07,31.63333333,9.642,high Re,0.106667,28.127898,0.005222,4.860307,0.03988,0.721237,2.543756,33.664801,0.032511,8.573385,0.001592,1.481423,0.012156,0.721344,2.543518,10.261037,
EOSS-307,AE0SS-13,2021-03-20 08:07:42.487,2021-03-20 08:07:41,55781.0,17002.05,2146.0,1784.0,ascending,True,/140741h3941.34N/10337.92WO118/029EOSS Baloon/A=055781!W63!,"AE0SS-13>APTT4,EOSS,qAO,KB0TVJ-1:/140741h3941.34N/10337.92WO118/029EOSS Baloon/A=055781!W63!",118.0,33.0,53.1,39.6891,-103.63205,22.41,36.07,,,,,,,,0.00026556,-2.889e-05,35.76666667,10.90166667,high Re,0.137778,28.164447,0.005859,4.877315,0.040832,1.558689,3.230775,33.791753,0.041989,8.584525,0.001786,1.486607,0.012445,1.558678,3.230454,10.299733,
EOSS-307,KC0D-14,2021-03-20 08:07:47.011,2021-03-20 08:07:45,55965.0,17058.13,2116.0,1788.0,ascending,True,/140745h3941.34N/10337.90WO092/022/A=055965 52T875P EOSS BALLOON,"KC0D-14>APZEOS,EOSS,WIDE2-1,qAO,N6BA-10:/140745h3941.34N/10337.90WO092/022/A=055965 52T875P EOSS BALLOON",92.0,25.0,40.2,39.689,-103.6316666667,22.43,36.1,41.36,5.2,278.35,8750.0,0.09,0.00021249,0.10951139,0.00022778,-2.778e-05,35.26666667,10.74933333,high Re,-0.016667,28.198267,0.005751,4.890254,0.040763,1.445405,-0.54996,33.83685,-0.005078,8.594833,0.001753,1.490551,0.012425,1.445439,-0.549779,10.313478,
EOSS-307,KC0D-2,2021-03-20 08:07:47.052,2021-03-20 08:07:45,55899.0,17038.02,2104.0,1788.0,ascending,True,/140745h3941.34N/10337.91WO079/025/A=055899 -48T880P EOSS Balloon,"KC0D-2>APZEOS,EOSS,WIDE2-1,qAO,N6BA-10:/140745h3941.34N/10337.91WO079/025/A=055899 -48T880P EOSS Balloon",79.0,29.0,46.7,39.689,-103.6318333333,22.42,36.09,23.36,-4.8,268.35,8800.0,0.09,0.00022166,0.1142414,0.00022222,-2.222e-05,35.06666667,10.68833333,high Re,-0.006667,28.230819,0.005692,4.901457,0.040674,1.394656,-0.303855,33.82062,-0.002033,8.604755,0.001735,1.493965,0.012398,1.394663,-0.30392,10.308532,
EOSS-307,AE0SS-12,2021-03-20 08:07:58.830,2021-03-20 08:07:57,56257.0,17147.13,2014.0,1800.0,ascending,True,/140757h3941.36N/10337.78WO068/023EOSS Balloon  www.eoss.org/A=056257!W64!,"AE0SS-12>APTT4,EOSS,qAO,KB0TVJ-1:/140757h3941.36N/10337.78WO068/023EOSS Balloon  www.eoss.org/A=056257!W64!",68.0,26.0,41.8,39.6894333333,-103.6297333333,22.54,36.27,,,,,,,,0.00018389,-1.11e-06,33.56666667,10.231,high Re,-0.05,28.255988,0.005428,4.903542,0.040758,1.083029,-1.359929,33.909276,-0.015244,8.612426,0.001654,1.4946,0.012423,1.082948,-1.360219,10.335553,
EOSS-307,AE0SS-13,2021-03-20 08:08:12.557,2021-03-20 08:08:11,56697.0,17281.25,1832.0,1814.0,ascending,True,/140811h3941.36N/10337.65WO070/029EOSS Baloon/A=056697!W19!,"AE0SS-13>APTT4,EOSS,qAO,KB0TVJ-1:/140811h3941.36N/10337.65WO070/029EOSS Baloon/A=056697!W19!",70.0,33.0,53.1,39.68935,-103.62765,22.64,36.44,,,,,,,,0.00014667,8.33e-06,30.53333333,9.30666667,high Re,-0.101111,28.26668,0.004926,4.894451,0.041315,0.463107,-2.56655,34.019696,-0.030811,8.615685,0.001501,1.49183,0.012593,0.463177,-2.56587,10.369211,
EOSS-307,KC0D-2,2021-03-20 08:08:17.362,2021-03-20 08:08:15,56853.0,17328.79,1908.0,1818.0,ascending,True,/140815h3941.39N/10337.63WO059/019/A=056853 -51T839P EOSS Balloon,"KC0D-2>APZEOS,EOSS,WIDE2-1,qAO,N6BA-10:/140815h3941.39N/10337.63WO059/019/A=056853 -51T839P EOSS Balloon",59.0,22.0,35.4,39.6898333333,-103.6271666667,22.68,36.49,22.82,-5.1,268.05,8390.0,0.08,0.00021157,0.10904069,0.00015556,2.778e-05,31.8,9.69233333,high Re,0.001111,28.299393,0.005077,4.883265,0.041195,0.716858,-0.096274,34.05901,0.000322,8.625656,0.001547,1.488419,0.012556,0.716651,-0.097563,10.381192,
EOSS-307,KC0D-14,2021-03-20 08:08:17.321,2021-03-20 08:08:15,56918.0,17348.61,1906.0,1818.0,ascending,True,/140815h3941.38N/10337.63WO060/021/A=056918 47T834P EOSS BALLOON,"KC0D-14>APZEOS,EOSS,WIDE2-1,qAO,N6BA-10:/140815h3941.38N/10337.63WO060/021/A=056918 47T834P EOSS BALLOON",60.0,24.0,38.6,39.6896666667,-103.6271666667,22.67,36.49,40.46,4.7,277.85,8340.0,0.08,0.0002029,0.10456783,0.00015,2.222e-05,31.76666667,9.68266667,high Re,0.041111,28.283035,0.005095,4.888806,0.041292,0.712573,0.872227,34.075391,0.012533,8.620671,0.001553,1.49011,0.012586,0.712696,0.872398,10.386187,
EOSS-307,AE0SS-12,2021-03-20 08:08:28.539,2021-03-20 08:08:27,57310.0,17468.09,2106.0,1830.0,ascending,True,/140827h3941.41N/10337.52WO065/047EOSS Balloon  www.eoss.org/A=057310!W20!,"AE0SS-12>APTT4,EOSS,qAO,KB0TVJ-1:/140827h3941.41N/10337.52WO065/047EOSS Balloon  www.eoss.org/A=057310!W20!",65.0,54.0,86.9,39.6902,-103.6253333333,22.78,36.66,,,,,,,,0.00014667,2.556e-05,35.1,10.69866667,high Re,0.11,28.330877,0.005565,4.89382,0.041717,1.383198,2.503416,34.173899,0.033544,8.635253,0.001696,1.491638,0.012716,1.383321,2.504561,10.416212,
EOSS-307,AE0SS-13,2021-03-20 08:08:42.531,2021-03-20 08:08:41,57757.0,17604.33,2120.0,1844.0,ascending,True,/140841h3941.50N/10337.36WO057/054EOSS Baloon/A=057757!W48!,"AE0SS-13>APTT4,EOSS,qAO,KB0TVJ-1:/140841h3941.50N/10337.36WO057/054EOSS Baloon/A=057757!W48!",57.0,62.0,99.8,39.6917333333,-103.6228,22.93,36.91,,,,,,,,0.00016167,7.944e-05,35.33333333,10.76933333,high Re,0.007778,28.363146,0.005575,4.905564,0.041621,1.420874,0.05293,34.284687,0.002356,8.645087,0.001699,1.495216,0.012686,1.420695,0.051789,10.449979,
EOSS-307,KC0D-2,2021-03-20 08:08:47.123,2021-03-20 08:08:45,57961.0,17666.51,2216.0,1848.0,ascending,True,/140845h3941.51N/10337.32WO091/043/A=057961 -55T793P EOSS Balloon,"KC0D-2>APZEOS,EOSS,WIDE2-1,qAO,N6BA-10:/140845h3941.51N/10337.32WO091/043/A=057961 -55T793P EOSS Balloon",91.0,49.0,78.9,39.6918333333,-103.622,22.98,36.98,22.1,-5.5,267.65,7930.0,0.08,0.00020027,0.10321632,0.00017222,6.667e-05,36.93333333,11.25733333,high Re,0.053333,28.402459,0.005795,4.928548,0.04165,1.73091,1.141369,34.334306,0.016267,8.65707,0.001766,1.502222,0.012695,1.730945,1.142261,10.465103,
EOSS-307,KC0D-14,2021-03-20 08:08:47.082,2021-03-20 08:08:45,58024.0,17685.72,2212.0,1848.0,ascending,True,/140845h3941.51N/10337.32WO087/035/A=058024 46T788P EOSS BALLOON,"KC0D-14>APZEOS,EOSS,WIDE2-1,qAO,N6BA-10:/140845h3941.51N/10337.32WO087/035/A=058024 46T788P EOSS BALLOON",87.0,40.0,64.4,39.6918333333,-103.622,22.98,36.98,40.28,4.6,277.75,7880.0,0.08,0.00019177,0.09883587,0.00017222,7.222e-05,36.86666667,11.237,high Re,-0.002222,28.441109,0.005758,4.950383,0.041558,1.702001,-0.192021,34.349475,-0.000678,8.668851,0.001755,1.508877,0.012667,1.702027,-0.192074,10.469728,
EOSS-307,AE0SS-12,2021-03-20 08:08:59.084,2021-03-20 08:08:57,58492.0,17828.36,2364.0,1860.0,ascending,True,/140857h3941.56N/10337.15WO087/026EOSS Balloon  www.eoss.org/A=058492!W61!,"AE0SS-12>APTT4,EOSS,qAO,KB0TVJ-1:/140857h3941.56N/10337.15WO087/026EOSS Balloon  www.eoss.org/A=058492!W61!",87.0,30.0,48.3,39.6927666667,-103.6191833333,23.14,37.24,,,,,,,,0.000205,8.556e-05,39.4,12.009,high Re,0.084444,28.490922,0.006118,4.994025,0.041802,2.184426,1.873738,34.459336,0.025733,8.684033,0.001865,1.522178,0.012741,2.184348,1.873322,10.503212,
EOSS-307,AE0SS-13,2021-03-20 08:09:12.544,2021-03-20 08:09:11,59059.0,18001.18,2604.0,1874.0,ascending,True,/140911h3941.57N/10336.93WO072/059EOSS Baloon/A=059059!W39!,"AE0SS-13>APTT4,EOSS,qAO,KB0TVJ-1:/140911h3941.57N/10336.93WO072/059EOSS Baloon/A=059059!W39!",72.0,68.0,109.4,39.6928833333,-103.61565,23.32,37.53,,,,,,,,0.00023833,3.833e-05,43.4,13.22833333,high Re,0.133333,28.558384,0.006696,5.08259,0.042579,2.920089,2.974166,34.583813,0.040644,8.704596,0.002041,1.549173,0.012978,2.920098,2.974495,10.541152,
EOSS-307,KC0D-14,2021-03-20 08:09:17.076,2021-03-20 08:09:15,59317.0,18079.82,2586.0,1878.0,ascending,True,/140915h3941.58N/10336.91WO093/019/A=059317 41T737P EOSS BALLOON,"KC0D-14>APZEOS,EOSS,WIDE2-1,qAO,N6BA-10:/140915h3941.58N/10336.91WO093/019/A=059317 41T737P EOSS BALLOON",93.0,22.0,35.4,39.693,-103.6151666667,23.35,37.58,39.38,4.1,277.25,7370.0,0.07,0.00017968,0.09260584,0.00022778,3.889e-05,43.1,13.13666667,high Re,-0.01,28.623886,0.00662,5.16414,0.042497,2.803199,-0.391086,34.636485,-0.003056,8.72456,0.002018,1.574027,0.012953,2.803069,-0.391724,10.557207,
EOSS-307,KC0D-2,2021-03-20 08:09:17.117,2021-03-20 08:09:15,59261.0,18062.75,2600.0,1878.0,ascending,True,/140915h3941.59N/10336.91WO113/018/A=059261 -59T742P EOSS Balloon,"KC0D-2>APZEOS,EOSS,WIDE2-1,qAO,N6BA-10:/140915h3941.59N/10336.91WO113/018/A=059261 -59T742P EOSS Balloon",113.0,21.0,33.8,39.6931666667,-103.6151666667,23.35,37.58,21.38,-5.9,267.25,7420.0,0.07,0.00018767,0.09672275,0.00022778,4.444e-05,43.33333333,13.208,high Re,0.007778,28.689848,0.006626,5.245806,0.042401,2.791465,0.027169,34.62529,0.002378,8.744665,0.00202,1.598918,0.012924,2.791472,0.0277,10.553795,
EOSS-307,AE0SS-13,2021-03-20 08:09:42.467,2021-03-20 08:09:41,60231.0,18358.41,2344.0,1904.0,ascending,True,/140941h3941.55N/10336.71WO125/017EOSS Baloon/A=060231!W57!,"AE0SS-13>APTT4,EOSS,qAO,KB0TVJ-1:/140941h3941.55N/10336.71WO125/017EOSS Baloon/A=060231!W57!",125.0,20.0,32.2,39.6925833333,-103.61195,23.51,37.83,,,,,,,,0.00012333,-1e-05,39.06666667,11.90766667,high Re,-0.142222,28.736173,0.005958,5.279752,0.043464,1.956625,-3.409258,34.797425,-0.043344,8.758786,0.001816,1.609267,0.013248,1.956717,-3.408816,10.606261,
EOSS-307,KC0D-2,2021-03-20 08:09:47.072,2021-03-20 08:09:45,60398.0,18409.31,2274.0,1908.0,ascending,True,/140945h3941.56N/10336.67WO069/036/A=060398 -62T700P EOSS Balloon,"KC0D-2>APZEOS,EOSS,WIDE2-1,qAO,N6BA-10:/140945h3941.56N/10336.67WO069/036/A=060398 -62T700P EOSS Balloon",69.0,41.0,66.0,39.6926666667,-103.6111666667,23.55,37.9,20.84,-6.2,266.95,7000.0,0.07,0.00017725,0.09135042,0.00013333,-1.667e-05,37.9,11.552,high Re,-0.005556,28.818006,0.005732,5.327422,0.043355,1.704763,-0.260362,34.821778,-0.001689,8.783729,0.001747,1.623797,0.013215,1.704813,-0.260008,10.613684,
EOSS-307,KC0D-14,2021-03-20 08:09:47.030,2021-03-20 08:09:45,60459.0,18427.9,2284.0,1908.0,ascending,True,/140945h3941.56N/10336.67WO064/028/A=060459 40T695P EOSS BALLOON,"KC0D-14>APZEOS,EOSS,WIDE2-1,qAO,N6BA-10:/140945h3941.56N/10336.67WO064/028/A=060459 40T695P EOSS BALLOON",64.0,32.0,51.5,39.6926666667,-103.6111666667,23.55,37.9,39.2,4.0,277.15,6950.0,0.07,0.00016951,0.08735995,0.00013333,-1.111e-05,38.06666667,11.60266667,high Re,-0.033333,28.777642,0.005783,5.304551,0.043446,1.751142,-0.900336,34.830237,-0.010167,8.771425,0.001763,1.616825,0.013242,1.751112,-0.900921,10.616261,
EOSS-307,AE0SS-12,2021-03-20 08:09:58.499,2021-03-20 08:09:57,60805.0,18533.36,2313.0,1920.0,ascending,True,/140957h3941.57N/10336.60WO109/023EOSS Balloon  www.eoss.org/A=060805!W97!,"AE0SS-12>APTT4,EOSS,qAO,KB0TVJ-1:/140957h3941.57N/10336.60WO109/023EOSS Balloon  www.eoss.org/A=060805!W97!",109.0,26.0,41.8,39.6929833333,-103.6101166667,23.61,37.99,,,,,,,,0.00015111,3.61e-06,38.55,11.75,high Re,0.010833,28.860879,0.005755,5.354724,0.04326,1.809453,0.117383,34.873568,0.0033,8.796796,0.001754,1.632118,0.013186,1.80943,0.117246,10.629468,
EOSS-307,AE0SS-13,2021-03-20 08:10:12.529,2021-03-20 08:10:11,61172.0,18645.23,1882.0,1934.0,ascending,True,/141011h3941.63N/10336.47WO051/027EOSS Baloon/A=061172!W84!,"AE0SS-13>APTT4,EOSS,qAO,KB0TVJ-1:/141011h3941.63N/10336.47WO051/027EOSS Baloon/A=061172!W84!",51.0,31.0,49.9,39.6939666667,-103.6079,23.74,38.2,,,,,,,,0.000135,4.611e-05,31.36666667,9.56066667,high Re,-0.239444,28.871869,0.004675,5.345493,0.04613,0.46671,-5.291979,34.910318,-0.072978,8.800146,0.001425,1.629305,0.014061,0.466776,-5.291444,10.64067,
EOSS-307,KC0D-2,2021-03-20 08:10:17.255,2021-03-20 08:10:15,61297.0,18683.33,1798.0,1938.0,ascending,True,/141015h3941.66N/10336.41WO080/038/A=061297 -65T667P EOSS Balloon,"KC0D-2>APZEOS,EOSS,WIDE2-1,qAO,N6BA-10:/141015h3941.66N/10336.41WO080/038/A=061297 -65T667P EOSS Balloon",80.0,44.0,70.8,39.6943333333,-103.6068333333,23.8,38.3,20.3,-6.5,266.65,6670.0,0.07,0.00016908,0.08714183,0.00014444,5.556e-05,29.96666667,9.134,high Re,-0.046667,28.87665,0.00445,5.334248,0.046154,0.204343,-1.107531,34.920528,-0.014222,8.801604,0.001356,1.625877,0.014068,0.204441,-1.107336,10.643782,
EOSS-307,KC0D-14,2021-03-20 08:10:17.224,2021-03-20 08:10:15,61359.0,18702.22,1800.0,1938.0,ascending,True,/141015h3941.65N/10336.42WO080/035/A=061359 36T664P EOSS BALLOON,"KC0D-14>APZEOS,EOSS,WIDE2-1,qAO,N6BA-10:/141015h3941.65N/10336.42WO080/035/A=061359 36T664P EOSS BALLOON",80.0,40.0,64.4,39.6941666667,-103.607,23.79,38.28,38.48,3.6,276.75,6640.0,0.07,0.00016218,0.08358395,0.00013889,5e-05,30.0,9.144,high Re,0.001111,28.881534,0.004435,5.323104,0.046053,0.210115,-0.072178,34.925141,0.000333,8.803093,0.001352,1.622481,0.014037,0.210115,-0.072594,10.645187,
EOSS-307,AE0SS-12,2021-03-20 08:10:28.628,2021-03-20 08:10:27,61615.0,18780.25,1620.0,1950.0,ascending,True,/141027h3941.66N/10336.25WO073/043EOSS Balloon  www.eoss.org/A=061615!W51!,"AE0SS-12>APTT4,EOSS,qAO,N6BA-10:/141027h3941.66N/10336.25WO073/043EOSS Balloon  www.eoss.org/A=061615!W51!",73.0,49.0,78.9,39.6944166667,-103.6041833333,23.94,38.52,,,,,,,,0.00019778,4.778e-05,27.0,8.22966667,high Re,-0.1,28.873389,0.003981,5.312962,0.046466,-0.352607,-2.237787,34.940922,-0.030478,8.80061,0.001213,1.619389,0.014163,-0.352567,-2.237591,10.649997,
EOSS-307,AE0SS-13,2021-03-20 08:10:42.510,2021-03-20 08:10:41,62022.0,18904.31,1700.0,1964.0,ascending,True,/141041h3941.68N/10336.09WO080/037EOSS Baloon/A=062022!W06!,"AE0SS-13>APTT4,EOSS,qAO,KB0TVJ-1:/141041h3941.68N/10336.09WO080/037EOSS Baloon/A=062022!W06!",80.0,43.0,69.2,39.6946666667,-103.6016,24.08,38.75,,,,,,,,0.00021,2.333e-05,28.33333333,8.636,high Re,0.044444,28.871061,0.004156,5.301568,0.046441,-0.101428,0.867509,34.954697,0.013544,8.799901,0.001267,1.615916,0.014155,-0.101429,0.867326,10.654195,
EOSS-307,KC0D-14,2021-03-20 08:10:47.300,2021-03-20 08:10:45,62248.0,18973.19,1778.0,1968.0,ascending,True,/141045h3941.69N/10336.03WO075/036/A=062248 35T634P EOSS BALLOON,"KC0D-14>APZEOS,EOSS,WIDE2-1,qAO,N6BA-10:/141045h3941.69N/10336.03WO075/036/A=062248 35T634P EOSS BALLOON",75.0,41.0,66.0,39.6948333333,-103.6005,24.14,38.84,38.3,3.5,276.65,6340.0,0.06,0.00015491,0.07983642,0.00021667,2.222e-05,29.63333333,9.03233333,high Re,0.043333,28.874332,0.004325,5.290366,0.046412,0.143469,0.840472,34.956046,0.013211,8.800898,0.001318,1.612502,0.014146,0.143526,0.840732,10.654606,
EOSS-307,KC0D-2,2021-03-20 08:10:47.030,2021-03-20 08:10:45,62189.0,18955.21,1784.0,1968.0,ascending,True,/141045h3941.68N/10336.03WO079/041/A=062189 -68T638P EOSS Balloon,"KC0D-2>APZEOS,EOSS,WIDE2-1,qAO,N6BA-10:/141045h3941.68N/10336.03WO079/041/A=062189 -68T638P EOSS Balloon",79.0,47.0,75.6,39.6946666667,-103.6005,24.13,38.84,19.76,-6.8,266.35,6380.0,0.06,0.00016191,0.08344694,0.00021111,1.111e-05,29.73333333,9.06266667,high Re,0.003333,28.878003,0.004321,5.2793,0.046312,0.162016,-0.021334,34.956141,0.001011,8.802017,0.001317,1.609129,0.014116,0.161982,-0.021678,10.654635,
EOSS-307,AE0SS-13,2021-03-20 08:11:12.557,2021-03-20 08:11:11,63066.0,19222.52,2088.0,1994.0,ascending,True,/141111h3941.72N/10335.78WO058/011EOSS Baloon/A=063066!W08!,"AE0SS-13>APTT4,EOSS,qAO,KB0TVJ-1:/141111h3941.72N/10335.78WO058/011EOSS Baloon/A=063066!W08!",58.0,13.0,20.9,39.6953333333,-103.5964666667,24.35,39.19,,,,,,,,0.00017111,2.222e-05,34.8,10.607,high Re,0.168889,28.903203,0.005024,5.282152,0.047448,1.116363,3.45357,34.920636,0.051478,8.809698,0.001531,1.609998,0.014462,1.116338,3.453672,10.643812,
EOSS-307,KC0D-14,2021-03-20 08:11:17.150,2021-03-20 08:11:15,63297.0,19292.93,2098.0,1998.0,ascending,True,/141115h3941.71N/10335.76WO108/028/A=063297 30T601P EOSS BALLOON,"KC0D-14>APZEOS,EOSS,WIDE2-1,qAO,N6BA-10:/141115h3941.71N/10335.76WO108/028/A=063297 30T601P EOSS BALLOON",108.0,32.0,51.5,39.6951666667,-103.596,24.37,39.22,37.4,3.0,276.15,6010.0,0.06,0.00014711,0.07581792,0.00015,1.111e-05,34.96666667,10.658,high Re,0.007778,28.953387,0.005005,5.287908,0.047248,1.137176,0.05869,34.898611,0.002378,8.824994,0.001526,1.611753,0.014401,1.137275,0.059163,10.637098,
EOSS-307,KC0D-2,2021-03-20 08:11:17.192,2021-03-20 08:11:15,63231.0,19272.81,2084.0,1998.0,ascending,True,/141115h3941.71N/10335.76WO108/031/A=063231 -71T605P EOSS Balloon,"KC0D-2>APZEOS,EOSS,WIDE2-1,qAO,N6BA-10:/141115h3941.71N/10335.76WO108/031/A=063231 -71T605P EOSS Balloon",108.0,36.0,57.9,39.6951666667,-103.596,24.37,39.22,19.22,-7.1,266.05,6050.0,0.06,0.00015371,0.07921995,0.00015,1.667e-05,34.73333333,10.58666667,high Re,-0.002222,28.927907,0.004993,5.284546,0.047349,1.098567,-0.152379,34.905463,-0.000678,8.817227,0.001522,1.610728,0.014432,1.098534,-0.152439,10.639187,
EOSS-307,AE0SS-12,2021-03-20 08:11:28.628,2021-03-20 08:11:27,63650.0,19400.52,2035.0,2010.0,ascending,True,/141127h3941.71N/10335.62WO065/020EOSS Balloon  www.eoss.org/A=063650!W53!,"AE0SS-12>APTT4,EOSS,qAO,KB0TVJ-1:/141127h3941.71N/10335.62WO065/020EOSS Balloon  www.eoss.org/A=063650!W53!",65.0,23.0,37.0,39.69525,-103.5937166667,24.49,39.42,,,,,,,,0.00017444,1.389e-05,33.91666667,10.33783333,high Re,-0.0175,28.974241,0.00491,5.286538,0.047171,0.934908,-0.47508,34.85424,-0.005336,8.831351,0.001497,1.611336,0.014378,0.934927,-0.47524,10.623573,
EOSS-307,KC0D-2,2021-03-20 08:11:47.002,2021-03-20 08:11:45,64406.0,19630.95,2350.0,2028.0,ascending,True,/141145h3941.70N/10335.46WO124/008/A=064406 -74T569P EOSS Balloon,"KC0D-2>APZEOS,EOSS,WIDE2-1,qAO,N6BA-10:/141145h3941.70N/10335.46WO124/008/A=064406 -74T569P EOSS Balloon",124.0,9.0,14.5,39.695,-103.591,24.63,39.63,18.68,-7.4,265.75,5690.0,0.06,0.00014473,0.07459014,0.00016667,-5.56e-06,39.16666667,11.938,high Re,0.175,29.016887,0.005625,5.316458,0.048345,1.909124,3.503465,34.714188,0.053339,8.844349,0.001714,1.620455,0.014735,1.909125,3.503563,10.580884,
EOSS-307,KC0D-14,2021-03-20 08:11:47.000,2021-03-20 08:11:45,64465.0,19648.93,2336.0,2028.0,ascending,True,/141145h3941.70N/10335.47WO132/012/A=064465 30T565P EOSS BALLOON,"KC0D-14>APZEOS,EOSS,WIDE2-1,qAO,N6BA-10:/141145h3941.70N/10335.47WO132/012/A=064465 30T565P EOSS BALLOON",132.0,14.0,22.5,39.695,-103.5911666667,24.62,39.62,37.4,3.0,276.15,5650.0,0.06,0.0001383,0.07127642,0.00016111,-5.56e-06,38.93333333,11.86666667,high Re,-0.007778,29.058206,0.005569,5.3438,0.048251,1.84796,-0.276616,34.700617,-0.002378,8.856942,0.001697,1.628788,0.014707,1.847831,-0.277079,10.576748,
EOSS-307,AE0SS-12,2021-03-20 08:11:58.679,2021-03-20 08:11:57,64864.0,19770.55,2428.0,2040.0,ascending,True,/141157h3941.66N/10335.38WO085/009EOSS Balloon  www.eoss.org/A=064864!W67!,"AE0SS-12>APTT4,EOSS,qAO,KB0TVJ-1:/141157h3941.66N/10335.38WO085/009EOSS Balloon  www.eoss.org/A=064864!W67!",85.0,10.0,16.1,39.6944333333,-103.5897833333,24.68,39.72,,,,,,,,0.00013111,-2.722e-05,40.46666667,12.33433333,high Re,0.051111,29.105544,0.005758,5.383054,0.04824,2.110535,0.940153,34.598642,0.015589,8.871371,0.001755,1.640753,0.014703,2.110593,0.940896,10.545664,
EOSS-307,AE0SS-13,2021-03-20 08:12:12.467,2021-03-20 08:12:11,65385.0,19929.35,2319.0,2054.0,ascending,True,/141211h3941.63N/10335.39WO166/020EOSS Baloon/A=065385!W93!,"AE0SS-13>APTT4,EOSS,qAO,KB0TVJ-1:/141211h3941.63N/10335.39WO166/020EOSS Baloon/A=065385!W93!",166.0,23.0,37.0,39.6939833333,-103.5898833333,24.67,39.7,,,,,,,,0.00010972,-2.25e-05,38.65,11.7805,high Re,-0.030278,29.144984,0.005609,5.406798,0.048195,1.757975,-0.744621,34.438546,-0.009231,8.883392,0.00171,1.64799,0.01469,1.757965,-0.744792,10.496866,
EOSS-307,KC0D-2,2021-03-20 08:12:17.226,2021-03-20 08:12:15,65574.0,19986.96,2336.0,2058.0,ascending,True,/141215h3941.63N/10335.38WO071/011/A=065574 -77T536P EOSS Balloon,"KC0D-2>APZEOS,EOSS,WIDE2-1,qAO,N6BA-10:/141215h3941.63N/10335.38WO071/011/A=065574 -77T536P EOSS Balloon",71.0,13.0,20.9,39.6938333333,-103.5896666667,24.68,39.71,18.14,-7.7,265.45,5360.0,0.05,0.00013649,0.07034359,4.444e-05,-3.889e-05,38.93333333,11.867,high Re,0.009444,29.185265,0.005625,5.43203,0.048096,1.794553,0.079404,34.372904,0.002883,8.895671,0.001714,1.655682,0.01466,1.794625,0.079741,10.476857,
EOSS-307,KC0D-14,2021-03-20 08:12:17.184,2021-03-20 08:12:15,65637.0,20006.16,2344.0,2058.0,ascending,True,/141215h3941.64N/10335.38WO087/010/A=065637 26T532P EOSS BALLOON,"KC0D-14>APZEOS,EOSS,WIDE2-1,qAO,N6BA-10:/141215h3941.64N/10335.38WO087/010/A=065637 26T532P EOSS BALLOON",87.0,12.0,19.3,39.694,-103.5896666667,24.68,39.72,36.68,2.6,275.75,5320.0,0.05,0.00013041,0.06721072,5e-05,-3.333e-05,39.06666667,11.90766667,high Re,0.004444,29.225763,0.00562,5.457627,0.047996,1.803147,-0.024502,34.35013,0.001356,8.908015,0.001713,1.663485,0.014629,1.803233,-0.024404,10.469916,
EOSS-307,AE0SS-12,2021-03-20 08:12:28.766,2021-03-20 08:12:27,66029.0,20125.64,2330.0,2070.0,ascending,True,/141227h3941.61N/10335.38WO195/014EOSS Balloon  www.eoss.org/A=066029!W66!,"AE0SS-12>APTT4,EOSS,qAO,KB0TVJ-1:/141227h3941.61N/10335.38WO195/014EOSS Balloon  www.eoss.org/A=066029!W66!",195.0,16.0,25.7,39.6936,-103.5897666667,24.67,39.7,,,,,,,,5.6e-07,-2.778e-05,38.83333333,11.83633333,high Re,-0.007778,29.264977,0.005565,5.480911,0.047905,1.74576,-0.27853,34.198418,-0.002378,8.919967,0.001696,1.670581,0.014601,1.74572,-0.279022,10.423674,
EOSS-307,AE0SS-13,2021-03-20 08:12:42.466,2021-03-20 08:12:41,66586.0,20295.41,2402.0,2084.0,ascending,True,/141241h3941.59N/10335.35WO291/008EOSS Baloon/A=066586!W51!,"AE0SS-13>APTT4,EOSS,qAO,KB0TVJ-1:/141241h3941.59N/10335.35WO291/008EOSS Baloon/A=066586!W51!",291.0,9.0,14.5,39.69325,-103.5891833333,24.69,39.74,,,,,,,,2.333e-05,-2.444e-05,40.03333333,12.202,high Re,0.04,29.308751,0.005705,5.512635,0.047857,1.945455,0.716614,33.953516,0.012189,8.933309,0.001739,1.680249,0.014587,1.945361,0.716391,10.349028,
EOSS-307,KC0D-14,2021-03-20 08:12:46.978,2021-03-20 08:12:45,66782.0,20355.15,2290.0,2088.0,ascending,True,/141245h3941.58N/10335.36WO178/015/A=066782 25T502P EOSS BALLOON,"KC0D-14>APZEOS,EOSS,WIDE2-1,qAO,N6BA-10:/141245h3941.58N/10335.36WO178/015/A=066782 25T502P EOSS BALLOON",178.0,17.0,27.4,39.693,-103.5893333333,24.68,39.72,36.5,2.5,275.65,5020.0,0.05,0.0001231,0.06344365,1.111e-05,-3.333e-05,38.16666667,11.633,high Re,-0.002222,29.380455,0.005407,5.547796,0.047848,1.58373,-0.159442,33.859293,-0.000678,8.955163,0.001648,1.690964,0.014584,1.583616,-0.15949,10.320309,
EOSS-307,KC0D-2,2021-03-20 08:12:47.020,2021-03-20 08:12:45,66721.0,20336.56,2294.0,2088.0,ascending,True,/141245h3941.58N/10335.37WO188/016/A=066721 -80T505P EOSS Balloon,"KC0D-2>APZEOS,EOSS,WIDE2-1,qAO,N6BA-10:/141245h3941.58N/10335.37WO188/016/A=066721 -80T505P EOSS Balloon",188.0,18.0,29.0,39.693,-103.5895,24.67,39.71,17.6,-8.0,265.15,5050.0,0.05,0.00012874,0.06635019,5.56e-06,-2.778e-05,38.23333333,11.65333333,high Re,-0.06,29.344883,0.005438,5.530648,0.047943,1.607126,-1.364913,33.88906,-0.018289,8.944321,0.001658,1.685738,0.014613,1.607019,-1.365017,10.329381,
EOSS-307,AE0SS-12,2021-03-20 08:12:58.595,2021-03-20 08:12:57,66964.0,20410.63,1870.0,2100.0,ascending,True,/141257h3941.54N/10335.34WO093/010EOSS Balloon  www.eoss.org/A=066964!W89!,"AE0SS-12>APTT4,EOSS,qAO,KB0TVJ-1:/141257h3941.54N/10335.34WO093/010EOSS Balloon  www.eoss.org/A=066964!W89!",93.0,12.0,19.3,39.6924666667,-103.58915,24.68,39.72,,,,,,,,2.056e-05,-3.778e-05,31.16666667,9.49966667,high Re,-0.233333,29.387628,0.004445,5.537756,0.0501,0.321256,-4.746068,33.768123,-0.071111,8.957349,0.001355,1.687904,0.01527,0.321297,-4.745645,10.292517,
EOSS-307,AE0SS-13,2021-03-20 08:13:12.478,2021-03-20 08:13:11,67535.0,20584.67,1898.0,2114.0,ascending,True,/141311h3941.58N/10335.35WO312/016EOSS Baloon/A=067535!W72!,"AE0SS-13>APTT4,EOSS,qAO,KB0TVJ-1:/141311h3941.58N/10335.35WO312/016EOSS Baloon/A=067535!W72!",312.0,18.0,29.0,39.6931166667,-103.5892,24.69,39.73,,,,,,,,-5.6e-07,-4.44e-06,31.63333333,9.642,high Re,0.015556,29.396611,0.004489,5.52845,0.050003,0.404584,0.221327,33.459702,0.004744,8.960088,0.001368,1.685068,0.015241,0.404679,0.221508,10.19851,
EOSS-307,KC0D-14,2021-03-20 08:13:17.026,2021-03-20 08:13:15,67794.0,20663.61,2024.0,2118.0,ascending,True,/141315h3941.59N/10335.36WO041/007/A=067794 21T476P EOSS BALLOON,"KC0D-14>APZEOS,EOSS,WIDE2-1,qAO,N6BA-10:/141315h3941.59N/10335.36WO041/007/A=067794 21T476P EOSS BALLOON",41.0,8.0,12.9,39.6931666667,-103.5893333333,24.68,39.72,35.78,2.1,275.25,4760.0,0.05,0.00011689,0.06024515,0.0,5.56e-06,33.73333333,10.282,high Re,0.07,29.413889,0.004751,5.524168,0.050075,0.781918,1.303025,33.308984,0.021333,8.965355,0.001448,1.683763,0.015263,0.781966,1.302824,10.152573,
EOSS-307,KC0D-2,2021-03-20 08:13:17.071,2021-03-20 08:13:15,67738.0,20646.54,2034.0,2118.0,ascending,True,/141315h3941.58N/10335.37WO013/003/A=067738 -82T479P EOSS Balloon,"KC0D-2>APZEOS,EOSS,WIDE2-1,qAO,W9CN-9:/141315h3941.58N/10335.37WO013/003/A=067738 -82T479P EOSS Balloon",13.0,3.0,4.8,39.693,-103.5895,24.67,39.71,17.24,-8.2,264.95,4790.0,0.05,0.0001222,0.06298165,0.0,0.0,33.9,10.33266667,high Re,0.005556,29.431691,0.004755,5.520391,0.049974,0.809419,0.016028,33.342127,0.001689,8.97078,0.001449,1.682611,0.015232,0.809389,0.015756,10.162676,
EOSS-307,AE0SS-12,2021-03-20 08:13:28.907,2021-03-20 08:13:27,68112.0,20760.54,2296.0,2130.0,ascending,True,/141327h3941.61N/10335.30WO077/018EOSS Balloon  www.eoss.org/A=068112!W33!,"AE0SS-12>APTT4,EOSS,qAO,KB0TVJ-1:/141327h3941.61N/10335.30WO077/018EOSS Balloon  www.eoss.org/A=068112!W33!",77.0,21.0,33.8,39.69355,-103.5883833333,24.74,39.81,,,,,,,,2.556e-05,3.611e-05,38.26666667,11.66366667,high Re,0.145556,29.466612,0.005313,5.537356,0.050657,1.589216,2.768482,33.115113,0.044367,8.981424,0.00162,1.687782,0.01544,1.589212,2.768588,10.093478,
EOSS-307,AE0SS-13,2021-03-20 08:13:42.774,2021-03-20 08:13:41,68624.0,20916.6,2178.0,2144.0,ascending,True,/141341h3941.56N/10335.22WO143/047EOSS Baloon/A=068624!W60!,"AE0SS-13>APTT4,EOSS,qAO,KB0TVJ-1:/141341h3941.56N/10335.22WO143/047EOSS Baloon/A=068624!W60!",143.0,54.0,86.9,39.6927666667,-103.587,24.8,39.91,,,,,,,,7.333e-05,-1.167e-05,36.3,11.06433333,high Re,-0.065556,29.493515,0.005033,5.543009,0.050753,1.22794,-1.390834,32.783615,-0.019978,8.989625,0.001534,1.689506,0.015469,1.227997,-1.390652,9.992435,
EOSS-307,KC0D-14,2021-03-20 08:13:47.102,2021-03-20 08:13:45,68766.0,20959.88,1944.0,2148.0,ascending,True,/141345h3941.57N/10335.19WO105/022/A=068766 21T453P EOSS BALLOON,"KC0D-14>APZEOS,EOSS,WIDE2-1,qAO,N6BA-10:/141345h3941.57N/10335.19WO105/022/A=068766 21T453P EOSS BALLOON",105.0,25.0,40.2,39.6928333333,-103.5865,24.82,39.95,35.78,2.1,275.25,4530.0,0.04,0.00011125,0.05733414,9.444e-05,-1.111e-05,32.4,9.87566667,high Re,-0.13,29.504913,0.004502,5.53508,0.051356,0.523043,-2.619012,32.687677,-0.039622,8.993099,0.001372,1.687089,0.015653,0.52313,-2.618923,9.963194,
EOSS-307,KC0D-2,2021-03-20 08:13:47.143,2021-03-20 08:13:45,68705.0,20941.28,1934.0,2148.0,ascending,True,/141345h3941.57N/10335.19WO088/021/A=068705 -85T457P EOSS Balloon,"KC0D-2>APZEOS,EOSS,WIDE2-1,qAO,N6BA-10:/141345h3941.57N/10335.19WO088/021/A=068705 -85T457P EOSS Balloon",88.0,24.0,38.6,39.6928333333,-103.5865,24.82,39.95,16.7,-8.5,264.65,4570.0,0.05,0.00011672,0.06015708,0.0001,-5.56e-06,32.23333333,9.82466667,high Re,-0.005556,29.515571,0.004462,5.526848,0.051259,0.491738,-0.195439,32.729094,-0.0017,8.996348,0.00136,1.68458,0.015623,0.491706,-0.195865,9.975823,
EOSS-307,AE0SS-12,2021-03-20 08:13:58.578,2021-03-20 08:13:57,68972.0,21022.67,1720.0,2160.0,ascending,True,/141357h3941.55N/10335.11WO135/028EOSS Balloon  www.eoss.org/A=068972!W15!,"AE0SS-12>APTT4,EOSS,qAO,KB0TVJ-1:/141357h3941.55N/10335.11WO135/028EOSS Balloon  www.eoss.org/A=068972!W15!",135.0,32.0,51.5,39.6925166667,-103.58525,24.88,40.05,,,,,,,,0.00010444,-3.444e-05,28.66666667,8.73766667,high Re,-0.118889,29.512268,0.00398,5.516297,0.051736,-0.153291,-2.374923,32.545583,-0.036233,8.995341,0.001213,1.681364,0.015769,-0.153253,-2.374659,9.919883,
EOSS-307,AE0SS-13,2021-03-20 08:14:12.509,2021-03-20 08:14:11,69336.0,21133.61,1424.0,2174.0,ascending,True,/141411h3941.52N/10335.03WO114/020EOSS Baloon/A=069336!W02!,"AE0SS-13>APTT4,EOSS,qAO,KB0TVJ-1:/141411h3941.52N/10335.03WO114/020EOSS Baloon/A=069336!W02!",114.0,23.0,37.0,39.692,-103.5838666667,24.95,40.15,,,,,,,,0.00010444,-2.556e-05,23.73333333,7.23366667,high Re,-0.164444,29.489869,0.003325,5.517298,0.052693,-1.043361,-3.183895,32.286505,-0.050133,8.988513,0.001013,1.68167,0.016061,-1.043514,-3.184484,9.840921,
EOSS-307,KC0D-14,2021-03-20 08:14:17.035,2021-03-20 08:14:15,69534.0,21193.96,1536.0,2178.0,ascending,True,/141415h3941.52N/10335.03WO124/014/A=069534 18T436P EOSS BALLOON,"KC0D-14>APZEOS,EOSS,WIDE2-1,qAO,N6BA-10:/141415h3941.52N/10335.03WO124/014/A=069534 18T436P EOSS BALLOON",124.0,16.0,25.7,39.692,-103.5838333333,24.95,40.15,35.24,1.8,274.95,4360.0,0.04,0.00010719,0.05524274,8.889e-05,-2.778e-05,25.6,7.80266667,high Re,0.062222,29.47485,0.003553,5.511897,0.052718,-0.702998,1.112884,32.141557,0.018967,8.983934,0.001083,1.680025,0.016068,-0.703125,1.11302,9.796741,
EOSS-307,KC0D-2,2021-03-20 08:14:16.994,2021-03-20 08:14:15,69486.0,21179.33,1562.0,2178.0,ascending,True,/141415h3941.52N/10335.03WO126/026/A=069486 -87T439P EOSS Balloon,"KC0D-2>APZEOS,EOSS,WIDE2-1,qAO,N6BA-10:/141415h3941.52N/10335.03WO126/026/A=069486 -87T439P EOSS Balloon",126.0,30.0,48.3,39.692,-103.5838333333,24.95,40.15,16.34,-8.7,264.45,4390.0,0.04,0.00011221,0.05783136,8.889e-05,-2.778e-05,26.03333333,7.935,high Re,0.014444,29.461613,0.003595,5.505385,0.05262,-0.622714,0.206176,32.176944,0.004411,8.9799,0.001096,1.678039,0.016038,-0.622691,0.206697,9.807527,
EOSS-307,AE0SS-12,2021-03-20 08:14:28.638,2021-03-20 08:14:27,69756.0,21261.63,1568.0,2190.0,ascending,True,/141427h3941.49N/10334.98WO090/011EOSS Balloon  www.eoss.org/A=069756!W07!,"AE0SS-12>APTT4,EOSS,qAO,KB0TVJ-1:/141427h3941.49N/10334.98WO090/011EOSS Balloon  www.eoss.org/A=069756!W07!",90.0,13.0,20.9,39.6915,-103.5831166667,24.98,40.2,,,,,,,,7.111e-05,-3.389e-05,26.13333333,7.96533333,high Re,0.003333,29.448861,0.003594,5.498648,0.052518,-0.602971,-0.00497,31.975912,0.001011,8.976013,0.001096,1.675986,0.016007,-0.603036,-0.00531,9.746249,
EOSS-307,KC0D-14,2021-03-20 08:14:47.113,2021-03-20 08:14:45,70322.0,21434.15,1576.0,2208.0,ascending,True,/141445h3941.47N/10334.97WO287/003/A=070322 18T418P EOSS BALLOON,"KC0D-14>APZEOS,EOSS,WIDE2-1,qAO,N6BA-10:/141445h3941.47N/10334.97WO287/003/A=070322 18T418P EOSS BALLOON",287.0,3.0,4.8,39.6911666667,-103.5828333333,24.99,40.21,35.24,1.8,274.95,4180.0,0.04,0.00010276,0.05296208,3.333e-05,-2.778e-05,26.26666667,8.00633333,high Re,0.004444,29.436715,0.003597,5.491624,0.052417,-0.577252,0.016159,31.540171,0.001367,8.972312,0.001097,1.673845,0.015977,-0.577102,0.016899,9.613432,
EOSS-307,KC0D-2,2021-03-20 08:14:47.071,2021-03-20 08:14:45,70270.0,21418.3,1568.0,2208.0,ascending,True,/141445h3941.47N/10334.97WO311/022/A=070270 -89T422P EOSS Balloon,"KC0D-2>APZEOS,EOSS,WIDE2-1,qAO,N6BA-10:/141445h3941.47N/10334.97WO311/022/A=070270 -89T422P EOSS Balloon",311.0,25.0,40.2,39.6911666667,-103.5828333333,24.99,40.21,15.98,-8.9,264.25,4220.0,0.04,0.00010795,0.05563395,3.333e-05,-2.778e-05,26.13333333,7.96566667,high Re,-0.004444,29.424155,0.003567,5.484917,0.052319,-0.599977,-0.153118,31.580936,-0.001356,8.968484,0.001087,1.6718,0.015947,-0.599843,-0.153195,9.625858,
EOSS-307,AE0SS-12,2021-03-20 08:14:58.456,2021-03-20 08:14:57,70550.0,21503.64,1588.0,2220.0,ascending,True,/141457h3941.46N/10334.99WO329/006EOSS Balloon  www.eoss.org/A=070550!W92!,"AE0SS-12>APTT4,EOSS,qAO,W9CN-9:/141457h3941.46N/10334.99WO329/006EOSS Balloon  www.eoss.org/A=070550!W92!",329.0,7.0,11.3,39.69115,-103.5832,24.97,40.18,,,,,,,,-2.78e-06,-1.167e-05,26.46666667,8.067,high Re,0.011111,29.412952,0.003595,5.477505,0.052221,-0.537888,0.143927,31.359872,0.003378,8.965069,0.001096,1.669541,0.015917,-0.537914,0.143369,9.558481,
EOSS-307,AE0SS-13,2021-03-20 08:15:12.511,2021-03-20 08:15:11,70960.0,21628.61,1624.0,2234.0,ascending,True,/141511h3941.48N/10334.97WO101/012EOSS Baloon/A=070960!W50!,"AE0SS-13>APTT4,EOSS,qAO,KB0TVJ-1:/141511h3941.48N/10334.97WO101/012EOSS Baloon/A=070960!W50!",101.0,14.0,22.5,39.6914166667,-103.5828333333,24.99,40.22,,,,,,,,1.722e-05,-9.72e-06,27.06666667,8.25,high Re,0.01,29.404099,0.00362,5.469021,0.052123,-0.427395,0.122403,31.029973,0.00305,8.962371,0.001103,1.666955,0.015887,-0.427349,0.122553,9.457926,
EOSS-307,KC0D-2,2021-03-20 08:15:17.093,2021-03-20 08:15:15,71125.0,21678.9,1710.0,2238.0,ascending,True,/141515h3941.50N/10334.98WO024/024/A=071125 -91T403P EOSS Balloon,"KC0D-2>APZEOS,EOSS,WIDE2-1,qAO,N6BA-10:/141515h3941.50N/10334.98WO024/024/A=071125 -91T403P EOSS Balloon",24.0,28.0,45.1,39.6916666667,-103.583,24.99,40.21,15.62,-9.1,264.05,4030.0,0.04,0.00010317,0.05316935,-5.56e-06,1.667e-05,28.5,8.68666667,high Re,0.047778,29.4007,0.003786,5.458974,0.052095,-0.164994,0.844457,30.895455,0.014556,8.961335,0.001154,1.663893,0.015878,-0.165076,0.844061,9.416926,
EOSS-307,KC0D-14,2021-03-20 08:15:17.309,2021-03-20 08:15:15,71176.0,21694.44,1708.0,2238.0,ascending,True,/141515h3941.50N/10334.97WO017/016/A=071176 15T400P EOSS BALLOON,"KC0D-14>APZEOS,EOSS,WIDE2-1,qAO,N6BA-10:/141515h3941.50N/10334.97WO017/016/A=071176 15T400P EOSS BALLOON",17.0,18.0,29.0,39.6916666667,-103.5828333333,25.0,40.23,34.7,1.5,274.65,4000.0,0.04,9.845e-05,0.05073677,0.0,1.667e-05,28.46666667,8.67633333,high Re,-0.001111,29.397201,0.003768,5.449002,0.051997,-0.170772,-0.093832,30.853701,-0.000344,8.960267,0.001148,1.660854,0.015849,-0.170956,-0.094138,9.404204,
EOSS-307,AE0SS-12,2021-03-20 08:15:28.451,2021-03-20 08:15:27,71469.0,21783.75,1838.0,2250.0,ascending,True,/141527h3941.54N/10334.94WO011/013EOSS Balloon  www.eoss.org/A=071469!W45!,"AE0SS-12>APTT4,EOSS,qAO,KB0TVJ-1:/141527h3941.54N/10334.94WO011/013EOSS Balloon  www.eoss.org/A=071469!W45!",11.0,15.0,24.1,39.6924,-103.5824166667,25.03,40.28,,,,,,,,2.611e-05,4.167e-05,30.63333333,9.337,high Re,0.072222,29.401814,0.004024,5.439313,0.052068,0.226411,1.309787,30.612432,0.022022,8.961673,0.001227,1.6579,0.01587,0.226387,1.310334,9.330662,
EOSS-307,AE0SS-13,2021-03-20 08:15:42.725,2021-03-20 08:15:41,71876.0,21907.8,1832.0,2264.0,ascending,True,/141541h3941.58N/10334.94WO283/033EOSS Baloon/A=071876!W16!,"AE0SS-13>APTT4,EOSS,qAO,N6BA-10:/141541h3941.58N/10334.94WO283/033EOSS Baloon/A=071876!W16!",283.0,38.0,61.2,39.6930166667,-103.5824333333,25.04,40.29,,,,,,,,1.333e-05,5.333e-05,30.53333333,9.30633333,high Re,-0.003333,29.40602,0.003997,5.429594,0.051973,0.207624,-0.141035,30.27427,-0.001022,8.962954,0.001218,1.654938,0.015841,0.207488,-0.141405,9.227593,
EOSS-307,KC0D-2,2021-03-20 08:15:47.040,2021-03-20 08:15:45,72015.0,21950.17,1780.0,2268.0,ascending,True,/141545h3941.59N/10334.91WO062/025/A=072015 -92T385P EOSS Balloon,"KC0D-2>APZEOS,EOSS,WIDE2-1,qAO,N6BA-10:/141545h3941.59N/10334.91WO062/025/A=072015 -92T385P EOSS Balloon",62.0,29.0,46.7,39.6931666667,-103.5818333333,25.07,40.35,15.44,-9.2,263.95,3850.0,0.04,9.86e-05,0.05081378,3.889e-05,5e-05,29.66666667,9.04233333,high Re,-0.007778,29.408805,0.00386,5.409553,0.051807,0.047668,-0.224641,30.158249,-0.002378,8.963803,0.001177,1.648829,0.015791,0.047628,-0.225128,9.192228,
EOSS-307,KC0D-14,2021-03-20 08:15:47.081,2021-03-20 08:15:45,72073.0,21967.85,1794.0,2268.0,ascending,True,/141545h3941.59N/10334.92WO073/012/A=072073 16T382P EOSS BALLOON,"KC0D-14>APZEOS,EOSS,WIDE2-1,qAO,N6BA-10:/141545h3941.59N/10334.92WO073/012/A=072073 16T382P EOSS BALLOON",73.0,14.0,22.5,39.6931666667,-103.582,25.06,40.33,34.88,1.6,274.75,3820.0,0.04,9.398e-05,0.04843598,2.778e-05,5e-05,29.9,9.11366667,high Re,-0.021111,29.40785,0.003904,5.419576,0.051898,0.09081,-0.482003,30.109788,-0.006422,8.963512,0.00119,1.651884,0.015819,0.090899,-0.481194,9.177455,
EOSS-307,AE0SS-12,2021-03-20 08:15:59.048,2021-03-20 08:15:57,72358.0,22054.72,1778.0,2280.0,ascending,True,/141557h3941.61N/10334.86WO017/009EOSS Balloon  www.eoss.org/A=072358!W74!,"AE0SS-12>APTT4,EOSS,qAO,N6BA-10:/141557h3941.61N/10334.86WO017/009EOSS Balloon  www.eoss.org/A=072358!W74!",17.0,10.0,16.1,39.6936166667,-103.5810666667,25.12,40.42,,,,,,,,4.5e-05,4.056e-05,29.63333333,9.03233333,high Re,-0.001111,29.40963,0.003842,5.39958,0.051711,0.04143,-0.095782,29.87144,-0.000333,8.964055,0.001171,1.64579,0.015762,0.041487,-0.095419,9.104805,
EOSS-307,AE0SS-13,2021-03-20 08:16:12.556,2021-03-20 08:16:11,72821.0,22195.84,1890.0,2294.0,ascending,True,/141611h3941.66N/10334.81WO335/003EOSS Baloon/A=072821!W17!,"AE0SS-13>APTT4,EOSS,qAO,KB0TVJ-1:/141611h3941.66N/10334.81WO335/003EOSS Baloon/A=072821!W17!",335.0,3.0,4.8,39.69435,-103.5802833333,25.17,40.51,,,,,,,,7.167e-05,4.444e-05,31.5,9.60133333,high Re,0.062222,29.417287,0.004057,5.39113,0.051737,0.386322,1.124244,29.484689,0.018967,8.966389,0.001236,1.643214,0.015769,0.386404,1.124421,8.986926,
EOSS-307,KC0D-2,2021-03-20 08:16:17.055,2021-03-20 08:16:15,72912.0,22223.58,1794.0,2298.0,ascending,True,/141615h3941.66N/10334.76WO125/020/A=072912 -94T366P EOSS Balloon,"KC0D-2>APZEOS,EOSS,WIDE2-1,qAO,N6BA-10:/141615h3941.66N/10334.76WO125/020/A=072912 -94T366P EOSS Balloon",125.0,23.0,37.0,39.6943333333,-103.5793333333,25.22,40.59,15.08,-9.4,263.75,3660.0,0.04,9.38e-05,0.04834272,8.333e-05,3.889e-05,29.9,9.11366667,high Re,-0.053333,29.419049,0.003846,5.381326,0.051759,0.089374,-1.104716,29.40893,-0.016256,8.966927,0.001172,1.640226,0.015776,0.089463,-1.104716,8.963832,
EOSS-307,KC0D-14,2021-03-20 08:16:17.014,2021-03-20 08:16:15,73049.0,22265.34,1952.0,2298.0,ascending,True,/141615h3941.68N/10334.78WO077/022/A=073049 13T363P EOSS BALLOON,"KC0D-14>APZEOS,EOSS,WIDE2-1,qAO,N6BA-10:/141615h3941.68N/10334.78WO077/022/A=073049 13T363P EOSS BALLOON",77.0,25.0,40.2,39.6946666667,-103.5796666667,25.21,40.57,34.34,1.3,274.45,3630.0,0.04,8.94e-05,0.04607717,7.778e-05,5e-05,32.53333333,9.91633333,high Re,0.087778,29.430374,0.004153,5.374779,0.051912,0.577318,1.610899,29.295129,0.026756,8.970379,0.001266,1.638231,0.015823,0.577424,1.610946,8.929144,
EOSS-307,AE0SS-12,2021-03-20 08:16:28.494,2021-03-20 08:16:27,73444.0,22385.73,2172.0,2310.0,ascending,True,/141627h3941.69N/10334.66WO081/021EOSS Balloon  www.eoss.org/A=073444!W88!,"AE0SS-12>APTT4,EOSS,qAO,KB0TVJ-1:/141627h3941.69N/10334.66WO081/021EOSS Balloon  www.eoss.org/A=073444!W88!",81.0,24.0,38.6,39.6949666667,-103.5778,25.31,40.73,,,,,,,,0.00010889,4.5e-05,36.2,11.03366667,high Re,0.122222,29.454901,0.004582,5.38045,0.052304,1.253631,2.249159,28.969303,0.037244,8.977855,0.001397,1.639959,0.015942,1.253575,2.248589,8.829837,
EOSS-307,KC0D-2,2021-03-20 08:16:47.075,2021-03-20 08:16:45,74101.0,22585.98,2378.0,2328.0,ascending,True,/141645h3941.68N/10334.59WO294/013/A=074101 -96T345P EOSS Balloon,"KC0D-2>APZEOS,EOSS,WIDE2-1,qAO,N6BA-10:/141645h3941.68N/10334.59WO294/013/A=074101 -96T345P EOSS Balloon",294.0,15.0,24.1,39.6946666667,-103.5765,25.37,40.83,14.72,-9.6,263.55,3450.0,0.03,8.849e-05,0.04560354,9.444e-05,1.111e-05,39.63333333,12.08,high Re,0.114444,29.491647,0.00498,5.405401,0.052626,1.876214,2.080036,28.438497,0.034878,8.989054,0.001518,1.647563,0.01604,1.876072,2.0798,8.668051,
EOSS-307,KC0D-14,2021-03-20 08:16:47.117,2021-03-20 08:16:45,74152.0,22601.53,2206.0,2328.0,ascending,True,/141645h3941.69N/10334.58WO105/004/A=074152 14T343P EOSS BALLOON,"KC0D-14>APZEOS,EOSS,WIDE2-1,qAO,N6BA-10:/141645h3941.69N/10334.58WO105/004/A=074152 14T343P EOSS BALLOON",105.0,5.0,8.0,39.6948333333,-103.5763333333,25.38,40.85,34.52,1.4,274.55,3430.0,0.03,8.445e-05,0.04352263,0.00011111,5.56e-06,36.76666667,11.20633333,low Re,-0.095556,29.517816,0.004617,5.413249,0.052877,1.339094,-1.894453,28.398048,-0.029122,8.99703,0.001407,1.649954,0.016117,1.339009,-1.894211,8.655718,high_to_low
EOSS-307,AE0SS-12,2021-03-20 08:16:58.548,2021-03-20 08:16:57,74376.0,22669.8,1864.0,2340.0,ascending,True,/141657h3941.67N/10334.54WO136/020EOSS Balloon  www.eoss.org/A=074376!W65!,"AE0SS-12>APTT4,EOSS,qAO,KB0TVJ-1:/141657h3941.67N/10334.54WO136/020EOSS Balloon  www.eoss.org/A=074376!W65!",136.0,23.0,37.0,39.6946,-103.57575,25.41,40.89,,,,,,,,6.833e-05,-1.222e-05,31.06666667,9.469,low Re,-0.19,29.523367,0.003917,5.4043,0.054056,0.285569,-3.587335,28.22192,-0.057911,8.998722,0.001194,1.647226,0.016476,0.285497,-3.587339,8.602039,
EOSS-307,AE0SS-13,2021-03-20 08:17:12.693,2021-03-20 08:17:11,74727.0,22776.79,1906.0,2354.0,ascending,True,/141711h3941.64N/10334.51WO315/012EOSS Baloon/A=074727!W28!,"AE0SS-13>APTT4,EOSS,qAO,N6BA-10:/141711h3941.64N/10334.51WO315/012EOSS Baloon/A=074727!W28!",315.0,14.0,22.5,39.6940333333,-103.5753,25.42,40.91,,,,,,,,8.306e-05,-5.28e-06,31.76666667,9.6825,low Re,0.011667,29.531379,0.003945,5.396271,0.053961,0.414228,0.143103,27.951481,0.003558,9.001164,0.001202,1.644779,0.016447,0.414242,0.143248,8.519606,
EOSS-307,KC0D-14,2021-03-20 08:17:17.138,2021-03-20 08:17:15,74917.0,22834.7,1530.0,2358.0,ascending,True,/141715h3941.63N/10334.49WO140/020/A=074917 11T329P EOSS BALLOON,"KC0D-14>APZEOS,EOSS,WIDE2-1,qAO,N6BA-10:/141715h3941.63N/10334.49WO140/020/A=074917 11T329P EOSS BALLOON",140.0,23.0,37.0,39.6938333333,-103.5748333333,25.44,40.95,33.98,1.1,274.25,3290.0,0.03,8.109e-05,0.04179186,5e-05,-3.333e-05,25.5,7.77233333,low Re,0.006667,29.502078,0.003173,5.388245,0.05534,-0.742742,0.063137,27.808236,0.002022,8.992233,0.000967,1.642332,0.016867,-0.742785,0.062548,8.475946,
EOSS-307,KC0D-2,2021-03-20 08:17:17.096,2021-03-20 08:17:15,74860.0,22817.33,1518.0,2358.0,ascending,True,/141715h3941.62N/10334.48WO168/023/A=074860 -97T332P EOSS Balloon,"KC0D-2>APZEOS,EOSS,WIDE2-1,qAO,N6BA-10:/141715h3941.62N/10334.48WO168/023/A=074860 -97T332P EOSS Balloon",168.0,26.0,41.8,39.6936666667,-103.5746666667,25.45,40.96,14.54,-9.7,263.45,3320.0,0.03,8.518e-05,0.0439018,6.111e-05,-3.333e-05,25.3,7.71166667,low Re,-0.215556,29.516321,0.003161,5.392538,0.055439,-0.781881,-3.945183,27.850963,-0.065694,8.996575,0.000963,1.64364,0.016897,-0.781746,-3.944901,8.488967,
EOSS-307,AE0SS-13,2021-03-20 08:17:42.522,2021-03-20 08:17:41,75495.0,23010.88,1536.0,2384.0,ascending,True,/141741h3941.52N/10334.38WO186/030EOSS Baloon/A=075495!W62!,"AE0SS-13>APTT4,EOSS,qAO,KB0TVJ-1:/141741h3941.52N/10334.38WO186/030EOSS Baloon/A=075495!W62!",186.0,35.0,56.3,39.6921,-103.5730333333,25.51,41.05,,,,,,,,7.556e-05,-6.444e-05,25.6,7.803,low Re,0.003333,29.48829,0.003174,5.383682,0.055241,-0.722236,0.002878,27.388007,0.001022,8.988031,0.000967,1.640941,0.016837,-0.722166,0.003267,8.347857,
EOSS-307,KC0D-2,2021-03-20 08:17:47.423,2021-03-20 08:17:45,75610.0,23045.93,1500.0,2388.0,ascending,True,/141745h3941.53N/10334.37WO100/031/A=075610 -98T320P EOSS Balloon,"KC0D-2>APZEOS,EOSS,WIDE2-1,qAO,N6BA-10:/141745h3941.53N/10334.37WO100/031/A=075610 -98T320P EOSS Balloon",100.0,36.0,57.9,39.6921666667,-103.5728333333,25.52,41.07,14.36,-9.8,263.35,3200.0,0.03,8.214e-05,0.04233106,6.111e-05,-5e-05,25.0,7.62,low Re,-0.02,29.472486,0.003092,5.380757,0.055161,-0.8312,-0.418629,27.307454,-0.0061,8.983214,0.000942,1.640049,0.016813,-0.831203,-0.418843,8.323306,
EOSS-307,KC0D-14,2021-03-20 08:17:47.421,2021-03-20 08:17:45,75666.0,23063.0,1498.0,2388.0,ascending,True,/141745h3941.53N/10334.37WO127/018/A=075666 12T317P EOSS BALLOON,"KC0D-14>APZEOS,EOSS,WIDE2-1,qAO,N6BA-10:/141745h3941.53N/10334.37WO127/018/A=075666 12T317P EOSS BALLOON",127.0,21.0,33.8,39.6921666667,-103.5728333333,25.52,41.07,34.16,1.2,274.35,3170.0,0.03,7.81e-05,0.04025286,6.667e-05,-5.556e-05,24.96666667,7.61,low Re,-0.001111,29.456676,0.003077,5.377902,0.055064,-0.8349,-0.076057,27.268621,-0.000333,8.978396,0.000938,1.639179,0.016783,-0.834806,-0.075731,8.311469,
EOSS-307,AE0SS-12,2021-03-20 08:17:58.638,2021-03-20 08:17:57,75892.0,23131.88,1516.0,2400.0,ascending,True,/141757h3941.47N/10334.31WO159/018EOSS Balloon  www.eoss.org/A=075892!W86!,"AE0SS-12>APTT4,EOSS,qAO,KB0TVJ-1:/141757h3941.47N/10334.31WO159/018EOSS Balloon  www.eoss.org/A=075892!W86!",159.0,21.0,33.8,39.6913,-103.5719333333,25.55,41.13,,,,,,,,6.361e-05,-5.5e-05,25.26666667,7.70133333,low Re,0.005,29.442026,0.003084,5.374173,0.054967,-0.776931,0.034857,27.114609,0.001522,8.973931,0.00094,1.638042,0.016754,-0.776902,0.034738,8.26453,
EOSS-307,AE0SS-13,2021-03-20 08:18:12.653,2021-03-20 08:18:11,76253.0,23241.91,1516.0,2414.0,ascending,True,/141811h3941.44N/10334.27WO058/036EOSS Baloon/A=076253!W90!,"AE0SS-13>APTT4,EOSS,qAO,N6BA-10:/141811h3941.44N/10334.27WO058/036EOSS Baloon/A=076253!W90!",58.0,41.0,66.0,39.6908166667,-103.5711666667,25.59,41.18,,,,,,,,6.222e-05,-4.278e-05,25.26666667,7.701,low Re,0.0,29.427478,0.003073,5.370428,0.05487,-0.774763,-0.056005,26.878056,-1.1e-05,8.969495,0.000937,1.636901,0.016724,-0.774937,-0.056685,8.192431,
EOSS-307,KC0D-2,2021-03-20 08:18:17.052,2021-03-20 08:18:15,76362.0,23275.14,1504.0,2418.0,ascending,True,/141815h3941.42N/10334.27WO234/012/A=076362 -100T307P EOSS Balloon,"KC0D-2>APZEOS,EOSS,WIDE2-1,qAO,N6BA-10:/141815h3941.42N/10334.27WO234/012/A=076362 -100T307P EOSS Balloon",234.0,14.0,22.5,39.6903333333,-103.5711666667,25.58,41.17,14.0,-10.0,263.15,3070.0,0.03,7.886e-05,0.04064222,5.556e-05,-6.111e-05,25.06666667,7.64033333,low Re,-0.006667,29.412336,0.003039,5.367219,0.054777,-0.809669,-0.177191,26.809033,-0.002022,8.96488,0.000926,1.635923,0.016696,-0.809663,-0.176569,8.171389,
EOSS-307,KC0D-14,2021-03-20 08:18:17.011,2021-03-20 08:18:15,76414.0,23290.99,1496.0,2418.0,ascending,True,/141815h3941.43N/10334.26WO134/013/A=076414 10T304P EOSS BALLOON,"KC0D-14>APZEOS,EOSS,WIDE2-1,qAO,N6BA-10:/141815h3941.43N/10334.26WO134/013/A=076414 10T304P EOSS BALLOON",134.0,15.0,24.1,39.6905,-103.571,25.59,41.18,33.8,1.0,274.15,3040.0,0.03,7.496e-05,0.03863027,6.111e-05,-5.556e-05,24.93333333,7.59966667,low Re,-0.004444,29.396838,0.003013,5.364366,0.054684,-0.832066,-0.136365,26.776511,-0.001356,8.960156,0.000918,1.635054,0.016667,-0.832076,-0.136437,8.161476,
EOSS-307,AE0SS-12,2021-03-20 08:18:28.703,2021-03-20 08:18:27,76657.0,23365.05,1530.0,2430.0,ascending,True,/141827h3941.41N/10334.23WO115/018EOSS Balloon  www.eoss.org/A=076657!W46!,"AE0SS-12>APTT4,EOSS,qAO,KB0TVJ-1:/141827h3941.41N/10334.23WO115/018EOSS Balloon  www.eoss.org/A=076657!W46!",115.0,21.0,33.8,39.6902333333,-103.5706,25.61,41.21,,,,,,,,4.444e-05,-3.556e-05,25.5,7.77233333,low Re,0.018889,29.3834,0.003068,5.359964,0.054597,-0.72452,0.289778,26.628095,0.005756,8.95606,0.000935,1.633712,0.016641,-0.724563,0.289706,8.116243,
EOSS-307,AE0SS-13,2021-03-20 08:18:42.513,2021-03-20 08:18:41,77054.0,23486.06,1602.0,2444.0,ascending,True,/141841h3941.39N/10334.23WO240/027EOSS Baloon/A=077054!W86!,"AE0SS-13>APTT4,EOSS,qAO,KB0TVJ-1:/141841h3941.39N/10334.23WO240/027EOSS Baloon/A=077054!W86!",240.0,31.0,49.9,39.6899666667,-103.5706,25.6,41.2,,,,,,,,1.889e-05,-2.833e-05,26.7,8.13833333,low Re,0.04,29.374179,0.003196,5.353027,0.054545,-0.499564,0.674746,26.398742,0.0122,8.95325,0.000974,1.631597,0.016625,-0.49946,0.675248,8.046334,
EOSS-307,KC0D-14,2021-03-20 08:18:47.042,2021-03-20 08:18:45,77194.0,23528.73,1560.0,2448.0,ascending,True,/141845h3941.41N/10334.23WO353/005/A=077194 11T292P EOSS BALLOON,"KC0D-14>APZEOS,EOSS,WIDE2-1,qAO,N6BA-10:/141845h3941.41N/10334.23WO353/005/A=077194 11T292P EOSS BALLOON",353.0,6.0,9.7,39.6901666667,-103.5705,25.61,41.22,33.98,1.1,274.25,2920.0,0.03,7.197e-05,0.03709186,1.667e-05,-1.111e-05,26.0,7.92466667,low Re,-0.004444,29.351602,0.003094,5.341636,0.054375,-0.627449,-0.13863,26.321897,-0.001356,8.946368,0.000943,1.628126,0.016573,-0.627532,-0.13872,8.022913,
EOSS-307,KC0D-2,2021-03-20 08:18:47.000,2021-03-20 08:18:45,77146.0,23514.1,1568.0,2448.0,ascending,True,/141845h3941.42N/10334.22WO105/005/A=077146 -101T295P EOSS Balloon,"KC0D-2>APZEOS,EOSS,WIDE2-1,qAO,N6BA-10:/141845h3941.42N/10334.22WO105/005/A=077146 -101T295P EOSS Balloon",105.0,6.0,9.7,39.6903333333,-103.5703333333,25.62,41.24,13.82,-10.1,263.05,2950.0,0.03,7.581e-05,0.03906845,2.778e-05,0.0,26.13333333,7.96533333,low Re,-0.018889,29.36308,0.00312,5.347186,0.054467,-0.604009,-0.40408,26.348002,-0.005767,8.949867,0.000951,1.629817,0.016601,-0.604076,-0.404674,8.03087,
EOSS-307,AE0SS-12,2021-03-20 08:18:58.851,2021-03-20 08:18:57,77454.0,23607.98,1594.0,2460.0,ascending,True,/141857h3941.43N/10334.21WO337/011EOSS Balloon  www.eoss.org/A=077454!W04!,"AE0SS-12>APTT4,EOSS,qAO,KB0TVJ-1:/141857h3941.43N/10334.21WO337/011EOSS Balloon  www.eoss.org/A=077454!W04!",337.0,13.0,20.9,39.6905,-103.5702333333,25.63,41.25,,,,,,,,1.222e-05,8.89e-06,26.56666667,8.09766667,low Re,0.018889,29.34213,0.003148,5.334986,0.054289,-0.520238,0.289948,26.184968,0.005767,8.943481,0.000959,1.626099,0.016547,-0.520149,0.290566,7.981177,
EOSS-307,AE0SS-13,2021-03-20 08:19:12.487,2021-03-20 08:19:11,77828.0,23721.97,1548.0,2474.0,ascending,True,/141911h3941.45N/10334.13WO097/028EOSS Baloon/A=077828!W58!,"AE0SS-13>APTT4,EOSS,qAO,KB0TVJ-1:/141911h3941.45N/10334.13WO097/028EOSS Baloon/A=077828!W58!",97.0,32.0,51.5,39.6909166667,-103.5689666667,25.7,41.36,,,,,,,,5.444e-05,3.167e-05,25.8,7.86366667,low Re,-0.025556,29.330122,0.00305,5.329897,0.054222,-0.662325,-0.527572,26.001574,-0.0078,8.939821,0.00093,1.624548,0.016527,-0.662433,-0.528227,7.925281,
EOSS-307,KC0D-2,2021-03-20 08:19:17.100,2021-03-20 08:19:15,77927.0,23752.15,1562.0,2478.0,ascending,True,/141915h3941.45N/10334.14WO052/023/A=077927 -102T283P EOSS Balloon,"KC0D-2>APZEOS,EOSS,WIDE2-1,qAO,N6BA-10:/141915h3941.45N/10334.14WO052/023/A=077927 -102T283P EOSS Balloon",52.0,26.0,41.8,39.6908333333,-103.569,25.7,41.36,13.64,-10.2,262.95,2830.0,0.03,7.275e-05,0.03749348,4.444e-05,1.667e-05,26.03333333,7.935,low Re,0.007778,29.318985,0.003066,5.324305,0.054131,-0.617104,0.087048,25.955775,0.002378,8.936426,0.000935,1.622843,0.016499,-0.617081,0.08746,7.911319,
EOSS-307,KC0D-14,2021-03-20 08:19:17.058,2021-03-20 08:19:15,77971.0,23765.56,1554.0,2478.0,ascending,True,/141915h3941.45N/10334.13WO085/015/A=077971 9T280P EOSS BALLOON,"KC0D-14>APZEOS,EOSS,WIDE2-1,qAO,N6BA-10:/141915h3941.45N/10334.13WO085/015/A=077971 9T280P EOSS BALLOON",85.0,17.0,27.4,39.6908333333,-103.5688333333,25.71,41.37,33.62,0.9,274.05,2800.0,0.03,6.906e-05,0.0355935,5.556e-05,2.222e-05,25.9,7.89433333,low Re,-0.004444,29.307473,0.003041,5.319004,0.054041,-0.640622,-0.138506,25.935795,-0.001356,8.932917,0.000927,1.621228,0.016471,-0.640615,-0.138607,7.90523,
EOSS-307,AE0SS-12,2021-03-20 08:19:28.540,2021-03-20 08:19:27,78205.0,23836.88,1502.0,2490.0,ascending,True,/141927h3941.45N/10334.06WO118/026EOSS Balloon  www.eoss.org/A=078205!W50!,"AE0SS-12>APTT4,EOSS,qAO,KB0TVJ-1:/141927h3941.45N/10334.06WO118/026EOSS Balloon  www.eoss.org/A=078205!W50!",118.0,30.0,48.3,39.6909166667,-103.5676666667,25.77,41.47,,,,,,,,8.556e-05,1.389e-05,25.03333333,7.63,low Re,-0.028889,29.29313,0.002933,5.315811,0.053981,-0.801345,-0.589504,25.833448,-0.008811,8.928545,0.000894,1.620255,0.016453,-0.801445,-0.589862,7.874036,
EOSS-307,AE0SS-13,2021-03-20 08:19:42.530,2021-03-20 08:19:41,78563.0,23946.0,1470.0,2504.0,ascending,True,/141941h3941.45N/10333.99WO012/033EOSS Baloon/A=078563!W42!,"AE0SS-13>APTT4,EOSS,qAO,KB0TVJ-1:/141941h3941.45N/10333.99WO012/033EOSS Baloon/A=078563!W42!",12.0,38.0,61.2,39.6909,-103.5665333333,25.83,41.57,,,,,,,,8.111e-05,-5.6e-07,24.5,7.46766667,low Re,-0.017778,29.2771,0.002864,5.314119,0.053904,-0.898945,-0.38294,25.689793,-0.005411,8.923659,0.000873,1.619739,0.01643,-0.898906,-0.382471,7.83025,
EOSS-307,KC0D-14,2021-03-20 08:19:47.115,2021-03-20 08:19:45,78729.0,23996.6,1516.0,2508.0,ascending,True,/141945h3941.44N/10333.97WO097/012/A=078729 11T269P EOSS BALLOON,"KC0D-14>APZEOS,EOSS,WIDE2-1,qAO,N6BA-10:/141945h3941.44N/10333.97WO097/012/A=078729 11T269P EOSS BALLOON",97.0,14.0,22.5,39.6906666667,-103.5661666667,25.84,41.59,33.98,1.1,274.25,2690.0,0.03,6.63e-05,0.03417024,8.889e-05,-5.56e-06,25.26666667,7.70133333,low Re,0.025556,29.263731,0.00294,5.310276,0.053829,-0.752704,0.420145,25.628565,0.007789,8.919585,0.000896,1.618568,0.016407,-0.752673,0.420126,7.811587,
EOSS-307,KC0D-2,2021-03-20 08:19:47.179,2021-03-20 08:19:45,78679.0,23981.36,1504.0,2508.0,ascending,True,/141945h3941.44N/10333.96WO186/010/A=078679 -103T272P EOSS Balloon,"KC0D-2>APZEOS,EOSS,WIDE2-1,qAO,N6BA-10:/141945h3941.44N/10333.96WO186/010/A=078679 -103T272P EOSS Balloon",186.0,12.0,19.3,39.6906666667,-103.566,25.85,41.61,13.46,-10.3,262.85,2720.0,0.03,6.995e-05,0.03604984,0.0001,-5.56e-06,25.06666667,7.64033333,low Re,-0.006667,29.249788,0.002908,5.306934,0.053742,-0.788237,-0.178166,25.646646,-0.002033,8.915335,0.000886,1.617549,0.01638,-0.788231,-0.178205,7.817098,
EOSS-307,AE0SS-12,2021-03-20 08:19:58.459,2021-03-20 08:19:57,78957.0,24066.09,1504.0,2520.0,ascending,True,/141957h3941.43N/10333.91WO067/016EOSS Balloon  www.eoss.org/A=078957!W86!,"AE0SS-12>APTT4,EOSS,qAO,W9CN-9:/141957h3941.43N/10333.91WO067/016EOSS Balloon  www.eoss.org/A=078957!W86!",67.0,18.0,29.0,39.6906333333,-103.5652666667,25.89,41.67,,,,,,,,8e-05,-9.44e-06,25.06666667,7.64033333,low Re,0.0,29.235936,0.002898,5.303577,0.053652,-0.786124,-0.054015,25.550087,0.0,8.911113,0.000883,1.616526,0.016353,-0.786118,-0.053996,7.787668,
EOSS-307,AE0SS-13,2021-03-20 08:20:12.404,2021-03-20 08:20:11,79298.0,24170.03,1470.0,2534.0,ascending,True,/142011h3941.40N/10333.82WO159/034EOSS Baloon/A=079298!W28!,"AE0SS-13>APTT4,EOSS,qAO,KB0TVJ-1:/142011h3941.40N/10333.82WO159/034EOSS Baloon/A=079298!W28!",159.0,39.0,62.8,39.6900333333,-103.5638,25.96,41.77,,,,,,,,9.111e-05,-2.889e-05,24.5,7.46766667,low Re,-0.018889,29.220306,0.002826,5.301774,0.053578,-0.890326,-0.405297,25.444936,-0.005756,8.906349,0.000861,1.615976,0.01633,-0.890287,-0.405205,7.755618,
EOSS-307,KC0D-14,2021-03-20 08:20:17.007,2021-03-20 08:20:15,79487.0,24227.64,1516.0,2538.0,ascending,True,/142015h3941.40N/10333.82WO118/022/A=079487 9T258P EOSS BALLOON,"KC0D-14>APZEOS,EOSS,WIDE2-1,qAO,N6BA-10:/142015h3941.40N/10333.82WO118/022/A=079487 9T258P EOSS BALLOON",118.0,25.0,40.2,39.69,-103.5636666667,25.96,41.78,33.62,0.9,274.05,2580.0,0.03,6.364e-05,0.03279687,8.333e-05,-2.222e-05,25.26666667,7.70133333,low Re,-0.004444,29.194818,0.002891,5.293644,0.053425,-0.742051,-0.137295,25.392993,-0.001356,8.898581,0.000881,1.613498,0.016284,-0.74202,-0.137374,7.739785,
EOSS-307,KC0D-2,2021-03-20 08:20:17.049,2021-03-20 08:20:15,79441.0,24213.62,1524.0,2538.0,ascending,True,/142015h3941.40N/10333.82WO096/036/A=079441 -103T262P EOSS Balloon,"KC0D-2>APZEOS,EOSS,WIDE2-1,qAO,N6BA-10:/142015h3941.40N/10333.82WO096/036/A=079441 -103T262P EOSS Balloon",96.0,41.0,66.0,39.69,-103.5636666667,25.96,41.78,13.46,-10.3,262.85,2620.0,0.03,6.738e-05,0.03472448,7.778e-05,-2.222e-05,25.4,7.742,low Re,0.03,29.207739,0.002915,5.297552,0.053512,-0.718773,0.506148,25.405218,0.009144,8.902519,0.000889,1.614689,0.01631,-0.718726,0.506131,7.743511,
EOSS-307,AE0SS-13,2021-03-20 08:20:42.608,2021-03-20 08:20:41,80059.0,24401.98,1522.0,2564.0,ascending,True,/142041h3941.34N/10333.73WO065/020EOSS Baloon/A=080059!W57!,"AE0SS-13>APTT4,EOSS,qAO,KB0TVJ-1:/142041h3941.34N/10333.73WO065/020EOSS Baloon/A=080059!W57!",65.0,23.0,37.0,39.6890833333,-103.5622833333,26.02,41.88,,,,,,,,5.056e-05,-3.167e-05,25.36666667,7.73166667,low Re,0.003333,29.182308,0.002893,5.289487,0.053337,-0.721363,0.008249,25.263315,0.001011,8.894767,0.000882,1.612231,0.016257,-0.721423,0.007935,7.700261,
EOSS-307,KC0D-14,2021-03-20 08:20:47.056,2021-03-20 08:20:45,80232.0,24454.71,1490.0,2568.0,ascending,True,/142045h3941.33N/10333.73WO048/004/A=080232 11T248P EOSS BALLOON,"KC0D-14>APZEOS,EOSS,WIDE2-1,qAO,N6BA-10:/142045h3941.33N/10333.73WO048/004/A=080232 11T248P EOSS BALLOON",48.0,5.0,8.0,39.6888333333,-103.5621666667,26.02,41.88,33.98,1.1,274.25,2480.0,0.02,6.113e-05,0.03150268,5e-05,-3.889e-05,24.83333333,7.569,low Re,-0.017778,29.168142,0.002825,5.286667,0.053263,-0.819951,-0.386816,25.232201,-0.005422,8.890449,0.000861,1.611372,0.016234,-0.820077,-0.387027,7.690777,
EOSS-307,KC0D-2,2021-03-20 08:20:47.097,2021-03-20 08:20:45,80191.0,24442.22,1500.0,2568.0,ascending,True,/142045h3941.33N/10333.73WO307/012/A=080191 -104T251P EOSS Balloon,"KC0D-2>APZEOS,EOSS,WIDE2-1,qAO,N6BA-10:/142045h3941.33N/10333.73WO307/012/A=080191 -104T251P EOSS Balloon",307.0,14.0,22.5,39.6888333333,-103.5621666667,26.02,41.88,13.28,-10.4,262.75,2510.0,0.02,6.457e-05,0.03327924,5e-05,-3.889e-05,25.0,7.62,low Re,0.005556,29.154609,0.002834,5.283391,0.053176,-0.786353,0.051189,25.239237,0.0017,8.886324,0.000864,1.610373,0.016208,-0.786354,0.051579,7.692921,
EOSS-307,AE0SS-12,2021-03-20 08:20:58.552,2021-03-20 08:20:57,80466.0,24526.04,1509.0,2580.0,ascending,True,/142057h3941.34N/10333.71WO072/020EOSS Balloon  www.eoss.org/A=080466!W85!,"AE0SS-12>APTT4,EOSS,qAO,KB0TVJ-1:/142057h3941.34N/10333.71WO072/020EOSS Balloon  www.eoss.org/A=080466!W85!",72.0,23.0,37.0,39.6891333333,-103.5619166667,26.04,41.91,,,,,,,,5.583e-05,-2.5e-05,25.15,7.66583333,low Re,0.0025,29.141649,0.002833,5.279724,0.053089,-0.756034,-0.006272,25.196042,0.000764,8.882374,0.000864,1.609255,0.016181,-0.755965,-0.00618,7.679755,
EOSS-307,AE0SS-13,2021-03-20 08:21:12.527,2021-03-20 08:21:11,80804.0,24629.06,1490.0,2594.0,ascending,True,/142111h3941.34N/10333.68WO267/015EOSS Baloon/A=080804!W71!,"AE0SS-13>APTT4,EOSS,qAO,KB0TVJ-1:/142111h3941.34N/10333.68WO267/015EOSS Baloon/A=080804!W71!",267.0,17.0,27.4,39.6891166667,-103.56135,26.07,41.96,,,,,,,,3.111e-05,1.11e-06,24.83333333,7.56933333,low Re,-0.010556,29.127751,0.00279,5.276851,0.053009,-0.813822,-0.251769,25.15569,-0.003217,8.878139,0.00085,1.608379,0.016157,-0.813742,-0.251718,7.667456,
EOSS-307,KC0D-2,2021-03-20 08:21:17.102,2021-03-20 08:21:15,80922.0,24665.03,1462.0,2598.0,ascending,True,/142115h3941.36N/10333.66WO125/024/A=080922 -104T242P EOSS Balloon,"KC0D-2>APZEOS,EOSS,WIDE2-1,qAO,N6BA-10:/142115h3941.36N/10333.66WO125/024/A=080922 -104T242P EOSS Balloon",125.0,28.0,45.1,39.6893333333,-103.561,26.09,41.99,13.28,-10.4,262.75,2420.0,0.02,6.226e-05,0.03208596,3.889e-05,1.667e-05,24.36666667,7.427,low Re,-0.015556,29.112442,0.00273,5.275246,0.052933,-0.899631,-0.345456,25.14486,-0.004744,8.873473,0.000832,1.60789,0.016134,-0.899609,-0.345606,7.664155,
EOSS-307,KC0D-14,2021-03-20 08:21:17.059,2021-03-20 08:21:15,80965.0,24678.13,1466.0,2598.0,ascending,True,/142115h3941.36N/10333.66WO105/009/A=080965 9T239P EOSS BALLOON,"KC0D-14>APZEOS,EOSS,WIDE2-1,qAO,N6BA-10:/142115h3941.36N/10333.66WO105/009/A=080965 9T239P EOSS BALLOON",105.0,10.0,16.1,39.6893333333,-103.561,26.09,41.99,33.62,0.9,274.05,2390.0,0.02,5.895e-05,0.03038159,3.889e-05,1.667e-05,24.43333333,7.44733333,low Re,0.002222,29.097445,0.002729,5.273415,0.052848,-0.884458,-0.009594,25.141328,0.000678,8.868902,0.000832,1.607332,0.016108,-0.884428,-0.00956,7.663079,
EOSS-307,AE0SS-12,2021-03-20 08:21:28.798,2021-03-20 08:21:27,81181.0,24743.97,1430.0,2610.0,ascending,True,/142127h3941.35N/10333.63WO345/009EOSS Balloon  www.eoss.org/A=081181!W93!,"AE0SS-12>APTT4,EOSS,qAO,KB0TVJ-1:/142127h3941.35N/10333.63WO345/009EOSS Balloon  www.eoss.org/A=081181!W93!",345.0,10.0,16.1,39.6893166667,-103.56055,26.12,42.03,,,,,,,,4.556e-05,6.11e-06,23.83333333,7.26433333,low Re,-0.02,29.080627,0.002656,5.273359,0.052778,-0.995057,-0.42927,25.126896,-0.0061,8.863775,0.00081,1.607315,0.016087,-0.995102,-0.429539,7.65868,
EOSS-307,AE0SS-13,2021-03-20 08:21:42.521,2021-03-20 08:21:41,81552.0,24857.05,1496.0,2624.0,ascending,True,/142141h3941.36N/10333.56WO078/033EOSS Baloon/A=081552!W95!,"AE0SS-13>APTT4,EOSS,qAO,KB0TVJ-1:/142141h3941.36N/10333.56WO078/033EOSS Baloon/A=081552!W95!",78.0,38.0,61.2,39.6894833333,-103.5594166667,26.18,42.13,,,,,,,,6.444e-05,1.222e-05,24.93333333,7.59966667,low Re,0.036667,29.067419,0.002765,5.270127,0.052729,-0.784438,0.642948,25.114737,0.011178,8.859749,0.000843,1.60633,0.016071,-0.784448,0.643084,7.654974,
EOSS-307,KC0D-2,2021-03-20 08:21:47.060,2021-03-20 08:21:45,81658.0,24889.36,1472.0,2628.0,ascending,True,/142145h3941.37N/10333.56WO042/026/A=081658 -104T233P EOSS Balloon,"KC0D-2>APZEOS,EOSS,WIDE2-1,qAO,N6BA-10:/142145h3941.37N/10333.56WO042/026/A=081658 -104T233P EOSS Balloon",42.0,30.0,48.3,39.6895,-103.5593333333,26.18,42.13,13.28,-10.4,262.75,2330.0,0.02,5.994e-05,0.03089268,5.556e-05,5.56e-06,24.53333333,7.47766667,low Re,-0.006667,29.039355,0.002705,5.265169,0.052566,-0.855817,-0.17829,25.114123,-0.002033,8.851195,0.000824,1.604819,0.016022,-0.855877,-0.178317,7.654787,
EOSS-307,KC0D-14,2021-03-20 08:21:47.018,2021-03-20 08:21:45,81707.0,24904.29,1484.0,2628.0,ascending,True,/142145h3941.37N/10333.56WO073/016/A=081707 11T230P EOSS BALLOON,"KC0D-14>APZEOS,EOSS,WIDE2-1,qAO,N6BA-10:/142145h3941.37N/10333.56WO073/016/A=081707 11T230P EOSS BALLOON",73.0,18.0,29.0,39.6895,-103.5593333333,26.18,42.13,33.98,1.1,274.25,2300.0,0.02,5.669e-05,0.02921619,5.556e-05,5.56e-06,24.73333333,7.53866667,low Re,-0.006667,29.05366,0.002735,5.267392,0.052647,-0.820202,-0.178586,25.11426,-0.002033,8.855556,0.000834,1.605497,0.016047,-0.820238,-0.178663,7.654828,
EOSS-307,AE0SS-12,2021-03-20 08:21:58.652,2021-03-20 08:21:57,81946.0,24977.14,1530.0,2640.0,ascending,True,/142157h3941.36N/10333.48WO120/024EOSS Balloon  www.eoss.org/A=081946!W95!,"AE0SS-12>APTT4,EOSS,qAO,KB0TVJ-1:/142157h3941.36N/10333.48WO120/024EOSS Balloon  www.eoss.org/A=081946!W95!",120.0,28.0,45.1,39.6894833333,-103.5580833333,26.25,42.24,,,,,,,,8.222e-05,5.56e-06,25.5,7.77233333,low Re,0.032222,29.02819,0.002798,5.260589,0.052509,-0.670683,0.560361,25.118673,0.009822,8.847792,0.000853,1.603423,0.016004,-0.670727,0.560422,7.656174,
EOSS-307,AE0SS-13,2021-03-20 08:22:12.494,2021-03-20 08:22:11,82304.0,25086.26,1504.0,2654.0,ascending,True,/142211h3941.36N/10333.42WO007/018EOSS Baloon/A=082304!W79!,"AE0SS-13>APTT4,EOSS,qAO,KB0TVJ-1:/142211h3941.36N/10333.42WO007/018EOSS Baloon/A=082304!W79!",7.0,21.0,33.8,39.68945,-103.55715,26.29,42.32,,,,,,,,7.556e-05,-1.11e-06,25.06666667,7.64033333,low Re,-0.014444,29.015732,0.002744,5.256981,0.052434,-0.751204,-0.327803,25.136553,-0.0044,8.843995,0.000836,1.602324,0.015982,-0.751197,-0.327619,7.661623,
EOSS-307,KC0D-14,2021-03-20 08:22:17.020,2021-03-20 08:22:15,82491.0,25143.26,1568.0,2658.0,ascending,True,/142215h3941.37N/10333.40WO097/013/A=082491 10T221P EOSS BALLOON,"KC0D-14>APZEOS,EOSS,WIDE2-1,qAO,N6BA-10:/142215h3941.37N/10333.40WO097/013/A=082491 10T221P EOSS BALLOON",97.0,15.0,24.1,39.6895,-103.5566666667,26.32,42.36,33.8,1.0,274.15,2210.0,0.02,5.449e-05,0.02808319,8.889e-05,0.0,26.13333333,7.96566667,low Re,0.035556,29.006696,0.002847,5.251189,0.052384,-0.547183,0.624408,25.15104,0.010844,8.841241,0.000868,1.600558,0.015966,-0.547043,0.624828,7.666039,
EOSS-307,KC0D-2,2021-03-20 08:22:17.062,2021-03-20 08:22:15,82447.0,25129.85,1578.0,2658.0,ascending,True,/142215h3941.37N/10333.39WO160/018/A=082447 -105T223P EOSS Balloon,"KC0D-2>APZEOS,EOSS,WIDE2-1,qAO,N6BA-10:/142215h3941.37N/10333.39WO160/018/A=082447 -105T223P EOSS Balloon",160.0,21.0,33.8,39.6895,-103.5565,26.33,42.37,13.1,-10.5,262.65,2230.0,0.02,5.739e-05,0.02957808,9.444e-05,0.0,26.3,8.01633333,low Re,0.005556,28.998238,0.002855,5.245135,0.052302,-0.514427,0.051642,25.147323,0.001689,8.838663,0.00087,1.598712,0.015941,-0.51437,0.051377,7.664906,
EOSS-307,AE0SS-13,2021-03-20 08:22:42.507,2021-03-20 08:22:41,83108.0,25331.32,1608.0,2684.0,ascending,True,/142241h3941.33N/10333.27WO172/057EOSS Baloon/A=083108!W17!,"AE0SS-13>APTT4,EOSS,qAO,KB0TVJ-1:/142241h3941.33N/10333.27WO172/057EOSS Baloon/A=083108!W17!",172.0,66.0,106.2,39.68885,-103.5546166667,26.42,42.51,,,,,,,,8.444e-05,-2e-05,26.8,8.16866667,low Re,0.016667,28.99139,0.002899,5.23837,0.052225,-0.418334,0.263629,25.222095,0.005078,8.836576,0.000884,1.59665,0.015918,-0.418319,0.263475,7.687696,
EOSS-307,KC0D-14,2021-03-20 08:22:46.995,2021-03-20 08:22:45,83281.0,25384.05,1580.0,2688.0,ascending,True,/142245h3941.33N/10333.26WO125/016/A=083281 12T212P EOSS BALLOON,"KC0D-14>APZEOS,EOSS,WIDE2-1,qAO,N6BA-10:/142245h3941.33N/10333.26WO125/016/A=083281 12T212P EOSS BALLOON",125.0,18.0,29.0,39.6888333333,-103.5543333333,26.43,42.54,34.16,1.2,274.35,2120.0,0.02,5.223e-05,0.02691989,7.778e-05,-2.222e-05,26.33333333,8.02633333,low Re,-0.015556,28.983135,0.002841,5.232301,0.052154,-0.506431,-0.352744,25.247969,-0.004744,8.83406,0.000866,1.594801,0.015896,-0.506475,-0.352919,7.695582,
EOSS-307,KC0D-2,2021-03-20 08:22:47.145,2021-03-20 08:22:45,83224.0,25366.68,1554.0,2688.0,ascending,True,/142245h3941.34N/10333.26WO094/031/A=083224 -105T214P EOSS Balloon,"KC0D-2>APZEOS,EOSS,WIDE2-1,qAO,N6BA-10:/142245h3941.34N/10333.26WO094/031/A=083224 -105T214P EOSS Balloon",94.0,36.0,57.9,39.689,-103.5543333333,26.43,42.54,13.1,-10.5,262.65,2140.0,0.02,5.507e-05,0.02838434,7.222e-05,-1.667e-05,25.9,7.89433333,low Re,-0.014444,28.97359,0.002787,5.226986,0.052081,-0.588023,-0.33085,25.239173,-0.0044,8.831151,0.00085,1.593181,0.015874,-0.588017,-0.330729,7.692902,
EOSS-307,AE0SS-12,2021-03-20 08:22:58.519,2021-03-20 08:22:57,83524.0,25458.12,1578.0,2700.0,ascending,True,/142257h3941.29N/10333.21WO163/012EOSS Balloon  www.eoss.org/A=083524!W36!,"AE0SS-12>APTT4,EOSS,qAO,KB0TVJ-1:/142257h3941.29N/10333.21WO163/012EOSS Balloon  www.eoss.org/A=083524!W36!",163.0,14.0,22.5,39.6882166667,-103.5536,26.46,42.58,,,,,,,,7.472e-05,-2.111e-05,26.3,8.01633333,low Re,0.006667,28.965338,0.002799,5.221002,0.052001,-0.510503,0.074383,25.288333,0.002033,8.828636,0.000853,1.591357,0.01585,-0.510447,0.074448,7.707886,
EOSS-307,AE0SS-13,2021-03-20 08:23:12.715,2021-03-20 08:23:11,83908.0,25575.16,1600.0,2714.0,ascending,True,/142311h3941.28N/10333.15WO068/041EOSS Baloon/A=083908!W47!,"AE0SS-13>APTT4,EOSS,qAO,N6BA-10:/142311h3941.28N/10333.15WO068/041EOSS Baloon/A=083908!W47!",68.0,47.0,75.6,39.6880666667,-103.5526166667,26.51,42.66,,,,,,,,6.667e-05,-2.611e-05,26.66666667,8.128,low Re,0.012222,28.958265,0.002829,5.214498,0.051923,-0.439467,0.180902,25.360945,0.003722,8.82648,0.000862,1.589374,0.015826,-0.439469,0.180715,7.730017,
EOSS-307,KC0D-14,2021-03-20 08:23:17.133,2021-03-20 08:23:15,84068.0,25623.93,1574.0,2718.0,ascending,True,/142315h3941.27N/10333.15WO119/007/A=084068 11T203P EOSS BALLOON,"KC0D-14>APZEOS,EOSS,WIDE2-1,qAO,N6BA-10:/142315h3941.27N/10333.15WO119/007/A=084068 11T203P EOSS BALLOON",119.0,8.0,12.9,39.6878333333,-103.5525,26.51,42.67,33.98,1.1,274.25,2030.0,0.02,5.003e-05,0.02578647,6.111e-05,-3.333e-05,26.23333333,7.996,low Re,0.0,28.941599,0.002767,5.20283,0.051772,-0.520537,-0.053446,25.394113,1.1e-05,8.8214,0.000843,1.585818,0.01578,-0.520488,-0.052725,7.740127,
EOSS-307,KC0D-2,2021-03-20 08:23:17.175,2021-03-20 08:23:15,84011.0,25606.55,1574.0,2718.0,ascending,True,/142315h3941.27N/10333.16WO287/012/A=084011 -105T205P EOSS Balloon,"KC0D-2>APZEOS,EOSS,WIDE2-1,qAO,W9CN-9:/142315h3941.27N/10333.16WO287/012/A=084011 -105T205P EOSS Balloon",287.0,14.0,22.5,39.6878333333,-103.5526666667,26.5,42.65,13.1,-10.5,262.65,2050.0,0.02,5.276e-05,0.02719061,5.556e-05,-3.889e-05,26.23333333,7.99566667,low Re,-0.014444,28.949906,0.002775,5.208656,0.051852,-0.52155,-0.33208,25.382112,-0.004411,8.823931,0.000846,1.587594,0.015804,-0.52171,-0.332637,7.736468,
EOSS-307,AE0SS-12,2021-03-20 08:23:28.983,2021-03-20 08:23:27,84404.0,25726.34,1760.0,2730.0,ascending,True,/142327h3941.25N/10333.11WO127/027EOSS Balloon  www.eoss.org/A=084404!W19!,"AE0SS-12>APTT4,EOSS,qAO,KB0TVJ-1:/142327h3941.25N/10333.11WO127/027EOSS Balloon  www.eoss.org/A=084404!W19!",127.0,31.0,49.9,39.6875166667,-103.5519833333,26.53,42.7,,,,,,,,5.389e-05,-2.333e-05,29.33333333,8.94066667,low Re,0.103333,28.942793,0.003074,5.194914,0.051991,0.075177,1.928391,25.46873,0.031489,8.821763,0.000937,1.583405,0.015847,0.075094,1.927936,7.762869,
EOSS-307,AE0SS-13,2021-03-20 08:23:42.413,2021-03-20 08:23:41,84827.0,25855.27,1838.0,2744.0,ascending,True,/142341h3941.20N/10333.10WO276/031EOSS Baloon/A=084827!W92!,"AE0SS-13>APTT4,EOSS,qAO,KB0TVJ-1:/142341h3941.20N/10333.10WO276/031EOSS Baloon/A=084827!W92!",276.0,36.0,57.9,39.6868166667,-103.5517,26.54,42.71,,,,,,,,3.056e-05,-4.167e-05,30.63333333,9.337,low Re,0.043333,28.947931,0.003197,5.187826,0.051959,0.324876,0.772455,25.570941,0.013211,8.823329,0.000974,1.581245,0.015837,0.324852,0.772684,7.794022,
EOSS-307,KC0D-14,2021-03-20 08:23:47.090,2021-03-20 08:23:45,84965.0,25897.33,1794.0,2748.0,ascending,True,/142345h3941.19N/10333.08WO172/021/A=084965 14T193P EOSS BALLOON,"KC0D-14>APZEOS,EOSS,WIDE2-1,qAO,N6BA-10:/142345h3941.19N/10333.08WO172/021/A=084965 14T193P EOSS BALLOON",172.0,24.0,38.6,39.6865,-103.5513333333,26.55,42.74,34.52,1.4,274.55,1930.0,0.02,4.752e-05,0.02448941,3.889e-05,-4.444e-05,29.9,9.11333333,low Re,-0.024444,28.950816,0.003113,5.180201,0.051902,0.183233,-0.530943,25.605972,-0.007456,8.824208,0.000949,1.578921,0.01582,0.183116,-0.53129,7.804699,
EOSS-307,KC0D-2,2021-03-20 08:23:47.132,2021-03-20 08:23:45,84915.0,25882.09,1808.0,2748.0,ascending,True,/142345h3941.18N/10333.07WO169/029/A=084915 -105T196P EOSS Balloon,"KC0D-2>APZEOS,EOSS,WIDE2-1,qAO,N6BA-10:/142345h3941.18N/10333.07WO169/029/A=084915 -105T196P EOSS Balloon",169.0,33.0,53.1,39.6863333333,-103.5511666667,26.56,42.75,13.1,-10.5,262.65,1960.0,0.02,5.044e-05,0.02599687,5e-05,-5e-05,30.13333333,9.18466667,low Re,0.007778,28.954389,0.003127,5.172755,0.051824,0.227914,0.089746,25.593194,0.002378,8.825297,0.000953,1.576651,0.015796,0.227932,0.090213,7.800804,
EOSS-307,AE0SS-12,2021-03-20 08:23:58.460,2021-03-20 08:23:57,85214.0,25973.23,1620.0,2760.0,ascending,True,/142357h3941.14N/10333.09WO299/007EOSS Balloon  www.eoss.org/A=085214!W50!,"AE0SS-12>APTT4,EOSS,qAO,W9CN-9:/142357h3941.14N/10333.09WO299/007EOSS Balloon  www.eoss.org/A=085214!W50!",299.0,8.0,12.9,39.68575,-103.5515,26.54,42.7,,,,,,,,1.611e-05,-5.889e-05,27.0,8.22966667,low Re,-0.104444,28.948502,0.002802,5.166049,0.052082,-0.377175,-2.059176,25.670921,-0.031833,8.823503,0.000854,1.574607,0.015874,-0.377133,-2.059153,7.824496,
EOSS-307,AE0SS-13,2021-03-20 08:24:12.507,2021-03-20 08:24:11,85591.0,26088.14,1528.0,2774.0,ascending,True,/142411h3941.12N/10333.06WO128/044EOSS Baloon/A=085591!W69!,"AE0SS-13>APTT4,EOSS,qAO,KB0TVJ-1:/142411h3941.12N/10333.06WO128/044EOSS Baloon/A=085591!W69!",128.0,51.0,82.1,39.6854333333,-103.55115,26.55,42.73,,,,,,,,1.833e-05,-4.611e-05,25.46666667,7.76233333,low Re,-0.051111,28.938046,0.00264,5.16179,0.052087,-0.672515,-1.031947,25.77269,-0.015578,8.820316,0.000805,1.573309,0.015876,-0.672457,-1.031935,7.855515,
EOSS-307,KC0D-2,2021-03-20 08:24:17.049,2021-03-20 08:24:15,85692.0,26118.92,1554.0,2778.0,ascending,True,/142415h3941.13N/10333.09WO033/019/A=085692 -105T187P EOSS Balloon,"KC0D-2>APZEOS,EOSS,WIDE2-1,qAO,N6BA-10:/142415h3941.13N/10333.09WO033/019/A=085692 -105T187P EOSS Balloon",33.0,22.0,35.4,39.6855,-103.5515,26.53,42.7,13.1,-10.5,262.65,1870.0,0.02,4.813e-05,0.02480314,-1.111e-05,-2.778e-05,25.9,7.89433333,low Re,0.014444,28.92895,0.002675,5.156714,0.052013,-0.58738,0.22627,25.800493,0.0044,8.817544,0.000815,1.571762,0.015853,-0.587373,0.22614,7.863988,
EOSS-307,KC0D-14,2021-03-20 08:24:17.008,2021-03-20 08:24:15,85739.0,26133.25,1548.0,2778.0,ascending,True,/142415h3941.13N/10333.08WO085/003/A=085739 13T186P EOSS BALLOON,"KC0D-14>APZEOS,EOSS,WIDE2-1,qAO,N6BA-10:/142415h3941.13N/10333.08WO085/003/A=085739 13T186P EOSS BALLOON",85.0,3.0,4.8,39.6855,-103.5513333333,26.54,42.71,34.34,1.3,274.45,1860.0,0.02,4.581e-05,0.02360979,0.0,-3.333e-05,25.8,7.864,low Re,-0.003333,28.91961,0.002657,5.151826,0.051936,-0.605535,-0.115334,25.813491,-0.001011,8.814697,0.00081,1.570271,0.01583,-0.605435,-0.115035,7.867951,
EOSS-307,AE0SS-12,2021-03-20 08:24:28.610,2021-03-20 08:24:27,85969.0,26203.35,1510.0,2790.0,ascending,True,/142427h3941.11N/10333.05WO188/018EOSS Balloon  www.eoss.org/A=085969!W96!,"AE0SS-12>APTT4,EOSS,qAO,KB0TVJ-1:/142427h3941.11N/10333.05WO188/018EOSS Balloon  www.eoss.org/A=085969!W96!",188.0,21.0,33.8,39.6853166667,-103.5509333333,26.56,42.74,,,,,,,,1.889e-05,-1.444e-05,25.16666667,7.67066667,low Re,-0.021111,28.908441,0.002586,5.148204,0.051874,-0.726812,-0.456818,25.877543,-0.006444,8.811293,0.000788,1.569168,0.015811,-0.726899,-0.457403,7.887472,
EOSS-307,KC0D-2,2021-03-20 08:24:47.216,2021-03-20 08:24:45,86414.0,26338.99,1444.0,2808.0,ascending,True,/142445h3941.11N/10333.02WO177/006/A=086414 -105T181P EOSS Balloon,"KC0D-2>APZEOS,EOSS,WIDE2-1,qAO,N6BA-10:/142445h3941.11N/10333.02WO177/006/A=086414 -105T181P EOSS Balloon",177.0,7.0,11.3,39.6851666667,-103.5503333333,26.59,42.79,13.1,-10.5,262.65,1810.0,0.02,4.658e-05,0.02400732,3.889e-05,-1.111e-05,24.06666667,7.33566667,low Re,-0.01,28.880679,0.002462,5.145552,0.051749,-0.935568,-0.240816,26.002542,-0.003044,8.802831,0.000751,1.568359,0.015773,-0.935477,-0.240601,7.925572,
EOSS-307,KC0D-14,2021-03-20 08:24:47.175,2021-03-20 08:24:45,86470.0,26356.06,1462.0,2808.0,ascending,True,/142445h3941.11N/10333.02WO117/013/A=086470 15T178P EOSS BALLOON,"KC0D-14>APZEOS,EOSS,WIDE2-1,qAO,N6BA-10:/142445h3941.11N/10333.02WO117/013/A=086470 15T178P EOSS BALLOON",117.0,15.0,24.1,39.6851666667,-103.5503333333,26.59,42.79,34.7,1.5,274.65,1780.0,0.02,4.381e-05,0.02257786,3.333e-05,-1.111e-05,24.36666667,7.427,low Re,-0.026667,28.894964,0.002499,5.146487,0.051821,-0.879881,-0.562822,26.018277,-0.008122,8.807185,0.000762,1.568644,0.015795,-0.879859,-0.562456,7.930368,
EOSS-307,AE0SS-12,2021-03-20 08:24:58.466,2021-03-20 08:24:57,86697.0,26425.25,1456.0,2820.0,ascending,True,/142457h3941.09N/10332.96WO086/025EOSS Balloon  www.eoss.org/A=086697!W91!,"AE0SS-12>APTT4,EOSS,qAO,KB0TVJ-1:/142457h3941.09N/10332.96WO086/025EOSS Balloon  www.eoss.org/A=086697!W91!",86.0,29.0,46.7,39.6849833333,-103.54935,26.64,42.87,,,,,,,,5.278e-05,-1.111e-05,24.26666667,7.39666667,low Re,0.006667,28.867068,0.002475,5.144042,0.051672,-0.894316,0.081127,26.081856,0.002033,8.798683,0.000754,1.567898,0.015749,-0.894201,0.081212,7.949747,
EOSS-307,AE0SS-13,2021-03-20 08:25:12.479,2021-03-20 08:25:11,87032.0,26527.35,1441.0,2834.0,ascending,True,/142511h3941.08N/10332.88WO177/011EOSS Baloon/A=087032!W46!,"AE0SS-13>APTT4,EOSS,qAO,KB0TVJ-1:/142511h3941.08N/10332.88WO177/011EOSS Baloon/A=087032!W46!",177.0,13.0,20.9,39.6847333333,-103.5481,26.7,42.97,,,,,,,,5.083e-05,-1.167e-05,24.01666667,7.32016667,low Re,-0.004167,28.852802,0.002455,5.143181,0.051597,-0.9403,-0.128341,26.174562,-0.001275,8.794335,0.000748,1.567636,0.015727,-0.940377,-0.128632,7.978001,
EOSS-307,KC0D-14,2021-03-20 08:25:17.068,2021-03-20 08:25:15,87197.0,26577.65,1454.0,2838.0,ascending,True,/142515h3941.10N/10332.86WO075/018/A=087197 15T171P EOSS BALLOON,"KC0D-14>APZEOS,EOSS,WIDE2-1,qAO,N6BA-10:/142515h3941.10N/10332.86WO075/018/A=087197 15T171P EOSS BALLOON",75.0,21.0,33.8,39.685,-103.5476666667,26.72,43.01,34.7,1.5,274.65,1710.0,0.02,4.209e-05,0.02168997,8.889e-05,-5.56e-06,24.23333333,7.38633333,low Re,0.007222,28.839255,0.002469,5.141701,0.051521,-0.895797,0.092254,26.219463,0.002206,8.790206,0.000753,1.567185,0.015704,-0.895793,0.092524,7.991689,
EOSS-307,KC0D-2,2021-03-20 08:25:17.109,2021-03-20 08:25:15,87140.0,26560.27,1452.0,2838.0,ascending,True,/142515h3941.11N/10332.86WO088/031/A=087140 -105T174P EOSS Balloon,"KC0D-2>APZEOS,EOSS,WIDE2-1,qAO,N6BA-10:/142515h3941.11N/10332.86WO088/031/A=087140 -105T174P EOSS Balloon",88.0,36.0,57.9,39.6851666667,-103.5476666667,26.73,43.01,13.1,-10.5,262.65,1740.0,0.02,4.478e-05,0.02307886,8.889e-05,0.0,24.2,7.376,low Re,-0.001111,28.82569,0.002459,5.140281,0.051446,-0.89989,-0.069393,26.20402,-0.000344,8.786071,0.000749,1.566753,0.015681,-0.899996,-0.069702,7.98698,
EOSS-307,AE0SS-12,2021-03-20 08:25:28.811,2021-03-20 08:25:27,87409.0,26642.26,1424.0,2850.0,ascending,True,/142527h3941.11N/10332.78WO090/008EOSS Balloon  www.eoss.org/A=087409!W50!,"AE0SS-12>APTT4,EOSS,qAO,KB0TVJ-1:/142527h3941.11N/10332.78WO090/008EOSS Balloon  www.eoss.org/A=087409!W50!",90.0,9.0,14.5,39.68525,-103.5463333333,26.8,43.13,,,,,,,,0.00010056,8.89e-06,23.73333333,7.23366667,low Re,-0.015556,28.810844,0.002406,5.14012,0.05138,-0.987819,-0.349591,26.27617,-0.004744,8.781545,0.000733,1.566704,0.01566,-0.987984,-0.349745,8.008971,
EOSS-307,AE0SS-13,2021-03-20 08:25:42.562,2021-03-20 08:25:41,87744.0,26744.37,1424.0,2864.0,ascending,True,/142541h3941.12N/10332.65WO077/041EOSS Baloon/A=087744!W74!,"AE0SS-13>APTT4,EOSS,qAO,KB0TVJ-1:/142541h3941.12N/10332.65WO077/041EOSS Baloon/A=087744!W74!",77.0,47.0,75.6,39.68545,-103.5442333333,26.91,43.31,,,,,,,,0.00012889,2.389e-05,23.73333333,7.234,low Re,0.0,28.796084,0.002399,5.139918,0.051305,-0.984987,-0.04676,26.362971,1.1e-05,8.777046,0.000731,1.566642,0.015637,-0.984938,-0.046045,8.035428,
EOSS-307,KC0D-2,2021-03-20 08:25:47.044,2021-03-20 08:25:45,87860.0,26779.73,1440.0,2868.0,ascending,True,/142545h3941.11N/10332.63WO092/013/A=087860 -104T167P EOSS Balloon,"KC0D-2>APZEOS,EOSS,WIDE2-1,qAO,N6BA-9:/142545h3941.11N/10332.63WO092/013/A=087860 -104T167P EOSS Balloon",92.0,15.0,24.1,39.6851666667,-103.5438333333,26.93,43.33,13.28,-10.4,262.75,1670.0,0.02,4.296e-05,0.02214197,0.00012778,0.0,24.0,7.31533333,low Re,0.008889,28.782182,0.002418,5.138933,0.051231,-0.930579,0.12631,26.392083,0.002711,8.772809,0.000737,1.566342,0.015615,-0.930496,0.126417,8.044302,
EOSS-307,KC0D-14,2021-03-20 08:25:47.002,2021-03-20 08:25:45,87918.0,26797.41,1442.0,2868.0,ascending,True,/142545h3941.11N/10332.63WO107/028/A=087918 18T165P EOSS BALLOON,"KC0D-14>APZEOS,EOSS,WIDE2-1,qAO,N6BA-10:/142545h3941.11N/10332.63WO107/028/A=087918 18T165P EOSS BALLOON",107.0,32.0,51.5,39.6851666667,-103.5438333333,26.93,43.33,35.24,1.8,274.95,1650.0,0.02,4.056e-05,0.02090608,0.00012778,5.56e-06,24.03333333,7.32533333,low Re,0.001111,28.768457,0.002414,5.137826,0.051157,-0.92162,-0.025471,26.406437,0.000333,8.768626,0.000736,1.566005,0.015592,-0.92164,-0.025847,8.048677,
EOSS-307,AE0SS-12,2021-03-20 08:25:58.700,2021-03-20 08:25:57,88203.0,26884.27,1588.0,2880.0,ascending,True,/142557h3941.07N/10332.52WO115/038EOSS Balloon  www.eoss.org/A=088203!W83!,"AE0SS-12>APTT4,EOSS,qAO,KB0TVJ-1:/142557h3941.07N/10332.52WO115/038EOSS Balloon  www.eoss.org/A=088203!W83!",115.0,44.0,70.8,39.6846333333,-103.54205,27.01,43.47,,,,,,,,0.00014278,-2.056e-05,26.46666667,8.067,low Re,0.081111,28.761824,0.002641,5.131884,0.051257,-0.447235,1.530913,26.474835,0.024722,8.766604,0.000805,1.564194,0.015623,-0.447262,1.530884,8.069523,
EOSS-307,AE0SS-13,2021-03-20 08:26:13.099,2021-03-20 08:26:11,88666.0,27025.4,1844.0,2894.0,ascending,True,/142611h3941.01N/10332.46WO226/017EOSS Baloon/A=088666!W97!,"AE0SS-13>APTT4,EOSS,qAO,KB0TVJ-1:/142611h3941.01N/10332.46WO226/017EOSS Baloon/A=088666!W97!",226.0,20.0,32.2,39.68365,-103.5411166667,27.05,43.53,,,,,,,,0.00010389,-6e-05,30.73333333,9.36766667,low Re,0.142222,28.767489,0.003044,5.125574,0.051729,0.383536,2.690522,26.57737,0.043356,8.768331,0.000928,1.56227,0.015767,0.383631,2.690937,8.100777,
EOSS-307,KC0D-14,2021-03-20 08:26:16.957,2021-03-20 08:26:15,88816.0,27071.12,1796.0,2898.0,ascending,True,/142615h3941.00N/10332.43WO133/020/A=088816 17T156P EOSS BALLOON,"KC0D-14>APZEOS,EOSS,WIDE2-1,qAO,N6BA-9:/142615h3941.00N/10332.43WO133/020/A=088816 17T156P EOSS BALLOON",133.0,23.0,37.0,39.6833333333,-103.5405,27.08,43.58,35.06,1.7,274.85,1560.0,0.02,3.837e-05,0.01977294,0.00011111,-6.111e-05,29.93333333,9.12366667,low Re,-0.026667,28.770829,0.002958,5.118585,0.051679,0.227114,-0.57325,26.608024,-0.008133,8.769349,0.000902,1.56014,0.015752,0.227106,-0.573578,8.11012,
EOSS-307,KC0D-2,2021-03-20 08:26:16.998,2021-03-20 08:26:15,88782.0,27060.75,1844.0,2898.0,ascending,True,/142615h3941.00N/10332.42WO160/029/A=088782 -104T159P EOSS Balloon,"KC0D-2>APZEOS,EOSS,WIDE2-1,qAO,N6BA-9:/142615h3941.00N/10332.42WO160/029/A=088782 -104T159P EOSS Balloon",160.0,33.0,53.1,39.6833333333,-103.5403333333,27.09,43.59,13.28,-10.4,262.75,1590.0,0.02,4.09e-05,0.02108127,0.00011667,-6.111e-05,30.73333333,9.36733333,low Re,0.026667,28.776437,0.003026,5.112323,0.05162,0.38278,0.457981,26.601193,0.008122,8.771058,0.000922,1.558231,0.015734,0.382662,0.457608,8.108036,
EOSS-307,AE0SS-12,2021-03-20 08:26:29.028,2021-03-20 08:26:27,89040.0,27139.39,1674.0,2910.0,ascending,True,/142627h3940.95N/10332.39WO117/009EOSS Balloon  www.eoss.org/A=089040!W93!,"AE0SS-12>APTT4,EOSS,qAO,W9CN-9:/142627h3940.95N/10332.39WO117/009EOSS Balloon  www.eoss.org/A=089040!W93!",117.0,10.0,16.1,39.68265,-103.5398833333,27.1,43.61,,,,,,,,7.222e-05,-6.611e-05,27.9,8.504,low Re,-0.094444,28.77394,0.002748,5.105228,0.051809,-0.171185,-1.875967,26.65124,-0.028778,8.770297,0.000838,1.556069,0.015791,-0.171134,-1.875499,8.123291,
EOSS-307,AE0SS-13,2021-03-20 08:26:42.482,2021-03-20 08:26:41,89408.0,27251.56,1484.0,2924.0,ascending,True,/142641h3940.91N/10332.35WO164/040EOSS Baloon/A=089408!W13!,"AE0SS-13>APTT4,EOSS,qAO,KB0TVJ-1:/142641h3940.91N/10332.35WO164/040EOSS Baloon/A=089408!W13!",164.0,46.0,74.0,39.68185,-103.5392166667,27.12,43.65,,,,,,,,6.333e-05,-6e-05,24.73333333,7.53866667,low Re,-0.105556,28.762461,0.002439,5.102498,0.052057,-0.789638,-2.074553,26.715112,-0.032178,8.766798,0.000743,1.555237,0.015867,-0.789675,-2.074809,8.14276,
EOSS-307,KC0D-14,2021-03-20 08:26:47.055,2021-03-20 08:26:45,89577.0,27303.07,1522.0,2928.0,ascending,True,/142645h3940.91N/10332.35WO117/012/A=089577 20T150P EOSS BALLOON,"KC0D-14>APZEOS,EOSS,WIDE2-1,qAO,N6BA-10:/142645h3940.91N/10332.35WO117/012/A=089577 20T150P EOSS BALLOON",117.0,14.0,22.5,39.6818333333,-103.5391666667,27.13,43.66,35.6,2.0,275.15,1500.0,0.01,3.685e-05,0.01899172,4.444e-05,-5e-05,25.36666667,7.73166667,low Re,0.021111,28.752841,0.002492,5.09845,0.051992,-0.664158,0.358113,26.741294,0.006433,8.763865,0.00076,1.554003,0.015847,-0.664219,0.357986,8.15074,
EOSS-307,KC0D-2,2021-03-20 08:26:47.093,2021-03-20 08:26:45,89529.0,27288.44,1494.0,2928.0,ascending,True,/142645h3940.92N/10332.35WO087/019/A=089529 -104T153P EOSS Balloon,"KC0D-2>APZEOS,EOSS,WIDE2-1,qAO,N6BA-10:/142645h3940.92N/10332.35WO087/019/A=089529 -104T153P EOSS Balloon",87.0,22.0,35.4,39.682,-103.5391666667,27.13,43.66,13.28,-10.4,262.75,1530.0,0.02,3.936e-05,0.02028575,3.889e-05,-4.444e-05,24.9,7.58966667,low Re,-0.015556,28.741957,0.002441,5.095339,0.051927,-0.754014,-0.346583,26.734066,-0.004733,8.760548,0.000744,1.553055,0.015827,-0.753921,-0.346054,8.148537,
EOSS-307,AE0SS-12,2021-03-20 08:26:58.900,2021-03-20 08:26:57,89828.0,27379.57,1576.0,2940.0,ascending,True,/142657h3940.89N/10332.29WO167/012EOSS Balloon  www.eoss.org/A=089828!W19!,"AE0SS-12>APTT4,EOSS,qAO,KB0TVJ-1:/142657h3940.89N/10332.29WO167/012EOSS Balloon  www.eoss.org/A=089828!W19!",167.0,14.0,22.5,39.6815166667,-103.5383166667,27.17,43.72,,,,,,,,5.222e-05,-3.778e-05,26.26666667,8.006,low Re,0.045556,28.734984,0.002563,5.089833,0.051904,-0.484951,0.828318,26.776323,0.013878,8.758423,0.000781,1.551376,0.01582,-0.485004,0.827876,8.161416,
EOSS-307,AE0SS-13,2021-03-20 08:27:12.471,2021-03-20 08:27:11,90195.0,27491.44,1574.0,2954.0,ascending,True,/142711h3940.89N/10332.23WO059/034EOSS Baloon/A=090195!W34!,"AE0SS-13>APTT4,EOSS,qAO,KB0TVJ-1:/142711h3940.89N/10332.23WO059/034EOSS Baloon/A=090195!W34!",59.0,39.0,62.8,39.68155,-103.5372333333,27.22,43.81,,,,,,,,6.611e-05,-1e-05,26.23333333,7.996,low Re,-0.001111,28.727957,0.002553,5.084388,0.051831,-0.490644,-0.070691,26.818885,-0.000333,8.756281,0.000778,1.549717,0.015798,-0.490593,-0.070325,8.17439,
EOSS-307,KC0D-2,2021-03-20 08:27:17.155,2021-03-20 08:27:15,90303.0,27524.35,1548.0,2958.0,ascending,True,/142715h3940.87N/10332.21WO152/001/A=090303 -103T147P EOSS Balloon,"KC0D-2>APZEOS,EOSS,WIDE2-1,qAO,N6BA-9:/142715h3940.87N/10332.21WO152/001/A=090303 -103T147P EOSS Balloon",152.0,1.0,1.6,39.6811666667,-103.5368333333,27.24,43.84,13.46,-10.3,262.85,1470.0,0.01,3.78e-05,0.01948282,7.778e-05,-2.778e-05,25.8,7.86366667,low Re,0.0,28.7116,0.002498,5.074834,0.051693,-0.573733,-0.048324,26.829388,0.0,8.751295,0.000761,1.546805,0.015756,-0.573846,-0.048299,8.17759,
EOSS-307,KC0D-14,2021-03-20 08:27:17.113,2021-03-20 08:27:15,90351.0,27538.98,1548.0,2958.0,ascending,True,/142715h3940.88N/10332.21WO091/017/A=090351 19T144P EOSS BALLOON,"KC0D-14>APZEOS,EOSS,WIDE2-1,qAO,N6BA-10:/142715h3940.88N/10332.21WO091/017/A=090351 19T144P EOSS BALLOON",91.0,20.0,32.2,39.6813333333,-103.5368333333,27.24,43.84,35.42,1.9,275.05,1440.0,0.01,3.539e-05,0.01823868,7.778e-05,-1.667e-05,25.8,7.86366667,low Re,-0.014444,28.719756,0.002505,5.079607,0.051766,-0.5748,-0.327416,26.833755,-0.004411,8.753781,0.000763,1.54826,0.015778,-0.574913,-0.327925,8.178922,
EOSS-307,AE0SS-12,2021-03-20 08:27:28.587,2021-03-20 08:27:27,90605.0,27616.4,1554.0,2970.0,ascending,True,/142727h3940.88N/10332.14WO082/023EOSS Balloon  www.eoss.org/A=090605!W03!,"AE0SS-12>APTT4,EOSS,qAO,KB0TVJ-1:/142727h3940.88N/10332.14WO082/023EOSS Balloon  www.eoss.org/A=090605!W03!",82.0,26.0,41.8,39.6813333333,-103.5357166667,27.3,43.94,,,,,,,,8.667e-05,-6.11e-06,25.9,7.89433333,low Re,0.003333,28.703768,0.0025,5.069913,0.051621,-0.553021,0.016137,26.853744,0.001022,8.748908,0.000762,1.545305,0.015734,-0.553014,0.016525,8.185014,
EOSS-307,AE0SS-13,2021-03-20 08:27:42.512,2021-03-20 08:27:41,90960.0,27724.61,1530.0,2984.0,ascending,True,/142741h3940.88N/10332.06WO253/012EOSS Baloon/A=090960!W37!,"AE0SS-13>APTT4,EOSS,qAO,KB0TVJ-1:/142741h3940.88N/10332.06WO253/012EOSS Baloon/A=090960!W37!",253.0,14.0,22.5,39.6813833333,-103.53445,27.37,44.04,,,,,,,,9.278e-05,-5.56e-06,25.5,7.77233333,low Re,-0.013333,28.694869,0.002456,5.065662,0.051555,-0.630691,-0.306255,26.872749,-0.004067,8.746195,0.000749,1.54401,0.015714,-0.630735,-0.306478,8.190808,
EOSS-307,KC0D-2,2021-03-20 08:27:47.016,2021-03-20 08:27:45,91095.0,27765.76,1584.0,2988.0,ascending,True,/142745h3940.90N/10332.04WO099/037/A=091095 -103T140P EOSS Balloon,"KC0D-2>APZEOS,EOSS,WIDE2-1,qAO,N6BA-9:/142745h3940.90N/10332.04WO099/037/A=091095 -103T140P EOSS Balloon",99.0,43.0,69.2,39.6816666667,-103.534,27.39,44.09,13.46,-10.3,262.85,1400.0,0.01,3.6e-05,0.01855507,9.444e-05,1.667e-05,26.4,8.047,low Re,-0.007778,28.682835,0.002526,5.054205,0.051448,-0.45167,-0.20028,26.87721,-0.002367,8.742528,0.00077,1.540517,0.015681,-0.45149,-0.200051,8.192168,
EOSS-307,KC0D-14,2021-03-20 08:27:46.974,2021-03-20 08:27:45,91150.0,27782.52,1598.0,2988.0,ascending,True,/142745h3940.89N/10332.04WO090/022/A=091150 22T138P EOSS BALLOON,"KC0D-14>APZEOS,EOSS,WIDE2-1,qAO,N6BA-9:/142745h3940.89N/10332.04WO090/022/A=091150 22T138P EOSS BALLOON",90.0,25.0,40.2,39.6815,-103.534,27.39,44.08,35.96,2.2,275.35,1380.0,0.01,3.388e-05,0.01745969,9.444e-05,5.56e-06,26.63333333,8.118,low Re,0.037778,28.689158,0.002554,5.059785,0.051517,-0.406307,0.683735,26.878588,0.011522,8.744455,0.000779,1.542218,0.015702,-0.406204,0.68418,8.192588,
EOSS-307,AE0SS-12,2021-03-20 08:27:58.588,2021-03-20 08:27:57,91396.0,27857.5,1582.0,3000.0,ascending,True,/142757h3940.90N/10331.94WO066/005EOSS Balloon  www.eoss.org/A=091396!W65!,"AE0SS-12>APTT4,EOSS,qAO,KB0TVJ-1:/142757h3940.90N/10331.94WO066/005EOSS Balloon  www.eoss.org/A=091396!W65!",66.0,6.0,9.7,39.6817666667,-103.5324166667,27.48,44.22,,,,,,,,0.00011,1.444e-05,26.36666667,8.03666667,low Re,-0.001111,28.676454,0.002516,5.048683,0.051377,-0.457503,-0.070596,26.881636,-0.000344,8.740584,0.000767,1.538834,0.01566,-0.457436,-0.070945,8.193517,
EOSS-307,AE0SS-13,2021-03-20 08:28:12.494,2021-03-20 08:28:11,91783.0,27975.46,1646.0,3014.0,ascending,True,/142811h3940.94N/10331.86WO037/044EOSS Baloon/A=091783!W61!,"AE0SS-13>APTT4,EOSS,qAO,KB0TVJ-1:/142811h3940.94N/10331.86WO037/044EOSS Baloon/A=091783!W61!",37.0,51.0,82.1,39.6824333333,-103.5310166667,27.56,44.35,,,,,,,,0.00011444,3.5e-05,27.43333333,8.36166667,low Re,0.035556,28.673039,0.002607,5.042145,0.051336,-0.245869,0.64183,26.876149,0.010833,8.739543,0.000794,1.536841,0.015647,-0.245879,0.641593,8.191845,
EOSS-307,KC0D-2,2021-03-20 08:28:17.138,2021-03-20 08:28:15,91898.0,28010.51,1606.0,3018.0,ascending,True,/142815h3940.94N/10331.81WO084/020/A=091898 -102T134P EOSS Balloon,"KC0D-2>APZEOS,EOSS,WIDE2-1,qAO,N6BA-9:/142815h3940.94N/10331.81WO084/020/A=091898 -102T134P EOSS Balloon",84.0,23.0,37.0,39.6823333333,-103.5301666667,27.6,44.42,13.64,-10.2,262.95,1340.0,0.01,3.445e-05,0.01775309,0.00012778,2.222e-05,26.76666667,8.15833333,low Re,-0.022222,28.667816,0.002538,5.036203,0.051281,-0.377497,-0.48283,26.872115,-0.006778,8.73795,0.000774,1.53503,0.01563,-0.377593,-0.483173,8.190616,
EOSS-307,KC0D-14,2021-03-20 08:28:16.987,2021-03-20 08:28:15,91949.0,28026.06,1598.0,3018.0,ascending,True,/142815h3940.94N/10331.81WO075/026/A=091949 22T132P EOSS BALLOON,"KC0D-14>APZEOS,EOSS,WIDE2-1,qAO,N6BA-9:/142815h3940.94N/10331.81WO075/026/A=091949 22T132P EOSS BALLOON",75.0,30.0,48.3,39.6823333333,-103.5301666667,27.6,44.42,35.96,2.2,275.35,1320.0,0.01,3.24e-05,0.01670057,0.00012778,2.778e-05,26.63333333,8.118,low Re,-0.004444,28.662257,0.002519,5.030423,0.051212,-0.403331,-0.135964,26.869978,-0.001344,8.736256,0.000768,1.533268,0.015609,-0.403228,-0.135307,8.189965,
EOSS-307,AE0SS-12,2021-03-20 08:28:28.650,2021-03-20 08:28:27,92183.0,28097.38,1574.0,3030.0,ascending,True,/142827h3940.96N/10331.70WO055/023EOSS Balloon  www.eoss.org/A=092183!W49!,"AE0SS-12>APTT4,EOSS,qAO,KB0TVJ-1:/142827h3940.96N/10331.70WO055/023EOSS Balloon  www.eoss.org/A=092183!W49!",55.0,26.0,41.8,39.6827333333,-103.5284833333,27.7,44.57,,,,,,,,0.00013111,3.222e-05,26.23333333,7.996,low Re,-0.013333,28.655639,0.002476,5.025146,0.051149,-0.482037,-0.309077,26.85745,-0.004067,8.734239,0.000755,1.53166,0.01559,-0.481986,-0.309301,8.186147,
EOSS-307,AE0SS-13,2021-03-20 08:28:42.486,2021-03-20 08:28:41,92567.0,28214.42,1568.0,3044.0,ascending,True,/142841h3940.97N/10331.58WO055/025EOSS Baloon/A=092567!W53!,"AE0SS-13>APTT4,EOSS,qAO,KB0TVJ-1:/142841h3940.97N/10331.58WO055/025EOSS Baloon/A=092567!W53!",55.0,29.0,46.7,39.6829166667,-103.5263833333,27.81,44.75,,,,,,,,0.00015444,1.611e-05,26.13333333,7.96533333,low Re,-0.003333,28.648785,0.00246,5.020017,0.05108,-0.501084,-0.11341,26.827421,-0.001022,8.73215,0.00075,1.530097,0.015569,-0.501156,-0.113816,8.176995,
EOSS-307,KC0D-2,2021-03-20 08:28:47.094,2021-03-20 08:28:45,92676.0,28247.64,1556.0,3048.0,ascending,True,/142845h3940.97N/10331.56WO080/019/A=092676 -101T129P EOSS Balloon,"KC0D-2>APZEOS,EOSS,WIDE2-1,qAO,N6BA-10:/142845h3940.97N/10331.56WO080/019/A=092676 -101T129P EOSS Balloon",80.0,22.0,35.4,39.6828333333,-103.526,27.83,44.78,13.82,-10.1,263.05,1290.0,0.01,3.315e-05,0.01708417,0.00013889,1.667e-05,25.93333333,7.90433333,low Re,-0.006667,28.641426,0.002435,5.015185,0.051012,-0.539979,-0.178429,26.816815,-0.002033,8.729906,0.000742,1.528624,0.015548,-0.540076,-0.17848,8.173763,
EOSS-307,KC0D-14,2021-03-20 08:28:47.053,2021-03-20 08:28:45,92744.0,28268.37,1590.0,3048.0,ascending,True,/142845h3940.97N/10331.55WO095/022/A=092744 25T127P EOSS BALLOON,"KC0D-14>APZEOS,EOSS,WIDE2-1,qAO,N6BA-10:/142845h3940.97N/10331.55WO095/022/A=092744 25T127P EOSS BALLOON",95.0,25.0,40.2,39.6828333333,-103.5258333333,27.84,44.8,36.5,2.5,275.65,1270.0,0.01,3.114e-05,0.01605049,0.00014444,1.667e-05,26.5,8.077,low Re,0.018889,28.635638,0.00248,5.009622,0.05095,-0.426307,0.322061,26.809744,0.005756,8.728142,0.000756,1.526928,0.015529,-0.426439,0.321978,8.171608,
EOSS-307,AE0SS-12,2021-03-20 08:28:59.096,2021-03-20 08:28:57,92994.0,28344.57,1622.0,3060.0,ascending,True,/142857h3940.96N/10331.43WO084/034EOSS Balloon  www.eoss.org/A=092994!W48!,"AE0SS-12>APTT4,EOSS,qAO,W9CN-9:/142857h3940.96N/10331.43WO084/034EOSS Balloon  www.eoss.org/A=092994!W48!",84.0,39.0,62.8,39.6827333333,-103.5239666667,27.93,44.95,,,,,,,,0.00015056,0.0,27.03333333,8.23966667,low Re,0.017778,28.631319,0.002521,5.003539,0.050887,-0.319371,0.299821,26.780826,0.005422,8.726825,0.000768,1.525075,0.01551,-0.319432,0.300064,8.162794,
EOSS-307,AE0SS-13,2021-03-20 08:29:12.396,2021-03-20 08:29:11,93375.0,28460.7,1616.0,3074.0,ascending,True,/142911h3940.93N/10331.31WO145/039EOSS Baloon/A=093375!W44!,"AE0SS-13>APTT4,EOSS,qAO,KB0TVJ-1:/142911h3940.93N/10331.31WO145/039EOSS Baloon/A=093375!W44!",145.0,45.0,72.4,39.6822333333,-103.5219,28.03,45.12,,,,,,,,0.00014944,-2.278e-05,26.93333333,8.20933333,low Re,-0.003333,28.626755,0.002505,4.997566,0.050819,-0.338849,-0.114878,26.728319,-0.001011,8.725434,0.000764,1.523254,0.01549,-0.338815,-0.11459,8.146791,
EOSS-307,KC0D-2,2021-03-20 08:29:17.142,2021-03-20 08:29:15,93498.0,28498.19,1644.0,3078.0,ascending,True,/142915h3940.94N/10331.28WO045/029/A=093498 -100T123P EOSS Balloon,"KC0D-2>APZEOS,EOSS,WIDE2-1,qAO,N6BA-10:/142915h3940.94N/10331.28WO045/029/A=093498 -100T123P EOSS Balloon",45.0,33.0,53.1,39.6823333333,-103.5213333333,28.07,45.17,14.0,-10.0,263.15,1230.0,0.01,3.159e-05,0.01628337,0.00015556,-1.667e-05,27.4,8.35166667,low Re,0.007778,28.619571,0.002534,4.985123,0.050684,-0.244642,0.103465,26.709318,0.002378,8.723245,0.000772,1.519461,0.015448,-0.244546,0.103962,8.141,
EOSS-307,KC0D-14,2021-03-20 08:29:17.013,2021-03-20 08:29:15,93559.0,28516.78,1630.0,3078.0,ascending,True,/142915h3940.94N/10331.29WO075/018/A=093559 25T120P EOSS BALLOON,"KC0D-14>APZEOS,EOSS,WIDE2-1,qAO,N6BA-10:/142915h3940.94N/10331.29WO075/018/A=093559 25T120P EOSS BALLOON",75.0,21.0,33.8,39.6823333333,-103.5215,28.06,45.15,36.5,2.5,275.65,1200.0,0.01,2.943e-05,0.01516581,0.00014444,-1.667e-05,27.16666667,8.28033333,low Re,0.007778,28.62284,0.00252,4.991417,0.050752,-0.291735,0.103602,26.699542,0.002367,8.724241,0.000768,1.52138,0.015469,-0.29178,0.103368,8.138021,
EOSS-307,AE0SS-12,2021-03-20 08:29:28.735,2021-03-20 08:29:27,93808.0,28592.68,1628.0,3090.0,ascending,True,/142927h3940.94N/10331.18WO091/014EOSS Balloon  www.eoss.org/A=093808!W64!,"AE0SS-12>APTT4,EOSS,qAO,KB0TVJ-1:/142927h3940.94N/10331.18WO091/014EOSS Balloon  www.eoss.org/A=093808!W64!",91.0,16.0,25.7,39.6824333333,-103.5197333333,28.15,45.3,,,,,,,,0.00014111,-1e-05,27.13333333,8.27033333,low Re,-0.008889,28.615607,0.002503,4.979045,0.050619,-0.297702,-0.225054,26.657321,-0.002711,8.722037,0.000763,1.517609,0.015429,-0.297642,-0.22516,8.125152,
EOSS-307,KC0D-14,2021-03-20 08:29:47.059,2021-03-20 08:29:45,94370.0,28763.98,1622.0,3108.0,ascending,True,/142945h3940.96N/10331.04WO084/025/A=094370 28T116P EOSS BALLOON,"KC0D-14>APZEOS,EOSS,WIDE2-1,qAO,N6BA-10:/142945h3940.96N/10331.04WO084/025/A=094370 28T116P EOSS BALLOON",84.0,29.0,46.7,39.6826666667,-103.5173333333,28.28,45.51,37.04,2.8,275.95,1160.0,0.01,2.841e-05,0.01464435,0.00013889,1.111e-05,27.03333333,8.24,low Re,-0.003333,28.611399,0.002488,4.973072,0.050553,-0.317322,-0.115146,26.549723,-0.001011,8.720755,0.000758,1.515788,0.015408,-0.317165,-0.11481,8.092358,
EOSS-307,KC0D-2,2021-03-20 08:29:47.101,2021-03-20 08:29:45,94321.0,28749.04,1646.0,3108.0,ascending,True,/142945h3940.97N/10331.04WO088/017/A=094321 -99T118P EOSS Balloon,"KC0D-2>APZEOS,EOSS,WIDE2-1,qAO,N6BA-10:/142945h3940.97N/10331.04WO088/017/A=094321 -99T118P EOSS Balloon",88.0,20.0,32.2,39.6828333333,-103.5173333333,28.28,45.51,14.18,-9.9,263.25,1180.0,0.01,3.03e-05,0.01561551,0.00013333,1.667e-05,27.43333333,8.36166667,low Re,0.013333,28.608274,0.002516,4.966825,0.050488,-0.236558,0.214249,26.559712,0.004056,8.719802,0.000767,1.513884,0.015389,-0.236567,0.213724,8.095403,
EOSS-307,AE0SS-12,2021-03-20 08:29:58.471,2021-03-20 08:29:57,94625.0,28841.7,1634.0,3120.0,ascending,True,/142957h3940.96N/10330.94WO100/035EOSS Balloon  www.eoss.org/A=094625!W85!,"AE0SS-12>APTT4,EOSS,qAO,W9CN-9:/142957h3940.96N/10330.94WO100/035EOSS Balloon  www.eoss.org/A=094625!W85!",100.0,40.0,64.4,39.6828,-103.51575,28.36,45.65,,,,,,,,0.00013278,1.222e-05,27.23333333,8.30066667,low Re,-0.006667,28.604637,0.002492,4.960737,0.050423,-0.276431,-0.181643,26.496115,-0.002033,8.718694,0.00076,1.512028,0.015369,-0.276468,-0.181729,8.07602,
EOSS-307,AE0SS-13,2021-03-20 08:30:12.431,2021-03-20 08:30:11,94986.0,28951.73,1611.0,3134.0,ascending,True,/143011h3940.96N/10330.81WO072/038EOSS Baloon/A=094986!W34!,"AE0SS-13>APTT4,EOSS,qAO,KB0TVJ-1:/143011h3940.96N/10330.81WO072/038EOSS Baloon/A=094986!W34!",72.0,44.0,70.8,39.6827166667,-103.5135666667,28.48,45.83,,,,,,,,0.00013889,8.06e-06,26.85,8.18383333,low Re,-0.006389,28.600007,0.002469,4.954991,0.050359,-0.353181,-0.175897,26.416188,-0.001947,8.717282,0.000752,1.510277,0.015349,-0.353212,-0.175842,8.051659,
EOSS-307,KC0D-14,2021-03-20 08:30:16.981,2021-03-20 08:30:15,95161.0,29005.07,1582.0,3138.0,ascending,True,/143015h3940.97N/10330.80WO077/017/A=095161 28T110P EOSS BALLOON,"KC0D-14>APZEOS,EOSS,WIDE2-1,qAO,N6BA-10:/143015h3940.97N/10330.80WO077/017/A=095161 28T110P EOSS BALLOON",77.0,20.0,32.2,39.6828333333,-103.5133333333,28.49,45.85,37.04,2.8,275.95,1100.0,0.01,2.694e-05,0.01388688,0.00013333,5.56e-06,26.36666667,8.03633333,low Re,-0.016111,28.59413,0.00242,4.949776,0.050301,-0.450013,-0.368402,26.376064,-0.004917,8.71549,0.000737,1.508688,0.015332,-0.450164,-0.368771,8.03943,
EOSS-307,KC0D-2,2021-03-20 08:30:17.022,2021-03-20 08:30:15,95101.0,28986.78,1560.0,3138.0,ascending,True,/143015h3940.97N/10330.80WO104/018/A=095101 -98T113P EOSS Balloon,"KC0D-2>APZEOS,EOSS,WIDE2-1,qAO,N6BA-10:/143015h3940.97N/10330.80WO104/018/A=095101 -98T113P EOSS Balloon",104.0,21.0,33.8,39.6828333333,-103.5133333333,28.49,45.85,14.36,-9.8,263.35,1130.0,0.01,2.9e-05,0.01494815,0.00013333,0.0,26.0,7.92466667,low Re,-0.012222,28.587321,0.002381,4.945045,0.05024,-0.523215,-0.290665,26.389907,-0.003722,8.713415,0.000726,1.507246,0.015313,-0.523304,-0.290472,8.04365,
EOSS-307,AE0SS-12,2021-03-20 08:30:28.477,2021-03-20 08:30:27,95412.0,29081.58,1574.0,3150.0,ascending,True,/143027h3940.98N/10330.67WO060/014EOSS Balloon  www.eoss.org/A=095412!W29!,"AE0SS-12>APTT4,EOSS,qAO,KB0TVJ-1:/143027h3940.98N/10330.67WO060/014EOSS Balloon  www.eoss.org/A=095412!W29!",60.0,16.0,25.7,39.6830333333,-103.5113166667,28.6,46.02,,,,,,,,0.00014778,7.78e-06,26.23333333,7.996,low Re,0.007778,28.581159,0.002395,4.940019,0.050175,-0.475267,0.107285,26.317329,0.002378,8.711537,0.00073,1.505714,0.015293,-0.475214,0.107762,8.021527,
EOSS-307,AE0SS-13,2021-03-20 08:30:42.532,2021-03-20 08:30:41,95763.0,29188.56,1554.0,3164.0,ascending,True,/143041h3940.99N/10330.53WO068/034EOSS Baloon/A=095763!W57!,"AE0SS-13>APTT4,EOSS,qAO,KB0TVJ-1:/143041h3940.99N/10330.53WO068/034EOSS Baloon/A=095763!W57!",68.0,39.0,62.8,39.68325,-103.50895,28.72,46.23,,,,,,,,0.00015389,1.778e-05,25.9,7.89433333,low Re,-0.011111,28.574159,0.00236,4.935451,0.050114,-0.541827,-0.268807,26.23362,-0.003389,8.709403,0.000719,1.504321,0.015274,-0.541819,-0.268954,7.996015,
EOSS-307,KC0D-2,2021-03-20 08:30:47.341,2021-03-20 08:30:45,95869.0,29220.87,1536.0,3168.0,ascending,True,/143045h3941.00N/10330.51WO081/021/A=095869 -97T108P EOSS Balloon,"KC0D-2>APZEOS,EOSS,WIDE2-1,qAO,N6BA-10:/143045h3941.00N/10330.51WO081/021/A=095869 -97T108P EOSS Balloon",81.0,24.0,38.6,39.6833333333,-103.5085,28.75,46.27,14.54,-9.7,263.45,1080.0,0.01,2.771e-05,0.01428131,0.00016111,1.667e-05,25.6,7.803,low Re,-0.006667,28.559228,0.002321,4.926932,0.049986,-0.600623,-0.17981,26.208144,-0.002033,8.704853,0.000708,1.501725,0.015235,-0.600545,-0.179915,7.98825,
EOSS-307,KC0D-14,2021-03-20 08:30:47.300,2021-03-20 08:30:45,95935.0,29240.99,1548.0,3168.0,ascending,True,/143045h3941.00N/10330.51WO081/024/A=095935 32T106P EOSS BALLOON,"KC0D-14>APZEOS,EOSS,WIDE2-1,qAO,N6BA-10:/143045h3941.00N/10330.51WO081/024/A=095935 32T106P EOSS BALLOON",81.0,28.0,45.1,39.6833333333,-103.5085,28.75,46.27,37.76,3.2,276.35,1060.0,0.01,2.593e-05,0.01336253,0.00016111,1.667e-05,25.8,7.864,low Re,-0.003333,28.566934,0.002345,4.931036,0.050049,-0.561126,-0.113449,26.192265,-0.001011,8.707201,0.000715,1.502976,0.015255,-0.561021,-0.113143,7.983409,
EOSS-307,AE0SS-12,2021-03-20 08:30:58.492,2021-03-20 08:30:57,96193.0,29319.63,1562.0,3180.0,ascending,True,/143057h3940.99N/10330.38WO093/021EOSS Balloon  www.eoss.org/A=096193!W44!,"AE0SS-12>APTT4,EOSS,qAO,KB0TVJ-1:/143057h3940.99N/10330.38WO093/021EOSS Balloon  www.eoss.org/A=096193!W44!",93.0,24.0,38.6,39.6832333333,-103.5064,28.86,46.44,,,,,,,,0.00016389,6.67e-06,26.03333333,7.935,low Re,0.014444,28.552684,0.002353,4.922209,0.049924,-0.511833,0.242188,26.130241,0.0044,8.702858,0.000717,1.500285,0.015217,-0.511808,0.242032,7.964505,
EOSS-307,AE0SS-13,2021-03-20 08:31:12.511,2021-03-20 08:31:11,96551.0,29428.74,1576.0,3194.0,ascending,True,/143111h3940.97N/10330.23WO097/032EOSS Baloon/A=096551!W99!,"AE0SS-13>APTT4,EOSS,qAO,KB0TVJ-1:/143111h3940.97N/10330.23WO097/032EOSS Baloon/A=096551!W99!",97.0,37.0,59.5,39.6829833333,-103.5039833333,28.98,46.64,,,,,,,,0.00016556,-8.89e-06,26.26666667,8.006,low Re,0.007778,28.546777,0.002367,4.917202,0.04986,-0.463701,0.108524,26.045048,0.002367,8.701058,0.000721,1.498759,0.015197,-0.463756,0.108311,7.938541,
EOSS-307,KC0D-14,2021-03-20 08:31:17.052,2021-03-20 08:31:15,96725.0,29481.78,1580.0,3198.0,ascending,True,/143115h3940.98N/10330.21WO099/026/A=096725 32T100P EOSS BALLOON,"KC0D-14>APZEOS,EOSS,WIDE2-1,qAO,N6BA-10:/143115h3940.98N/10330.21WO099/026/A=096725 32T100P EOSS BALLOON",99.0,30.0,48.3,39.683,-103.5035,29.01,46.68,37.76,3.2,276.35,1000.0,0.01,2.446e-05,0.01260616,0.00016667,-1.111e-05,26.33333333,8.02633333,low Re,0.002222,28.541072,0.002367,4.912131,0.049796,-0.449446,-0.002912,26.004365,0.000678,8.699319,0.000721,1.497213,0.015178,-0.449492,-0.002833,7.92614,
EOSS-307,KC0D-2,2021-03-20 08:31:17.093,2021-03-20 08:31:15,96657.0,29461.05,1576.0,3198.0,ascending,True,/143115h3940.98N/10330.21WO092/021/A=096657 -96T104P EOSS Balloon,"KC0D-2>APZEOS,EOSS,WIDE2-1,qAO,N6BA-10:/143115h3940.98N/10330.21WO092/021/A=096657 -96T104P EOSS Balloon",92.0,24.0,38.6,39.683,-103.5035,29.01,46.68,14.72,-9.6,263.55,1040.0,0.01,2.667e-05,0.01374715,0.00016667,-1.111e-05,26.26666667,8.006,low Re,-0.002222,28.535226,0.002355,4.907152,0.049732,-0.462297,-0.092033,26.020191,-0.000678,8.697536,0.000718,1.495696,0.015158,-0.462351,-0.092097,7.930964,
EOSS-307,AE0SS-12,2021-03-20 08:31:28.618,2021-03-20 08:31:27,96987.0,29561.64,1588.0,3210.0,ascending,True,/143127h3940.95N/10330.08WO080/021EOSS Balloon  www.eoss.org/A=096987!W35!,"AE0SS-12>APTT4,EOSS,qAO,W9CN-9:/143127h3940.95N/10330.08WO080/021EOSS Balloon  www.eoss.org/A=096987!W35!",80.0,24.0,38.6,39.68255,-103.5014166667,29.11,46.85,,,,,,,,0.00016611,-2.278e-05,26.46666667,8.067,low Re,0.006667,28.529922,0.002366,4.901959,0.049668,-0.420904,0.086595,25.944443,0.002033,8.69592,0.000721,1.494113,0.015139,-0.420932,0.086664,7.907875,
EOSS-307,AE0SS-13,2021-03-20 08:31:42.440,2021-03-20 08:31:41,97378.0,29680.81,1654.0,3224.0,ascending,True,/143141h3940.92N/10329.96WO115/039EOSS Baloon/A=097378!W63!,"AE0SS-13>APTT4,EOSS,qAO,KB0TVJ-1:/143141h3940.92N/10329.96WO115/039EOSS Baloon/A=097378!W63!",115.0,45.0,72.4,39.6821,-103.4993833333,29.21,47.01,,,,,,,,0.00015333,-2.944e-05,27.56666667,8.40233333,low Re,0.036667,28.527458,0.002454,4.895913,0.049635,-0.196244,0.689292,25.859007,0.011178,8.695169,0.000748,1.49227,0.015128,-0.196235,0.68945,7.881836,
EOSS-307,KC0D-2,2021-03-20 08:31:47.103,2021-03-20 08:31:45,97486.0,29713.73,1658.0,3228.0,ascending,True,/143145h3940.91N/10329.95WO096/007/A=097486 -94T99P EOSS Balloon,"KC0D-2>APZEOS,EOSS,WIDE2-1,qAO,N6BA-10:/143145h3940.91N/10329.95WO096/007/A=097486 -94T99P EOSS Balloon",96.0,8.0,12.9,39.6818333333,-103.4991666667,29.22,47.02,15.08,-9.4,263.75,990.0,0.01,2.537e-05,0.01307631,0.00014444,-3.889e-05,27.63333333,8.42266667,low Re,0.002222,28.525177,0.002453,4.889857,0.049571,-0.182386,-0.00466,25.836441,0.000678,8.694474,0.000748,1.490424,0.015109,-0.182369,-0.004633,7.874957,
EOSS-307,KC0D-14,2021-03-20 08:31:47.061,2021-03-20 08:31:45,97546.0,29732.02,1642.0,3228.0,ascending,True,/143145h3940.91N/10329.95WO128/018/A=097546 36T96P EOSS BALLOON,"KC0D-14>APZEOS,EOSS,WIDE2-1,qAO,N6BA-10:/143145h3940.91N/10329.95WO128/018/A=097546 36T96P EOSS BALLOON",128.0,21.0,33.8,39.6818333333,-103.4991666667,29.22,47.02,38.48,3.6,276.75,960.0,0.01,2.345e-05,0.01208443,0.00014444,-3.889e-05,27.36666667,8.34133333,low Re,-0.008889,28.522229,0.002424,4.883965,0.049511,-0.236603,-0.228495,25.824123,-0.002711,8.693575,0.000739,1.488629,0.015091,-0.236622,-0.228613,7.871203,
EOSS-307,AE0SS-12,2021-03-20 08:31:58.612,2021-03-20 08:31:57,97785.0,29804.87,1596.0,3240.0,ascending,True,/143157h3940.89N/10329.87WO100/030EOSS Balloon  www.eoss.org/A=097785!W19!,"AE0SS-12>APTT4,EOSS,qAO,KB0TVJ-1:/143157h3940.89N/10329.87WO100/030EOSS Balloon  www.eoss.org/A=097785!W19!",100.0,35.0,56.3,39.6815166667,-103.4979833333,29.28,47.12,,,,,,,,0.00011444,-3.444e-05,26.6,8.10766667,low Re,-0.025556,28.517351,0.002353,4.878709,0.049468,-0.393004,-0.564183,25.776737,-0.007789,8.692088,0.000717,1.487026,0.015078,-0.393014,-0.564133,7.856758,
EOSS-307,AE0SS-13,2021-03-20 08:32:12.489,2021-03-20 08:32:11,98119.0,29906.67,1482.0,3254.0,ascending,True,/143211h3940.88N/10329.73WO111/029EOSS Baloon/A=098119!W59!,"AE0SS-13>APTT4,EOSS,qAO,KB0TVJ-1:/143211h3940.88N/10329.73WO111/029EOSS Baloon/A=098119!W59!",111.0,33.0,53.1,39.6814166667,-103.49565,29.4,47.31,,,,,,,,0.00012444,-2.278e-05,24.7,7.52866667,low Re,-0.063333,28.507686,0.002186,4.876298,0.049515,-0.780856,-1.323215,25.715525,-0.0193,8.689143,0.000666,1.486291,0.015092,-0.780787,-1.322953,7.838101,
EOSS-307,KC0D-2,2021-03-20 08:32:16.991,2021-03-20 08:32:15,98241.0,29943.86,1510.0,3258.0,ascending,True,/143215h3940.89N/10329.70WO082/034/A=098241 -93T95P EOSS Balloon,"KC0D-2>APZEOS,EOSS,WIDE2-1,qAO,N6BA-10:/143215h3940.89N/10329.70WO082/034/A=098241 -93T95P EOSS Balloon",82.0,39.0,62.8,39.6815,-103.495,29.43,47.37,15.26,-9.3,263.85,950.0,0.01,2.434e-05,0.01254322,0.00013889,-1.111e-05,25.16666667,7.671,low Re,-0.004444,28.491191,0.002215,4.869506,0.049399,-0.682723,-0.1348,25.69478,-0.001344,8.684115,0.000675,1.484221,0.015057,-0.68259,-0.13409,7.831777,
EOSS-307,KC0D-14,2021-03-20 08:32:16.949,2021-03-20 08:32:15,98305.0,29963.36,1518.0,3258.0,ascending,True,/143215h3940.89N/10329.70WO087/036/A=098305 36T92P EOSS BALLOON,"KC0D-14>APZEOS,EOSS,WIDE2-1,qAO,N6BA-10:/143215h3940.89N/10329.70WO087/036/A=098305 36T92P EOSS BALLOON",87.0,41.0,66.0,39.6815,-103.495,29.43,47.37,38.48,3.6,276.75,920.0,0.01,2.247e-05,0.01158091,0.00013889,-1.111e-05,25.3,7.71133333,low Re,0.02,28.499586,0.002232,4.872788,0.049461,-0.656623,0.359233,25.684266,0.006089,8.686673,0.00068,1.485222,0.015075,-0.656696,0.358806,7.828574,
EOSS-307,AE0SS-12,2021-03-20 08:32:28.806,2021-03-20 08:32:27,98546.0,30036.82,1522.0,3270.0,ascending,True,/143227h3940.90N/10329.55WO076/032EOSS Balloon  www.eoss.org/A=098546!W67!,"AE0SS-12>APTT4,EOSS,qAO,KB0TVJ-1:/143227h3940.90N/10329.55WO076/032EOSS Balloon  www.eoss.org/A=098546!W67!",76.0,37.0,59.5,39.6817666667,-103.4926166667,29.56,47.57,,,,,,,,0.00017889,8.33e-06,25.36666667,7.73166667,low Re,0.006667,28.48334,0.002226,4.86589,0.049337,-0.640515,0.090014,25.647072,0.002022,8.681722,0.000678,1.483119,0.015038,-0.640579,0.089374,7.817236,
EOSS-307,AE0SS-13,2021-03-20 08:32:42.523,2021-03-20 08:32:41,98910.0,30147.77,1582.0,3284.0,ascending,True,/143241h3940.93N/10329.36WO070/040EOSS Baloon/A=098910!W91!,"AE0SS-13>APTT4,EOSS,qAO,KB0TVJ-1:/143241h3940.93N/10329.36WO070/040EOSS Baloon/A=098910!W91!",70.0,46.0,74.0,39.6823166667,-103.48935,29.74,47.86,,,,,,,,0.00021,3e-05,26.36666667,8.03666667,low Re,0.033333,28.478035,0.002304,4.860929,0.0493,-0.434355,0.629391,25.598581,0.010167,8.680105,0.000702,1.481607,0.015026,-0.434284,0.629908,7.802454,
EOSS-307,KC0D-2,2021-03-20 08:32:47.092,2021-03-20 08:32:45,99025.0,30182.82,1568.0,3288.0,ascending,True,/143245h3940.94N/10329.33WO102/032/A=099025 -91T91P EOSS Balloon,"KC0D-2>APZEOS,EOSS,WIDE2-1,qAO,N6BA-9:/143245h3940.94N/10329.33WO102/032/A=099025 -91T91P EOSS Balloon",102.0,37.0,59.5,39.6823333333,-103.4888333333,29.77,47.9,15.62,-9.1,264.05,910.0,0.01,2.33e-05,0.01200598,0.00020556,2.778e-05,26.13333333,7.96533333,low Re,-0.007778,28.472174,0.002279,4.856249,0.04924,-0.481615,-0.204245,25.58531,-0.002378,8.678318,0.000695,1.48018,0.015008,-0.481688,-0.204757,7.798409,
EOSS-307,KC0D-14,2021-03-20 08:32:47.051,2021-03-20 08:32:45,99084.0,30200.8,1558.0,3288.0,ascending,True,/143245h3940.94N/10329.33WO087/030/A=099084 40T88P EOSS BALLOON,"KC0D-14>APZEOS,EOSS,WIDE2-1,qAO,N6BA-10:/143245h3940.94N/10329.33WO087/030/A=099084 40T88P EOSS BALLOON",87.0,35.0,56.3,39.6823333333,-103.4888333333,29.77,47.9,39.2,4.0,277.15,880.0,0.01,2.146e-05,0.0110614,0.00020556,2.778e-05,25.96666667,7.91466667,low Re,-0.005556,28.465925,0.002259,4.851788,0.04918,-0.515121,-0.158906,25.5789,-0.001689,8.676414,0.000689,1.478821,0.01499,-0.515104,-0.158639,7.796455,
EOSS-307,AE0SS-12,2021-03-20 08:32:58.582,2021-03-20 08:32:57,99323.0,30273.65,1554.0,3300.0,ascending,True,/143257h3940.93N/10329.19WO085/034EOSS Balloon  www.eoss.org/A=099323!W49!,"AE0SS-12>APTT4,EOSS,qAO,W9CN-9:/143257h3940.93N/10329.19WO085/034EOSS Balloon  www.eoss.org/A=099323!W49!",85.0,39.0,62.8,39.6822333333,-103.48665,29.88,48.09,,,,,,,,0.00019889,1.556e-05,25.9,7.89433333,low Re,-0.002222,28.459543,0.002248,4.847425,0.049119,-0.528021,-0.091003,25.555776,-0.000678,8.674468,0.000685,1.477491,0.014971,-0.528013,-0.091043,7.789406,
EOSS-307,AE0SS-13,2021-03-20 08:33:12.537,2021-03-20 08:33:11,99645.0,30371.8,1470.0,3314.0,ascending,True,/143311h3940.95N/10329.02WO045/037EOSS Baloon/A=099645!W43!,"AE0SS-13>APTT4,EOSS,qAO,KB0TVJ-1:/143311h3940.95N/10329.02WO045/037EOSS Baloon/A=099645!W43!",45.0,43.0,69.2,39.6825666667,-103.4837166667,30.04,48.34,,,,,,,,0.00018778,8.33e-06,24.5,7.46766667,low Re,-0.046667,28.449717,0.002126,4.845408,0.049119,-0.815146,-0.993363,25.532105,-0.014222,8.671474,0.000648,1.476876,0.014971,-0.815104,-0.993254,7.782189,
EOSS-307,KC0D-2,2021-03-20 08:33:17.141,2021-03-20 08:33:15,99778.0,30412.33,1506.0,3318.0,ascending,True,/143315h3940.96N/10328.97WO097/048/A=099778 -89T87P EOSS Balloon,"KC0D-2>APZEOS,EOSS,WIDE2-1,qAO,N6BA-10:/143315h3940.96N/10328.97WO097/048/A=099778 -89T87P EOSS Balloon",97.0,55.0,88.5,39.6826666667,-103.4828333333,30.08,48.42,15.98,-8.9,264.25,870.0,0.01,2.225e-05,0.01146956,0.0002,1.111e-05,25.1,7.65033333,low Re,0.02,28.441426,0.002171,4.842261,0.049065,-0.690055,0.363375,25.524927,0.006089,8.668946,0.000662,1.475917,0.014955,-0.690156,0.362889,7.780001,
EOSS-307,KC0D-14,2021-03-20 08:33:17.100,2021-03-20 08:33:15,99841.0,30431.54,1514.0,3318.0,ascending,True,/143315h3940.95N/10328.96WO094/044/A=099841 40T85P EOSS BALLOON,"KC0D-14>APZEOS,EOSS,WIDE2-1,qAO,N6BA-10:/143315h3940.95N/10328.96WO094/044/A=099841 40T85P EOSS BALLOON",94.0,51.0,82.1,39.6825,-103.4826666667,30.09,48.43,39.2,4.0,277.15,850.0,0.01,2.073e-05,0.01068431,0.00020556,5.56e-06,25.23333333,7.69133333,low Re,0.004444,28.433505,0.002176,4.838891,0.049005,-0.661344,0.046281,25.522069,0.001367,8.666532,0.000663,1.474889,0.014936,-0.661201,0.047134,7.779129,
EOSS-307,AE0SS-13,2021-03-20 08:33:42.350,2021-03-20 08:33:41,100416.0,30606.8,1542.0,3344.0,ascending,True,/143341h3940.97N/10328.53WO084/044EOSS Baloon/A=100416!W65!,"AE0SS-13>APTT4,EOSS,qAO,W9CN-9:/143341h3940.97N/10328.53WO084/044EOSS Baloon/A=100416!W65!",84.0,51.0,82.1,39.6829333333,-103.4755833333,30.47,49.03,,,,,,,,0.00027111,1.222e-05,25.7,7.83333333,low Re,0.015556,28.426772,0.002209,4.834817,0.048949,-0.563987,0.272672,25.512554,0.004733,8.66448,0.000673,1.473648,0.014919,-0.564006,0.272136,7.776227,
EOSS-307,KC0D-14,2021-03-20 08:33:46.787,2021-03-20 08:33:45,100583.0,30657.7,1484.0,3348.0,ascending,True,/143345h3940.99N/10328.47WO078/050/A=100583 44T81P EOSS BALLOON,"KC0D-14>APZEOS,EOSS,WIDE2-1,qAO,N6BA-10:/143345h3940.99N/10328.47WO078/050/A=100583 44T81P EOSS BALLOON",78.0,58.0,93.3,39.6831666667,-103.4745,30.53,49.13,39.92,4.4,277.55,810.0,0.01,1.973e-05,0.01016685,0.00027222,2.222e-05,24.73333333,7.53866667,low Re,0.004444,28.40834,0.002119,4.830088,0.048866,-0.760857,0.047579,25.515514,0.001344,8.658863,0.000646,1.472206,0.014894,-0.760896,0.046865,7.777128,
EOSS-307,KC0D-2,2021-03-20 08:33:46.823,2021-03-20 08:33:45,100516.0,30637.28,1476.0,3348.0,ascending,True,/143345h3940.99N/10328.47WO076/051/A=100516 -88T83P EOSS Balloon,"KC0D-2>APZEOS,EOSS,WIDE2-1,qAO,N6BA-10:/143345h3940.99N/10328.47WO076/051/A=100516 -88T83P EOSS Balloon",76.0,59.0,95.0,39.6831666667,-103.4745,30.53,49.13,16.16,-8.8,264.35,830.0,0.01,2.122e-05,0.01093808,0.00027778,1.667e-05,24.6,7.49833333,low Re,-0.036667,28.41737,0.002114,4.832583,0.048926,-0.789923,-0.792646,25.514012,-0.011167,8.661615,0.000644,1.472966,0.014912,-0.789755,-0.792047,7.77667,
EOSS-307,AE0SS-13,2021-03-20 08:34:12.304,2021-03-20 08:34:11,101174.0,30837.84,1516.0,3374.0,ascending,True,/143411h3941.02N/10327.93WO107/062EOSS Baloon/A=101174!W05!,"AE0SS-13>APTT4,EOSS,qAO,W9CN-9:/143411h3941.02N/10327.93WO107/062EOSS Baloon/A=101174!W05!",107.0,71.0,114.3,39.6836666667,-103.4655833333,31.0,49.89,,,,,,,,0.00033333,2.444e-05,25.26666667,7.70133333,low Re,0.017778,28.400659,0.002158,4.826665,0.048812,-0.649308,0.320003,25.547211,0.005422,8.656522,0.000658,1.471163,0.014878,-0.649275,0.320204,7.786787,
EOSS-307,KC0D-14,2021-03-20 08:34:16.764,2021-03-20 08:34:15,101360.0,30894.53,1554.0,3378.0,ascending,True,/143415h3941.02N/10327.86WO083/050/A=101360 45T77P EOSS BALLOON,"KC0D-14>APZEOS,EOSS,WIDE2-1,qAO,N6BA-10:/143415h3941.02N/10327.86WO083/050/A=101360 45T77P EOSS BALLOON",83.0,58.0,93.3,39.6836666667,-103.4643333333,31.07,49.99,40.1,4.5,277.65,770.0,0.01,1.875e-05,0.0096613,0.00033889,1.667e-05,25.9,7.89433333,low Re,0.021111,28.39456,0.002204,4.822343,0.048761,-0.517292,0.387748,25.564111,0.006433,8.654663,0.000672,1.469845,0.014862,-0.517286,0.387633,7.791937,
EOSS-307,KC0D-2,2021-03-20 08:34:16.801,2021-03-20 08:34:15,101291.0,30873.5,1550.0,3378.0,ascending,True,/143415h3941.02N/10327.86WO081/050/A=101291 -86T80P EOSS Balloon,"KC0D-2>APZEOS,EOSS,WIDE2-1,qAO,N6BA-10:/143415h3941.02N/10327.86WO081/050/A=101291 -86T80P EOSS Balloon",81.0,58.0,93.3,39.6836666667,-103.4643333333,31.07,49.99,16.52,-8.6,264.55,800.0,0.01,2.044e-05,0.01053476,0.00033889,1.667e-05,25.83333333,7.874,low Re,-0.002222,28.388328,0.002193,4.818115,0.048702,-0.530289,-0.090653,25.557452,-0.000678,8.652763,0.000669,1.468556,0.014844,-0.530292,-0.090744,7.789908,
EOSS-307,AE0SS-12,2021-03-20 08:34:28.308,2021-03-20 08:34:27,101584.0,30962.8,1507.3,3390.0,ascending,True,/143427h3941.03N/10327.63WO093/054EOSS Balloon  www.eoss.org/A=101584!W56!,"AE0SS-12>APTT4,EOSS,qAO,W9CN-9:/143427h3941.03N/10327.63WO093/054EOSS Balloon  www.eoss.org/A=101584!W56!",93.0,62.0,99.8,39.6839166667,-103.4606,31.26,50.31,,,,,,,,0.00028944,1.87e-05,25.12222222,7.65722222,low Re,-0.007901,28.3804,0.002169,4.814939,0.048645,-0.676681,-0.20701,25.588902,-0.002409,8.650347,0.000661,1.467589,0.014827,-0.676705,-0.207055,7.799492,
EOSS-307,AE0SS-13,2021-03-20 08:34:42.389,2021-03-20 08:34:41,101929.0,31067.96,1510.0,3404.0,ascending,True,/143441h3941.05N/10327.37WO097/059EOSS Baloon/A=101929!W30!,"AE0SS-13>APTT4,EOSS,qAO,W9CN-9:/143441h3941.05N/10327.37WO097/059EOSS Baloon/A=101929!W30!",97.0,68.0,109.4,39.6842166667,-103.4561666667,31.5,50.69,,,,,,,,0.00031389,1.833e-05,25.16666667,7.67066667,low Re,0.001481,28.372619,0.002167,4.811692,0.048586,-0.666284,-0.014119,25.636629,0.000448,8.647975,0.000661,1.466599,0.014809,-0.666377,-0.014383,7.81404,
EOSS-307,KC0D-2,2021-03-20 08:34:46.943,2021-03-20 08:34:45,102040.0,31101.79,1498.0,3408.0,ascending,True,/143445h3941.06N/10327.29WO086/054/A=102040 -84T77P EOSS Balloon,"KC0D-2>APZEOS,EOSS,WIDE2-1,qAO,N6BA-10:/143445h3941.06N/10327.29WO086/054/A=102040 -84T77P EOSS Balloon",86.0,62.0,99.8,39.6843333333,-103.4548333333,31.57,50.81,16.88,-8.4,264.75,770.0,0.01,1.966e-05,0.01013205,0.00031667,2.222e-05,24.96666667,7.60966667,low Re,-0.006667,28.364392,0.002146,4.808777,0.048529,-0.706567,-0.181603,25.654462,-0.002033,8.645467,0.000654,1.465711,0.014791,-0.706688,-0.181665,7.819475,
EOSS-307,KC0D-14,2021-03-20 08:34:46.906,2021-03-20 08:34:45,102104.0,31121.3,1488.0,3408.0,ascending,True,/143445h3941.06N/10327.29WO084/053/A=102104 49T74P EOSS BALLOON,"KC0D-14>APZEOS,EOSS,WIDE2-1,qAO,N6BA-10:/143445h3941.06N/10327.29WO084/053/A=102104 49T74P EOSS BALLOON",84.0,61.0,98.2,39.6843333333,-103.4548333333,31.57,50.81,40.82,4.9,278.05,740.0,0.01,1.799e-05,0.00927153,0.00031667,2.222e-05,24.8,7.559,low Re,-0.005556,28.355803,0.002127,4.806152,0.048472,-0.739844,-0.158504,25.665296,-0.001689,8.642849,0.000648,1.464911,0.014774,-0.739874,-0.158183,7.822778,
EOSS-307,AE0SS-13,2021-03-20 08:35:12.330,2021-03-20 08:35:11,102700.0,31302.96,1542.0,3434.0,ascending,True,/143511h3941.09N/10326.84WO095/056EOSS Baloon/A=102700!W91!,"AE0SS-13>APTT4,EOSS,qAO,W9CN-9:/143511h3941.09N/10326.84WO095/056EOSS Baloon/A=102700!W91!",95.0,64.0,103.0,39.6849833333,-103.44735,31.97,51.45,,,,,,,,0.00029389,2.556e-05,25.7,7.83333333,low Re,0.03,28.349419,0.002194,4.802124,0.048432,-0.551718,0.574125,25.785869,0.009144,8.640903,0.000669,1.463683,0.014762,-0.551738,0.574109,7.859532,
EOSS-307,KC0D-14,2021-03-20 08:35:16.824,2021-03-20 08:35:15,102886.0,31359.65,1564.0,3438.0,ascending,True,/143515h3941.10N/10326.77WO083/043/A=102886 50T71P EOSS BALLOON,"KC0D-14>APZEOS,EOSS,WIDE2-1,qAO,N6BA-10:/143515h3941.10N/10326.77WO083/043/A=102886 50T71P EOSS BALLOON",83.0,49.0,78.9,39.685,-103.4461666667,32.03,51.55,41.0,5.0,278.15,710.0,0.01,1.725e-05,0.00889246,0.00028889,2.222e-05,26.06666667,7.945,low Re,0.012222,28.343945,0.002218,4.797651,0.048376,-0.474665,0.206797,25.830963,0.003722,8.639234,0.000676,1.46232,0.014745,-0.474748,0.206579,7.873278,
EOSS-307,KC0D-2,2021-03-20 08:35:16.861,2021-03-20 08:35:15,102821.0,31339.84,1562.0,3438.0,ascending,True,/143515h3941.11N/10326.77WO082/043/A=102821 -82T73P EOSS Balloon,"KC0D-2>APZEOS,EOSS,WIDE2-1,qAO,N6BA-10:/143515h3941.11N/10326.77WO082/043/A=102821 -82T73P EOSS Balloon",82.0,49.0,78.9,39.6851666667,-103.4461666667,32.03,51.55,17.24,-8.2,264.95,730.0,0.01,1.862e-05,0.00959846,0.00028889,2.778e-05,26.03333333,7.935,low Re,-0.001111,28.338417,0.00221,4.793227,0.048319,-0.480904,-0.068731,25.814789,-0.000333,8.637549,0.000674,1.460972,0.014727,-0.480878,-0.068378,7.868348,
EOSS-307,AE0SS-12,2021-03-20 08:35:28.391,2021-03-20 08:35:27,103130.0,31434.02,1546.0,3450.0,ascending,True,/143527h3941.11N/10326.58WO086/049EOSS Balloon  www.eoss.org/A=103130!W96!,"AE0SS-12>APTT4,EOSS,qAO,W9CN-9:/143527h3941.11N/10326.58WO086/049EOSS Balloon  www.eoss.org/A=103130!W96!",86.0,56.0,90.1,39.6853166667,-103.4431,32.2,51.82,,,,,,,,0.00029167,2.333e-05,25.76666667,7.85366667,low Re,-0.004444,28.332279,0.002194,4.789139,0.048262,-0.535715,-0.137541,25.895752,-0.001356,8.635678,0.000669,1.459725,0.01471,-0.535725,-0.137661,7.893029,
EOSS-307,AE0SS-13,2021-03-20 08:35:42.431,2021-03-20 08:35:41,103497.0,31545.89,1594.0,3464.0,ascending,True,/143541h3941.14N/10326.35WO090/056EOSS Baloon/A=103497!W36!,"AE0SS-13>APTT4,EOSS,qAO,N6BA-10:/143541h3941.14N/10326.35WO090/056EOSS Baloon/A=103497!W36!",90.0,64.0,103.0,39.6857166667,-103.4392666667,32.4,52.15,,,,,,,,0.00026944,2.444e-05,26.56666667,8.09766667,low Re,0.026667,28.328075,0.002253,4.784196,0.048219,-0.368172,0.506315,26.005902,0.008133,8.634397,0.000687,1.458219,0.014697,-0.368073,0.506634,7.926613,
EOSS-307,KC0D-2,2021-03-20 08:35:46.852,2021-03-20 08:35:45,103610.0,31580.33,1578.0,3468.0,ascending,True,/143545h3941.14N/10326.28WO086/052/A=103610 -80T70P EOSS Balloon,"KC0D-2>APZEOS,EOSS,WIDE2-1,qAO,N6BA-10:/143545h3941.14N/10326.28WO086/052/A=103610 -80T70P EOSS Balloon",86.0,60.0,96.6,39.6856666667,-103.438,32.47,52.25,17.6,-8.0,265.15,700.0,0.01,1.785e-05,0.00919706,0.00027222,1.667e-05,26.3,8.01633333,low Re,-0.008889,28.323258,0.002226,4.779519,0.048164,-0.423318,-0.230774,26.043081,-0.002711,8.632929,0.000679,1.456793,0.01468,-0.423256,-0.230926,7.937948,
EOSS-307,KC0D-14,2021-03-20 08:35:46.888,2021-03-20 08:35:45,103679.0,31601.36,1586.0,3468.0,ascending,True,/143545h3941.14N/10326.28WO084/053/A=103679 54T68P EOSS BALLOON,"KC0D-14>APZEOS,EOSS,WIDE2-1,qAO,N6BA-10:/143545h3941.14N/10326.28WO084/053/A=103679 54T68P EOSS BALLOON",84.0,61.0,98.2,39.6856666667,-103.438,32.47,52.25,41.72,5.4,278.55,680.0,0.01,1.65e-05,0.00850449,0.00027222,2.222e-05,26.43333333,8.057,low Re,0.004444,28.31878,0.002232,4.774726,0.048107,-0.394881,0.045981,26.066582,0.001356,8.631564,0.00068,1.455332,0.014663,-0.394799,0.046102,7.945113,
EOSS-307,AE0SS-13,2021-03-20 08:36:12.383,2021-03-20 08:36:11,104295.0,31789.12,1596.0,3494.0,ascending,True,/143611h3941.18N/10325.79WO083/062EOSS Baloon/A=104295!W86!,"AE0SS-13>APTT4,EOSS,qAO,N6BA-10:/143611h3941.18N/10325.79WO083/062EOSS Baloon/A=104295!W86!",83.0,71.0,114.3,39.6864666667,-103.4299333333,32.9,52.95,,,,,,,,0.00031111,2.5e-05,26.6,8.10766667,low Re,0.005556,28.314716,0.002239,4.769798,0.04805,-0.359494,0.069032,26.306007,0.001689,8.630326,0.000683,1.45383,0.014645,-0.359505,0.068692,8.018118,
EOSS-307,KC0D-2,2021-03-20 08:36:17.032,2021-03-20 08:36:15,104404.0,31822.34,1588.0,3498.0,ascending,True,/143615h3941.19N/10325.71WO084/051/A=104404 -77T67P EOSS Balloon,"KC0D-2>APZEOS,EOSS,WIDE2-1,qAO,N6BA-10:/143615h3941.19N/10325.71WO084/051/A=104404 -77T67P EOSS Balloon",84.0,59.0,95.0,39.6865,-103.4285,32.98,53.07,18.14,-7.7,265.45,670.0,0.01,1.706e-05,0.00879295,0.00031667,2.778e-05,26.46666667,8.067,low Re,-0.004444,28.310358,0.002224,4.765001,0.047994,-0.386924,-0.138934,26.354577,-0.001356,8.628997,0.000678,1.452368,0.014628,-0.386952,-0.139048,8.032927,
EOSS-307,KC0D-14,2021-03-20 08:36:16.996,2021-03-20 08:36:15,104468.0,31841.85,1578.0,3498.0,ascending,True,/143615h3941.19N/10325.71WO085/051/A=104468 54T64P EOSS BALLOON,"KC0D-14>APZEOS,EOSS,WIDE2-1,qAO,N6BA-10:/143615h3941.19N/10325.71WO085/051/A=104468 54T64P EOSS BALLOON",85.0,59.0,95.0,39.6865,-103.4285,32.98,53.07,41.72,5.4,278.55,640.0,0.01,1.553e-05,0.00800422,0.00031667,2.778e-05,26.3,8.01633333,low Re,-0.005556,28.305627,0.002205,4.760378,0.047939,-0.421317,-0.161893,26.384076,-0.001689,8.627556,0.000672,1.450959,0.014612,-0.421254,-0.16158,8.041924,
EOSS-307,AE0SS-12,2021-03-20 08:36:28.889,2021-03-20 08:36:27,104708.0,31915.0,1578.0,3510.0,ascending,True,/143627h3941.20N/10325.49WO085/052EOSS Balloon  www.eoss.org/A=104708!W37!,"AE0SS-12>APTT4,EOSS,qAO,KB0TVJ-1:/143627h3941.20N/10325.49WO085/052EOSS Balloon  www.eoss.org/A=104708!W37!",85.0,60.0,96.6,39.6867166667,-103.42495,33.16,53.37,,,,,,,,0.0003025,2.333e-05,26.3,8.01633333,low Re,0.0,28.300919,0.0022,4.755767,0.047882,-0.420735,-0.045946,26.501636,0.0,8.626121,0.000671,1.449553,0.014594,-0.420673,-0.045978,8.077772,
EOSS-307,AE0SS-13,2021-03-20 08:36:42.357,2021-03-20 08:36:41,103031.0,31403.85,-2528.0,0.0,descending,True,/143641h3941.20N/10325.22WO083/047EOSS Baloon/A=103031!W78!,"AE0SS-13>APTT4,EOSS,qAO,N6BA-10:/143641h3941.20N/10325.22WO083/047EOSS Baloon/A=103031!W78!",83.0,54.0,86.9,39.6867833333,-103.4204666667,33.4,53.75,,,,,,,,0.00031556,1.056e-05,-42.13333333,-12.84233333,n/a,,-42.133333,,,,,,-36.281469,,-12.842333,,,,,,-11.058656,
EOSS-307,KC0D-2,2021-03-20 08:36:46.815,2021-03-20 08:36:45,102330.0,31190.18,-4148.0,4.0,descending,True,/143645h3941.19N/10325.14WO104/044/A=102330 -75T75P EOSS Balloon,"KC0D-2>APZEOS,EOSS,WIDE2-1,qAO,N6BA-10:/143645h3941.19N/10325.14WO104/044/A=102330 -75T75P EOSS Balloon",104.0,51.0,82.1,39.6865,-103.419,33.47,53.87,18.5,-7.5,265.65,750.0,0.01,1.908e-05,0.00983544,0.00031667,0.0,-69.13333333,-21.072,n/a,-0.9,-55.633333,-0.9,19.091883,,-0.707107,,-74.88925,-0.274322,-16.957167,-0.274322,5.819253,,-0.707107,,-22.826519,
EOSS-307,KC0D-14,2021-03-20 08:36:46.772,2021-03-20 08:36:45,102381.0,31205.73,-4174.0,4.0,descending,True,/143645h3941.19N/10325.15WO103/044/A=102381 58T72P EOSS BALLOON,"KC0D-14>APZEOS,EOSS,WIDE2-1,qAO,N6BA-10:/143645h3941.19N/10325.15WO103/044/A=102381 58T72P EOSS BALLOON",103.0,51.0,82.1,39.6865,-103.4191666667,33.47,53.86,42.44,5.8,278.95,720.0,0.01,1.745e-05,0.00899184,0.00031111,0.0,-69.56666667,-21.204,n/a,-0.014444,-60.277778,-0.457222,15.715044,0.626183,-0.591083,0.707106,-72.406611,-0.0044,-18.372778,-0.139361,4.78996,0.190864,-0.591074,0.707106,-22.069563,
EOSS-307,AE0SS-13,2021-03-20 08:37:12.425,2021-03-20 08:37:11,97952.0,29855.77,-10158.0,30.0,descending,True,/143711h3941.24N/10324.77WO045/055EOSS Baloon/A=097952!W35!,"AE0SS-13>APTT4,EOSS,qAO,KB0TVJ-1:/143711h3941.24N/10324.77WO045/055EOSS Baloon/A=097952!W35!",45.0,63.0,101.4,39.6873833333,-103.4129166667,33.8,54.4,,,,,,,,0.00025167,2e-05,-169.3,-51.60266667,n/a,-3.324444,-87.533333,-1.412963,56.000919,1.713585,-1.460095,-1.115487,-163.83598,-1.013289,-26.68025,-0.43067,17.069042,0.522301,-1.460095,-1.115485,-49.937147,
EOSS-307,KC0D-14,2021-03-20 08:37:16.830,2021-03-20 08:37:15,97399.0,29687.22,-9964.0,34.0,descending,True,/143715h3941.24N/10324.72WO091/028/A=097399 63T98P EOSS BALLOON,"KC0D-14>APZEOS,EOSS,WIDE2-1,qAO,N6BA-10:/143715h3941.24N/10324.72WO091/028/A=097399 63T98P EOSS BALLOON",91.0,32.0,51.5,39.6873333333,-103.412,33.85,54.48,43.34,6.3,279.45,980.0,0.01,2.37e-05,0.012217,0.00023889,2.778e-05,-166.06666667,-50.617,n/a,0.107778,-103.24,-1.032778,59.879664,1.592402,-1.049215,0.716249,-164.558286,0.032856,-31.4676,-0.314789,18.251239,0.485365,-1.049211,0.716255,-50.157305,
EOSS-307,KC0D-2,2021-03-20 08:37:16.870,2021-03-20 08:37:15,97353.0,29673.19,-9954.0,34.0,descending,True,/143715h3941.25N/10324.71WO098/032/A=097353 -71T100P EOSS Balloon,"KC0D-2>APZEOS,EOSS,WIDE2-1,qAO,N6BA-10:/143715h3941.25N/10324.71WO098/032/A=097353 -71T100P EOSS Balloon",98.0,37.0,59.5,39.6875,-103.4118333333,33.86,54.49,19.22,-7.1,266.05,1000.0,0.01,2.541e-05,0.01309421,0.00023889,3.333e-05,-165.9,-50.56633333,n/a,0.005556,-113.683333,-0.825111,59.353505,1.455141,-0.879757,0.57085,-164.564762,0.001689,-34.650722,-0.251493,18.090876,0.443527,-0.879759,0.570838,-50.15928,
EOSS-307,AE0SS-13,2021-03-20 08:37:42.365,2021-03-20 08:37:41,93585.0,28524.71,-8734.0,60.0,descending,True,/143741h3941.29N/10324.49WO104/030EOSS Baloon/A=093585!W68!,"AE0SS-13>APTT4,EOSS,qAO,W9CN-9:/143741h3941.29N/10324.49WO104/030EOSS Baloon/A=093585!W68!",104.0,35.0,56.3,39.6882666667,-103.4083,34.05,54.81,,,,,,,,0.00015389,2.944e-05,-145.56666667,-44.36866667,n/a,0.677778,-118.238095,-0.574629,55.506034,1.438887,-0.492353,0.8704,-150.49006,0.206589,-36.039,-0.175146,16.918167,0.438573,-0.49235,0.870402,-45.869355,
EOSS-307,KC0D-2,2021-03-20 08:37:46.791,2021-03-20 08:37:45,93041.0,28358.9,-8624.0,64.0,descending,True,/143745h3941.32N/10324.46WO041/018/A=093041 -69T127P EOSS Balloon,"KC0D-2>APZEOS,EOSS,WIDE2-1,qAO,N6BA-10:/143745h3941.32N/10324.46WO041/018/A=093041 -69T127P EOSS Balloon",41.0,21.0,33.8,39.6886666667,-103.4076666667,34.09,54.87,19.58,-6.9,266.25,1270.0,0.01,3.224e-05,0.01661715,0.00013889,3.889e-05,-143.73333333,-43.80966667,n/a,0.061111,-121.425,-0.483809,52.173166,1.335315,-0.427583,0.408083,-147.553797,0.018633,-37.010333,-0.147463,15.902298,0.407005,-0.427569,0.408093,-44.974395,
EOSS-307,KC0D-14,2021-03-20 08:37:46.755,2021-03-20 08:37:45,93081.0,28371.09,-8636.0,64.0,descending,True,/143745h3941.32N/10324.47WO068/015/A=093081 68T125P EOSS BALLOON,"KC0D-14>APZEOS,EOSS,WIDE2-1,qAO,N6BA-10:/143745h3941.32N/10324.47WO068/015/A=093081 68T125P EOSS BALLOON",68.0,17.0,27.4,39.6886666667,-103.4078333333,34.08,54.85,44.24,6.8,279.95,1250.0,0.01,3.018e-05,0.01555507,0.00013889,4.444e-05,-143.93333333,-43.871,n/a,-0.006667,-123.925926,-0.424166,49.376878,1.247718,-0.405198,0.33461,-147.769189,-0.002044,-37.77263,-0.129286,15.050002,0.380304,-0.405207,0.33458,-45.040035,
EOSS-307,AE0SS-13,2021-03-20 08:38:12.349,2021-03-20 08:38:11,89621.0,27316.48,-7928.0,90.0,descending,True,/143811h3941.38N/10324.24WO045/035EOSS Baloon/A=089621!W69!,"AE0SS-13>APTT4,EOSS,qAO,W9CN-9:/143811h3941.38N/10324.24WO045/035EOSS Baloon/A=089621!W69!",45.0,40.0,64.4,39.6897666667,-103.40415,34.29,55.18,,,,,,,,0.00013833,5e-05,-132.13333333,-40.27433333,n/a,0.393333,-124.746667,-0.333333,46.62526,1.198523,-0.158426,0.606301,-131.137545,0.119889,-38.0228,-0.1016,14.211314,0.36531,-0.158432,0.606304,-39.970734,
EOSS-307,KC0D-2,2021-03-20 08:38:17.027,2021-03-20 08:38:15,89140.0,27169.87,-7802.0,94.0,descending,True,/143815h3941.38N/10324.21WO102/022/A=089140 -67T157P EOSS Balloon,"KC0D-2>APZEOS,EOSS,WIDE2-1,qAO,N6BA-10:/143815h3941.38N/10324.21WO102/022/A=089140 -67T157P EOSS Balloon",102.0,25.0,40.2,39.6896666667,-103.4035,34.32,55.24,19.94,-6.7,266.45,1570.0,0.02,3.983e-05,0.02052704,0.00013889,3.333e-05,-130.03333333,-39.63433333,n/a,0.07,-125.227273,-0.293,44.261317,1.137154,-0.108584,0.319218,-129.258658,0.021333,-38.169303,-0.089307,13.49079,0.346604,-0.108595,0.319212,-39.398048,
EOSS-307,KC0D-14,2021-03-20 08:38:16.794,2021-03-20 08:38:15,89197.0,27187.25,-7768.0,94.0,descending,True,/143815h3941.38N/10324.21WO064/024/A=089197 68T154P EOSS BALLOON,"KC0D-14>APZEOS,EOSS,WIDE2-1,qAO,N6BA-10:/143815h3941.38N/10324.21WO064/024/A=089197 68T154P EOSS BALLOON",64.0,28.0,45.1,39.6896666667,-103.4035,34.32,55.24,44.24,6.8,279.95,1540.0,0.02,3.718e-05,0.01916385,0.00014444,3.333e-05,-129.46666667,-39.46133333,n/a,0.018889,-125.580556,-0.264646,42.219251,1.08289,-0.092046,0.261832,-129.475604,0.005767,-38.276972,-0.080664,12.86837,0.330065,-0.092037,0.261861,-39.464197,
EOSS-307,AE0SS-12,2021-03-20 08:38:28.445,2021-03-20 08:38:27,87872.0,26783.39,-8418.0,106.0,descending,True,/143827h3941.39N/10324.16WO087/034EOSS Balloon  www.eoss.org/A=087872!W11!,"AE0SS-12>APTT4,EOSS,qAO,KB0TVJ-1:/143827h3941.39N/10324.16WO087/034EOSS Balloon  www.eoss.org/A=087872!W11!",87.0,39.0,62.8,39.68985,-103.4026833333,34.37,55.31,,,,,,,,0.00018556,2.611e-05,-140.3,-42.76341667,n/a,-0.090278,-126.712821,-0.250116,40.627487,1.033721,-0.334433,0.154624,-124.801067,-0.027517,-38.622083,-0.076235,12.383202,0.315078,-0.334432,0.154622,-38.039401,
EOSS-307,AE0SS-13,2021-03-20 08:38:42.384,2021-03-20 08:38:41,86093.0,26241.15,-7056.0,120.0,descending,True,/143841h3941.32N/10324.07WO185/029EOSS Baloon/A=086093!W90!,"AE0SS-13>APTT4,EOSS,qAO,W9CN-9:/143841h3941.32N/10324.07WO185/029EOSS Baloon/A=086093!W90!",185.0,33.0,53.1,39.6888166667,-103.4011666667,34.43,55.42,,,,,,,,9.944e-05,-3.167e-05,-117.6,-35.84433333,n/a,0.756667,-126.061905,-0.172671,39.109535,1.028349,0.216364,0.903718,-119.517186,0.230636,-38.423673,-0.052629,11.920535,0.313441,0.216378,0.903727,-36.428872,
EOSS-307,KC0D-14,2021-03-20 08:38:46.788,2021-03-20 08:38:45,85751.0,26136.9,-6892.0,124.0,descending,True,/143845h3941.30N/10324.05WO143/028/A=085751 71T186P EOSS BALLOON,"KC0D-14>APZEOS,EOSS,WIDE2-1,qAO,N6BA-10:/143845h3941.30N/10324.05WO143/028/A=085751 71T186P EOSS BALLOON",143.0,32.0,51.5,39.6883333333,-103.4008333333,34.45,55.44,44.78,7.1,280.25,1860.0,0.02,4.486e-05,0.02312117,8.889e-05,-4.444e-05,-114.86666667,-35.01166667,n/a,0.006667,-124.675,-0.143574,36.605716,0.95527,0.267945,0.157276,-118.595396,0.002022,-38.000964,-0.043762,11.157369,0.291167,0.267921,0.157243,-36.147888,
EOSS-307,KC0D-2,2021-03-20 08:38:46.827,2021-03-20 08:38:45,85688.0,26117.7,-6904.0,124.0,descending,True,/143845h3941.30N/10324.05WO128/039/A=085688 -66T189P EOSS Balloon,"KC0D-2>APZEOS,EOSS,WIDE2-1,qAO,N6BA-10:/143845h3941.30N/10324.05WO128/039/A=085688 -66T189P EOSS Balloon",128.0,45.0,72.4,39.6883333333,-103.4008333333,34.45,55.44,20.12,-6.6,266.55,1890.0,0.02,4.793e-05,0.02470163,8.889e-05,-4.444e-05,-115.06666667,-35.07233333,n/a,0.084444,-125.328889,-0.154306,37.793669,0.990392,0.271533,0.241066,-118.42807,0.025733,-38.20025,-0.047032,11.519461,0.301872,0.271533,0.241046,-36.096893,
EOSS-307,AE0SS-13,2021-03-20 08:39:12.386,2021-03-20 08:39:11,82832.0,25247.19,-6522.0,150.0,descending,True,/143911h3941.21N/10323.99WO278/015EOSS Baloon/A=082832!W93!,"AE0SS-13>APTT4,EOSS,qAO,W9CN-9:/143911h3941.21N/10323.99WO278/015EOSS Baloon/A=082832!W93!",278.0,17.0,27.4,39.6869833333,-103.3998833333,34.48,55.49,,,,,,,,4.278e-05,-6.111e-05,-108.7,-33.132,n/a,0.205556,-123.735294,-0.121753,35.654475,0.926997,0.421694,0.353085,-111.298654,0.062656,-37.714554,-0.037111,10.867427,0.282549,0.421678,0.353096,-33.923839,
EOSS-307,KC0D-2,2021-03-20 08:39:16.820,2021-03-20 08:39:15,82415.0,25120.09,-6546.0,154.0,descending,True,/143915h3941.21N/10323.95WO158/016/A=082415 -66T225P EOSS Balloon,"KC0D-2>APZEOS,EOSS,WIDE2-1,qAO,N6BA-10:/143915h3941.21N/10323.95WO158/016/A=082415 -66T225P EOSS Balloon",158.0,18.0,29.0,39.6868333333,-103.3991666667,34.52,55.55,20.12,-6.6,266.55,2250.0,0.02,5.706e-05,0.0294067,5.556e-05,-5e-05,-109.1,-33.25366667,n/a,-0.013333,-122.922222,-0.115376,34.761505,0.897946,0.39763,0.11364,-110.283132,-0.004056,-37.466727,-0.035166,10.595253,0.273694,0.397637,0.113667,-33.614311,
EOSS-307,KC0D-14,2021-03-20 08:39:16.784,2021-03-20 08:39:15,82466.0,25135.64,-6570.0,154.0,descending,True,/143915h3941.21N/10323.96WO112/014/A=082466 70T222P EOSS BALLOON,"KC0D-14>APZEOS,EOSS,WIDE2-1,qAO,N6BA-10:/143915h3941.21N/10323.96WO112/014/A=082466 70T222P EOSS BALLOON",112.0,16.0,25.7,39.6868333333,-103.3993333333,34.51,55.54,44.6,7.0,280.15,2220.0,0.02,5.356e-05,0.02760608,5e-05,-5e-05,-109.5,-33.37533333,n/a,-0.013333,-122.215789,-0.109707,33.922159,0.871468,0.374852,0.110588,-110.407501,-0.004056,-37.25139,-0.033438,10.339428,0.265624,0.374881,0.110615,-33.652231,
EOSS-307,AE0SS-12,2021-03-20 08:39:28.359,2021-03-20 08:39:27,81270.0,24771.1,-6602.0,166.0,descending,True,/143927h3941.19N/10323.90WO075/017EOSS Balloon  www.eoss.org/A=081270!W98!,"AE0SS-12>APTT4,EOSS,qAO,N6BA-10:/143927h3941.19N/10323.90WO075/017EOSS Balloon  www.eoss.org/A=081270!W98!",75.0,20.0,32.2,39.68665,-103.3984666667,34.55,55.61,,,,,,,,7.028e-05,-5.333e-05,-110.03333333,-33.53816667,n/a,-0.008889,-121.606667,-0.1044,33.129589,0.84723,0.349335,0.112733,-107.467044,-0.002714,-37.065729,-0.031821,10.097854,0.258236,0.349338,0.112715,-32.755978,
EOSS-307,AE0SS-13,2021-03-20 08:39:42.501,2021-03-20 08:39:41,79738.0,24304.14,-6188.0,180.0,descending,True,/143941h3941.21N/10323.84WO046/024EOSS Baloon/A=079738!W76!,"AE0SS-13>APTT4,EOSS,qAO,KB0TVJ-1:/143941h3941.21N/10323.84WO046/024EOSS Baloon/A=079738!W76!",46.0,28.0,45.1,39.68695,-103.3974333333,34.61,55.7,,,,,,,,8.167e-05,-1.11e-06,-103.13333333,-31.435,n/a,0.23,-120.726984,-0.08768,32.541387,0.828016,0.540655,0.383664,-103.591049,0.070106,-36.797599,-0.026724,9.918573,0.25238,0.540662,0.383667,-31.574554,
EOSS-307,KC0D-2,2021-03-20 08:39:47.080,2021-03-20 08:39:45,79357.0,24188.01,-6116.0,184.0,descending,True,/143945h3941.20N/10323.85WO306/015/A=079357 -65T264P EOSS Balloon,"KC0D-2>APZEOS,EOSS,WIDE2-1,qAO,N6BA-10:/143945h3941.20N/10323.85WO306/015/A=079357 -65T264P EOSS Balloon",306.0,17.0,27.4,39.6866666667,-103.3975,34.6,55.69,20.3,-6.5,266.65,2640.0,0.03,6.692e-05,0.03449092,5.556e-05,-5.56e-06,-101.93333333,-31.06933333,n/a,0.04,-119.872727,-0.0816,32.008915,0.807531,0.56045,0.150582,-102.605047,0.012189,-36.537223,-0.024871,9.756276,0.246136,0.560448,0.150567,-31.274016,
EOSS-307,KC0D-14,2021-03-20 08:39:47.052,2021-03-20 08:39:45,79399.0,24200.82,-6134.0,184.0,descending,True,/143945h3941.21N/10323.85WO099/005/A=079399 73T262P EOSS BALLOON,"KC0D-14>APZEOS,EOSS,WIDE2-1,qAO,N6BA-10:/143945h3941.21N/10323.85WO099/005/A=079399 73T262P EOSS BALLOON",99.0,6.0,9.7,39.6868333333,-103.3975,34.61,55.69,45.14,7.3,280.45,2620.0,0.03,6.315e-05,0.0325453,6.111e-05,0.0,-102.23333333,-31.16066667,n/a,-0.01,-119.105797,-0.078346,31.488529,0.788218,0.535829,0.08671,-102.714158,-0.003044,-36.30346,-0.023879,9.597666,0.240249,0.535838,0.086723,-31.307296,
EOSS-307,AE0SS-12,2021-03-20 08:39:58.458,2021-03-20 08:39:57,78284.0,23860.96,-5972.0,196.0,descending,True,/143957h3941.20N/10323.79WO104/026EOSS Balloon  www.eoss.org/A=078284!W69!,"AE0SS-12>APTT4,EOSS,qAO,N6BA-10:/143957h3941.20N/10323.79WO104/026EOSS Balloon  www.eoss.org/A=078284!W69!",104.0,30.0,48.3,39.6867666667,-103.39665,34.65,55.76,,,,,,,,6.056e-05,3.89e-06,-99.53333333,-30.338,n/a,0.09,-118.290278,-0.071026,31.054457,0.770895,0.604002,0.208882,-99.78571,0.027422,-36.054899,-0.021649,9.465356,0.234969,0.603981,0.20884,-30.414681,
EOSS-307,AE0SS-13,2021-03-20 08:40:12.257,2021-03-20 08:40:11,76781.0,23402.85,-5914.0,210.0,descending,True,/144011h3941.21N/10323.76WO328/033EOSS Baloon/A=076781!W98!,"AE0SS-13>APTT4,EOSS,qAO,W9CN-9:/144011h3941.21N/10323.76WO328/033EOSS Baloon/A=076781!W98!",328.0,38.0,61.2,39.6869833333,-103.3961333333,34.68,55.81,,,,,,,,4.333e-05,1.11e-06,-98.56666667,-30.043,n/a,0.032222,-117.501333,-0.066724,30.655467,0.754245,0.61766,0.131185,-95.764577,0.009833,-35.814423,-0.020337,9.343748,0.229894,0.617678,0.131234,-29.189048,
EOSS-307,KC0D-14,2021-03-20 08:40:17.008,2021-03-20 08:40:15,76491.0,23314.46,-5816.0,214.0,descending,True,/144015h3941.22N/10323.75WO033/003/A=076491 71T304P EOSS BALLOON,"KC0D-14>APZEOS,EOSS,WIDE2-1,qAO,N6BA-10:/144015h3941.22N/10323.75WO033/003/A=076491 71T304P EOSS BALLOON",33.0,3.0,4.8,39.687,-103.3958333333,34.7,55.84,44.78,7.1,280.25,3040.0,0.03,7.332e-05,0.03778944,5.556e-05,5.56e-06,-96.93333333,-29.54533333,n/a,0.007778,-115.98642,-0.059498,29.954299,0.723917,0.636072,0.092933,-94.984877,0.002367,-35.352676,-0.018135,9.130036,0.22065,0.63607,0.092916,-28.9514,
EOSS-307,KC0D-2,2021-03-20 08:40:17.045,2021-03-20 08:40:15,76442.0,23299.52,-5830.0,214.0,descending,True,/144015h3941.22N/10323.74WO211/015/A=076442 -66T307P EOSS Balloon,"KC0D-2>APZEOS,EOSS,WIDE2-1,qAO,N6BA-10:/144015h3941.22N/10323.74WO211/015/A=076442 -66T307P EOSS Balloon",211.0,17.0,27.4,39.687,-103.3956666667,34.7,55.85,20.12,-6.6,266.55,3070.0,0.03,7.785e-05,0.04012381,6.111e-05,1.111e-05,-97.16666667,-29.61633333,n/a,0.046667,-116.719231,-0.062189,30.299689,0.738712,0.645306,0.147359,-94.853151,0.014222,-35.576035,-0.018955,9.23531,0.22516,0.645317,0.147349,-28.911237,
EOSS-307,AE0SS-12,2021-03-20 08:40:28.477,2021-03-20 08:40:27,75452.0,22997.77,-5664.0,226.0,descending,True,/144027h3941.19N/10323.72WO090/010EOSS Balloon  www.eoss.org/A=075452!W65!,"AE0SS-12>APTT4,EOSS,qAO,W9CN-9:/144027h3941.19N/10323.72WO090/010EOSS Balloon  www.eoss.org/A=075452!W65!",90.0,12.0,19.3,39.6866,-103.3954166667,34.71,55.87,,,,,,,,4.111e-05,-5.56e-06,-94.4,-28.773,n/a,0.084444,-115.215476,-0.054167,29.676086,0.7104,0.701423,0.195117,-92.199537,0.025744,-35.117687,-0.016509,9.045241,0.21653,0.701439,0.195137,-28.10242,
EOSS-307,AE0SS-13,2021-03-20 08:40:42.315,2021-03-20 08:40:41,74094.0,22583.85,-5374.0,240.0,descending,True,/144041h3941.14N/10323.69WO173/047EOSS Baloon/A=074094!W41!,"AE0SS-13>APTT4,EOSS,qAO,W9CN-9:/144041h3941.14N/10323.69WO173/047EOSS Baloon/A=074094!W41!",173.0,54.0,86.9,39.6857333333,-103.39485,34.73,55.9,,,,,,,,4.278e-05,-4.167e-05,-89.56666667,-27.3,n/a,0.161111,-114.331034,-0.046478,29.527994,0.698306,0.838674,0.297275,-88.621929,0.0491,-34.848112,-0.014166,9.000101,0.212844,0.83867,0.297241,-27.01196,
EOSS-307,KC0D-2,2021-03-20 08:40:46.811,2021-03-20 08:40:45,73773.0,22486.01,-5338.0,244.0,descending,True,/144045h3941.14N/10323.71WO241/007/A=073773 -66T352P EOSS Balloon,"KC0D-2>APZEOS,EOSS,WIDE2-1,qAO,N6BA-10:/144045h3941.14N/10323.71WO241/007/A=073773 -66T352P EOSS Balloon",241.0,8.0,12.9,39.6856666667,-103.3951666667,34.72,55.87,20.12,-6.6,266.55,3520.0,0.03,8.926e-05,0.04600515,1.667e-05,-4.444e-05,-88.96666667,-27.117,n/a,0.02,-113.485556,-0.044186,29.381659,0.685834,0.834496,0.093588,-87.793918,0.0061,-34.590408,-0.013467,8.955501,0.209042,0.834505,0.093603,-26.759584,
EOSS-307,KC0D-14,2021-03-20 08:40:46.775,2021-03-20 08:40:45,73835.0,22504.91,-5312.0,244.0,descending,True,/144045h3941.14N/10323.71WO247/013/A=073835 72T349P EOSS BALLOON,"KC0D-14>APZEOS,EOSS,WIDE2-1,qAO,N6BA-10:/144045h3941.14N/10323.71WO247/013/A=073835 72T349P EOSS BALLOON",247.0,15.0,24.1,39.6856666667,-103.3951666667,34.72,55.87,44.96,7.2,280.35,3490.0,0.03,8.415e-05,0.04336779,2.222e-05,-4.444e-05,-88.53333333,-26.985,n/a,0.014444,-112.680645,-0.042231,29.233374,0.673991,0.826019,0.084089,-87.953196,0.0044,-34.345073,-0.012872,8.910303,0.205432,0.826018,0.084076,-26.808138,
EOSS-307,AE0SS-12,2021-03-20 08:40:58.583,2021-03-20 08:40:57,72972.0,22241.87,-4960.0,256.0,descending,True,/144057h3941.13N/10323.72WO176/015EOSS Balloon  www.eoss.org/A=072972!W09!,"AE0SS-12>APTT4,EOSS,qAO,N6BA-10:/144057h3941.13N/10323.72WO176/015EOSS Balloon  www.eoss.org/A=072972!W09!",176.0,17.0,27.4,39.6855,-103.3954833333,34.7,55.84,,,,,,,,-2.22e-06,-3.667e-05,-82.66666667,-25.19666667,n/a,0.195556,-111.742708,-0.034561,29.243357,0.664037,0.994279,0.346542,-85.76753,0.059611,-34.059185,-0.010534,8.913352,0.202399,0.994297,0.346568,-26.141953,
EOSS-307,AE0SS-13,2021-03-20 08:41:12.449,2021-03-20 08:41:11,71794.0,21882.81,-4600.0,270.0,descending,True,/144111h3941.13N/10323.70WO024/038EOSS Baloon/A=071794!W24!,"AE0SS-13>APTT4,EOSS,qAO,N6BA-10:/144111h3941.13N/10323.70WO024/038EOSS Baloon/A=071794!W24!",24.0,44.0,70.8,39.6855333333,-103.3950666667,34.72,55.88,,,,,,,,-7.22e-06,-6.67e-06,-76.66666667,-23.368,n/a,0.2,-110.679798,-0.027231,29.423331,0.654554,1.155992,0.347154,-82.912361,0.060956,-33.73521,-0.0083,8.968209,0.199508,1.155996,0.347134,-25.271684,
EOSS-307,KC0D-2,2021-03-20 08:41:17.095,2021-03-20 08:41:15,71502.0,21793.81,-4542.0,274.0,descending,True,/144115h3941.13N/10323.67WO252/009/A=071502 -67T396P EOSS Balloon,"KC0D-2>APZEOS,EOSS,WIDE2-1,qAO,N6BA-10:/144115h3941.13N/10323.67WO252/009/A=071502 -67T396P EOSS Balloon",252.0,10.0,16.1,39.6855,-103.3945,34.75,55.92,19.94,-6.7,266.45,3960.0,0.04,0.00010046,0.05177521,2.222e-05,-5.56e-06,-75.7,-23.07333333,n/a,0.032222,-109.65098,-0.025429,29.588612,0.644328,1.147434,0.089475,-82.231095,0.009822,-33.421625,-0.007751,9.018589,0.196391,1.14744,0.08948,-25.064038,
EOSS-307,KC0D-14,2021-03-20 08:41:16.782,2021-03-20 08:41:15,71546.0,21807.22,-4578.0,274.0,descending,True,/144115h3941.13N/10323.68WO012/010/A=071546 70T394P EOSS BALLOON,"KC0D-14>APZEOS,EOSS,WIDE2-1,qAO,N6BA-10:/144115h3941.13N/10323.68WO012/010/A=071546 70T394P EOSS BALLOON",12.0,12.0,19.3,39.6855,-103.3946666667,34.74,55.91,44.6,7.0,280.15,3940.0,0.04,9.507e-05,0.04899458,1.667e-05,-5.56e-06,-76.3,-23.25633333,n/a,-0.02,-108.698095,-0.02527,29.690335,0.634491,1.0912,0.008306,-82.333031,-0.0061,-33.131188,-0.007702,9.049592,0.193393,1.091193,0.008284,-25.095105,
EOSS-307,AE0SS-12,2021-03-20 08:41:28.457,2021-03-20 08:41:27,70606.0,21520.71,-4732.0,286.0,descending,True,/144127h3941.17N/10323.68WO022/013EOSS Balloon  www.eoss.org/A=070606!W21!,"AE0SS-12>APTT4,EOSS,qAO,N6BA-10:/144127h3941.17N/10323.68WO022/013EOSS Balloon  www.eoss.org/A=070606!W21!",22.0,15.0,24.1,39.6862,-103.3946833333,34.75,55.92,,,,,,,,2.667e-05,2.333e-05,-78.86666667,-24.03866667,n/a,-0.085556,-107.869444,-0.026992,29.682481,0.625174,0.977101,-0.093676,-80.213376,-0.026078,-32.878618,-0.008227,9.047196,0.190553,0.977093,-0.09368,-24.449039,
EOSS-307,AE0SS-13,2021-03-20 08:41:42.465,2021-03-20 08:41:41,69369.0,21143.67,-4850.0,300.0,descending,True,/144141h3941.16N/10323.68WO201/030EOSS Baloon/A=069369!W00!,"AE0SS-13>APTT4,EOSS,qAO,W9CN-9:/144141h3941.16N/10323.68WO201/030EOSS Baloon/A=069369!W00!",201.0,35.0,56.3,39.686,-103.3946666667,34.75,55.92,,,,,,,,1.333e-05,1.556e-05,-80.83333333,-24.638,n/a,-0.065556,-107.138739,-0.028063,29.602897,0.616212,0.888609,-0.060844,-77.620351,-0.019978,-32.655899,-0.008553,9.022939,0.187821,0.888613,-0.060829,-23.658681,
EOSS-307,KC0D-2,2021-03-20 08:41:47.101,2021-03-20 08:41:45,69081.0,21055.89,-4842.0,304.0,descending,True,/144145h3941.17N/10323.67WO100/029/A=069081 -68T448P EOSS Balloon,"KC0D-2>APZEOS,EOSS,WIDE2-1,qAO,N6BA-10:/144145h3941.17N/10323.67WO100/029/A=069081 -68T448P EOSS Balloon",100.0,33.0,53.1,39.6861666667,-103.3945,34.76,55.94,19.76,-6.8,266.35,4480.0,0.04,0.00011369,0.05859597,0.0,2.222e-05,-80.7,-24.59733333,n/a,-0.01,-105.775214,-0.026469,29.419557,0.599372,0.852331,0.027477,-77.049991,-0.003044,-32.240297,-0.008068,8.967058,0.182689,0.852338,0.0275,-23.48484,
EOSS-307,KC0D-14,2021-03-20 08:41:47.098,2021-03-20 08:41:45,69134.0,21072.04,-4824.0,304.0,descending,True,/144145h3941.16N/10323.67WO117/016/A=069134 71T446P EOSS BALLOON,"KC0D-14>APZEOS,EOSS,WIDE2-1,qAO,N6BA-10:/144145h3941.16N/10323.67WO117/016/A=069134 71T446P EOSS BALLOON",117.0,18.0,29.0,39.686,-103.3945,34.75,55.93,44.78,7.1,280.25,4460.0,0.04,0.00010757,0.05544108,5.56e-06,1.667e-05,-80.4,-24.506,n/a,0.014444,-106.435088,-0.026914,29.520529,0.607633,0.881932,0.068064,-77.153996,0.0044,-32.441428,-0.008203,8.997833,0.185207,0.881927,0.068048,-23.516532,
EOSS-307,AE0SS-12,2021-03-20 08:41:58.579,2021-03-20 08:41:57,68309.0,20820.58,-4594.0,316.0,descending,True,/144157h3941.11N/10323.59WO194/004EOSS Balloon  www.eoss.org/A=068309!W14!,"AE0SS-12>APTT4,EOSS,qAO,N6BA-10:/144157h3941.11N/10323.59WO194/004EOSS Balloon  www.eoss.org/A=068309!W14!",194.0,5.0,8.0,39.6851833333,-103.3932333333,34.81,56.03,,,,,,,,4.833e-05,-3.389e-05,-76.56666667,-23.33766667,n/a,0.137778,-105.045,-0.022258,29.404868,0.592017,0.96849,0.270323,-75.583989,0.041989,-32.017731,-0.006784,8.962578,0.180447,0.968479,0.27029,-23.037995,
EOSS-307,AE0SS-13,2021-03-20 08:42:12.340,2021-03-20 08:42:11,67161.0,20470.67,-4416.0,330.0,descending,True,/144211h3941.15N/10323.56WO017/036EOSS Baloon/A=067161!W28!,"AE0SS-13>APTT4,EOSS,qAO,KB0TVJ-1:/144211h3941.15N/10323.56WO017/036EOSS Baloon/A=067161!W28!",17.0,41.0,66.0,39.6858666667,-103.3928,34.84,56.07,,,,,,,,6.222e-05,-4.44e-06,-73.6,-22.43333333,n/a,0.098889,-104.278049,-0.019229,29.447358,0.584692,1.041793,0.202017,-73.571107,0.030144,-31.783965,-0.005861,8.975528,0.178214,1.041792,0.202032,-22.42447,
EOSS-307,KC0D-2,2021-03-20 08:42:16.801,2021-03-20 08:42:15,66867.0,20381.06,-4428.0,334.0,descending,True,/144215h3941.13N/10323.55WO231/020/A=066867 -69T502P EOSS Balloon,"KC0D-2>APZEOS,EOSS,WIDE2-1,qAO,N6BA-10:/144215h3941.13N/10323.55WO231/020/A=066867 -69T502P EOSS Balloon",231.0,23.0,37.0,39.6855,-103.3925,34.85,56.09,19.58,-6.9,266.25,5020.0,0.05,0.00012745,0.06568354,6.667e-05,-2.222e-05,-73.8,-22.49433333,n/a,-0.006667,-103.552381,-0.018923,29.463772,0.57734,1.009795,0.021228,-73.086789,-0.002033,-31.562784,-0.005767,8.98053,0.175973,1.00979,0.021219,-22.276852,
EOSS-307,KC0D-14,2021-03-20 08:42:16.765,2021-03-20 08:42:15,66922.0,20397.83,-4424.0,334.0,descending,True,/144215h3941.14N/10323.56WO264/008/A=066922 68T499P EOSS BALLOON,"KC0D-14>APZEOS,EOSS,WIDE2-1,qAO,N6BA-10:/144215h3941.14N/10323.56WO264/008/A=066922 68T499P EOSS BALLOON",264.0,9.0,14.5,39.6856666667,-103.3926666667,34.85,56.08,44.24,6.8,279.95,4990.0,0.05,0.00012049,0.06209584,6.111e-05,-1.111e-05,-73.73333333,-22.47366667,n/a,0.002222,-102.858915,-0.018419,29.463927,0.570265,0.988517,0.036195,-73.176453,0.000689,-31.351409,-0.005614,8.980585,0.173817,0.988548,0.036262,-22.304192,
EOSS-307,AE0SS-12,2021-03-20 08:42:28.408,2021-03-20 08:42:27,66081.0,20141.49,-4456.0,346.0,descending,True,/144227h3941.12N/10323.56WO035/002EOSS Balloon  www.eoss.org/A=066081!W88!,"AE0SS-12>APTT4,EOSS,qAO,W9CN-9:/144227h3941.12N/10323.56WO035/002EOSS Balloon  www.eoss.org/A=066081!W88!",35.0,2.0,3.2,39.6854666667,-103.3928,34.84,56.07,,,,,,,,1.444e-05,9.44e-06,-74.26666667,-22.63633333,n/a,-0.017778,-102.209091,-0.018404,29.43661,0.563436,0.949241,0.001111,-71.851254,-0.005422,-31.153339,-0.005609,8.972262,0.171735,0.94926,0.001089,-21.900266,
EOSS-307,AE0SS-13,2021-03-20 08:42:42.493,2021-03-20 08:42:41,64969.0,19802.55,-4384.0,360.0,descending,True,/144241h3941.10N/10323.52WO120/035EOSS Baloon/A=064969!W73!,"AE0SS-13>APTT4,EOSS,qAO,W9CN-9:/144241h3941.10N/10323.52WO120/035EOSS Baloon/A=064969!W73!",120.0,40.0,64.4,39.6851166667,-103.39205,34.87,56.13,,,,,,,,2.5e-05,-2.5e-05,-73.06666667,-22.27066667,n/a,0.04,-101.561481,-0.017077,29.422669,0.556915,0.968465,0.102488,-70.24016,0.012189,-30.955946,-0.005205,8.968015,0.169748,0.968473,0.10247,-21.409201,
EOSS-307,KC0D-2,2021-03-20 08:42:46.813,2021-03-20 08:42:45,64708.0,19723.0,-4318.0,364.0,descending,True,/144245h3941.10N/10323.53WO019/018/A=064708 -71T560P EOSS Balloon,"KC0D-2>APZEOS,EOSS,WIDE2-1,qAO,N6BA-10:/144245h3941.10N/10323.53WO019/018/A=064708 -71T560P EOSS Balloon",19.0,21.0,33.8,39.685,-103.3921666667,34.87,56.11,19.22,-7.1,266.05,5600.0,0.06,0.00014228,0.07332756,1.111e-05,-1.667e-05,-71.96666667,-21.93533333,n/a,0.036667,-100.918116,-0.015883,29.419315,0.550609,0.984097,0.09544,-69.883218,0.011178,-30.759846,-0.004841,8.966995,0.167826,0.98411,0.09545,-21.300409,
EOSS-307,KC0D-14,2021-03-20 08:42:46.776,2021-03-20 08:42:45,64748.0,19735.19,-4348.0,364.0,descending,True,/144245h3941.10N/10323.53WO093/013/A=064748 69T558P EOSS BALLOON,"KC0D-14>APZEOS,EOSS,WIDE2-1,qAO,N6BA-10:/144245h3941.10N/10323.53WO093/013/A=064748 69T558P EOSS BALLOON",93.0,15.0,24.1,39.685,-103.3921666667,34.87,56.11,44.42,6.9,280.05,5580.0,0.06,0.00013468,0.06941304,1.667e-05,-2.222e-05,-72.46666667,-22.088,n/a,-0.016667,-100.312766,-0.0159,29.392244,0.544456,0.947396,-0.001409,-69.937433,-0.005089,-30.575339,-0.004846,8.958741,0.16595,0.947381,-0.001464,-21.316932,
EOSS-307,AE0SS-12,2021-03-20 08:42:58.463,2021-03-20 08:42:57,63948.0,19491.35,-4266.0,376.0,descending,True,/144257h3941.09N/10323.44WO092/038EOSS Balloon  www.eoss.org/A=063948!W70!,"AE0SS-12>APTT4,EOSS,qAO,N6BA-10:/144257h3941.09N/10323.44WO092/038EOSS Balloon  www.eoss.org/A=063948!W70!",92.0,44.0,70.8,39.68495,-103.3906666667,34.95,56.24,,,,,,,,7.111e-05,-1.722e-05,-71.1,-21.67133333,n/a,0.045556,-99.704167,-0.014592,29.382001,0.53858,0.973527,0.111679,-68.884791,0.013889,-30.389839,-0.004448,8.955618,0.164159,0.973524,0.111703,-20.996086,
EOSS-307,AE0SS-13,2021-03-20 08:43:12.330,2021-03-20 08:43:11,62951.0,19187.46,-4036.0,390.0,descending,True,/144311h3941.10N/10323.33WO315/015EOSS Baloon/A=062951!W53!,"AE0SS-13>APTT4,EOSS,qAO,W9CN-9:/144311h3941.10N/10323.33WO315/015EOSS Baloon/A=062951!W53!",315.0,17.0,27.4,39.6850833333,-103.3888833333,35.04,56.39,,,,,,,,0.00010556,-1.11e-06,-67.26666667,-20.503,n/a,0.127778,-99.042177,-0.011626,29.441294,0.533216,1.079284,0.26144,-67.655856,0.038944,-30.188066,-0.003544,8.973689,0.162524,1.079274,0.261426,-20.621502,
EOSS-307,KC0D-14,2021-03-20 08:43:16.779,2021-03-20 08:43:15,62745.0,19124.68,-4006.0,394.0,descending,True,/144315h3941.12N/10323.29WO079/024/A=062745 65T618P EOSS BALLOON,"KC0D-14>APZEOS,EOSS,WIDE2-1,qAO,N6BA-10:/144315h3941.12N/10323.29WO079/024/A=062745 65T618P EOSS BALLOON",79.0,28.0,45.1,39.6853333333,-103.3881666667,35.08,56.46,43.7,6.5,279.65,6180.0,0.06,0.00014938,0.07698677,0.00013333,1.111e-05,-66.76666667,-20.35033333,n/a,0.016667,-98.396667,-0.011049,29.49465,0.527648,1.072398,0.052527,-67.411711,0.005089,-29.991312,-0.003367,8.989956,0.160827,1.072417,0.052578,-20.547097,
EOSS-307,KC0D-2,2021-03-20 08:43:16.925,2021-03-20 08:43:15,62709.0,19113.7,-3998.0,394.0,descending,True,/144315h3941.12N/10323.28WO110/033/A=062709 -72T621P EOSS Balloon,"KC0D-2>APZEOS,EOSS,WIDE2-1,qAO,N6BA-10:/144315h3941.12N/10323.28WO110/033/A=062709 -72T621P EOSS Balloon",110.0,38.0,61.2,39.6853333333,-103.388,35.09,56.47,19.04,-7.2,265.95,6210.0,0.06,0.00015784,0.0813456,0.00013889,1.111e-05,-66.63333333,-20.31,n/a,0.004444,-97.773856,-0.010739,29.535034,0.522241,1.054359,0.029073,-67.369351,0.001344,-29.801482,-0.003273,9.002262,0.159179,1.054344,0.029005,-20.534177,
EOSS-307,AE0SS-12,2021-03-20 08:43:28.419,2021-03-20 08:43:27,62032.0,18907.35,-3832.0,406.0,descending,True,/144327h3941.13N/10323.17WO048/028EOSS Balloon  www.eoss.org/A=062032!W05!,"AE0SS-12>APTT4,EOSS,qAO,KB0TVJ-1:/144327h3941.13N/10323.17WO048/028EOSS Balloon  www.eoss.org/A=062032!W05!",48.0,32.0,51.5,39.6855,-103.38625,35.18,56.62,,,,,,,,0.00014722,1.833e-05,-63.86666667,-19.46666667,n/a,0.092222,-97.121795,-0.00872,29.619648,0.517193,1.122739,0.195173,-66.58814,0.028111,-29.602736,-0.002658,9.02805,0.15764,1.122731,0.195185,-20.296064,
EOSS-307,AE0SS-13,2021-03-20 08:43:42.393,2021-03-20 08:43:41,61110.0,18626.33,-3682.0,420.0,descending,True,/144341h3941.14N/10323.01WO122/044EOSS Baloon/A=061110!W72!,"AE0SS-13>APTT4,EOSS,qAO,W9CN-9:/144341h3941.14N/10323.01WO122/044EOSS Baloon/A=061110!W72!",122.0,51.0,82.1,39.6857833333,-103.3835333333,35.33,56.86,,,,,,,,0.00017833,2.333e-05,-61.36666667,-18.70433333,n/a,0.083333,-96.44717,-0.00695,29.741776,0.512256,1.179503,0.176246,-65.562756,0.025411,-29.397105,-0.002118,9.065281,0.156136,1.17953,0.176314,-19.983533,
EOSS-307,KC0D-2,2021-03-20 08:43:47.029,2021-03-20 08:43:45,60864.0,18551.35,-3690.0,424.0,descending,True,/144345h3941.17N/10323.00WO047/043/A=060864 -74T682P EOSS Balloon,"KC0D-2>APZEOS,EOSS,WIDE2-1,qAO,N6BA-10:/144345h3941.17N/10323.00WO047/043/A=060864 -74T682P EOSS Balloon",47.0,49.0,78.9,39.6861666667,-103.3833333333,35.34,56.88,18.68,-7.4,265.75,6820.0,0.07,0.00017347,0.0894033,0.00015556,2.778e-05,-61.5,-18.745,n/a,-0.004444,-95.8,-0.006903,29.841245,0.507307,1.149416,0.004847,-65.294841,-0.001356,-29.199844,-0.002104,9.095604,0.154627,1.149439,0.004837,-19.901873,
EOSS-307,KC0D-14,2021-03-20 08:43:46.992,2021-03-20 08:43:45,60907.0,18564.45,-3676.0,424.0,descending,True,/144345h3941.17N/10322.99WO067/034/A=060907 65T680P EOSS BALLOON,"KC0D-14>APZEOS,EOSS,WIDE2-1,qAO,N6BA-10:/144345h3941.17N/10322.99WO067/034/A=060907 65T680P EOSS BALLOON",67.0,39.0,62.8,39.6861666667,-103.3831666667,35.35,56.89,43.7,6.5,279.65,6800.0,0.07,0.00016437,0.08471036,0.00016667,2.778e-05,-61.26666667,-18.67433333,n/a,0.007778,-95.172121,-0.006631,29.928113,0.502502,1.132896,0.028675,-65.341533,0.002356,-29.008471,-0.002021,9.122076,0.153163,1.132871,0.028577,-19.916098,
EOSS-307,AE0SS-12,2021-03-20 08:43:58.440,2021-03-20 08:43:57,60185.0,18344.39,-3694.0,436.0,descending,True,/144357h3941.18N/10322.88WO099/031EOSS Balloon  www.eoss.org/A=060185!W93!,"AE0SS-12>APTT4,EOSS,qAO,N6BA-10:/144357h3941.18N/10322.88WO099/031EOSS Balloon  www.eoss.org/A=060185!W93!",99.0,36.0,57.9,39.6864833333,-103.3813833333,35.45,57.05,,,,,,,,0.00016222,3.278e-05,-61.56666667,-18.76533333,n/a,-0.01,-94.572024,-0.006692,29.992885,0.497828,1.10044,-0.006645,-64.563822,-0.003033,-28.825558,-0.002039,9.141823,0.151738,1.100462,-0.006551,-19.679058,
EOSS-307,AE0SS-13,2021-03-20 08:44:12.325,2021-03-20 08:44:11,59217.0,18049.34,-3786.0,450.0,descending,True,/144411h3941.17N/10322.76WO133/047EOSS Baloon/A=059217!W74!,"AE0SS-13>APTT4,EOSS,qAO,W9CN-9:/144411h3941.17N/10322.76WO133/047EOSS Baloon/A=059217!W74!",133.0,54.0,86.9,39.6862833333,-103.3794,35.55,57.21,,,,,,,,0.00013778,1.667e-05,-63.1,-19.233,n/a,-0.051111,-94.019883,-0.007485,30.014769,0.493317,1.030156,-0.088434,-63.53349,-0.015589,-28.657268,-0.002281,9.148491,0.150363,1.030145,-0.088506,-19.365008,
EOSS-307,KC0D-14,2021-03-20 08:44:16.759,2021-03-20 08:44:15,59016.0,17988.08,-3782.0,454.0,descending,True,/144415h3941.19N/10322.73WO085/036/A=059016 62T748P EOSS BALLOON,"KC0D-14>APZEOS,EOSS,WIDE2-1,qAO,N6BA-10:/144415h3941.19N/10322.73WO085/036/A=059016 62T748P EOSS BALLOON",85.0,41.0,66.0,39.6865,-103.3788333333,35.58,57.27,43.16,6.2,279.35,7480.0,0.07,0.000181,0.09328147,0.00014444,1.111e-05,-63.03333333,-19.21233333,n/a,0.002222,-93.485632,-0.007315,30.027253,0.488894,1.014155,0.019507,-63.319968,0.000689,-28.494424,-0.002229,9.1523,0.149015,1.014181,0.019582,-19.299932,
EOSS-307,KC0D-2,2021-03-20 08:44:16.796,2021-03-20 08:44:15,58974.0,17975.28,-3780.0,454.0,descending,True,/144415h3941.20N/10322.73WO073/055/A=058974 -76T750P EOSS Balloon,"KC0D-2>APZEOS,EOSS,WIDE2-1,qAO,N6BA-10:/144415h3941.20N/10322.73WO073/055/A=058974 -76T750P EOSS Balloon",73.0,63.0,101.4,39.6866666667,-103.3788333333,35.58,57.27,18.32,-7.6,265.55,7500.0,0.07,0.00019091,0.09839146,0.00015,1.667e-05,-63.0,-19.20233333,n/a,0.001111,-92.968927,-0.00717,30.030694,0.484588,0.997943,0.017089,-63.275334,0.000333,-28.336931,-0.002185,9.15335,0.147703,0.997951,0.017048,-19.286329,
EOSS-307,AE0SS-12,2021-03-20 08:44:28.374,2021-03-20 08:44:27,58232.0,17749.11,-3906.0,466.0,descending,True,/144427h3941.22N/10322.55WO087/043EOSS Balloon  www.eoss.org/A=058232!W30!,"AE0SS-12>APTT4,EOSS,qAO,W9CN-9:/144427h3941.22N/10322.55WO087/043EOSS Balloon  www.eoss.org/A=058232!W30!",87.0,49.0,78.9,39.68705,-103.3758333333,35.75,57.53,,,,,,,,0.000185,1.889e-05,-65.1,-19.84266667,n/a,-0.07,-92.504444,-0.008234,29.991694,0.480462,0.913734,-0.128555,-62.484282,-0.021344,-28.19536,-0.00251,9.141461,0.146445,0.913715,-0.128608,-19.045207,
EOSS-307,AE0SS-13,2021-03-20 08:44:42.296,2021-03-20 08:44:41,57245.0,17448.28,-3944.0,480.0,descending,True,/144441h3941.28N/10322.38WO004/026EOSS Baloon/A=057245!W75!,"AE0SS-13>APTT4,EOSS,qAO,W9CN-9:/144441h3941.28N/10322.38WO004/026EOSS Baloon/A=057245!W75!",4.0,30.0,48.3,39.6881166667,-103.3730833333,35.9,57.78,,,,,,,,0.00021056,6.111e-05,-65.73333333,-20.03533333,n/a,-0.021111,-92.065574,-0.008449,29.937586,0.476376,0.879571,-0.02658,-61.417174,-0.006422,-28.061589,-0.002575,9.124971,0.1452,0.879592,-0.026494,-18.719961,
EOSS-307,KC0D-14,2021-03-20 08:44:46.767,2021-03-20 08:44:45,57053.0,17389.75,-3926.0,484.0,descending,True,/144445h3941.31N/10322.33WO072/031/A=057053 61T826P EOSS BALLOON,"KC0D-14>APZEOS,EOSS,WIDE2-1,qAO,N6BA-10:/144445h3941.31N/10322.33WO072/031/A=057053 61T826P EOSS BALLOON",72.0,36.0,57.9,39.6885,-103.3721666667,35.95,57.86,42.98,6.1,279.25,8260.0,0.08,0.00019994,0.10304557,0.00022222,6.667e-05,-65.43333333,-19.94433333,n/a,0.01,-91.636022,-0.008147,29.88321,0.472395,0.876836,0.038415,-61.206644,0.003033,-27.930665,-0.002483,9.108394,0.143986,0.87681,0.038309,-18.655782,
EOSS-307,KC0D-2,2021-03-20 08:44:46.805,2021-03-20 08:44:45,57009.0,17376.34,-3930.0,484.0,descending,True,/144445h3941.31N/10322.32WO096/038/A=057009 -79T830P EOSS Balloon,"KC0D-2>APZEOS,EOSS,WIDE2-1,qAO,N6BA-10:/144445h3941.31N/10322.32WO096/038/A=057009 -79T830P EOSS Balloon",96.0,44.0,70.8,39.6885,-103.372,35.96,57.88,17.78,-7.9,265.25,8300.0,0.08,0.00021151,0.1090097,0.00022778,6.111e-05,-65.5,-19.96466667,n/a,-0.002222,-91.221164,-0.008051,29.823575,0.468508,0.862444,0.012442,-61.158237,-0.000678,-27.804221,-0.002454,9.090214,0.142801,0.862417,0.012437,-18.641029,
EOSS-307,AE0SS-12,2021-03-20 08:44:58.453,2021-03-20 08:44:57,56342.0,17173.04,-3780.0,496.0,descending,True,/144457h3941.32N/10322.18WO081/016EOSS Balloon  www.eoss.org/A=056342!W86!,"AE0SS-12>APTT4,EOSS,qAO,N6BA-10:/144457h3941.32N/10322.18WO081/016EOSS Balloon  www.eoss.org/A=056342!W86!",81.0,18.0,29.0,39.6888,-103.3697666667,36.08,58.07,,,,,,,,0.00020222,5.833e-05,-63.0,-19.20233333,n/a,0.083333,-90.780208,-0.006601,29.795499,0.464857,0.932363,0.193466,-60.416328,0.025411,-27.669816,-0.002012,9.081657,0.141689,0.932372,0.193544,-18.414897,
EOSS-307,AE0SS-13,2021-03-20 08:45:12.708,2021-03-20 08:45:11,55450.0,16901.16,-3590.0,510.0,descending,True,/144511h3941.34N/10322.00WO056/043EOSS Baloon/A=055450!W12!,"AE0SS-13>APTT4,EOSS,qAO,N6BA-10:/144511h3941.34N/10322.00WO056/043EOSS Baloon/A=055450!W12!",56.0,49.0,78.9,39.6890166667,-103.3667,36.25,58.33,,,,,,,,0.00021278,3e-05,-59.83333333,-18.23733333,n/a,0.105556,-90.304103,-0.004848,29.80997,0.461366,1.022167,0.239298,-59.396935,0.032167,-27.524701,-0.001478,9.086066,0.140624,1.022155,0.239255,-18.104187,
EOSS-307,KC0D-14,2021-03-20 08:45:16.814,2021-03-20 08:45:15,55279.0,16849.04,-3548.0,514.0,descending,True,/144515h3941.33N/10321.91WO101/053/A=055279 57T905P EOSS BALLOON,"KC0D-14>APZEOS,EOSS,WIDE2-1,qAO,N6BA-10:/144515h3941.33N/10321.91WO101/053/A=055279 57T905P EOSS BALLOON",101.0,61.0,98.2,39.6888333333,-103.3651666667,36.33,58.46,42.26,5.7,278.85,9050.0,0.09,0.00021938,0.11306297,0.00023333,1.111e-05,-59.13333333,-18.02366667,n/a,0.023333,-89.831818,-0.004415,29.827579,0.457761,1.029198,0.060617,-59.197537,0.007122,-27.380746,-0.001345,9.091437,0.139526,1.029219,0.060684,-18.043412,
EOSS-307,KC0D-2,2021-03-20 08:45:16.778,2021-03-20 08:45:15,55231.0,16834.41,-3556.0,514.0,descending,True,/144515h3941.34N/10321.90WO110/064/A=055231 -81T908P EOSS Balloon,"KC0D-2>APZEOS,EOSS,WIDE2-1,qAO,N6BA-10:/144515h3941.34N/10321.90WO110/064/A=055231 -81T908P EOSS Balloon",110.0,74.0,119.1,39.689,-103.365,36.34,58.48,17.42,-8.1,265.05,9080.0,0.09,0.00023157,0.11934397,0.00023333,1.667e-05,-59.26666667,-18.06433333,n/a,-0.004444,-89.375622,-0.004415,29.83535,0.454226,1.009171,-6.4e-05,-59.141323,-0.001356,-27.241695,-0.001345,9.093808,0.138448,1.009188,-7.9e-05,-18.026278,
EOSS-307,AE0SS-12,2021-03-20 08:45:28.370,2021-03-20 08:45:27,54590.0,16639.03,-3504.0,526.0,descending,True,/144527h3941.33N/10321.66WO093/046EOSS Balloon  www.eoss.org/A=054590!W43!,"AE0SS-12>APTT4,EOSS,qAO,W9CN-9:/144527h3941.33N/10321.66WO093/046EOSS Balloon  www.eoss.org/A=054590!W43!",93.0,53.0,85.3,39.6889,-103.36105,36.54,58.81,,,,,,,,0.00029056,3.33e-06,-58.4,-17.80033333,n/a,0.028889,-88.920098,-0.003918,29.849162,0.45079,1.022478,0.072777,-58.380085,0.0088,-27.102852,-0.001194,9.098018,0.137401,1.022477,0.072736,-17.794249,
EOSS-307,AE0SS-13,2021-03-20 08:45:42.306,2021-03-20 08:45:41,53750.0,16383.0,-3400.0,540.0,descending,True,/144541h3941.37N/10321.42WO050/039EOSS Baloon/A=053750!W32!,"AE0SS-13>APTT4,EOSS,qAO,W9CN-9:/144541h3941.37N/10321.42WO050/039EOSS Baloon/A=053750!W32!",50.0,45.0,72.4,39.68955,-103.3570333333,36.76,59.16,,,,,,,,0.00032222,1.778e-05,-56.66666667,-17.272,n/a,0.057778,-88.452657,-0.003011,29.88221,0.447476,1.063709,0.135849,-57.351507,0.017611,-26.960376,-0.000918,9.108091,0.136391,1.063711,0.135852,-17.480741,
EOSS-307,KC0D-2,2021-03-20 08:45:46.785,2021-03-20 08:45:45,53541.0,16319.3,-3380.0,544.0,descending,True,/144545h3941.39N/10321.32WO098/060/A=053541 -84T988P EOSS Balloon,"KC0D-2>APZEOS,EOSS,WIDE2-1,qAO,N6BA-10:/144545h3941.39N/10321.32WO098/060/A=053541 -84T988P EOSS Balloon",98.0,69.0,111.0,39.6898333333,-103.3553333333,36.85,59.31,16.88,-8.4,264.75,9880.0,0.1,0.00025225,0.13000601,0.00032222,2.778e-05,-56.33333333,-17.17033333,n/a,0.011111,-87.99381,-0.002806,29.912257,0.444176,1.058445,0.031332,-57.089941,0.003389,-26.820518,-0.000855,9.11725,0.135385,1.058453,0.031348,-17.40102,
EOSS-307,KC0D-14,2021-03-20 08:45:47.046,2021-03-20 08:45:45,53588.0,16333.62,-3382.0,544.0,descending,True,/144545h3941.38N/10321.33WO083/054/A=053588 56T986P EOSS BALLOON,"KC0D-14>APZEOS,EOSS,WIDE2-1,qAO,N6BA-10:/144545h3941.38N/10321.33WO083/054/A=053588 56T986P EOSS BALLOON",83.0,62.0,99.8,39.6896666667,-103.3555,36.84,59.29,42.08,5.6,278.75,9860.0,0.1,0.0002391,0.12322661,0.00032222,2.778e-05,-56.36666667,-17.18066667,n/a,-0.001111,-87.548357,-0.002782,29.934085,0.440946,1.041678,0.00379,-57.14896,-0.000344,-26.684745,-0.000848,9.123902,0.1344,1.041668,0.00375,-17.419002,
EOSS-307,AE0SS-12,2021-03-20 08:45:58.701,2021-03-20 08:45:57,52946.0,16137.94,-3288.0,556.0,descending,True,/144557h3941.41N/10321.07WO066/051EOSS Balloon  www.eoss.org/A=052946!W89!,"AE0SS-12>APTT4,EOSS,qAO,N6BA-10:/144557h3941.41N/10321.07WO066/051EOSS Balloon  www.eoss.org/A=052946!W89!",66.0,59.0,95.0,39.6903,-103.3513166667,37.07,59.66,,,,,,,,0.00032444,4.667e-05,-54.8,-16.703,n/a,0.052222,-87.093519,-0.002007,29.972058,0.437834,1.077454,0.123857,-56.332789,0.015922,-26.54611,-0.000612,9.135477,0.133452,1.07746,0.123895,-17.170235,
EOSS-307,AE0SS-13,2021-03-20 08:46:12.377,2021-03-20 08:46:11,52123.0,15887.09,-3254.0,570.0,descending,True,/144611h3941.50N/10320.80WO066/082EOSS Baloon/A=052123!W25!,"AE0SS-13>APTT4,EOSS,qAO,N6BA-10:/144611h3941.50N/10320.80WO066/082EOSS Baloon/A=052123!W25!",66.0,94.0,151.3,39.6917,-103.34675,37.32,60.06,,,,,,,,0.00034278,7.167e-05,-54.23333333,-16.53033333,n/a,0.018889,-86.643379,-0.001717,30.010651,0.434746,1.079951,0.047398,-55.255055,0.005756,-26.408908,-0.000523,9.14724,0.132511,1.079951,0.047385,-16.841742,
EOSS-307,KC0D-2,2021-03-20 08:46:16.827,2021-03-20 08:46:15,51911.0,15822.47,-3260.0,574.0,descending,True,/144615h3941.49N/10320.75WO076/026/A=051911 -86T1073P EOSS Balloon,"KC0D-2>APZEOS,EOSS,WIDE2-1,qAO,N6BA-10:/144615h3941.49N/10320.75WO076/026/A=051911 -86T1073P EOSS Balloon",76.0,30.0,48.3,39.6915,-103.3458333333,37.37,60.14,16.52,-8.6,264.55,10730.0,0.11,0.00027416,0.14129748,0.00031667,5.556e-05,-54.33333333,-16.561,n/a,-0.003333,-86.206757,-0.001739,30.040122,0.431717,1.061028,-0.003692,-54.971786,-0.001022,-26.275828,-0.00053,9.15622,0.131587,1.061009,-0.003739,-16.755398,
EOSS-307,KC0D-14,2021-03-20 08:46:16.790,2021-03-20 08:46:15,51969.0,15840.15,-3238.0,574.0,descending,True,/144615h3941.50N/10320.75WO069/039/A=051969 52T1070P EOSS BALLOON,"KC0D-14>APZEOS,EOSS,WIDE2-1,qAO,N6BA-10:/144615h3941.50N/10320.75WO069/039/A=051969 52T1070P EOSS BALLOON",69.0,45.0,72.4,39.6916666667,-103.3458333333,37.37,60.14,41.36,5.2,278.35,10700.0,0.11,0.00025984,0.13391678,0.00032222,6.667e-05,-53.96666667,-16.449,n/a,0.012222,-85.776889,-0.00155,30.06781,0.428753,1.057949,0.032121,-55.049511,0.003733,-26.144803,-0.000472,9.164661,0.130684,1.057955,0.032177,-16.779091,
EOSS-307,AE0SS-12,2021-03-20 08:46:28.719,2021-03-20 08:46:27,51358.0,15653.92,-3176.0,586.0,descending,True,/144627h3941.52N/10320.58WO056/030EOSS Balloon  www.eoss.org/A=051358!W74!,"AE0SS-12>APTT4,EOSS,qAO,KB0TVJ-1:/144627h3941.52N/10320.58WO056/030EOSS Balloon  www.eoss.org/A=051358!W74!",56.0,35.0,56.3,39.6921166667,-103.3430666667,37.52,60.38,,,,,,,,0.000275,6.056e-05,-52.93333333,-16.134,n/a,0.034444,-85.344737,-0.00107,30.10336,0.425866,1.076671,0.083392,-54.222258,0.0105,-26.013082,-0.000326,9.175498,0.129804,1.076681,0.083403,-16.526949,
EOSS-307,AE0SS-13,2021-03-20 08:46:42.345,2021-03-20 08:46:41,50580.0,15416.78,-3086.0,600.0,descending,True,/144641h3941.55N/10320.40WO044/040EOSS Baloon/A=050580!W68!,"AE0SS-13>APTT4,EOSS,qAO,W9CN-9:/144641h3941.55N/10320.40WO044/040EOSS Baloon/A=050580!W68!",44.0,46.0,74.0,39.6926,-103.3401333333,37.68,60.64,,,,,,,,0.00022056,3e-05,-51.43333333,-15.677,n/a,0.05,-84.904329,-0.000398,30.15333,0.423058,1.110027,0.119128,-53.142722,0.015233,-25.878847,-0.000121,9.190727,0.128948,1.110015,0.119071,-16.197899,
EOSS-307,KC0D-14,2021-03-20 08:46:46.907,2021-03-20 08:46:45,50460.0,15380.21,-3018.0,604.0,descending,True,/144645h3941.55N/10320.34WO100/035/A=050460 51T1155P EOSS BALLOON,"KC0D-14>APZEOS,EOSS,WIDE2-1,qAO,N6BA-10:/144645h3941.55N/10320.34WO100/035/A=050460 51T1155P EOSS BALLOON",100.0,40.0,64.4,39.6925,-103.339,37.74,60.73,41.18,5.1,278.25,11550.0,0.11,0.00028058,0.14460698,0.00022778,2.778e-05,-50.3,-15.33133333,n/a,0.037778,-84.460684,9.7e-05,30.212038,0.420288,1.130698,0.089655,-52.973719,0.011522,-25.743623,3e-05,9.208623,0.128104,1.130711,0.089708,-16.146395,
EOSS-307,KC0D-2,2021-03-20 08:46:46.871,2021-03-20 08:46:45,50406.0,15363.75,-3010.0,604.0,descending,True,/144645h3941.56N/10320.33WO110/042/A=050406 -89T1158P EOSS Balloon,"KC0D-2>APZEOS,EOSS,WIDE2-1,qAO,N6BA-10:/144645h3941.56N/10320.33WO110/042/A=050406 -89T1158P EOSS Balloon",110.0,48.0,77.2,39.6926666667,-103.3388333333,37.75,60.75,15.98,-8.9,264.25,11580.0,0.11,0.00029622,0.15266378,0.00023333,3.889e-05,-50.16666667,-15.29066667,n/a,0.004444,-84.026582,0.000153,30.264702,0.41755,1.118792,0.010277,-52.897458,0.001356,-25.611307,4.7e-05,9.224677,0.127269,1.118808,0.010285,-16.123149,
EOSS-307,KC0D-14,2021-03-20 08:47:16.829,2021-03-20 08:47:15,48982.0,14929.71,-2956.0,634.0,descending,True,/144715h3941.53N/10319.88WO095/057/A=048982 46T1242P EOSS BALLOON,"KC0D-14>APZEOS,EOSS,WIDE2-1,qAO,N6BA-10:/144715h3941.53N/10319.88WO095/057/A=048982 46T1242P EOSS BALLOON",95.0,66.0,106.2,39.6921666667,-103.3313333333,38.14,61.38,40.28,4.6,277.75,12420.0,0.12,0.00030226,0.15577938,0.00025556,-1.111e-05,-49.26666667,-15.01666667,n/a,0.03,-83.592083,0.000531,30.322616,0.414879,1.132007,0.07103,-50.842622,0.009133,-25.478874,0.000162,9.242326,0.126455,1.131989,0.070942,-15.496829,
EOSS-307,KC0D-2,2021-03-20 08:47:16.792,2021-03-20 08:47:15,48923.0,14911.73,-2966.0,634.0,descending,True,/144715h3941.54N/10319.87WO099/072/A=048923 -92T1245P EOSS Balloon,"KC0D-2>APZEOS,EOSS,WIDE2-1,qAO,N6BA-10:/144715h3941.54N/10319.87WO099/072/A=048923 -92T1245P EOSS Balloon",99.0,83.0,133.6,39.6923333333,-103.3311666667,38.15,61.39,15.44,-9.2,263.95,12450.0,0.12,0.00031883,0.16431989,0.00025556,-1.111e-05,-49.43333333,-15.06733333,n/a,-0.005556,-83.17037,0.000455,30.370593,0.412245,1.110846,-0.014581,-50.755806,-0.001689,-25.350336,0.000139,9.25695,0.125652,1.110841,-0.014548,-15.470372,
EOSS-307,AE0SS-12,2021-03-20 08:47:28.434,2021-03-20 08:47:27,48375.0,14744.7,-2983.0,646.0,descending,True,/144727h3941.53N/10319.62WO096/045EOSS Balloon  www.eoss.org/A=048375!W28!,"AE0SS-12>APTT4,EOSS,qAO,W9CN-9:/144727h3941.53N/10319.62WO096/045EOSS Balloon  www.eoss.org/A=048375!W28!",96.0,52.0,83.7,39.6922,-103.3271333333,38.36,61.73,,,,,,,,0.00026556,1.39e-06,-49.71666667,-15.15366667,n/a,-0.004722,-82.762398,0.000391,30.407792,0.409661,1.086752,-0.012481,-49.943845,-0.001439,-25.225987,0.000119,9.268287,0.124865,1.086751,-0.012477,-15.222887,
EOSS-307,AE0SS-13,2021-03-20 08:47:42.376,2021-03-20 08:47:41,47624.0,14515.8,-2956.0,660.0,descending,True,/144741h3941.55N/10319.37WO059/038EOSS Baloon/A=047624!W40!,"AE0SS-13>APTT4,EOSS,qAO,W9CN-9:/144741h3941.55N/10319.37WO059/038EOSS Baloon/A=047624!W40!",59.0,44.0,70.8,39.6925666667,-103.3228333333,38.59,62.1,,,,,,,,0.00028833,-5.6e-07,-49.26666667,-15.01633333,n/a,0.0075,-82.358835,0.000478,30.444629,0.407125,1.086962,0.017248,-48.816336,0.002289,-25.102979,0.000146,9.279517,0.124092,1.08698,0.017269,-14.87923,
EOSS-307,KC0D-14,2021-03-20 08:47:46.798,2021-03-20 08:47:45,47498.0,14477.39,-2968.0,664.0,descending,True,/144745h3941.57N/10319.28WO090/052/A=047498 44T1337P EOSS BALLOON,"KC0D-14>APZEOS,EOSS,WIDE2-1,qAO,N6BA-10:/144745h3941.57N/10319.28WO090/052/A=047498 44T1337P EOSS BALLOON",90.0,60.0,96.6,39.6928333333,-103.3213333333,38.67,62.23,39.92,4.4,277.55,13370.0,0.13,0.00032562,0.16781571,0.00033333,2.222e-05,-49.46666667,-15.07733333,n/a,-0.006667,-81.967262,0.000392,30.472741,0.404636,1.066547,-0.017445,-48.6257,-0.002033,-24.983626,0.000119,9.288088,0.123333,1.066559,-0.017449,-14.821116,
EOSS-307,KC0D-2,2021-03-20 08:47:46.834,2021-03-20 08:47:45,47441.0,14460.02,-2964.0,664.0,descending,True,/144745h3941.57N/10319.27WO094/062/A=047441 -95T1340P EOSS Balloon,"KC0D-2>APZEOS,EOSS,WIDE2-1,qAO,N6BA-10:/144745h3941.57N/10319.27WO094/062/A=047441 -95T1340P EOSS Balloon",94.0,71.0,114.3,39.6928333333,-103.3211666667,38.68,62.25,14.9,-9.5,263.65,13400.0,0.13,0.00034355,0.1770596,0.00033333,1.667e-05,-49.4,-15.057,n/a,0.002222,-81.584118,0.000413,30.496086,0.402191,1.055352,0.004498,-48.539334,0.000678,-24.866842,0.000126,9.295205,0.122588,1.055366,0.004503,-14.794798,
EOSS-307,AE0SS-12,2021-03-20 08:47:58.516,2021-03-20 08:47:57,46909.0,14297.86,-2932.0,676.0,descending,True,/144757h3941.58N/10319.03WO097/056EOSS Balloon  www.eoss.org/A=046909!W21!,"AE0SS-12>APTT4,EOSS,qAO,W9CN-9:/144757h3941.58N/10319.03WO097/056EOSS Balloon  www.eoss.org/A=046909!W21!",97.0,64.0,103.0,39.6930333333,-103.3171833333,38.89,62.59,,,,,,,,0.00033167,2.778e-05,-48.86666667,-14.89466667,n/a,0.017778,-81.203682,0.000618,30.520761,0.399794,1.059509,0.042922,-47.729801,0.005411,-24.750887,0.000188,9.302724,0.121857,1.059498,0.042862,-14.548042,
EOSS-307,AE0SS-13,2021-03-20 08:48:12.266,2021-03-20 08:48:11,46200.0,14081.76,-2848.0,690.0,descending,True,/144811h3941.60N/10318.73WO072/036EOSS Baloon/A=046200!W55!,"AE0SS-13>APTT4,EOSS,qAO,W9CN-9:/144811h3941.60N/10318.73WO072/036EOSS Baloon/A=046200!W55!",72.0,41.0,66.0,39.6934166667,-103.31225,39.15,63.01,,,,,,,,0.00035278,2.833e-05,-47.46666667,-14.468,n/a,0.046667,-80.8159,0.001153,30.557615,0.397466,1.091356,0.11451,-46.642842,0.014222,-24.632693,0.000351,9.313956,0.121148,1.09134,0.114496,-14.216742,
EOSS-307,KC0D-2,2021-03-20 08:48:16.817,2021-03-20 08:48:15,46016.0,14025.68,-2850.0,694.0,descending,True,/144815h3941.63N/10318.63WO086/079/A=046016 -97T1435P EOSS Balloon,"KC0D-2>APZEOS,EOSS,WIDE2-1,qAO,N6BA-10:/144815h3941.63N/10318.63WO086/079/A=046016 -97T1435P EOSS Balloon",86.0,91.0,146.5,39.6938333333,-103.3105,39.25,63.16,14.54,-9.7,263.45,14350.0,0.14,0.00036819,0.18975628,0.00035556,3.333e-05,-47.5,-14.478,n/a,-0.001111,-80.437311,0.001127,30.588363,0.395149,1.076792,-0.005664,-46.359579,-0.000333,-24.517298,0.000344,9.323328,0.120441,1.076793,-0.005621,-14.130409,
EOSS-307,KC0D-14,2021-03-20 08:48:16.780,2021-03-20 08:48:15,46067.0,14041.22,-2862.0,694.0,descending,True,/144815h3941.63N/10318.63WO085/065/A=046067 40T1432P EOSS BALLOON,"KC0D-14>APZEOS,EOSS,WIDE2-1,qAO,N6BA-10:/144815h3941.63N/10318.63WO085/065/A=046067 40T1432P EOSS BALLOON",85.0,75.0,120.7,39.6938333333,-103.3105,39.25,63.16,39.2,4.0,277.15,14320.0,0.14,0.00034926,0.1799992,0.00036111,3.333e-05,-47.7,-14.539,n/a,-0.006667,-80.069476,0.001039,30.611395,0.392872,1.057432,-0.019615,-46.438132,-0.002033,-24.405183,0.000317,9.330348,0.119748,1.057429,-0.019625,-14.154344,
EOSS-307,AE0SS-12,2021-03-20 08:48:28.399,2021-03-20 08:48:27,45511.0,13871.75,-2796.0,706.0,descending,True,/144827h3941.66N/10318.36WO091/063EOSS Balloon  www.eoss.org/A=045511!W00!,"AE0SS-12>APTT4,EOSS,qAO,W9CN-9:/144827h3941.66N/10318.36WO091/063EOSS Balloon  www.eoss.org/A=045511!W00!",91.0,72.0,115.9,39.6943333333,-103.306,39.49,63.55,,,,,,,,0.00037278,4.333e-05,-46.6,-14.20366667,n/a,0.036667,-79.697593,0.001439,30.642707,0.390652,1.080113,0.090177,-45.580373,0.011178,-24.291832,0.000439,9.339892,0.119071,1.080116,0.09019,-13.892897,
EOSS-307,AE0SS-13,2021-03-20 08:48:42.418,2021-03-20 08:48:41,44842.0,13667.84,-2716.0,720.0,descending,True,/144841h3941.69N/10318.07WO101/034EOSS Baloon/A=044842!W28!,"AE0SS-13>APTT4,EOSS,qAO,W9CN-9:/144841h3941.69N/10318.07WO101/034EOSS Baloon/A=044842!W28!",101.0,39.0,62.8,39.6948666667,-103.3013,39.74,63.96,,,,,,,,0.000365,4.833e-05,-45.26666667,-13.79733333,n/a,0.044444,-79.319231,0.001917,30.685009,0.388477,1.109746,0.109471,-44.545701,0.013544,-24.176508,0.000584,9.352785,0.118408,1.109742,0.109452,-13.577531,
EOSS-307,KC0D-2,2021-03-20 08:48:47.107,2021-03-20 08:48:45,44656.0,13611.15,-2720.0,724.0,descending,True,/144845h3941.72N/10318.00WO079/074/A=044656 -100T1531P EOSS Balloon,"KC0D-2>APZEOS,EOSS,WIDE2-1,qAO,N6BA-10:/144845h3941.72N/10318.00WO079/074/A=044656 -100T1531P EOSS Balloon",79.0,85.0,136.8,39.6953333333,-103.3,39.82,64.08,14.0,-10.0,263.15,15310.0,0.15,0.00039327,0.20268157,0.00035,5e-05,-45.33333333,-13.81766667,n/a,-0.002222,-78.949819,0.001871,30.720965,0.386313,1.094252,-0.010595,-44.25787,-0.000678,-24.063912,0.00057,9.363744,0.117748,1.094247,-0.010599,-13.489805,
EOSS-307,KC0D-14,2021-03-20 08:48:47.105,2021-03-20 08:48:45,44717.0,13629.74,-2700.0,724.0,descending,True,/144845h3941.72N/10317.99WO084/066/A=044717 38T1529P EOSS BALLOON,"KC0D-14>APZEOS,EOSS,WIDE2-1,qAO,N6BA-10:/144845h3941.72N/10317.99WO084/066/A=044717 38T1529P EOSS BALLOON",84.0,76.0,122.3,39.6953333333,-103.2998333333,39.82,64.09,38.84,3.8,276.95,15290.0,0.15,0.00037318,0.19233068,0.00035556,5e-05,-45.0,-13.716,n/a,0.011111,-78.584767,0.001972,30.755693,0.384186,1.091985,0.023788,-44.352265,0.003389,-23.952644,0.000601,9.374329,0.1171,1.091987,0.023809,-13.518572,
EOSS-307,AE0SS-12,2021-03-20 08:48:58.456,2021-03-20 08:48:57,44189.0,13468.81,-2644.0,736.0,descending,True,/144857h3941.72N/10317.74WO097/071EOSS Balloon  www.eoss.org/A=044189!W72!,"AE0SS-12>APTT4,EOSS,qAO,W9CN-9:/144857h3941.72N/10317.74WO097/071EOSS Balloon  www.eoss.org/A=044189!W72!",97.0,82.0,132.0,39.69545,-103.2957,40.04,64.44,,,,,,,,0.00034333,3.722e-05,-44.06666667,-13.43133333,n/a,0.031111,-78.217553,0.002285,30.796381,0.382104,1.108925,0.07544,-43.535494,0.009489,-23.840715,0.000697,9.386733,0.116466,1.108946,0.07549,-13.269627,
EOSS-307,AE0SS-13,2021-03-20 08:49:12.285,2021-03-20 08:49:11,43555.0,13275.56,-2574.0,750.0,descending,True,/144911h3941.70N/10317.43WO120/054EOSS Baloon/A=043555!W29!,"AE0SS-13>APTT4,EOSS,qAO,W9CN-9:/144911h3941.70N/10317.43WO120/054EOSS Baloon/A=043555!W29!",120.0,62.0,99.8,39.6950333333,-103.29065,40.3,64.86,,,,,,,,0.000355,5.56e-06,-42.9,-13.076,n/a,0.038889,-77.845789,0.002674,30.845702,0.380063,1.132922,0.095287,-42.556849,0.011844,-23.727403,0.000815,9.401765,0.115843,1.132915,0.095206,-12.971326,
EOSS-307,KC0D-2,2021-03-20 08:49:17.097,2021-03-20 08:49:15,43393.0,13226.19,-2526.0,754.0,descending,True,/144915h3941.72N/10317.36WO081/075/A=043393 -103T1628P EOSS Balloon,"KC0D-2>APZEOS,EOSS,WIDE2-1,qAO,N6BA-10:/144915h3941.72N/10317.36WO081/075/A=043393 -103T1628P EOSS Balloon",81.0,86.0,138.4,39.6953333333,-103.2893333333,40.38,64.98,13.46,-10.3,262.85,16280.0,0.16,0.00041866,0.21576891,0.00035556,0.0,-42.1,-12.832,n/a,0.026667,-77.473438,0.002927,30.899062,0.378044,1.144806,0.062797,-42.307416,0.008133,-23.613909,0.000892,9.41803,0.115228,1.144816,0.062841,-12.89531,
EOSS-307,KC0D-14,2021-03-20 08:49:17.074,2021-03-20 08:49:15,43442.0,13241.12,-2550.0,754.0,descending,True,/144915h3941.72N/10317.36WO089/067/A=043442 33T1625P EOSS BALLOON,"KC0D-14>APZEOS,EOSS,WIDE2-1,qAO,N6BA-10:/144915h3941.72N/10317.36WO089/067/A=043442 33T1625P EOSS BALLOON",89.0,77.0,123.9,39.6953333333,-103.2893333333,40.38,64.98,37.94,3.3,276.45,16250.0,0.16,0.00039733,0.20477608,0.00035,0.0,-42.5,-12.954,n/a,-0.013333,-77.112887,0.002758,30.942146,0.376053,1.118632,-0.042789,-42.382828,-0.004067,-23.504013,0.000841,9.431162,0.114621,1.118633,-0.042819,-12.918288,
EOSS-307,AE0SS-12,2021-03-20 08:49:28.664,2021-03-20 08:49:27,42922.0,13082.63,-2534.0,766.0,descending,True,/144927h3941.71N/10317.08WO092/076EOSS Balloon  www.eoss.org/A=042922!W15!,"AE0SS-12>APTT4,EOSS,qAO,N6BA-10:/144927h3941.71N/10317.08WO092/076EOSS Balloon  www.eoss.org/A=042922!W15!",92.0,87.0,140.0,39.6951833333,-103.28475,40.62,65.36,,,,,,,,0.000365,-8.89e-06,-42.23333333,-12.87266667,n/a,0.008889,-76.756973,0.002821,30.983225,0.37409,1.114269,0.016221,-41.584253,0.002711,-23.39553,0.00086,9.443684,0.114023,1.114275,0.016234,-12.674891,
EOSS-307,KC0D-14,2021-03-20 08:49:46.804,2021-03-20 08:49:45,42236.0,12873.53,-2412.0,784.0,descending,True,/144945h3941.70N/10316.67WO086/064/A=042236 32T1723P EOSS BALLOON,"KC0D-14>APZEOS,EOSS,WIDE2-1,qAO,N6BA-10:/144945h3941.70N/10316.67WO086/064/A=042236 32T1723P EOSS BALLOON",86.0,74.0,119.1,39.695,-103.2778333333,40.98,65.95,37.76,3.2,276.35,17230.0,0.17,0.00042145,0.21720422,0.00038333,-1.111e-05,-40.2,-12.253,n/a,0.067778,-76.38771,0.003484,31.042935,0.372214,1.165731,0.172734,-40.538055,0.020656,-23.282979,0.001062,9.461883,0.113451,1.165728,0.172709,-12.355999,
EOSS-307,KC0D-2,2021-03-20 08:49:46.841,2021-03-20 08:49:45,42186.0,12858.29,-2414.0,784.0,descending,True,/144945h3941.69N/10316.67WO084/051/A=042186 -105T1724P EOSS Balloon,"KC0D-2>APZEOS,EOSS,WIDE2-1,qAO,N6BA-10:/144945h3941.69N/10316.67WO084/051/A=042186 -105T1724P EOSS Balloon",84.0,59.0,95.0,39.6948333333,-103.2778333333,40.98,65.94,13.1,-10.5,262.65,17240.0,0.17,0.00044369,0.22866637,0.00038333,-1.667e-05,-40.23333333,-12.26333333,n/a,-0.001111,-76.026167,0.003437,31.096643,0.370311,1.151019,-0.012282,-40.462199,-0.000344,-23.172782,0.001048,9.478251,0.112871,1.150998,-0.012333,-12.332878,
EOSS-307,AE0SS-12,2021-03-20 08:49:58.434,2021-03-20 08:49:57,41741.0,12722.66,-2362.0,796.0,descending,True,/144957h3941.68N/10316.39WO081/061EOSS Balloon  www.eoss.org/A=041741!W59!,"AE0SS-12>APTT4,EOSS,qAO,W9CN-9:/144957h3941.68N/10316.39WO081/061EOSS Balloon  www.eoss.org/A=041741!W59!",81.0,70.0,112.7,39.69475,-103.2733166667,41.21,66.33,,,,,,,,0.00038111,-1.444e-05,-39.36666667,-11.999,n/a,0.028889,-75.663201,0.003692,31.155053,0.368445,1.165029,0.068387,-39.789872,0.008811,-23.062151,0.001125,9.496054,0.112302,1.165026,0.06844,-12.127962,
EOSS-307,AE0SS-13,2021-03-20 08:50:12.307,2021-03-20 08:50:11,41147.0,12541.61,-2408.0,810.0,descending,True,/145011h3941.68N/10316.11WO067/050EOSS Baloon/A=041147!W68!,"AE0SS-13>APTT4,EOSS,qAO,W9CN-9:/145011h3941.68N/10316.11WO067/050EOSS Baloon/A=041147!W68!",67.0,58.0,93.3,39.6947666667,-103.2686333333,41.46,66.72,,,,,,,,0.00036694,-4.44e-06,-40.13333333,-12.2325,n/a,-0.012778,-75.314869,0.003529,31.199411,0.366601,1.127635,-0.044482,-38.901319,-0.003892,-22.955978,0.001076,9.509576,0.11174,1.12765,-0.04446,-11.857132,
EOSS-307,KC0D-14,2021-03-20 08:50:16.783,2021-03-20 08:50:15,41059.0,12514.78,-2354.0,814.0,descending,True,/145015h3941.69N/10316.02WO097/057/A=041059 28T1824P EOSS BALLOON,"KC0D-14>APZEOS,EOSS,WIDE2-1,qAO,N6BA-10:/145015h3941.69N/10316.02WO097/057/A=041059 28T1824P EOSS BALLOON",97.0,66.0,106.2,39.6948333333,-103.267,41.55,66.86,37.04,2.8,275.95,18240.0,0.18,0.0004468,0.23026975,0.00036111,-5.56e-06,-39.23333333,-11.95833333,n/a,0.03,-74.964563,0.003788,31.248995,0.364791,1.143436,0.071855,-38.770654,0.009139,-22.849205,0.001155,9.524689,0.111188,1.143436,0.071806,-11.817294,
EOSS-307,KC0D-2,2021-03-20 08:50:16.842,2021-03-20 08:50:15,41002.0,12497.41,-2368.0,814.0,descending,True,/145015h3941.69N/10316.02WO100/067/A=041002 -108T1827P EOSS Balloon,"KC0D-2>APZEOS,EOSS,WIDE2-1,qAO,N6BA-10:/145015h3941.69N/10316.02WO100/067/A=041002 -108T1827P EOSS Balloon",100.0,77.0,123.9,39.6948333333,-103.267,41.55,66.86,12.56,-10.8,262.35,18270.0,0.18,0.00047073,0.2426051,0.00036111,0.0,-39.46666667,-12.02933333,n/a,-0.007778,-74.623237,0.003676,31.29114,0.363001,1.123531,-0.031554,-38.686163,-0.002367,-22.745167,0.00112,9.537537,0.110643,1.123543,-0.031516,-11.791546,
EOSS-307,AE0SS-12,2021-03-20 08:50:28.368,2021-03-20 08:50:27,40573.0,12366.65,-2336.0,826.0,descending,True,/145027h3941.68N/10315.78WO097/064EOSS Balloon  www.eoss.org/A=040573!W22!,"AE0SS-12>APTT4,EOSS,qAO,W9CN-9:/145027h3941.68N/10315.78WO097/064EOSS Balloon  www.eoss.org/A=040573!W22!",97.0,74.0,119.1,39.6947,-103.2630333333,41.75,67.2,,,,,,,,0.00034278,-1.67e-06,-38.93333333,-11.867,n/a,0.017778,-74.283333,0.003811,31.334515,0.361237,1.128149,0.038664,-38.054076,0.005411,-22.641566,0.001162,9.550756,0.110105,1.128138,0.03859,-11.598885,
EOSS-307,AE0SS-13,2021-03-20 08:50:42.403,2021-03-20 08:50:41,40035.0,12202.67,-2224.0,840.0,descending,True,/145041h3941.68N/10315.49WO083/075EOSS Baloon/A=040035!W86!,"AE0SS-13>APTT4,EOSS,qAO,N6BA-10:/145041h3941.68N/10315.49WO083/075EOSS Baloon/A=040035!W86!",83.0,86.0,138.4,39.6948,-103.2582666667,42.01,67.6,,,,,,,,0.00034556,1.11e-06,-37.06666667,-11.298,n/a,0.062222,-73.932233,0.004368,31.393752,0.359541,1.174296,0.160911,-37.271791,0.018967,-22.534551,0.001331,9.568811,0.109588,1.174289,0.16093,-11.360448,
EOSS-307,KC0D-2,2021-03-20 08:50:46.855,2021-03-20 08:50:45,39883.0,12156.34,-2238.0,844.0,descending,True,/145045h3941.68N/10315.43WO083/040/A=039883 -110T1930P EOSS Balloon,"KC0D-2>APZEOS,EOSS,WIDE2-1,qAO,N6BA-10:/145045h3941.68N/10315.43WO083/040/A=039883 -110T1930P EOSS Balloon",83.0,46.0,74.0,39.6946666667,-103.2571666667,42.06,67.69,12.2,-11.0,262.15,19300.0,0.19,0.00049765,0.25647787,0.00032778,-5.56e-06,-37.3,-11.369,n/a,-0.007778,-73.589875,0.004253,31.445368,0.357827,1.154061,-0.033622,-37.053063,-0.002367,-22.4302,0.001296,9.584544,0.109066,1.154066,-0.033585,-11.293779,
EOSS-307,KC0D-14,2021-03-20 08:50:46.816,2021-03-20 08:50:45,39937.0,12172.8,-2244.0,844.0,descending,True,/145045h3941.68N/10315.43WO078/045/A=039937 26T1927P EOSS BALLOON,"KC0D-14>APZEOS,EOSS,WIDE2-1,qAO,N6BA-10:/145045h3941.68N/10315.43WO078/045/A=039937 26T1927P EOSS BALLOON",78.0,52.0,83.7,39.6946666667,-103.2571666667,42.06,67.69,36.68,2.6,275.75,19270.0,0.19,0.00047237,0.24344936,0.00032778,-5.56e-06,-37.4,-11.39933333,n/a,-0.003333,-73.254784,0.004182,31.491219,0.356136,1.138564,-0.021101,-37.130648,-0.001011,-22.328062,0.001275,9.598521,0.10855,1.138585,-0.021059,-11.317428,
EOSS-307,AE0SS-12,2021-03-20 08:50:58.333,2021-03-20 08:50:57,39477.0,12032.59,-2192.0,856.0,descending,True,/145057h3941.68N/10315.19WO092/045EOSS Balloon  www.eoss.org/A=039477!W83!,"AE0SS-12>APTT4,EOSS,qAO,W9CN-9:/145057h3941.68N/10315.19WO092/045EOSS Balloon  www.eoss.org/A=039477!W83!",92.0,52.0,83.7,39.6948,-103.2532166667,42.27,68.03,,,,,,,,0.00032722,3.33e-06,-36.53333333,-11.13533333,n/a,0.028889,-72.91789,0.004411,31.541809,0.354476,1.153534,0.069054,-36.474184,0.0088,-22.225377,0.001345,9.613941,0.108044,1.153538,0.069,-11.117334,
EOSS-307,KC0D-2,2021-03-20 08:51:16.839,2021-03-20 08:51:15,38810.0,11829.29,-2146.0,874.0,descending,True,/145115h3941.70N/10314.83WO085/071/A=038810 -112T2033P EOSS Balloon,"KC0D-2>APZEOS,EOSS,WIDE2-1,qAO,N6BA-10:/145115h3941.70N/10314.83WO085/071/A=038810 -112T2033P EOSS Balloon",85.0,82.0,132.0,39.695,-103.2471666667,42.59,68.54,11.84,-11.2,261.95,20330.0,0.2,0.00052461,0.27037182,0.00033333,1.111e-05,-35.76666667,-10.90166667,n/a,0.025556,-72.580152,0.004605,31.595976,0.352836,1.165132,0.059379,-35.541541,0.007789,-22.122434,0.001404,9.630452,0.107545,1.165134,0.05937,-10.833066,
EOSS-307,KC0D-14,2021-03-20 08:51:16.802,2021-03-20 08:51:15,38867.0,11846.66,-2140.0,874.0,descending,True,/145115h3941.70N/10314.82WO089/064/A=038867 22T2030P EOSS BALLOON,"KC0D-14>APZEOS,EOSS,WIDE2-1,qAO,N6BA-10:/145115h3941.70N/10314.82WO089/064/A=038867 22T2030P EOSS BALLOON",89.0,74.0,119.1,39.695,-103.247,42.6,68.56,35.96,2.2,275.35,20300.0,0.2,0.00049834,0.25683453,0.00033889,1.111e-05,-35.66666667,-10.87133333,n/a,0.003333,-72.247598,0.004593,31.646578,0.351214,1.155921,-0.003588,-35.620291,0.001011,-22.021073,0.0014,9.645874,0.10705,1.155908,-0.003634,-10.857064,
EOSS-307,AE0SS-12,2021-03-20 08:51:28.445,2021-03-20 08:51:27,38440.0,11716.51,-2074.0,886.0,descending,True,/145127h3941.69N/10314.55WO083/068EOSS Balloon  www.eoss.org/A=038440!W09!,"AE0SS-12>APTT4,EOSS,qAO,W9CN-9:/145127h3941.69N/10314.55WO083/068EOSS Balloon  www.eoss.org/A=038440!W09!",83.0,78.0,125.5,39.6948333333,-103.24265,42.83,68.92,,,,,,,,0.00035222,1.11e-06,-34.56666667,-10.536,n/a,0.036667,-71.911161,0.004882,31.704268,0.349627,1.177901,0.090911,-35.034959,0.011178,-21.918528,0.001488,9.663457,0.106567,1.177894,0.090929,-10.678654,
EOSS-307,KC0D-2,2021-03-20 08:51:46.847,2021-03-20 08:51:45,37805.0,11522.96,-2010.0,904.0,descending,True,/145145h3941.68N/10314.17WO104/057/A=037805 -115T2137P EOSS Balloon,"KC0D-2>APZEOS,EOSS,WIDE2-1,qAO,N6BA-10:/145145h3941.68N/10314.17WO104/057/A=037805 -115T2137P EOSS Balloon",104.0,66.0,106.2,39.6946666667,-103.2361666667,43.17,69.47,11.3,-11.5,261.65,21370.0,0.21,0.00055208,0.2845288,0.00036667,-1.111e-05,-33.5,-10.211,n/a,0.035556,-71.571239,0.005156,31.768581,0.348061,1.198393,0.087341,-34.185269,0.010833,-21.814921,0.001572,9.683058,0.106089,1.198374,0.087295,-10.419666,
EOSS-307,KC0D-14,2021-03-20 08:51:46.811,2021-03-20 08:51:45,37863.0,11540.64,-2008.0,904.0,descending,True,/145145h3941.68N/10314.17WO095/051/A=037863 20T2133P EOSS BALLOON,"KC0D-14>APZEOS,EOSS,WIDE2-1,qAO,N6BA-10:/145145h3941.68N/10314.17WO095/051/A=037863 20T2133P EOSS BALLOON",95.0,59.0,95.0,39.6946666667,-103.2361666667,43.17,69.47,35.6,2.0,275.15,21330.0,0.21,0.00052401,0.27006219,0.00036111,-1.111e-05,-33.46666667,-10.20066667,n/a,0.001111,-71.236988,0.00512,31.828413,0.346504,1.186686,-0.01157,-34.261792,0.000344,-21.713042,0.001561,9.701294,0.105614,1.186685,-0.011523,-10.442992,
EOSS-307,AE0SS-12,2021-03-20 08:51:58.652,2021-03-20 08:51:57,37439.0,11411.41,-2002.0,916.0,descending,True,/145157h3941.68N/10313.93WO099/052EOSS Balloon  www.eoss.org/A=037439!W37!,"AE0SS-12>APTT4,EOSS,qAO,N6BA-10:/145157h3941.68N/10313.93WO099/052EOSS Balloon  www.eoss.org/A=037439!W37!",99.0,60.0,96.6,39.6947166667,-103.2322833333,43.37,69.8,,,,,,,,0.00034556,-3.89e-06,-33.36666667,-10.17,n/a,0.003333,-70.907681,0.005105,31.884674,0.344967,1.1774,-0.005137,-33.707691,0.001022,-21.612667,0.001556,9.718444,0.105146,1.177418,-0.005079,-10.274109,
EOSS-307,KC0D-14,2021-03-20 08:52:16.805,2021-03-20 08:52:15,36880.0,11241.02,-1966.0,934.0,descending,True,/145215h3941.70N/10313.61WO080/056/A=036880 16T2238P EOSS BALLOON,"KC0D-14>APZEOS,EOSS,WIDE2-1,qAO,N6BA-10:/145215h3941.70N/10313.61WO080/056/A=036880 16T2238P EOSS BALLOON",80.0,64.0,103.0,39.695,-103.2268333333,43.66,70.27,34.88,1.6,274.75,22380.0,0.22,0.0005506,0.28376892,0.00031111,1.111e-05,-32.76666667,-9.98733333,n/a,-0.002222,-70.255128,0.005189,31.996881,0.341959,1.171629,-0.021672,-32.996797,-0.000689,-21.413767,0.001582,9.752648,0.104229,1.171624,-0.021789,-10.057419,
EOSS-307,KC0D-2,2021-03-20 08:52:16.841,2021-03-20 08:52:15,36824.0,11223.96,-1962.0,934.0,descending,True,/145215h3941.70N/10313.61WO070/049/A=036824 -117T2243P EOSS Balloon,"KC0D-2>APZEOS,EOSS,WIDE2-1,qAO,N6BA-10:/145215h3941.70N/10313.61WO070/049/A=036824 -117T2243P EOSS Balloon",70.0,56.0,90.1,39.695,-103.2268333333,43.66,70.27,10.94,-11.7,261.45,22430.0,0.22,0.0005799,0.29887052,0.00031111,1.111e-05,-32.7,-9.96666667,n/a,0.022222,-70.578305,0.005254,31.943339,0.343455,1.185797,0.049404,-32.926871,0.006778,-21.512271,0.001601,9.736328,0.104685,1.185827,0.049453,-10.036116,
EOSS-307,AE0SS-12,2021-03-20 08:52:28.333,2021-03-20 08:52:27,36468.0,11115.45,-1942.0,946.0,descending,True,/145227h3941.70N/10313.38WO075/054EOSS Balloon  www.eoss.org/A=036468!W45!,"AE0SS-12>APTT4,EOSS,qAO,W9CN-9:/145227h3941.70N/10313.38WO075/054EOSS Balloon  www.eoss.org/A=036468!W45!",75.0,62.0,99.8,39.6950666667,-103.2230833333,43.86,70.59,,,,,,,,0.00030667,1.167e-05,-32.36666667,-9.86533333,n/a,0.013333,-69.93404,0.005259,32.050203,0.340483,1.172142,0.023713,-32.488067,0.004067,-21.315899,0.001603,9.7689,0.103779,1.172145,0.023743,-9.902367,
EOSS-307,AE0SS-13,2021-03-20 08:52:42.475,2021-03-20 08:52:41,35992.0,10970.36,-2021.5,960.0,descending,True,/145241h3941.71N/10313.12WO061/053EOSS Baloon/A=035992!W60!,"AE0SS-13>APTT4,EOSS,qAO,W9CN-9:/145241h3941.71N/10313.12WO061/053EOSS Baloon/A=035992!W60!",61.0,61.0,98.2,39.6952666667,-103.2186666667,44.09,70.96,,,,,,,,0.00033,3.89e-06,-33.69166667,-10.26925,n/a,-0.011042,-69.629482,0.005121,32.086573,0.339028,1.120027,-0.047675,-31.917397,-0.003366,-21.22307,0.001561,9.779986,0.103336,1.120024,-0.047679,-9.72842,
EOSS-307,KC0D-14,2021-03-20 08:52:46.787,2021-03-20 08:52:45,35924.0,10949.64,-1912.0,964.0,descending,True,/145245h3941.71N/10313.03WO097/050/A=035924 14T2346P EOSS BALLOON,"KC0D-14>APZEOS,EOSS,WIDE2-1,qAO,N6BA-10:/145245h3941.71N/10313.03WO097/050/A=035924 14T2346P EOSS BALLOON",97.0,58.0,93.3,39.6951666667,-103.2171666667,44.17,71.09,34.52,1.4,274.55,23460.0,0.23,0.00057759,0.29767956,0.00032222,5.56e-06,-31.86666667,-9.71266667,n/a,0.060833,-69.314792,0.005589,32.136896,0.337627,1.165269,0.163624,-31.837425,0.018553,-21.12715,0.001704,9.795327,0.102909,1.165299,0.163727,-9.704052,
EOSS-307,KC0D-2,2021-03-20 08:52:46.823,2021-03-20 08:52:45,35871.0,10933.48,-1906.0,964.0,descending,True,/145245h3941.72N/10313.02WO103/055/A=035871 -120T2349P EOSS Balloon,"KC0D-2>APZEOS,EOSS,WIDE2-1,qAO,N6BA-10:/145245h3941.72N/10313.02WO103/055/A=035871 -120T2349P EOSS Balloon",103.0,63.0,101.4,39.6953333333,-103.217,44.18,71.11,10.4,-12.0,261.15,23490.0,0.23,0.00060801,0.31335414,0.00032778,1.111e-05,-31.76666667,-9.68266667,n/a,0.003333,-69.004477,0.00557,32.184241,0.336205,1.15702,-0.006654,-31.775369,0.001,-21.032567,0.001698,9.809756,0.102475,1.157001,-0.006811,-9.685131,
EOSS-307,AE0SS-12,2021-03-20 08:52:58.497,2021-03-20 08:52:57,35523.0,10827.41,-1890.0,976.0,descending,True,/145257h3941.71N/10312.79WO082/056EOSS Balloon  www.eoss.org/A=035523!W94!,"AE0SS-12>APTT4,EOSS,qAO,N6BA-10:/145257h3941.71N/10312.79WO082/056EOSS Balloon  www.eoss.org/A=035523!W94!",82.0,64.0,103.0,39.6953166667,-103.2132333333,44.38,71.42,,,,,,,,0.00032833,8.33e-06,-31.5,-9.60133333,n/a,0.008889,-68.697063,0.005597,32.23033,0.334802,1.154101,0.009833,-31.373997,0.002711,-20.938869,0.001706,9.823803,0.102048,1.154088,0.009848,-9.562793,
EOSS-307,KC0D-14,2021-03-20 08:53:16.785,2021-03-20 08:53:15,35013.0,10671.96,-1822.0,994.0,descending,True,/145315h3941.71N/10312.41WO091/063/A=035013 9T2451P EOSS BALLOON,"KC0D-14>APZEOS,EOSS,WIDE2-1,qAO,N6BA-10:/145315h3941.71N/10312.41WO091/063/A=035013 9T2451P EOSS BALLOON",91.0,72.0,115.9,39.6951666667,-103.2068333333,44.72,71.96,33.62,0.9,274.05,24510.0,0.24,0.00060455,0.31157023,0.00034444,0.0,-30.36666667,-9.256,n/a,0.037778,-68.385434,0.005861,32.2835,0.333428,1.177653,0.095724,-30.805489,0.011511,-20.843886,0.001786,9.840007,0.101629,1.17763,0.095691,-9.389509,
EOSS-307,KC0D-2,2021-03-20 08:53:16.821,2021-03-20 08:53:15,34941.0,10650.02,-1860.0,994.0,descending,True,/145315h3941.71N/10312.41WO094/061/A=034941 -122T2456P EOSS Balloon,"KC0D-2>APZEOS,EOSS,WIDE2-1,qAO,N6BA-10:/145315h3941.71N/10312.41WO094/061/A=034941 -122T2456P EOSS Balloon",94.0,70.0,112.7,39.6951666667,-103.2068333333,44.72,71.96,10.04,-12.2,260.95,24560.0,0.24,0.00063619,0.32787893,0.00033889,-5.56e-06,-31.0,-9.44866667,n/a,-0.021111,-68.083938,0.005642,32.326808,0.332068,1.147157,-0.080565,-30.727174,-0.006422,-20.751989,0.00172,9.853209,0.101214,1.147172,-0.080443,-9.365645,
EOSS-307,AE0SS-12,2021-03-20 08:53:28.338,2021-03-20 08:53:27,34637.0,10557.36,-1772.0,1006.0,descending,True,/145327h3941.69N/10312.14WO101/055EOSS Balloon  www.eoss.org/A=034637!W27!,"AE0SS-12>APTT4,EOSS,qAO,W9CN-9:/145327h3941.69N/10312.14WO101/055EOSS Balloon  www.eoss.org/A=034637!W27!",101.0,63.0,101.4,39.6948666667,-103.20245,44.94,72.33,,,,,,,,0.00035944,-1.5e-05,-29.53333333,-9.00166667,n/a,0.048889,-67.775533,0.005991,32.380304,0.330738,1.181033,0.129704,-30.401965,0.0149,-20.657987,0.001826,9.869515,0.100809,1.181043,0.129691,-9.26652,
EOSS-307,KC0D-14,2021-03-20 08:53:46.779,2021-03-20 08:53:45,34179.0,10417.76,-1668.0,1024.0,descending,True,/145345h3941.65N/10311.76WO096/058/A=034179 8T2551P EOSS BALLOON,"KC0D-14>APZEOS,EOSS,WIDE2-1,qAO,N6BA-10:/145345h3941.65N/10311.76WO096/058/A=034179 8T2551P EOSS BALLOON",96.0,67.0,107.8,39.6941666667,-103.196,45.28,72.87,33.44,0.8,273.95,25510.0,0.25,0.00062944,0.32440057,0.00036111,-3.333e-05,-27.8,-8.47333333,n/a,0.001111,-67.14626,0.006354,32.508261,0.328113,1.210347,-0.015979,-29.929059,0.000344,-20.466184,0.001937,9.908517,0.100009,1.210358,-0.015929,-9.122376,
EOSS-307,KC0D-2,2021-03-20 08:53:46.816,2021-03-20 08:53:45,34106.0,10395.51,-1670.0,1024.0,descending,True,/145345h3941.65N/10311.77WO097/059/A=034106 -124T2555P EOSS Balloon,"KC0D-2>APZEOS,EOSS,WIDE2-1,qAO,N6BA-10:/145345h3941.65N/10311.77WO097/059/A=034106 -124T2555P EOSS Balloon",97.0,68.0,109.4,39.6941666667,-103.1961666667,45.27,72.85,9.68,-12.4,260.75,25550.0,0.25,0.00066234,0.34135718,0.00035556,-3.333e-05,-27.83333333,-8.48366667,n/a,0.056667,-67.458532,0.006396,32.446232,0.329433,1.221257,0.152599,-29.855619,0.017267,-20.561365,0.00195,9.889609,0.100411,1.221251,0.152543,-9.099992,
EOSS-307,AE0SS-12,2021-03-20 08:53:58.500,2021-03-20 08:53:57,33800.0,10302.24,-1674.0,1036.0,descending,True,/145357h3941.63N/10311.51WO096/051EOSS Balloon  www.eoss.org/A=033800!W48!,"AE0SS-12>APTT4,EOSS,qAO,N6BA-10:/145357h3941.63N/10311.51WO096/051EOSS Balloon  www.eoss.org/A=033800!W48!",96.0,59.0,95.0,39.6939,-103.1919666667,45.49,73.21,,,,,,,,0.00034944,-3.222e-05,-27.9,-8.504,n/a,-0.003333,-66.839648,0.006278,32.565307,0.326809,1.19574,-0.029409,-29.553688,-0.001022,-20.372729,0.001914,9.925904,0.099611,1.195733,-0.029475,-9.007962,
EOSS-307,AE0SS-13,2021-03-20 08:54:12.379,2021-03-20 08:54:11,33357.0,10167.21,-1756.7,1050.0,descending,True,/145411h3941.64N/10311.24WO101/064EOSS Baloon/A=033357!W15!,"AE0SS-13>APTT4,EOSS,qAO,W9CN-9:/145411h3941.64N/10311.24WO101/064EOSS Baloon/A=033357!W15!",101.0,74.0,119.1,39.6940166667,-103.1874166667,45.73,73.6,,,,,,,,0.00034722,-1.389e-05,-29.27777778,-8.92388889,n/a,-0.015309,-66.548471,0.006109,32.606,0.325525,1.143062,-0.065795,-29.133809,-0.004665,-20.283978,0.001862,9.938307,0.09922,1.143061,-0.065783,-8.879979,
EOSS-307,KC0D-14,2021-03-20 08:54:16.779,2021-03-20 08:54:15,33323.0,10156.85,-1712.0,1054.0,descending,True,/145415h3941.64N/10311.19WO077/045/A=033323 3T2656P EOSS BALLOON,"KC0D-14>APZEOS,EOSS,WIDE2-1,qAO,N6BA-10:/145415h3941.64N/10311.19WO077/045/A=033323 3T2656P EOSS BALLOON",77.0,52.0,83.7,39.694,-103.1865,45.78,73.67,32.54,0.3,273.45,26560.0,0.26,0.00065655,0.33837058,0.00031667,-5.56e-06,-28.53333333,-8.697,n/a,0.024815,-66.256047,0.006254,32.650058,0.324256,1.155364,0.057242,-29.10244,0.007563,-20.194848,0.001906,9.951735,0.098833,1.155361,0.057238,-8.870421,
EOSS-307,KC0D-2,2021-03-20 08:54:16.816,2021-03-20 08:54:15,33260.0,10137.65,-1692.0,1054.0,descending,True,/145415h3941.64N/10311.19WO075/040/A=033260 -126T2661P EOSS Balloon,"KC0D-2>APZEOS,EOSS,WIDE2-1,qAO,N6BA-10:/145415h3941.64N/10311.19WO075/040/A=033260 -126T2661P EOSS Balloon",75.0,46.0,74.0,39.694,-103.1865,45.78,73.67,9.32,-12.6,260.55,26610.0,0.26,0.00069035,0.35579205,0.00032222,-5.56e-06,-28.2,-8.59533333,n/a,0.011111,-65.965543,0.006292,32.693753,0.322997,1.15513,0.01492,-29.04464,0.003389,-20.106302,0.001918,9.965054,0.098449,1.155134,0.014942,-8.852806,
EOSS-307,AE0SS-12,2021-03-20 08:54:28.318,2021-03-20 08:54:27,32963.0,10047.12,-1674.0,1066.0,descending,True,/145427h3941.65N/10310.96WO099/046EOSS Balloon  www.eoss.org/A=032963!W34!,"AE0SS-12>APTT4,EOSS,qAO,W9CN-9:/145427h3941.65N/10310.96WO099/046EOSS Balloon  www.eoss.org/A=032963!W34!",99.0,53.0,85.3,39.6942166667,-103.1827333333,45.98,74.0,,,,,,,,0.00030778,1.056e-05,-27.9,-8.504,n/a,0.01,-65.677168,0.00632,32.736818,0.321752,1.153966,0.011437,-28.777894,0.003044,-20.018406,0.001926,9.97818,0.09807,1.153959,0.0114,-8.771498,
EOSS-307,AE0SS-13,2021-03-20 08:54:42.391,2021-03-20 08:54:41,32511.0,9909.35,-1692.0,1080.0,descending,True,/145441h3941.67N/10310.73WO089/062EOSS Baloon/A=032511!W07!,"AE0SS-13>APTT4,EOSS,qAO,KB0TVJ-1:/145441h3941.67N/10310.73WO089/062EOSS Baloon/A=032511!W07!",89.0,71.0,114.3,39.6945,-103.17895,46.18,74.32,,,,,,,,0.00028222,1.611e-05,-28.2,-8.59533333,n/a,-0.01,-65.395384,0.006196,32.774087,0.320525,1.134902,-0.05053,-28.390348,-0.003044,-19.932518,0.001889,9.989539,0.097696,1.134906,-0.050493,-8.653373,
EOSS-307,KC0D-14,2021-03-20 08:54:46.803,2021-03-20 08:54:45,32472.0,9897.47,-1702.0,1084.0,descending,True,/145445h3941.66N/10310.68WO083/041/A=032472 1T2765P EOSS BALLOON,"KC0D-14>APZEOS,EOSS,WIDE2-1,qAO,N6BA-10:/145445h3941.66N/10310.68WO083/041/A=032472 1T2765P EOSS BALLOON",83.0,47.0,75.6,39.6943333333,-103.178,46.23,74.4,32.18,0.1,273.25,27650.0,0.27,0.00068399,0.35251485,0.00028333,1.111e-05,-28.36666667,-8.646,n/a,-0.005556,-65.119051,0.006108,32.806963,0.31931,1.120262,-0.036529,-28.357962,-0.001689,-19.84829,0.001862,9.999561,0.097326,1.120278,-0.036486,-8.643508,
EOSS-307,KC0D-2,2021-03-20 08:54:46.989,2021-03-20 08:54:45,32407.0,9877.65,-1706.0,1084.0,descending,True,/145445h3941.66N/10310.68WO084/035/A=032407 -129T2768P EOSS Balloon,"KC0D-2>APZEOS,EOSS,WIDE2-1,qAO,N6BA-10:/145445h3941.66N/10310.68WO084/035/A=032407 -129T2768P EOSS Balloon",84.0,40.0,64.4,39.6943333333,-103.178,46.23,74.4,8.78,-12.9,260.25,27680.0,0.27,0.00071894,0.37052524,0.00028333,1.111e-05,-28.43333333,-8.66666667,n/a,-0.002222,-64.847305,0.006046,32.836473,0.318108,1.108949,-0.025991,-28.304359,-0.000689,-19.765463,0.001843,10.008554,0.096959,1.108931,-0.026114,-8.627163,
EOSS-307,AE0SS-12,2021-03-20 08:54:58.843,2021-03-20 08:54:57,32107.0,9786.21,-1712.0,1096.0,descending,True,/145457h3941.67N/10310.48WO100/040EOSS Balloon  www.eoss.org/A=032107!W93!,"AE0SS-12>APTT4,EOSS,qAO,N6BA-10:/145457h3941.67N/10310.48WO100/040EOSS Balloon  www.eoss.org/A=032107!W93!",100.0,46.0,74.0,39.69465,-103.1747166667,46.4,74.68,,,,,,,,0.00026722,1.444e-05,-28.53333333,-8.697,n/a,-0.003333,-64.58029,0.005976,32.862492,0.31692,1.096903,-0.029373,-28.063047,-0.001011,-19.684078,0.001822,10.016485,0.096597,1.0969,-0.029328,-8.553611,
EOSS-307,AE0SS-13,2021-03-20 08:55:12.585,2021-03-20 08:55:11,31680.0,9656.06,-1662.0,1110.0,descending,True,/145511h3941.69N/10310.26WO107/049EOSS Baloon/A=031680!W13!,"AE0SS-13>APTT4,EOSS,qAO,W9CN-9:/145511h3941.69N/10310.26WO107/049EOSS Baloon/A=031680!W13!",107.0,56.0,90.1,39.69485,-103.17105,46.6,75.0,,,,,,,,0.00026333,1.167e-05,-27.7,-8.443,n/a,0.027778,-64.311091,0.006137,32.892716,0.31575,1.113046,0.068538,-27.736941,0.008467,-19.602026,0.00187,10.025697,0.096241,1.113042,0.068547,-8.454214,
EOSS-307,KC0D-14,2021-03-20 08:55:16.816,2021-03-20 08:55:15,31640.0,9643.87,-1664.0,1114.0,descending,True,/145515h3941.70N/10310.22WO077/045/A=031640 -3T2874P EOSS BALLOON,"KC0D-14>APZEOS,EOSS,WIDE2-1,qAO,N6BA-10:/145515h3941.70N/10310.22WO077/045/A=031640 -3T2874P EOSS BALLOON",77.0,52.0,83.7,39.695,-103.1703333333,46.64,75.06,31.46,-0.3,272.85,28740.0,0.28,0.000712,0.36694862,0.00025556,2.222e-05,-27.73333333,-8.45333333,n/a,-0.003333,-63.784073,0.00604,32.945626,0.313438,1.09425,-0.029904,-27.707443,-0.001022,-19.441392,0.001841,10.041822,0.095536,1.09423,-0.029968,-8.445224,
EOSS-307,KC0D-2,2021-03-20 08:55:16.853,2021-03-20 08:55:15,31578.0,9624.97,-1658.0,1114.0,descending,True,/145515h3941.70N/10310.22WO064/041/A=031578 -131T2878P EOSS Balloon,"KC0D-2>APZEOS,EOSS,WIDE2-1,qAO,N6BA-10:/145515h3941.70N/10310.22WO064/041/A=031578 -131T2878P EOSS Balloon",64.0,47.0,75.6,39.695,-103.1703333333,46.64,75.06,8.42,-13.1,260.05,28780.0,0.28,0.00074808,0.38554616,0.00025556,2.222e-05,-27.63333333,-8.42266667,n/a,0.002222,-64.04531,0.006108,32.92084,0.314587,1.106046,-0.012353,-27.662076,0.000678,-19.521016,0.001862,10.034269,0.095886,1.106045,-0.012348,-8.431395,
EOSS-307,AE0SS-12,2021-03-20 08:55:28.336,2021-03-20 08:55:27,31267.0,9530.18,-1680.0,1126.0,descending,True,/145527h3941.70N/10310.03WO070/042EOSS Balloon  www.eoss.org/A=031267!W86!,"AE0SS-12>APTT4,EOSS,qAO,W9CN-9:/145527h3941.70N/10310.03WO070/042EOSS Balloon  www.eoss.org/A=031267!W86!",70.0,48.0,77.2,39.6951333333,-103.1672666667,46.8,75.32,,,,,,,,0.00024833,1.611e-05,-28.0,-8.53433333,n/a,-0.008889,-63.528472,0.005932,32.965921,0.312302,1.077733,-0.047457,-27.441046,-0.0027,-19.363485,0.001808,10.048009,0.09519,1.077741,-0.047358,-8.364027,
EOSS-307,AE0SS-13,2021-03-20 08:55:42.347,2021-03-20 08:55:41,30831.0,9397.29,-1698.0,1140.0,descending,True,/145541h3941.72N/10309.82WO061/042EOSS Baloon/A=030831!W57!,"AE0SS-13>APTT4,EOSS,qAO,W9CN-9:/145541h3941.72N/10309.82WO061/042EOSS Baloon/A=030831!W57!",61.0,48.0,77.2,39.6954166667,-103.1637833333,46.99,75.62,,,,,,,,0.00024222,1.889e-05,-28.3,-8.62566667,n/a,-0.01,-63.278625,0.005818,32.981679,0.31118,1.060547,-0.050832,-27.14953,-0.003044,-19.28733,0.001774,10.052813,0.094848,1.060565,-0.050797,-8.275175,
EOSS-307,KC0D-2,2021-03-20 08:55:46.939,2021-03-20 08:55:45,30729.0,9366.2,-1698.0,1144.0,descending,True,/145545h3941.73N/10309.75WO094/052/A=030729 -133T2992P EOSS Balloon,"KC0D-2>APZEOS,EOSS,WIDE2-1,qAO,N6BA-10:/145545h3941.73N/10309.75WO094/052/A=030729 -133T2992P EOSS Balloon",94.0,60.0,96.6,39.6955,-103.1625,47.06,75.73,8.06,-13.3,259.85,29920.0,0.3,0.00077831,0.40112647,0.00026111,1.667e-05,-28.3,-8.62566667,n/a,0.0,-63.032297,0.005777,32.995342,0.310067,1.052642,-0.018631,-27.084415,0.0,-19.212248,0.001761,10.056979,0.094508,1.05266,-0.018633,-8.255327,
EOSS-307,KC0D-14,2021-03-20 08:55:46.844,2021-03-20 08:55:45,30797.0,9386.93,-1686.0,1144.0,descending,True,/145545h3941.73N/10309.75WO094/048/A=030797 -4T2988P EOSS BALLOON,"KC0D-14>APZEOS,EOSS,WIDE2-1,qAO,N6BA-10:/145545h3941.73N/10309.75WO094/048/A=030797 -4T2988P EOSS BALLOON",94.0,55.0,88.5,39.6955,-103.1625,47.06,75.73,31.28,-0.4,272.75,29880.0,0.29,0.00074051,0.38164386,0.00026111,1.667e-05,-28.1,-8.56466667,n/a,0.006667,-62.788015,0.005783,33.008469,0.308965,1.050882,0.002861,-27.127695,0.002033,-19.137789,0.001763,10.060982,0.094173,1.050904,0.002867,-8.268522,
EOSS-307,AE0SS-12,2021-03-20 08:55:58.577,2021-03-20 08:55:57,30424.0,9273.24,-1686.0,1156.0,descending,True,/145557h3941.74N/10309.56WO091/053EOSS Balloon  www.eoss.org/A=030424!W71!,"AE0SS-12>APTT4,EOSS,qAO,N6BA-10:/145557h3941.74N/10309.56WO091/053EOSS Balloon  www.eoss.org/A=030424!W71!",91.0,61.0,98.2,39.6957833333,-103.15935,47.22,76.0,,,,,,,,0.00026389,2.167e-05,-28.1,-8.56466667,n/a,0.0,-62.547126,0.005743,33.019626,0.307876,1.043232,-0.018654,-26.896648,0.0,-19.064365,0.001751,10.064384,0.093841,1.043253,-0.018659,-8.198099,
EOSS-307,AE0SS-13,2021-03-20 08:56:12.356,2021-03-20 08:56:11,29991.0,9141.26,-1680.0,1170.0,descending,True,/145611h3941.76N/10309.33WO092/058EOSS Baloon/A=029991!W53!,"AE0SS-13>APTT4,EOSS,qAO,W9CN-9:/145611h3941.76N/10309.33WO092/058EOSS Baloon/A=029991!W53!",92.0,67.0,107.8,39.6960833333,-103.15555,47.43,76.33,,,,,,,,0.00027444,2.222e-05,-28.0,-8.53433333,n/a,0.003333,-62.30887,0.005726,33.029612,0.306798,1.038731,-0.0078,-26.647787,0.001011,-18.991744,0.001745,10.067428,0.093512,1.038737,-0.007849,-8.122245,
EOSS-307,KC0D-2,2021-03-20 08:56:16.832,2021-03-20 08:56:15,29892.0,9111.08,-1674.0,1174.0,descending,True,/145615h3941.76N/10309.28WO076/032/A=029892 -134T3108P EOSS Balloon,"KC0D-2>APZEOS,EOSS,WIDE2-1,qAO,N6BA-10:/145615h3941.76N/10309.28WO076/032/A=029892 -134T3108P EOSS Balloon",76.0,37.0,59.5,39.696,-103.1546666667,47.47,76.4,7.88,-13.4,259.75,31080.0,0.31,0.0008088,0.41683858,0.00026111,1.667e-05,-27.9,-8.504,n/a,0.003333,-62.073193,0.00571,33.038475,0.305731,1.034345,-0.007775,-26.593773,0.001011,-18.91991,0.00174,10.070129,0.093187,1.034337,-0.007823,-8.105779,
EOSS-307,KC0D-14,2021-03-20 08:56:16.795,2021-03-20 08:56:15,29957.0,9130.89,-1680.0,1174.0,descending,True,/145615h3941.76N/10309.29WO077/037/A=029957 -8T3105P EOSS BALLOON,"KC0D-14>APZEOS,EOSS,WIDE2-1,qAO,N6BA-10:/145615h3941.76N/10309.29WO077/037/A=029957 -8T3105P EOSS BALLOON",77.0,43.0,69.2,39.696,-103.1548333333,47.46,76.39,30.56,-0.8,272.35,31050.0,0.31,0.00077064,0.39717022,0.00025556,1.667e-05,-28.0,-8.53466667,n/a,-0.003333,-61.841402,0.005648,33.044854,0.304675,1.024105,-0.029477,-26.629117,-0.001022,-18.849262,0.001721,10.072071,0.092865,1.024079,-0.029538,-8.11655,
EOSS-307,AE0SS-12,2021-03-20 08:56:28.467,2021-03-20 08:56:27,29600.0,9022.08,-1648.0,1186.0,descending,True,/145627h3941.77N/10309.10WO080/031EOSS Balloon  www.eoss.org/A=029600!W70!,"AE0SS-12>APTT4,EOSS,qAO,W9CN-9:/145627h3941.77N/10309.10WO080/031EOSS Balloon  www.eoss.org/A=029600!W70!",80.0,36.0,57.9,39.6962833333,-103.1516666667,47.63,76.66,,,,,,,,0.00025611,1.667e-05,-27.46666667,-8.372,n/a,0.017778,-61.60914,0.00573,33.05326,0.303632,1.032953,0.03968,-26.440622,0.005422,-18.77847,0.001747,10.074632,0.092547,1.032938,0.03971,-8.059099,
EOSS-307,AE0SS-13,2021-03-20 08:56:42.353,2021-03-20 08:56:41,29206.0,8901.99,-1570.0,1200.0,descending,True,/145641h3941.80N/10308.89WO090/025EOSS Baloon/A=029206!W72!,"AE0SS-13>APTT4,EOSS,qAO,W9CN-9:/145641h3941.80N/10308.89WO090/025EOSS Baloon/A=029206!W72!",90.0,29.0,46.7,39.6967833333,-103.1482,47.82,76.96,,,,,,,,0.000245,2.333e-05,-26.16666667,-7.97566667,n/a,0.043333,-61.371271,0.005984,33.069121,0.302613,1.064576,0.123422,-26.248305,0.013211,-18.705968,0.001824,10.079466,0.092237,1.06457,0.123454,-8.000482,
EOSS-307,KC0D-2,2021-03-20 08:56:46.847,2021-03-20 08:56:45,29116.0,8874.56,-1552.0,1204.0,descending,True,/145645h3941.83N/10308.85WO062/049/A=029116 -136T3220P EOSS Balloon,"KC0D-2>APZEOS,EOSS,WIDE2-1,qAO,N6BA-10:/145645h3941.83N/10308.85WO062/049/A=029116 -136T3220P EOSS Balloon",62.0,56.0,90.1,39.6971666667,-103.1475,47.86,77.03,7.52,-13.6,259.55,32200.0,0.32,0.00083859,0.43219256,0.00023889,3.889e-05,-25.86666667,-7.884,n/a,0.01,-61.134574,0.006011,33.085212,0.301589,1.065972,0.013227,-26.206637,0.003056,-18.633821,0.001832,10.084372,0.091924,1.065988,0.013315,-7.987782,
EOSS-307,KC0D-14,2021-03-20 08:56:46.802,2021-03-20 08:56:45,29176.0,8892.84,-1562.0,1204.0,descending,True,/145645h3941.83N/10308.84WO068/048/A=029176 -8T3216P EOSS BALLOON,"KC0D-14>APZEOS,EOSS,WIDE2-1,qAO,N6BA-10:/145645h3941.83N/10308.84WO068/048/A=029176 -8T3216P EOSS BALLOON",68.0,55.0,88.5,39.6971666667,-103.1473333333,47.87,77.04,30.56,-0.8,272.35,32160.0,0.32,0.00079819,0.41136857,0.00025,3.889e-05,-26.03333333,-7.935,n/a,-0.005556,-60.902116,0.005934,33.098237,0.300577,1.053494,-0.038226,-26.234323,-0.0017,-18.562968,0.001809,10.088342,0.091616,1.05349,-0.038301,-7.996217,
EOSS-307,AE0SS-12,2021-03-20 08:56:58.454,2021-03-20 08:56:57,28849.0,8793.18,-1502.0,1216.0,descending,True,/145657h3941.86N/10308.67WO061/036EOSS Balloon  www.eoss.org/A=028849!W36!,"AE0SS-12>APTT4,EOSS,qAO,W9CN-9:/145657h3941.86N/10308.67WO061/036EOSS Balloon  www.eoss.org/A=028849!W36!",61.0,41.0,66.0,39.6977166667,-103.1446,48.02,77.28,,,,,,,,0.00023556,4.778e-05,-25.03333333,-7.63,n/a,0.033333,-60.666137,0.006116,33.116501,0.299582,1.075983,0.09085,-26.08786,0.010167,-18.491041,0.001864,10.09391,0.091313,1.075999,0.090929,-7.95158,
EOSS-307,AE0SS-13,2021-03-20 08:57:12.413,2021-03-20 08:57:11,28475.0,8679.18,-1462.0,1230.0,descending,True,/145711h3941.90N/10308.46WO096/037EOSS Baloon/A=028475!W86!,"AE0SS-13>APTT4,EOSS,qAO,N6BA-10:/145711h3941.90N/10308.46WO096/037EOSS Baloon/A=028475!W86!",96.0,43.0,69.2,39.6984666667,-103.1411,48.21,77.59,,,,,,,,0.00023667,5.611e-05,-24.36666667,-7.427,n/a,0.022222,-60.428885,0.006222,33.137586,0.298591,1.088257,0.053585,-25.933323,0.006767,-18.418727,0.001896,10.100336,0.091011,1.088254,0.053521,-7.904475,
EOSS-307,KC0D-14,2021-03-20 08:57:16.822,2021-03-20 08:57:15,28445.0,8670.04,-1462.0,1234.0,descending,True,/145715h3941.93N/10308.43WO067/044/A=028445 -12T3322P EOSS BALLOON,"KC0D-14>APZEOS,EOSS,WIDE2-1,qAO,N6BA-10:/145715h3941.93N/10308.43WO067/044/A=028445 -12T3322P EOSS BALLOON",67.0,51.0,82.1,39.6988333333,-103.1405,48.24,77.64,29.84,-1.2,271.95,33220.0,0.33,0.00082571,0.42555237,0.00022778,5.556e-05,-24.36666667,-7.42666667,n/a,0.0,-60.194715,0.006181,33.156706,0.297608,1.080567,-0.020769,-25.921509,1.1e-05,-18.34735,0.001884,10.106166,0.090711,1.080596,-0.020648,-7.900876,
EOSS-307,KC0D-2,2021-03-20 08:57:16.858,2021-03-20 08:57:15,28383.0,8651.14,-1466.0,1234.0,descending,True,/145715h3941.92N/10308.43WO056/042/A=028383 -137T3327P EOSS Balloon,"KC0D-2>APZEOS,EOSS,WIDE2-1,qAO,N6BA-10:/145715h3941.92N/10308.43WO056/042/A=028383 -137T3327P EOSS Balloon",56.0,48.0,77.2,39.6986666667,-103.1405,48.24,77.64,7.34,-13.7,259.45,33270.0,0.33,0.00086679,0.44672635,0.00023333,5e-05,-24.43333333,-7.44733333,n/a,-0.002222,-59.963996,0.006126,33.173472,0.296634,1.071056,-0.028142,-25.897362,-0.000689,-18.277027,0.001867,10.111276,0.090414,1.071051,-0.02827,-7.893515,
EOSS-307,AE0SS-12,2021-03-20 08:57:28.509,2021-03-20 08:57:27,28097.0,8563.97,-1504.0,1246.0,descending,True,/145727h3941.96N/10308.27WO062/043EOSS Balloon  www.eoss.org/A=028097!W50!,"AE0SS-12>APTT4,EOSS,qAO,W9CN-9:/145727h3941.96N/10308.27WO062/043EOSS Balloon  www.eoss.org/A=028097!W50!",62.0,49.0,78.9,39.6994166667,-103.1378333333,48.39,77.88,,,,,,,,0.00022556,5.667e-05,-25.06666667,-7.64033333,n/a,-0.021111,-59.740296,0.005951,33.184122,0.295678,1.044886,-0.091525,-25.790566,-0.006433,-18.208843,0.001814,10.114522,0.090123,1.044885,-0.091508,-7.860965,
EOSS-307,AE0SS-13,2021-03-20 08:57:42.394,2021-03-20 08:57:41,27704.0,8444.18,-1542.0,1260.0,descending,True,/145741h3942.01N/10308.10WO050/042EOSS Baloon/A=027704!W10!,"AE0SS-13>APTT4,EOSS,qAO,W9CN-9:/145741h3942.01N/10308.10WO050/042EOSS Baloon/A=027704!W10!",50.0,48.0,77.2,39.7001833333,-103.135,48.55,78.13,,,,,,,,0.00020333,5.722e-05,-25.7,-7.83333333,n/a,-0.021111,-59.523478,0.005777,33.188968,0.29473,1.019118,-0.091229,-25.655629,-0.006433,-18.142757,0.001761,10.115999,0.089834,1.019121,-0.091213,-7.819835,
EOSS-307,KC0D-2,2021-03-20 08:57:46.845,2021-03-20 08:57:45,27608.0,8414.92,-1550.0,1264.0,descending,True,/145745h3942.02N/10308.03WO093/039/A=027608 -138T3443P EOSS Balloon,"KC0D-2>APZEOS,EOSS,WIDE2-1,qAO,N6BA-10:/145745h3942.02N/10308.03WO093/039/A=027608 -138T3443P EOSS Balloon",93.0,45.0,72.4,39.7003333333,-103.1338333333,48.61,78.23,7.16,-13.8,259.35,34430.0,0.34,0.00089736,0.46248028,0.00022222,5.556e-05,-25.83333333,-7.874,n/a,-0.003333,-59.099074,0.005676,33.193272,0.292848,1.002183,-0.030763,-25.624647,-0.001011,-18.0134,0.00173,10.11731,0.08926,1.002183,-0.030708,-7.810392,
EOSS-307,KC0D-14,2021-03-20 08:57:46.808,2021-03-20 08:57:45,27673.0,8434.73,-1544.0,1264.0,descending,True,/145745h3942.02N/10308.03WO085/036/A=027673 -12T3439P EOSS BALLOON,"KC0D-14>APZEOS,EOSS,WIDE2-1,qAO,N6BA-10:/145745h3942.02N/10308.03WO085/036/A=027673 -12T3439P EOSS BALLOON",85.0,41.0,66.0,39.7003333333,-103.1338333333,48.61,78.23,29.84,-1.2,271.95,34390.0,0.34,0.00085479,0.44054022,0.00022222,5e-05,-25.73333333,-7.84366667,n/a,-0.001111,-59.309617,0.005733,33.192138,0.293785,1.011573,-0.023296,-25.645542,-0.000344,-18.077573,0.001748,10.116965,0.089546,1.011559,-0.023362,-7.81676,
EOSS-307,AE0SS-12,2021-03-20 08:57:58.400,2021-03-20 08:57:57,27346.0,8335.06,-1502.0,1276.0,descending,True,/145757h3942.05N/10307.90WO065/043EOSS Balloon  www.eoss.org/A=027346!W16!,"AE0SS-12>APTT4,EOSS,qAO,W9CN-9:/145757h3942.05N/10307.90WO065/043EOSS Balloon  www.eoss.org/A=027346!W16!",65.0,49.0,78.9,39.70085,-103.1317666667,48.72,78.41,,,,,,,,0.00020222,4.778e-05,-25.03333333,-7.63033333,n/a,0.026667,-58.886163,0.005808,33.198144,0.291925,1.019721,0.071453,-25.543842,0.008122,-17.948506,0.00177,10.118794,0.088979,1.019704,0.071388,-7.785762,
EOSS-307,AE0SS-13,2021-03-20 08:58:12.346,2021-03-20 08:58:11,26959.0,8217.1,-1490.0,1290.0,descending,True,/145811h3942.07N/10307.74WO051/032EOSS Baloon/A=026959!W81!,"AE0SS-13>APTT4,EOSS,qAO,W9CN-9:/145811h3942.07N/10307.74WO051/032EOSS Baloon/A=026959!W81!",51.0,37.0,59.5,39.7013,-103.1290166667,48.87,78.65,,,,,,,,0.00019944,3.722e-05,-24.83333333,-7.56933333,n/a,0.006667,-58.674655,0.005813,33.202876,0.291005,1.019229,0.002935,-25.433929,0.002033,-17.884039,0.001772,10.120236,0.088698,1.019216,0.002943,-7.75226,
EOSS-307,KC0D-14,2021-03-20 08:58:16.816,2021-03-20 08:58:15,26931.0,8208.57,-1484.0,1294.0,descending,True,/145815h3942.09N/10307.68WO085/037/A=026931 -16T3554P EOSS BALLOON,"KC0D-14>APZEOS,EOSS,WIDE2-1,qAO,N6BA-10:/145815h3942.09N/10307.68WO085/037/A=026931 -16T3554P EOSS BALLOON",85.0,43.0,69.2,39.7015,-103.128,48.93,78.74,29.12,-1.6,271.55,35540.0,0.35,0.00088467,0.45594249,0.00019444,3.889e-05,-24.73333333,-7.53866667,n/a,0.003333,-58.465141,0.005798,33.206848,0.290095,1.015809,-0.008497,-25.426387,0.001022,-17.820178,0.001767,10.121447,0.088421,1.015814,-0.008426,-7.749963,
EOSS-307,KC0D-2,2021-03-20 08:58:16.853,2021-03-20 08:58:15,26865.0,8188.45,-1486.0,1294.0,descending,True,/145815h3942.10N/10307.68WO086/044/A=026865 -139T3558P EOSS Balloon,"KC0D-2>APZEOS,EOSS,WIDE2-1,qAO,N6BA-10:/145815h3942.10N/10307.68WO086/044/A=026865 -139T3558P EOSS Balloon",86.0,51.0,82.1,39.7016666667,-103.128,48.93,78.74,6.98,-13.9,259.25,35580.0,0.35,0.00092769,0.47811198,0.00019444,4.444e-05,-24.76666667,-7.549,n/a,-0.001111,-58.258401,0.005755,33.209258,0.289193,1.008506,-0.023742,-25.408818,-0.000344,-17.757165,0.001754,10.12218,0.088146,1.008495,-0.023801,-7.744607,
EOSS-307,AE0SS-12,2021-03-20 08:58:28.331,2021-03-20 08:58:27,26595.0,8106.16,-1502.0,1306.0,descending,True,/145827h3942.12N/10307.53WO072/046EOSS Balloon  www.eoss.org/A=026595!W96!,"AE0SS-12>APTT4,EOSS,qAO,W9CN-9:/145827h3942.12N/10307.53WO072/046EOSS Balloon  www.eoss.org/A=026595!W96!",72.0,53.0,85.3,39.70215,-103.1256,49.06,78.95,,,,,,,,0.00020556,4.333e-05,-25.03333333,-7.63,n/a,-0.008889,-58.05581,0.005665,33.208733,0.288301,0.994391,-0.050482,-25.339875,-0.0027,-17.695414,0.001727,10.122022,0.087874,0.994407,-0.050379,-7.723595,
EOSS-307,AE0SS-13,2021-03-20 08:58:42.700,2021-03-20 08:58:41,26207.0,7987.89,-1504.0,1320.0,descending,True,/145841h3942.16N/10307.38WO051/040EOSS Baloon/A=026207!W60!,"AE0SS-13>APTT4,EOSS,qAO,W9CN-9:/145841h3942.16N/10307.38WO051/040EOSS Baloon/A=026207!W60!",51.0,46.0,74.0,39.7027666667,-103.123,49.2,79.18,,,,,,,,0.00020056,4.889e-05,-25.06666667,-7.64033333,n/a,-0.001111,-57.855875,0.005624,33.206793,0.287416,0.987425,-0.023433,-25.248332,-0.000344,-17.634474,0.001714,10.12143,0.087604,0.987424,-0.023492,-7.695691,
EOSS-307,KC0D-2,2021-03-20 08:58:46.899,2021-03-20 08:58:45,26114.0,7959.55,-1502.0,1324.0,descending,True,/145845h3942.18N/10307.32WO084/040/A=026114 -139T3676P EOSS Balloon,"KC0D-2>APZEOS,EOSS,WIDE2-1,qAO,N6BA-10:/145845h3942.18N/10307.32WO084/040/A=026114 -139T3676P EOSS Balloon",84.0,46.0,74.0,39.703,-103.122,49.26,79.27,6.98,-13.9,259.25,36760.0,0.36,0.00095846,0.49396842,0.0002,4.444e-05,-25.03333333,-7.63,n/a,0.001111,-57.658149,0.005597,33.203885,0.286539,0.98256,-0.015656,-25.227574,0.000344,-17.574206,0.001706,10.120545,0.087337,0.982576,-0.015595,-7.689366,
EOSS-307,KC0D-14,2021-03-20 08:58:46.935,2021-03-20 08:58:45,26184.0,7980.88,-1494.0,1324.0,descending,True,/145845h3942.18N/10307.32WO082/037/A=026184 -15T3672P EOSS BALLOON,"KC0D-14>APZEOS,EOSS,WIDE2-1,qAO,N6BA-10:/145845h3942.18N/10307.32WO082/037/A=026184 -15T3672P EOSS BALLOON",82.0,43.0,69.2,39.703,-103.122,49.26,79.27,29.3,-1.5,271.65,36720.0,0.36,0.00091371,0.47090729,0.0002,5e-05,-24.9,-7.58966667,n/a,0.004444,-57.461993,0.00559,33.200635,0.285669,0.980764,-0.004012,-25.243159,0.001344,-17.514418,0.001704,10.119553,0.087072,0.98075,-0.004135,-7.694114,
EOSS-307,AE0SS-12,2021-03-20 08:58:58.371,2021-03-20 08:58:57,25853.0,7879.99,-1484.0,1336.0,descending,True,/145857h3942.21N/10307.19WO064/041EOSS Balloon  www.eoss.org/A=025853!W52!,"AE0SS-12>APTT4,EOSS,qAO,W9CN-9:/145857h3942.21N/10307.19WO064/041EOSS Balloon  www.eoss.org/A=025853!W52!",64.0,47.0,75.6,39.7035833333,-103.1198666667,49.37,79.46,,,,,,,,0.00019111,4.778e-05,-24.73333333,-7.539,n/a,0.005556,-57.267179,0.00559,33.197254,0.284807,0.980016,-0.000119,-25.171477,0.001689,-17.455041,0.001704,10.118521,0.086809,0.979989,-0.000173,-7.672266,
EOSS-307,AE0SS-13,2021-03-20 08:59:12.339,2021-03-20 08:59:11,25459.0,7759.9,-1496.0,1350.0,descending,True,/145911h3942.25N/10307.04WO045/036EOSS Baloon/A=025459!W50!,"AE0SS-13>APTT4,EOSS,qAO,W9CN-9:/145911h3942.25N/10307.04WO045/036EOSS Baloon/A=025459!W50!",45.0,41.0,66.0,39.70425,-103.1173333333,49.51,79.68,,,,,,,,0.00018889,4.944e-05,-24.93333333,-7.59966667,n/a,-0.006667,-57.075855,0.005517,33.191626,0.283955,0.968392,-0.042908,-25.091961,-0.002022,-17.396725,0.001682,10.116806,0.086549,0.968394,-0.042797,-7.64803,
EOSS-307,KC0D-14,2021-03-20 08:59:16.863,2021-03-20 08:59:15,25438.0,7753.5,-1492.0,1354.0,descending,True,/145915h3942.27N/10306.98WO080/038/A=025438 -18T3792P EOSS BALLOON,"KC0D-14>APZEOS,EOSS,WIDE2-1,qAO,N6BA-10:/145915h3942.27N/10306.98WO080/038/A=025438 -18T3792P EOSS BALLOON",80.0,44.0,70.8,39.7045,-103.1163333333,49.57,79.77,28.76,-1.8,271.35,37920.0,0.37,0.00094461,0.48683406,0.00018889,5e-05,-24.86666667,-7.57933333,n/a,-0.004444,-56.698359,0.005465,33.17884,0.282271,0.959397,-0.035105,-25.08787,-0.001356,-17.281664,0.001666,10.112909,0.086036,0.959401,-0.035125,-7.646783,
EOSS-307,KC0D-2,2021-03-20 08:59:16.826,2021-03-20 08:59:15,25372.0,7733.39,-1484.0,1354.0,descending,True,/145915h3942.27N/10306.98WO083/043/A=025372 -140T3797P EOSS Balloon,"KC0D-2>APZEOS,EOSS,WIDE2-1,qAO,N6BA-10:/145915h3942.27N/10306.98WO083/043/A=025372 -140T3797P EOSS Balloon",83.0,49.0,78.9,39.7045,-103.1163333333,49.57,79.77,6.8,-14.0,259.15,37970.0,0.37,0.00099039,0.51042488,0.00018889,5e-05,-24.73333333,-7.53866667,n/a,0.006667,-56.885605,0.005523,33.186117,0.283108,0.968847,0.004041,-25.075098,0.002033,-17.338737,0.001684,10.115127,0.086291,0.968853,0.004044,-7.642892,
EOSS-307,AE0SS-12,2021-03-20 08:59:28.364,2021-03-20 08:59:27,25108.0,7652.92,-1490.0,1366.0,descending,True,/145927h3942.31N/10306.84WO065/044EOSS Balloon  www.eoss.org/A=025108!W05!,"AE0SS-12>APTT4,EOSS,qAO,W9CN-9:/145927h3942.31N/10306.84WO065/044EOSS Balloon  www.eoss.org/A=025108!W05!",65.0,51.0,82.1,39.7051666667,-103.1140833333,49.69,79.97,,,,,,,,0.00019278,5.278e-05,-24.83333333,-7.569,n/a,0.001111,-56.513098,0.005439,33.170788,0.281439,0.95505,-0.015378,-25.025138,0.000344,-17.225195,0.001658,10.110456,0.085783,0.95507,-0.015318,-7.627664,
EOSS-307,AE0SS-13,2021-03-20 08:59:42.374,2021-03-20 08:59:41,24711.0,7531.91,-1496.0,1380.0,descending,True,/145941h3942.35N/10306.68WO055/044EOSS Baloon/A=024711!W98!,"AE0SS-13>APTT4,EOSS,qAO,W9CN-9:/145941h3942.35N/10306.68WO055/044EOSS Baloon/A=024711!W98!",55.0,51.0,82.1,39.7059833333,-103.1114666667,49.84,80.2,,,,,,,,0.00019556,5.778e-05,-24.93333333,-7.59966667,n/a,-0.003333,-56.330556,0.005388,33.161253,0.280616,0.946804,-0.031078,-24.952466,-0.001022,-17.169556,0.001642,10.10755,0.085532,0.946806,-0.031146,-7.605513,
EOSS-307,KC0D-2,2021-03-20 08:59:46.825,2021-03-20 08:59:45,24619.0,7503.87,-1506.0,1384.0,descending,True,/145945h3942.37N/10306.63WO077/041/A=024619 -140T3922P EOSS Balloon,"KC0D-2>APZEOS,EOSS,WIDE2-1,qAO,N6BA-10:/145945h3942.37N/10306.63WO077/041/A=024619 -140T3922P EOSS Balloon",77.0,47.0,75.6,39.7061666667,-103.1105,49.89,80.29,6.8,-14.0,259.15,39220.0,0.39,0.00102299,0.52722843,0.00019444,5.556e-05,-25.1,-7.65066667,n/a,-0.005556,-56.15107,0.005325,33.149927,0.2798,0.936686,-0.038888,-24.935875,-0.0017,-17.11485,0.001623,10.104097,0.085283,0.936668,-0.038964,-7.600456,
EOSS-307,KC0D-14,2021-03-20 08:59:46.789,2021-03-20 08:59:45,24684.0,7523.68,-1508.0,1384.0,descending,True,/145945h3942.37N/10306.63WO079/041/A=024684 -17T3917P EOSS BALLOON,"KC0D-14>APZEOS,EOSS,WIDE2-1,qAO,N6BA-10:/145945h3942.37N/10306.63WO079/041/A=024684 -17T3917P EOSS BALLOON",79.0,47.0,75.6,39.7061666667,-103.1105,49.89,80.29,28.94,-1.7,271.45,39170.0,0.39,0.00097539,0.50269686,0.00019444,5.556e-05,-25.13333333,-7.66066667,n/a,-0.001111,-55.973825,0.005288,33.137589,0.278991,0.93068,-0.022936,-24.947591,-0.000333,-17.060826,0.001612,10.100336,0.085036,0.930678,-0.022873,-7.604027,
EOSS-307,AE0SS-12,2021-03-20 08:59:58.618,2021-03-20 08:59:57,24370.0,7427.98,-1476.0,1396.0,descending,True,/145957h3942.40N/10306.49WO057/039EOSS Balloon  www.eoss.org/A=024370!W03!,"AE0SS-12>APTT4,EOSS,qAO,W9CN-9:/145957h3942.40N/10306.49WO057/039EOSS Balloon  www.eoss.org/A=024370!W03!",57.0,45.0,72.4,39.7066666667,-103.1082166667,50.01,80.49,,,,,,,,0.00019556,5e-05,-24.6,-7.498,n/a,0.017778,-55.795565,0.005359,33.127294,0.27819,0.941688,0.044642,-24.891116,0.005422,-17.006492,0.001634,10.097199,0.084792,0.941696,0.044674,-7.586815,
EOSS-307,AE0SS-13,2021-03-20 09:00:12.402,2021-03-20 09:00:11,23963.0,7303.92,-1496.0,1410.0,descending,True,/150011h3942.43N/10306.31WO072/026EOSS Baloon/A=023963!W19!,"AE0SS-13>APTT4,EOSS,qAO,W9CN-9:/150011h3942.43N/10306.31WO072/026EOSS Baloon/A=023963!W19!",72.0,30.0,48.3,39.7071833333,-103.1053166667,50.17,80.74,,,,,,,,0.000205,4e-05,-24.93333333,-7.59966667,n/a,-0.011111,-55.621202,0.005266,33.114401,0.277396,0.926723,-0.059038,-24.81735,-0.003389,-16.953346,0.001605,10.093269,0.084551,0.926724,-0.059065,-7.56433,
EOSS-307,KC0D-14,2021-03-20 09:00:16.848,2021-03-20 09:00:15,23946.0,7298.74,-1476.0,1414.0,descending,True,/150015h3942.45N/10306.28WO068/039/A=023946 -19T4043P EOSS BALLOON,"KC0D-14>APZEOS,EOSS,WIDE2-1,qAO,N6BA-10:/150015h3942.45N/10306.28WO068/039/A=023946 -19T4043P EOSS BALLOON",68.0,45.0,72.4,39.7075,-103.1046666667,50.21,80.8,28.58,-1.9,271.25,40430.0,0.4,0.00100751,0.51924993,0.00019444,4.444e-05,-24.6,-7.498,n/a,0.011111,-55.446926,0.005299,33.102485,0.276608,0.931861,0.021012,-24.814227,0.003389,-16.900226,0.001615,10.089637,0.08431,0.93187,0.021041,-7.563378,
EOSS-307,KC0D-2,2021-03-20 09:00:16.811,2021-03-20 09:00:15,23883.0,7279.54,-1472.0,1414.0,descending,True,/150015h3942.45N/10306.28WO063/043/A=023883 -140T4048P EOSS Balloon,"KC0D-2>APZEOS,EOSS,WIDE2-1,qAO,N6BA-10:/150015h3942.45N/10306.28WO063/043/A=023883 -140T4048P EOSS Balloon",63.0,49.0,78.9,39.7075,-103.1046666667,50.21,80.8,6.8,-14.0,259.15,40480.0,0.4,0.00105586,0.54416642,0.00019444,4.444e-05,-24.53333333,-7.47766667,n/a,0.002222,-55.274224,0.005282,33.090139,0.275825,0.929005,-0.011094,-24.802608,0.000678,-16.847586,0.00161,10.085875,0.084072,0.929014,-0.011086,-7.559838,
EOSS-307,AE0SS-12,2021-03-20 09:00:28.691,2021-03-20 09:00:27,23609.0,7196.02,-1522.0,1426.0,descending,True,/150027h3942.48N/10306.13WO056/036EOSS Balloon  www.eoss.org/A=023609!W78!,"AE0SS-12>APTT4,EOSS,qAO,W9CN-9:/150027h3942.48N/10306.13WO056/036EOSS Balloon  www.eoss.org/A=023609!W78!",56.0,41.0,66.0,39.7081166667,-103.1023,50.34,81.01,,,,,,,,0.00019722,4.833e-05,-25.36666667,-7.732,n/a,-0.027778,-55.108071,0.005097,33.07279,0.27506,0.899271,-0.119519,-24.75111,-0.008478,-16.796944,0.001554,10.080586,0.083838,0.899248,-0.119659,-7.54414,
EOSS-307,AE0SS-13,2021-03-20 09:00:42.404,2021-03-20 09:00:41,23202.0,7071.97,-1522.0,1440.0,descending,True,/150041h3942.53N/10305.97WO049/026EOSS Baloon/A=023202!W13!,"AE0SS-13>APTT4,EOSS,qAO,W9CN-9:/150041h3942.53N/10305.97WO049/026EOSS Baloon/A=023202!W13!",49.0,30.0,48.3,39.70885,-103.09955,50.49,81.26,,,,,,,,0.00019222,5.556e-05,-25.36666667,-7.73166667,n/a,0.0,-54.943754,0.005069,33.0548,0.274291,0.894789,-0.01848,-24.670577,1.1e-05,-16.746859,0.001545,10.075103,0.083604,0.894799,-0.018348,-7.519595,
EOSS-307,KC0D-2,2021-03-20 09:00:46.811,2021-03-20 09:00:45,23109.0,7043.62,-1548.0,1444.0,descending,True,/150045h3942.56N/10305.92WO065/047/A=023109 -139T4182P EOSS Balloon,"KC0D-2>APZEOS,EOSS,WIDE2-1,qAO,N6BA-10:/150045h3942.56N/10305.92WO065/047/A=023109 -139T4182P EOSS Balloon",65.0,54.0,86.9,39.7093333333,-103.0986666667,50.54,81.34,6.98,-13.9,259.25,41820.0,0.41,0.00109039,0.56196299,0.0002,6.111e-05,-25.8,-7.864,n/a,-0.003333,-54.624696,0.004934,33.013274,0.272775,0.873124,-0.030307,-24.6513,-0.001022,-16.649611,0.001504,10.062445,0.083142,0.873109,-0.030382,-7.513718,
EOSS-307,KC0D-14,2021-03-20 09:00:46.848,2021-03-20 09:00:45,23175.0,7063.74,-1542.0,1444.0,descending,True,/150045h3942.56N/10305.92WO067/042/A=023175 -17T4177P EOSS BALLOON,"KC0D-14>APZEOS,EOSS,WIDE2-1,qAO,N6BA-10:/150045h3942.56N/10305.92WO067/042/A=023175 -17T4177P EOSS BALLOON",67.0,48.0,77.2,39.7093333333,-103.0986666667,50.54,81.34,28.94,-1.7,271.45,41770.0,0.41,0.00104014,0.53606454,0.0002,6.111e-05,-25.7,-7.83333333,n/a,-0.011111,-54.783074,0.004979,33.034559,0.273531,0.880383,-0.058823,-24.665018,-0.003389,-16.697884,0.001518,10.068933,0.083372,0.880386,-0.058857,-7.5179,
EOSS-307,AE0SS-12,2021-03-20 09:00:58.545,2021-03-20 09:00:57,22828.0,6957.97,-1562.0,1456.0,descending,True,/150057h3942.61N/10305.78WO056/047EOSS Balloon  www.eoss.org/A=022828!W76!,"AE0SS-12>APTT4,EOSS,qAO,W9CN-9:/150057h3942.61N/10305.78WO056/047EOSS Balloon  www.eoss.org/A=022828!W76!",56.0,54.0,86.9,39.7102833333,-103.0964333333,50.67,81.54,,,,,,,,0.00019556,7.222e-05,-26.03333333,-7.935,n/a,-0.007778,-54.469309,0.004864,32.990354,0.272026,0.861948,-0.046473,-24.590622,-0.002367,-16.602249,0.001483,10.055459,0.082914,0.861945,-0.046434,-7.495223,
EOSS-307,AE0SS-13,2021-03-20 09:01:12.356,2021-03-20 09:01:11,22437.0,6838.8,-1530.0,1470.0,descending,True,/150111h3942.68N/10305.63WO041/039EOSS Baloon/A=022437!W13!,"AE0SS-13>APTT4,EOSS,qAO,W9CN-9:/150111h3942.68N/10305.63WO041/039EOSS Baloon/A=022437!W13!",41.0,45.0,72.4,39.71135,-103.0938833333,50.81,81.77,,,,,,,,0.00018889,8.333e-05,-25.5,-7.77233333,n/a,0.017778,-54.312718,0.004934,32.969452,0.271284,0.873922,0.047345,-24.499023,0.005422,-16.55452,0.001504,10.049088,0.082687,0.873929,0.047384,-7.467306,
EOSS-307,KC0D-2,2021-03-20 09:01:16.888,2021-03-20 09:01:15,22349.0,6811.98,-1520.0,1474.0,descending,True,/150115h3942.71N/10305.57WO070/045/A=022349 -139T4317P EOSS Balloon,"KC0D-2>APZEOS,EOSS,WIDE2-1,qAO,N6BA-10:/150115h3942.71N/10305.57WO070/045/A=022349 -139T4317P EOSS Balloon",70.0,52.0,83.7,39.7118333333,-103.0928333333,50.87,81.87,6.98,-13.9,259.25,43170.0,0.43,0.00112559,0.58010383,0.00019444,8.333e-05,-25.33333333,-7.72133333,n/a,0.005556,-54.156915,0.004938,32.948812,0.270545,0.874799,0.002284,-24.477086,0.0017,-16.50703,0.001505,10.042799,0.082462,0.874826,0.002365,-7.46062,
EOSS-307,KC0D-14,2021-03-20 09:01:16.851,2021-03-20 09:01:15,22411.0,6830.87,-1528.0,1474.0,descending,True,/150115h3942.71N/10305.57WO069/039/A=022411 -19T4314P EOSS BALLOON,"KC0D-14>APZEOS,EOSS,WIDE2-1,qAO,N6BA-10:/150115h3942.71N/10305.57WO069/039/A=022411 -19T4314P EOSS BALLOON",69.0,45.0,72.4,39.7118333333,-103.0928333333,50.87,81.87,28.58,-1.9,271.25,43140.0,0.43,0.00107504,0.55405495,0.00019444,8.333e-05,-25.46666667,-7.76233333,n/a,-0.004444,-54.003491,0.004887,32.92703,0.269814,0.866669,-0.034583,-24.492596,-0.001367,-16.460267,0.00149,10.036159,0.082239,0.86666,-0.03474,-7.465345,
EOSS-307,AE0SS-12,2021-03-20 09:01:28.345,2021-03-20 09:01:27,22070.0,6726.94,-1516.0,1486.0,descending,True,/150127h3942.77N/10305.43WO064/044EOSS Balloon  www.eoss.org/A=022070!W38!,"AE0SS-12>APTT4,EOSS,qAO,W9CN-9:/150127h3942.77N/10305.43WO064/044EOSS Balloon  www.eoss.org/A=022070!W38!",64.0,51.0,82.1,39.7128833333,-103.0906333333,51.0,82.07,,,,,,,,0.00019333,8.667e-05,-25.26666667,-7.701,n/a,0.006667,-53.850635,0.004897,32.905685,0.269088,0.868664,0.006578,-24.403913,0.002044,-16.413675,0.001493,10.029654,0.082018,0.868691,0.006718,-7.438317,
EOSS-307,AE0SS-13,2021-03-20 09:01:42.319,2021-03-20 09:01:41,21669.0,6604.71,-1536.0,1500.0,descending,True,/150141h3942.84N/10305.28WO058/051EOSS Baloon/A=021669!W42!,"AE0SS-13>APTT4,EOSS,qAO,W9CN-9:/150141h3942.84N/10305.28WO058/051EOSS Baloon/A=021669!W42!",58.0,59.0,95.0,39.7140666667,-103.0880333333,51.15,82.31,,,,,,,,0.000195,9.056e-05,-25.6,-7.803,n/a,-0.011111,-53.701161,0.004812,32.882326,0.26837,0.854598,-0.059332,-24.288042,-0.0034,-16.368116,0.001467,10.022534,0.081799,0.854586,-0.0595,-7.402998,
EOSS-307,KC0D-2,2021-03-20 09:01:46.808,2021-03-20 09:01:45,21593.0,6581.55,-1512.0,1504.0,descending,True,/150145h3942.86N/10305.22WO073/035/A=021593 -138T4456P EOSS Balloon,"KC0D-2>APZEOS,EOSS,WIDE2-1,qAO,N6BA-10:/150145h3942.86N/10305.22WO073/035/A=021593 -138T4456P EOSS Balloon",73.0,40.0,64.4,39.7143333333,-103.087,51.2,82.4,7.16,-13.8,259.35,44560.0,0.44,0.00116138,0.5985513,0.00019444,8.333e-05,-25.2,-7.681,n/a,0.013333,-53.551155,0.004857,32.860338,0.267656,0.862777,0.031668,-24.264524,0.004067,-16.322394,0.00148,10.015832,0.081582,0.862773,0.03171,-7.395831,
EOSS-307,KC0D-14,2021-03-20 09:01:46.772,2021-03-20 09:01:45,21658.0,6601.36,-1506.0,1504.0,descending,True,/150145h3942.86N/10305.22WO070/033/A=021658 -16T4452P EOSS BALLOON,"KC0D-14>APZEOS,EOSS,WIDE2-1,qAO,N6BA-10:/150145h3942.86N/10305.22WO070/033/A=021658 -16T4452P EOSS BALLOON",70.0,38.0,61.2,39.7143333333,-103.087,51.2,82.4,29.12,-1.6,271.55,44520.0,0.44,0.00110821,0.57114687,0.00019444,8.333e-05,-25.1,-7.65033333,n/a,0.003333,-53.402196,0.004849,32.838342,0.266947,0.861864,-0.005679,-24.28467,0.001022,-16.276991,0.001478,10.009128,0.081366,0.861879,-0.005604,-7.401971,
EOSS-307,AE0SS-12,2021-03-20 09:01:58.695,2021-03-20 09:01:57,21331.0,6501.69,-1478.0,1516.0,descending,True,/150157h3942.92N/10305.08WO068/043EOSS Balloon  www.eoss.org/A=021331!W48!,"AE0SS-12>APTT4,EOSS,qAO,W9CN-9:/150157h3942.92N/10305.08WO068/043EOSS Balloon  www.eoss.org/A=021331!W48!",68.0,49.0,78.9,39.7154,-103.0848,51.33,82.6,,,,,,,,0.00019444,8.389e-05,-24.63333333,-7.50833333,n/a,0.015556,-53.252358,0.004905,32.818006,0.266245,0.872053,0.040005,-24.179337,0.004733,-16.231321,0.001495,10.002929,0.081151,0.872043,0.039901,-7.369865,
EOSS-307,AE0SS-13,2021-03-20 09:02:12.331,2021-03-20 09:02:11,20934.0,6380.68,-1470.0,1530.0,descending,True,/150211h3942.98N/10304.92WO047/037EOSS Baloon/A=020934!W47!,"AE0SS-13>APTT4,EOSS,qAO,W9CN-9:/150211h3942.98N/10304.92WO047/037EOSS Baloon/A=020934!W47!",47.0,43.0,69.2,39.7164,-103.0821166667,51.48,82.85,,,,,,,,0.00019722,7.778e-05,-24.5,-7.46766667,n/a,0.004444,-53.103382,0.004902,32.797796,0.265547,0.872113,-0.001725,-24.037265,0.001356,-16.185913,0.001494,9.996769,0.080939,0.872106,-0.001705,-7.32656,
EOSS-307,KC0D-14,2021-03-20 09:02:16.776,2021-03-20 09:02:15,20926.0,6378.24,-1464.0,1534.0,descending,True,/150215h3943.01N/10304.86WO073/041/A=020926 -17T4587P EOSS BALLOON,"KC0D-14>APZEOS,EOSS,WIDE2-1,qAO,N6BA-10:/150215h3943.01N/10304.86WO073/041/A=020926 -17T4587P EOSS BALLOON",73.0,47.0,75.6,39.7168333333,-103.081,51.54,82.95,28.94,-1.7,271.45,45870.0,0.45,0.00114223,0.58868279,0.0002,8.333e-05,-24.4,-7.43733333,n/a,0.003333,-52.955427,0.004894,32.777564,0.264854,0.871188,-0.005894,-24.034233,0.001011,-16.140817,0.001492,9.990601,0.080728,0.871167,-0.005958,-7.325635,
EOSS-307,KC0D-2,2021-03-20 09:02:16.813,2021-03-20 09:02:15,20860.0,6358.13,-1466.0,1534.0,descending,True,/150215h3943.01N/10304.86WO073/045/A=020860 -136T4593P EOSS Balloon,"KC0D-2>APZEOS,EOSS,WIDE2-1,qAO,N6BA-10:/150215h3943.01N/10304.86WO073/045/A=020860 -136T4593P EOSS Balloon",73.0,52.0,83.7,39.7168333333,-103.081,51.54,82.95,7.52,-13.6,259.55,45930.0,0.45,0.00119617,0.6164784,0.0002,8.333e-05,-24.43333333,-7.44733333,n/a,-0.001111,-52.80916,0.004863,32.756718,0.264168,0.86626,-0.022614,-24.008948,-0.000333,-16.096235,0.001482,9.984247,0.080518,0.866255,-0.022542,-7.317931,
EOSS-307,AE0SS-12,2021-03-20 09:02:28.519,2021-03-20 09:02:27,20603.0,6279.79,-1456.0,1546.0,descending,True,/150227h3943.06N/10304.72WO063/047EOSS Balloon  www.eoss.org/A=020603!W23!,"AE0SS-12>APTT4,EOSS,qAO,W9CN-9:/150227h3943.06N/10304.72WO063/047EOSS Balloon  www.eoss.org/A=020603!W23!",63.0,54.0,86.9,39.7177,-103.0787166667,51.67,83.15,,,,,,,,0.00020278,7.667e-05,-24.26666667,-7.39666667,n/a,0.005556,-52.663535,0.004867,32.736165,0.263486,0.867446,0.002615,-23.905886,0.001689,-16.05185,0.001483,9.977982,0.080311,0.867428,0.002565,-7.286515,
EOSS-307,KC0D-2,2021-03-20 09:02:46.852,2021-03-20 09:02:45,20135.0,6137.15,-1450.0,1564.0,descending,True,/150245h3943.14N/10304.50WO083/040/A=020135 -135T4731P EOSS Balloon,"KC0D-2>APZEOS,EOSS,WIDE2-1,qAO,N6BA-10:/150245h3943.14N/10304.50WO083/040/A=020135 -135T4731P EOSS Balloon",83.0,46.0,74.0,39.719,-103.075,51.88,83.49,7.7,-13.5,259.65,47310.0,0.47,0.00123163,0.63475637,0.0002,7.222e-05,-24.16666667,-7.366,n/a,0.003333,-52.51888,0.004859,32.715609,0.26281,0.866626,-0.005806,-23.698505,0.001022,-16.007759,0.001481,9.971716,0.080104,0.866627,-0.00573,-7.223308,
EOSS-307,KC0D-14,2021-03-20 09:02:46.816,2021-03-20 09:02:45,20202.0,6157.57,-1448.0,1564.0,descending,True,/150245h3943.13N/10304.50WO078/035/A=020202 -15T4727P EOSS BALLOON,"KC0D-14>APZEOS,EOSS,WIDE2-1,qAO,N6BA-10:/150245h3943.13N/10304.50WO078/035/A=020202 -15T4727P EOSS BALLOON",78.0,40.0,64.4,39.7188333333,-103.075,51.88,83.49,29.3,-1.5,271.65,47270.0,0.47,0.00117623,0.60620336,0.0002,6.667e-05,-24.13333333,-7.35566667,n/a,0.001111,-52.375519,0.00484,32.694761,0.262138,0.863814,-0.014225,-23.729807,0.000344,-15.964062,0.001475,9.965363,0.0799,0.863832,-0.014155,-7.232848,
EOSS-307,AE0SS-12,2021-03-20 09:02:58.667,2021-03-20 09:02:57,19875.0,6057.9,-1456.0,1576.0,descending,True,/150257h3943.17N/10304.36WO060/042EOSS Balloon  www.eoss.org/A=019875!W75!,"AE0SS-12>APTT4,EOSS,qAO,W9CN-9:/150257h3943.17N/10304.36WO060/042EOSS Balloon  www.eoss.org/A=019875!W75!",60.0,48.0,77.2,39.7196166667,-103.07275,52.0,83.69,,,,,,,,0.00019889,6.389e-05,-24.26666667,-7.39633333,n/a,-0.004444,-52.234269,0.004793,32.67291,0.261473,0.855987,-0.035327,-23.571774,-0.001356,-15.921008,0.001461,9.958703,0.079697,0.856003,-0.035346,-7.184679,
EOSS-307,AE0SS-13,2021-03-20 09:03:12.349,2021-03-20 09:03:11,19510.0,5946.65,-1424.0,1590.0,descending,True,/150311h3943.25N/10304.20WO053/033EOSS Baloon/A=019510!W67!,"AE0SS-13>APTT4,EOSS,qAO,W9CN-9:/150311h3943.25N/10304.20WO053/033EOSS Baloon/A=019510!W67!",53.0,38.0,61.2,39.7209333333,-103.0701166667,52.15,83.93,,,,,,,,0.0002,7.556e-05,-23.73333333,-7.23383333,n/a,0.008889,-52.091764,0.004814,32.652965,0.260812,0.868479,0.015624,-23.379445,0.002708,-15.877572,0.001467,9.952624,0.079496,0.868488,0.015611,-7.126058,
EOSS-307,KC0D-2,2021-03-20 09:03:16.838,2021-03-20 09:03:15,19444.0,5926.53,-1382.0,1594.0,descending,True,/150315h3943.28N/10304.18WO053/029/A=019444 -133T4867P EOSS Balloon,"KC0D-2>APZEOS,EOSS,WIDE2-1,qAO,N6BA-10:/150315h3943.28N/10304.18WO053/029/A=019444 -133T4867P EOSS Balloon",53.0,33.0,53.1,39.7213333333,-103.0696666667,52.18,83.98,8.06,-13.3,259.85,48670.0,0.48,0.00126606,0.65250084,0.00017778,7.778e-05,-23.03333333,-7.02066667,n/a,0.023333,-51.947195,0.004906,32.635656,0.260159,0.885959,0.07083,-23.342841,0.007106,-15.833508,0.001495,9.947348,0.079297,0.885949,0.070759,-7.114899,
EOSS-307,KC0D-14,2021-03-20 09:03:16.801,2021-03-20 09:03:15,19512.0,5947.26,-1380.0,1594.0,descending,True,/150315h3943.28N/10304.18WO052/030/A=019512 -15T4861P EOSS BALLOON,"KC0D-14>APZEOS,EOSS,WIDE2-1,qAO,N6BA-10:/150315h3943.28N/10304.18WO052/030/A=019512 -15T4861P EOSS BALLOON",52.0,35.0,56.3,39.7213333333,-103.0696666667,52.18,83.98,29.3,-1.5,271.65,48610.0,0.48,0.00120957,0.62338789,0.00017778,8.333e-05,-23.0,-7.01033333,n/a,0.001111,-51.803892,0.004887,32.618021,0.259508,0.883067,-0.014551,-23.380546,0.000344,-15.789829,0.00149,9.941973,0.079098,0.883074,-0.014488,-7.126394,
EOSS-307,AE0SS-12,2021-03-20 09:03:28.382,2021-03-20 09:03:27,19215.0,5856.73,-1320.0,1606.0,descending,True,/150327h3943.33N/10304.07WO050/026EOSS Balloon  www.eoss.org/A=019215!W06!,"AE0SS-12>APTT4,EOSS,qAO,W9CN-9:/150327h3943.33N/10304.07WO050/026EOSS Balloon  www.eoss.org/A=019215!W06!",50.0,30.0,48.3,39.7221666667,-103.0679333333,52.28,84.14,,,,,,,,0.00016056,8.5e-05,-22.0,-6.70566667,n/a,0.033333,-51.657074,0.005028,32.604356,0.25887,0.909605,0.109341,-23.211452,0.010156,-15.745079,0.001533,9.937808,0.078904,0.909598,0.109285,-7.074851,
EOSS-307,AE0SS-13,2021-03-20 09:03:42.312,2021-03-20 09:03:41,18844.0,5743.65,-1332.0,1620.0,descending,True,/150341h3943.40N/10303.95WO051/031EOSS Baloon/A=018844!W55!,"AE0SS-13>APTT4,EOSS,qAO,W9CN-9:/150341h3943.40N/10303.95WO051/031EOSS Baloon/A=018844!W55!",51.0,36.0,57.9,39.7234166667,-103.0659166667,52.4,84.33,,,,,,,,0.00014,8.278e-05,-22.2,-6.76666667,n/a,-0.006667,-51.512677,0.004971,32.589275,0.258229,0.899458,-0.045069,-22.984114,-0.002033,-15.701067,0.001515,9.933211,0.078708,0.899447,-0.045078,-7.005558,
EOSS-307,KC0D-2,2021-03-20 09:03:46.844,2021-03-20 09:03:45,18779.0,5723.84,-1330.0,1624.0,descending,True,/150345h3943.43N/10303.92WO050/029/A=018779 -132T4999P EOSS Balloon,"KC0D-2>APZEOS,EOSS,WIDE2-1,qAO,N6BA-10:/150345h3943.43N/10303.92WO050/029/A=018779 -132T4999P EOSS Balloon",50.0,33.0,53.1,39.7238333333,-103.0653333333,52.43,84.38,8.24,-13.2,259.95,49990.0,0.49,0.0012999,0.66993978,0.00014444,8.333e-05,-22.16666667,-6.75633333,n/a,0.0,-51.227764,0.004927,32.557942,0.256961,0.892596,-0.019174,-22.942445,0.0,-15.614225,0.001502,9.923661,0.078322,0.892603,-0.019177,-6.992859,
EOSS-307,KC0D-14,2021-03-20 09:03:46.807,2021-03-20 09:03:45,18847.0,5744.57,-1330.0,1624.0,descending,True,/150345h3943.43N/10303.92WO052/029/A=018847 -12T4995P EOSS BALLOON,"KC0D-14>APZEOS,EOSS,WIDE2-1,qAO,N6BA-10:/150345h3943.43N/10303.92WO052/029/A=018847 -12T4995P EOSS BALLOON",52.0,33.0,53.1,39.7238333333,-103.0653333333,52.43,84.38,29.84,-1.2,271.95,49950.0,0.49,0.00124154,0.63986577,0.00014444,8.333e-05,-22.16666667,-6.75633333,n/a,0.001111,-51.369526,0.004952,32.573849,0.257593,0.896512,-0.014911,-22.986024,0.000344,-15.657434,0.001509,9.928509,0.078514,0.896519,-0.014838,-7.006144,
EOSS-307,AE0SS-12,2021-03-20 09:03:58.444,2021-03-20 09:03:57,18549.0,5653.74,-1332.0,1636.0,descending,True,/150357h3943.47N/10303.83WO059/020EOSS Balloon  www.eoss.org/A=018549!W55!,"AE0SS-12>APTT4,EOSS,qAO,W9CN-9:/150357h3943.47N/10303.83WO059/020EOSS Balloon  www.eoss.org/A=018549!W55!",59.0,23.0,37.0,39.7245833333,-103.0639166667,52.52,84.52,,,,,,,,0.00013389,8.056e-05,-22.2,-6.76633333,n/a,-0.001111,-51.087534,0.004898,32.541426,0.256334,0.887716,-0.023442,-22.79064,-0.000333,-15.571482,0.001493,9.918628,0.078131,0.887739,-0.023371,-6.946591,
EOSS-307,AE0SS-13,2021-03-20 09:04:12.260,2021-03-20 09:04:11,18188.0,5543.7,-1312.0,1650.0,descending,True,/150411h3943.51N/10303.74WO078/017EOSS Baloon/A=018188!W14!,"AE0SS-13>APTT4,EOSS,qAO,W9CN-9:/150411h3943.51N/10303.74WO078/017EOSS Baloon/A=018188!W14!",78.0,20.0,32.2,39.7251833333,-103.0624,52.6,84.65,,,,,,,,0.00011722,5.889e-05,-21.86666667,-6.665,n/a,0.011111,-50.947049,0.004928,32.525895,0.255711,0.894069,0.02418,-22.538893,0.003378,-15.528662,0.001502,9.913894,0.077941,0.894065,0.024069,-6.869853,
EOSS-307,KC0D-14,2021-03-20 09:04:16.815,2021-03-20 09:04:15,18186.0,5543.09,-1322.0,1654.0,descending,True,/150415h3943.52N/10303.72WO063/020/A=018186 -12T5129P EOSS BALLOON,"KC0D-14>APZEOS,EOSS,WIDE2-1,qAO,N6BA-10:/150415h3943.52N/10303.72WO063/020/A=018186 -12T5129P EOSS BALLOON",63.0,23.0,37.0,39.7253333333,-103.062,52.62,84.69,29.84,-1.2,271.95,51290.0,0.51,0.00127485,0.65703134,0.00011111,5e-05,-22.03333333,-6.716,n/a,-0.005556,-50.808705,0.004878,32.509193,0.255094,0.885146,-0.040903,-22.537453,-0.0017,-15.486496,0.001487,9.908802,0.077753,0.885122,-0.040989,-6.869414,
EOSS-307,KC0D-2,2021-03-20 09:04:16.852,2021-03-20 09:04:15,18118.0,5522.37,-1322.0,1654.0,descending,True,/150415h3943.52N/10303.72WO054/022/A=018118 -128T5134P EOSS Balloon,"KC0D-2>APZEOS,EOSS,WIDE2-1,qAO,N6BA-10:/150415h3943.52N/10303.72WO054/022/A=018118 -128T5134P EOSS Balloon",54.0,25.0,40.2,39.7253333333,-103.062,52.62,84.69,8.96,-12.8,260.35,51340.0,0.51,0.00133295,0.68697468,0.00011111,5e-05,-22.03333333,-6.71566667,n/a,0.0,-50.67168,0.004854,32.492059,0.25448,0.881395,-0.019074,-22.488216,1.1e-05,-15.44473,0.00148,9.90358,0.077566,0.881405,-0.018939,-6.854411,
EOSS-307,AE0SS-12,2021-03-20 09:04:28.348,2021-03-20 09:04:27,17886.0,5451.65,-1326.0,1666.0,descending,True,/150427h3943.55N/10303.63WO049/026EOSS Balloon  www.eoss.org/A=017886!W82!,"AE0SS-12>APTT4,EOSS,qAO,W9CN-9:/150427h3943.55N/10303.63WO049/026EOSS Balloon  www.eoss.org/A=017886!W82!",49.0,30.0,48.3,39.7259666667,-103.0605333333,52.71,84.83,,,,,,,,0.00011278,4.611e-05,-22.1,-6.73633333,n/a,-0.002222,-50.536269,0.004821,32.474229,0.253871,0.875656,-0.027742,-22.31608,-0.000689,-15.403458,0.001469,9.898144,0.07738,0.875631,-0.027888,-6.801939,
EOSS-307,AE0SS-13,2021-03-20 09:04:42.341,2021-03-20 09:04:41,17532.0,5343.75,-1312.0,1680.0,descending,True,/150441h3943.62N/10303.51WO051/028EOSS Baloon/A=017532!W85!,"AE0SS-13>APTT4,EOSS,qAO,W9CN-9:/150441h3943.62N/10303.51WO051/028EOSS Baloon/A=017532!W85!",51.0,32.0,51.5,39.7271333333,-103.0585833333,52.82,85.01,,,,,,,,0.00012722,6.5e-05,-21.86666667,-6.665,n/a,0.007778,-50.401035,0.004835,32.456966,0.253266,0.879145,0.01162,-22.041574,0.002378,-15.362239,0.001474,9.892882,0.077195,0.879141,0.011711,-6.718268,
EOSS-307,KC0D-2,2021-03-20 09:04:46.829,2021-03-20 09:04:45,17467.0,5323.94,-1302.0,1684.0,descending,True,/150445h3943.65N/10303.49WO049/027/A=017467 -123T5270P EOSS Balloon,"KC0D-2>APZEOS,EOSS,WIDE2-1,qAO,N6BA-10:/150445h3943.65N/10303.49WO049/027/A=017467 -123T5270P EOSS Balloon",49.0,31.0,49.9,39.7275,-103.0581666667,52.85,85.05,9.86,-12.3,260.85,52700.0,0.52,0.00136564,0.703821,0.00012778,7.222e-05,-21.7,-6.61433333,n/a,0.005556,-50.266288,0.004838,32.439989,0.252665,0.880589,0.002842,-21.989695,0.001689,-15.321169,0.001475,9.887707,0.077012,0.880572,0.002779,-6.702457,
EOSS-307,KC0D-14,2021-03-20 09:04:46.750,2021-03-20 09:04:45,17538.0,5345.58,-1296.0,1684.0,descending,True,/150445h3943.65N/10303.49WO051/028/A=017538 -8T5264P EOSS BALLOON,"KC0D-14>APZEOS,EOSS,WIDE2-1,qAO,N6BA-10:/150445h3943.65N/10303.49WO051/028/A=017538 -8T5264P EOSS BALLOON",51.0,32.0,51.5,39.7275,-103.0581666667,52.85,85.05,30.56,-0.8,272.35,52640.0,0.52,0.00130648,0.67333463,0.00012778,7.222e-05,-21.6,-6.58366667,n/a,0.003333,-50.132334,0.004831,32.42302,0.252068,0.880002,-0.005943,-22.04634,0.001022,-15.28034,0.001473,9.882535,0.07683,0.880004,-0.00587,-6.719722,
EOSS-307,AE0SS-12,2021-03-20 09:04:58.383,2021-03-20 09:04:57,17250.0,5257.8,-1272.0,1696.0,descending,True,/150457h3943.70N/10303.38WO053/030EOSS Balloon  www.eoss.org/A=017250!W83!,"AE0SS-12>APTT4,EOSS,qAO,W9CN-9:/150457h3943.70N/10303.38WO053/030EOSS Balloon  www.eoss.org/A=017250!W83!",53.0,35.0,56.3,39.7284666667,-103.0563833333,52.95,85.22,,,,,,,,0.00013833,8.333e-05,-21.2,-6.46166667,n/a,0.013333,-49.997765,0.004871,32.407302,0.251477,0.88862,0.033649,-21.813395,0.004067,-15.239323,0.001485,9.877745,0.07665,0.88863,0.033686,-6.648721,
EOSS-307,AE0SS-13,2021-03-20 09:05:12.413,2021-03-20 09:05:11,16902.0,5151.73,-1260.0,1710.0,descending,True,/150511h3943.77N/10303.26WO048/029EOSS Baloon/A=016902!W83!,"AE0SS-13>APTT4,EOSS,qAO,W9CN-9:/150511h3943.77N/10303.26WO048/029EOSS Baloon/A=016902!W83!",48.0,33.0,53.1,39.7296333333,-103.0543833333,53.07,85.41,,,,,,,,0.00014,8.333e-05,-21.0,-6.40066667,n/a,0.006667,-49.863516,0.004879,32.391995,0.250888,0.891069,0.007127,-21.521462,0.002033,-15.198403,0.001487,9.87308,0.076471,0.891083,0.00714,-6.55974,
EOSS-307,KC0D-2,2021-03-20 09:05:16.824,2021-03-20 09:05:15,16838.0,5132.22,-1258.0,1714.0,descending,True,/150515h3943.80N/10303.24WO035/024/A=016838 -120T5403P EOSS Balloon,"KC0D-2>APZEOS,EOSS,WIDE2-1,qAO,N6BA-10:/150515h3943.80N/10303.24WO035/024/A=016838 -120T5403P EOSS Balloon",35.0,28.0,45.1,39.73,-103.054,53.09,85.44,10.4,-12.0,261.15,54030.0,0.53,0.00139849,0.72075454,0.00013889,8.333e-05,-20.96666667,-6.39066667,n/a,0.001111,-49.730351,0.004862,32.376408,0.250304,0.888415,-0.014986,-21.466655,0.000333,-15.157814,0.001482,9.868329,0.076293,0.888413,-0.01506,-6.543032,
EOSS-307,KC0D-14,2021-03-20 09:05:16.787,2021-03-20 09:05:15,16912.0,5154.78,-1252.0,1714.0,descending,True,/150515h3943.80N/10303.24WO038/024/A=016912 -7T5398P EOSS BALLOON,"KC0D-14>APZEOS,EOSS,WIDE2-1,qAO,N6BA-10:/150515h3943.80N/10303.24WO038/024/A=016912 -7T5398P EOSS BALLOON",38.0,28.0,45.1,39.73,-103.054,53.09,85.44,30.74,-0.7,272.45,53980.0,0.53,0.00133925,0.69022155,0.00013889,8.333e-05,-20.86666667,-6.36,n/a,0.003333,-49.597949,0.004855,32.360823,0.249724,0.887842,-0.006095,-21.529996,0.001022,-15.117457,0.00148,9.863579,0.076116,0.887858,-0.006017,-6.562343,
EOSS-307,AE0SS-13,2021-03-20 09:05:42.560,2021-03-20 09:05:41,16268.0,4958.49,-1268.0,1740.0,descending,True,/150541h3943.95N/10303.07WO034/027EOSS Baloon/A=016268!W69!,"AE0SS-13>APTT4,EOSS,qAO,W9CN-9:/150541h3943.95N/10303.07WO034/027EOSS Baloon/A=016268!W69!",34.0,31.0,49.9,39.7326,-103.0513166667,53.26,85.72,,,,,,,,0.00010222,9.889e-05,-21.13333333,-6.44133333,n/a,-0.008889,-49.467973,0.004792,32.34376,0.24915,0.876047,-0.054911,-20.966078,-0.002711,-15.07784,0.001461,9.858379,0.075941,0.876057,-0.054937,-6.390461,
EOSS-307,KC0D-2,2021-03-20 09:05:46.858,2021-03-20 09:05:45,16208.0,4940.2,-1260.0,1744.0,descending,True,/150545h3943.98N/10303.06WO029/026/A=016208 -115T5540P EOSS Balloon,"KC0D-2>APZEOS,EOSS,WIDE2-1,qAO,N6BA-10:/150545h3943.98N/10303.06WO029/026/A=016208 -115T5540P EOSS Balloon",29.0,30.0,48.3,39.733,-103.051,53.28,85.75,11.3,-11.5,261.65,55400.0,0.55,0.00143122,0.73761795,0.0001,0.0001,-21.0,-6.40066667,n/a,0.004444,-49.338573,0.00479,32.326858,0.248578,0.876626,-0.001392,-20.912324,0.001356,-15.038399,0.00146,9.853227,0.075767,0.87664,-0.001373,-6.374075,
EOSS-307,KC0D-14,2021-03-20 09:05:46.821,2021-03-20 09:05:45,16281.0,4962.45,-1262.0,1744.0,descending,True,/150545h3943.98N/10303.06WO029/026/A=016281 -3T5535P EOSS BALLOON,"KC0D-14>APZEOS,EOSS,WIDE2-1,qAO,N6BA-10:/150545h3943.98N/10303.06WO029/026/A=016281 -3T5535P EOSS BALLOON",29.0,30.0,48.3,39.733,-103.051,53.28,85.75,31.46,-0.3,272.85,55350.0,0.55,0.00137123,0.70670167,0.0001,0.0001,-21.03333333,-6.411,n/a,-0.001111,-49.210495,0.004763,32.309455,0.24801,0.872103,-0.023685,-20.977704,-0.000344,-14.999361,0.001452,9.847923,0.075594,0.872099,-0.023758,-6.394002,
EOSS-307,AE0SS-12,2021-03-20 09:05:58.558,2021-03-20 09:05:57,16003.0,4877.71,-1247.0,1756.0,descending,True,/150557h3944.06N/10303.00WO027/025EOSS Balloon  www.eoss.org/A=016003!W09!,"AE0SS-12>APTT4,EOSS,qAO,W9CN-9:/150557h3944.06N/10303.00WO027/025EOSS Balloon  www.eoss.org/A=016003!W09!",27.0,29.0,46.7,39.7343333333,-103.05015,53.34,85.84,,,,,,,,0.00010389,9.778e-05,-20.78333333,-6.33483333,n/a,0.004167,-49.082445,0.004761,32.292685,0.247446,0.876332,-0.002401,-20.727593,0.001269,-14.960331,0.001451,9.842811,0.075422,0.876325,-0.002413,-6.317763,
EOSS-307,KC0D-2,2021-03-20 09:06:16.866,2021-03-20 09:06:15,15609.0,4757.62,-1198.0,1774.0,descending,True,/150615h3944.17N/10302.94WO031/017/A=015609 -111T5673P EOSS Balloon,"KC0D-2>APZEOS,EOSS,WIDE2-1,qAO,N6BA-10:/150615h3944.17N/10302.94WO031/017/A=015609 -111T5673P EOSS Balloon",31.0,20.0,32.2,39.7361666667,-103.049,53.42,85.97,12.02,-11.1,262.05,56730.0,0.56,0.00146334,0.75417315,6.667e-05,0.00010556,-19.96666667,-6.086,n/a,0.027222,-48.951881,0.004862,32.27881,0.24689,0.897964,0.090567,-20.369644,0.008294,-14.920536,0.001482,9.838581,0.075252,0.897948,0.090523,-6.208661,
EOSS-307,KC0D-14,2021-03-20 09:06:16.830,2021-03-20 09:06:15,15683.0,4780.18,-1196.0,1774.0,descending,True,/150615h3944.17N/10302.94WO030/018/A=015683 -2T5667P EOSS BALLOON,"KC0D-14>APZEOS,EOSS,WIDE2-1,qAO,N6BA-10:/150615h3944.17N/10302.94WO030/018/A=015683 -2T5667P EOSS BALLOON",30.0,21.0,33.8,39.7361666667,-103.049,53.42,85.97,31.64,-0.2,272.95,56670.0,0.56,0.00140341,0.72329017,6.667e-05,0.00010556,-19.93333333,-6.07566667,n/a,0.001111,-48.822334,0.004845,32.264664,0.246333,0.895376,-0.015158,-20.437018,0.000344,-14.88105,0.001477,9.83427,0.075082,0.895377,-0.01509,-6.229201,
EOSS-307,AE0SS-12,2021-03-20 09:06:28.349,2021-03-20 09:06:27,15412.0,4697.58,-1182.0,1786.0,descending,True,/150627h3944.22N/10302.90WO025/016EOSS Balloon  www.eoss.org/A=015412!W04!,"AE0SS-12>APTT4,EOSS,qAO,W9CN-9:/150627h3944.22N/10302.90WO025/016EOSS Balloon  www.eoss.org/A=015412!W04!",25.0,18.0,29.0,39.737,-103.0484,53.46,86.04,,,,,,,,5.833e-05,8.889e-05,-19.7,-6.00433333,n/a,0.007778,-48.692901,0.004858,32.251055,0.24578,0.898975,0.011881,-20.190356,0.002378,-14.841598,0.001481,9.830123,0.074914,0.898998,0.011974,-6.154018,
EOSS-307,KC0D-14,2021-03-20 09:06:46.764,2021-03-20 09:06:45,15107.0,4604.61,-1152.0,1804.0,descending,True,/150645h3944.30N/10302.85WO025/019/A=015107 1T5796P EOSS BALLOON,"KC0D-14>APZEOS,EOSS,WIDE2-1,qAO,N6BA-10:/150645h3944.30N/10302.85WO025/019/A=015107 1T5796P EOSS BALLOON",25.0,22.0,35.4,39.7383333333,-103.0475,53.52,86.14,32.18,0.1,273.25,57960.0,0.57,0.00143379,0.73894252,5e-05,7.222e-05,-19.2,-5.85233333,n/a,0.0,-48.433052,0.004889,32.22663,0.244687,0.907109,-0.019981,-19.914157,-1.1e-05,-14.762396,0.00149,9.822678,0.074581,0.907091,-0.020126,-6.069827,
EOSS-307,KC0D-2,2021-03-20 09:06:46.801,2021-03-20 09:06:45,15033.0,4582.06,-1152.0,1804.0,descending,True,/150645h3944.30N/10302.85WO028/020/A=015033 -106T5802P EOSS Balloon,"KC0D-2>APZEOS,EOSS,WIDE2-1,qAO,N6BA-10:/150645h3944.30N/10302.85WO028/020/A=015033 -106T5802P EOSS Balloon",28.0,23.0,37.0,39.7383333333,-103.0475,53.52,86.14,12.92,-10.6,262.55,58020.0,0.57,0.00149376,0.76985361,5e-05,7.222e-05,-19.2,-5.852,n/a,0.016667,-48.562402,0.00491,32.239054,0.245232,0.910771,0.047942,-19.847623,0.005078,-14.801821,0.001497,9.826465,0.074747,0.910787,0.047908,-6.049552,
EOSS-307,AE0SS-13,2021-03-20 09:07:12.477,2021-03-20 09:07:11,14543.0,4432.71,-1150.0,1830.0,descending,True,/150711h3944.39N/10302.74WO045/017EOSS Baloon/A=014543!W90!,"AE0SS-13>APTT4,EOSS,qAO,N6BA-10:/150711h3944.39N/10302.74WO045/017EOSS Baloon/A=014543!W90!",45.0,20.0,32.2,39.7399833333,-103.0456666667,53.64,86.32,,,,,,,,6.278e-05,8.204e-05,-19.16666667,-5.842,n/a,0.00037,-48.304691,0.004869,32.213929,0.244145,0.904516,-0.018428,-19.415331,0.000115,-14.723271,0.001484,9.818807,0.074416,0.904516,-0.018397,-5.917791,
EOSS-307,KC0D-2,2021-03-20 09:07:16.841,2021-03-20 09:07:15,14474.0,4411.68,-1118.0,1834.0,descending,True,/150715h3944.42N/10302.72WO046/023/A=014474 -101T5930P EOSS Balloon,"KC0D-2>APZEOS,EOSS,WIDE2-1,qAO,N6BA-10:/150715h3944.42N/10302.72WO046/023/A=014474 -101T5930P EOSS Balloon",46.0,26.0,41.8,39.7403333333,-103.0453333333,53.66,86.36,13.82,-10.1,263.05,59300.0,0.59,0.00152382,0.78534202,7.222e-05,6.667e-05,-18.63333333,-5.67933333,n/a,0.017778,-48.175121,0.004925,32.202954,0.243609,0.917363,0.052761,-19.355991,0.005422,-14.683778,0.001501,9.815462,0.074252,0.917373,0.052807,-5.899705,
EOSS-307,KC0D-14,2021-03-20 09:07:16.804,2021-03-20 09:07:15,14551.0,4435.14,-1112.0,1834.0,descending,True,/150715h3944.41N/10302.72WO053/021/A=014551 3T5924P EOSS BALLOON,"KC0D-14>APZEOS,EOSS,WIDE2-1,qAO,N6BA-10:/150715h3944.41N/10302.72WO053/021/A=014551 3T5924P EOSS BALLOON",53.0,24.0,38.6,39.7401666667,-103.0453333333,53.66,86.35,32.54,0.3,273.45,59240.0,0.58,0.00146438,0.75470907,7.222e-05,6.111e-05,-18.53333333,-5.649,n/a,0.003333,-48.046244,0.004918,32.191954,0.243074,0.916779,-0.006521,-19.42224,0.001011,-14.644497,0.001499,9.812109,0.074089,0.916775,-0.006587,-5.919889,
EOSS-307,AE0SS-12,2021-03-20 09:07:28.384,2021-03-20 09:07:27,14283.0,4353.46,-1129.0,1846.0,descending,True,/150727h3944.46N/10302.65WO032/017EOSS Balloon  www.eoss.org/A=014283!W48!,"AE0SS-12>APTT4,EOSS,qAO,W9CN-9:/150727h3944.46N/10302.65WO032/017EOSS Balloon  www.eoss.org/A=014283!W48!",32.0,20.0,32.2,39.7410666667,-103.0443,53.72,86.46,,,,,,,,6.833e-05,6.778e-05,-18.81666667,-5.73533333,n/a,-0.004722,-47.919709,0.004877,32.179414,0.242543,0.904399,-0.039576,-19.194304,-0.001439,-14.605929,0.001486,9.808287,0.073927,0.904398,-0.039566,-5.85042,
EOSS-307,AE0SS-13,2021-03-20 09:07:42.554,2021-03-20 09:07:41,13968.0,4257.45,-1150.0,1860.0,descending,True,/150741h3944.52N/10302.60WO038/018EOSS Baloon/A=013968!W60!,"AE0SS-13>APTT4,EOSS,qAO,W9CN-9:/150741h3944.52N/10302.60WO038/018EOSS Baloon/A=013968!W60!",38.0,21.0,33.8,39.7421,-103.0433333333,53.79,86.56,,,,,,,,7.778e-05,7.056e-05,-19.16666667,-5.842,n/a,-0.011667,-47.795773,0.004805,32.165128,0.242018,0.890067,-0.068061,-18.93744,-0.003556,-14.568153,0.001465,9.803932,0.073767,0.890067,-0.068066,-5.772129,
EOSS-307,KC0D-14,2021-03-20 09:07:46.821,2021-03-20 09:07:45,13982.0,4261.71,-1138.0,1864.0,descending,True,/150745h3944.54N/10302.58WO037/021/A=013982 8T6055P EOSS BALLOON,"KC0D-14>APZEOS,EOSS,WIDE2-1,qAO,N6BA-10:/150745h3944.54N/10302.58WO037/021/A=013982 8T6055P EOSS BALLOON",37.0,24.0,38.6,39.7423333333,-103.043,53.81,86.59,33.44,0.8,273.95,60550.0,0.6,0.00149403,0.76999037,7.778e-05,7.222e-05,-18.96666667,-5.781,n/a,0.006667,-47.672043,0.004813,32.151252,0.241493,0.892823,0.007677,-18.948562,0.002033,-14.53044,0.001467,9.799703,0.073607,0.892827,0.007689,-5.775513,
EOSS-307,KC0D-2,2021-03-20 09:07:46.858,2021-03-20 09:07:45,13911.0,4240.07,-1126.0,1864.0,descending,True,/150745h3944.54N/10302.58WO039/020/A=013911 -96T6060P EOSS Balloon,"KC0D-2>APZEOS,EOSS,WIDE2-1,qAO,N6BA-10:/150745h3944.54N/10302.58WO039/020/A=013911 -96T6060P EOSS Balloon",39.0,23.0,37.0,39.7423333333,-103.043,53.81,86.59,14.72,-9.6,263.55,60600.0,0.6,0.00155427,0.80103603,7.778e-05,6.667e-05,-18.76666667,-5.72033333,n/a,0.006667,-47.548516,0.004821,32.137784,0.240972,0.895577,0.007661,-18.892466,0.002022,-14.49279,0.001469,9.795597,0.073448,0.895551,0.007529,-5.758416,
EOSS-307,AE0SS-12,2021-03-20 09:07:58.636,2021-03-20 09:07:57,13729.0,4184.6,-1108.0,1876.0,descending,True,/150757h3944.59N/10302.51WO039/021EOSS Balloon  www.eoss.org/A=013729!W98!,"AE0SS-12>APTT4,EOSS,qAO,W9CN-9:/150757h3944.59N/10302.51WO039/021EOSS Balloon  www.eoss.org/A=013729!W98!",39.0,24.0,38.6,39.7433166667,-103.0419666667,53.87,86.7,,,,,,,,7.778e-05,7.5e-05,-18.46666667,-5.62866667,n/a,0.01,-47.424764,0.004843,32.125103,0.240455,0.901416,0.021447,-18.75237,0.003056,-14.45507,0.001476,9.791732,0.073291,0.901414,0.021558,-5.715717,
EOSS-307,AE0SS-13,2021-03-20 09:08:12.333,2021-03-20 09:08:11,13417.0,4089.5,-1102.0,1890.0,descending,True,/150811h3944.66N/10302.46WO035/018EOSS Baloon/A=013417!W27!,"AE0SS-13>APTT4,EOSS,qAO,W9CN-9:/150811h3944.66N/10302.46WO035/018EOSS Baloon/A=013417!W27!",35.0,21.0,33.8,39.7443666667,-103.0411166667,53.93,86.79,,,,,,,,7.389e-05,7.556e-05,-18.36666667,-5.59833333,n/a,0.003333,-47.301636,0.004837,32.112436,0.239941,0.901052,-0.006268,-18.526119,0.001011,-14.417542,0.001474,9.78787,0.073134,0.901035,-0.006331,-5.646754,
EOSS-307,KC0D-2,2021-03-20 09:08:16.853,2021-03-20 09:08:15,13363.0,4073.04,-1096.0,1894.0,descending,True,/150815h3944.68N/10302.45WO038/021/A=013363 -92T6191P EOSS Balloon,"KC0D-2>APZEOS,EOSS,WIDE2-1,qAO,N6BA-10:/150815h3944.68N/10302.45WO038/021/A=013363 -92T6191P EOSS Balloon",38.0,24.0,38.6,39.7446666667,-103.0408333333,53.95,86.82,15.44,-9.2,263.95,61910.0,0.61,0.00158546,0.817112,7.222e-05,7.778e-05,-18.26666667,-5.56766667,n/a,-0.005556,-47.056944,0.00481,32.087402,0.238923,0.897246,-0.043386,-18.488935,-0.0017,-14.342959,0.001466,9.780241,0.072824,0.897247,-0.043475,-5.63542,
EOSS-307,KC0D-14,2021-03-20 09:08:16.816,2021-03-20 09:08:15,13439.0,4096.21,-1086.0,1894.0,descending,True,/150815h3944.68N/10302.45WO037/021/A=013439 9T6186P EOSS BALLOON,"KC0D-14>APZEOS,EOSS,WIDE2-1,qAO,N6BA-10:/150815h3944.68N/10302.45WO037/021/A=013439 9T6186P EOSS BALLOON",37.0,24.0,38.6,39.7446666667,-103.0408333333,53.95,86.82,33.62,0.9,274.05,61860.0,0.61,0.00152579,0.78636207,7.222e-05,7.778e-05,-18.1,-5.51666667,n/a,0.008889,-47.178422,0.004854,32.100421,0.23943,0.905858,0.016853,-18.541444,0.002722,-14.379985,0.001479,9.784209,0.072978,0.90588,0.017033,-5.651428,
EOSS-307,AE0SS-12,2021-03-20 09:08:28.522,2021-03-20 09:08:27,13187.0,4019.4,-1084.0,1906.0,descending,True,/150827h3944.74N/10302.38WO031/026EOSS Balloon  www.eoss.org/A=013187!W23!,"AE0SS-12>APTT4,EOSS,qAO,W9CN-9:/150827h3944.74N/10302.38WO031/026EOSS Balloon  www.eoss.org/A=013187!W23!",31.0,30.0,48.3,39.7457,-103.0397166667,54.02,86.93,,,,,,,,7.5e-05,7.944e-05,-18.06666667,-5.50666667,n/a,0.006667,-46.935646,0.004818,32.074784,0.238418,0.900052,0.007755,-18.372174,0.002033,-14.305987,0.001468,9.776395,0.07267,0.900058,0.007775,-5.599834,
EOSS-307,AE0SS-13,2021-03-20 09:08:42.374,2021-03-20 09:08:41,12882.0,3926.43,-1070.0,1920.0,descending,True,/150841h3944.83N/10302.30WO038/021EOSS Baloon/A=012882!W19!,"AE0SS-13>APTT4,EOSS,qAO,W9CN-9:/150841h3944.83N/10302.30WO038/021EOSS Baloon/A=012882!W19!",38.0,24.0,38.6,39.7471833333,-103.0384833333,54.1,87.06,,,,,,,,8.778e-05,9.389e-05,-17.83333333,-5.43566667,n/a,0.007778,-46.814387,0.00483,32.062691,0.237917,0.903887,0.012391,-18.187267,0.002367,-14.269027,0.001472,9.772709,0.072517,0.90388,0.012342,-5.543471,
EOSS-307,KC0D-14,2021-03-20 09:08:46.800,2021-03-20 09:08:45,12895.0,3930.4,-1088.0,1924.0,descending,True,/150845h3944.85N/10302.30WO007/018/A=012895 15T6317P EOSS BALLOON,"KC0D-14>APZEOS,EOSS,WIDE2-1,qAO,N6BA-10:/150845h3944.85N/10302.30WO007/018/A=012895 15T6317P EOSS BALLOON",7.0,21.0,33.8,39.7475,-103.0383333333,54.11,87.08,34.7,1.5,274.65,63170.0,0.62,0.0015547,0.80126048,8.333e-05,9.444e-05,-18.13333333,-5.527,n/a,-0.01,-46.695378,0.004768,32.049119,0.237421,0.891196,-0.062202,-18.194666,-0.003044,-14.232753,0.001453,9.768572,0.072366,0.8912,-0.062142,-5.54573,
EOSS-307,KC0D-2,2021-03-20 09:08:46.837,2021-03-20 09:08:45,12822.0,3908.15,-1082.0,1924.0,descending,True,/150845h3944.85N/10302.30WO007/016/A=012822 -86T6322P EOSS Balloon,"KC0D-2>APZEOS,EOSS,WIDE2-1,qAO,N6BA-10:/150845h3944.85N/10302.30WO007/016/A=012822 -86T6322P EOSS Balloon",7.0,18.0,29.0,39.7475,-103.0383333333,54.11,87.08,16.52,-8.6,264.55,63220.0,0.62,0.00161534,0.83250945,8.333e-05,9.444e-05,-18.03333333,-5.49633333,n/a,0.003333,-46.57694,0.004762,32.035585,0.236926,0.890997,-0.006031,-18.153699,0.001022,-14.196652,0.001452,9.764448,0.072215,0.89102,-0.005954,-5.533244,
EOSS-307,AE0SS-12,2021-03-20 09:08:58.361,2021-03-20 09:08:57,12639.0,3852.37,-1096.0,1936.0,descending,True,/150857h3944.93N/10302.28WO021/028EOSS Balloon  www.eoss.org/A=012639!W05!,"AE0SS-12>APTT4,EOSS,qAO,W9CN-9:/150857h3944.93N/10302.28WO021/028EOSS Balloon  www.eoss.org/A=012639!W05!",21.0,32.0,51.5,39.7488333333,-103.0380833333,54.14,87.13,,,,,,,,5.444e-05,0.00010444,-18.26666667,-5.56766667,n/a,-0.007778,-46.460437,0.004711,32.02087,0.236435,0.880481,-0.052822,-18.057432,-0.002378,-14.161142,0.001436,9.759963,0.072065,0.880482,-0.052924,-5.503901,
EOSS-307,AE0SS-13,2021-03-20 09:09:12.390,2021-03-20 09:09:11,12321.0,3755.44,-1122.0,1950.0,descending,True,/150911h3944.99N/10302.23WO358/013EOSS Baloon/A=012321!W79!,"AE0SS-13>APTT4,EOSS,qAO,W9CN-9:/150911h3944.99N/10302.23WO358/013EOSS Baloon/A=012321!W79!",358.0,15.0,24.1,39.74995,-103.0373166667,54.19,87.21,,,,,,,,3.889e-05,9.222e-05,-18.7,-5.69966667,n/a,-0.014444,-46.346664,0.004632,32.004296,0.235949,0.863842,-0.080848,-17.913517,-0.0044,-14.126464,0.001412,9.754911,0.071917,0.863852,-0.080815,-5.460034,
EOSS-307,KC0D-2,2021-03-20 09:09:16.827,2021-03-20 09:09:15,12263.0,3737.76,-1118.0,1954.0,descending,True,/150915h3945.02N/10302.24WO007/020/A=012263 -82T6458P EOSS Balloon,"KC0D-2>APZEOS,EOSS,WIDE2-1,qAO,N6BA-10:/150915h3945.02N/10302.24WO007/020/A=012263 -82T6458P EOSS Balloon",7.0,23.0,37.0,39.7503333333,-103.0373333333,54.2,87.22,17.24,-8.2,264.95,64580.0,0.64,0.00164759,0.84913465,3.333e-05,9.444e-05,-18.63333333,-5.67966667,n/a,0.002222,-46.233549,0.004622,31.987684,0.235463,0.862839,-0.010193,-17.890659,0.000667,-14.091987,0.001409,9.749847,0.071769,0.862816,-0.010339,-5.453066,
EOSS-307,KC0D-14,2021-03-20 09:09:16.790,2021-03-20 09:09:15,12337.0,3760.32,-1116.0,1954.0,descending,True,/150915h3945.02N/10302.24WO008/022/A=012337 17T6453P EOSS BALLOON,"KC0D-14>APZEOS,EOSS,WIDE2-1,qAO,N6BA-10:/150915h3945.02N/10302.24WO008/022/A=012337 17T6453P EOSS BALLOON",8.0,25.0,40.2,39.7503333333,-103.0373333333,54.2,87.22,35.06,1.7,274.85,64530.0,0.64,0.00158702,0.81791538,3.333e-05,9.444e-05,-18.6,-5.66933333,n/a,0.001111,-46.121217,0.004607,31.970919,0.23498,0.86082,-0.014878,-17.920012,0.000344,-14.057749,0.001404,9.744737,0.071622,0.860815,-0.0148,-5.462015,
EOSS-307,AE0SS-13,2021-03-20 09:09:42.367,2021-03-20 09:09:41,11767.0,3586.58,-1108.0,1980.0,descending,True,/150941h3945.13N/10302.18WO013/020EOSS Baloon/A=011767!W70!,"AE0SS-13>APTT4,EOSS,qAO,W9CN-9:/150941h3945.13N/10302.18WO013/020EOSS Baloon/A=011767!W70!",13.0,23.0,37.0,39.7522833333,-103.0363333333,54.27,87.34,,,,,,,,3.278e-05,7.778e-05,-18.46666667,-5.62866667,n/a,0.004444,-46.009256,0.004607,31.954356,0.2345,0.861935,-0.000695,-17.741392,0.001356,-14.023623,0.001404,9.739689,0.071476,0.861933,-0.000672,-5.407571,
EOSS-307,KC0D-14,2021-03-20 09:09:46.817,2021-03-20 09:09:45,11778.0,3589.93,-1118.0,1984.0,descending,True,/150945h3945.16N/10302.16WO050/019/A=011778 22T6591P EOSS BALLOON,"KC0D-14>APZEOS,EOSS,WIDE2-1,qAO,N6BA-10:/150945h3945.16N/10302.16WO050/019/A=011778 22T6591P EOSS BALLOON",50.0,22.0,35.4,39.7526666667,-103.036,54.29,87.38,35.96,2.2,275.35,65910.0,0.65,0.00161801,0.83388983,4.444e-05,7.778e-05,-18.63333333,-5.67966667,n/a,-0.005556,-45.898869,0.004566,31.936952,0.234024,0.85373,-0.043252,-17.743767,-0.0017,-13.989978,0.001392,9.734383,0.071331,0.853707,-0.043347,-5.408294,
EOSS-307,KC0D-2,2021-03-20 09:09:46.854,2021-03-20 09:09:45,11711.0,3569.51,-1104.0,1984.0,descending,True,/150945h3945.16N/10302.16WO049/022/A=011711 -76T6596P EOSS Balloon,"KC0D-2>APZEOS,EOSS,WIDE2-1,qAO,N6BA-10:/150945h3945.16N/10302.16WO049/022/A=011711 -76T6596P EOSS Balloon",49.0,25.0,40.2,39.7526666667,-103.036,54.29,87.38,18.32,-7.6,265.55,65960.0,0.65,0.001679,0.8653201,4.444e-05,7.778e-05,-18.4,-5.60833333,n/a,0.007778,-45.788432,0.004579,31.920104,0.23355,0.858031,0.013697,-17.729984,0.002378,-13.956317,0.001396,9.729248,0.071186,0.85803,0.013795,-5.404093,
EOSS-307,AE0SS-12,2021-03-20 09:09:58.460,2021-03-20 09:09:57,11524.0,3512.52,-1115.0,1996.0,descending,True,/150957h3945.19N/10302.13WO005/020EOSS Balloon  www.eoss.org/A=011524!W70!,"AE0SS-12>APTT4,EOSS,qAO,W9CN-9:/150957h3945.19N/10302.13WO005/020EOSS Balloon  www.eoss.org/A=011524!W70!",5.0,23.0,37.0,39.7532833333,-103.0355,54.33,87.43,,,,,,,,4.306e-05,7.417e-05,-18.58333333,-5.66416667,n/a,-0.003056,-45.679611,0.004548,31.902375,0.233079,0.84935,-0.032624,-17.700282,-0.000931,-13.923148,0.001386,9.723844,0.071043,0.849354,-0.032614,-5.395041,
EOSS-307,AE0SS-13,2021-03-20 09:10:12.354,2021-03-20 09:10:11,11219.0,3419.55,-1096.0,2010.0,descending,True,/151011h3945.27N/10302.07WO051/021EOSS Baloon/A=011219!W55!,"AE0SS-13>APTT4,EOSS,qAO,W9CN-9:/151011h3945.27N/10302.07WO051/021EOSS Baloon/A=011219!W55!",51.0,24.0,38.6,39.7545833333,-103.0345833333,54.39,87.53,,,,,,,,5.833e-05,7.667e-05,-18.26666667,-5.56766667,n/a,0.010556,-45.570396,0.004572,31.885489,0.232611,0.856306,0.025725,-17.680309,0.003217,-13.889859,0.001394,9.718697,0.0709,0.856307,0.025712,-5.388953,
EOSS-307,KC0D-2,2021-03-20 09:10:16.827,2021-03-20 09:10:15,11160.0,3401.57,-1102.0,2014.0,descending,True,/151015h3945.28N/10302.06WO021/009/A=011160 -72T6736P EOSS Balloon,"KC0D-2>APZEOS,EOSS,WIDE2-1,qAO,N6BA-10:/151015h3945.28N/10302.06WO021/009/A=011160 -72T6736P EOSS Balloon",21.0,10.0,16.1,39.7546666667,-103.0343333333,54.41,87.56,19.04,-7.2,265.95,67360.0,0.66,0.00171206,0.8823574,5.556e-05,6.667e-05,-18.36666667,-5.598,n/a,-0.003333,-45.462445,0.004541,31.868018,0.232146,0.85025,-0.033918,-17.68061,-0.001011,-13.856955,0.001384,9.713372,0.070758,0.850267,-0.033848,-5.389045,
EOSS-307,KC0D-14,2021-03-20 09:10:16.825,2021-03-20 09:10:15,11227.0,3421.99,-1102.0,2014.0,descending,True,/151015h3945.28N/10302.06WO012/012/A=011227 24T6732P EOSS BALLOON,"KC0D-14>APZEOS,EOSS,WIDE2-1,qAO,N6BA-10:/151015h3945.28N/10302.06WO012/012/A=011227 24T6732P EOSS BALLOON",12.0,14.0,22.5,39.7546666667,-103.0343333333,54.41,87.56,36.32,2.4,275.55,67320.0,0.66,0.00165143,0.85111088,5.556e-05,6.667e-05,-18.36666667,-5.598,n/a,0.0,-45.355347,0.004522,31.850313,0.231683,0.84736,-0.019518,-17.680373,0.0,-13.824311,0.001378,9.707976,0.070617,0.847377,-0.019514,-5.388973,
EOSS-307,AE0SS-13,2021-03-20 09:10:42.306,2021-03-20 09:10:41,10664.0,3250.39,-1110.0,2040.0,descending,True,/151041h3945.39N/10302.00WO357/021EOSS Baloon/A=010664!W31!,"AE0SS-13>APTT4,EOSS,qAO,W9CN-9:/151041h3945.39N/10302.00WO357/021EOSS Baloon/A=010664!W31!",357.0,24.0,38.6,39.75655,-103.03335,54.48,87.68,,,,,,,,4.111e-05,6.556e-05,-18.5,-5.63866667,n/a,-0.004444,-45.249617,0.004487,31.831936,0.231224,0.840339,-0.038625,-17.737538,-0.001356,-13.792084,0.001368,9.702376,0.070477,0.840353,-0.038651,-5.406397,
EOSS-307,KC0D-14,2021-03-20 09:10:46.807,2021-03-20 09:10:45,10676.0,3254.04,-1102.0,2044.0,descending,True,/151045h3945.42N/10301.98WO039/023/A=010676 30T6873P EOSS BALLOON,"KC0D-14>APZEOS,EOSS,WIDE2-1,qAO,N6BA-10:/151045h3945.42N/10301.98WO039/023/A=010676 30T6873P EOSS BALLOON",39.0,26.0,41.8,39.757,-103.033,54.5,87.72,37.4,3.0,276.15,68730.0,0.68,0.00168235,0.86704921,4.444e-05,7.778e-05,-18.36666667,-5.59833333,n/a,0.004444,-45.144194,0.004487,31.813786,0.230766,0.841696,-0.000186,-17.735009,0.001344,-13.759952,0.001368,9.696843,0.070338,0.841678,-0.000341,-5.405628,
EOSS-307,KC0D-2,2021-03-20 09:10:46.843,2021-03-20 09:10:45,10609.0,3233.62,-1102.0,2044.0,descending,True,/151045h3945.42N/10301.99WO038/026/A=010609 -66T6880P EOSS Balloon,"KC0D-2>APZEOS,EOSS,WIDE2-1,qAO,N6BA-10:/151045h3945.42N/10301.99WO038/026/A=010609 -66T6880P EOSS Balloon",38.0,30.0,48.3,39.757,-103.0331666667,54.5,87.7,20.12,-6.6,266.55,68800.0,0.68,0.00174472,0.89919152,3.889e-05,7.778e-05,-18.36666667,-5.59833333,n/a,0.0,-45.039594,0.004469,31.795421,0.230312,0.838892,-0.019404,-17.749858,0.0,-13.728071,0.001362,9.691245,0.070199,0.838874,-0.019402,-5.410154,
EOSS-307,AE0SS-12,2021-03-20 09:10:58.490,2021-03-20 09:10:57,10418.0,3175.41,-1106.0,2056.0,descending,True,/151057h3945.46N/10301.94WO002/016EOSS Balloon  www.eoss.org/A=010418!W19!,"AE0SS-12>APTT4,EOSS,qAO,W9CN-9:/151057h3945.46N/10301.94WO002/016EOSS Balloon  www.eoss.org/A=010418!W19!",2.0,18.0,29.0,39.7576833333,-103.0324833333,54.54,87.77,,,,,,,,5.028e-05,7.333e-05,-18.43333333,-5.6185,n/a,-0.001111,-44.936068,0.004447,31.776631,0.22986,0.834032,-0.02418,-17.80187,-0.000336,-13.696516,0.001356,9.685518,0.070061,0.83403,-0.02415,-5.426006,
EOSS-307,AE0SS-13,2021-03-20 09:11:12.360,2021-03-20 09:11:11,10129.0,3087.32,-1070.0,2070.0,descending,True,/151111h3945.54N/10301.90WO046/024EOSS Baloon/A=010129!W24!,"AE0SS-13>APTT4,EOSS,qAO,W9CN-9:/151111h3945.54N/10301.90WO046/024EOSS Baloon/A=010129!W24!",46.0,28.0,45.1,39.7590333333,-103.0317333333,54.6,87.86,,,,,,,,5.389e-05,8.278e-05,-17.83333333,-5.43566667,n/a,0.02,-44.831019,0.004508,31.759603,0.229412,0.850064,0.067529,-17.907284,0.006094,-13.664497,0.001374,9.680327,0.069925,0.850057,0.067501,-5.458137,
EOSS-307,KC0D-2,2021-03-20 09:11:16.852,2021-03-20 09:11:15,10073.0,3070.25,-1072.0,2074.0,descending,True,/151115h3945.55N/10301.88WO038/013/A=010073 -62T7019P EOSS Balloon,"KC0D-2>APZEOS,EOSS,WIDE2-1,qAO,N6BA-10:/151115h3945.55N/10301.88WO038/013/A=010073 -62T7019P EOSS Balloon",38.0,15.0,24.1,39.7591666667,-103.0313333333,54.62,87.9,20.84,-6.2,266.95,70190.0,0.69,0.0017773,0.91598374,6.111e-05,7.222e-05,-17.86666667,-5.44566667,n/a,-0.001111,-44.726909,0.004486,31.742244,0.228966,0.846199,-0.024445,-17.931323,-0.000333,-13.632764,0.001367,9.675036,0.069789,0.846208,-0.024359,-5.465465,
EOSS-307,KC0D-14,2021-03-20 09:11:16.816,2021-03-20 09:11:15,10140.0,3090.67,-1072.0,2074.0,descending,True,/151115h3945.55N/10301.89WO035/013/A=010140 33T7013P EOSS BALLOON,"KC0D-14>APZEOS,EOSS,WIDE2-1,qAO,N6BA-10:/151115h3945.55N/10301.89WO035/013/A=010140 33T7013P EOSS BALLOON",35.0,15.0,24.1,39.7591666667,-103.0315,54.61,87.89,37.94,3.3,276.45,70130.0,0.69,0.00171476,0.88375054,5e-05,7.222e-05,-17.86666667,-5.44566667,n/a,0.0,-44.6236,0.004469,31.72467,0.228522,0.843411,-0.019556,-17.902697,0.0,-13.601275,0.001362,9.66968,0.069654,0.843421,-0.019554,-5.45674,
EOSS-307,AE0SS-13,2021-03-20 09:11:42.376,2021-03-20 09:11:41,9585.0,2921.51,-1088.0,2100.0,descending,True,/151141h3945.66N/10301.81WO000/013EOSS Baloon/A=009585!W15!,"AE0SS-13>APTT4,EOSS,qAO,W9CN-9:/151141h3945.66N/10301.81WO000/013EOSS Baloon/A=009585!W15!",0.0,15.0,24.1,39.7610166667,-103.03025,54.7,88.03,,,,,,,,4.944e-05,6.611e-05,-18.13333333,-5.527,n/a,-0.008889,-44.522105,0.004418,31.70603,0.228082,0.832295,-0.058343,-18.186782,-0.002711,-13.570339,0.001346,9.663999,0.069519,0.832299,-0.058358,-5.543328,
EOSS-307,KC0D-14,2021-03-20 09:11:46.764,2021-03-20 09:11:45,9599.0,2925.78,-1082.0,2104.0,descending,True,/151145h3945.68N/10301.81WO018/022/A=009599 39T7156P EOSS BALLOON,"KC0D-14>APZEOS,EOSS,WIDE2-1,qAO,N6BA-10:/151145h3945.68N/10301.81WO018/022/A=009599 39T7156P EOSS BALLOON",18.0,25.0,40.2,39.7613333333,-103.0301666667,54.71,88.04,39.02,3.9,277.05,71560.0,0.71,0.00174593,0.8998179,4.444e-05,7.222e-05,-18.03333333,-5.49633333,n/a,0.003333,-44.421003,0.004413,31.687518,0.227643,0.832746,-0.004744,-18.178381,0.001022,-13.539522,0.001345,9.658357,0.069386,0.83277,-0.004655,-5.540766,
EOSS-307,KC0D-2,2021-03-20 09:11:46.803,2021-03-20 09:11:45,9530.0,2904.74,-1086.0,2104.0,descending,True,/151145h3945.68N/10301.81WO016/021/A=009530 -56T7164P EOSS Balloon,"KC0D-2>APZEOS,EOSS,WIDE2-1,qAO,N6BA-10:/151145h3945.68N/10301.81WO016/021/A=009530 -56T7164P EOSS Balloon",16.0,24.0,38.6,39.7613333333,-103.0301666667,54.71,88.04,21.92,-5.6,267.55,71640.0,0.71,0.00180995,0.93280974,3.889e-05,7.222e-05,-18.1,-5.517,n/a,-0.002222,-44.320923,0.004388,31.668606,0.227207,0.827978,-0.029092,-18.220342,-0.000689,-13.509019,0.001337,9.652592,0.069253,0.827966,-0.029255,-5.553561,
EOSS-307,AE0SS-12,2021-03-20 09:11:58.367,2021-03-20 09:11:57,9332.0,2844.39,-1086.0,2116.0,descending,True,/151157h3945.73N/10301.76WO011/015EOSS Balloon  www.eoss.org/A=009332!W03!,"AE0SS-12>APTT4,EOSS,qAO,W9CN-9:/151157h3945.73N/10301.76WO011/015EOSS Balloon  www.eoss.org/A=009332!W03!",11.0,17.0,27.4,39.7621666667,-103.0293833333,54.76,88.13,,,,,,,,5.167e-05,7.472e-05,-18.1,-5.517,n/a,0.0,-44.221601,0.004371,31.649511,0.226773,0.82534,-0.019275,-18.3481,0.0,-13.478746,0.001332,9.646772,0.06912,0.825327,-0.019271,-5.592502,
EOSS-307,AE0SS-13,2021-03-20 09:12:12.365,2021-03-20 09:12:11,9020.0,2749.3,-1130.0,2130.0,descending,True,/151211h3945.80N/10301.70WO058/019EOSS Baloon/A=009020!W12!,"AE0SS-13>APTT4,EOSS,qAO,W9CN-9:/151211h3945.80N/10301.70WO058/019EOSS Baloon/A=009020!W12!",58.0,22.0,35.4,39.76335,-103.0283666667,54.83,88.24,,,,,,,,6.278e-05,7.778e-05,-18.83333333,-5.74033333,n/a,-0.024444,-44.125797,0.004262,31.627988,0.226348,0.799686,-0.126822,-18.56811,-0.007444,-13.449544,0.001299,9.640212,0.068991,0.799693,-0.126727,-5.659556,
EOSS-307,KC0D-2,2021-03-20 09:12:16.353,2021-03-20 09:12:15,8952.0,2728.57,-1156.0,2134.0,descending,True,/151215h3945.81N/10301.69WO028/010/A=008952 -51T7317P EOSS Balloon,"KC0D-2>APZEOS,EOSS,WIDE2-1,qAO,N6BA-10:/151215h3945.81N/10301.69WO028/010/A=008952 -51T7317P EOSS Balloon",28.0,12.0,19.3,39.7635,-103.0281666667,54.84,88.26,22.82,-5.1,268.05,73170.0,0.72,0.00184516,0.9509544,6.667e-05,7.222e-05,-19.26666667,-5.87233333,n/a,-0.014444,-44.032341,0.004192,31.605031,0.225922,0.783599,-0.082489,-18.618452,-0.0044,-13.421058,0.001278,9.633215,0.068861,0.783614,-0.082456,-5.674903,
EOSS-307,KC0D-14,2021-03-20 09:12:16.389,2021-03-20 09:12:15,9023.0,2750.21,-1152.0,2134.0,descending,True,/151215h3945.81N/10301.69WO021/013/A=009023 42T7311P EOSS BALLOON,"KC0D-14>APZEOS,EOSS,WIDE2-1,qAO,N6BA-10:/151215h3945.81N/10301.69WO021/013/A=009023 42T7311P EOSS BALLOON",21.0,15.0,24.1,39.7635,-103.0281666667,54.84,88.26,39.56,4.2,277.35,73110.0,0.72,0.00178182,0.9183137,6.667e-05,7.222e-05,-19.2,-5.85233333,n/a,0.002222,-43.939336,0.004184,31.582152,0.225495,0.783333,-0.008701,-18.565906,0.000667,-13.392711,0.001275,9.626241,0.068731,0.783315,-0.008846,-5.658888,
EOSS-307,AE0SS-12,2021-03-20 09:12:27.991,2021-03-20 09:12:27,8751.0,2667.3,-1162.0,2146.0,descending,True,/151227h3945.86N/10301.64WO054/018EOSS Balloon  www.eoss.org/A=008751!W95!,"AE0SS-12>APTT4,EOSS,qAO,W9CN-9:/151227h3945.86N/10301.64WO054/018EOSS Balloon  www.eoss.org/A=008751!W95!",54.0,21.0,33.8,39.7644833333,-103.0274166667,54.89,88.34,,,,,,,,6.556e-05,7.722e-05,-19.36666667,-5.903,n/a,-0.005556,-43.847647,0.004148,31.558671,0.225072,0.775729,-0.043115,-18.770663,-0.001689,-13.364765,0.001264,9.619084,0.068602,0.775725,-0.043045,-5.721301,
EOSS-307,AE0SS-13,2021-03-20 09:12:41.901,2021-03-20 09:12:41,8426.0,2568.24,-1188.0,2160.0,descending,True,/151241h3945.91N/10301.60WO013/019EOSS Baloon/A=008426!W87!,"AE0SS-13>APTT4,EOSS,qAO,W9CN-9:/151241h3945.91N/10301.60WO013/019EOSS Baloon/A=008426!W87!",13.0,22.0,35.4,39.7653,-103.0267833333,54.94,88.41,,,,,,,,5.278e-05,6.5e-05,-19.8,-6.03533333,n/a,-0.014444,-43.758251,0.004078,31.533843,0.224653,0.759763,-0.082447,-19.021359,-0.004411,-13.337518,0.001243,9.611515,0.068474,0.759733,-0.082571,-5.797714,
EOSS-307,KC0D-2,2021-03-20 09:12:46.380,2021-03-20 09:12:45,8368.0,2550.57,-1168.0,2164.0,descending,True,/151245h3945.94N/10301.60WO026/024/A=008368 -45T7480P EOSS Balloon,"KC0D-2>APZEOS,EOSS,WIDE2-1,qAO,N6BA-10:/151245h3945.94N/10301.60WO026/024/A=008368 -45T7480P EOSS Balloon",26.0,28.0,45.1,39.7656666667,-103.0266666667,54.95,88.43,23.9,-4.5,268.65,74800.0,0.74,0.00188205,0.96996754,5e-05,7.222e-05,-19.46666667,-5.93333333,n/a,0.011111,-43.668282,0.004105,31.509873,0.224234,0.768065,0.031244,-19.065804,0.0034,-13.310095,0.001251,9.60421,0.068347,0.768076,0.031442,-5.811254,
EOSS-307,KC0D-14,2021-03-20 09:12:46.758,2021-03-20 09:12:45,8437.0,2571.6,-1172.0,2164.0,descending,True,/151245h3945.94N/10301.59WO029/024/A=008437 49T7470P EOSS BALLOON,"KC0D-14>APZEOS,EOSS,WIDE2-1,qAO,W9CN-9:/151245h3945.94N/10301.59WO029/024/A=008437 49T7470P EOSS BALLOON",29.0,28.0,45.1,39.7656666667,-103.0265,54.96,88.44,40.82,4.9,278.05,74700.0,0.74,0.00181599,0.93592307,5.556e-05,7.222e-05,-19.53333333,-5.95366667,n/a,-0.002222,-43.579223,0.004081,31.48562,0.223817,0.76371,-0.028161,-19.012902,-0.000678,-13.282949,0.001244,9.596818,0.068219,0.76372,-0.028174,-5.79513,
EOSS-307,AE0SS-12,2021-03-20 09:12:57.896,2021-03-20 09:12:57,8170.0,2490.22,-1162.0,2176.0,descending,True,/151257h3945.99N/10301.53WO033/011EOSS Balloon  www.eoss.org/A=008170!W15!,"AE0SS-12>APTT4,EOSS,qAO,W9CN-9:/151257h3945.99N/10301.53WO033/011EOSS Balloon  www.eoss.org/A=008170!W15!",33.0,13.0,20.9,39.7665166667,-103.0255833333,55.01,88.54,,,,,,,,6.111e-05,6.778e-05,-19.36666667,-5.90266667,n/a,0.005556,-43.490206,0.004087,31.461746,0.223402,0.766758,0.006576,-19.214543,0.0017,-13.255816,0.001246,9.589542,0.068093,0.766788,0.006667,-5.856589,
EOSS-307,AE0SS-13,2021-03-20 09:13:11.881,2021-03-20 09:13:11,7868.0,2398.17,-1116.0,2190.0,descending,True,/151311h3946.05N/10301.48WO046/027EOSS Baloon/A=007868!W98!,"AE0SS-13>APTT4,EOSS,qAO,W9CN-9:/151311h3946.05N/10301.48WO046/027EOSS Baloon/A=007868!W98!",46.0,31.0,49.9,39.76765,-103.0248,55.07,88.63,,,,,,,,6.611e-05,7.833e-05,-18.6,-5.669,n/a,0.025556,-43.399033,0.004165,31.439969,0.222993,0.788774,0.095927,-19.424838,0.007789,-13.228025,0.00127,9.582905,0.067968,0.788803,0.095913,-5.920687,
EOSS-307,KC0D-14,2021-03-20 09:13:16.473,2021-03-20 09:13:15,7866.0,2397.56,-1142.0,2194.0,descending,True,/151315h3946.07N/10301.47WO041/012/A=007866 52T7628P EOSS BALLOON,"KC0D-14>APZEOS,EOSS,WIDE2-1,qAO,W9CN-9:/151315h3946.07N/10301.47WO041/012/A=007866 52T7628P EOSS BALLOON",41.0,14.0,22.5,39.7678333333,-103.0245,55.09,88.66,41.36,5.2,278.35,76280.0,0.75,0.0018524,0.95468898,6.667e-05,7.222e-05,-19.03333333,-5.80133333,n/a,-0.014444,-43.310107,0.004097,31.416837,0.222586,0.772731,-0.083298,-19.426133,-0.004411,-13.200921,0.001249,9.575854,0.067844,0.772734,-0.083427,-5.921082,
EOSS-307,KC0D-2,2021-03-20 09:13:16.510,2021-03-20 09:13:15,7803.0,2378.35,-1130.0,2194.0,descending,True,/151315h3946.07N/10301.46WO050/011/A=007803 -40T7636P EOSS Balloon,"KC0D-2>APZEOS,EOSS,WIDE2-1,qAO,W9CN-9:/151315h3946.07N/10301.46WO050/011/A=007803 -40T7636P EOSS Balloon",50.0,13.0,20.9,39.7678333333,-103.0243333333,55.1,88.67,24.8,-4.0,269.15,76360.0,0.75,0.00191773,0.98835732,7.778e-05,7.222e-05,-18.83333333,-5.74066667,n/a,0.006667,-43.221101,0.004107,31.394171,0.222178,0.776825,0.011522,-19.466129,0.002022,-13.173792,0.001252,9.568945,0.06772,0.776797,0.01137,-5.933278,
EOSS-307,AE0SS-13,2021-03-20 09:13:41.969,2021-03-20 09:13:41,7307.0,2227.17,-1122.0,2220.0,descending,True,/151341h3946.16N/10301.37WO007/016EOSS Baloon/A=007307!W98!,"AE0SS-13>APTT4,EOSS,qAO,W9CN-9:/151341h3946.16N/10301.37WO007/016EOSS Baloon/A=007307!W98!",7.0,18.0,29.0,39.7694833333,-103.0229666667,55.19,88.82,,,,,,,,6.111e-05,6.111e-05,-18.7,-5.7,n/a,0.004444,-43.132256,0.004108,31.37178,0.221772,0.778797,0.001515,-19.706588,0.001356,-13.146713,0.001252,9.562119,0.067596,0.778772,0.001539,-6.006566,
EOSS-307,KC0D-2,2021-03-20 09:13:46.511,2021-03-20 09:13:45,7241.0,2207.06,-1124.0,2224.0,descending,True,/151345h3946.20N/10301.37WO031/026/A=007241 -33T7793P EOSS Balloon,"KC0D-2>APZEOS,EOSS,WIDE2-1,qAO,W9CN-9:/151345h3946.20N/10301.37WO031/026/A=007241 -33T7793P EOSS Balloon",31.0,30.0,48.3,39.77,-103.0228333333,55.2,88.84,26.06,-3.3,269.85,77930.0,0.77,0.00195208,1.0060619,5e-05,7.222e-05,-18.73333333,-5.70966667,n/a,-0.001111,-43.044174,0.004089,31.349191,0.221369,0.775485,-0.02349,-19.725507,-0.000322,-13.119865,0.001246,9.555235,0.067473,0.775512,-0.023239,-6.01233,
EOSS-307,KC0D-14,2021-03-20 09:13:46.475,2021-03-20 09:13:45,7307.0,2227.17,-1118.0,2224.0,descending,True,/151345h3946.20N/10301.36WO033/025/A=007307 58T7784P EOSS BALLOON,"KC0D-14>APZEOS,EOSS,WIDE2-1,qAO,W9CN-9:/151345h3946.20N/10301.36WO033/025/A=007307 58T7784P EOSS BALLOON",33.0,29.0,46.7,39.77,-103.0226666667,55.21,88.86,42.44,5.8,278.95,77840.0,0.77,0.00188622,0.97211783,6.111e-05,7.222e-05,-18.63333333,-5.67966667,n/a,0.003333,-42.956365,0.004086,31.326783,0.220967,0.776429,-0.003408,-19.706588,0.001,-13.093102,0.001245,9.548405,0.067351,0.776406,-0.003638,-6.006566,
EOSS-307,AE0SS-13,2021-03-20 09:14:11.891,2021-03-20 09:14:11,6766.0,2062.28,-1082.0,2250.0,descending,True,/151411h3946.29N/10301.26WO016/023EOSS Baloon/A=006766!W88!,"AE0SS-13>APTT4,EOSS,qAO,W9CN-9:/151411h3946.29N/10301.26WO016/023EOSS Baloon/A=006766!W88!",16.0,26.0,41.8,39.7716333333,-103.0211333333,55.32,89.02,,,,,,,,6.111e-05,7.167e-05,-18.03333333,-5.49633333,n/a,0.02,-42.867035,0.004144,31.305968,0.22057,0.793258,0.071886,-19.729339,0.006111,-13.065873,0.001263,9.542061,0.06723,0.793281,0.072111,-6.013495,
EOSS-307,KC0D-14,2021-03-20 09:14:16.458,2021-03-20 09:14:15,6766.0,2062.28,-1082.0,2254.0,descending,True,/151415h3946.32N/10301.24WO045/022/A=006766 62T7939P EOSS BALLOON,"KC0D-14>APZEOS,EOSS,WIDE2-1,qAO,W9CN-9:/151415h3946.32N/10301.24WO045/022/A=006766 62T7939P EOSS BALLOON",45.0,25.0,40.2,39.772,-103.0206666667,55.34,89.07,43.16,6.2,279.35,79390.0,0.78,0.00192102,0.99005558,6.667e-05,6.667e-05,-18.03333333,-5.49633333,n/a,0.0,-42.778343,0.004129,31.285035,0.220173,0.790954,-0.018753,-19.729339,0.0,-13.038839,0.001258,9.535681,0.067109,0.790977,-0.018746,-6.013495,
EOSS-307,KC0D-2,2021-03-20 09:14:16.494,2021-03-20 09:14:15,6700.0,2042.16,-1082.0,2254.0,descending,True,/151415h3946.32N/10301.25WO046/024/A=006700 -28T7948P EOSS Balloon,"KC0D-2>APZEOS,EOSS,WIDE2-1,qAO,W9CN-9:/151415h3946.32N/10301.25WO046/024/A=006700 -28T7948P EOSS Balloon",46.0,28.0,45.1,39.772,-103.0208333333,55.34,89.05,26.96,-2.8,270.35,79480.0,0.78,0.00198723,1.02417444,6.667e-05,6.667e-05,-18.03333333,-5.49666667,n/a,0.0,-42.690283,0.004114,31.263988,0.219779,0.788669,-0.018719,-19.707572,-1.1e-05,-13.011998,0.001254,9.529265,0.066989,0.788658,-0.018884,-6.006859,
EOSS-307,AE0SS-13,2021-03-20 09:14:41.855,2021-03-20 09:14:41,6215.0,1894.33,-1102.0,2280.0,descending,True,/151441h3946.42N/10301.14WO061/019EOSS Baloon/A=006215!W18!,"AE0SS-13>APTT4,EOSS,qAO,W9CN-9:/151441h3946.42N/10301.14WO061/019EOSS Baloon/A=006215!W18!",61.0,22.0,35.4,39.7736833333,-103.0191333333,55.45,89.23,,,,,,,,6.667e-05,6.833e-05,-18.36666667,-5.59833333,n/a,-0.011111,-42.604029,0.00406,31.241903,0.219388,0.775797,-0.069151,-19.32394,-0.003389,-12.985709,0.001237,9.522534,0.066869,0.775778,-0.06918,-5.889918,
EOSS-307,KC0D-2,2021-03-20 09:14:46.500,2021-03-20 09:14:45,6152.0,1875.13,-1096.0,2284.0,descending,True,/151445h3946.43N/10301.13WO036/012/A=006152 -21T8107P EOSS Balloon,"KC0D-2>APZEOS,EOSS,WIDE2-1,qAO,W9CN-9:/151445h3946.43N/10301.13WO036/012/A=006152 -21T8107P EOSS Balloon",36.0,14.0,22.5,39.7738333333,-103.0188333333,55.47,89.26,28.22,-2.1,271.05,81070.0,0.8,0.00202175,1.04196519,6.667e-05,6.111e-05,-18.26666667,-5.56766667,n/a,-0.006667,-42.431935,0.004043,31.198547,0.21861,0.774564,-0.048991,-19.240212,-0.002033,-12.933254,0.001232,9.509319,0.066632,0.774565,-0.049,-5.8644,
EOSS-307,KC0D-14,2021-03-20 09:14:46.463,2021-03-20 09:14:45,6224.0,1897.08,-1084.0,2284.0,descending,True,/151445h3946.43N/10301.13WO040/013/A=006224 69T8097P EOSS BALLOON,"KC0D-14>APZEOS,EOSS,WIDE2-1,qAO,W9CN-9:/151445h3946.43N/10301.13WO040/013/A=006224 69T8097P EOSS BALLOON",40.0,15.0,24.1,39.7738333333,-103.0188333333,55.47,89.26,44.42,6.9,280.05,80970.0,0.8,0.00195436,1.00723547,6.111e-05,6.111e-05,-18.06666667,-5.50666667,n/a,0.01,-42.517324,0.004081,31.220551,0.218997,0.783159,0.027028,-19.335187,0.003056,-12.959281,0.001244,9.516026,0.06675,0.783165,0.027146,-5.893355,
EOSS-307,AE0SS-12,2021-03-20 09:14:57.883,2021-03-20 09:14:57,5969.0,1819.35,-1100.5,2296.0,descending,True,/151457h3946.47N/10301.09WO028/024EOSS Balloon  www.eoss.org/A=005969!W97!,"AE0SS-12>APTT4,EOSS,qAO,W9CN-9:/151457h3946.47N/10301.09WO028/024EOSS Balloon  www.eoss.org/A=005969!W97!",28.0,28.0,45.1,39.77465,-103.0182833333,55.51,89.33,,,,,,,,6.083e-05,6.778e-05,-18.34166667,-5.59058333,n/a,-0.000625,-42.347407,0.004026,31.176246,0.218223,0.770001,-0.021313,-18.944291,-0.000191,-12.907491,0.001227,9.502521,0.066514,0.769996,-0.021319,-5.774197,
EOSS-307,AE0SS-13,2021-03-20 09:15:11.973,2021-03-20 09:15:11,5657.0,1724.25,-1116.0,2310.0,descending,True,/151511h3946.54N/10301.01WO070/019EOSS Baloon/A=005657!W11!,"AE0SS-13>APTT4,EOSS,qAO,W9CN-9:/151511h3946.54N/10301.01WO070/019EOSS Baloon/A=005657!W11!",70.0,22.0,35.4,39.7756833333,-103.01685,55.59,89.47,,,,,,,,7.611e-05,6.667e-05,-18.6,-5.66933333,n/a,-0.008611,-42.264375,0.003982,31.153166,0.21784,0.759614,-0.057808,-18.233861,-0.002625,-12.882182,0.001214,9.495486,0.066398,0.759608,-0.057818,-5.557643,
EOSS-307,KC0D-2,2021-03-20 09:15:16.422,2021-03-20 09:15:15,5592.0,1704.44,-1120.0,2314.0,descending,True,/151515h3946.55N/10300.99WO038/015/A=005592 -16T8271P EOSS Balloon,"KC0D-2>APZEOS,EOSS,WIDE2-1,qAO,W9CN-9:/151515h3946.55N/10300.99WO038/015/A=005592 -16T8271P EOSS Balloon",38.0,17.0,27.4,39.7758333333,-103.0165,55.61,89.5,29.12,-1.6,271.55,82710.0,0.82,0.00205885,1.06108619,7.778e-05,6.667e-05,-18.66666667,-5.68966667,n/a,-0.002222,-42.182153,0.00396,31.129834,0.217458,0.7554,-0.028428,-18.048906,-0.000678,-12.857121,0.001207,9.488375,0.066281,0.755393,-0.02844,-5.501272,
EOSS-307,KC0D-14,2021-03-20 09:15:16.384,2021-03-20 09:15:15,5667.0,1727.3,-1114.0,2314.0,descending,True,/151515h3946.55N/10301.00WO034/018/A=005667 73T8261P EOSS BALLOON,"KC0D-14>APZEOS,EOSS,WIDE2-1,qAO,W9CN-9:/151515h3946.55N/10301.00WO034/018/A=005667 73T8261P EOSS BALLOON",34.0,21.0,33.8,39.7758333333,-103.0166666667,55.61,89.49,45.14,7.3,280.45,82610.0,0.82,0.0019911,1.02617074,7.222e-05,6.667e-05,-18.56666667,-5.65933333,n/a,0.003333,-42.100154,0.003958,31.106695,0.217077,0.756541,-0.002879,-18.261111,0.001011,-12.832129,0.001206,9.481321,0.066165,0.756519,-0.002947,-5.565954,
EOSS-307,AE0SS-12,2021-03-20 09:15:27.919,2021-03-20 09:15:27,5408.0,1648.36,-1122.0,2326.0,descending,True,/151527h3946.60N/10300.91WO068/025EOSS Balloon  www.eoss.org/A=005408!W98!,"AE0SS-12>APTT4,EOSS,qAO,W9CN-9:/151527h3946.60N/10300.91WO068/025EOSS Balloon  www.eoss.org/A=005408!W98!",68.0,29.0,46.7,39.7768166667,-103.0153,55.69,89.62,,,,,,,,9.944e-05,7.222e-05,-18.7,-5.69966667,n/a,-0.004444,-42.019185,0.003929,31.083136,0.216699,0.75022,-0.038639,-17.447578,-0.001344,-12.807449,0.001198,9.474141,0.06605,0.75023,-0.038486,-5.317992,
EOSS-307,AE0SS-13,2021-03-20 09:15:41.894,2021-03-20 09:15:41,5093.0,1552.35,-1128.0,2340.0,descending,True,/151541h3946.66N/10300.83WO034/027EOSS Baloon/A=005093!W39!,"AE0SS-13>APTT4,EOSS,qAO,W9CN-9:/151541h3946.66N/10300.83WO034/027EOSS Baloon/A=005093!W39!",34.0,31.0,49.9,39.7777166667,-103.0139833333,55.77,89.76,,,,,,,,9.556e-05,6.778e-05,-18.8,-5.73,n/a,-0.003333,-41.939119,0.003904,31.059255,0.216323,0.744999,-0.033455,-16.11848,-0.001011,-12.783044,0.00119,9.466862,0.065935,0.745024,-0.033381,-4.912884,
EOSS-307,KC0D-2,2021-03-20 09:15:46.883,2021-03-20 09:15:45,5022.0,1530.71,-1140.0,2344.0,descending,True,/151545h3946.69N/10300.82WO034/031/A=005022 -9T8443P EOSS Balloon,"KC0D-2>APZEOS,EOSS,WIDE2-1,qAO,W9CN-9:/151545h3946.69N/10300.82WO034/031/A=005022 -9T8443P EOSS Balloon",34.0,36.0,57.9,39.7781666667,-103.0136666667,55.79,89.79,30.38,-0.9,272.25,84430.0,0.83,0.00209626,1.0803671,9.444e-05,7.778e-05,-19.0,-5.791,n/a,-0.006667,-41.86029,0.003867,31.034804,0.215949,0.736602,-0.04878,-15.760475,-0.002033,-12.759017,0.001179,9.45941,0.065821,0.736623,-0.048799,-4.803767,
EOSS-307,KC0D-14,2021-03-20 09:15:46.878,2021-03-20 09:15:45,5097.0,1553.57,-1140.0,2344.0,descending,True,/151545h3946.69N/10300.82WO036/031/A=005097 80T8432P EOSS BALLOON,"KC0D-14>APZEOS,EOSS,WIDE2-1,qAO,W9CN-9:/151545h3946.69N/10300.82WO036/031/A=005097 80T8432P EOSS BALLOON",36.0,36.0,57.9,39.7781666667,-103.0136666667,55.79,89.79,46.4,8.0,281.15,84320.0,0.83,0.00202726,1.04480432,0.0001,7.778e-05,-19.0,-5.791,n/a,0.0,-41.782002,0.003854,31.010304,0.215577,0.734659,-0.017878,-16.137971,0.0,-12.735153,0.001175,9.451943,0.065708,0.73468,-0.017882,-4.918829,
EOSS-307,AE0SS-12,2021-03-20 09:15:58.221,2021-03-20 09:15:57,4856.0,1480.11,-1104.0,2356.0,descending,True,/151557h3946.76N/10300.72WO035/021EOSS Balloon  www.eoss.org/A=004856!W26!,"AE0SS-12>APTT4,EOSS,qAO,W9CN-9:/151557h3946.76N/10300.72WO035/021EOSS Balloon  www.eoss.org/A=004856!W26!",35.0,24.0,38.6,39.7793666667,-103.0121,55.89,89.95,,,,,,,,0.00010667,8.5e-05,-18.4,-5.60833333,n/a,0.02,-41.702199,0.003909,30.987281,0.215208,0.751992,0.07477,-14.830304,0.006089,-12.71083,0.001192,9.444926,0.065596,0.751991,0.074654,-4.520228,
EOSS-307,KC0D-14,2021-03-20 09:16:16.424,2021-03-20 09:16:15,4666.0,1422.2,-862.0,2374.0,descending,True,/151615h3946.85N/10300.65WO136/031/A=004666 84T8593P EOSS BALLOON,"KC0D-14>APZEOS,EOSS,WIDE2-1,qAO,W9CN-9:/151615h3946.85N/10300.65WO136/031/A=004666 84T8593P EOSS BALLOON",136.0,36.0,57.9,39.7808333333,-103.0108333333,55.98,90.09,47.12,8.4,281.55,85930.0,0.85,0.00206303,1.06324103,9.444e-05,8.889e-05,-14.36666667,-4.379,n/a,0.134444,-41.609221,0.004355,30.97541,0.214975,0.87949,0.605135,-13.59223,0.040978,-12.68249,0.001327,9.441307,0.065524,0.879485,0.605137,-4.142869,
EOSS-307,AE0SS-13,2021-03-20 09:17:42.005,2021-03-20 09:17:41,4554.0,1388.06,-269.5,2460.0,descending,True,/151741h3946.86N/10300.64WO024/000EOSS Baloon/A=004554!W03!,"AE0SS-13>APTT4,EOSS,qAO,W9CN-9:/151741h3946.86N/10300.64WO024/000EOSS Baloon/A=004554!W03!",24.0,0.0,0.0,39.781,-103.0107166667,55.99,90.1,,,,,,,,2.722e-05,2.736e-05,-4.49166667,-1.36908333,n/a,0.082292,-41.483399,0.00462,30.998108,0.214656,1.193355,0.361844,-12.768023,0.025083,-12.64414,0.001408,9.448226,0.065427,1.193352,0.361854,-3.891629,
